1014,2044
1003,2676
985,2396
972,1922
941,1899
936,1875
925,1843
911,1794
858,2184
852,1752
852,2408
848,2909
834,2376
822,2673
814,1716
793,6793
759,3199
706,2155
700,1594
694,1411
694,1440
694,1404
691,1415
678,1421
647,1290
642,1332
642,2860
628,2294
615,1266
604,1424
599,1224
595,1233
563,1099
543,1071
512,1004
463,906
459,859
449,922
438,949
341,979
341,1080
335,1057
333,1203
325,1162
322,1055
319,1047
319,1472
316,1024
316,1044
316,1203
316,1056
316,3124
316,1927
316,898
316,696
316,781
316,666
316,677
310,773
310,678
310,763
310,1261
310,756
310,2960
309,2660
287,901
273,661
271,608
260,588
258,2224
252,1764
249,957
213,839
213,525
209,522
209,594
208,515
205,500
205,1551
205,1486
205,1001
205,892
201,665
201,643
201,684
201,646
201,647
201,782
201,1580
201,1858
201,921
201,638
201,766
201,632
190,649
190,1003
190,617
649,1592
624,1066
590,1045
581,958
510,1105
508,820
498,845
484,1186
459,851
457,3582
457,2574
452,1318
406,802
405,851
400,752
392,751
392,793
392,2882
392,2570
392,1967
392,960
392,1071
392,900
392,3050
392,1945
392,979
392,728
392,1209
392,707
392,3072
392,2822
392,1934
392,929
392,832
392,719
392,737
358,772
354,664
340,635
337,684
314,547
312,576
308,688
307,685
280,633
280,636
279,560
278,2128
273,1837
273,909
272,955
270,678
270,1741
253,1431
253,631
253,1647
253,1271
253,636
253,631
253,718
253,638
253,634
253,746
253,689
253,671
253,688
253,639
253,630
253,688
1195,1798
1181,2018
1135,1770
1020,2170
970,1443
958,1492
911,1968
897,1321
848,1283
841,1778
750,1170
749,1174
733,1281
722,5601
713,2944
699,1531
699,1133
699,1094
699,1258
699,1052
699,1049
699,1268
714,1129
714,1115
714,1232
714,1103
714,5749
714,2609
714,1915
714,1656
714,5593
714,2409
703,1823
703,1168
703,5192
691,2057
665,1377
641,984
630,1046
567,954
563,895
553,3659
544,2241
519,1254
519,811
518,815
510,803
463,756
461,841
456,924
456,1233
456,1184
456,1158
456,1151
456,1278
456,1161
456,1248
456,1109
456,641
456,665
456,633
456,826
456,1426
456,1705
456,1746
456,1726
456,1351
456,1107
456,1109
1177,1721
1125,1620
1085,1860
1043,1644
987,1508
961,1455
923,6696
903,2527
846,1976
846,1324
823,1175
820,1235
802,1157
799,1142
795,1168
795,1172
795,1239
766,1176
766,1186
766,1274
766,1274
766,1425
793,1416
793,1391
793,1386
793,1394
793,1390
793,6099
793,1452
793,1263
793,1206
793,1204
793,1215
761,1211
743,1116
690,997
674,974
658,1026
650,1125
635,1033
626,1106
615,1065
614,1094
538,4261
537,2238
533,1368
527,830
524,820
524,825
524,903
524,898
524,810
524,4688
524,1952
524,1201
524,882
524,777
524,774
524,845
524,870
524,774
524,985
524,853
521,841
521,998
520,943
511,893
491,823
474,723
1076,1349
1016,1282
992,1516
954,1315
951,1406
940,6370
917,2170
917,1570
905,3732
899,1569
840,3925
840,1875
840,1210
840,1274
840,5897
840,2304
840,2126
840,1229
840,1106
840,1234
840,1191
840,1267
857,1260
857,1202
857,1219
857,1309
857,1223
857,1269
857,1311
855,1185
817,1078
793,1206
778,933
766,1060
672,905
670,958
652,912
644,951
627,959
627,1029
626,4362
619,2107
617,1759
602,822
600,765
600,652
600,732
600,804
600,770
600,814
600,844
600,4142
600,2025
581,1338
581,811
581,713
581,714
581,800
581,731
581,776
581,838
581,834
581,919
581,1010
581,936
573,871
569,3294
536,1643
534,992
1107,1337
1099,1308
1043,1585
1027,1384
1014,1296
1014,1363
969,1341
968,1275
959,1210
953,1234
947,1202
940,1271
940,6365
940,2537
940,1702
940,1344
940,1259
888,1157
888,1235
888,1283
888,1137
909,1312
909,1385
909,1295
909,1253
909,6083
909,2903
909,1711
909,1399
909,1219
909,1229
893,1302
881,1113
817,1047
804,1096
784,1172
776,1236
728,1156
720,1198
718,1094
703,1127
703,1089
692,1060
690,1049
686,1063
683,1101
683,3356
623,2167
623,1304
623,1623
623,948
623,2926
623,1643
623,1016
623,959
623,837
623,904
623,903
623,805
623,3279
623,2827
623,1387
623,942
623,914
623,3197
623,1872
617,1066
596,757
596,825
1187,1536
1177,1677
1104,1542
1073,1463
1043,1450
1038,5704
1026,2359
1008,1590
994,3938
985,1950
959,1302
959,1290
959,1202
959,5115
959,2656
959,1825
959,1369
959,1310
959,1216
959,1209
940,1346
962,1382
962,1374
962,1412
962,1319
962,1408
962,1390
962,1486
962,1329
962,1433
930,1214
892,1230
881,1085
800,1162
796,1099
784,957
774,1020
748,1018
748,998
745,841
742,852
739,901
718,3507
715,2254
711,1381
711,876
711,864
711,3299
711,2170
711,1265
711,869
711,873
662,871
662,2856
662,2916
662,1298
662,2169
662,1103
662,904
662,874
662,834
662,953
662,839
662,852
661,957
626,857
626,901
615,830
613,835
1173,1399
1157,1424
1114,1291
1104,1302
1065,1378
1064,3817
1048,1966
1034,4016
1020,2018
1013,1337
1013,1319
1013,1234
1013,1426
1013,1240
960,1369
960,1341
960,1328
960,1305
960,1265
960,1246
960,1335
990,1346
990,1405
990,1392
990,1390
990,1332
990,1315
990,1451
990,1432
990,1413
972,1384
954,1231
924,1146
911,1143
843,1029
837,1167
831,1092
821,990
792,936
790,929
790,1057
784,992
723,931
722,1008
721,1045
715,3573
715,2413
715,1363
715,951
715,918
715,996
715,782
715,3408
715,2293
715,1321
715,904
715,942
715,3177
715,2012
715,1196
715,928
715,919
715,904
715,909
715,926
715,942
684,3091
678,2006
675,1222
1255,1441
1233,1422
1213,1530
1179,1475
1115,1474
1115,1499
1111,5601
1092,2356
1087,1775
1072,1286
1059,1355
1059,1263
1059,1256
1059,1444
1033,1274
1033,1234
1033,5086
1033,2661
1033,1777
1033,1651
1056,1344
1056,1380
1056,1494
1056,1340
1056,1288
1056,1374
1056,1344
1056,1360
1056,1366
1056,1373
1056,1327
1029,1275
968,1124
959,1134
923,4657
921,2171
904,1479
892,954
879,872
878,938
782,4036
778,1818
772,1277
767,824
763,833
753,737
753,847
753,837
753,732
753,3917
753,1968
753,1369
753,839
753,861
753,826
753,711
753,1035
753,1014
753,766
753,960
753,957
753,912
746,911
746,920
746,910
746,1023
732,827
723,784
721,786
1257,1468
1245,1769
1211,1412
1191,1459
1165,1479
1165,1407
1156,1534
1137,1502
1131,7466
1068,2448
1062,1710
1062,1399
1062,1332
1062,6859
1062,2242
1062,1819
1062,1272
1062,1318
1062,1338
1062,7094
1091,2529
1091,1796
1091,1476
1091,1484
1091,1403
1091,1364
1091,1422
1091,1414
1091,1399
1091,1413
1079,1359
1031,1180
954,1084
939,1051
923,1039
921,1249
885,922
878,5352
871,2073
871,1318
870,1054
840,979
838,842
833,905
831,956
826,788
826,1344
826,847
826,842
826,4337
806,1708
806,1262
806,1294
806,887
806,2470
806,1529
806,914
806,786
806,926
806,741
806,815
806,978
806,739
806,794
805,870
794,810
773,743
768,788
762,683
1340,1998
1257,1456
1228,1433
1214,2102
1214,1409
1210,4366
1191,2020
1187,1534
1179,1351
1168,1620
1116,1312
1116,1280
1116,1473
1116,6674
1116,2246
1116,2025
1116,1385
1116,1279
1116,1465
1134,1443
1134,1621
1134,1505
1134,1458
1134,6910
1134,2330
1134,1551
1134,2246
1134,1404
1134,1437
1134,2066
1106,1364
1051,1193
1028,1265
1006,1129
1002,1131
940,978
932,1001
918,1009
918,1010
918,895
901,930
899,866
897,836
895,948
877,823
877,924
877,863
877,979
877,948
877,893
877,958
877,991
877,932
877,885
877,924
865,1525
865,818
865,973
865,1460
865,942
865,888
865,1331
865,839
865,902
864,1099
851,803
845,827
828,865
826,707
1350,1555
1332,1525
1298,1444
1294,1451
1270,1496
1259,1460
1241,1383
1230,1468
1215,1384
1215,1499
1215,1372
1215,1373
1215,1330
1215,1371
1215,1420
1215,1346
1215,1399
1215,6097
1151,2424
1175,1857
1175,1658
1175,1460
1175,1559
1175,1496
1175,1368
1175,1419
1175,1457
1175,1479
1174,1414
1153,1351
1108,1239
1102,1210
1023,1056
1015,1134
1009,1025
974,1005
974,992
971,984
971,912
965,972
946,856
941,930
937,934
937,832
932,886
932,827
932,880
932,889
932,983
889,863
889,864
889,1003
889,871
889,3580
889,1900
889,1219
889,848
889,1118
889,789
889,925
889,870
889,852
872,828
857,823
854,672
832,762
832,825
828,649
826,729
1290,1344
1290,1421
1290,1477
1271,1523
1256,1443
1249,1497
1247,1604
1240,1528
1240,6081
1193,2956
1193,1825
1193,1468
1193,1456
1193,1441
1193,1780
1193,1593
1193,1401
1193,1848
1193,1551
1217,1535
1217,2045
1217,1415
1217,1414
1217,2010
1217,1409
1217,7157
1216,2327
1168,1480
1154,1896
1133,1310
1121,1222
1083,1064
1073,1231
1049,1019
1043,1040
972,999
972,962
964,967
964,935
953,929
953,880
950,884
950,859
950,961
943,939
943,906
943,1235
943,860
943,915
943,1304
943,840
943,866
943,1403
943,843
943,886
943,998
936,3659
936,804
936,977
936,3379
936,2136
934,1198
922,883
899,818
896,747
888,773
886,766
878,2871
877,1874
1370,1441
1370,1458
1309,1427
1301,1500
1298,1417
1285,1416
1281,1435
1273,5675
1273,2481
1273,1821
1273,1496
1273,1497
1273,1493
1273,1415
1273,1486
1273,1418
1273,1445
1273,1493
1291,1573
1291,1579
1291,1537
1291,1464
1291,1509
1291,1486
1255,1479
1255,1428
1252,1482
1231,1418
1178,1324
1172,1229
1141,1237
1139,1258
1080,1074
1073,1090
1056,1025
1053,995
1045,1052
1039,4430
1039,2123
1030,1323
1027,1103
977,922
977,981
977,992
977,854
977,937
977,987
977,852
977,962
977,958
977,893
977,978
977,936
977,853
977,897
977,1011
977,846
977,926
977,1028
977,844
977,981
977,849
973,3568
961,1796
955,1314
952,906
891,840
889,666
885,674
1387,1477
1362,1451
1362,1493
1350,1515
1343,1511
1320,1456
1313,1451
1313,1403
1308,1507
1308,1455
1308,1394
1308,1418
1308,1435
1308,1512
1308,1519
1308,1451
1286,1464
1286,1439
1305,1507
1305,1466
1305,1552
1305,1516
1305,6742
1305,2704
1305,1767
1305,1695
1305,1500
1296,1476
1277,5688
1216,2303
1207,1449
1179,1237
1177,1162
1154,1099
1140,1112
1125,1011
1123,1107
1091,1015
1085,940
1079,1049
1073,920
1073,1117
1062,925
1062,1110
1062,1005
1062,1041
1062,1031
1019,1090
1019,1621
1019,1499
1019,1282
1019,1277
1019,1250
1019,1255
1019,1874
1019,901
1019,3599
1019,1870
1019,1298
1019,944
1019,924
1019,893
1015,890
1011,909
997,812
994,824
954,723
952,733
948,720
1448,1551
1416,1626
1416,1495
1416,1532
1399,1570
1393,1830
1335,1653
1329,1573
1324,1580
1324,1540
1324,1567
1324,1473
1324,1492
1324,1519
1324,1488
1324,1512
1324,1534
1324,1495
1357,1633
1357,1622
1357,1603
1357,1652
1357,1675
1357,1629
1357,1638
1357,1619
1357,1632
1357,1630
1331,1569
1257,1439
1254,1362
1222,1263
1220,1242
1199,1195
1192,1150
1168,1105
1165,1107
1132,1015
1127,983
1126,1019
1119,1021
1115,3934
1103,1191
1103,1675
1103,947
1103,1195
1103,1131
1088,962
1088,950
1088,1208
1088,1211
1088,943
1088,928
1088,930
1088,933
1088,950
1088,931
1088,936
1088,951
1088,919
1088,930
1088,933
1085,931
1076,876
1065,837
1060,806
1023,734
1023,2904
1019,1988
1511,1483
1492,1542
1492,1659
1476,1603
1469,1732
1382,1635
1377,1447
1369,1518
1369,1486
1369,5856
1369,2510
1369,1624
1369,1440
1369,1568
1369,1485
1369,1408
1369,1978
1400,1551
1400,1741
1400,1535
1400,1568
1400,1791
1400,1725
1400,2159
1400,2037
1400,1622
1398,1610
1333,1591
1317,1417
1294,1352
1282,1790
1248,1563
1244,1503
1224,1508
1221,1441
1177,1434
1174,1475
1165,1379
1163,1344
1157,1466
1154,1305
1154,1425
1154,1361
1154,1320
1133,1348
1133,1331
1133,1287
1133,1320
1133,1299
1133,1278
1133,1381
1133,1316
1133,1332
1133,1327
1133,1245
1133,1287
1133,5777
1133,1679
1133,1355
1133,1287
1128,1213
1118,1160
1093,1160
1087,1086
1081,1056
1081,940
1061,763
1060,1019
1058,980
1556,1483
1458,1541
1451,1420
1449,1712
1434,1498
1434,1428
1429,1499
1429,1520
1429,1441
1429,1546
1429,1523
1429,1365
1429,1494
1429,1431
1429,1421
1429,1364
1429,1495
1451,1497
1451,1574
1451,1514
1451,1471
1451,1494
1451,1505
1444,1505
1437,1425
1400,1362
1385,1314
1323,1344
1315,7256
1311,2004
1240,1416
1232,1023
1226,1558
1226,1081
1222,1033
1214,1336
1212,1070
1204,1035
1204,1133
1166,929
1166,1005
1166,1038
1166,929
1166,1020
1166,1053
1166,874
1166,4271
1166,1573
1166,1153
1166,879
1166,943
1166,884
1166,1359
1166,965
1166,1005
1166,1320
1166,935
1166,880
1158,1410
1151,837
1130,794
1128,985
1118,848
1118,813
1049,823
1046,755
1044,690
1044,674
1040,625
1496,1378
1493,1400
1481,1466
1477,1668
1469,1511
1469,1575
1469,1511
1469,1506
1469,1523
1469,1487
1469,1536
1469,1565
1469,1615
1469,1509
1469,1573
1460,1562
1493,1600
1493,1618
1493,6614
1493,2499
1493,1820
1493,1683
1492,1618
1457,1584
1433,1414
1395,1342
1380,1269
1366,1358
1356,1202
1277,1116
1270,1121
1263,1252
1263,1075
1255,1073
1254,4303
1253,1817
1248,1296
1246,1031
1234,948
1234,1017
1234,999
1234,1027
1234,1013
1234,1071
1234,1032
1234,1050
1234,1070
1234,976
1234,973
1207,965
1207,953
1207,967
1207,1035
1207,997
1207,953
1207,963
1207,950
1199,918
1195,924
1174,850
1169,816
1163,861
1161,805
1125,791
1121,770
1115,714
1115,703
1110,739
1110,701
1559,1434
1554,1434
1545,1534
1535,1515
1535,1499
1535,1676
1535,1540
1535,1534
1535,1546
1535,2104
1535,1629
1535,1665
1535,1584
1535,1515
1505,1549
1505,1662
1535,1750
1535,1669
1535,1712
1535,1727
1535,1772
1535,1770
1531,1661
1508,6620
1452,2180
1443,1524
1407,1351
1403,1338
1351,1244
1339,1191
1326,1194
1325,1152
1311,1125
1306,1102
1306,1109
1304,1107
1300,1135
1284,1070
1284,1051
1284,1053
1284,1038
1284,1024
1284,1055
1284,1036
1284,1032
1284,1052
1284,1126
1284,1051
1249,1059
1249,1136
1249,1023
1249,1062
1249,1007
1249,1031
1249,1066
1249,1114
1249,1027
1235,1064
1232,943
1226,916
1220,893
1173,919
1173,825
1165,935
1164,765
1164,853
1155,772
1154,831
1151,748
1611,1426
1602,1451
1596,1488
1596,1435
1596,1683
1596,1516
1596,1485
1596,1842
1596,1601
1596,1479
1596,1510
1596,1617
1558,1472
1558,2738
1558,1537
1558,1641
1577,1570
1577,1674
1577,1564
1577,1539
1577,1591
1577,1550
1575,1584
1537,1457
1521,1404
1464,1309
1448,1300
1436,1250
1432,2266
1396,2215
1390,1142
1384,1193
1384,1147
1380,1103
1349,1068
1347,4320
1341,1787
1339,1308
1335,1067
1335,1045
1335,1124
1335,1156
1335,1038
1291,1117
1291,999
1291,1020
1291,1121
1291,1103
1291,1179
1291,1242
1291,1137
1291,1212
1291,1184
1291,1128
1291,1177
1291,1105
1291,1152
1291,1224
1279,1139
1255,993
1253,949
1243,1023
1243,965
1199,983
1196,966
1194,834
1194,927
1194,918
1192,821
1651,1451
1644,1557
1640,1545
1600,1605
1600,1541
1600,1590
1600,1522
1600,1623
1600,1569
1600,1499
1600,1567
1600,1568
1600,1543
1600,1602
1600,1772
1619,1706
1619,1600
1619,1641
1619,1596
1619,1724
1619,1593
1619,1582
1612,1573
1569,1617
1521,1366
1508,1320
1494,1336
1486,1455
1396,1136
1386,1103
1379,1075
1379,1102
1379,1143
1371,1197
1370,1119
1365,1097
1362,1091
1350,1014
1350,1000
1350,1223
1350,1063
1350,1052
1350,1083
1350,1073
1350,1161
1350,1006
1350,1192
1350,1002
1343,1032
1343,1249
1343,998
1343,999
1343,1040
1343,1071
1343,1048
1343,1001
1341,1082
1337,1003
1310,967
1307,899
1299,897
1297,997
1261,843
1260,884
1251,927
1251,850
1247,849
1247,782
1246,826
1690,1558
1683,1686
1668,1771
1668,1871
1668,1678
1668,1718
1668,1806
1668,1781
1668,1666
1668,1811
1668,1686
1668,1815
1668,1748
1619,1908
1619,1638
1652,1955
1652,3102
1652,2001
1652,2080
1652,1751
1652,1710
1651,1871
1626,1809
1575,1546
1569,1504
1538,1507
1536,1378
1474,1396
1465,1267
1444,1237
1442,1212
1433,1205
1427,1179
1421,1177
1417,1176
1399,1175
1399,1124
1399,1114
1399,1139
1399,1200
1399,1126
1399,1118
1399,1213
1399,1247
1399,1138
1399,1109
1366,1110
1366,1109
1366,1116
1366,1171
1366,1100
1366,1203
1366,1102
1366,1101
1366,1098
1366,1103
1354,1032
1343,1008
1340,1075
1296,884
1296,953
1292,884
1289,896
1274,831
1274,878
1273,826
1272,904
1272,814
1261,803
1693,1465
1691,1557
1691,1538
1691,1576
1691,1598
1691,1955
1691,1588
1691,1575
1691,1569
1661,1581
1661,1584
1661,1953
1661,1652
1661,1593
1694,1773
1694,6981
1694,2451
1694,1848
1694,1781
1694,1726
1694,1753
1677,1679
1622,1614
1607,1601
1587,1363
1553,1400
1551,1310
1531,1208
1527,1367
1482,1144
1482,1172
1479,1237
1470,1208
1468,1216
1461,1113
1460,1129
1460,1111
1460,1174
1460,1130
1408,1193
1408,1055
1408,1092
1408,4454
1408,1889
1408,1278
1408,1187
1408,1165
1408,1102
1408,1225
1408,1196
1408,1080
1408,1084
1408,1143
1408,1081
1408,1118
1403,1154
1396,1029
1393,1107
1366,932
1362,1020
1356,3648
1356,1589
1336,1081
1335,1005
1333,826
1333,825
1284,795
1284,3187
1281,1367
1714,1427
1714,1426
1710,1497
1710,1533
1710,1572
1710,1593
1710,1632
1710,4863
1710,2140
1710,1758
1710,1642
1710,1667
1710,1541
1710,1590
1743,1791
1743,1868
1743,1741
1743,1774
1743,1701
1742,1688
1725,1699
1698,1693
1683,1524
1633,1505
1621,1447
1611,1404
1606,1381
1532,1234
1529,1297
1524,1287
1521,1242
1512,1253
1510,1221
1504,1168
1503,1183
1464,1175
1464,1176
1464,1122
1464,1127
1464,1222
1464,1107
1464,1201
1464,1314
1464,1188
1464,1138
1464,1212
1464,1091
1464,1236
1464,1098
1464,1107
1464,1176
1464,1122
1464,1108
1464,1188
1452,1060
1449,1154
1428,1052
1422,994
1416,1047
1416,1057
1334,882
1333,936
1331,922
1331,3300
1327,1536
1327,1035
1327,835
1324,959
1324,907
1750,1423
1750,1451
1750,2007
1750,1496
1750,1638
1750,1633
1750,1606
1750,1667
1750,1714
1750,1968
1750,1736
1750,1573
1747,1710
1747,1779
1780,1884
1780,1775
1780,1813
1780,1878
1780,1757
1780,1665
1778,1695
1740,1661
1724,1491
1679,1579
1659,1435
1659,1567
1649,1439
1645,1293
1558,1256
1555,1173
1550,1213
1549,1294
1547,1144
1538,1204
1536,1124
1530,1141
1529,1171
1529,1258
1521,1147
1521,1315
1521,1255
1521,1343
1521,1188
1521,1231
1521,1132
1521,1244
1521,1120
1521,1158
1521,1137
1494,1103
1494,1177
1494,1124
1494,1947
1494,1796
1494,1338
1494,1642
1494,1310
1489,1118
1482,1584
1479,1136
1456,958
1452,1212
1446,1211
1392,1546
1392,1498
1391,1520
1389,1447
1389,1055
1385,997
1832,1622
1824,1652
1821,1999
1821,2002
1811,1851
1811,3611
1811,2741
1811,1705
1811,1639
1811,1858
1811,1854
1811,1690
1811,1714
1844,1849
1844,1816
1822,1846
1822,1852
1822,3146
1822,1968
1822,2076
1822,1890
1822,1956
1815,1978
1782,1853
1766,1790
1713,1513
1701,1596
1691,1519
1687,1895
1602,2436
1597,1224
1592,1393
1591,1307
1580,1262
1578,1310
1578,1237
1571,1327
1571,1226
1563,1395
1563,1157
1563,1335
1563,1284
1563,1822
1563,2240
1563,1917
1563,1457
1563,1226
1563,1331
1563,1279
1536,2013
1536,1997
1536,1197
1536,1810
1536,1310
1536,1217
1536,1816
1536,1191
1524,1215
1521,1136
1500,1230
1494,2661
1488,2297
1488,1160
1434,1195
1433,1215
1431,1148
1431,984
1427,1243
1427,1076
1873,1598
1863,1681
1863,1771
1853,2103
1853,2131
1853,2878
1853,1838
1853,3016
1853,2149
1853,1650
1853,1677
1853,1879
1853,1849
1886,2012
1864,2032
1864,1952
1864,2060
1864,1932
1864,1865
1864,2315
1864,3390
1864,2779
1824,1754
1808,1855
1763,1809
1743,1685
1733,2848
1731,1758
1644,1521
1640,1511
1634,1829
1633,1248
1631,1596
1622,1922
1620,2399
1613,1569
1613,1734
1605,1773
1605,1629
1605,1503
1605,1595
1605,1462
1605,1438
1605,1955
1605,1843
1605,1723
1605,1395
1605,1243
1578,1268
1578,1167
1578,1175
1578,1202
1578,1223
1578,1168
1578,1236
1578,1161
1566,1082
1563,1206
1542,1019
1536,1000
1530,1075
1530,1013
1476,891
1475,924
1473,884
1473,879
1473,960
1469,883
1469,905
1899,1487
1899,1765
1892,1627
1892,1585
1892,1620
1892,1683
1892,1720
1892,1739
1892,1673
1892,1671
1892,1648
1892,1795
1892,1681
1906,1776
1906,2005
1906,1893
1906,2164
1906,2226
1906,1899
1906,2075
1906,2119
1889,2039
1850,1758
1805,1710
1785,1642
1775,1852
1773,1434
1686,1366
1682,1297
1676,1359
1676,1358
1673,2288
1664,1565
1662,1349
1656,1550
1655,1316
1647,1328
1647,1226
1647,1493
1647,1703
1647,1264
1647,1488
1647,1351
1647,1522
1647,1247
1647,1579
1647,1466
1620,1184
1620,1551
1620,1503
1620,1267
1620,1295
1620,1204
1620,1459
1620,1256
1615,1915
1608,1998
1605,1334
1578,1406
1572,1213
1572,1259
1518,1111
1518,984
1517,1320
1515,1060
1515,998
1511,986
1511,907
1508,954
1941,1566
1934,1546
1934,1741
1934,1788
1934,1685
1934,1794
1934,1688
1934,1714
1934,1758
1934,1717
1934,1696
1934,1752
1948,1898
1948,1835
1948,2013
1948,1852
1948,1965
1948,1882
1948,1853
1948,1865
1931,1728
1901,1681
1889,1636
1839,1635
1827,1482
1817,1553
1812,1460
1726,1267
1723,1322
1718,1297
1715,1251
1706,1230
1704,1230
1698,1278
1697,1293
1689,1176
1689,1334
1689,1200
1689,1191
1689,1258
1689,3729
1689,1734
1689,1363
1689,1169
1689,1317
1689,1254
1662,1223
1662,1265
1662,1228
1662,1169
1662,1203
1662,1245
1662,1205
1662,1264
1657,1213
1650,1258
1647,1139
1620,1069
1614,1150
1614,1056
1560,961
1559,1079
1557,934
1557,951
1557,1044
1553,952
1553,941
1550,920
1550,909
1976,1549
1976,1624
1976,1725
1976,1851
1976,4519
1976,2104
1976,1863
1976,1700
1976,1802
1976,1732
1976,1744
1957,1752
1990,1863
1990,1857
1990,1891
1990,2039
1990,1925
1990,2013
1990,1826
1973,1782
1934,1641
1889,1617
1869,1553
1859,1512
1857,1492
1770,1318
1766,1346
1760,1292
1759,1436
1757,1267
1748,1346
1746,1289
1739,1327
1739,1272
1731,1200
1731,1202
1731,1233
1731,1201
1731,1189
1731,1215
1731,1374
1731,1266
1731,1222
1731,1238
1731,1267
1704,1419
1704,1223
1704,1246
1704,1190
1704,1198
1704,1266
1704,1227
1704,1192
1692,1187
1689,1163
1668,1193
1662,1187
1656,1096
1656,1030
1602,982
1601,991
1599,1064
1599,940
1595,940
1595,941
1595,1092
1592,1053
1592,1009
1585,1031
2018,1622
2018,1662
2018,1660
2018,1702
2018,1752
2018,1888
2018,1902
2018,2080
2018,1849
2018,1950
1999,1825
2032,1983
2032,1854
2032,1883
2032,2032
2032,1946
2032,1825
2032,1915
2015,1788
1988,1749
1973,1734
1923,1564
1911,1521
1901,1541
1897,1515
1810,1340
1807,1459
1802,1336
1801,1300
1790,1329
1788,1298
1788,5206
1781,1775
1781,1301
1773,1324
1773,1270
1773,1265
1773,1316
1773,1438
1773,1224
1773,1427
1773,2146
1773,1228
1773,1283
1773,1429
1746,1338
1746,1280
1746,1524
1746,1328
1746,1301
1746,1379
1746,1459
1746,1869
1741,1198
1731,1124
1710,1130
1704,1115
1698,1069
1698,1117
1644,999
1643,967
1641,1009
1641,967
1637,949
1637,1000
1637,972
1634,955
1634,1119
1627,934
2060,1603
2060,1643
2060,1602
2060,1748
2060,1935
2060,2204
2060,1789
2060,1894
2060,1855
2060,2002
2041,1790
2074,2193
2074,1973
2074,1943
2074,2046
2074,2076
2074,2010
2074,1912
2067,1991
2034,1776
2015,1792
1965,1820
1953,1542
1943,1520
1941,1538
1854,1443
1849,1496
1844,1444
1843,1507
1832,1321
1832,1324
1830,1334
1823,1325
1823,1310
1815,1291
1815,1314
1815,1297
1815,3848
1815,1657
1815,1420
1815,1408
1815,1294
1815,1256
1815,1302
1815,1315
1815,1297
1788,1317
1788,1636
1788,1255
1788,1277
1788,1266
1788,1462
1788,1297
1788,5114
1776,1709
1773,1166
1752,1107
1746,1195
1740,1116
1740,1079
1686,1079
1685,1033
1683,1166
1683,1056
1683,1081
1679,1043
1679,1064
1676,1141
1676,1000
2102,1620
2102,1668
2102,1895
2102,1691
2102,1814
2102,1939
2102,2025
2102,1881
2102,2004
2102,1789
2102,2227
2135,1930
2116,2041
2116,2152
2116,1941
2116,2043
2116,2009
2116,1898
2116,1944
2109,2083
2076,1844
2060,1895
2015,1735
1995,1606
1985,1636
1983,1546
1896,1423
1891,1428
1886,1356
1885,1417
1883,1352
1874,1443
1872,1331
1865,1345
1865,1430
1857,1296
1857,1274
1857,1266
1857,1321
1857,1341
1857,1269
1857,1322
1857,1287
1857,1302
1857,1336
1857,1327
1857,1370
1830,1351
1830,1321
1830,1385
1830,1309
1830,1413
1830,1253
1830,1347
1830,1266
1818,1221
1815,1312
1792,1175
1788,1105
1782,1219
1782,1249
1728,1066
1727,1096
1725,1053
1725,1003
1721,1142
1721,1023
1721,1000
1718,1044
2151,1670
2144,1661
2144,1803
2144,1792
2144,1956
2144,1803
2144,1916
2144,1880
2144,2026
2144,1866
2177,2120
2177,1952
2158,2078
2158,2153
2158,2009
2158,2099
2158,2092
2158,1978
2158,2065
2158,2063
2141,1930
2102,1923
2057,1660
2037,1723
2027,1564
2025,1595
1938,1531
1934,1428
1928,1418
1928,1372
1925,1345
1916,1455
1914,1332
1907,1352
1907,1378
1899,1398
1899,1308
1899,1579
1899,1405
1899,1327
1899,1416
1899,1276
1899,1307
1899,1544
1899,1308
1899,1299
1872,1463
1872,1411
1872,1384
1872,1437
1872,1283
1872,1290
1872,1413
1872,1287
1867,1277
1860,1291
1857,1217
1834,1197
1830,1116
1824,1232
1824,1137
1770,1145
1769,1019
1767,1041
1767,1042
1763,1019
1763,1017
1760,1080
1760,1007
2193,1689
2186,2340
2186,1897
2186,1939
2186,1864
2186,1820
2186,2016
2186,1947
2186,1898
2186,2039
2219,2229
2219,2023
2200,2214
2200,2016
2200,2267
2200,2024
2200,2140
2200,2046
2200,2129
2193,2031
2160,1893
2144,1898
2099,2021
2079,1952
2069,1690
2065,1747
1980,1552
1975,1413
1970,1429
1969,1482
1958,1522
1956,1344
1956,1483
1949,1328
1949,1401
1941,1374
1941,1349
1941,1350
1941,1448
1941,1323
1941,1353
1941,1433
1941,1511
1941,1501
1941,1441
1941,1521
1914,1425
1914,1456
1914,1340
1914,1356
1914,1485
1914,1358
1914,1337
1914,1434
1909,1282
1902,1299
1878,1316
1872,1245
1866,1149
1866,1195
1812,1057
1812,1133
1811,1114
1809,1062
1809,1196
1805,1191
1805,1086
1802,1154
1802,1212
2235,1715
2228,1713
2228,1820
2228,1944
2228,1923
2228,2076
2228,1897
2228,2102
2228,2194
2228,2039
2261,2337
2261,1977
2242,2165
2242,2143
2242,2163
2242,2031
2242,2118
2242,2032
2242,2079
2235,2035
2202,2060
2183,1895
2133,1797
2121,1693
2111,1852
2107,1761
2020,1680
2017,1551
2012,1762
2011,1429
2000,1462
1998,1475
1998,1484
1991,1382
1991,1413
1983,1342
1983,1425
1983,1349
1983,1369
1983,1444
1983,1366
1983,1356
1983,1369
1983,1491
1983,1339
1983,1438
1956,1417
1956,1382
1956,1372
1956,1379
1956,1403
1956,1510
1956,1363
1956,1456
1951,1414
1941,1356
1920,1242
1914,1324
1908,1173
1908,1172
1854,1328
1853,1129
1851,1112
1851,1102
1851,1209
1847,1042
1847,1085
1844,1123
1844,1064
2270,1787
2270,1831
2270,2017
2270,2149
2270,1891
2270,1881
2270,1855
2270,2073
2270,1872
2303,2176
2303,2188
2284,2127
2284,2074
2284,2178
2284,2151
2284,2018
2284,2091
2284,2083
2284,2095
2267,2115
2237,2046
2225,1843
2163,1746
2153,1644
2151,1735
2064,1551
2062,1654
2059,1522
2054,1581
2051,1582
2042,1489
2040,1575
2034,1503
2033,1399
2025,1363
2025,1423
2025,1451
2025,1389
2025,1421
2025,1370
2025,1404
2025,1382
2025,1414
2025,1392
2025,1401
1998,1475
1998,1398
1998,1496
1998,1409
1998,1473
1998,1349
1998,1468
1998,1518
1993,1386
1986,1461
1983,1382
1956,1260
1950,1366
1950,1235
1896,1165
1896,1211
1895,1203
1893,1225
1893,1165
1889,1191
1889,1104
1886,1125
1886,1089
1879,1110
2312,1744
2312,1849
2312,1924
2312,1924
2312,2545
2312,1882
2312,2088
2312,2004
2312,2096
2345,2159
2326,2045
2326,2218
2326,2199
2326,2300
2326,2016
2326,2063
2326,2235
2326,2020
2309,1967
2279,1899
2267,1995
2217,1733
2205,1714
2195,1806
2190,1679
2104,1600
2101,1639
2096,1481
2093,1664
2084,1474
2082,1437
2076,1431
2075,1468
2075,1572
2067,1447
2067,1466
2067,1425
2067,1411
2067,1485
2067,1414
2067,1635
2067,1527
2067,1491
2067,1503
2067,1439
2040,1510
2040,1411
2040,1380
2040,1485
2040,1468
2040,1409
2040,1598
2040,1361
2028,1324
2025,1394
2002,1257
1998,1271
1992,1258
1992,1222
1938,1149
1937,1317
1935,1162
1935,1259
1931,1206
1931,1116
1928,1108
1928,1256
1928,1140
1921,1123
2354,1761
2354,1810
2354,1964
2354,2348
2354,2158
2354,1937
2354,2002
2354,2026
2387,2364
2387,2225
2368,2150
2368,2249
2368,2084
2368,2105
2368,2148
2368,2050
2368,2063
2366,2266
2328,2089
2312,2130
2267,2025
2247,1936
2237,1743
2235,1819
2148,1732
2144,1519
2138,1764
2137,1496
2135,1534
2126,1687
2124,1488
2117,1468
2117,1609
2109,1466
2109,1523
2109,1477
2109,1594
2109,1421
2109,1506
2109,1525
2109,1432
2109,1445
2109,1613
2109,1486
2082,1427
2082,1418
2082,1485
2082,1457
2082,1449
2082,1513
2082,1573
2082,1410
2077,1645
2070,1330
2067,1358
2044,1273
2040,1323
2034,1244
2034,1318
1980,1159
1979,1187
1977,1187
1977,1235
1973,1225
1973,1238
1970,1259
1970,1122
1970,1274
1963,1154
2396,1915
2396,1979
2396,2065
2396,2454
2396,2047
2396,2899
2396,2155
2396,1986
2429,2806
2429,2143
2410,2144
2410,2143
2410,2278
2410,2081
2410,2120
2410,2302
2410,2135
2403,2111
2370,2014
2354,1929
2301,1819
2289,1897
2279,1730
2275,1890
2188,1587
2185,1714
2180,1668
2179,1650
2168,1523
2166,1625
2166,1533
2159,1654
2159,1468
2151,1563
2151,1430
2151,1464
2151,1451
2151,2100
2151,1708
2151,1459
2151,1466
2151,1580
2151,1451
2151,1452
2124,1648
2124,1433
2124,1441
2124,1531
2124,1491
2124,1687
2124,1438
2124,1469
2112,1550
2109,1376
2088,1346
2082,1356
2076,1345
2076,1329
2022,1289
2021,1241
2019,1253
2019,1349
2015,1242
2015,1221
2015,1196
2012,1286
2012,1198
2005,1121
2005,1209
2438,1815
2438,1862
2438,2005
2438,2142
2438,1997
2438,1964
2438,2200
2438,2206
2471,2392
2452,2119
2452,2124
2452,2099
2452,2128
2452,2405
2452,2101
2452,2126
2452,2413
2435,2033
2396,1924
2351,2053
2331,1796
2321,1725
2319,1771
2232,1719
2228,1581
2222,1825
2222,1662
2219,1766
2210,1639
2208,1625
2201,1643
2201,1585
2193,1480
2193,1467
2193,1745
2193,1557
2193,1521
2193,1565
2193,1662
2193,1525
2193,1621
2193,1623
2193,1622
2166,1591
2166,1465
2166,1738
2166,1510
2166,1515
2166,1757
2166,1572
2166,1472
2161,1666
2151,4249
2130,1632
2124,1376
2118,1526
2118,1328
2064,1346
2063,1336
2061,1255
2061,1234
2061,1236
2057,1242
2057,1194
2054,1300
2054,1379
2047,1212
2047,1168
2047,1255
2480,1849
2480,1956
2480,2064
2480,2002
2480,1971
2480,2403
2480,2031
2513,2238
2494,2281
2494,2174
2494,2143
2494,2276
2494,2183
2494,2136
2494,2318
2494,2161
2477,2142
2447,2092
2393,2234
2373,1926
2363,1870
2361,1797
2274,1787
2272,1658
2269,1776
2264,1620
2261,1758
2252,1663
2250,1526
2244,1649
2243,1734
2235,1494
2235,1689
2235,1586
2235,1486
2235,1805
2235,1729
2235,1493
2235,1659
2235,1655
2235,1601
2235,1704
2235,1683
2208,1484
2208,1713
2208,1485
2208,1650
2208,1692
2208,1484
2208,1916
2203,1719
2196,1480
2193,1546
2170,1480
2166,1470
2160,1411
2160,1367
2106,1411
2105,1231
2103,1354
2103,1228
2099,1270
2099,1295
2096,1232
2096,1272
2096,1301
2089,1180
2089,1211
2089,1266
2522,1869
2522,1890
2522,2038
2522,2043
2522,2032
2522,2085
2522,2170
2555,2229
2536,2373
2536,2612
2536,2244
2536,2441
2536,2323
2536,2154
2536,2299
2534,2251
2496,2379
2480,2003
2435,1893
2415,1809
2405,2014
2403,1744
2316,1725
2311,1843
2306,1588
2305,1652
2303,1597
2294,1701
2292,1656
2285,1723
2285,1685
2277,1510
2277,1650
2277,1538
2277,1620
2277,1641
2277,1498
2277,1640
2277,1754
2277,1494
2277,1732
2277,1638
2250,1558
2250,1738
2250,1756
2250,1499
2250,1782
2250,1514
2250,1574
2250,1705
2245,1631
2238,1434
2235,1855
2212,1479
2208,1364
2202,1452
2202,1566
2148,1302
2147,1487
2145,1268
2145,1338
2141,1451
2141,1373
2138,1381
2138,1276
2138,1293
2131,1292
2131,1399
2131,1282
2564,1897
2564,1903
2564,2155
2564,2113
2564,2119
2564,2135
2597,2310
2597,2123
2578,2261
2578,2130
2578,2192
2578,2224
2578,2275
2578,2432
2578,2383
2578,2267
2538,2150
2522,2018
2477,2008
2457,1935
2447,1828
2445,1968
2358,1724
2354,1731
2348,1628
2347,1786
2345,1612
2336,1821
2334,1709
2328,1567
2327,1809
2319,1654
2319,1619
2319,1552
2319,1694
2319,1536
2319,1716
2319,1529
2319,1758
2319,1661
2319,1704
2319,1589
2292,1739
2292,1575
2292,1705
2292,1672
2292,1650
2292,1665
2292,1721
2292,1529
2287,1695
2280,1677
2277,1573
2254,1385
2250,1563
2244,1412
2244,1419
2190,1294
2189,1521
2187,1268
2187,1453
2183,1236
2183,1244
2180,1367
2180,1247
2180,1429
2173,1260
2173,1396
2173,1335
2606,1904
2606,1976
2606,2149
2606,2418
2606,2338
2606,2224
2639,2469
2639,2273
2620,2359
2620,2350
2620,2429
2620,2432
2620,2563
2620,2184
2620,2655
2618,2210
2580,2346
2564,2185
2519,1947
2499,1967
2489,2093
2487,1827
2400,1756
2396,1965
2390,1647
2389,1727
2387,2300
2378,2535
2376,2275
2369,1707
2369,1728
2361,1846
2361,1856
2361,1575
2361,1787
2361,1604
2361,1772
2361,2907
2361,1886
2361,1659
2361,1821
2361,1638
2334,1651
2334,1855
2334,1548
2334,1730
2334,1788
2334,1546
2334,1533
2334,1759
2334,1530
2322,1728
2319,1541
2296,1529
2292,1554
2286,1506
2286,1386
2232,1568
2231,1277
2229,1295
2229,1468
2225,1309
2225,1461
2225,1474
2222,1324
2222,1285
2215,1266
2215,1410
2215,1380
2648,1944
2648,2224
2648,2197
2648,2209
2648,2176
2648,2275
2681,2449
2681,2195
2662,2252
2662,2342
2662,2247
2662,2239
2662,2165
2662,2415
2662,2442
2662,2402
2645,2350
2615,2386
2603,2103
2553,1931
2541,1971
2531,2078
2526,2551
2440,2037
2437,1990
2432,1717
2429,1863
2420,1622
2418,1644
2412,1945
2411,1741
2411,1654
2403,1977
2403,1878
2403,1639
2403,1750
2403,1622
2403,1588
2403,1670
2403,1837
2403,1594
2403,1706
2403,1824
2376,1616
2376,1781
2376,1539
2376,1698
2376,1624
2376,1756
2376,1580
2376,1758
2364,1627
2361,1543
2340,1556
2334,1419
2328,1595
2328,1603
2274,1472
2273,1371
2271,1418
2271,1452
2271,1422
2267,1429
2267,1430
2264,1511
2264,1367
2257,1453
2257,1310
2257,1436
2690,1976
2690,2073
2690,2125
2690,2275
2690,2256
2723,2374
2723,2332
2723,2484
2704,2248
2704,2311
2704,2354
2704,2195
2704,2270
2704,2432
2704,2274
2704,2252
2687,2288
2657,2218
2645,2110
2595,2402
2583,1915
2573,2151
2568,1925
2482,1810
2479,1706
2474,1880
2471,1764
2462,1710
2460,1822
2454,1642
2453,1739
2453,1800
2445,1616
2445,1613
2445,1990
2445,1683
2445,1691
2445,3137
2445,1622
2445,1662
2445,1823
2445,1615
2445,1734
2418,1725
2418,1578
2418,1700
2418,1771
2418,1596
2418,1690
2418,1583
2418,1599
2406,1699
2403,1496
2380,1466
2376,1690
2370,1445
2370,1667
2316,1379
2315,1345
2313,1451
2313,1515
2309,1311
2309,1370
2306,1455
2306,1336
2306,1460
2299,1417
2299,1291
2299,1297
2732,2656
2732,2087
2732,2204
2732,2726
2732,2581
2765,2698
2765,2975
2746,2775
2746,2657
2746,2896
2746,2800
2746,2527
2746,2679
2746,2833
2746,2633
2729,2218
2699,2185
2687,2479
2637,2386
2615,2255
2613,2157
2526,2295
2522,2008
2521,1713
2516,1931
2513,1845
2504,1732
2502,1725
2496,1735
2495,1638
2487,1848
2487,1609
2487,1618
2487,1810
2487,1619
2487,1642
2487,1849
2487,1623
2487,1659
2487,1942
2487,1685
2460,1607
2460,1909
2460,1601
2460,1617
2460,1876
2460,1610
2460,1742
2460,1886
2455,1605
2448,1714
2445,1520
2422,1622
2418,1577
2412,1455
2412,1432
2358,1715
2357,1428
2355,1361
2355,1535
2351,1501
2351,1486
2348,1459
2348,1462
2348,1354
2341,1510
2341,1306
2341,1520
2341,1454
2774,2061
2774,2271
2774,2343
2774,2347
2774,2225
2807,2445
2807,2285
2788,2731
2788,2320
2788,2505
2788,2496
2788,2384
2788,2646
2788,2460
2781,2675
2748,2415
2732,2298
2679,2152
2667,2336
2657,2256
2653,2247
2568,1956
2563,1894
2558,1710
2557,1801
2546,1709
2544,1790
2544,1829
2537,1766
2537,1829
2529,1670
2529,1682
2529,2698
2529,1642
2529,1791
2529,1825
2529,1871
2529,1666
2529,1789
2529,1798
2529,1650
2502,1696
2502,1680
2502,1779
2502,1632
2502,1773
2502,1708
2502,1629
2502,1845
2497,1762
2487,1772
2466,4465
2460,1769
2454,1555
2454,1408
2400,1526
2399,1603
2397,3937
2397,1626
2397,1411
2393,1551
2393,1366
2390,1542
2390,1338
2383,1353
2383,1420
2383,1321
2383,1649
2383,1504
2816,2046
2816,2097
2816,2241
2816,2313
2849,2411
2849,2370
2849,2406
2830,2363
2830,2418
2830,2452
2830,2379
2830,2305
2830,2392
2830,2385
2823,2340
2790,2295
2771,2156
2721,1977
2709,1940
2699,2034
2695,2003
2608,1747
2605,1726
2600,1700
2599,2012
2588,1768
2586,2167
2586,1732
2579,1704
2579,1762
2571,1864
2571,1680
2571,1908
2571,1666
2571,1683
2571,1887
2571,1756
2571,1702
2571,2070
2571,1802
2571,1683
2544,1768
2544,1853
2544,1748
2544,1759
2544,1666
2544,1659
2544,1899
2544,1669
2539,1703
2532,1843
2529,1538
2506,1688
2502,1487
2496,1488
2496,1625
2442,1612
2441,1388
2439,1707
2439,1439
2435,1572
2435,1539
2432,1521
2432,1355
2432,1694
2425,1334
2425,1445
2425,1431
2425,1533
2858,2104
2858,2108
2858,2206
2858,2418
2891,2428
2891,2540
2891,2486
2872,2422
2872,2570
2872,2602
2872,2473
2872,2606
2872,2429
2872,2671
2872,2971
2855,2526
2825,2150
2771,2027
2751,2072
2741,2044
2739,2436
2652,1952
2650,1843
2647,2013
2642,1760
2639,1936
2630,1810
2628,1743
2622,1848
2621,1721
2621,1795
2613,1884
2613,1757
2613,1799
2613,1942
2613,1709
2613,1748
2613,1861
2613,1788
2613,1792
2613,1833
2613,1750
2586,1751
2586,1825
2586,1706
2586,1825
2586,1720
2586,1696
2586,1936
2581,1713
2574,1630
2571,1728
2548,1561
2544,1538
2538,1528
2538,1526
2484,1443
2483,1672
2481,1420
2481,1544
2477,1497
2477,1515
2474,1418
2474,1565
2467,1391
2467,1534
2467,1405
2467,1511
2467,1412
2900,2272
2900,2433
2900,2372
2933,2446
2933,2783
2933,2535
2914,2385
2914,2367
2914,2615
2914,2556
2914,2687
2914,2533
2914,2575
2914,2846
2897,2436
2867,2298
2855,2254
2805,2062
2793,2044
2783,2330
2778,2433
2692,2092
2689,1808
2684,2024
2681,1823
2672,1830
2670,1772
2664,1748
2663,1785
2663,1861
2655,1909
2655,1816
2655,1772
2655,1745
2655,1718
2655,1733
2655,1749
2655,1740
2655,1741
2655,1735
2655,1729
2628,1695
2628,1716
2628,1851
2628,1774
2628,1843
2628,1704
2628,1771
2628,1738
2616,1676
2613,1781
2592,1586
2586,1616
2580,1654
2580,1571
2526,1522
2525,1648
2523,1427
2523,1636
2519,1582
2519,1418
2519,1559
2516,1422
2516,1397
2509,1662
2509,1553
2509,1388
2509,1575
2509,1479
2942,2156
2942,2162
2942,2287
2975,2494
2975,2455
2975,2566
2956,2410
2956,2449
2956,2509
2956,2558
2956,2470
2956,2447
2956,2414
2956,2555
2939,2535
2900,2388
2855,2331
2835,2085
2825,2297
2823,2310
2736,1997
2732,2013
2726,2010
2726,1884
2723,1887
2714,1836
2712,1835
2706,1922
2705,1842
2697,1838
2697,1884
2697,1762
2697,1761
2697,1959
2697,1768
2697,1757
2697,1838
2697,1824
2697,2000
2697,1769
2670,1756
2670,1756
2670,1845
2670,1756
2670,1820
2670,1963
2670,1749
2670,1865
2665,1713
2658,1667
2655,1908
2632,1591
2628,1595
2622,1817
2622,1553
2568,1475
2567,1524
2565,1452
2565,1633
2561,1545
2561,1510
2558,1601
2558,1644
2558,1703
2551,1433
2551,4040
2551,1700
2551,1479
2551,1469
2984,2149
2984,2331
2984,2327
3017,2536
3017,2706
3017,2499
2998,2630
2998,2546
2998,2435
2998,2408
2998,2424
2998,2476
2998,2435
2991,2491
2958,2326
2942,2408
2897,2277
2877,2075
2867,2285
2865,2072
2778,1962
2773,2032
2768,1817
2767,1879
2756,1850
2756,1793
2754,1873
2747,1901
2747,1789
2739,1773
2739,1758
2739,1774
2739,1750
2739,1849
2739,1839
2739,2123
2739,2039
2739,1887
2739,1747
2739,1883
2739,2228
2712,2014
2712,1819
2712,1836
2712,1775
2712,1871
2712,1764
2712,1793
2712,1766
2700,1706
2697,1816
2676,1734
2670,1673
2664,1690
2664,1746
2610,1514
2609,1552
2607,1816
2607,1551
2607,1528
2603,4302
2603,1494
2600,1748
2600,1542
2600,1904
2593,1436
2593,1460
2593,1713
2593,1486
3026,2188
3026,2262
3059,2509
3059,2651
3059,2487
3059,2571
3059,2922
3040,2470
3040,2404
3040,2573
3040,2427
3040,2515
3040,2614
3040,2577
3038,2577
3000,2428
2984,2312
2939,2285
2919,2163
2909,2329
2907,2446
2820,1951
2816,2204
2810,1840
2809,1854
2807,1957
2798,1874
2796,1781
2790,2006
2789,1901
2781,1759
2781,1751
2781,1838
2781,1804
2781,1775
2781,1805
2781,1881
2781,1738
2781,1829
2781,1842
2781,1823
2781,1838
2754,1825
2754,1734
2754,2058
2754,2189
2754,2093
2754,1971
2754,1815
2754,2044
2742,1897
2739,1716
2718,2215
2712,1749
2706,1819
2706,1752
2652,1838
2651,1577
2649,1603
2649,1504
2649,1514
2645,1555
2645,1659
2642,1492
2642,1608
2635,1522
2635,1502
2635,1531
2635,1628
3068,2204
3068,2336
3101,2557
3101,2525
3101,2741
3101,2714
3101,2489
3082,2535
3082,2535
3082,2776
3082,2484
3082,2763
3082,2920
3082,2471
3082,2473
3065,2373
3035,2396
3023,2259
2973,2301
2961,2220
2951,2155
2946,2089
2860,1896
2857,1979
2852,2096
2849,1867
2840,1950
2838,1950
2832,1809
2831,1811
2831,2151
2823,1872
2823,1826
2823,1860
2823,1922
2823,1785
2823,1807
2823,1937
2823,1870
2823,1881
2823,1796
2823,1905
2796,1770
2796,1801
2796,1769
2796,1750
2796,1791
2796,1912
2796,1830
2796,1923
2784,2021
2781,2130
2758,1976
2754,1686
2748,1895
2748,2171
2694,1635
2693,1571
2691,1657
2691,1613
2687,1608
2687,1651
2684,1559
2684,1601
2684,1572
2677,1541
2677,1673
2677,1566
2677,1524
3110,2284
3110,2397
3143,2573
3143,2623
3143,2713
3143,2504
3143,2846
3124,2532
3124,2497
3124,2519
3124,2617
3124,2600
3124,2674
3124,2777
3124,2621
3084,2582
3068,2383
3023,2204
3003,2242
2993,2260
2991,2376
2904,2055
2900,1953
2894,2050
2893,2188
2891,2068
2882,1890
2880,1945
2873,1892
2873,1881
2865,1825
2865,1954
2865,1835
2865,1951
2865,1916
2865,1891
2865,2098
2865,1853
2865,1788
2865,1958
2865,1789
2838,1947
2838,1915
2838,1778
2838,1787
2838,1944
2838,1913
2838,1811
2838,1897
2833,1833
2826,1720
2823,1808
2800,1632
2790,1738
2790,1626
2736,1755
2736,1543
2735,1987
2733,1813
2733,1615
2729,1793
2729,1592
2726,1589
2726,1678
2719,1516
2719,1523
2719,1595
2719,1550
2719,1581
3152,2293
3185,2569
3185,2604
3185,2577
3185,2643
3185,2643
3166,2592
3166,2794
3166,2620
3166,2582
3166,2497
3166,2508
3166,2739
3166,2484
3149,2837
3119,2528
3107,2552
3045,2278
3035,2203
3033,2187
2946,2037
2942,1941
2941,1938
2936,1987
2933,2259
2924,1986
2922,2124
2916,1984
2915,1956
2907,1905
2907,1908
2907,1851
2907,1837
2907,1828
2907,1892
2907,2147
2907,2051
2907,1865
2907,1879
2907,1872
2880,1881
2880,1897
2880,1931
2880,2031
2880,2206
2880,2028
2880,2361
2880,2166
2875,2185
2868,1989
2865,1981
2842,1743
2838,2054
2832,1817
2832,1820
2778,1957
2777,1575
2775,1604
2775,1702
2771,1614
2771,1723
2768,1650
2768,1548
2768,1705
2761,1709
2761,1555
2761,1581
2761,1512
2761,1629
3194,2307
3227,2472
3227,2560
3227,2834
3227,2832
3227,2753
3208,2758
3208,2934
3208,2784
3208,2659
3208,2691
3208,2702
3208,2590
3206,2612
3168,2921
3152,2316
3107,2375
3087,2298
3077,2163
3075,2195
2988,2036
2984,2074
2978,2175
2978,1933
2975,2085
2966,2030
2964,1959
2958,2089
2957,2058
2949,2047
2949,1834
2949,1936
2949,1932
2949,1867
2949,2254
2949,2037
2949,2323
2949,1907
2949,1903
2949,1943
2922,1869
2922,1898
2922,1869
2922,2079
2922,1843
2922,1875
2922,1822
2922,1833
2917,1941
2910,1798
2907,1779
2884,2588
2880,1786
2874,1643
2874,1784
2820,1595
2819,1747
2817,1598
2817,1673
2813,1549
2813,1583
2810,1575
2810,1836
2810,1927
2803,1514
2803,1676
2803,1594
2803,1616
2803,1566
3269,2413
3269,2990
3269,2738
3269,3006
3269,2673
3269,2725
3250,2711
3250,2789
3250,2619
3250,2776
3250,2685
3250,2754
3250,2676
3233,2618
3206,2652
3191,2402
3141,2527
3129,2197
3119,2409
3114,2239
3028,2084
3025,2056
3020,2042
3017,2017
3008,2019
3006,1999
3000,2010
2999,2025
2999,2234
2991,2042
2991,2103
2991,1942
2991,2240
2991,2206
2991,2073
2991,1984
2991,1899
2991,2035
2991,1995
2991,1880
2964,2063
2964,2154
2964,1962
2964,1977
2964,1999
2964,1990
2964,1983
2959,1902
2952,1869
2949,2045
2926,1817
2922,2257
2916,1769
2916,1871
2862,1944
2861,1736
2859,1760
2859,2071
2855,1854
2855,2002
2852,1755
2852,1934
2852,1646
2845,1556
2845,1581
2845,1643
2845,1782
2845,1615
2845,1730
3311,2481
3311,2754
3311,2808
3311,3049
3311,2807
3292,2719
3292,2744
3292,2703
3292,2783
3292,2841
3292,2708
3292,2699
3275,2700
3248,2581
3233,2638
3183,2304
3171,2660
3161,2246
3156,2286
3070,2156
3067,2197
3062,2056
3059,2209
3050,1949
3048,2134
3042,2213
3041,1913
3041,2287
3033,2254
3033,2172
3033,1957
3033,2114
3033,2004
3033,1942
3033,2140
3033,1976
3033,2406
3033,1959
3033,2399
3006,1882
3006,1870
3006,1915
3006,1929
3006,1924
3006,1942
3006,2086
3006,2071
2994,1929
2991,1958
2968,1807
2964,1842
2958,1728
2958,1766
2904,1942
2903,1696
2901,1706
2901,1746
2897,1644
2897,1625
2894,1660
2894,1748
2894,1802
2887,1583
2887,1601
2887,1784
2887,1702
2887,1642
2887,1770
2887,2146
3353,2532
3353,2631
3353,2696
3353,2869
3334,2744
3334,3076
3334,2738
3334,2754
3334,2768
3334,2843
3334,2729
3332,3070
3294,2865
3278,2446
3233,2430
3213,2310
3203,2400
3201,2318
3114,2191
3110,2349
3104,2088
3103,2155
3101,2438
3092,2110
3090,2299
3083,2050
3083,2003
3075,1929
3075,2075
3075,1934
3075,2067
3075,1904
3075,1967
3075,1963
3075,1971
3075,2118
3075,2103
3075,2207
3048,2417
3048,2022
3048,2393
3048,2413
3048,2038
3048,2113
3048,2066
3048,1924
3043,2030
3036,1894
3033,1871
3010,1846
3006,1820
3000,1766
3000,1857
2946,1802
2945,1666
2943,1660
2943,1799
2939,2409
2939,1810
2936,1605
2936,1663
2936,1676
2929,1641
2929,1761
2929,1933
2929,1690
2929,1674
2929,1961
2929,1741
3395,2592
3395,2637
3395,2739
3395,2690
3376,2765
3376,2661
3376,2697
3376,3155
3376,2742
3376,2838
3376,2774
3374,2854
3336,3094
3320,2486
3275,2450
3255,2525
3245,2369
3243,2525
3156,2252
3151,2409
3146,2212
3145,2098
3134,2028
3134,2134
3132,2170
3125,2000
3125,2095
3117,2337
3117,1943
3117,2081
3117,2256
3117,2117
3117,2288
3117,2302
3117,2011
3117,2175
3117,1990
3117,2208
3090,2148
3090,1957
3090,2046
3090,2358
3090,2135
3090,2112
3090,2231
3090,2287
3085,1912
3078,1903
3075,1862
3048,1998
3042,1916
3042,1947
2988,1670
2988,1820
2987,1783
2985,1827
2985,1664
2981,1811
2981,1745
2978,1784
2978,1925
2978,1866
2971,1628
2971,1693
2971,1733
2971,1698
2971,1677
2971,1776
2971,1750
3437,2594
3437,2625
3437,2703
3437,2845
3418,2796
3418,2838
3418,2770
3418,2866
3418,2826
3418,2965
3418,2699
3411,2837
3378,2520
3359,2661
3309,2586
3297,2305
3287,2538
3283,2350
3196,2187
3193,2220
3188,2095
3187,2156
3176,2081
3174,2032
3168,1980
3167,2345
3167,2456
3159,2043
3159,2009
3159,1980
3159,2070
3159,2112
3159,2147
3159,2130
3159,1998
3159,2427
3159,2208
3159,2006
3132,1942
3132,2068
3132,2170
3132,2023
3132,1981
3132,2409
3132,2003
3132,2526
3120,1980
3117,2041
3096,1904
3090,1831
3084,1901
3084,1816
3030,1716
3029,1674
3027,1747
3027,1741
3023,1660
3023,1925
3023,1713
3020,1951
3020,1702
3013,1713
3013,1763
3013,1769
3013,1756
3013,1774
3013,1687
3013,1639
3013,1794
3479,2571
3479,2660
3479,3155
3460,3103
3460,2911
3460,2869
3460,2778
3460,3034
3460,2754
3460,2742
3460,5553
3443,6085
3404,2896
3359,2854
3339,2475
3329,2494
3327,2381
3240,2342
3236,2197
3230,2234
3230,2179
3227,2138
3218,2122
3216,2253
3210,2062
3209,2215
3201,2083
3201,2091
3201,2116
3201,2008
3201,2502
3201,2308
3201,2085
3201,2184
3201,2141
3201,2110
3201,2305
3174,2005
3174,2099
3174,2192
3174,2179
3174,2134
3174,2224
3174,2139
3174,2178
3169,2213
3162,1963
3159,1982
3136,2352
3132,1839
3126,1911
3126,1960
3072,1732
3071,1872
3069,1866
3069,1888
3065,2705
3065,2229
3062,2202
3062,2118
3062,2094
3055,2116
3055,1795
3055,1725
3055,1748
3055,2724
3055,1723
3055,2001
3055,2388
3521,2876
3521,3889
3521,3133
3502,2908
3502,3285
3502,2897
3502,5254
3502,3116
3502,3068
3502,2986
3502,3119
3485,3056
3446,4152
3401,2598
3381,2496
3371,2581
3369,3610
3282,2250
3278,2790
3277,2499
3272,2382
3269,2194
3260,2324
3258,2663
3252,2112
3251,2126
3251,2119
3243,2277
3243,2224
3243,2677
3243,2156
3243,2147
3243,2329
3243,2301
3243,2332
3243,2263
3243,2331
3243,2337
3216,2310
3216,2104
3216,2166
3216,2326
3216,3679
3216,2079
3216,2152
3216,2242
3204,2398
3201,2416
3180,2122
3174,2159
3168,2060
3168,2438
3114,3867
3113,2328
3111,1838
3111,2431
3107,2163
3107,1789
3107,1813
3104,2527
3104,2907
3097,1757
3097,2300
3097,2275
3097,1805
3097,1846
3097,1794
3097,1808
3097,1755
3563,4047
3563,4110
3563,3950
3544,3158
3544,4196
3544,2844
3544,2848
3544,3082
3544,2842
3544,2914
3544,2906
3527,2873
3497,2588
3485,2615
3435,2507
3423,3030
3411,2479
3324,2329
3322,2150
3319,2201
3314,2253
3311,2497
3302,2125
3300,2095
3294,2155
3293,2126
3285,2042
3285,2260
3285,2160
3285,2302
3285,2161
3285,2327
3285,2116
3285,2162
3285,2086
3285,2180
3285,2164
3258,2306
3258,2060
3258,2145
3258,2168
3258,2141
3258,2149
3258,2465
3258,2096
3253,2272
3243,2086
3222,1986
3216,2097
3210,2023
3210,2250
3156,1852
3155,2069
3153,1812
3153,1853
3153,1960
3149,1908
3149,3414
3146,2580
3146,1815
3139,1959
3139,1874
3139,2079
3139,1960
3139,2862
3139,1804
3139,1780
3139,1820
3139,1850
3605,2867
3605,2858
3586,2902
3586,2875
3586,2900
3586,2785
3586,2956
3586,2833
3586,3340
3586,2808
3569,2831
3539,2609
3527,3240
3477,2549
3465,2693
3455,2520
3450,2581
3364,2290
3361,2640
3356,3729
3353,2319
3344,2174
3342,2693
3336,2117
3335,2143
3335,2117
3327,2269
3327,2176
3327,2080
3327,2309
3327,2160
3327,2082
3327,2273
3327,2292
3327,2102
3327,2122
3327,2314
3300,2052
3300,2352
3300,2251
3300,2207
3300,2069
3300,2257
3300,2454
3300,2172
3288,2028
3285,2069
3264,2030
3258,1924
3252,1986
3252,2005
3198,1872
3197,1990
3195,2581
3195,1825
3191,1784
3191,1868
3191,1801
3188,1949
3188,1815
3181,2014
3181,1932
3181,1870
3181,2219
3181,1811
3181,1808
3181,1808
3181,1735
3181,2004
3647,2849
3647,2952
3628,3093
3628,2996
3628,2912
3628,3042
3628,2897
3628,2896
3628,3021
3628,2911
3611,2851
3581,2869
3527,2814
3507,2580
3497,2549
3495,2442
3408,2274
3406,2688
3403,2389
3398,2214
3395,2222
3386,2298
3384,2248
3378,2453
3377,2158
3377,2325
3369,2141
3369,2256
3369,2141
3369,2435
3369,2148
3369,2323
3369,2296
3369,2289
3369,2526
3369,2296
3369,2168
3342,2516
3342,2113
3342,2203
3342,2132
3342,2125
3342,2364
3342,2096
3342,2222
3330,2073
3327,2043
3304,1990
3300,2090
3294,1955
3294,2230
3240,1806
3239,1998
3237,2363
3237,1809
3233,1913
3233,1926
3233,1837
3230,1912
3230,1855
3223,1993
3223,1931
3223,1914
3223,2005
3223,2253
3223,1826
3223,1791
3223,1795
3223,1868
3689,2827
3689,3394
3670,3102
3670,2885
3670,2928
3670,2905
3670,3073
3670,2932
3670,2924
3670,3095
3653,2775
3623,2822
3611,2893
3561,2905
3549,2589
3539,2555
3534,2746
3448,2325
3445,2303
3440,2281
3437,2340
3428,2293
3426,2339
3420,2443
3419,2166
3419,2226
3411,2365
3411,2347
3411,2142
3411,2628
3411,2299
3411,2234
3411,2197
3411,2366
3411,2182
3411,2141
3411,2272
3384,2149
3384,2414
3384,2180
3384,2195
3384,2155
3384,2310
3384,2233
3384,2286
3372,2076
3369,2526
3348,2304
3342,1961
3336,2311
3336,2089
3282,2013
3281,1980
3279,2010
3279,1849
3275,1845
3275,1835
3275,1917
3272,2017
3272,1822
3265,2013
3265,1992
3265,2296
3265,1808
3265,1872
3265,1816
3265,1933
3265,1882
3265,1914
3731,3012
3731,2946
3712,3064
3712,3091
3712,3029
3712,2899
3712,2984
3712,3008
3712,3009
3712,2986
3695,2836
3665,2738
3653,2728
3591,2567
3581,2577
3579,2549
3576,2589
3490,2360
3487,2419
3482,2273
3479,2247
3470,2213
3468,2412
3462,2572
3461,2289
3461,2181
3453,2160
3453,2258
3453,2414
3453,2290
3453,2615
3453,2258
3453,2298
3453,2350
3453,2166
3453,2502
3453,2274
3426,2363
3426,2250
3426,2193
3426,2239
3426,2370
3426,2257
3426,2314
3426,2224
3414,2087
3411,2117
3390,2110
3384,2162
3378,1976
3378,2393
3324,2100
3323,1907
3321,1892
3321,1937
3317,2015
3317,1907
3317,1929
3314,2088
3314,1876
3307,2049
3307,1817
3307,2003
3307,1813
3307,2561
3307,1884
3307,1854
3307,1845
3307,1930
3773,2791
3773,2836
3754,2919
3754,3033
3754,3343
3754,3013
3754,3220
3754,3128
3754,2994
3754,2953
3737,3273
3707,2821
3695,2724
3645,2649
3633,2558
3623,2529
3618,2506
3532,2615
3529,2342
3524,2383
3521,2382
3512,2450
3510,2687
3504,2272
3503,2232
3495,2322
3495,2413
3495,2662
3495,2357
3495,2277
3495,2288
3495,2419
3495,2409
3495,2426
3495,2363
3495,2366
3468,2200
3468,2257
3468,2421
3468,2246
3468,2276
3468,2234
3468,2244
3468,2276
3463,2287
3456,2266
3453,2164
3430,2216
3426,2733
3420,2114
3420,2125
3366,1937
3365,1976
3363,2044
3363,2032
3359,1981
3359,1894
3356,1892
3356,1928
3356,2038
3349,2203
3349,2134
3349,1841
3349,1979
3349,1936
3349,2025
3349,1915
3349,2096
3349,1912
3815,2822
3796,3335
3796,2980
3796,3070
3796,3117
3796,3112
3796,3061
3796,3136
3796,3047
3779,2933
3749,3256
3737,2853
3687,2832
3665,3046
3663,2626
3576,2370
3572,2398
3571,2406
3566,2351
3563,2413
3554,2348
3552,2291
3546,2693
3545,2320
3537,2303
3537,2399
3537,2327
3537,2423
3537,2375
3537,2391
3537,2298
3537,2393
3537,2272
3537,2299
3537,2294
3510,2348
3510,2184
3510,2298
3510,2308
3510,2388
3510,2616
3510,2199
3510,2298
3505,2300
3498,2246
3474,2105
3468,2089
3462,2101
3462,2084
3408,2117
3407,2025
3405,2077
3405,2236
3405,1922
3401,2012
3401,2173
3398,2219
3398,1923
3391,2293
3391,1941
3391,1932
3391,1972
3391,1958
3391,2059
3391,1967
3391,1947
3391,1952
3391,1926
3391,2008
3838,2951
3838,3704
3838,3135
3838,3218
3838,3138
3838,3075
3838,3181
3838,3045
3821,2927
3791,2923
3779,2782
3729,2671
3717,2829
3707,2634
3702,2498
3616,2377
3613,2496
3608,2407
3605,2323
3596,2284
3594,2381
3588,2630
3587,2297
3587,2248
3579,2347
3579,2231
3579,2342
3579,2271
3579,2394
3579,2324
3579,2436
3579,2356
3579,2387
3579,2458
3579,2464
3552,2412
3552,2308
3552,2351
3552,2642
3552,2241
3552,2315
3552,2233
3552,2425
3540,2179
3537,2128
3514,2083
3510,2146
3504,2263
3504,2289
3450,1999
3449,2081
3447,2003
3447,2103
3443,2039
3443,1924
3443,2395
3440,1991
3440,2055
3433,2061
3433,2267
3433,1868
3433,1899
3433,2001
3433,2052
3433,2060
3433,2232
3433,1885
3433,2055
3433,1959
3880,2874
3880,3007
3880,3987
3880,3051
3880,3522
3880,3068
3880,3109
3880,3166
3863,3002
3833,3036
3779,2771
3759,2669
3749,2757
3747,2592
3660,2456
3658,2499
3655,2696
3650,2457
3647,2590
3638,2558
3636,2524
3630,2395
3629,2394
3629,2397
3621,2490
3621,2365
3621,2293
3621,2377
3621,2682
3621,2324
3621,2313
3621,2438
3621,2410
3621,2386
3621,2557
3594,2400
3594,2430
3594,2335
3594,2326
3594,2407
3594,2471
3594,3614
3594,2339
3582,2439
3579,2204
3558,2170
3552,2119
3546,2115
3546,2281
3492,2047
3491,2025
3489,2018
3489,2113
3485,2078
3485,2349
3485,1962
3482,2272
3482,1984
3475,2434
3475,1977
3475,1968
3475,1912
3475,1942
3475,2081
3475,2018
3475,2207
3475,2109
3475,2059
3475,2042
3922,2899
3922,2965
3922,3116
3922,3411
3922,3085
3922,3269
3922,3081
3922,3206
3882,3598
3866,2827
3821,2884
3801,2985
3791,2632
3789,2727
3702,2559
3698,2420
3692,2469
3691,2489
3689,2600
3680,2337
3678,2594
3671,2333
3671,2778
3663,2295
3663,2304
3663,2320
3663,2306
3663,2424
3663,2336
3663,2373
3663,2527
3663,2379
3663,2493
3663,2651
3636,2395
3636,2477
3636,2323
3636,2683
3636,2326
3636,2306
3636,2359
3636,2362
3631,2248
3624,2258
3600,2176
3594,2424
3588,2210
3588,2197
3534,2005
3533,2057
3533,2274
3531,2097
3531,2093
3527,1950
3527,2027
3524,2267
3524,3345
3517,2056
3517,2135
3517,2173
3517,2019
3517,1959
3517,2006
3517,1949
3517,2336
3517,2025
3517,1935
3517,1935
3498,2263
3964,2917
3964,3034
3964,3208
3964,3100
3964,3221
3964,3149
3964,3175
3947,3041
3920,2963
3905,2810
3855,2878
3843,2645
3833,2738
3828,2718
3742,2617
3739,2483
3734,2551
3731,2662
3722,2367
3720,2368
3714,2443
3713,2404
3713,2396
3705,2349
3705,2331
3705,2310
3705,2337
3705,2487
3705,2671
3705,2325
3705,2435
3705,2451
3705,2461
3705,2507
3678,2499
3678,2691
3678,2356
3678,2439
3678,2462
3678,2490
3678,2321
3678,2354
3666,2337
3663,2219
3642,2174
3636,2134
3630,2245
3630,2658
3576,2017
3575,2088
3573,2134
3573,2157
3573,2367
3569,2133
3569,2006
3566,1992
3566,2033
3559,2027
3559,2276
3559,2108
3559,1996
3559,2215
3559,1989
3559,2025
3559,2028
3559,2135
3559,2154
3559,2074
3559,1994
4006,3000
4006,2987
4006,3671
4006,3207
4006,3216
4006,3196
4006,3230
3999,3606
3966,3048
3947,3068
3897,3156
3885,2690
3875,2708
3871,2721
3786,2647
3781,2549
3776,2449
3775,2440
3764,2636
3762,2418
3762,2466
3755,2348
3755,2490
3747,2373
3747,2419
3747,2368
3747,2407
3747,2575
3747,2389
3747,2453
3747,2453
3747,2537
3747,2475
3747,2652
3720,2420
3720,2443
3720,2482
3720,2463
3720,2547
3720,2383
3720,2736
3720,2412
3715,2458
3708,2541
3705,2381
3682,2304
3678,2226
3672,2424
3672,2131
3618,2121
3617,2181
3615,2134
3615,2107
3611,2058
3611,2020
3608,2190
3608,1995
3608,2486
3601,2092
3601,2131
3601,2069
3601,2050
3601,2192
3601,1980
3601,2102
3601,2096
3601,2232
3601,2187
3601,2194
4048,2995
4048,3156
4048,3158
4048,3339
4048,3136
4048,3515
4048,3141
4046,3245
4008,3065
3992,3086
3947,3089
3927,2740
3917,2835
3915,2819
3828,2638
3824,2532
3818,2864
3817,2636
3815,2503
3806,2465
3804,2417
3797,2445
3797,2538
3789,2519
3789,2376
3789,2458
3789,2595
3789,2471
3789,2510
3789,2812
3789,2415
3789,2537
3789,2830
3789,2389
3762,2368
3762,2470
3762,2505
3762,2402
3762,2387
3762,2388
3762,2543
3762,2421
3757,2571
3750,2355
3747,2470
3724,2403
3720,2362
3714,2423
3714,2851
3660,3807
3659,4097
3657,2332
3657,2334
3653,2215
3653,2090
3650,2103
3650,2073
3650,2246
3643,2119
3643,2249
3643,2049
3643,2149
3643,2132
3643,2043
3643,2016
3643,2039
3643,2150
3643,2094
3643,2051
4090,3009
4090,3616
4090,3276
4090,3388
4090,3173
4090,3207
4090,3374
4083,3248
4050,3239
4031,2915
3981,3053
3969,2750
3959,2732
3955,2785
3868,2696
3865,2539
3860,2594
3859,2671
3848,2523
3846,2676
3840,2420
3839,2500
3839,2586
3831,2560
3831,2561
3831,2415
3831,2666
3831,2459
3831,2398
3831,2409
3831,2520
3831,2467
3831,2926
3831,2418
3804,2507
3804,2387
3804,2496
3804,2427
3804,2383
3804,2617
3804,2353
3799,2464
3792,2446
3789,2289
3766,2299
3762,2199
3756,2310
3756,2332
3702,2091
3701,2079
3699,2069
3699,2202
3695,2092
3695,2035
3692,2127
3692,2072
3692,2167
3685,2057
3685,2191
3685,2085
3685,2233
3685,2384
3685,2088
3685,2116
3685,2062
3685,2084
3685,2241
3685,2145
3666,2383
4132,3188
4132,3346
4132,3210
4132,3283
4132,3404
4132,3216
4115,3216
4088,3078
4073,3064
4023,2986
4011,2864
4001,2886
3997,2909
3910,2855
3907,2544
3902,2534
3901,2792
3890,2516
3888,2557
3888,2885
3881,2496
3881,2581
3873,2799
3873,2563
3873,2505
3873,2851
3873,2608
3873,2514
3873,2410
3873,2491
3873,2541
3873,2538
3873,2624
3846,2589
3846,2498
3846,2443
3846,2858
3846,2466
3846,2462
3846,2709
3846,2519
3834,2422
3831,2588
3810,2298
3804,2349
3798,2783
3798,2273
3744,2476
3743,2279
3741,2157
3741,2173
3741,2247
3737,2280
3737,2102
3734,2093
3734,2092
3727,2552
3727,2069
3727,2128
3727,2258
3727,2194
3727,2116
3727,2090
3727,2451
3727,2241
3727,2279
3727,2159
3708,2264
3708,2200
4174,3196
4174,3151
4174,3276
4174,3271
4174,3260
4174,3479
4157,3192
4130,3218
4115,3072
4065,2995
4053,2869
4043,2940
4038,2953
3952,2975
3949,2687
3944,2808
3941,2586
3932,2567
3930,2617
3924,2546
3923,2691
3923,2572
3915,2565
3915,2607
3915,2594
3915,2640
3915,2571
3915,2530
3915,2585
3915,2581
3915,2501
3915,2694
3915,2544
3888,2469
3888,2515
3888,2618
3888,2578
3888,2498
3888,2495
3888,2499
3888,2489
3876,2648
3873,2538
3850,2544
3846,2299
3840,2259
3840,2257
3786,2697
3785,2234
3783,2174
3783,2255
3779,2145
3779,2112
3776,2258
3776,2473
3776,2099
3769,2170
3769,2247
3769,2089
3769,2245
3769,2112
3769,2525
3769,2223
3769,2245
3769,2205
3769,2134
3769,2344
3750,2568
3750,2091
4216,3108
4216,3232
4216,3343
4216,3379
4216,3423
4214,3488
4176,3216
4160,3161
4115,3010
4095,2918
4085,2966
4081,2853
3996,2793
3991,2708
3986,2586
3985,2661
3974,2698
3972,2683
3972,2755
3965,2766
3965,2632
3957,2743
3957,5781
3957,2553
3957,2952
3957,2619
3957,2673
3957,2564
3957,2568
3957,2535
3957,2602
3957,2656
3930,2482
3930,2884
3930,2456
3930,2531
3930,2632
3930,2638
3930,2617
3930,2455
3918,2463
3915,2398
3892,2875
3888,2549
3882,2315
3882,2282
3828,2301
3827,2282
3825,2263
3825,2205
3821,2158
3821,2257
3818,2130
3818,2213
3818,2174
3811,2212
3811,2121
3811,2356
3811,2279
3811,2347
3811,2173
3811,2472
3811,2209
3811,2363
3811,2290
3811,2133
3792,2081
3792,2106
3792,2673
4258,3179
4258,3666
4258,3378
4258,3578
4251,3437
4218,4129
4202,3152
4157,3498
4137,2901
4127,3529
4123,2898
4038,2670
4033,2690
4028,2745
4027,3073
4016,2551
4014,2634
4014,2569
4007,2583
4007,2951
3999,2543
3999,2701
3999,2651
3999,2719
3999,2745
3999,2670
3999,2641
3999,2807
3999,2484
3999,2701
3999,2543
3972,2543
3972,2532
3972,2747
3972,2642
3972,3038
3972,2618
3972,2684
3972,2588
3967,2651
3957,2460
3936,2430
3930,2390
3924,2482
3924,2423
3870,2411
3869,2293
3867,2320
3867,2286
3867,2199
3863,2590
3863,2175
3860,2221
3860,2505
3853,2173
3853,2220
3853,2151
3853,2252
3853,2165
3853,2313
3853,2190
3853,2355
3853,2216
3853,2297
3853,2186
3834,2232
3834,2511
3834,2118
3834,2238
4300,3243
4300,3294
4300,3364
4300,3500
4283,3346
4256,3359
4241,3510
4191,2943
4179,3354
4169,2914
4164,3060
4078,2793
4075,2686
4070,3362
4067,2798
4058,2736
4056,2642
4050,2854
4049,2713
4049,2651
4041,2768
4041,2711
4041,2617
4041,2726
4041,2804
4041,2695
4041,2566
4041,2607
4041,3016
4041,2547
4041,2647
4014,2595
4014,2536
4014,2843
4014,2554
4014,2584
4014,2823
4014,2561
4014,2673
4002,2580
3999,2592
3978,2512
3972,2491
3966,2469
3966,2520
3912,2224
3911,2318
3909,2223
3909,2323
3905,2317
3905,2468
3905,2217
3902,2387
3902,2220
3895,2322
3895,2154
3895,2377
3895,2272
3895,2277
3895,2201
3895,2179
3895,2228
3895,2310
3895,2198
3895,2162
3876,2145
3876,2759
3876,2162
3876,2302
4342,3227
4342,3469
4342,3361
4342,3936
4325,3374
4298,3343
4283,3180
4233,2973
4221,3061
4211,2978
4206,2941
4120,3109
4117,2726
4112,2733
4111,2903
4100,2749
4098,2785
4092,2610
4091,2857
4091,2623
4083,2763
4083,2632
4083,2693
4083,2764
4083,2624
4083,2638
4083,2748
4083,2622
4083,2967
4083,2562
4083,3117
4056,2760
4056,2966
4056,2579
4056,2597
4056,2678
4056,2641
4056,3008
4056,2695
4051,2812
4044,2953
4041,2487
4018,2776
4014,2538
4008,2756
4008,2491
3954,2417
3953,2277
3951,2351
3951,2234
3947,2405
3947,2318
3944,2504
3944,2234
3944,2317
3937,2217
3937,2357
3937,2206
3937,2293
3937,2364
3937,2210
3937,2225
3937,2506
3937,2590
3937,2415
3937,2225
3918,2211
3918,2258
3918,2162
4384,3263
4384,3321
4384,3434
4384,3390
4382,3799
4344,3358
4328,3138
4283,3063
4263,3050
4253,2942
4251,3069
4164,2842
4160,3001
4154,2872
4153,3111
4151,2865
4142,2903
4140,2767
4133,2885
4133,2738
4125,2803
4125,2654
4125,2702
4125,2816
4125,2628
4125,2846
4125,2857
4125,2803
4125,2782
4125,2723
4125,2853
4098,2718
4098,2621
4098,2751
4098,2747
4098,2681
4098,2759
4098,2802
4098,2662
4093,2572
4086,2626
4083,2573
4060,2870
4056,2390
4050,2505
4050,2492
3996,2445
3995,2301
3993,2341
3993,2279
3989,2354
3989,2388
3986,2438
3986,2244
3986,2885
3979,2298
3979,2269
3979,2282
3979,2273
3979,2500
3979,2234
3979,2226
3979,2366
3979,2267
3979,2407
3979,2302
3960,2277
3960,2374
3960,2323
4426,3293
4426,3778
4426,3502
4426,3496
4426,3485
4386,3419
4370,3256
4325,3214
4305,3067
4295,3064
4293,2970
4206,2819
4202,2817
4196,2935
4196,2795
4193,2774
4184,2702
4182,2787
4176,2979
4175,2750
4167,3073
4167,2692
4167,2861
4167,2832
4167,2754
4167,2766
4167,2720
4167,2753
4167,2792
4167,2774
4167,2762
4167,3095
4140,2636
4140,2793
4140,2751
4140,2796
4140,2686
4140,2746
4140,2861
4140,2669
4128,2764
4125,2609
4102,2537
4098,2645
4092,2449
4092,2774
4038,2348
4037,2468
4035,2380
4035,2398
4031,2346
4031,2355
4031,2298
4028,2335
4028,2413
4021,2397
4021,2375
4021,2394
4021,2608
4021,2278
4021,2279
4021,2293
4021,2334
4021,2363
4021,2269
4021,2291
4002,2407
4002,2524
4002,2432
4468,3386
4468,3487
4468,3495
4468,3796
4468,3608
4451,3738
4421,3470
4367,3189
4347,3243
4337,3079
4335,3171
4248,2853
4244,2996
4238,2893
4237,2949
4235,3388
4226,2719
4224,2943
4217,2713
4217,2768
4209,2838
4209,2698
4209,2717
4209,2822
4209,2895
4209,2808
4209,2739
4209,2713
4209,3066
4209,2740
4209,3216
4182,2717
4182,2831
4182,2827
4182,2807
4182,2871
4182,2746
4182,2845
4182,2717
4170,2815
4167,2727
4144,2842
4140,2473
4134,2468
4134,2606
4080,2412
4079,2706
4077,2327
4077,2479
4073,2316
4073,2380
4070,2400
4070,2404
4070,2419
4063,2471
4063,2390
4063,2430
4063,2393
4063,2300
4063,2443
4063,2453
4063,2351
4063,2389
4063,2281
4044,2472
4044,2342
4044,2282
4044,2643
4044,2333
4510,3377
4510,3499
4510,3578
4493,3522
4454,3276
4409,3360
4389,3065
4379,3253
4377,3026
4290,3126
4286,2839
4280,2942
4279,2840
4277,2977
4268,2762
4266,2876
4259,3302
4259,2909
4251,2771
4251,2823
4251,2944
4251,2723
4251,3051
4251,2728
4251,2895
4251,2833
4251,2772
4251,2894
4251,2957
4224,2710
4224,2778
4224,2942
4224,2667
4224,2748
4224,3274
4224,2671
4224,2793
4212,2606
4209,2641
4188,2653
4182,2667
4176,2596
4176,2487
4122,2522
4121,2385
4119,2421
4119,2601
4115,2418
4115,2556
4112,2445
4112,2377
4112,2462
4105,2480
4105,2524
4105,2338
4105,2458
4105,2363
4105,2394
4105,2689
4105,2490
4105,2520
4105,2441
4105,2331
4086,2720
4086,2302
4086,2405
4086,2432
4086,2363
4086,2358
4552,3361
4535,3328
4508,3754
4493,3309
4443,3288
4431,3226
4421,3079
4416,3195
4330,2893
4327,3064
4322,2978
4319,3059
4310,2979
4308,2890
4302,3003
4301,2860
4293,2754
4293,2743
4293,2864
4293,2992
4293,2791
4293,2798
4293,2899
4293,2851
4293,2828
4293,2795
4293,2801
4266,3007
4266,2817
4266,3042
4266,2723
4266,2991
4266,2847
4266,2725
4266,2861
4254,2821
4251,2866
4230,2604
4224,2659
4218,2575
4218,2894
4164,2461
4163,2649
4161,2413
4161,2450
4161,2439
4157,2392
4157,2660
4154,2528
4154,2426
4147,2440
4147,2405
4147,2380
4147,2471
4147,2393
4147,2496
4147,2457
4147,2339
4147,2554
4147,2823
4147,2455
4128,2835
4128,2354
4128,2508
4128,2400
4128,2423
4128,2332
4128,2429
4128,2417
4933,4340
4891,4683
4825,4144
4781,4022
4761,4499
4753,3889
4638,3719
4626,4355
4619,3729
4616,3723
4592,3627
4592,3496
4583,3589
4571,3641
4571,3463
4562,3690
4562,3405
4562,3560
4562,3513
4562,3412
4562,3932
4562,3465
4562,3460
4595,3586
4595,3772
4595,3709
4565,3711
4565,3757
4565,3867
4565,3522
4565,3573
4565,3677
4565,3555
4558,3626
4522,3507
4507,3459
4464,3340
4454,3277
4442,3332
4437,3049
4359,3271
4356,2906
4352,3165
4349,2869
4341,3288
4339,2848
4334,3261
4333,3006
4325,3068
4325,2882
4325,3404
4325,2939
4325,2918
4325,2850
4325,2757
4325,2833
4325,3267
4325,2906
4325,2884
4300,2829
4300,2939
4300,2892
4300,3506
4300,2730
4300,2988
4300,2777
4300,2981
4288,2714
4285,3252
4868,3993
4850,4108
4834,4290
4822,3944
4712,3843
4705,4077
4698,3683
4686,3747
4669,3831
4661,3628
4650,3614
4647,3588
4647,3814
4638,3736
4638,3618
4638,3536
4638,3617
4638,3456
4638,3598
4638,3872
4638,3490
4638,3568
4671,3791
4638,3647
4638,3737
4638,3706
4638,3665
4638,3827
4638,3697
4638,3648
4638,3916
4621,3500
4582,3509
4537,3350
4517,3249
4507,3427
4505,3279
4421,3001
4416,3058
4411,3007
4410,3007
4399,2974
4397,3243
4397,2916
4390,2910
4390,2918
4383,2994
4383,2907
4383,2900
4383,3105
4383,3043
4383,2840
4383,3161
4383,2916
4383,3151
4383,2978
4383,3071
4357,2948
4357,3198
4357,3002
4357,2842
4357,2941
4357,3036
4357,2848
4352,2843
4345,2811
4342,2785
4319,2709
4315,2704
4876,3921
4864,3931
4762,3997
4755,3836
4748,3737
4742,3820
4719,3636
4712,3715
4710,3709
4697,3651
4697,3641
4687,3604
4687,3572
4687,3492
4687,3531
4687,3764
4687,3603
4687,4454
4687,3505
4687,3748
4687,3593
4687,3563
4687,3677
4687,3613
4687,3619
4687,3916
4687,3755
4687,3755
4687,3630
4687,3717
4680,3787
4643,3653
4628,3476
4578,3340
4566,3304
4556,3637
4552,3250
4467,3027
4462,3126
4457,3156
4456,3357
4445,3016
4445,3193
4443,3384
4436,2913
4436,3011
4428,2974
4428,3008
4428,2907
4428,2964
4428,2943
4428,3046
4428,3039
4428,2956
4428,3091
4428,2940
4428,3957
4428,2864
4402,2935
4402,3134
4402,2988
4402,3020
4402,2880
4402,3246
4402,2962
4402,2821
4390,2830
4387,2881
4366,2830
4951,4001
4935,4066
4927,4783
4812,3892
4801,3910
4792,3880
4792,3990
4779,3770
4763,4031
4755,3877
4744,3571
4741,3628
4741,3887
4731,3682
4731,3603
4731,3867
4731,3540
4731,3655
4731,3793
4731,3579
4731,3725
4764,3985
4764,3686
4764,3737
4730,4183
4730,3712
4730,3753
4730,4442
4730,3762
4730,3778
4730,3690
4730,3873
4713,3599
4674,3584
4629,3433
4609,3404
4599,3591
4597,3226
4594,3147
4508,3129
4505,2988
4500,3272
4497,3121
4488,3812
4486,2939
4480,3041
4479,3061
4479,2996
4471,3212
4471,2882
4471,3063
4471,3150
4471,2995
4471,2853
4471,3872
4471,3488
4471,2893
4471,2884
4471,3111
4444,2982
4444,2966
4444,2987
4444,3049
4444,2908
4444,3303
4444,2875
4444,2932
4439,3015
4432,2743
5090,4273
5036,4198
5014,4242
4990,4542
4973,4049
4848,4010
4841,3724
4834,4254
4828,3798
4805,3980
4798,3718
4786,3705
4783,3759
4783,3900
4773,3577
4773,3650
4773,3535
4773,3876
4773,3609
4773,3712
4773,3963
4806,3760
4806,3774
4806,4355
4806,3814
4772,3817
4772,3708
4772,4217
4772,3687
4772,3824
4772,4669
4772,3747
4772,3785
4765,3739
4732,3814
4716,3455
4671,3531
4651,3495
4641,3412
4639,3271
4552,3088
4547,3063
4542,3620
4541,3083
4530,2918
4530,3037
4528,3021
4521,4018
4521,3172
4513,2954
4513,2920
4513,3274
4513,3170
4513,3108
4513,3089
4513,3304
4513,3051
4513,3129
4513,2940
4513,3065
4486,3129
4486,3574
4486,2993
4486,3086
4486,2881
4486,2929
4486,3117
4486,3028
4481,2951
5156,4394
5102,4692
5056,4248
5034,4322
5026,4087
4896,4025
4885,3950
4876,3903
4876,4052
4863,3751
4847,3789
4839,3775
4828,4353
4825,3629
4815,3655
4815,3639
4815,3692
4815,3678
4815,3586
4815,3959
4815,3608
4848,3725
4848,3863
4848,3840
4848,3981
4848,3917
4814,4150
4814,3806
4814,3818
4814,4478
4814,3706
4814,3756
4814,3803
4807,3855
4774,3748
4755,3814
4705,3773
4693,3417
4683,3468
4679,3311
4594,3200
4589,3433
4584,3180
4583,3162
4572,3312
4572,3271
4570,3022
4563,3051
4563,3148
4555,4242
4555,4648
4555,4624
4555,3041
4555,3086
4555,3053
4555,3058
4555,3021
4555,3125
4555,3476
4555,3038
4528,2946
4528,3041
4528,2973
4528,6292
4528,3014
4528,3186
4528,3083
4528,3063
4523,3079
5234,4520
5195,4593
5120,4409
5098,4515
5074,4433
5057,4145
4932,3840
4925,3932
4918,4010
4906,3995
4889,3782
4881,4070
4870,3879
4867,3804
4867,3787
4857,4279
4857,3822
4857,3753
4857,3704
4857,3863
4890,4159
4890,3966
4890,4312
4890,3858
4890,3894
4890,3825
4856,4039
4856,3766
4856,3888
4856,3986
4856,4038
4856,3986
4856,3904
4854,4369
4816,3662
4800,3505
4755,3514
4735,3391
4725,3377
4723,3812
4636,3103
4632,3220
4626,3044
4625,3137
4623,3038
4614,3085
4612,3158
4605,3086
4605,3021
4597,3463
4597,3003
4597,2936
4597,3135
4597,4394
4597,3121
4597,3034
4597,3163
4597,3293
4597,3108
4597,3069
4570,2935
4570,3278
4570,3244
4570,2987
4570,3203
4570,3096
4570,3073
4570,2950
4565,3078
5276,4493
5237,4520
5162,4651
5140,4424
5116,4196
5104,4115
4974,3914
4967,4059
4960,4112
4954,3877
4931,3858
4924,3741
4922,3775
4909,3838
4909,3832
4899,3737
4899,3933
4899,3676
4899,3736
4899,3851
4932,3935
4932,3856
4932,3819
4932,3862
4932,4058
4932,4044
4898,3746
4898,3770
4898,4230
4898,3942
4898,3893
4898,3935
4898,3919
4898,3838
4881,3737
4851,4388
4797,3434
4777,3694
4767,3436
4765,3377
4678,3369
4674,3538
4673,3255
4668,3297
4665,3300
4656,3533
4654,3084
4648,3887
4647,3177
4647,3283
4639,3369
4639,2993
4639,3059
4639,3231
4639,3099
4639,3116
4639,3054
4639,3024
4639,3128
4639,3161
4639,3109
4612,3023
4612,3064
4612,3162
4612,2991
4612,3283
4612,3024
4612,3006
4612,4209
5324,4525
5291,4653
5204,4619
5182,4447
5158,4272
5146,4293
5022,3940
5009,4173
5002,3895
4996,3885
4973,3783
4966,3818
4964,3705
4951,3865
4951,3753
4941,4474
4941,3719
4941,3797
4941,3804
4974,3867
4974,3809
4974,3875
4974,3848
4974,4085
4974,3960
4974,3918
4940,3908
4940,4170
4940,3811
4940,3969
4940,4069
4940,4404
4940,4023
4940,3991
4923,4026
4893,4369
4881,3615
4831,3424
4819,3388
4809,3481
4804,3402
4718,3205
4715,3212
4710,3236
4707,3303
4698,3123
4696,3146
4690,3118
4689,3229
4689,3122
4681,3029
4681,3062
4681,3014
4681,3090
4681,3136
4681,3190
4681,3060
4681,3899
4681,3039
4681,3132
4681,3030
4654,3100
4654,3131
4654,3262
4654,3876
4654,3041
4654,3061
4654,3032
4654,3069
5386,4730
5341,4692
5268,4547
5224,4597
5200,4285
5192,4404
5064,4129
5053,3897
5044,4488
5041,3981
5031,3914
5015,3901
5007,3803
4996,3781
4993,5053
4983,3721
4983,3739
4983,4247
4983,3708
5016,4032
5016,3894
5016,4372
5016,3840
5016,4154
5016,4034
5016,4107
5016,4173
4982,4082
4982,3984
4982,3866
4982,4726
4982,3872
4982,3801
4982,3912
4975,4475
4942,3714
4926,3694
4881,3578
4861,3651
4851,3432
4849,3449
4762,3427
4757,3172
4752,3318
4751,3349
4740,3466
4740,3139
4738,3148
4731,3168
4731,3062
4723,3314
4723,3256
4723,3826
4723,3090
4723,3175
4723,3581
4723,3120
4723,3160
4723,3346
4723,3194
4723,3039
4723,3302
4696,3001
4696,3088
4696,3276
4696,3169
4696,3153
4696,3163
4696,3128
5497,5005
5424,5273
5371,4748
5288,4473
5266,4483
5242,4479
5230,4229
5100,4118
5093,4261
5086,4000
5080,4243
5057,3887
5050,4062
5048,4007
5035,3867
5035,3902
5025,3846
5025,4094
5025,3767
5058,4085
5058,4097
5058,3928
5058,4810
5058,3903
5058,4021
5058,4156
5058,4021
5024,4006
5024,3887
5024,5493
5024,3997
5024,4638
5024,3908
5024,3890
5022,3962
4984,4268
4968,3690
4923,3645
4903,3588
4893,3625
4891,3536
4804,3229
4800,3515
4794,3211
4793,3151
4791,3379
4782,3122
4780,3298
4773,3173
4773,3173
4765,3094
4765,3111
4765,3134
4765,3094
4765,3284
4765,3132
4765,3311
4765,3146
4765,3150
4765,3283
4765,3133
4738,3148
4738,3392
4738,3268
4738,3076
4738,3181
4738,3075
4738,3141
4738,3066
5481,4902
5446,4748
5354,4672
5308,4559
5286,4427
5278,4393
5148,4064
5137,4152
5135,4013
5128,4018
5115,3865
5099,4035
5091,4317
5080,3872
5077,3788
5067,3781
5067,3923
5067,3887
5100,4055
5100,3998
5100,3915
5100,4181
5100,4017
5100,4092
5100,4088
5100,3965
5066,4129
5066,4108
5066,3991
5066,4028
5066,4051
5066,3891
5066,4099
5066,4179
5049,3911
5019,3777
4965,3718
4945,3627
4935,4417
4933,3543
4846,3373
4842,3267
4836,3413
4836,3203
4833,3326
4824,3533
4822,3290
4816,3216
4815,3293
4807,3098
4807,3308
4807,3283
4807,3370
4807,3529
4807,3080
4807,3190
4807,3469
4807,3121
4807,3206
4807,3436
4780,3148
4780,3226
4780,3289
4780,3110
4780,3155
4780,3342
4780,3227
4780,3180
4768,3243
5450,4574
5394,5076
5350,4626
5326,4465
5318,4509
5190,4779
5177,4128
5170,4120
5167,4177
5141,3901
5141,4054
5132,3965
5119,4008
5119,3950
5109,4017
5109,3948
5109,4297
5109,3836
5142,4087
5142,4024
5142,4159
5142,4643
5142,4110
5142,4117
5142,4219
5108,4321
5108,4033
5108,4453
5108,3978
5108,4022
5108,4148
5108,4231
5106,4552
5068,3755
5052,3745
4999,3557
4987,3544
4977,3602
4973,3661
4886,3345
4883,3735
4878,3272
4877,3514
4866,3370
4864,3190
4858,3251
4857,3662
4857,3140
4849,3288
4849,3472
4849,3243
4849,3299
4849,3386
4849,3352
4849,3399
4849,3230
4849,3696
4849,3258
4822,3367
4822,3573
4822,3671
4822,3264
4822,3329
4822,3172
4822,3329
4822,3376
4817,3247
4810,3117
4807,3159
5371,4382
5355,4841
5347,4423
5232,4412
5226,4535
5219,4048
5212,4149
5200,4000
5183,4067
5175,3989
5164,4388
5161,3889
5151,3970
5151,3924
5151,3976
5151,4428
5151,3891
5151,3870
5184,4152
5184,4119
5184,4826
5184,4285
5184,4126
5184,4057
5150,4143
5150,4135
5150,4501
5150,4315
5150,4034
5150,4205
5150,4060
5133,3880
5106,4222
5091,3739
5041,3732
5029,3669
5019,3977
5014,3481
4928,3433
4925,3370
4920,3647
4919,3350
4908,3361
4906,3519
4900,3244
4899,3299
4899,3946
4891,3224
4891,3379
4891,3283
4891,3350
4891,3322
4891,3266
4891,3221
4891,3296
4891,3304
4891,3689
4891,3156
4864,3161
4864,3474
4864,3146
4864,3254
4864,3165
4864,3224
4864,3313
4864,3246
4852,3287
4849,3178
4828,3101
5413,4395
5397,4764
5389,4561
5274,4377
5263,4364
5254,4383
5254,4947
5241,4092
5225,3970
5217,4038
5206,4128
5203,3962
5193,4471
5193,8863
5193,7719
5193,9977
5193,3982
5226,4170
5226,4179
5226,4135
5226,4441
5226,4100
5226,4823
5226,4372
5192,4161
5192,4168
5192,4081
5192,4042
5192,4175
5192,4263
5192,4053
5185,4036
5148,3910
5133,3712
5083,3757
5071,3560
5061,3678
5057,3604
4970,3733
4967,3307
4962,3459
4961,3606
4950,3254
4948,3323
4942,3310
4941,3344
4941,3381
4933,3428
4933,3448
4933,3541
4933,4738
4933,3346
4933,3480
4933,3306
4933,3260
4933,6706
4933,3238
4933,3559
4906,3365
4906,3172
4906,3659
4906,3203
4906,3260
4906,3158
4906,3341
4906,3249
4894,3228
4891,3175
4870,3146
5455,4376
5437,4525
5429,4443
5316,4274
5303,4196
5296,4202
5293,4235
5267,4035
5267,4351
5258,4017
5245,4072
5245,3943
5235,3915
5235,3990
5235,4008
5235,3911
5235,4064
5268,4140
5268,4227
5268,4187
5268,4709
5268,5580
5268,4194
5234,4220
5234,4222
5234,4159
5234,4108
5234,4158
5234,4938
5234,4077
5234,4563
5217,5019
5187,4575
5175,4109
5125,3911
5113,4849
5103,4245
5098,4517
5012,3649
5009,4783
5004,3574
5001,3771
4992,3770
4990,3416
4984,3686
4983,3391
4983,3518
4975,3458
4975,3350
4975,3349
4975,4248
4975,3449
4975,3451
4975,4320
4975,4551
4975,4540
4975,4033
4975,4054
4948,4270
4948,4153
4948,3534
4948,3302
4948,4165
4948,3309
4948,3487
4948,6462
4943,3437
4936,4796
4933,3634
5497,5431
5481,7639
5473,6185
5462,4472
5352,4709
5345,5860
5338,7067
5326,5999
5309,5798
5301,5972
5290,4744
5287,4018
5287,4381
5277,4180
5277,3977
5277,4071
5310,4312
5310,4437
5310,4191
5310,4259
5310,4167
5310,4753
5310,4193
5310,4270
5276,4229
5276,4133
5276,4072
5276,4126
5276,4140
5276,4609
5276,4090
5259,4050
5232,4177
5217,3937
5167,3722
5155,3942
5145,5824
5140,4941
5054,3992
5051,4671
5046,3646
5043,3416
5034,3630
5032,6498
5026,3638
5025,4066
5025,4305
5017,3690
5017,3415
5017,3592
5017,3758
5017,3412
5017,4125
5017,3559
5017,3811
5017,6543
5017,3474
5017,3367
4990,4277
4990,3667
4990,3399
4990,3292
4990,3378
4990,3375
4990,3515
4985,3263
4978,3365
4975,3295
4952,3085
5539,4538
5521,4460
5504,6039
5394,4387
5387,4598
5380,4473
5368,4234
5351,4198
5343,4244
5332,4148
5329,4753
5329,4290
5319,4406
5319,4538
5319,4079
5319,4142
5352,4333
5352,4400
5352,4189
5352,4163
5352,4146
5352,4479
5352,4190
5318,4112
5318,4228
5318,4231
5318,4364
5318,4203
5318,4242
5318,4634
5301,4386
5274,3950
5259,3908
5209,3870
5197,3818
5187,3932
5182,3928
5096,3530
5093,3510
5088,3480
5085,3669
5076,3363
5074,3384
5068,3588
5067,3603
5067,3301
5059,3410
5059,3388
5059,3380
5059,3392
5059,3354
5059,4794
5059,3368
5059,4080
5059,4195
5059,3319
5032,3422
5032,3351
5032,3456
5032,3471
5032,3380
5032,3447
5032,3795
5032,3458
5027,3367
5020,3724
5017,3636
4994,3108
4984,3292
5545,4399
5442,4859
5431,4409
5429,4313
5422,4383
5409,4239
5393,4189
5385,4185
5374,4954
5371,4458
5361,4154
5361,4183
5361,4141
5361,4140
5361,4191
5361,4239
5394,4484
5394,4399
5394,4430
5394,4360
5394,4825
5360,4314
5360,4519
5360,4607
5360,4379
5360,4329
5360,4213
5360,4398
5360,4283
5320,4147
5304,4047
5259,4286
5239,3808
5229,3761
5227,3704
5140,3503
5135,4167
5130,3562
5129,3520
5118,3346
5118,3735
5116,3696
5109,3512
5109,3428
5101,3470
5101,3409
5101,3578
5101,3469
5101,3659
5101,3459
5101,3759
5101,3328
5101,3495
5101,3533
5101,4257
5074,3331
5074,3440
5074,3433
5074,3439
5074,3651
5074,3525
5074,3436
5074,3355
5062,3575
5059,3211
5038,3222
5032,3263
5026,4803
5026,3200
5474,4292
5465,5199
5458,4752
5455,4546
5429,4458
5422,4203
5420,4322
5407,4220
5407,4255
5397,4433
5397,4113
5397,4070
5397,4252
5397,4090
5397,4884
5430,4394
5430,4404
5430,4303
5430,4391
5430,4369
5402,4327
5402,4360
5402,4369
5402,4387
5402,4373
5402,4295
5402,4325
5400,4874
5362,4298
5346,4134
5301,4029
5281,3830
5271,3880
5269,4292
5182,3670
5178,3789
5172,3668
5171,3594
5169,3633
5160,3426
5158,3819
5151,3569
5151,3726
5143,3875
5143,3596
5143,4071
5143,3463
5143,3377
5143,3704
5143,3628
5143,3426
5143,3945
5143,3451
5143,3444
5116,3489
5116,3427
5116,4511
5116,3354
5116,3568
5116,3436
5116,3702
5116,3794
5111,3343
5104,3361
5101,3252
5078,3601
5074,3303
5068,3113
5068,3152
5514,4166
5507,4699
5500,4748
5494,4341
5471,4570
5464,4123
5452,4211
5449,4266
5449,4285
5439,4235
5439,4202
5439,4203
5439,4194
5439,5846
5439,4836
5472,4298
5472,4383
5472,4325
5472,4442
5472,4381
5444,5249
5444,4932
5444,4880
5444,4661
5444,4989
5444,4375
5444,4383
5444,4284
5404,4184
5388,4110
5343,3955
5323,3763
5313,3877
5311,4113
5224,3724
5220,3572
5214,3680
5213,3724
5211,3595
5202,3778
5200,3509
5193,3577
5193,3536
5185,3485
5185,3509
5185,3462
5185,3539
5185,3439
5185,3563
5185,4035
5185,3715
5185,3352
5185,3451
5185,3609
5158,3461
5158,3668
5158,3533
5158,3566
5158,3496
5158,3473
5158,3794
5158,3475
5153,3505
5146,3264
5143,3370
5120,3930
5110,3457
5110,3314
5056,3200
5551,4222
5547,4365
5542,4393
5529,4232
5513,4286
5505,4872
5494,4382
5491,4200
5481,4315
5481,4137
5481,4087
5481,4184
5481,4596
5481,4247
5481,4228
5514,4567
5514,4476
5514,4387
5514,4480
5486,4370
5486,4477
5486,4541
5486,4230
5486,4426
5486,4479
5486,4295
5484,4419
5446,4142
5430,5417
5385,4084
5365,4032
5355,3881
5353,3904
5266,3678
5261,3691
5256,3807
5255,4236
5244,3466
5242,3573
5242,3443
5235,3612
5235,3497
5227,3618
5227,3726
5227,3631
5227,4564
5227,3411
5227,3569
5227,3453
5227,3800
5227,3454
5227,3490
5227,3396
5200,3404
5200,3913
5200,3454
5200,3474
5200,3509
5200,3492
5200,3457
5200,3795
5188,3294
5185,3386
5162,3220
5158,3754
5152,3241
5152,3328
5098,3078
5097,3611
5584,4242
5572,4231
5555,4223
5547,4779
5536,4398
5533,4166
5533,4216
5523,4161
5523,4511
5523,4110
5523,4246
5523,4371
5523,4236
5523,4214
5556,4392
5556,4315
5556,4346
5556,4439
5528,4260
5528,4361
5528,4347
5528,4293
5528,4280
5528,4986
5528,4351
5526,4363
5488,4429
5472,4542
5427,4096
5407,3834
5397,3848
5395,3975
5308,3590
5304,3786
5303,3861
5298,3980
5295,3703
5286,3634
5284,3609
5278,3606
5277,3440
5277,3784
5269,3974
5269,3951
5269,3637
5269,3454
5269,3534
5269,3533
5269,3432
5269,3704
5269,3657
5269,3546
5242,3489
5242,3664
5242,3612
5242,3727
5242,3427
5242,3589
5242,3464
5242,3518
5237,3502
5227,3574
5206,3336
5200,3231
5194,3251
5194,3393
5140,3192
5139,3163
5137,3215
5623,4216
5613,4313
5597,4469
5589,4248
5575,4396
5575,4551
5565,4269
5565,4258
5565,4171
5565,4311
5565,4326
5565,4175
5565,4443
5565,4408
5598,4469
5598,4547
5598,4493
5570,4432
5570,4617
5570,4313
5570,4533
5570,4385
5570,4464
5570,4491
5568,4536
5530,4198
5514,4280
5469,4217
5449,3971
5439,4075
5435,4279
5348,3611
5345,3850
5340,5195
5339,3761
5328,3503
5326,3668
5320,4177
5319,3756
5319,3475
5311,3642
5311,3652
5311,3601
5311,3464
5311,3783
5311,3483
5311,3681
5311,3650
5311,3511
5311,3561
5284,3614
5284,3448
5284,3560
5284,3561
5284,3666
5284,3875
5284,3622
5284,3646
5272,3486
5269,3792
5248,3354
5242,3233
5236,3674
5236,3475
5182,3099
5181,3082
5179,3239
5179,3198
5175,3107
5629,4157
5627,4355
5614,4264
5614,4375
5604,4236
5604,4263
5604,4187
5604,4231
5604,4330
5604,4316
5604,4271
5604,4385
5604,4229
5637,4451
5637,4435
5612,4435
5612,4439
5612,4558
5612,4598
5612,4561
5612,4357
5612,4334
5605,4440
5572,4546
5553,4328
5503,4033
5491,4063
5481,3937
5477,4076
5390,3676
5387,3665
5382,3820
5381,4016
5370,3931
5368,3627
5362,3693
5361,3675
5361,3585
5353,3614
5353,4085
5353,3556
5353,3781
5353,3601
5353,3581
5353,3546
5353,3630
5353,3725
5353,3573
5353,3665
5326,3628
5326,3488
5326,3812
5326,3674
5326,3730
5326,3542
5326,3535
5326,3546
5314,3469
5311,3368
5290,3431
5284,3612
5278,3302
5278,3330
5224,3253
5223,3230
5221,3317
5221,3137
5221,3346
5217,3175
5664,4170
5656,4179
5653,4320
5643,4417
5643,4308
5643,4895
5643,4295
5643,4271
5643,4310
5643,4395
5643,4317
5643,4472
5643,4272
5676,4562
5676,4619
5654,4544
5654,4424
5654,4361
5654,4452
5654,4484
5654,4554
5654,4487
5652,4502
5614,4400
5598,4233
5553,4036
5533,4027
5523,4024
5521,3907
5434,3702
5430,3835
5424,3795
5424,3855
5421,3818
5412,3668
5410,3856
5404,3687
5403,3982
5403,3590
5395,3681
5395,3900
5395,3883
5395,3872
5395,3650
5395,3767
5395,3571
5395,3652
5395,3714
5395,3622
5395,3682
5368,4138
5368,3918
5368,3557
5368,3729
5368,3832
5368,3825
5368,3611
5368,3647
5356,3504
5353,3735
5330,3348
5326,3813
5320,3314
5320,3458
5266,3238
5265,3359
5263,3196
5263,3594
5259,3180
5706,4494
5698,4335
5695,4604
5695,4437
5685,4384
5685,4376
5685,4266
5685,4357
5685,4327
5685,4417
5685,4276
5685,4496
5685,4316
5718,4504
5718,4740
5696,4470
5696,4631
5696,4519
5696,4463
5696,4518
5696,4988
5696,4580
5694,4392
5656,4323
5640,4271
5595,4124
5575,4097
5565,3966
5563,4029
5476,3903
5471,3762
5466,3723
5465,3751
5454,3904
5452,3996
5452,4131
5445,3631
5445,4053
5437,3674
5437,3708
5437,3769
5437,3821
5437,3735
5437,3654
5437,3647
5437,3629
5437,3660
5437,3630
5437,3738
5410,4256
5410,4062
5410,3689
5410,3635
5410,3580
5410,3632
5410,3627
5410,6295
5398,3451
5395,3569
5374,3493
5368,3526
5362,3493
5362,4006
5308,3474
5307,3760
5305,3232
5305,3253
5301,3277
5301,3354
5747,4299
5737,4624
5737,4940
5727,4259
5727,4758
5727,4429
5727,4480
5727,4483
5727,4301
5727,4391
5727,4365
5727,4625
5760,4659
5760,4600
5738,4820
5738,4991
5738,4576
5738,5116
5738,4970
5738,4477
5738,4661
5731,4798
5698,4360
5679,4360
5629,4266
5617,4017
5607,4225
5603,4072
5516,3837
5513,3725
5508,4325
5505,4042
5496,3782
5494,3733
5488,3669
5487,4287
5487,3783
5479,3628
5479,3771
5479,3741
5479,3633
5479,3993
5479,4034
5479,4167
5479,3839
5479,4210
5479,3947
5479,3683
5452,3662
5452,3583
5452,3628
5452,3561
5452,3672
5452,3722
5452,3689
5452,3644
5440,3637
5437,3842
5414,3571
5410,3479
5404,3324
5404,3599
5350,3342
5349,3369
5347,3569
5347,3731
5343,3233
5343,3455
5343,3294
5773,4216
5773,4453
5766,4363
5766,4392
5766,4355
5766,4925
5766,4426
5766,4562
5766,4345
5766,4348
5766,4392
5766,4691
5799,4826
5799,5254
5780,4574
5780,4918
5780,4634
5780,4631
5780,4492
5780,4650
5780,4573
5778,4755
5740,4525
5724,4243
5679,4296
5659,4053
5649,4076
5647,4546
5560,3803
5558,3892
5555,3934
5550,3785
5547,4623
5538,3913
5536,4298
5536,3868
5529,3800
5529,3850
5521,3647
5521,3645
5521,3583
5521,3747
5521,3613
5521,3667
5521,3820
5521,3693
5521,3651
5521,3810
5521,3657
5521,4005
5494,4660
5494,4084
5494,3658
5494,4412
5494,3754
5494,3661
5494,3724
5494,3750
5482,3581
5479,3671
5458,3639
5452,3436
5446,3531
5446,4243
5392,3617
5391,3422
5389,3319
5389,3500
5389,3368
5846,4346
5838,4473
5827,4557
5824,4463
5814,4475
5814,4520
5814,4491
5814,4466
5814,4429
5814,4847
5814,4760
5847,5319
5847,4570
5847,4643
5847,4668
5847,4705
5822,4617
5822,4982
5822,4675
5822,5150
5822,4790
5822,5123
5822,5174
5822,4604
5805,4522
5766,4350
5721,4332
5701,4226
5691,4218
5691,4198
5686,4086
5600,3977
5597,3978
5592,3819
5591,3932
5580,3935
5578,3885
5578,4701
5571,4285
5571,4155
5563,3910
5563,3772
5563,4149
5563,3919
5563,3710
5563,3811
5563,3802
5563,3807
5563,3965
5563,3698
5563,3748
5563,3722
5536,3696
5536,3756
5536,3812
5536,3714
5536,3844
5536,3762
5536,3625
5536,4811
5524,3692
5521,3666
5500,3505
5494,3644
5488,3507
5488,4854
5488,3465
5434,3501
5433,3502
5920,4493
5908,4500
5891,4686
5883,4548
5872,4489
5869,4451
5869,4518
5859,4652
5859,4600
5859,4655
5859,4648
5892,4614
5892,4749
5892,4607
5892,4800
5892,4611
5892,4936
5892,4768
5864,4815
5864,4755
5864,5218
5864,4684
5864,4585
5864,4632
5864,4608
5857,4616
5820,4706
5805,4379
5755,4472
5743,4203
5733,4247
5729,4085
5642,3870
5639,3844
5634,3978
5633,3939
5622,3873
5620,3803
5614,3826
5613,3770
5613,3880
5605,3727
5605,3856
5605,3725
5605,3886
5605,3744
5605,4426
5605,3873
5605,3767
5605,3842
5605,5995
5605,3939
5578,3704
5578,3738
5578,3782
5578,3833
5578,3920
5578,3719
5578,4260
5578,3829
5566,3660
5563,3607
5540,3547
5536,4677
5530,3577
5530,3560
5476,3346
5475,3452
5473,3487
5941,4443
5930,4448
5922,4712
5911,4492
5908,4596
5908,4732
5898,4662
5898,4547
5898,4561
5898,4629
5898,4604
5931,6171
5931,4681
5931,4762
5931,4855
5931,5087
5906,4693
5906,4675
5906,4636
5906,4618
5906,4680
5906,4657
5906,4687
5906,4602
5889,4983
5850,4754
5805,4839
5785,4136
5775,4186
5773,4195
5686,4477
5682,4784
5676,4379
5675,4529
5664,3923
5664,4030
5662,3987
5655,3867
5655,3824
5647,3924
5647,3870
5647,3849
5647,3843
5647,3823
5647,3896
5647,3895
5647,3823
5647,3890
5647,3868
5647,3783
5620,3980
5620,3705
5620,3817
5620,3894
5620,3837
5620,4105
5620,3830
5615,3687
5605,4319
5584,3587
5578,3725
5572,3539
5572,3663
5518,3649
5517,3405
5515,3549
5515,3386
5511,3683
5511,3531
5948,4405
5945,5222
5945,4537
5935,4719
5935,4518
5935,4586
5935,4571
5935,4701
5935,4529
5935,4796
5968,5004
5968,5415
5968,4776
5948,4776
5948,4907
5948,4756
5948,5114
5948,4727
5948,5282
5948,4751
5941,4774
5904,4629
5889,4394
5839,4222
5827,4356
5815,4235
5728,3928
5724,4892
5718,4146
5717,4296
5706,4187
5704,3783
5704,3971
5697,3953
5697,3828
5689,3955
5689,4015
5689,3859
5689,3919
5689,3862
5689,3944
5689,3958
5689,3905
5689,3895
5689,4039
5662,3845
5662,3884
5662,3988
5662,4002
5662,4111
5662,4094
5662,3766
5657,3923
5650,4092
5626,3667
5620,3663
5614,3572
5614,3562
5560,3703
5559,3432
5557,3704
5557,3427
5553,3630
5553,3503
5553,3622
5550,3821
5550,3822
5543,3554
5543,3514
5976,4392
5976,4694
5976,4731
5976,4766
5976,4793
5976,4555
5976,4623
5976,4634
5976,4650
5957,4743
5990,4746
5990,5141
5990,5399
5990,5037
5990,4686
5990,4913
5988,4797
5950,4888
5934,4910
5889,4355
5869,4367
5859,4328
5857,4177
5770,4111
5765,4056
5760,4100
5759,3990
5757,3950
5748,3988
5746,4098
5739,3874
5739,4166
5731,3917
5731,3837
5731,3893
5731,3963
5731,3911
5731,3978
5731,3903
5731,4038
5731,4217
5731,3891
5731,4623
5731,3994
5704,3953
5704,3920
5704,3835
5704,3939
5704,3907
5704,3863
5704,3903
5704,3989
5692,3711
5689,3862
5666,3751
5662,3578
5656,3721
5656,3679
5602,3586
5601,3586
5599,3522
5599,3681
5595,3528
5595,3613
5592,3449
5592,3468
5592,4021
5585,4240
5585,3631
6018,4388
6018,4701
6018,4626
6018,4603
6018,5009
6018,5046
6018,4944
6018,4662
6018,4679
5999,4713
6032,5049
6032,4754
6032,4736
6032,4840
6032,4858
6032,4845
6032,5823
5992,4599
5976,4535
5931,4549
5911,4445
5901,4376
5899,4328
5812,4412
5808,4379
5802,4098
5801,4146
5799,4119
5790,4039
5788,4072
5782,4025
5781,3915
5773,3894
5773,4335
5773,3909
5773,3977
5773,3920
5773,3886
5773,3907
5773,3924
5773,4025
5773,4336
5773,3850
5746,4195
5746,4133
5746,3825
5746,3881
5746,3930
5746,4002
5746,3885
5746,3867
5746,3927
5734,3813
5731,3724
5708,3619
5704,3793
5698,3675
5698,4804
5644,3558
5643,3635
5641,3715
5641,3478
5637,4046
5637,3487
5637,3685
5634,3441
5634,3592
5627,3422
5627,3539
6060,4433
6060,4472
6060,4663
6060,4877
6060,5088
6060,4600
6060,4689
6060,4669
6060,4753
6074,4898
6074,5228
6074,4814
6074,4944
6074,4974
6074,4870
6074,6907
6074,4879
6057,4974
6018,4649
5973,4846
5953,4470
5943,4435
5941,4385
5854,4136
5850,4250
5849,4107
5844,4086
5841,4095
5832,4114
5830,4065
5824,4146
5823,4083
5823,3947
5815,3997
5815,3960
5815,3956
5815,4054
5815,3883
5815,4281
5815,4000
5815,4446
5815,4356
5815,3962
5815,4007
5788,4090
5788,3918
5788,4072
5788,3937
5788,3969
5788,3934
5788,4033
5788,3881
5776,3996
5773,3893
5752,3860
5746,3747
5740,3822
5740,3704
5686,3684
5685,3577
5683,3660
5683,3648
5679,3491
5679,3654
5679,3514
5676,3643
5676,3799
5669,3715
5669,3655
6102,4485
6102,4665
6102,4868
6102,5162
6102,4985
6102,4630
6102,4701
6102,4664
6102,5022
6116,5032
6116,4827
6116,5005
6116,4684
6116,4789
6116,4997
6116,4737
6116,5489
6099,4604
6069,4585
6057,4680
6007,4536
5995,4737
5985,4984
5980,4355
5894,4045
5891,4057
5886,4011
5883,4044
5874,4153
5872,4111
5866,4123
5865,4085
5865,3954
5857,4060
5857,4215
5857,4520
5857,4000
5857,4100
5857,4005
5857,3955
5857,3925
5857,4036
5857,3984
5857,3947
5830,4091
5830,4013
5830,4019
5830,3951
5830,3880
5830,3913
5830,3912
5830,3873
5818,4063
5815,3822
5794,3958
5788,3691
5782,3683
5782,3827
5728,3896
5727,3677
5725,3630
5725,3717
5721,3507
5721,3630
5721,3571
5718,3578
5718,3585
5711,3610
5711,3559
6144,4472
6144,4599
6144,4769
6144,4561
6144,4688
6144,4648
6144,4708
6144,4798
6177,5438
6158,4969
6158,4895
6158,5000
6158,4871
6158,4913
6158,4862
6158,4965
6158,5056
6141,5443
6114,5211
6099,4654
6049,4388
6037,4440
6027,4469
6022,4944
5936,4110
5933,4201
5928,4145
5927,4064
5916,4034
5914,4170
5908,4051
5907,4384
5907,4106
5899,4168
5899,4009
5899,3998
5899,4300
5899,4460
5899,4117
5899,3929
5899,3974
5899,3983
5899,4061
5899,4001
5872,3898
5872,4032
5872,3885
5872,4176
5872,4053
5872,4506
5872,3960
5872,3974
5867,4060
5860,3817
5857,4482
5834,3794
5830,3839
5824,3879
5824,3689
5770,3623
5769,3745
5767,4583
5767,3764
5763,3667
5763,3551
5760,3558
5760,3647
5760,3562
5753,3492
6186,4533
6186,4632
6186,4713
6186,4817
6186,4741
6186,5180
6186,4712
6186,4853
6219,5114
6219,5220
6200,4947
6200,4918
6200,4835
6200,4900
6200,5063
6200,4953
6200,5078
6200,5073
6183,4994
6144,4603
6099,4632
6079,4593
6069,4399
6067,4515
5980,4344
5978,4929
5975,4305
5970,4230
5967,4045
5958,4042
5956,4145
5950,4068
5949,3957
5949,4404
5941,4074
5941,4669
5941,3929
5941,4787
5941,4277
5941,4497
5941,6952
5941,4123
5941,3987
5941,4015
5941,3965
5914,3961
5914,4033
5914,4056
5914,4235
5914,4171
5914,3951
5914,3970
5914,3932
5909,3923
5902,3883
5878,3994
5872,3659
5866,3717
5866,3693
5866,3936
5812,3579
5811,3762
5809,3511
5809,3689
5805,3659
5805,3539
5802,3543
5802,3659
5802,3551
6228,4605
6228,5333
6228,4820
6228,4957
6228,4890
6228,4757
6228,4824
6228,4927
6261,5017
6261,6263
6261,5052
6242,5013
6242,5028
6242,4909
6242,5057
6242,5020
6242,5471
6242,4958
6240,5020
6202,4767
6186,4865
6141,4556
6121,4620
6111,4458
6109,4386
6022,4223
6017,4183
6012,4333
6011,4628
6000,4506
6000,4225
5998,4189
5991,4129
5991,4173
5983,4080
5983,4093
5983,4029
5983,4161
5983,4008
5983,4495
5983,4110
5983,4087
5983,4129
5983,4194
5983,4043
5956,4141
5956,4055
5956,4080
5956,3981
5956,4553
5956,4090
5956,4020
5956,4044
5951,4073
5944,4135
5941,4702
5918,3947
5914,3895
5908,3734
5908,3708
5854,3637
5853,3692
5851,3719
5851,3675
5847,3747
5847,3706
5847,3599
5844,3589
5844,3689
6270,4641
6270,4721
6270,5265
6270,4904
6270,4802
6270,4870
6270,5135
6303,5004
6303,4982
6303,4994
6303,5866
6284,5024
6284,4888
6284,5132
6284,4974
6284,4991
6284,5008
6284,5015
6284,4991
6267,4990
6240,4787
6225,4903
6175,4475
6163,4433
6153,4366
6149,4553
6062,4427
6059,4712
6054,4416
6053,4363
6042,4379
6040,4242
6040,4292
6033,4485
6033,4115
6025,4087
6025,4045
6025,4127
6025,4066
6025,4043
6025,4146
6025,4253
6025,4762
6025,4116
6025,4057
6025,4055
5998,4139
5998,4115
5998,4431
5998,4364
5998,4750
5998,4053
5998,4207
5993,4139
5986,4057
5983,3904
5960,3993
5956,3859
5950,3889
5950,3818
5896,3998
5895,3912
5893,4081
5893,3691
5889,4409
5889,3616
5886,3698
5886,3714
5879,3726
6312,4655
6312,5232
6312,4807
6312,4768
6312,4937
6312,4925
6312,4928
6345,5087
6345,5485
6345,5202
6326,5255
6326,5701
6326,5360
6326,5075
6326,5342
6326,4989
6326,5240
6309,5132
6282,5280
6267,4624
6217,4458
6205,4544
6193,4761
6106,4761
6102,4116
6101,4196
6096,4157
6093,4360
6084,4119
6082,4210
6075,4279
6075,4238
6067,4091
6067,4105
6067,4065
6067,4194
6067,4124
6067,4192
6067,4058
6067,4231
6067,4037
6067,4229
6067,4070
6040,4089
6040,4193
6040,4077
6040,4113
6040,4170
6040,4181
6040,4239
6040,4036
6028,4072
6025,3889
6002,3866
5998,3864
5992,3897
5992,3874
5938,3714
5937,4080
5935,4133
5935,3935
5931,3732
5931,3721
5928,3614
5928,3808
5921,3714
5921,3755
5921,3597
5921,3880
6354,4695
6354,5111
6354,5266
6354,5007
6354,5029
6354,5092
6354,4849
6368,5203
6368,5093
6368,5469
6368,5319
6368,5072
6368,5813
6368,4938
6361,5051
6328,5327
6312,4970
6259,4611
6247,4713
6237,5166
6233,4583
6146,4362
6143,4418
6138,4311
6137,4554
6126,4543
6124,4230
6118,4248
6117,4302
6117,4349
6109,4261
6109,4165
6109,4396
6109,4081
6109,4350
6109,4115
6109,4163
6109,4163
6109,4171
6109,4424
6109,4150
6082,4072
6082,4103
6082,4103
6082,4105
6082,4114
6082,4367
6082,4127
6082,4143
6070,3998
6067,4082
6044,3883
6040,3873
6034,4206
6034,4247
5980,3710
5979,3827
5977,3721
5977,4047
5973,3690
5973,3707
5970,3753
5970,3650
5963,3693
5963,3705
5963,3747
5963,3679
5963,3601
5963,3966
6396,4706
6396,4791
6396,5345
6396,4902
6396,4833
6377,4953
6410,5161
6410,5080
6410,5178
6410,5264
6410,5058
6410,5023
6410,5045
6393,5551
6363,4923
6351,4740
6301,4767
6289,4574
6277,4494
6274,4498
6188,4404
6185,4319
6180,4332
6177,4220
6168,4172
6166,4675
6160,4201
6159,4243
6159,4247
6151,4087
6151,4056
6151,4084
6151,4153
6151,4140
6151,4249
6151,4388
6151,4201
6151,4207
6151,4270
6151,4244
6124,4150
6124,4311
6124,4395
6124,4075
6124,4195
6124,4108
6124,4206
6124,4179
6112,3996
6109,4302
6088,4176
6082,3964
6076,3999
6076,3946
6022,3855
6021,3955
6019,3776
6019,3798
6019,3949
6015,4263
6015,3787
6012,3741
6012,4021
6005,3781
6005,3810
6005,3722
6005,3715
6005,3929
6005,3805
6438,5068
6438,5116
6438,5010
6438,5144
6438,5233
6438,5075
6452,5563
6452,5212
6452,5265
6452,5548
6452,5107
6452,5114
6452,5545
6450,5101
6412,4990
6396,4896
6351,4737
6331,4612
6321,4593
6319,4725
6232,4688
6227,4337
6222,4498
6221,4314
6210,4417
6210,4423
6208,4295
6201,4223
6201,4240
6193,4143
6193,4243
6193,4713
6193,4220
6193,4282
6193,4428
6193,4241
6193,6550
6193,4226
6193,4316
6193,4267
6166,5612
6166,4126
6166,4286
6166,4125
6166,4717
6166,4127
6166,4311
6166,4200
6166,4293
6154,4090
6151,4269
6128,3997
6124,3970
6118,3946
6118,3916
6064,3805
6063,3877
6061,3787
6061,4141
6057,4153
6057,3827
6057,3839
6054,3832
6054,3782
6047,3828
6047,3882
6047,3841
6047,3852
6047,3931
6480,4805
6480,4861
6480,5554
6480,5054
6480,5308
6513,5236
6513,5130
6494,5215
6494,5140
6494,5051
6494,5257
6494,5323
6494,5198
6494,5502
6492,5083
6454,5122
6438,4896
6393,5446
6373,4610
6363,4572
6361,4914
6274,4605
6272,4463
6269,4411
6264,4413
6261,5180
6252,4322
6250,4488
6244,4314
6243,4326
6243,4880
6235,4335
6235,4323
6235,4514
6235,4520
6235,4601
6235,4202
6235,4511
6235,4257
6235,4502
6235,4295
6235,4334
6235,4295
6208,4602
6208,4211
6208,4351
6208,4567
6208,4468
6208,4148
6208,4214
6208,4406
6196,4250
6193,4270
6170,4107
6166,3989
6160,4495
6160,3984
6106,4085
6105,3871
6103,4201
6103,4432
6099,3809
6099,3778
6099,3874
6096,3897
6096,3908
6089,3875
6089,4269
6089,3767
6522,4798
6522,5031
6522,5244
6522,5198
6522,5323
6555,5532
6555,5175
6555,5353
6536,5546
6536,5242
6536,5131
6536,5268
6536,5219
6536,5740
6536,5302
6536,5558
6519,5562
6492,5069
6477,4937
6427,5160
6415,4661
6405,4918
6400,4716
6314,5062
6311,4390
6306,4730
6305,4685
6294,4864
6292,4428
6286,4580
6285,4437
6285,4444
6277,4290
6277,4337
6277,4355
6277,4266
6277,4635
6277,4252
6277,4431
6277,4439
6277,4228
6277,5001
6277,4498
6250,4407
6250,4404
6250,4588
6250,4260
6250,4311
6250,4460
6250,4527
6250,4552
6238,4139
6235,4155
6214,4121
6208,4081
6202,4175
6202,4281
6148,4094
6147,3916
6145,4032
6145,3835
6145,4218
6141,3840
6141,3932
6138,4112
6138,3858
6131,3765
6131,3905
6131,3933
6564,4895
6564,5489
6564,5090
6564,5383
6564,5309
6597,5383
6597,5283
6597,5354
6578,5323
6578,6020
6578,5426
6578,5563
6578,5368
6578,5350
6578,5368
6578,5310
6561,5316
6531,5080
6519,5004
6469,4928
6457,4764
6447,4661
6442,4701
6356,4751
6353,4446
6348,4419
6345,4343
6336,4697
6334,4531
6328,4545
6327,4375
6327,4436
6319,4809
6319,4370
6319,4726
6319,4356
6319,4298
6319,4392
6319,4439
6319,5132
6319,4346
6319,5038
6319,4399
6292,4605
6292,4296
6292,4552
6292,4298
6292,4427
6292,4346
6292,5102
6292,4230
6280,4326
6277,4163
6254,4146
6250,4140
6244,4055
6244,4046
6190,4099
6189,3986
6187,3923
6187,3993
6183,4006
6183,3906
6183,4213
6180,3906
6180,4415
6173,3802
6173,3809
6173,3778
6606,4904
6606,5000
6606,5112
6606,5216
6639,5357
6639,5974
6639,5306
6639,5382
6620,5200
6620,5394
6620,5978
6620,5213
6620,6160
6620,5382
6620,6254
6620,5562
6603,6225
6573,7401
6561,5038
6499,4924
6489,4685
6487,4662
6484,4691
6398,5105
6395,4483
6390,4722
6387,4398
6378,4731
6376,4326
6370,4395
6369,4392
6369,4736
6361,4267
6361,4611
6361,4364
6361,4985
6361,4371
6361,4506
6361,4649
6361,4348
6361,4394
6361,4257
6361,4360
6334,4399
6334,4364
6334,4449
6334,4416
6334,4364
6334,4324
6334,4340
6334,4362
6322,4473
6319,4208
6298,4195
6292,4153
6286,4324
6286,4429
6232,4208
6231,4055
6231,4142
6229,4121
6229,4333
6225,3854
6225,4081
6222,4413
6222,4165
6222,4299
6215,3874
6215,3892
6648,4893
6648,5120
6648,5138
6648,5108
6681,5271
6681,6094
6681,5487
6681,5388
6681,5271
6662,5316
6662,5239
6662,5543
6662,5617
6662,5298
6662,5304
6662,5200
6660,5363
6622,5138
6606,4974
6561,4979
6541,4935
6531,4714
6529,4727
6442,4662
6437,5275
6432,4444
6431,4482
6429,4680
6420,4425
6418,4602
6411,4564
6411,4681
6403,4850
6403,4815
6403,4472
6403,4666
6403,4465
6403,4684
6403,4393
6403,5276
6403,4492
6403,4474
6403,4608
6376,4422
6376,4396
6376,4509
6376,4552
6376,4430
6376,4428
6376,4759
6376,5302
6371,4505
6364,4600
6361,4257
6338,4248
6334,4286
6328,4476
6328,4195
6274,4100
6273,3968
6271,4033
6271,4011
6267,4394
6267,3994
6267,4096
6264,4112
6264,3846
6257,4306
6257,4347
6690,4950
6690,5303
6690,5871
6723,5346
6723,5592
6723,5379
6723,5472
6723,5406
6723,5425
6704,5611
6704,5323
6704,5543
6704,5438
6704,5297
6704,5970
6704,5526
6702,5906
6664,5340
6648,5249
6603,5504
6583,9475
6573,9535
6571,4710
6484,4788
6479,4607
6474,4690
6473,4657
6462,4506
6462,4507
6460,4523
6453,4910
6453,4403
6445,4419
6445,4384
6445,4905
6445,4351
6445,4487
6445,4532
6445,4931
6445,4402
6445,4403
6445,4546
6445,4349
6418,4389
6418,4409
6418,4498
6418,4468
6418,5917
6418,4905
6418,4332
6418,4626
6413,4561
6406,4436
6403,4252
6380,4430
6370,4455
6370,4316
6370,4212
6316,4043
6315,4636
6313,4111
6313,4079
6309,4258
6309,4047
6306,4583
6306,3990
6306,4013
6299,3996
6299,4541
6732,5005
6732,5102
6732,5785
6765,5408
6765,5468
6765,5453
6765,5412
6765,5455
6765,5621
6746,5428
6746,5761
6746,5340
6746,5423
6746,5780
6746,5460
6746,5476
6744,5454
6706,5194
6690,5823
6645,4968
6625,4869
6615,4821
6613,4806
6526,4768
6521,4660
6516,4673
6515,4542
6513,4929
6504,4532
6502,4591
6495,4731
6495,4528
6487,4445
6487,4435
6487,4925
6487,4424
6487,4436
6487,4731
6487,4481
6487,4680
6487,4666
6487,4618
6487,4872
6460,4447
6460,4554
6460,4396
6460,4376
6460,4469
6460,4432
6460,4464
6460,4494
6455,4443
6448,4296
6445,4276
6422,4361
6418,4225
6412,4233
6412,4158
6358,4514
6357,4279
6355,4111
6355,4162
6351,5750
6351,4845
6348,4197
6348,4088
6348,4007
6341,4225
6341,4157
6774,5146
6774,5144
6774,5305
6807,5439
6807,5456
6807,5885
6807,5429
6807,5785
6807,5482
6788,5674
6788,5461
6788,6108
6788,5480
6788,5669
6788,5441
6788,5501
6771,5296
6744,5219
6729,5077
6679,5063
6667,5164
6657,4841
6652,4784
6566,4738
6563,4568
6558,4580
6555,4646
6546,5118
6544,4495
6538,4529
6537,4659
6537,4513
6529,4502
6529,4538
6529,4824
6529,4486
6529,4503
6529,4936
6529,4441
6529,4620
6529,4804
6529,4445
6529,4550
6502,4596
6502,4396
6502,4484
6502,4505
6502,4471
6502,4404
6502,5078
6497,4594
6490,4340
6487,4380
6464,4283
6460,4531
6454,4280
6454,4241
6400,4182
6399,4322
6397,4075
6397,4152
6393,4060
6393,3979
6390,4581
6390,4043
6390,4014
6383,3926
6383,4222
6383,3968
6816,5080
6816,5243
6849,5658
6849,5468
6849,5615
6849,5419
6849,5473
6849,5602
6830,7200
6830,5644
6830,5457
6830,5469
6830,5488
6830,5512
6830,5480
6823,6217
6786,5259
6771,5383
6721,5044
6709,5056
6699,4874
6695,4888
6608,4779
6605,4589
6600,4741
6597,4775
6588,4621
6586,4871
6580,4558
6579,4708
6579,4509
6571,4518
6571,4725
6571,4487
6571,4629
6571,4681
6571,4656
6571,4588
6571,4671
6571,4621
6571,4474
6571,4698
6544,4389
6544,4561
6544,4585
6544,4578
6544,4516
6544,4582
6544,4778
6544,4475
6532,4411
6529,4727
6506,4260
6502,4397
6496,4505
6496,4986
6442,4127
6441,4216
6439,4066
6439,4499
6435,4032
6435,4225
6432,4091
6432,4160
6432,4133
6425,4118
6425,5227
6425,4136
6425,4161
6858,5092
6858,5393
6891,5590
6891,5429
6891,5486
6891,5796
6891,5428
6872,5561
6872,5483
6872,5559
6872,5504
6872,5426
6872,5532
6872,5534
6865,5503
6828,5442
6813,5152
6763,5133
6751,4862
6741,4931
6736,4959
6650,4704
6647,4615
6642,5200
6639,4583
6630,4717
6628,4695
6622,4669
6621,4591
6621,4899
6613,4568
6613,4736
6613,4673
6613,4568
6613,4620
6613,4870
6613,4539
6613,4566
6613,4794
6613,4650
6586,4509
6586,4866
6586,4557
6586,5115
6586,4957
6586,4562
6586,4489
6586,4973
6581,4531
6571,4437
6550,4560
6544,4249
6538,4404
6538,4325
6484,4482
6483,4142
6481,6186
6481,4442
6477,4456
6477,4294
6477,6761
6474,4705
6474,4830
6467,7869
6467,4392
6467,4315
6467,4431
6467,4283
6467,5129
6900,5613
6900,5986
6933,5799
6933,6047
6933,6607
6914,5621
6914,5600
6914,9145
6914,5650
6914,5869
6914,5680
6914,5587
6907,9384
6874,6130
6858,5546
6805,8036
6793,7195
6783,5901
6779,4999
6694,8685
6689,7096
6684,6265
6683,5251
6672,4836
6672,4849
6670,4754
6663,4696
6663,5115
6655,4500
6655,4720
6655,5374
6655,4609
6655,4479
6655,4646
6655,4538
6655,4692
6655,4594
6655,4658
6655,5058
6628,5110
6628,4597
6628,5540
6628,4971
6628,5174
6628,4647
6628,5044
6628,4814
6628,4943
6616,5575
6613,5096
6590,5723
6586,4742
6580,5347
6580,4572
6526,4327
6525,5255
6523,4295
6523,4544
6519,5220
6519,4658
6519,6380
6516,4421
6516,4093
6509,4396
6509,4361
6509,4112
6509,4219
6509,4187
6509,4353
6942,5352
6975,5865
6975,6603
6975,5798
6975,5780
6956,6064
6956,5872
6956,6680
6956,5926
6956,5623
6956,6181
6956,5746
6956,5644
6949,5602
6916,5445
6900,5425
6847,5071
6835,5288
6825,5347
6823,4991
6736,4959
6731,4916
6726,4683
6725,5148
6714,4712
6714,4769
6712,4713
6705,4737
6705,5083
6697,4649
6697,4554
6697,4726
6697,4575
6697,5110
6697,4768
6697,4570
6697,5329
6697,4604
6697,4874
6697,4756
6697,4699
6670,4705
6670,4661
6670,4822
6670,4668
6670,4666
6670,5015
6670,4718
6670,4728
6658,4661
6655,4562
6634,4819
6628,4571
6622,5064
6622,5843
6568,4335
6567,4561
6567,4459
6565,4665
6565,4448
6561,4215
6561,4308
6558,4073
6558,4241
6558,4101
6551,4713
6551,4293
6551,4114
6551,4783
6984,5484
7017,5696
7017,5657
7017,6021
7017,6720
7017,5749
7017,5773
6998,5727
6998,5736
6998,5750
6998,6124
6998,5721
6998,5887
6998,5740
6991,5925
6958,5608
6942,5499
6897,5459
6877,5154
6867,5188
6865,5143
6778,5004
6773,4807
6768,4932
6767,5059
6756,4669
6756,4802
6754,4767
6747,4616
6747,5545
6739,4845
6739,5359
6739,4721
6739,4801
6739,4851
6739,4600
6739,5622
6739,4752
6739,5369
6739,4878
6739,5117
6712,4845
6712,4608
6712,4597
6712,4859
6712,5105
6712,4661
6712,4703
6712,4780
6707,4825
6700,4622
6697,4808
6674,5180
6670,4392
6664,4718
6664,4397
6610,4452
6609,5186
6607,4409
6607,4175
6603,4768
6603,4206
6600,4306
6600,4572
6600,4310
6593,4229
6593,4431
6593,4114
6593,4311
7059,5578
7059,5660
7059,6229
7059,6147
7059,5605
7059,5882
7059,6068
7040,5696
7040,5735
7040,5767
7040,6012
7040,5974
7040,6275
7040,5623
7038,5614
7000,5519
6984,5392
6939,5439
6919,5312
6909,5333
6907,5265
6820,5135
6816,4797
6810,4937
6809,4983
6807,4887
6798,4759
6796,4788
6789,5973
6789,4763
6781,5216
6781,4585
6781,5221
6781,5062
6781,4885
6781,4655
6781,4869
6781,4794
6781,4710
6781,4922
6781,4841
6754,4692
6754,4634
6754,4857
6754,4768
6754,5008
6754,5252
6754,4829
6754,5101
6749,4610
6742,4702
6739,4467
6716,4632
6712,4642
6706,4613
6706,4522
6652,4530
6651,4432
6649,4256
6649,4973
6645,4332
6645,4382
6642,4297
6642,4355
6642,4317
6635,4356
6635,4526
6635,4424
6635,4523
7101,5672
7101,5631
7101,6498
7101,5769
7101,5636
7101,5813
7101,5822
7082,6435
7082,5861
7082,5838
7082,5903
7082,5802
7082,5936
7082,5750
7082,5755
7042,8339
7026,5567
6981,5323
6961,5258
6951,5919
6949,5291
6862,5190
6858,5039
6852,4923
6852,4891
6849,4865
6840,4786
6838,4883
6832,5465
6831,4822
6831,5328
6823,4656
6823,5014
6823,4805
6823,4925
6823,4757
6823,4767
6823,4846
6823,4860
6823,5381
6823,4868
6823,5104
6796,4791
6796,4856
6796,4713
6796,4941
6796,4895
6796,4658
6796,4801
6796,4720
6784,5113
6781,4704
6760,5493
6754,4571
6748,4778
6748,4624
6694,4440
6693,4613
6693,4423
6691,4310
6691,4363
6687,4405
6687,4564
6684,4361
6684,4292
6684,4865
6677,4480
6677,4367
6677,4368
7143,5611
7143,5708
7143,6127
7143,5673
7143,5787
7143,6003
7143,5826
7143,7100
7124,5762
7124,5876
7124,6638
7124,6033
7124,5991
7124,6088
7124,5801
7124,5881
7084,5802
7068,5522
7023,5954
7003,5431
6993,5609
6991,5329
6904,5247
6900,5111
6899,5396
6894,5006
6891,5334
6882,4821
6880,5073
6874,4903
6873,5549
6873,4889
6865,4974
6865,4821
6865,4800
6865,4842
6865,4737
6865,4844
6865,4853
6865,5510
6865,4759
6865,5329
6865,4710
6838,5066
6838,4826
6838,4768
6838,4855
6838,5469
6838,5261
6838,4843
6838,5085
6826,4668
6823,4630
6802,4916
6796,4941
6790,5291
6790,4684
6736,4505
6735,4400
6733,4441
6733,4651
6729,4307
6729,4459
6729,4914
6726,4315
6726,4581
6719,4321
6719,4356
6719,4439
7185,5599
7185,5795
7185,5722
7185,6220
7185,5734
7185,5832
7185,5895
7185,5862
7166,6203
7166,5819
7166,5798
7166,5973
7166,5948
7166,5836
7166,5801
7166,6476
7126,5664
7110,5382
7065,5343
7045,5501
7035,5173
7033,5213
6946,5035
6942,4953
6936,5045
6935,4822
6933,4982
6924,4905
6922,4934
6915,5165
6915,4922
6907,4949
6907,4797
6907,4873
6907,4822
6907,4851
6907,4769
6907,4776
6907,4805
6907,5017
6907,5672
6907,4905
6880,5290
6880,4772
6880,4985
6880,5187
6880,4890
6880,5142
6880,4822
6880,4912
6875,4736
6868,5277
6865,4678
6838,4688
6832,4568
6832,4471
6778,4546
6778,4370
6777,4425
6775,4636
6775,4540
6771,4359
6771,4461
6768,4357
6768,4551
6768,4339
6761,4370
6761,4375
6761,4359
7227,5600
7227,5776
7227,5873
7227,6033
7227,5889
7227,5958
7227,5848
7227,5829
7208,5925
7208,5795
7208,6218
7208,5812
7208,5774
7208,5814
7208,5684
7201,5816
7168,5792
7149,5534
7099,5439
7087,5296
7077,5328
7073,5230
6986,5096
6983,5032
6978,5083
6977,4980
6966,4951
6964,4930
6964,4955
6957,4854
6957,4992
6949,5009
6949,4948
6949,4819
6949,4947
6949,4959
6949,4867
6949,5280
6949,4837
6949,5070
6949,4909
6949,5322
6922,4907
6922,5554
6922,4746
6922,4978
6922,4854
6922,4859
6922,4714
6922,4977
6917,4901
6910,4855
6886,4970
6880,4726
6874,4502
6874,4638
6820,4506
6819,5125
6817,4398
6817,4593
6817,4891
6813,4456
6813,5424
6810,4370
6810,4590
6803,4392
6803,4414
6803,4980
6803,4359
7269,5705
7269,6598
7269,5874
7269,5934
7269,6321
7269,5912
7269,5819
7250,5968
7250,5957
7250,6388
7250,5905
7250,5830
7250,6459
7250,5908
7250,6733
7233,5995
7203,5883
7191,5512
7129,5517
7119,5235
7117,5445
7030,5013
7026,5743
7025,5203
7020,5746
7017,4964
7008,6255
7006,4838
7000,4956
6999,4964
6991,5315
6991,5157
6991,4962
6991,4891
6991,5357
6991,5024
6991,5143
6991,5099
6991,5005
6991,5151
6991,5028
6964,4856
6964,5077
6964,5017
6964,4936
6964,4932
6964,4975
6964,4959
6964,6845
6959,4998
6949,4809
6928,4605
6922,4756
6916,4680
6916,5058
6862,4498
6861,4574
6859,5056
6859,4579
6859,4609
6855,4572
6855,4371
6852,4550
6852,4341
6845,4743
6845,4379
6845,4501
6845,4336
6845,4626
7311,5706
7311,5759
7311,6341
7311,5963
7311,6022
7311,6652
7292,6315
7292,5901
7292,6171
7292,5986
7292,6172
7292,6407
7292,5895
7285,5817
7252,5883
7233,5587
7183,5924
7171,5564
7161,5474
7157,5408
7070,5109
7067,5165
7062,5117
7059,5165
7050,5228
7048,5092
7042,5163
7041,5220
7041,5004
7033,4976
7033,5075
7033,5145
7033,5002
7033,5378
7033,5011
7033,5266
7033,4989
7033,5277
7033,5127
7006,5175
7006,5115
7006,4993
7006,5159
7006,5121
7006,5119
7006,4920
7006,4869
6994,4790
6991,4900
6970,4609
6964,4681
6958,4583
6958,4708
6904,4596
6903,4686
6901,4601
6901,4558
6897,4424
6897,4616
6894,4433
6894,4491
6894,4474
6887,4552
6887,4482
6887,4393
6887,4447
6887,4998
6887,4399
6887,5247
7353,5771
7353,5887
7353,6422
7334,5956
7334,6019
7334,6667
7334,6012
7334,5975
7334,6812
7334,5907
7332,6070
7294,5798
7275,5683
7225,5624
7213,5682
7203,5366
7198,5438
7112,5298
7109,5209
7104,5159
7101,5046
7092,5061
7090,5395
7083,5032
7083,5038
7075,5100
7075,5297
7075,4881
7075,5144
7075,5078
7075,5340
7075,5464
7075,5091
7075,4950
7075,4979
7075,4965
7048,5157
7048,4980
7048,5205
7048,5107
7048,4990
7048,5173
7048,4929
7048,5213
7043,5008
7036,5447
7033,4870
7010,4791
7006,4813
7000,4625
7000,4688
6946,5089
6945,6492
6943,4959
6943,4805
6939,4519
6939,4705
6939,4512
6936,4664
6936,4422
6929,4707
6929,4873
6929,4434
6929,4443
6929,4575
6929,4459
6929,4606
6929,4481
6929,4623
7395,6017
7395,5978
7376,6597
7376,6693
7376,6055
7376,6011
7376,6468
7376,5982
7376,6175
7376,6167
7359,6110
7329,5703
7317,5783
7267,5822
7255,6025
7245,5360
7240,5298
7154,5219
7151,5206
7146,5044
7143,5185
7134,5071
7132,5556
7126,5010
7125,5758
7125,4980
7117,4954
7117,5056
7117,5188
7117,5230
7117,4936
7117,5448
7117,4914
7117,4908
7117,4986
7117,5032
7117,4894
7090,5273
7090,5148
7090,5149
7090,5529
7090,5022
7090,5074
7090,4907
7090,5041
7085,5137
7078,4941
7075,4841
7052,4717
7048,4661
7042,4599
7042,4756
6988,4524
6987,4610
6985,4550
6985,4603
6981,5365
6981,4499
6978,4860
6978,4617
6978,4547
6971,4517
6971,4630
6971,4442
6971,4509
6971,4579
6971,4486
6971,4531
6971,4693
7437,5750
7437,6463
7437,6376
7418,6051
7418,6005
7418,6787
7418,6026
7418,7136
7418,6064
7418,6587
7401,6576
7374,5805
7359,5764
7309,6066
7297,5484
7287,5678
7282,5645
7196,5422
7193,6006
7188,5253
7185,5149
7176,5099
7174,5089
7168,5230
7167,5119
7167,5352
7159,5297
7159,5038
7159,5040
7159,5257
7159,5208
7159,5077
7159,5106
7159,4962
7159,5111
7159,4975
7159,6058
7132,5014
7132,5073
7132,4961
7132,4904
7132,5027
7132,4883
7132,4978
7132,4958
7120,5274
7117,4953
7094,5014
7090,4742
7084,4672
7084,4732
7030,4649
7029,5125
7027,4489
7027,5208
7023,4540
7023,4587
7020,4564
7020,4775
7020,4686
7013,4506
7013,5077
7013,4464
7013,4522
7013,4594
7013,4732
7013,4515
7013,4596
7013,4526
7479,5795
7479,5936
7460,6408
7460,5981
7460,6029
7460,5944
7460,6206
7460,6119
7460,6100
7453,6480
7420,5800
7401,5735
7351,5930
7339,6654
7329,5399
7325,5709
7238,5315
7235,5220
7230,5412
7229,5248
7218,5423
7216,5181
7210,5190
7209,5169
7209,5152
7201,5126
7201,5025
7201,5413
7201,5031
7201,5194
7201,5079
7201,5617
7201,5161
7201,5006
7201,5166
7201,5121
7174,5623
7174,5025
7174,5604
7174,5168
7174,5932
7174,5033
7174,5135
7174,5050
7162,4892
7159,4970
7136,4788
7132,4870
7126,4742
7126,4908
7072,4659
7071,4655
7069,4919
7069,4618
7065,4619
7065,4584
7062,4588
7062,4721
7062,4640
7055,4550
7055,4639
7055,4562
7055,5117
7055,4669
7055,4679
7055,4571
7055,4633
7055,5203
7055,4564
7502,5861
7502,5906
7502,6280
7502,6094
7502,5990
7502,6040
7502,6596
7502,14121
7485,6010
7455,6599
7401,6455
7381,6356
7371,6498
7369,6345
7282,6182
7278,5956
7272,5949
7272,6002
7269,5253
7260,5954
7258,5854
7251,6012
7251,6008
7243,6254
7243,5364
7243,5937
7243,5916
7243,5196
7243,5901
7243,6654
7243,6137
7243,6264
7243,5926
7243,5950
7216,5165
7216,5884
7216,5866
7216,5309
7216,5818
7216,5880
7216,5832
7216,5257
7204,5708
7201,6290
7178,5280
7174,5672
7168,5525
7168,4997
7114,5631
7113,4941
7111,5600
7111,5249
7107,5493
7107,4731
7104,5779
7104,6489
7104,4794
7097,5460
7097,4729
7097,6120
7097,5389
7097,5519
7097,4756
7097,5494
7097,4759
7097,5442
7097,5392
7078,4800
7078,5195
7544,6869
7544,7100
7544,6084
7544,6968
7544,7004
7542,6917
7504,6907
7488,6625
7443,6482
7423,6426
7413,6397
7411,6225
7324,6513
7319,6343
7314,6254
7313,5396
7302,5914
7300,5975
7294,5963
7293,5457
7293,6020
7285,6063
7285,5562
7285,5930
7285,5918
7285,5934
7285,5692
7285,5934
7285,6100
7285,6085
7285,5936
7258,6247
7258,6260
7258,6061
7258,6325
7258,6150
7258,5739
7258,5787
7258,5818
7253,5831
7246,5793
7243,5594
7220,5643
7216,5794
7210,5918
7210,5682
7156,5490
7155,5482
7153,5213
7153,5444
7149,5981
7149,5585
7149,5243
7146,4765
7146,5480
7139,5277
7139,4752
7139,5276
7139,5877
7139,6060
7139,5816
7139,5746
7139,5927
7139,5065
7139,5502
7139,5107
7120,5347
7120,5178
7120,5534
7586,6387
7586,7577
7586,6928
7586,7087
7586,7294
7569,6818
7539,6649
7527,6294
7477,6156
7465,6334
7455,6185
7450,6354
7364,5814
7361,5787
7356,6134
7355,6753
7344,5981
7342,5739
7336,5383
7335,6090
7335,5896
7327,5917
7327,5721
7327,5806
7327,5911
7327,6444
7327,8369
7327,6048
7327,6873
7327,6181
7327,5457
7327,5276
7300,5312
7300,5875
7300,5173
7300,5260
7300,5244
7300,5308
7300,5320
7300,5553
7295,5040
7288,5033
7285,5272
7262,5050
7258,5432
7252,5028
7252,5268
7198,4822
7197,4736
7195,4826
7195,4713
7191,4798
7191,4756
7188,4756
7188,4599
7188,4779
7181,4805
7181,4762
7181,4651
7181,4724
7181,4616
7181,4818
7181,4718
7181,4798
7181,4642
7181,5447
7181,4686
7162,5180
7162,4606
7628,6047
7628,6664
7628,6320
7628,6297
7628,6211
7628,6328
7611,6055
7584,6354
7569,5791
7519,6058
7507,5677
7497,5682
7493,5705
7406,5557
7403,5464
7398,5680
7397,5403
7386,5263
7384,5273
7384,5312
7377,5330
7377,5358
7369,5281
7369,5451
7369,5195
7369,5333
7369,5417
7369,5367
7369,5419
7369,5364
7369,5306
7369,5267
7369,5248
7369,5258
7342,5212
7342,5380
7342,5321
7342,5335
7342,5391
7342,5249
7342,5873
7342,5984
7330,5046
7327,5284
7304,5024
7300,5018
7294,5046
7294,5010
7240,5086
7239,4810
7237,6835
7237,5335
7233,4877
7233,5319
7233,4904
7230,4856
7230,5058
7223,4748
7223,5111
7223,4742
7223,5530
7223,5071
7223,4655
7223,4836
7223,4664
7223,5385
7223,4773
7223,4669
7223,4773
7670,5956
7670,6253
7670,6241
7670,6983
7670,6724
7670,6345
7670,6398
7663,6135
7630,6516
7614,6055
7569,6485
7549,5809
7539,5999
7537,5697
7450,5730
7445,5445
7440,5423
7439,5406
7428,5324
7428,5536
7426,5356
7419,5406
7419,5290
7411,5527
7411,5417
7411,5960
7411,5292
7411,5204
7411,5421
7411,5130
7411,5240
7411,5486
7411,5335
7411,5290
7411,6187
7384,5123
7384,5220
7384,5924
7384,5201
7384,5262
7384,5245
7384,5190
7384,5174
7372,5415
7369,5048
7348,5157
7342,4978
7336,4963
7336,5104
7282,4917
7281,5037
7279,5210
7279,4867
7279,4833
7275,4854
7275,5130
7272,4857
7272,5777
7265,4786
7265,4906
7265,4920
7265,4867
7265,4876
7265,4776
7265,5020
7265,4772
7265,4836
7265,4704
7265,4794
7731,6265
7712,6391
7712,6336
7712,6206
7712,6615
7712,7580
7712,6318
7712,6303
7710,6248
7672,6260
7656,6183
7611,5894
7591,5768
7581,5803
7579,5950
7492,5440
7487,5386
7482,5445
7481,5753
7470,5451
7470,5531
7468,5578
7461,5272
7461,5547
7453,5260
7453,5257
7453,5357
7453,5490
7453,5364
7453,5350
7453,5206
7453,5263
7453,5336
7453,5286
7453,5279
7426,5399
7426,5228
7426,5466
7426,5423
7426,5245
7426,5356
7426,5576
7426,5358
7421,5293
7411,5232
7390,5012
7384,5178
7378,5144
7378,5011
7324,5191
7323,4863
7321,4990
7321,4920
7317,5071
7317,4892
7314,5038
7314,5014
7314,4954
7307,4699
7307,4963
7307,4823
7307,5031
7307,4938
7307,5045
7307,5279
7307,4816
7307,4979
7307,5194
7288,4799
7754,11435
7754,6492
7754,6636
7754,6512
7754,6216
7754,6355
7754,6322
7737,6464
7707,6061
7695,12097
7633,11416
7623,5960
7621,5697
7534,5428
7530,5505
7524,5505
7524,5473
7521,5876
7512,5410
7510,5357
7504,6092
7503,5780
7495,5272
7495,5430
7495,6150
7495,5293
7495,5427
7495,5680
7495,5712
7495,5374
7495,5297
7495,5719
7495,5338
7468,5263
7468,5295
7468,5515
7468,5875
7468,5420
7468,5877
7468,5323
7468,5317
7456,6010
7453,5212
7432,5217
7426,5451
7420,5122
7420,5070
7366,5165
7365,4899
7363,5015
7363,5092
7359,4908
7359,5063
7359,4886
7356,4808
7356,5373
7349,5090
7349,4869
7349,5083
7349,4888
7349,4791
7349,4981
7349,5097
7349,4903
7349,4773
7349,4951
7349,5498
7330,5003
7330,4738
7796,6161
7796,8537
7796,7109
7796,6581
7796,6424
7789,6299
7756,6121
7740,6011
7687,6295
7675,5973
7665,5774
7661,5807
7574,5916
7571,5479
7566,5445
7565,5470
7554,5574
7552,5394
7552,5526
7545,5523
7545,5344
7537,5363
7537,6367
7537,5536
7537,5613
7537,5355
7537,5994
7537,5505
7537,5510
7537,5361
7537,5650
7537,5355
7510,5409
7510,5390
7510,5441
7510,5419
7510,5596
7510,5685
7510,5425
7510,5450
7498,5973
7495,5209
7474,5085
7468,5599
7462,5186
7462,5363
7408,5368
7407,4924
7405,4933
7405,5047
7401,4883
7401,5780
7398,5017
7398,5043
7398,5110
7391,4951
7391,4830
7391,4924
7391,4824
7391,5294
7391,4986
7391,5182
7391,5880
7391,4834
7391,5117
7391,5132
7372,4942
7372,4878
7372,4888
7838,6223
7838,6424
7838,6517
7838,6528
7831,7081
7798,6761
7779,6133
7729,6001
7717,6003
7707,5880
7703,6124
7616,5724
7613,5942
7608,6039
7607,5459
7596,5633
7594,5526
7588,5675
7587,5384
7587,5615
7579,5332
7579,5515
7579,5295
7579,5474
7579,6110
7579,5417
7579,5639
7579,5595
7579,5966
7579,5526
7579,5518
7552,5618
7552,5527
7552,5762
7552,5341
7552,5524
7552,5467
7552,5503
7552,5420
7540,5652
7537,5494
7514,5292
7510,5502
7504,5096
7504,5120
7450,5122
7449,4988
7447,4961
7447,4992
7443,4911
7443,5213
7440,4900
7440,4915
7440,4965
7433,4944
7433,4869
7433,4911
7433,4951
7433,5378
7433,4935
7433,4918
7433,5270
7433,4889
7433,4882
7433,4959
7414,4851
7414,4768
7414,5015
7414,4851
7880,6272
7880,6290
7880,6523
7873,6390
7836,6274
7821,6953
7771,6216
7759,5883
7749,5778
7745,5874
7658,5873
7655,5651
7650,5533
7649,5581
7638,5491
7636,5555
7630,5415
7629,5997
7629,5651
7621,5427
7621,5415
7621,5828
7621,5426
7621,5716
7621,5467
7621,6019
7621,5574
7621,5411
7621,5562
7621,5946
7594,5746
7594,5429
7594,5428
7594,5650
7594,5374
7594,5389
7594,5436
7594,5876
7582,5308
7579,5306
7556,5298
7552,5171
7546,5156
7546,5124
7492,5196
7491,5005
7489,5411
7489,5052
7485,4996
7485,5081
7482,5012
7482,5482
7482,5468
7475,5184
7475,5141
7475,4913
7475,5116
7475,5088
7475,4869
7475,4990
7475,5179
7475,4958
7475,4952
7475,5083
7456,4888
7456,4991
7456,5109
7456,4874
7456,4995
7922,6309
7922,6439
7915,6443
7878,6223
7863,6227
7813,6048
7801,6504
7791,6070
7787,5803
7700,5816
7697,5698
7692,5727
7689,5618
7680,5907
7678,5567
7672,5495
7671,5997
7671,5461
7663,5431
7663,5538
7663,5688
7663,5441
7663,5422
7663,5557
7663,5568
7663,5507
7663,5580
7663,5466
7636,5769
7636,5477
7636,5422
7636,5491
7636,5940
7636,5911
7636,5527
7636,5407
7631,5676
7624,5439
7621,5371
7598,5336
7588,5969
7588,6256
7534,6024
7533,5944
7533,6019
7531,5970
7531,5533
7527,5303
7527,5698
7524,5704
7524,5744
7517,6157
7517,5659
7517,5940
7517,5981
7517,5770
7517,5804
7517,5791
7517,5969
7517,5954
7517,5793
7517,5747
7498,5707
7498,5867
7498,5788
7498,5809
7498,5911
7498,5730
7498,5646
7964,6974
7947,7506
7917,7145
7863,7789
7843,7485
7833,8192
7831,6685
7744,6624
7740,5701
7734,6695
7733,6506
7731,6541
7722,6445
7720,6759
7713,5916
7713,6381
7705,6259
7705,6543
7705,6405
7705,6370
7705,6189
7705,5831
7705,6020
7705,5582
7705,6800
7705,6067
7705,5380
7678,5465
7678,5346
7678,5738
7678,5982
7678,5625
7678,5433
7678,5425
7678,5936
7666,5435
7663,5500
7642,5401
7636,5544
7630,5161
7630,5482
7576,5564
7575,5884
7573,6165
7573,5101
7569,5364
7569,5103
7569,5285
7566,5212
7566,5244
7559,5147
7559,5224
7559,5545
7559,4943
7559,5084
7559,5506
7559,4991
7559,5117
7559,5023
7559,5231
7559,5138
7540,5029
7540,5205
7540,5169
7540,4969
7540,5644
7540,4993
7540,4944
7540,5215
7961,6170
7944,6790
7929,6914
7882,6568
7870,6276
7860,6234
7855,6219
7775,5819
7772,5892
7767,5842
7766,6155
7755,5808
7753,5619
7747,5890
7746,5596
7746,6716
7738,6070
7738,5532
7738,5476
7738,5511
7738,6057
7738,5948
7738,5562
7738,5727
7738,5952
7738,6206
7738,6196
7714,5662
7714,5655
7714,5676
7714,5397
7714,6149
7714,5996
7714,5583
7714,5610
7709,5837
7699,5448
7678,5744
7672,5358
7666,5303
7666,5274
7612,5264
7611,5145
7611,5222
7609,5625
7609,5206
7605,5203
7605,5295
7602,5238
7602,5329
7602,5068
7595,5153
7595,6094
7595,5028
7595,5694
7595,5247
7595,5142
7595,5355
7595,5066
7595,5098
7595,5247
7595,5490
7576,5129
7576,5455
7576,5070
7576,5145
7576,5122
7576,5269
7576,5472
7997,6230
7980,7035
7965,6796
7918,6649
7906,6011
7896,6245
7891,6642
7811,6535
7808,5641
7803,5997
7800,5933
7791,5702
7789,6075
7783,6044
7782,5898
7782,5781
7774,5496
7774,6253
7774,6451
7774,6596
7774,6693
7774,6763
7774,6322
7774,6335
7774,6454
7774,5745
7774,6556
7750,6632
7750,6532
7750,6741
7750,6992
7750,6398
7750,6554
7750,6367
7745,6325
7738,6321
7735,6315
7712,6364
7708,5759
7702,5764
7702,5804
7648,5962
7647,5915
7645,5691
7645,5791
7641,5795
7641,5329
7638,5837
7638,6031
7638,6030
7631,6118
7631,5385
7631,5274
7631,5830
7631,6452
7631,5753
7631,5211
7631,5652
7631,5260
7631,5258
7612,5287
7612,5786
7612,5210
7612,5150
7612,8354
7612,5981
7612,5848
7612,5996
7612,5911
8001,6543
7989,8322
7942,7056
7932,6703
7930,6888
7849,6741
7845,6867
7839,6989
7839,5931
7836,6475
7827,6478
7825,6469
7818,6411
7818,6244
7810,6404
7810,6590
7810,6345
7810,6795
7810,6803
7810,6442
7810,6654
7810,5647
7810,6427
7810,6484
7810,6453
7786,6930
7786,6364
7786,6955
7786,6309
7786,6307
7786,6433
7786,5661
7786,6178
7774,6262
7771,6393
7748,5660
7744,5940
7738,6324
7738,6280
7684,6328
7683,6193
7681,6098
7681,6209
7677,5945
7677,5659
7674,6256
7674,6649
7667,5831
7667,6151
7667,6102
7667,5949
7667,5303
7667,6241
7667,6075
7667,5812
7667,5954
7667,5914
7667,5841
7648,6491
7648,6150
7648,6075
7648,5667
7648,5871
7648,5833
7648,6026
7648,5810
7647,5843
7647,5326
7638,5229
7959,6650
7953,7080
7951,6836
7885,6592
7881,6850
7875,9299
7874,6860
7872,12142
7863,6301
7861,6406
7855,6698
7854,6181
7854,6510
7846,6598
7846,6064
7846,7114
7846,6499
7846,6349
7846,6318
7846,6397
7846,6593
7846,6470
7846,6734
7846,6619
7822,6084
7822,6430
7822,6405
7822,6410
7822,6473
7822,7018
7822,6688
7822,6246
7817,6686
7810,5512
7807,6210
7784,6294
7780,5551
7774,6050
7774,6156
7720,6067
7719,6007
7717,5880
7717,5878
7713,6099
7713,5665
7710,6176
7710,5566
7710,6273
7703,5591
7703,5656
7703,5610
7703,5938
7703,6478
7703,6394
7703,5885
7703,6037
7703,5171
7703,5468
7703,5602
7684,5939
7684,6131
7684,5866
7684,5224
7684,6039
7684,5761
7684,6031
7684,6259
7683,6007
7683,6156
8025,6912
8005,6626
7995,6896
7993,6421
7921,7262
7917,6708
7911,6296
7910,6840
7908,6850
7899,6551
7897,6840
7891,7075
7890,6487
7882,6142
7882,6347
7882,9029
7882,6267
7882,6482
7882,6539
7882,7073
7882,5874
7882,6518
7882,6441
7882,6932
7882,6345
7858,5685
7858,6394
7858,6423
7858,7011
7858,6219
7858,6442
7858,6689
7858,6688
7846,6386
7843,6497
7822,6315
7816,6243
7810,6153
7810,6338
7756,5641
7755,6211
7753,6491
7753,6222
7749,6571
7749,7043
7749,6331
7746,6408
7746,6566
7739,5212
7739,5963
7739,6021
7739,5938
7739,6014
7739,5958
7739,5275
7739,5869
7739,6069
7739,5996
7739,6030
7720,6129
7720,6073
7720,5972
7720,5165
7720,6258
7720,6152
7720,6252
7720,6457
7720,6494
7719,6121
8088,7064
8062,7393
8050,7207
8040,6949
8036,6742
7955,6856
7952,6634
7947,7050
7946,7022
7935,6646
7933,6610
7927,6827
7926,6537
7926,6657
7918,6691
7918,6490
7918,6832
7918,6833
7918,6980
7918,6455
7918,6142
7918,6467
7918,6469
7918,6775
7918,6421
7894,6261
7894,8786
7894,6593
7894,6191
7894,6672
7894,6834
7894,6859
7894,6588
7882,5781
7879,6553
7858,5893
7852,6809
7846,6213
7846,6158
7792,6280
7791,6028
7789,6101
7789,6133
7785,6036
7785,6045
7785,6028
7782,6088
7782,6191
7775,6028
7775,6498
7775,6290
7775,6542
7775,5698
7775,5798
7775,5960
7775,5986
7775,6038
7775,6202
7775,5971
7756,5343
7756,6068
7756,6145
7756,6028
7756,5960
7756,5347
7756,6456
7756,6374
7756,6260
7755,7381
8097,6756
8077,6986
8067,6963
8065,7575
7993,6729
7989,6606
7988,6628
7983,6188
7980,6373
7971,6738
7969,6837
7963,6728
7962,6468
7954,6620
7954,6741
7954,7356
7954,6676
7954,6872
7954,6452
7954,6570
7954,6846
7954,6627
7954,6596
7954,6791
7954,6411
7930,6560
7930,6625
7930,6863
7930,6425
7930,6658
7930,6917
7930,6979
7930,6467
7918,6415
7915,6532
7892,6951
7888,8247
7882,5537
7882,6621
7828,6608
7827,5957
7825,5479
7825,6067
7821,5976
7821,6174
7821,5654
7818,6355
7818,6376
7811,6027
7811,6031
7811,6065
7811,6501
7811,6624
7811,5269
7811,5983
7811,6136
7811,6454
7811,6371
7811,7325
7792,6072
7792,5407
7792,5407
7792,5720
7792,6158
7792,6251
7792,5594
7792,6037
7792,6559
7791,6321
8160,6968
8134,7823
8122,7115
8112,7748
8108,7309
8027,6679
8024,6801
8019,6831
8018,6935
8007,6584
8005,6645
7999,6843
7998,6931
7998,6665
7990,6846
7990,6467
7990,5968
7990,7727
7990,7062
7990,6407
7990,6512
7990,5943
7990,6940
7990,6833
7990,6494
7966,6036
7966,6640
7966,6799
7966,6481
7966,6730
7966,6311
7966,6537
7966,6552
7961,6707
7951,6788
7930,5828
7924,6265
7918,6275
7918,6452
7864,6178
7863,6241
7863,6593
7861,6609
7861,6193
7857,6168
7857,5597
7854,8659
7854,5931
7854,6452
7847,6055
7847,5999
7847,6034
7847,11683
7847,5570
7847,6867
7847,5663
7847,5631
7847,5460
7847,5634
7847,5546
7828,5808
7828,5407
7828,5538
7828,5344
7828,5538
7828,5732
7828,5425
7828,5427
7827,6322
8199,6619
8178,12042
8158,6562
8148,6429
8146,10973
8065,6568
8061,6511
8055,6709
8055,7379
8052,6854
8043,6078
8041,8151
8035,10611
8034,10901
8034,7183
8026,6171
8026,6138
8026,5982
8026,5947
8026,5896
8026,6061
8026,5891
8026,5964
8026,5916
8026,6189
8026,6190
8002,6521
8002,6345
8002,6213
8002,6349
8002,6819
8002,6771
8002,7237
8002,7225
7997,6870
7987,6149
7966,6566
7960,6092
7954,6259
7954,6481
7954,6329
7900,5899
7899,10155
7897,5500
7897,9601
7893,5330
7893,5357
7890,5808
7890,5784
7890,5406
7883,5595
7883,5292
7883,6317
7883,5913
7883,5322
7883,5392
7883,5463
7883,5671
7883,5375
7883,5657
7883,5678
7883,5482
7864,5610
7864,6328
7864,5625
7864,5551
7864,5252
7864,5865
7864,5654
8773,8388
8693,8165
8651,8107
8581,8057
8537,8053
8537,7569
8517,7591
8500,7510
8380,7151
8374,7026
8367,7004
8361,7142
8340,7264
8340,7308
8332,7222
8319,7423
8319,6668
8310,6811
8310,6737
8310,6772
8310,6627
8310,6825
8310,6868
8343,7295
8343,7321
8343,7418
8343,6878
8343,6896
8343,6948
8309,6914
8309,6874
8309,7116
8309,7914
8309,7695
8309,6888
8309,6912
8309,7596
8292,6783
8266,6775
8251,6796
8208,6735
8198,6515
8186,6394
8182,6351
8103,6316
8100,6209
8096,6065
8095,6053
8085,6113
8085,5971
8083,5905
8077,5942
8077,5910
8069,5843
8069,6099
8069,6202
8069,6450
8069,5985
8069,5885
8069,5863
8069,5950
8069,5799
8069,5771
8069,5866
8044,5874
8044,5889
8044,5880
8044,6825
8044,5880
8902,8545
8902,9424
8902,8951
8850,8584
8776,8701
8737,8005
8652,7921
8630,7764
8608,7737
8591,7781
8465,7113
8458,6958
8451,7018
8445,6963
8422,6996
8415,6808
8403,6950
8400,7056
8400,7303
8391,6976
8391,7088
8391,7727
8424,7291
8424,6936
8424,7043
8424,7100
8424,7062
8424,7419
8424,7572
8424,7690
8388,6961
8388,6957
8388,7019
8388,6996
8388,7136
8388,7407
8388,7348
8388,7242
8371,7155
8341,7175
8287,6548
8267,6368
8257,6471
8255,6347
8171,6225
8169,6282
8166,6276
8161,6702
8158,6839
8149,6559
8147,6674
8141,6711
8140,6362
8140,6677
8133,6476
8133,6537
8133,6190
8133,6235
8133,6296
8133,5979
8133,6336
8133,6046
8133,5942
8133,5907
8133,5990
8107,5890
8107,6011
8107,5960
8107,5903
8965,8719
8965,8900
8965,9092
8942,8615
8839,8783
8800,8386
8714,7781
8692,7793
8668,8642
8656,7699
8521,7668
8514,7051
8507,7151
8501,7051
8478,6962
8471,6997
8459,8272
8456,7488
8456,6780
8446,6922
8446,6735
8446,6928
8479,7113
8479,7314
8479,7201
8479,7416
8479,7013
8479,7041
8479,7143
8479,7176
8443,7557
8443,7401
8443,7667
8443,7052
8443,7156
8443,7093
8443,7052
8436,7061
8403,6889
8384,6817
8334,6648
8322,6612
8312,6556
8308,6695
8221,6491
8218,6375
8213,6151
8212,6128
8201,6086
8199,6050
8193,6009
8192,6060
8192,6018
8184,5990
8184,6261
8184,6031
8184,6343
8184,6016
8184,6111
8184,5954
8184,6019
8184,6179
8184,6502
8184,6056
8158,6150
8158,6040
8158,6039
8158,5951
8158,5859
9016,8737
9016,9309
8964,8745
8890,8312
8848,8368
8765,7766
8743,7863
8719,7708
8577,7698
8566,7612
8564,7896
8557,7252
8544,7162
8528,7008
8520,7013
8506,6958
8506,7368
8496,7587
8496,7957
8496,7112
8496,7160
8529,7244
8529,7406
8529,7576
8529,7004
8529,7105
8529,7443
8529,7318
8492,7416
8492,7802
8492,7396
8492,7007
8492,7284
8492,6993
8492,7234
8485,7606
8452,7375
8436,6742
8383,6557
8371,6442
8361,6427
8357,6476
8270,6268
8267,6265
8262,6097
8261,6174
8250,6165
8248,6333
8242,6134
8241,6164
8241,6117
8233,6052
8233,6090
8233,5980
8233,5954
8233,5955
8233,5954
8233,5950
8233,6014
8233,6182
8233,6029
8206,5921
8206,5985
8206,6016
8206,6121
8206,5901
8206,6027
8206,5855
8206,6500
8949,8372
8893,8283
8822,8368
8776,8152
8754,7716
8746,7881
8616,7701
8605,7803
8596,7217
8593,7126
8583,7115
8567,7503
8559,7470
8545,7476
8545,6936
8535,6992
8535,7075
8535,7076
8535,7302
8535,7417
8535,7530
8568,7185
8568,7240
8568,7092
8568,7576
8568,7398
8534,7105
8534,7158
8534,7152
8534,7591
8534,7623
8534,7507
8534,7087
8532,7212
8494,6950
8478,7182
8433,6601
8413,6894
8403,6879
8399,6928
8312,6856
8309,6608
8304,6655
8303,6532
8292,6671
8290,6468
8284,6445
8283,6301
8283,6163
8275,6037
8275,6011
8275,6022
8275,6073
8275,5972
8275,6110
8275,6084
8275,6181
8275,5977
8275,6053
8275,6015
8248,5996
8248,6034
8248,5943
8248,5930
8248,6093
8248,7118
8248,6057
8243,6031
8236,5955
8894,7962
8818,7892
8796,7939
8788,8272
8658,7387
8647,7338
8638,7204
8638,7505
8625,7522
8609,7734
8601,7163
8587,7288
8587,7114
8577,7230
8577,6930
8577,6958
8577,7113
8577,7375
8577,7749
8577,7187
8577,7747
8610,7846
8610,7262
8610,7131
8576,7144
8576,7258
8576,7519
8576,8225
8576,7191
8576,7144
8576,7248
8569,8009
8532,7800
8517,6863
8467,6646
8455,6608
8445,6927
8440,7005
8354,7079
8351,7393
8346,6288
8343,6090
8334,6318
8332,6127
8325,6227
8325,6124
8317,6388
8317,6037
8317,6289
8317,6115
8317,6248
8317,6021
8317,6116
8317,6209
8317,6334
8317,6162
8290,6176
8290,6100
8290,6085
8290,6019
8290,6268
8290,6307
8290,6256
8290,6778
8285,6650
8278,6476
8275,6543
8252,6142
8248,5892
8809,7749
8792,8183
8694,7648
8687,7423
8680,7796
8668,7664
8651,7115
8644,7134
8632,6972
8629,7110
8629,7521
8619,7369
8619,7007
8619,6982
8619,7081
8619,7006
8619,7088
8619,7334
8619,7008
8619,7042
8652,7334
8652,7265
8618,7493
8618,16130
8618,7586
8618,7126
8618,7239
8618,7277
8618,7612
8618,7827
8578,7053
8562,6936
8517,6739
8497,6697
8487,6888
8485,7183
8398,6864
8394,6550
8388,6728
8388,6663
8385,6640
8376,6701
8374,6093
8368,6222
8367,6142
8359,6152
8359,6119
8359,6512
8359,6127
8359,6973
8359,6200
8359,6115
8359,6158
8359,6316
8359,6171
8359,6229
8332,6294
8332,6143
8332,6089
8332,6243
8332,6125
8332,6132
8332,6066
8332,6210
8327,6078
8320,6003
8317,5970
8294,6025
8290,5875
8851,7592
8834,8000
8736,7445
8729,7306
8722,7373
8710,7478
8693,7633
8685,7171
8674,8221
8671,7060
8671,7158
8661,7196
8661,7569
8661,7968
8661,7146
8661,7207
8661,7768
8661,8069
8661,7045
8661,7098
8694,7892
8694,7385
8660,7399
8660,7359
8660,7763
8660,7343
8660,7372
8660,7488
8660,7827
8643,7235
8616,7246
8601,8147
8551,7381
8539,6683
8529,6697
8524,6549
8438,6561
8435,6451
8430,6385
8427,6583
8418,6530
8416,6614
8410,6765
8409,6635
8409,7135
8401,6143
8401,6398
8401,6218
8401,6550
8401,6163
8401,6433
8401,6643
8401,6825
8401,6940
8401,6901
8374,6209
8374,6346
8374,6243
8374,6188
8374,6174
8374,8141
8374,6570
8374,6634
8369,6678
8362,6541
8359,6043
8336,6138
8332,6002
8326,6114
8840,7583
8778,7399
8771,7548
8764,7543
8752,7777
8735,7220
8727,7333
8716,7242
8713,7587
8703,7234
8703,7186
8703,7177
8703,7587
8703,7132
8703,7246
8703,7227
8703,7648
8703,7286
8703,7581
8703,7502
8702,7378
8702,7361
8702,7763
8702,7970
8702,7289
8702,7310
8702,7668
8702,7273
8685,7245
8655,7092
8601,7241
8581,7446
8571,6470
8569,6826
8482,6541
8478,6386
8472,6709
8472,6913
8469,6940
8460,6776
8458,6653
8451,7016
8451,7106
8443,6291
8443,6439
8443,6268
8443,6459
8443,6479
8443,6762
8443,6940
8443,6940
8443,6206
8443,6257
8443,6326
8416,6424
8416,6306
8416,6549
8416,6431
8416,6717
8416,6692
8416,6807
8416,6390
8411,6153
8404,6146
8401,6131
8378,6090
8374,5843
8368,5961
8368,5867
8809,7258
8805,9358
8800,7520
8788,7436
8771,7389
8763,7485
8752,7751
8749,7010
8749,7169
8739,7492
8739,7533
8739,7135
8739,7130
8739,7204
8739,7183
8739,7516
8739,7160
8739,7148
8739,7550
8772,7810
8744,7422
8744,7341
8744,7409
8744,7686
8744,7288
8744,7324
8744,7854
8742,7966
8704,6962
8688,7122
8643,9880
8623,6884
8613,6782
8611,6822
8524,6905
8520,7113
8514,6347
8514,6441
8511,6372
8502,6545
8500,6466
8494,6385
8493,6513
8485,6801
8485,6699
8485,6812
8485,6918
8485,6799
8485,6144
8485,6403
8485,6287
8485,6282
8485,6367
8485,6515
8485,6424
8458,6763
8458,6633
8458,7049
8458,6834
8458,6229
8458,6232
8458,6318
8458,6268
8446,6319
8443,6053
8420,6131
8416,5993
8410,6495
8410,6499
8856,7376
8849,7501
8842,7506
8836,7755
8813,7272
8806,7354
8804,7296
8791,7590
8791,7674
8781,7590
8781,9038
8781,9926
8781,9016
8781,7191
8781,7372
8781,7512
8781,7142
8781,7435
8781,7293
8814,7757
8786,7257
8786,7432
8786,7438
8786,7835
8786,7657
8786,7482
8786,7654
8786,7764
8769,7211
8739,7113
8727,7074
8677,7403
8665,7595
8655,7902
8650,6845
8564,6650
8561,6558
8556,6471
8553,6356
8544,6394
8542,6430
8536,6574
8535,6832
8535,6730
8527,6671
8527,7045
8527,6209
8527,6304
8527,6195
8527,6371
8527,6292
8527,6219
8527,6360
8527,6510
8527,6347
8500,7075
8500,6292
8500,6242
8500,6229
8500,6290
8500,6392
8500,6231
8500,6213
8488,6188
8485,6182
8464,6043
8458,5980
8452,5982
8452,5937
8910,7398
8899,7363
8890,7504
8887,7365
8877,7479
8861,7601
8853,7268
8842,7311
8839,7350
8829,7696
8829,7099
8829,7177
8829,7159
8829,7542
8829,7734
8829,7157
8829,7244
8829,7292
8862,7901
8862,7441
8828,7600
8828,7660
8828,9780
8828,7446
8828,7724
8828,8025
8828,7309
8828,7654
8811,7579
8784,7074
8769,7081
8719,6810
8707,6832
8697,6900
8693,7479
8606,6878
8603,6352
8598,6449
8597,6477
8586,6394
8584,6739
8578,6549
8577,6396
8577,6248
8569,6468
8569,7166
8569,6266
8569,6300
8569,6282
8569,6393
8569,6365
8569,6454
8569,6569
8569,6480
8569,6571
8542,6859
8542,6890
8542,6282
8542,6299
8542,6355
8542,6408
8542,6516
8542,6622
8530,6768
8527,6887
8506,6247
8500,6262
8494,6084
8494,6118
8952,7435
8941,8488
8932,7720
8932,7546
8919,7685
8903,7383
8895,7392
8884,7263
8881,7825
8871,7160
8871,7429
8871,7283
8871,7893
8871,7965
8871,7327
8871,7224
8871,7664
8871,7244
8904,7532
8904,8084
8870,8103
8870,7334
8870,7458
8870,7864
8870,7475
8870,7438
8870,7970
8870,7372
8853,7371
8826,7293
8811,7326
8761,7400
8749,8907
8739,7506
8734,6751
8648,6631
8645,6662
8640,6477
8637,6567
8628,6736
8626,6927
8620,6995
8619,6365
8619,6330
8611,6401
8611,6317
8611,6359
8611,6504
8611,14076
8611,8595
8611,6967
8611,6739
8611,6326
8611,6321
8611,6478
8584,6398
8584,6357
8584,6506
8584,6613
8584,6806
8584,6247
8584,6366
8584,6349
8572,6154
8569,6210
8548,6009
8542,6206
8536,5973
8536,6111
8994,7524
8983,7576
8974,7993
8971,7947
8961,7564
8945,7487
8937,7836
8923,7258
8923,7395
8913,7347
8913,7808
8913,7276
8913,7216
8913,7572
8913,7817
8913,7337
8913,7444
8913,7805
8946,7462
8946,7637
8912,7736
8912,7742
8912,7366
8912,7463
8912,7971
8912,7391
8912,7509
8912,7725
8895,7951
8868,7173
8853,7180
8803,6984
8791,7285
8781,6934
8777,6854
8690,6966
8687,6451
8682,6554
8681,6895
8670,6850
8668,6690
8662,6461
8661,7054
8661,6418
8653,6525
8653,6876
8653,6785
8653,6353
8653,6464
8653,6355
8653,6336
8653,6450
8653,6534
8653,6916
8653,6338
8626,6380
8626,6402
8626,6460
8626,6995
8626,6775
8626,6945
8626,6276
8626,6342
8621,6510
8614,6224
8590,6185
8584,6168
8578,6084
8578,6498
9036,7553
9030,8048
9023,7544
9016,7892
9004,7756
8987,7483
8979,7486
8968,7522
8965,7887
8965,7340
8955,7382
8955,7535
8955,7947
8955,7249
8955,7418
8955,7560
8955,7361
8988,7501
8988,7829
8988,7423
8988,7638
8954,7526
8954,7735
8954,7668
8954,7749
8954,8060
8954,7719
8954,7652
8952,8383
8914,7324
8898,7172
8853,7349
8833,7590
8823,6940
8821,6989
8734,6644
8729,6823
8724,6999
8723,6978
8721,6480
8712,6709
8710,6492
8703,6694
8703,6482
8695,6714
8695,7106
8695,6484
8695,6370
8695,6451
8695,6400
8695,6793
8695,6975
8695,6467
8695,7123
8695,6548
8668,6471
8668,6689
8668,6852
8668,6554
8668,6684
8668,6482
8668,6970
8668,7191
8668,6411
8656,6377
8653,6254
8630,6672
8626,6964
8620,6123
9161,7916
9072,8493
9065,7823
9058,8271
9052,7632
9029,7487
9022,8137
9010,7408
9007,7520
9007,7869
8997,7803
8997,7355
8997,7348
8997,7465
8997,7390
8997,7453
8997,7614
9030,8203
9030,7663
9030,8376
9030,7983
8996,7526
8996,8354
8996,7586
8996,8356
8996,7798
8996,7757
8996,8160
8989,7511
8956,7418
8937,7623
8887,8082
8875,7464
8865,7696
8861,7189
8774,6670
8771,6846
8766,6875
8765,7256
8754,6508
8752,6553
8746,6571
8745,6653
8745,6705
8737,6756
8737,6816
8737,6548
8737,6538
8737,6454
8737,6537
8737,6757
8737,7720
8737,6850
8737,6530
8737,7020
8710,7053
8710,6381
8710,6510
8710,6587
8710,6583
8710,6949
8710,7097
8710,6460
8698,7275
8695,6445
8674,6301
8668,7609
8662,6596
8662,6872
9108,7628
9101,8323
9094,7915
9088,8202
9065,7709
9058,7737
9046,8061
9043,7522
9043,7577
9033,7923
9033,8111
9033,7606
9033,7783
9033,7983
9033,7482
9033,8061
9066,8279
9066,7604
9066,8000
9066,7596
9038,7716
9038,8208
9038,7584
9038,8429
9038,7510
9038,7581
9038,7930
9031,7543
8994,7281
8979,7684
8929,7401
8917,6988
8907,7123
8902,7118
8816,7248
8813,6687
8808,6984
8805,7024
8796,6528
8794,6456
8788,6600
8787,6488
8787,6841
8779,6727
8779,6428
8779,6531
8779,6580
8779,6681
8779,7006
8779,6535
8779,6642
8779,6494
8779,7151
8752,6580
8752,6554
8752,7375
8752,6885
8752,6843
8752,6454
8752,6379
8752,6605
8747,6478
8737,6526
8716,6637
8710,6164
8704,6152
8704,6221
8650,6128
8649,6113
9136,7665
9133,7636
9107,8274
9107,9727
9098,8067
9085,7478
9085,7647
9075,8123
9075,7491
9075,7743
9075,8118
9075,7686
9075,8310
9075,7445
9075,7439
9075,8160
9108,7758
9108,8477
9080,7687
9080,8454
9080,7646
9080,7629
9080,8134
9080,7719
9080,8253
9073,7614
9036,7639
9021,8024
8971,7113
8959,7107
8949,7706
8944,6945
8858,6839
8855,7825
8850,7443
8847,7020
8838,14196
8836,7395
8830,6882
8829,6709
8821,6938
8821,7484
8821,6880
8821,6688
8821,7247
8821,6737
8821,6996
8821,6619
8821,7047
8821,6508
8821,6792
8794,6648
8794,6976
8794,6601
8794,6880
8794,6837
8794,7485
8794,6695
8794,6818
8782,7093
8779,6452
8756,6483
8752,6657
8746,6777
8746,6476
8692,6283
8691,6082
8689,6257
8689,6405
9150,7676
9146,7623
9138,8071
9124,7688
9124,7798
9114,8241
9114,7512
9114,7965
9114,7496
9114,8820
9114,8295
9114,8930
9114,9677
9114,7885
9114,7811
9114,7734
9122,8217
9122,8095
9122,7737
9122,8032
9122,7671
9122,7942
9122,8077
9122,7776
9105,8049
9078,7594
9063,7506
9013,7201
9001,7819
8991,7386
8986,7023
8900,7411
8897,6716
8892,6891
8889,7131
8880,7386
8878,6955
8872,6859
8871,7031
8871,7238
8863,6534
8863,6761
8863,6663
8863,7186
8863,6645
8863,6919
8863,6642
8863,7121
8863,6601
8863,6857
8863,6597
8836,6798
8836,6803
8836,6560
8836,6516
8836,6572
8836,6745
8836,7125
8836,6453
8824,6436
8821,6451
8800,6352
8794,6493
8788,6728
8788,6192
8734,6128
8733,6116
8731,6175
8731,6317
9192,7533
9188,7655
9180,8102
9169,7503
9166,7519
9156,7701
9156,7502
9156,7524
9156,7726
9156,7462
9156,7495
9156,7559
9156,7444
9156,7666
9156,7771
9189,7717
9189,8296
9164,7754
9164,7815
9164,7797
9164,8161
9164,8218
9164,7877
9164,8098
9162,8567
9124,7682
9108,8144
9063,8179
9043,7109
9033,7725
9031,7337
8944,8170
8940,7036
8934,7160
8933,7342
8931,6828
8922,6834
8920,7388
8914,7344
8913,7021
8905,7007
8905,7357
8905,6675
8905,6663
8905,7011
8905,6701
8905,7021
8905,7080
8905,7635
8905,6820
8905,6728
8905,7099
8878,6930
8878,6707
8878,7286
8878,6840
8878,6794
8878,6681
8878,7302
8878,6712
8866,6683
8863,6818
8840,7041
8836,6535
8830,6422
8830,6572
8776,7081
8775,6202
8773,6682
9256,7767
9233,8260
9226,8496
9224,9225
9211,8521
9211,8039
9201,8182
9201,7703
9201,8154
9201,7574
9201,7850
9201,8987
9201,7982
9201,8310
9201,7750
9234,8510
9234,8102
9206,8710
9206,7896
9206,8842
9206,7859
9206,8518
9206,8596
9206,8211
9206,8070
9189,8197
9159,8961
9147,7926
9097,7255
9085,7446
9075,8889
9070,7174
8984,7296
8981,7639
8976,6738
8973,7076
8964,7276
8962,6759
8956,7179
8955,6956
8955,7291
8947,6636
8947,6714
8947,6774
8947,7534
8947,6832
8947,6745
8947,6965
8947,7404
8947,6653
8947,6650
8947,7307
8920,6881
8920,6816
8920,7151
8920,6728
8920,6805
8920,6720
8920,7457
8920,6545
8908,6636
8905,6561
8882,6757
8878,6834
8872,6412
8872,6523
8818,6495
8817,6722
8815,7148
9283,7768
9272,8428
9265,7800
9253,8178
9250,7668
9250,7651
9240,8287
9240,7770
9240,7979
9240,7645
9240,7734
9240,8181
9240,7655
9240,8488
9240,7858
9273,8369
9273,7774
9248,8183
9248,7788
9248,8204
9248,7826
9248,8014
9248,7923
9248,7797
9246,8251
9208,7808
9192,8637
9147,7232
9127,7591
9117,7510
9113,7440
9026,7657
9023,7829
9018,7224
9017,7108
9006,7475
9004,7161
8998,6851
8997,6904
8997,8005
8989,6920
8989,6880
8989,7118
8989,7133
8989,6973
8989,7043
8989,6808
8989,6795
8989,7396
8989,6625
8989,6742
8962,6977
8962,7158
8962,6678
8962,6700
8962,7014
8962,6637
8962,6573
8962,7026
8950,7083
8947,6409
8924,6450
8920,6544
8914,6988
8914,6344
8860,6287
8859,6309
8857,6273
8857,6300
9314,7591
9307,8597
9295,7713
9292,8040
9292,7669
9282,7902
9282,7979
9282,8023
9282,7618
9282,7779
9282,7576
9282,7774
9282,7565
9282,7736
9315,8548
9315,7974
9290,8461
9290,7858
9290,8538
9290,7860
9290,8281
9290,7828
9290,8312
9283,7863
9246,7923
9231,7562
9181,7620
9169,7510
9159,7155
9154,7146
9068,7170
9065,6783
9060,6954
9057,6879
9048,7228
9046,6745
9040,6864
9039,7524
9039,6758
9031,6781
9031,6791
9031,6935
9031,6756
9031,6739
9031,7136
9031,6796
9031,6872
9031,7859
9031,7860
9004,6683
9004,6786
9004,7522
9004,6738
9004,6806
9004,7384
9004,6811
9004,6871
8992,6577
8989,7091
8968,6687
8962,6661
8956,6801
8956,7192
8902,6194
8901,6437
8899,6308
8899,6707
8895,6954
8895,6613
9332,7605
9329,8423
9329,7717
9319,7979
9319,7908
9319,7682
9319,8199
9319,7634
9319,8903
9319,7995
9319,7626
9319,7815
9319,8043
9319,7753
9332,8519
9332,8279
9332,8538
9332,7929
9332,8196
9332,7900
9332,8430
9330,7872
9292,8173
9276,7587
9231,7798
9211,7322
9201,7406
9199,7456
9112,6967
9107,6896
9102,7276
9101,7096
9090,6884
9090,7000
9088,7031
9081,6781
9081,6832
9073,7234
9073,7222
9073,6786
9073,6789
9073,6986
9073,7111
9073,6761
9073,6810
9073,7297
9073,6866
9073,6854
9046,7091
9046,7795
9046,6754
9046,6891
9046,7024
9046,6683
9046,7522
9046,6884
9041,7902
9034,6874
9031,7289
9008,7330
9004,6530
8998,6499
8998,6758
8944,6996
8943,6447
8941,6378
8941,6343
8937,6514
8937,6689
9374,7705
9371,8058
9371,7749
9361,8357
9361,7663
9361,7964
9361,7821
9361,7824
9361,8928
9361,7700
9361,7852
9361,7835
9361,8041
9394,7953
9374,8235
9374,7893
9374,8039
9374,7879
9374,8197
9374,7932
9374,7948
9367,7900
9334,7769
9318,8221
9265,7443
9253,7602
9243,7414
9239,7333
9152,7554
9149,7264
9144,7317
9143,7578
9132,6946
9130,6933
9130,7373
9123,6827
9123,6980
9115,7012
9115,6818
9115,6826
9115,6847
9115,7243
9115,6968
9115,6962
9115,6938
9115,6870
9115,7285
9115,7614
9088,7644
9088,6636
9088,7167
9088,6783
9088,7018
9088,7067
9088,6896
9088,6756
9076,6998
9073,6526
9052,6619
9046,6563
9040,6922
9040,6560
8986,6307
8985,6382
8983,6887
8983,7734
8979,6411
8979,6274
8979,7096
9409,7621
9409,8662
9402,7744
9402,8644
9402,7941
9402,8624
9402,7646
9402,8252
9402,7822
9402,8306
9402,7642
9402,8207
9402,7943
9416,8307
9416,8069
9416,8143
9416,8561
9416,8168
9416,8284
9416,8103
9414,8439
9376,7824
9360,8256
9315,7532
9295,7863
9285,7409
9283,7461
9196,7574
9191,7101
9186,7557
9185,7164
9174,7262
9174,7433
9172,7733
9165,6897
9165,7487
9157,6794
9157,7375
9157,7007
9157,7070
9157,7327
9157,6941
9157,6977
9157,7491
9157,6917
9157,7076
9157,7621
9130,6829
9130,7269
9130,6873
9130,7155
9130,7171
9130,6757
9130,6866
9130,7182
9125,6801
9118,6684
9115,6956
9088,6518
9082,6665
9082,6676
9028,6865
9028,6324
9027,6524
9025,6449
9025,6842
9021,6363
9021,6417
9018,6337
9451,7729
9444,8779
9444,7928
9444,8647
9444,8118
9444,10473
9444,8046
9444,7809
9444,7859
9444,7848
9444,7830
9444,8514
9444,7908
9458,7946
9458,8399
9458,8106
9458,8516
9458,8466
9458,8860
9458,7961
9451,8499
9418,8252
9402,7819
9349,7575
9337,7859
9327,7356
9325,8036
9238,7078
9233,7052
9228,7529
9227,7062
9216,7054
9216,7550
9214,6915
9207,6907
9207,7634
9199,6830
9199,6943
9199,8450
9199,6823
9199,7080
9199,7724
9199,6961
9199,7338
9199,6951
9199,7017
9199,7291
9199,6928
9172,6866
9172,7260
9172,6826
9172,6927
9172,7696
9172,6819
9172,7024
9172,7370
9160,7148
9157,7405
9136,6546
9130,6656
9124,6796
9124,6578
9070,6439
9069,6505
9067,6933
9067,6640
9067,6407
9063,7219
9063,6805
9500,7853
9497,7851
9497,7949
9487,8082
9487,7954
9487,8116
9487,7901
9487,8077
9487,7833
9487,8193
9487,7836
9487,8272
9520,8409
9520,8680
9500,9001
9500,8170
9500,8419
9500,8103
9500,8348
9500,8382
9500,8452
9500,8189
9460,8097
9444,8008
9399,7620
9379,7576
9369,7975
9367,7397
9280,7583
9278,7121
9275,7193
9270,7507
9267,7078
9258,7140
9256,7580
9250,7000
9249,7148
9249,6908
9241,7013
9241,7342
9241,7032
9241,7281
9241,7103
9241,7294
9241,6875
9241,7064
9241,7583
9241,7033
9241,7245
9214,7218
9214,7077
9214,7399
9214,6926
9214,7310
9214,6932
9214,7052
9214,7233
9214,7160
9202,6798
9199,7323
9178,6659
9172,7095
9166,7403
9166,6764
9112,6918
9111,6960
9111,6499
9109,6538
9109,6976
9566,7961
9558,8321
9547,8532
9544,8594
9544,8218
9534,8254
9534,7999
9534,8292
9534,8076
9534,8425
9534,8072
9534,8238
9567,8172
9567,8247
9567,8352
9567,8156
9542,8642
9542,8225
9542,8105
9542,8363
9542,9563
9542,8312
9542,8674
9540,9487
9502,8634
9486,8046
9441,7813
9421,7940
9411,7493
9409,7435
9322,7737
9318,7263
9312,7283
9312,7142
9309,7278
9300,7430
9298,7100
9292,7274
9291,7762
9283,7044
9283,7469
9283,6924
9283,7284
9283,7105
9283,6959
9283,7476
9283,6909
9283,7246
9283,6992
9283,6991
9283,7500
9256,6870
9256,7337
9256,7108
9256,7099
9256,7444
9256,7005
9256,7372
9256,6981
9244,6944
9241,7527
9220,6756
9214,7465
9208,6720
9208,6786
9154,7029
9153,6512
9151,6525
9151,6551
9612,8008
9608,8216
9600,8603
9586,8182
9586,8174
9576,8357
9576,8000
9576,8257
9576,7902
9576,8627
9576,7989
9576,8928
9609,8537
9609,8261
9609,8801
9609,8307
9584,8217
9584,8792
9584,8166
9584,8695
9584,8163
9584,8190
9584,8535
9584,8260
9567,8356
9540,7997
9525,8435
9475,7613
9463,7600
9453,7628
9449,7873
9362,8207
9359,7572
9354,7180
9353,7192
9342,7578
9340,7032
9334,7404
9333,7038
9333,7035
9325,7475
9325,7242
9325,7636
9325,7034
9325,7414
9325,7119
9325,7083
9325,7457
9325,7101
9325,7314
9325,7004
9298,7189
9298,7383
9298,6980
9298,7658
9298,7316
9298,7217
9298,7313
9298,7068
9286,8674
9283,6907
9260,7351
9256,6714
9250,7256
9250,7077
9196,6573
9195,6813
9193,7281
9193,6547
9650,8041
9642,8226
9631,8595
9628,8040
9628,8457
9618,7953
9618,8320
9618,8147
9618,8514
9618,8336
9618,8112
9651,8393
9651,8357
9651,8721
9651,8198
9651,8362
9626,8449
9626,8410
9626,8736
9626,8256
9626,8272
9626,18896
9626,15964
9619,8601
9586,8079
9570,8742
9525,7680
9505,8579
9495,7565
9491,8337
9406,7367
9401,7925
9396,7307
9395,7469
9384,7184
9382,7888
9382,7037
9375,7226
9375,7612
9367,7387
9367,15817
9367,7077
9367,7126
9367,7158
9367,7095
9367,7418
9367,7008
9367,7563
9367,7088
9367,7362
9340,7151
9340,7287
9340,7078
9340,7227
9340,7067
9340,7180
9340,7602
9340,7416
9328,7230
9325,6845
9304,6836
9298,6924
9292,7205
9292,7073
9238,6809
9237,7293
9235,6684
9235,6817
9235,7035
9687,8290
9679,8448
9668,8945
9665,8201
9665,8070
9655,8303
9655,8233
9655,8677
9655,7982
9655,8123
9655,8410
9690,8350
9690,8790
9690,8217
9690,8313
9690,8453
9665,8557
9665,8340
9665,8783
9665,8337
9665,8479
9665,8514
9665,8347
9663,8530
9625,8238
9609,8409
9564,7930
9544,8433
9534,7620
9532,9261
9445,7447
9441,7921
9435,7306
9435,7752
9432,7393
9423,7445
9421,7257
9415,7223
9414,7150
9414,7204
9406,7952
9406,7117
9406,7814
9406,7100
9406,7588
9406,7108
9406,7401
9406,7111
9406,7107
9406,8987
9406,7086
9379,8165
9379,7270
9379,7657
9379,7178
9379,8000
9379,7050
9379,7553
9379,7075
9367,7324
9364,7023
9343,6855
9337,7646
9331,6785
9331,6776
9277,7108
9276,6723
9274,6613
9274,7178
9724,8253
9720,8699
9712,8343
9701,8671
9698,8193
9698,8309
9688,8696
9688,8241
9688,8562
9688,8195
9724,8356
9724,8960
9724,8474
9724,8381
9724,8591
9724,8422
9724,8452
9699,9075
9699,9052
9699,8354
9699,8638
9699,8339
9699,8840
9699,8344
9699,8346
9659,8504
9643,8014
9598,8102
9578,7714
9568,8087
9566,7908
9479,7619
9475,7445
9474,7696
9469,7291
9466,7489
9457,7243
9455,7319
9449,8062
9448,7371
9440,7433
9440,7241
9440,8099
9440,7209
9440,7911
9440,7175
9440,7812
9440,7181
9440,8006
9440,7185
9440,7968
9440,7406
9413,7844
9413,7211
9413,7758
9413,7238
9413,7677
9413,7142
9413,9757
9408,7099
9401,7241
9398,7103
9375,6995
9371,7879
9365,6916
9365,7169
9311,6778
9310,6732
9308,7377
9752,8249
9741,8744
9733,8536
9722,8241
9719,8741
9719,8111
9709,8264
9709,8373
9709,8324
9709,8586
9756,8913
9756,8426
9756,9113
9756,8605
9756,8481
9756,8927
9756,8593
9731,9111
9731,9177
9731,8509
9731,8584
9731,8847
9731,8441
9731,8905
9724,8756
9691,8194
9675,8692
9622,7849
9610,8305
9600,7781
9596,8341
9509,7424
9506,8227
9501,7458
9500,8023
9489,7407
9487,8056
9487,8007
9480,7632
9480,7341
9472,7667
9472,7255
9472,7403
9472,7442
9472,7821
9472,7516
9472,7749
9472,7383
9472,7791
9472,7359
9472,7762
9445,7355
9445,7514
9445,7280
9445,7530
9445,7326
9445,7328
9445,7510
9444,7255
9431,7487
9427,7173
9404,7350
9395,7095
9390,6997
9390,7395
9335,6823
9334,6954
9332,7844
9332,6930
9740,8453
9740,9373
9730,8619
9715,8420
9715,9141
9709,8354
9709,8425
9709,8738
9709,8600
9709,9012
9777,9171
9777,8910
9777,9381
9777,9062
9777,11490
9777,11032
9754,10828
9754,10344
9754,9393
9754,10086
9754,9582
9754,9492
9754,10493
9754,9917
9736,9908
9702,10093
9689,9568
9633,9835
9620,10020
9610,9265
9604,9318
9521,8842
9518,9130
9514,8289
9511,7963
9502,7974
9498,7471
9491,7821
9489,7521
9489,8141
9483,7478
9483,7884
9483,7385
9483,8019
9483,7517
9483,8186
9483,7414
9483,8147
9483,7402
9483,7939
9458,7433
9458,8229
9458,7447
9458,8018
9458,7472
9458,7971
9458,7377
9458,7985
9449,7312
9431,7749
9428,7320
9395,7804
9391,7084
9391,7145
9341,7836
9340,6809
9340,7153
9338,6949
9338,7053
9718,8421
9712,8778
9701,8516
9696,8883
9690,8584
9690,8489
9690,11828
9690,10678
9690,9096
9788,9101
9788,9193
9788,15388
9788,9122
9788,9278
9788,9100
9770,9281
9770,9700
9770,9251
9770,9059
9770,10449
9770,9557
9770,9183
9770,9247
9735,9603
9700,8846
9687,8658
9632,8708
9618,8514
9608,9083
9596,8150
9539,7994
9536,7901
9532,7981
9527,8453
9520,7821
9516,8438
9510,7640
9508,7792
9501,7567
9501,8131
9501,7605
9501,7786
9501,8112
9501,7970
9501,13110
9501,8602
9501,8952
9501,8393
9501,9252
9484,8750
9484,8356
9484,8208
9484,8406
9484,8296
9484,8818
9484,8677
9484,8165
9472,9028
9460,8677
9457,8516
9422,8023
9418,7966
9418,8110
9375,8640
9374,7959
9374,7810
9372,7725
9368,8114
9366,7974
9694,9389
9688,9463
9685,9109
9677,9548
9677,9607
9677,10487
9677,9767
9677,10324
9677,9719
9807,11086
9807,10924
9807,10261
9807,11062
9807,10264
9794,10828
9794,11980
9794,11203
9794,10551
9794,10697
9794,10964
9794,10384
9792,11364
9762,10150
9721,10775
9675,9880
9655,9041
9645,10070
9641,9788
9559,9977
9556,9193
9549,8752
9545,7949
9540,8417
9533,8047
9530,8470
9525,8338
9523,7870
9516,8097
9516,7853
9516,8376
9516,8598
9516,9135
9516,8285
9522,8216
9522,8920
9522,7943
9522,7927
9522,8037
9522,7884
9507,8046
9507,8038
9507,8275
9507,8229
9507,8007
9507,8415
9507,7796
9507,8537
9496,7928
9477,8301
9471,7705
9437,7728
9422,7490
9420,7578
9390,7199
9386,8086
9385,7263
9385,7746
9382,7177
9379,7967
9571,8889
9566,8620
9565,8338
9565,8908
9563,8288
9563,9246
9563,8677
9610,8234
9610,8566
9610,8191
9610,8685
9610,8300
9610,8231
9610,8803
9610,8308
9596,8303
9596,8590
9596,8296
9596,8692
9596,8407
9596,8307
9596,9162
9566,8131
9551,8368
9529,10458
9510,8988
9504,7647
9499,8210
9458,7382
9453,8233
9449,7412
9448,8211
9441,7342
9439,7779
9437,7289
9434,7565
9430,7219
9430,7254
9430,7230
9430,7300
9430,7925
9430,7280
9430,8048
9430,7264
9430,7930
9430,7411
9422,7717
9422,7195
9422,7461
9422,7195
9422,7551
9422,7343
9422,7602
9422,7276
9422,7446
9403,7804
9401,7180
9387,7727
9378,7196
9378,8789
9350,6920
9349,7452
9347,6617
9347,6834
9344,6700
9344,6907
9343,7161
9342,7026
9335,6904
9449,7636
9449,7575
9449,7651
9449,6851
9449,7255
9449,7351
9448,7888
9444,6989
