246,1882
339,3343
393,1929
385,1751
380,3008
376,7688
358,3821
346,2552
346,1907
341,1724
334,2101
329,2049
326,1696
300,2553
287,2238
276,1748
272,2885
320,3175
320,2951
320,3539
320,1842
308,1650
295,6092
289,5610
289,3143
289,2181
278,5997
274,3411
270,1975
267,1486
263,2253
233,1569
223,5680
205,5325
184,3396
180,1638
285,1616
261,5029
249,3430
243,1398
243,2967
234,1759
231,4258
226,1914
222,1890
215,3733
215,3671
215,1889
215,3670
215,2507
215,3803
257,2635
257,1575
257,3794
257,3462
257,1925
257,1499
257,1484
257,1487
257,3815
257,3986
257,2236
257,4895
257,2707
235,2323
224,1248
209,1235
187,983
181,1077
175,1075
171,866
155,1089
148,776
148,505
144,1502
141,1126
139,1630
137,1455
130,2004
130,1968
130,1597
130,1017
130,1010
130,1172
130,1045
130,1939
130,1956
130,1796
130,1251
130,1402
130,1267
130,1350
130,1270
130,2187
130,2479
130,1377
130,1042
322,1163
294,1240
267,1019
258,1075
232,4140
226,4536
220,4579
302,1993
289,1320
281,4117
281,2597
275,1351
267,1273
262,3821
258,3338
249,2629
249,1510
249,1766
249,3162
249,3165
249,2480
249,2440
249,3769
291,2105
291,2584
291,4112
291,2244
291,3660
291,2472
291,1798
291,1141
291,3414
291,3311
291,3199
291,2235
264,1588
241,3186
232,3370
211,1575
207,3034
197,2678
177,1238
173,1475
168,1571
168,2635
163,2334
161,2306
157,2256
155,1524
148,2095
148,2116
148,2080
148,1442
148,1432
148,1424
148,1424
148,1444
148,1409
148,1419
148,1421
148,1425
148,1441
148,1422
148,1422
148,1404
148,1418
148,1438
148,1442
148,2103
302,1748
279,1648
270,1552
246,1413
236,1422
230,1586
207,2640
299,4221
293,3096
293,2551
282,5868
278,3336
273,3833
268,2852
259,2215
259,5096
259,4921
259,3126
259,2207
259,5474
259,3151
259,4926
301,2654
301,5533
301,2817
301,5584
301,3529
301,3742
301,2248
301,5494
301,3729
301,2300
301,1950
301,5629
266,3955
246,3293
240,1955
219,4475
209,2871
205,2147
184,3764
277,3858
271,1993
271,3756
262,1879
259,3857
253,2395
249,1811
240,3349
240,3374
240,1691
240,3408
240,3352
240,1710
240,3353
240,3363
240,1740
282,1458
282,1449
282,1434
282,3477
282,3519
282,2267
282,1449
282,1440
282,1435
282,3481
282,3478
249,2194
338,1788
323,1755
295,1647
283,1595
277,1896
251,3458
244,2395
334,2470
334,7062
322,4300
317,2328
310,1995
306,2013
295,1967
295,1877
295,6184
295,6252
295,2990
295,4216
295,3165
295,6221
295,3379
337,2205
337,6429
337,3307
337,4294
337,4345
337,2617
337,5716
337,3556
337,4348
337,6333
337,3051
307,4146
280,5687
271,2697
245,1724
239,4964
229,4839
207,1916
202,4281
293,2857
293,1766
284,4192
279,2817
274,1684
270,1648
260,1580
260,1850
260,1596
260,1720
260,1604
260,1602
260,1751
260,1728
260,1633
302,1742
302,1635
302,4630
302,2995
302,2234
302,4324
302,1702
302,1339
302,1712
302,1442
302,4731
273,4012
250,2385
340,1948
310,2797
304,1769
290,1812
263,4370
256,2755
345,2660
345,2932
334,2799
329,6900
321,3925
317,3797
306,1978
306,2055
306,7485
306,4028
306,4181
306,3467
306,1970
306,7521
306,4192
306,2345
348,2231
348,7591
348,4020
348,2670
348,4643
348,4561
348,5109
348,4649
348,4526
348,2390
310,7177
290,3355
278,4223
254,3752
248,2045
238,1869
215,5323
210,3263
205,1788
301,5462
291,3073
286,1641
281,5139
277,3215
267,1389
267,4801
267,3110
267,1454
267,5593
267,3248
267,1423
267,1150
267,1597
267,1132
309,1135
309,1352
309,1173
309,1142
309,1373
309,1126
309,4964
309,4184
309,1960
309,4209
273,1803
256,1238
247,3730
316,1613
310,1654
296,1529
268,1754
261,1563
254,1691
350,2215
339,3524
334,3992
326,3842
322,3812
311,3728
311,3708
311,3692
311,3668
311,3703
311,2862
311,2884
311,7212
311,4125
311,4064
353,2426
353,2351
353,6093
353,4135
353,2254
353,1965
353,2032
353,1969
353,2002
353,2177
314,1971
294,1874
282,5687
258,5245
248,2307
242,4907
219,3006
213,4338
209,2917
305,4468
294,2586
290,4514
285,2173
280,4196
270,2679
270,1639
270,1638
270,3928
270,3894
270,1877
270,4383
270,2879
270,1797
270,4306
270,2708
312,1630
312,4683
312,3050
312,1477
312,1249
312,1301
312,1231
312,4605
284,4375
277,1869
257,1314
251,1347
226,1194
306,1574
296,1563
270,1404
263,1494
258,4225
258,2508
342,2184
334,6861
329,4561
315,1708
315,1565
315,7312
315,4932
315,2608
315,2060
315,3607
315,2001
315,1982
315,1978
315,6611
315,5713
357,2772
357,2015
357,6878
357,4539
357,2601
357,4596
357,3646
357,7304
325,3498
317,1901
294,6397
285,3085
255,1835
251,5733
243,3589
221,4529
216,1843
212,1826
206,1867
293,1919
291,1911
286,1893
273,1800
273,1779
273,1788
273,1779
273,1812
273,1802
273,4771
273,4675
273,1770
273,1505
273,1522
273,4781
315,4886
315,1868
315,1307
315,4791
315,3093
315,3172
315,1914
315,1546
286,1441
276,1441
257,4361
235,4113
229,970
221,822
299,1582
268,1530
261,1632
261,1515
255,1970
341,6370
333,6044
329,3842
318,2243
318,2589
318,8674
318,3857
318,5158
318,2409
318,5948
318,3472
318,2095
318,2306
318,2125
318,7572
318,6329
360,6531
360,4297
360,2430
360,1788
360,7519
360,4325
360,2419
320,1743
300,1662
288,1597
264,5481
254,5339
248,2702
224,1658
219,1627
215,1605
215,4602
208,4580
294,4335
289,3124
276,1570
276,1595
276,2284
276,2457
276,4855
276,3849
276,3024
276,1882
276,2007
276,1849
276,4756
276,4776
276,1943
276,1566
318,1684
318,4712
318,3822
318,4689
318,3843
318,1575
283,1276
266,1168
257,5158
236,3245
226,1462
222,1191
200,1084
196,1074
264,1481
258,2044
253,2043
249,4529
246,2779
321,1691
321,8218
321,3820
321,4227
321,2294
321,1867
321,8080
321,4161
321,3087
321,3919
321,2667
321,1934
321,1918
321,9485
321,4125
363,2543
363,2225
363,8189
363,4218
330,2712
319,1641
294,7185
269,3393
261,3073
255,3051
228,4240
223,2147
218,5461
218,3822
211,2573
208,5342
205,2210
202,5367
193,2632
279,5032
279,2516
279,1457
279,5146
279,2592
279,3851
279,2746
279,1672
279,1837
279,5302
279,3558
279,2143
279,1393
279,5518
279,3640
279,1723
321,1496
321,2075
321,1506
292,5461
269,3323
263,2505
239,1425
235,1459
227,4058
204,2860
200,1703
195,1309
195,4335
191,3307
256,1465
252,1561
249,1410
238,1784
324,1870
324,1817
324,1657
324,2368
324,7437
324,6611
324,3212
324,2290
324,1937
324,7295
324,4331
324,2449
324,1904
324,6793
324,4911
324,2681
366,2194
366,7762
366,4404
366,2687
334,4696
322,2534
303,2060
294,7317
264,3550
260,2147
254,1772
231,6513
226,3891
221,3535
221,2237
215,2153
211,2127
209,5113
206,5080
282,3278
282,3415
282,2136
282,2125
282,2345
282,2113
282,2049
282,2390
282,6488
282,4311
282,3393
282,6301
282,2897
282,1879
282,6955
324,3802
324,1816
324,6373
324,3661
324,3528
324,6529
324,3158
295,1431
285,6068
266,3417
244,1488
238,1303
232,1352
228,1239
206,5138
275,1536
270,1633
270,1497
262,2139
350,3999
342,2413
338,2103
327,5770
327,7342
327,7406
327,3378
327,2583
327,8709
327,3923
327,2567
327,9064
327,4365
327,2470
327,6006
369,3008
369,7934
369,3902
369,2262
369,2228
369,8197
369,4464
369,2958
337,5146
325,5686
306,3212
275,1912
267,1964
261,7646
255,5018
233,2303
228,6578
224,2994
218,6633
305,3105
303,4151
298,4536
285,2068
285,1746
285,6461
285,4056
285,3886
285,1864
285,1753
285,6396
285,4182
285,1766
285,6235
285,3600
285,1753
327,1527
327,1560
327,1555
327,1634
327,6300
327,5457
327,5050
327,2406
292,1614
275,1669
266,1583
245,1484
241,1562
231,1437
210,1555
280,1579
273,1673
273,1530
265,1617
353,1704
345,7893
341,3953
330,2228
330,7554
330,3897
330,2585
330,7585
330,7565
330,3908
330,2487
330,2053
330,7840
330,4687
330,2681
372,5245
372,2929
372,7760
372,3775
372,2269
372,7640
372,4188
372,4386
340,2521
328,2124
309,1997
278,1851
270,6217
266,6073
258,2414
236,4821
231,2994
227,5287
227,3535
312,2201
306,2183
301,5297
298,4101
288,1989
288,1690
288,1679
288,1746
288,5016
288,5011
288,2103
288,4476
288,2858
288,1914
288,1958
330,1972
330,1956
330,5077
330,5087
330,2167
330,5049
330,2337
330,1827
330,5252
295,3551
278,1891
272,1588
248,1467
244,1450
234,3991
213,3839
283,1526
276,1518
276,1482
365,1586
356,1516
351,1579
346,1612
333,1653
333,6498
333,4332
333,2389
333,5150
333,4950
333,2886
333,2211
333,2181
333,7426
333,5771
333,3021
375,5048
375,2993
375,5054
375,3000
375,2557
375,6855
375,3875
375,5067
343,2440
335,2094
312,5924
303,3963
273,1972
269,5934
263,3774
240,1854
234,1882
230,1875
230,5465
316,5696
311,2674
306,5297
302,2219
291,1712
291,5086
291,3455
291,5569
291,1535
291,1377
291,1413
291,1340
291,1137
291,1342
291,1128
333,1402
333,1283
333,1183
333,2166
333,1576
333,1500
333,2063
333,2211
333,1286
305,1288
298,1385
278,1202
272,1444
251,1273
241,1209
237,1192
293,1760
286,1831
279,1817
375,1887
364,1799
359,1976
354,1914
349,1882
336,1965
336,1987
336,4029
336,1769
336,1675
336,2094
336,1864
336,1872
336,2039
336,1902
378,1707
378,1868
378,1903
378,1888
378,3476
378,1773
378,1911
378,2320
378,1879
378,2015
378,2129
345,1773
318,1869
309,1853
284,1469
276,1597
270,3076
264,1376
242,1504
329,1466
329,1290
323,1527
314,1489
312,1240
307,1425
294,1352
294,1187
294,1370
294,1352
294,2181
294,2599
294,1195
294,1200
294,1283
294,1365
336,1211
336,1477
336,1479
336,1346
336,1512
336,1333
336,1239
336,1554
336,1217
336,1754
336,1953
308,1397
297,1399
281,1320
256,1279
250,1091
330,4291
320,3960
397,3585
385,3760
378,4036
378,3600
366,3533
362,3764
354,3391
349,3577
339,3558
339,3329
339,3578
339,3105
339,3277
339,3128
339,3483
339,1868
381,2048
381,2068
381,2124
381,2161
381,2098
381,2088
381,2618
381,2162
381,2137
381,2540
381,1958
381,2043
349,2189
337,2025
318,1662
287,1785
279,2020
275,2892
267,3193
348,1648
338,1660
332,1634
332,1729
321,2580
317,1660
312,1731
307,1777
297,2114
297,1609
297,2231
297,1420
297,1323
297,1705
297,2246
339,2592
339,5242
339,5122
339,2685
339,4777
339,4007
339,3852
339,2341
339,5088
339,3315
339,1922
339,4646
339,3346
311,2051
300,4588
284,3062
259,1950
341,1981
333,2129
438,2025
400,2043
388,7943
381,5178
381,6151
369,3188
365,2023
357,2465
353,2018
342,1749
342,8289
342,5198
342,2862
342,6830
342,3416
342,2099
384,2461
384,2052
384,1859
384,2405
384,2061
384,1974
384,2666
384,1885
384,2144
384,2660
384,1856
384,2047
384,2706
351,1938
340,1808
321,2658
290,2601
282,2713
389,1919
381,2042
349,2237
340,1657
335,1493
329,1763
320,1905
318,1472
313,1518
300,1470
300,1333
300,1666
300,1356
300,1638
300,1687
300,1502
342,1422
342,1788
342,1634
342,1547
342,1568
342,1571
342,1499
342,2644
342,2074
342,2613
342,3088
342,1568
342,1352
342,1515
313,1452
290,1715
284,2103
354,2142
344,2117
445,2221
435,2172
394,5421
384,4975
384,2734
378,2434
368,2367
364,2432
359,2348
345,7037
345,6872
345,3750
345,2402
345,2393
345,2439
387,7933
387,5822
387,3355
387,2229
387,2285
387,2235
387,2288
387,2427
387,2407
387,7989
387,7266
387,3746
387,2388
387,2018
387,7829
354,4788
343,5313
318,2602
293,1956
402,6617
392,4529
382,2517
352,4550
343,2678
338,4481
332,3315
323,4528
321,2687
316,2938
303,2515
303,2399
303,1319
303,5600
303,4252
345,2340
345,2014
345,5417
345,3770
345,2008
345,4116
345,4326
345,3871
345,5408
345,2917
345,2015
345,5546
345,3836
345,3887
345,2109
316,1717
293,1675
287,5096
353,2154
464,2211
446,2114
412,2204
396,2028
387,2069
387,2059
376,2031
371,2040
363,1946
359,1976
348,7677
348,6952
348,3598
348,2468
348,2220
348,2270
390,7754
390,5337
390,3129
390,2233
390,2302
390,7785
390,5980
390,3416
390,2216
390,7963
390,4468
390,4858
390,2993
390,2597
358,2571
350,7456
327,5299
318,2834
294,2091
401,6655
391,4411
361,2274
348,1744
341,1682
341,6164
331,5871
326,2837
321,1891
317,1754
306,5421
306,5415
306,2348
306,4064
306,3117
348,2517
348,5533
348,3071
348,4123
348,2496
348,2132
348,2095
348,5481
348,5105
348,2460
348,2611
348,6343
348,3665
348,4070
348,4626
313,2004
296,1540
287,5500
356,2122
459,3729
449,3105
414,6811
399,3190
390,2559
390,8928
379,6771
374,3718
366,4595
362,2760
351,2391
351,2465
351,2424
351,8383
351,5913
393,3448
393,2385
393,2402
393,2388
393,8408
393,5572
393,3434
393,2393
393,2149
393,2227
393,2180
393,2217
393,2421
393,2611
393,2539
360,8210
333,5891
324,5035
297,2499
408,5198
394,3798
365,2415
351,4822
344,4450
344,2773
334,2310
329,2340
324,5938
320,5718
309,2513
309,4366
309,3240
309,2227
309,5817
309,5772
351,6715
351,2982
351,2398
351,1775
351,6730
351,3924
351,2202
351,5166
351,2969
351,4673
351,2640
351,5193
351,2257
351,1879
322,5950
299,3736
293,4072
269,2172
353,2834
454,2359
418,2332
403,5367
393,6421
393,3905
386,2277
377,9707
369,4728
365,2975
354,2046
354,2733
354,8505
354,4974
354,3627
354,2098
396,8363
396,7820
396,3972
396,2661
396,2185
396,2088
396,8121
396,5287
396,3091
396,2296
396,2377
396,2300
396,2356
396,2375
363,7721
352,7270
327,3623
302,2277
294,1957
401,7430
391,4508
355,2448
347,4876
347,3648
340,2444
332,7103
329,3492
324,2317
312,5995
312,3419
312,4443
312,3536
312,2712
312,7066
354,3777
354,2144
354,1904
354,6328
354,4176
354,2213
354,6094
354,3496
354,4499
354,2736
354,5987
354,3223
354,6704
354,2970
325,4408
315,1406
296,1653
274,6249
268,5932
457,2273
447,2361
406,2059
396,2143
396,4424
389,7657
380,3792
375,2517
370,9006
357,4672
357,5117
357,7598
357,3811
357,2479
357,2267
357,2318
399,2338
399,2294
399,2360
399,2352
399,9583
399,6669
399,3857
399,2527
399,2264
399,2081
399,8898
399,5449
399,3552
366,2365
355,2136
330,8325
305,5581
297,3097
291,5150
394,3919
358,2478
350,7201
350,4208
343,4348
335,2399
332,2137
327,2080
315,1998
315,5940
315,5997
315,2858
315,4519
315,3368
315,2905
357,3226
357,4625
357,3465
357,4602
357,2761
357,4714
357,3464
357,2336
357,6954
357,4092
357,2309
357,6926
357,3459
329,4136
318,2328
302,1835
277,1793
271,5301
263,5256
452,2186
416,2097
405,2069
399,2484
393,2536
383,2073
379,2078
374,2090
360,9118
360,5815
360,3670
360,2370
360,2252
360,9136
360,5173
402,3177
402,2432
402,2498
402,2423
402,2439
402,2413
402,2426
402,2434
402,8334
402,5859
402,3595
402,2352
402,6416
402,4463
362,2638
342,2243
330,2225
306,7314
300,6003
403,4906
373,2480
360,1957
353,1909
353,6601
343,5692
338,2802
333,2058
329,2049
318,1979
318,1973
318,6826
318,6733
318,3142
318,4698
318,2832
360,2066
360,2085
360,2121
360,2060
360,7106
360,4532
360,2709
360,1810
360,7158
360,4388
360,2448
360,6907
360,3248
331,1976
321,1707
302,5672
280,5326
274,3957
266,2451
453,2253
419,2612
402,2275
402,2164
396,2237
386,2291
381,2186
376,2058
363,9498
363,6581
363,3801
363,5647
363,3041
363,2407
363,2490
405,2467
405,2459
405,2543
405,8519
405,6154
405,3664
405,2396
405,6467
405,4588
405,2794
405,2558
405,9337
405,5201
373,3283
361,2294
342,7920
311,4685
303,2596
297,2107
400,7160
370,4872
356,2764
356,5124
350,3734
341,7110
338,3125
333,4754
321,4628
321,4631
321,6764
321,3266
321,4626
321,2789
321,7040
363,3534
363,5930
363,2785
363,2038
363,6983
363,4547
363,2492
363,1827
363,1839
363,1814
363,1910
363,1863
363,7087
335,6449
324,3157
308,1991
283,1679
277,1728
269,1644
265,1768
422,2153
411,2557
405,2183
399,2410
389,2289
385,2301
380,2420
366,2247
366,8757
366,7480
366,3914
366,5213
366,3036
366,8950
408,4592
408,2819
408,2320
408,9774
408,4930
408,3265
408,2332
408,8976
408,4688
408,2957
408,2310
408,8895
408,5058
376,3157
368,2413
345,2357
336,7879
306,5295
302,2880
406,8395
375,3707
365,5382
359,2694
359,2078
348,7040
344,5609
339,4506
334,2584
324,7333
324,4096
324,2499
324,2179
324,7217
324,4713
324,4823
366,4413
366,2542
366,2209
366,2214
366,2321
366,3165
366,3742
366,3729
366,3747
366,3763
366,3767
366,7289
338,3425
331,2073
311,2072
305,2095
280,1976
274,1895
270,5630
248,5463
415,2185
408,2259
408,2259
396,2618
392,2314
384,2778
379,2645
369,8786
369,6794
369,3965
369,4610
369,2723
369,2420
369,2366
411,10136
411,5507
411,3649
411,2453
411,9634
411,4324
411,2842
411,2357
411,2473
411,9083
411,5758
411,3868
379,2471
371,8375
348,4111
339,5968
309,2847
305,8165
299,4063
378,3922
368,7775
362,3487
362,6754
351,3169
345,7264
340,4977
327,4404
327,2490
327,7164
327,3974
327,2358
327,7064
327,4078
327,3913
369,6368
369,3002
369,2155
369,7163
369,3858
369,2326
369,1647
369,7335
369,4433
369,2442
369,1992
369,1980
340,1861
330,6899
311,5528
289,2650
283,1960
275,1910
271,6424
248,4625
243,3411
411,2274
404,2148
395,2277
387,2527
383,2368
372,7152
372,3792
372,2697
372,10085
372,4832
372,3087
372,2420
372,9998
372,5213
414,3480
414,2211
414,10230
414,8456
414,4123
414,3032
414,2182
414,10215
414,4997
414,3460
381,2329
370,9713
345,4732
320,2890
312,7988
306,4022
279,2371
274,7448
269,4627
365,2733
354,7341
350,4334
345,4540
340,5363
330,4801
330,2614
330,7929
330,3697
330,2416
330,7882
330,4284
330,2682
330,2005
330,8105
372,4798
372,2730
372,5590
372,3552
372,2319
372,2621
372,2331
372,2404
372,7799
344,4521
333,2706
317,1991
311,2022
286,6571
280,5283
274,3995
254,2286
250,2261
246,2269
246,6682
241,5111
398,2277
390,2374
385,2254
375,4757
375,3082
375,9309
375,5068
375,3083
375,7041
375,3906
375,10244
375,4603
375,3012
417,10460
417,5281
417,5900
417,3199
417,2471
417,10750
417,5193
417,3675
417,4770
417,6653
384,6275
357,5546
348,2969
321,2378
315,2448
309,2357
303,2357
277,2272
272,2421
368,8445
361,6453
353,3484
350,4199
345,2818
333,2357
333,7956
333,5006
333,2831
333,7928
333,3750
333,2353
333,2069
333,2089
333,2179
333,2322
375,2387
375,2362
375,7968
375,5896
375,3334
375,4069
375,2747
375,2370
375,2386
375,8650
340,7979
323,3862
314,2558
293,3781
286,3052
279,2956
258,2822
254,3292
249,3998
249,3957
244,6727
401,2238
393,2272
389,2139
378,2291
378,4560
378,3206
378,10784
378,4954
378,3190
378,7375
378,3832
378,7321
378,4271
420,2830
420,2554
420,9702
420,5663
420,3755
420,5530
420,6905
420,3791
420,2835
420,9800
388,5080
380,3377
357,2279
348,9892
324,5364
314,3420
308,2307
285,2110
280,8598
371,6130
371,3361
361,5777
356,3400
351,8285
348,4230
336,5151
336,4693
336,2733
336,8065
336,4225
336,4293
336,5137
336,2708
336,5508
378,4114
378,2760
378,2445
378,8194
378,4118
378,2536
378,8360
378,3642
378,2249
378,1976
378,1911
378,1989
343,2082
326,7640
320,6043
296,4848
292,2501
284,1950
261,7020
257,5086
252,3705
252,2325
413,2300
404,2420
399,2301
394,2586
381,2411
381,4683
381,3268
381,7468
381,4749
381,3276
381,9689
381,5013
381,3199
423,2530
423,10071
423,5206
423,3600
423,5619
423,3819
423,2888
423,2955
423,9764
423,5802
423,3942
423,5419
383,6127
363,3182
351,2649
327,2496
321,2527
311,9337
395,5407
381,3421
374,8578
374,4045
367,4703
359,5420
356,2927
351,8522
339,3915
339,4815
339,2746
339,2351
339,2372
339,8087
339,5617
339,3332
381,5451
381,3312
381,2399
381,2453
381,2420
381,2411
381,2480
381,2409
381,2397
381,2399
381,2423
381,2578
353,2374
346,2410
326,2306
320,2335
299,2475
289,2458
285,2421
264,2679
259,5700
255,1662
423,2523
412,2339
407,2272
399,2249
395,2804
384,3027
384,2415
384,2672
384,2678
384,12774
384,5681
384,3840
426,3745
426,2923
426,2604
426,11338
426,5128
426,3908
426,2638
426,2800
426,12635
426,4680
426,3789
426,6299
426,6363
394,6058
382,3148
363,11194
332,4787
324,2833
320,2517
423,10154
393,4400
382,3478
377,4638
377,2618
366,2630
362,9438
357,4445
352,3420
342,1959
342,1856
342,10227
342,4975
342,2825
342,4306
342,2503
384,2272
384,9451
384,4442
384,5536
384,3212
384,1975
384,3523
384,1957
384,2058
384,2047
384,2177
384,1936
384,2040
356,2114
345,1949
329,1952
304,1700
298,1769
292,1774
286,1756
266,1689
262,1571
426,2590
426,2565
414,2635
410,2486
402,2408
397,2532
387,2774
387,7039
387,4944
387,2474
387,2423
387,9993
429,5915
429,3842
429,2567
429,9728
429,5007
429,3272
429,2515
429,9914
429,5361
429,3624
429,2543
429,2465
429,9855
429,5728
389,3568
369,6121
357,3298
333,9443
327,4414
430,2742
401,9198
387,4666
380,3109
380,6123
370,3686
365,8213
360,3668
356,6578
345,6465
345,3069
345,2380
345,2607
345,9755
345,4504
387,3552
387,1922
387,9465
387,4574
387,2671
387,2059
387,9647
387,4605
387,5885
387,2976
387,2057
387,9494
387,4614
359,2621
352,2520
332,2222
326,1838
301,1722
295,1937
289,1798
269,8477
265,6416
261,3142
423,3092
413,3263
409,3281
404,2578
390,3484
390,2529
390,13001
390,5664
390,3905
390,2903
390,2596
432,11111
432,5144
432,3620
432,6024
432,3944
432,7648
432,3944
432,3380
432,2525
432,2840
432,13253
432,4988
432,4210
399,6296
388,3283
363,5355
338,6986
330,3435
324,7051
427,4219
391,2426
383,10073
383,4941
376,2832
368,2087
365,2249
360,2050
348,1845
348,9438
348,5104
348,3753
348,4609
348,5865
348,3335
348,2112
390,9588
390,3992
390,3960
390,9838
390,7311
390,3469
390,5439
390,2901
390,8592
390,4052
390,2529
390,5901
361,3461
338,7967
332,3562
308,2342
304,8123
296,4782
273,2536
269,7415
264,3945
264,2539
260,2236
416,2373
411,2426
406,2300
393,2478
393,2472
393,6922
393,3909
393,2678
393,3885
393,10273
393,5820
435,3870
435,2660
435,8087
435,5525
435,3425
435,2716
435,10659
435,5132
435,3528
435,2741
435,11702
435,4979
402,3357
391,2606
366,2602
341,8958
333,5691
327,3450
321,9519
400,4336
386,2559
386,2159
380,2199
371,2068
368,8766
363,5240
351,3113
351,2196
351,2248
351,2226
351,2241
351,2285
351,2218
351,8667
393,6581
393,3604
393,4324
393,5039
393,2899
393,2520
393,8594
393,4823
393,2951
393,2254
393,2304
393,7783
365,5077
354,2992
338,2238
313,2162
307,2049
299,7935
295,6852
275,3385
271,2382
267,1994
263,2034
260,7370
415,2484
410,2808
396,2444
396,5700
396,3487
396,2727
396,10422
396,5415
396,3706
396,2889
396,2727
438,2683
438,11814
438,5735
438,4072
438,2763
438,11711
438,5156
438,3514
438,2783
438,10511
438,5516
406,3801
394,2620
375,7474
344,4929
336,6820
330,3481
324,9834
302,4788
394,2913
389,2272
383,2347
374,2209
372,2252
367,8402
354,6010
354,3503
354,2578
354,9049
354,4639
354,2946
354,2436
354,2344
354,2444
396,2423
396,2428
396,2423
396,2437
396,2392
396,9116
396,5543
396,3480
396,2331
396,2031
396,2067
368,1956
357,8988
341,6777
316,3517
310,4264
302,2801
298,8075
278,4027
274,2686
270,7764
266,3934
263,2642
260,7700
413,2415
399,2376
399,2733
399,2891
399,10361
399,4947
399,6420
399,3629
399,2737
399,2841
441,10801
441,6018
441,3950
441,2765
441,11628
441,5182
441,3657
441,2780
441,2680
441,11880
441,6004
408,4025
397,5729
372,6501
347,3510
339,2685
333,2743
327,2671
305,9711
392,6014
392,3835
386,2508
377,2300
374,2249
369,2386
357,2216
357,2170
357,2312
357,3152
357,4182
357,4353
357,4368
357,4383
357,4390
357,3429
399,3620
399,3423
399,8205
399,4370
399,2713
399,2369
399,2329
399,8167
399,5581
399,3402
370,2294
347,2037
341,8607
317,6024
313,3482
305,4222
282,2699
278,2653
273,2327
273,7789
268,5645
266,3063
262,2298
260,7756
402,2448
402,2579
402,2473
402,5695
402,6734
402,3828
402,2817
402,2841
402,2826
402,10758
444,6179
444,4079
444,7199
444,4066
444,8265
444,4776
444,6733
444,3102
444,2716
444,2706
404,10556
384,6199
372,3923
348,2524
338,11061
332,5069
309,3188
303,2376
299,2356
395,9017
384,5856
380,3896
375,2416
370,2126
360,9161
360,5132
360,6152
360,5810
360,3075
360,7085
360,3940
360,2506
360,9320
360,4772
402,5360
402,2879
402,2343
402,8979
402,4906
402,5753
402,3070
402,2272
402,2403
402,2260
367,2292
350,2138
341,2137
320,9278
310,6632
306,3737
285,5575
281,2886
276,2156
276,8904
271,5345
269,3075
265,2168
263,7854
255,5147
405,2445
405,2459
405,2578
405,2672
405,2785
405,8135
405,4640
405,3142
405,2864
405,12215
447,5761
447,4018
447,2833
447,2822
447,2783
447,12112
447,5707
447,3975
447,6883
414,3825
387,2692
378,2735
353,2749
345,2473
339,2554
333,10254
307,5912
302,4031
398,2683
391,2602
383,3257
380,10074
375,5990
363,3495
363,3221
363,3242
363,3258
363,3211
363,3238
363,3234
363,3762
363,3479
363,9282
363,5389
405,3296
405,2520
405,2483
405,9066
405,4666
405,3002
405,6775
405,3983
405,2566
377,2360
370,2212
350,2216
344,2353
319,2567
313,8796
309,5989
288,3485
283,2220
279,2320
279,7999
274,5346
272,2980
268,5979
266,6026
258,3593
408,2521
408,2851
408,2658
408,6228
408,3832
408,8254
408,4454
408,3293
408,11846
450,5407
450,3876
450,6713
450,7046
450,7051
450,6908
450,4223
450,8444
450,4584
450,3233
417,2971
390,2745
381,2697
354,2669
348,2575
338,2805
315,10309
310,6465
305,4018
401,4918
391,3010
386,2705
381,2630
377,2762
366,9634
366,5658
366,3644
366,2507
366,2436
366,2411
366,2144
366,2378
366,2390
366,2806
408,2457
408,9834
408,7288
408,3840
408,2824
408,4990
408,3976
408,2882
408,3034
408,9900
379,5079
356,3287
350,2217
326,2027
322,9248
312,5592
291,3581
287,6635
282,3995
282,9602
277,4730
275,2629
271,9621
269,4698
261,4634
261,3218
411,2548
411,2563
411,3113
411,2620
411,2983
411,3113
411,12527
411,5178
411,3775
453,2898
453,2881
453,11296
453,6415
453,4220
453,2945
453,11406
453,5099
453,3424
420,2672
393,12272
381,5574
357,3921
351,2679
341,2454
318,2410
313,2491
308,2436
308,10994
394,7183
389,4107
384,2687
380,2346
369,8970
369,5148
369,5761
369,5282
369,3498
369,6950
369,4314
369,3135
369,8985
369,4697
369,2928
411,7047
411,4352
411,6948
411,4008
411,2678
411,9227
411,4823
411,3110
411,7074
376,3852
359,2583
350,9780
329,4656
325,2846
315,6290
294,3462
290,2687
285,2689
285,8963
280,6502
278,3471
274,2544
272,7861
264,4937
264,5030
264,2941
414,2642
414,3786
414,3408
414,2703
414,6873
414,7968
414,4372
414,2968
456,2986
456,3055
456,11699
456,6842
456,4270
456,3117
456,2971
456,11922
456,5847
416,4056
396,2841
384,2707
360,2542
354,10302
344,6807
321,4320
316,2829
311,2436
311,2354
397,2537
392,2379
387,2516
383,2645
372,2687
372,2886
372,9221
372,6540
372,3985
372,2642
372,7187
372,6393
372,3481
372,2729
372,3186
372,3533
414,3788
414,3966
414,10632
414,5100
414,3848
414,5427
414,3393
414,3219
385,10502
375,4931
356,3428
334,2310
328,2288
320,2627
316,9959
296,6177
288,3569
288,6148
284,4920
281,5999
278,3429
276,9196
267,4278
267,5194
267,3005
267,8881
417,2674
417,3314
417,2788
417,8008
417,4379
417,13741
417,7672
417,4494
459,3570
459,3012
459,12531
459,5271
459,3980
459,2864
459,13030
459,5541
459,4050
419,7720
399,4618
390,3118
363,2674
357,2737
351,11569
324,5927
319,4300
314,6438
314,4140
403,3210
395,10647
392,5029
387,3873
375,2405
375,2393
375,2319
375,10498
375,5718
375,4116
375,6194
375,4034
375,2947
375,10400
375,5159
417,3952
417,2394
417,12187
417,4531
417,3697
417,2827
417,2316
417,2426
417,12265
417,5140
388,3459
365,5446
359,4623
335,2420
331,2461
323,2237
319,2234
296,2096
291,2193
291,2163
287,2187
284,2155
281,2385
279,2030
270,9410
270,6641
270,3551
420,2735
420,3308
420,2861
420,2996
420,9178
420,4709
420,3442
420,3278
462,3089
462,3092
462,3338
462,3099
462,3193
462,3145
462,3231
462,3190
462,12186
462,7118
429,4337
402,7167
393,3994
366,2819
360,2559
354,2568
327,2478
322,11407
317,7077
413,4363
406,2929
398,7422
395,4569
390,6314
378,4482
378,7157
378,4291
378,2783
378,2582
378,10614
378,5485
378,3763
378,2496
378,2369
420,9722
420,5689
420,4009
420,5658
420,6815
420,3684
420,7023
420,6612
420,6012
420,3215
420,2537
385,2475
368,10425
362,5797
338,3697
334,2396
326,9918
303,4697
299,2909
294,2232
294,2242
290,9659
287,5709
284,3756
282,2426
273,2257
273,2356
423,2737
423,3445
423,2975
423,7392
423,4311
423,3343
423,3011
465,12696
465,5781
465,4541
465,3023
465,3220
465,12117
465,5945
465,4313
465,7496
465,4167
465,3331
465,12109
432,5338
421,7542
396,4089
371,2867
363,10708
357,5372
351,3595
432,2649
421,10224
416,5419
416,3773
405,2587
401,11153
396,5243
391,3627
381,2574
381,10973
381,5081
381,3500
381,7377
381,4282
381,7131
381,3841
423,7437
423,3980
423,2894
423,11268
423,5364
423,3950
423,6429
423,3583
423,10392
423,4599
423,3203
423,8242
395,4459
388,6974
368,6505
362,5966
337,5411
331,3509
327,6919
306,4255
301,9569
297,4434
297,2870
292,2529
290,2608
286,2503
284,2537
426,2897
426,2924
426,2806
426,2988
426,2998
426,3101
426,7037
468,4262
468,3352
468,12450
468,5938
468,4212
468,3095
468,12535
468,5800
468,4259
468,3381
468,9434
468,5443
468,3766
436,2940
424,2890
405,11752
374,6248
366,4107
362,2995
465,2870
435,3023
425,10866
419,5942
419,3915
408,5719
404,3464
399,11518
394,4840
384,3295
384,11466
384,4867
384,6437
384,3540
384,2659
426,10206
426,4958
426,3234
426,7793
426,4129
426,2973
426,11338
426,5140
426,6996
426,3884
426,2703
426,11413
426,5113
426,3537
397,2615
374,10640
368,4981
344,6449
340,6001
330,5539
309,3451
305,11110
300,6101
300,4378
295,3194
293,2356
289,2230
287,2820
429,3553
429,3640
429,3513
429,3774
429,3488
429,8468
471,5149
471,4183
471,7280
471,4469
471,9254
471,4806
471,3674
471,4137
471,11727
471,5139
471,9551
471,4777
471,3943
471,9395
439,4726
427,3853
408,2940
377,14046
369,5900
480,4023
468,2710
438,11621
427,5206
422,7698
422,4460
411,6347
407,7498
402,4421
397,2790
387,13046
387,5772
387,3625
387,7310
387,4310
387,2786
429,3153
429,11395
429,5665
429,3942
429,2754
429,2612
429,3143
429,2983
429,2485
429,3269
429,2789
429,2499
429,3311
429,12816
400,6036
390,3619
371,2615
349,5759
343,4200
335,2889
331,2494
311,3124
307,9976
303,5637
299,3614
296,6183
293,3614
291,2651
442,3392
432,3775
432,3683
432,7799
432,4388
432,7993
474,5068
474,3189
474,3842
474,12671
474,5751
474,4778
474,7569
474,9011
474,5484
474,7909
474,4768
474,4093
474,10131
474,5824
474,8410
441,4615
414,2966
405,3973
378,12070
489,5612
479,4503
446,7026
433,7744
425,4726
425,2808
418,3302
410,13227
407,5684
402,4065
390,3504
390,2546
390,3254
390,13529
390,5856
432,3568
432,3138
432,8362
432,4799
432,3113
432,2550
432,12100
432,5695
432,3760
432,3354
432,2566
432,2482
432,3334
432,12430
432,5800
432,3838
397,7508
377,4121
371,3338
350,8776
340,5155
336,3286
315,7864
310,4613
306,3905
306,7715
301,4484
299,2879
295,2516
445,3592
435,4103
435,3830
435,3030
435,8377
435,4751
477,3298
477,10522
477,3903
477,3833
477,4418
477,4047
477,3709
477,4560
477,3899
477,3699
477,7850
477,3324
477,13429
477,7483
477,4649
444,3601
417,8764
408,4843
381,3105
492,11369
482,5020
449,7419
435,4127
428,2899
428,12647
421,5347
413,3757
408,2849
404,2872
393,2614
393,2546
393,2713
393,11497
393,6182
435,4062
435,6121
435,3458
435,11749
435,5099
435,7082
435,3792
435,2784
435,2598
435,11999
435,5590
435,3955
435,2765
435,8010
435,4739
406,3004
396,2552
377,11402
355,5714
349,3841
341,5261
337,3714
314,3125
309,3093
309,10283
305,5743
302,6302
299,3414
297,10509
438,2960
438,3370
438,3025
438,3135
438,9044
480,4997
480,3487
480,3267
480,13660
480,5915
480,4364
480,8606
480,4843
480,8755
480,4982
480,8039
480,4475
480,10817
480,5312
480,7223
448,8407
436,4716
417,3237
386,13359
495,5909
485,4099
475,6195
445,3781
431,2921
431,2943
425,2966
416,10841
414,6429
409,4136
396,2817
396,2608
396,2591
396,2581
396,2710
396,10569
438,5673
438,3935
438,2868
438,2521
438,2592
438,2724
438,2522
438,2736
438,2770
438,14611
438,5544
438,3862
438,2974
438,2744
409,2702
399,6181
380,5802
358,4546
352,3824
344,3789
340,10740
320,5993
312,3154
312,2517
308,9424
305,5605
302,3430
300,2860
291,10326
441,3004
441,3033
441,2939
441,3328
441,7066
483,8320
483,4743
483,3579
483,13994
483,5841
483,4464
483,8299
483,4665
483,3558
483,13985
483,5754
483,4385
483,8356
483,4785
450,3485
423,13584
414,5820
387,3989
381,3056
484,2997
455,3216
441,2983
434,12600
434,6556
424,4253
419,3194
414,2905
410,2917
399,11090
399,6667
399,4291
399,2999
399,2652
399,2828
441,11205
441,6477
441,4249
441,6662
441,3756
441,2992
441,2991
441,2931
441,3001
441,12624
441,6123
441,4058
441,3103
413,2674
402,11016
386,7204
361,3993
355,5440
347,3231
343,2708
323,10023
315,5909
315,3697
311,2776
308,10747
305,5588
303,3783
294,2754
294,10416
294,5226
444,3036
444,3167
444,3262
444,3208
444,3543
486,3574
486,3258
486,13374
486,6504
486,4543
486,3419
486,3809
486,3202
486,4106
486,3690
486,3303
486,4030
446,14612
426,6686
414,4079
390,7734
380,4537
374,3624
457,3003
443,3280
437,14316
437,5478
426,4252
422,3470
417,2735
412,8987
402,5052
402,7410
402,4374
402,3344
402,2671
402,12070
402,5910
402,3918
444,3245
444,3161
444,11828
444,5526
444,3722
444,2752
444,9262
444,4822
444,3694
444,3386
444,10878
416,4689
409,4109
389,3999
383,3899
358,10144
352,5450
348,3573
327,7486
322,4526
318,9680
318,4708
313,8532
311,4184
307,6876
305,6600
297,6053
297,3786
297,11178
297,4973
447,3130
447,3461
447,3285
447,7145
489,4455
489,9262
489,5185
489,3736
489,3546
489,3823
489,3880
489,3570
489,3560
489,3615
489,3456
489,3513
457,3541
445,3350
426,13253
395,6503
387,4554
383,3283
375,13201
456,5775
446,4086
440,3285
440,9343
429,5268
425,3447
420,8982
415,5257
405,3330
405,8806
405,5130
405,3345
405,8858
405,5196
405,3399
405,2936
447,11883
447,6146
447,4332
447,3814
447,2930
447,13217
447,5774
447,4167
447,6687
447,4005
447,3213
447,12983
418,5630
395,3363
389,2863
365,2773
361,2945
351,2898
330,12028
326,7315
321,4539
321,7188
317,3990
314,8077
310,7022
308,6521
300,3674
300,10681
300,5045
300,3131
450,3251
450,3276
450,3232
450,3366
492,8653
492,4938
492,3482
492,3748
492,3713
492,3736
492,3762
492,3705
492,3758
492,3710
492,14534
492,9220
459,4474
448,4232
423,3417
398,3276
390,13136
384,6220
378,4475
451,3159
443,3316
443,12306
436,6120
428,4306
425,3076
420,3436
408,12218
408,5712
408,4127
408,6496
408,6607
408,4884
408,7798
408,4395
450,8169
450,4520
450,3514
450,3088
450,13152
450,6171
450,4259
450,7881
450,4365
450,6821
450,3918
450,8609
421,4718
411,7681
392,8547
370,4010
364,2905
356,12264
352,5562
332,3702
324,2826
324,12154
320,5612
317,4055
314,7610
312,4170
303,11228
303,4949
303,5878
303,6870
303,3825
453,3260
453,3278
453,3396
495,9055
495,5169
495,3778
495,3811
495,3731
495,3830
495,14894
495,6735
495,4720
495,9085
495,5195
495,3811
462,10404
451,5647
426,7405
401,4399
393,3665
387,13296
381,6130
454,4370
446,3228
446,3041
439,3175
431,12580
428,6328
423,4504
411,6722
411,4017
411,13195
411,7884
411,4545
411,3766
411,7921
411,4534
411,8503
453,4652
453,7700
453,4370
453,3269
453,13247
453,5545
453,4078
453,6133
453,3846
453,3222
453,3249
418,13038
401,5796
392,4177
371,2887
361,2721
357,2706
335,2562
331,2619
327,2751
327,2962
320,3331
317,3322
315,3338
306,3213
306,11689
306,7269
306,4483
306,3039
306,2488
306,10505
456,3346
456,3512
456,3908
498,3585
498,9177
498,5194
498,4178
498,10544
498,5713
498,4039
498,3644
498,3672
498,14719
466,6476
454,4568
435,3622
404,9745
396,5399
390,3660
384,14108
362,5924
357,4317
449,6516
443,4062
434,3409
432,12362
427,5703
414,4023
414,7949
414,4381
414,3312
414,3233
414,12764
414,5854
414,4287
414,7434
414,4264
456,3342
456,3315
456,3255
456,13480
456,6099
456,4126
456,3193
456,3172
456,3005
456,12177
456,6213
421,4265
404,7592
395,4344
374,7884
370,4415
360,3406
339,3330
335,3389
330,12165
330,5838
326,4269
323,2838
319,2807
318,2820
309,2893
309,2803
309,3146
309,11829
309,6910
309,4419
309,3052
459,3360
459,3541
459,5448
501,4021
501,4278
501,4182
501,4386
501,4072
501,4060
501,4425
501,3809
501,15077
501,9651
469,4422
457,3926
438,4500
407,4453
399,4313
395,3473
387,3329
365,3445
360,3135
452,6625
452,5268
441,4375
435,12623
430,5787
427,4003
417,8830
417,4980
417,8098
417,4652
417,8538
417,4749
417,7637
417,4423
417,12665
459,5600
459,4024
459,9818
459,5151
459,7245
459,8220
459,4717
459,3180
459,11746
459,5595
459,3902
424,9669
407,4964
398,3277
377,2965
373,11678
363,6161
342,4376
338,7143
333,4058
333,3023
329,3095
326,3021
322,3049
321,12370
312,7203
312,4431
312,3315
312,9666
312,5513
312,3661
312,9426
462,3463
462,3525
504,3454
504,3746
504,8399
504,5311
504,9135
504,5406
504,4064
504,16093
504,6196
504,4939
504,8790
472,10245
460,5853
441,4253
432,4074
402,14270
398,5902
392,4677
368,7065
461,8044
455,9234
455,5263
444,7997
440,9151
435,5175
430,7753
420,8974
420,4808
420,3569
420,3315
420,3588
420,3544
420,3312
420,14061
420,6199
462,4596
462,3753
462,3340
462,3332
462,3590
462,3312
462,14009
462,6221
462,4405
462,3435
462,3246
434,3208
423,12494
407,5954
382,4151
376,3273
370,13211
366,5702
344,3999
340,3181
336,3115
336,3145
331,3150
329,11241
325,2958
323,2873
315,11139
315,6976
315,4439
315,2987
315,2684
315,12177
465,3440
465,3490
507,3403
507,3720
507,9211
507,5288
507,3791
507,13017
507,6153
507,4559
507,9278
507,5308
507,3819
507,15430
474,6152
463,4704
438,8916
413,4962
405,7290
399,8509
393,4832
472,3726
463,14196
458,5846
452,4487
443,6602
441,4098
436,3097
423,3060
423,3287
423,3101
423,14085
423,7139
423,4580
423,3737
423,8925
465,4949
465,3441
465,3151
465,3108
465,3241
465,3078
465,3138
465,13751
465,7159
465,4581
465,8108
465,4529
465,6913
430,7884
413,4397
404,3138
383,3069
379,2885
369,15243
348,5750
344,4289
339,3070
339,2835
334,13776
332,5655
328,4073
326,2852
318,2832
318,10932
318,6297
318,4137
318,7104
318,4035
468,3477
468,3650
510,3662
510,4260
510,3960
510,14626
510,6343
510,4696
510,9391
510,5351
510,3895
510,3914
510,4122
510,3873
477,3652
450,3680
438,3541
414,14887
408,6659
398,4727
481,8439
468,4698
461,3380
461,3323
451,3100
446,3233
441,3068
436,12625
426,7128
426,4534
426,7338
426,4256
426,3405
426,3625
426,3317
426,3186
468,3149
468,12648
468,6386
468,4428
468,3496
468,11966
468,5114
468,3865
468,3181
468,3124
468,12562
468,5931
433,4212
416,3009
407,12057
386,5681
376,4031
372,3199
351,11324
347,5564
342,3761
342,8639
337,5403
335,6015
331,3845
329,11963
321,5395
321,3705
321,2990
321,2940
321,11213
321,7273
321,4577
471,3578
513,4045
513,3841
513,9796
513,5598
513,4001
513,11499
513,5736
513,4317
513,11463
513,5776
513,4202
513,12132
480,5764
469,4241
444,4028
419,3812
411,3772
405,3913
399,3919
478,3781
469,3781
464,3797
458,3752
449,3748
447,3612
442,3499
429,3473
429,3376
429,13786
429,6406
429,4380
429,3742
429,3514
429,3346
471,13816
471,6015
471,5253
471,3591
471,3743
471,3428
471,3528
471,15548
471,6303
471,4202
471,3692
471,3464
471,3332
436,13898
419,5573
410,4460
389,8461
379,4690
375,3403
354,12482
350,5481
345,4240
345,9380
340,5295
338,7146
334,4110
332,3115
324,12214
324,5569
324,4378
324,3254
324,13760
324,5498
324,4260
474,3623
516,3650
516,3758
516,3878
516,10447
516,5905
516,9118
516,5413
516,4260
516,4045
516,4112
516,4131
516,16350
483,6361
472,5914
447,3743
422,3576
414,3490
408,14044
402,6627
481,4736
467,7729
467,4584
461,3599
452,10051
449,5710
445,8261
432,4572
432,3562
432,14029
432,5967
432,4294
432,3114
432,9864
432,5717
474,8181
474,4587
474,3644
474,13017
474,5899
474,4246
474,3105
474,9987
474,5542
474,3926
474,11121
474,5317
446,8102
439,4635
419,8338
413,4646
388,8545
382,8224
378,4895
356,2887
352,11969
348,5540
348,6931
343,3916
341,10652
337,5311
335,6365
327,7387
327,4083
327,3372
327,12962
327,6303
327,4416
327,6059
519,3592
519,3620
519,3876
519,3655
519,8877
519,4348
519,9639
519,5510
519,8305
519,9634
519,5561
519,4100
519,4152
486,3928
475,3791
450,3792
425,14608
417,6820
411,4761
514,3724
484,3327
470,13741
470,6180
464,4539
455,6895
453,7933
448,4668
435,9681
435,5404
435,7165
435,4377
435,3542
435,14807
435,6313
435,4847
477,7084
477,4481
477,3377
477,14804
477,6041
477,4495
477,7291
477,4405
477,9259
477,5320
477,3671
477,10071
449,5607
442,3797
422,13335
416,5679
391,4100
385,3156
381,3133
359,13283
355,6361
351,4461
351,7719
346,4367
344,8040
340,7635
338,4308
330,7953
330,4412
330,3501
330,3464
330,3442
330,12766
330,7300
522,3642
522,3666
522,3561
522,3898
522,3953
522,3937
522,15261
522,6606
522,4986
522,9849
522,5677
522,4181
522,4137
489,4145
462,3820
453,15138
428,6996
420,4708
414,8987
517,5088
481,3520
473,3429
473,3498
467,3363
458,13791
455,6749
450,4569
438,8678
438,4796
438,7365
438,4478
438,3478
438,13187
438,6356
480,4603
480,3288
480,3428
480,15111
480,6469
480,4560
480,8074
480,4600
480,8774
480,4856
480,3381
480,3384
480,13514
480,6248
445,4471
428,3387
419,7311
398,4842
388,3768
384,12754
363,5483
359,4034
354,8258
354,4623
349,3652
347,3289
343,3203
341,3258
333,3142
333,3260
333,3187
333,3227
333,3165
333,3311
333,13325
525,3698
525,3687
525,3926
525,3938
525,4083
525,11038
525,5878
525,4333
525,3959
525,4105
525,15527
525,6640
525,4843
485,4222
465,4004
453,4122
429,14753
423,6608
413,4744
497,7505
483,4689
476,9704
476,5376
466,3891
461,13101
456,5996
452,4307
441,3542
441,13632
441,6286
441,4516
441,7194
441,8341
441,4846
483,3748
483,3267
483,13783
483,6371
483,4506
483,3559
483,3385
483,14622
483,5701
483,4353
483,3429
483,10435
483,5766
454,3964
444,9143
425,5067
403,6649
397,4112
389,12838
385,5661
362,3971
357,12597
357,5683
353,3973
350,12568
347,6576
345,3923
336,3054
336,3335
336,3218
336,14021
336,6586
336,4652
336,3362
336,3059
528,3830
528,3986
528,4127
528,3990
528,4167
528,4364
528,4338
528,4155
528,4332
528,4136
528,4226
528,4177
496,4147
488,4057
465,4030
456,6220
426,3880
422,3891
527,14851
499,6792
485,4601
479,3890
479,3394
469,14171
464,6443
459,4574
455,3557
444,9922
444,5591
444,4733
444,4110
444,11316
444,6165
444,4312
486,12360
486,5531
486,4354
486,10227
486,5593
486,3975
486,13918
486,5678
486,4523
486,8467
486,5108
486,11144
486,9766
457,5314
447,4467
428,8696
406,4645
400,8849
392,5289
388,3276
368,13368
364,6105
360,3916
356,8650
353,4981
350,3218
348,12333
339,5893
339,3658
339,8439
339,4643
339,3330
339,3815
339,13299
339,5854
531,4564
531,4496
531,4595
531,4089
531,4353
531,4338
531,4784
531,4535
531,4901
531,4808
531,4322
531,4629
499,4665
491,4246
468,4366
459,4631
435,15607
425,6952
530,4717
502,3886
488,4130
482,4350
482,3761
472,14630
467,6628
462,4988
458,4032
447,10548
447,5695
447,4260
447,4262
447,14050
447,6149
489,5070
489,3534
489,10582
489,5485
489,4044
489,8764
489,5172
489,3657
489,10702
489,5842
489,4094
489,9006
489,5130
489,9387
460,5513
437,3550
431,3395
409,11380
403,6385
395,4437
391,4076
368,3274
363,3816
363,16387
359,6894
356,4546
353,4154
351,3018
342,3717
342,3880
342,3030
342,3873
342,3483
342,3281
342,3937
342,7655
534,3901
534,4027
534,3799
534,3982
534,4363
534,4263
534,4326
534,15972
534,6878
534,5099
534,4337
534,8201
502,5170
490,4244
471,12731
440,6547
432,4772
539,7660
529,4747
499,14022
485,5956
485,4590
479,3801
470,10477
468,5639
463,3922
450,3495
450,14106
450,6517
450,4627
450,3862
450,10308
450,5860
492,3974
492,3714
492,3965
492,3956
492,3806
492,14134
492,6716
492,4669
492,3838
492,3689
492,3746
492,3968
492,3746
463,3587
453,14716
434,7263
412,4774
406,3818
398,3485
394,3167
371,3452
366,3280
366,3394
362,3351
359,3235
356,3409
354,12691
345,7629
345,4961
345,3630
345,3126
345,3095
345,3319
345,3284
345,3100
345,3148
537,3873
537,3919
537,3850
537,4126
537,4560
537,8294
537,5133
537,4314
537,4427
537,4647
537,16045
497,6679
477,4848
465,4105
441,3858
431,11511
425,6174
508,4427
494,10097
488,5525
488,4004
477,13642
473,6026
468,4692
463,3723
453,13057
453,5826
453,4298
453,9268
453,5263
453,4030
453,3696
495,14334
495,6038
495,4694
495,3962
495,3894
495,15087
495,6268
495,4514
495,3819
495,3834
495,3798
495,3664
467,3669
456,3684
440,3546
415,3782
409,3530
403,3558
397,3635
377,3631
373,3570
369,3569
365,3628
362,3723
359,13628
357,6425
348,4706
348,3510
348,3186
348,3320
348,3347
348,3175
348,3200
348,3500
348,3524
348,3503
348,3545
540,3898
540,4060
540,4256
540,4032
540,4513
540,5454
540,4378
540,4510
540,4560
508,4323
500,4331
477,4255
468,16584
438,6983
434,4889
428,4152
405,3858
497,14712
491,6169
491,4795
480,9344
476,5294
471,3868
466,3936
456,3805
456,3674
456,3924
456,3843
456,3751
456,3954
456,3775
456,3867
498,3937
498,3737
498,3705
498,3865
498,3819
498,3700
498,3936
498,3760
498,3718
498,3856
498,3647
498,3770
469,3820
459,3710
440,3690
418,3659
412,3638
404,3687
400,3761
380,3518
376,3573
372,3679
368,3500
365,3633
362,3737
360,3549
351,3559
351,3793
351,3460
351,3755
351,3544
351,3353
351,3630
351,3393
351,3350
351,3333
351,3461
543,4017
543,4060
543,4331
543,4108
543,4685
543,4497
543,4634
543,4628
543,4587
543,4746
503,4449
483,16355
471,6726
447,5191
441,4301
431,4188
515,4035
501,3950
494,4149
494,4012
484,4048
479,3977
474,4017
470,3941
459,3983
459,3906
459,3952
459,3905
459,3916
459,4000
459,3981
459,3956
501,4069
501,4021
501,3990
501,4003
501,4072
501,3993
501,3987
501,3927
501,3911
501,3911
501,3992
501,3913
473,3754
462,3780
446,3787
421,3701
415,3642
407,3757
403,3797
383,3619
379,3626
375,4335
371,3590
368,4031
365,3741
363,3555
354,4025
354,3604
354,3878
354,4732
354,4902
354,4904
354,4861
354,4990
354,4780
354,4797
354,4898
546,4066
546,4673
546,4151
546,4305
546,4615
546,4601
546,4446
546,4554
546,4447
546,4457
506,4342
483,4250
474,4212
450,4132
440,4125
434,4021
517,3970
503,3927
497,3897
497,4029
486,3900
482,3902
477,4021
472,3968
462,3924
462,3996
462,3877
462,3851
462,4041
462,3888
462,3901
504,4021
504,3888
504,3901
504,3954
504,3961
504,3972
504,4222
504,3928
504,4247
504,3907
504,3953
504,4355
504,4139
469,3857
452,3719
443,3726
422,3690
412,3626
408,3687
387,3564
382,3582
378,3569
378,3549
373,3513
371,3445
367,3578
365,3505
357,3491
357,3339
357,3490
357,3502
357,3467
357,3589
357,3500
357,3518
357,3475
357,3371
357,3589
549,7255
549,6216
549,4640
549,5161
549,4763
549,4915
549,4969
549,4949
549,5023
509,5459
489,5655
477,7898
453,5767
447,4496
437,4948
520,4156
507,4587
500,5082
500,4263
490,5476
485,5149
480,4318
476,4338
465,4810
465,4217
465,4209
465,4305
465,4057
465,4068
465,4070
465,4195
507,4044
507,3992
507,4008
507,4048
507,4139
507,4060
507,4306
507,4156
507,4104
507,3944
507,4036
507,4100
478,4078
455,4090
449,3997
425,6584
421,3925
413,3886
390,3601
386,4034
381,3907
381,4216
377,4083
374,3740
370,4090
368,3799
360,4141
360,4243
360,7503
360,6604
360,3904
360,3763
360,3721
360,3687
360,3581
360,3732
360,3704
360,3590
552,4194
552,4245
552,4810
552,4238
552,4977
552,4799
552,4888
552,5058
519,4715
508,7226
483,7532
458,5317
450,5504
444,4853
438,5258
511,5124
503,4225
503,4755
496,4824
488,4295
485,7246
480,6656
468,7564
468,5011
468,5103
468,4346
468,4993
468,4340
468,4169
468,4771
468,4392
510,4186
510,6973
510,6929
510,8098
510,4824
510,4444
510,5137
510,5150
510,4400
510,7295
510,5044
481,7261
471,5282
452,4698
430,4433
424,4369
416,4683
412,4785
392,4299
384,5273
384,5079
380,4863
377,3895
374,4010
372,6421
363,5314
363,7480
363,5584
363,5342
363,5023
363,4850
363,4687
363,4096
363,4468
363,5447
363,5416
363,4637
363,3683
555,4329
555,4378
555,4985
555,4284
555,4488
555,4883
555,4693
523,4764
511,4741
486,4346
461,4517
453,4584
447,4149
441,4470
419,4524
506,4168
506,4518
500,4456
491,4151
488,4434
483,4492
471,4053
471,4437
471,4165
471,4073
471,4397
471,4098
471,4047
471,4466
471,4435
513,4369
513,4334
513,4407
513,4501
513,4378
513,4482
513,4284
513,4786
513,4388
513,4419
513,4328
484,4300
474,4399
455,4297
433,5497
427,5122
419,5133
396,4629
392,4590
387,4152
387,4046
383,3899
380,4513
376,4119
374,4384
366,4189
366,4065
366,3717
366,3953
366,4259
366,4156
366,4123
366,4425
366,4134
366,4043
366,4258
366,4404
366,3968
366,6963
558,4291
558,4497
558,4405
558,4988
558,4885
558,5067
525,4828
498,4611
489,4716
462,4516
456,4544
450,4579
423,4309
418,14531
509,7147
509,5193
502,10002
494,5857
491,4218
486,4308
474,4624
474,4267
474,4246
474,4199
474,4038
474,4004
474,4036
474,4095
474,3985
474,4086
516,4036
516,4020
516,4014
516,4029
516,3999
516,4039
516,3987
516,14162
516,7259
516,5036
488,9747
481,5557
464,3935
455,3935
434,3948
424,3859
420,3977
399,3925
395,3902
390,3892
390,3833
386,3910
383,3819
380,3684
378,3889
369,3741
369,3709
369,3894
369,3601
369,4721
369,3656
369,3716
369,14215
369,8067
369,5143
369,3988
369,3855
369,3740
369,3953
561,4341
561,4461
561,4457
561,4905
561,4857
561,5006
561,17878
528,7061
517,5084
492,4700
467,4531
459,4527
453,4632
447,4523
526,4462
517,4397
512,4319
512,4464
501,4517
497,4318
492,4325
487,4404
477,4194
477,4333
477,4426
477,4260
477,4375
477,4508
477,4267
519,4875
519,4518
519,4569
519,4529
519,17760
519,6863
519,4913
519,4595
519,4566
519,4463
519,4293
519,4563
519,4500
519,4320
484,4502
467,4227
458,4151
437,4393
433,4288
423,4159
402,4166
398,4010
393,4018
393,4288
389,4271
386,4035
383,4004
381,3951
372,3954
372,3908
372,3916
372,3974
372,3909
372,3915
372,3952
372,3890
372,14699
372,7110
372,4973
372,3914
564,4441
564,4399
564,4471
564,4728
564,4771
564,5228
564,5164
564,4956
532,4853
524,4949
501,4935
492,4734
468,4757
458,4615
565,4643
535,4515
522,4328
515,4417
515,4528
505,4447
500,4169
495,16837
491,7607
480,5168
480,4327
480,4397
480,4172
480,4183
480,4113
522,16779
522,6879
522,4981
522,4315
522,4105
522,4096
522,15266
522,6569
522,4913
522,4085
522,4115
522,4112
522,4181
522,4182
494,4191
487,16409
467,7077
461,4983
440,4085
430,4089
426,4531
405,4412
401,3942
396,4387
396,4377
391,3849
389,4530
385,4121
383,3881
375,4436
375,4521
375,3878
375,4656
375,4142
375,3756
375,4540
375,15587
375,7440
375,5262
375,4021
567,4422
567,5840
567,4893
567,5323
567,5353
567,6219
567,6455
567,6045
567,5749
535,5285
523,5609
504,5978
495,5183
582,5196
576,14290
566,6838
534,6214
524,5044
518,5753
518,4959
507,5015
503,5071
498,4944
494,4591
483,5162
483,5117
483,4432
483,4490
483,5209
525,4733
525,5082
525,4926
525,16647
525,6571
525,5283
525,4735
525,5211
525,4973
525,4567
525,5275
525,5256
525,4770
525,5119
525,5000
497,4670
486,5022
470,4800
445,4137
439,4894
433,4731
427,4323
407,15974
403,6850
399,5516
399,10723
394,5723
392,4052
388,4508
386,13399
378,6372
378,5195
378,4073
378,4520
378,4337
378,15730
378,6787
378,4659
378,3708
378,4350
570,4941
570,5485
570,4663
570,5427
570,5432
570,5414
570,5409
570,13094
570,7107
570,5656
537,5401
510,5413
501,13207
595,7174
585,4890
575,5138
542,5419
529,13935
521,6620
521,5093
514,11252
506,6182
503,4491
498,10998
486,5749
486,4236
486,4065
486,4347
528,16929
528,7861
528,5364
528,4350
528,8593
528,5308
528,4221
528,4321
528,4206
528,4219
528,4123
528,4231
528,4294
528,4277
528,16895
528,7249
500,5162
493,4379
473,8919
467,5436
442,3957
436,4072
432,4000
410,3939
406,3993
402,4233
402,4065
397,4022
395,4222
391,3947
389,4470
381,4168
381,3951
381,4333
381,4316
381,4018
381,15265
381,7673
381,5256
381,4187
381,3873
573,4551
573,4570
573,5043
573,5179
573,5451
573,11783
573,6695
573,5070
573,13800
573,6786
540,5213
513,4952
637,4984
598,4689
588,17137
578,7169
545,5031
532,6030
524,4492
524,4531
517,4829
509,4969
506,4479
501,4851
489,17464
489,7305
489,5155
489,5146
531,4264
531,5027
531,4729
531,4299
531,4898
531,16911
531,7463
531,5318
531,4615
531,4817
531,5010
531,4542
531,4846
531,5020
531,4584
531,4755
503,4921
492,14455
476,6919
451,5512
445,4282
439,4588
433,4938
413,14048
409,6678
405,5230
405,4181
398,4909
395,5293
393,4201
384,4630
384,16403
384,7050
384,4922
384,4054
384,3982
384,15133
384,6960
384,5426
384,4791
384,8887
576,4606
576,4806
576,4588
576,4780
576,5499
576,5171
576,5217
576,4995
576,5016
576,5011
536,17626
516,7431
637,5424
599,10836
591,6220
577,4858
547,4894
534,4748
527,4615
527,4434
517,4552
512,4605
507,4519
503,4524
492,4476
492,4595
492,4953
534,5070
534,5276
534,4916
534,4920
534,4906
534,4939
534,5819
534,21377
534,6162
534,4750
534,4239
534,4203
534,4280
534,4123
534,16912
534,7256
534,5096
505,4392
482,4141
476,14046
452,6503
448,4703
440,3984
417,15077
413,6552
408,5005
408,3902
404,14030
401,6487
397,4793
395,3905
387,15789
387,6596
387,4996
387,7937
387,4841
387,4033
387,3835
387,3791
387,15419
387,7641
387,5316
579,4663
579,4719
579,5194
579,4713
579,5328
579,4843
579,4921
579,4934
547,4871
539,4836
516,17449
507,7489
594,5442
588,11093
576,6182
546,4746
535,4687
530,11934
524,6380
515,10451
513,6148
508,4711
495,4328
495,4243
495,4528
495,4440
495,4663
537,4803
537,4747
537,4820
537,4830
537,17491
537,6831
537,4971
537,4656
537,8660
537,5582
537,4517
537,16409
537,6720
537,5011
537,10394
508,5976
485,4471
479,12066
455,6395
451,4798
441,11792
420,6323
416,4635
411,4308
411,14307
406,6525
404,4892
400,3995
398,4167
390,4272
390,4079
390,17700
390,7705
390,5273
390,9755
390,5591
390,4109
390,4122
390,4425
390,4338
390,4218
390,4205
582,4750
582,4888
582,5057
582,4953
582,11964
582,6757
549,5384
538,9876
513,6173
488,5286
480,16050
587,6897
554,5490
541,4911
533,9109
533,5864
523,9444
518,5968
513,4893
509,12305
498,6497
498,5310
498,9524
498,5998
498,4808
498,4690
498,14130
540,6561
540,5464
540,10771
540,6150
540,4696
540,10460
540,6180
540,11333
540,6477
540,4884
540,4671
540,4612
540,4519
505,4957
488,4640
479,4405
458,4439
448,16949
444,7543
423,5095
418,4427
414,4037
414,4063
409,4096
407,16155
403,7788
401,5341
393,4232
393,4020
393,15108
393,6774
393,5047
393,7813
393,4979
393,4038
393,4095
393,4037
393,3976
393,15644
393,7491
393,5340
393,4385
585,4665
585,4776
585,4650
585,5064
553,9998
541,6193
522,4837
491,4783
483,13868
477,7185
471,5339
550,4661
536,4659
536,4697
530,4611
521,4595
518,4469
513,4460
501,4463
501,17214
501,7855
501,5370
501,4509
501,7804
501,4442
501,4316
543,4533
543,4438
543,4513
543,17995
543,7498
543,5344
543,4640
543,4343
543,4706
543,4537
543,16001
543,6870
514,5101
491,4281
482,4295
461,4282
451,4071
447,4016
426,4378
421,5032
417,4951
417,4927
412,4927
410,4998
406,15061
404,6859
396,5015
396,4001
396,3992
396,4095
396,4147
396,4066
396,4198
396,16058
396,7564
396,5204
396,4195
396,4128
396,11424
396,6398
396,4390
396,4057
396,14914
588,4754
588,4942
548,4988
528,5071
516,5064
492,13204
482,6927
476,5280
452,4660
447,14701
443,6929
539,5268
528,4524
522,4657
517,4471
504,16466
504,7081
504,5217
504,10489
504,6184
504,9153
504,5638
504,4543
504,4536
504,4627
504,19025
546,7507
546,5125
546,4764
546,4624
546,4874
546,4712
546,4781
546,4887
546,4763
518,4957
507,4813
491,4556
466,18944
460,9019
452,5708
448,4879
428,10699
424,6341
420,9205
420,10761
413,6142
410,4470
409,4235
407,12892
399,6981
399,10833
399,9730
399,7278
399,10441
399,6211
399,4490
399,12176
399,6536
399,4881
399,12175
399,6539
399,4911
399,10658
399,6111
399,9120
399,5602
399,4252
399,4363
591,4880
559,4780
547,5161
528,4701
497,5062
489,5035
485,16086
477,6876
455,5492
450,4928
542,4968
542,4906
531,4960
527,5016
522,4834
517,4971
507,4831
507,4730
507,4805
507,19072
507,7665
507,5264
507,4975
507,4771
507,4945
507,4937
549,4995
549,4959
549,4845
549,4837
549,4837
549,4794
549,5037
549,5090
549,4746
549,4880
521,4921
510,5010
494,18128
488,7293
463,5112
457,4887
453,4691
431,4521
427,4827
423,17199
423,6810
418,4940
416,4394
412,9736
410,6110
402,4367
402,4371
402,4471
402,16954
402,6811
402,4900
402,4182
402,4653
402,4788
402,4492
402,17915
402,7500
402,5182
402,4517
402,4374
402,16679
402,6788
402,5237
594,4879
594,6177
562,4951
550,5552
531,5074
500,4937
492,5072
488,4866
480,4735
458,4647
551,4631
545,4684
545,4771
534,4467
530,18329
525,7785
520,5502
510,4698
510,4694
510,4654
510,4658
510,4602
510,4553
510,4591
510,18424
552,7689
552,5439
552,4779
552,4506
552,4567
552,13663
552,6951
552,5318
552,4461
552,4471
552,15278
552,6934
523,5010
513,4555
494,4836
472,13759
466,6402
458,4802
454,9376
434,5638
430,8341
426,5280
426,10675
421,6114
419,9229
415,5620
413,9934
405,5733
405,4511
405,15660
405,6910
405,5262
405,4465
405,4572
405,4429
405,16608
405,7713
405,5346
405,4466
405,9021
405,5552
405,4459
405,15098
405,6719
597,4909
597,4937
597,5337
565,5363
553,5041
534,5064
503,5081
495,4906
489,4869
594,5023
562,17554
553,7406
548,5366
542,11117
533,6348
531,5175
526,4685
513,4833
513,17635
513,7426
513,5414
513,4806
513,4701
513,16518
513,7257
555,5445
555,10157
555,6063
555,10884
555,6296
555,4907
555,4766
555,16476
555,7224
555,5288
555,10248
555,6160
527,4599
516,4610
500,4513
475,16479
469,7001
463,5156
457,10529
437,6055
433,4439
429,11920
425,6302
422,4654
419,12039
417,6244
408,8819
408,5427
408,4198
408,4242
408,15810
408,7006
408,5226
408,4391
408,15125
408,6789
408,5225
408,4233
408,4145
408,15785
408,6896
408,5213
408,10150
408,5907
600,4981
600,4971
560,5154
540,4813
528,5196
504,5138
498,11630
488,6552
465,4942
558,4797
551,17191
551,7242
544,5324
536,4944
533,4829
528,12878
516,6592
516,4972
516,4627
516,16542
516,7133
516,5343
516,4895
516,4680
558,4651
558,16684
558,7178
558,5295
558,10390
558,6214
558,11105
558,6382
558,4796
558,11154
558,6448
558,4829
558,4595
529,13459
519,7003
503,5234
478,4762
472,4594
466,16465
460,7092
440,5183
436,4245
432,11544
432,6421
427,4619
425,13603
421,6697
419,4957
411,4340
411,4344
411,4266
411,4368
411,16938
411,8049
411,5570
411,4572
411,4392
411,4172
411,4339
411,4398
411,4231
411,4387
411,16816
411,7888
411,5422
603,4980
603,5124
603,5076
603,5308
570,12498
543,6625
534,5150
509,11930
501,6854
608,10489
598,6315
568,10971
554,6351
554,11608
548,6423
539,4857
537,11658
532,6445
519,4914
519,13373
519,6584
519,5598
519,11546
519,6678
561,10476
561,6296
561,11074
561,6521
561,11683
561,6584
561,10456
561,6225
561,4889
561,4860
561,13532
561,6704
561,5222
561,5018
561,5000
532,5021
522,15989
503,6815
481,5091
475,17796
467,8810
463,6151
443,4526
439,4510
435,4597
431,4647
428,4356
425,18408
423,7438
414,5211
414,4512
414,4554
414,12170
414,6763
414,4973
414,8330
414,5415
414,5078
414,12917
414,7068
414,10560
414,6142
414,9342
414,5568
414,4278
606,4965
606,5113
606,5874
606,12429
574,6942
566,5440
543,5425
534,5097
621,5211
615,16104
605,7048
573,5694
563,11539
557,6722
557,5112
546,5005
542,4885
537,4834
532,4942
522,4835
522,4837
522,20263
522,8021
522,5757
564,4866
564,10629
564,6261
564,4891
564,4888
564,5046
564,4983
564,5471
564,5010
564,4885
564,4959
564,5030
564,4823
564,4890
564,5028
529,18185
509,7324
503,5306
478,10900
472,6470
468,4778
446,8747
442,5394
438,4341
438,17570
433,8478
431,5733
427,4773
425,4542
417,12190
417,6823
417,9571
417,5633
417,4394
417,4530
417,16274
417,7251
417,5434
417,4427
417,4458
417,4606
417,4362
417,4239
417,17017
417,7635
609,5181
609,5088
609,5557
577,10335
569,6647
546,5342
537,5287
507,5399
618,5241
608,5295
576,5008
565,4955
560,5084
560,5054
545,4995
543,5146
538,4929
525,4997
525,4929
525,4995
525,5034
525,4892
525,5037
567,4930
567,18784
567,7820
567,5593
567,4892
567,5130
567,4967
567,13083
567,6812
567,5223
567,9470
567,5922
567,4795
567,4729
538,4937
528,17809
509,7481
487,5455
481,4805
473,4782
450,4741
446,17252
441,7358
441,5456
436,5140
434,4672
430,17334
428,7228
420,5423
420,9958
420,5982
420,10689
420,6263
420,4583
420,4552
420,4513
420,4528
420,4467
420,4503
420,4474
420,17776
420,7950
420,5508
420,4708
420,4510
420,4431
612,5208
580,5768
572,5165
549,5823
540,5855
510,5259
506,5470
611,5693
579,5223
569,5333
563,5619
563,5265
552,5581
548,5084
543,19383
538,8141
528,5676
528,5259
528,5083
528,5040
528,5177
528,18025
528,7147
570,5462
570,5306
570,5410
570,5098
570,16694
570,7344
570,5450
570,4997
570,9839
570,6180
570,5305
570,5410
570,8677
541,8839
518,4994
512,5426
488,5203
484,6067
476,11246
453,6391
449,11193
444,6406
444,4582
440,15159
437,7045
434,5417
432,4363
423,14086
423,6793
423,10773
423,6374
423,9469
423,5802
423,4553
423,4338
423,4437
423,4653
423,4347
423,17657
423,8090
423,5523
423,10857
423,6337
423,4465
423,4507
423,4580
615,6222
583,6532
571,6715
552,6020
521,6207
513,11671
509,7401
612,12427
580,7215
571,5769
566,5814
560,13490
551,7364
549,5849
544,11159
531,7068
531,5626
531,5751
531,16895
531,7741
531,6072
531,12665
531,7206
573,13216
573,7224
573,5807
573,13206
573,7217
573,5731
573,13228
573,7355
573,5784
573,13256
573,7366
573,6080
545,11027
538,6953
518,11511
512,6946
487,5390
481,5170
588,5211
558,5281
549,4988
543,5094
543,5173
534,4991
531,18787
524,6497
521,5651
512,5070
512,5016
512,5250
512,16558
512,7277
512,5686
512,4972
554,4970
554,5209
554,5064
554,5021
554,5088
554,14670
554,4880
554,10829
554,6560
554,5082
554,5998
554,5153
649,6552
636,7053
603,6418
570,6507
560,14124
554,7832
544,6131
623,13664
610,7574
605,6398
598,6275
588,9557
585,5934
580,6083
566,5834
566,6164
566,19945
566,8340
566,6176
566,5970
566,5866
566,5849
608,5988
608,17230
608,7802
608,5862
608,6018
608,6112
608,5934
608,5810
608,5907
608,5938
608,5801
608,5967
578,5756
567,6022
542,5728
518,5676
510,5448
504,5714
478,5664
572,5338
564,5657
564,5372
555,5540
550,5755
545,5298
541,5426
531,5439
531,5304
531,5424
531,17436
531,7359
531,5506
531,5330
531,5291
573,5860
573,5703
573,5377
573,5359
573,5605
573,5072
573,18031
573,8907
573,5447
573,5793
573,10579
545,6557
534,5779
620,6231
585,6293
575,6403
563,6930
557,6422
532,9523
616,6096
616,6327
610,6249
600,5967
595,6068
590,5990
577,6038
577,18913
577,8127
577,6147
577,6086
577,5781
577,5754
577,5822
577,5968
577,5961
619,5750
619,18145
619,8085
619,6105
619,6284
619,6252
619,6407
619,6274
619,6392
619,6435
588,6183
561,5897
552,5895
525,19271
519,8109
513,5874
486,5643
481,5583
476,5279
572,14245
565,7277
557,5678
554,10140
549,6398
538,10639
538,6549
538,11359
538,6617
538,5239
538,11321
538,6613
538,4959
538,13434
538,7124
580,12014
580,6784
580,5590
580,12074
580,6901
580,5238
580,12030
580,6745
580,5182
580,12031
551,6696
540,5125
524,5331
591,6072
581,6012
569,6152
563,5869
537,6328
530,6206
621,6337
615,6381
605,6065
601,6346
596,6250
582,6068
582,6088
582,6292
582,5965
582,5918
582,5942
582,5999
582,6119
582,18095
582,8118
624,6124
624,13576
624,7370
624,6285
624,6181
624,6321
624,6280
624,6089
624,6127
624,19012
593,8059
585,5971
562,6108
553,6567
523,16767
519,6135
513,5538
489,12210
484,7087
576,5744
576,5678
565,5480
561,17428
556,7403
551,5684
541,12534
541,7034
541,5451
541,12552
541,6982
541,5407
541,12618
541,6942
541,5425
541,12684
583,7005
583,5466
583,12673
583,6958
583,5432
583,12663
583,7537
583,5413
583,10677
583,6690
548,11321
531,6662
522,11797
591,6004
577,6750
571,6232
543,6230
536,12902
529,7640
625,6273
614,6114
609,6139
601,6043
597,6122
586,5954
586,6094
586,19678
586,8265
586,6192
586,6089
586,11819
586,7351
586,6104
586,6113
628,13444
628,7385
628,5809
628,11288
628,8706
628,6086
628,13162
628,7475
628,6057
628,13188
588,7433
568,5934
556,5696
532,5709
526,5629
516,5794
493,5517
488,5423
483,5543
579,5443
569,5444
564,18722
559,7985
555,5799
544,5268
544,5316
544,5494
544,5468
544,5526
544,17423
544,7465
544,5610
544,5303
544,5459
586,5547
586,5389
586,5688
586,5291
586,5393
586,5407
586,5420
586,5476
586,5557
586,5418
551,5410
534,18808
525,7728
504,5527
580,6255
574,6758
546,5892
539,6361
532,13710
628,7784
617,6064
612,11734
604,7399
599,5992
589,13606
589,7507
589,5940
589,13721
589,7396
589,5843
589,13609
589,7433
589,5818
589,6031
589,6000
631,5974
631,15653
631,7629
631,6170
631,6100
631,6024
631,12213
631,7396
631,6092
591,11739
571,7226
559,12374
535,6990
525,5926
519,5688
496,5734
490,5764
486,5598
580,5512
572,19514
567,7858
562,5784
558,5730
547,5318
547,5180
547,16459
547,7369
547,5800
547,5356
547,5398
547,5665
547,5469
547,5294
547,5761
589,18909
589,7880
589,5754
589,5345
589,5408
589,12896
589,7064
589,5682
589,10920
560,6584
537,5394
531,12656
507,6994
503,11187
579,5997
549,5962
542,6295
535,6286
535,6234
624,14240
615,7652
610,6539
605,13951
592,7575
592,6160
592,13772
592,7530
592,6474
592,6529
592,6118
592,14494
592,7768
592,6215
592,12416
634,7535
634,6618
634,6297
634,6531
634,6210
634,6212
634,6392
634,6339
634,6245
602,6421
594,6132
571,6016
562,5934
538,5762
528,5583
522,5764
499,5660
494,5538
489,19574
585,8453
575,5999
570,5501
565,5890
561,13269
550,7096
550,5784
550,11190
550,6753
550,5394
550,5460
550,5418
550,5515
550,5336
550,5318
550,18636
592,7878
592,5806
592,5493
592,11243
592,7115
592,13118
592,11817
592,7300
592,5554
564,5244
557,5237
537,13851
531,7293
510,6174
586,6078
580,6423
552,6009
543,6122
634,6487
634,6217
623,12113
618,7539
610,6167
606,6054
595,6089
595,5947
595,16178
595,8090
595,6341
595,6089
595,6005
595,6081
595,6050
595,6301
637,6071
637,16420
637,8108
637,6262
637,6158
637,6133
637,6224
637,6587
637,6323
637,6409
604,6111
577,6136
568,19343
543,8111
535,6124
529,6079
523,11363
497,6979
492,11812
588,7222
581,14154
573,6942
570,5821
565,10457
553,6725
553,10814
553,6931
553,11731
553,6966
553,12383
553,7004
553,5286
553,5378
553,5440
595,5372
595,5444
595,5402
595,5395
595,5400
595,5443
595,5472
595,19130
595,7993
595,5875
567,5443
556,11543
540,6724
515,5198
509,5121
589,6146
579,7882
553,6521
546,6062
637,6278
637,6363
625,6278
617,6442
612,5975
608,6149
598,16279
598,8176
598,6400
598,6207
598,6028
598,12830
598,7540
598,13648
598,7773
640,6251
640,6043
640,12917
640,7620
640,6172
640,12901
640,7641
640,13905
640,7528
640,6090
640,13794
600,7499
580,6142
568,5960
544,12350
534,7289
528,13002
505,7173
500,5541
591,5589
591,5523
581,5481
576,17291
571,7646
567,5807
556,12492
556,7001
556,5451
556,5503
556,5659
556,5330
556,5406
556,5374
556,5503
556,5453
598,5419
598,5502
598,5516
598,5367
598,5471
598,5395
598,5393
598,5623
598,5680
598,5633
569,5522
559,5551
540,5516
518,5299
512,5246
588,6124
582,6117
556,6315
544,5904
640,6535
634,6659
624,14714
620,7658
615,6547
601,14500
601,7615
601,6407
601,14530
601,7580
601,6407
601,14522
601,7619
601,6527
601,14731
643,7603
643,6454
643,14540
643,7609
643,6318
643,14620
643,7608
643,6405
643,6373
643,6399
643,13035
603,7287
583,6054
571,6098
547,6154
537,5966
531,5928
508,5899
503,5742
594,5704
594,21108
584,8427
579,5941
574,5539
570,12735
559,7200
559,13391
559,7128
559,5850
559,5638
559,5724
559,5719
559,5647
559,5787
601,5572
601,5720
601,5745
601,18953
601,7695
601,5781
601,5775
601,5880
601,5747
601,14019
601,6971
573,5983
562,11964
546,7151
540,12528
515,6990
595,6278
589,7091
559,6270
650,6416
643,6711
643,6851
631,6875
627,6579
619,6569
614,6523
604,6600
604,6524
604,7005
604,6540
604,6436
604,20261
604,8547
604,6488
604,6526
646,6544
646,6672
646,6677
646,6494
646,6552
646,6699
646,6485
646,6518
646,6587
646,6496
646,6456
613,17038
586,7670
577,5944
550,6257
544,6102
538,5994
511,6035
506,5968
597,5929
597,21301
590,8455
582,5957
579,5439
574,5807
562,5858
562,13540
562,6969
562,5902
562,5718
562,5727
562,5773
562,18430
562,7835
604,6131
604,5528
604,22373
604,9793
604,6724
604,11775
604,7031
604,12602
604,7889
604,6626
604,5897
576,6109
569,7456
549,13128
543,7069
518,5267
598,6283
592,7039
562,6129
653,6436
646,13706
646,7947
634,6580
630,6524
622,6668
617,13882
607,7640
607,6347
607,6306
607,6283
607,6408
607,6301
607,6268
607,6474
649,6357
649,6286
649,6614
649,6368
649,6410
649,6398
649,6313
649,6501
649,6425
649,19075
649,8328
649,6363
616,6375
589,6559
580,12157
553,7369
547,6066
541,11849
514,7235
608,12544
600,7308
600,13194
593,8063
585,5984
582,13130
577,7267
565,6002
565,12903
565,7276
565,5824
565,13138
565,7298
565,5956
565,12864
565,7209
607,5840
607,13260
607,7106
607,5865
607,5779
607,5856
607,5858
607,14791
607,7561
607,5944
607,12917
579,7150
568,5725
552,5589
546,5727
521,5542
601,6318
595,6256
565,6411
656,6266
649,6528
649,6651
637,6436
633,6531
625,6504
620,6516
610,17948
610,8174
610,6238
610,6397
610,12395
610,7531
610,6417
610,6371
652,6426
652,15403
652,7929
652,6362
652,13280
652,7600
652,6636
652,13290
652,7745
652,6510
652,6316
652,12393
619,7439
608,6191
583,6156
558,6162
550,17171
544,7926
538,6090
617,12651
603,7186
603,13183
597,7326
588,5940
586,5833
581,5770
568,5836
568,17597
568,7831
568,5944
568,13033
568,7296
568,5862
568,5832
610,5752
610,5936
610,5771
610,5670
610,5823
610,5821
610,5722
610,5906
610,5844
610,5964
610,6033
610,5953
610,5754
575,5800
555,5580
549,5581
528,5583
604,6424
598,6419
676,6419
661,14341
652,8027
652,6915
641,14237
636,7979
628,6630
624,14070
613,7707
613,6402
613,13834
613,7779
613,14772
613,7934
613,6790
613,14706
655,7922
655,6604
655,14624
655,7890
655,6410
655,6482
655,6749
655,6416
655,14604
655,7913
655,6446
655,6533
622,13614
611,7666
586,6333
561,6316
553,6232
547,6262
652,6292
620,6123
611,6276
606,6110
600,19257
591,8171
589,6237
584,5877
571,6005
571,5729
571,5942
571,17926
571,7914
571,6047
571,13356
571,7373
613,5941
613,6226
613,6043
613,5824
613,15433
613,7835
613,5941
613,5837
613,5684
613,5834
613,15352
613,7739
613,5922
584,5794
561,5858
555,13870
531,7369
615,6556
601,6538
680,7035
664,6518
655,6778
655,7278
644,13562
639,7928
631,9110
627,6906
616,23523
616,9019
616,6752
616,6609
616,6533
616,13609
616,8511
658,7755
658,7757
658,7168
658,7172
658,14740
658,8079
658,7324
658,9469
658,7629
658,6738
658,26448
658,9572
658,7236
618,6706
598,6439
586,6529
562,6492
552,6341
546,6314
629,6241
616,6102
609,6369
609,6014
598,6086
594,6187
589,6604
584,24131
574,9108
574,7237
574,6414
574,5808
574,6059
574,6500
574,13390
574,8126
616,6732
616,13581
616,8085
616,6551
616,6606
616,12244
616,8306
616,6557
616,12511
616,7505
616,6842
588,12594
577,8005
561,5982
536,12234
530,7741
524,5734
600,6460
677,7159
664,6604
658,6634
652,6812
642,13188
638,7896
633,6994
619,6638
619,6789
619,6616
619,15203
619,8109
619,6819
619,6702
619,6656
619,6753
661,15311
661,8120
661,6713
661,6593
661,6792
661,6653
661,6775
661,6699
661,6666
661,15339
661,8157
629,6680
621,6535
598,6419
589,13334
559,7694
555,13979
547,7779
525,6220
617,6096
612,6211
612,6231
597,18119
595,8074
590,6145
577,13366
577,7488
577,6069
577,13312
577,7418
577,5886
577,23458
577,9538
577,6792
619,5653
619,5912
619,5860
619,13427
619,7490
619,5944
619,13452
619,7649
619,7979
619,6488
619,6053
619,6768
584,6815
567,5928
558,6520
537,6525
533,6101
523,6425
579,6498
670,7496
661,7376
661,7540
650,7411
645,7414
637,15150
633,8248
622,7408
622,14698
622,8523
622,7038
622,15144
622,8611
622,7162
622,7392
664,7636
664,7256
664,7203
664,7476
664,15707
664,8376
664,7256
664,15547
664,9203
664,7038
664,7322
664,15541
632,8094
620,7110
601,7112
570,6836
562,6807
556,6425
550,6738
629,6521
620,6535
615,6576
609,15051
600,7882
598,6840
593,6608
580,6068
580,6311
580,6437
580,6182
580,6359
580,14417
580,8469
580,6726
580,6638
622,6170
622,6654
622,6681
622,6791
622,6657
622,14998
622,7848
622,6711
622,6446
622,6758
622,6447
622,6449
587,6442
570,12779
561,8290
540,6612
536,12924
526,7583
582,7193
673,7487
664,7374
664,7291
653,6994
648,7850
640,7491
636,7534
625,15811
625,8445
625,7774
625,7351
625,7517
625,7296
625,7774
625,14532
667,8090
667,7415
667,7372
667,7516
667,7521
667,7383
667,7299
667,8056
667,7904
667,7426
667,7610
667,7520
634,7429
623,7514
598,7302
573,7048
565,7398
559,7007
553,7152
632,6179
618,6116
618,7378
612,6354
603,6152
600,18932
596,8532
583,6154
583,5894
583,5933
583,12488
583,7437
583,6006
583,12547
583,7516
625,13487
625,7503
625,5982
625,13619
625,9031
625,5987
625,5931
625,12739
625,7455
625,6104
625,6116
625,6144
597,15342
590,7659
570,6165
564,13676
539,7391
533,5844
529,5921
686,6653
674,7153
667,6666
667,6963
655,6995
651,7015
643,6932
638,7028
628,6853
628,7090
628,6922
628,6887
628,6801
628,6804
628,6961
628,7108
670,6791
670,15571
670,8349
670,6798
670,6864
670,6851
670,14002
670,7938
670,6908
670,13982
670,7987
670,6918
630,13758
610,7852
598,6725
574,13295
564,7918
558,14150
535,7645
628,6082
621,6345
621,13071
611,7670
606,14165
601,7593
597,6156
586,11737
586,7714
586,7022
586,19558
586,8297
586,6493
586,6642
586,6752
628,6431
628,15356
628,11370
628,7132
628,5824
628,6370
628,6227
628,6491
628,5946
628,6127
628,6337
628,6184
593,6186
576,18953
567,8138
546,6050
542,5791
532,5938
511,5822
679,6587
670,6778
670,6772
659,6648
654,6879
646,6853
642,6784
631,6914
631,6790
631,6942
631,6824
631,6885
631,15734
631,8320
631,6745
673,6944
673,13675
673,11747
673,6754
673,7076
673,9267
673,7622
673,7659
673,7511
673,7115
673,7347
673,10899
640,7475
613,15387
604,8633
577,7128
571,16015
565,8505
538,6836
632,14996
624,8365
624,6919
617,14955
609,8100
606,6716
601,14586
589,8048
589,6600
589,14683
589,8029
589,6721
589,14956
589,8336
589,6791
589,14585
631,8220
631,6640
631,6883
631,6705
631,13343
631,7700
631,6802
631,6593
631,6609
631,6560
631,6708
603,6541
592,6642
573,6447
551,6385
545,6092
537,6476
533,6629
513,6056
679,7214
673,7917
667,8197
657,7520
653,7332
648,7451
634,15759
634,9118
634,7397
634,7670
634,7438
634,7486
634,15575
634,8849
634,7543
676,8257
676,7780
676,7679
676,15571
676,9287
676,7346
676,7516
676,7562
676,7471
676,7790
676,7629
644,7658
636,16033
613,8320
604,7627
580,7355
570,6869
564,7233
541,6803
633,6855
627,6817
627,6778
617,13606
612,7776
607,6814
603,6558
592,13032
592,7800
592,7036
592,12864
592,8112
592,7118
592,6836
592,6856
634,7023
634,6865
634,6949
634,6660
634,6908
634,7002
634,7343
634,6916
634,14587
634,7822
634,7122
634,7176
605,13285
595,7694
576,6560
554,6416
548,12610
540,7531
536,6654
516,12563
682,7306
676,9542
670,8484
660,7435
656,7737
651,7768
637,15683
637,9093
637,7879
637,7691
637,15263
637,8206
637,7431
637,7621
637,7517
679,7599
679,7632
679,7613
679,7506
679,7457
679,7593
679,7397
679,7545
679,7508
679,8135
679,15402
679,8449
639,7291
619,7338
607,7194
583,15721
573,8082
567,7038
650,6842
637,6717
630,6931
630,6944
620,6916
615,6871
610,6915
606,6825
595,6576
595,6948
595,6824
595,13245
595,7814
595,6889
595,13211
595,8416
637,6849
637,6890
637,6887
637,6840
637,13107
637,8137
637,6874
637,6873
637,6774
637,14011
637,7929
637,6667
608,6782
598,12473
579,7951
557,6607
551,7105
543,6833
539,13657
519,8005
679,8122
679,8676
673,7719
663,7677
659,8113
654,8436
640,8122
640,7720
640,7580
640,7816
640,7423
640,7399
640,7918
640,7795
682,7432
682,7716
682,7513
682,8652
682,8212
682,7375
682,7729
682,7315
682,8349
682,7228
682,7042
682,6854
650,13631
638,7829
619,6994
588,13679
580,7696
574,6902
568,13538
647,7801
638,6729
633,6846
627,15064
618,7658
616,6515
611,14928
598,7562
598,6490
598,14285
598,7691
598,6495
598,14497
598,8478
598,7516
640,7453
640,6998
640,7166
640,15149
640,8364
640,7086
640,6917
640,6738
640,6757
640,6841
640,6877
640,6789
612,6738
601,6682
585,6694
560,6435
554,6026
546,6505
542,14713
522,8216
514,6676
682,7132
676,8391
666,7632
662,7657
657,8220
643,7671
643,7935
643,7767
643,7927
643,7726
643,15787
643,8557
643,7491
643,7531
685,15624
685,8662
685,7483
685,7804
685,7753
685,7618
685,8088
685,7675
685,16018
685,9365
685,7859
685,7623
645,14967
622,7848
613,6746
589,23757
579,9433
573,6902
550,6329
643,6650
636,6484
636,6340
626,6485
621,6399
616,6575
612,6586
601,6597
601,6196
601,6486
601,18826
601,8296
601,6307
601,6665
601,6453
643,12460
643,7534
643,6659
643,6566
643,6710
643,7099
643,6812
643,6496
643,6494
643,6630
643,6534
643,6738
615,6729
604,6597
588,6679
582,6362
557,10666
551,6425
547,6041
525,6003
521,6307
685,6783
685,7743
673,6789
669,7050
661,15437
656,8278
646,7057
646,15306
646,8286
646,6882
646,7154
646,7412
646,7242
688,7086
688,7190
688,7138
688,7253
688,7325
688,7147
688,7082
688,7331
688,7073
688,7266
688,7301
688,7127
688,7093
656,7051
644,6893
625,6959
594,16566
586,8364
582,6694
685,6837
655,6498
644,6498
639,6564
639,6455
628,6442
624,6488
619,6463
614,6374
604,6673
604,14998
604,7860
604,6533
604,12670
604,7734
604,6418
646,6383
646,6336
646,6317
646,15046
646,8024
646,6650
646,6519
646,6483
646,13381
646,7493
646,6760
646,13539
646,7338
618,6117
611,6255
591,21950
585,8915
560,6540
554,5887
550,13751
529,7627
695,6812
688,7015
688,7211
677,7034
672,6973
664,7114
660,7247
649,7153
649,7048
649,7163
649,7281
649,7114
649,7586
691,7163
691,7205
691,7232
691,7181
691,7196
691,7247
691,7412
691,7215
691,7160
691,7191
691,7286
691,7047
691,7167
691,7241
659,16235
651,8510
628,7000
619,6954
595,6764
702,14129
690,7819
662,6601
649,13901
642,7862
642,6903
632,13842
627,7840
622,6569
618,13706
607,7805
607,6608
607,6447
607,6455
607,6565
649,6533
649,6578
649,6444
649,18382
649,8200
649,6396
649,6678
649,12968
649,7732
649,6639
649,6388
649,14525
649,7822
649,6539
649,6621
649,6470
620,6214
597,16322
591,7968
567,6314
563,6380
555,6234
742,7116
701,7367
691,7029
691,7401
684,7504
675,14373
670,8175
665,7258
652,14123
652,8197
652,7229
652,14403
652,8251
694,7909
694,7518
694,7559
694,15693
694,8176
694,7287
694,7659
694,7646
694,7994
694,15658
694,8184
694,7311
694,15530
694,8176
694,7591
662,7400
650,7457
631,7021
646,14565
709,8099
703,6920
691,14340
661,7881
650,6742
645,6786
645,6785
630,6708
628,14435
623,7613
620,6801
610,6528
610,6613
610,6651
610,6762
652,6506
652,6731
652,6652
652,6618
652,6667
652,6675
652,6612
652,6838
652,6588
652,6591
652,6608
652,6839
652,6582
652,6527
652,6724
652,6630
617,6739
600,6574
591,6772
570,6881
566,6715
556,7029
718,8293
703,8222
694,7803
694,7886
683,8119
678,7854
670,7932
666,7866
655,7970
655,7827
655,8063
655,7966
697,9009
697,7993
697,8054
697,7935
697,7864
697,7894
697,7864
697,8073
697,8006
697,8356
697,8108
697,7976
697,8701
697,8132
697,8824
697,8445
665,7326
653,7289
634,6943
730,7012
712,7031
706,6935
694,6670
664,6721
653,6691
648,7055
648,6823
633,6887
631,6679
626,6684
623,6587
613,6658
613,6623
613,6522
613,7204
655,15278
655,7909
655,6466
655,6656
655,6336
655,6565
655,15183
655,8070
655,6475
655,6567
655,6532
655,13592
655,7644
655,6833
655,13588
655,7738
620,6572
603,6381
594,12505
573,7642
563,6164
559,6455
716,7083
704,7135
697,7240
697,7897
685,7347
681,7593
673,7523
668,7451
658,7298
658,14151
658,8255
658,7582
700,7357
700,7255
700,7324
700,7292
700,7360
700,7376
700,7554
700,7500
700,7367
700,7537
700,7519
700,7389
700,7621
700,7613
700,7313
667,7694
656,7781
631,7609
606,7476
715,7647
705,7509
672,7073
659,16159
651,8374
651,7283
644,7546
636,7538
631,8180
627,7279
616,14719
616,8660
616,7169
616,14785
616,9212
658,7462
658,7457
658,7295
658,7261
658,7200
658,7285
658,16124
658,8752
658,7112
658,7841
658,7189
658,7210
658,8128
658,7200
630,7622
623,7486
603,7423
578,7162
572,7143
566,7084
560,7117
540,7120
536,6752
700,7832
694,8817
684,8053
680,8738
675,7877
661,7908
661,8152
661,8067
661,7817
661,8374
661,8252
703,7992
703,8428
703,8066
703,7979
703,8393
703,8079
703,8247
703,8012
703,8372
703,16923
703,8855
703,7877
703,7829
703,8189
671,8138
659,8066
640,8213
609,7539
601,7653
712,7898
700,7583
668,7315
659,7342
654,8119
648,7376
639,7543
637,7362
632,7297
619,7101
619,7338
619,7753
619,7337
619,6917
619,7564
619,7323
661,7315
661,7363
661,7405
661,7239
661,7319
661,7417
661,7453
661,7345
661,7460
661,7210
661,7583
661,7368
661,7114
633,7432
622,7349
606,7210
581,6767
575,7070
567,6900
563,7173
543,6977
535,7728
535,6708
697,7807
687,8225
682,8358
677,8746
664,8412
664,7832
664,7978
664,8199
664,8147
664,8162
664,8090
706,7919
706,8014
706,8120
706,8131
706,8721
706,8102
706,8128
706,8423
706,8152
706,7933
706,8744
706,8086
706,8105
666,8093
643,8002
634,7627
604,7709
600,7616
592,7866
673,7856
662,7494
657,7429
651,7498
642,7380
639,7372
634,7522
622,7401
622,7657
622,7222
622,7221
622,7265
622,7234
622,7278
622,7935
664,7378
664,7422
664,7960
664,7343
664,7512
664,6895
664,7516
664,7330
664,7274
664,7329
664,7482
635,7421
625,7378
606,7135
583,6992
578,7102
568,6957
547,6950
543,6975
538,6959
538,6793
533,6896
531,6851
527,7006
667,7409
667,7981
667,7888
667,8571
667,8236
667,8053
667,8443
667,7936
667,8046
667,7950
667,8354
709,8284
709,8557
709,8730
709,8230
709,8500
709,8096
709,7955
709,8666
709,8191
677,8229
665,8515
646,7966
615,8008
607,8309
603,7789
595,7647
573,7648
568,7564
564,7362
660,7563
645,7462
643,15011
638,8853
625,7507
625,7220
625,7379
625,7333
625,7150
625,7380
625,7285
625,7223
625,7207
625,7225
625,7331
667,7234
667,7212
667,7336
667,7373
667,7253
667,7341
667,7322
667,7451
667,7771
667,7404
632,7462
615,7429
606,7160
585,7055
575,7049
571,7083
550,7007
546,6899
541,6848
541,6587
536,6625
534,6629
530,6650
528,6823
670,7453
670,7832
670,7181
670,7581
670,7737
670,7521
670,7501
670,7682
670,7981
670,7974
712,7618
712,7889
712,7759
712,7855
712,7820
712,7573
712,7654
712,8010
712,7512
712,7901
680,7866
672,7750
649,7552
640,7487
610,7329
606,7637
600,8258
577,7443
572,7427
663,7313
663,7112
653,6956
648,7006
643,7448
639,7327
628,7177
628,7415
628,7117
628,7096
628,6782
628,6846
628,6854
628,7125
628,7133
628,6815
670,6926
670,6977
670,7211
670,6873
670,6891
670,7173
670,7140
670,6793
670,7018
670,7034
642,7013
631,6953
615,6809
609,6795
584,6668
578,6449
574,6639
552,6580
548,6606
544,6607
544,6528
539,6543
537,6469
533,7229
683,7243
673,7659
673,7875
673,7206
673,7330
673,7656
673,7667
673,7622
673,7958
673,7729
715,7688
715,7598
715,7752
715,7823
715,7690
715,7510
715,7651
715,7652
715,7488
715,7831
715,7908
682,7595
671,7530
646,7407
621,7410
613,7193
607,7200
601,7224
575,7036
666,7126
666,7074
659,7067
651,7078
648,7162
643,7106
631,7005
631,7165
631,7144
631,7227
631,7054
631,7198
631,6914
631,7213
631,7162
673,7261
673,7213
673,6846
673,7119
673,7163
673,7020
673,7073
673,7202
673,6932
673,7162
673,6938
644,6848
621,6841
615,6760
591,6608
587,8378
579,6868
556,6751
552,6448
547,6343
547,6329
543,6590
540,6326
536,6331
534,6483
676,7117
676,7265
676,7181
676,7511
676,7428
676,7453
676,7476
676,7629
676,7602
676,7783
718,7584
718,7549
718,7869
718,7675
718,7582
718,7753
718,8250
718,7741
718,8088
718,7629
686,7625
674,7662
655,7332
624,7444
616,7359
610,7293
604,7502
582,7302
674,7171
669,7122
663,7338
654,7149
652,7622
647,7115
634,7123
634,7053
634,7200
634,7279
634,15999
634,8477
634,6861
634,6879
634,7050
634,6950
676,6872
676,6937
676,7091
676,6923
676,18283
676,8390
676,6867
676,7174
676,7091
676,7233
676,7103
641,7039
624,6975
615,6900
594,6675
584,7630
580,6946
559,6833
555,6556
550,6806
550,6564
545,6668
543,6810
539,6664
537,6635
679,7205
679,7725
679,7344
679,7472
679,7538
679,7938
679,7962
679,7809
679,8146
721,7991
721,7784
721,7844
721,7675
721,7884
721,7668
721,7649
721,7944
721,7632
721,7775
721,7735
688,7653
677,7890
652,7485
627,7456
619,7402
613,7137
607,7053
581,6883
672,7144
672,6923
665,6898
657,7184
654,6911
649,6848
637,6801
637,6715
637,6738
637,15401
637,8327
637,6837
637,6834
637,7189
637,7380
637,7094
679,6926
679,6858
679,6866
679,6926
679,6852
679,6873
679,7202
679,6875
679,6851
679,6899
651,7037
644,6800
624,6738
618,6740
593,7269
587,6968
583,6892
561,7025
557,6806
553,6804
553,16946
548,8580
546,6637
542,6705
540,6568
682,7214
682,7761
682,7542
682,7625
682,7707
682,9178
682,7828
682,7797
682,8057
724,7729
724,7699
724,7635
724,7699
724,7690
724,7600
724,7662
724,7801
724,7849
724,7748
724,7660
691,7611
680,7802
655,7557
630,7435
622,8133
616,7581
610,7246
588,7125
680,7242
675,6995
669,7085
660,7213
658,7481
653,7314
640,6963
640,7015
640,7005
640,7070
640,7095
640,7201
640,7020
640,6967
640,7088
682,7053
682,15871
682,8416
682,7058
682,7191
682,7054
682,7007
682,7241
682,7243
682,7250
682,7321
682,7441
653,7190
630,6887
624,7163
600,7137
596,6747
588,6804
584,6612
561,6621
556,6608
556,6715
552,6789
549,10060
546,9668
544,6851
685,7268
685,7555
685,7512
685,7939
685,7636
685,7979
685,7945
685,7914
727,7862
727,7779
727,8093
727,7832
727,7868
727,7888
727,7747
727,7838
727,7879
727,7985
727,7957
727,7836
727,8551
687,7849
667,7747
655,7632
631,7553
625,7593
615,7412
699,7514
685,7286
678,7176
678,7441
668,7289
663,7268
658,7409
654,6938
643,6991
643,7184
643,7104
643,6902
643,17558
643,8566
643,6884
643,7006
685,7082
685,7269
685,7132
685,7170
685,7200
685,7158
685,7229
685,7115
685,7272
685,7218
685,7027
685,7222
656,7310
646,6882
627,6980
605,6920
599,6913
591,6808
587,6962
567,6760
559,6881
559,6738
555,6876
552,6845
549,6826
547,6880
688,7436
688,7808
688,7586
688,8021
688,7756
688,7876
688,7866
688,7971
730,7885
730,7915
730,7809
730,15121
730,8757
730,7998
730,8093
730,8119
730,8050
730,8086
730,8088
730,7958
730,15469
690,8666
670,7559
658,7564
634,7536
624,7410
618,7719
701,7544
688,7235
681,7641
681,7637
671,7649
666,7492
661,7761
657,7714
646,7278
646,7499
646,7262
646,7282
646,7136
646,7179
646,7376
688,7155
688,7188
688,7127
688,7344
688,7292
688,7275
688,7157
688,6969
688,7187
688,7261
688,6966
688,7189
688,7492
660,7448
653,7079
633,7217
627,6916
602,6768
596,6993
592,6970
571,6969
566,6927
562,6862
562,6841
557,6959
555,6685
551,6799
702,7458
691,7430
691,7680
691,7523
691,7864
691,8033
691,7874
691,7911
733,8080
733,7808
733,7941
733,7695
733,7750
733,7992
733,8040
733,8038
733,8022
733,8329
733,7873
733,8153
733,7933
733,8556
693,8602
673,8410
664,8463
637,16096
631,9876
738,8485
728,8500
692,7989
684,8323
684,8110
678,7946
669,8065
667,8407
662,8057
649,8063
649,7956
649,7966
649,8195
649,7717
649,8034
691,7993
691,8104
691,8426
691,8298
691,7837
691,8289
691,7877
691,15993
691,9606
691,8117
691,8202
691,8185
691,8142
691,15660
691,9537
662,7776
652,8389
633,7902
611,7800
605,7648
597,7551
593,7783
570,7583
565,7467
565,7457
561,7687
558,7515
712,9250
707,9394
694,8317
694,8683
694,9345
694,8799
694,9025
736,8885
736,9130
736,8733
736,9287
736,9261
736,8757
736,9361
736,8950
736,8840
736,9488
736,9040
736,8832
736,9294
736,8752
736,8751
704,9282
692,8844
673,8895
642,8881
751,8398
741,8637
733,8636
701,8240
692,15920
687,9469
681,8396
672,8062
670,8137
665,8275
652,8366
652,7986
652,7800
652,8117
652,7980
652,8426
694,8627
694,8372
694,7998
694,16382
694,8845
694,7709
694,8040
694,8094
694,8203
694,16712
694,8909
694,7765
694,7994
694,8392
665,7898
642,7971
636,7760
612,7838
608,7843
598,14983
577,8440
573,7627
568,7696
568,7698
563,7632
561,14711
557,8755
707,8194
697,8737
697,8204
697,8348
697,8463
697,8687
697,9469
739,9118
739,8555
739,8415
739,8575
739,8340
739,9362
739,8571
739,8063
739,29705
739,10822
739,8108
739,8287
739,8717
739,8095
699,8216
676,7995
667,8042
643,15215
633,8688
738,7752
710,7534
696,7690
690,7849
690,7716
679,7561
675,7482
670,7509
665,7547
655,7585
655,7419
655,7447
655,7358
655,7473
655,7512
697,7516
697,7400
697,7518
697,7685
697,7438
697,7535
697,7593
697,7478
697,7682
697,7436
697,7379
697,7475
697,7551
669,7342
662,7505
642,7276
636,7521
611,7286
605,7090
599,7339
579,15382
575,8473
571,7009
571,7079
566,6858
564,13884
560,8228
558,7018
700,7527
700,7618
700,7825
700,7777
700,7715
700,7970
700,7930
742,7978
742,8383
742,8144
742,8212
742,8149
742,8600
742,8241
742,16618
742,9010
742,7775
742,8036
742,8107
742,8194
702,8023
682,8171
670,7803
646,7786
636,7610
743,7663
713,7584
700,7404
693,7560
693,7509
683,7406
678,14194
673,8426
669,7428
658,7656
658,7495
658,14948
658,8455
658,7374
658,14994
658,8603
700,7300
700,15012
700,8390
700,7416
700,7619
700,7506
700,15933
700,8625
700,7462
700,7480
700,7620
700,7613
700,15840
671,8520
648,7378
642,7460
618,7096
614,7175
606,6955
583,6974
579,6961
574,7126
574,7248
570,7114
567,7117
564,6963
562,7148
553,7030
703,7671
703,7870
703,7957
703,8443
703,8206
703,8428
745,8333
745,8160
745,8424
745,8398
745,8217
745,16629
745,9098
745,8122
745,8527
745,8347
745,8316
745,17941
745,8481
712,8654
701,8013
676,9190
651,8267
643,8516
637,8307
740,8039
710,7876
701,11511
696,7812
690,11657
681,12050
679,9014
674,10591
661,7819
661,7454
661,7606
661,7659
661,7505
661,7597
661,8034
703,7784
703,7742
703,7772
703,7571
703,7935
703,7571
703,7666
703,7699
703,7833
703,7829
703,15565
703,8388
703,7286
675,7729
668,7495
648,7447
642,7542
617,7389
611,7397
607,7388
585,7393
581,7292
577,7253
577,7332
572,7474
570,7266
566,7402
564,7273
556,7158
706,7750
706,8824
706,7989
706,7940
706,8035
706,8716
748,18138
748,9337
748,8226
748,8092
748,8435
748,8565
748,8363
748,8388
748,8759
748,8505
748,8425
748,8460
748,18206
715,9182
704,7793
679,8003
654,8048
646,7919
640,7945
743,16670
713,8636
699,7371
699,7986
693,7870
684,7694
682,7774
677,7762
664,8051
664,7691
664,15125
664,8342
664,7664
664,7637
664,7727
706,7567
706,7707
706,8002
706,7533
706,7722
706,7594
706,7760
706,7832
706,7788
706,7597
706,7621
706,7737
706,7724
706,15294
677,8235
654,7467
648,7434
624,7429
620,7288
610,14916
589,8011
585,7323
580,7200
580,7170
576,15496
573,8288
569,6994
567,7179
559,14048
709,7738
709,7777
709,7884
709,8276
709,8573
751,8457
751,8408
751,8410
751,8357
751,8680
751,8221
751,8256
751,8251
751,8264
751,8352
751,8583
751,8710
751,8496
751,8844
718,9815
691,8864
682,8635
655,8968
649,8460
752,8579
723,8897
709,8391
702,8513
702,8843
692,8576
687,9386
682,8967
678,8395
667,8397
667,8525
667,8295
667,8440
667,7620
667,7602
667,20725
709,9377
709,7737
709,7423
709,7864
709,16477
709,8693
709,7716
709,7839
709,15359
709,8662
709,7655
709,7754
681,7501
674,7585
654,7588
648,7531
623,7358
617,7665
613,7745
591,7205
587,7416
583,7482
583,7395
576,7319
573,7280
571,7514
562,7130
562,7252
562,7126
712,7813
712,7939
712,8142
712,8044
712,8227
754,8173
754,8216
754,9306
754,8639
754,8390
754,8366
754,8714
754,8539
754,8577
754,17159
754,9257
754,8237
721,8630
710,8803
685,8265
660,16372
652,8860
646,7950
640,8141
713,8111
705,16915
705,8691
698,7646
690,8047
687,15028
682,7937
670,7973
670,7800
670,7892
670,7843
670,7980
670,7797
670,16920
670,8866
712,7649
712,8067
712,16212
712,8657
712,7705
712,7928
712,8032
712,8001
712,8165
712,8027
712,8054
712,8007
677,7689
660,8014
651,15310
630,8495
620,7458
616,7604
595,7500
590,7201
586,7403
586,7459
581,7462
579,7459
575,7451
573,7599
565,7577
565,7993
565,7452
565,7281
715,7977
715,8179
715,8514
715,17230
715,9575
757,8522
757,8784
757,8833
757,18058
757,9484
757,8393
757,8630
757,8896
757,8672
757,8803
725,9141
717,8448
694,17581
685,9372
655,7847
651,8128
643,16332
621,8948
617,7827
708,16065
708,8778
693,7680
691,8196
686,15149
673,8620
673,7764
673,7872
673,8253
673,7886
673,7889
673,8069
673,7899
673,7597
673,8145
715,8209
715,7938
715,8073
715,8324
715,7855
715,16819
715,8823
715,7622
715,7729
715,16010
687,8658
676,7599
657,7716
635,7571
629,7541
621,7517
617,7765
597,7765
589,7556
589,7806
585,7599
582,7681
579,17038
577,8989
568,7550
568,7686
568,7601
568,15441
568,8617
568,7418
718,8090
718,8570
718,8251
718,8325
760,8668
760,8554
760,8831
760,8714
760,8796
760,8793
760,17509
760,9636
760,8434
760,8626
728,8724
716,8520
691,8547
666,8446
658,8410
652,9587
646,8434
624,8008
615,8507
711,15763
705,8887
696,7800
693,8064
688,7956
676,7977
676,7894
676,7796
676,8083
676,15482
676,8772
676,7863
676,7782
676,8000
676,8341
676,8035
718,8085
718,16426
718,8878
718,7620
718,8102
718,15620
718,8817
718,7773
718,7872
689,7872
679,7832
660,15620
638,8618
632,7631
624,7615
620,7556
597,16161
592,8763
592,7601
588,15966
585,8817
582,7664
580,7608
571,7682
571,7597
571,7692
571,7721
571,7562
571,15872
571,8788
721,8198
721,8233
721,8751
721,9173
763,8446
763,8446
763,8675
763,8842
763,8933
763,8692
763,8902
763,8724
763,9219
730,8888
703,8751
691,16767
667,9196
661,8028
651,8582
628,8649
623,16949
618,9181
618,7909
703,8061
699,8035
694,8204
689,8162
679,7852
679,7944
679,7846
679,7798
679,7988
679,8108
679,15888
679,10552
679,7570
679,8263
679,8129
721,8226
721,15918
721,8761
721,7739
721,8151
721,8002
721,8480
721,8078
721,8164
686,8196
666,7751
660,7733
639,7763
629,7632
625,14730
604,8582
600,7572
595,7602
595,7850
590,7456
588,7566
584,13610
582,7369
574,7262
574,7340
574,7310
574,7205
574,7269
574,7405
574,7279
574,7515
724,8201
724,8950
724,8731
766,8664
766,8422
766,8737
766,8831
766,17434
766,9635
766,8356
766,8712
766,8676
734,8940
722,17318
703,9569
672,7989
664,8202
658,8183
652,8329
630,8198
625,7926
621,8131
711,8167
702,8068
700,8209
695,8296
682,7967
682,8084
682,15915
682,8858
682,7778
682,8133
682,7810
682,8130
682,8078
682,8103
682,8375
682,8232
724,7945
724,8170
724,8140
724,8028
724,8127
724,8108
724,8002
724,7944
696,8098
689,8039
669,8203
663,8194
638,8115
632,8081
628,7927
606,7682
602,7706
598,7569
598,14853
593,8591
591,7558
587,14826
585,8630
577,7504
577,14725
577,8562
577,7773
577,14722
577,8626
577,7516
577,14738
727,8239
727,12585
727,9101
769,8928
769,8606
769,8634
769,8557
769,8842
769,8637
769,8908
769,9033
769,8949
736,8757
725,17728
700,9556
675,8249
667,8370
661,8407
655,8642
633,8405
624,8345
624,8697
714,8398
705,8227
703,8953
698,8658
685,8537
685,8532
685,8291
685,8523
685,11762
685,8082
685,15862
685,9127
685,7983
685,8087
685,8163
727,16892
727,9044
727,8036
727,8515
727,8727
727,8388
727,16855
727,9074
727,7901
727,8102
698,8133
675,7863
669,16536
645,8969
641,7742
633,7653
629,7880
606,7624
601,16256
601,8970
597,7488
594,16254
591,8919
589,7457
580,16126
580,8913
580,7448
580,8386
580,15114
580,8705
580,7873
580,15248
730,8526
730,8717
730,9536
772,9106
772,9874
772,9052
772,8742
772,8717
772,8872
772,9002
772,9069
772,8946
740,8931
732,8796
709,17034
700,9423
670,8178
666,8415
660,8440
636,17433
631,9353
627,7933
723,8287
712,8331
708,8284
703,17215
698,9183
688,7914
688,8165
688,8024
688,8271
688,17038
688,9165
688,8025
688,8385
688,16207
688,9094
730,8125
730,8371
730,8172
730,8268
730,8182
730,8174
730,8322
730,8259
730,8175
702,8144
695,8133
675,8107
669,7950
644,24691
638,10056
634,7899
612,8466
608,7892
604,7799
604,7815
599,7768
597,7651
593,15978
591,9162
583,7575
583,7592
583,7980
583,7605
583,7690
583,7789
583,7671
583,7570
733,8386
733,8854
775,8501
775,8530
775,8833
775,8872
775,8831
775,8932
775,17865
775,9635
775,8700
775,9171
742,8875
715,18197
706,9613
679,8121
673,8445
667,8341
640,8317
635,8424
630,8200
726,8387
719,8473
711,8497
708,8325
703,8437
691,8327
691,8289
691,8332
691,8120
691,8234
691,8422
691,8262
691,8221
691,7990
691,8071
691,8255
733,8085
733,8259
733,8197
733,8095
733,8240
733,8045
733,8132
733,8037
733,15906
705,8982
698,7937
678,8158
672,8118
651,7910
641,15456
637,8874
616,7788
612,7776
607,7835
607,7815
602,7832
600,7797
596,16358
594,8912
586,7675
586,16402
586,8926
586,7750
586,16292
586,8928
586,7689
586,16297
736,8572
736,9164
778,8954
778,9053
778,8910
778,9551
778,8794
778,8998
778,9117
778,9200
778,9148
778,9233
778,9272
738,8901
718,8829
706,9052
682,8436
676,8548
666,8732
643,8390
638,29320
729,11061
729,8199
722,8147
714,8215
711,8310
706,8688
694,29972
694,10858
694,8115
694,7985
694,8029
694,16887
694,9333
694,7913
694,8290
736,8421
736,8091
736,8658
736,8092
736,8143
736,8142
736,8196
736,8282
736,8226
736,8385
736,8138
736,16983
707,9094
697,8009
681,8116
656,8013
650,7837
644,7787
638,15832
618,8843
614,7741
610,8065
610,7881
605,7759
603,7962
599,7779
597,7851
589,7967
589,7629
589,7609
589,7796
589,7657
589,7784
739,8552
739,9044
781,9161
781,8792
781,8711
781,8723
781,9281
781,8849
781,18507
781,9821
781,8723
781,8743
781,8888
781,8794
749,8866
737,8858
718,8685
687,8339
679,8470
675,8351
780,8459
748,8377
738,8357
732,8304
732,8629
721,8291
717,8308
712,8245
707,8136
697,8259
697,8414
697,8157
697,8180
697,8116
697,8032
697,8152
739,8484
739,8217
739,8204
739,8380
739,8301
739,8933
739,8330
739,8391
739,8148
739,8174
739,8318
739,8134
739,8179
711,8218
700,16931
684,9111
678,7800
653,7909
647,8170
643,8054
621,7732
617,8103
613,7940
613,7745
608,8240
606,7970
602,7933
600,8145
592,7994
592,7896
592,16037
592,8878
592,7704
742,8724
784,8690
784,8943
784,9051
784,9164
784,9075
784,8862
784,9085
784,9184
784,9064
784,9189
784,9321
784,8951
784,9294
784,8894
752,9058
740,9107
721,8968
690,8545
682,8594
793,8597
781,8583
749,8567
740,11692
735,8495
735,17879
724,9603
718,8971
715,8113
710,8784
700,10441
700,9908
700,8926
700,8633
700,8652
700,8588
742,8460
742,8643
742,8583
742,8578
742,8523
742,8510
742,8521
742,8589
742,17260
742,9488
742,8204
742,8742
742,8444
742,8421
713,16967
703,9377
684,7906
662,8202
656,8151
648,8125
644,8467
624,8013
620,8033
616,16571
612,9291
609,8049
606,8268
604,15620
595,8839
595,7916
595,7961
595,7955
595,8252
745,8790
787,10153
787,9225
787,9227
787,8918
787,9782
787,9263
787,9366
787,9204
787,9363
787,9393
787,9534
787,9164
787,9117
787,9229
787,10197
754,9893
727,9902
718,9987
691,9699
802,9935
792,9922
759,9551
746,9767
738,9602
738,9276
731,9711
723,9151
720,19392
715,10116
703,8978
703,8839
703,8758
703,9068
703,9029
745,9899
745,9167
745,9850
745,9409
745,9182
745,19063
745,10641
745,10065
745,9776
745,9593
745,9076
745,9295
745,9029
745,9165
745,9907
717,9101
710,9111
690,19036
684,10333
663,9478
653,8995
649,9131
628,8721
623,8987
619,8599
619,8694
614,8688
612,8669
608,8419
606,8917
598,8747
598,8504
598,8760
598,8721
790,10246
790,10317
790,10045
790,9900
790,10706
790,9838
790,9472
790,9654
790,10435
790,9939
790,9909
790,10373
790,10152
790,9716
790,10774
790,9846
758,9874
746,20120
727,10800
823,10508
805,9353
795,9293
787,9193
755,9118
746,9625
741,9937
735,9561
726,9365
724,9037
719,9765
706,9234
706,8732
706,9452
706,9006
706,9046
748,9009
748,9042
748,9669
748,9300
748,8880
748,9651
748,9479
748,9086
748,9334
748,9130
748,8985
748,9979
748,9050
748,9006
748,9875
748,9253
713,8393
696,8848
687,8648
666,16750
656,9409
652,8247
631,8236
627,8548
622,17417
622,9457
617,7865
615,8334
611,16607
609,10321
601,8307
601,8245
601,8291
601,22101
793,9645
793,10052
793,10204
793,10123
793,10108
793,10655
793,10394
793,10173
793,10068
793,10681
793,9922
793,10002
793,10272
793,10748
793,10317
793,10590
753,9850
733,10101
721,11266
816,9704
804,10281
792,9688
764,9318
750,9901
744,9513
744,19365
733,10220
729,8923
724,9284
719,8949
709,9477
709,9502
709,9571
709,9810
751,19840
751,10227
751,9133
751,9727
751,9806
751,9821
751,9812
751,9253
751,9066
751,9171
751,9612
751,9125
751,9136
751,9539
751,9059
723,9244
716,9937
696,9354
685,9357
665,9777
659,9043
653,8983
633,9558
629,8749
625,8991
621,9083
618,8935
615,9498
613,17680
604,10311
604,8487
604,8994
604,8852
604,8862
604,9042
796,10221
796,10150
796,9882
796,11045
796,9730
796,10074
796,10806
796,9995
796,10148
796,10972
796,9772
796,10179
796,10936
796,10068
763,10064
752,9768
727,10139
702,10482
694,9610
801,9879
791,10211
761,10221
747,9479
747,10083
741,10184
732,9518
729,10205
724,9747
712,9258
712,9870
712,9697
712,9264
712,10008
712,9905
754,9429
754,9778
754,9561
754,9343
754,9940
754,9438
754,9236
754,9861
754,9225
754,9934
754,9935
754,9755
754,9127
754,9824
754,9688
719,9420
702,10030
693,9411
672,9105
668,9759
658,9445
637,8971
633,9546
628,9186
628,8884
623,9158
621,9088
617,9293
615,9154
607,17968
607,10600
607,8806
607,9540
607,9612
607,9382
799,9536
799,10170
799,10625
799,10555
799,9928
799,10838
799,10601
799,9964
799,10206
799,10090
799,10056
799,10066
799,10370
799,10404
766,9440
739,9897
730,9752
703,10324
814,11031
804,11473
771,10527
757,10436
750,9975
750,10625
740,9958
735,9397
730,9497
726,10027
715,9363
715,9433
715,9869
715,18946
715,10804
715,10100
757,9228
757,9849
757,9773
757,9029
757,9092
757,9696
757,9312
757,9762
757,9685
757,19799
757,10102
757,9203
757,9111
757,9516
722,11118
702,8838
696,8899
675,8976
665,8983
661,18352
639,9857
635,9171
631,8843
631,8881
626,18814
624,9713
619,8470
610,8658
610,9153
610,8804
610,18766
610,9900
610,8709
610,8512
610,9104
802,9744
802,10136
802,11194
802,10182
802,10481
802,10659
802,10646
802,10781
802,10692
802,10638
802,10259
802,10782
769,10249
758,10016
733,10546
708,10078
700,9632
694,10151
797,9799
767,9437
753,19228
753,10707
747,10064
738,9240
736,9349
731,9025
718,9485
718,9331
718,9151
718,18633
718,10642
718,9791
718,9118
760,9295
760,8837
760,9246
760,9545
760,9737
760,9417
760,9309
760,9805
760,9405
760,9290
760,9759
760,9433
760,9575
760,10111
731,9499
708,9854
702,9157
678,9370
674,9131
666,9427
643,9148
639,9159
634,9281
634,9171
630,9132
627,9133
624,9246
622,9229
613,8138
613,23969
613,11861
613,8394
613,8091
613,8089
613,8433
613,17075
805,9138
805,9137
805,9144
805,9473
805,9717
805,9851
805,9650
805,9568
805,9633
805,9751
805,9505
805,9514
772,10001
761,9414
736,9269
711,9322
703,9653
810,9578
800,9509
764,9335
756,9002
756,9285
749,9282
741,9229
738,9172
733,9138
721,9067
721,9188
721,9021
721,9180
721,9226
721,8943
721,8996
763,9170
763,9157
763,9230
763,8819
763,8806
763,18574
763,9777
763,8615
763,8690
763,8965
763,8829
763,18531
763,9888
735,8578
724,8434
708,8833
702,8800
677,18295
671,9729
665,8440
645,8594
641,8498
637,8532
637,8571
632,8744
630,8642
626,17797
624,9689
616,8045
616,8467
616,17021
616,9359
616,8355
616,8902
616,8699
616,8856
808,9300
808,9286
808,9741
808,9532
808,9741
808,9633
808,9966
808,9653
808,9595
808,10867
808,9745
808,9666
768,9574
748,9524
736,9696
712,9696
706,9515
809,9632
780,9719
766,9825
759,9796
759,9357
752,9048
744,9131
739,9193
735,9293
724,9482
724,9107
724,9110
724,9295
724,8972
724,9142
766,9271
766,9094
766,8951
766,9366
766,9080
766,9131
766,9323
766,9279
766,8859
766,19011
766,9925
766,8757
766,9197
766,9115
738,9212
727,9442
711,9296
686,9043
680,9133
674,8678
668,9148
648,9129
644,8729
640,9228
636,10372
633,8857
630,8835
628,8742
619,8633
619,8666
619,8720
619,8691
619,8464
619,8607
619,8465
619,16521
619,9482
811,9396
811,10052
811,10229
811,10386
811,10383
811,10514
811,10166
811,10441
811,9677
811,9530
811,9545
779,9550
767,9697
748,9567
717,19410
709,10381
705,9131
808,9085
778,9200
767,9509
762,19159
756,10258
747,9132
745,8953
740,11066
727,9429
727,9207
727,9258
727,9317
727,9405
727,9139
727,9511
769,9354
769,9063
769,9463
769,9525
769,9274
769,9397
769,9382
769,8921
769,9188
769,8925
769,9039
769,9251
769,8890
741,18187
730,9812
711,8610
689,8549
683,8945
675,8762
671,17784
648,9721
643,8358
643,9141
639,8872
636,8706
633,8734
631,8764
622,8656
622,8559
622,8578
622,8715
622,8712
622,8627
622,8763
622,8771
622,8643
622,8702
814,9579
814,10146
814,10058
814,10287
814,10078
814,10130
814,10297
814,9845
814,9971
814,9589
781,9833
770,10018
745,11015
720,9903
712,10804
706,10256
809,10466
779,10818
765,10825
765,10174
759,10199
750,10414
747,10385
743,9953
730,9742
730,10522
730,9687
730,19932
730,10625
730,10530
730,9976
730,9518
772,9588
772,10461
772,10068
772,9669
772,9646
772,9726
772,10233
772,9829
772,10287
772,10198
772,10342
772,9936
744,9577
733,19938
717,10985
692,9889
686,9483
678,9205
674,9152
654,9348
646,9535
646,9318
642,9370
639,9365
636,9082
634,9346
625,9141
625,9596
625,9780
625,9347
625,9629
625,9487
625,9599
625,9546
625,25984
625,11740
625,9036
817,9369
817,9822
817,9612
817,9999
817,10063
817,9757
817,9825
817,10412
817,9752
784,9601
773,9930
748,9697
723,9556
715,9953
709,9673
703,9572
782,19208
768,10063
768,8960
762,9058
753,9133
750,9118
745,18854
733,9882
733,8684
733,9401
733,9026
733,8979
733,18857
733,10127
733,8798
775,8774
775,8940
775,9051
775,8921
775,9043
775,9292
775,9012
775,9300
775,9148
775,8933
775,9180
775,9104
747,18765
736,9914
717,8570
695,8575
689,8631
681,8774
677,18366
657,9759
649,8355
649,8589
645,8666
642,8769
639,10001
637,8805
628,8745
628,18096
628,9789
628,8285
628,8435
628,17292
628,9615
628,8579
628,8740
628,8820
628,8761
628,17315
820,9544
820,9900
820,10076
820,10187
820,9737
820,9668
820,10194
820,10307
787,10059
776,10114
751,9973
726,9711
718,9546
712,18877
706,10037
684,9121
771,9074
771,9370
765,9488
756,18578
754,10033
749,8893
736,8935
736,9124
736,9028
736,9165
736,9084
736,9005
736,9171
736,9319
736,9115
778,9242
778,9358
778,9075
778,9002
778,8999
778,9150
778,9261
778,9185
778,9284
778,9047
778,9332
750,9087
743,9095
723,9302
717,9174
692,27772
686,11272
682,8818
660,8560
656,8789
652,8748
652,8894
647,8770
645,8882
641,8833
639,8867
631,8833
631,8795
631,8742
631,17787
631,9817
631,8456
631,8627
631,8716
631,8801
631,8781
631,8755
631,9150
823,9766
823,11769
823,10624
823,10682
823,10671
823,10335
823,10469
823,10933
790,10177
779,9884
754,9637
729,9367
721,9543
715,9778
709,9747
788,9770
774,9846
774,9394
768,9517
759,9419
757,9423
752,9350
739,9259
739,9312
739,9421
739,9127
739,18710
739,10088
739,9541
739,9164
739,9418
781,9387
781,9355
781,9262
781,9182
781,9323
781,9293
781,9334
781,9292
781,9388
781,9328
781,18778
781,10232
752,9092
729,8884
723,9073
699,9019
695,9075
687,8882
683,9321
660,8832
655,17560
655,9981
651,8676
648,8908
645,9023
643,8875
634,8786
634,9010
634,8703
634,9005
634,8695
634,18072
634,9889
634,8486
634,8776
634,8908
634,8817
634,18181
826,9561
826,10305
826,10156
826,10097
826,9973
826,9892
826,9912
826,9737
826,9783
786,9560
766,9806
754,9653
730,9627
724,9415
714,9468
797,9696
784,10126
777,9394
777,9895
767,9573
762,9457
757,9526
753,9271
742,9289
742,9405
742,9161
742,18653
742,10005
742,8868
742,8963
784,9245
784,9355
784,18807
784,10076
784,9148
784,9035
784,8953
784,9313
784,9509
784,9368
784,20341
784,10374
784,9143
755,8962
745,9006
726,9266
704,9264
698,9035
690,9197
686,10788
666,9191
658,9658
658,18770
654,9921
651,8571
648,8904
646,8866
637,8974
637,8833
637,9113
637,9495
637,9025
637,9240
637,8985
637,8975
637,9588
637,8964
637,8975
637,9019
829,9715
829,10161
829,10282
829,10038
829,9855
829,9903
829,9996
829,10072
829,10152
789,10098
769,10006
757,9754
733,9780
727,9738
830,9497
800,9399
787,9310
780,9364
780,9281
770,9338
765,9394
760,9445
756,18711
745,10036
745,9061
745,9104
745,9260
745,9367
745,9436
745,9518
787,9402
787,9336
787,9949
787,9302
787,18669
787,10054
787,9494
787,9195
787,9208
787,9520
787,9498
787,9275
787,9566
758,9356
748,9392
729,9289
707,9234
701,9166
693,11067
689,9089
669,9027
661,9000
661,9120
657,9107
654,9173
651,8881
649,8953
640,9053
640,8843
640,17297
640,9808
640,8930
640,9768
640,9376
640,9125
640,8970
640,9254
640,9063
640,8987
832,9863
832,10256
832,9882
832,9855
832,9910
832,10162
832,10263
832,10171
800,10242
792,10086
769,10120
760,9825
730,9742
726,9781
831,9704
803,9890
789,9490
783,9649
783,19343
773,10536
768,9376
763,9238
759,9408
748,9514
748,9641
748,9593
748,9551
748,9643
748,9479
790,9687
790,9704
790,9426
790,9847
790,9547
790,9393
790,9518
790,9661
790,9432
790,9694
790,9614
790,9691
790,9575
790,19320
761,11686
751,9249
732,8970
710,9114
704,9178
696,9058
692,17954
672,9870
668,8876
664,9489
660,9521
657,19084
654,10086
652,8759
643,8908
643,8975
643,8947
643,18923
643,10155
643,8841
643,9109
643,9063
643,9154
643,9113
643,18035
643,10050
835,9843
835,10159
835,9967
835,10278
835,10441
835,10507
835,10717
835,10525
835,11428
795,10658
775,10389
763,10218
739,10321
733,20569
836,11126
807,9803
793,9571
786,9573
786,9421
776,9737
771,9835
766,9610
762,19980
751,10499
751,9299
751,9208
751,9143
751,9350
751,20030
793,10538
793,9314
793,9209
793,9209
793,9490
793,9400
793,9478
793,9419
793,9519
793,9707
793,9483
793,9575
793,9592
793,9331
764,9462
754,9479
735,9187
713,9306
707,9577
699,9043
695,9142
672,9207
667,9150
667,9089
663,9703
660,9141
657,9058
655,8992
646,8976
646,9115
646,9008
646,9017
646,8992
646,9221
646,9362
646,30037
646,11521
646,8910
646,9582
646,9508
838,9973
838,11016
838,10771
838,10381
838,10503
838,10935
838,10903
838,10502
805,10639
794,10389
769,10402
744,9929
736,9754
843,9788
833,10076
803,9649
789,9811
789,9655
783,9872
774,9573
772,9794
767,9689
754,9766
754,9790
754,9950
754,9787
754,19164
754,10528
754,9613
796,9609
796,9561
796,9682
796,9675
796,9580
796,9576
796,9583
796,9736
796,9810
796,9568
796,9587
796,9666
796,9565
768,9544
761,9767
741,9379
735,9272
710,9326
704,9389
700,9372
678,9616
674,9502
670,13242
670,18346
665,12684
663,9211
659,9047
657,8973
649,8737
649,8882
649,18372
649,10215
649,8852
649,9194
649,10702
649,9270
649,18568
649,10147
649,8743
649,9227
841,9903
841,10543
841,10660
841,10712
841,10892
841,10640
841,10779
841,10790
808,10538
797,10220
772,9957
747,9876
739,9735
846,9786
836,10198
806,9906
792,9871
792,10054
786,9806
777,9899
775,9923
770,9808
757,9888
757,9901
757,9616
757,9877
757,9973
757,9905
799,10062
799,9955
799,9717
799,9879
799,9702
799,9591
799,9748
799,9796
799,19511
799,10746
799,9643
799,9780
799,9778
799,9560
799,9558
770,9618
747,9417
741,9590
719,9522
713,9606
705,9317
701,9618
678,9217
673,18943
673,10175
669,9078
666,8860
663,9119
661,9484
652,9488
652,9204
652,9347
652,18958
652,10212
652,9113
652,8889
652,9305
652,9466
652,9433
652,9294
652,9323
844,9969
844,10426
844,10218
844,10498
844,10361
844,12460
844,10394
844,10386
844,10331
811,10083
784,9979
775,9933
875,9946
859,10349
849,10199
839,9909
803,10183
795,10253
795,10471
788,9963
780,10107
777,9538
772,19963
760,10524
760,9376
760,9372
760,9711
760,9867
802,10027
802,9791
802,10075
802,19946
802,10652
802,9755
802,9839
802,9458
802,9417
802,9400
802,9792
802,9868
802,10034
802,10009
802,9728
767,10164
750,10917
741,9974
720,19680
710,10438
706,9379
685,9224
680,9283
676,9308
676,19411
671,10216
669,9172
665,9173
663,9252
655,9265
655,9242
655,9360
655,9071
655,9370
655,18505
655,10092
655,8922
655,9360
655,9469
655,9374
655,9419
847,10089
847,10710
847,10972
847,10864
847,10589
847,11002
847,10653
847,11524
814,10838
803,10413
778,10503
753,10513
862,10019
852,9879
842,9863
806,10589
798,9746
798,9858
792,9787
783,10010
780,10080
775,9781
763,9690
763,10109
763,9731
763,9861
763,10378
763,9954
805,9734
805,10088
805,9695
805,9711
805,9841
805,9973
805,9938
805,9976
805,9746
805,10058
805,10785
805,10280
805,10664
805,10086
777,9897
766,10233
750,9936
725,9600
719,9656
713,9583
707,9633
687,9465
683,9536
679,9364
679,9383
674,9540
672,9462
668,9506
666,9482
658,9339
658,9532
658,9173
658,9480
658,9722
658,9166
658,9529
658,9683
658,9166
658,9442
658,9983
658,9631
850,10143
850,10557
850,10802
850,10846
850,10863
850,10957
850,10919
850,10814
817,10886
790,10668
781,10551
754,10756
865,10303
851,9890
822,9906
809,9893
801,9838
801,9897
794,9898
786,10035
783,10089
778,9967
766,9643
766,9694
766,9753
766,10283
766,9784
808,10031
808,10072
808,10056
808,9869
808,19951
808,10500
808,9580
808,9900
808,9601
808,9998
808,9944
808,9771
808,9810
808,9951
808,9653
780,9744
769,9806
753,9712
728,9579
722,9715
714,9668
710,9498
690,9528
686,9511
682,9432
678,9435
675,9553
672,9402
670,19346
661,10329
661,9190
661,9188
661,9337
661,9307
661,9490
661,9518
661,9382
661,9529
661,9340
661,9570
661,9764
661,9879
853,10269
853,10522
853,10461
853,10800
853,10650
853,10682
853,10739
821,10778
809,10922
784,10669
759,20955
868,11285
858,10308
848,10540
818,10095
804,9962
804,9874
797,9930
789,9912
786,10235
781,9965
769,9908
769,10229
769,9848
769,9793
769,9996
769,10199
811,10416
811,20574
811,10915
811,9967
811,9954
811,9898
811,9812
811,9804
811,10115
811,9938
811,10116
811,10117
811,10026
811,9935
776,10255
759,10107
750,9969
729,10185
719,9598
715,9762
694,9678
689,9648
685,9554
685,9846
680,9589
678,9521
673,9429
664,9429
664,9563
664,9362
664,9477
664,9616
664,9381
664,9545
664,9545
664,9357
664,9416
664,10655
664,10508
664,11131
664,9591
664,9613
856,10329
856,10430
856,10505
856,10504
856,10620
823,10439
812,10349
787,10433
762,10392
754,10134
748,10162
851,10123
815,9956
807,10135
807,10077
800,10009
792,9992
789,10005
784,10140
772,9972
772,9870
772,9978
772,10195
772,9812
772,9881
772,10197
814,10083
814,16024
814,9643
814,9757
814,9877
814,10007
814,9864
814,9968
814,10010
814,9947
814,10014
814,10237
814,10104
786,9972
779,10002
759,9896
753,9777
728,9745
722,9669
718,9688
697,11249
692,9542
688,9398
688,9657
683,9589
681,9497
677,9598
675,9738
667,9483
667,9530
667,19206
667,10426
667,9351
667,9362
667,9414
667,9386
667,9645
667,9756
667,9684
667,9987
667,9576
667,9919
667,10054
859,10379
859,11036
859,10537
859,10608
859,10738
826,10665
799,10345
790,10264
763,10154
757,10199
751,10367
831,10370
817,10623
810,10718
810,10258
800,10194
795,10235
790,20919
786,11007
775,10251
775,9829
775,9829
775,9705
775,9628
775,9863
775,10289
817,10169
817,10157
817,10117
817,21128
817,11277
817,10295
817,9993
817,9899
817,9680
817,9679
817,9901
817,10031
817,10029
788,9973
765,10102
759,20211
735,10656
731,9557
721,9536
700,9430
696,9593
691,9648
691,9512
686,9640
684,9474
680,9978
678,9717
670,9739
670,9578
670,9556
670,11127
670,9589
670,9632
670,10052
670,9711
670,9951
670,9967
670,9600
670,10402
670,9986
670,9561
670,9980
670,9955
862,10534
862,10941
862,10820
862,10865
822,11269
799,10768
790,10984
766,10678
756,10814
750,10459
833,10540
819,11012
813,10520
813,10671
802,10521
798,10135
793,10715
788,10316
778,10448
778,10623
778,10411
778,10512
778,10491
778,10285
778,10402
778,10133
820,10079
820,10065
820,10052
820,10054
820,11324
820,10455
820,10464
820,10381
820,10329
820,9972
820,10469
820,10071
785,9998
768,10095
759,9929
738,9919
734,9986
724,9897
703,10052
699,9770
694,9807
694,19270
689,10577
687,9480
683,9460
681,9553
673,9586
673,19265
673,10491
673,9363
673,9352
673,9615
673,9822
673,9647
673,9572
673,9580
673,19270
673,10455
673,9343
673,9371
673,10098
673,9727
673,9762
865,10513
865,10965
865,11248
832,11043
805,10828
796,10905
769,10821
763,10930
757,11110
730,10710
824,10468
816,10593
816,11769
809,10597
801,10589
798,10142
793,10028
781,10041
781,9854
781,9953
781,10150
781,10406
781,10315
781,10462
781,10533
823,10476
823,10187
823,10667
823,10539
823,10654
823,10543
823,10450
823,10425
823,10707
823,10388
823,10351
823,10652
795,10324
788,10173
768,10373
762,10241
737,21053
731,10826
727,10229
706,9947
701,9705
697,9488
697,9888
692,9937
690,9883
686,9927
684,10294
676,9909
676,9916
676,9894
676,9840
676,9922
676,10178
676,10261
676,9999
676,10073
676,9853
676,9813
676,9972
676,9966
676,9724
676,9804
676,9828
676,9823
868,11325
868,11395
868,11684
835,12444
824,15495
799,11751
774,11036
766,19470
760,12316
863,10912
833,11713
819,10792
819,12088
813,10966
804,10424
802,11802
797,10392
784,11014
784,12387
784,10289
784,10336
784,10276
784,10380
784,10251
784,10556
826,10557
826,10507
826,10598
826,10583
826,16366
826,10594
826,10732
826,10529
826,10444
826,10454
826,10547
826,10338
826,10341
791,10221
774,15536
768,10617
744,10237
740,10356
732,10494
709,9965
705,9915
700,9912
700,10073
696,10063
693,10096
690,10227
688,16981
679,9915
679,9880
679,10049
679,10038
679,10128
679,10023
679,10494
679,10047
679,10412
679,10461
679,10308
679,10405
679,10185
679,15679
679,18982
679,10537
679,10041
871,10996
871,11527
871,11446
839,12007
831,11610
808,12302
799,11339
775,11363
765,11227
870,12858
842,11012
828,12245
822,12649
822,13090
812,16278
807,17421
802,17443
798,14945
787,13916
787,13117
787,11468
787,12380
787,10534
787,10615
829,10400
829,10436
829,10330
829,10324
829,10325
829,10371
829,10236
829,10261
829,10279
829,10022
829,10189
829,10278
829,10791
829,10839
800,10634
777,10237
771,21117
747,11133
743,10631
733,10361
712,9905
708,9700
703,9711
703,10145
698,10004
696,10246
692,10054
690,10118
682,10159
682,9906
682,9938
682,20749
682,11002
682,10177
682,10076
682,9756
682,9541
682,10220
682,10086
682,10185
682,10117
682,10014
682,10778
682,10559
682,10691
874,11244
874,11703
874,11063
841,11364
830,11108
805,11031
780,11716
772,11426
766,10966
869,10929
833,10514
825,10958
825,10697
818,10398
810,10349
807,10450
802,10430
790,10179
790,10290
790,10683
790,10588
790,10344
790,10424
790,10470
832,10693
832,10465
832,11458
832,10680
832,11879
832,10901
832,10439
832,10659
832,11219
832,10541
832,10380
832,10872
832,10440
804,10366
793,10467
777,10261
752,11257
746,10432
738,10076
734,10338
714,10238
710,10020
706,10215
702,10116
699,9858
696,9932
694,10163
685,9856
685,10136
685,10071
685,9744
685,10028
685,10105
685,9988
685,10666
685,10598
685,9866
685,10268
685,10100
685,9997
685,10605
685,10313
685,10139
685,11226
685,9950
877,10998
877,11262
845,11269
837,11558
814,11220
805,11399
775,10944
771,10734
876,10817
844,10717
834,10596
828,10485
828,10719
817,10607
813,10351
808,10583
803,10923
793,10467
793,10316
793,11005
793,10887
793,10606
793,10456
793,10782
835,10848
835,10833
835,10793
835,10954
835,10795
835,10862
835,10825
835,10696
835,10969
835,10802
835,10747
835,10677
835,11021
800,10458
783,12315
774,10408
753,10271
749,10190
739,10181
718,9992
714,9908
709,10156
709,10137
704,10004
702,10184
698,10141
696,10009
688,9921
688,9955
688,9783
688,9889
688,9995
688,10076
688,10042
688,9835
688,9896
688,10003
688,9820
688,9885
688,10094
688,9823
688,9894
688,9953
688,9900
688,9912
880,11094
880,11607
847,11646
836,11408
811,11456
786,11450
778,11177
772,11147
877,11349
845,11056
836,10938
831,11193
825,10944
816,11077
814,10942
809,10930
796,10685
796,10382
796,10627
796,10467
796,10448
796,10456
796,10618
838,10438
838,10454
838,10615
838,10629
838,10798
838,10658
838,10588
838,10729
838,10684
838,10698
838,11057
838,10925
838,10847
838,10859
809,10681
786,10611
780,10524
758,10442
752,10384
744,10559
740,10390
720,10187
712,10317
712,10244
708,10135
705,10594
702,11570
700,10647
691,10259
691,10140
691,10270
691,10524
691,10103
691,10588
691,10386
691,9983
691,10367
691,10399
691,10062
691,10393
691,10251
691,10209
691,10808
691,10675
691,10437
691,10396
883,11244
883,12221
883,11388
850,11574
823,11392
814,11517
787,11229
781,10862
888,11088
855,10947
842,10800
834,10866
834,10946
827,11152
819,10931
816,11416
811,10692
799,10800
799,10783
799,10653
799,10802
799,10770
799,10838
841,10753
841,10916
841,10768
841,10912
841,11430
841,10976
841,11297
841,10894
841,10944
841,11264
841,11099
841,11008
841,11212
841,11067
813,10799
806,10980
786,10740
780,10675
759,11020
749,10771
745,10366
724,10869
720,10129
715,10114
715,10450
710,10174
708,10055
704,10291
702,10014
694,10163
694,10152
694,10090
694,10358
694,10735
694,10067
694,10366
694,11431
694,10265
694,10301
694,10092
694,10012
694,10404
694,10303
694,10240
694,10340
694,10067
886,12408
886,13489
886,13218
886,13060
846,12397
826,12668
814,12351
909,12147
897,12399
887,12280
857,12291
844,12003
837,11952
837,12035
827,11600
822,11497
817,12239
813,11622
802,11676
802,12018
802,11030
802,11921
802,11308
844,11317
844,11875
844,11197
844,11496
844,11537
844,11401
844,11443
844,11477
844,11614
844,11600
844,11446
844,11294
844,11346
844,11965
844,11312
816,11452
805,11311
789,11153
891,11148
875,11129
863,11129
857,11196
827,11070
819,11013
814,10885
814,10734
805,10645
799,10760
796,10624
792,11969
783,12687
783,11671
783,11634
783,12308
825,11675
825,12092
825,11414
825,11685
825,10908
825,10904
825,12341
825,10902
825,10763
825,10541
825,10722
825,10710
953,12869
953,15249
953,13617
953,13289
918,13264
880,13252
871,13428
958,13259
948,12658
934,12179
900,12580
885,11904
876,12018
876,12146
868,12372
859,12246
855,12185
850,11977
837,12026
837,11998
837,12055
837,12084
879,12163
879,11513
879,11827
879,11794
879,11771
879,11660
879,11780
879,11637
879,12235
879,12477
879,12013
879,12202
879,12344
879,12491
879,11761
879,12106
850,11973
838,11919
819,11673
916,11409
898,11453
892,11143
880,11481
851,11259
840,11312
835,11307
835,11426
821,11295
819,11125
814,11000
802,11204
802,11189
802,11082
802,11459
844,11524
844,11254
844,11444
844,11022
844,11298
844,11432
844,11271
844,11397
844,11133
844,11409
844,11235
844,10949
844,11088
972,12910
972,13699
972,13676
938,13885
925,13161
891,13514
1012,13263
963,13077
953,12749
939,14199
906,13213
893,13866
887,13371
887,13211
871,12859
867,13430
862,13353
848,13057
848,12878
848,13345
848,13188
848,13011
890,12958
890,14581
890,12997
890,13025
890,12888
890,12893
890,12758
890,13128
890,12731
890,12780
890,13153
890,13596
890,13062
890,13083
890,13094
860,13067
852,13156
829,12179
820,12705
907,12677
901,12298
891,12784
859,12035
849,11354
843,12471
843,11769
832,12475
828,12697
823,12676
818,12497
809,13085
809,12444
809,11975
809,11808
851,12832
851,12165
851,12367
851,12177
851,11703
851,11781
851,11698
851,12186
851,11388
851,12047
851,11949
851,12598
851,12419
979,15388
979,14851
979,14540
931,14600
903,14225
888,14143
977,14007
969,13987
951,13896
916,13673
901,13029
892,13274
892,13727
881,12868
876,13653
868,13554
864,13386
853,12889
853,12645
853,13603
853,13118
895,12280
895,13242
895,13225
895,16572
895,13450
895,13278
895,13455
895,13109
895,13443
895,12760
895,13230
895,13200
895,12562
895,13103
895,13127
895,13097
863,12066
836,12602
827,12851
921,12461
911,12891
897,12568
868,11561
854,12219
847,11503
847,12188
837,12628
832,12296
827,12561
823,11919
812,12449
812,12537
812,12580
812,11667
812,12197
854,11996
854,12397
854,12541
854,11710
854,12516
854,12820
854,12439
854,12283
854,11952
854,12347
854,12366
854,11632
854,12659
982,14561
982,14551
935,13974
907,13635
892,12936
862,12859
965,12958
955,12938
920,12617
905,12686
896,13006
896,12371
885,12213
880,12191
872,12062
867,12055
857,12065
857,12030
857,12257
857,12047
857,12300
899,12372
899,12272
899,12238
899,11889
899,12129
899,12140
899,11972
899,11920
899,12256
899,12202
899,13410
899,12158
899,12322
899,12642
867,11775
859,11992
836,11719
827,11665
797,11283
908,11539
896,11390
866,11413
855,11286
850,11442
844,11675
835,11350
833,11414
828,11485
815,11339
815,11729
815,11381
815,11771
815,11424
815,11751
857,11579
857,11289
857,11519
857,11719
857,11352
857,11374
857,11449
857,11184
857,11404
857,11541
857,11497
857,11199
857,11366
857,11503
938,13082
910,13652
895,13639
865,13488
859,13351
958,13077
923,12587
908,12599
899,12288
899,12795
888,12478
883,12516
875,12558
871,12223
860,12383
860,11812
860,12248
860,12041
860,12153
860,12169
860,12804
902,12435
902,12516
902,12584
902,12575
902,12002
902,12389
902,12400
902,12260
902,12012
902,12372
902,12541
902,12206
902,12399
869,12319
842,12197
833,11658
806,11949
800,11760
794,11778
897,11832
861,11295
853,11962
853,11388
846,11384
838,11195
835,11606
830,11498
818,11802
818,11398
818,11734
818,11727
818,11412
818,11773
818,11834
860,11620
860,11647
860,11569
860,11718
860,11458
860,11677
860,11443
860,11493
860,11156
860,11178
860,11492
860,11464
860,11360
832,11451
941,13185
907,12998
898,13264
862,13197
854,13085
959,13059
921,13388
909,12979
902,12679
902,12838
890,12806
886,12557
878,12745
873,12748
863,12414
863,12559
863,12370
863,12300
863,12737
863,12218
905,12756
905,12509
905,12765
905,12651
905,12600
905,13196
905,12280
905,12191
905,12522
905,12440
905,12915
905,12734
905,12471
905,12993
872,12209
845,12232
836,12200
809,11890
803,12019
906,11858
877,12046
863,12104
856,11923
856,12097
846,11939
841,11789
836,11641
832,12082
821,11897
821,11837
821,11507
821,11465
821,12511
821,11375
821,11476
863,11338
863,11659
863,11436
863,11259
863,11393
863,11345
863,11370
863,11328
863,11654
863,11574
863,11818
863,11849
863,11773
834,11934
916,13051
907,13937
871,12945
865,13234
966,13025
930,14231
915,14934
905,13241
905,13729
898,13825
889,13910
884,14705
879,13442
866,13854
866,13942
866,14135
866,12931
866,13889
866,13718
866,14023
908,13087
908,13717
908,13444
908,13689
908,13976
908,13626
908,12415
908,13454
908,13822
908,13784
908,13393
908,13127
908,12666
875,13798
848,13378
839,12922
812,11967
806,12758
800,13009
880,12243
867,12929
859,12781
859,12267
852,12835
844,12666
841,12692
836,13758
824,13000
824,12050
824,12741
824,12634
824,12671
824,12291
824,12203
866,12893
866,12748
866,12189
866,12600
866,12494
866,12609
866,12682
866,11867
866,13794
866,12935
866,12961
866,12099
866,12344
837,11571
814,12126
910,13862
874,14821
868,14571
856,14287
933,13569
917,13903
908,13889
908,13801
897,13456
892,13978
884,14114
880,14005
869,13604
869,12546
869,13678
869,14379
869,13616
869,13551
869,13816
869,13337
911,14336
911,14081
911,14157
911,13852
911,14203
911,13782
911,14185
911,14199
911,14007
911,13980
911,13332
911,12926
878,14052
851,13690
842,13420
815,12441
809,12835
799,13323
883,13332
869,13268
862,12888
862,12978
852,11807
847,12903
842,13214
838,12140
827,13271
827,12889
827,12243
827,12464
827,12729
827,11748
827,12947
827,13646
869,12674
869,12892
869,12958
869,12738
869,13248
869,13407
869,12691
869,12413
869,12910
869,12540
869,12760
869,12890
840,13035
817,12050
811,12784
881,13896
871,14570
859,14506
829,14962
921,13682
911,13785
911,14279
904,14197
895,14009
890,13583
885,13892
872,13238
872,13556
872,13620
872,13559
872,13198
872,12785
872,13870
872,14137
914,13169
914,13862
914,13569
914,12997
914,14073
914,13474
914,13462
914,13818
914,13804
914,13139
914,13778
914,14530
882,13743
870,13652
845,12908
820,12627
812,13779
806,13446
800,13194
879,13320
865,13173
865,12914
859,13087
850,13289
848,17937
843,13132
830,13566
830,13382
830,13370
830,12624
830,12680
830,12864
830,12203
830,13454
872,12328
872,11860
872,11858
872,12026
872,11913
872,11951
872,12039
872,12100
872,11367
872,11888
872,11525
872,11810
844,11245
833,11294
817,11343
792,11057
874,12527
862,12867
856,12765
931,12747
920,12736
914,12757
908,13024
898,12689
894,13020
889,12301
875,12550
875,12299
875,12484
875,13371
875,12547
875,12538
875,12453
875,12506
875,12208
917,12414
917,12374
917,12561
917,12539
917,12388
917,12750
917,12724
917,12630
917,12474
917,12104
917,13193
885,12347
877,12416
854,12837
845,12211
815,12339
811,12425
805,12176
781,12232
874,12002
868,12104
868,11577
857,11983
853,11738
848,11747
843,11860
833,11492
833,11378
833,11215
833,11256
833,11227
833,11321
833,12633
833,11845
875,11362
875,11641
875,11537
875,11634
875,11723
875,11951
875,11894
875,11606
875,11537
875,11528
875,11613
875,11494
840,11278
823,11471
814,11486
793,11850
877,12648
863,13066
835,13140
926,12527
917,12670
917,12765
906,12549
901,12889
893,12670
889,12701
878,19265
878,12249
878,12651
878,12416
878,12529
878,12467
878,12893
878,12818
920,12416
920,12406
920,12165
920,12462
920,12663
920,13466
920,12556
920,12639
920,12629
920,12244
920,12312
920,12203
888,12474
876,12659
857,12615
826,12148
818,12376
814,12168
807,12145
887,12156
877,12436
871,11662
871,11896
860,11662
856,11768
851,11617
846,11481
836,11564
836,11603
836,11842
836,11891
836,12776
836,12260
836,11873
836,11883
878,12028
878,11905
878,12011
878,11368
878,11837
878,11553
878,11607
878,11713
878,11375
878,11460
878,11591
878,11452
849,11647
826,11755
820,12442
796,12146
880,12700
868,12849
838,12863
930,12701
920,13016
920,12894
913,12838
904,12938
899,12703
894,12295
881,12507
881,12179
881,12472
881,12579
881,12853
881,12752
881,12857
881,12877
923,12832
923,12226
923,12704
923,12745
923,12935
923,12809
923,13011
923,13056
923,12596
923,12650
923,12441
923,12420
891,13085
879,12885
860,12999
829,12881
821,11910
815,12179
809,12144
888,12003
879,11588
874,11584
868,11492
859,11660
857,11486
852,11982
839,11987
839,11885
839,12282
839,12159
839,11831
839,12158
839,12003
839,11900
881,12387
881,12006
881,11441
881,11914
881,11981
881,11769
881,11611
881,11936
881,11824
881,11890
881,12051
881,12012
853,11941
846,12176
826,12043
820,11880
799,11589
875,12583
869,13243
947,13025
930,13247
923,13117
923,13112
912,12656
907,12837
899,12435
894,12489
884,12781
884,12889
884,12941
884,12913
884,12788
884,12384
884,12849
884,12791
926,12766
926,12879
926,13765
926,12943
926,12585
926,12622
926,12983
926,12813
926,13233
926,13106
926,13180
926,12425
893,13013
882,12541
857,12526
832,14359
824,12952
818,12716
921,12398
885,12056
877,12244
877,12086
871,12419
862,13541
859,11991
854,12223
842,12039
842,12159
842,12123
842,12517
842,12222
842,11806
842,12072
842,12008
884,12148
884,11778
884,11806
884,11997
884,11812
884,12245
884,12001
884,12151
884,11931
884,13186
884,12440
884,11709
884,11930
849,11815
832,11602
823,16276
802,22768
878,12793
872,13307
950,13643
935,13301
926,13225
926,12942
915,12949
910,13034
902,13027
898,13051
887,12986
887,12999
887,12521
887,12801
887,12685
887,12821
887,13314
929,13055
929,12620
929,12941
929,12658
929,12675
929,13224
929,13080
929,12976
929,12888
929,12610
929,12688
929,13031
929,23272
897,12816
885,12530
866,12709
835,12505
827,12388
823,12461
926,12477
896,12409
885,12196
880,11976
880,12085
869,12285
865,11911
860,11858
855,12225
845,11845
845,12049
845,12289
845,12155
845,12492
845,13485
845,12322
887,12153
887,12015
887,12061
887,12060
887,12278
887,11911
887,12433
887,12084
887,12217
887,12364
887,12452
887,12145
887,12289
859,12095
848,12316
832,11983
807,12038
889,13281
996,14021
982,13739
948,13656
935,13646
929,13004
929,13335
917,13237
909,13399
905,13277
900,13117
890,12826
890,13072
890,13042
890,12965
890,13277
890,13579
932,13186
932,12924
932,13291
932,13234
932,13334
932,13659
932,13311
932,13310
932,13013
932,14585
932,13855
932,13747
932,14031
932,13258
899,13096
872,12961
863,13043
836,12953
830,12624
937,12653
904,12131
891,12497
883,12460
883,12653
876,12220
868,12565
865,12457
860,12326
848,12430
848,11946
848,12327
848,12197
848,12026
848,12267
890,12094
890,12189
890,12063
890,11893
890,12401
890,12832
890,12719
890,12063
890,14340
890,11893
890,12294
890,12210
890,12750
890,12296
862,12280
855,12165
835,12099
829,11689
892,13321
999,14400
989,13959
951,13816
939,13545
932,13539
932,13423
920,12955
916,12978
908,13173
903,13277
893,13257
893,13418
893,12793
893,12918
893,12857
935,13219
935,13402
935,13479
935,13225
935,12801
935,13080
935,13212
935,13845
935,13266
935,13532
935,12699
935,13134
935,13152
935,13341
935,13438
902,12869
875,12446
866,13192
839,12428
950,12506
940,12785
907,12566
894,12425
886,12662
886,12148
879,12301
871,11866
868,12158
863,12447
851,11873
851,11722
851,11875
851,12058
851,12134
851,12029
893,12137
893,12145
893,12087
893,12194
893,12125
893,12428
893,11707
893,11779
893,11992
893,11788
893,11862
893,11925
893,12117
893,12242
865,12125
854,12172
838,13651
813,12137
895,13031
1002,13554
988,13299
954,13186
941,13374
935,13556
935,13263
919,13480
915,12873
910,13143
896,12799
896,13118
896,13105
896,13168
896,13114
896,13334
938,13024
938,12920
938,14772
938,13705
938,13370
938,12800
938,12863
938,13216
938,13586
938,13339
938,13459
938,12829
938,12821
938,13033
906,13047
898,12970
875,12781
866,12670
836,12747
947,12365
937,12352
905,12006
895,12088
889,11991
889,12366
878,12218
874,12113
869,12241
864,12248
854,12349
854,12177
854,12102
854,11903
854,12197
896,12001
896,12172
896,11966
896,11827
896,12261
896,12261
896,12422
896,12527
896,12421
896,12551
896,12187
896,11755
896,12097
896,12261
868,11713
861,11948
841,11996
835,13840
810,12774
1005,13495
995,13334
957,13422
945,13684
938,13808
938,13830
926,12987
922,15537
914,13856
909,13465
899,13596
899,12831
899,13106
899,12979
899,13552
899,14040
941,13990
941,13392
941,13550
941,13861
941,13587
941,13727
941,12901
941,12958
941,13198
941,15453
941,13762
941,13016
941,13725
909,13591
901,13633
878,13596
869,12765
839,12746
835,12363
940,12592
908,12895
898,12747
892,12968
892,13011
881,12598
877,12298
870,11907
867,12686
857,12030
857,11877
857,11937
857,11865
857,12021
857,12517
899,13050
899,12611
899,12120
899,11945
899,11757
899,12023
899,12112
899,11812
899,11927
899,12249
899,12005
899,12148
899,12003
871,12095
860,12002
844,11872
819,12302
813,11936
805,12271
994,13210
958,13143
947,13522
941,13017
935,13427
925,13643
921,13435
915,13149
902,13211
902,12765
902,13011
902,12969
902,13410
902,13494
902,13439
944,13380
944,13658
944,13285
944,13382
944,13188
944,13783
944,13097
944,13084
944,12974
944,13079
944,13425
944,13063
944,12909
912,13121
900,12800
881,13021
850,12777
842,12831
836,12568
941,12829
909,12221
900,12329
895,12175
889,12254
880,12136
878,12154
873,12157
860,12493
860,12584
860,12330
860,12807
860,12155
860,12563
860,14515
860,12574
902,12232
902,12382
902,12314
902,13117
902,14758
902,12485
902,15794
902,13256
902,14398
902,15545
902,21683
902,16806
874,14009
867,12991
847,13246
841,14189
816,13621
810,13513
806,12423
963,14996
951,15117
944,14274
944,15025
932,14826
928,14971
920,14377
915,15036
905,14543
905,14407
905,14272
905,14435
905,14796
905,14341
905,14910
947,14678
947,14811
947,14182
947,14872
947,14510
947,14843
947,14806
947,14936
947,14195
947,14728
947,15342
947,15432
915,13667
907,14575
884,14315
853,13785
845,14121
841,14526
833,14214
912,14402
903,13457
898,13421
892,14088
883,14028
881,13547
876,13480
863,13194
863,14080
863,13957
863,13259
863,13558
863,12835
863,13506
863,13731
905,14125
905,13384
905,13760
905,13532
905,13832
905,13629
905,13539
905,13628
905,14182
905,13574
905,13345
905,13240
870,13735
853,13701
844,13465
823,13013
813,13529
809,13558
788,13652
783,13418
947,14649
947,14432
935,15297
931,15316
923,15171
918,15678
908,16802
908,21322
908,14320
908,14586
908,14789
908,14095
908,15001
908,14756
908,14797
950,15104
950,14583
950,14728
950,14541
950,14663
950,14675
950,14868
950,14883
950,15037
950,14988
950,15060
918,14928
906,14806
887,14282
856,14649
848,14391
844,14448
838,13706
917,14468
907,14205
901,14187
901,14063
890,13493
886,14294
881,14045
877,13594
866,12840
866,14071
866,14317
866,14120
866,13773
866,13690
866,12898
866,13716
908,14540
908,14009
908,13850
908,14084
908,14189
908,13840
908,13326
908,13931
908,14279
908,13562
908,13898
908,13962
880,13987
873,14334
853,13893
847,13889
826,13772
816,13534
812,13749
791,13313
957,14153
950,14817
950,15351
939,15083
934,14802
926,15763
922,14621
911,14277
911,14505
911,14921
911,14676
911,14582
911,14787
911,14988
953,14228
953,15790
953,16556
953,14560
953,14715
953,14958
953,15079
953,15100
953,14168
953,14815
953,14892
953,14744
953,14255
920,14785
893,14942
881,14786
857,14040
851,14508
841,14352
924,13570
911,14203
904,13977
904,14107
894,14154
889,13574
884,14277
880,14068
869,14104
869,13848
869,14189
869,13904
869,13904
869,13448
869,13662
911,14125
911,14002
911,14059
911,13646
911,13704
911,14044
911,13930
911,13368
911,13884
911,14389
911,13864
911,13511
911,13519
876,13883
856,13510
850,13502
825,13854
819,13732
815,13773
793,13499
789,13697
953,14808
953,15104
941,15238
937,14832
928,14974
914,15019
914,14456
914,14897
914,15210
914,15558
914,14645
914,15509
914,14884
914,15173
956,15156
956,15177
956,14615
956,15113
956,15443
956,14495
956,15224
956,14796
956,14895
956,15018
956,14886
924,14035
912,15045
893,15170
862,14820
854,14337
850,14411
842,14215
820,14283
912,14047
907,14246
901,14181
892,14193
890,12747
885,12635
872,12695
872,12837
872,12842
872,13184
872,12853
872,12921
872,12494
872,12521
872,12843
914,12626
914,12870
914,12879
914,14688
914,13035
914,12774
914,12810
914,12813
914,12779
914,13438
914,12908
885,12512
875,12821
856,12588
834,12630
828,12996
820,13047
797,12714
793,12777
788,12503
788,12155
949,13464
940,13767
932,13597
928,14051
917,13922
917,14209
917,13393
917,13642
917,13836
917,13904
917,14276
917,13406
917,13777
959,13881
959,14175
959,14245
959,13675
959,13849
959,13719
959,13971
959,14484
959,13641
959,14060
959,14085
919,13903
896,13159
887,13436
857,13490
853,13516
847,13359
823,13530
818,12818
910,13345
910,13026
899,12852
893,13221
888,13287
875,12657
875,12857
875,12722
875,12642
875,12700
875,12728
875,12749
875,12946
875,14571
875,13097
875,13160
917,12927
917,13340
917,13104
917,13260
917,12692
917,13167
917,12830
917,13024
917,13298
888,12784
878,13031
859,12414
837,14218
831,12563
823,12780
819,12671
796,12954
791,13118
791,12778
787,12813
784,12654
938,13491
933,14428
920,14389
920,13585
920,13973
920,13832
920,13986
920,13832
920,13437
920,13765
920,14223
920,13853
920,14602
962,13585
962,13789
962,13995
962,14172
962,13926
962,13694
962,13824
962,14190
962,14433
929,13541
918,14190
893,14393
868,13670
860,13143
854,12969
848,13141
826,12830
821,12810
817,13067
907,12988
898,13003
896,13027
891,12943
878,12636
878,12642
878,13025
878,13443
878,13094
878,12856
878,12769
878,12864
878,12455
878,12966
878,13009
920,13142
920,13166
920,12980
920,12914
920,12395
920,12803
920,12714
920,12694
920,12987
920,13494
891,13383
868,12497
862,12812
838,12459
834,12625
826,12313
803,12459
799,12314
794,12450
794,12566
790,12613
787,12462
941,13395
936,14276
923,14279
923,13773
923,13996
923,13302
923,13577
923,13760
923,13684
923,13838
923,13595
923,13712
923,14100
965,13863
965,13906
965,13403
965,13798
965,13744
965,13897
965,13982
965,13438
965,13503
965,13935
925,13676
905,13658
895,13080
869,13058
863,13273
857,13331
830,13081
825,13254
820,13092
916,13127
909,13004
901,12664
898,13240
893,13181
881,12995
881,13580
881,12653
881,13377
881,12921
881,13152
881,13247
881,13521
881,13436
881,12722
923,12727
923,12887
923,13341
923,13456
923,13191
923,12818
923,13191
923,13000
923,12995
923,13385
923,13561
888,12546
871,13076
862,12801
841,13360
837,13212
827,13143
806,13008
802,13264
797,12427
797,12923
792,12524
949,13513
941,14066
937,13806
926,13734
926,13987
926,13598
926,13670
926,13694
926,13769
926,15401
926,13812
926,13792
968,13962
968,13722
968,13728
968,13774
968,13627
968,13958
968,13819
968,13883
968,13608
968,13819
968,13820
936,13798
924,13893
905,14922
874,14167
866,13705
860,13743
854,13373
832,13488
924,13330
919,13864
913,16404
904,13672
902,12900
897,12950
884,12975
884,13097
884,13551
884,12845
884,13064
884,13120
884,13713
884,13244
884,13658
884,12956
926,13169
926,13032
926,12908
926,13740
926,13058
926,13477
926,12766
926,12856
926,13148
926,13132
926,13198
891,13080
874,12933
868,12749
844,12715
840,13449
832,13738
809,13035
805,13200
800,12295
800,12770
796,12715
952,13762
947,14189
942,14705
929,13734
929,14243
929,14251
929,14321
929,13810
929,13897
929,14299
929,14392
929,14251
971,13668
971,13932
971,14511
971,14585
971,13922
971,14407
971,14911
971,14244
971,13698
971,13861
971,14073
971,14455
938,14444
911,13732
902,14318
877,14029
869,13901
863,13330
857,14140
936,13766
927,13516
922,13758
916,13782
907,13125
905,13268
902,14063
897,13979
887,13596
887,12973
887,12927
887,12923
887,13680
887,13554
887,13890
929,13238
929,13252
929,13403
929,13475
929,13513
929,14313
929,13095
929,13187
929,13001
929,13086
929,12979
929,12870
929,13429
901,13156
890,13218
874,13057
849,12924
843,12723
837,12747
833,12784
811,12826
807,12851
803,13532
971,13916
959,14379
955,14159
947,14226
943,13883
932,14532
932,14723
932,14511
932,17898
932,15115
932,15884
932,15376
974,15601
974,15661
974,15624
974,15893
974,15746
974,16169
974,15500
974,15055
974,15181
974,15216
974,15629
974,15326
974,15804
942,14875
930,16309
911,15150
880,14966
872,15049
979,15102
971,15168
939,14841
930,14860
925,14199
919,14848
910,14766
908,14712
903,14066
890,14481
890,14737
890,14462
890,14131
890,14405
890,14384
890,14254
932,14819
932,14508
932,15092
932,14260
932,14574
932,14716
932,14327
932,14848
932,15014
932,15066
932,14188
932,14519
932,14651
903,13945
893,14476
874,14275
852,14222
846,14156
838,14083
834,14099
811,13773
806,14149
806,13980
967,15068
958,15371
953,16564
948,15430
935,15038
935,15091
935,15141
935,15454
935,15487
935,16514
935,16042
977,15250
977,15208
977,15393
977,15416
977,16375
977,15555
977,16406
977,15264
977,15576
977,16640
977,15545
977,15461
977,15320
945,15601
933,15444
914,14856
883,15290
875,14799
869,15257
974,14718
942,14768
933,15210
928,14283
922,14843
913,15331
911,14347
906,14307
893,14580
893,14458
893,14914
893,13803
893,15388
893,15148
893,15444
935,15231
935,15398
935,14585
935,14202
935,14899
935,14469
935,14317
935,14899
935,14850
935,14760
935,14297
935,14654
935,14540
906,14659
896,14807
877,14379
855,14000
849,14151
841,13634
837,14598
814,14230
809,13903
809,14129
805,13725
961,15364
956,16511
951,15797
938,15400
938,15387
938,15996
938,15796
938,15701
938,15325
938,15605
938,15580
980,15521
980,16162
980,15882
980,15725
980,16336
980,15657
980,15726
980,15443
980,15177
980,15887
980,15264
980,15226
948,15585
936,15337
917,14833
886,15522
878,15385
874,15226
866,15532
947,15487
936,15936
931,15609
931,14915
916,14584
914,15065
909,15031
896,14526
896,14146
896,14544
896,14810
896,15066
896,14481
896,14935
896,15344
938,14349
938,14833
938,14905
938,14853
938,14796
938,14794
938,14941
938,14681
938,14929
938,14785
938,14564
938,15082
938,14750
903,14568
886,13963
877,14874
856,14444
846,14371
842,14454
821,14414
817,14617
812,14388
812,14013
807,14672
964,15362
956,15652
952,16042
941,15575
941,15807
941,15621
941,15407
941,15985
941,15629
941,15745
983,15682
983,16144
983,16275
983,16371
983,15530
983,15776
983,15992
983,15426
983,15096
983,14512
983,14357
983,14663
983,14600
950,14089
939,13799
914,14008
889,14134
881,14144
875,13552
978,13387
942,13591
934,14009
934,13831
927,13576
919,13432
916,13476
911,13665
899,13847
899,13636
899,13592
899,13302
899,13561
899,14234
899,13972
899,13985
941,13506
941,13316
941,13480
941,13735
941,14029
941,13366
941,13475
941,13654
941,16006
941,13909
941,13236
941,13917
913,13594
906,13614
886,13654
880,12960
855,12910
849,13029
845,13213
823,13358
819,13243
815,13025
815,13301
810,12679
967,13762
959,14333
954,14029
944,14507
944,14536
944,14489
944,14073
944,14008
944,14306
944,14735
986,14403
986,13953
986,14328
986,14086
986,14811
986,14235
986,14294
986,14306
986,14243
986,14027
986,14538
986,14642
986,14497
946,13702
926,13782
914,13953
890,13960
884,13624
874,13381
957,13594
944,13595
937,13804
937,13709
927,14145
922,13385
917,13502
913,13620
902,13489
902,13820
902,12988
902,13219
902,13524
902,13553
902,13471
940,13524
944,13480
944,13116
944,13383
944,13639
944,13575
944,13468
944,13162
944,13202
944,13346
944,13711
944,13878
944,13654
915,12978
892,13199
886,13291
862,13476
858,13772
850,13465
827,13209
823,12903
818,13123
818,12811
814,13454
811,13238
962,14073
960,14906
947,14421
947,14529
947,14587
947,14781
947,14118
947,14623
947,14710
947,14963
989,14027
989,14728
989,15249
989,14686
989,14347
989,14810
989,15237
989,14216
989,14374
989,14665
989,14720
989,14336
957,14320
945,14437
926,14579
895,13677
887,14103
883,13787
875,14076
858,14433
946,13552
940,13881
940,13976
929,14137
925,13869
920,13194
915,13885
905,13557
905,13720
905,13880
905,13866
905,13169
905,13396
905,14003
905,13753
947,13743
947,14031
947,13317
947,13561
947,13704
947,13783
947,13729
947,13246
947,13598
947,13590
947,13716
947,13800
918,13192
895,13437
889,13316
865,13478
861,13429
853,13423
830,13542
826,12806
821,13156
821,12933
817,12886
814,13644
968,14105
963,15385
950,14649
950,14395
950,14844
950,15069
950,14369
950,14705
950,14693
950,14491
950,14206
992,14584
992,14795
992,14757
992,14391
992,14640
992,14704
992,14166
992,14382
992,14638
992,14926
992,14342
960,14104
948,14259
929,14399
898,14322
890,14370
884,14126
878,14230
856,14105
851,13881
847,13664
913,13756
905,13685
903,13893
921,13771
908,13604
908,13168
908,13358
908,13751
908,13730
908,13649
908,13901
908,13466
908,13397
908,13568
908,13970
950,13713
950,13379
950,13481
950,13438
950,13772
950,13760
950,13829
950,13356
950,13735
950,13670
917,13477
898,13600
892,13080
868,13679
864,13821
856,14119
833,13702
829,15124
824,14874
824,14488
820,14126
817,14058
881,14628
878,15007
867,14969
943,14999
943,24788
943,23479
943,14859
943,14864
943,14951
953,14882
953,16150
953,14729
953,15030
953,15016
953,14687
995,14725
995,21795
995,17774
995,14906
995,15082
995,15312
995,14956
995,15397
962,15180
951,19128
926,23372
901,14517
893,14544
887,14164
881,14270
859,14254
850,20868
850,24510
844,15001
840,14684
838,14332
835,14810
825,13790
825,14110
825,14081
825,13940
825,13865
825,14013
836,17924
836,25774
836,14800
836,15060
836,20570
836,15312
836,14806
836,16117
836,15842
836,19679
836,17233
836,17000
836,17292
836,16447
953,17063
953,16461
918,13890
901,13911
892,14352
871,14443
867,14511
859,13222
855,13332
835,13665
827,13969
827,13816
898,23224
888,14007
888,14095
882,15056
879,15349
870,14336
870,14498
870,14437
870,14469
870,14550
870,14423
870,14559
870,14389
870,14570
870,14095
870,14425
870,14233
870,14723
870,19729
870,28545
870,14344
870,14652
870,14494
870,15489
868,14885
842,14204
833,14032
827,14196
812,13924
808,14024
802,13923
791,13741
784,13574
781,13843
781,13211
777,13373
775,13510
774,13855
772,13593
764,13624
809,13732
809,13560
809,13255
809,13759
809,13541
809,13798
809,14075
806,14226
806,13827
806,13845
806,14094
802,13607
802,13566
802,13506
802,13378
802,13645
802,13508
802,13572
802,13694
801,13685
792,13497
791,13459
770,13595
764,13712
758,13731
752,14054
748,14778
748,13382
734,13325
747,13378
747,14201
746,13697
744,13645
742,13490
740,13522
734,13418
734,13075
734,13007
734,13356
734,13140
734,13085
734,12982
734,12969
734,13419
734,13409
734,13477
734,13543
734,13489
734,13899
734,14502
734,13767
734,13880
734,14287
734,13978
732,13395
732,14142
730,13622
730,13531
66,12584
60,12551
52,12608
52,12462
43,12594
40,12444
29,12479
29,12454
27,12818
27,12690
24,12924
18,12906
16,12495
15,12735
10,12772
10,24340
6,13669
6,12463
0,12283
0,12470
0,12369
0,24103
