421,3621
421,4727
421,3534
417,3783
410,8521
442,18547
431,5359
430,8119
431,4800
422,3619
454,3474
512,3407
505,14234
499,13544
485,7134
468,5103
448,3796
413,3125
365,2788
298,2267
339,2138
329,1990
321,2012
321,2348
321,9994
342,5299
342,3220
340,2188
341,2285
341,1896
338,8152
400,7651
397,3218
386,2245
395,2248
389,2208
381,9895
364,4903
354,2957
382,1997
377,1800
359,1757
352,9358
336,3831
358,2965
329,1706
313,6883
284,2882
272,1944
270,6119
265,2889
265,3791
265,2370
265,3946
265,2846
321,5763
319,2714
319,1638
319,1706
332,1715
330,1696
326,1656
324,5985
318,3533
315,3655
315,1999
343,1438
339,1411
329,5091
327,4669
321,2261
316,1623
316,1627
319,1614
306,1562
298,1729
290,1628
278,1505
267,1728
248,1660
218,1472
189,1266
179,1189
170,1139
168,1403
163,1763
163,1751
163,1728
163,2131
163,2146
163,2146
163,2281
161,2125
161,1094
161,1103
161,1114
161,2264
413,1738
412,1957
407,1878
463,4553
462,2531
460,2079
461,2063
454,2038
435,8263
425,5214
419,3243
449,2238
442,1806
425,1823
415,1834
403,7643
431,6065
452,2976
402,1789
347,5803
322,6159
308,3805
304,3686
298,1802
298,5667
298,2792
354,1716
354,1690
354,1639
352,1739
352,5644
373,4166
373,2214
371,1506
367,5953
365,3113
360,2833
384,5028
384,2268
382,1636
385,1632
377,1430
361,1409
355,1413
349,1379
356,4716
350,4550
338,2314
333,1475
322,1454
310,4106
295,4013
266,1911
231,2915
209,2780
194,1783
191,1717
188,1665
186,1594
186,1613
186,1579
186,1600
186,1590
184,1534
184,1529
184,1543
184,2453
184,2503
182,2415
430,1835
427,1876
416,1911
479,5073
479,2810
474,8885
474,3867
459,4467
445,6875
437,3281
465,2227
461,8239
449,4132
439,2443
426,1822
409,7523
433,4334
454,2449
388,6327
345,2612
329,1631
317,1600
313,1558
307,5140
307,5097
307,2206
363,1740
363,1731
363,1734
361,5090
361,5235
382,2334
382,1547
380,1552
376,1540
374,4959
369,4971
394,2187
393,1435
391,1448
394,1616
389,1668
373,1616
364,5056
357,4163
364,2012
359,1532
347,1657
342,1576
335,4551
318,3548
302,2655
286,1586
244,1457
217,3179
203,3106
200,2068
195,2259
191,2100
191,4322
191,4333
191,2142
191,4401
191,2811
189,4227
189,2767
189,1128
189,3499
188,4068
435,1909
434,2168
491,1973
484,5292
484,2942
488,7058
481,5799
466,3399
450,2544
442,10609
470,4001
467,3049
454,10064
444,3378
431,5086
457,6116
436,3361
456,2552
387,8551
347,3043
332,3889
321,6428
314,4305
311,2346
311,6937
311,3726
367,2172
367,1884
367,1889
364,1760
385,7332
385,3332
384,2083
383,1404
377,1784
375,7047
367,3463
396,2148
396,2873
392,6864
393,3031
380,1939
370,1743
363,6778
367,2990
363,1667
352,3910
348,3093
339,4161
323,3004
308,2351
289,5553
248,3051
220,1603
204,4534
201,4519
196,2529
193,4256
193,2845
193,4225
193,2810
193,1695
190,4107
190,4198
190,2699
190,1619
190,4156
188,4106
187,2015
433,1859
422,2107
485,2527
485,2236
476,7263
480,4270
461,2851
449,2468
441,2377
471,10524
465,4406
447,3005
429,5329
425,2980
409,9517
427,3796
421,2091
367,1462
336,1330
322,1300
318,1321
310,5943
310,6074
310,3468
310,1403
366,3857
366,3143
364,2182
364,2182
364,2259
385,2135
382,2119
378,2287
377,6366
369,3038
364,2047
396,4003
392,3053
389,2168
384,5773
373,2616
365,1672
360,1455
358,1310
357,5466
345,4983
335,2070
331,1584
313,1569
296,1203
257,1067
224,1024
209,2845
201,2852
198,1809
193,1293
193,2562
193,2588
193,1773
193,1330
193,2566
190,2447
190,2423
190,1247
190,2403
189,2383
187,1275
186,1003
183,2406
420,1698
484,2183
480,1856
474,1779
467,1900
451,2136
443,1749
441,8214
438,3502
456,2143
438,2148
425,2151
415,2110
397,2099
410,2004
352,1903
349,1622
332,6487
321,6416
315,3173
310,1590
310,1541
310,1453
310,1515
310,5222
366,6183
364,2852
364,1482
364,1283
385,5952
382,4878
378,2160
377,3593
369,1894
364,5300
364,3223
392,1729
389,1379
376,1337
373,1301
365,4667
360,5523
358,2044
359,1317
347,4742
337,3675
325,1451
319,3826
300,2151
269,2574
232,3245
213,1644
201,2838
198,1870
193,1153
193,2817
193,2747
193,1402
193,1149
193,1153
190,1074
190,2596
190,2718
190,1971
190,2901
188,1481
187,1325
186,2921
182,2949
420,1790
485,2210
476,2586
472,4947
462,2619
450,2374
442,2368
441,2331
438,2339
455,2359
438,2270
425,2213
415,2206
397,2444
412,2234
397,7991
349,3814
333,2194
322,3745
318,2924
310,1932
310,5511
310,3520
310,1885
366,3799
366,2979
364,1895
364,1947
364,5722
385,3303
383,1899
381,1383
377,5471
373,3867
365,1875
396,3732
396,2403
392,3692
393,2210
382,1512
370,1598
363,5252
360,3575
363,1758
357,1354
345,1272
343,1244
331,1299
319,4736
300,3657
271,2703
238,2587
214,3545
201,1663
198,1392
195,3013
193,3137
193,1611
193,3026
193,2045
193,1674
193,3082
190,2001
190,1281
190,2897
190,2029
189,1270
188,3081
187,2064
427,1873
485,2084
485,2057
481,2049
483,2086
476,2156
456,1923
447,3368
471,2784
471,2676
465,3299
447,2659
436,11963
426,4319
453,3040
480,1739
445,8884
376,4385
342,2618
326,1632
322,6715
315,3487
310,3851
310,2331
366,1940
366,1834
366,5152
366,3526
364,1792
385,1371
385,5175
385,3406
383,1747
379,1383
377,1353
406,5176
396,4453
396,2051
403,1510
397,5045
392,3933
373,1967
366,1329
367,5308
367,3499
362,2926
357,1634
347,1695
338,1598
322,4824
307,3129
289,1662
248,3624
222,2305
207,1305
201,3057
196,3051
193,1396
193,2844
193,2978
193,1871
193,1425
193,1527
190,1369
190,1400
190,2794
190,2608
189,1910
188,2686
503,1890
499,2055
487,2366
494,2402
492,2206
483,8820
478,5701
461,3471
479,2149
472,2572
471,9306
472,3832
458,3158
485,1898
475,1853
513,2538
487,8644
456,4235
390,2327
349,3090
333,1687
322,1603
318,1418
310,1429
366,5233
366,4016
366,2353
366,3562
387,3539
385,3362
385,1912
386,1475
386,1861
384,5284
381,3360
411,3392
407,2566
398,1473
405,1722
405,1161
399,1172
393,1734
387,4904
377,3505
370,2025
373,1197
369,1187
360,1136
351,1044
340,5089
331,3032
313,1494
296,4515
262,2027
224,1115
213,1084
201,972
198,953
193,1301
193,891
193,2633
193,3115
193,1777
193,1136
190,3030
190,2461
190,1218
190,2822
190,1661
512,2325
504,2842
503,2494
501,1953
494,2328
494,2141
489,5253
482,2905
498,6537
484,3731
476,4426
478,2615
475,6521
512,3492
552,2315
539,2715
524,2029
498,1940
468,8099
404,3792
351,2716
336,2827
322,1651
375,1403
366,1466
366,1469
366,1331
366,5129
387,4112
387,2565
385,1358
386,5381
386,2691
386,2623
418,3708
414,2237
411,1269
415,1403
405,1812
405,1250
403,1263
397,1498
396,1311
380,4921
373,2974
373,1589
373,1169
367,1313
355,4846
343,2905
332,1620
319,1095
302,1361
273,1027
238,981
214,3469
201,2938
198,1895
193,3195
193,1345
193,1839
193,2246
193,1870
193,1840
190,1573
190,2552
190,1681
190,1192
190,2572
509,2126
504,2232
501,2120
497,2300
494,2540
494,2108
485,1962
511,10389
492,4059
480,3331
479,4995
478,2769
472,6588
504,3689
545,2020
534,1945
512,8901
485,3711
452,2891
386,1603
345,1295
326,1347
322,5517
372,4613
366,2662
366,1514
366,1304
387,1707
387,1399
387,5931
386,3438
386,1934
386,1334
385,1788
418,5490
411,3433
409,4174
410,2845
405,1584
405,6947
401,2713
395,3149
389,1691
377,1296
370,5530
373,3519
369,1869
363,5171
351,2093
340,2090
329,2192
313,1984
294,1877
257,4458
224,3113
209,1313
201,1179
198,1052
193,2907
193,3227
193,1415
193,1155
193,3303
193,2914
190,1864
190,3349
190,1821
190,1117
189,1584
505,2161
504,2174
507,1980
494,2288
494,2076
492,2564
483,9036
506,4340
486,2890
477,2046
478,10326
477,4102
516,2827
497,1933
541,9369
525,4013
505,2384
473,2301
416,7769
361,3294
336,2286
322,1371
375,6376
366,3718
366,3935
366,1984
366,3928
387,4060
387,3996
385,2039
386,1469
386,1616
386,1720
384,1486
414,6326
411,3844
415,3984
405,2401
405,1588
403,6141
397,2940
396,1849
380,6025
373,5122
373,3393
373,1767
367,1317
355,4776
343,4153
332,3068
319,1550
300,4328
271,2767
236,1485
213,3273
201,3093
198,1539
193,1193
193,1194
193,2883
193,2908
193,2940
193,1970
190,1409
190,2734
190,2756
190,1907
190,2769
188,2773
504,1921
499,1994
494,2220
494,2052
492,8454
483,4025
507,5191
486,2797
477,9021
471,4142
477,2601
468,2089
498,2071
541,8753
525,4416
505,3235
471,3971
414,5076
356,2158
336,1710
322,1536
318,1425
366,1498
366,5238
366,4956
366,2174
366,5253
387,2457
385,1542
385,1538
386,5048
386,4528
383,3430
413,1759
411,5119
401,3147
405,1755
405,1341
401,1317
395,1320
382,4947
377,4728
370,2292
367,1392
369,1416
358,1398
348,1369
338,1359
322,1462
307,4312
289,4224
243,1891
218,1219
204,2862
198,2724
195,2764
193,1901
193,1881
193,1910
193,3004
193,2994
190,1986
190,2905
190,2891
190,1994
189,1951
188,1976
187,1991
183,2826
485,1872
494,2168
489,2014
480,2006
465,1957
450,2080
472,2060
471,2004
465,1951
456,8793
439,5385
469,3214
451,2114
471,1931
414,1712
355,1383
336,5859
322,5724
318,2787
310,1603
310,5246
310,3223
366,1861
366,1586
366,1585
364,1656
385,1560
385,2172
385,1692
383,1616
379,2263
377,1579
367,1560
396,2233
396,6100
392,2925
395,3428
382,2038
372,2034
365,5021
367,4795
363,2072
357,1651
345,4492
340,2994
331,1797
313,2892
296,2931
257,2040
224,3541
209,2203
201,1359
198,1307
193,1243
193,1257
193,3015
193,3077
193,3001
193,2024
190,1469
190,2885
190,2887
190,1999
189,2896
188,2855
187,1985
185,2867
180,2855
180,1487
483,1872
483,2269
476,2066
456,1867
447,2020
441,5591
471,2994
465,2421
447,8863
436,4180
425,2634
453,1956
480,8306
440,3990
375,2356
342,1652
326,1619
322,6047
315,5750
310,2471
310,1685
366,1701
366,5627
366,4591
366,2333
364,5542
385,2856
385,1960
385,1696
383,1672
379,1678
377,1685
406,1892
396,1844
396,5660
403,4193
397,2274
392,1633
377,1583
367,5044
369,4650
367,3462
362,1736
358,4955
348,3208
340,1670
323,1421
313,1365
294,4385
257,3864
224,1674
213,1295
201,2815
198,2851
193,2711
193,2727
193,1852
193,1394
193,2691
193,2720
193,2837
190,1346
190,2650
190,2574
190,1329
189,2619
188,2602
187,1348
185,2603
485,1879
494,2812
494,1947
485,1896
480,2279
492,2019
480,8963
473,3819
471,2474
475,8883
465,3802
493,4669
539,2581
525,8427
505,3816
481,5107
435,4560
377,2147
342,5732
326,3210
322,1841
372,1593
366,1551
366,1569
366,1563
366,1572
387,5239
387,5371
385,2559
386,1501
386,1353
386,1361
420,1356
418,5153
411,4773
420,2238
412,1526
405,1343
405,5047
403,3839
405,2079
396,3288
380,1974
379,1606
373,4608
371,3055
365,1573
353,1330
343,1299
331,1285
319,4216
297,4042
263,1878
224,1097
213,1044
201,979
198,1085
193,1848
193,1999
193,1812
193,2678
193,2754
193,2758
190,1324
190,2598
190,2545
190,1776
189,1750
187,1761
512,1921
501,2246
494,2093
494,2017
489,2198
512,4478
497,5011
481,2760
480,9060
478,4199
522,2686
509,8584
548,3629
536,2332
514,2194
491,8302
457,3956
390,2297
348,1599
326,1520
322,1479
372,1474
366,1560
366,1744
366,2046
387,3310
387,3490
387,2979
386,2593
386,1359
386,1389
385,4402
417,3315
411,2224
407,2211
407,2224
405,6450
405,3422
399,1766
400,1340
385,5104
376,4148
375,1981
373,1278
368,1279
356,1256
345,1288
332,4606
320,4375
305,2482
278,1403
239,1221
214,1160
201,1475
198,1243
193,1575
193,1282
193,679
193,2918
193,2913
193,2893
190,2814
190,2837
190,1856
190,1444
189,1431
188,1441
187,1448
183,1419
494,1899
494,2200
489,2080
482,2234
467,2002
481,2041
473,2074
471,2104
474,2070
458,2251
485,2247
534,8658
509,5310
480,3000
442,2028
374,6560
338,3097
323,1925
318,5548
310,2887
366,1859
366,5426
366,3335
366,4693
366,2351
385,1879
385,6337
385,3526
386,2003
384,4952
381,2926
411,7320
407,2977
398,2043
405,6984
405,3216
401,4134
395,4554
382,2917
377,2047
372,6629
367,2961
371,3750
365,4272
355,2585
343,6306
332,2911
320,3999
305,2431
289,5794
248,2809
222,1661
209,4580
201,4445
198,2179
193,3003
193,2868
193,2811
193,1963
193,1959
193,3020
190,1895
190,1413
190,1426
190,1414
190,1453
189,1434
188,1419
187,1421
508,2022
496,2567
494,2087
494,6529
518,3058
511,2259
492,9445
487,4024
480,2667
526,2135
523,2216
574,9127
552,5009
539,4188
531,2908
510,2202
474,9311
427,3692
374,1923
342,4639
385,2036
380,6279
372,2612
366,1449
387,1319
387,5945
387,3431
388,2223
388,3953
386,3796
386,3586
422,1777
422,1292
420,1797
427,1422
421,6121
417,3436
410,2035
414,1247
414,6357
410,2913
403,3868
396,3487
386,2697
379,3724
374,3319
370,1522
364,5482
353,2649
342,1444
329,1260
313,1401
292,4977
251,3655
224,2402
209,1221
201,1329
196,975
193,955
193,3793
193,3239
193,1609
193,1749
193,1355
190,3381
190,3421
190,1548
190,1055
188,1223
513,2679
510,3307
500,2863
494,2365
529,2260
522,7684
512,3984
502,2615
488,2946
528,9683
594,4138
588,3126
571,2077
550,7071
543,3545
520,2268
496,2030
460,9017
394,3717
414,2791
392,3393
380,1910
375,1881
366,6154
387,3926
387,3878
387,1886
388,6571
388,3152
386,1739
421,1405
422,1966
422,1496
428,6484
423,3918
421,2127
415,4253
406,2272
414,1499
412,1504
406,1626
403,6154
387,2992
380,3180
374,1699
374,5982
368,2593
356,1578
345,1813
332,1497
320,5606
305,3271
276,2958
239,1392
218,1598
201,1143
198,3863
195,3933
193,1811
193,2255
193,2023
193,3300
193,2781
190,1306
190,3042
190,2244
190,2214
190,1588
188,1746
513,2752
510,3152
500,2831
529,2374
529,6460
522,3907
514,6771
504,3843
488,5461
529,6575
594,3802
589,5302
574,6527
561,3670
544,2303
530,9497
503,3641
470,2406
410,6846
419,3222
396,1704
380,1370
375,6530
366,3785
387,4138
387,2439
387,3911
388,1935
388,6215
386,2443
422,1654
422,1582
422,1494
429,1479
427,1529
421,1429
417,1427
408,5457
414,3809
414,4124
410,1970
407,2803
396,2230
384,1664
377,5760
374,2994
370,3343
365,1718
353,1708
343,5099
331,2793
319,2120
298,1170
269,4652
232,2662
214,1189
201,916
198,3352
195,3454
193,1537
193,3108
193,1572
193,3479
193,2243
193,1387
190,1339
190,1211
190,2931
190,3400
521,2310
514,2352
513,2221
542,2243
529,2477
529,6455
534,3471
523,6749
568,3923
548,2339
605,2121
595,10623
594,4245
597,2877
580,2724
560,8901
545,4044
530,2913
503,2052
556,1934
491,2648
432,1771
400,1579
402,2198
398,1499
391,6528
388,3751
388,3826
388,2820
388,1987
424,1972
424,2019
422,1945
431,1949
431,1938
431,1964
428,5633
432,3685
429,2218
424,1432
414,5520
420,2907
418,1883
412,1444
402,1412
387,4829
379,4041
375,2003
373,1491
365,5090
353,3749
342,1925
329,1361
313,1308
291,1275
249,1219
222,1234
204,2889
201,2840
196,2696
193,1881
193,2717
193,1839
193,2680
193,1832
190,2561
190,1696
190,1310
190,1292
524,2269
518,2863
513,2811
543,4953
531,2926
529,11328
534,4737
523,3244
566,2598
612,2799
601,2495
594,2367
602,2358
589,2552
568,11481
550,5372
532,3257
510,2472
557,2486
488,2334
419,2277
396,1717
380,7356
396,5340
387,2778
387,1725
388,1709
388,7131
388,3403
423,1993
422,3904
422,3275
431,4464
431,2718
428,1922
421,7070
419,3590
445,2016
441,3844
441,2605
439,6912
431,3368
415,1962
406,6705
422,2873
420,1852
413,5396
401,3204
385,4072
377,2258
355,1534
334,4936
309,3698
256,1276
234,3396
216,3189
212,2172
209,3061
207,2044
207,3069
207,1537
207,1638
207,1264
204,1215
204,2926
204,2926
204,1500
204,2997
202,2159
520,2278
515,2653
538,2662
536,2540
536,2549
529,2580
522,2421
504,9807
541,5597
600,3583
600,5591
591,3240
576,2537
556,2858
540,2931
516,10703
485,4960
444,2750
444,4846
406,2612
382,5719
378,2677
371,2006
388,6338
388,3068
388,2224
389,1653
389,6802
387,3327
423,1946
423,4641
423,2826
429,4144
425,2204
422,4803
414,2590
407,3360
442,4499
436,2111
429,6402
420,2660
408,1422
401,1241
421,1600
415,5719
401,3118
388,2068
378,1162
357,1064
335,5008
313,3125
258,2868
234,1285
216,3727
212,2638
207,2173
207,2149
207,3773
207,1521
207,1112
207,1543
204,1032
204,3389
204,3271
204,1489
203,3494
202,1669
201,1068
197,3495
501,2241
501,2787
528,2477
520,2833
503,2328
494,5959
486,6816
532,3581
528,2859
577,2734
552,2397
540,9123
523,7964
494,3716
458,2644
388,2006
349,2081
327,8171
381,3136
373,2101
367,8538
367,2541
388,4251
388,2335
388,6241
389,3273
387,2002
387,6070
387,3069
422,4126
420,5538
413,2517
420,1830
411,6066
407,3309
407,4175
436,2128
429,1592
414,1577
408,5861
401,3930
398,2221
394,5752
408,2929
392,1703
379,5470
369,3154
345,1836
323,5056
278,2938
240,1446
229,3883
215,3648
212,1853
207,1439
207,1449
207,1448
207,3598
207,3544
207,2359
204,1753
204,1747
204,3428
204,3421
204,1764
202,3405
201,2332
199,1418
194,3370
501,2792
499,3257
522,3357
513,3312
493,2435
490,6556
484,3530
532,5771
590,3728
566,7408
546,3808
537,6197
513,3274
482,6405
429,3302
375,1962
339,7582
382,3518
376,2008
367,1540
367,7203
367,3985
388,2244
388,2105
388,7173
387,3316
387,2135
387,4545
423,2549
421,4541
418,2207
422,7101
418,2872
409,3255
407,2325
407,1608
434,6915
426,3238
410,2136
407,1516
400,2085
398,1583
414,1376
401,6344
387,3907
377,1936
357,1972
338,1436
314,6809
266,3298
236,2420
219,1352
215,1200
210,3774
207,4056
207,1599
207,1069
207,3907
207,3639
207,1447
204,1030
204,3630
204,3639
204,2123
203,1468
201,894
200,4021
197,3502
194,1407
501,2323
529,2997
520,2420
507,2454
499,2772
489,2783
532,2585
531,10556
582,4639
563,2767
546,6319
535,3272
513,2439
477,2964
419,1946
366,1665
338,2045
382,6207
376,4125
367,2736
367,1536
388,1519
388,1453
388,1380
389,6302
387,3854
387,2069
387,1498
423,1590
422,6550
419,2975
422,2105
418,1348
411,1866
407,1396
442,1444
436,1996
429,1326
414,6338
410,4017
403,2142
398,1315
418,2005
408,5822
395,3326
383,3688
370,1800
352,3045
329,1884
293,4794
255,2427
230,3657
216,1320
212,943
209,3087
207,2127
207,1386
207,1315
207,3134
207,3564
207,1251
204,2007
204,2418
204,1933
204,1673
203,1877
202,1506
201,3282
199,2210
501,2459
536,3767
533,3035
522,7513
520,4698
500,2654
539,2565
600,3332
600,2756
592,2711
580,3177
557,2689
545,3347
522,11690
489,5012
458,2952
463,5069
412,2526
393,2196
381,2036
373,1494
388,1828
388,1480
388,1580
389,2420
389,1711
389,7348
457,4489
458,2549
458,1654
467,7478
463,3019
457,1867
455,1986
449,1517
474,7204
474,3785
471,2374
470,1518
460,6339
471,2850
464,1899
479,4642
479,2579
472,4720
454,2303
437,1680
424,6396
407,2757
384,1607
356,1667
300,1036
274,4824
259,2834
255,1368
249,4044
247,2448
247,2482
247,1460
247,1595
247,3632
247,2569
244,2402
244,3090
244,2629
244,1381
243,3414
239,1892
239,1334
562,2513
554,2949
554,2733
549,2879
547,7779
537,3806
565,3409
625,2969
616,2881
615,3432
617,3043
590,2782
570,3453
554,2700
530,11402
499,5142
549,4127
469,1987
419,2812
396,2001
391,10348
404,4521
398,2417
398,1871
399,7365
399,5662
399,3072
470,3729
468,2131
468,1759
477,1789
477,6499
473,3890
468,2316
465,1779
495,7270
483,3521
483,2313
487,3522
479,2351
501,4645
503,3116
495,1953
487,1721
488,1821
480,5745
461,4059
444,2314
430,1539
411,5859
387,3633
341,3512
293,3079
273,1827
259,1410
256,1369
251,1347
251,1494
251,1471
251,1497
251,1730
251,3853
248,3699
248,3514
248,3620
248,3539
247,2599
244,2747
243,2578
569,2609
558,3237
558,2961
559,2928
551,2744
587,14169
568,5096
626,4024
619,2875
616,3082
609,2917
590,3169
569,3001
552,12723
528,4896
491,3393
501,2223
431,2236
408,8422
392,3699
408,2353
399,7626
399,3851
400,4725
400,2972
400,2549
400,8660
469,3781
469,2462
469,4936
478,2984
475,2250
469,8453
466,3554
496,2478
484,4655
484,2439
488,1820
480,6954
470,3518
481,2274
496,6495
488,2758
488,3357
481,2335
462,2500
446,2392
432,2309
413,2438
388,2307
346,2171
300,6746
274,3776
260,2365
256,1707
251,1722
251,1763
251,1713
251,1734
251,1713
251,6059
248,5344
248,2726
248,1668
248,5751
248,3646
245,2960
243,1881
241,5141
560,2792
558,3485
558,3090
555,3274
546,3165
575,13641
631,5025
620,3879
619,2898
621,12013
598,4545
575,3514
564,7584
539,4079
508,9586
563,4358
476,5782
423,6339
404,3292
392,2355
405,9467
399,3492
399,2256
400,7275
400,3486
400,2209
471,1997
469,1940
469,8802
478,3855
478,2968
474,4560
469,2802
466,9303
496,3586
485,5395
484,2824
488,2228
480,2064
505,2232
485,2093
497,2189
488,2136
488,2022
482,2178
465,9030
450,3740
441,2910
418,1677
395,5290
372,4026
313,2266
280,6215
263,3397
259,3951
254,2363
251,1919
251,1903
251,1897
251,1893
251,5437
251,5906
248,2371
248,3649
248,3575
248,2720
247,2191
244,2217
243,5218
572,2681
558,3559
565,2763
562,3040
552,3572
594,8240
638,4108
628,6407
619,7380
627,4059
620,2896
595,2755
575,2808
557,2728
534,2710
591,2676
552,2424
464,2136
420,1987
418,2169
413,2345
405,7640
400,4973
400,2941
400,3739
400,2608
471,2409
471,2371
469,2363
478,2356
478,2265
478,2295
474,2093
468,2272
502,8847
496,4129
484,2772
491,4193
489,5528
513,5161
527,2697
506,1830
497,8101
490,3047
490,2077
483,6828
464,2646
450,1923
435,6174
417,3038
394,1743
357,1463
304,1307
275,4077
261,3902
257,2047
252,4185
253,2787
253,1722
253,4184
253,3598
253,5770
250,2872
250,5597
250,2547
250,5514
249,3589
246,3776
245,2308
567,2798
559,3157
566,3106
559,3140
602,2969
581,2848
633,2807
623,2918
620,2883
624,2922
608,2864
586,12317
568,5830
545,3782
519,2998
568,2600
479,2390
427,2319
405,2117
414,8145
406,5580
400,3169
401,1955
401,1793
401,6731
401,4177
472,2572
470,5100
479,3162
479,7568
479,3309
475,2281
469,7692
503,3664
493,2207
485,5003
492,2803
488,5031
513,3044
503,2222
505,1919
498,1895
490,6912
489,4361
480,2676
463,1714
448,6392
434,3189
415,2041
390,6034
348,2945
304,3543
276,1955
262,1872
258,4487
255,4483
254,4496
254,2104
254,1526
254,1532
254,1527
251,1825
251,1759
251,4318
251,4340
251,2188
249,2899
246,4378
245,2957
566,2769
560,3331
567,2928
560,3208
601,3269
652,3171
634,3097
623,2886
630,3298
625,3261
610,3192
588,10978
570,5800
553,3776
609,2803
578,2994
496,9727
432,3873
410,2457
415,1804
410,1847
401,6639
402,4982
402,2756
402,5017
473,3093
473,2253
471,7295
480,3640
480,2386
480,4901
478,3013
474,2168
504,7155
500,3616
488,2341
493,4674
493,4411
517,2366
534,1816
515,1820
502,1734
495,1738
492,1718
487,1743
473,1817
457,1826
446,1805
424,6083
406,5339
382,2463
329,1496
287,4535
272,2412
262,1577
259,3789
255,3596
255,1832
255,1484
255,1489
255,1488
255,1482
252,1453
252,1655
252,1676
252,1677
252,1665
250,1660
247,1667
578,2619
571,3404
568,2746
620,2775
610,7926
676,4405
651,3008
635,11722
633,4701
631,3506
626,3004
611,12110
588,4827
571,3435
644,2508
610,2526
579,10778
504,4216
455,2816
432,5734
416,5067
412,2690
403,7617
403,3677
403,4493
474,5277
474,2698
474,5248
481,3327
481,2324
481,7649
481,3674
515,4885
512,4414
505,2385
501,7496
496,3269
494,3932
526,2233
543,7248
535,3411
516,2098
505,1633
496,6875
493,3454
488,2330
474,1584
458,1589
447,1545
425,1506
407,1603
383,1693
326,5129
288,4737
273,2254
263,2824
261,2980
256,2784
256,2902
256,2804
256,5448
256,3126
256,1640
253,1589
253,1581
253,1583
253,3899
253,3825
250,1966
583,2846
585,3356
571,2790
621,3052
698,7486
687,4132
675,7826
657,4269
643,6376
633,7580
633,4128
626,2869
603,11167
674,4557
661,3172
631,2495
597,2467
560,10922
496,4290
445,2857
422,1854
418,1932
410,2142
404,1857
474,7761
475,5395
475,3159
484,2013
484,2248
481,2305
481,2281
481,2058
517,9697
513,7694
505,3785
511,2590
499,2028
526,7558
526,3100
546,5682
538,3044
522,2035
508,2162
500,2669
493,1820
491,7556
479,3979
464,2507
450,1728
435,7997
417,3368
391,1888
345,3991
299,3050
277,1707
264,5689
261,4000
256,3232
256,1888
256,1937
256,5154
256,3726
256,2992
253,2932
253,2203
253,2207
253,4315
253,2935
251,4333
583,2815
587,3498
572,2961
621,3156
700,3105
690,3299
677,3282
663,12209
645,4834
635,3624
633,8561
628,4725
612,3402
685,3602
666,3316
645,3396
617,3402
581,3212
526,2639
461,2408
433,2605
418,2181
413,8699
404,5486
475,3381
475,1979
475,2276
484,1912
484,7910
481,4230
481,2654
481,1868
517,1943
516,8755
512,3668
512,2437
511,3658
530,2503
553,4949
553,3332
545,2173
539,7297
520,3288
508,2040
500,4563
493,3069
491,2083
482,7187
465,3111
450,1882
436,1427
418,1452
395,7865
357,3011
307,1986
283,4358
267,2444
261,4180
258,2914
256,3774
256,5781
256,2441
256,3840
256,2807
253,1605
253,1611
253,5585
253,3554
253,3752
598,2773
590,3327
639,3009
624,2970
700,3112
698,7717
687,7608
685,4460
658,3812
644,2984
633,3427
633,14151
625,5454
694,3396
673,7957
652,4222
627,3288
612,2855
551,2598
480,2590
438,9133
419,4021
413,2968
404,6803
475,3143
475,2429
475,5660
484,3179
484,5877
481,2669
481,1881
517,8893
517,3717
513,2279
514,2357
512,8291
502,3497
526,2784
553,1646
546,1710
538,9179
519,3183
505,2899
496,4038
493,5834
488,2941
474,3950
456,2127
446,2092
423,7185
400,3319
374,2642
315,1375
282,5865
267,3165
261,1372
258,1072
256,1630
256,4048
256,3103
256,1967
256,1199
253,1167
253,4275
253,3591
253,1330
252,1171
249,3916
248,2991
583,3132
569,3360
621,3074
691,6640
682,4256
661,8385
648,4709
639,3588
632,3002
628,2791
612,12718
589,4414
664,3872
635,6534
609,3466
568,2419
480,6683
448,3019
423,4284
417,2877
410,1941
404,7233
404,3562
475,2119
475,1668
475,7152
481,3676
481,4792
481,2389
481,1695
479,2020
512,1751
505,7604
501,4433
496,2542
494,4915
526,4555
518,2284
533,1633
509,2179
500,1541
493,1423
493,2176
486,1450
466,7337
450,3973
436,2211
417,3639
392,1945
345,1467
292,5423
277,2789
263,1472
260,3399
256,2758
256,1702
256,1783
256,1536
256,1472
256,1838
253,1518
253,1427
253,2005
253,4795
252,3207
248,1936
247,1227
241,1195
239,1695
569,3037
611,3656
602,3317
648,3698
634,7655
623,3897
631,7889
624,4424
598,8022
577,4534
558,6511
535,7760
581,4436
505,2520
432,7755
410,3638
417,2155
409,1827
403,2405
404,1970
404,7844
404,4667
404,2544
475,1679
472,5398
472,2832
481,5289
479,4845
476,2441
469,1666
501,2553
488,1839
487,1653
485,1986
484,1708
474,7256
485,3684
500,2928
492,1533
491,1662
482,1563
465,2234
450,1647
435,6403
417,4453
390,2248
345,1346
292,3653
277,2271
263,1470
260,1922
255,4311
255,2630
255,1896
256,4200
256,2683
256,3063
253,1303
253,4254
253,2271
253,2671
252,1310
249,3907
248,2067
243,1293
239,3724
239,2858
237,2936
232,1647
535,2963
570,3400
626,3260
623,3660
618,7260
602,3783
588,3431
570,2922
545,2827
521,3405
484,2665
480,2157
427,2811
402,1952
396,1701
388,2407
403,7909
403,4968
403,2758
404,1907
404,6473
404,4127
471,2114
472,5465
472,3628
479,4324
476,2705
469,2148
466,6196
454,3128
487,2146
487,5302
479,3514
479,1871
460,5084
480,2927
471,1889
492,6458
487,3720
472,2127
456,1688
447,8070
425,3282
407,2070
383,3420
324,1498
288,1060
273,1170
263,4250
260,5800
255,2551
255,1558
255,1557
256,1559
256,3765
256,3803
253,1970
253,3644
253,2410
253,3658
253,2474
250,1502
248,1500
247,1512
241,1475
239,1460
239,1473
237,1509
232,3527
534,2506
567,2880
625,2646
623,2795
618,2843
611,9810
589,4417
573,3017
555,7535
532,3928
495,2802
510,2266
444,1937
412,1817
396,6795
391,5362
403,2876
403,2103
403,7235
404,3804
404,2446
404,7175
472,3593
472,2170
472,6455
481,3430
480,2090
477,8432
469,5153
468,2623
492,2333
487,3796
487,4807
489,2675
483,9185
500,5152
507,2708
500,2001
492,5836
491,3219
485,9335
466,2756
450,1792
437,6791
420,3136
397,1998
368,6936
309,3274
282,1815
267,1703
263,1718
258,1697
255,1822
256,1927
256,1999
256,2036
256,5354
256,5029
253,2676
253,1508
253,1378
253,3947
252,4039
249,2643
248,2235
243,2154
239,5388
239,5017
239,2201
608,2672
598,3111
642,2825
632,2736
623,2710
631,7140
624,3939
599,7685
579,4192
561,3182
538,12950
595,4625
557,3290
471,6138
424,3233
422,9347
417,3910
409,4636
404,5533
404,2507
404,5857
404,3531
475,5900
475,3226
472,5911
481,3470
481,2260
481,8596
477,3509
505,2329
505,1692
492,1703
487,1808
494,1907
488,1755
514,2021
518,1934
504,2028
496,8173
493,3873
489,2691
477,3750
458,2318
447,1668
425,7613
405,3110
380,2058
319,3362
286,1925
267,4640
263,2479
258,1367
255,1520
256,1500
256,1494
256,3931
256,3432
253,1757
253,3863
253,2252
253,2493
253,1986
250,1541
248,3727
246,3660
241,2488
239,1504
239,3911
234,2242
598,2563
641,3098
632,2752
623,2829
629,3235
617,3113
594,2938
577,11559
555,4435
532,3177
581,2258
505,9649
432,3928
412,2497
396,1779
412,1762
403,2054
403,8978
404,4312
404,2773
404,1974
474,8908
472,3433
472,2196
481,1756
481,8759
477,3768
469,2521
468,3759
492,2858
487,5938
487,3256
488,2025
480,8651
493,3408
480,2083
494,1640
492,8218
485,3492
470,2283
454,1554
445,5181
421,3705
397,1948
368,7053
307,2628
282,2733
264,2894
260,4548
255,2175
255,3632
255,2816
256,4095
256,1730
256,1478
253,3972
253,4076
253,2698
253,2640
252,1595
249,1736
248,1731
242,1584
239,1561
239,3828
237,3955
232,2514
224,1528
219,1519
557,2476
623,3252
617,2628
599,2603
582,2975
570,7466
544,4086
512,2987
480,2673
406,10636
424,4210
401,2671
396,1822
388,1844
382,1766
403,7436
403,4994
403,3052
404,1945
401,4989
401,3712
472,2563
472,2228
470,2223
476,7354
469,3770
466,2463
453,4825
452,2555
487,7039
477,3188
470,4822
459,4482
447,4015
469,2361
492,6746
485,3418
465,2041
450,1567
436,1540
418,1551
397,1594
350,1609
304,1699
277,1869
263,1733
260,1950
255,4246
255,4302
255,2320
255,1528
255,1471
256,1471
253,1443
253,1637
253,1836
253,2233
252,2232
249,2265
248,2242
243,2217
239,2213
239,2288
237,2175
232,2127
224,2018
219,2004
215,1967
214,1967
551,2450
599,3154
579,2583
564,6637
553,3554
522,6844
490,3648
421,6181
366,5302
350,4664
396,5101
391,4921
382,4351
382,2520
403,7231
403,3665
403,2335
404,4890
401,2903
401,2152
401,2145
472,2139
469,6518
466,4505
469,2710
464,1792
453,6907
452,3453
487,2210
479,1621
472,1618
460,1599
450,1535
442,1518
469,1602
487,1823
470,6384
455,4233
447,2532
425,1593
407,1449
383,5770
324,3405
288,1773
273,1313
263,1200
260,3712
255,3469
255,2335
255,1895
255,3844
256,2558
256,1613
253,1546
253,3684
253,3904
253,1896
253,3659
250,2218
248,3686
247,1849
241,1254
239,3599
239,3663
235,1887
232,1248
223,1223
219,3598
215,3513
623,2449
617,2727
599,2652
585,2783
570,2547
545,2507
522,2503
487,2454
414,2066
430,1910
410,1783
396,7697
391,5416
382,2746
403,2030
403,1854
403,7290
404,4748
404,2886
401,1808
472,1649
472,7175
472,3877
478,4700
475,2376
469,4858
464,2900
453,4673
487,2626
487,2081
479,7019
479,3348
460,1993
480,4427
471,2501
492,4479
487,2645
469,6358
455,3151
447,1862
424,1419
404,5945
380,3942
319,1941
287,1185
273,4101
263,3228
258,1572
255,1291
255,1286
255,1307
256,1288
256,3855
256,3717
253,1805
253,1231
253,3534
253,3582
252,1803
249,3482
248,2349
246,1432
239,1371
239,1360
239,1367
234,1380
228,1331
221,1321
217,1490
623,2375
622,2885
615,2663
597,2701
576,2859
560,10139
538,4548
507,3076
455,5976
461,2937
419,8272
397,3580
393,2253
407,6679
403,3882
403,2450
404,7448
404,3548
404,5716
401,4106
472,2186
472,8072
472,4450
479,2297
476,2068
469,1843
466,1635
489,2192
487,7940
487,4285
479,2603
479,1703
460,7746
480,2968
494,3750
492,4889
485,2925
470,1600
454,7425
445,3525
421,1911
399,1273
376,1467
316,1140
284,1030
267,1060
263,893
258,960
255,1072
255,992
255,4674
256,4154
256,1746
256,1546
253,1323
253,1192
253,1621
253,1308
252,4489
248,4468
247,1652
242,2816
239,2435
239,1680
237,1585
232,1776
224,3342
219,3389
215,1806
623,2793
617,3470
608,3214
586,3261
570,6085
545,7866
522,4370
487,2576
485,2161
430,9568
408,4133
396,5440
391,3135
403,5405
403,5294
403,3124
404,1911
404,1728
404,2229
471,1719
472,1744
472,2467
481,8001
477,4733
471,2629
469,1785
460,1706
487,8085
487,3994
483,2633
484,1674
473,1776
484,1918
477,1558
492,1447
490,1984
481,1526
465,7427
450,4377
436,2296
417,1669
392,2047
349,1211
299,5713
277,3394
264,2796
260,1459
255,1624
255,1493
255,6112
256,3474
256,1908
256,3968
253,2317
253,1665
253,1388
253,1391
253,1373
251,4983
248,2576
247,2576
241,2643
239,3756
239,2526
235,3817
232,1925
223,3742
219,2495
215,1468
623,2664
617,3151
602,3101
581,2908
570,2992
544,11287
517,5274
484,3510
480,2224
428,2282
408,2144
396,2113
388,2245
403,1923
403,8272
403,5078
404,3108
404,2112
404,2062
472,1890
472,7279
472,4897
481,3003
477,1934
471,2172
469,7032
463,4281
487,4977
487,2615
484,1841
484,7720
474,3833
485,2410
500,1691
492,7199
492,3501
494,2104
474,5067
457,3012
444,2015
425,8086
400,3173
370,1718
311,5019
283,2783
268,2995
264,1805
259,4426
256,2900
256,4381
257,2110
257,1471
257,1477
257,1509
254,1435
254,1446
255,1549
255,4198
254,4325
251,2160
250,1712
245,4229
241,4082
241,1685
241,1505
236,4017
230,4005
223,2045
219,1553
624,2699
623,3066
625,2806
599,2813
580,2830
565,3072
538,5820
508,3385
558,8745
475,3908
424,2305
401,5699
417,3412
409,2563
403,8054
404,4092
404,2635
404,1887
404,8023
475,3976
472,2336
472,5374
481,3106
481,5310
477,3204
471,5321
505,2717
498,2066
487,2139
494,2015
491,2030
484,6801
506,4746
508,2960
500,1848
492,1615
501,7319
494,3952
475,2429
460,4766
444,4497
425,2303
400,1748
376,7566
317,2886
285,1737
268,1223
264,1330
259,1330
256,1107
257,1348
257,1834
257,2012
257,2028
257,2119
254,1934
255,1910
255,1925
255,1919
254,1915
251,1909
250,4022
248,4039
241,1962
241,2572
241,2640
236,1911
230,1884
223,1932
634,2815
633,3317
633,3036
625,7987
602,4332
581,2780
569,2696
632,11537
598,5083
561,3341
477,2396
427,8453
426,4034
417,2476
409,1987
404,8177
404,4728
404,2830
474,2040
475,2073
475,1977
481,7454
481,4501
481,2737
481,6741
477,3172
508,2185
505,2111
499,1912
495,7265
494,4742
524,2874
516,1875
533,2004
513,8726
501,4327
503,3240
501,2036
494,1755
478,7309
461,4193
451,2645
427,1829
403,7393
380,3304
319,1714
287,3698
272,3757
264,1975
260,1388
257,5358
257,3111
257,1612
257,5342
257,2444
257,3580
255,2164
255,4705
255,2569
255,3187
254,4728
251,3191
250,3095
248,4532
241,3143
241,1719
241,4711
236,3194
233,1598
649,3275
644,3258
633,3449
634,3865
626,3630
602,3821
580,3208
662,3801
631,3128
596,3074
560,3360
496,2428
445,8949
422,4674
418,2856
410,4342
404,5057
404,2621
475,2046
475,8372
475,4034
484,5443
481,3190
481,1876
481,8766
481,4123
513,2640
505,5372
504,3290
499,7656
494,3609
526,4462
545,5721
538,3307
519,4431
515,2438
508,5804
501,3080
499,5400
485,3153
469,1954
454,1593
440,7998
419,3744
391,2306
344,3404
293,1495
278,1261
264,1662
262,1120
257,1092
257,4584
257,4428
257,1677
257,1422
258,1234
255,4552
255,3711
255,1687
255,4505
255,2407
252,1383
250,4469
249,2833
243,1374
241,1510
241,4141
237,3389
234,2149
650,2811
645,3139
634,3686
634,3548
628,3012
604,3521
584,2963
665,2936
635,3601
609,3000
569,2880
503,11130
451,4130
429,2521
418,2559
413,1831
404,7738
404,3553
475,3760
475,3687
484,3798
484,3085
481,3192
481,3161
481,3077
517,8831
514,3523
509,2370
512,1731
506,2015
527,1946
526,2150
552,2057
543,8436
535,4323
523,3474
512,3404
503,2292
501,1780
496,1768
481,2273
463,7228
453,3376
430,2834
411,3266
387,1883
333,6396
289,2457
279,1377
265,1134
262,4265
257,3300
257,1544
257,1213
257,1201
258,1363
258,1315
255,1167
255,4080
255,4161
255,4617
255,2738
253,1339
250,4510
249,2194
244,4205
241,2342
241,1196
239,1240
692,3775
677,4443
652,3738
643,4265
634,9938
633,5168
726,4268
694,3873
672,3505
653,4094
627,12179
618,5079
567,3926
485,5436
443,3049
423,2650
415,2180
480,2060
475,9160
475,4260
484,3240
484,5174
484,2866
481,4654
481,3261
517,6718
517,4014
515,2315
519,1979
512,2360
541,9683
607,4194
605,2696
603,2241
604,7826
594,3169
570,2166
556,7288
548,3580
546,2181
580,1816
557,2393
542,7672
524,3544
501,3064
474,3864
422,4854
361,2575
328,1417
310,5146
304,2675
299,2341
299,1515
299,1485
300,1340
300,5026
300,3343
297,1667
297,4725
297,2224
297,1268
296,1542
292,1149
291,4090
284,4224
281,1628
281,2875
275,2520
269,2730
671,3701
659,4258
651,3569
648,4074
630,3731
606,9311
682,5183
648,3397
621,8826
572,4735
503,6368
448,6591
427,3668
419,5050
410,5986
410,3681
410,2072
481,1946
481,2703
481,1962
487,9967
487,4166
487,3557
485,2342
517,2095
511,9290
505,3822
493,2910
500,5129
496,5900
519,3100
572,2065
555,2684
545,2109
551,7869
545,4103
524,2349
505,1665
494,2353
468,6834
476,3560
425,2468
360,1307
327,5613
309,2736
304,1471
299,1370
299,4826
300,2969
300,1548
300,4808
300,2443
297,3515
297,1866
298,3537
298,3581
296,1900
293,3710
289,2440
284,2145
282,3530
280,1648
275,2939
262,2840
258,2823
253,2798
251,2133
248,1678
241,4031
599,2940
587,3450
556,3142
523,3134
486,2953
482,2623
430,2225
408,8670
401,4414
392,2668
409,9270
409,4352
409,2726
410,6264
410,3455
407,6162
477,3712
478,2452
478,2204
484,2207
479,2213
475,2183
470,9182
458,5353
493,3311
490,2328
481,9001
478,3860
459,2548
481,7827
474,3468
539,2307
522,6086
503,3366
497,9086
483,3324
452,2031
426,7696
363,3224
313,1656
320,1373
309,1318
304,4924
299,4715
299,2277
299,1634
299,1637
300,1627
300,1642
297,1613
297,1605
297,4643
297,4641
296,2230
293,1606
292,1609
285,1592
282,1579
282,1785
278,1790
273,2084
261,2050
256,4473
252,4501
251,2266
248,1547
241,4373
233,4221
228,2075
555,2832
523,3112
488,2867
411,2498
370,2330
408,2142
401,2142
394,8477
388,4629
388,5587
409,5207
409,2864
409,2259
410,9367
407,4537
407,3115
478,4680
478,2858
474,9006
477,4273
475,2841
464,2346
458,9224
458,4310
488,2980
480,2052
466,2232
459,2193
451,2326
474,2194
539,1990
527,9879
509,4408
501,3129
484,5001
464,2831
431,1741
378,8281
327,3408
326,4040
309,1846
304,1445
299,1455
299,6391
299,5356
299,2404
299,4073
300,2219
297,4876
297,3140
297,1666
297,5670
297,3490
296,3561
293,2128
290,4687
284,2493
282,3376
282,5026
278,2036
271,5394
261,2897
256,1556
252,5025
251,2860
248,1545
243,4972
235,2720
228,4181
570,3039
538,3781
504,3117
436,2723
374,8368
419,4251
401,2637
397,7632
388,5160
409,3191
409,2598
409,2605
410,9916
410,4824
407,3161
407,5322
478,3742
478,7455
475,4225
478,2855
475,10802
470,4275
458,2888
493,6494
491,3538
481,6882
479,3660
460,9524
452,4212
493,2705
560,2271
552,2311
529,9017
519,4270
505,3188
484,4176
455,2737
408,8819
350,3389
346,2154
325,4060
321,6150
316,2469
314,1978
329,6972
329,4691
329,2599
330,1783
327,6623
327,4369
327,2122
327,1455
325,1665
324,1591
321,1493
318,1626
312,1885
310,2091
310,2132
304,2148
299,2306
287,2186
282,2039
278,2129
277,2000
274,1818
266,1989
256,5441
251,4454
567,3042
534,4011
497,3015
421,6945
443,7397
419,6648
411,3669
404,9045
398,4314
419,2573
419,11125
419,4450
420,3147
420,2312
417,11067
488,4359
488,2195
488,7710
492,4015
485,2989
484,2656
473,11119
467,4294
502,3188
497,5564
489,3123
482,9064
468,3882
507,5094
501,5985
566,3242
555,2487
535,2231
526,2132
509,8702
488,4000
453,2889
402,1664
353,1599
348,6656
331,5228
325,4236
320,2065
335,1461
335,6846
335,4403
336,1913
336,4572
333,3194
333,3942
333,3192
333,2109
332,5654
330,3769
326,1899
322,6377
317,3753
315,3270
315,1982
311,6506
304,3329
294,3731
287,5386
283,2271
281,1413
277,5161
272,3949
263,2011
256,5026
586,3010
551,3456
517,3081
448,2669
454,2468
432,6201
414,3093
410,11330
422,4319
422,2951
422,2304
423,9884
423,4316
423,2815
420,2217
491,11112
491,4447
491,3114
498,2272
493,2477
487,11105
484,4524
507,3559
504,2225
504,2541
497,10808
494,4566
477,3518
514,2115
573,10284
571,3628
566,2628
560,6824
539,3458
522,5936
508,3175
477,6389
447,3721
420,5560
362,2653
345,1774
331,1419
326,1625
336,6206
336,5797
336,2643
337,1738
337,1553
337,1789
334,1549
334,1533
334,1512
335,1874
334,5765
331,5097
327,2307
323,1529
318,1531
316,1464
316,1476
312,1524
307,1604
295,1558
288,1678
283,1520
281,1757
277,4068
272,3970
263,2193
604,3021
585,3753
546,3032
601,2950
514,2736
450,6101
431,3196
413,2398
430,2241
422,2289
422,9764
423,6005
423,3682
423,5993
493,3316
491,2336
491,9635
500,4422
500,2963
497,7791
489,3748
487,2422
517,9516
504,4258
504,2883
509,2191
498,2271
541,9403
520,4667
579,3046
571,2150
571,2129
571,8773
549,4232
530,2792
513,1841
491,6959
462,3719
452,2281
384,1410
352,1307
335,5339
343,4705
338,2054
336,3360
337,2045
337,1788
337,4950
337,3351
337,1703
334,1432
334,1445
335,4929
334,5918
332,2865
327,1958
325,1894
318,6321
316,4267
316,2590
312,6246
307,2943
295,3943
288,4043
283,2395
281,5858
277,2838
272,5886
263,3032
604,3052
585,3702
547,3641
601,3330
522,3100
452,2738
431,2405
413,8207
430,3171
422,8706
422,5044
423,6032
423,3295
423,2345
494,2775
491,10058
491,4514
500,3600
500,2311
498,2704
492,11413
487,4529
519,3034
507,2307
504,2504
511,2767
500,2701
545,11132
595,4170
582,2637
572,6326
580,3571
574,6835
557,3708
537,6986
521,3732
498,9304
513,4356
476,1930
408,3242
358,3313
342,3664
346,3468
341,1780
336,1492
337,4893
337,4660
337,2079
337,4912
337,2372
334,1687
335,1677
335,1693
335,1675
333,4960
329,6333
327,2931
322,3299
317,2848
316,1663
314,1785
309,1841
304,1738
290,1924
285,1568
281,1678
281,5380
276,6348
267,3015
609,3061
590,3459
563,3087
617,3187
554,8018
478,3895
439,2812
435,2490
432,2983
425,10325
423,5044
423,3673
423,5460
423,6496
494,3673
491,2582
491,10904
500,6545
500,3475
498,2953
493,6002
523,3306
519,2559
507,2530
504,10705
511,4649
500,3240
545,2171
595,9740
582,3571
572,2319
580,2006
572,2208
552,9697
531,4242
519,3153
495,1947
502,1981
465,8525
395,3388
354,2063
335,3729
346,2418
339,2200
336,6280
337,3897
337,2144
337,4078
337,2892
337,4195
334,2336
335,6179
335,3722
334,2102
332,5575
327,3777
325,3549
318,3978
316,2409
316,3377
312,2875
305,5941
295,2459
288,5342
283,2666
281,5789
277,2194
270,5827
262,3165
603,3205
571,3917
633,3270
588,3520
501,7915
448,3845
427,2840
434,2943
430,10364
422,4917
423,3429
423,2305
423,2764
493,10063
494,5067
491,3647
500,5354
500,3200
500,10417
495,4070
489,2840
523,7499
517,4356
504,6080
511,3326
509,2558
550,10725
541,4481
589,3338
579,2142
571,8964
579,3641
571,2594
549,2020
530,9419
513,3782
491,2547
499,1839
458,8268
384,3240
352,4335
350,3433
346,2160
339,6337
337,3389
337,3330
337,6182
337,2870
337,1605
337,1447
334,6040
335,4938
335,3772
335,1970
332,1511
327,5728
325,4138
318,2166
316,5791
316,2815
312,1821
307,1672
296,1772
290,5687
284,4581
281,3119
279,1599
273,1571
265,5175
609,3133
587,3327
648,3210
608,3036
530,7100
463,3517
431,6517
434,3430
430,2624
422,2568
423,8588
423,4968
423,5956
494,3291
494,2319
491,8575
500,4403
500,2900
500,2190
497,10507
492,4075
523,2752
517,2184
506,2315
511,2276
509,2278
550,2256
616,2274
590,10096
579,4648
580,3023
580,2289
571,4618
549,2992
528,8312
513,3414
529,2165
498,8609
446,3274
382,1838
352,1354
347,1267
343,1269
338,6267
337,5388
337,2442
337,4147
337,2317
337,5159
334,3097
335,2024
335,1537
335,6041
333,3314
331,2013
327,4895
323,2879
317,3264
316,4779
316,2277
310,4757
305,2433
293,1654
288,1679
283,5332
281,5417
276,2019
269,1457
260,1351
600,3087
566,3727
621,3153
576,3118
491,7120
442,3596
441,7172
434,3940
427,2686
423,11425
423,4769
423,3379
423,6990
494,3902
494,7448
491,3893
500,2983
500,11337
499,4234
493,3030
523,2442
522,2465
509,2413
511,2427
511,11019
504,4996
546,3375
599,2329
583,2671
573,2726
580,2399
574,2338
557,2290
537,2267
521,2227
498,2207
511,9742
472,5169
399,2452
358,1730
355,1541
346,6115
339,4189
337,2224
337,1813
337,1892
337,1664
337,1861
337,2120
334,1936
335,1956
335,6576
335,6288
332,2917
329,1853
327,1442
319,1483
316,5330
316,5621
312,2827
309,1650
296,1706
290,6147
285,5243
281,2366
279,3807
273,2760
265,5847
257,3319
587,3101
648,3950
608,3099
534,8273
467,4150
433,2840
434,3030
430,2895
422,2663
423,10215
423,6195
423,4029
494,2627
494,2939
491,2497
500,2520
500,2491
500,2493
498,11173
493,5721
523,3451
519,2607
507,2474
511,9718
511,4502
552,3103
545,2208
595,2733
582,9324
572,4318
580,3038
574,2127
552,2344
533,8764
520,4218
536,3154
508,4411
471,2699
399,8202
357,3127
355,1843
346,6697
339,3965
337,2329
337,4632
337,3554
337,6817
337,3441
337,3470
335,6692
335,2929
335,6790
335,3291
332,4389
329,5805
327,2731
321,1818
316,1946
316,6534
314,5501
309,4369
301,2175
290,1432
285,1555
281,1359
281,1423
276,1953
267,2231
257,5976
590,3149
652,4009
617,3151
554,3180
478,2709
460,11435
435,4476
432,3125
426,2317
423,11785
423,4807
423,3375
494,6709
494,3713
491,6996
500,6653
500,3677
500,2583
498,10722
529,4736
523,3259
519,6522
507,3621
511,2493
511,10360
552,4515
619,3186
595,4973
582,2915
581,2286
580,2367
572,2313
552,9332
531,4602
519,3011
534,2181
502,1901
465,1798
395,1650
354,1416
350,1416
346,1549
339,5460
337,5257
337,2469
337,1561
337,1563
337,5274
337,5135
335,2542
335,4182
335,3148
334,2124
331,6175
327,3974
323,2111
317,4152
316,3024
316,2465
310,2501
305,6026
294,3524
288,1980
283,5733
281,3517
277,1937
269,5373
260,3365
254,3391
657,3056
622,3542
579,2988
493,2670
442,2535
441,2656
434,11502
427,4944
423,3614
423,2362
423,9864
493,4775
494,3147
494,2323
500,2494
500,11067
500,4662
499,3358
495,6035
523,3298
522,7444
509,4050
511,2841
511,9647
556,4259
546,2832
599,5056
583,2947
573,10179
580,3789
574,2657
557,6384
537,3381
521,6560
498,3301
511,2483
472,9078
399,3260
357,6724
355,5262
346,2890
339,3899
337,2030
337,5928
337,3477
337,3497
337,2028
337,1753
334,1692
335,1678
335,5826
335,5256
332,2410
329,1760
327,6499
319,5866
316,3812
316,2109
313,1606
309,1538
300,1570
290,1615
285,1795
281,1962
279,2120
275,2067
267,2363
257,5868
249,5765
650,3029
617,3612
551,3076
478,6889
439,3416
435,6437
432,3490
425,2684
423,11264
423,4617
423,3132
494,2427
494,11315
491,4198
500,2983
500,7490
500,3986
499,8783
493,4133
523,5836
520,6812
507,3633
511,2580
511,11018
552,4288
620,2951
597,4950
583,3031
582,2291
580,2210
574,2298
555,2182
534,2133
521,2214
537,2136
511,2221
471,9224
399,4179
357,2836
355,1605
346,4630
339,4508
337,2302
337,4533
337,4330
337,2804
337,2244
337,1968
335,6470
335,4041
335,1988
335,4117
332,3239
327,4274
325,2575
318,1787
316,6380
316,3243
312,2026
307,6395
295,3427
288,3119
283,3792
281,2297
277,1668
270,5901
261,4119
255,2871
241,3512
629,2955
585,3691
496,2730
445,2567
442,2415
434,2643
427,2602
423,10220
423,5506
423,3819
423,6078
494,3371
494,7779
491,4108
500,2984
500,7686
499,4125
495,6915
523,3761
522,2730
509,11053
511,4212
511,3057
504,5287
546,3203
597,9178
582,3479
572,2376
580,8915
574,3455
552,5398
531,2859
519,5962
495,5492
502,2860
465,2163
394,1693
354,7053
335,3652
346,2233
338,1513
336,6526
337,3401
337,3617
337,2343
337,6313
334,3038
334,3101
335,3746
335,2104
333,1720
330,6374
327,3890
323,1981
317,1432
316,5855
316,3651
309,3658
304,2048
290,1631
285,1430
281,5814
281,4785
275,3274
267,1850
257,1080
249,4327
237,4443
222,2280
537,2513
467,2792
433,2253
413,2377
430,6076
422,3189
422,2311
423,8890
423,5190
423,3274
493,5961
491,3218
491,2339
500,2338
500,2341
497,2331
489,2323
487,2325
517,2324
504,2280
504,2295
509,2286
498,2264
541,2250
519,2159
578,2169
571,8021
570,4906
570,3169
548,5349
527,2832
511,2113
488,2159
459,2071
436,1691
381,6582
348,5035
332,4154
341,3753
336,2079
336,1895
337,5743
337,3998
337,2172
337,5845
334,3111
334,4262
334,2428
335,1600
333,5500
330,4075
327,1819
323,5596
317,3404
316,3794
316,2406
310,5480
305,2722
293,1826
288,5303
283,3630
281,3698
277,3746
269,2213
261,4856
255,2974
241,4367
229,3069
213,3734
496,2408
446,2565
427,2196
434,2204
427,2246
422,8820
423,4348
423,2786
423,6634
423,4570
494,5186
491,3126
491,2523
500,9556
500,4839
495,3488
489,5159
487,3067
517,9529
504,3811
504,2680
509,7072
498,4234
541,5880
590,3173
579,6865
571,3841
580,2499
571,2275
549,2213
530,8696
518,4503
492,3073
500,4537
462,5464
394,4512
354,3814
335,5427
346,2430
339,5774
336,4326
337,3883
337,2040
337,5763
337,3483
337,2130
334,1654
335,1526
335,1837
335,1763
332,1533
329,1844
327,2198
319,1886
316,2219
316,2042
313,2049
309,2040
300,1986
290,2014
285,1886
281,1780
279,1788
275,5048
267,4550
257,2258
249,4351
237,2145
226,1392
548,2586
476,2650
435,2361
435,2102
430,2192
422,2071
423,8474
423,4417
423,5965
423,3842
494,2684
491,2856
491,2515
500,7259
500,5662
497,3554
492,2530
523,2317
517,2311
506,2314
511,2271
509,2323
550,9329
541,4665
588,3148
578,2158
571,2162
579,2228
570,8890
548,3896
527,2748
510,1888
488,2074
489,2165
427,8104
371,3801
345,2426
346,2661
341,1770
336,6390
337,3184
337,2133
337,4262
337,2485
337,2238
334,1991
334,5767
335,3687
335,1891
332,4031
329,3206
327,4132
322,4414
316,2369
316,3912
314,4042
309,2387
300,6151
290,3152
285,3745
281,2250
279,1915
273,4841
265,3326
257,5493
249,2183
237,4921
219,2943
195,1576
458,2218
431,2678
413,2300
430,6548
422,3285
422,2386
423,9341
423,4720
423,2944
494,7423
491,4054
491,5497
500,3220
500,8781
495,4109
488,2723
487,2309
513,9723
504,4112
504,2991
505,6564
497,6122
535,3309
587,6448
577,3376
571,5416
577,2968
560,8713
539,3424
524,2119
508,1850
476,2110
483,2060
412,1730
358,1478
342,1503
331,5709
341,5065
336,2328
336,4890
337,2144
337,1641
337,1629
337,1634
334,1670
334,1587
335,1717
335,5409
332,5085
329,2581
327,1613
318,1363
316,1425
316,1455
312,1439
307,1707
295,4811
288,4633
283,2389
281,1683
277,1698
272,4482
263,3949
255,2050
247,2859
232,2839
215,2755
184,2547
164,2360
427,2048
413,2708
427,2122
422,2083
422,2152
423,2113
423,2126
423,2125
423,8778
491,6488
491,3606
491,2432
500,2302
495,2366
488,2163
487,2143
511,2127
504,2243
504,8434
498,5344
496,3311
481,2296
516,6145
577,3682
571,2378
566,6092
560,3918
539,2500
523,2203
508,2159
476,7400
447,4999
413,2885
358,1576
342,1396
331,1528
326,1307
336,6318
336,5417
336,2875
337,4396
337,2603
337,1817
334,1708
334,5157
334,4958
335,2475
332,3943
329,3570
327,3926
319,4774
316,3550
316,3758
312,4750
307,3449
296,3589
290,4553
284,3341
281,3537
279,4508
272,2102
263,1438
255,4148
249,4029
232,1967
218,4025
187,2580
164,1491
158,1419
413,1899
409,2317
422,1967
422,1983
422,5493
423,2867
423,8606
423,3929
490,5049
491,6042
491,3342
500,6596
495,3525
488,2516
487,2230
478,2322
504,2380
504,2200
498,2182
497,9096
483,4750
518,3187
509,5182
571,6091
568,3322
553,2271
545,2026
527,2318
509,2077
485,1905
449,1955
394,1733
364,6437
345,5577
331,2634
326,1703
336,1518
336,5434
336,4698
337,3813
337,1953
337,1511
334,1454
334,5894
334,4304
334,2226
332,6060
329,2702
327,2939
322,1952
316,1977
316,5948
314,3797
309,1932
301,3701
290,2741
285,4903
281,2522
279,1753
273,5373
266,3230
257,1778
249,3513
237,3388
220,4281
197,2127
167,3965
160,2658
152,2642
409,2010
401,2673
422,2031
422,5903
422,3082
423,2651
423,2456
420,2447
491,2464
491,9841
491,5172
497,3407
492,5927
487,3231
482,2578
471,9377
504,3969
504,6024
491,3179
491,2456
474,10264
512,3893
571,2740
571,4816
562,2860
550,8829
530,3502
518,5144
492,2579
462,6021
429,3285
385,4983
352,2375
335,4450
331,3116
323,2041
336,5711
336,3672
336,3968
337,3837
337,2094
337,1802
334,1501
334,5401
334,4191
334,2237
332,1741
327,1680
325,5804
318,3763
316,3672
316,1920
312,1635
307,1608
295,1487
288,1415
283,1528
281,5051
277,5423
272,2236
263,1533
255,1522
249,1458
232,1393
218,1513
187,1658
164,1427
160,3063
152,3176
409,1931
422,2462
422,2223
422,2127
423,4801
423,5982
423,2968
420,2219
491,9506
491,4634
491,3160
497,2193
492,2540
487,2339
482,2323
506,9385
504,4927
504,3406
500,2206
493,2381
475,2629
513,8959
572,4765
571,3220
563,5146
552,5898
531,3151
520,2217
496,9141
466,3589
435,2269
399,1536
356,1612
340,5944
331,5766
324,2509
336,1470
336,1470
336,1491
337,4618
337,4653
337,2447
334,1650
334,1654
334,4969
335,5316
332,2329
329,4044
327,2272
322,5906
316,3312
316,1887
314,5285
309,3250
301,1646
290,5097
285,3313
281,3082
281,1963
276,4923
267,2526
258,1488
254,4304
238,3226
226,2809
212,1632
182,3727
163,3409
154,3391
413,1994
427,2232
422,2136
422,2177
423,2125
423,2211
423,8692
494,6161
491,3515
491,2453
500,6513
499,3946
495,2546
487,2189
486,8488
510,4957
504,3087
504,4679
504,2770
496,9147
529,3856
514,2578
576,5945
571,3046
566,8385
560,3441
539,2189
525,8094
508,3315
482,2081
449,7478
420,3387
362,3975
345,3573
331,3537
341,2083
336,4947
336,2901
337,3351
337,4949
337,2276
337,1478
334,4778
334,3207
334,1639
335,1434
333,1413
330,1389
327,1379
322,1364
317,1519
316,1695
316,1705
309,1942
304,1962
292,1894
286,1862
283,1853
281,1849
276,1848
268,1841
260,1764
254,1779
239,1716
226,3858
212,3776
182,2177
163,1491
154,1375
434,2048
427,2498
422,2250
423,2129
423,2193
423,4867
423,2992
494,10491
491,4054
491,2777
500,2223
499,2384
495,9006
487,4728
522,3268
510,2277
504,2695
504,2616
504,2362
496,2311
529,9311
583,5316
573,3133
571,5547
575,3065
560,2154
538,2539
523,2181
507,7604
475,4598
480,2867
412,1809
358,1445
342,5876
331,4760
341,3647
336,1835
336,1409
337,5294
337,3619
337,1907
337,5317
334,2855
334,3584
343,2104
343,3512
340,2616
337,2128
335,2127
338,5085
332,3238
332,3412
330,3431
324,2086
315,4864
304,2549
299,1652
295,4759
295,3249
290,4383
281,3202
269,3081
259,4502
248,2265
233,1515
207,1417
180,1270
164,1235
154,2875
433,2115
426,2719
423,2150
424,2206
424,2329
424,2262
494,8340
492,4335
492,2895
501,11712
501,4229
500,3410
494,5686
488,3371
521,2806
508,11576
505,4009
512,3339
505,5520
547,6449
528,3484
584,3093
574,10796
572,3776
575,3065
558,6126
539,3245
523,8325
507,3711
475,5127
476,5891
411,5107
358,2623
342,1932
346,1930
341,1908
336,1868
337,1968
337,1984
337,2269
337,2275
337,2430
334,2388
334,2229
343,2363
343,2365
341,7066
337,3982
343,2258
338,1438
333,1769
332,1788
332,1788
324,1769
318,1912
306,6667
300,4765
297,4285
295,2273
290,4386
283,3098
273,2433
264,2397
250,2489
235,5596
217,5138
187,2078
166,3245
159,3130
435,2107
428,2878
423,2276
424,2245
424,2379
424,2417
495,2332
495,10953
492,5293
501,3411
501,3002
501,2650
496,2591
490,2767
524,2731
518,11226
507,4693
512,3315
510,2327
551,9818
617,3799
595,2669
582,7937
582,3849
581,2647
573,2510
554,2433
533,2450
522,9564
537,4078
510,3313
471,1867
399,6125
358,3369
355,2448
346,2249
341,1955
337,6081
337,4060
337,2149
337,1571
337,6941
337,3642
343,1572
343,1670
343,1313
343,1834
341,6488
345,5837
343,3005
338,4429
332,2601
332,1920
330,6479
324,3931
315,3985
304,2084
299,1509
295,1527
295,1763
289,5410
281,4459
269,2158
259,1508
247,1523
228,1445
203,1565
172,1638
162,1515
435,2245
431,2804
424,2269
424,2219
424,2498
424,5093
495,3070
495,9764
492,4305
501,5852
501,3194
501,9256
496,4211
526,2803
524,9258
518,4165
505,2740
512,9060
509,4054
551,2692
607,8926
588,3808
578,2504
581,6546
578,3663
562,2352
542,2081
526,2076
509,2085
514,8933
480,4758
411,2945
358,4633
340,4249
346,3928
339,2305
336,2058
337,2030
337,1997
337,2142
337,5961
337,4262
334,2288
343,1697
343,1676
342,5276
340,4956
335,2280
339,5848
334,5573
332,2521
332,4060
326,2523
319,1643
307,1497
302,1911
297,5049
295,3980
290,2439
283,3752
273,2227
264,5106
249,2465
233,2485
215,2173
181,3643
164,2295
156,3452
152,1615
426,4616
423,3588
424,3309
424,3104
424,3350
494,2657
495,3071
492,2800
501,2689
501,2741
500,2695
496,2740
488,2692
523,2917
510,2887
505,3028
512,3137
501,3188
546,3409
526,2943
583,2963
573,3048
572,2732
572,2708
550,4199
529,2740
513,2863
489,2825
452,2491
466,2405
400,2094
379,1869
367,1800
375,1686
371,1759
371,2002
372,1797
372,3410
372,1567
369,1537
404,1723
404,1959
404,1796
410,1716
405,2078
401,1748
392,1543
396,1710
396,1482
390,1527
382,2291
364,2152
356,2285
351,1514
347,1397
338,1618
325,1689
316,1299
298,1282
278,1415
243,1113
206,954
194,1155
186,1178
181,1636
178,1081
178,1386
178,1685
178,838
438,5120
435,4470
436,2873
436,3666
434,3170
500,3004
494,4078
489,4382
486,4786
484,5277
482,4612
473,4049
466,4705
476,4178
467,4474
461,4263
467,4249
458,3905
487,4362
529,4374
514,4386
492,3842
460,4886
402,2646
345,2289
329,6309
315,6066
311,3147
361,3557
361,4515
361,2369
361,1690
361,1684
376,1822
373,1946
373,1955
374,2057
374,1903
372,1950
404,2001
399,1843
395,1923
395,1955
393,6618
393,3913
387,2262
381,5274
375,5171
364,3003
358,1793
355,1380
351,4815
342,4745
332,2047
322,1464
311,4561
295,3541
278,1772
247,4376
209,2564
198,1562
188,3508
185,3380
179,1356
179,883
179,771
179,825
179,900
179,1026
439,2994
437,3270
437,2731
437,6415
437,4127
503,2820
496,2597
495,2598
495,2595
485,2603
485,2662
483,10922
507,6235
498,3811
478,2846
475,2383
469,2434
469,2605
511,2765
556,2821
536,2712
525,3461
510,3853
484,3473
450,3209
386,2996
344,2711
327,2096
373,2322
368,3538
361,3483
361,3450
376,2761
376,2305
376,2330
377,2300
374,5582
374,3786
374,2085
409,1620
408,1617
406,5596
408,3953
406,2119
398,1606
393,1588
393,1605
398,5492
393,5103
384,2403
368,4002
361,3893
355,2337
355,1694
350,1682
339,1665
329,1645
320,1600
305,1813
292,2075
273,2784
237,1878
209,1592
196,2046
188,1439
185,1445
179,1647
179,1332
179,1367
439,2745
440,2911
440,2638
437,2724
508,3166
508,2581
508,3042
515,13089
510,5435
504,3429
501,3025
491,6681
520,4136
520,6972
513,3883
510,3239
495,8370
528,4660
519,7060
585,3818
580,2484
565,8666
552,4035
535,2856
521,8209
489,4087
459,3167
478,2590
412,2215
390,8490
373,3589
368,2083
376,1513
376,1689
376,1661
377,2145
377,1542
377,1471
409,2069
409,1505
409,1460
418,2162
416,1460
414,1466
408,2114
404,6631
403,5803
401,3736
401,2460
395,1805
388,1504
375,1522
365,1570
358,1445
355,6076
351,5060
345,2625
333,1652
322,1609
311,1532
295,1526
278,1483
241,4137
209,3807
196,2573
188,1807
185,1818
179,1753
179,1685
440,2481
440,2683
440,2574
440,2499
508,2666
508,4637
508,2900
517,2775
512,11118
505,5482
504,3827
533,6917
520,3813
520,2890
517,11129
514,4859
504,3384
533,2832
592,2519
585,2785
582,2682
580,2727
559,10301
541,5095
524,3456
501,2358
465,2255
486,2280
426,1904
392,1874
373,1771
368,6481
376,6182
376,2915
376,2097
377,1823
377,1843
377,1829
409,1761
409,1909
409,2270
418,2232
416,2267
413,2266
408,2266
403,2252
402,2187
401,2189
401,1870
393,2054
387,2031
368,1855
361,2065
355,2048
355,2048
350,2049
337,2165
327,1990
314,1923
302,1862
287,1807
260,1995
225,1801
203,1615
188,1699
185,1946
182,1851
179,1743
179,1780
440,2464
440,2804
440,2747
507,6606
508,3611
508,8244
517,4387
516,3558
510,10011
504,4624
501,3043
526,2679
520,10787
520,5205
520,3682
512,2640
545,2589
528,2674
587,2782
585,2786
580,2900
574,10174
552,5085
536,3382
521,2603
494,2560
461,2655
478,2298
413,2153
390,1632
373,1580
389,1569
382,1534
382,1527
383,1538
383,1550
383,1521
383,1522
415,1509
415,1487
415,1490
424,1512
422,1490
419,1469
414,1477
418,1459
409,1434
407,1602
407,1750
407,5652
400,5696
385,2879
376,1750
369,1625
367,1653
363,5201
352,4168
342,2208
333,1605
317,1554
304,1542
284,1672
245,1728
217,1750
206,1974
198,1921
193,1855
189,1776
189,1793
445,2558
445,2873
445,2735
516,2652
513,3197
513,2941
522,2944
522,2858
517,11449
510,5810
509,3979
538,2914
525,8355
525,4554
529,2969
519,2780
562,2754
608,10650
598,5318
590,3510
598,2618
590,2580
567,10429
549,4327
532,3026
509,7164
566,3628
528,5992
450,2852
406,1821
382,1711
398,1666
390,1621
386,1710
387,1896
387,2025
387,5938
422,5612
422,2649
419,1913
428,1709
428,1698
428,1682
425,1726
420,1822
426,5865
420,5316
411,2604
417,1887
415,1690
409,1647
400,1624
384,1613
377,1655
371,5725
371,5486
366,2569
353,1692
343,1703
336,5168
318,5014
303,2744
287,1519
245,1366
218,1215
204,1169
201,1542
196,1766
192,1930
448,2559
448,2857
448,2669
519,2706
519,2997
516,2848
525,3007
525,2863
525,2866
520,3001
549,2959
548,11427
536,5618
535,3660
535,7256
529,4142
573,2843
630,2862
610,2890
600,3064
602,2771
599,10528
589,5068
568,3351
549,2499
532,2490
598,2775
563,2522
505,2508
440,2301
399,1974
401,7141
397,5790
390,2759
389,1909
389,1594
389,1581
424,6927
424,4461
421,2787
430,1772
430,1591
430,6952
429,4874
426,2788
428,4982
426,2656
417,2032
419,2039
419,1933
415,1988
408,6938
395,4184
383,2442
376,1585
373,7747
369,3192
363,2089
351,1607
340,2029
329,1920
313,1848
294,1983
257,2175
224,1964
209,2123
201,2191
198,2176
193,2500
449,2551
449,3051
519,2795
520,2639
520,3588
526,6823
526,4372
526,7534
526,4348
521,8092
551,4509
549,3470
542,3278
536,3211
536,3194
585,12473
575,5119
637,3431
611,2847
601,2959
603,3004
602,3022
594,11490
571,4440
550,3132
534,2455
599,2561
567,2642
506,2530
441,2180
421,2306
402,2036
396,2021
392,2103
388,7664
388,5305
388,3180
423,1958
423,1922
421,1844
430,7423
430,4103
430,2974
428,1732
434,1767
428,1850
424,6128
421,4646
419,2528
419,1664
413,1655
406,1646
393,1605
383,7218
376,3872
373,2462
369,1686
360,1630
350,6984
340,3321
323,1953
313,1468
291,1555
251,1345
224,1280
209,1316
201,1592
198,1762
193,1993
449,2490
449,3148
520,2703
520,2983
520,2970
526,2920
526,2846
526,3158
526,12383
521,5483
550,3940
549,2904
539,3082
536,2985
536,3098
582,12122
649,5110
631,3566
611,2730
609,2723
603,12577
600,4655
589,3559
568,7300
550,3830
622,2602
598,2652
557,2628
489,2182
423,2036
417,2109
401,1816
396,1952
388,8013
388,4521
388,2778
423,1826
423,1734
423,7285
430,3978
430,2430
430,1810
430,1870
428,7239
431,4294
428,2638
423,1720
419,7789
419,3355
417,2066
411,1596
402,6789
386,3642
379,2115
373,1629
373,1955
367,1914
355,1552
343,1678
332,1888
319,1751
300,1769
271,2024
232,1717
213,1717
201,2054
198,2035
193,1923
193,1919
449,2830
449,3488
520,2865
520,2908
517,2891
526,2830
526,12676
526,5240
523,3816
554,2951
549,8993
543,4765
538,3266
536,2990
588,3062
575,12302
641,5361
614,3372
602,2726
603,2762
603,11505
595,4396
572,3295
553,2538
536,2690
602,2859
570,2741
522,2521
442,2164
426,1936
404,1820
398,6789
392,5378
388,2826
388,2094
388,2096
423,2093
423,2108
421,2077
430,2072
430,2077
430,2093
428,2486
434,2405
428,2427
424,2397
415,2399
419,2381
419,2410
413,2434
406,2353
391,2303
382,2265
375,2250
373,2212
368,2343
358,2193
347,2095
338,2103
322,2082
307,1981
289,1896
248,1584
220,1646
204,1412
201,2525
196,2857
193,2998
193,2677
449,2546
520,2799
520,2973
520,2853
526,2747
526,2848
526,2805
525,2809
521,3060
549,2908
548,2897
535,2834
536,2704
536,2708
581,2800
645,2689
624,2714
606,10559
596,5103
603,3386
597,2610
581,2449
560,2640
544,2582
617,9634
584,4346
547,2958
469,2016
414,1915
413,6910
401,4299
396,2457
388,1755
388,1797
388,1897
423,1865
423,1818
423,1960
430,1785
430,1799
430,2010
430,1961
427,6237
430,4876
428,2667
420,2238
419,1923
419,1909
416,2045
410,1874
401,1834
386,1880
379,1745
373,1737
371,1854
365,1694
353,1873
343,2005
331,1809
319,1772
298,1837
268,1630
230,1657
213,1544
201,1604
198,1888
193,1847
193,1837
193,1895
449,2722
520,3126
520,3047
517,2850
526,3002
526,12135
526,5377
523,3766
552,6266
549,3836
543,2945
531,3003
536,3103
534,2885
575,2876
641,2983
614,2763
602,2741
603,2788
603,2809
595,2931
572,2697
551,2657
536,10213
602,5130
569,3437
514,2380
442,2206
405,1921
402,1872
398,1789
391,1797
388,1940
388,2019
388,2198
423,2322
423,2210
421,2191
430,2275
430,2176
430,2178
428,2250
426,2170
428,2170
424,2163
415,2147
419,2226
419,2182
413,2126
406,2202
391,2104
382,2066
375,2153
373,2019
368,2044
358,2101
347,1976
338,1949
321,1987
305,1850
289,1435
246,1383
218,1516
204,1631
201,2864
195,4125
193,4118
193,2885
193,2178
519,2818
520,3175
517,2914
526,2925
526,6354
526,3883
525,2939
519,12133
549,5440
546,3849
532,2911
536,8704
536,4707
577,3131
570,2955
619,2990
605,2828
595,11365
603,5410
597,3722
575,6934
554,3811
542,7202
518,3929
573,2637
536,6778
458,2430
408,2440
406,2114
401,7329
393,5600
388,2939
388,2198
388,2245
388,1874
423,1761
423,2050
421,2627
430,3398
430,3435
429,3257
426,2928
428,2909
424,2902
417,3348
413,3256
419,3301
415,3381
406,3165
393,3180
383,3139
376,3136
373,3031
369,3187
360,3152
348,2931
340,3099
323,2989
311,2914
290,2907
249,2488
222,2157
209,2083
201,1969
196,1994
193,1925
193,1900
193,1916
193,1924
520,2730
520,3121
517,2821
526,2994
526,3348
526,3085
521,3271
513,3144
548,3284
536,3170
529,3072
536,3343
530,3147
573,12601
630,2836
611,2857
600,2741
603,2775
600,2806
584,2816
563,2776
547,2655
531,2669
596,2731
556,9777
489,5377
423,2882
396,2032
401,1796
396,1738
387,1697
388,6460
388,5145
388,2841
423,2123
423,1828
421,1821
430,1851
430,1984
430,2022
428,2010
425,2005
428,2040
424,2031
414,2006
419,1973
419,1963
413,1968
406,1944
391,1877
382,1847
375,2033
373,2003
368,2030
358,1997
347,1949
338,1936
323,2069
308,1992
290,1963
249,1698
222,1556
207,1578
201,1818
196,2113
193,2037
193,2039
193,2040
193,2037
520,2621
520,3036
517,2779
526,2850
526,2939
526,2723
521,2893
550,2956
549,2975
543,2942
536,3007
536,2936
534,2861
575,2800
637,2918
614,2875
602,2670
603,2670
603,2654
595,2604
573,2575
553,2501
542,10081
605,5404
572,3441
536,2422
458,2139
411,1905
407,1677
401,1702
393,1790
388,1978
388,2265
388,2267
423,2265
423,2304
423,3000
430,2776
430,2617
430,2215
430,2232
427,2801
431,2674
428,2186
423,2366
419,2171
419,2183
417,2486
411,2590
402,2663
386,2751
379,2517
373,2593
373,2683
368,2674
355,2805
343,2540
332,2464
320,2615
305,2423
276,2341
239,2195
218,1920
201,1565
198,808
195,941
193,1081
193,1919
193,3761
520,2768
520,3214
526,2808
526,2962
526,2784
526,2845
524,2998
555,3041
549,3016
545,3294
539,12317
536,5365
588,3691
577,2903
644,3225
622,3068
605,3105
604,2890
603,11769
598,5158
575,3427
556,2667
543,2725
609,2691
579,10936
541,4217
462,2870
432,1855
410,2043
401,1893
394,1931
388,7532
388,5102
388,2983
423,1914
423,2029
423,1913
430,1862
430,1930
430,2277
430,1792
435,1974
430,2150
428,2106
424,2151
419,2079
419,2047
415,2065
408,2396
397,2273
386,2328
378,2230
373,1864
371,1860
363,2174
353,2061
343,2110
331,1997
319,2038
297,1945
268,1631
226,1526
213,1628
201,1709
198,2004
193,1921
193,1920
193,1922
193,1906
520,2615
520,3269
526,2738
526,6998
526,4112
526,2954
559,3152
554,3167
549,3240
543,3224
538,3044
536,3073
588,3023
653,3039
644,3051
619,2964
614,3095
604,3060
603,3028
596,3518
575,2910
554,11161
635,4797
607,3362
573,2452
536,2756
458,2279
429,2125
406,1969
401,2008
394,1958
388,2096
388,2132
423,2333
423,2401
423,2331
432,2347
430,2300
430,2342
430,2280
430,2306
435,2294
430,2319
428,2292
424,2251
419,2259
419,2220
415,2209
410,2103
397,2161
386,1884
379,2684
373,2004
371,1994
365,2536
354,2002
343,1925
332,2417
319,2406
304,2705
273,2298
239,1993
214,2019
201,1745
198,1675
195,2048
193,1329
193,1167
193,1442
520,2856
529,3883
529,3936
526,3526
526,3092
526,3332
561,3574
557,3022
549,3520
555,3633
543,3058
588,3613
588,3262
657,3321
647,3839
625,3237
618,3133
609,3693
604,3148
601,3203
586,3284
568,2667
644,2680
622,3117
599,2565
560,2464
521,2653
458,2041
421,1790
403,2257
397,1677
392,1613
388,2202
423,1662
423,1698
423,1722
432,1597
430,1543
430,1599
430,1539
438,1575
437,1624
435,1629
428,1555
432,1671
424,1557
419,1996
419,1553
415,1716
408,1759
395,2625
385,2636
378,2620
373,2530
371,2519
363,2437
353,2496
343,2469
331,2330
319,2407
300,2219
271,2063
236,1771
214,1563
201,1473
198,1477
195,1601
193,1980
193,1852
520,3127
529,3619
529,3240
526,3015
526,2975
526,2896
562,3677
561,2986
555,3549
556,3738
553,2937
594,3323
667,3440
667,3018
657,3402
654,3011
633,2794
615,3288
606,2768
604,2976
598,3438
677,3413
654,2938
637,3112
610,2864
584,2768
568,2839
488,2365
435,2199
414,2233
402,2013
394,1993
423,2106
423,1960
423,2104
432,2248
432,2112
432,2105
430,2120
430,2088
438,2282
438,2182
435,2076
436,2152
434,2076
424,2003
419,2090
419,2011
415,1977
408,2116
397,1926
385,1941
378,2146
373,1904
369,1874
363,2022
351,1908
340,1830
329,2164
313,1935
292,1867
251,1764
224,1636
209,1480
201,1673
196,1518
193,1481
193,1746
193,1767
520,3256
529,3153
529,2886
526,2807
526,2909
562,3474
561,2987
555,3472
549,3554
553,2878
539,3237
588,3386
666,2845
653,3296
644,3109
628,2847
613,3182
604,2872
604,2691
595,11858
572,4596
644,3719
627,3034
600,2637
566,2538
500,2947
453,2081
417,1762
401,2246
397,1774
388,1654
388,2398
423,1798
423,1634
423,2379
432,1787
430,1629
430,1905
430,1794
430,1626
435,2003
428,1567
426,1527
424,1645
419,1536
419,1583
415,1648
406,1492
393,1857
382,1608
375,1382
373,2027
368,1372
358,1313
345,1779
332,1409
320,1296
305,1887
276,1233
239,1177
214,1276
201,1073
198,1027
193,1251
193,1083
193,1192
193,1379
193,1231
193,1224
526,3312
526,3659
526,3589
526,3657
523,3112
551,2922
549,3536
543,3175
538,2901
536,3375
586,2855
575,3243
641,3343
614,2883
602,3063
603,3032
603,3038
595,3672
572,3127
553,2806
536,3130
602,2592
570,2498
522,10359
442,4154
426,3053
406,2231
398,1836
392,1663
388,2182
388,1614
388,1563
423,2146
423,1595
421,1567
430,6940
430,4326
430,3096
429,2332
434,1583
428,1522
424,1727
423,1540
419,1478
419,1731
415,1462
406,1487
395,1710
383,1439
376,1846
373,1674
369,1422
360,1890
351,1482
340,1333
329,1878
313,1427
294,1302
257,1685
224,1067
209,1025
201,1536
198,1122
193,1181
193,1481
193,1397
193,1298
193,1473
193,1365
526,2772
526,3095
526,3287
526,3141
523,3081
552,2875
549,3401
543,2912
538,2871
536,2955
586,2880
651,2859
637,2983
613,2761
610,2706
603,2811
602,2725
594,2777
571,2724
550,2588
624,2674
599,2538
560,2432
493,2280
431,1949
417,1855
401,1979
396,2062
388,1998
388,2236
388,2160
423,2194
423,2284
423,2163
430,2788
430,2671
430,2788
430,2795
427,2829
430,2276
428,2340
420,2451
419,2244
419,2256
415,2381
408,2218
395,2182
385,2129
376,2126
373,2126
369,2141
363,2080
351,2032
340,1983
329,1967
313,1914
292,1858
251,1824
224,1842
209,1927
201,2248
196,1077
193,1496
193,2602
193,3381
193,3383
193,3597
193,2416
190,2299
526,2710
526,3317
526,2961
521,2890
549,8294
548,4601
536,3152
536,3015
536,2861
529,2858
573,2898
624,3074
606,2990
597,2714
603,3004
598,3044
584,2870
562,2816
545,2617
530,2548
584,2493
551,2372
476,2136
414,1883
415,1703
401,1905
396,2102
388,2213
388,2199
388,2225
388,2231
424,2224
424,2239
422,2188
431,2185
431,2183
431,1845
428,1502
423,1599
429,6344
421,4994
414,2658
420,1720
416,1778
409,1750
398,1721
387,1710
379,1868
375,1824
373,1803
365,2024
353,1977
343,1951
331,2184
313,2060
296,1996
257,1865
224,1573
209,1476
201,1668
198,1906
193,1841
193,2159
193,2155
193,2222
193,1442
193,1243
190,1164
190,1317
526,2724
526,3382
521,3155
514,2867
549,3309
539,2890
529,2875
536,3074
531,2960
575,3076
565,3041
611,11416
601,5330
594,3598
601,2841
593,2855
571,2829
550,2670
534,2705
600,2673
569,2503
511,2528
442,2031
405,2011
402,1902
398,2023
391,2162
388,2213
388,2592
388,2575
423,2568
424,2577
424,2582
431,2522
431,2521
431,2531
430,2506
428,2540
429,2479
427,2497
419,2469
420,2443
420,2453
416,2462
409,2448
396,2417
384,2372
379,2343
375,2333
371,2356
365,2308
353,2262
343,2234
331,2182
317,2142
297,2075
268,1983
226,1736
213,1881
201,2074
198,2051
193,2383
193,2408
193,2404
193,2393
193,2416
193,2409
190,2318
190,2331
526,2848
526,3436
524,3137
555,3325
549,3394
545,3162
532,3106
536,3276
536,3176
577,3288
645,3187
622,3195
606,3305
605,3100
603,3005
598,3008
581,2972
560,2807
545,2725
618,2907
584,2744
551,2589
476,2271
414,2056
417,2049
401,2001
396,2162
388,2260
388,2544
388,2548
424,2558
424,2550
424,2551
431,2486
431,2485
431,2469
431,2502
429,2485
434,2453
429,2448
425,2462
422,2411
420,2442
420,2449
414,2411
407,2414
394,2388
385,2330
378,2325
375,2338
371,2274
362,2264
352,2240
342,2175
329,2142
313,2094
294,2018
257,1749
224,1761
209,1644
201,1727
198,2148
193,2064
193,2045
193,2060
193,2064
193,2056
193,2054
190,1958
526,2778
526,3261
526,2916
559,3383
552,3007
549,3177
550,3024
538,2881
588,2923
588,2944
651,2844
641,2923
618,3051
613,2679
604,2765
604,2696
596,2701
575,2674
554,2506
635,2491
608,2536
574,2525
539,2368
483,2163
432,1802
413,1800
402,1895
394,2044
388,2227
388,2625
424,2340
424,2343
424,2339
433,2338
431,2283
431,2298
431,2310
439,2300
437,2286
432,2291
429,2288
430,2274
421,2247
420,2254
420,2242
414,2239
407,2236
393,2170
384,2153
377,2109
375,2081
371,2082
360,2058
350,2052
342,2026
323,1922
312,1903
291,1833
249,1615
224,1622
209,1756
201,1671
198,1932
193,1883
193,1859
193,1864
193,1860
193,1860
193,1861
526,3015
526,3371
526,3309
562,3554
557,3386
551,3200
556,3358
550,3329
588,3364
667,3470
661,3267
651,3350
646,3373
620,3083
610,3152
604,3117
601,3103
590,3075
664,3032
644,2988
624,2958
599,2867
560,2752
516,2486
453,2147
419,1991
402,7488
397,6235
388,3113
423,2073
424,1882
424,1879
433,1862
433,1865
431,1845
431,2006
431,2158
467,2190
465,2191
460,2182
463,2178
457,2160
448,2128
447,2099
471,2108
462,2064
451,2027
434,1933
427,1894
421,1886
421,2079
414,2031
397,1968
383,5765
370,4389
353,2408
334,1749
297,1671
255,1446
230,1393
216,1507
212,1759
207,3586
207,3655
207,3663
207,1927
207,1573
207,1578
204,1504
533,3128
533,3782
569,3322
566,8945
561,4975
556,3416
557,3386
545,3553
595,3365
670,3490
657,3487
644,3318
628,3232
617,3199
610,12907
609,6094
601,4038
576,3124
649,3115
630,3185
602,2800
563,2762
502,2548
460,2176
420,1956
402,1995
398,2013
389,2180
389,2382
425,2403
425,2400
425,2418
434,2410
432,2353
432,2387
432,2364
432,2364
466,2375
461,2361
458,2334
458,2341
448,2294
448,2296
470,6938
463,4804
450,2944
435,2450
428,2460
422,2482
419,2450
410,2427
395,2375
381,2333
369,2292
348,2256
323,2101
278,1889
240,1668
225,1569
215,1560
212,1898
207,1829
207,1819
207,1877
207,1827
207,1819
207,1832
204,3621
204,3611
533,3132
533,3450
564,3253
556,3523
555,3778
550,3438
543,3650
595,15181
587,5731
653,3972
631,3689
615,3738
614,3731
609,13457
605,5013
590,4059
568,7887
551,4448
624,3372
595,3208
559,3128
487,2801
440,2716
418,2313
402,2386
398,2622
389,2465
389,2450
389,2637
425,2486
425,2362
425,2452
432,2346
432,2354
432,2078
432,2089
466,2065
463,2094
458,2293
458,2243
449,2229
448,2230
448,3015
465,3014
456,2975
439,2888
431,2844
424,2851
422,2812
415,2793
402,2777
388,2720
379,2691
358,2640
341,2571
317,2511
267,2178
240,2024
225,4438
215,4379
212,2162
207,1761
207,1760
207,1786
207,1763
207,1803
207,1751
204,1661
204,1981
533,3199
533,3717
567,3364
562,3432
556,3340
559,3499
546,10812
595,5553
672,4075
660,3555
650,3808
634,3613
620,3441
610,3535
610,3465
602,3405
581,3478
652,13739
639,5731
609,3783
573,2908
535,2904
472,2683
427,2488
407,2292
403,2601
393,2296
389,2304
425,2287
425,8874
425,5632
434,3331
432,5285
432,2935
432,8602
432,3694
466,2434
464,1943
458,8574
459,4413
450,2835
448,1922
448,1898
465,2010
456,2072
439,2024
431,1995
424,2163
422,2140
415,2283
400,2474
386,2411
372,2328
355,2287
334,2187
307,2108
256,2051
234,2295
216,1934
212,1993
209,2173
207,2016
207,1890
207,2097
207,4901
207,5149
204,2909
204,1876
204,1812
533,3252
566,3722
558,3415
556,3504
557,3605
543,3380
595,3506
592,3832
657,3503
642,3462
617,3338
615,3385
609,3312
607,3466
590,3446
568,3271
549,3201
624,2982
588,2999
549,2857
468,10287
436,4615
414,3089
402,2052
395,1973
389,1983
389,2075
389,2070
425,4578
425,2056
423,8370
432,4820
432,3312
432,2008
430,1962
463,1988
458,8424
452,4632
442,3029
448,2028
445,1781
438,7386
446,4176
434,5039
426,2622
422,1898
417,6979
406,3688
392,2295
380,1673
358,1648
337,1654
313,1672
258,5115
234,5723
216,2718
212,1628
207,4169
207,6604
207,3056
207,1161
207,961
207,4020
204,3997
204,2675
204,1667
204,1871
202,3889
201,3850
517,3411
538,3966
536,3451
534,3637
529,3582
520,3455
548,14544
606,5792
600,4441
595,3698
577,3590
559,3510
545,3488
518,3414
484,3242
430,2947
434,2625
397,2443
381,2367
376,2305
367,9126
388,6627
388,3965
388,2335
389,2266
387,8171
387,4551
457,5375
458,2940
454,2136
455,8408
451,4019
440,2521
439,1947
435,2001
459,7804
441,4415
429,2872
427,1940
425,1857
440,1965
422,1828
424,1810
404,1960
371,1688
308,1587
274,5412
255,5595
250,2775
247,1695
247,1762
247,1766
247,4724
244,4256
244,3213
244,4382
244,2291
240,1560
239,4339
233,4183
230,2203
230,4261
224,2824
217,3081
211,4118
207,2712
206,3892
204,2180
198,1694
451,2831
442,3106
426,2907
408,2845
394,2710
360,2731
352,2356
355,2273
340,8681
332,6169
329,3548
321,2326
321,2083
321,7986
321,5181
321,3063
377,2241
377,8163
377,4721
375,2853
375,2213
396,7935
396,4285
395,2886
394,1995
390,2021
388,7808
453,4518
444,2798
439,5830
448,3108
448,7632
444,3588
440,2292
432,1915
449,1913
440,1885
435,7149
435,5498
435,3094
461,2000
475,5419
461,4314
448,4095
441,3791
429,3644
414,5046
396,2948
380,2338
340,2175
303,2060
280,5666
269,4418
259,3311
256,1743
253,1463
251,4656
251,4569
251,3368
251,4585
251,2173
251,1608
248,1449
248,3944
248,4102
248,1702
248,1424
246,4123
243,4258
578,3548
565,3594
558,3421
565,3702
559,9618
603,5243
592,3630
637,10920
628,5096
619,3726
628,10982
620,5107
597,3693
576,3185
564,3378
540,3209
605,3119
567,3181
488,2720
426,2325
429,9091
413,5657
408,3751
400,2565
400,2301
400,9920
400,4169
471,3121
471,2172
471,2505
478,9799
478,4217
478,3320
478,2091
510,2377
504,2453
502,9626
496,4592
490,3009
490,2262
522,2316
539,9532
531,3646
510,2697
500,1826
492,9444
489,3351
485,2390
473,6865
457,3632
446,2230
431,2106
413,8758
393,3456
354,2325
303,5268
278,4706
263,2307
259,4833
254,3515
251,2802
251,2687
251,5510
251,5422
251,3834
251,5543
248,2432
248,1903
248,5325
593,3694
588,3955
581,3716
586,3878
581,8986
617,5112
696,9677
690,5162
680,3657
674,9434
647,4956
637,3561
629,3508
628,3575
621,3375
689,14025
667,5865
648,4019
623,3326
590,3148
554,2846
478,2474
438,2382
415,2104
411,2133
404,2224
470,2222
471,2316
471,2312
480,8264
480,4904
478,3100
478,4710
478,2753
514,2207
513,8228
509,4261
508,2877
507,2046
526,1968
522,7947
549,4207
541,2917
534,2013
515,1882
501,7897
492,4286
489,2784
485,4248
473,2509
456,7357
443,3657
430,2309
405,1782
383,1776
335,1593
285,1457
273,5840
259,5150
256,2791
251,1691
251,4992
251,3433
251,4692
251,3082
251,4415
248,3324
248,1990
248,4830
593,3564
591,3974
592,3749
586,3841
582,3736
619,14716
696,6090
694,4404
683,3862
681,3838
654,13517
641,5614
630,4190
629,9505
623,5122
695,3595
670,10832
659,5045
629,3612
595,8699
581,4590
497,2816
444,2435
426,2476
414,2283
406,9150
471,6328
471,3663
471,2489
480,2291
480,2163
480,2143
478,2289
478,2113
514,8958
514,5589
510,3255
511,2446
509,8345
528,3761
550,2419
550,2077
542,8574
536,5517
516,3156
502,11025
493,2589
490,3630
485,2060
467,2224
451,2049
442,1928
419,7643
396,5911
372,3251
306,3425
279,2149
262,2080
258,5121
255,4455
253,2252
253,4941
253,3388
253,1918
253,4954
250,3345
250,1846
250,4795
250,3318
589,3760
581,4127
587,4035
577,3817
618,3959
618,8219
690,5132
680,4001
664,10088
647,5281
638,4011
630,3798
627,3639
616,3763
592,3499
668,3543
644,3482
621,3314
583,13162
532,5484
464,3256
430,2356
415,8430
410,3877
401,5703
401,3128
472,2246
472,2354
472,2242
481,8591
479,4989
479,3058
479,2147
515,2162
512,2218
509,2216
510,2324
504,2260
525,2195
524,2508
550,2144
539,2029
531,2126
512,1994
500,8007
491,4572
491,2969
484,1970
465,2234
451,7461
436,3965
418,2577
395,1712
366,1821
307,5857
280,5375
266,2317
259,3688
256,2650
254,2184
254,2097
254,2100
254,2176
254,4553
251,4445
251,2397
251,4337
251,2915
251,3334
589,3632
581,4419
585,3723
570,3863
619,3770
697,16100
685,6122
674,4276
656,3902
642,7867
631,4815
631,8227
624,4956
601,8741
672,4931
659,3596
629,3376
594,3484
555,3360
484,11708
440,4896
420,3542
413,2206
406,9540
402,3994
473,5876
473,2915
473,7256
482,4322
480,2691
480,2417
480,2439
480,2523
514,9772
510,4360
504,3496
505,2132
494,2405
525,2264
549,2299
540,2308
529,2279
507,2318
500,2223
492,2229
492,2202
484,2187
465,2076
449,2155
434,2134
416,8287
388,5243
341,2854
289,3832
276,2525
262,1978
260,6122
255,4910
255,2486
255,1987
255,5866
255,4864
255,2496
252,2072
252,2163
252,5775
252,5722
251,3053
247,2132
579,3514
571,4224
568,3733
620,3746
610,3993
675,3978
648,3964
634,3935
632,3830
631,3863
624,3817
598,3825
576,3785
558,3751
623,3781
585,14167
513,4770
443,3108
432,2318
416,7440
411,4229
403,2813
403,9504
403,4066
403,2706
474,2022
474,8220
472,3861
481,2919
481,2033
480,2440
476,2420
505,2451
501,2369
488,2333
487,2479
492,2412
484,2345
506,2464
507,2268
499,8764
492,3944
489,3157
477,4873
458,2848
447,2228
423,2240
400,2178
376,1757
309,1478
282,5152
264,4788
260,2510
255,1688
255,4472
255,4695
256,2003
256,1425
256,1426
253,1397
253,4291
253,4315
253,2252
251,1558
248,1493
247,1541
241,3962
239,4024
239,2170
549,3318
549,3629
524,3325
564,3378
623,3508
623,3545
615,3491
598,3399
577,3384
559,3409
538,3286
507,3205
458,11454
461,5244
421,3368
397,2231
393,2291
386,8311
403,5088
403,3242
403,2293
404,2105
404,2122
401,7980
471,4992
472,3105
472,2260
479,7996
475,4182
469,2592
466,2017
453,7705
487,4332
487,2902
479,1964
477,1951
459,7511
478,4461
469,2769
492,2096
485,7371
466,3642
453,2249
438,7016
420,3628
397,4769
361,2373
307,1656
282,1508
264,4751
260,4648
255,2371
255,1649
255,1638
255,1656
256,1624
256,1636
253,1799
253,1789
253,4282
253,4328
253,2297
249,3254
248,4272
246,2287
239,1530
239,1530
239,4115
234,4087
537,3425
523,3896
513,3411
555,3490
620,3530
602,3779
580,3466
571,3487
554,3618
522,3310
487,12207
409,5623
365,3553
408,2485
396,6802
388,3841
382,2525
382,8563
403,4615
403,2898
403,6500
401,3700
401,6246
401,3252
472,2480
469,2515
464,2489
469,2479
464,2489
452,2434
452,8204
449,5361
476,3331
459,2247
446,8601
444,3788
440,5023
465,2673
472,2046
454,2020
444,2015
421,1979
397,7107
365,5346
307,2555
278,4075
263,2385
260,1976
255,2143
255,1682
255,1536
255,4978
255,4945
255,2683
252,1845
253,1758
253,1754
253,1774
251,1735
248,4809
246,4698
241,2337
239,1730
239,1779
234,1724
227,4712
221,4543
216,2211
214,1713
504,3243
493,3562
519,3249
504,3433
547,7305
518,8505
484,4527
409,2958
366,2580
349,2347
338,2492
331,2571
326,2240
382,2367
382,2234
382,2253
382,8639
403,6820
400,3715
400,2511
401,2518
401,8454
398,4712
394,3039
460,4834
451,3335
443,6308
452,3606
448,2536
444,2168
430,2153
447,8002
439,4909
433,3134
439,2036
430,7734
415,3901
430,2392
435,1851
417,1896
392,6751
346,4221
299,2421
277,3965
264,2598
260,4453
257,2895
255,5667
255,2881
255,1908
255,1874
255,5688
255,5253
252,3977
252,2146
253,1559
253,1542
252,1624
248,1555
248,1515
242,1588
239,5144
239,5266
239,2474
234,1679
228,1661
221,1650
217,1550
214,1577
507,3079
502,3757
528,3294
570,3394
559,9111
535,4915
509,7172
476,4147
405,2738
361,2370
342,2312
338,2321
388,2166
382,2263
382,2187
382,8529
382,5454
403,3429
403,2388
400,2241
401,8532
401,4661
401,3117
468,4322
462,2857
460,2543
464,8591
452,3957
452,2604
450,2052
444,2315
470,2797
448,2605
441,1980
440,7565
440,5821
463,3308
449,2074
453,1813
444,7246
423,3849
403,2523
380,7229
319,6006
288,2928
273,1901
263,1414
260,1398
255,1403
255,4659
255,4784
255,2570
255,4687
255,2557
253,1724
253,4515
253,4549
253,2158
253,1659
251,1718
248,1665
247,4523
242,4499
239,2287
239,1899
237,1967
234,1879
227,1874
221,1920
515,3253
507,3590
555,3436
613,3611
588,3241
568,3234
558,10363
535,5503
503,8383
444,4376
387,2697
354,2436
397,9384
391,5059
382,3112
382,8489
403,2723
403,2080
403,8759
404,4759
401,3172
401,2135
401,2211
472,2365
469,8670
466,4689
469,3157
464,4419
453,2682
452,2264
452,7619
477,5386
470,3328
452,2749
448,3795
440,3105
469,2278
485,3433
466,2081
452,1860
438,2431
420,3027
397,2029
364,2671
307,1605
282,1493
264,1662
260,2246
257,2241
255,1551
255,2238
255,2179
255,2179
255,1410
253,1786
253,1210
253,1194
253,1430
253,1329
251,1346
248,1435
247,2197
242,2073
239,2075
239,2192
237,2111
232,2020
224,2009
220,1530
513,3410
555,3889
554,3458
609,6086
588,6445
568,6523
559,3534
538,3510
508,3218
471,3297
403,3160
424,2922
401,2990
396,2912
388,3676
382,3599
403,4381
403,2580
403,2451
404,2423
404,2701
401,2700
401,2534
472,2343
472,2261
479,2101
476,2324
469,2308
468,2464
457,2636
487,3558
487,4078
483,3665
484,2457
474,2475
486,2644
478,2128
494,3060
492,2926
487,2548
474,2555
459,2556
447,2125
434,1917
417,2944
392,2551
350,2639
307,2174
282,1934
267,1726
263,1746
257,1810
255,1339
256,1288
256,1670
256,1318
256,5110
256,5041
253,2372
253,4414
253,2395
253,1626
252,1653
249,4423
248,4400
246,2428
239,1859
239,4279
239,4348
556,3595
601,3801
644,3520
633,3693
623,3567
632,3483
624,3678
601,3500
580,3371
568,3310
542,3401
598,3335
561,5435
477,4660
427,3712
402,3725
417,2783
409,2473
403,2266
404,2685
404,2864
404,3261
475,3162
475,2245
472,8375
481,4695
481,2997
481,2085
478,9525
472,4141
505,2640
499,2605
488,7469
494,4168
494,6351
518,5111
535,2427
514,4817
503,2685
495,2276
493,9715
488,3599
471,2915
456,2035
447,2107
425,9385
407,3851
383,2815
330,4811
288,2074
273,1428
263,1822
260,5545
256,3589
256,2426
256,1486
256,5534
256,3386
256,1616
253,1392
253,5285
253,3232
253,3870
253,1756
251,1237
248,4783
247,3529
242,1701
239,2212
621,3544
614,4176
679,3519
654,3845
636,3869
635,3682
632,3850
628,3740
612,3689
589,3847
572,14580
643,5939
610,3997
572,3261
482,6922
451,3710
429,2789
417,7033
410,4956
404,9852
404,3943
404,2842
475,9951
475,3752
475,2913
481,2076
481,8725
481,4532
480,3118
512,2168
505,9056
502,3847
489,2621
494,6732
494,3708
518,2492
535,2562
514,8611
501,3863
493,2606
493,2080
486,8288
466,3829
450,5246
436,2853
417,5673
392,2863
346,6853
296,3385
277,4234
263,4277
260,2541
255,5526
256,3158
256,1980
256,1995
256,2009
256,2032
253,2048
253,1965
253,1938
253,5495
251,5188
248,2781
247,5330
241,2554
239,1849
239,2027
234,1857
598,3565
643,4017
632,3996
623,4030
631,3711
622,4259
597,3934
577,3609
558,4165
535,3660
586,3264
514,13475
446,4565
412,3649
396,5282
412,2867
403,2032
403,9389
404,4685
404,3132
404,2275
474,2024
472,2000
472,2210
481,8894
481,4685
477,3009
471,5721
469,3398
495,4697
487,2743
487,2457
489,2002
482,8680
495,3605
481,2473
496,4634
492,2844
487,6010
474,3692
458,4880
447,2433
424,1697
403,2249
378,7239
317,3186
284,1979
267,4047
263,3907
257,4041
255,3754
255,3636
256,2054
256,1676
256,2073
253,1698
253,1663
253,2147
253,1667
252,1619
249,2047
248,1580
243,1620
239,2092
239,4867
237,4877
232,2518
224,1463
219,1465
557,3270
623,3715
617,3752
593,4002
579,7547
567,4389
540,3767
508,3769
466,2954
393,11437
419,5121
397,2936
391,2354
382,2225
382,2061
403,2557
403,2212
403,2066
404,2607
401,9200
401,4728
472,3693
472,2132
468,6790
469,3748
468,2205
454,6776
452,4288
452,2480
479,1966
470,2601
448,1902
447,1857
440,8428
468,4406
480,2950
460,2071
446,4402
432,3002
407,1968
380,1691
317,1601
284,1467
267,1507
260,5623
255,5226
255,2685
255,4124
255,1893
255,4002
255,2776
252,2075
253,5098
253,3160
253,1724
251,5094
248,2981
246,4517
239,3492
239,1841
237,4555
232,2647
224,1649
219,4143
215,3143
214,1652
211,4223
204,3057
195,1551
483,3133
518,4053
491,3180
433,2845
382,2514
354,2220
339,2674
338,9641
331,4914
326,3671
382,5645
382,3204
382,2781
382,2144
403,9068
400,4651
400,2941
401,2049
401,8677
401,4147
398,2833
463,7272
460,3390
455,2590
454,8729
452,4214
452,3073
448,2299
476,2335
467,2815
448,2288
448,1976
442,10109
440,4542
466,3042
477,2634
464,4321
449,5448
445,2680
423,2070
407,7888
387,3592
345,4952
307,4343
282,2043
267,5671
263,3078
260,4063
255,1927
255,2154
255,1449
255,5716
256,5057
256,5001
256,3566
256,3954
253,2193
253,4982
253,3307
253,1765
253,1531
252,1569
249,1568
248,4808
247,4730
241,4800
239,4857
239,3038
237,1693
682,3707
662,3867
641,3560
639,3775
632,3616
629,3700
613,3602
591,3524
573,3488
645,3428
621,3382
581,3223
505,2880
434,2494
433,9402
417,5370
412,3417
404,4983
404,2850
404,2276
475,8644
475,4469
475,3081
481,2155
481,2115
481,8912
481,8152
477,3643
508,2817
505,2102
499,8495
494,4092
494,2879
523,6380
516,3899
528,2598
507,7025
500,3731
493,5517
491,2997
482,2322
464,2106
450,2093
435,2132
417,8520
391,4328
345,2777
292,1616
277,6365
263,3635
260,3766
256,2249
256,1795
256,1822
256,1725
256,1782
256,1918
253,1678
253,5811
253,5283
253,3977
252,1989
249,1557
248,5472
245,4606
239,2073
239,1601
238,5296
234,3945
662,3400
641,4370
630,3686
632,3922
629,10288
613,4979
591,3722
573,9854
555,5232
612,8287
580,4653
496,3123
430,9970
431,4081
417,6736
412,3429
404,2584
404,2508
404,2396
404,2475
475,2571
475,9957
472,5069
481,3377
481,5800
480,3185
477,2633
505,2437
504,2454
491,9661
487,4518
494,3464
486,6268
511,3385
514,2440
503,2209
494,2237
493,2277
486,9286
469,4286
453,3005
438,1968
420,8484
397,3618
358,2184
306,1582
278,1544
263,5933
260,4174
255,4360
255,4744
256,2208
256,4186
256,5458
256,2748
253,1689
253,1626
253,1641
253,1694
252,1620
248,5682
247,5009
242,2228
239,4039
239,2940
237,1951
232,5276
223,3539
219,2470
624,3255
623,3995
616,3365
600,3831
578,7301
566,4349
538,9069
508,4913
539,3262
461,3010
419,2679
397,2379
391,10087
403,4745
403,3157
403,6308
404,5852
404,3213
404,2457
471,2414
472,9254
472,4189
481,2978
477,2129
471,9673
469,4055
458,2709
487,2193
487,9087
481,3759
482,5800
464,3034
481,2343
472,2426
492,8757
487,4016
469,2760
454,1893
443,2015
420,8434
397,4074
358,2695
306,1535
277,5951
263,3133
260,4085
255,2382
255,1739
255,1747
255,4785
256,5391
256,2213
253,1421
253,1672
253,1607
253,5364
251,5177
248,3420
247,3431
241,2349
239,5175
239,3209
234,1815
228,5130
221,3181
216,1740
214,4689
213,3072
208,2085
577,3182
563,3601
545,3280
517,3182
482,8092
406,3879
361,8638
342,4106
396,2894
386,2684
382,3258
382,2601
382,2631
403,3304
403,10185
400,4830
401,3659
401,2304
401,10030
468,3906
463,2826
460,2200
460,2813
452,2114
452,9718
448,4694
443,2887
457,1948
444,2346
436,8812
440,3650
436,5536
449,2849
452,2521
438,2105
420,8261
400,3487
352,4693
298,2070
278,1841
264,1353
261,5172
256,3463
256,1707
256,3850
256,3566
256,2039
256,1866
253,5606
253,2937
254,1627
254,4491
251,2389
249,3835
247,2132
240,3353
241,3713
239,3352
234,1640
226,4720
221,2238
217,3247
216,2389
214,1607
208,4985
199,3105
193,3041
186,1830
174,4076
428,3205
366,2850
350,2307
338,2289
334,2285
326,2683
326,10042
326,7022
382,4247
382,2566
382,2566
379,2779
400,9898
400,5240
399,3663
397,2271
392,2750
389,2604
379,2548
443,2699
443,9604
437,5058
441,3390
423,5916
411,3150
403,9096
433,4174
427,5296
411,2994
399,8363
393,3959
377,5287
383,2831
370,2135
309,1879
282,5945
268,4912
264,4171
259,2131
256,4003
256,4057
256,2424
256,2026
256,5267
256,3397
253,3855
253,2955
253,3866
253,2935
253,5128
252,2674
249,1908
248,1896
243,1856
240,1858
240,1866
241,1869
237,2071
234,2053
226,2041
221,4776
218,4858
216,3128
215,2101
214,2091
208,2051
201,2052
197,2005
192,4589
527,3243
498,3330
444,3008
393,2962
358,2482
342,2357
338,9361
388,4802
382,2925
382,2204
382,2222
382,8875
403,5463
403,3423
403,2343
401,2311
401,2657
401,2059
471,2143
469,2629
466,2502
469,2591
466,2619
456,2493
452,10085
452,4407
481,3228
476,2118
461,2630
454,9874
447,3889
469,2719
468,1893
484,2537
465,2458
449,2298
441,2507
422,9737
391,4457
341,2555
289,1725
274,1749
264,7045
261,4723
256,2669
256,6724
256,3971
256,2384
256,6758
257,3948
254,4992
254,3002
254,6618
254,3840
251,4975
249,2999
248,6831
241,3483
241,6590
240,3156
236,2013
226,6405
221,5139
217,4623
216,4339
215,2483
209,2006
201,6297
196,5561
536,3095
508,3900
466,3048
393,3054
358,2745
339,2820
334,2731
382,2718
382,2670
382,2615
382,2692
382,10698
403,5984
400,3507
400,2770
401,2736
401,2633
398,2623
460,2714
457,2612
445,2456
452,2797
452,2549
446,10656
439,4608
418,3253
440,2208
433,2592
432,10227
430,3701
415,6250
428,3230
434,2504
407,9098
383,3635
321,2030
287,7124
268,3317
264,2113
258,2136
256,6778
256,5501
256,2882
256,5033
256,3180
253,2880
253,5950
253,3393
253,2054
253,1986
250,5508
249,5763
244,2890
240,5675
240,3030
239,2090
236,2093
227,2081
223,7915
218,4286
216,2044
215,1879
210,1234
206,1352
198,1601
193,1130
186,4690
174,4735
157,2414
372,2265
352,2728
339,2265
335,5789
330,3076
326,6824
326,3865
382,2596
382,2354
382,2422
382,2379
400,2306
400,8816
400,5632
401,6057
399,4108
397,2198
392,2496
459,2315
449,2286
443,2351
452,8464
450,5392
444,3282
441,5303
453,2845
444,8080
436,3580
440,2306
439,2179
458,2015
444,2028
449,2156
437,7567
420,4888
400,2900
378,1925
319,1552
287,5412
272,5036
264,2452
259,3698
256,2203
256,1920
256,4793
256,3206
256,1878
256,1542
254,1469
254,4651
254,4579
254,2025
253,4629
250,3233
249,4966
245,4688
241,1950
241,4462
239,4245
236,3953
227,5550
223,2617
218,1805
216,4244
215,4231
210,4151
204,1998
197,1314
192,1298
522,3334
487,4404
414,3872
366,3529
350,6725
338,4934
391,4862
382,10334
382,4814
382,6564
382,3598
403,2715
403,2836
400,2673
401,2616
401,2595
401,2664
469,2543
464,2690
460,2658
464,2705
453,2670
452,10826
452,5343
444,3555
470,2641
452,2633
441,10738
440,4321
440,3097
463,5360
507,3084
493,2553
478,9931
458,3893
437,2611
398,1989
335,6762
307,4059
287,2029
305,4234
300,3057
298,3921
298,3920
298,2388
298,6134
298,3193
295,3808
296,4995
296,2550
296,4983
296,3716
293,3782
291,2270
288,1912
283,5862
281,4009
279,3918
274,1872
266,1716
257,1812
253,5448
250,5402
249,4020
243,1919
236,1909
229,1872
223,1843
214,1805
507,3270
445,4258
379,3025
359,2852
343,2641
340,2606
388,11243
388,5808
388,3768
388,5922
409,3450
409,9429
406,4458
407,2889
407,2594
407,2749
405,2632
469,2517
466,2482
461,2687
458,2523
458,9952
456,5402
448,3606
472,2498
453,9353
445,4032
438,2630
445,2270
439,9142
450,4759
493,3240
480,2209
460,6546
438,3814
389,2322
334,1833
303,6235
288,4421
283,2292
299,5676
299,3632
299,4310
299,2597
299,1910
299,5725
296,3608
296,2001
297,4115
297,4107
297,2453
295,2076
292,5360
289,3537
284,2008
282,1693
282,5384
276,3677
271,2296
261,5201
256,2996
252,1876
251,5094
248,3800
241,2164
234,4953
228,3334
221,4709
208,2438
504,3274
427,3676
373,2787
359,7066
343,3739
397,2749
388,10420
388,4969
388,3270
388,2638
409,2662
409,2692
406,2656
407,2633
407,2638
407,10424
476,6416
473,3724
466,6418
472,3529
462,8265
458,4045
458,2692
454,9778
479,4794
466,3218
452,2327
451,2686
445,9216
473,4743
467,3249
511,5436
493,2928
481,6553
467,3972
439,3784
409,3086
346,2598
309,6658
291,3307
309,1992
302,1884
299,5319
299,3198
299,3009
299,1624
299,5415
300,2821
297,1538
297,4192
297,2254
297,1618
297,5317
295,2789
293,4222
290,2397
285,1563
282,5865
282,2856
278,3015
273,3684
262,2164
258,1283
253,1237
251,4296
250,4279
244,2948
239,2045
230,1815
573,3556
547,4403
510,4064
450,3475
386,3027
419,3129
401,2675
397,2576
388,2983
388,2515
409,10920
409,5382
409,3398
410,2377
407,3140
407,2558
478,2479
477,3078
474,2423
475,2861
472,2559
460,10261
458,5364
458,3303
483,2418
476,2810
457,9496
452,4399
445,3073
474,8092
528,3998
509,5506
491,3009
483,2055
452,8971
423,3948
353,2210
312,4038
292,2169
309,5995
302,2962
299,1724
299,1345
299,5429
299,3994
299,4215
296,1837
297,1344
297,5920
297,3600
296,1879
293,5889
292,2482
285,4001
282,2354
282,5217
278,2798
271,2088
261,3725
256,2244
252,2055
251,4990
248,2781
241,3239
233,3526
228,1785
215,2003
208,1467
195,4765
426,3007
372,2924
357,2663
343,2734
337,2563
388,3246
388,2965
388,2714
388,3407
409,3082
409,2941
406,3439
407,2903
407,2974
406,12028
403,5873
466,3743
463,7938
451,3980
458,2669
458,3350
450,2514
445,9996
458,4727
448,3141
440,2787
445,9894
439,4666
426,3292
455,7027
505,3681
483,6166
460,3233
432,5065
365,5131
328,2416
311,1720
302,6877
298,3377
314,4668
314,2739
314,1595
314,1592
314,6704
329,4136
326,4537
326,2505
327,1540
327,6573
326,3213
324,1962
320,1490
320,6044
314,3990
310,2551
310,7129
308,3938
303,2539
299,1779
287,6801
282,3275
278,1985
277,1560
274,2098
269,5851
261,4192
254,2812
246,1596
236,1771
530,4240
491,3727
413,3517
374,2977
418,8230
411,4332
404,3135
398,2919
398,9442
419,4856
419,8375
419,4482
420,3405
417,9504
417,4108
488,3507
487,10946
483,5329
484,3691
483,2661
472,7766
467,4161
467,5577
496,3356
488,2791
471,10350
466,4686
458,3205
501,5876
498,7161
549,3680
529,2613
514,10769
507,4182
477,2951
447,2073
385,6786
335,3508
322,2115
330,2091
325,2063
320,1878
320,1928
335,6735
335,5737
335,3069
336,2001
333,1884
333,6546
333,3495
333,2034
330,1564
327,5465
326,4041
321,2185
315,1712
315,1736
313,1689
308,5195
300,5299
289,2408
285,2699
281,5246
281,3881
275,2319
267,1521
258,5537
250,3649
238,1865
525,3509
462,3651
406,3043
374,3528
414,3513
410,2888
401,8728
401,5126
422,3302
422,6677
422,4324
423,8598
420,4799
420,3635
420,8483
491,4289
488,6864
481,3804
487,2652
482,3148
469,2647
469,2716
467,11770
491,5215
482,3407
463,3075
461,7475
455,4189
502,6226
560,7474
539,4021
519,2625
510,2574
488,2439
453,8953
398,6007
345,3016
322,1994
331,1556
326,1533
321,1492
321,1599
321,1740
336,5884
336,5905
336,3054
334,1823
334,5615
334,3473
334,2037
331,1580
328,1587
327,5687
321,4916
316,3810
316,2123
312,1800
309,1797
296,5474
290,4731
284,2328
281,3992
279,2951
272,1973
263,5114
255,3479
247,2176
232,5265
215,3351
429,3030
384,3348
368,2857
355,2797
406,3028
401,2820
401,8304
401,4512
422,6039
422,3667
422,11375
420,4944
420,3425
420,7835
419,4247
484,8217
478,4331
484,2939
472,11101
469,4911
469,3430
458,6603
484,3561
463,3095
454,12025
455,4529
455,3596
493,2639
475,2443
519,2468
502,9615
478,4724
447,3114
383,1964
334,5169
318,4581
309,3079
303,7950
321,3573
321,2318
321,5272
321,4915
336,4445
333,5172
333,4804
334,4382
334,5258
332,2592
328,5192
326,3150
320,5103
315,2906
316,2204
312,2208
307,5882
295,3927
288,2130
283,1759
281,5405
277,3409
269,1971
260,4609
254,4492
240,2316
226,4293
212,4194
177,3558
162,1802
154,1388
353,2397
348,2823
345,2659
401,3142
401,2879
401,8526
401,4524
401,6041
419,3663
419,2980
419,10469
420,4827
416,3410
411,7421
478,4038
473,7748
462,4193
469,8026
469,3540
460,2620
455,10121
440,4517
458,6451
450,3493
448,5565
454,6433
443,3529
475,6693
519,6139
505,3378
486,2259
462,2413
430,2572
368,2274
332,7353
318,4072
309,2279
326,1599
321,5697
321,3828
321,2056
321,1604
336,5573
336,4166
336,2469
334,1790
334,1819
334,2208
334,1537
332,1560
328,1572
327,1516
323,5345
317,5233
316,2340
316,1646
312,1466
309,1456
300,5097
290,5609
285,4068
281,2561
281,3508
276,1793
269,1952
261,4777
255,4616
247,4532
232,1936
515,3371
439,3550
386,2913
431,2957
413,3030
409,8474
401,4716
422,6701
422,3703
422,2928
423,11133
423,5507
423,3933
420,6606
491,3707
491,10239
491,4618
495,3125
488,2510
487,10900
481,4652
504,3322
504,6339
502,3530
491,9765
491,4338
473,2824
512,9360
572,4109
571,2753
563,9329
552,4009
531,2689
519,2377
495,2201
465,8663
434,4196
395,2413
356,1514
336,5736
331,3885
324,2079
336,5420
336,2978
336,4049
337,3964
337,4048
337,2448
334,1692
334,1677
334,5112
334,3603
332,2231
327,1611
323,1624
317,4912
316,4430
316,2181
310,3689
305,2730
293,4770
286,2417
281,1661
281,1680
275,4497
267,4461
257,1930
249,4449
235,2955
515,3311
438,3140
448,2861
429,2927
413,6889
406,3603
401,8870
422,4448
422,6137
422,7261
423,3983
423,2850
420,10812
490,5041
491,3487
490,7165
493,3916
487,2740
484,10703
472,4748
469,3334
504,6936
493,3771
486,2622
475,9914
464,4535
504,3156
503,2382
563,9542
542,4006
522,2884
518,2221
491,2384
462,2280
426,2309
358,1810
328,6072
335,5417
328,2649
323,1739
321,1701
336,5360
336,4195
336,2353
337,4038
334,3993
334,2036
334,1545
334,5266
332,3720
329,2116
327,5143
323,2755
317,1883
316,5038
316,3095
309,1896
304,1620
290,4899
285,4701
281,2027
281,3535
276,2634
267,4642
257,2407
249,4508
237,2342
224,4295
199,2687
399,2617
372,2849
413,2611
409,7060
401,3834
401,6269
401,3449
422,2746
422,10430
422,5202
420,3606
420,2453
420,10133
491,4979
486,3455
479,2386
487,2515
476,10051
469,4990
469,3518
464,2473
489,2452
472,2519
458,2309
457,2287
455,9383
499,5710
543,3354
523,5824
512,3230
491,2334
462,2257
413,2057
355,5959
324,5548
309,2664
326,1728
321,1697
321,5448
321,4622
321,3926
336,2091
336,1595
333,5297
334,3737
334,1992
333,1479
330,5333
326,3553
322,1917
317,1455
316,5163
316,5106
309,5073
304,3565
290,1863
285,4928
281,2698
279,1825
272,1813
263,4964
255,4731
249,2416
232,4558
214,3264
183,4094
164,1869
154,3264
152,3328
348,2337
345,2742
401,2828
401,2427
401,2528
401,10494
419,8975
419,4353
419,3576
420,6342
416,3782
411,2901
410,2829
472,11629
460,4623
460,3287
465,5796
458,3469
445,2667
432,10844
453,4557
448,3234
447,6987
442,3897
425,2648
410,2478
445,2399
472,9783
444,4159
381,2773
334,1643
319,5412
309,3520
305,2180
300,1879
300,6663
321,4215
321,4610
321,2535
321,4961
318,2921
333,4868
333,2905
333,4855
331,2838
328,6321
326,3364
318,1900
315,1577
315,1609
313,6189
309,5093
300,2485
290,4383
285,3619
281,4263
279,5753
275,2505
267,5525
257,2839
249,4052
238,4902
226,2079
203,1452
176,4164
162,4098
154,3010
152,3722
149,2792
345,2372
401,2782
401,2400
401,2476
401,8725
401,4328
419,2835
419,10493
419,5026
420,3459
416,2596
410,3412
477,2642
466,2501
460,2476
469,2459
464,10090
455,5158
440,3544
427,2399
449,9529
448,4362
442,6501
434,3481
417,2339
447,8818
430,4415
450,2851
395,1887
336,1656
322,6278
309,5024
303,4058
300,2126
300,1676
300,1682
321,5980
321,5514
318,3000
318,2068
333,7084
333,3132
330,2008
328,7250
326,3143
317,4352
315,5075
315,2566
309,6497
304,2778
293,2875
286,5082
281,2971
281,1569
276,1363
267,5026
257,3465
249,1982
238,1474
226,4628
203,4567
176,2131
162,1633
154,3534
152,3439
149,3676
146,2492
146,1843
146,3304
345,2355
401,2711
401,2573
398,2565
398,2463
419,10699
419,5208
417,3739
414,2631
410,10375
409,4616
399,6195
460,3402
460,6701
455,3655
458,2627
450,2478
432,2279
424,9543
448,5517
448,3471
442,2414
429,9286
418,4381
410,2882
436,2185
471,8631
442,3820
381,2420
334,5098
322,2532
309,5978
305,3015
300,1861
300,5847
321,3331
321,2172
321,1862
321,5929
318,3820
333,2132
333,4406
332,2817
331,4313
326,2585
322,1921
316,1846
315,5713
313,3673
309,2055
295,5552
288,3041
283,2003
281,5354
276,3711
267,4817
257,2240
249,3857
232,5082
212,2510
177,1507
160,3691
152,3539
150,2324
146,3260
146,2310
146,1756
146,1753
146,3297
398,2364
398,2799
398,2730
398,6094
398,7022
415,3900
409,2982
409,2948
401,3139
395,2952
395,2884
457,2957
450,11578
447,5612
438,3558
427,2944
420,6228
418,3739
415,8139
435,4353
422,3108
407,10573
402,4092
388,6909
408,3654
384,2421
366,3843
331,3056
317,3029
309,1887
305,1535
300,5195
300,3077
300,1779
300,2291
321,6381
321,3910
321,4291
318,2096
333,1553
333,2023
333,6407
333,3939
331,2481
326,4437
326,4461
321,4027
316,4518
315,4374
316,3940
310,1923
305,6178
295,3101
289,4351
284,4329
281,3509
279,3107
275,4268
267,3546
257,4181
249,2349
238,5152
226,2779
203,3186
176,1770
160,1536
152,4140
150,3763
146,1519
401,2561
401,2912
401,2680
401,2783
401,2698
419,3436
419,10930
419,5003
419,3606
416,2813
410,8601
475,4752
463,7504
460,4215
469,3137
458,8936
451,4508
432,6022
423,3271
448,2401
445,10784
432,4685
421,3274
408,2940
432,2411
459,9501
409,4049
351,2370
322,3996
309,2334
305,6819
300,3437
300,3777
300,4800
321,4353
321,3742
318,4802
318,2712
318,4782
333,4729
331,4316
327,2155
326,1556
321,6516
315,4053
315,4978
313,2728
308,1523
304,6411
292,3114
288,1987
283,4797
281,2675
277,1617
272,6140
265,3133
257,1856
249,5873
239,2868
228,1670
213,1942
185,1386
164,1198
160,4690
152,5704
150,1831
149,1639
146,1277
146,3992
401,2885
401,2826
401,2874
401,3305
419,2690
419,2867
419,11292
418,6569
411,3921
410,3432
401,2946
460,10813
460,4521
451,3671
455,6091
433,3668
424,2981
418,2955
445,11907
435,4423
414,3597
401,6452
388,3473
366,7807
361,3933
339,5994
321,5607
308,4845
303,6870
300,3301
300,5985
300,5473
300,3008
300,8253
318,3453
318,2447
318,5867
318,5613
317,2968
329,5936
325,5752
321,2988
316,7775
315,3632
315,2449
308,5578
303,3920
289,5067
285,2781
281,6673
281,4106
276,3823
267,6963
257,4592
249,4832
237,6880
222,3451
199,2299
168,5925
160,3662
152,2237
150,2220
146,2164
146,4746
146,4984
146,3258
146,2062
146,2175
143,1994
398,2361
398,3207
398,2575
397,7619
410,4230
409,6485
404,3964
395,3098
395,11805
393,4933
449,3920
443,6468
424,3761
424,11330
418,4261
417,3490
409,8021
395,4130
407,8450
394,4221
379,3053
357,10229
318,3707
305,2197
290,7504
308,3522
304,5337
299,4804
300,5471
300,2896
300,2102
300,2183
300,2111
297,2035
318,7013
318,4136
318,2432
316,1629
327,6957
325,3315
320,4214
315,2358
315,1990
313,2067
308,1977
300,1981
289,6644
284,4856
281,4584
281,2455
276,1843
268,6319
260,3869
254,2185
240,1853
228,6018
213,5837
183,3910
164,2122
158,3412
152,3466
150,2521
146,2453
146,2593
146,2463
146,2512
146,4556
146,4303
143,2494
398,2254
398,2924
398,2398
398,2551
415,2617
409,9445
409,4653
401,6703
395,3851
395,8433
458,4564
450,6046
447,7153
438,4181
427,7389
420,4009
418,2653
415,2432
435,9269
422,4724
407,3678
402,6452
388,3646
408,6662
429,3638
366,2287
332,7703
318,3500
309,2030
305,7398
300,3404
300,2321
300,7246
321,3465
321,2510
321,2032
321,2125
318,1987
333,7044
333,3562
333,2195
331,1530
328,6921
326,3873
321,5006
316,2596
315,6528
316,3438
310,2169
305,1670
294,1616
288,6368
283,4716
281,2686
279,2040
272,6316
265,3543
257,2295
249,4493
237,3545
226,4403
203,2478
176,2028
162,4859
152,4746
150,2477
149,4405
146,2982
146,3358
401,2314
401,2941
401,2422
422,2825
419,6356
419,3549
420,9433
419,4576
416,6904
410,3981
477,10615
465,4123
460,3128
469,2607
464,11422
457,4678
442,3681
458,6536
450,3645
448,10206
452,3964
442,3113
425,2121
455,2488
502,2537
472,2386
444,2331
385,2251
335,1946
322,2075
309,2066
305,2233
300,7132
321,5143
321,3213
321,2099
321,1994
336,7506
333,3619
333,2113
334,1596
334,7013
332,3885
329,2532
326,1948
321,6943
316,4531
316,2763
316,2034
310,2067
305,6884
293,3806
288,2405
283,5065
281,3738
276,4984
269,2968
261,2529
255,6357
241,3682
229,4452
213,2612
183,5069
164,3286
158,3488
152,2480
149,2603
146,4245
146,4227
401,2290
401,2819
401,2419
422,2326
419,3229
419,6228
420,7554
420,4149
416,7882
479,4292
478,8409
469,4335
469,7331
469,3958
465,3175
458,2671
445,2568
462,3837
453,10857
448,4652
454,3760
443,2419
471,2571
457,2581
502,2874
480,2630
446,2405
391,2303
336,2036
322,1971
309,2105
305,2673
321,2949
321,2972
321,2928
321,3016
321,3131
336,3031
333,3093
333,3043
334,2899
334,2925
331,2861
328,2884
326,2866
318,6903
316,4045
316,2469
312,1891
309,6795
296,3955
290,2389
284,1911
281,1888
279,1865
272,1865
263,6458
256,5767
249,2839
232,4518
218,3366
187,5398
164,2758
158,1869
152,4720
150,4740
146,4657
146,3590
146,2084
401,2424
401,3021
422,2643
419,2759
419,8232
420,4270
420,8104
416,4449
411,3143
478,12067
472,4741
460,3702
469,6391
467,4064
458,2937
451,2887
462,2819
454,2943
448,2674
448,2856
448,2802
432,2631
459,10777
505,5199
484,3219
457,2558
411,2401
356,2105
327,2024
310,1811
306,7358
302,5441
321,3415
321,2312
321,2113
321,2073
321,6989
333,4220
333,2849
333,2013
334,1987
332,7200
330,3941
326,2349
322,1517
316,1834
316,6617
316,4147
310,2382
305,4971
294,3194
288,6282
283,3264
281,6203
277,2721
270,4592
261,3373
255,4585
241,3271
231,5737
214,3022
183,5102
164,3017
158,4614
152,4516
149,3318
146,4181
146,4193
146,3322
401,2381
401,3347
422,2525
419,2425
419,2533
420,2941
420,2806
416,2873
478,11469
478,5276
472,3500
469,3030
469,2850
467,2700
458,11328
451,4644
463,3619
454,2378
448,10576
455,3953
449,3163
478,2227
459,2716
506,2550
486,9790
458,4230
415,2825
356,4631
328,2604
313,1904
306,1896
302,1784
321,6981
321,4539
321,2973
321,3938
336,2690
336,6988
333,2975
334,2234
334,6743
333,3394
331,2206
326,1848
324,6665
317,3885
316,2352
316,4826
312,3694
309,4880
296,4136
290,4841
284,2900
281,6134
279,3490
273,2297
267,1907
257,1907
249,5686
238,5951
226,2501
203,1766
176,5204
162,4844
154,2571
152,4647
149,3288
146,2385
146,1700
401,2391
401,2984
422,2630
422,3096
419,6908
420,3840
420,2586
420,2993
486,2987
479,2975
478,3161
478,3015
469,2812
469,12012
465,5188
458,3589
481,2587
462,2698
454,2789
455,2693
455,2772
496,2613
539,2662
519,2836
506,2992
491,3074
461,2839
421,2747
358,2595
328,7847
313,4013
331,2629
323,6984
321,3343
321,2330
321,6956
336,3853
336,2346
336,7376
334,5615
334,3570
334,1848
334,5607
331,3382
328,2429
327,2406
319,2457
316,7257
316,3860
312,2143
309,7195
296,3481
290,5264
284,4557
281,2617
279,2090
273,2084
265,6527
257,5048
249,4157
237,2304
220,1963
197,5598
167,3433
160,2033
152,1883
150,4293
146,4124
146,4137
401,2286
422,2780
422,2697
422,2535
420,2736
420,10687
420,4959
420,4017
488,2671
483,2803
478,2890
482,11777
471,4744
469,3630
469,2611
491,2695
484,2776
467,2704
463,2659
455,10927
455,4764
497,3598
540,7052
522,3820
509,2566
491,2645
462,2596
426,9763
358,3596
328,2393
313,1576
328,7547
323,3322
321,2342
321,7246
321,3604
336,4212
336,2393
336,7112
334,3530
334,1743
334,5995
333,3568
330,2540
326,1933
323,2052
318,7039
316,3875
316,2470
312,6549
305,5933
295,2897
288,1972
283,6462
281,4238
277,4660
270,4420
262,4052
255,4129
247,2386
232,1671
217,5519
187,3313
164,1399
158,1324
152,3920
150,3664
146,3587
146,1857
401,2667
422,2713
422,2582
422,2743
420,7309
420,4269
420,3120
490,8557
488,4876
481,3418
487,5931
482,3861
471,7510
469,3985
469,6726
491,3647
484,2445
467,9615
463,4352
456,2731
503,7532
497,3826
543,6728
523,3915
512,2553
496,9230
466,3707
434,6492
371,2931
332,4678
318,5695
331,5055
324,2861
321,1683
321,1482
336,1709
336,7715
336,4355
337,2738
334,1582
334,1439
334,1676
334,6798
331,4196
328,2549
327,1671
322,6519
317,3195
316,1922
314,6353
309,2902
304,1874
292,2123
286,5897
283,4104
281,2502
276,1618
269,5469
260,3190
254,1792
241,3947
229,2817
213,1716
183,4301
164,2670
158,1582
152,1938
150,1595
146,1402
422,2566
422,3020
422,2768
423,3544
423,6521
420,4178
420,3290
491,2737
491,12427
488,5358
489,4015
487,7337
482,3962
471,7926
469,4548
504,2953
491,2914
486,12727
475,4590
464,3899
504,7299
571,3662
563,2643
543,6766
533,3541
520,5757
497,3578
473,2370
438,2322
372,9617
358,3777
340,4887
331,4183
326,2195
321,6514
336,3255
336,1815
336,6545
337,3041
337,1800
334,6501
334,3200
334,2037
334,2003
341,6069
339,3562
335,2394
331,1514
325,6302
332,3382
332,3925
328,1983
321,1780
309,5970
302,3390
298,1853
295,4140
293,2877
286,4185
279,2496
269,1506
259,1620
247,5354
228,4378
204,1939
179,3502
162,2024
154,1374
152,3548
426,2857
423,2956
423,3034
424,6313
424,3830
424,2726
421,3361
492,3003
492,2932
501,13061
500,4906
494,4074
488,3292
485,2851
508,11848
505,5050
505,3411
501,3150
495,3504
528,2886
515,3118
574,2715
572,2610
566,3064
556,2670
535,2537
523,2976
499,2569
473,2335
437,2762
399,2209
357,8277
340,3722
331,2249
339,1558
336,2175
336,7264
337,3849
337,2793
337,3326
337,2178
334,7039
334,3312
334,2101
343,5430
340,3204
337,2288
335,1841
334,6882
332,3294
332,1961
328,4529
321,2884
310,4187
304,2456
298,6734
295,2780
293,4619
286,2639
277,5433
267,2790
259,4246
245,1970
225,1361
196,1766
167,1077
162,1030
154,1094
152,1122
423,2562
423,3126
423,2689
424,3000
424,2897
424,11821
492,5320
492,3716
492,8290
501,4139
498,3300
490,3592
488,2980
483,3337
507,12710
505,5183
503,3490
499,2980
492,2858
521,3176
580,2945
572,2864
571,3251
572,11659
550,4916
528,3125
514,2502
492,2460
461,10412
446,4304
382,2432
352,2157
332,1588
328,1777
338,6686
336,4590
336,2896
337,2079
337,6495
337,3402
334,1974
334,6418
334,3325
343,3533
341,1933
338,1584
335,1633
331,1575
333,6261
332,3917
332,4508
324,2545
318,4299
304,2056
299,1886
295,1425
295,5955
289,3740
281,2170
269,1646
259,6625
247,5448
228,2496
201,5876
168,2913
162,1850
154,1839
152,1717
148,1224
423,3547
423,3698
424,2944
424,3466
424,3103
421,3706
492,3184
492,6373
492,5285
496,3313
490,2863
488,3036
483,3068
505,3423
505,3406
503,3272
492,3093
490,3147
471,2853
511,2797
572,5264
571,5234
563,5632
549,3049
528,3212
514,3118
492,2763
461,2628
414,2702
382,2176
352,1959
332,1568
328,1666
323,1499
336,1485
336,1484
336,1513
337,2324
337,3014
334,1779
334,1670
334,1554
334,1722
342,1808
339,1554
335,1810
331,1850
326,1782
332,1742
332,1778
328,1769
319,2403
309,2242
302,1534
297,2708
295,1714
291,1652
284,2463
276,1618
266,1609
255,2490
241,2282
220,2274
188,2285
167,1832
160,1764
154,1725
152,1507
148,1366
423,3650
423,4099
424,3355
424,4330
424,3866
491,4327
492,6396
492,5761
501,6804
496,3755
489,3454
488,3462
479,3290
505,5174
505,4665
499,3876
498,3512
484,3342
519,3316
510,3347
572,3340
569,3372
557,3275
546,3825
528,3384
511,3235
489,3408
450,3001
397,2776
407,3326
382,3681
367,3836
362,4034
371,2310
371,2140
371,2153
372,2015
372,2747
372,2186
369,2159
404,1739
404,1943
404,7144
411,4847
406,3252
403,2116
398,1706
397,6965
396,4103
394,2373
388,1882
379,2099
364,2088
357,6492
351,4259
351,2491
346,1958
333,1620
321,1610
310,1570
298,5007
283,5475
256,3041
221,1871
197,1711
186,1606
184,1614
178,1810
178,2054
438,3087
438,3395
439,3272
439,3236
436,8834
507,4884
507,3390
507,3638
514,3885
508,3336
503,13800
500,6344
486,4157
519,3687
519,3611
506,3515
506,3759
488,3567
525,3500
584,3515
584,3434
575,3634
561,3315
542,3322
525,3213
503,3238
472,3011
426,2901
433,2554
398,10024
374,4870
370,3093
363,2152
376,2112
376,2277
376,8833
377,4866
377,3544
374,2072
409,2283
409,8733
409,4121
416,3137
413,1831
408,8543
403,3493
394,2407
401,1804
401,2129
393,2137
387,8387
368,4468
361,3343
355,5006
355,2754
350,7902
337,3567
325,2465
314,2242
301,2069
282,2060
255,2115
217,1928
198,1951
188,2128
185,2369
179,2539
179,2695
179,2684
439,3076
440,3389
440,3297
437,8372
437,4726
508,3300
508,3372
503,3430
506,3585
504,3440
498,3379
485,13209
520,6448
515,4301
506,4117
499,3216
484,9797
474,5236
517,3641
582,3169
565,3198
544,3076
537,3108
521,11825
488,5599
459,3852
395,2398
344,2215
387,2105
373,6942
365,4918
361,2927
361,2099
376,8507
376,4180
376,3133
377,1940
374,8924
374,3847
409,2978
408,1900
405,8828
408,3740
404,2679
395,1815
393,8455
393,3986
395,2257
388,1798
373,2052
362,1984
357,2032
355,1899
350,2103
337,2285
325,2380
314,2701
301,2727
282,2624
252,2417
211,2256
198,2150
188,1693
185,1923
179,1781
179,2123
179,2092
179,2193
179,1695
439,3048
437,3307
437,3239
437,3315
507,3183
501,3352
495,8028
501,4576
488,3271
485,3410
485,3401
476,3283
500,13161
478,5832
468,4003
469,3099
469,3196
507,3255
489,3241
532,3144
515,11815
490,5554
459,3644
395,2476
344,6234
326,3109
315,2110
308,2091
361,2007
361,2051
361,2318
361,2299
376,2296
373,2330
373,2462
374,2518
374,2110
371,2001
367,1984
399,1966
389,1956
384,2143
393,2108
389,2124
381,2117
366,2035
362,2006
355,2291
355,1694
347,2837
335,2874
322,2970
311,2429
294,2366
271,2295
233,1973
203,1749
188,1725
185,1392
179,1325
179,1511
179,1743
179,3166
179,4296
179,4239
176,2561
176,2496
176,1995
176,1668
433,2998
427,3541
427,3172
418,3014
476,8450
476,4410
474,3748
474,3412
471,3241
453,3165
442,3002
464,3002
462,3066
461,2974
452,2960
445,2994
428,2848
466,10469
503,6091
478,3899
451,2659
396,2849
347,2427
331,2327
316,2544
312,7530
308,5909
361,3155
361,1989
361,1881
361,1944
361,1863
376,7648
376,5619
373,3148
374,2543
374,5153
374,2876
407,2334
405,7593
399,3647
406,2532
398,1687
393,1631
393,7608
393,4070
395,2496
388,2148
377,1581
365,1548
360,7020
355,3961
353,2370
349,1741
337,6676
327,3344
320,1954
304,1473
290,6002
272,4071
235,1795
209,1194
196,1120
188,1160
185,1662
179,2365
179,2668
179,2655
179,2726
440,3132
440,3776
437,3336
507,3316
508,4084
508,3528
515,3253
509,3965
504,13022
501,6114
487,4556
520,3169
520,3808
509,3836
509,3260
490,3844
527,3308
518,3056
585,3551
577,3419
556,2976
544,3569
532,3137
506,2865
476,3038
443,2965
378,3098
402,2736
378,2715
373,2611
365,2515
382,2495
382,2623
382,2576
383,2531
383,2494
383,2598
380,2424
415,2527
415,2471
414,2442
421,2500
414,2423
412,2515
403,2373
407,2358
407,2377
403,2483
396,2357
389,2364
377,2255
370,2358
367,1602
363,1626
357,1720
345,1868
334,2021
323,2229
307,2197
288,2114
251,2303
219,2303
206,2070
198,2000
195,1989
189,2073
189,2514
189,2479
189,2480
445,3076
445,3652
442,3685
513,3531
513,3553
513,3632
517,3506
510,3524
509,3289
500,3359
490,3193
525,3201
520,3344
511,3164
509,3218
489,3166
528,3017
590,3155
587,2980
572,3058
563,2903
544,2837
527,2823
503,2759
466,2577
406,2337
416,2100
394,2004
377,1948
372,2063
365,1994
386,2120
386,2184
386,2170
387,2165
387,2176
384,2094
419,2141
419,2153
419,2088
425,2128
420,2131
418,2102
408,2087
403,2084
411,2054
407,2085
400,2074
393,1986
381,1983
374,1941
371,1901
367,1922
358,1903
346,1883
338,1851
321,2029
306,1950
287,1861
246,1809
218,1618
204,1570
201,1930
195,1875
192,1826
192,1832
192,1834
192,1833
192,1830
445,3047
445,3414
445,3343
516,3206
513,3522
505,3232
512,3275
507,3373
493,3287
493,3325
523,3308
514,3310
500,3258
485,3112
482,3085
477,3045
522,3055
573,3052
550,2965
535,2894
519,2852
493,2778
457,2665
389,2348
347,2070
326,1947
379,1912
371,1865
367,2010
367,2170
367,2153
388,2355
388,2362
388,2398
386,2334
386,2335
386,2319
419,2321
417,2337
411,2286
416,2302
407,2290
405,2287
405,2268
399,2273
400,2238
385,2231
374,2198
375,2174
373,2156
368,2168
355,2112
345,2058
332,2040
320,1970
305,1902
276,1849
239,1586
214,1574
201,1728
198,1932
193,1909
193,1837
193,1856
193,1881
193,1852
193,1867
190,1812
190,1827
446,3180
446,3588
513,3426
509,3501
504,3497
510,3332
497,3307
494,3359
494,3361
485,3359
511,3433
495,3383
481,3331
480,3344
478,3186
523,3211
512,3158
552,3082
537,3014
524,3001
507,2923
470,2799
416,2513
361,2323
337,2158
323,2086
375,2209
370,2323
366,2287
366,2527
387,2542
387,2511
387,2517
388,2523
386,2509
386,2475
386,2483
421,2494
418,2528
413,2482
420,2477
415,2477
405,2447
405,2460
411,2457
405,2426
400,2449
391,2371
382,2315
375,2330
373,2277
369,2244
360,2236
351,2238
340,2174
331,2214
317,2106
298,2028
269,1863
236,1684
214,1625
201,1816
198,2721
195,2824
193,2919
193,2850
193,2095
193,2147
193,2091
449,3182
446,3862
517,3545
517,3487
517,4186
521,3669
514,3565
513,4131
507,3817
494,3923
529,3794
526,3699
516,3683
514,3778
493,3606
533,3676
594,3560
593,3187
584,3194
570,3125
549,3075
534,3067
513,2983
482,2900
438,2768
442,2352
405,2165
385,2045
377,1991
370,1970
387,2085
387,2263
387,2267
388,2471
388,2880
388,2877
421,2857
421,2831
421,2846
429,2850
427,2850
420,2878
418,2733
410,2798
413,2810
413,2866
409,2895
410,2805
397,2827
386,2753
378,2669
373,2732
371,2657
365,2221
354,2216
343,2169
332,2115
319,2055
304,2001
273,1917
238,1910
214,1998
201,1835
198,2013
195,2631
193,2619
193,2591
193,2606
193,2650
449,3293
446,4057
517,3395
517,3771
517,3585
524,3790
519,3817
513,3664
510,3711
532,3795
529,3593
529,3729
525,3743
518,3652
499,3609
536,14577
595,6039
594,4008
585,3440
572,3512
552,10003
538,4701
513,3357
483,2994
442,2970
442,2785
405,2517
381,2435
377,2273
391,2419
387,2206
387,2493
388,2283
388,2283
388,8981
386,4868
421,3295
421,2133
421,2134
428,2295
425,2183
420,2067
415,2155
406,2113
413,2199
411,2230
405,2193
402,2381
386,2397
379,2256
373,2224
371,2093
365,2142
353,2179
343,2018
331,2072
315,2123
296,1920
258,1863
224,1705
209,1789
201,1598
198,1825
193,1791
193,1734
193,1733
193,1816
193,1705
193,1732
446,3190
517,4126
517,3585
517,3739
521,3583
513,3607
512,3488
501,3702
494,3639
529,3644
522,3895
514,3635
504,3610
488,3613
528,3430
526,3388
588,3410
571,3346
548,3302
543,3241
520,3204
491,3144
457,3059
390,2647
411,2496
385,2374
380,2204
372,2209
366,2117
387,2296
387,2290
387,2269
388,2532
388,2522
386,2467
421,2442
421,2444
420,2509
426,2407
420,2416
416,2358
407,2352
405,2270
413,2311
407,2026
400,2032
391,1993
380,2162
373,2101
373,2094
368,2082
355,2042
343,1998
332,2197
320,2190
302,2075
271,2206
232,1975
213,1786
201,1135
198,1219
193,1364
193,1272
193,1269
193,2357
193,1788
193,1006
190,955
190,1749
446,3808
517,4125
512,4025
504,3864
512,4229
501,4074
494,3460
494,4112
522,14453
512,6025
495,3864
481,3307
480,3151
478,4017
522,3319
565,3205
545,3794
534,3183
515,3028
484,3641
447,2957
377,2369
342,2801
323,2131
377,2126
370,2680
366,1994
366,1997
366,2683
387,1958
387,2157
385,2557
386,8639
386,4341
386,2952
418,1840
413,1822
411,2101
412,1930
405,2301
405,2193
401,1900
395,2405
389,1866
377,1786
370,2331
373,1997
369,1841
358,2519
347,1716
338,1704
320,2447
305,1571
278,1467
239,1656
214,1153
201,1104
198,1341
193,1067
193,4715
193,4383
193,2330
193,1542
193,1660
190,1502
190,1872
190,1531
190,1460
189,1923
503,3773
503,3692
492,3365
494,3445
494,4175
489,3364
480,3954
465,3475
480,3313
472,3949
471,3412
474,3441
458,3762
485,3226
475,3228
508,3837
480,3184
440,2893
374,10601
342,4835
323,3540
318,2575
310,2030
310,8468
366,4593
366,2799
366,2375
366,2130
385,2088
385,2130
385,2237
386,2229
383,2533
377,2172
375,8377
400,4488
396,2855
396,1912
399,2410
393,8210
378,4283
367,2794
367,4963
367,2708
361,2402
349,1846
343,1934
331,2296
317,2057
296,1575
257,1933
224,1260
209,1170
201,1421
196,1254
193,1153
193,1405
193,4602
193,4847
193,2063
190,1332
190,1327
190,1381
190,4597
190,4738
188,1904
187,1358
186,1859
182,1330
485,3404
485,3997
476,3975
480,3915
465,3387
451,3515
443,3760
441,12517
470,5837
461,4018
445,2982
436,3391
425,3101
453,2878
481,3278
451,4192
388,2411
349,2664
333,9351
322,4913
318,3259
310,2129
310,1865
366,8589
366,4688
366,2924
366,2416
366,8591
385,4229
385,2814
385,1917
386,2056
384,8652
382,4335
411,3260
409,4784
401,2564
405,1950
405,2035
405,8231
399,4131
393,2659
389,1762
379,2377
373,2160
373,7940
373,4013
369,2610
363,1704
353,7826
343,3959
338,2214
323,2237
317,7323
305,3805
289,2515
249,1367
224,5528
214,3436
204,1659
201,3971
198,3518
195,1936
193,1462
193,1588
193,1450
193,1826
193,1597
193,1458
520,3955
517,3636
517,3843
526,4034
526,3700
524,3814
518,4204
549,4252
545,4559
532,4330
536,3577
536,13815
525,6220
570,4286
619,3586
604,3465
595,3468
603,3471
595,14091
573,5339
553,3695
541,3410
513,3394
567,3597
522,3375
445,2790
405,2591
385,2598
398,7775
391,5119
387,3134
388,2185
388,2015
388,2043
423,2035
421,1994
421,7986
430,5160
430,3170
428,2197
426,1996
420,2231
424,2207
415,2341
413,2472
419,9297
413,4467
406,2854
391,2104
382,1906
375,1939
373,1890
368,1772
357,1873
345,1990
338,7135
321,5725
305,2890
288,1873
241,1463
218,1358
204,1434
201,5042
196,4960
193,3379
193,2081
193,2092
193,2748
193,2749
520,3398
517,4012
526,3584
526,4016
525,3891
521,3928
513,4139
548,3909
535,3879
529,3979
536,4186
529,4313
571,3943
554,3858
606,3958
596,3888
594,3878
597,4025
580,3808
557,3775
544,12503
520,5795
491,3853
541,9245
462,4069
411,2686
386,2593
401,2587
393,2474
387,8940
388,4563
388,3379
388,6543
388,3670
423,2480
421,2362
421,2260
430,2337
429,2372
426,2325
420,2235
424,2415
415,2115
413,7978
419,5026
413,3142
406,2102
391,7859
382,4113
375,2563
373,9089
368,3807
358,2572
347,8707
338,4009
321,2666
305,2415
285,2299
241,1909
218,6141
201,5842
198,3322
195,6043
193,6120
193,3510
193,2215
193,2184
193,2209
190,5753
517,3327
517,3859
526,3535
523,3644
515,3891
513,3967
508,3915
529,4006
529,14271
526,5707
523,4147
508,3822
542,3752
600,3782
594,3791
591,3839
583,3638
561,13068
544,5649
528,3843
496,8611
459,4794
462,2907
411,2744
386,2615
380,2523
372,2458
387,2478
387,2538
387,2551
388,8978
388,5015
386,3125
421,2067
421,5734
421,4158
428,2512
423,2003
420,1962
415,7550
405,5086
413,3157
409,2093
402,1909
395,1929
383,1967
376,1963
373,6966
369,5777
358,3441
347,4460
338,2724
320,2291
305,2228
276,2168
236,6402
213,6041
201,2803
198,1750
193,1659
193,1646
193,5505
193,4977
193,2863
193,5313
190,3766
190,3943
190,2754
190,2745
509,3408
504,3756
508,3541
496,13546
494,6100
494,4115
518,10011
511,5006
492,8170
487,4756
479,3416
526,3359
522,3480
565,3539
547,3330
535,3241
519,3302
491,3171
458,3237
390,2915
349,9976
333,4824
380,3425
372,2042
366,2311
366,9048
387,3925
387,3171
387,4596
388,2761
386,2358
386,2267
386,1859
421,7083
418,4168
414,3068
420,4771
415,5766
405,3098
405,2338
411,8587
405,3647
395,2143
380,1708
378,8118
373,3479
371,2409
363,4370
351,3036
340,5707
331,3663
313,2452
294,2399
251,2161
224,1994
209,1907
201,1898
196,2082
193,2239
193,2258
193,2581
193,2594
193,5356
190,5247
190,3906
190,2496
190,1974
190,5393
188,5368
504,3119
508,4209
496,3294
494,3733
494,3813
483,10504
509,5053
487,3790
477,8317
478,5005
478,3610
519,3560
561,3742
541,14289
526,5582
510,3745
474,3149
418,2966
363,10856
336,3792
322,6193
375,3270
366,7048
366,4128
366,2857
366,2501
387,9727
387,4350
385,3252
386,5747
386,3328
386,2480
418,2557
413,9530
411,4266
412,3169
405,5246
405,3004
401,2453
397,2364
391,8973
380,4173
372,3130
373,5925
371,3202
363,2531
351,8516
340,3664
331,2347
313,1718
294,2050
253,1931
224,6898
209,5920
201,2935
196,6332
193,3188
193,2246
193,6071
193,3817
193,2638
193,2659
190,2479
190,2568
190,6183
190,4887
189,2581
187,2226
186,2179
491,3214
494,3645
494,3569
489,3347
482,3489
497,3496
481,10201
473,5342
471,3680
475,10152
465,5337
492,7620
537,8693
524,4715
492,7238
468,8092
403,4054
350,2526
334,2241
322,2118
318,2070
366,8398
366,6503
366,3642
366,2317
366,2076
387,8479
385,4447
385,3051
386,2059
386,8310
384,4299
414,2781
411,2062
406,2097
406,2072
405,2078
405,2065
397,2023
392,8017
385,4646
376,2886
369,2017
373,7147
368,3779
358,2216
347,1722
339,1727
323,6440
311,4563
291,2529
249,1786
224,1597
209,4674
201,4603
198,3285
193,1937
193,1966
193,4209
193,4311
193,2337
193,4223
190,2543
190,1850
190,1795
190,4153
190,4170
188,2160
187,3123
510,3200
500,3570
494,3445
494,3477
489,3386
514,3276
497,3306
481,3311
481,3157
478,12916
525,6206
512,4005
553,3145
541,3037
525,2995
510,3066
474,3019
422,2697
369,2351
338,2118
323,2123
377,2281
370,2233
366,7739
366,4950
387,3100
387,2147
387,1964
388,1973
386,1945
386,1927
386,7630
421,5344
418,3195
413,2107
420,2039
414,2056
405,7437
405,5068
411,3126
405,2053
399,1772
385,1778
382,1706
375,1837
373,1957
369,2139
360,7007
350,4779
340,2861
329,1918
313,1693
296,1625
263,6053
226,5360
213,2707
201,1741
198,1694
195,4576
193,4446
193,2443
193,1619
193,4461
193,4367
193,2333
190,1577
190,4181
190,4258
190,2251
521,3239
514,3681
513,3342
507,3637
494,3372
529,3821
526,3586
516,3630
514,3761
494,3747
533,3468
594,3636
593,3736
585,3568
571,3187
552,12872
537,5791
513,3900
484,3018
451,2979
456,2637
408,2387
385,2329
380,8609
372,5079
387,3067
387,2254
387,2067
388,8112
388,5252
388,3316
421,4769
421,2643
421,2096
430,2103
427,7972
423,4766
420,2985
415,6849
414,3380
413,5882
413,5608
411,2986
406,2047
391,2033
382,7551
375,4391
373,2678
369,2057
360,2094
348,2086
340,7128
323,5689
313,2998
294,2144
257,2005
224,1802
213,1622
201,1539
198,1941
193,2137
193,2143
193,2132
193,2121
193,2144
193,2121
190,2013
190,2036
190,2006
526,3392
525,4253
519,3788
513,3962
546,3749
535,3787
529,3681
536,3660
529,14955
519,6407
554,4376
606,3597
596,3462
594,12339
597,5249
580,3926
560,8572
544,4658
528,7117
496,8153
547,4348
469,2691
414,9168
394,3907
380,4915
396,5741
387,3038
387,2179
388,2149
388,2129
388,2155
424,2172
422,2121
422,2131
431,8086
431,5436
428,3253
424,2218
421,2005
424,2135
414,7708
414,4573
418,2852
412,6479
403,3185
387,2125
380,1839
374,7255
375,4262
370,5045
357,2675
345,2090
333,2015
320,2004
305,7253
280,4668
239,2540
218,1570
203,4277
198,4131
195,2659
193,4999
193,2586
193,1570
193,1685
193,5519
190,3651
190,2157
190,3627
526,4039
524,3912
519,3636
513,3990
545,4315
532,3804
529,10560
536,5137
525,3821
570,8666
549,5298
605,3609
595,4177
594,3785
594,4084
572,4200
553,3238
536,3532
513,3698
482,14090
514,5594
442,3240
405,2244
381,2182
396,9892
387,6801
387,3499
388,2539
388,2043
388,2135
388,2004
422,8097
422,5283
422,3195
431,2220
429,8156
424,3835
421,5245
424,2797
414,5893
414,3467
417,2238
411,7747
398,4050
387,2563
379,1823
374,7262
370,4316
365,2522
353,5280
342,2825
329,1957
313,1924
291,1886
249,5692
222,5464
204,2433
201,1751
196,4863
193,4758
193,2447
193,4777
193,2807
193,2003
190,1910
190,4481
190,4401
190,3384
190,2032
518,3368
513,3774
508,3620
529,3820
529,3598
526,9048
516,5036
514,3647
493,3586
533,3475
594,3383
591,12504
575,6012
562,3999
546,3140
530,3171
497,3098
465,2930
396,10492
414,4753
392,3247
380,2134
372,2180
366,2095
387,2059
387,8164
387,4951
388,3182
388,2120
386,1997
422,2398
422,9381
420,4009
427,2971
421,1938
417,2013
407,2892
406,2114
414,2314
406,9755
400,5230
387,2818
380,2457
374,2212
374,8979
368,3749
356,2475
344,1777
332,2259
319,8425
300,3431
271,2486
236,7060
213,3455
201,1918
198,1910
193,6076
193,4162
193,2496
193,2195
193,2133
193,2052
190,2064
190,2017
190,5765
190,5535
190,2777
188,1969
187,5297
508,3271
496,3718
494,3914
527,3479
516,3722
507,7509
494,4404
484,3341
526,3280
525,3346
580,3339
559,3263
541,3170
531,13008
509,5729
470,3828
410,2660
352,2419
336,2068
380,8251
375,5246
366,3618
366,2142
387,2397
387,2642
387,2118
388,2195
386,2834
386,2652
386,3099
421,9742
418,4618
412,3125
417,2189
408,6738
406,3497
406,2746
408,2400
400,2334
381,2317
374,2313
374,2293
372,8989
366,4528
354,3058
342,1911
331,6297
313,3748
294,2614
251,7420
224,3541
209,4417
201,2270
196,1976
193,1918
193,6012
193,5032
193,2489
193,1844
193,5966
190,3614
190,2429
190,5585
190,3642
189,2411
187,5753
186,3687
183,4287
180,2545
494,3600
485,4353
480,4335
495,4176
480,4175
472,4030
478,4064
472,4304
504,4118
544,3730
533,3748
508,3786
483,3420
435,3312
374,2993
338,2711
323,2553
318,2594
366,9931
366,5191
366,3682
366,2431
366,2535
387,2437
385,9793
385,5022
386,3318
386,2396
383,2330
413,2325
410,2487
402,2308
406,9625
406,5217
402,3090
394,2279
379,2253
400,9224
393,3987
391,2996
391,6556
377,6314
363,3240
351,6636
352,3850
326,2360
284,2194
240,6519
225,4375
215,2538
210,5709
207,3479
207,1752
207,4860
207,4966
207,2678
204,4260
204,2135
204,4310
204,3138
203,3468
202,2483
201,3016
197,2293
194,1480
194,4207
189,2961
187,1375
181,4135
455,3890
448,3571
477,4060
473,3626
464,8983
449,4816
441,3329
429,3931
456,3267
485,13847
458,5761
395,3833
352,2349
337,2788
324,8875
320,4528
316,5729
311,2886
367,8924
367,3843
367,2502
367,2061
367,2205
388,9395
386,4585
386,2914
387,2023
387,2661
386,9506
420,3807
415,5826
413,3082
418,2128
409,2322
407,2059
407,2676
405,2753
434,8831
427,4605
414,2798
411,4829
404,2794
400,5499
421,2908
416,2012
411,2251
398,8138
386,3547
378,2477
360,3578
344,2761
323,7050
284,3015
243,1904
229,4997
215,2892
212,2173
209,4549
207,2752
207,2760
207,4464
207,4926
207,2527
207,1499
204,1481
204,4631
204,2987
204,1605
202,4726
520,4176
517,4822
539,4751
536,4629
536,4064
532,4246
524,4468
558,4009
542,4234
601,4010
600,3884
594,4330
580,3791
559,3700
547,4087
522,13156
492,5353
458,3711
463,2692
412,2395
387,10197
381,4537
394,2785
388,2646
388,2180
389,9316
389,4412
389,2846
389,2128
423,2669
423,2267
423,2347
432,2383
429,9144
424,5149
422,3150
447,6417
442,3679
442,2217
443,2135
437,9519
423,4327
411,2683
426,2410
421,2009
418,2084
412,8864
396,4225
383,3144
370,5336
352,2723
329,6724
290,3390
249,1749
229,6115
215,3576
212,1808
207,1395
207,1511
207,1406
207,5281
207,5315
207,2400
204,1924
204,1650
204,6124
204,4418
204,2047
202,1554
520,4314
517,5003
539,4805
536,4691
536,4895
532,4947
524,4483
558,5149
611,4902
601,11211
600,5244
603,4449
580,4018
559,10583
546,5354
522,3693
489,7839
540,4564
459,3113
409,3265
386,2653
381,2419
394,2931
388,2397
388,10424
389,4759
389,3101
389,2184
425,2958
423,2367
423,2181
432,2755
431,10159
428,4775
422,3305
418,2175
446,2773
442,2542
442,10023
440,3727
433,3391
418,2010
407,2815
423,9843
421,3788
415,3161
402,4753
388,2843
378,2484
358,2123
338,2014
314,8714
266,4493
236,2499
219,1956
215,6524
210,3136
207,4252
207,2315
207,1761
207,2089
207,6238
204,4310
204,2234
204,1547
204,1543
204,5964
202,3390
201,4180
517,4083
539,5057
536,4605
536,4253
532,4364
524,4956
505,4618
542,4078
601,4697
600,4094
592,4578
580,10108
557,3984
546,3681
519,10444
486,5248
453,3633
448,7173
406,3559
386,6794
381,3852
392,2623
388,9047
388,4109
389,2924
389,8000
389,4532
387,7304
423,4062
423,2541
423,9414
430,3876
428,2681
422,2186
418,7115
409,4315
442,6302
442,3726
434,2403
432,8972
416,3584
407,2422
423,7132
421,3804
414,2165
402,8605
388,3257
378,2231
356,1816
334,8268
313,4413
258,1807
234,1430
219,1239
212,4748
209,4656
207,4645
207,2457
207,1668
207,1677
207,4596
207,4497
204,2311
204,1888
204,4237
204,4536
202,2108
201,5129
200,5006
507,3960
536,4647
536,4567
528,4481
527,4887
510,10444
546,5733
538,10377
600,5899
597,4280
582,4219
572,4100
554,4081
537,14411
513,5369
482,3993
510,8468
444,4218
406,2771
382,2715
378,2855
392,2484
388,2309
388,2323
389,2298
389,2311
389,2282
459,2504
458,2475
458,2462
467,2476
467,2471
463,2460
458,10314
455,4990
485,3601
475,2353
474,2441
480,10140
472,4053
496,2882
478,5568
490,3845
481,7308
479,3940
474,2573
462,7254
446,4272
434,2679
419,6701
395,3633
373,6020
328,2893
282,5037
269,2754
255,4620
252,2743
247,5737
247,3034
247,1989
247,5392
247,3911
247,3811
244,4103
244,5495
244,2749
244,5110
244,3937
243,3995
575,4213
575,4675
562,4457
554,4530
561,4337
554,11245
598,5893
660,4231
634,10936
625,5479
625,4127
624,4340
616,4359
591,4139
570,14720
553,5987
619,4521
586,3811
538,3578
459,3113
416,2813
417,2725
412,9910
404,5559
399,3768
399,2380
399,9547
470,4135
470,2759
470,7069
477,3908
477,5505
477,3051
477,2414
473,2404
504,9149
501,4787
495,3275
490,2183
489,2212
521,2424
538,8768
530,4616
509,3074
499,5781
490,3145
488,6210
483,5795
469,3090
454,2324
441,2166
428,2061
406,2204
383,2029
340,7779
295,4703
274,2423
260,1624
256,1666
253,1653
251,1614
251,1618
251,5628
251,5724
251,2443
251,1716
248,1473
248,5183
248,4669
593,4223
588,4617
581,4389
586,4579
579,10201
617,5736
617,4448
689,10011
678,5576
658,4277
646,9504
635,5453
629,10079
626,5442
609,4147
587,9808
663,5415
641,3938
613,3805
576,13940
515,5074
447,3346
427,2595
414,2547
409,2650
400,2541
400,2493
471,9906
471,5894
471,3596
480,2747
478,2558
478,2559
478,9868
514,5119
510,3451
502,2423
501,9842
494,4210
490,3008
522,2294
539,2293
531,2515
510,2321
500,2364
491,2391
489,2220
482,8787
463,4695
449,3121
433,4868
414,2722
393,6784
346,5904
295,3029
273,1819
259,5006
256,2927
251,6382
251,3186
251,4199
251,2195
251,4904
251,2622
248,1824
248,2319
248,1937
248,6030
246,3928
579,4976
575,5747
561,5593
565,5499
565,5330
607,4822
672,5108
645,8506
631,9488
629,4510
628,4856
621,4758
597,4639
575,4472
562,4464
623,4222
591,4262
542,4002
457,3548
417,3236
414,2996
410,2906
403,3107
400,2855
400,2845
400,3612
470,4795
471,4616
469,2789
478,2866
478,2897
478,2764
475,2739
472,2789
502,2529
496,2626
485,2356
490,4361
488,4098
512,3046
502,2452
504,2315
496,2593
488,2641
488,2650
478,2489
461,2708
446,2592
431,2084
413,3721
384,3163
335,3461
285,2025
273,1759
259,1839
256,1757
251,1793
251,1812
251,1775
251,1729
251,1500
251,1760
248,1579
248,1466
248,1488
248,1558
247,1298
243,1316
242,1396
564,4422
558,4947
565,4600
555,4988
546,4924
575,6382
631,4466
620,4798
619,5314
620,4643
594,10817
575,5718
556,4124
532,10228
501,5420
516,9761
445,5205
408,3177
392,2981
387,3263
399,10228
399,5104
399,3561
400,2551
400,2544
400,3327
469,2922
469,10547
469,5007
477,3266
473,7077
466,4195
463,2489
450,2643
484,3254
482,2540
474,2887
471,10533
451,4895
473,2969
489,5795
485,3272
473,2860
455,2453
444,2249
421,2758
397,2328
373,2093
306,7094
279,4336
261,2163
257,1948
252,1460
252,7221
252,3134
252,3760
252,1879
253,1921
250,1327
250,5563
250,4184
250,3556
249,1825
245,5020
244,3260
238,2442
236,6824
236,3887
232,2482
540,3961
518,4518
513,4165
504,4217
552,4132
547,7374
586,4355
565,12120
550,5442
533,3998
503,10041
447,5145
388,7434
351,3905
335,8066
388,3818
379,2993
379,2687
379,2695
400,10340
400,5359
400,3851
399,2482
399,9610
399,4652
399,7199
466,3858
460,2672
458,2568
456,10485
450,4911
450,3681
446,2339
473,7881
455,4490
442,2971
441,7821
438,4490
434,2939
447,2437
451,9855
442,4222
420,2908
396,2068
371,8983
307,3558
280,1947
262,4300
258,3687
255,4932
253,2953
253,6475
253,3437
253,6489
253,3125
250,4769
250,4353
251,4769
251,2847
251,2386
247,6300
246,3843
244,5567
239,5349
237,2846
237,1978
232,1968
226,1926
219,2037
506,3958
498,4480
505,4217
500,4216
526,3964
568,3949
557,15422
533,6651
507,4436
475,3813
404,6761
359,3713
340,8927
336,4857
386,3115
380,9281
380,5031
380,3211
380,6806
401,3723
401,7773
399,4458
400,6255
400,3775
400,8863
468,3988
462,2992
459,2949
463,2857
452,2958
451,2432
451,9752
445,5539
471,3448
452,2551
442,2396
441,2414
439,9939
464,4533
449,3378
454,2115
445,2145
424,2113
404,2140
380,2033
321,1832
287,1761
272,1965
262,2154
259,1992
254,2250
254,2632
254,2252
254,2249
254,5544
254,4497
252,2277
252,1922
252,1917
252,1971
252,1901
248,1892
247,5204
245,5319
238,2707
238,1873
238,1884
233,1848
230,5103
516,3900
514,4819
506,4009
508,4287
549,4317
588,11541
568,5540
553,4042
537,10003
506,5356
457,8087
392,4070
357,2872
338,10818
392,4890
385,6524
381,3488
381,2620
381,2376
402,2355
402,2377
401,2366
401,2360
401,9917
401,6429
470,3858
466,2776
460,2345
466,2359
453,2345
452,9907
452,5902
446,3543
472,6228
452,3383
441,2441
440,9325
440,4316
463,2894
466,4714
452,2928
438,8656
420,3778
397,2459
362,1966
307,6889
282,4429
264,2521
260,1730
257,6099
255,4205
255,2605
255,6038
255,3282
255,2215
252,5904
253,4015
253,2140
253,5824
253,4035
250,4141
248,4380
246,4334
241,5642
239,2790
239,2055
234,5558
228,4494
221,4044
508,3900
507,4490
507,4213
550,4593
527,4554
568,3878
553,3969
533,3864
507,3719
457,3715
393,12651
358,5752
339,3840
335,7086
386,3794
382,7221
382,3965
382,5857
383,3576
403,8077
400,4315
401,7166
401,3884
401,7649
399,4095
467,2969
460,10397
457,4472
454,6708
452,3639
452,2690
446,2558
450,2725
453,10518
443,5161
435,3392
440,5467
436,6363
449,3370
450,2358
445,8858
424,4292
404,2834
379,2093
319,2210
286,6944
271,5042
263,4080
258,2282
255,1878
255,5610
255,5552
255,4242
255,2150
255,1879
252,1823
253,1828
253,1807
253,2024
252,2052
249,2025
248,2269
242,2288
239,5372
239,5378
237,3675
234,2051
225,1711
221,5042
506,3892
500,4495
506,4205
497,4608
524,8416
537,5138
550,8963
530,5163
494,9257
435,4741
370,2950
352,2765
338,2831
334,2766
376,2732
382,2904
382,2629
382,2601
382,9243
396,6118
400,3807
401,2609
401,9101
401,4460
399,6088
422,3362
459,9439
454,4303
447,2761
452,2655
452,2422
444,2398
439,2369
425,9557
437,5625
433,3476
433,5723
434,3145
422,2393
433,2367
427,2318
417,8681
397,4643
370,2961
307,3820
282,2542
266,6175
260,3924
257,2212
255,4495
255,4485
255,2728
255,6987
255,6598
252,3640
252,3871
253,2635
253,6839
253,3652
251,4792
248,5133
247,3121
241,6828
239,3313
239,2167
235,5692
232,4772
223,4949
219,5566
471,3536
478,4145
481,3645
477,10050
458,5530
460,8688
454,5036
433,3639
416,3551
398,3426
353,9975
342,5413
337,3592
330,6886
326,6041
326,4979
330,3225
330,3208
351,10933
382,4609
379,3679
379,5359
379,3161
381,7280
379,3832
394,2509
392,10596
383,5067
383,2952
383,5988
418,3145
413,7669
408,4149
395,5054
388,3324
381,6745
381,3431
376,6023
363,3118
351,7718
352,3835
338,4758
322,5908
309,3197
248,5120
227,4394
215,3880
219,2035
216,1620
214,2114
216,1669
216,1581
216,2073
216,4857
213,4823
213,2453
213,1481
213,1512
213,4893
213,4845
211,1973
210,1658
207,1529
203,4879
203,3962
203,1841
198,1394
188,4468
185,3387
404,3330
399,3753
398,3920
430,3274
418,2967
402,8267
392,4897
379,6974
360,4361
347,2879
278,8931
258,4602
247,2554
241,2064
240,7758
246,4154
246,4887
246,3125
246,2136
246,2111
243,2498
243,2079
243,2040
268,2492
268,2013
268,7500
265,5660
263,3031
255,2138
253,1991
253,1962
250,7171
298,5729
288,2955
284,2408
280,1926
277,7930
275,4332
267,2708
262,4331
253,3177
244,7441
234,3722
257,2732
218,8033
191,3850
174,5091
168,2333
162,5268
162,3917
160,2112
160,5521
160,3712
160,4516
160,3986
157,2259
157,1779
187,5454
187,3474
187,3641
187,2482
187,1563
186,5466
184,3364
179,1774
177,5210
177,3375
175,1748
169,1523
247,2421
245,2861
244,2082
244,2314
240,2213
239,2528
231,2272
266,9828
257,4648
250,3144
236,5611
210,6421
193,2953
176,2159
165,2433
151,1780
147,6398
147,6265
143,2490
143,1848
143,2317
143,6135
143,6176
140,2732
140,5787
140,3169
140,2134
140,2006
140,2269
140,5629
140,5421
140,4067
138,4060
135,4516
134,5563
133,2505
128,1576
124,5272
124,3811
122,3946
172,2695
172,1924
167,5271
150,3482
140,1750
132,1458
128,1492
117,1361
106,4293
105,4015
105,2680
93,3907
91,2462
91,3443
91,2747
91,1469
91,930
88,3052
88,3029
88,3052
88,4351
88,3096
88,3055
88,3038
88,1738
88,2297
88,2286
88,2288
88,2308
83,691
