421,3593
421,5462
421,4824
418,6122
412,6145
446,4637
436,5721
430,5560
437,4202
429,5058
474,4948
525,4645
513,4451
505,3891
511,5463
496,4350
476,4209
463,5048
437,3587
410,3517
433,3883
369,3305
343,5164
331,2984
325,2837
342,4090
342,4700
342,2746
343,2108
343,3339
341,2026
411,2006
412,2065
409,2021
412,2013
410,2961
403,1940
395,1893
395,2022
424,1903
415,1884
399,1876
395,1792
389,1800
436,1854
428,1798
470,1768
457,1754
436,3392
418,1646
384,1650
325,1369
290,1247
274,1133
270,1072
321,1081
321,2049
321,1846
321,2131
336,1883
336,1933
334,2131
335,2237
335,1057
334,1061
331,1060
361,1144
358,1425
348,1103
356,1109
354,1178
348,1027
337,1037
334,1260
327,1037
323,982
320,1177
311,1715
299,2271
290,1134
277,967
261,1038
241,945
203,777
180,874
170,658
168,588
163,973
163,612
163,558
163,1096
163,620
163,567
161,639
161,1017
161,695
161,630
415,2190
412,2050
407,2151
462,2116
462,2295
458,2057
460,2063
443,2130
428,3856
420,4455
419,4084
443,2111
424,2138
408,2843
402,3497
377,3328
390,3541
368,2438
329,2432
311,2361
305,1964
298,2153
298,1419
298,1605
298,1117
298,1463
354,1181
352,1290
352,1955
352,1944
352,2005
369,2020
364,2039
360,1963
353,2041
352,2342
350,2704
377,1157
368,1284
353,1187
354,1274
349,1353
347,1097
339,1220
327,1117
324,1172
313,1545
297,1554
281,1217
241,1198
214,1079
202,902
194,860
189,1023
186,722
186,827
186,764
186,757
186,609
186,647
184,836
184,1440
184,2430
184,2401
183,2433
181,2360
180,2366
177,1670
174,924
414,1918
409,1914
403,1994
453,2446
437,2551
429,2591
435,8744
432,6099
420,3457
405,2533
419,2567
402,2368
382,2243
363,2310
309,7863
277,5891
297,3000
316,2182
309,2400
306,2208
307,2220
307,2169
307,2213
307,2216
307,2525
305,2302
361,2434
361,2478
361,2546
359,2346
353,2618
371,2559
363,2543
360,2511
361,2463
357,1832
352,1824
371,1885
359,1741
352,2021
357,1833
353,1782
347,1834
335,1903
325,1802
322,1766
304,1625
285,1482
254,1717
221,1465
208,1368
200,1370
197,989
191,1102
191,869
191,788
191,866
191,843
191,1071
189,971
189,735
189,734
189,805
188,793
187,765
186,792
184,742
179,810
179,838
417,2049
409,2156
469,2199
451,4064
440,3889
441,4772
440,3182
435,2255
422,2298
406,2432
422,2096
406,4015
382,3731
366,2081
314,1728
315,1646
301,1852
320,2131
316,2497
310,2537
311,2433
311,2390
311,2336
311,2453
311,2349
308,2280
364,2510
364,2335
364,2340
363,2494
381,2472
376,2285
372,2400
365,2294
364,2265
364,2364
360,2275
387,2266
374,2371
362,2225
363,2174
360,2264
356,2160
350,2138
345,2221
335,2062
325,2013
317,2048
297,1866
263,1787
224,1610
213,1474
201,1372
198,1432
193,1547
193,1637
193,1622
193,1583
193,1644
193,1634
190,1493
190,1554
190,1571
190,1505
190,1541
188,1554
187,1508
186,1537
182,2795
420,1904
420,1983
476,1925
472,1845
457,2059
451,1977
443,2021
441,2032
438,2001
458,2010
440,2085
425,2200
416,2381
403,2350
377,2382
376,2243
360,2136
336,2117
322,2006
318,2030
314,2161
310,2179
310,2287
310,2469
310,2438
366,2512
366,2518
364,2445
364,2473
364,2477
385,2493
382,2503
378,2490
377,2468
372,2654
365,2427
396,2479
396,2613
390,2422
393,2427
378,2410
369,2317
362,2318
360,2373
363,2273
354,2254
345,2294
340,2213
331,2188
315,2161
297,2016
268,1910
230,1789
213,1605
201,1535
198,1561
195,1606
193,2076
193,2149
193,2071
193,2059
193,2135
193,2082
190,2019
190,2105
190,2972
190,2024
189,2071
188,2035
436,1959
498,2667
487,2188
485,2289
494,2157
485,2153
480,2139
465,9010
451,5728
473,3589
471,2365
468,2064
466,2081
451,8370
481,5906
468,3465
505,2307
479,7911
437,3780
377,2103
342,1499
326,1425
322,1443
315,1546
310,1905
366,2259
366,2229
366,2203
366,2213
387,2236
385,2152
385,2206
386,2210
386,2149
384,2229
382,2173
411,2145
409,2212
401,2161
405,2119
405,2183
401,2142
397,2102
395,2132
380,2131
373,2030
367,2062
373,2004
368,1995
355,4973
345,4590
338,2494
321,1812
307,1654
289,1624
248,1600
222,1310
204,1343
201,1713
196,1525
193,1719
193,1844
193,3350
193,3031
193,3219
193,3005
190,2011
190,1661
190,1542
446,2020
512,2194
504,2244
503,2253
501,2379
494,2145
494,2270
489,2241
482,2142
498,2574
484,2177
476,2121
478,8888
477,6135
513,3639
553,2338
539,6300
525,3298
510,2284
473,1993
417,6900
364,3821
338,2118
323,1536
375,1538
370,1569
366,1466
366,1668
366,1769
387,1974
387,2231
387,2294
386,2189
386,2182
386,2252
421,3289
418,3211
413,3343
420,2437
412,2404
405,2426
405,2394
403,2369
405,2424
396,2361
380,2306
379,2291
373,2231
373,2209
368,2263
357,2187
347,2150
338,2113
323,2140
308,2067
290,1958
249,1836
224,1601
209,1486
201,1466
198,1690
193,1595
193,1601
193,1601
193,1618
193,1609
193,1598
190,1562
190,1522
446,1961
517,2073
515,2265
510,2094
513,2127
510,2163
497,2225
494,2148
529,2169
522,2150
512,2170
497,2168
488,2252
480,2166
526,2194
589,2507
574,2372
552,2425
546,2343
530,2289
507,2318
472,2146
416,1914
364,1700
398,1791
381,1885
375,1814
370,2044
366,1887
387,1930
387,1956
387,1983
388,1936
388,1951
386,1885
421,1913
421,1919
420,1889
427,1908
420,1883
418,1858
410,1865
405,1844
413,1853
409,1865
402,1823
397,1852
386,1815
378,1726
373,1710
371,1729
363,1697
353,1682
343,1713
331,1669
319,1622
298,1594
268,1601
230,1634
213,1565
201,1700
198,1708
193,1693
193,1698
193,1701
193,1706
193,1684
193,1692
190,1622
516,2073
517,2099
517,2134
524,2042
519,2460
513,2192
510,2283
497,2251
529,2524
529,2332
518,2196
519,2204
502,2076
537,2266
528,2331
594,2224
588,2194
571,2243
559,2301
543,2155
528,2110
496,2047
465,2106
402,2098
414,2057
396,2083
380,2362
375,2316
387,2245
387,2251
387,2257
388,2248
388,2258
388,2283
386,2251
421,2227
421,2239
421,2248
428,2236
426,2238
420,2229
416,2191
415,2181
413,2188
413,2165
415,2159
406,2156
395,2127
383,2090
376,2064
373,2056
369,2038
363,2021
351,2023
341,1990
331,1934
319,1961
298,1858
268,1739
232,1537
213,1437
201,1399
198,1732
193,1684
193,1691
193,1694
193,1686
193,1686
193,1990
517,2119
517,2269
517,2263
526,6008
525,3565
519,2246
513,2289
512,2384
535,2183
529,2246
529,2328
529,2159
521,2316
555,3076
609,3635
600,3643
594,3640
600,3606
588,3615
567,3539
550,2904
533,2875
510,2824
564,2775
506,2587
442,2293
405,2165
381,2023
398,1985
391,2039
387,1922
388,1983
388,1890
388,1899
423,1921
423,1928
421,1928
430,1902
430,1981
430,1930
427,1991
422,1888
428,1912
420,1868
413,1944
419,2080
417,2497
411,2700
402,2501
386,2384
379,2567
373,2394
373,2437
368,2717
355,2248
345,2224
332,2401
320,2137
305,2084
288,2260
246,1749
220,1616
204,1464
201,1315
196,1297
193,1436
193,1319
193,1329
193,1468
520,2156
520,2386
517,2138
526,2140
526,2236
526,2218
521,2349
550,2378
549,9985
537,4825
536,3391
536,2289
530,2401
574,2228
631,2150
611,2344
600,2125
603,2151
600,2305
585,9290
563,4641
547,3247
530,2091
596,2068
556,2078
485,1654
418,1537
417,1414
401,1450
396,1418
388,1528
388,1547
388,1571
388,1855
423,1711
423,1952
421,1840
430,1699
430,1843
430,1732
427,1713
423,1872
428,1743
423,1707
413,1902
419,1688
417,1665
411,1874
405,1646
386,1572
379,1752
373,1530
373,1512
368,1607
356,1270
347,1600
338,2248
322,2345
307,2279
289,2423
248,2083
222,2064
204,1724
201,2109
196,2651
193,2594
193,2585
193,2585
193,2602
520,2103
520,2382
526,2197
526,2207
526,2441
526,2273
523,2335
551,2311
549,2232
543,2300
538,2407
536,2348
588,2394
577,2527
644,2555
619,2461
605,2443
604,2380
603,2443
598,2376
581,2333
561,2327
639,2315
620,2249
592,2182
556,2118
489,1965
450,1700
419,1612
402,1623
397,1705
392,1870
388,1791
388,1760
423,1877
423,1750
432,1742
432,1808
430,1764
430,1799
430,1724
437,1708
435,1793
428,1915
432,1949
424,1885
419,1916
419,1886
415,1914
410,1879
397,1836
386,1866
378,1763
373,1734
371,1787
365,1934
353,1891
343,1867
331,1844
319,1789
300,1724
269,1607
232,1675
213,1596
201,1660
198,2068
193,1983
193,1972
193,1979
520,2086
520,2122
529,2098
526,2148
526,2187
526,5973
562,3259
559,2501
554,2294
549,2776
550,2609
538,2288
588,2423
663,2495
651,2324
641,2475
623,2765
611,2319
604,2323
603,8787
595,5658
571,3262
644,2423
627,2036
601,8338
569,4128
511,2689
463,1829
421,1457
402,1464
397,1463
388,1568
388,1658
423,2296
423,2347
423,2339
432,2397
430,2315
430,2330
430,2326
430,2331
436,2340
433,2335
428,2311
429,2309
420,2285
419,2252
419,2263
411,2258
405,2218
386,2191
379,2146
373,2163
373,2122
368,2123
355,2074
343,2055
332,1983
320,1938
305,1895
273,1741
238,1531
214,1416
201,1283
198,1439
193,1664
193,1680
193,3065
193,3198
520,2046
529,2385
526,2022
526,2198
526,2306
526,2395
559,2218
552,10916
549,4729
550,3272
538,2242
588,2306
586,2253
651,2282
641,2296
614,9885
611,4970
603,3363
604,2443
595,2188
572,2068
553,2079
629,2215
602,2054
569,1839
519,2029
463,7184
426,4865
402,2676
399,1618
392,1524
388,1504
388,1420
423,1490
423,1750
423,1860
430,1852
430,1943
430,1837
430,1898
436,1931
434,1836
428,1808
424,1813
421,1763
419,1764
419,1805
413,1752
406,1755
391,1726
382,1662
375,1768
373,1668
369,1611
358,1678
348,1576
338,1710
323,1766
308,1654
289,1785
248,1585
222,1408
204,1267
201,1308
196,1212
193,1346
193,1537
193,1339
193,1626
520,2071
529,2109
526,2138
526,2048
526,2225
525,2287
557,2491
549,2349
548,2358
543,2354
536,2242
588,10465
657,5208
647,3269
624,2486
615,2579
606,2227
603,2265
599,2368
584,2190
562,2165
639,2293
619,2133
584,2037
551,1920
476,1699
435,1476
415,1578
401,1562
397,1815
388,2062
388,2059
423,2131
423,2060
423,2066
432,2160
430,2068
430,2065
430,2194
430,2120
435,2134
430,2138
428,2135
426,2106
419,2115
419,2052
416,2068
410,2662
401,2408
386,1594
378,1675
373,1558
371,1479
365,1418
353,1486
343,1395
331,1454
319,1246
297,1221
266,2060
226,917
213,930
201,831
198,875
193,1166
193,1673
193,2841
193,2656
193,2582
520,2211
526,2270
526,2348
526,2398
526,7422
557,4551
551,2926
549,2546
542,2640
536,2376
536,2439
583,2519
649,10715
631,5224
611,3341
609,2731
603,2285
601,2426
585,2292
563,2259
547,9679
620,4968
586,3181
554,2169
477,1884
414,1624
415,1646
401,1536
396,1486
388,1931
388,2033
388,2125
423,2103
423,2054
423,2171
430,2067
430,2040
430,2143
429,2045
427,2033
428,2103
426,2049
417,1999
419,2080
419,1989
413,1985
406,2068
393,1986
382,1922
375,1919
373,1991
368,1917
358,1857
345,1889
334,1890
320,1792
305,1754
276,1738
239,1437
214,1500
201,1678
198,1590
193,1743
193,1870
193,1803
193,1860
193,833
193,792
190,826
526,2318
526,2364
526,2221
521,2299
513,2431
548,2425
535,2606
529,2428
536,2402
525,11099
570,5451
549,3434
604,2756
594,2497
594,10680
594,4344
570,3174
550,4025
532,6168
510,2977
470,2262
479,2175
414,1838
394,1767
380,2022
393,1660
387,6664
387,6171
388,2992
388,2132
388,1668
386,1573
421,1619
421,1672
421,1734
428,1849
423,1900
420,1896
415,1972
413,1863
413,1880
409,1985
408,1898
395,1819
383,1875
376,1745
373,1755
369,1784
358,1714
347,1879
338,1889
320,1753
305,1713
276,1654
232,1364
213,1461
201,1541
198,1633
193,2029
193,2002
193,2006
193,2045
193,2004
190,1946
190,1968
190,1924
190,1937
190,2022
188,1933
513,2238
502,2345
494,2404
494,6744
485,3636
511,2501
491,2277
477,2185
478,2287
477,2185
512,2258
550,2386
536,8825
512,5562
483,3212
442,2630
374,1706
337,1669
322,6765
318,4328
366,2483
366,1706
366,1684
366,1823
366,1711
387,1765
385,1735
385,1673
386,1667
386,1897
383,1854
411,1808
409,1803
401,1723
405,1858
405,1927
401,1911
395,1959
382,1864
377,1806
370,1851
367,1771
369,1754
360,1824
348,1728
340,1714
323,1822
308,1618
289,1770
248,1700
220,1478
204,1473
201,1721
195,1606
193,1626
193,1621
193,1588
193,1644
193,1641
190,1579
190,1604
190,1643
190,1570
190,1644
188,1582
187,1616
185,1649
180,1496
180,1496
490,2015
483,2353
470,2118
456,2127
476,2157
471,2107
468,2126
465,8842
447,5365
477,3400
465,2374
492,2164
457,1910
388,7912
349,4644
333,2784
322,1820
315,1747
310,1631
310,1758
366,1889
366,1808
366,1919
366,2015
385,2007
385,2129
385,2038
385,2007
383,2134
377,1987
375,2005
401,2064
397,1981
397,2065
402,2064
394,2000
383,2033
371,1953
371,1900
368,1958
364,1894
355,1856
351,1920
341,1832
323,1768
312,1791
291,1717
249,1425
223,1570
209,1353
201,1542
196,1509
193,1371
193,1649
193,1633
193,1610
193,1698
193,1630
190,1532
190,1556
190,1556
190,1530
189,1555
188,1550
187,1565
183,1601
180,1485
180,1470
178,1564
483,2115
475,2028
456,1980
447,2177
471,2347
470,2233
464,2378
454,2218
436,2174
468,2233
506,2371
479,2166
430,2135
372,1840
342,1606
323,1690
319,1702
314,1779
310,1977
366,2198
366,2184
366,2287
366,2156
366,2172
385,2239
385,2138
385,2164
386,2238
383,2149
379,2154
411,2244
404,2152
397,2112
406,2250
404,2082
398,2137
390,2069
374,1970
374,2010
368,1950
368,1942
369,2001
359,1914
348,1916
339,1974
323,1814
308,1796
290,1739
249,1548
223,1423
209,1337
201,1176
196,1365
193,1617
193,1288
193,1330
193,1402
193,1279
193,1347
190,1352
190,2212
190,1275
190,1248
189,1224
188,1290
187,1240
185,1212
180,1461
180,1749
492,2118
483,2046
476,1962
487,2080
477,2121
471,5599
471,3073
472,2272
455,2324
484,2252
529,2243
508,2222
480,2068
442,2343
377,1632
342,1701
326,1491
322,1380
314,1466
366,1277
366,1396
366,2500
366,1222
366,1408
387,1319
385,1334
385,1538
386,1896
385,2183
383,2273
412,2154
410,2123
402,2112
406,2066
406,2082
402,2117
398,2073
385,2094
381,1978
373,1919
368,2008
372,1936
366,1865
355,1954
344,1837
332,1818
319,1871
305,1736
276,1661
239,1564
218,1361
201,1266
198,1515
195,1396
193,1357
193,1660
193,1370
193,1948
193,3367
193,3256
190,2982
190,2099
190,1216
190,1226
189,1194
188,1207
187,1292
183,1641
180,1631
494,2056
490,2130
483,2938
507,3046
486,2030
477,2285
478,2190
478,2182
520,2405
501,11145
544,4487
533,3185
509,2175
485,1968
452,1922
387,8449
348,3665
327,2280
322,1591
372,1558
366,1545
366,1527
366,1690
387,1755
387,2188
387,2087
386,2012
386,2034
386,2041
386,2037
420,2050
417,2051
412,2043
417,2057
408,2268
406,2025
406,2014
410,2110
401,1983
390,2009
378,2137
377,1922
374,1929
372,2011
364,1873
354,1873
344,1944
332,1797
319,1752
304,1715
276,1615
239,1395
218,1327
204,1261
201,1467
196,1653
193,1649
193,1724
193,707
193,903
193,785
193,843
190,709
190,717
190,1042
190,1467
190,2715
188,2714
187,2726
510,2504
496,2541
494,2983
529,2642
518,6865
511,3878
502,2461
488,12246
528,4632
594,3741
589,2732
574,2712
561,2465
546,2533
530,2701
507,2349
473,2289
418,2101
437,2012
400,1979
381,1928
377,1519
370,1607
387,1728
387,2025
387,2372
388,2322
388,2306
388,2342
421,2292
422,2279
422,2336
431,2217
429,2260
424,2307
421,2258
417,2205
443,2281
441,2186
441,2280
441,2245
434,2165
419,2168
409,2469
425,2087
420,2092
420,2353
414,2062
398,2058
385,2151
378,1975
358,1937
341,1958
318,1834
269,1623
240,1491
225,1268
215,1377
212,1436
207,1311
207,1533
207,1797
207,1712
207,1710
207,1707
204,1617
204,2014
204,1969
204,1976
533,2626
528,3164
556,2820
555,8009
543,4408
543,2951
543,2844
535,3186
579,3063
630,3010
612,2975
603,2918
609,2970
604,2930
590,2890
567,2824
549,2719
532,2657
588,2764
547,2665
465,10109
415,4067
393,2986
402,1768
394,1599
388,8692
389,4226
389,3224
389,1812
425,1539
425,1495
423,1539
432,8159
432,4870
431,2944
429,1882
422,1649
456,8253
446,3432
442,3087
448,2154
442,2047
433,2566
441,2045
430,1893
423,2059
422,1886
416,1979
402,2135
388,1749
378,2228
357,1822
337,1612
314,1916
264,1332
234,1257
219,1530
212,1229
209,1152
207,1670
207,1240
207,1365
207,1697
207,1250
204,1314
204,1703
204,1220
204,1217
204,1359
525,2661
520,2923
550,2683
536,7154
536,4456
540,3685
529,2664
571,7242
548,11961
606,5995
600,3838
597,6050
589,6936
567,4334
549,3384
533,2575
500,2418
461,2802
463,1981
412,1955
387,8038
381,3984
394,2473
388,1841
388,1598
389,2085
389,1754
389,1603
387,2062
423,1643
423,1653
423,2209
430,1617
427,7521
422,4564
417,2433
443,1768
442,1998
440,1493
438,6624
428,3584
411,2188
404,1833
421,1894
419,1997
411,2833
397,2922
383,3447
370,2732
352,2707
327,2568
289,2310
243,2153
229,1961
215,1881
212,1782
207,1702
207,1169
207,935
207,812
207,986
207,1092
204,773
204,703
204,835
204,868
203,1032
202,1696
201,1702
511,2417
501,2444
536,2512
529,2534
521,5489
514,3246
499,9989
538,4726
600,3400
597,2513
580,12171
568,4340
550,3160
534,2404
506,2246
471,2173
410,2055
419,1741
397,1728
381,1849
376,2210
367,2522
388,2557
388,2530
388,2572
389,2542
389,2551
387,2489
423,2507
423,2510
423,2518
429,2502
425,2496
422,2501
417,2455
407,2477
442,2690
439,5912
432,4135
428,2119
411,1686
404,1782
421,1701
418,1484
411,1454
396,1621
383,1669
371,1740
352,2001
329,1835
290,1659
249,1776
229,1469
215,1337
212,1547
207,1640
207,1670
207,1694
207,1661
207,1574
207,3045
204,3074
204,2961
204,1489
204,1501
204,1519
202,1485
201,1490
199,1508
503,2316
536,2349
536,2549
522,2502
522,2535
503,2510
541,2435
532,2381
600,2518
591,2597
567,2322
556,2357
543,2279
516,2263
485,2249
450,2170
380,1854
406,1863
386,1907
381,2211
371,2327
388,2326
388,2327
388,2265
389,2258
389,2266
389,2261
387,2288
423,2243
423,2251
422,2249
429,2244
422,2229
420,2314
411,2209
442,2222
442,2214
436,2205
429,2192
420,2252
408,2121
401,2078
421,2074
416,2108
408,2068
393,2087
380,1998
369,2099
344,1890
323,1845
277,1663
240,1652
225,1529
215,1475
212,1458
207,1642
207,1641
207,1750
207,1646
207,1638
207,1643
204,2177
204,3358
204,3257
204,2088
203,1672
202,1590
201,1581
199,1576
501,2719
536,2806
531,2783
522,3035
519,5704
499,3300
539,10335
600,4777
597,3236
585,10434
572,4581
554,3092
535,8225
512,4308
474,2860
416,2290
424,2102
397,1903
381,1863
376,2026
367,2021
388,2266
388,2267
388,2510
389,2512
389,2523
387,2483
457,2770
458,2523
458,2550
463,2553
458,2539
455,2531
449,2540
439,2469
474,2534
471,2532
464,2510
460,2508
441,2429
464,2420
456,2418
476,2385
469,2386
452,2336
437,2202
423,2182
404,2106
379,2011
334,1713
291,1615
269,1548
255,1386
252,1537
247,1749
247,1748
247,1780
247,1756
247,1722
247,1796
244,1667
244,1731
244,1719
244,1678
244,1675
241,1702
239,1620
237,1623
232,1598
554,2627
554,2745
540,3182
534,2724
517,7495
508,4103
548,2843
616,3015
608,2989
582,2773
571,10959
553,5476
530,3810
499,2544
458,2334
391,8487
416,4334
396,2690
388,1988
381,1975
377,1930
398,1992
398,2164
398,2125
399,2124
397,2103
397,2087
468,2150
468,2154
467,2153
472,2136
465,2197
462,2125
452,2112
448,2156
483,2108
477,2090
469,2082
459,2058
446,2045
467,2013
487,2069
482,1990
468,1959
453,1876
441,1917
426,1900
401,1808
378,1731
326,1794
284,1576
269,1619
259,1845
256,1852
251,1826
251,2082
251,2084
251,2115
251,2066
251,2070
248,2018
248,1989
248,1986
248,2026
248,1993
244,1985
243,1992
241,1954
236,1935
558,2793
556,2889
545,2793
545,2845
520,2868
560,7868
551,4382
619,2978
611,12117
586,4852
574,3479
563,2840
537,2692
505,2488
473,2392
401,2142
420,1890
397,8632
392,5868
384,3376
399,2066
399,1965
399,1875
400,1908
400,1856
400,7907
398,6232
469,3420
469,2223
469,1751
474,1654
468,7170
466,4681
455,2958
484,1957
484,1842
479,7763
479,4047
464,2551
450,1933
472,1888
488,1887
486,1864
473,1867
457,6259
444,5614
430,2781
410,1827
384,1569
335,1422
286,1259
273,1353
259,1398
256,1514
251,1455
251,1006
251,1156
251,933
251,1117
251,1637
248,1583
248,1439
248,1429
248,4369
248,2902
244,1831
243,1610
241,1168
236,1434
558,2746
556,3090
545,2889
542,2958
520,6770
560,4037
619,3095
619,2923
611,3001
594,2866
574,2858
556,2810
534,2766
504,2662
462,2416
460,2129
417,2010
397,1897
389,2045
382,2197
399,2588
399,2536
399,2530
400,2514
400,2586
400,2537
469,2650
469,2523
469,2511
477,2612
473,2547
466,2499
465,2583
453,2458
484,2466
484,2555
478,2495
478,2466
460,2515
477,2403
468,2366
488,2484
484,2391
472,2356
456,2464
443,2299
430,2254
405,2224
383,2150
335,1951
285,1763
273,1646
259,1582
256,1815
251,1736
251,1808
251,1762
251,1730
251,1803
251,1987
248,2050
248,1080
248,4551
248,4530
248,2314
246,1789
243,1806
242,1935
236,1784
558,2808
558,3328
558,2995
547,7497
530,4281
563,3124
621,3007
619,3172
614,3536
607,2984
585,3039
568,13048
551,5702
521,3590
491,3843
501,2289
431,8801
408,6326
392,3286
408,2155
399,1847
399,1867
400,8365
400,4844
400,3065
400,2055
469,8185
469,3925
469,2467
478,1936
477,8042
473,3834
466,2310
463,1827
488,1861
484,7218
484,4279
485,2687
479,5229
492,2624
501,7280
493,3447
489,2124
486,7651
474,3387
457,2142
445,1662
431,6803
411,4128
385,2366
336,1782
287,1261
274,1217
260,4682
257,4388
252,2197
252,1484
253,1470
253,1481
253,1470
253,1482
250,1566
250,1887
250,1893
250,1917
250,1887
246,1899
245,1890
243,1878
559,2786
559,2826
564,3182
553,3064
595,3466
570,7567
629,4222
620,3323
619,3223
621,2884
594,3192
574,2820
556,2692
533,2694
504,2668
531,10260
458,5037
416,3084
394,2098
411,1976
404,1863
400,1744
401,1899
401,8144
401,7020
401,3342
470,2398
470,1917
479,1938
479,1991
477,8314
474,4840
467,2980
499,2127
487,5596
485,3224
492,2125
484,1948
509,8281
489,3995
501,2658
492,1805
490,7846
486,3782
469,2526
454,4872
445,2446
423,1819
403,6217
379,3681
318,1888
286,1296
271,1232
261,1195
258,4560
253,4246
254,2139
254,1462
254,1471
254,1455
254,1459
251,1600
251,1869
251,1856
251,1862
251,1870
248,1865
246,1854
245,1864
562,2725
560,3173
567,2979
557,7611
600,4265
650,3076
634,3047
623,11824
630,5313
624,3857
610,6845
587,3892
570,2619
553,2589
610,2641
579,11493
503,4544
438,3015
410,1968
415,1783
410,8008
401,4624
402,2863
402,2534
402,2196
473,2229
473,7796
473,4327
480,2813
480,2038
480,7806
479,3844
476,2274
504,1798
503,1791
492,7465
493,4110
493,2636
520,1779
539,7552
527,3639
506,2238
500,1802
492,6480
492,3789
484,2352
465,1784
449,1733
436,1760
419,1674
396,1830
361,1680
306,1459
281,1538
266,4469
259,4487
257,2223
255,1497
255,1486
255,1495
255,1511
255,1508
255,1695
252,1900
252,1895
252,1903
252,1889
250,1860
247,1835
579,2790
574,2846
568,2817
620,3299
613,2938
676,8011
651,4415
635,2977
633,8924
631,4735
626,3140
608,2811
585,2937
570,12361
634,5645
608,3592
568,2707
479,5703
448,2841
428,8196
416,4163
409,2605
403,1778
403,7669
403,4395
474,2727
474,2041
474,2060
481,2075
481,2267
481,3114
481,2292
513,3877
507,10698
505,3546
493,2462
494,5036
494,2390
521,1843
538,8663
520,6935
506,2978
500,2311
493,4202
491,2151
477,1680
460,7516
448,3579
434,2340
409,4750
387,2648
333,1724
288,1534
277,1424
263,1403
260,1490
256,1677
256,1665
256,1692
256,1967
256,1916
256,1947
253,1869
253,1853
253,1875
253,1933
252,1779
249,1790
248,1791
576,2817
569,2822
569,3068
617,3349
682,9006
667,4767
641,7581
639,4236
632,3005
629,2895
618,11952
595,5063
577,3714
646,2851
621,2594
581,2535
505,11193
435,4192
433,3256
417,2069
412,1813
404,9428
404,4234
404,2774
474,2198
475,2155
475,8208
481,4433
481,2868
481,4148
481,2399
477,2120
507,2164
505,2133
495,8042
494,4623
494,2888
521,2006
515,1723
523,1814
507,1742
499,1714
493,1775
491,1677
477,8262
461,4862
448,2892
434,5095
408,2509
387,1875
331,1660
288,1492
273,6058
263,4724
260,2089
256,1428
256,1452
256,1448
256,1440
256,2145
256,2458
253,2635
253,2821
253,2416
253,2671
252,2806
248,2414
247,2735
242,1359
562,3370
569,3345
562,3182
603,3990
654,4044
636,7796
625,4296
632,4174
626,9669
608,5311
583,8121
571,4299
544,6240
605,2951
565,2987
480,2392
427,2072
401,10552
417,4726
409,3032
403,2140
404,9454
404,4002
404,2392
475,2044
475,9350
472,3907
481,2938
481,2118
481,1821
477,1902
469,1890
505,1795
493,1985
487,1897
494,8474
489,4409
515,3225
523,2054
507,1891
500,1712
493,9271
492,4015
485,2671
466,1959
450,8734
436,3544
420,2414
397,1621
365,7864
307,3616
282,2017
267,3566
263,2599
258,2559
256,2844
256,2769
256,3182
256,2743
256,2791
256,2980
253,2537
253,2584
253,2372
253,2353
252,2498
249,2704
248,2566
245,2568
569,2979
569,3139
618,3813
608,3104
669,8742
643,4758
633,7320
632,4503
632,3370
625,3255
599,3459
579,3126
566,2996
627,3115
595,3022
558,3615
473,3101
445,2780
422,2702
417,2684
410,2509
404,2458
404,2421
404,2444
475,2486
475,2749
475,2759
481,2687
481,2718
481,2668
481,2734
513,2740
507,2676
505,2696
500,2672
494,2690
494,2705
521,8184
540,4186
528,4862
507,1842
501,5874
493,3453
492,2042
485,8193
466,3502
450,2184
436,1689
419,7082
397,4063
361,2424
307,1451
282,5631
267,3613
263,2008
258,5072
256,2964
256,1656
256,5145
256,2928
256,1673
256,1601
253,1532
253,4430
253,4492
253,2199
252,1524
249,1534
248,1565
580,2909
569,2966
621,3550
694,3122
684,8312
669,4606
650,3165
641,11282
632,5077
632,3608
625,3485
598,2934
671,3055
654,3648
627,11908
595,5094
552,3408
485,2261
442,6414
422,3619
418,2539
410,2165
404,2135
475,8558
475,4934
475,3137
484,2170
484,1915
481,8165
481,4432
481,2870
517,1914
513,7282
507,3784
512,2340
505,1874
526,9453
526,8551
548,3411
541,2444
529,1923
509,8577
501,3671
493,2033
493,1772
486,9677
467,3932
453,2734
443,4719
421,2179
398,8374
376,3832
316,1851
284,1353
268,1278
264,6390
259,5949
256,2295
256,1456
256,1315
256,6187
256,4683
256,2193
253,5964
253,2616
253,4273
253,1960
252,1652
248,1784
589,2974
628,3737
621,3084
700,9888
690,4898
679,3743
663,9365
645,4949
635,3559
633,3578
627,13777
607,5075
677,4096
664,3218
634,3205
605,12908
589,4729
501,3261
448,5198
424,2747
418,2059
410,8939
404,4221
475,3387
475,4881
475,2586
484,10102
484,3658
481,2530
481,4838
517,3148
517,9816
513,3554
505,2557
511,6649
499,3467
526,7775
553,3735
545,2136
538,9503
520,3704
507,2817
500,1884
493,1639
491,1720
477,1633
461,8970
448,4000
434,2643
412,4767
388,2241
339,7270
290,3281
277,3469
264,1675
261,1653
256,1652
256,5880
256,6147
256,2204
256,5747
256,2626
253,1539
253,1532
253,1553
253,1556
253,1559
250,1545
248,1552
586,2948
623,3322
700,3325
698,3229
687,3764
676,3512
658,12873
644,6376
634,4144
633,3474
627,3173
699,9216
676,4676
664,3260
634,8728
609,4553
590,6522
501,3195
451,2320
430,8230
418,4568
413,5240
474,2762
475,2011
475,8543
484,4490
484,2948
484,4165
481,2509
481,2215
517,8519
517,4302
514,2937
516,4065
512,2490
539,2212
527,2172
553,2271
552,2195
543,8447
536,4127
515,2803
504,1860
495,8028
493,3928
488,2638
473,1818
456,1653
447,1631
425,1617
407,1690
385,1790
331,6606
289,5472
278,2647
264,1674
261,1663
256,1619
256,1620
256,1845
256,1835
256,1828
256,2122
253,2015
253,2171
253,1336
253,1230
253,1020
251,1000
590,3186
639,3348
703,3423
700,4015
699,3485
697,3832
686,3843
662,4026
646,8418
635,3226
633,6218
728,3939
705,3319
681,12217
664,4951
638,3763
634,2904
595,2690
513,2306
452,1999
432,9706
418,4386
485,2967
475,5633
475,2889
484,1830
484,1896
484,1969
484,1864
481,7895
517,4463
517,2721
517,5137
520,2745
515,2021
545,2075
566,7849
553,3818
553,2712
550,1801
542,1701
530,7952
509,3867
501,2555
493,4799
493,2462
486,1828
467,1925
450,1786
438,6770
420,4537
397,2622
368,1587
308,1328
283,1298
268,5032
261,4787
258,1912
256,1597
256,1691
256,1614
256,4731
256,4709
256,2356
253,1558
253,1579
253,1549
253,4105
252,4070
643,3034
642,3187
706,3689
700,3140
700,3815
700,3464
688,4628
664,3526
646,3132
635,14181
633,5905
728,4103
705,3581
681,3158
664,3048
659,2969
634,2801
592,2715
504,2378
452,8554
430,5280
418,3391
482,2178
475,1794
475,2099
484,1823
484,1852
484,2034
484,1877
517,8541
517,5385
517,3080
517,2228
520,1970
514,1813
545,8555
559,4255
553,3047
553,2034
547,1807
539,7345
520,3910
507,2585
500,3972
493,2668
489,5077
477,2883
460,1545
447,1640
434,6919
408,5901
387,2776
332,1618
289,1197
274,4734
264,4356
261,1825
256,4033
256,2512
256,1671
256,3995
256,2717
256,1779
253,1580
253,1586
253,1585
253,1640
252,1588
249,1562
643,2951
708,2952
700,3088
700,2996
700,3232
688,3171
663,3274
646,3012
636,2888
633,2974
729,2993
707,2953
681,2901
664,2753
635,2672
633,2788
590,2656
501,2174
449,1964
424,1791
418,8279
481,6216
475,1637
475,1913
484,2180
484,7055
484,6402
484,3079
481,2182
517,5570
517,3211
515,2045
519,5283
512,3816
541,2261
527,1792
553,7683
552,3846
541,2613
534,3823
509,2185
501,1709
493,1661
492,1724
482,1685
464,1697
450,6323
435,4780
414,2597
387,1645
332,1355
288,5145
274,4673
264,1975
259,1533
256,1469
256,1465
256,1470
256,1475
256,1469
256,1654
253,1621
253,1605
253,1870
253,1874
251,1022
248,4303
247,4121
241,2268
621,3024
698,3068
684,3007
674,3168
653,7645
642,4219
633,3139
633,8748
625,4578
598,2991
671,8761
652,4743
625,7382
592,3987
528,2504
480,2528
437,2084
417,1897
413,8827
404,5813
404,3369
475,2190
475,1807
475,1834
484,1930
481,1817
481,1915
481,8258
481,5399
513,3257
508,2170
505,1778
505,7384
494,3816
526,2670
548,1885
541,1788
528,8389
508,4025
501,2748
493,3831
491,2339
482,2032
464,6838
450,4198
435,4861
417,2413
392,1810
345,1715
297,1500
277,1458
263,5202
261,4943
256,2434
256,1968
256,1964
256,1972
256,1962
256,1972
253,1927
253,4709
253,4720
253,2388
253,4725
250,2386
248,1608
246,1609
241,1645
239,1590
619,3037
684,3092
674,3226
644,3307
642,3171
632,13274
633,5579
625,4179
599,3405
579,2967
654,3154
627,12068
595,5131
546,3435
482,2211
442,6207
420,3292
415,2242
408,8307
404,4519
404,2791
475,8218
475,3538
475,4265
481,2422
481,1942
481,8266
481,4623
516,2964
512,1980
505,1743
509,1934
496,1726
494,1811
526,1975
543,2083
536,8335
516,4653
505,2759
496,2003
493,1786
488,1653
474,1677
458,1679
447,1732
425,7168
407,4999
383,2723
326,2917
288,1767
273,1749
264,1638
261,1601
256,4455
256,4443
256,2262
256,1922
256,1865
256,1834
253,1749
253,2456
253,1079
253,4275
253,4313
250,2627
248,1760
247,1858
241,1840
239,4214
698,2958
687,3142
676,2952
658,3137
644,3194
633,8554
633,4632
627,3238
603,2885
677,2850
664,2957
635,11537
609,5562
569,3670
503,2436
451,2013
429,2030
418,1962
413,1902
404,1918
475,8757
475,5709
475,3228
484,2273
484,1841
481,1897
481,1869
481,1843
517,8355
514,4685
509,2848
512,2156
506,1842
527,8331
526,5716
552,4766
543,3824
535,2073
515,1690
504,2341
495,1826
493,8677
488,4215
470,2486
455,1645
447,1979
425,7971
405,3438
381,2415
319,4421
288,2260
274,6224
264,2556
261,1454
256,1536
256,5268
256,3864
256,2177
256,3230
256,1798
253,5578
253,2423
253,3775
253,2336
252,1750
249,2096
248,4701
246,3294
239,2150
700,3379
696,3536
684,3827
679,3619
653,3987
643,3801
633,3303
633,3879
625,3731
694,3195
673,3999
654,3601
627,3158
618,3675
574,3090
485,2384
443,9672
423,4584
418,2742
408,7691
475,3402
475,5030
475,3141
484,2054
484,6418
484,4351
481,2191
517,6308
517,4372
516,2285
513,4987
512,3501
511,2206
531,2068
553,2405
553,9386
545,3806
539,2599
519,4164
505,2733
497,5621
493,3114
489,2612
477,1832
460,8461
448,3321
434,2213
412,3493
388,5426
339,2314
290,4414
278,2803
264,1663
261,1472
256,1833
256,5573
256,4751
256,3322
256,5531
256,2072
253,3423
253,1982
253,1645
253,5166
253,3752
250,1680
248,5658
247,2587
241,1417
700,3640
698,4149
697,3341
685,3327
658,3604
645,3300
634,3947
633,3327
727,3166
699,4268
674,3159
661,3040
632,3863
622,13081
583,5235
498,3204
446,2028
423,9809
418,6157
481,3491
475,2410
475,1940
484,9198
484,3840
484,2578
484,5373
481,2740
517,2277
517,8726
517,3888
520,2491
512,5653
544,4138
531,10034
553,4702
553,2790
545,2124
539,4230
519,4200
507,4080
499,4078
493,2685
489,7843
477,3376
460,4181
447,4909
434,2823
408,1980
387,1849
332,1636
289,5929
274,4880
264,1963
261,5423
256,2254
256,3197
256,2710
256,1214
256,1856
256,2066
253,1843
253,1902
253,1719
253,1800
252,1714
249,1209
248,1525
243,1123
239,1129
700,3255
691,3474
691,6412
671,3528
651,3734
640,3888
633,7140
630,3411
711,3391
686,3272
667,3296
645,3317
617,3235
604,3026
526,2705
455,2255
434,2077
418,2051
413,4249
475,2026
475,2155
475,2122
484,1892
484,2219
484,1941
481,1975
481,2113
517,1889
517,2107
513,2015
514,2064
512,4049
535,4091
553,1983
553,2024
546,1979
548,2149
531,2159
515,2022
508,1805
501,2101
497,1790
485,1896
468,2035
453,1844
440,1731
411,1802
387,1713
328,4198
289,2356
275,1190
265,1160
260,1133
257,1123
257,1110
257,1108
258,1237
258,1151
258,1131
255,1139
255,1107
255,2230
255,1874
254,1113
250,1021
249,1078
244,1174
241,993
241,993
691,3852
678,4607
662,3468
646,6189
636,4587
634,4587
628,4618
604,5008
677,5198
664,5023
633,4746
599,4663
585,3176
498,2651
445,8982
423,8062
418,4928
410,3322
404,4954
475,2688
475,2042
475,1944
484,1919
484,7923
481,4608
481,2982
517,2187
516,1985
512,2015
512,1942
509,2012
498,1889
526,2089
553,2160
545,2110
536,2071
525,2028
513,7458
504,4614
501,2955
496,1981
482,1807
466,1816
453,1649
430,2181
411,1663
383,1724
324,1609
289,1468
274,1305
265,1263
262,5006
257,4232
257,2819
257,1747
257,1749
258,1771
258,1818
255,1761
255,1819
255,1438
255,1005
254,1114
251,1181
250,1384
248,1234
243,1127
241,1086
241,1258
685,3265
684,3269
654,3206
643,3203
634,3700
634,3880
626,6145
695,6275
674,5084
655,4123
627,3759
595,4068
567,3268
482,2326
442,3019
421,2266
415,2020
408,3228
474,2405
475,2327
475,2648
484,3231
484,1967
481,2840
481,2178
481,2109
517,2753
515,2108
512,1962
512,2920
508,1924
528,2029
526,2702
553,2054
543,1976
535,3610
523,2978
512,1946
503,4075
501,1760
496,1999
478,1727
461,1718
451,1900
427,1878
403,1791
379,2530
319,2110
285,1865
269,1826
265,1403
260,1459
257,1625
257,1287
257,1298
257,1302
258,1311
258,1149
255,1100
255,1035
255,3875
255,3869
253,2664
250,2058
249,2076
243,3784
241,3804
241,2021
237,3633
677,3053
659,3152
645,3385
635,7118
634,8445
628,4754
604,7035
675,8182
662,4520
633,6729
599,7603
585,4106
498,2363
448,2163
423,2106
418,2068
410,1927
404,9232
475,5366
475,3245
475,4880
484,2642
484,2262
481,7486
481,5748
481,4492
517,1973
513,1810
505,1802
511,1841
499,1838
526,1828
553,1897
546,1840
539,1956
531,7274
516,4976
508,2943
501,4522
499,2416
487,1806
472,1799
457,6622
441,4456
422,2758
394,1730
347,1623
298,1423
278,1345
265,1332
262,4156
257,3895
257,3898
257,2113
257,1462
258,1454
258,1542
255,3835
255,3040
255,3783
255,3773
255,3753
253,2003
250,1387
249,3707
243,3699
241,2581
241,2760
237,2123
678,3064
662,3007
646,3160
636,3302
634,3106
628,3042
610,3192
682,2960
665,3009
644,3145
610,2839
592,11348
516,4997
451,3216
432,2047
418,2031
413,1889
404,7446
475,4833
475,2872
484,2101
484,1984
484,7420
481,4941
481,2960
517,1999
517,1807
514,1806
516,7311
512,4624
539,2943
527,1983
553,1995
552,1883
541,1780
542,1912
522,7251
510,4860
501,3036
501,2009
494,5320
476,3089
460,2225
451,2164
425,2164
398,6244
373,4039
318,1862
286,4772
269,2604
265,3200
260,2392
257,4087
257,4088
257,4262
258,3066
258,1918
258,4132
255,2759
255,2090
255,4105
255,2771
254,2119
250,3981
250,2744
244,3883
241,3919
241,2059
239,1671
692,3787
672,3768
652,3833
643,3551
634,3647
631,3740
719,3854
694,12782
672,5505
652,4207
620,3536
604,3183
551,3202
482,2677
443,2343
423,2282
415,2112
480,2208
475,8478
475,6375
484,3653
484,2459
484,6698
484,3548
481,6040
517,3236
517,2463
517,2484
520,8513
514,4721
545,3112
618,4576
605,5154
605,2788
610,2208
601,2216
591,8427
565,4445
556,2976
548,4503
591,5405
582,2864
560,5630
544,2937
531,7818
504,3310
479,2049
444,1673
387,1344
338,5701
325,5145
309,5087
304,2950
299,1588
300,3214
300,3213
300,4818
300,2356
300,3223
297,4540
297,2175
297,1791
297,4277
297,2915
295,1785
292,1798
289,1779
283,4509
281,4551
730,3659
717,4640
704,3683
676,3891
663,3975
652,10346
753,5631
744,4056
714,8177
690,4891
697,8781
654,4898
617,3521
580,14399
504,5922
452,3621
430,2816
495,5245
488,3079
481,8805
490,4061
490,6000
490,3300
490,2301
526,2204
523,10280
523,6645
523,2945
528,5525
525,3004
551,2336
628,10358
613,3789
611,2851
619,5008
608,3021
598,9124
575,3753
561,2457
551,9117
596,3849
585,2483
562,8008
542,3511
525,4539
498,2513
464,8051
409,3554
359,2029
327,2274
310,2405
305,1630
300,3326
300,2933
301,1898
301,1839
301,5660
301,4316
298,3228
298,1779
298,1573
298,5207
297,5004
293,3448
292,1720
285,4996
282,3514
282,1665
278,1678
705,3726
679,3859
664,3583
653,3823
652,3613
744,3946
712,9637
690,5223
667,8030
635,4694
616,8251
544,4361
472,5834
441,6128
423,3190
419,9111
480,4211
481,5234
481,6187
490,3306
490,2274
490,2185
487,9006
487,4218
523,3179
522,2256
518,2117
518,2232
514,2133
534,2086
532,2192
609,2225
596,2125
586,2140
569,2084
559,2040
551,2072
548,8180
536,5265
517,3259
539,2213
522,5907
489,3537
454,2094
378,4808
335,4063
313,1615
310,1624
303,1589
300,4821
300,4726
300,2506
300,3537
300,2675
298,2112
298,2240
298,4595
298,4637
298,3134
294,2006
293,1699
289,4481
282,4466
282,2315
280,1592
275,4168
266,4128
258,2165
254,1766
651,3411
649,3827
637,3512
611,4035
594,3697
662,3831
636,3878
594,3364
519,3071
451,2637
440,10028
422,5823
418,3669
410,2431
410,2259
410,8914
481,5324
481,3435
481,2387
487,9299
487,4215
487,3053
487,2311
484,2329
515,2253
511,9261
505,5294
501,3394
500,2437
530,3364
596,11095
582,5121
559,3312
559,2303
551,2144
550,2712
541,9672
520,4367
501,3020
524,4673
502,5526
467,2751
410,1642
353,1488
326,1517
309,6124
304,4008
300,2036
300,5899
300,2990
300,3937
300,4064
300,2439
298,5153
298,2810
298,4647
298,1994
298,1482
294,2006
293,1584
289,1424
282,5401
282,4524
280,3814
275,1318
270,5669
258,5375
254,3198
251,1597
651,3555
642,3569
615,3541
596,3689
584,3966
641,8075
607,4817
566,3779
480,9701
451,4817
429,2936
422,11421
416,4735
410,5034
410,4455
410,3524
481,10904
481,4906
481,3510
487,6177
487,3300
487,7672
487,4466
519,5987
513,6684
511,3443
508,2213
500,10314
500,4529
549,6955
616,4056
602,2648
578,9351
578,3926
570,3127
569,2151
561,2990
539,9712
522,3801
548,3274
522,2009
493,1922
457,2308
388,6964
363,3785
343,2566
339,1575
333,1482
330,6680
330,3461
330,5305
330,5154
330,2391
331,1646
328,4965
328,3423
328,2229
328,6103
325,2964
321,1943
320,1751
313,1590
310,1740
310,1607
306,1618
301,1654
290,5018
284,4906
279,7371
664,3665
662,3515
644,4049
621,3489
696,4079
673,3699
641,12445
602,5368
529,3539
477,7211
450,3699
432,11386
429,5493
420,3796
420,6946
491,6588
491,3565
491,9247
500,4420
497,5914
497,3314
497,7779
497,3865
531,3342
525,3570
520,3409
523,12071
511,4706
561,3318
561,6626
627,3844
618,2514
594,2403
590,2646
579,2194
578,2255
572,10369
550,5031
532,3280
559,2499
535,2062
508,2057
471,1994
414,1653
372,7938
354,6480
346,2870
339,2141
336,4955
336,2299
336,1808
336,1807
336,5440
337,4731
334,2339
334,4072
334,3055
334,2458
331,2066
328,2060
326,5748
321,3852
315,1936
315,1681
313,5660
308,4150
300,2310
289,1623
285,5692
669,3616
668,3667
658,3892
629,4223
704,4063
683,13024
653,5566
618,4232
586,3779
500,3026
461,2919
443,2861
434,2525
427,2519
423,11191
494,6478
494,3888
494,2972
503,7428
500,3885
500,2952
500,2634
536,2726
535,2646
529,2620
523,2602
527,2599
516,9858
563,5783
642,3698
632,2688
620,2659
608,9148
592,4086
582,4267
580,2505
575,11108
560,5163
579,3626
563,2274
546,5435
513,2834
483,1959
428,8566
373,4349
357,2328
347,4734
342,2255
337,7504
337,3312
337,1887
337,1556
338,1762
338,1572
335,1906
335,1725
335,7035
335,3995
333,2451
329,6750
327,3371
322,1740
317,1438
316,1956
316,1436
309,1429
304,1976
292,6254
286,4200
671,3683
669,4471
659,4528
731,3919
707,4232
693,3953
657,4737
621,9958
600,5451
512,3811
463,2779
442,8480
435,4805
428,2942
493,2418
494,11271
494,4772
503,3980
503,6305
503,3497
500,2385
500,10540
536,4891
535,3897
531,5578
530,3324
529,7054
569,3563
563,2347
642,10759
632,4493
622,3032
608,6466
592,3535
583,6814
580,3988
575,2439
560,7536
580,4463
563,5499
547,6223
514,3560
499,1948
429,1745
373,2132
361,1506
347,6826
342,4199
337,2207
337,1562
337,7029
337,3110
338,4811
338,3720
335,2018
335,1678
335,1812
335,1716
332,1660
329,5796
327,4005
322,2240
316,1580
316,6089
314,3786
309,1940
301,1410
290,5918
285,2768
669,3486
668,4168
658,4219
724,4369
703,4304
682,8841
650,5186
617,8826
572,4799
499,8392
458,4573
436,5991
433,7386
426,4103
494,2570
494,9821
494,4417
503,3144
503,7415
500,4155
500,2456
500,2309
536,11107
534,4379
529,3379
530,6669
526,3261
566,2246
642,7993
641,4092
628,2381
628,7813
604,3917
591,2415
581,7639
580,3760
574,2753
593,2270
572,2070
559,2543
535,2107
503,1873
482,2252
410,1828
371,6574
351,4149
347,2743
340,1567
337,1917
337,5851
337,4250
338,2595
338,4117
338,2287
335,2163
335,5929
335,3494
335,4553
332,2041
327,1574
325,5732
318,3294
316,1825
316,1731
312,5693
307,3630
295,4116
289,1973
284,4313
669,3676
661,5101
646,4165
717,11099
698,5706
675,4163
635,4385
624,4455
535,3109
471,12127
453,5149
435,3171
431,7464
423,4032
494,2576
494,3109
494,11677
503,2781
503,3380
500,2631
500,10897
536,4942
536,3576
533,2386
525,3030
530,2633
524,2397
563,3027
642,10938
638,4874
626,3150
621,2469
598,2450
588,10526
580,4286
579,3364
571,5827
589,3116
568,2644
552,2497
529,9157
498,4192
459,2985
397,1787
367,7364
348,3355
344,4766
339,4230
337,2226
337,1542
337,2066
338,1778
338,7876
335,3967
335,2195
335,1488
335,2059
334,1492
331,1543
327,1730
323,7088
317,4068
316,2740
316,1749
312,6324
305,3368
294,1745
288,6194
283,3098
669,4177
660,4578
737,4016
713,4635
696,8610
661,5427
633,8992
612,4825
522,3643
469,9027
449,4239
435,3122
431,8925
493,4775
494,7026
494,3691
503,2523
503,12558
503,5330
500,3376
500,7295
536,3620
536,5973
531,6693
532,3747
530,7407
577,4362
563,2581
642,8668
636,4021
626,2826
621,2352
597,3221
587,2307
580,2295
579,2914
571,2320
589,2299
568,12231
552,4726
529,2851
514,2893
462,1865
397,1747
368,1804
351,1518
344,1424
339,2224
337,1349
337,1468
337,1456
338,1488
338,1360
338,1487
335,2034
335,2469
335,2438
334,2461
331,7439
327,4442
325,2156
318,1563
316,1620
316,6144
312,5146
307,2349
295,4822
288,6070
283,2348
669,3724
661,3980
743,4000
717,4360
698,9142
675,5393
634,9508
619,5253
535,9351
471,4363
453,2803
435,2506
431,2393
494,2738
494,2312
494,2431
503,2378
503,2328
503,2250
500,2338
500,2481
536,10467
536,5472
533,3533
533,2700
530,6946
577,3606
644,2442
642,2208
640,2298
635,2273
625,2255
603,2191
590,9765
581,5030
580,3325
616,2524
593,2050
572,2001
559,9503
534,3892
515,5674
476,2930
410,1719
370,4536
351,3979
347,2383
340,1976
337,1961
337,5767
338,4638
338,3576
338,1955
338,1687
335,1636
335,5728
335,4589
335,3462
332,1883
329,5614
327,3255
319,1834
316,1580
316,5545
314,3674
309,2145
301,5328
290,2849
285,3355
669,3576
668,4182
756,3965
724,3946
703,3879
682,11631
673,5377
633,4125
569,9009
500,4520
461,2695
436,2459
433,2513
498,10245
494,5746
494,3798
503,6090
503,3248
503,2615
503,2582
536,11643
536,5228
536,3484
542,2621
536,2542
530,9818
582,4550
647,3105
642,2440
642,2630
642,9764
631,4812
608,3284
592,2344
583,2420
580,9369
619,4411
601,2995
580,4980
563,2784
564,2197
528,2168
493,8068
433,4172
377,2456
361,4946
347,3874
342,4580
337,2645
337,2238
338,2246
338,6697
338,4334
338,2247
335,6278
335,3378
335,4195
335,2133
333,7283
330,4400
327,3708
323,4878
317,1865
316,1598
316,2204
310,5832
305,3870
293,3519
288,1954
671,4308
771,3911
760,4863
731,4550
707,4727
693,4030
677,4410
636,10919
590,5653
509,3689
461,6949
442,3706
507,2589
498,11604
494,4891
503,3767
503,6196
503,3384
503,6843
500,3759
536,2435
536,2952
536,12067
541,5257
536,3351
583,2615
579,7431
644,4322
642,2600
640,2472
637,13020
625,4453
603,3133
588,7041
580,3872
625,7289
614,4387
589,6324
568,6916
551,4261
541,2354
499,4013
444,3727
390,1730
361,1665
347,1618
342,1657
337,1542
337,4073
338,2708
338,5853
338,4397
338,2248
335,6482
335,3481
335,4239
335,2555
332,1969
329,6429
327,4713
318,2528
316,3229
316,2537
312,4218
307,2498
295,2584
288,6158
283,4062
281,2088
660,3774
731,3813
707,3853
693,8736
657,5206
641,8974
592,5019
503,3543
461,2728
442,8526
433,4826
426,3087
494,2670
494,10692
494,5584
503,3939
503,7164
500,4034
500,2686
536,2770
536,2976
533,2574
525,2642
530,11852
524,5695
563,3734
642,3008
636,2534
626,2506
620,2583
596,2403
587,9858
580,5049
577,3535
562,2380
585,2466
565,10279
547,4494
520,3080
483,2204
428,1705
373,1526
357,1444
347,1482
342,6293
337,5837
337,2989
337,1726
337,5841
338,3704
338,2028
335,3842
335,2918
335,2348
334,2463
332,5736
327,3841
323,2159
317,5614
316,3298
316,1830
310,5636
305,3145
293,3638
288,2175
283,2180
281,5228
276,3498
267,5199
705,3517
684,3515
652,3391
617,3417
551,3487
499,2818
456,2646
435,2519
431,2598
423,10303
423,5940
493,3914
494,2657
494,11539
503,4920
500,3379
500,2502
500,7997
500,5261
531,6628
524,3749
522,2718
517,11459
511,4718
563,3416
556,5290
620,3184
597,7570
582,4145
581,2697
580,10516
572,4218
550,2976
530,6839
512,3620
527,5760
493,3091
430,6750
371,3218
360,2064
346,1816
341,8196
337,3703
337,4654
337,2360
337,7867
337,3693
337,2088
334,5118
335,4618
335,4208
334,4948
331,2319
327,7463
323,3805
317,4560
316,2372
316,1777
310,1794
305,7709
292,4226
286,2143
281,1720
281,1669
276,1713
267,1611
257,6742
249,6270
238,2852
615,3310
551,3535
478,2982
439,2821
414,2609
432,10886
425,5371
422,3679
423,7334
423,4119
423,7721
494,4158
494,3138
491,12031
500,4862
500,3554
500,2515
495,11756
488,4992
523,3568
513,2537
504,2421
511,11502
508,5162
550,3599
612,2638
588,2315
578,2273
580,2390
579,2262
571,2283
549,2260
530,10118
519,4971
532,3274
501,2252
465,8914
395,3305
356,3649
351,6373
346,2912
339,1787
337,6040
337,3088
337,1305
337,6232
337,4022
337,2173
335,1564
335,1596
335,1534
335,6069
333,5472
329,2516
327,1782
322,1738
317,5752
316,4430
316,3462
309,1937
304,1750
293,5581
288,5115
283,3693
281,1856
276,5274
269,3563
261,1729
255,1701
660,3255
629,3230
586,3177
496,3024
467,9352
448,4430
434,6202
428,7096
423,6342
423,3513
423,10851
494,4653
494,3088
494,2442
500,2504
500,2483
500,2455
500,10317
531,5803
525,3628
523,2814
524,2453
511,2551
511,2424
560,2409
626,2635
612,11261
588,5184
587,3377
580,2770
579,4708
570,3090
548,2207
527,10071
551,4404
527,3488
496,2104
437,2008
381,9196
363,3461
347,5090
341,2257
337,1666
337,7690
337,4025
337,2500
337,5097
337,2752
335,1835
335,1898
335,1797
335,1846
333,1954
331,1820
327,7592
323,4280
317,2649
316,1596
316,7330
310,3707
305,3799
293,1997
288,7008
283,6117
281,1912
277,1482
269,1441
261,1429
255,5194
661,3295
632,3908
586,3231
496,3061
467,2989
448,2750
434,2522
428,2504
423,11977
423,5778
493,3686
494,3072
494,6199
503,3670
500,8202
500,4422
500,7325
500,4018
531,2727
524,2834
523,10763
524,4851
511,3579
563,2475
560,2331
626,2544
612,10816
588,4522
588,2961
580,6670
579,3702
571,2273
549,11281
530,3942
553,3213
529,5103
499,2778
458,2163
400,8178
367,3847
350,2449
347,1807
340,1749
337,7733
337,4322
337,2698
337,1730
337,1773
338,1869
335,1673
335,1720
335,1688
335,7515
332,5734
329,3260
327,1890
319,1684
316,1668
316,1638
313,1651
309,1593
301,1908
290,2082
285,2051
281,2010
281,2176
276,1957
267,1912
257,1872
684,3395
652,3554
618,3385
586,7899
502,4007
460,7123
442,3830
435,2655
426,2408
423,2354
494,2378
494,2409
494,2473
503,10205
503,5685
500,3698
500,2591
500,2339
535,2374
531,2422
523,2351
529,2369
517,2407
563,2319
642,2382
632,2377
622,2376
609,2326
594,2344
586,2295
580,2308
577,2307
561,2276
581,2278
565,2231
548,2270
526,2127
487,2213
441,2135
386,7066
360,5231
347,2701
342,1936
337,6106
337,3869
337,2185
337,4672
338,4382
338,4549
335,2630
335,2226
335,5888
335,4040
333,2143
331,1843
327,5932
323,4763
317,2427
316,1886
316,5545
310,4623
305,2414
294,5540
288,3499
283,4053
281,2382
277,2403
270,2433
261,5095
696,3590
661,3556
632,3497
610,3474
519,8778
469,4425
449,3097
435,3004
428,12097
423,5247
494,4235
494,2869
494,9027
503,4851
503,7448
500,4043
500,2951
536,2605
536,11912
531,4906
532,3775
530,2795
577,2827
563,11674
642,4637
636,3744
626,2563
621,8523
596,4113
587,2620
580,2377
579,6129
570,2414
589,2329
568,9282
549,4655
526,3125
505,2054
445,5899
389,3181
361,4368
347,2110
342,5533
337,2799
337,3999
337,3957
337,2358
338,2008
338,5384
335,3543
335,3605
335,3831
335,5031
332,2676
327,5003
325,3754
318,3521
316,1894
316,4951
310,3363
305,1829
293,5740
288,3143
283,1783
281,1482
276,1474
267,1448
257,4471
249,4444
648,3201
606,3310
526,3055
473,5932
452,3445
434,7405
431,3845
423,2784
423,9836
494,4664
494,3093
494,8828
503,4199
500,6315
500,3491
500,6664
499,3668
529,2539
523,9749
520,4680
514,3229
511,2350
563,9655
628,4393
619,3042
595,4992
591,5664
581,3036
580,7083
574,3745
552,2316
533,8689
560,4227
536,2729
508,8197
471,3599
399,3947
372,2325
355,1824
346,1667
340,1677
337,1608
337,1816
337,6075
337,5439
337,2543
338,5656
335,2613
335,1674
335,1688
335,5959
332,4939
329,3843
327,1996
322,4028
316,5783
316,2738
314,1724
309,5976
301,3818
290,1962
285,1700
281,5614
279,3678
273,2197
267,5338
257,3432
249,3364
237,2445
608,3122
534,2889
488,2631
454,2490
434,2378
431,2412
423,2286
423,2292
423,2361
494,2393
494,2515
494,2494
500,2431
500,9573
500,6135
500,3628
533,6650
525,3667
523,2411
517,10145
511,4430
511,3115
560,2366
626,2395
612,11951
587,5590
587,3181
580,3041
578,2240
567,2113
547,9458
528,4185
549,3213
526,2027
488,2296
426,8492
366,3573
360,2359
346,4358
341,3291
337,6510
337,3576
337,4456
337,2485
337,1775
337,5952
335,3718
335,1910
335,6300
335,3086
332,3067
329,4242
327,2356
318,6120
316,3045
316,2931
312,6229
307,2572
295,4019
288,3577
283,3938
281,5277
277,3487
270,3839
261,2139
255,2108
241,1275
228,5362
212,5212
491,2578
442,2421
441,2739
434,2344
427,2410
423,7534
423,3925
423,6881
493,3836
494,2668
494,10554
500,4637
500,3404
500,2492
500,10424
495,4490
524,3278
523,2336
511,10533
511,4261
511,3118
557,7305
549,3944
611,2568
587,2342
578,11041
580,4335
577,3223
567,2225
549,2159
528,2289
512,10270
526,4063
496,2908
440,1927
382,7105
363,3453
347,4496
343,4206
339,4388
337,4226
337,4007
337,2127
337,1741
337,6539
334,3841
335,4132
335,1953
335,6093
333,2935
330,3026
327,1946
322,1950
317,1955
316,1913
314,1934
309,1948
304,1932
290,1869
285,1857
281,1798
281,5762
275,4091
267,2917
257,1679
249,1710
237,1588
222,4919
197,4177
461,2399
431,2373
434,3088
430,2285
422,5686
423,6613
423,3620
423,2580
494,2381
494,2477
491,2319
500,2375
500,10411
500,5603
495,3593
488,5849
523,3235
513,9444
504,4323
511,2793
505,2335
548,10150
602,4739
585,3574
576,2567
580,2324
575,2393
560,2182
539,2147
523,8821
506,5295
513,3170
472,2202
399,1744
357,1455
340,1423
346,1380
339,5819
336,5529
337,2714
337,1744
337,1806
337,5547
337,5030
334,3869
335,4028
335,2447
334,5909
331,2802
327,1781
323,5883
317,3576
316,1967
316,1713
310,5798
305,3864
293,2202
288,4035
283,3030
281,1937
276,1924
269,1971
260,1882
254,1848
239,5229
226,4905
210,3080
177,4387
162,2657
414,2229
432,2347
425,2148
422,2135
423,2697
423,2272
423,5819
423,3334
491,2544
491,7807
491,4988
500,6374
497,3351
489,8315
487,4080
516,2548
504,2352
504,9959
505,4806
497,3590
481,6140
516,3203
574,2433
571,9657
566,4092
557,6446
537,3417
522,2154
497,9236
466,4067
432,2613
395,5079
354,2391
335,5541
328,1369
323,6150
336,5457
336,2473
336,3907
337,4602
337,2576
334,5848
334,3175
334,4342
334,2035
332,1777
329,1761
327,1754
318,1720
316,1879
316,5782
312,5244
305,4301
294,1944
288,1504
283,5558
281,4255
276,1947
267,5245
258,3231
249,3739
238,3847
222,1981
197,1865
167,1380
160,1293
152,3393
150,3255
146,3095
401,2093
422,2073
422,2064
422,2086
423,2322
420,2197
420,7151
491,4285
491,2726
486,7254
488,4734
487,5942
478,3188
469,2361
469,9038
499,5005
491,3356
481,4641
469,2839
461,2496
503,2531
502,2531
557,9821
536,4591
519,3173
509,2138
488,1913
452,1873
397,7142
345,4272
322,2246
331,1795
326,5384
321,3804
321,2281
336,5852
336,3118
336,2005
337,5850
334,3099
334,3882
334,2351
334,5759
332,2896
328,1976
327,1995
322,1939
317,1936
316,1964
316,1931
309,5612
304,5121
292,2577
286,1546
283,1595
281,2258
276,1990
269,1996
260,1891
254,1929
240,1862
228,1690
212,2081
182,839
164,3444
154,3076
152,2106
149,1602
146,1577
422,2211
422,2352
422,2194
423,2233
423,2539
420,5163
420,6008
491,3411
491,2662
486,2576
488,2730
487,10009
476,5317
469,3606
504,6431
498,3613
490,2640
476,9498
469,4606
460,3027
503,2327
568,9476
556,4537
536,3154
527,2285
509,2033
488,8697
452,4493
397,2675
345,6499
345,2990
331,1834
326,5650
321,3833
321,2064
336,5538
336,3389
336,2129
337,1775
334,1774
334,1756
334,1744
334,1729
332,1884
338,2149
335,2109
330,2094
325,2095
324,2152
332,5232
326,5173
319,2631
307,1617
300,1586
297,1562
295,1602
290,4832
283,4744
273,2578
264,1698
249,1664
233,4263
217,4030
186,2473
165,1732
156,1667
154,3030
151,2922
148,2769
423,2296
423,2337
423,2561
424,2400
424,2407
421,2452
491,2863
492,2615
491,2968
496,2796
488,2618
487,3370
475,4998
470,3091
505,3011
498,2913
488,3260
480,2766
466,2595
506,2862
504,2537
566,2580
549,2874
529,4123
522,2223
499,2633
475,2156
439,2058
374,2423
334,1750
340,1491
331,1967
324,1628
321,1325
336,1933
336,1528
336,3027
337,3494
337,1367
334,1450
334,1612
334,1414
334,1526
331,1354
337,1444
335,1285
327,1406
324,1258
332,1395
328,1421
323,1261
310,1428
304,1379
298,1796
295,2592
293,1446
286,1716
279,1822
269,1452
259,1432
245,1783
225,1362
199,1164
168,1467
162,1552
154,1629
152,1442
148,881
148,653
423,2105
423,2185
423,3259
424,2907
421,6217
421,4372
492,9705
492,4894
489,3416
490,6636
488,6269
483,3389
472,6501
470,6058
503,3351
492,2394
483,10351
471,5120
462,3465
504,2213
571,2404
563,2187
540,2222
528,2239
513,2244
492,9610
461,4297
411,2315
356,5066
352,3874
332,1802
328,1745
323,5439
321,4022
336,2284
336,5446
336,2318
337,2101
334,1730
334,1599
334,2138
334,1584
332,5443
339,3865
335,2100
331,1298
325,1864
324,1227
332,1408
326,1709
319,1496
308,1299
302,1595
297,1513
295,1201
291,1373
283,1265
274,1331
265,1347
251,2058
238,2544
218,2245
187,1306
166,1531
159,1019
154,765
151,1212
148,1232
148,1523
423,2371
423,3286
424,2988
424,2446
421,3192
421,9899
492,5109
492,3630
487,5927
489,6914
488,4303
479,2732
470,2863
505,10377
499,4964
491,4112
482,6060
470,7323
462,4088
504,5607
569,7445
558,4171
538,2616
528,2277
511,3035
489,2468
457,1988
406,2517
355,1726
348,6975
332,4280
326,2322
323,1607
321,1979
336,1489
336,6314
336,3935
337,4128
334,1471
334,2103
334,1323
334,1398
333,1896
339,1495
335,1461
331,1545
326,1411
324,1452
332,1831
328,1362
321,5100
309,3472
302,2029
297,2097
295,1987
291,5155
286,4882
277,2143
267,3735
259,2768
245,2144
225,2095
201,4264
170,3892
162,2639
154,3572
152,3506
148,2346
148,3391
423,2772
423,2999
424,2943
424,3163
421,6331
491,4032
492,2917
492,3006
499,3132
494,2994
488,3131
485,3026
473,2953
505,3119
505,2973
494,2961
495,3315
478,12278
515,6243
506,3924
572,3473
566,2869
549,3207
538,2846
523,2823
507,2704
475,2510
444,10792
383,4945
398,3246
379,2011
367,5549
362,3165
371,5090
371,3068
371,2232
372,6710
372,4193
372,2421
369,1922
404,6691
404,3757
404,4202
411,5105
408,4944
403,4402
398,2513
397,2405
396,8165
396,4417
390,3174
383,4874
368,2163
360,1828
353,7720
351,4234
346,2254
336,5615
325,2422
316,5390
299,2902
283,1830
266,6619
223,3430
200,1575
189,1281
184,1377
181,4791
178,4850
438,2718
438,3571
439,2705
439,3293
436,6631
507,4233
507,8915
507,4793
514,3369
509,3515
503,13421
500,5175
487,3973
519,6740
519,7750
508,4238
508,2809
489,9516
526,5108
585,8292
584,4138
576,2678
564,2606
543,2931
531,10516
507,4903
476,3379
442,5568
449,5812
401,4966
378,2452
373,2033
365,6833
376,4300
376,4721
376,2535
377,1891
377,6628
377,4563
409,2408
409,6382
409,3191
417,2017
415,1887
408,6276
406,4034
398,2325
401,1740
401,6389
397,3724
390,3986
377,2282
365,2032
360,5865
355,4040
351,2192
345,1606
333,1612
323,1728
313,1528
297,5475
278,5142
247,2505
209,3170
198,2272
188,3711
185,2604
179,3398
179,3421
439,2734
440,2725
440,3078
440,2722
437,3256
508,2879
508,3110
508,3199
514,2902
509,12030
504,5818
499,3999
522,3711
520,2973
520,2822
514,2896
507,2772
489,2629
526,2796
586,12044
585,5321
577,3503
565,7373
544,3870
533,2857
508,2616
477,10383
444,4912
450,3144
402,1979
378,5473
373,3732
380,2233
376,6620
376,3857
377,2267
377,6620
377,3437
377,2222
409,1925
409,1864
409,6850
418,4880
415,2793
410,5015
408,2487
400,5177
401,2744
401,2081
399,6425
393,3612
384,1977
368,1723
361,6238
355,4017
355,4298
350,2391
337,6011
325,3213
314,5791
302,4181
287,3796
266,3908
227,4778
203,2084
191,2716
188,3535
182,3952
179,1825
439,2607
440,2692
440,2591
440,2831
511,3345
508,2766
508,3509
517,11911
516,5390
512,3906
504,6105
503,3890
527,8964
520,4923
520,6385
520,12447
512,6633
546,3923
531,3547
591,2705
585,11419
582,6622
574,4051
553,3008
538,5686
521,6728
498,3690
547,2497
481,2340
417,2107
390,7477
373,4514
383,2962
376,1920
376,2087
377,2514
377,1672
377,9799
412,4744
409,2766
409,1978
418,1889
418,6986
416,6164
413,2952
408,3708
412,2255
402,1949
401,1893
401,1997
395,1813
388,6637
373,4314
364,2477
357,1733
355,2293
350,1699
340,1725
329,1864
320,7977
303,3599
287,4895
271,2080
233,1306
203,1352
191,1099
188,1535
182,5311
179,4772
440,2674
440,2692
440,2764
440,2758
511,3061
508,3065
508,3011
517,3183
516,3044
510,11917
504,6154
537,4167
526,3045
520,2892
520,2944
520,2765
510,11569
544,5758
597,3867
587,7461
585,4093
588,2759
571,2793
551,11189
535,4644
511,3372
487,2436
534,7547
456,4090
408,4848
385,2466
373,6966
380,3446
376,2148
376,6772
377,3872
377,2321
377,6780
412,3401
409,2232
409,6676
418,3784
418,2321
415,1943
410,7076
408,4062
408,2454
401,5073
401,2823
397,5069
392,2958
379,6586
368,3441
360,4217
355,2430
353,2004
345,1994
335,1991
323,5785
313,5638
299,2478
279,5311
247,2658
209,1616
198,1506
188,1448
185,1440
179,3575
179,3620
440,2718
440,2752
440,2775
510,2820
508,3040
508,6412
517,4048
517,3075
512,3179
506,12288
504,5959
534,4235
520,3178
520,8506
524,4620
514,3087
557,3065
533,11715
592,5358
585,3682
582,2711
580,10302
559,4794
541,7463
523,4056
501,6334
465,6982
484,3631
423,6377
390,3012
373,7601
389,3482
382,2311
382,2129
383,7424
383,4315
383,2762
383,2093
415,2058
415,7311
415,4605
424,5343
421,2856
417,2092
414,7435
417,3915
407,2389
407,1952
405,2039
405,1940
395,1939
380,1898
372,1726
367,7051
365,5660
357,2850
345,1953
335,1690
325,1646
309,5650
290,5405
252,2468
219,1657
206,1597
198,4586
195,4095
189,2681
189,2078
189,2170
445,2885
445,2943
445,2917
513,2836
513,3384
513,6708
522,4148
517,2896
509,3032
508,12526
497,5962
525,3974
525,3148
518,2817
517,11491
500,5030
533,3494
592,2761
590,13111
584,4985
574,3664
552,3238
539,2755
515,2979
483,2847
451,2429
454,9125
406,4788
382,2976
377,2169
369,1919
386,7103
386,4485
386,2586
387,5417
387,3288
384,5207
419,3013
419,2148
419,7091
426,3831
424,2378
418,5280
414,3028
404,7143
411,3588
411,2196
403,1907
403,6932
384,4408
377,2514
371,4864
371,2814
366,2069
353,6252
341,3520
330,2241
318,6081
302,3685
271,1981
234,4683
212,2858
201,4225
198,3793
192,2060
192,1978
192,3727
192,3735
192,2741
448,2709
445,2723
445,2801
516,6434
516,4000
513,3104
515,11277
512,5138
507,3777
495,7830
528,4376
526,8267
515,4506
513,3054
493,11301
483,4869
525,3667
592,8261
583,4379
560,2959
548,8331
532,2991
509,10923
473,4709
422,2962
363,2313
397,7860
379,4198
374,4753
367,2438
367,1855
388,1971
388,1850
388,1895
389,1922
386,1820
386,1944
421,2094
421,1962
419,7288
423,5543
420,3029
415,5054
405,4593
405,4268
411,6076
405,3028
396,1933
386,1712
379,1682
373,6692
373,4992
367,2712
355,1775
343,6255
332,3638
319,2201
300,1935
271,1677
236,4830
213,4251
201,2097
198,2957
193,3699
193,2532
193,1981
193,1994
193,3667
193,3759
446,2699
446,2953
516,2852
517,3575
514,3301
518,3080
513,13320
508,7607
496,4237
494,3912
529,3296
516,2849
509,9290
494,4987
484,3440
526,6493
526,3856
585,3548
562,2888
544,2697
535,3344
513,2653
483,2466
442,11252
374,4316
342,2610
381,2468
377,1702
370,8100
366,4335
387,2824
387,1817
387,2120
388,7700
386,4168
386,2908
386,4360
421,6588
419,3638
417,3909
420,2626
416,7322
407,3689
405,4769
413,2317
407,2026
400,2094
391,1705
382,1602
375,7189
373,5042
368,2902
358,4295
347,2017
338,1591
322,2129
307,1584
289,1484
247,1647
220,1363
204,1209
201,1310
196,1253
193,1245
193,1235
193,1086
193,1161
193,1295
193,1991
446,2778
446,2809
517,2875
516,3008
512,6785
513,4097
512,3294
500,3195
494,2972
494,12354
522,5883
512,4141
495,7318
488,3946
480,2870
526,2948
588,11711
571,5251
550,3678
543,2711
520,2705
494,2677
458,2393
390,8888
349,4679
392,2787
380,2025
372,2044
366,1934
366,1919
387,2006
387,1931
387,1979
388,1936
386,1859
386,1971
421,1996
421,6759
418,6066
420,2994
418,1941
410,1740
405,1672
405,1654
409,1639
402,6405
389,5157
383,2750
376,3512
373,2327
369,2093
360,2021
350,1927
340,2070
323,1858
311,1816
290,5435
249,4619
222,2046
204,1502
201,1392
196,3813
193,3683
193,2530
193,2015
193,1957
193,1972
193,2025
190,3431
446,2814
446,2937
516,2843
510,2909
504,2901
510,3231
497,3003
494,3293
494,2881
518,2944
511,3209
492,11789
487,5646
479,3848
526,2870
522,2791
565,3105
545,2656
534,11027
517,5604
486,3681
452,2558
386,2180
345,7817
326,4388
380,2596
372,1934
366,6564
366,4118
387,2380
387,1862
387,1960
386,1799
386,6455
386,4854
386,2743
419,4938
417,2506
411,1862
416,1888
407,6475
405,4419
405,2555
407,4701
400,2845
385,2058
376,6748
375,3273
373,3693
368,4468
356,3976
345,4318
332,2484
320,4343
305,3100
284,3922
239,4730
218,2163
201,3888
198,3887
195,2059
193,3724
193,3784
193,2852
193,2126
193,2218
190,2135
190,3642
190,3668
446,2852
514,2999
509,2965
504,3011
510,5163
497,6648
494,4919
494,8634
485,4674
511,7719
492,4313
480,7892
479,4386
478,6882
522,3916
571,10518
550,4761
536,3233
522,6965
496,3842
465,2635
402,8982
350,4032
336,2334
380,1869
375,1915
366,1781
366,7165
366,5875
387,2999
387,1981
387,1805
386,1788
386,1784
386,1772
421,7088
419,5698
417,5392
420,3753
416,4798
407,4295
405,3939
405,2299
409,5157
400,3074
389,2249
383,2102
376,2064
373,6347
369,5219
363,5155
351,3920
340,1931
331,6873
313,3180
296,1811
263,4733
224,2588
213,1535
201,4295
198,2682
193,3618
193,1955
193,1931
193,1908
193,1970
193,1931
190,3380
190,3470
446,2762
517,2912
514,3136
509,6287
513,7460
510,4131
496,6246
494,3764
529,2845
518,11877
511,5078
492,3729
487,6249
479,3841
526,3010
588,3278
565,3288
547,2606
542,2688
519,10815
493,6683
458,3207
390,2162
350,5934
392,3326
380,2021
375,5466
366,3765
366,2193
387,2060
387,6847
387,4540
388,2663
386,5134
386,2973
421,2255
421,6840
419,3600
425,3965
420,2157
416,5180
407,3182
405,6639
413,3310
407,4935
400,2436
393,1951
383,1914
376,6253
373,4281
369,2296
363,1689
351,1761
340,1746
331,1709
317,1721
297,1639
268,5481
232,4390
214,1950
201,3879
198,2848
195,2010
193,1984
193,3867
193,3715
193,3797
193,2098
193,1617
516,2855
517,2841
517,3069
526,6645
521,4149
514,8584
513,4700
504,8915
529,4411
529,6680
524,7754
523,4340
513,8533
542,4545
533,6761
594,7969
593,4492
584,6778
570,3799
549,7128
535,3845
513,9008
482,4304
439,5891
442,2850
405,7984
385,3490
380,4193
391,2489
387,1954
387,7148
388,4409
388,2928
388,1961
388,1923
421,1728
421,7267
421,4550
430,2624
427,1689
422,1771
420,1742
423,1751
413,1840
413,1802
413,1647
411,1988
406,1769
391,2072
382,6420
375,4425
373,2631
369,1887
360,6524
350,3755
340,1925
331,5430
313,2696
297,5725
265,2610
230,1939
213,4340
201,2468
198,4606
195,2075
193,1381
193,4210
193,2664
193,1650
520,3576
520,4031
517,3392
526,3918
526,3063
525,3688
521,3469
513,2971
548,3231
536,3115
529,12650
536,6240
529,4044
573,3389
624,3107
609,2920
599,13048
603,6697
598,4491
583,3025
562,2817
545,11464
530,7453
585,7441
554,4413
479,2845
414,1965
396,7263
401,2784
396,1887
387,7124
388,3598
388,4030
388,2607
423,1900
423,6565
421,3596
430,4316
430,2173
430,1853
427,6859
423,3799
428,2321
423,5109
413,2576
419,5063
417,2773
411,5061
402,2902
386,2056
379,1725
373,6628
371,4260
367,2287
355,1650
343,1664
332,1595
319,1564
300,1603
271,5538
236,4731
214,3019
201,995
198,3273
193,3052
193,3014
193,2249
193,2187
193,2181
520,3223
517,3087
517,3431
526,3271
526,3053
524,2999
518,2970
549,2977
545,3053
531,3021
536,2957
536,2964
525,11994
570,6406
618,4133
604,3253
595,2844
603,2842
594,2887
573,11476
553,5615
541,3737
513,2803
570,2573
529,2510
445,2110
405,1984
385,1931
398,1855
391,2031
387,2142
388,2276
388,2626
388,2601
423,2640
421,1801
421,1805
430,1774
430,2010
429,2141
426,2307
420,2311
424,2309
415,6826
413,4855
419,2921
413,1931
406,1798
393,1682
382,1620
375,1794
373,1885
369,1975
358,2252
348,2207
339,2174
323,2114
308,2072
289,2026
248,1598
222,1499
204,4174
201,4152
196,4076
193,2099
193,1722
193,1727
193,1716
193,3929
520,2862
517,2857
526,3167
526,2950
525,3048
521,3258
513,3258
548,3232
535,3084
529,3249
536,3118
529,12886
571,5635
552,3916
606,3072
596,3009
594,2934
597,2905
578,2892
557,2837
544,2773
519,11160
489,6151
539,3855
458,2615
411,6291
385,3026
401,2262
393,2216
387,2101
388,2107
388,2083
388,2275
388,2301
423,2324
421,2292
421,2317
430,2296
429,2285
426,7320
420,5395
424,3127
415,1985
413,1856
419,1790
413,1831
406,1760
391,1869
382,2034
375,1984
373,2183
368,2150
358,2164
345,2318
338,2286
320,2177
305,2255
284,2066
239,1835
218,4658
201,4380
198,3023
195,2267
193,2257
193,2239
193,2234
193,2240
193,2229
190,2127
517,2891
517,2925
526,3170
523,3395
515,8680
513,4818
543,3483
529,11923
529,5278
524,3863
522,8466
508,4659
542,7335
600,4281
594,2916
591,12110
583,5059
562,3709
546,7078
530,3852
497,8733
468,4236
476,5463
414,2705
394,7805
380,3968
372,2333
387,1791
387,7278
387,4220
388,4586
388,2854
388,8335
421,5583
421,3247
421,5517
429,2874
427,1851
420,8044
416,3942
409,2382
413,6571
413,3258
407,1972
406,7759
391,3519
382,4112
375,5090
373,2566
368,1822
358,1838
347,2263
338,3241
321,3170
305,3076
287,2984
241,4792
218,3144
204,2231
198,2205
195,2127
193,2086
193,3934
193,3892
193,2696
193,3942
190,2601
190,2005
190,3775
517,2773
523,2869
518,3329
513,3157
508,3234
496,12419
529,5824
529,4064
516,2971
516,2896
494,11776
533,5714
526,3943
594,2979
585,2738
561,2678
549,2867
534,2628
513,2596
482,2639
432,2399
374,3071
400,3486
381,3050
375,8841
370,4456
387,2964
387,2090
387,1846
388,8364
388,4585
386,3035
386,1822
421,1922
421,7101
419,4235
425,5764
420,2844
416,1769
406,1788
413,8080
413,3749
407,5665
400,2690
391,1701
380,7688
375,3454
373,2136
368,1825
356,6240
345,4186
334,2189
320,1631
305,5977
284,3594
241,1775
218,2072
204,1102
198,4690
195,4543
193,4459
193,3123
193,4490
193,2934
193,4474
190,2074
190,1682
190,4224
190,4059
515,2822
519,2846
513,3203
510,3424
497,3468
494,12610
529,5549
518,4216
511,6539
499,3865
487,8154
527,4499
594,3140
588,11493
565,4725
553,3494
541,6284
518,3804
487,2505
455,10436
387,4357
411,2802
385,5614
380,2862
372,2112
366,7407
387,4159
387,4660
387,4295
388,6350
388,6340
386,4445
421,5558
421,3023
421,1824
427,1833
420,2030
418,1866
410,8203
405,5358
413,2993
409,5624
402,5207
395,2247
385,8067
378,3512
373,2063
369,1847
363,2176
351,1766
340,1730
331,7368
313,4569
294,4029
257,1916
224,1269
209,1201
201,1186
198,1398
193,3752
193,3666
193,3708
193,2642
193,1978
193,1970
190,1962
190,1874
190,1878
190,1983
512,2824
514,2832
513,2713
502,3038
494,2794
529,7446
523,4155
514,7434
498,3065
491,2897
483,11726
526,5421
589,3857
574,7510
552,4162
544,2684
530,2621
496,2615
465,10177
399,5157
350,2976
392,4378
380,2441
372,2086
366,1722
366,7342
387,7332
387,3609
387,5225
388,2728
386,2034
386,7254
421,3904
421,2345
418,1797
420,1809
418,6745
409,5598
405,4751
405,4465
409,4906
400,2546
387,1914
382,1896
375,6605
373,5313
368,2993
358,3598
347,2397
338,2093
320,1977
305,1946
278,5494
239,4982
214,2090
201,1561
198,4169
193,4049
193,2822
193,1776
193,1851
193,4507
193,4598
190,2920
190,1763
190,3903
190,3875
189,2080
187,3912
512,2829
501,2949
494,2995
494,3216
489,3364
516,12738
507,5289
487,3979
484,6717
478,4051
526,12202
520,4833
565,3867
548,3128
536,9044
529,5004
497,3364
470,2968
416,2366
369,2328
338,2039
381,2128
380,8663
372,4883
366,3054
387,5789
387,5303
387,2838
388,6198
388,3558
386,6066
386,2933
421,2201
421,8419
420,3903
427,5008
422,2849
420,1965
415,8495
413,3940
413,5644
413,5358
411,4828
406,5685
391,5270
382,4750
375,2340
373,7854
369,3603
358,6662
348,3092
340,2016
323,7268
313,3861
291,2200
251,5917
224,4089
209,1831
201,1542
198,1518
193,4591
193,4397
193,4429
193,3350
193,3350
193,2496
190,2382
190,2518
190,2682
526,3022
521,3248
515,3601
513,3390
507,3544
529,3164
529,3724
526,3582
523,3191
514,3592
542,12808
601,6412
594,4102
593,3473
593,6765
570,4086
549,2953
534,2872
511,2927
481,2730
508,2560
441,3473
400,2499
381,2287
375,2151
391,1780
387,8573
387,5880
388,3446
388,4821
388,2476
421,8258
421,4052
421,2547
430,6327
428,3847
426,2217
420,8208
416,3983
415,2246
413,6260
413,3763
413,5476
406,2672
393,1929
382,7946
376,3989
373,2633
369,5186
360,2494
350,7496
340,3809
323,2019
313,7176
291,3507
251,6899
224,2666
209,1544
201,1606
198,6106
193,5945
193,2526
193,1689
193,2120
193,6036
193,5833
190,3853
190,5865
190,2549
526,2985
523,3011
515,3420
513,3061
543,3484
531,6919
529,4294
534,10306
523,5461
516,3775
544,10073
604,5162
594,3691
594,8634
595,4690
573,7304
554,4231
542,7748
517,4226
486,3087
536,11806
458,4039
411,2829
385,1935
401,9477
393,4184
387,2948
388,6340
388,6097
388,3164
388,2049
424,9086
422,3761
422,2709
431,1891
431,7588
428,4292
423,2703
421,1874
424,1909
414,1849
414,7366
418,5312
412,3331
403,5067
387,2589
380,2016
374,2048
375,7497
370,4286
357,4724
347,2296
333,1845
320,1866
305,1784
288,6525
241,5206
218,2281
204,1553
201,1620
196,4440
193,4337
193,2219
193,3069
193,3215
193,4396
193,2087
190,1637
190,1688
526,2905
526,2953
521,2901
514,3033
549,3121
537,3218
529,3125
536,2996
530,3050
573,2984
560,2964
611,3102
600,2776
594,2791
600,2948
584,2836
567,2691
547,2662
531,11160
596,5709
556,3690
489,2608
423,1985
396,8504
401,4073
396,2350
387,5349
388,2984
388,2338
388,7232
423,4013
424,2289
422,5357
431,3517
431,2334
431,7196
429,3770
424,2228
429,5258
424,2925
414,5261
420,3167
418,6791
412,3002
403,2128
387,2115
380,2073
374,6653
375,4381
369,2381
357,6425
345,3041
332,4548
319,4270
300,4418
269,2445
232,1747
213,1628
201,1486
198,1473
193,3894
193,3737
193,3784
193,2016
193,1640
193,1631
190,3698
190,3566
190,2473
526,2843
523,3132
515,2969
549,6799
543,4306
529,7473
529,4247
533,3035
523,12327
566,5282
612,4018
601,7405
594,4101
602,7817
593,4370
571,2863
550,2724
533,11371
510,5343
560,3657
499,2443
432,2043
398,1842
380,1780
396,1831
387,6786
387,5926
388,2988
388,4772
388,2594
424,2266
422,6664
422,4472
431,2555
431,1893
429,1934
424,1888
421,1860
424,6609
415,5139
414,2818
418,1825
412,6781
403,3607
387,4081
380,2119
374,6111
375,3617
369,2034
357,1791
345,5972
332,3990
319,2043
300,1738
269,5218
232,4266
213,1809
201,1741
198,1662
193,3805
193,3669
193,2499
193,1938
193,3642
193,3600
190,2415
190,1907
190,3491
190,3482
521,3075
515,2994
513,2831
542,3087
529,3156
529,6931
533,4184
523,3328
565,3191
542,12190
601,5464
594,3883
591,3091
588,8751
567,4533
549,3001
531,8282
507,4315
470,5618
485,3110
418,8497
396,3854
380,2425
396,1954
387,1863
387,7358
388,5822
388,3176
388,2071
388,7342
422,4372
422,4916
422,2611
431,1952
428,7508
423,4449
421,5283
419,4871
414,4322
414,5222
410,4917
409,2557
396,7216
384,3501
377,2291
374,1945
370,1956
365,1967
353,1909
342,1868
329,1784
313,1903
294,2072
253,1836
224,4624
209,4482
201,2945
196,2265
193,2287
193,4205
193,4257
193,2948
193,2243
193,2253
190,4092
190,4034
190,2160
190,1310
189,1110
513,3331
512,3459
501,3357
529,3761
529,3776
523,3662
521,3733
505,14221
540,6264
600,4355
594,3431
591,3386
583,3318
562,3200
546,3314
530,3213
503,12676
468,6138
485,3842
418,2647
396,6529
380,3397
375,2543
387,2447
387,2523
387,8903
388,5465
388,3798
388,2428
421,7270
422,4210
422,2574
431,2338
428,2333
424,2215
421,9491
415,4780
441,3507
441,2154
438,2075
437,9438
426,4313
410,3035
403,1953
420,8769
417,4115
410,2963
395,2526
383,1933
369,1852
352,8513
324,4896
286,3172
241,3585
229,2083
215,1717
212,1828
207,1640
207,1976
207,5533
207,5014
207,3700
207,1865
204,1546
204,2036
204,4895
204,5182
203,3632
202,1790
520,3658
511,4224
536,4217
536,10055
529,5314
521,10309
514,5803
499,3936
538,10127
600,5636
597,4002
580,10006
568,5402
550,3750
534,4622
503,8621
471,4605
405,7699
415,4160
395,2384
381,2256
376,10038
367,4764
388,6182
388,3884
388,2128
389,9533
389,4863
387,2884
423,6455
423,3860
423,5404
429,6306
424,3349
422,5532
412,3192
407,2347
442,2028
436,2369
429,2305
420,1940
408,2367
401,9144
421,4264
416,3508
408,5392
392,2703
380,2503
360,1668
343,6132
318,1643
267,5986
238,5737
223,3213
215,4649
210,2335
207,1956
207,6259
207,4199
207,4571
207,2226
207,1606
204,5831
204,5679
204,2570
204,2023
203,5789
202,5644
201,2747
514,3589
501,4077
536,3639
533,9224
522,5458
520,3722
500,3626
539,3487
532,11318
599,5450
591,4037
567,11093
556,5273
539,3888
516,3456
485,9594
451,4933
383,5819
409,3175
386,2212
381,8807
373,4187
388,2745
388,1986
388,2212
389,1978
389,8173
389,4925
387,2992
423,2120
423,2006
423,8106
429,4133
424,2968
422,1922
416,6134
442,4268
442,2394
439,1969
438,1993
428,7813
411,4083
404,2602
421,1735
421,7311
413,3600
398,2326
383,4967
371,2890
353,2058
334,5901
300,3845
255,3165
230,3335
216,2319
212,4023
207,3896
207,2208
207,3876
207,2718
207,3904
207,2708
204,1977
204,2093
204,2031
204,1985
204,1999
202,3769
201,3723
515,3264
503,3239
536,3497
536,3801
525,3674
524,3630
505,14181
542,6200
601,4378
600,3455
592,9084
580,4913
557,3511
545,12880
521,4990
488,4013
455,6948
459,7335
409,3803
386,2264
381,2032
373,2015
388,1936
388,9516
388,5469
389,3630
389,6233
389,3370
423,2112
423,2235
423,2110
432,9313
429,4726
424,3456
422,2128
414,9331
442,4238
442,2860
437,2049
437,2260
427,2003
411,9005
404,4360
421,3212
418,7148
411,3498
398,2116
383,1922
371,1815
353,1733
334,7984
300,5492
256,2774
234,1744
216,1507
212,5524
209,5632
207,3495
207,1975
207,2178
207,5316
207,5351
207,2423
204,3798
204,3730
204,2797
204,2550
203,2533
202,5186
520,3350
544,3527
536,3389
536,3677
538,9469
528,5295
571,8110
548,5433
607,8536
600,4872
599,3519
599,3580
575,3274
555,3218
539,3202
516,3035
484,3088
524,2730
444,2359
406,2285
386,8429
402,6013
392,3413
388,2174
389,6011
389,4385
389,2525
389,2034
425,2051
423,7622
423,4483
432,2857
432,2146
429,7863
424,4221
458,2810
449,5799
442,2886
442,2197
445,7654
438,4196
428,2730
434,5500
427,2799
421,2097
422,7203
415,4184
402,4800
388,2453
378,6877
358,3458
341,2094
317,1817
267,1566
240,5241
225,4684
215,2319
212,1581
207,1529
207,1493
207,1493
207,2004
207,2303
207,2288
204,3907
204,3897
204,3677
204,4122
204,3364
528,3605
556,4647
555,4383
542,4760
543,9424
543,5570
587,10852
651,6053
630,4145
612,10901
602,5721
609,4307
603,8405
585,4791
561,8216
548,5324
613,3581
576,3336
540,3865
459,2752
412,2417
407,2914
402,10409
394,5138
389,4348
389,6870
389,3801
459,3415
460,2337
458,2285
467,2994
467,2383
467,2550
465,4488
462,4552
491,2387
486,2244
476,2109
480,9388
480,5200
502,3264
495,5097
496,2782
487,7916
479,3597
480,2310
473,6297
454,3676
437,2410
423,8962
404,3985
377,2894
333,3809
282,1871
269,1820
255,1628
252,6042
247,4363
247,1975
247,4199
247,3199
247,5687
247,2745
244,4097
244,2008
244,1706
244,5734
243,4141
239,1900
574,3572
561,4235
554,3827
554,4002
553,3861
545,3809
577,3827
632,4842
622,14207
616,5828
622,4334
604,3689
584,3413
566,3720
548,13989
524,6134
573,4243
504,3061
435,2459
407,2459
391,9446
407,5108
398,3367
398,5190
399,3477
399,2657
399,2681
470,9426
468,5288
468,3384
477,5391
477,3115
475,2493
472,2897
465,2314
497,2231
485,3053
483,2227
489,2272
481,10471
507,4465
511,3786
499,7229
490,6557
488,5183
483,3002
469,2342
454,8298
441,4028
426,5550
402,2880
382,1919
329,7002
285,3548
273,4292
259,2029
256,5440
251,2952
251,5044
251,2697
251,1852
251,5051
251,5066
248,2303
248,4819
248,2578
248,2081
248,2094
246,2098
579,3730
576,3928
564,4007
565,4246
565,4045
610,4207
599,4061
650,4081
632,15711
621,6483
628,4565
623,3971
608,3692
586,13128
568,5526
551,4113
607,3838
576,3519
499,2742
430,2618
429,9910
413,5094
408,3487
400,4648
400,2899
400,2567
400,2631
471,2627
471,2662
469,2573
478,2553
478,2571
478,2606
475,8926
506,5375
502,3304
496,5347
485,2844
490,6541
488,3619
512,2511
525,8697
504,4088
496,2679
489,6257
489,3497
482,6147
462,3076
446,2327
432,2038
414,7958
393,4503
350,2440
302,1677
274,1586
260,5481
256,5227
251,2522
251,1826
251,5043
251,5020
251,2196
251,1841
248,1796
248,1807
248,1792
248,4878
248,4863
245,2600
579,3777
574,4378
560,4035
565,4210
563,4210
604,11605
666,5959
639,4335
628,4052
628,4105
627,4163
618,15347
594,6113
573,4307
554,9370
620,5210
582,7468
510,4236
445,2695
408,2589
413,10255
408,5595
399,3599
400,2463
400,9843
400,5164
470,3634
471,2507
469,7459
478,4953
478,3106
478,2298
474,9953
468,4661
502,3259
492,2471
484,2394
490,2274
485,2441
510,2292
493,2241
502,2239
494,9501
488,5449
485,3399
473,5825
455,3078
443,2291
424,2252
403,2165
377,2124
315,1852
282,6478
267,6147
259,3084
254,2278
251,2725
251,2252
251,6556
251,5151
251,2677
248,1628
248,2064
248,6443
248,4483
248,2437
246,1698
243,1604
242,1839
560,3821
558,5082
565,4073
552,4697
545,9682
570,5965
629,4159
619,4466
618,4664
620,3997
593,4303
573,3883
555,11112
532,5403
501,10159
517,5118
451,3417
410,8136
392,3858
387,6350
399,3485
399,2383
399,2728
400,10528
400,4720
400,3884
469,5588
469,3160
469,7564
478,3935
474,2494
469,7584
466,3752
460,2493
484,9645
484,4468
480,6851
480,4116
465,5634
481,6669
496,3830
489,2143
487,10097
476,3838
460,6570
445,3888
431,2502
411,9048
385,4290
336,4619
286,5011
274,2716
260,1665
257,1732
252,1961
252,1785
252,1679
253,2088
253,1559
253,6037
250,5073
250,3291
250,1975
250,6065
249,3009
246,1877
245,2125
240,1615
236,5365
559,3734
553,4531
552,4550
536,4596
569,4453
559,3945
620,4282
617,13577
599,5504
587,4705
569,4495
552,3566
521,3911
491,10872
420,5084
427,3293
407,3014
393,2318
388,9403
400,5243
400,3189
400,2399
401,6437
401,2222
401,9318
399,6843
470,3860
470,2603
470,6845
475,3806
469,2594
467,8917
456,4473
485,2931
485,6676
480,3768
480,6333
463,3236
481,2181
473,8600
490,4345
486,2913
474,5933
457,3042
445,7642
430,3436
405,4118
379,2311
318,1846
286,1610
271,1538
261,1604
256,4878
253,4894
253,2713
253,1798
254,1788
254,1795
254,1791
251,1700
251,1884
251,4640
251,4661
249,3200
246,4654
245,2452
239,1653
237,1653
237,4431
550,3554
541,3595
527,3518
515,4062
554,3802
621,15038
613,3998
588,3851
576,3714
558,3652
536,3355
505,3212
456,13171
391,5313
417,3551
395,6041
389,3390
380,2288
380,2449
401,2361
401,2317
401,2368
402,2293
400,2314
400,2291
471,2334
471,2429
467,2341
471,2331
468,2404
462,2403
451,2287
451,2414
481,2321
474,8785
458,5147
452,3229
445,5100
468,5929
487,3188
475,2149
457,8743
445,5140
431,3054
406,5721
382,5084
323,2222
287,1476
272,5858
262,2983
259,1871
254,5281
254,2872
254,1782
254,1758
254,5362
255,4917
252,1994
252,1461
252,4983
252,5023
252,2266
248,4858
247,2396
245,4901
240,2483
238,1643
238,5119
234,3273
542,3490
528,3869
516,3850
555,8113
554,4953
615,4109
592,3812
570,10696
566,5446
541,3952
510,7044
476,4302
404,8052
360,4045
400,7528
395,3903
387,2784
381,9550
402,4586
402,6247
402,5857
403,3168
403,2415
401,2388
401,9629
472,5396
471,3640
467,5505
469,3121
466,8675
454,4070
452,6213
487,3410
479,6751
472,3646
453,2345
450,2170
442,2215
469,2558
485,2077
469,2121
453,2019
445,8241
421,4967
398,3199
375,7956
310,6040
282,2934
267,4626
260,2731
257,1924
255,1888
255,1947
255,1881
255,1858
255,5740
253,5507
253,3254
253,5465
253,5501
253,3024
250,2022
248,1990
246,1974
241,1975
239,1946
239,5324
234,5324
228,2665
517,4053
515,4271
507,3866
555,4022
615,4053
589,4193
570,3895
565,3930
540,14496
509,6042
477,4259
406,3022
361,2684
401,10688
396,5329
388,3653
382,2612
382,2495
403,10479
403,5440
403,3827
404,5245
401,3299
401,2932
471,10290
472,5205
469,3666
473,2590
469,2566
464,10175
453,5325
452,3613
487,2551
479,7679
472,4490
462,2793
451,7115
472,4335
469,2707
488,2229
476,9172
460,4566
448,3128
435,6375
417,3235
392,7936
357,3506
307,2184
282,6731
267,3259
263,4461
258,2618
255,4223
255,4206
255,2537
256,5568
256,4252
256,4248
253,4137
253,5542
253,2857
253,2004
252,1982
249,5421
248,5471
243,2314
239,1990
239,5426
237,4983
548,3773
544,4013
524,3919
564,4229
624,8845
623,5412
617,9646
608,5565
588,10136
573,5521
557,8374
535,5007
507,8828
546,4864
475,3030
427,7129
408,10437
396,7079
412,3988
403,2859
403,8133
404,4056
404,2569
404,2366
475,2355
475,2265
472,2233
481,9577
481,5582
481,3407
478,6108
473,3269
505,2461
499,2265
488,2271
494,2299
494,2224
518,9392
535,4996
514,3236
503,2373
495,2131
493,8473
488,3990
470,2632
455,8126
446,3499
423,2190
401,1789
378,1843
317,6451
284,5976
267,3142
263,4224
258,2432
256,2036
256,5311
256,3562
256,5256
256,2775
253,1869
253,5341
253,4937
253,3664
253,5261
250,2752
248,5053
246,2498
241,5077
569,3773
567,4066
608,4439
598,3883
643,4300
633,8334
623,5133
631,3856
624,10318
598,5328
577,8585
561,4959
538,3792
595,13474
546,5473
461,3696
421,2629
422,2591
414,10420
407,5534
404,3739
404,5213
404,3154
404,9863
475,4682
475,6205
472,3337
481,9413
481,4278
480,2828
477,9400
505,4469
504,2846
491,2442
494,2534
494,2356
488,9660
514,5167
518,3436
504,2300
496,8990
493,4175
489,6097
477,3270
460,2265
448,2054
434,2070
412,1924
388,1910
339,1783
290,1701
277,1987
263,2145
260,5646
255,5474
256,2801
256,2008
256,2020
256,2005
256,5397
253,5324
253,2808
253,1972
253,1989
253,5285
251,5311
248,2838
247,2312
241,2289
569,3813
569,4336
611,4025
676,4295
652,4353
635,4371
633,4292
632,4338
626,4069
607,3985
583,3687
571,3859
635,5969
609,3431
568,3504
480,12228
428,5344
429,3702
417,2645
409,2416
404,9910
404,5547
404,3707
475,5404
475,3231
475,2583
481,9774
481,4747
481,3273
481,6807
477,3726
507,7341
505,3742
498,6200
494,3362
494,2486
523,2557
516,2542
529,2490
507,9400
500,4792
493,3329
493,2330
485,6797
466,4050
450,5591
436,2953
418,2164
397,2085
358,2016
307,6745
282,6330
264,2735
260,1793
258,1736
256,5574
256,5438
256,3812
256,2059
256,1848
253,5457
253,5323
253,2326
253,1946
253,1963
251,1939
248,1965
247,1937
242,5594
569,3770
569,3811
614,4096
677,4224
654,4146
636,3926
634,15035
632,6214
627,4394
609,9424
587,5226
571,3701
635,3721
610,3755
571,3264
485,12454
451,5400
429,3659
417,6574
410,3456
404,2450
404,2398
404,9275
475,5109
475,3492
475,2366
481,2228
481,2172
481,6441
481,9329
477,4655
507,3204
505,6618
495,3508
494,6908
494,3513
522,2389
540,2263
528,9206
507,4797
501,3320
493,2214
491,8663
482,3780
464,2454
450,6383
435,4025
417,4589
392,5309
346,4462
299,2384
277,1931
263,5501
260,5376
256,2308
256,1687
256,5306
256,4883
256,2315
256,1959
253,1945
253,1889
253,1899
253,1926
253,1880
250,2165
248,5137
247,5157
241,2647
569,3760
621,3852
611,3908
676,3964
649,3905
635,3921
633,11022
632,5788
626,4342
603,3847
580,3776
661,3752
632,3973
598,3762
561,3482
477,3289
445,2818
422,2671
417,2899
410,2552
404,10741
404,6773
404,4026
475,2996
475,2610
484,10704
481,5153
481,3634
481,2610
481,2559
513,2601
505,10666
504,5631
499,3706
494,2733
526,2517
520,2557
538,10445
519,4874
506,3396
500,2423
493,2520
491,10029
477,5008
461,3546
448,2383
434,2377
414,9015
388,5149
342,3054
292,5018
277,2535
263,6036
261,4053
256,2040
256,5539
256,3887
256,2414
256,5583
256,3860
253,5356
253,2562
253,5367
253,3710
253,2464
250,5373
248,3541
247,2325
241,2309
569,3820
621,3962
687,3856
676,4492
649,9938
644,5513
633,4348
633,4275
626,4230
603,4145
580,4063
661,4103
632,3935
597,15113
560,6322
475,3949
445,2919
422,2748
417,2556
410,2684
404,2734
404,2433
475,2427
475,10452
475,5915
484,3787
481,6124
481,3343
481,2626
480,2739
513,2642
505,10189
504,5225
498,3582
494,2516
526,10057
545,4496
538,3171
518,2306
505,2337
496,2392
493,9554
488,5471
474,3407
458,5575
447,2986
430,2277
407,2223
383,2179
322,1895
288,1728
273,6274
263,5946
259,2865
256,2072
256,2086
256,2091
256,2092
256,2086
256,2088
253,5510
253,5489
253,2732
253,2020
252,2026
249,2017
248,2015
243,2003
239,1987
621,3968
615,4196
682,4269
662,4205
641,4184
639,8531
632,5272
630,4178
614,4129
594,3965
573,3901
645,3885
621,3832
581,3672
505,13464
456,5686
433,3719
417,2701
413,2677
404,10206
404,5171
404,3538
475,2591
475,2488
475,2547
481,2478
481,2521
481,2482
481,2468
513,10287
508,6050
505,3689
499,2839
494,2357
494,7740
523,4825
541,3197
529,2380
508,2211
501,2156
493,2149
493,2190
485,2161
466,2138
450,2162
436,2151
417,2252
392,2368
349,2267
299,1945
277,6022
263,5499
260,2527
256,1955
256,1974
256,5290
256,5286
256,2793
256,1945
253,1859
253,1887
253,5156
253,5134
253,2668
249,5167
248,2712
246,1855
241,1848
239,1842
619,3868
684,4086
669,4253
642,3990
641,4110
632,4128
631,4044
623,4157
598,4087
577,14843
651,5988
624,4160
589,8943
521,4686
455,6171
437,3347
418,2343
412,2314
404,2269
404,2231
404,9606
474,6660
475,3787
475,2956
481,6039
481,3805
481,2623
481,2643
478,2628
509,2662
505,2634
499,10706
494,5012
494,3341
524,2655
516,2255
529,2270
508,10352
500,4371
493,3496
492,2279
482,2153
465,2057
450,2047
436,8835
417,8138
391,3959
345,2761
292,1622
277,1529
263,1367
260,1484
256,1514
256,1984
256,2293
256,2301
256,2321
256,2280
253,2210
253,2239
253,2211
253,2232
252,2232
249,2218
248,2261
242,2170
239,2127
239,6075
237,5691
605,3709
654,3916
636,3909
625,4295
632,4180
626,4268
609,4165
583,4036
571,3978
543,3896
599,3877
561,14990
477,5463
424,3513
401,7389
417,4043
407,2768
403,2428
404,2366
404,2442
404,2396
475,2423
472,2341
472,2364
481,2388
481,2641
477,2622
472,2541
469,2538
495,2641
487,2541
487,2517
488,2491
482,10657
495,5066
504,3280
495,2543
492,2371
488,2165
470,2095
454,10051
443,4654
420,3262
397,5310
354,2633
299,1769
277,1639
263,1553
260,1683
255,1693
255,1896
255,2130
256,6492
256,6391
256,2843
253,5431
253,5963
253,3411
253,1946
249,1670
248,1898
243,1656
239,5786
239,4662
237,1984
232,5630
223,3095
218,1702
214,5530
554,3501
613,4487
588,3876
568,4096
558,3671
536,4213
507,13651
455,5367
393,3901
358,3014
397,2687
393,2340
386,2304
382,2915
403,2413
403,2262
403,2426
404,2900
404,9231
401,5282
401,3889
472,5345
471,3422
468,2212
469,2180
468,2866
457,9264
452,4679
487,3165
481,5969
475,3755
465,4769
453,3796
446,2124
469,10064
490,4766
478,2770
463,6087
450,3546
436,4931
417,2742
392,5059
353,3455
306,2169
278,1761
264,6128
260,4109
257,2290
255,5747
255,3016
255,1893
255,1865
256,1583
256,6188
253,3983
253,2475
253,5477
253,2794
252,1898
249,6116
248,2917
243,1633
239,1599
239,5787
239,3366
234,1794
228,5566
221,3596
217,1856
623,4256
623,3796
615,4387
598,4380
576,3625
558,3848
536,10530
503,4937
444,8411
450,4045
412,2346
396,2941
391,2826
382,2263
403,2232
403,2966
403,9165
404,4945
404,4106
401,2882
472,2344
472,10081
472,4030
477,3405
471,2630
468,2136
457,2215
452,2485
487,9120
481,5469
473,3724
462,2157
451,2614
471,8628
469,4391
485,6146
469,3579
453,4947
444,2680
420,5058
397,3102
358,2106
306,7171
278,3275
263,4210
260,2463
255,1556
255,5239
255,3606
255,4325
255,2382
256,3797
253,2121
253,1996
253,4889
253,3004
252,1927
248,1692
247,1705
241,2039
239,2058
239,5020
235,3370
231,1677
221,4811
217,3449
214,1577
213,1301
209,1348
585,3729
568,3473
550,3596
535,4070
498,4143
438,2947
382,2599
353,3192
338,2642
391,10647
382,5217
382,3333
382,2309
403,2994
403,10454
403,5070
401,3714
401,2375
401,2180
401,10718
471,5243
467,3136
460,2747
468,2485
457,2228
452,2371
452,10419
481,4966
475,3872
459,2768
447,5248
446,3931
440,6490
468,3912
480,2539
463,2080
449,2360
436,2817
417,2459
396,9160
354,7468
307,3474
282,2191
264,1340
260,1232
257,1351
255,1395
255,5437
255,5248
255,5303
255,3435
256,1867
253,1797
253,1842
253,1845
253,1815
252,1812
248,4981
247,5027
242,2632
239,3693
239,2738
237,2761
234,2747
225,2688
221,2678
216,2595
214,2603
213,4608
609,3437
586,3394
568,3951
557,3639
535,3442
505,3572
450,3029
393,2762
419,2630
397,2352
393,2574
386,9824
382,5503
403,3598
403,5396
403,6307
404,3441
401,2426
401,2477
471,2496
472,2473
471,9776
476,5031
469,3497
468,2384
456,8506
452,4019
487,2594
481,2215
475,2225
464,2096
451,2017
473,2130
469,2060
488,1981
476,2156
459,8146
448,5341
434,3261
414,2137
388,1743
343,6806
293,4154
277,2269
263,3853
260,2852
255,2208
255,2220
255,2232
255,4906
256,4949
256,2166
253,1734
253,1735
253,1743
253,1734
253,1946
251,4760
248,4667
247,3015
242,5978
239,5591
239,2386
237,4234
232,2115
224,1873
219,1688
215,1693
214,1770
618,3716
602,3807
589,3936
571,3618
555,3752
524,3679
494,3670
423,12583
434,5281
412,3557
396,2703
391,2704
382,2509
403,10732
403,5539
403,3863
404,2671
404,2477
401,2733
472,2540
472,10925
472,5926
478,3891
475,2756
469,2546
464,2572
453,10580
487,5062
487,3631
479,2615
479,2490
460,10167
480,4689
494,6557
492,3592
485,2399
478,9967
461,4593
451,3371
428,2129
404,2219
380,1967
321,2193
287,1623
272,1541
264,1614
259,6757
256,6361
256,3359
256,1762
257,1750
257,1804
257,5419
254,5466
254,4343
254,3218
255,2479
254,5565
251,3465
250,1963
248,1659
241,1630
241,1822
241,1648
236,5904
230,5685
223,2327
219,4088
216,2896
624,3818
616,4263
600,4278
579,4000
569,4100
541,4223
509,3697
477,3513
475,2833
424,2823
401,2465
396,2415
409,2335
403,2449
403,2284
404,6258
404,2496
404,2832
404,9585
472,6138
472,3638
472,2651
481,7179
477,3681
471,2474
469,9587
495,4429
487,6065
487,3302
484,2384
484,9444
474,4270
484,2909
500,2190
492,9035
492,4194
494,5941
474,3127
457,2218
443,2139
425,2026
400,1932
370,7745
311,5137
283,2725
268,5882
264,2830
258,1961
256,5473
256,4273
257,2333
257,1977
257,1983
257,1961
254,1928
254,5219
255,5288
255,2831
254,1907
250,1906
250,1910
244,1886
241,5128
241,5022
239,3270
236,1876
229,1860
223,1859
219,1885
624,3726
630,4400
619,3861
596,3923
578,7602
559,4815
535,7931
586,4719
520,3325
450,3094
414,11570
396,5360
412,3823
403,6621
403,3618
404,2689
404,10220
404,4870
474,3266
472,9180
472,4466
481,2897
481,2496
479,2730
475,2479
469,2454
501,10119
489,5516
487,3651
494,2603
486,2492
511,2406
491,9651
503,5303
494,3461
492,5426
494,3050
478,2401
461,2369
451,8954
428,4935
404,3109
380,2077
319,6946
287,3315
269,2098
264,2069
259,5547
256,4966
257,3612
257,4128
257,3046
257,2070
257,2063
254,2015
254,2009
255,1997
255,2289
254,2294
251,5246
250,5237
245,3521
241,1948
241,5096
239,3310
236,2212
229,2164
223,5318
219,5224
624,3809
630,4092
619,3955
597,4209
578,4112
559,4078
535,6952
589,4255
527,3802
459,3179
416,3272
397,2858
412,2353
407,2318
403,2300
404,2438
404,2281
404,2384
475,2437
472,2774
472,5427
481,2642
481,2372
480,2273
476,2538
469,2566
502,2491
489,2401
487,2442
494,2337
488,2473
512,2471
518,2483
504,2246
495,2393
501,2252
497,2297
485,2424
467,3806
453,4500
440,2209
411,2188
390,2211
334,1940
289,1595
278,1592
264,1450
261,1584
256,1519
257,1424
257,1434
257,1588
257,2337
257,2828
254,1629
255,1491
255,1531
255,1348
255,1516
252,1459
250,1325
248,1555
243,2154
241,2319
241,1813
237,1354
234,1452
225,1305
221,1411
625,3771
633,4393
626,3972
604,4282
581,3970
569,3952
543,13606
599,6033
563,4308
479,3043
427,2844
423,2922
417,2673
409,2751
404,2569
404,2679
404,2588
404,2577
475,2837
475,2726
472,2632
481,2863
481,2861
481,2539
477,2518
507,2568
505,2550
495,2938
494,5508
494,4235
523,5618
516,2659
529,3017
507,2774
500,2531
501,2875
501,3351
493,2405
474,2396
457,2324
443,2232
425,2230
400,2360
366,2204
309,1788
283,2225
268,3236
261,3135
259,1528
257,1378
257,1534
257,1458
257,1578
257,2572
257,2720
255,2777
255,2564
255,2830
255,2594
254,2625
250,2641
249,2822
244,1473
241,1549
241,4865
239,3344
236,5871
227,3901
223,1860
642,4339
633,4706
630,4732
620,4896
597,4880
578,4725
650,4694
624,4625
586,4538
521,4219
455,14734
437,5275
418,4028
412,3041
408,12769
404,4982
404,4062
475,3021
475,3096
475,12935
481,5511
481,3783
481,8194
481,4561
479,3072
512,2903
505,3319
502,2940
496,2937
494,11695
526,6238
596,4099
586,3262
565,6279
550,7167
549,3902
546,2620
540,2543
523,10366
507,4965
533,3564
516,2586
487,2354
455,2260
382,8097
337,4091
318,4814
308,4299
304,4871
299,2889
299,4834
299,3618
299,2433
299,6326
300,3583
297,2216
297,1970
297,1923
297,1958
296,1935
293,1993
292,2152
285,6119
281,6531
281,5934
277,3047
274,4541
261,2641
257,5763
657,4476
650,4531
648,4462
631,4701
609,11275
589,5948
661,4442
632,10760
592,5650
511,3817
462,3011
440,2825
422,2760
419,2670
410,10627
410,5510
410,4049
481,2752
481,2534
481,2502
487,10941
487,5288
487,3746
487,6786
519,3847
514,2473
511,2597
505,2609
500,2526
500,10475
529,5276
596,3678
582,2625
558,5779
559,3377
551,2688
548,9981
537,4177
519,3090
501,2275
523,2202
502,2243
467,2280
406,8217
350,4597
324,2880
309,5003
304,2933
300,2001
300,2083
300,2082
300,2474
300,2027
300,2111
298,1989
298,6015
298,6009
298,2947
297,1897
294,1922
293,1967
289,5848
282,5999
282,1402
280,1499
275,6547
266,4426
258,2051
254,6054
651,4436
648,4577
637,4576
612,10577
594,6030
664,4775
636,4781
596,10995
527,5473
455,3699
442,8816
422,4391
418,11674
410,7286
410,4262
410,3351
480,2729
481,11646
481,5145
487,3626
487,7430
487,4061
487,7629
485,4367
517,2885
511,2984
507,2778
501,11259
500,5250
532,3660
522,2668
589,2681
566,3048
554,2840
553,2568
551,2634
543,2848
524,2563
505,2503
494,9897
509,5344
478,3310
444,2414
374,4382
333,3199
313,2331
309,6237
303,3981
300,2051
300,1609
300,1662
300,1598
300,5679
300,5795
298,2800
298,1737
298,5842
298,4140
297,2101
293,1781
292,1722
285,5676
282,4533
282,3611
278,2069
273,5644
261,3243
257,1912
253,1919
651,4327
645,4539
630,4627
607,4376
590,4629
660,10243
630,5542
591,4290
511,3735
441,3259
440,3534
422,12001
418,5905
410,4023
410,3096
410,2728
481,12045
481,5416
481,3857
487,2720
487,11780
487,5188
487,3781
485,2788
517,11541
511,4946
507,3630
502,2709
500,2798
532,2890
598,2740
589,2865
566,11428
563,5334
553,3520
551,7044
545,3883
527,7325
507,4002
536,6372
512,3481
489,2608
453,7415
383,4427
337,5184
320,2598
309,7129
305,4175
300,4213
300,2627
300,2268
300,2276
300,2280
301,6979
298,6901
298,6855
298,3762
298,4259
298,2728
295,5055
293,4416
290,3831
284,3649
282,3639
282,6338
276,3310
271,2245
261,2153
256,2165
653,4716
652,4748
644,5266
625,5151
604,5003
681,4980
647,4800
620,4709
577,4620
506,4050
455,3824
436,3561
423,3333
416,3348
410,13366
410,5895
481,4115
481,8591
481,4728
490,7092
487,4302
487,3183
487,13476
522,5364
519,3998
511,3245
517,3206
504,3027
500,3205
552,3230
622,13487
610,5948
587,3769
582,3291
572,6998
570,8335
564,4100
542,6289
523,3736
552,2647
526,2711
495,2612
459,2412
388,8952
361,4989
343,3079
336,2105
332,1862
330,1824
330,1800
330,1942
330,7151
330,5805
328,2923
328,2158
328,6939
328,4147
326,2453
323,5177
321,3912
317,2570
312,2215
310,2236
308,2204
303,2169
295,6525
284,6130
280,2801
277,1987
661,4711
645,4712
622,5057
605,4543
673,5053
641,4946
601,4574
521,4084
450,3706
450,3265
432,3247
428,11921
420,6761
420,4544
420,3277
491,3216
491,12793
491,5437
497,4129
497,3014
497,2990
497,3037
492,2977
521,13020
520,6175
510,4106
509,3252
509,8212
556,4545
547,3316
602,3036
584,12381
575,5023
578,3612
573,2817
558,2951
538,2881
521,2695
506,2927
513,2752
478,2846
408,10677
358,4657
354,3407
345,2216
338,8767
336,4192
336,2673
336,1867
336,1935
336,8572
336,4859
333,3385
334,1988
334,1800
333,1783
331,1775
326,7848
324,5989
317,3427
315,6859
315,3100
311,2061
304,2043
293,2016
287,6406
283,5293
281,2642
277,1961
635,4459
613,4442
601,4644
568,4670
622,4554
579,4463
492,3838
443,13753
442,5825
435,4006
426,8112
423,4409
423,3225
423,12813
423,5676
494,4170
491,2913
491,2949
500,3455
500,3593
498,3339
492,3344
487,3403
519,3309
506,3170
504,2991
511,2958
498,2895
543,2913
590,2966
579,2954
571,2868
579,2850
570,11923
548,5692
527,3635
510,2861
488,2587
488,2460
424,2168
362,1873
345,1781
331,1835
341,1923
336,2160
336,2551
337,2542
337,6967
337,5548
337,3013
334,2130
334,2145
335,7027
334,4605
332,2514
327,1862
325,1909
318,1862
316,1873
316,1867
310,6881
305,6569
293,3171
286,1992
281,1741
281,1775
276,1762
267,6001
257,5938
588,4245
559,4694
522,4212
455,4201
458,8413
431,4565
413,6581
409,3963
422,3203
422,3123
422,3134
423,10964
423,6540
423,4320
420,2999
491,2994
491,2978
500,2847
495,2936
487,2886
486,2752
475,2779
504,2773
504,11807
497,5884
494,3861
477,2924
513,2574
504,10959
571,4891
563,3533
543,2503
530,2458
517,2581
491,2377
462,9469
414,5019
356,2933
348,4430
332,2658
326,7953
321,1651
336,5199
336,3621
336,6811
337,3630
337,2142
334,1713
334,1681
334,1646
334,1650
331,1810
329,1964
327,2273
319,2350
316,2465
316,6523
312,5123
307,2696
295,6039
288,2576
283,1916
281,1932
277,5995
270,5941
261,2696
254,1783
240,1717
228,5125
493,3553
414,3252
376,2974
420,2938
411,2869
404,11852
401,5556
401,4013
422,2759
422,3146
422,2776
420,2884
420,11710
420,6655
491,4267
488,3264
483,6956
487,3836
482,10608
471,4717
469,3289
467,2643
491,11639
482,4839
462,3534
461,6557
455,3568
502,8199
552,4156
531,2653
517,2529
508,2467
476,2261
444,2280
382,1968
334,1751
319,6808
331,5378
326,2556
321,1570
321,6065
321,3974
336,2188
336,1714
336,1658
334,1661
334,1741
334,5964
334,5960
331,2918
328,1886
327,1640
322,6080
316,3701
316,2108
314,1697
309,1629
305,1625
293,1579
288,5696
283,5547
281,2732
277,1698
270,1701
263,1749
255,1656
249,5187
235,5236
220,2677
457,3363
405,3282
373,2965
414,2966
411,7409
404,4017
401,3060
422,11914
422,5224
422,3793
423,2931
423,2805
420,11797
420,5875
491,4195
491,2959
486,2784
488,10648
487,5412
476,3882
469,2851
504,2904
498,2723
490,11723
476,5141
469,3565
460,2630
503,10523
568,4770
556,3338
536,2546
527,2459
509,10465
485,4870
449,3288
394,2103
337,2127
345,1713
331,1684
326,7009
321,5944
321,3053
336,2158
336,1919
336,6930
337,4819
334,2851
334,4993
334,3042
334,5062
332,3198
331,5033
327,2902
323,2108
317,2072
316,2059
316,6281
312,5133
307,2636
295,1932
289,1912
284,1883
281,1855
279,5759
273,5576
267,2608
257,1693
249,1696
238,1639
531,3775
492,3640
482,3309
439,3334
420,3044
413,2998
406,3774
422,3540
422,11977
422,6136
423,4110
423,5740
423,2792
490,8459
491,4517
491,3059
499,9147
495,4956
487,7502
486,4107
475,2872
504,2953
504,2712
497,11794
496,5781
480,3847
516,2789
509,10199
571,4627
566,3114
551,2555
539,2647
524,2742
508,2552
482,2569
447,2486
387,2314
361,1830
345,7837
331,6387
326,3288
336,5221
336,2714
336,2115
337,7231
337,4123
337,4448
334,5109
334,3624
334,1792
334,1912
332,1798
329,1801
327,6844
322,6496
316,3169
316,2080
314,6923
309,3606
301,4904
290,4500
285,2485
281,6253
281,3989
275,2233
267,5945
257,6144
249,6108
238,3193
529,4113
467,4500
476,3549
435,3732
414,9218
409,4988
401,9068
422,5107
422,3631
422,3713
423,3710
423,3515
420,3963
491,3925
491,3134
491,3025
498,3084
492,3166
487,3001
484,2984
471,12233
504,6495
504,4216
493,3288
493,3141
475,2836
513,2809
572,2865
571,3004
563,12339
551,5141
531,3493
519,7109
492,3775
463,2468
430,2540
389,9181
352,4202
335,2695
331,5771
323,2819
336,2058
336,2082
336,7741
337,4757
337,2765
337,2007
334,1908
334,1973
334,1681
334,1784
331,1724
327,1770
323,1646
317,2803
316,6497
316,6296
310,2942
305,2053
294,2044
288,1942
283,1899
281,1860
277,5840
269,5663
261,4152
255,1745
241,1563
228,1476
498,3634
422,3308
445,3208
420,3104
413,3033
406,3121
422,12477
422,6056
422,4199
423,3139
423,2911
423,12640
420,5643
491,4202
491,8265
490,4619
493,3110
487,2979
484,2917
472,3951
504,2900
504,2933
493,3018
493,3025
475,2839
464,2866
504,2900
571,2806
563,11646
543,5659
531,3677
519,2915
492,8767
462,4080
427,2550
358,2141
352,7670
335,5374
328,2608
323,1948
321,1939
336,2063
336,1979
336,1973
337,2203
334,2082
334,2080
334,2309
334,6856
332,5694
331,2847
327,2097
323,6527
317,4201
316,2341
316,1811
310,1823
305,6360
292,5936
286,2646
281,1941
281,1924
276,1905
267,1946
258,1880
249,5582
238,5719
226,2601
203,4987
410,3063
435,2909
414,2819
409,3018
404,2945
401,2885
422,2842
422,2942
422,2956
423,12225
420,6220
420,4185
491,3188
491,3348
488,3024
492,12084
487,5490
482,3909
471,2845
469,2798
502,3586
491,3216
484,2916
470,2913
461,2771
503,2636
503,2936
562,2764
539,11846
519,4973
511,3324
488,2581
453,2248
401,7497
348,4443
323,5211
331,2470
326,2136
321,1944
321,2001
336,2359
336,6550
336,6645
337,3374
334,2025
334,6507
334,3910
334,2329
331,6503
328,3388
327,2019
319,2084
316,2005
316,1980
312,1974
307,2001
295,1954
289,2082
284,2357
281,5923
277,5346
272,4235
263,4290
255,2519
241,2049
232,5391
214,5226
183,2043
164,4378
365,2705
413,3333
406,2989
401,7448
401,4214
422,2858
422,3033
422,12179
423,5769
420,4106
420,2862
420,2903
490,2834
486,2963
478,2946
484,2907
474,2774
469,2819
469,2851
493,2800
486,11675
468,5728
457,3777
456,2712
455,2552
497,2617
543,2820
523,9735
512,5197
492,3580
462,2501
426,7059
358,3081
328,2195
310,2048
328,2056
323,6989
321,5735
321,4974
321,4560
336,4196
336,4988
333,2436
334,1858
334,1854
334,1938
331,6510
328,5164
326,2812
319,1994
316,6444
316,3887
312,2284
307,1940
295,5987
288,4133
283,2497
281,1782
277,1785
270,1798
261,1777
254,1708
240,1877
226,5254
211,1368
176,1832
162,2457
152,2319
150,2154
401,2509
401,2534
401,2573
401,3077
401,2733
422,2622
419,2726
419,11918
420,5142
420,3575
419,3020
485,11518
478,5001
478,3998
478,6914
469,4017
469,3085
467,2793
458,2907
484,14601
463,4846
456,3264
456,2681
455,2428
499,2428
482,2623
526,2550
514,2346
493,2424
475,9488
441,5277
379,3004
334,2021
319,7127
309,3477
326,2085
321,1707
321,1663
321,1629
336,6847
336,5972
336,3009
334,1856
334,1581
334,1666
334,6367
331,4941
328,2874
326,1527
319,6810
316,3871
316,3875
312,4588
309,2267
296,1698
290,1854
284,1735
281,1677
277,6523
272,5706
263,2559
255,5472
247,2520
232,1771
215,5766
184,2995
164,1764
158,4138
152,3819
406,2577
401,2554
401,2536
401,3030
401,8429
422,4806
422,3116
419,2811
420,3710
420,3947
420,12165
486,4757
478,4414
477,8373
475,4337
469,8708
469,5049
464,3098
457,7055
472,10872
458,7504
451,2748
455,2840
452,2725
489,2688
530,2746
515,2522
501,2428
475,2421
444,2421
379,1899
334,1728
318,1695
309,1698
326,1836
321,1980
321,2325
321,2319
321,6076
336,5196
336,2690
333,1901
334,1894
334,1890
334,6207
331,4765
328,2573
326,1719
318,1530
316,1521
316,1520
312,1689
307,5643
295,5338
289,2768
284,1886
281,1896
277,1889
272,5071
263,5075
255,2609
249,1748
232,1716
217,4377
187,5456
164,1957
158,1261
152,1210
150,1197
401,2446
401,2465
401,2630
401,2702
422,3033
422,3011
419,2715
420,2670
420,2908
420,2912
416,2738
479,2651
478,2631
469,10162
469,5773
469,3934
464,2730
458,2573
476,2554
462,2414
453,2987
448,2364
454,2461
443,2510
471,2466
517,2324
502,2290
478,2391
447,2563
385,8151
334,5397
319,2766
309,4733
305,2637
321,2070
321,6055
321,4213
321,2290
321,6028
336,3599
333,2240
333,1864
334,1865
334,5884
331,4686
328,2477
326,6199
317,3054
316,3247
316,5742
312,3050
307,2092
295,1885
288,1789
283,1759
281,5590
277,5548
270,2787
261,2072
255,5385
241,4266
228,2209
212,4974
182,3128
163,4584
154,2795
152,1705
149,1683
146,3663
401,2619
401,2630
401,2657
401,3088
419,5635
419,3420
419,11771
420,5296
418,3698
413,2732
477,2862
473,11607
462,5928
469,3150
467,7616
458,4137
451,3034
433,2601
454,2639
448,10962
448,6008
445,3973
430,2837
459,2462
445,10521
482,5279
446,3458
389,2216
335,6104
319,3236
309,2210
305,6737
300,4160
300,2338
321,1815
321,1811
321,6601
321,5628
333,4652
333,2352
333,6531
333,3364
330,1994
326,1782
322,6266
316,4456
315,2542
315,1751
310,1748
304,1689
290,1677
285,1628
281,6075
281,5831
275,3029
267,4351
257,2441
249,2028
237,5542
219,4981
192,2028
164,1557
160,1502
152,1477
150,1695
146,3658
146,3807
146,3616
146,2526
401,2549
401,2537
398,2876
398,2581
419,2657
419,6555
415,3830
410,3008
409,2928
399,2872
460,2848
460,2929
455,2822
457,2803
442,10962
428,5987
420,3815
418,6425
444,3526
432,2675
414,2625
410,2580
393,9859
413,5335
433,3421
366,5476
331,2706
313,2065
309,2002
303,11486
300,6172
300,3834
300,1873
321,5113
321,2537
318,1898
318,1901
318,1890
333,6788
331,6665
329,3228
326,2056
322,1668
316,6425
315,4440
315,2399
308,6429
304,3904
290,4718
285,2317
281,6196
281,3999
275,2169
267,1883
257,1832
249,1830
237,1760
220,1909
195,1984
164,1965
160,2183
152,2153
150,2118
146,3851
146,3839
146,4094
146,2681
146,2031
146,2038
398,2564
398,2589
398,2583
419,2763
415,2901
410,2882
410,3155
404,2872
395,11682
395,5854
458,4193
450,2866
445,2715
436,11592
426,5333
419,3723
418,2615
444,2619
429,2494
414,10716
410,5905
393,3838
376,2648
395,2258
383,2126
335,1980
321,1744
309,1781
305,2002
300,6861
300,6287
300,3037
300,2095
321,6656
321,3531
321,2420
318,2060
333,2064
333,2081
333,2066
331,2093
328,2098
326,6593
321,5567
316,2806
315,2014
315,2064
310,6357
305,4488
294,2438
288,2005
283,2055
281,1991
277,6190
272,6008
265,2824
257,1862
249,1808
237,1877
226,1742
205,1691
177,4637
162,4186
154,3947
152,2075
149,1690
146,1566
146,3596
146,3799
401,2567
401,2715
401,2634
419,2810
419,2743
419,6133
420,3808
418,2638
413,10225
478,5373
475,3701
463,2713
469,2707
469,2570
464,2614
457,2615
442,10960
460,5958
453,3830
448,2839
454,8115
445,4525
478,6299
459,3423
507,2617
486,2584
461,2554
432,2428
371,8600
332,4787
318,3008
309,1917
326,1724
321,6552
321,4486
321,2429
321,1830
336,1889
336,1922
336,1865
334,1780
334,1996
334,1944
334,1949
331,2156
328,2130
327,2143
322,6224
317,4758
316,2480
316,1962
310,1944
305,1973
295,1922
288,6679
284,5633
281,2569
279,3050
273,1429
267,1381
257,1355
250,1365
239,1488
228,1682
213,1909
183,2091
164,1939
160,1910
152,1781
409,2653
401,2739
422,2613
422,2793
422,3328
423,3284
423,11749
420,5450
420,4270
491,3178
491,2965
489,3175
492,3172
487,11506
484,5701
472,3845
504,3207
504,3027
493,2900
486,2876
475,2873
464,2748
504,10667
571,5602
565,3566
543,2843
533,2507
520,2565
496,10217
470,4554
436,3454
371,2009
356,1808
340,1663
331,1649
324,1846
321,1761
336,1768
336,1617
336,1854
337,1722
337,1619
334,1649
334,1569
334,1613
334,1593
332,1681
329,3485
327,1547
322,1618
316,1564
316,1629
314,1779
309,2154
304,1972
292,6982
286,6415
283,2951
281,1759
276,1520
269,1772
260,1640
254,1411
241,1434
229,1840
213,1404
183,1255
164,1016
158,1189
413,3341
409,2940
422,3093
422,2877
422,2932
423,3222
423,3360
423,2926
490,2923
491,3020
491,12395
500,6125
497,4050
490,3381
487,3204
482,2950
506,3145
504,3182
504,11912
500,5685
493,3724
525,2927
513,2739
572,2758
571,11222
565,5314
553,3438
534,2861
522,2905
498,2527
475,2483
439,2447
404,2003
358,1687
342,1568
331,1762
341,6385
336,5339
336,2697
337,2025
337,1981
337,1942
337,2008
334,1920
334,1930
334,1897
335,1975
333,1949
330,1904
327,1872
322,2012
317,5841
316,5690
316,2638
309,1951
304,1905
290,1794
285,1871
281,1794
281,1702
276,1774
267,1765
257,1910
249,1807
238,1816
226,2032
203,1856
176,1646
160,1794
414,2694
409,3192
422,3115
422,2921
422,3061
423,2828
423,2742
423,2988
491,3026
491,2864
491,2733
500,2862
498,2837
493,2710
487,2841
484,2823
507,2794
504,2726
504,2902
500,11735
493,5743
525,3760
582,2953
572,2708
571,2661
574,2522
552,2628
531,2483
520,2483
496,2582
466,2492
467,2215
395,1931
356,1843
335,1752
331,1822
339,1812
336,1857
336,2005
337,1961
337,2036
337,2070
337,1953
334,1916
334,1984
335,6414
335,5473
332,4758
329,2503
327,6556
318,3276
316,1950
316,1935
312,1716
309,1696
296,6142
290,5762
284,2883
281,1725
279,1640
273,1610
265,1530
257,5517
249,5601
237,2410
222,1572
199,1525
172,1448
160,1264
414,2676
430,2654
422,2801
422,2743
423,3565
423,2923
423,3060
423,3447
491,12943
491,5704
491,3710
500,3598
497,3205
492,2862
487,3342
517,3443
506,2955
504,2789
511,3707
498,3221
491,2922
520,3005
579,2853
571,3004
571,2919
571,2817
549,2883
528,2547
513,2559
491,11255
461,4973
442,3170
382,2230
348,1838
332,1673
326,1682
336,1606
336,1724
336,1717
337,1915
337,2062
337,2057
334,2194
334,2157
334,2155
335,2224
333,2153
330,2116
327,2145
322,2141
317,6358
316,5317
314,2694
309,1969
301,2000
290,1926
285,1903
281,1898
281,1853
275,1790
267,2029
257,2194
249,5472
237,5331
222,2698
197,1713
167,1424
160,1468
152,1335
409,2618
422,2620
422,2809
422,2940
423,2715
423,2814
423,2670
490,2962
491,2891
491,2688
500,2874
495,2722
488,2793
487,2785
478,2736
504,2693
504,2757
498,2749
496,2688
481,3063
516,2774
508,10842
571,5667
566,3546
551,3105
538,2619
521,2789
498,2612
475,9953
438,4314
371,3190
356,1807
338,1708
331,1645
324,1632
336,1582
336,1731
336,1689
337,1945
337,1863
337,1862
334,2084
334,1972
334,1966
333,1962
331,1947
327,1934
323,1920
317,1908
316,1960
316,1958
310,1879
305,1847
293,1840
288,1797
283,1739
281,6641
276,6256
267,2700
258,1722
250,1701
238,6154
226,5407
209,2140
176,1359
162,1263
152,1219
150,1357
146,1471
422,2757
422,2893
422,2995
423,3349
423,3144
420,3107
420,3036
491,3422
491,3169
489,3193
492,3293
487,3245
484,3239
471,3098
469,3209
504,13265
493,5483
486,3755
474,3243
463,2920
504,2910
571,2984
562,2969
541,2794
530,2734
515,2791
491,2771
462,2535
421,2354
358,1972
352,1824
335,1682
328,1788
323,1852
321,1964
336,2181
336,2207
336,2234
337,2201
334,2174
334,2189
334,2132
334,2159
332,2160
339,1697
335,1470
331,1478
325,1588
324,7385
332,5526
326,2756
319,1934
307,1906
302,1865
297,1840
295,1885
290,1798
282,1798
271,1776
264,2027
248,1907
233,1894
215,2106
181,1974
164,5340
156,5123
152,3315
151,2049
148,2025
423,2835
423,2853
423,2810
424,3242
421,3247
421,3350
421,12428
492,5453
491,4283
494,3293
488,3409
485,3288
475,3050
470,3245
505,3177
498,3170
488,3241
480,3281
466,3105
506,3073
504,3044
567,3128
552,3171
531,2885
523,2948
509,12569
476,4893
447,3270
385,2485
335,1905
345,1872
331,1755
326,1767
321,8571
336,5656
336,3653
336,2038
337,1826
337,1890
334,1906
334,1815
334,8209
334,5897
332,3447
339,2070
335,1768
331,1738
325,1772
332,1888
332,1863
328,2229
319,2284
309,2240
302,2209
297,7573
295,6224
291,3399
286,1622
277,1459
267,1527
259,1551
247,1790
228,1931
203,2092
179,1962
162,1923
154,4903
152,4843
151,3199
423,2893
423,3035
423,2939
424,3527
424,3247
421,3341
492,3796
492,3274
492,3117
500,3753
494,3063
488,3201
487,3737
475,3240
505,2922
505,3518
498,3786
497,3048
480,2980
515,3422
575,3676
572,2953
567,2795
561,3460
540,3069
523,2792
509,2659
482,11431
447,5549
420,3745
361,2000
345,2420
331,1759
326,1684
336,2285
336,8323
336,4529
337,3138
337,2258
337,1769
334,1727
334,1672
334,1917
343,1640
341,1647
338,2118
335,1834
330,1587
333,1563
332,2167
332,1596
326,1680
319,1823
307,1814
302,1643
297,1568
295,1997
290,1745
283,1538
273,6919
264,6370
251,3153
236,1827
217,1585
186,1961
166,1380
156,1238
154,1243
151,1313
423,3798
423,3947
424,3292
424,3344
424,3955
424,3598
492,3248
492,3877
492,4071
501,5852
496,6067
489,3292
488,3485
517,3398
505,3362
505,3776
502,3500
499,3258
490,3236
520,3416
580,6040
572,5332
572,5002
572,3219
550,2968
532,2873
520,2963
493,2728
463,2608
464,2463
395,2308
354,2025
335,3544
331,5375
339,2718
336,1841
336,1806
337,1851
337,1852
337,1817
337,1811
334,1740
334,1760
343,1763
343,1918
341,1978
337,1756
335,1720
338,1739
333,1733
332,1680
332,2134
326,2251
319,1959
307,3422
302,1971
297,2079
295,1740
291,2051
284,1750
277,1699
266,1671
259,1700
245,1648
225,1449
201,1341
172,1401
162,1834
154,1718
433,3417
426,3354
424,4099
424,4439
424,5342
494,4559
495,3691
492,3472
501,3668
501,3805
501,3607
499,3666
494,3537
524,3616
520,3781
508,3577
512,3592
512,3519
553,3449
546,3520
596,3549
583,3350
573,3253
581,3401
575,3408
554,12018
535,5993
522,3945
497,3273
553,2944
517,2910
439,2795
395,2414
387,2220
382,2151
375,2255
372,2207
372,2219
372,2205
372,2485
407,2398
407,2442
404,2456
413,2407
413,2370
413,2403
410,2455
411,2354
409,2339
401,2317
396,2398
396,2289
392,2270
385,8073
372,5343
363,3266
356,2155
351,1880
347,7807
341,4863
329,2799
318,2140
309,2014
291,2014
274,1973
238,1916
206,1753
196,1866
186,2132
447,3581
438,3464
439,3951
439,3940
439,3960
510,3987
510,3816
507,3889
516,4119
516,3798
516,3877
511,3994
504,4014
539,3804
527,3859
519,3939
526,3928
520,3659
563,3927
615,3888
599,3869
589,3563
593,3584
588,3852
573,3520
551,3308
535,3399
518,3354
574,3294
537,3016
455,2804
407,2534
384,2273
388,2211
380,2331
376,2275
377,2184
377,2189
377,2289
412,2357
412,2420
409,2400
418,2371
418,2304
417,2339
415,2421
408,2301
412,2284
405,2272
401,2383
401,2255
395,2248
388,2365
373,2222
364,2142
357,2191
355,2236
350,2374
340,2329
327,2253
320,2315
302,2211
287,2142
266,2316
225,1884
203,1670
188,1712
185,1973
179,1938
439,3483
440,3581
440,3672
440,3911
440,3842
508,3795
508,3872
508,3974
517,3830
514,3848
507,4118
504,4088
534,3733
520,3787
520,3972
525,3794
514,3674
505,3660
533,3502
592,3452
585,3342
582,3423
580,3526
558,3131
541,3135
522,12935
498,5508
461,3821
478,2671
410,2517
390,2306
373,2086
368,2068
376,2457
376,1974
376,2052
377,2079
377,1960
377,2147
409,2064
409,2145
409,2307
417,2234
415,2295
408,2364
404,2271
397,2217
401,2286
401,2200
395,2201
388,2188
373,2242
364,2089
357,2087
355,2065
350,2152
337,2021
325,1924
314,1900
301,2147
282,2127
252,2036
211,1789
198,1673
188,1613
185,1758
179,1851
179,1796
179,1787
439,3498
440,4229
440,3760
437,3606
508,3956
508,4038
507,3809
512,4036
504,4048
503,3922
491,3796
485,3878
520,3797
513,3873
503,3844
493,3764
478,3657
518,3801
517,3723
579,3741
556,3681
536,3644
532,3550
508,3528
476,3366
442,3019
370,2608
336,2430
378,2317
370,2165
363,2160
361,2149
376,2181
376,2192
376,2131
377,2204
374,2116
374,2062
374,2142
409,2264
407,2244
404,2332
408,2260
403,2316
394,2233
393,2256
401,2293
395,2568
388,3105
373,3147
364,3085
357,3031
355,3023
351,3031
342,3006
332,2984
322,2951
311,2936
295,2850
278,2770
241,2470
209,2228
198,2131
188,2067
185,2001
179,1933
179,2027
179,2238
179,2233
440,3403
440,4424
437,3502
437,3838
508,4124
508,4087
506,3935
509,4078
504,4043
501,3918
487,3948
520,4036
520,3973
507,3867
500,3879
485,3771
475,15256
517,6268
585,4258
576,3959
552,3663
540,3634
524,3618
502,3524
471,3131
414,2824
363,2494
392,2322
373,2091
368,2043
361,2123
361,2303
376,2290
376,2647
376,2800
377,2461
374,2454
374,2456
409,2444
409,2523
406,2495
410,2448
408,2435
400,2478
393,2368
393,2592
397,2414
390,2378
377,2323
365,2265
358,2161
355,2184
351,2156
342,2078
330,2089
322,2080
305,2123
290,2011
271,1884
233,1688
203,1607
191,1657
185,1861
182,3041
179,2344
179,2315
179,2359
179,2799
179,2328
437,3167
437,3391
437,4053
507,3516
505,3931
497,3853
504,6285
499,3692
485,3802
485,3850
483,3803
507,3685
497,3814
477,3608
475,3399
469,3524
516,3609
504,3528
544,3343
530,3342
515,3321
489,3453
459,2962
396,2574
344,2112
327,2162
315,1953
368,2068
361,2042
361,2046
361,2193
382,2152
382,2450
382,2191
380,2166
380,2130
380,2243
380,2162
412,2141
405,2256
403,2178
404,2168
399,2116
399,2425
395,2090
396,2113
383,2078
371,1987
364,2352
367,1835
363,1988
357,1841
344,1735
334,1682
323,1670
307,1709
286,1944
247,1986
219,1923
206,1726
198,1894
195,1893
189,1838
189,1832
189,1781
189,1795
189,2034
189,2016
186,2014
442,3345
442,3528
442,4362
511,4075
505,3769
500,3802
506,3574
493,3724
490,3751
490,3776
485,3795
510,3658
497,3601
482,3538
480,3620
474,3711
522,3393
581,3369
559,3492
541,3336
537,3304
515,3290
492,3392
461,2958
400,2610
351,2341
394,2169
378,2069
374,2245
367,2289
365,2203
386,2487
386,2447
386,2494
387,2445
387,2439
384,2352
419,2495
419,2395
419,2449
426,2411
424,2372
418,2379
416,2358
408,2380
411,2313
411,2334
407,2367
406,2328
395,2300
384,2229
376,2258
371,2253
369,2240
363,2204
352,2169
341,2125
330,2088
318,2256
303,2254
274,2069
237,1838
216,1941
201,1808
198,1977
195,2235
192,2179
192,2145
192,2107
448,3393
448,3464
445,3361
516,3594
516,3464
516,4943
524,3830
518,4156
512,4271
509,3847
534,3715
528,4185
528,4409
521,3800
518,3806
503,4180
536,4300
595,3431
593,4097
587,4125
579,3707
558,3438
543,3789
527,3920
495,3058
461,2851
472,3014
413,2607
393,2210
379,1973
374,2486
388,2076
388,1925
388,1971
389,2747
389,2183
389,1995
421,2435
421,2245
421,1965
430,2022
427,2486
423,2138
420,1975
415,1965
413,2531
413,1922
411,1971
411,2322
402,2125
386,1921
379,1873
373,2288
373,2051
368,1905
355,1824
345,2438
332,1753
320,1766
305,1674
288,1782
241,1400
218,1270
204,1383
201,1328
196,1274
193,1234
193,1769
193,1543
449,4029
449,3711
519,4006
517,3806
517,4298
526,4389
525,3820
521,4613
513,4251
512,3988
536,3769
529,4224
529,4361
529,3927
521,3643
554,4316
537,4069
597,3695
594,4135
589,4672
583,3806
561,3582
545,3779
530,3863
497,3182
468,3149
479,3191
416,2763
396,2379
380,2223
396,2684
387,2190
387,2149
388,2091
388,2715
388,2283
388,2192
421,2529
421,2457
421,2306
430,2216
428,2688
423,2330
420,2162
423,2105
414,2672
413,2222
417,2116
411,2500
405,2251
386,2094
379,1953
373,2523
373,1954
368,1910
355,2006
345,2414
332,1788
320,1825
305,2162
287,1895
241,1456
218,1335
204,1694
201,1364
195,1175
193,1320
193,1855
193,1352
449,3495
449,4293
520,4675
517,4822
517,4062
526,3912
525,4467
521,4679
513,4012
512,3920
535,4410
529,4514
529,3777
529,4003
521,4379
554,3844
606,3553
596,4029
594,4292
598,3759
583,3555
561,3982
545,4098
530,3322
496,3085
554,3860
477,3227
414,2336
394,2297
380,2644
396,2300
387,2087
387,2029
388,2751
388,2064
388,2076
423,2459
421,2361
421,2055
430,2034
430,2482
428,2236
423,1977
420,2114
423,2571
413,2209
413,2020
417,2353
411,2500
405,1955
386,1973
379,2336
373,2043
373,1946
368,1881
355,2373
345,1784
332,1888
320,1717
305,1874
287,1619
241,1451
218,1432
204,1370
201,1245
195,1293
193,1815
193,1447
193,1534
449,3461
449,3844
520,3651
517,4096
517,3854
526,3919
525,3865
521,3861
513,3856
548,3920
535,3950
529,3806
536,3900
529,3823
519,3752
554,3653
606,3663
596,3681
594,3621
597,3588
580,3553
560,3478
544,3378
520,3301
496,3261
545,3064
467,2718
414,2392
392,2273
401,2266
393,2325
387,2248
388,2229
388,2423
388,2395
388,2401
423,2506
421,2363
421,2348
430,2406
430,2358
427,2362
422,2370
420,2309
418,2328
413,2288
413,2267
415,2279
408,2245
397,2232
386,2221
378,2148
373,2103
371,2117
363,2075
351,2085
341,2025
331,2163
315,2079
296,2016
258,2111
224,1821
213,1703
201,1775
198,1945
193,1851
193,2121
193,2180
193,2132
449,3312
520,3482
517,3757
517,3799
526,3652
526,3603
521,3738
514,3809
513,3652
542,3770
529,3708
529,3893
531,3662
522,3643
560,3689
542,3425
600,3340
594,3477
591,3259
585,3331
567,3376
547,3357
530,3258
507,3029
556,2975
485,2716
418,2252
396,2155
380,2602
396,2057
387,2071
387,2295
388,2313
388,2259
388,2299
423,2327
421,2304
421,2266
430,2462
430,2287
427,2271
422,2263
420,2285
420,2278
413,2259
413,2265
415,2227
408,2257
397,2210
385,2131
378,2120
373,2126
369,2305
363,2269
351,2239
340,2160
329,2192
313,2157
292,2289
251,2018
224,1801
209,1696
201,1793
196,1857
193,2265
193,2290
193,2276
193,2364
193,3215
449,3832
517,4056
517,4450
517,3738
526,4252
521,4091
513,4386
512,4501
536,3946
529,3951
529,4332
522,4269
521,3566
504,3479
537,3983
596,3579
594,3621
588,3846
580,4070
559,3442
544,3313
520,3665
494,3812
458,3094
462,2606
411,2881
392,2424
380,2135
372,2135
387,2522
387,2212
387,2072
388,2046
388,2617
388,2037
421,1984
421,2488
421,2384
429,2027
426,1997
420,2541
416,2180
409,1976
413,1956
413,2565
407,2022
406,2033
393,2369
382,2017
375,8396
373,4279
368,3394
358,1990
347,1731
338,1748
322,2251
307,1613
289,1572
241,1256
218,1375
204,1182
198,1259
195,1416
193,1363
193,1210
193,1170
193,1696
193,1355
190,1344
516,3357
517,3553
517,4190
524,4227
518,3798
513,4786
508,3846
496,4397
529,4587
527,3886
516,3861
514,4069
494,4150
533,3627
526,3583
593,4209
584,4173
561,3467
549,3349
531,12797
510,5658
472,4039
414,2664
353,2919
396,2300
380,2277
375,2570
366,2746
387,2123
387,2036
387,2648
388,2312
388,2082
386,2030
386,2592
421,2159
420,2166
418,2075
420,2650
418,2021
409,2106
405,2484
413,2244
407,2032
400,1982
385,2462
382,1986
373,1916
373,1866
368,2216
355,1872
343,1782
332,2206
319,1964
298,1670
263,1527
224,1888
209,1292
201,1251
196,1260
193,1744
193,1400
193,1409
193,1759
193,1597
190,1394
190,1382
190,1863
190,1472
514,3506
509,3633
504,3872
510,3905
497,4217
494,4009
494,3823
485,13948
511,6958
495,4786
481,3656
480,3958
478,3999
522,3666
574,3673
552,4012
537,3814
530,3394
503,3453
470,3280
416,2868
361,2479
337,2308
381,2491
375,2159
370,2170
366,2230
366,2394
387,2308
387,2314
387,2395
388,2313
386,2292
386,2269
421,2446
421,2289
418,2284
420,2404
420,2380
410,2245
405,2286
405,2336
410,2269
405,2265
396,2263
386,2276
379,2140
373,2115
373,2139
368,2234
355,2177
345,2085
338,2120
322,2066
307,2104
289,2241
249,2184
222,1863
209,1887
201,2107
198,2393
193,2235
193,2293
193,2294
193,2247
193,2283
193,2236
190,2241
190,2211
517,3550
517,3591
515,3624
519,3807
513,3583
510,3858
497,3938
529,3762
529,3975
522,3990
521,3792
504,3831
488,3724
532,3888
594,3794
591,3559
576,3755
567,3618
549,3514
533,3569
510,3544
482,3197
434,2980
442,11208
405,5109
385,3401
380,2360
372,2305
387,2217
387,8990
387,4989
388,3527
388,2275
388,2090
421,2066
421,2283
421,2048
430,9045
428,6006
425,3565
420,2411
416,2036
415,2150
413,2065
413,1990
415,6029
408,2406
395,2595
386,2467
379,2401
373,2455
373,2397
368,2372
356,2362
347,2311
338,2279
323,2282
312,2262
292,2223
257,1944
224,1734
213,1815
201,1915
198,1786
193,1996
193,2002
193,1984
193,1964
193,1986
520,3527
517,3612
526,3753
526,3902
526,3714
525,3856
521,3878
549,3805
549,3884
537,14044
536,6190
536,4483
585,3858
575,3701
637,3811
613,3766
602,3685
603,3540
603,3482
596,3551
575,3558
554,3408
543,3347
610,3563
582,3284
547,3026
476,2712
435,2472
417,2251
401,2108
397,2214
388,2224
388,2357
388,2299
423,2354
423,2340
423,2331
432,2325
430,2317
430,2565
430,2309
438,2325
435,2286
431,2326
434,2269
430,2312
421,2251
419,2254
419,2288
415,2250
408,2242
397,2282
386,2185
379,2118
373,2145
373,2090
368,2110
358,2171
348,2081
340,2067
323,2055
313,1979
294,2024
258,1995
224,1779
213,2057
201,2247
198,2228
193,2181
520,3732
520,3701
529,3696
529,4332
529,4223
526,9889
526,5635
562,4177
562,4284
561,4118
562,4070
556,4024
606,4041
673,3936
667,3946
667,4071
667,3992
656,4073
633,3907
616,3873
607,7554
604,3873
700,4059
681,3982
657,4603
641,3682
620,3937
620,3693
579,3286
510,3590
446,2811
418,2570
402,10763
433,5391
423,3268
423,2439
432,2201
432,2356
432,10398
432,4564
430,3163
438,2250
438,2371
438,2161
442,10010
439,4457
434,3036
429,2252
420,2073
419,2096
417,2066
411,2148
402,2276
386,8987
379,5997
373,3467
371,2437
365,2025
354,8339
343,4608
331,3048
319,1999
297,1960
266,1892
224,1561
213,1653
201,1582
198,1987
193,2064
520,3628
520,3807
529,3649
529,4005
529,3834
526,3773
562,3946
562,3935
562,3950
564,14440
558,6324
609,4631
603,3922
667,3749
667,3917
662,12814
660,5637
646,4305
623,3684
612,7405
604,4492
603,3500
695,3871
666,3511
644,3338
627,3586
626,3313
592,3167
540,3210
464,2819
427,2530
407,2414
399,2410
428,2448
423,2337
423,2318
432,2393
432,2359
432,9390
432,5640
438,3329
438,2567
438,2234
437,2190
440,2223
434,2124
432,9030
423,4996
419,3279
419,2233
415,2078
406,2167
395,2087
383,8435
376,5395
373,3346
369,2240
363,1871
351,1849
340,2024
329,1799
313,1891
292,2061
253,1957
224,1953
209,2039
201,2250
198,2208
193,2128
520,4373
529,4906
529,4146
529,4218
529,4392
526,4044
562,4338
562,10167
562,5717
564,4188
557,4114
609,4053
679,4119
667,4284
667,14201
668,6133
658,4386
640,4168
621,8575
610,5006
604,8978
702,5262
681,3862
658,3737
641,3901
620,3768
616,3633
577,3213
500,2986
438,2697
418,2478
402,2367
433,2464
423,9674
423,5491
432,3531
432,2602
432,2420
432,2257
430,2239
438,2564
438,9514
438,5774
441,3466
436,2627
434,2292
424,2294
419,2456
419,2222
415,2391
408,2413
395,2461
385,2224
376,2226
373,2335
369,8638
363,6302
351,3511
340,2353
329,1834
313,1727
291,7371
249,5964
223,2822
209,1783
201,1856
196,1731
193,1627
193,1680
520,3778
529,4449
529,3975
529,4325
526,4224
562,4259
562,4341
561,4270
555,4305
556,5761
553,5127
591,5567
667,4413
666,4619
653,4575
653,4657
628,4514
615,4347
605,4278
604,4126
596,4205
671,5564
648,6192
635,8198
603,5943
570,3459
550,3620
466,3165
426,2945
403,2561
399,2428
392,3065
423,2246
423,2647
423,2674
432,2977
432,2668
430,2426
430,2796
430,2493
438,3519
436,3316
431,4339
434,3342
429,5293
419,4350
419,3430
416,3188
410,3322
397,2764
386,2582
378,2372
373,2398
371,2586
363,2416
351,2630
340,2075
329,2009
313,1907
292,7895
251,5678
224,2765
209,1969
201,1926
196,1866
193,1816
193,2085
193,2582
193,2566
529,3889
529,4312
526,4017
526,9242
526,5558
561,4280
555,11273
549,5859
553,4390
539,9309
588,5391
588,4022
653,4004
644,4125
619,16418
614,7495
604,4976
604,3711
596,4085
574,8156
553,4783
634,3584
602,3391
570,3361
522,3242
463,10383
426,4805
402,3220
399,6746
392,3426
388,2592
388,2618
423,2610
423,2637
423,2618
430,2570
430,2558
430,2564
430,2562
436,2603
431,2603
428,2619
423,2574
419,2536
419,2541
417,2562
410,2615
397,2513
386,2496
378,2514
373,2431
369,2470
363,2399
351,2372
340,2305
329,2310
313,2355
291,2155
249,1952
222,1926
204,1870
201,1983
196,2349
193,2213
193,2234
193,2226
193,2264
193,2234
193,2222
526,3589
526,3812
526,4205
525,4156
519,3996
549,3861
546,4106
532,3929
536,3900
536,14373
577,6983
644,4747
619,3967
605,8734
604,4959
603,3691
595,3768
575,3626
554,3649
542,3525
607,3512
572,12886
535,6037
456,3588
405,2507
406,7357
401,3816
391,2694
388,2078
388,2169
388,2163
423,8227
423,5508
421,3411
430,2322
430,2075
430,2070
428,9013
426,5482
428,3418
424,2427
414,1961
419,1958
419,2138
411,2099
405,8883
386,5294
379,3273
373,2167
373,1851
368,1886
355,1989
343,1943
332,2150
319,2677
300,8804
271,3504
232,2269
213,2077
201,1473
198,1415
193,1369
193,1440
193,4948
193,5067
193,2449
193,1600
190,1421
190,5746
526,3457
526,4749
521,4676
515,4196
549,3937
543,3867
529,4480
536,4134
534,3825
523,12962
566,6040
613,4224
602,9837
594,5512
602,4354
594,8267
572,5015
553,4051
536,3650
513,3426
570,3126
528,12627
445,4852
405,3066
385,6927
401,4123
391,2292
387,2068
388,2531
388,10401
388,4786
424,3595
424,2717
422,6932
431,3751
431,2348
430,2638
428,2166
421,2175
427,2488
419,2689
414,2039
420,2037
416,2558
409,2216
396,2081
386,9176
379,4938
375,3104
373,2044
365,1921
355,2109
345,8721
331,4287
319,3252
298,1944
268,1585
230,1374
213,5726
201,4967
198,2077
193,1444
193,1777
193,1471
193,1445
193,1655
193,1615
190,1362
190,1387
526,3521
526,3636
524,3646
518,3806
549,8131
545,4987
531,8622
536,5057
536,3892
577,3828
570,3801
619,13653
604,5709
595,4174
603,3870
595,3751
573,3527
553,13719
541,5589
513,4120
570,3472
531,8947
446,4251
405,2573
406,9430
398,4407
391,2873
388,2262
388,8936
388,4651
388,3080
424,2235
422,2099
422,2329
431,2133
431,2099
429,2201
427,2188
429,9386
425,5486
416,3238
420,2464
420,2112
414,2094
406,2221
391,9265
380,4362
374,3063
375,2042
370,8753
357,4294
345,2958
332,1918
319,7510
300,3993
269,2184
230,1709
213,1536
201,1590
198,1653
193,1806
193,2375
193,2377
193,2400
193,2385
193,2386
190,2273
190,2283
190,2268
526,3569
521,4126
513,3802
548,4231
536,4200
529,4045
529,4051
529,4235
519,3901
554,3998
606,3854
596,13887
594,6438
597,4505
575,3558
555,3644
543,12834
518,7016
487,4462
536,3520
458,2695
408,2327
385,9042
380,4765
391,2914
387,2137
387,2216
388,2069
388,1986
388,7937
422,4159
422,2026
422,1998
431,8545
429,5030
426,3238
421,2217
417,2157
415,2008
414,1913
414,1925
412,8517
406,5258
387,3261
380,2273
374,1881
374,7962
369,5465
357,5500
346,3846
333,2368
320,1877
305,7834
278,3798
239,2133
218,1673
201,1723
198,1584
195,1676
193,1664
193,1831
193,2057
193,2042
193,2079
190,1980
190,1997
190,2034
190,2151
190,1982
519,3797
513,3939
510,3904
532,4017
529,4216
529,4078
525,4090
518,4158
552,4011
536,3970
596,14475
594,6734
588,4607
579,4054
556,8817
544,5087
520,3649
494,3486
459,12749
464,5446
414,3579
392,2626
380,2454
396,2447
387,8992
387,5694
388,3777
388,2655
388,2394
388,2409
422,8939
422,5516
422,3671
431,2410
428,9828
424,4772
421,3211
424,2436
414,9930
414,4939
412,3593
412,2363
403,2170
387,9470
380,4981
374,3237
374,2233
370,2084
357,8669
347,5157
333,3210
320,5787
305,2987
288,2181
241,1946
218,1804
204,1649
201,1733
195,1885
193,2113
193,2695
193,2703
193,2701
193,2722
193,2712
190,2601
190,2625
190,2620
190,2621
519,4082
513,4622
510,4322
535,4392
529,10700
529,5987
529,4528
519,8822
554,5421
606,15797
596,7962
594,5070
597,4421
583,4451
560,4037
545,10814
528,5549
496,4960
551,3590
475,12061
414,4696
394,3081
380,6973
396,3952
387,2850
387,2763
388,11166
388,5752
388,3589
423,2974
422,2350
422,2597
431,2553
431,2467
428,11012
424,4969
421,3499
451,2417
441,2346
441,9714
445,4768
437,3398
430,2273
410,9325
426,4494
420,2978
420,2235
414,8836
398,4261
385,2610
377,2073
356,2004
334,8787
314,7292
265,3179
236,1782
219,1307
215,1387
210,5585
207,4459
207,2021
207,1879
207,1703
207,1702
207,1825
204,1647
204,1592
204,1592
204,1711
528,4130
520,4327
555,4382
543,10182
536,5753
536,4351
536,8722
527,5186
562,4086
615,13365
606,5973
600,4666
606,4007
589,9345
569,5218
551,3765
534,3850
510,3755
559,3542
487,3312
420,2926
397,2700
381,2432
397,2493
388,2469
388,2488
389,2348
389,9996
389,6205
425,3911
423,2771
423,2316
432,2526
432,10671
430,4485
425,3326
422,2470
452,2341
442,2280
442,2344
445,2390
438,2223
428,2202
434,10256
427,5189
421,3300
419,2585
412,5365
397,3380
383,2536
370,2512
352,2470
327,8803
289,4354
243,2599
229,1869
215,1668
212,1686
207,1690
207,1742
207,1816
207,1736
207,5652
207,5681
204,2731
204,2055
204,1987
204,1971
203,1974
521,4291
520,4384
546,4615
536,10155
536,5887
536,4764
527,4633
565,4526
546,4338
606,4444
600,4394
595,4298
589,4121
567,16269
549,6545
533,4825
500,3949
464,3825
468,13015
415,4776
393,2671
381,11711
394,6684
388,3749
388,3273
389,2605
389,2545
389,2518
389,2544
423,2722
423,2569
423,10559
431,10434
428,4218
422,3192
418,2519
444,2847
442,10265
442,4817
440,3535
432,2594
416,7568
405,4616
421,2851
421,2283
414,9685
398,4567
383,3309
371,2261
352,8955
329,4271
292,2746
249,4840
229,2608
215,2216
212,2112
207,5388
207,5507
207,2397
207,1764
207,1631
207,1879
204,2924
204,3518
204,3380
204,3467
203,3563
202,2651
201,2621
515,4016
501,4111
536,3934
534,4541
522,8520
520,5201
500,4114
539,12970
600,6783
600,4406
591,4232
576,4424
556,11715
539,5857
516,4202
485,3917
444,3719
447,2846
406,2554
386,8847
381,5208
371,3254
388,2417
388,12256
388,3859
389,2763
389,8416
389,3706
423,2378
423,6869
423,4100
431,2568
429,2064
422,8826
420,5107
411,3196
442,5107
442,2871
436,2272
433,2232
420,8929
408,3330
401,2214
421,2110
415,2041
405,8576
392,4799
380,3092
360,2025
343,1924
317,1805
267,1646
238,6539
223,5887
215,2544
210,1680
207,5685
207,4073
207,2229
207,4265
207,3095
207,1981
204,1858
204,1859
204,1934
204,1878
202,1791
201,1821
200,1804
504,4115
536,4163
536,4512
525,4775
524,4627
505,6780
493,4292
533,4348
600,4312
592,4208
571,4176
557,15686
545,6348
516,4396
485,3759
444,9118
376,4601
406,2743
382,11309
378,4566
371,3437
388,8150
388,4493
388,8397
389,4302
389,2681
387,2342
387,2585
423,2382
423,11108
421,5076
425,3396
422,7428
417,3902
407,2567
407,2330
438,2240
431,11534
417,5629
411,3213
403,2539
398,3009
416,2648
408,2234
392,2194
380,2864
367,2878
344,5416
318,2741
267,8492
239,3871
225,4894
215,2287
210,1961
207,1870
207,1867
207,1962
207,1956
207,1865
207,2067
204,2112
204,1968
204,1971
204,2013
202,6809
201,5043
200,4407
196,1996
194,6406
501,4271
525,4299
517,4250
498,4284
493,10602
485,5768
532,10767
526,5970
571,4379
549,8856
538,5402
521,4234
487,4106
454,3948
387,3373
346,2849
386,2711
381,2699
373,2543
367,2504
367,10382
388,5943
388,3775
388,2580
389,7776
387,4272
387,7075
457,3901
457,2758
453,11303
455,4321
451,2738
443,2522
439,2442
439,2422
468,11467
459,4912
443,3345
438,2598
430,2382
456,2495
451,2384
460,2284
443,2416
433,2242
412,2157
393,2121
367,2490
309,8715
279,4904
265,2776
255,3901
250,2379
247,1986
247,2058
247,6680
247,4438
247,2208
247,4982
244,2826
244,6318
244,3008
244,4836
243,2639
240,4724
239,3411
237,2153
230,2138
230,2128
552,4338
540,4950
534,4738
510,10221
508,6144
500,4647
548,4543
609,4760
586,4570
564,4439
560,15568
536,6175
503,4588
475,3980
402,8880
360,4493
403,9948
391,4802
386,7060
377,3927
377,3114
398,2809
398,12454
398,5309
399,3958
397,7956
397,4469
468,2931
468,13291
466,5478
472,2922
465,2813
462,11395
450,4925
448,3591
483,5731
477,3556
471,8455
459,4430
448,2929
471,2630
487,2491
485,10778
475,4905
459,3393
444,2463
430,10010
411,4088
391,2714
353,8620
303,3605
278,4467
260,2607
256,2237
253,6786
251,4316
251,2426
251,1926
251,1881
251,1915
251,1901
248,2001
248,2200
248,6542
248,6463
247,3426
243,2026
242,2065
237,2005
558,4513
558,4980
551,4862
549,4800
530,4655
563,12353
554,6242
619,4923
614,11239
598,5934
585,4486
567,4435
551,4345
519,4248
490,14647
418,5775
426,3918
406,2999
392,2876
387,2790
399,2834
399,2758
399,10422
400,6278
400,4021
400,6329
398,7382
469,4086
469,7857
469,4332
474,2885
468,2705
466,2846
460,2752
484,2623
484,2637
481,2715
474,11097
469,5572
450,3629
473,2736
488,2471
486,2644
477,2694
461,10174
446,5114
432,3461
413,6215
388,3298
345,2198
295,1743
273,1668
259,1567
256,1629
251,6212
251,6160
251,3253
251,1927
251,6195
251,3964
248,2156
248,1652
248,6672
248,4682
248,2278
246,1909
243,1835
242,5895
236,5426
558,4483
558,4835
548,4881
546,4835
525,4749
562,4682
620,4893
619,4807
613,4745
598,4626
577,9603
565,4679
539,15795
508,6333
478,4522
476,3608
423,3291
398,12365
392,5440
384,3801
399,5985
399,3661
399,3070
400,11768
400,5401
400,3724
468,7411
469,4095
469,9693
478,4634
474,6972
468,3888
466,2842
455,11475
484,5001
484,3611
479,2820
478,2848
464,11243
480,5456
472,3762
488,2656
486,7834
473,4160
459,6870
444,3836
431,2674
410,9912
384,4551
335,2855
286,1993
273,7388
259,4462
256,2484
251,6543
251,3501
251,6564
251,3151
251,2082
251,6528
248,4529
248,2306
248,1977
248,6300
247,5588
244,2703
243,1975
240,2003
234,1968
558,5263
554,4704
551,5569
535,5480
519,5433
558,12853
619,6699
616,5025
599,4844
586,5165
568,10998
551,6356
524,4615
490,4761
419,4366
428,11770
408,5320
392,8800
387,4984
378,2896
399,2832
399,10658
399,5131
400,8522
400,4869
398,3549
469,8521
469,4742
469,3374
474,3725
468,9159
466,5087
457,3684
449,3095
484,10554
479,4443
472,3827
465,2719
451,2726
473,12166
489,5185
487,3475
473,2549
457,3276
445,9882
431,4708
406,3407
384,9040
330,3556
285,2079
274,1967
260,1791
257,1763
252,1743
252,2159
252,7725
252,5843
253,3412
253,2513
250,1848
250,7709
250,4556
250,3085
250,4699
246,2580
245,2677
243,2328
238,6895
236,6624
557,4729
546,5106
546,4985
521,5138
561,4916
552,4975
620,14631
612,6606
586,5101
573,10993
556,6094
535,4772
504,4435
455,4148
390,11772
418,5319
394,3466
390,2976
383,10175
400,5132
400,3562
400,2736
401,11103
401,5524
399,3949
399,2838
470,2620
470,11186
468,5331
474,3606
467,2994
464,6709
452,3864
485,8786
485,4558
477,6313
477,3848
458,2480
448,2472
469,11499
490,4996
483,3446
466,2627
451,6923
442,3758
418,2527
395,2283
370,10541
307,3719
280,2519
265,4406
258,3509
255,2395
253,2436
253,2334
253,2332
253,2397
254,6105
251,5908
251,2651
251,5944
251,2910
251,2168
249,5899
246,4494
245,2515
239,2129
237,5751
237,5564
550,4390
541,4615
527,4348
515,4475
554,4744
621,4712
615,4555
591,4441
579,4365
567,4254
541,4196
510,4099
478,3997
405,3446
425,12589
399,5780
394,3904
386,2933
380,2600
401,10852
401,5294
401,3851
402,2613
402,2603
400,10675
471,5453
471,3722
471,2811
476,6308
468,4055
467,7913
456,4231
451,5599
486,3414
480,2471
474,10629
463,4806
452,3329
474,5492
468,3231
487,2546
475,9845
458,4410
446,3052
433,5103
411,5823
386,3018
338,2034
288,7147
276,3563
262,2294
259,6282
254,3397
254,2209
254,1983
254,6083
255,3943
255,2211
252,5793
252,3060
252,3317
252,1597
252,3384
250,5766
247,3266
246,4298
240,2512
238,2097
238,2092
551,4339
549,4876
531,4419
518,4357
556,4467
622,4565
616,4583
598,4453
585,4362
569,4437
544,4362
521,4284
485,4167
412,3750
429,3278
409,3135
395,3074
390,11589
381,6122
402,4353
402,3116
403,9259
403,4911
403,6780
401,4016
472,2869
472,2895
472,3070
478,3132
472,2869
469,12698
464,5647
453,3842
487,3020
487,2872
477,3038
477,2937
460,12239
480,5518
494,3575
492,7218
485,3970
470,2728
454,2914
445,2609
423,11155
403,5153
380,3727
319,6138
287,5294
273,4646
263,2376
258,5792
255,3471
255,2433
255,2361
256,7651
256,4394
256,4838
253,4290
253,5185
253,4748
253,2724
253,7551
249,3719
248,5472
246,3202
241,2256
239,7173
562,4754
559,6219
550,4938
579,4998
565,4905
624,5087
623,5128
616,5197
600,4847
578,4884
566,16118
538,6893
508,4879
471,4453
464,3824
421,10279
401,5272
393,3475
387,9324
403,5134
403,7023
404,4144
404,3017
404,2979
401,2864
472,3098
472,12513
472,6120
479,4112
476,3371
469,2853
466,2893
464,12069
487,5657
487,3846
479,2917
479,2832
460,2735
478,11693
485,5408
492,3697
485,6700
466,3704
453,7076
438,3868
420,2772
397,10333
360,4663
307,2769
278,6151
264,3271
260,7716
255,3790
255,2407
255,7433
255,4496
256,4627
256,2848
253,2379
253,2428
253,2417
253,2379
253,2455
249,2892
248,2652
246,2691
239,2603
239,2603
239,2651
549,5119
537,5274
523,5140
518,4856
555,5115
584,5124
604,5349
585,5119
566,7918
555,9922
528,8958
495,8632
423,4392
366,3773
404,3641
396,3340
391,3159
382,2934
382,3036
396,3072
403,3053
404,5574
404,6899
401,3303
401,3169
427,2972
471,2922
467,3141
463,3056
468,2966
457,2973
452,3068
452,4995
454,5302
469,6112
456,5200
443,5470
443,2855
443,2886
465,2956
456,2698
451,2852
444,2702
423,2606
399,2525
376,2564
310,1968
282,1920
266,2678
260,2925
257,3090
255,1717
255,1795
255,1680
255,1734
255,1623
253,1607
253,1568
253,2164
253,1425
253,2635
249,2728
248,2133
243,2082
239,1811
239,1861
237,1695
232,1661
224,1715
481,3737
480,3912
484,4184
493,4099
477,3879
471,4052
473,3912
454,11734
439,6269
471,4466
392,3563
357,2900
340,8686
334,5447
330,6395
326,3391
330,2530
330,2537
351,8104
382,6386
379,3787
379,7017
379,3719
381,2796
381,2802
397,9060
392,4848
387,3384
384,8784
383,4574
419,6384
413,7221
410,4026
395,2561
387,2199
381,2271
380,9285
369,5276
361,3803
349,2360
349,9023
331,4553
314,3021
274,1932
234,1724
218,1632
215,7030
216,6773
214,3359
214,7012
216,3630
216,2532
216,6952
213,4313
213,5030
213,5045
213,4425
213,2261
212,6030
210,3052
209,2045
205,1736
203,1866
203,1680
199,1692
195,6150
185,4522
182,2277
181,5756
398,3168
392,3459
384,3565
403,3513
395,6776
383,4138
363,3294
344,11806
281,6149
259,3753
247,5044
244,3257
240,2792
236,2738
236,2816
246,2794
246,2782
246,9907
246,6281
243,3872
243,2642
243,2364
243,2398
268,2381
266,2577
263,2565
258,2522
254,2737
253,2756
253,2832
247,2719
237,2704
285,9354
284,5798
280,3692
275,2454
275,2240
266,9144
262,5227
253,5823
244,3083
237,2399
224,2341
223,7838
198,6074
179,2609
168,1793
163,1738
162,1717
160,1934
160,5613
160,5548
160,3459
160,2346
160,2350
157,2233
157,2231
187,2307
187,2336
187,2339
187,2294
187,2390
186,2330
184,2307
179,2274
177,2255
177,2274
175,5738
171,5612
250,2170
245,2237
245,2237
244,2665
241,2382
240,2214
234,2928
267,2474
264,2320
256,2254
246,2920
223,2223
201,9899
181,5422
167,3621
163,5560
147,2597
147,2603
143,2028
143,7421
143,5774
143,1589
143,1713
143,6570
140,6326
140,6354
140,3049
140,2309
140,2330
140,2345
140,6301
140,6438
140,4813
138,2867
135,2376
134,6192
134,5873
131,3298
126,4520
124,4579
174,3514
172,2807
172,2796
172,2805
172,6149
167,5738
163,2554
150,5798
143,3937
140,2451
132,5475
128,5197
122,2803
112,5156
105,3372
105,4824
103,3279
93,2123
91,3936
91,3890
91,2653
91,3883
91,3907
88,2676
88,3855
88,3931
88,2953
88,4167
88,3929
88,869
