969,2198
969,2229
969,2261
969,3440
969,3405
969,3430
969,3405
969,3406
969,3412
969,3400
969,3403
969,3373
969,2716
969,4108
967,3465
959,2858
954,2262
926,2193
909,2145
855,2037
837,1980
796,1924
788,1901
906,2218
872,2158
845,2089
819,3210
804,3114
796,2359
775,2229
765,2227
762,2203
760,2182
749,2140
698,8233
691,3408
667,2724
651,1700
651,1923
639,1880
633,1583
611,7504
610,3368
602,2195
602,3421
599,2046
592,1569
577,5749
575,3035
573,2045
543,1381
543,1398
534,1396
522,1328
516,1437
515,1624
477,2134
467,5481
467,5205
449,2588
449,1462
443,1104
408,1212
408,1135
404,1057
401,1162
386,1364
384,1370
381,1280
381,1456
370,1305
368,1234
364,1252
364,1100
364,1415
363,1783
363,4066
361,3827
357,1574
312,3419
312,3438
310,3401
307,1967
307,1770
307,1679
298,1613
298,6486
296,2507
296,978
293,859
284,830
283,791
282,3776
280,3552
280,1821
280,1028
280,882
280,878
280,748
280,748
275,755
275,882
275,1323
255,943
255,959
253,1278
253,931
249,948
249,1437
249,920
249,928
234,1189
234,852
231,954
231,974
226,943
226,913
225,930
225,913
204,823
204,1799
202,2132
201,2031
199,1333
197,1302
197,1326
197,1298
191,1251
191,1991
864,2146
863,2330
854,2208
852,2307
848,1836
841,1934
839,2021
796,7777
789,3090
774,2736
765,1647
763,1673
748,2231
748,1635
737,1659
730,2168
729,1621
707,1576
704,2176
704,1631
696,7215
696,1990
693,1487
693,1502
686,2182
671,1573
669,1587
668,2414
667,1555
631,1447
626,2139
623,1509
611,1725
605,1460
604,1611
564,1508
556,1493
550,1417
524,4514
524,3055
509,1832
509,1193
480,1036
480,4187
477,2905
475,1486
462,2993
460,1953
438,4302
425,2118
423,1226
419,4018
419,2243
418,2236
418,4107
418,2128
416,1188
415,3684
383,2349
381,1156
378,3622
378,2124
368,1179
368,3463
368,2310
366,1148
363,3245
351,2250
349,1044
349,893
347,880
347,893
347,2722
347,2784
347,1460
342,1171
342,1192
342,1184
322,1098
320,1177
320,1051
316,1077
316,1084
316,1080
298,967
298,1045
287,913
282,893
282,899
281,886
281,2299
265,2265
1032,2100
1011,2335
985,2267
979,6001
970,3168
962,4932
942,2741
938,5479
927,2885
926,2126
924,6200
922,3098
918,2110
911,4631
856,2758
849,5364
833,2787
824,2036
822,5569
807,3031
807,2048
796,5114
789,2916
766,4069
764,2160
763,1520
755,1500
755,7290
755,3581
752,2197
745,2291
731,1796
729,1786
727,2296
690,1656
685,1658
678,2196
663,1560
647,5754
632,3145
598,1695
586,1163
586,5427
570,2292
570,1530
567,1128
537,1159
518,1191
515,1010
513,1022
500,979
498,970
494,4852
481,3620
479,1600
475,1683
475,1186
474,4578
474,2093
472,2273
471,1376
437,4137
435,1826
432,1054
432,4110
432,1786
422,1024
422,3883
420,2325
417,1177
405,834
403,811
403,1362
401,813
401,798
401,888
401,3107
401,3027
396,1236
396,1395
396,864
376,2795
374,2264
371,1139
367,804
358,776
357,765
342,809
340,913
340,1035
336,1196
335,1194
1128,2167
1097,2215
1093,2273
1074,2164
1066,2272
1033,2381
1024,2351
1017,2499
996,2366
992,2267
983,2255
980,2261
978,2280
976,2211
972,2296
965,2247
910,2076
903,7330
887,3832
887,2524
876,1977
861,1721
861,1692
850,1684
843,1998
820,1877
818,1911
817,2005
809,2036
809,1896
806,1751
807,1701
800,1796
785,1874
783,1810
778,1794
738,1617
724,1472
719,1684
693,1395
679,1344
678,1410
647,1372
643,1389
640,1373
624,1417
603,1429
600,1417
600,1401
572,1383
569,1375
567,1214
554,1132
552,1519
549,1950
548,1927
535,1880
533,1857
529,1809
529,1851
528,1825
528,1801
526,1799
525,1788
489,3737
489,1970
487,1143
484,1015
484,981
474,953
474,953
472,943
472,1046
469,1127
457,1092
455,1198
455,1901
453,2358
453,3474
453,2032
453,1387
453,1396
445,1017
445,966
434,1030
415,971
414,967
412,1093
408,1062
408,1070
408,1057
394,1008
1362,2872
1346,2734
1301,2489
1298,2626
1287,2702
1248,2605
1246,3271
1225,2888
1190,2630
1184,2578
1174,2719
1147,2349
1143,2737
1132,2362
1131,2324
1126,2320
1120,2630
1110,2247
1049,2129
1042,2685
1018,2325
1001,1984
1001,2503
990,1956
983,1931
958,2388
957,1847
949,1796
949,2344
942,1772
935,1758
922,2251
919,1887
916,1737
876,1647
865,1626
850,1540
838,1506
787,1411
773,1363
756,1319
737,1291
734,1264
734,1281
704,1241
701,1241
699,1237
684,1206
681,1159
660,1538
647,1826
645,1979
641,2050
640,1579
638,1363
636,1546
634,1392
593,1366
591,1352
588,1456
588,1562
578,1569
578,1588
576,1554
573,1549
561,1521
559,1502
557,1465
557,1458
557,1484
555,1456
554,1440
547,1424
547,1442
547,1461
524,1377
524,1383
522,1374
515,1317
515,1316
515,1368
495,865
495,1208
492,1365
492,1363
482,1314
481,1318
473,1287
457,1251
457,1215
455,1217
455,1246
1263,2674
1256,2714
1247,2333
1228,3120
1209,2906
1205,2399
1194,2469
1193,3169
1191,7516
1188,3242
1181,2915
1172,2990
1170,2458
1112,2504
1105,2913
1090,2309
1081,2347
1064,2813
1064,2162
1064,2205
1051,1938
1046,2492
1023,1911
1021,1907
1020,2369
1012,1805
1012,2107
1012,2657
1005,2133
998,2040
1001,2672
980,1990
979,1968
976,2557
937,1948
930,1932
926,2382
908,1789
893,1702
879,2263
834,1597
813,1416
810,1515
794,1918
794,1714
791,1597
791,1815
762,1659
738,1683
736,1657
723,1520
721,1880
718,1860
717,1831
704,1289
702,1618
698,1695
698,1758
697,1677
695,1687
693,1656
691,1636
691,1632
647,1493
645,1493
642,1476
642,1664
631,1627
631,1936
631,1666
629,1625
626,1674
615,1550
614,1562
613,1811
611,1562
611,1524
611,1515
609,1496
608,1482
608,1755
601,1479
601,1482
601,1612
570,1356
568,1381
558,1633
550,1285
549,1271
549,1561
530,1227
528,1220
1454,2799
1424,2916
1408,2807
1399,2884
1368,2791
1366,2549
1348,3073
1337,2830
1310,2689
1303,3118
1294,2889
1287,2646
1263,2810
1254,2599
1251,2411
1249,2757
1246,2881
1239,2554
1238,2754
1228,2668
1165,2421
1158,2353
1143,2562
1134,2310
1117,2234
1117,2619
1106,2309
1104,2233
1098,2426
1076,2145
1077,2206
1069,2501
1069,2205
1069,2153
1062,2477
1055,2188
1052,2048
1025,2321
1010,1991
985,1924
946,2197
934,1776
915,1761
915,1949
908,1677
907,1650
866,1576
840,1536
840,1790
824,1435
821,1524
821,1707
792,1415
792,1614
789,1733
787,1378
772,1251
769,1543
768,1183
755,1288
753,1604
749,1286
749,1277
748,1570
746,1320
744,1251
742,1551
699,1153
697,1234
694,1435
694,1256
694,1211
683,1379
683,1203
681,1202
678,1179
667,1205
665,1106
665,1137
663,1215
663,1118
661,1120
660,978
654,978
647,966
635,927
610,855
610,957
608,1124
601,885
601,974
601,1012
1541,3003
1534,3003
1518,3277
1473,2895
1468,2648
1459,2787
1456,3073
1418,2645
1400,2911
1389,2913
1362,7128
1355,3373
1346,2411
1339,2472
1319,2566
1315,2574
1303,2591
1301,2664
1298,2353
1298,9442
1290,3546
1280,2532
1216,2014
1209,2381
1194,2385
1183,2173
1168,2287
1168,2112
1157,2106
1155,2050
1154,2080
1130,2012
1128,2011
1120,1971
1120,1946
1117,2074
1104,2114
1084,1919
1042,1849
1035,2099
1028,1832
992,1853
992,1940
981,1644
966,1645
966,1815
935,1570
898,5903
894,3085
891,2134
875,1388
875,1388
872,1446
843,1365
843,1358
840,1506
838,1355
825,1431
820,1453
819,1300
806,1330
804,1401
800,1318
800,6813
799,2939
797,1775
795,1327
793,1334
750,1181
748,1473
745,1181
745,1188
734,1751
734,1403
732,1433
732,1965
729,1370
717,1358
716,1840
714,1313
714,1298
714,1842
712,1323
705,1273
686,1712
685,1207
684,1217
661,1196
659,1132
659,1124
652,1117
652,1091
1592,2599
1585,3681
1569,2690
1524,2636
1521,2711
1510,3222
1507,2959
1469,2807
1451,3275
1440,2842
1413,2670
1406,3172
1397,2795
1370,2576
1366,3100
1357,2545
1354,2581
1352,3259
1349,2652
1342,2552
1333,3014
1268,2389
1261,2350
1245,2927
1236,2436
1219,2288
1219,2707
1208,2343
1201,2213
1205,2784
1181,2179
1179,2147
1171,2670
1171,2124
1164,2081
1161,2263
1136,2019
1115,1990
1090,1939
1048,1900
1043,1842
1032,1916
1017,7794
1017,3123
1009,1825
972,1388
942,2070
942,1578
926,7051
926,2870
923,1951
894,1303
894,2110
889,6749
876,2193
874,2084
871,1349
870,5183
857,2159
855,1565
851,1314
850,1913
848,1285
846,1265
844,1806
801,5015
799,1978
796,2043
796,1109
785,3728
785,2616
783,1252
783,1144
780,5205
768,1708
767,1272
765,986
765,1111
763,1078
763,1074
762,1761
755,3780
749,4089
749,1675
714,1174
711,877
703,824
703,942
703,919
684,911
684,809
682,783
1562,2791
1558,2833
1546,3124
1521,2799
1517,6669
1498,3094
1490,2876
1457,2489
1448,3333
1441,2829
1420,2730
1416,3054
1405,2564
1404,2611
1401,3056
1399,2511
1391,2505
1381,2949
1318,2409
1311,2449
1296,2825
1285,2369
1270,2317
1270,2294
1259,2227
1252,2672
1229,2112
1226,2121
1226,2624
1222,2201
1222,7839
1215,3008
1208,2515
1208,1835
1187,4819
1177,2474
1122,5211
1120,2870
1093,1986
1073,3590
1061,2562
1060,1712
1023,1588
1016,6811
1016,2555
1000,2244
974,3955
974,1897
945,4416
945,2551
940,3073
927,1781
925,3737
922,1771
921,4145
908,2378
902,2822
902,4009
901,2366
899,2823
897,1623
895,3623
853,1752
851,3448
848,1715
848,3329
837,1672
837,2864
835,1478
832,3409
832,1927
820,1135
819,4231
817,1760
817,1158
815,3050
815,1806
814,1086
807,3929
807,2211
782,1212
782,2857
780,1415
767,2607
757,2675
756,1327
736,2407
736,1753
734,859
730,798
730,1321
729,3093
1573,2409
1569,2752
1550,3162
1515,3113
1509,2526
1500,2609
1493,3071
1472,3419
1468,6309
1457,3089
1456,2500
1453,2495
1451,3205
1443,3065
1433,2627
1369,2834
1362,2291
1347,2424
1336,2812
1321,2899
1321,2392
1310,2396
1303,8421
1280,2933
1277,2175
1277,2522
1269,5213
1269,2970
1262,2447
1259,2211
1259,2620
1238,8742
1237,4852
1194,2330
1194,1846
1180,2008
1159,3502
1137,3112
1135,1919
1080,2374
1070,2025
1067,1575
1051,1778
1048,1466
1048,1474
1017,1745
996,1401
991,1407
978,1709
976,1316
973,1335
972,1610
959,1283
957,1297
953,1343
952,1252
950,1266
948,1506
946,1236
904,1143
902,1142
899,1132
899,1134
888,4700
888,2293
888,1924
886,1166
883,1335
871,1091
870,1046
868,1080
868,1045
868,1034
866,1272
865,1008
858,1008
858,3976
858,2086
833,1757
831,1126
831,1083
824,1325
824,957
797,912
797,900
786,853
781,839
781,931
780,916
780,900
764,861
762,877
1595,2476
1563,2693
1556,2468
1547,2372
1521,2623
1517,2450
1508,2469
1505,2654
1503,2492
1500,9513
1493,3475
1484,2431
1421,2352
1414,5756
1398,2918
1389,2240
1372,2383
1372,2199
1372,2327
1359,2398
1353,2230
1331,8848
1328,3118
1320,2300
1320,2093
1320,2328
1313,2314
1306,8379
1287,2894
1289,2260
1285,1907
1245,1956
1238,1927
1234,1933
1219,1960
1210,1894
1200,7374
1142,2731
1132,1763
1121,1504
1102,1714
1099,1668
1099,6556
1068,2588
1068,1824
1065,1466
1050,4181
1027,2116
1024,1473
1023,5859
1010,2265
1008,1527
1004,1338
1004,5084
1003,2196
1001,1601
999,3787
997,1996
955,1280
953,5125
950,2085
950,1523
939,1207
939,4971
937,2131
934,1445
923,2434
922,1447
921,1157
919,1120
919,1139
917,1150
916,1035
916,1040
909,4103
909,2410
884,1482
884,1185
882,1063
875,1133
875,1104
875,1124
853,1031
848,999
845,1021
832,1709
832,1613
831,1612
815,1649
815,1522
813,1581
813,1115
1622,2372
1596,2620
1589,2465
1569,2760
1565,3012
1554,7506
1553,3194
1550,2661
1548,2798
1540,2827
1530,3509
1471,2606
1464,2612
1449,2634
1440,2741
1423,2680
1423,2670
1412,2740
1405,2755
1404,2474
1380,2511
1379,2488
1371,2410
1371,2536
1364,2507
1364,2383
1357,2355
1338,2470
1339,2371
1336,2353
1296,2223
1289,2309
1270,2244
1270,2214
1261,2073
1206,5009
1197,2459
1183,1694
1164,3488
1153,2082
1150,1606
1119,4455
1119,2313
1116,3737
1114,2008
1101,1450
1099,1425
1074,5590
1061,2293
1059,1660
1055,1254
1055,1369
1054,1279
1052,1330
1050,1383
1048,5245
1006,2290
1004,1513
1001,1192
1001,1158
990,1136
990,1228
988,1533
985,5804
985,2519
973,1531
972,1256
970,1125
970,4550
968,1841
968,1358
967,3191
960,1700
960,1144
935,1083
935,1015
933,4444
926,2038
926,1647
926,993
904,1022
901,1041
901,4508
891,1972
883,1323
882,1017
866,2464
866,1284
864,2509
862,1324
862,877
862,3575
1629,2345
1619,3453
1615,2446
1604,2500
1603,2488
1600,2980
1598,3058
1590,2831
1580,2769
1522,2634
1516,2702
1500,2711
1491,2494
1474,2670
1474,2411
1474,7410
1461,2952
1456,2228
1433,2033
1431,2300
1430,2306
1422,2458
1422,2559
1422,2257
1415,2399
1408,2192
1408,2208
1387,2247
1390,2139
1387,2155
1347,2464
1340,2423
1336,2220
1321,2251
1312,8025
1302,2799
1244,1815
1239,1592
1223,2045
1223,1983
1204,1796
1201,1910
1201,1954
1170,6886
1170,2554
1167,1765
1144,1510
1131,1651
1129,1799
1126,6544
1125,2380
1112,1991
1110,1398
1106,1437
1106,1736
1105,6307
1103,2294
1103,1974
1101,3852
1099,2370
1057,1437
1055,6483
1052,1986
1052,1442
1052,1231
1041,1323
1041,1341
1039,5676
1036,2389
1036,1465
1024,1146
1023,1219
1021,5117
1021,1925
1021,1425
1019,1107
1019,1298
1018,1157
1011,1197
1011,4446
1011,2253
986,1302
980,2977
968,1519
960,1014
959,1344
959,4231
940,1520
940,1219
938,954
938,1036
922,1267
1802,2545
1797,3128
1777,2909
1775,2728
1757,2728
1746,2891
1719,2638
1712,2609
1703,6988
1696,3173
1676,2773
1672,2512
1661,2584
1660,2509
1657,2571
1655,6342
1647,3020
1639,2558
1574,2381
1567,2386
1551,2407
1551,2473
1540,2250
1525,2206
1525,2493
1514,2234
1507,2210
1506,2237
1487,2292
1485,2097
1477,8574
1477,3554
1477,2442
1467,1997
1454,2047
1440,2061
1397,5160
1391,2536
1349,1871
1349,1781
1342,5524
1323,2398
1323,1794
1316,1611
1292,1676
1251,1566
1248,1799
1248,1687
1232,1650
1229,1630
1229,1647
1200,1587
1200,1596
1197,6127
1195,2770
1180,1720
1177,1655
1176,3181
1163,1815
1161,3338
1157,1836
1157,1368
1156,6373
1154,2091
1152,1672
1150,1366
1108,1242
1106,1234
1103,1215
1103,1239
1103,1247
1092,1188
1092,1572
1090,1177
1087,1180
1076,4837
1074,2257
1074,1436
1072,1382
1066,1087
1049,1059
1048,4318
1044,1780
1042,1382
1040,1433
1038,996
1015,959
1015,1155
998,903
998,918
998,3937
979,1892
1943,2720
1927,3051
1882,2860
1879,2831
1868,3023
1865,3233
1827,2923
1809,2742
1798,7221
1771,3134
1764,2794
1755,2822
1728,6416
1724,2992
1715,2697
1712,2659
1710,2495
1707,2991
1700,6275
1691,2900
1625,3022
1618,2228
1602,5284
1593,2744
1576,2267
1576,2221
1565,2604
1563,2194
1562,2346
1538,2477
1533,2182
1519,2039
1505,2455
1502,6372
1467,2622
1457,2023
1436,1879
1436,1870
1429,2119
1394,1788
1387,1759
1385,1885
1351,1722
1344,1658
1343,2005
1302,1562
1299,1566
1299,6590
1283,2551
1280,1752
1280,1523
1251,1740
1251,4680
1246,2378
1233,1533
1231,1405
1228,1436
1227,1572
1214,1484
1212,5782
1208,2376
1208,1781
1205,1360
1203,1640
1201,1324
1159,1259
1157,1415
1157,1296
1154,5227
1154,2141
1143,1711
1143,1204
1141,1439
1138,1292
1127,1162
1125,1205
1125,1226
1123,4720
1117,2117
1114,1424
1100,1129
1099,1404
1093,1189
1093,4445
1070,1710
1068,1307
1066,976
1061,2259
1049,1397
1049,1005
1030,1354
1028,3728
1953,2754
1923,3260
1912,3036
1907,3168
1879,2747
1875,2901
1856,3060
1821,7241
1815,3324
1806,2844
1798,2636
1778,3099
1774,2769
1763,2618
1762,6635
1759,3103
1757,2649
1749,2625
1739,2663
1675,2403
1668,3054
1653,2645
1642,2274
1627,2387
1627,2404
1616,2195
1609,2298
1613,6598
1589,2840
1587,2512
1579,2123
1570,2141
1549,2013
1546,2109
1516,2155
1494,1930
1487,2044
1484,2154
1449,2099
1442,1776
1425,1948
1425,2033
1395,1697
1357,6828
1353,2425
1350,1878
1334,1761
1334,1636
1331,1606
1331,1892
1302,1655
1299,1780
1297,1996
1284,1547
1282,1513
1279,1746
1278,1585
1263,1472
1259,1483
1259,1470
1258,5582
1256,2398
1254,1689
1252,1367
1210,1313
1208,1417
1205,1289
1205,1349
1194,1235
1194,1282
1194,1266
1192,1266
1189,1437
1178,1204
1176,4660
1174,2156
1174,1489
1174,1232
1172,3216
1165,1831
1158,1307
1146,1220
1145,1217
1121,5218
1119,1960
1119,1322
1112,1055
1112,1128
1112,1251
1081,1005
1079,1120
1079,1099
1965,2640
1956,3466
1951,2744
1930,2821
1910,3137
1899,2735
1872,2963
1865,3021
1856,3008
1849,3077
1829,2986
1816,2835
1813,6521
1811,3003
1808,2588
1801,2596
1792,2784
1727,2648
1720,2798
1704,2847
1695,2497
1678,2747
1678,2749
1678,2566
1665,2626
1659,2751
1635,2383
1638,2450
1630,2749
1630,8894
1630,2863
1623,2145
1613,1994
1588,2189
1572,2276
1568,2268
1511,2063
1499,1952
1476,1992
1476,1943
1469,6969
1431,2461
1427,1878
1424,1665
1385,4360
1385,2137
1382,5290
1353,2418
1353,1847
1350,4719
1348,2125
1333,1629
1330,3358
1329,2050
1316,3555
1314,2030
1310,1673
1310,4370
1309,2179
1307,1509
1303,4215
1261,2005
1259,3549
1256,1856
1256,1426
1245,1596
1245,1388
1245,5632
1243,2452
1240,1527
1228,1375
1227,1398
1225,3110
1225,1646
1223,3510
1223,1786
1222,3623
1215,1852
1215,3017
1190,1526
1190,1116
1188,1375
1175,4321
1175,1822
1165,1277
1145,3126
1142,1617
1142,1100
1138,4264
1137,2037
1137,1307
1121,1068
1960,2835
1949,3085
1923,2760
1916,2765
1907,2980
1880,2747
1876,6409
1867,3038
1864,2582
1862,2516
1859,2651
1852,2721
1843,2747
1778,2643
1771,6590
1755,2831
1746,2727
1729,2463
1729,2553
1729,6969
1716,2820
1710,2377
1686,2222
1685,2646
1677,2436
1677,5449
1677,2735
1674,2216
1667,6584
1648,2855
1646,2281
1642,2182
1602,5918
1592,2721
1582,2033
1554,5681
1544,2383
1488,1850
1482,1717
1475,1724
1459,4977
1459,2435
1456,1700
1456,1681
1404,1812
1401,6236
1399,2289
1386,1722
1384,1593
1380,5910
1367,2247
1365,1677
1361,1444
1361,1458
1360,1497
1358,1459
1356,5687
1354,2351
1312,1521
1310,1342
1307,1345
1307,1525
1296,5176
1296,2228
1294,1530
1291,3648
1280,1748
1278,1413
1276,3662
1276,1735
1276,1361
1274,5275
1273,1855
1266,1416
1266,3500
1266,1784
1241,1183
1239,2570
1239,1519
1226,1111
1226,4691
1216,1911
1196,1260
1193,1011
1193,3049
1189,1554
1189,4782
1188,1804
1172,1238
1161,1004
1159,2640
1159,1365
1968,2481
1961,2941
1952,2765
1945,2688
1926,2772
1922,2703
1911,2796
1910,2813
1907,2884
1905,2722
1897,2744
1887,2746
1828,2669
1822,2535
1806,6116
1797,2865
1780,3058
1780,2354
1780,2592
1767,2404
1762,5872
1739,2766
1737,2216
1736,2184
1728,2224
1728,2194
1725,5558
1725,2691
1718,2066
1699,2121
1694,2287
1684,2058
1631,2070
1623,4753
1598,2319
1578,1866
1571,1929
1570,1841
1533,1717
1529,2109
1526,1681
1487,1713
1487,1801
1484,1707
1484,1614
1455,1737
1452,1627
1450,1680
1437,1530
1435,1649
1432,1616
1431,6269
1418,2183
1416,1684
1412,1551
1412,1555
1411,1445
1409,1645
1407,1506
1405,1475
1363,5591
1361,1969
1358,1524
1358,1442
1347,1402
1347,1344
1345,1500
1342,1308
1342,1295
1330,5261
1329,1943
1327,1551
1327,1358
1327,2911
1325,1667
1324,1483
1317,1316
1311,1198
1311,4919
1276,1718
1273,1340
1272,1290
1265,1129
1265,1085
1265,1082
1246,1085
1244,1038
1232,1240
1228,1196
1227,1135
1227,1028
1212,976
2074,2621
2059,2857
2051,2786
2019,2725
2010,2847
2003,2813
1982,2563
1978,2653
1967,2955
1966,2677
1963,6891
1961,3252
1953,2731
1943,2494
1880,2784
1873,2418
1857,2401
1848,2635
1831,2452
1831,2340
1831,2705
1818,2288
1812,2287
1788,2658
1787,2220
1779,2243
1783,2559
1783,2257
1776,2180
1766,5254
1741,2607
1726,2010
1721,2136
1660,2001
1655,2018
1644,2050
1629,2006
1622,7953
1621,3154
1584,2011
1557,1880
1554,5128
1538,2392
1538,1929
1535,1746
1506,4672
1506,2304
1503,1546
1501,1554
1488,1878
1486,1580
1482,4564
1469,2013
1467,1453
1463,1529
1463,1687
1462,5707
1460,2322
1458,1695
1456,1590
1414,4193
1412,2006
1409,1474
1409,1649
1409,1441
1398,5530
1398,2127
1396,1529
1393,1524
1382,4023
1380,1874
1380,1344
1378,3880
1378,1837
1376,1308
1376,3894
1375,1785
1362,1336
1350,1493
1349,1308
1325,5053
1323,1833
1316,1306
1316,1171
1316,1304
1297,1199
1285,4733
1283,1697
1283,1403
1279,1030
1278,1153
1278,1086
2134,2665
2130,3235
2103,3064
2076,3026
2070,3040
2061,3056
2054,3204
2033,3151
2029,2706
2018,2623
2017,3065
2014,2637
2012,2629
2004,3025
1994,2851
1930,2469
1924,2822
1908,2613
1899,2459
1882,2687
1882,2656
1882,2608
1869,2712
1863,2757
1841,2422
1838,2325
1834,2809
1834,2473
1834,2461
1824,2669
1799,2409
1797,2189
1754,2590
1748,2350
1739,2171
1706,2472
1699,2147
1680,5826
1680,2684
1673,1963
1612,1882
1608,1933
1605,2047
1605,5437
1589,2248
1586,1811
1586,1688
1557,4837
1557,2191
1554,1630
1552,4888
1537,2117
1534,1648
1533,4612
1520,2044
1518,1511
1514,3435
1514,2309
1513,1817
1511,1614
1509,1552
1507,4687
1465,2174
1463,1487
1463,1809
1460,1647
1460,1433
1449,1889
1449,1562
1447,1525
1444,1761
1444,1542
1432,1474
1431,1417
1429,1924
1429,1432
1429,1510
1420,1841
1406,1367
1405,1468
1399,1422
1399,1636
1376,1385
1374,1328
1372,1601
1367,1283
1355,1142
1355,1436
1355,1122
1336,4621
1334,1778
1334,1201
2226,3161
2215,3683
2210,3210
2185,3034
2181,2933
2162,3326
2127,3120
2121,3130
2112,3300
2105,3038
2084,3118
2080,3370
2069,2885
2068,7257
2065,3276
2063,2681
2055,2596
2045,2647
1981,2916
1974,6805
1959,3040
1948,2498
1933,2356
1933,2893
1920,2794
1914,7079
1897,2887
1893,2308
1882,2187
1862,2667
1859,2577
1825,6571
1815,2474
1793,2141
1793,2044
1788,5528
1751,2401
1744,1897
1731,5249
1708,2346
1700,1803
1663,1839
1656,2095
1656,1877
1640,1803
1637,2045
1637,1847
1608,2171
1605,2096
1603,2109
1590,1956
1588,1955
1584,2222
1571,1833
1569,1685
1565,2080
1565,1678
1564,1676
1560,6463
1558,2251
1516,1472
1514,1403
1511,1662
1511,3432
1500,1977
1500,1494
1498,1418
1495,4211
1484,1786
1482,1426
1480,1344
1480,1677
1480,4102
1478,1707
1471,1387
1464,1385
1452,3007
1428,1713
1427,1304
1425,1238
1418,1567
1418,1236
1399,4782
1399,1689
1385,1350
1381,1069
1380,1092
1380,1138
1365,1103
1363,1064
1363,1204
1361,1040
2152,2573
2145,3082
2130,2733
2126,2691
2114,3202
2112,2831
2109,3290
2101,3123
2091,2940
2032,3069
2025,3183
2010,2992
1999,3254
1984,3130
1984,2942
1971,2791
1965,3121
1941,2665
1940,2778
1932,7064
1932,2917
1925,2473
1918,2205
1918,2185
1897,2353
1897,2409
1836,2521
1834,2606
1807,2469
1787,2700
1775,2515
1774,2273
1733,5021
1730,2481
1730,1735
1714,1745
1688,4396
1688,2432
1659,1729
1659,2062
1656,2194
1641,2100
1639,2240
1636,2157
1635,2035
1622,5854
1620,2446
1616,2245
1616,1699
1615,2370
1613,1995
1611,1954
1609,2188
1567,1894
1567,5454
1565,2217
1562,1804
1562,1531
1551,1700
1551,1942
1551,1811
1549,1987
1546,1855
1535,6422
1533,2225
1533,1424
1531,1361
1531,1458
1529,1753
1529,5429
1528,2102
1521,1468
1515,1401
1503,1380
1479,1624
1478,1364
1476,3861
1469,1563
1469,1249
1469,1260
1450,1421
1438,1342
1436,1289
1436,1387
1432,1199
1431,1274
1431,1393
1416,1554
1416,1226
1414,1283
1414,1236
1412,1090
2216,2591
2207,2891
2200,2707
2181,2655
2177,3030
2166,2677
2165,2724
2162,2691
2160,2921
2153,2800
2144,2717
2084,6914
2077,3036
2076,2626
2061,2811
2050,2873
2035,2508
2035,6589
2024,2870
2022,2508
2016,2503
1994,2613
1991,2374
1991,2348
1983,2674
1984,2399
1971,6038
1956,2669
1950,2195
1908,2045
1901,2330
1892,2239
1859,2056
1857,5157
1850,2633
1833,1938
1833,1871
1803,2215
1802,1884
1761,1925
1758,2165
1758,1969
1742,4522
1742,2174
1739,1750
1739,1776
1710,1912
1707,2219
1705,4387
1692,2089
1690,1718
1687,1811
1686,3846
1673,2030
1671,1914
1667,1721
1667,1740
1666,4248
1664,2089
1662,1585
1660,1622
1618,1639
1618,1488
1616,1506
1613,4549
1613,2054
1602,1557
1602,1543
1600,1812
1597,4374
1597,1968
1585,1336
1584,1474
1582,1417
1582,1493
1576,1860
1559,1481
1558,1365
1552,1365
1552,1600
1550,1404
1527,1451
1525,1252
1525,1344
1520,1225
1508,1263
1508,4907
1489,1698
1489,1419
1487,1190
1483,1290
1483,3489
2361,2871
2338,3493
2336,2994
2318,2909
2307,3294
2280,3032
2273,3008
2264,3107
2257,2972
2233,3105
2224,3009
2221,2893
2219,2965
2216,2973
2209,2798
2200,3002
2135,2800
2134,2651
2127,2850
2112,2757
2101,2543
2086,2766
2086,2650
2075,2495
2068,2766
2050,2620
2048,2509
2046,2643
2035,2621
2029,2606
2008,2516
2005,2396
1974,2317
1952,2475
1946,2297
1943,2366
1908,2354
1901,2396
1895,2085
1884,2217
1854,2045
1853,2020
1812,2119
1809,1933
1809,1925
1793,2094
1790,1956
1790,1972
1761,2084
1761,1954
1756,1882
1743,2163
1741,4516
1738,2148
1737,1758
1724,1607
1722,1700
1718,1894
1718,1743
1717,1648
1715,1883
1713,1605
1711,5056
1669,2055
1667,1543
1664,1558
1664,1911
1653,1780
1653,1628
1651,1811
1648,1627
1637,1618
1636,1764
1635,1582
1633,1548
1633,1777
1631,1538
1625,1565
1624,1738
1605,1514
1604,1543
1603,1814
1580,1556
1578,1510
1571,1499
1571,1410
1571,1314
1540,1526
1540,1290
1538,1285
1534,1713
1534,2175
2412,2902
2409,3291
2389,3055
2369,2945
2358,2923
2331,3040
2324,3026
2315,2799
2308,2871
2288,3361
2275,7595
2272,3282
2270,2778
2267,2775
2260,2827
2251,2948
2186,2755
2179,2813
2163,2733
2154,2708
2152,2807
2137,2731
2137,2763
2124,3096
2119,2848
2101,2659
2098,2614
2089,2656
2089,2436
2086,2419
2073,2371
2054,2348
2052,2343
2009,2283
2002,2409
1961,2277
1961,2478
1950,2487
1935,2316
1928,2260
1927,2385
1867,2355
1860,2077
1860,2244
1844,2009
1844,2016
1841,2083
1812,1996
1812,1935
1809,2128
1794,1978
1792,1911
1789,1966
1788,1845
1775,1911
1773,1876
1769,1835
1769,1853
1768,1856
1766,1829
1764,1854
1762,1909
1720,1755
1718,1712
1715,1733
1715,1743
1704,1979
1704,2217
1702,2619
1699,1857
1688,1584
1687,1621
1686,1638
1684,1686
1684,1604
1682,1637
1681,1670
1675,1490
1668,2185
1656,1828
1632,1787
1631,1785
1629,1737
1622,1814
1622,1676
1622,1447
1603,1352
1589,1301
1589,1267
1585,1653
1584,1562
1584,1700
2440,3024
2436,3342
2417,3126
2382,6034
2376,6058
2367,2970
2359,2944
2339,3012
2335,3103
2324,2821
2323,3156
2320,3194
2318,3643
2310,3148
2300,3071
2236,3478
2229,5884
2214,2567
2203,2499
2188,2592
2188,2579
2177,3055
2170,2622
2169,2564
2150,3389
2148,2710
2140,2923
2140,3567
2133,2375
2133,2861
2123,5491
2098,2231
2081,2195
2056,2183
2017,2225
2005,2230
2001,2939
1986,2890
1979,2272
1978,2302
1937,2703
1911,2129
1911,2175
1895,2888
1892,2091
1892,2246
1863,2288
1860,3123
1858,2461
1845,1863
1843,3182
1840,2511
1839,2305
1826,2595
1824,1794
1820,1779
1820,2218
1819,3032
1817,2612
1815,2136
1813,1677
1771,1550
1769,1654
1766,1647
1766,1634
1755,1578
1755,2233
1753,1608
1750,1561
1739,2113
1738,1565
1737,2831
1735,2424
1735,2775
1733,1999
1733,1934
1732,1535
1725,1497
1719,2567
1707,1759
1683,2598
1680,1422
1673,1326
1673,2071
1673,1998
1654,1317
1654,1842
1640,1423
1636,1365
1636,2763
1635,5179
1635,2437
2489,2849
2471,3960
2460,3398
2433,3332
2426,3219
2417,2830
2390,2776
2386,2771
2377,3075
2374,3132
2372,2740
2369,2728
2362,2726
2353,2702
2288,2870
2281,2906
2265,3072
2256,3338
2239,2954
2239,3003
2239,3186
2226,3281
2220,2937
2196,3176
2199,3082
2191,2998
2191,3224
2191,3031
2184,2819
2177,2800
2155,3169
2135,3063
2129,2705
2073,2779
2061,2973
2052,2489
2037,2582
2030,3332
2029,2457
1988,2384
1985,2869
1962,2371
1946,2228
1943,2820
1943,2360
1914,2209
1911,2608
1909,2062
1896,2111
1894,2015
1891,2540
1890,2084
1877,3594
1875,2261
1871,3579
1870,1788
1868,1739
1866,2208
1864,1960
1822,2488
1820,1932
1817,3414
1817,1716
1817,1843
1806,2401
1806,1880
1804,1822
1801,1846
1790,1824
1788,1807
1786,1773
1786,2313
1786,1560
1784,1522
1783,1894
1776,1577
1776,2822
1770,2327
1745,1732
1733,1467
1732,1997
1724,1879
1724,1824
1724,2147
1705,1777
1703,1679
1703,1825
1687,1638
1686,1580
1686,1578
1671,1702
1671,1605
2510,3080
2484,3415
2478,3197
2468,3308
2461,2966
2441,2874
2437,3110
2426,3074
2423,3064
2420,2800
2413,3107
2404,3524
2339,2869
2332,3017
2316,3160
2307,3402
2305,2985
2290,3175
2290,3254
2277,2866
2271,2826
2249,3155
2246,3007
2238,2890
2242,3101
2242,2784
2235,2747
2228,3055
2209,2766
2207,2797
2200,2927
2154,2736
2134,2533
2113,2780
2093,2622
2081,2524
2080,2449
2039,2673
2036,2313
2036,2389
2020,2491
1994,2152
1994,2207
1965,2099
1962,2398
1960,2116
1947,2257
1945,2650
1942,2373
1941,4945
1928,2066
1922,1707
1922,1678
1921,1754
1919,2101
1917,1769
1915,1802
1873,2076
1871,1682
1868,1616
1868,2038
1857,1681
1857,1639
1857,1592
1855,1737
1852,1595
1840,1537
1839,1863
1837,1546
1837,1525
1837,1497
1835,1610
1834,1504
1827,1707
1827,1986
1827,1709
1802,1666
1800,1730
1794,1522
1787,1537
1777,1490
1776,1775
1756,1502
1754,1441
1754,1629
1750,1539
1749,1378
1737,1688
1722,1487
1720,1383
1720,1383
1718,1493
2522,2758
2513,3488
2506,3541
2483,3358
2474,3060
2471,2812
2469,2971
2466,3074
2459,2747
2450,2725
2390,2809
2383,2582
2367,2618
2358,2652
2356,2734
2341,3085
2341,2991
2328,2751
2322,2639
2300,2798
2297,2709
2289,2650
2289,2854
2293,2589
2286,2526
2279,2843
2260,2462
2258,2418
2254,2627
2214,2423
2211,2398
2194,2284
2166,2287
2156,2338
2139,2276
2098,2173
2087,2124
2087,2063
2071,2267
2068,2051
2068,2112
2016,2191
2016,2060
2013,1967
1998,2166
1996,1974
1993,1907
1992,2149
1979,1889
1977,1978
1973,1854
1973,2251
1972,2013
1970,2042
1968,2312
1966,2001
1924,1947
1922,2093
1919,1647
1919,1653
1908,1672
1908,1835
1906,1635
1903,1669
1892,1882
1890,1629
1890,1606
1888,2035
1888,1598
1886,1634
1885,2113
1885,1746
1878,1736
1878,1694
1853,2008
1853,1664
1851,1564
1844,2074
1838,1559
1838,1576
1808,1676
1805,1508
1805,1490
1801,1483
1800,1739
1800,1483
1784,1410
1773,1964
1771,1376
1769,1383
1769,1871
1769,1449
2547,2772
2537,3167
2533,3441
2522,3405
2519,3257
2516,2839
2509,3205
2500,3205
2441,3018
2434,2996
2418,3367
2409,3293
2392,2900
2392,3313
2392,3243
2379,2811
2373,2831
2349,3192
2348,2821
2340,2740
2340,2754
2340,2568
2333,2686
2330,2756
2311,2636
2308,2588
2305,2718
2265,2480
2258,2427
2239,2615
2236,2555
2221,2359
2162,2456
2146,2130
2141,2125
2122,2213
2122,2129
2119,2134
2088,2155
2088,2474
2085,2091
2062,2075
2049,2205
2044,2017
2043,2015
2030,2223
2028,1983
2024,1999
2024,2200
2023,1953
2021,2075
2019,2208
2017,1873
1975,1740
1973,2003
1970,1832
1970,1860
1959,1785
1959,1817
1959,1696
1957,1660
1954,2203
1943,1757
1941,1833
1939,2463
1939,1701
1939,1808
1937,2380
1936,1909
1936,1761
1929,2451
1929,1648
1904,1653
1904,2361
1902,1655
1895,1676
1895,1748
1895,1788
1868,1575
1868,1606
1857,2324
1852,1628
1852,1567
1851,2104
1851,1747
1835,1501
1833,1410
1833,1555
1820,1567
1820,1584
1820,1297
1820,1417
2580,2751
2572,3836
2569,3254
2567,3092
2564,3728
2557,3188
2548,3192
2492,3091
2491,3416
2484,2953
2469,2666
2458,2594
2443,2547
2443,2935
2432,2900
2425,2495
2402,2438
2400,2448
2399,2484
2391,2867
2391,2876
2384,2808
2384,2532
2381,2663
2362,2552
2359,2875
2356,2873
2316,2363
2309,2328
2305,2660
2287,2277
2272,2254
2258,2490
2208,2286
2192,2111
2189,2707
2173,2527
2170,2402
2170,2514
2139,2686
2139,2403
2115,2372
2100,2450
2098,2903
2095,1961
2094,1976
2081,2357
2079,1926
2075,1951
2075,2242
2074,1964
2072,1941
2070,1888
2068,1862
2026,1767
2024,1965
2021,1723
2021,4440
2010,1995
2010,1639
2010,1675
2008,1697
2005,1703
1994,1676
1992,1741
1990,1658
1990,4208
1990,1956
1988,1602
1987,1686
1987,1619
1980,1616
1980,1637
1955,1567
1955,1608
1953,1558
1946,1527
1946,1533
1940,1535
1919,1470
1910,1452
1907,1453
1903,1453
1903,1442
1902,1473
1902,1458
1886,1393
1875,1378
1873,1358
1871,1418
1871,1387
1871,1405
2649,2795
2639,3246
2635,2965
2624,3111
2623,2998
2620,3044
2618,3213
2610,3077
2602,3042
2543,2939
2536,2932
2520,2876
2511,2908
2509,2839
2494,2786
2494,2871
2481,7636
2476,2987
2453,2475
2451,2465
2450,2483
2442,2602
2442,2549
2439,2420
2439,2584
2432,2848
2413,2933
2411,2837
2407,2728
2367,2728
2357,2651
2347,2698
2319,2666
2293,2667
2289,2459
2247,2533
2243,2408
2240,2462
2224,2341
2224,2346
2221,2587
2198,2409
2169,2579
2169,2418
2164,2304
2151,2406
2149,2322
2146,2281
2145,2560
2132,2283
2130,5937
2126,2130
2126,2030
2125,2324
2123,2356
2121,2264
2119,5919
2119,2106
2077,2011
2075,2092
2072,1974
2072,2546
2061,2152
2061,2016
2059,2199
2059,2117
2056,2070
2045,2154
2043,2020
2043,1987
2041,2185
2041,2023
2039,1965
2039,1901
2038,2159
2031,1956
2031,1986
2031,2274
2000,2015
1988,1842
1987,2134
1979,1843
1979,1760
1979,5017
1960,1655
1960,1560
1958,1719
1942,1878
1942,1804
1941,2058
1941,1963
1926,1782
2776,3169
2765,3622
2739,3496
2733,3106
2723,3480
2716,3104
2696,3518
2692,3124
2681,3848
2680,3432
2677,2950
2675,3805
2667,2936
2657,3396
2593,2788
2586,3129
2571,2714
2560,2697
2545,2615
2545,3019
2534,2623
2527,2610
2531,3020
2507,2623
2505,2484
2497,2460
2497,2911
2497,2546
2490,2604
2483,2507
2461,2855
2453,3238
2435,2548
2379,2511
2367,3238
2358,2503
2343,2479
2336,2866
2335,2840
2298,2345
2291,2706
2268,2823
2252,2190
2249,2244
2249,2904
2220,2125
2220,2167
2217,2732
2215,2250
2200,2269
2197,2599
2196,2581
2183,2160
2181,2110
2177,2709
2177,5212
2176,2194
2174,2236
2172,1816
2170,1980
2128,1826
2126,4897
2123,2016
2123,1722
2112,2065
2112,1786
2112,2130
2110,4873
2107,3329
2096,1787
2094,1624
2092,1672
2092,1599
2092,1564
2090,1577
2089,1714
2089,2014
2076,2320
2076,2002
2041,1814
2040,2000
2037,1962
2030,1776
2030,1733
2030,2248
2011,1828
2011,1604
1997,2074
1993,1717
1993,1597
1992,1722
1977,1681
2846,3391
2828,3733
2817,3701
2790,3321
2783,3397
2774,3557
2767,3061
2743,3586
2734,3387
2731,3257
2729,3311
2726,2948
2719,3306
2710,2901
2645,3121
2644,2774
2637,3068
2622,2777
2611,3423
2596,2832
2596,2819
2585,2735
2583,3194
2560,2689
2558,2683
2556,2872
2548,2936
2548,2713
2541,2628
2538,2580
2525,2873
2494,2409
2489,2370
2463,2650
2424,2709
2413,2348
2409,2300
2394,2398
2387,2140
2386,2226
2349,2497
2319,2706
2319,2710
2303,2396
2303,2395
2300,2725
2271,2401
2271,2387
2268,6436
2266,2373
2253,1882
2251,1905
2247,1894
2234,2172
2232,2255
2228,2405
2228,2352
2227,2302
2225,2172
2223,2375
2221,2206
2179,2130
2179,2212
2177,2283
2174,2148
2174,2084
2163,2257
2163,2113
2161,2224
2158,2030
2158,2111
2146,1951
2145,2069
2143,2279
2143,2078
2143,2051
2141,2440
2134,2250
2127,2233
2115,2113
2113,1957
2090,1785
2090,1868
2088,2106
2081,1859
2081,1929
2069,1980
2050,2041
2050,1690
2048,1901
2044,1867
2044,1602
2922,3633
2919,4199
2897,3930
2879,3487
2868,3802
2841,3592
2834,3527
2825,3417
2818,3410
2798,3536
2794,3452
2783,3411
2782,2964
2779,3516
2777,3302
2769,3312
2759,3123
2695,3079
2688,3317
2673,2769
2662,2960
2647,3036
2652,2847
2641,3089
2634,2716
2633,2642
2609,2987
2607,2608
2599,2610
2596,2871
2583,2524
2568,2503
2562,2482
2520,2736
2512,2403
2504,2422
2471,2336
2464,2292
2456,2411
2445,2791
2415,2498
2414,3543
2373,2349
2370,2695
2370,2318
2354,2438
2351,2574
2351,2465
2322,2372
2322,2363
2319,2459
2304,2268
2302,2286
2299,2623
2298,2169
2285,1999
2283,5336
2279,2464
2279,2002
2278,2227
2276,2170
2274,2025
2272,2115
2230,1938
2228,1806
2225,1968
2225,2027
2214,2175
2214,1928
2212,1919
2212,2282
2209,1899
2197,1850
2196,1861
2194,2170
2194,2078
2194,1966
2186,2168
2185,2133
2166,1848
2165,1979
2164,2034
2141,1618
2141,1863
2139,2161
2132,1849
2132,1907
2120,2043
2101,1714
2101,1675
2099,1722
2095,1977
2983,3552
2974,3968
2950,3646
2948,3757
2930,3551
2919,3768
2892,3601
2885,3615
2876,3536
2849,3338
2845,3299
2836,3574
2833,3796
2831,3449
2828,3287
2821,3365
2812,3652
2747,3054
2740,3351
2739,2864
2724,3379
2718,2816
2703,2806
2703,3084
2692,2739
2685,2684
2662,2979
2660,2731
2658,2582
2647,2832
2641,2532
2620,2517
2617,2562
2586,2750
2564,2443
2558,2417
2555,2386
2520,2367
2513,2857
2507,2801
2496,2560
2466,2438
2465,2955
2424,2433
2421,2314
2421,2858
2405,2480
2402,2291
2402,2371
2373,2579
2373,2220
2370,2415
2368,2699
2353,2236
2350,2280
2349,2653
2336,2207
2334,2319
2330,2731
2330,2135
2329,2337
2327,2425
2325,2151
2323,2305
2281,2135
2279,2200
2276,2067
2276,2017
2265,2103
2265,2134
2265,2179
2263,2724
2260,2045
2249,1911
2247,2372
2247,2027
2245,1982
2239,2383
2236,1907
2222,1890
2221,2630
2215,2328
2215,1753
2192,4455
2190,1870
2188,1577
2183,1897
2171,2016
2171,1724
2152,1940
2152,1870
2150,4397
3046,3551
3043,3482
3032,4114
3029,3793
3001,3370
2981,3550
2970,3211
2943,3545
2937,3637
2927,3507
2920,3441
2900,3054
2896,3388
2885,3060
2884,3028
2881,3251
2879,3063
2871,3476
2861,3159
2797,3365
2790,3099
2780,3110
2771,2759
2754,2741
2754,3063
2743,2692
2741,3030
2735,2656
2711,2626
2706,3014
2692,2547
2677,3028
2675,2573
2640,2461
2630,2759
2609,2379
2609,2418
2602,2647
2567,2626
2560,2285
2558,2285
2524,2215
2517,2181
2516,2641
2475,2542
2472,2274
2472,2382
2456,2402
2453,2548
2453,2848
2424,2456
2424,2508
2419,2440
2406,2446
2404,2282
2401,2380
2400,2378
2387,2465
2385,2266
2381,2316
2381,2322
2380,2337
2378,5666
2376,2327
2374,1900
2332,1832
2330,1843
2327,2092
2327,2293
2316,2368
2316,2102
2314,2036
2311,2079
2300,2003
2298,1922
2298,2097
2296,1879
2290,1882
2287,1955
2273,1982
2272,2193
2266,1784
2266,2420
2243,1948
2241,2008
2239,1894
2234,5634
2222,1959
2222,1663
2203,1513
2203,1523
2201,1864
3093,3448
3089,3873
3077,3719
3052,3903
3050,3963
3029,3968
3021,3363
2994,3453
2979,3289
2972,3271
2951,3880
2947,3709
2938,3107
2935,3333
2932,3263
2930,3173
2922,3513
2912,3229
2848,3382
2841,3533
2826,3065
2822,3075
2805,2958
2805,2866
2794,3124
2792,2856
2786,3037
2762,3107
2760,2939
2749,2822
2743,2923
2729,3354
2719,2946
2688,3169
2666,2883
2660,2482
2657,3294
2622,2731
2615,2663
2609,2484
2598,2377
2568,2359
2567,2548
2526,2562
2523,2365
2523,2465
2507,2759
2504,2488
2504,2493
2475,2872
2472,2634
2470,2628
2457,2717
2455,2575
2452,2571
2451,2751
2438,2505
2436,2733
2432,2397
2431,2430
2429,2728
2427,2439
2425,2463
2383,2369
2381,2290
2378,2313
2378,2441
2378,2349
2367,2345
2367,2584
2365,2419
2362,2201
2351,2278
2349,2335
2349,2207
2347,2590
2347,2292
2339,2383
2338,2469
2324,2224
2318,2486
2317,2317
2294,2228
2294,4870
2292,1910
2285,1593
2285,1617
2273,1667
2254,1698
2252,1975
2252,1748
2248,1710
3128,3260
3123,3970
3103,3771
3099,3390
3080,3619
3045,3543
3039,3354
3030,3652
3023,3215
3002,3216
2998,3577
2987,3143
2986,3115
2983,3670
2981,3359
2973,3257
2963,3393
2899,3266
2892,2916
2877,3093
2866,3005
2856,3017
2856,2973
2845,3081
2838,3037
2815,2768
2813,3148
2811,2801
2803,2968
2803,2867
2793,2999
2787,2731
2766,2652
2725,2799
2717,2586
2708,2537
2675,2674
2668,2456
2649,2435
2649,2466
2641,2629
2581,2357
2577,2384
2574,2631
2558,2385
2558,2413
2555,2351
2555,2395
2526,2758
2523,2278
2521,5942
2508,2462
2506,2011
2503,2109
2489,2278
2487,2081
2483,2215
2483,2294
2482,2132
2480,2182
2478,2372
2476,2238
2434,2067
2432,2162
2429,2026
2429,2016
2429,2158
2418,1994
2418,2051
2416,2266
2413,1959
2402,2098
2400,2201
2400,1984
2398,1884
2398,2002
2396,1989
2389,1909
2389,1978
2370,1833
2368,2213
2345,1765
2345,1841
2343,1795
2336,4421
2336,1912
2324,1632
2305,1828
2305,1756
2303,4637
2299,1855
2299,1685
3177,3293
3154,3612
3152,3862
3134,3438
3123,3291
3096,3344
3089,3216
3074,3440
3053,3421
3049,3379
3040,3165
3037,3254
3035,3166
3032,3077
3025,3327
3016,3064
2951,2965
2944,2939
2928,2915
2919,2997
2907,3070
2907,3057
2907,2888
2894,3036
2888,2883
2864,2899
2862,2896
2854,2659
2851,3052
2845,2754
2823,2590
2817,2980
2775,2659
2768,2642
2759,2753
2726,2496
2719,2422
2711,2430
2700,2378
2670,2417
2669,2457
2628,2303
2625,6320
2625,2593
2609,2177
2606,2227
2606,2128
2577,2098
2574,2138
2572,2133
2559,2495
2557,2327
2554,2306
2553,2404
2538,2275
2534,2320
2534,2369
2533,2446
2531,2372
2529,2363
2527,2362
2485,2235
2483,2469
2480,2140
2480,2222
2469,2244
2469,2240
2467,2156
2467,2442
2464,2215
2452,2205
2451,2199
2449,2216
2449,2187
2447,2351
2441,2031
2440,2123
2421,2005
2419,2146
2419,2105
2396,2230
2394,1851
2387,1912
2387,2005
2375,2057
2356,2040
2356,1891
2354,1769
2350,1843
2350,1867
2349,1879
2334,1935
3203,3255
3182,3569
3174,3856
3147,3767
3132,3541
3125,3413
3104,3539
3100,3315
3091,3197
3088,3216
3086,3275
3083,3197
3076,3192
3067,3361
3002,3226
2995,3351
2979,3019
2979,3074
2968,2941
2953,2889
2958,2850
2947,2902
2940,2784
2917,2788
2915,2790
2913,2882
2905,2715
2902,2748
2889,2638
2872,2716
2842,2760
2820,2787
2813,2740
2810,2846
2777,2528
2770,2589
2762,2840
2751,2423
2721,2454
2720,2444
2679,2395
2676,2379
2676,2376
2660,2424
2657,2411
2657,2566
2628,2425
2628,2334
2623,2431
2610,2322
2608,2239
2605,2464
2604,2282
2591,2178
2589,2324
2585,2126
2584,2329
2582,2128
2580,2131
2578,2244
2536,2109
2534,5493
2531,2273
2531,1901
2531,1927
2520,1902
2520,1868
2518,2074
2515,2161
2504,2187
2502,2015
2500,2225
2500,2226
2500,5158
2498,2156
2491,1741
2472,1696
2471,1777
2470,1830
2447,1962
2445,2158
2445,1954
2438,1934
2438,2042
2426,1957
2407,1824
2405,1891
2401,2102
2401,1905
2400,1924
2400,1826
2385,1788
3235,3244
3224,4032
3198,3820
3191,3632
3182,3907
3155,4043
3151,3504
3142,3409
3139,3308
3137,5213
3134,3234
3127,3232
3118,3855
3053,3439
3046,3118
3030,2942
3021,3323
3004,2957
3004,3652
3004,3065
2996,2918
2990,3003
2966,3533
2964,3624
2956,3114
2956,3279
2956,2921
2946,2757
2933,3771
2901,3184
2898,3302
2871,3588
2828,3070
2821,2541
2817,2950
2802,2493
2795,2856
2794,2430
2730,2278
2727,2664
2727,2346
2711,2297
2708,2338
2708,2255
2679,2606
2676,2205
2674,2576
2661,2153
2659,2160
2656,2109
2655,2511
2640,2051
2636,2047
2636,2580
2635,2136
2633,2027
2631,2012
2629,2471
2587,1969
2585,1912
2582,1904
2582,2331
2571,2297
2571,1914
2571,1922
2569,1921
2566,2568
2554,2783
2553,2400
2551,1953
2551,2510
2551,1890
2549,1952
2548,2559
2541,2036
2535,1914
2535,2103
2500,2198
2496,1937
2489,1836
2489,5117
2489,2019
2470,2013
2470,2145
2456,2090
2452,1628
2452,1649
2451,1962
2436,1808
2436,1866
2434,1931
2434,1826
3243,3885
3228,4442
3221,3901
3201,3415
3197,3384
3186,3419
3185,3349
3182,3228
3180,3750
3172,4389
3162,3704
3103,3355
3096,3008
3081,3257
3070,4383
3055,3496
3055,3040
3044,2891
3037,3323
3014,3189
3017,2959
3015,3578
3007,2780
3007,2838
3000,3131
2993,2843
2993,3849
2969,3196
2962,2696
2906,2735
2889,3144
2877,3919
2853,2495
2853,2968
2845,2439
2808,2783
2804,2355
2801,2727
2762,2399
2762,2250
2759,2647
2730,2231
2730,2229
2727,2620
2725,2191
2712,2146
2710,2129
2706,2515
2693,2127
2691,2172
2687,2485
2687,2105
2686,2064
2684,2098
2682,2471
2680,2102
2638,1949
2636,2022
2633,2065
2633,2058
2622,2525
2622,2009
2622,1958
2620,2348
2617,1977
2605,1904
2604,1912
2602,1884
2602,2264
2602,1939
2600,1893
2599,1869
2592,2363
2592,1943
2592,1869
2561,1826
2549,2327
2548,2286
2540,2106
2540,2097
2540,2325
2521,2635
2519,2198
2519,2257
2503,2517
2503,2099
2502,2294
2487,2176
2487,2760
2485,2037
2485,2120
2483,2624
3274,3183
3267,4347
3252,4636
3248,3997
3239,3891
3236,3947
3233,3284
3231,3272
3223,3703
3213,3320
3155,3148
3148,3558
3132,3945
3123,3609
3106,3056
3106,2981
3106,3465
3093,4034
3087,2872
3068,2900
3066,3179
3058,2848
3058,3153
3058,3746
3051,3198
3044,2743
3025,2737
3020,3115
3010,3443
2957,2675
2949,2739
2924,3009
2904,2530
2897,2928
2896,2542
2859,3105
2852,2809
2852,3341
2813,2412
2810,3096
2810,2596
2781,2738
2781,2759
2778,2371
2776,2758
2761,2158
2758,2721
2757,2179
2744,2161
2742,2665
2738,2127
2738,2092
2737,2307
2735,2401
2733,3192
2731,2497
2689,2269
2687,2976
2684,2435
2684,2042
2673,2935
2673,2318
2671,2579
2668,2022
2668,2497
2656,1981
2655,1946
2653,2373
2653,1970
2653,1862
2651,2371
2650,1941
2643,1868
2643,2394
2643,1871
2612,1815
2610,2278
2600,1796
2592,1771
2591,1747
2591,2380
2572,1690
2570,1730
2570,1676
2566,1659
2553,2373
2553,1767
2538,1637
2536,1832
2536,2794
2534,2332
2534,2063
3322,3634
3315,4341
3302,4190
3289,4075
3286,4204
3284,3983
3281,3869
3274,3620
3265,3258
3206,3148
3199,3539
3183,3137
3174,3590
3172,3514
3157,2953
3157,3202
3144,2937
3138,3661
3116,3405
3117,2909
3109,3277
3109,2973
3109,3368
3102,2785
3095,2971
3076,3607
3074,3276
3067,2790
3021,2699
3002,3105
2996,2577
2964,3063
2952,2805
2947,2607
2906,3194
2903,2528
2903,2885
2887,2323
2884,2849
2861,2398
2832,2791
2829,2303
2827,2229
2814,3022
2812,2414
2809,3159
2808,2454
2795,3048
2789,2287
2789,2524
2788,2523
2786,2214
2784,2773
2782,2179
2740,2544
2738,2228
2735,2007
2735,2515
2724,2066
2724,1984
2724,2497
2722,2034
2719,1993
2707,2472
2706,1940
2704,1890
2704,2426
2704,1946
2702,1883
2701,2409
2694,1957
2694,1995
2694,1858
2669,2316
2667,1813
2654,1780
2654,1777
2644,2283
2623,2227
2623,1751
2621,1710
2617,1706
2617,2207
2616,1776
2589,1736
2589,1677
2587,1640
2585,1657
2585,2211
2585,2527
2585,2204
2579,2111
3345,3169
3335,4108
3334,4025
3331,4400
3329,4213
3321,3382
3311,3351
3256,3384
3249,3506
3234,3531
3223,3041
3208,3682
3208,3423
3197,3076
3190,3057
3189,3332
3165,3204
3164,3066
3156,3330
3160,3263
3153,2831
3153,3790
3146,2842
3127,3735
3124,2799
3121,3197
3078,2746
3065,3268
3049,2647
3032,2621
3007,3044
3002,2867
2957,3085
2954,2519
2954,2502
2938,2389
2935,2463
2935,2320
2883,2346
2883,2349
2878,2749
2865,2518
2863,3122
2860,2392
2859,3168
2846,2177
2844,2711
2840,2269
2840,2151
2839,2140
2837,2141
2835,2713
2833,2134
2791,2066
2789,2649
2786,2035
2786,2017
2775,2033
2775,2037
2773,2039
2770,2463
2759,1993
2757,1930
2757,2457
2755,2030
2755,1955
2753,2556
2752,2014
2752,1959
2745,2719
2745,2266
2720,2218
2720,2188
2712,2323
2705,2171
2695,2092
2694,2655
2674,2138
2672,1960
2672,2626
2668,2107
2667,1987
2667,2034
2640,2505
2640,1968
2638,2157
2636,2128
2636,2653
2636,2007
2636,2050
2630,1919
2630,2523
3382,3216
3382,3678
3381,3329
3379,3524
3371,3839
3361,3434
3307,4051
3300,3839
3285,3660
3276,3098
3259,3502
3259,3153
3248,2983
3246,3501
3240,3814
3216,3062
3215,2973
3207,2969
3211,3897
3211,3500
3204,2841
3197,2823
3178,3337
3176,3638
3172,2841
3129,2780
3123,2730
3100,3679
3083,2679
3058,2644
3053,3036
3012,2485
3005,3000
3005,2477
2989,2621
2989,2853
2986,2534
2934,2862
2934,2318
2931,2808
2929,2318
2916,2996
2914,2795
2910,3016
2897,2505
2895,2432
2891,2487
2891,2174
2890,2860
2888,2166
2886,2306
2884,2149
2842,2710
2840,2620
2837,3299
2837,2171
2837,2893
2826,2383
2826,2327
2824,2160
2821,2013
2810,2444
2808,1965
2806,1972
2806,2517
2806,1952
2804,1969
2803,2409
2803,1928
2796,2312
2796,1955
2771,1864
2771,2351
2763,1855
2756,1822
2746,1808
2745,2336
2725,1763
2723,1811
2723,1843
2719,2287
2719,1752
2718,1745
2691,1700
2691,2138
2689,1816
2689,1747
2687,1690
2687,1674
2687,1805
2681,1647
2681,1696
3433,3274
3433,4298
3432,4371
3430,3900
3422,3972
3412,3863
3358,3681
3351,3331
3336,3167
3327,3203
3310,3187
3310,3218
3299,3602
3292,3523
3291,3875
3267,3019
3266,2924
3258,3458
3262,3823
3262,3418
3255,3029
3248,2879
3229,3617
3226,3463
3223,2829
3183,2752
3173,3201
3151,3838
3134,2611
3109,2719
3068,2630
3059,3014
3056,3032
3056,2478
3040,3033
3037,2497
3037,3004
2985,2331
2982,2413
2980,3334
2967,2388
2965,3416
2962,2511
2961,2872
2948,2476
2942,2508
2942,3270
2941,2328
2939,2247
2937,2184
2935,2179
2893,2606
2891,2390
2888,3313
2888,2120
2888,2987
2877,2193
2877,2626
2875,2098
2872,2074
2861,2018
2859,2058
2857,2007
2857,2071
2857,2585
2855,2328
2854,3026
2854,2093
2847,2761
2847,2259
2822,1910
2822,2527
2820,1942
2813,1919
2807,1842
2797,1863
2777,1799
2774,1926
2774,1789
2770,2393
2769,1770
2769,1787
2753,1833
2742,1738
2740,1719
2738,1735
2738,1722
2738,1719
2738,2251
2732,1685
2732,1699
2731,2264
3484,3246
3483,4373
3481,3945
3473,3426
3463,3526
3409,3240
3402,3193
3387,3310
3376,3189
3361,3276
3361,3714
3350,4222
3343,3518
3320,3481
3317,3476
3317,3964
3309,2960
3309,2964
3306,2914
3299,3987
3299,3398
3278,3349
3277,3344
3234,3700
3234,2778
3223,2748
3205,2653
3190,3551
3176,2665
3120,2549
3110,2535
3107,2983
3091,2461
3088,2727
3088,2983
3057,2392
3057,2923
3031,2369
3018,2493
3016,3276
3013,2841
3012,2286
2999,2313
2993,2301
2993,2242
2992,2231
2990,2234
2988,2237
2986,2204
2944,2498
2942,3041
2939,2131
2939,2789
2928,2129
2928,2742
2926,2083
2926,2676
2923,2113
2911,2617
2910,2564
2908,2933
2908,2179
2906,2869
2906,2133
2905,2673
2898,2036
2898,2141
2898,2029
2873,2194
2871,2708
2864,1941
2864,2250
2864,2073
2842,1964
2837,1925
2834,1935
2821,1855
2821,1805
2820,2323
2804,1810
2804,1764
2802,2346
2802,1819
2789,2611
2789,2171
2789,2716
2783,2158
2783,1814
2782,1952
2782,2657
2782,1757
2782,2105
3522,3738
3512,4853
3460,4227
3453,3906
3438,3306
3429,3418
3412,3175
3412,3612
3401,3082
3394,3040
3393,3494
3369,3067
3368,3102
3360,3565
3360,3005
3360,2962
3353,3465
3346,3444
3331,3401
3328,3372
3325,3908
3285,2889
3278,2780
3274,2794
3259,3842
3247,3251
3240,2664
3177,2526
3172,3394
3161,3266
3142,2554
3139,2580
3139,2955
3108,2417
3108,3662
3105,2494
3082,2477
3067,2983
3064,2341
3063,2364
3050,3172
3048,2435
3044,3290
3044,2348
3043,2331
3041,2327
3039,2342
3037,3358
2995,2670
2993,2760
2990,2316
2990,2782
2990,2176
2979,2650
2979,2113
2977,2606
2974,2092
2963,2576
2962,2408
2961,2096
2959,2271
2959,2077
2957,2546
2957,2083
2956,2560
2949,2005
2949,2546
2949,2569
2924,2689
2922,2322
2922,2599
2915,2005
2909,2534
2899,1912
2879,1885
2876,1927
2876,1843
2872,2075
2872,2536
2871,2714
2855,1869
2844,2744
2842,1904
2842,2440
2840,1845
2840,2373
2840,1766
2834,2346
2834,1743
2833,1750
2833,1822
2833,1822
3583,3752
3576,4602
3567,4137
3512,3742
3505,3858
3504,3668
3489,3631
3478,3575
3463,3664
3463,3569
3452,3485
3445,3232
3422,3082
3419,3081
3419,3030
3411,3224
3411,3063
3408,3468
3408,3442
3401,3732
3382,3398
3379,2976
3376,3016
3333,3052
3320,2935
3288,2754
3287,3143
3262,3370
3216,2614
3212,2605
3209,2890
3193,2894
3193,2489
3190,2989
3167,2954
3138,2496
3135,2890
3133,2411
3120,2487
3118,2926
3115,2575
3114,2889
3101,2447
3099,2392
3095,2729
3094,2335
3092,2332
3090,2681
3088,2654
3046,2447
3046,3003
3044,2293
3041,2301
3041,2668
3030,2134
3030,2563
3028,2183
3025,2507
3014,2137
3013,2647
3012,2236
3010,2227
3010,2589
3008,2213
3008,2526
3007,2131
3000,2421
3000,2053
3000,2460
2975,1977
2967,2359
2960,1989
2950,2520
2949,2034
2929,2507
2929,2114
2927,1975
2927,2110
2923,1941
2910,2513
2910,1899
2895,2297
2895,1858
2893,1821
2891,1788
2891,1808
2891,1797
2891,1810
2885,1919
2885,1983
2884,1997
2884,2024
3637,3319
3634,3671
3627,3579
3618,4093
3563,3986
3556,3744
3540,3791
3540,3848
3529,3677
3514,3837
3514,3657
3503,3731
3496,4148
3473,3787
3471,3623
3470,3181
3462,3194
3466,3184
3466,3216
3459,3056
3452,3040
3449,3030
3422,3134
3409,2937
3364,3369
3348,3224
3336,3959
3327,3207
3312,2682
3305,2674
3304,2808
3267,2688
3260,3059
3237,2530
3221,2509
3221,2885
3218,2787
3218,2680
3189,2706
3186,2866
3184,2436
3171,2531
3169,3285
3166,2533
3165,2415
3152,2784
3150,2330
3146,2452
3146,2714
3145,2714
3143,2511
3141,2957
3139,2377
3097,2210
3095,2779
3092,2336
3092,3267
3092,2222
3081,2190
3081,2170
3079,2247
3076,2693
3076,2278
3064,2250
3063,2721
3061,2131
3061,2146
3061,2805
3059,2133
3052,2254
3045,2158
3033,2149
3032,2773
3008,2065
3008,2103
3006,1967
2999,2080
2999,1990
2999,1963
2968,2016
2968,2182
2966,2107
2962,1965
2962,1969
2961,2022
2946,1852
2946,2490
2944,1899
2944,2350
2942,1907
2942,1823
2942,1937
3755,4014
3738,4479
3729,3873
3726,4186
3724,4098
3721,4004
3714,4227
3705,3682
3646,3629
3645,3521
3636,3783
3619,3942
3608,3753
3593,3664
3593,3761
3576,3785
3569,3731
3574,3698
3549,3625
3546,3521
3538,3489
3538,3917
3535,3574
3522,3556
3502,3434
3482,3523
3457,3330
3443,3426
3407,3536
3400,3266
3396,3086
3381,2728
3374,3021
3350,2725
3313,2997
3309,3106
3305,2612
3287,2868
3287,2984
3284,2968
3254,2525
3254,2544
3247,2857
3245,2740
3231,2492
3227,3025
3224,2409
3208,2460
3206,2808
3202,2442
3202,2764
3201,2505
3199,2912
3197,2447
3195,2375
3152,2796
3150,2952
3147,2242
3147,2790
3136,2211
3136,2251
3136,2676
3133,2248
3130,2724
3118,2471
3116,2168
3114,2342
3114,2220
3114,2555
3112,2227
3105,2398
3098,2162
3086,2374
3085,2566
3061,2049
3061,2641
3059,2137
3052,2371
3052,2012
3052,2494
3021,1938
3019,2212
3019,2102
3015,2050
3014,1998
3014,2040
2999,1930
2999,2313
2997,1916
2993,2287
2993,1885
2993,1899
3806,3557
3794,3901
3789,4104
3778,4453
3777,4168
3772,3756
3765,4041
3756,4213
3697,3651
3688,3511
3687,3909
3670,3857
3659,3848
3644,3836
3644,3368
3625,3392
3619,3307
3602,3265
3598,3749
3589,3598
3589,3753
3589,3456
3582,3178
3572,3083
3547,3188
3531,3041
3505,3021
3463,3014
3451,2902
3447,2913
3432,2847
3425,3007
3424,3243
3383,3114
3356,3088
3338,2718
3338,2641
3335,2648
3335,3178
3305,2986
3298,2691
3296,2618
3282,2563
3278,2860
3272,2467
3259,2561
3257,3106
3253,2427
3253,2442
3252,2465
3250,2852
3248,2860
3246,2431
3203,2348
3201,2739
3198,2267
3198,2321
3187,3315
3187,2260
3184,2324
3181,2734
3169,2632
3167,2181
3165,2352
3165,2585
3165,2239
3163,2184
3162,2570
3155,2163
3155,2170
3155,2676
3124,2087
3122,2143
3111,2515
3103,2015
3103,2028
3084,2167
3084,1982
3082,2781
3078,1999
3066,2502
3065,2103
3065,2114
3050,1913
3048,1997
3048,2288
3044,1882
3044,2378
3044,1878
3038,1911
3038,2164
3037,2315
3822,3508
3821,4203
3819,4470
3811,4332
3801,4708
3747,4019
3738,3661
3723,4089
3712,3987
3695,3409
3695,3425
3678,3362
3676,3842
3670,3882
3645,3791
3643,3864
3640,3290
3640,3458
3640,3227
3633,3770
3626,3869
3607,3731
3605,3189
3598,3174
3549,3172
3529,3019
3524,2961
3492,2932
3480,2878
3475,2875
3438,2709
3430,2759
3430,2782
3412,2706
3386,2668
3386,3190
3356,3151
3356,3150
3349,3118
3333,2586
3329,2587
3326,3090
3323,3047
3310,2503
3308,2578
3304,2491
3304,3003
3303,2487
3299,2509
3297,2685
3254,2908
3252,2403
3249,2370
3249,2608
3249,3524
3238,3118
3238,2270
3235,2308
3232,2292
3220,2296
3218,2808
3216,2301
3216,2283
3216,2782
3214,2932
3213,2254
3206,2225
3206,2714
3206,2199
3181,2152
3179,2266
3173,2771
3166,2116
3156,2185
3155,2617
3135,2135
3133,2522
3133,2650
3129,2105
3128,2506
3128,1984
3101,1981
3099,1921
3099,2433
3095,1921
3095,2661
3095,2077
3089,2618
3089,2002
3088,2417
3088,1888
3088,2417
4022,4355
4017,4754
4005,4902
3947,4426
3932,4594
3913,4345
3899,4017
3881,4467
3880,4556
3861,3842
3853,4501
3851,4252
3826,3643
3824,4280
3815,3649
3815,4479
3828,3762
3827,4168
3814,4328
3791,3542
3788,4149
3736,3908
3733,3735
3722,4118
3698,3861
3690,3457
3663,4245
3606,3056
3577,3029
3574,3140
3548,3014
3544,3309
3543,3659
3509,3291
3509,3259
3496,3416
3461,3287
3457,3221
3453,2694
3450,2776
3436,2693
3434,2811
3428,2711
3427,2760
3425,3200
3423,3312
3420,3162
3376,2978
3372,3151
3365,2538
3362,2521
3350,2530
3350,2467
3350,2576
3346,2530
3343,2433
3326,2989
3325,2789
3322,2817
3322,2387
3322,2407
3320,2642
3319,2747
3310,2818
3309,2326
3309,2336
3281,2692
3279,2306
3270,2661
3270,2199
3270,2228
3244,2468
3238,2603
3234,2209
3216,2195
3216,2173
3215,2681
3194,2949
3194,2183
3192,2212
3192,2647
3187,2102
3173,2124
3173,2668
3165,2402
3165,2090
3163,2628
3163,2042
3162,2080
3162,2646
3161,2150
3160,2096
4001,4201
3986,4004
3969,4574
3956,4169
3937,4360
3937,4192
3918,4280
3909,4558
3884,3601
3880,4272
3880,3594
3870,3850
3870,4424
3862,3718
3853,5139
3849,3701
3846,4118
3843,3695
3790,4015
3787,3997
3776,3960
3753,3295
3751,3829
3739,3776
3673,3056
3653,3253
3641,3117
3612,2913
3598,3674
3593,3555
3559,3526
3559,3335
3550,2874
3531,2785
3527,2793
3523,2742
3500,2737
3486,2669
3484,3395
3479,3244
3478,3277
3477,3161
3475,3509
3473,3233
3470,3239
3424,3040
3421,2843
3414,2631
3411,2498
3399,2456
3399,2725
3395,2604
3392,2600
3377,2919
3375,3404
3375,2951
3372,2432
3372,2401
3370,2552
3369,2401
3369,2919
3360,2929
3359,2864
3329,2373
3329,2388
3327,2260
3318,2306
3318,3195
3317,2739
3292,2298
3287,2177
3287,2298
3272,3211
3271,2638
3263,2128
3242,2090
3242,2589
3240,2196
3235,2232
3234,2229
3234,2837
3234,2650
3211,2063
3211,2425
3209,2628
3209,2140
3208,2065
3208,2566
3207,2012
3206,2174
3181,2865
3181,2554
4009,4165
3996,4045
3978,4608
3978,3844
3959,4481
3950,3944
3926,4164
3922,3800
3922,4322
3912,4245
3912,3678
3904,4253
3895,3717
3891,4121
3868,4064
3885,3559
3833,4025
3830,3994
3823,3498
3796,3973
3794,3860
3782,3237
3719,3099
3713,3589
3703,4035
3671,3562
3663,3117
3650,3231
3636,2920
3602,2861
3593,3644
3589,3358
3574,3309
3570,3735
3566,3270
3549,3237
3527,3426
3523,3250
3521,3225
3520,3190
3518,3554
3516,2653
3513,2657
3468,2557
3464,2889
3457,2536
3454,2596
3442,3037
3442,3578
3442,3110
3438,3195
3435,3156
3420,2472
3418,2420
3415,2419
3415,2616
3415,2424
3413,2634
3412,2393
3412,3030
3403,2386
3402,2564
3372,2377
3372,2691
3370,2828
3361,2803
3361,2263
3360,2495
3335,2229
3330,2290
3330,2759
3320,2204
3315,2688
3314,2180
3285,2133
3285,2642
3283,2163
3283,2742
3278,2150
3277,2734
3277,2116
3267,2102
3254,3062
3252,2742
3252,2548
3251,2062
3251,2133
3250,2598
3249,2490
3224,1990
3224,2491
3224,1998
4085,4139
4083,4222
4066,4841
4066,3977
4047,4350
4038,4415
4014,4294
4012,4244
4010,4038
4000,4425
4000,4150
3992,4423
3991,4307
3977,4240
3956,4133
3979,4161
3973,4551
3926,3793
3916,4289
3912,3801
3888,4281
3874,4190
3872,3767
3807,3673
3790,3892
3768,3538
3740,3299
3724,3110
3720,3524
3719,3590
3685,3556
3676,3100
3672,3066
3657,3332
3653,3004
3629,3014
3626,3740
3612,3397
3610,3246
3605,3730
3604,3271
3603,3285
3601,3399
3599,3861
3596,3313
3548,3221
3545,3900
3538,3316
3535,3120
3523,3421
3523,3191
3523,3067
3519,3051
3516,3496
3501,2962
3499,2947
3496,2575
3496,2966
3496,2626
3494,2529
3491,2533
3491,2571
3482,2579
3481,2536
3451,2619
3451,2456
3449,2569
3440,2533
3439,3270
3434,2977
3403,2861
3392,2804
3388,2592
3378,2315
3378,2307
3377,2479
3356,2368
3356,2857
3354,2674
3341,2247
3336,2183
3335,2234
3335,2967
3325,2385
3325,2184
3323,2188
3323,2617
3322,2327
3322,2232
3321,2181
3320,2610
3293,2447
4173,3876
4162,4907
4148,5065
4129,4080
4128,4882
4109,4973
4100,4315
4098,4841
4073,4682
4071,4625
4061,4604
4061,4139
4053,4297
4052,4034
4038,4251
4041,4106
4036,4347
4033,4489
3980,3873
3973,4367
3938,4085
3927,3720
3899,4006
3838,3481
3817,3966
3805,3718
3778,3335
3776,3242
3772,3745
3771,3632
3738,3275
3729,3160
3706,2997
3691,3265
3687,2939
3683,2928
3680,3647
3666,3318
3660,3279
3658,3769
3657,3359
3655,3287
3653,3579
3650,3434
3603,3207
3599,3095
3592,3345
3592,3132
3589,3129
3578,3109
3578,2699
3574,2663
3571,3167
3556,2641
3554,2610
3554,3002
3551,2578
3551,2592
3549,2601
3546,2643
3546,2586
3537,2522
3536,2932
3504,2482
3504,2464
3502,2493
3493,2489
3492,2443
3481,2407
3456,2943
3440,2445
3440,2313
3430,2807
3430,3519
3429,2916
3407,2774
3407,2287
3405,2824
3393,2301
3387,2359
3387,2329
3387,2995
3377,2765
3377,2289
3375,2197
3375,2188
3374,3236
3374,2196
3373,2198
3372,2187
3345,2593
3345,3138
4207,3901
4196,5006
4176,4861
4175,4498
4156,5166
4147,4103
4145,4821
4120,4130
4118,4834
4108,4785
4108,4299
4100,4722
4099,4307
4085,4751
4063,3964
4083,4975
4080,3958
4029,4671
4022,4398
3995,4534
3991,3990
3971,4501
3900,3579
3881,4183
3871,3496
3827,3470
3825,3945
3821,3368
3820,3564
3787,3915
3778,3955
3774,3278
3759,3210
3734,3590
3727,3443
3713,3000
3711,2932
3707,2917
3705,3029
3704,2902
3702,2984
3700,3560
3697,3393
3651,3781
3647,2875
3640,2768
3637,3253
3626,2795
3626,2713
3626,3765
3622,3330
3619,3180
3603,3817
3602,2742
3599,2626
3599,3116
3599,2673
3597,2603
3594,2662
3585,2592
3585,2567
3584,2543
3551,3095
3549,3054
3549,2996
3540,3444
3539,3095
3537,2961
3507,3401
3498,3059
3487,3016
3477,3329
3476,3068
3476,2918
3454,2297
3452,2359
3452,2297
3447,2309
3434,2235
3434,2373
3434,2805
3424,2747
3422,2213
3422,2672
3421,2446
3421,2575
3420,2905
3419,3351
3390,2124
3390,2208
3390,2237
3390,2709
4218,4333
4217,4439
4217,5145
4195,4661
4187,4357
4162,4727
4160,4412
4150,4981
4150,4901
4150,4469
4141,4624
4127,4949
4105,4102
4100,4634
4122,4068
4073,4757
4066,4153
4039,4584
4035,4138
4023,4213
3955,3695
3938,3412
3915,3984
3886,3357
3869,3677
3865,3868
3831,4157
3831,3328
3822,3205
3818,3819
3803,3697
3795,3398
3771,3000
3757,2943
3755,3508
3751,3447
3749,3262
3748,2928
3746,2925
3744,3613
3741,3498
3694,3319
3691,3445
3684,3286
3681,3279
3670,3678
3670,3316
3666,3319
3663,2848
3648,2679
3647,2730
3646,2787
3643,2758
3643,2984
3641,2696
3638,2715
3638,3503
3629,3167
3628,3120
3595,3812
3595,3277
3593,3109
3584,3409
3583,3132
3582,3326
3554,3357
3549,3003
3548,2928
3532,2871
3531,3059
3520,2342
3498,2304
3498,2863
3496,2374
3491,2293
3490,2348
3490,2372
3490,2581
3468,2815
3466,3158
3466,2851
3465,2226
3465,2243
3464,2344
3463,2300
3434,2681
3434,2649
3434,2613
3434,2296
3427,2164
3427,2111
3426,2639
4236,4205
4228,5287
4206,4394
4204,4325
4204,4367
4194,4930
4194,4745
4186,3946
4185,4720
4175,3985
4149,4836
4147,4721
4144,4097
4095,4481
4117,3803
4110,4639
4105,4499
4079,3853
4068,3557
4066,4043
4000,3542
3986,4034
3959,3584
3958,3991
3913,3820
3909,3336
3908,3799
3875,3666
3875,3111
3866,3313
3862,3790
3847,3632
3822,3128
3818,3195
3815,3016
3801,3055
3801,3491
3799,3442
3794,3204
3793,3119
3792,3091
3790,3372
3788,3358
3785,3441
3739,3358
3735,2880
3735,2939
3728,2888
3725,2781
3714,2903
3714,2757
3710,2860
3707,2763
3707,2761
3691,3067
3690,3325
3687,3205
3687,2813
3685,2663
3685,2778
3682,2699
3673,2609
3672,2704
3672,2772
3639,2547
3637,2659
3628,3499
3624,3248
3617,2706
3591,2469
3579,2460
3575,2484
3565,2440
3565,2823
3564,3222
3542,2765
3542,2797
3540,2359
3528,2677
3523,2392
3522,2337
3522,2749
3522,2287
3512,2341
3510,2267
3510,2290
3509,2805
3509,2431
3508,2421
3507,2300
3478,2264
3478,2341
4352,4511
4341,5585
4328,4232
4309,5215
4309,4792
4290,4942
4281,4392
4256,4474
4254,4737
4252,4140
4242,4929
4242,4702
4234,3933
4233,4353
4244,4572
4222,4102
4217,4691
4214,4483
4162,4081
4155,4526
4142,3971
4109,4248
4081,3806
4077,4307
3999,3584
3987,4132
3982,3708
3958,4000
3954,3789
3953,3343
3920,4083
3920,3360
3886,4057
3871,3771
3867,3340
3863,3677
3860,3897
3846,3335
3844,3110
3839,3129
3838,3396
3837,3537
3835,3083
3833,2965
3830,3830
3783,3321
3780,2905
3773,2977
3770,2857
3759,2823
3759,2904
3755,3249
3752,3154
3737,3322
3736,3176
3735,3150
3732,2802
3732,2818
3730,2681
3730,2783
3727,2695
3718,2635
3717,2884
3717,2725
3684,2993
3682,3120
3673,3153
3672,2583
3662,3050
3636,2827
3624,2842
3620,2838
3610,2868
3610,2978
3609,2830
3609,3191
3587,2818
3585,2818
3573,2737
3568,3067
3567,2347
3567,2467
3557,2310
3557,2493
3555,2778
3555,2754
3554,2309
3554,2634
3553,2310
3552,2356
3523,2191
3523,2939
4389,4538
4375,4912
4355,4171
4354,5469
4354,4708
4332,4654
4324,4421
4301,4888
4297,4803
4287,4149
4287,4076
4287,4941
4278,4887
4293,4312
4267,4301
4265,4405
4259,4856
4210,4047
4200,4613
4196,4432
4171,3735
4149,4336
4124,3605
4065,4486
4034,3391
4031,4061
4004,3361
3999,3997
3998,3786
3965,3397
3965,3458
3956,3806
3916,3784
3912,3197
3908,3297
3905,3579
3891,3695
3889,3162
3884,3435
3883,3679
3882,3119
3880,2984
3878,3094
3875,3393
3828,3513
3825,3420
3818,3250
3815,3138
3804,2900
3804,2817
3800,3035
3797,3206
3782,3186
3781,2920
3780,2821
3777,2713
3777,2743
3775,2700
3772,3200
3772,3356
3763,2934
3762,3301
3729,3169
3729,2763
3727,2784
3718,2705
3718,2565
3712,2626
3681,3022
3680,2904
3665,2864
3655,3017
3655,2890
3654,2818
3632,3086
3632,2436
3630,2405
3630,2396
3612,2843
3612,2423
3612,2384
3602,2312
3602,2719
3600,2886
3600,2781
3599,2703
3599,2755
3598,2390
3597,2327
3568,2242
3568,2424
3568,2683
4410,4359
4395,4731
4395,4847
4376,4204
4367,5009
4342,4838
4340,4078
4338,4796
4328,4518
4328,4391
4320,4616
4309,4888
4305,4581
4306,4538
4303,4800
4254,4131
4251,4812
4240,4704
4216,3904
4213,4572
4199,4306
4122,3741
4093,4218
4092,3683
4048,4201
4047,4106
4042,3541
4009,3899
4009,3860
4000,3668
3981,3741
3977,3914
3952,3329
3949,3452
3935,3718
3933,3938
3928,3230
3927,3099
3926,3614
3924,3665
3922,3277
3919,3052
3872,3408
3869,3628
3862,3409
3859,3025
3848,2992
3848,2848
3844,3504
3841,3445
3826,2833
3824,2866
3824,2780
3821,3032
3821,3339
3819,3267
3816,3478
3816,2853
3807,2728
3806,2770
3773,3192
3773,3415
3771,3278
3762,3104
3761,3629
3760,2780
3731,2519
3726,2617
3725,2495
3710,2991
3698,3057
3698,3128
3676,2952
3674,3189
3674,2959
3669,2466
3668,2707
3668,2579
3656,2513
3646,2705
3644,2457
3644,2438
3643,2603
3643,2483
3642,2336
3641,2388
3612,2428
3612,2470
3612,2248
3612,2231
3605,2919
3605,2744
4419,4498
4416,4908
4408,4320
4384,4053
4382,4906
4372,4806
4372,5002
4372,4646
4363,4207
4353,4780
4327,4658
4325,4150
4319,4592
4298,4280
4288,4123
4283,4319
4257,4045
4245,4262
4243,4357
4172,3601
4162,4173
4153,3597
4117,4124
4102,3489
4086,4376
4053,3351
4044,4222
4040,3779
4025,3550
4021,3642
4017,3981
4014,3236
3979,3921
3977,3638
3971,3158
3970,3193
3968,3473
3966,3522
3963,3278
3917,2993
3913,3405
3906,3290
3903,3481
3903,3051
3892,2902
3892,3115
3888,3380
3885,3221
3870,2932
3868,2778
3865,2868
3865,3273
3865,3266
3863,3136
3860,2764
3851,2759
3851,3329
3850,3272
3817,2679
3815,2754
3815,2694
3806,2710
3805,3108
3804,3075
3775,3226
3771,2675
3771,2543
3760,2806
3756,2577
3753,2504
3720,2593
3720,2905
3718,2850
3713,2889
3712,2916
3712,2896
3712,2823
3702,3115
3690,2878
3688,2764
3688,2649
3687,2469
3686,2381
3685,2414
3656,2442
3656,2399
3656,2372
3656,2736
3656,2816
3649,2720
3649,2639
3648,2958
4450,4287
4430,4768
4426,4858
4426,4433
4416,4446
4416,5090
4408,4622
4407,4458
4393,4292
4371,4356
4366,4632
4363,4166
4315,4197
4332,4241
4327,3927
4301,4617
4289,3876
4287,4460
4216,4186
4206,4361
4205,4095
4168,4135
4155,3782
4145,4024
4097,3744
4097,3752
4088,3568
4084,4104
4069,3461
4061,3485
4058,3829
4044,3630
4021,3325
4017,3087
4015,3627
4014,3305
4012,3188
4010,3603
4007,3504
3961,3128
3957,3274
3950,3374
3950,3346
3947,3352
3936,3027
3936,3089
3932,3378
3929,3286
3914,3008
3912,2859
3912,3898
3909,3591
3909,2936
3907,2975
3907,3206
3904,3266
3895,2930
3894,2967
3894,3314
3861,3099
3859,3238
3850,2810
3850,2651
3849,2768
3820,2602
3819,2593
3815,2701
3813,3056
3798,3015
3797,3345
3786,2644
3764,3237
3764,3365
3762,2995
3757,2535
3756,2541
3756,2866
3756,2515
3734,2422
3734,2466
3732,2445
3732,2418
3731,2393
3731,2472
3730,2414
3729,2410
3700,3065
3700,2364
3700,2312
3700,2452
3693,2392
3693,2374
4526,4461
4504,5440
4496,5085
4474,4909
4470,4482
4460,5174
4460,4921
4460,4856
4452,5025
4441,4979
4437,4282
4413,5063
4435,5100
4386,4492
4383,4472
4376,4373
4349,4566
4345,4801
4333,4182
4266,4198
4252,4599
4238,3843
4196,3959
4194,4315
4175,3958
4174,4156
4141,3848
4132,4321
4128,4003
4113,3971
4109,3951
4105,4094
4081,3809
4067,3825
4065,4236
4060,3418
4059,4073
4058,3542
4056,4070
4054,3918
4051,3378
4004,3718
4001,3755
3994,3452
3991,3868
3980,3422
3980,3242
3976,3706
3976,3698
3973,3177
3957,3152
3956,3488
3953,2910
3953,2867
3953,2844
3951,3257
3948,3412
3939,2904
3939,3581
3938,2859
3905,2729
3903,3135
3903,3111
3894,3197
3893,2747
3892,2715
3863,3061
3857,3018
3852,2795
3842,2576
3831,2561
3830,3573
3808,3063
3808,3094
3806,3448
3806,2525
3801,2556
3800,2644
3788,2486
3778,2467
3778,2596
3776,2457
3776,2447
3775,2529
3775,2470
3774,2434
3773,3014
3744,2921
3744,2375
3744,2457
3744,2332
3744,2392
4570,4545
4570,4775
4548,4238
4542,4244
4518,4870
4514,4763
4514,4815
4504,4933
4504,4291
4496,4291
4495,4926
4481,4758
4484,4020
4479,4437
4476,4137
4427,4451
4420,4707
4415,4123
4389,4157
4377,4747
4367,4358
4292,3942
4269,4468
4268,4091
4224,3446
4219,4040
4218,3869
4185,4039
4185,3787
4176,4063
4172,3718
4153,3981
4128,3568
4125,4157
4111,3612
4109,3931
4105,3618
4103,3250
4102,4078
4100,3465
4098,4034
4095,3651
4049,3495
4045,3732
4038,3459
4035,3668
4024,3964
4024,3063
4024,3846
4020,3023
4017,3009
4002,3578
4000,3742
4000,3127
3997,3568
3997,3587
3995,2917
3992,3106
3992,3567
3983,2958
3982,2958
3982,3628
3949,2852
3947,2766
3938,3338
3938,2731
3936,2798
3906,3230
3900,3404
3896,2727
3885,2705
3875,3181
3874,3214
3874,2884
3852,2601
3852,2596
3850,2889
3833,3091
3832,3070
3832,3254
3832,2629
3822,2612
3822,2586
3820,2587
3820,2552
3819,2536
3819,3127
3818,3046
3817,3143
3788,2478
3788,2662
3788,2433
4632,4652
4630,5161
4615,5507
4615,5072
4596,5206
4587,5178
4562,5029
4560,4907
4558,5148
4548,5227
4548,4816
4540,5074
4564,5041
4550,4922
4528,4431
4523,4520
4520,4278
4474,4764
4464,4956
4458,4754
4421,4542
4390,4681
4386,4352
4314,4098
4296,3981
4291,4097
4268,4142
4267,3561
4263,4241
4229,3778
4229,3817
4199,4215
4195,3453
4180,3808
4176,3433
4172,3753
4169,3482
4155,3845
4149,3433
4147,3799
4146,3681
4144,3594
4142,3986
4139,3598
4139,3860
4092,3456
4089,3713
4082,3207
4079,3308
4068,3574
4068,3378
4064,3550
4061,3055
4061,3063
4045,3626
4044,2998
4041,3445
4041,3048
4041,2907
4039,3409
4036,2883
4027,3249
4027,3353
4026,3325
3993,3269
3990,2944
3987,2786
3972,3172
3958,2828
3956,2737
3930,3347
3926,3017
3926,2622
3919,2732
3919,3141
3918,3461
3884,2684
3884,2573
3882,3080
3882,3080
3877,3079
3876,2713
3876,2594
3866,3480
3866,3098
3864,3126
3864,3043
3863,2586
3863,2557
3862,3225
3861,3146
3861,3226
4732,4823
4717,5663
4700,5392
4687,4439
4668,4710
4667,4875
4648,5068
4639,4791
4637,5093
4611,5271
4609,4751
4599,5265
4625,5297
4625,4949
4615,4984
4605,5084
4579,4902
4577,4797
4565,5065
4507,4986
4486,4521
4454,4029
4422,4036
4411,4633
4401,4588
4352,4593
4347,3624
4340,4704
4317,4255
4293,3604
4289,4087
4288,4105
4256,3887
4247,4054
4243,3810
4228,3990
4224,3720
4220,3466
4217,4292
4203,3624
4201,3875
4196,3358
4195,3804
4194,3388
4192,3828
4190,3284
4187,3325
4140,3494
4137,3322
4130,3688
4127,3321
4116,3654
4116,3453
4116,3819
4112,3554
4109,3542
4094,3939
4092,3480
4092,3861
4089,3234
4089,3849
4087,3185
4084,3842
4083,3569
4071,3340
4064,3687
4048,3362
4017,3392
4012,3555
4003,2949
4003,3155
4002,3033
3978,2890
3977,3194
3961,2731
3961,2690
3954,2626
3953,3722
3953,3124
3932,2593
3930,2644
3930,2594
3925,3312
3924,3038
3924,3043
3924,3176
3914,2623
3914,2545
3912,2672
3912,2949
3911,3582
3911,2525
4863,4547
4849,5709
4788,5684
4770,5236
4752,5540
4739,5410
4720,5475
4719,5251
4700,5496
4691,5315
4689,5594
4690,4884
4687,5395
4677,5364
4677,5133
4677,4974
4659,5233
4638,5074
4599,4853
4595,4990
4560,4522
4509,4419
4494,4607
4489,4837
4463,4708
4454,4832
4453,4431
4399,4439
4370,4603
4369,4007
4346,4248
4341,4175
4340,3764
4308,4361
4308,4271
4299,3990
4280,4154
4276,3741
4272,4316
4269,3392
4255,4120
4253,3358
4248,4062
4247,3412
4246,3815
4244,3380
4242,3913
4239,3401
4193,3906
4189,3558
4182,3593
4179,3908
4168,3544
4168,3955
4168,3534
4164,3818
4161,3597
4146,3768
4144,3437
4141,3767
4141,3444
4141,3964
4138,3415
4132,3773
4126,3401
4117,3867
4100,3826
4069,3075
4066,3682
4064,2960
4055,3211
4055,3530
4053,3240
4030,2876
4016,3549
4013,2845
4006,2686
4006,3320
4005,3227
3984,2860
3984,2740
3982,3142
3982,3234
3977,3131
3976,2696
3976,2582
3966,3172
3966,3149
3964,2911
3964,2691
3963,2611
3963,3211
4916,4593
4904,5568
4841,5208
4826,5368
4807,5645
4804,5737
4791,4939
4771,4732
4771,5004
4752,5364
4743,5202
4744,5379
4740,4893
4739,5072
4729,5176
4729,5375
4721,4921
4710,5116
4690,4849
4649,4784
4618,4102
4606,4653
4553,4412
4546,4037
4519,4704
4515,4776
4506,4252
4456,4006
4429,3711
4422,4709
4421,4350
4397,3752
4393,4569
4392,4117
4360,3465
4351,4286
4347,3865
4332,3801
4328,3914
4324,3771
4321,4142
4307,3778
4305,3914
4299,4230
4298,3647
4296,3809
4294,3327
4291,3846
4245,3241
4241,3565
4234,3407
4234,3923
4231,4043
4220,3316
4220,4144
4216,3338
4213,3664
4198,3185
4196,3768
4193,3097
4193,3827
4193,3032
4191,3401
4187,3540
4175,3349
4169,3529
4152,3149
4121,3210
4116,3328
4116,2910
4107,3442
4106,2831
4105,3612
4081,3414
4065,3042
4065,3320
4058,3175
4057,2963
4057,2766
4036,3244
4036,3202
4034,2722
4029,2745
4028,2629
4028,3392
4028,2626
4018,2612
4018,2646
4016,2626
4016,3303
4015,2577
4015,2634
4961,4679
4951,5582
4892,5497
4874,5327
4856,5455
4843,5140
4823,5129
4823,5371
4804,5297
4795,4609
4769,4379
4794,4829
4791,4778
4781,4870
4781,4437
4773,4685
4771,4664
4748,4383
4720,4144
4697,5211
4693,5085
4618,4579
4598,4341
4593,4586
4567,3895
4558,4324
4557,4731
4503,4081
4474,4053
4473,4530
4450,4024
4445,3988
4444,3883
4412,4626
4412,4537
4403,3519
4384,4407
4380,4113
4376,3851
4373,4579
4359,4040
4357,3938
4352,4189
4351,3822
4350,4296
4348,3995
4346,3417
4343,4159
4296,3647
4293,4123
4286,3401
4283,3957
4272,3382
4272,4164
4268,3179
4268,3647
4265,3196
4249,3214
4248,3676
4245,3392
4245,3765
4245,3403
4243,3890
4239,3331
4227,3747
4221,3220
4220,3916
4174,2999
4171,3233
4168,3533
4159,3027
4158,3372
4157,3006
4133,3429
4130,3144
4117,2815
4110,3375
4109,2865
4109,2822
4088,3401
4088,3223
4086,2674
4081,2762
4080,2760
4080,3385
4080,2726
4070,2679
4070,2637
4068,3396
4068,2628
4067,2887
4067,3120
5019,5130
5005,5057
4944,5604
4926,5754
4908,5104
4895,5155
4876,5540
4875,4854
4856,5190
4847,5310
4872,5017
4846,5011
4843,5367
4833,5595
4833,4920
4825,4476
4823,4475
4809,5087
4778,4904
4767,5172
4746,4678
4693,4810
4663,4752
4645,4251
4619,4466
4610,4348
4609,4483
4555,4518
4548,4808
4547,4813
4501,4492
4497,4015
4496,3754
4464,4563
4464,3726
4451,3742
4436,4427
4432,3665
4428,3880
4425,4272
4411,3534
4409,3767
4404,3912
4403,3829
4402,4107
4400,4274
4398,3733
4395,3893
4348,3607
4345,3409
4338,4123
4335,3348
4324,4026
4324,3619
4320,3957
4317,4081
4317,3325
4301,4104
4300,3271
4297,3606
4297,3907
4295,3171
4295,3792
4292,3235
4282,3414
4278,3633
4272,3464
4239,3800
4224,3372
4223,3483
4211,3362
4210,3124
4186,3798
4185,2958
4182,3692
4182,3197
4162,3734
4161,3378
4161,3185
4140,3201
4138,3446
4138,2791
4133,2931
4132,3488
4132,2867
4132,3011
4122,3197
4122,3552
4120,2792
4119,3072
4119,3155
4118,2698
5058,5087
4997,6024
4996,4821
4978,5289
4960,5434
4947,5354
4927,5314
4927,4846
4908,4633
4899,5334
4900,5256
4896,5229
4895,5398
4885,5118
4885,4611
4877,5086
4865,5001
4861,5080
4829,4694
4819,5175
4750,4976
4745,4996
4718,4574
4680,4805
4671,4818
4661,4398
4612,3809
4607,4329
4599,4106
4577,3882
4553,4804
4549,4737
4516,4236
4516,4113
4507,4006
4503,4562
4488,4476
4484,3689
4480,4693
4463,4379
4461,4237
4457,3704
4455,4194
4454,4288
4452,5172
4450,4455
4447,4229
4401,4202
4397,4010
4390,3358
4387,4136
4376,3853
4376,3508
4376,3795
4372,3386
4369,4312
4354,3555
4352,4163
4349,3543
4349,3577
4349,3384
4347,4025
4344,4102
4335,3354
4335,4059
4333,3373
4297,3622
4289,3778
4276,3144
4266,3871
4262,3065
4261,3922
4238,2942
4234,3106
4234,3515
4227,3233
4213,3592
4213,3386
4192,3440
4192,3199
4190,2874
4185,3716
4184,2813
4184,2861
4184,3372
4174,2801
4174,3351
4172,2814
4172,3398
4171,3469
4171,2841
4170,3639
5101,4858
5048,5082
5030,5148
5012,5610
4999,5423
4980,5327
4979,4914
4960,4641
4951,4649
4949,5348
4950,5406
4947,5293
4937,4930
4937,4984
4929,4800
4927,4923
4913,4732
4891,4346
4886,4856
4875,5227
4816,5028
4791,4609
4763,4499
4736,4607
4719,4951
4664,3830
4659,4301
4652,4639
4629,4144
4627,4046
4623,4064
4600,3876
4568,4755
4559,4821
4555,3871
4540,4058
4536,4098
4532,3970
4529,3684
4513,3949
4509,4226
4507,3601
4506,3943
4504,3714
4502,3588
4499,4085
4453,3825
4449,3611
4442,4508
4439,4039
4439,4047
4428,4507
4428,4167
4424,4566
4421,3460
4406,3887
4404,4057
4401,3256
4401,4180
4401,3403
4399,3376
4396,4254
4396,4092
4387,3263
4386,4153
4353,3731
4352,3431
4347,3813
4332,3645
4318,3084
4316,3605
4290,3415
4286,3360
4286,3540
4279,3247
4279,3460
4278,3028
4244,3416
4244,2922
4242,4025
4242,3152
4237,3606
4236,2857
4236,3418
4226,3231
4226,3123
4224,2941
4224,3719
4223,2919
4223,3434
4222,2893
4221,2914
5101,4557
5086,5835
5067,5123
5053,5163
5032,5608
5031,4833
5031,5222
5009,5141
5001,5078
4975,5338
4999,4871
4989,4621
4989,5258
4989,4860
4979,4897
4969,5435
4943,4917
4941,5503
4935,4991
4886,4714
4882,4995
4857,5334
4816,4598
4800,4172
4779,4277
4723,4568
4704,4003
4703,4499
4680,4575
4679,4378
4674,4338
4641,5106
4620,3974
4611,3806
4607,4346
4592,4433
4584,4299
4581,4706
4567,3829
4565,3885
4561,4643
4559,4360
4558,3640
4556,3967
4554,4071
4551,4298
4505,3884
4501,3426
4494,4294
4494,4085
4491,3542
4480,4252
4480,4135
4476,3514
4473,3995
4458,3940
4457,3558
4456,3449
4453,3838
4453,3445
4451,3262
4451,4019
4448,3361
4439,3700
4438,3326
4438,3519
4404,4005
4399,3234
4393,3657
4384,3320
4370,3736
4345,2958
4341,2974
4338,2907
4338,3657
4331,3138
4330,3414
4317,3336
4296,3533
4296,3150
4294,3370
4289,3294
4288,3445
4288,3269
4288,3382
4278,3277
4278,2804
4276,3469
4276,2854
4275,3508
4275,2831
4274,3940
5205,5243
5152,5888
5134,5414
5116,5677
5105,5713
5084,5696
5083,5406
5064,5344
5061,5411
5080,5369
5054,4875
5051,5360
5041,5113
5041,5706
5041,5806
5031,5063
5021,5557
4995,5304
4993,4729
4979,5203
4923,5585
4896,5464
4890,4847
4843,4584
4823,4761
4817,5227
4768,5088
4756,5092
4755,4689
4732,5072
4731,4896
4704,5017
4672,4487
4672,4781
4663,4682
4659,4620
4644,5018
4636,4568
4633,4487
4619,4180
4617,4043
4613,3847
4611,3796
4610,4222
4608,4056
4606,4221
4603,4672
4557,4787
4553,3872
4546,4226
4543,3600
4532,4155
4532,4326
4532,4177
4528,3959
4525,3576
4510,3372
4508,3601
4505,4270
4505,4022
4505,4316
4503,3715
4500,3399
4500,4369
4490,3878
4486,3683
4447,3231
4447,3621
4432,4432
4422,3938
4419,3439
4417,3707
4394,3804
4393,3672
4390,3964
4383,3833
4370,3145
4369,3797
4348,3161
4348,3702
4346,3855
4346,3198
4341,3808
4340,3101
4340,3978
4330,3093
4330,4117
4328,3104
4328,3112
4327,3077
4327,3102
4326,3527
5260,5316
5205,5778
5190,5665
5171,5380
5157,5709
5136,5742
5135,5610
5135,5681
5113,5623
5132,5148
5108,5282
5103,4666
5093,5072
5093,5382
5093,5345
5084,4749
5073,5209
5069,4937
5036,4968
5010,4723
4956,5107
4933,5338
4913,4676
4882,4569
4879,5066
4869,4869
4820,4635
4815,4373
4807,4772
4763,4894
4761,4295
4757,4613
4724,4478
4724,3824
4715,4459
4711,4353
4696,4112
4692,4339
4688,4438
4671,4127
4669,4162
4665,3786
4663,3669
4662,4402
4660,4237
4658,4477
4655,4336
4609,4390
4605,3630
4598,3950
4598,3958
4595,3660
4584,4776
4584,4591
4580,4184
4577,3994
4562,3766
4560,3531
4560,3776
4557,4298
4557,3368
4555,3988
4552,4146
4551,3865
4539,4426
4532,3539
4516,3315
4485,3793
4480,3296
4471,3960
4471,3925
4470,3168
4446,3698
4445,3138
4429,3717
4422,3099
4422,3786
4421,3160
4421,3728
4400,3110
4398,3788
4398,3279
4393,3724
4392,3141
4392,3432
4392,3008
4382,3382
4382,2827
4380,3312
4380,2839
4379,2948
4379,3016
5331,4884
5317,5909
5256,5494
5238,4818
5220,6132
5209,5509
5188,5879
5187,6139
5168,6155
5194,5595
5184,5269
5158,5907
5155,5631
5145,4795
5145,5370
5145,5212
5127,4603
5110,5541
5067,5370
5063,5606
5031,6272
4977,5685
4969,4882
4958,4331
4934,4151
4931,4529
4921,5132
4872,4697
4845,4465
4837,4891
4815,5000
4813,5104
4809,4667
4808,4779
4776,4870
4767,5158
4763,4886
4748,4718
4744,4553
4740,4405
4737,4363
4723,4467
4721,4062
4716,3785
4715,4041
4714,4647
4712,4182
4710,4316
4707,4436
4660,3574
4657,4469
4650,4051
4647,3929
4636,3765
4636,4195
4632,4132
4632,4352
4629,3607
4613,3793
4612,4237
4609,3847
4609,3909
4608,3831
4603,3412
4594,4066
4576,3719
4568,3287
4563,3795
4534,3772
4534,3611
4532,3442
4523,3942
4523,3545
4509,3563
4485,3835
4484,3214
4481,3797
4481,3273
4474,3891
4473,3318
4473,4118
4452,3230
4452,3400
4450,3532
4445,3118
4444,3938
4444,3110
4444,3836
4434,3115
4434,2950
4432,3737
4432,3008
5397,5343
5394,6659
5386,6772
5374,6166
5309,5821
5294,5864
5275,5715
5261,5962
5259,5931
5269,5609
5269,5701
5249,5656
5239,5212
5212,4896
5210,5219
5199,5590
5181,5604
5160,5453
5148,5012
5112,5059
5093,5239
5069,5075
5065,4481
5056,4659
5010,5023
5004,5036
4979,4711
4964,4842
4952,4986
4951,4920
4902,4466
4890,4042
4889,3965
4866,4162
4865,4353
4861,4018
4828,4383
4828,4226
4819,4229
4815,3943
4800,4153
4796,4306
4792,4144
4775,3901
4773,3847
4769,4249
4767,3899
4766,3687
4764,4569
4762,4648
4759,4426
4713,4030
4709,4591
4702,3762
4699,3545
4699,4043
4688,3673
4688,4108
4684,4262
4681,4339
4666,3543
4663,3745
4660,4472
4648,4008
4630,4303
4627,4005
4619,3620
4619,3694
4613,3905
4611,3855
4580,3541
4580,3921
4567,4017
4562,3334
4562,3872
4561,3972
4537,3171
4536,3788
4533,3779
4526,3121
4526,3601
4525,3105
4525,3874
4504,3020
4502,3334
4502,3652
4497,3062
4496,3591
4496,3083
4496,3456
4486,3523
4486,3413
5450,5398
5450,5660
5448,6012
5445,5894
5437,5782
5423,6068
5360,5451
5342,5411
5356,5547
5342,5219
5321,5327
5321,4938
5301,5339
5292,5520
5287,4935
5247,5484
5223,5473
5210,4619
5176,4969
5165,5005
5134,4484
5132,4775
5115,5105
5109,5323
5098,4870
5060,4702
5033,4987
5031,4589
5016,4673
5004,4175
5003,4222
4954,4609
4942,4876
4941,4630
4918,4512
4917,4621
4912,4199
4880,3974
4880,4071
4871,4153
4867,3972
4852,3923
4848,3875
4841,4671
4827,4542
4825,4264
4821,4504
4819,4379
4818,4473
4816,4257
4814,4557
4811,4405
4765,3672
4761,3997
4761,4463
4754,3897
4751,4115
4740,3544
4740,3611
4736,4332
4732,4225
4714,4027
4705,3833
4703,3560
4682,3397
4681,3989
4673,3918
4671,3278
4669,4011
4663,3955
4659,3287
4658,3873
4619,3391
4619,3633
4619,4178
4614,3638
4613,3637
4612,3834
4589,3492
4588,3450
4585,3629
4578,3464
4578,3289
4577,3849
4577,3220
4556,3644
4554,3209
4554,3605
4549,3442
4548,3300
4548,3678
4548,3236
5526,5597
5521,6117
5509,6169
5506,6532
5502,6330
5499,6043
5491,6114
5480,5862
5446,5850
5431,5825
5411,5294
5396,5683
5394,5742
5373,5714
5364,5443
5337,5096
5304,5399
5243,4678
5230,5515
5205,4908
5193,5466
5189,5389
5177,5463
5157,5161
5151,5247
5110,4552
5110,5049
5108,5273
5087,5044
5085,4752
5083,5184
5065,4952
5056,4811
5006,5037
5001,4722
4994,4543
4971,4642
4969,4683
4965,4968
4964,5074
4932,4724
4923,4689
4919,4047
4904,4317
4900,4164
4896,4064
4879,3860
4877,4211
4873,4375
4871,3882
4870,3909
4868,4177
4866,4019
4863,3938
4817,4207
4813,4485
4806,4437
4803,4124
4792,4265
4792,4299
4787,4227
4784,3959
4773,4335
4738,4133
4736,3528
4725,3898
4725,3591
4723,3911
4719,4065
4711,4403
4710,3407
4684,3841
4684,4114
4671,3759
4671,3474
4666,3271
4666,4159
4665,3837
4641,3267
4640,4016
4637,4150
4630,3305
4630,3306
4629,3602
4608,3970
4608,3988
4606,3285
4606,3521
4601,3949
4600,3674
4600,3232
4590,3647
5570,5602
5561,6226
5556,6005
5552,6054
5549,6011
5541,5860
5527,5425
5464,6028
5478,6213
5460,5369
5446,6065
5426,5944
5425,5996
5405,5942
5387,5332
5352,5727
5327,5324
5290,5581
5269,5435
5247,5640
5239,5606
5232,4763
5224,5330
5205,5048
5202,4794
5141,5090
5139,5100
5135,4511
5120,4297
5108,4247
5107,4528
5058,4462
5046,4244
5045,4206
5022,4873
5017,4857
5016,5240
4984,4746
4984,4512
4971,4811
4956,4944
4952,4822
4948,4548
4945,4556
4931,4667
4929,4514
4923,4575
4922,4519
4920,4643
4918,4619
4915,4918
4869,4399
4865,4509
4858,4752
4855,4503
4844,4267
4844,4227
4840,4828
4840,4903
4837,4103
4820,3550
4816,4314
4805,3668
4786,3447
4783,3550
4775,3680
4775,4052
4769,3805
4767,3577
4736,3568
4736,3717
4723,3851
4718,3240
4717,3605
4716,4198
4693,3289
4689,3204
4689,3763
4682,3723
4681,3458
4681,3879
4660,3777
4658,3498
4658,3226
4653,4099
4652,3771
4652,3259
4642,3416
4642,3726
4640,3648
4640,3406
4639,3553
5597,5507
5592,5567
5580,6034
5517,5781
5502,5838
5483,5676
5469,5744
5478,5782
5477,5710
5458,6238
5448,5765
5444,6236
5418,6163
5415,5303
5396,5293
5389,6954
5360,6277
5323,5179
5305,5223
5277,5321
5277,4593
5270,5514
5225,5796
5212,4922
5195,5153
5169,5173
5159,4631
5110,4747
5105,4521
5097,4527
5074,4445
5073,4688
5068,4312
5036,5012
5036,5032
5027,5111
5008,4506
5004,4576
5000,4770
4997,4808
4983,4183
4981,4092
4976,4980
4975,4672
4972,4510
4970,4491
4967,4684
4921,4622
4917,4630
4910,4338
4907,4740
4896,4653
4896,4629
4896,4205
4892,4683
4889,4551
4873,4048
4872,3711
4869,4341
4869,3967
4868,3945
4863,3716
4854,3582
4845,4093
4828,3705
4827,3524
4794,3315
4792,4172
4783,4141
4783,3892
4781,4324
4745,3467
4744,3235
4741,4270
4734,4160
4734,3154
4733,3620
4712,4171
4712,6395
4710,4302
4705,3955
4704,3185
4704,3478
4704,3411
4694,3165
4694,3738
4692,3217
4691,3287
4691,3847
4690,3272
4689,3156
4660,3532
5549,5380
5531,5549
5517,6030
5496,5934
5495,5493
5495,6025
5473,5867
5492,5531
5466,5893
5463,5902
5453,5685
5453,6103
5453,5084
5443,5444
5421,5165
5392,5306
5369,4906
5365,5385
5290,4853
5275,5289
5243,5174
5239,4784
5230,4605
5180,4911
5175,4540
5168,4793
5123,5055
5121,4787
5117,4731
5084,4097
5084,4481
5075,4398
5071,4305
5056,4070
5048,4014
5045,4335
5031,4589
5029,4060
5024,3922
5023,4585
5022,4581
5020,4341
5018,4284
5015,4722
4968,4708
4965,4538
4958,4121
4955,4752
4944,4631
4944,4747
4940,4299
4937,4501
4922,4063
4920,4325
4917,3826
4917,4060
4917,4415
4915,4434
4912,4404
4903,4052
4902,4515
4898,4422
4859,4056
4859,3568
4844,3909
4834,3760
4830,3905
4829,4281
4806,4031
4802,3465
4802,3712
4782,3858
4781,3777
4781,3767
4760,3557
4760,3384
4758,4309
4753,3840
4752,3494
4752,3694
4752,4087
4742,3807
4742,3746
4740,3528
4740,3754
4739,4361
4738,4129
4737,3848
4708,3938
4708,3491
4708,3113
4708,3984
5550,5352
5535,6272
5535,5751
5516,5872
5507,5640
5482,5709
5480,5892
5504,5884
5494,5524
5494,5822
5486,5539
5484,5539
5470,5573
5446,5420
5434,5490
5425,5357
5358,5374
5350,4750
5300,4981
5288,5102
5274,4465
5224,5373
5219,5187
5212,4753
5189,5155
5165,5022
5161,4834
5160,4680
5128,4376
5119,4927
5115,4822
5100,4775
5096,4447
5092,4740
5089,4700
5073,4695
5069,4407
5067,4404
5066,4776
5064,4179
5062,4205
5059,3818
5013,4158
5009,4064
5002,4105
4999,4353
4988,4280
4988,4754
4988,4732
4984,4638
4981,4295
4966,4503
4964,4186
4961,4030
4961,3717
4961,3559
4959,4292
4956,4709
4947,4260
4947,4104
4945,4343
4909,4402
4901,4459
4901,4180
4879,4414
4877,4356
4873,4196
4850,3937
4846,4604
4846,4399
4839,4088
4838,3348
4825,3925
4804,3512
4804,3336
4802,3867
4797,4207
4796,3899
4796,4102
4796,3569
4786,3301
4786,3305
4784,3989
4784,3853
4783,4059
4783,3651
4781,3378
4781,3932
4752,3816
4752,3735
4752,3485
4752,3622
5578,5259
5578,5679
5556,5641
5550,5687
5526,5243
5522,5710
5522,5392
5538,5673
5538,5782
5529,5824
5518,5655
5514,6057
5490,5948
5487,5995
5430,5316
5420,5654
5391,5378
5366,5530
5330,4895
5322,5260
5268,4888
5256,5540
5255,4865
5232,4318
5227,4172
5226,5018
5172,4895
5172,4403
5159,5052
5144,4696
5140,4486
5136,5170
5133,4701
5119,4118
5117,4682
5112,4363
5111,4680
5108,4852
5106,4712
5103,3991
5057,3832
5053,4123
5046,4043
5046,3951
5043,3753
5032,4678
5032,4698
5028,4869
5025,4143
5010,3853
5008,3782
5005,4564
5005,4289
5005,4079
5003,4015
5000,4287
4991,4315
4991,4235
4990,4354
4957,3834
4956,4058
4951,4348
4936,4045
4935,4008
4921,4516
4897,3706
4890,3607
4890,3398
4883,3781
4883,3836
4882,3462
4860,3781
4848,3758
4846,3394
4846,3844
4841,4121
4840,4144
4840,3708
4830,3606
4830,3445
4828,3412
4828,3498
4827,4116
4827,3815
4826,4312
4825,4129
4796,3804
4796,4083
4796,4127
4796,3079
4796,3191
4789,3560
5622,5332
5603,5332
5594,5571
5592,5497
5568,5516
5566,5706
5582,5563
5582,5549
5582,4906
5572,5462
5562,5428
5536,5029
5534,5476
5531,5411
5474,4964
5464,5235
5436,5286
5411,5003
5384,4555
5367,5024
5312,4409
5307,5208
5300,5161
5299,4720
5275,4570
5271,4982
5248,5111
5216,4785
5216,4806
5207,4459
5203,5687
5184,4185
5180,5180
5177,4510
5163,5015
5161,4806
5157,4190
5155,4265
5154,4535
5152,5111
5150,4394
5147,4675
5147,4719
5100,3867
5097,3815
5090,4812
5087,4908
5076,4357
5076,4157
5072,4273
5072,4326
5069,4469
5053,4219
5052,3832
5049,3654
5049,4175
5049,4449
5047,4594
5044,3987
5044,3883
5034,3730
5030,4116
4991,4312
4991,4342
4976,3950
4963,3867
4963,4201
4962,4325
4938,3428
4937,3386
4934,3604
4914,3991
4914,3797
4913,4225
4913,4397
4892,3672
4890,3697
4890,3425
4885,3700
4884,3951
4884,3857
4884,3405
4874,3845
4872,3742
4872,3267
4871,3958
4871,4259
4870,3956
4869,3459
4840,3719
4840,3496
4840,3793
5702,5373
5689,6059
5670,5624
5670,6179
5651,6114
5642,5636
5667,5762
5642,5742
5639,5657
5629,5652
5629,5188
5629,5986
5619,5915
5601,5378
5568,5719
5549,5675
5541,5588
5470,5270
5452,5388
5443,4806
5419,5122
5407,5081
5406,4604
5357,5360
5352,5337
5322,4796
5300,5116
5298,5336
5294,4493
5261,4348
5261,4753
5252,5371
5248,5101
5233,4610
5229,4623
5225,4638
5208,4617
5206,4969
5202,4985
5200,5121
5199,4300
5197,4620
5195,4585
5192,4754
5146,4322
5142,4250
5135,4038
5132,4398
5132,4364
5121,4339
5121,4665
5117,4709
5114,4428
5099,3696
5097,3851
5097,4235
5094,4252
5094,3904
5092,3691
5088,3731
5085,4411
5070,3881
5069,3833
5023,3554
5022,4083
5017,4598
5008,4394
5008,4180
5006,3602
4983,3840
4982,3702
4966,3429
4959,3443
4959,3782
4958,4016
4958,3899
4937,4336
4935,3963
4935,3425
4930,3813
4929,4236
4929,3864
4919,3780
4919,3585
4917,3534
4917,3308
4916,4022
4916,4303
4915,4103
4914,4336
4885,3669
4885,3435
5751,5004
5737,6734
5735,6237
5716,6300
5716,5752
5694,6018
5716,6142
5690,5649
5686,6002
5685,5864
5675,5212
5675,5985
5666,5704
5655,5525
5642,5757
5612,5157
5591,5395
5518,5032
5506,5315
5492,5012
5465,5169
5461,5077
5451,5083
5402,5296
5397,4910
5368,5386
5345,5404
5343,4829
5339,5412
5338,4650
5306,4444
5297,4992
5293,4836
5278,4211
5274,5027
5270,5215
5267,4645
5253,4920
5247,4936
5245,4651
5244,4978
5242,4882
5240,4224
5237,4561
5191,5104
5187,4979
5187,4801
5180,4786
5177,4477
5166,4270
5166,4695
5162,4674
5159,3956
5144,3791
5142,3773
5142,3816
5139,4034
5139,4168
5137,4034
5134,3817
5133,4304
5121,4357
5114,4196
5081,4298
5067,4089
5062,4189
5053,4180
5053,4039
5051,3978
5028,4122
5027,4414
5011,3790
5004,4277
5004,4707
5003,4359
5003,4195
4982,3955
4980,4378
4980,4329
4975,4255
4974,3589
4974,3755
4964,4208
4964,3426
4962,3589
4962,3614
4961,3492
4961,3344
4960,3776
4959,3866
4930,3350
4930,3410
5796,5464
5782,6103
5780,6093
5761,5974
5761,6221
5739,5258
5761,5808
5735,5981
5731,5736
5730,5283
5720,5785
5720,5892
5711,6313
5700,5956
5687,6060
5657,5313
5636,5692
5583,5661
5557,5239
5537,5552
5510,5131
5506,5488
5496,5324
5447,5340
5442,5311
5412,5343
5390,5126
5388,4735
5384,4428
5383,4776
5351,4656
5342,4684
5338,4851
5323,5110
5319,5076
5315,5074
5312,4910
5296,4859
5292,4315
5290,4660
5289,4969
5287,5253
5285,5399
5282,4954
5236,4522
5232,4350
5232,4431
5225,4556
5222,4779
5211,4474
5211,4457
5207,4378
5204,4415
5189,4457
5188,3943
5187,4620
5184,4563
5184,4600
5182,3905
5182,3741
5178,3806
5166,4512
5159,4410
5159,4221
5112,4078
5107,3715
5098,4133
5098,3730
5097,3636
5073,3496
5072,3958
5056,3881
5056,3701
5049,3508
5048,3601
5048,3684
5027,3482
5027,3398
5025,3949
5020,3601
5019,3578
5019,4380
5019,4349
5009,3639
5009,3795
5007,3887
5007,4163
5006,3900
5006,3885
5005,4176
5004,4150
4975,3751
5849,5562
5838,6548
5827,5975
5807,5756
5806,6123
5817,5919
5813,6134
5803,5727
5778,5634
5775,5248
5765,5818
5765,5586
5765,5864
5755,5970
5737,6082
5704,5878
5684,5737
5677,5879
5605,5482
5594,5505
5578,5558
5554,5113
5542,5339
5541,5381
5492,5311
5458,4772
5457,5030
5434,4704
5433,5450
5428,5086
5396,4422
5396,4723
5387,4414
5383,5094
5368,4710
5360,5181
5357,4942
5343,5100
5341,5070
5337,4698
5335,4168
5334,4521
5332,4982
5330,4616
5327,5065
5281,4856
5277,5071
5270,4512
5267,4560
5256,4205
5256,5003
5256,4824
5252,4796
5249,5063
5234,4745
5232,4858
5229,4208
5229,3838
5229,4338
5227,4454
5223,4339
5211,4886
5205,4959
5204,4227
5158,4403
5157,4942
5152,5764
5143,4311
5142,3682
5141,4152
5118,4046
5117,4535
5101,3832
5094,3732
5094,3650
5093,3999
5072,4446
5072,4301
5070,4262
5070,3934
5065,4042
5064,3954
5064,3902
5054,3668
5054,3455
5052,4226
5052,4266
5051,4216
5051,3882
5050,4409
5049,3774
5020,3664
5909,5652
5891,6799
5877,6330
5875,6280
5855,6290
5885,6141
5862,5877
5855,5984
5828,5656
5824,5552
5823,6214
5813,6099
5813,5710
5804,5719
5785,5633
5774,5993
5732,5967
5728,5971
5653,5574
5642,5085
5630,5825
5603,5824
5599,4613
5590,5436
5540,4952
5535,5398
5506,5149
5483,5112
5481,5439
5477,4641
5476,5446
5444,5413
5435,5514
5431,5380
5416,5239
5412,4781
5408,5101
5405,4832
5391,4963
5389,4790
5384,4776
5383,4883
5382,4313
5380,4951
5378,4132
5375,5189
5328,4775
5325,4829
5318,4767
5315,4888
5304,4906
5304,4528
5300,4477
5297,4248
5297,4553
5281,4372
5280,4615
5277,4708
5277,4310
5277,4701
5274,4363
5268,4294
5253,3859
5253,4971
5236,4895
5205,4229
5200,4818
5200,4396
5191,3729
5190,3750
5189,4283
5153,4463
5149,4468
5149,4244
5142,4010
5142,4220
5141,4173
5120,3997
5120,3870
5118,4348
5118,4618
5113,3669
5112,3550
5112,3997
5102,4021
5102,3657
5100,4282
5100,3965
5099,4227
5099,4577
5098,4226
5097,3572
5977,5706
5962,6341
5943,6512
5940,6031
5927,6285
5937,6217
5937,6362
5917,6405
5907,6194
5880,5981
5878,5886
5875,5630
5865,5617
5865,6198
5849,6181
5840,5835
5808,5714
5785,5594
5751,5655
5740,5195
5692,5719
5682,5737
5677,5665
5651,5041
5642,5575
5619,5514
5565,5419
5558,4904
5557,5546
5534,4901
5529,5286
5528,4997
5496,5371
5496,5108
5487,5294
5483,5287
5464,4914
5460,4848
5457,5140
5443,4935
5441,4779
5437,4218
5435,4808
5434,5098
5432,4971
5430,4695
5427,5085
5381,4572
5377,5037
5370,4493
5367,5145
5367,4312
5356,4650
5356,4560
5352,4491
5349,4704
5334,3922
5332,4670
5332,4265
5329,4952
5328,4912
5323,4582
5315,4945
5314,4797
5289,4633
5287,3782
5283,4301
5254,4993
5252,4259
5248,4678
5243,4421
5242,3821
5228,3801
5204,4504
5201,4331
5201,4953
5194,4282
5193,3737
5193,3924
5172,4448
5172,4737
5170,4119
5165,3777
5164,4007
5164,4426
5164,4434
5154,4370
5154,3505
5152,3890
5152,3918
5151,4121
5151,4060
6103,5468
6089,6152
6028,6922
6014,7017
6027,6466
6012,6057
5991,6471
5989,6436
5989,6426
5966,6087
5956,6199
5932,6339
5927,6283
5917,6333
5909,6116
5901,5793
5871,5763
5861,6170
5825,5843
5796,6094
5789,5837
5744,5215
5737,5944
5724,5335
5707,5318
5681,5374
5672,4753
5622,5125
5617,5112
5610,5305
5609,4930
5585,4525
5581,4960
5580,4552
5548,5332
5548,4760
5535,5206
5520,4771
5516,5533
5512,5136
5509,5095
5495,5602
5493,5153
5488,4668
5487,5137
5486,4828
5484,4987
5482,4587
5479,5077
5433,4425
5429,4799
5422,4198
5419,4420
5408,4523
5408,4127
5408,4475
5404,4960
5401,4914
5386,4860
5384,4342
5383,4750
5377,4480
5369,4531
5366,3870
5348,4832
5339,4671
5335,4376
5333,4562
5331,4532
5300,3874
5300,3801
5287,4832
5282,4561
5281,4229
5280,4813
5256,4525
5253,3734
5253,3796
5246,4526
5245,4472
5245,4033
5224,4325
5224,3976
5222,4106
5222,4331
5216,4422
5216,4186
5216,4034
5206,4103
5206,4158
5204,4649
5204,3894
6169,6035
6166,6757
6158,6885
6146,6820
6114,6379
6099,5756
6079,6020
6064,6636
6062,6208
6041,6261
6041,6532
6018,6358
6011,6330
5984,5950
5972,6318
5963,5590
5932,5458
5928,5659
5885,5574
5871,5530
5850,5252
5837,5379
5831,5446
5818,4981
5778,4868
5753,4791
5751,4816
5733,4729
5724,5112
5723,5189
5669,5029
5662,4904
5661,4963
5638,4736
5633,4659
5632,4502
5600,4448
5600,5067
5591,4948
5587,4456
5572,5019
5564,4934
5561,4404
5547,5173
5545,4357
5541,5199
5539,5306
5538,4331
5536,5237
5534,4726
5531,5178
5485,5169
5481,4480
5474,4968
5474,5101
5471,5108
5460,5027
5460,4637
5456,4885
5453,4304
5437,4344
5433,4353
5424,4015
5402,3954
5401,4445
5391,4332
5391,4415
5389,4200
5383,4724
5379,4722
5378,4247
5339,4859
5339,4882
5339,5005
5334,4716
5333,4937
5332,3918
5308,4514
5305,4377
5305,4332
5298,4695
5297,4770
5297,4214
5276,4273
5276,4491
5274,3789
5269,4154
5268,4553
5268,4615
5268,4287
5258,4543
5258,4617
6222,5620
6222,6998
6220,6981
6217,6825
6244,6814
6230,6921
6165,6543
6146,6918
6131,7119
6116,6560
6094,6590
6093,6997
6074,6327
6062,6750
6045,6730
5998,6866
5992,6066
5945,5981
5930,6306
5913,6572
5906,6185
5898,6140
5881,5897
5873,6024
5867,6068
5809,6618
5805,5986
5803,5791
5785,5955
5776,5722
5775,5595
5721,4734
5714,5276
5713,5223
5689,4637
5685,5559
5684,5136
5652,5431
5643,5096
5639,4458
5624,5004
5620,4591
5616,5434
5613,5255
5599,4971
5597,5235
5592,4817
5590,5364
5588,5506
5586,4628
5583,5523
5537,4575
5536,4636
5533,5228
5526,4844
5523,4913
5512,5202
5512,5074
5508,4550
5504,4796
5486,4593
5476,4694
5457,4863
5453,4057
5445,4443
5443,4009
5441,3902
5439,4942
5431,4855
5430,4895
5391,4935
5391,4427
5391,4907
5386,4383
5386,3825
5384,4429
5361,3849
5360,4452
5357,4638
5350,4378
5350,4738
5349,4662
5349,4437
5328,4084
5326,4129
5326,3788
5321,4158
5320,4808
5320,4289
5310,4571
5310,4277
5308,4482
6274,6018
6273,6744
6270,6777
6262,6956
6285,7098
6218,7117
6203,6711
6183,6797
6179,6768
6166,6414
6145,6006
6145,6666
6116,6387
6099,5881
6051,6160
6043,6497
5999,5996
5967,6131
5965,5706
5955,5744
5948,5476
5926,5929
5922,6176
5882,5960
5880,6048
5859,5386
5857,5298
5841,4847
5837,5407
5828,5195
5778,4721
5773,5087
5766,5539
5743,5386
5741,5596
5737,5454
5736,5607
5704,5380
5695,4920
5691,5186
5676,5259
5672,5182
5668,5607
5665,5395
5651,4678
5649,5641
5644,5493
5642,5229
5640,5515
5638,4542
5635,4891
5635,4964
5588,4866
5585,4293
5578,4959
5575,4739
5564,4390
5563,4850
5556,4196
5545,4466
5529,4022
5510,4585
5508,4528
5497,4118
5497,4506
5493,5155
5491,4947
5483,4441
5482,4892
5456,4441
5456,4953
5443,4546
5443,4872
5438,4122
5438,3935
5437,4357
5413,4321
5412,4772
5409,4092
5402,4446
5402,4370
5401,4092
5401,4305
5380,3824
5378,3723
5378,4632
5373,4077
5372,4638
5372,4095
5362,4401
5362,4326
5360,3778
6326,6047
6325,6574
6322,6914
6350,6492
6337,6922
6270,6688
6255,6290
6235,6513
6220,6544
6199,6757
6197,6139
6189,6296
6159,6348
6128,6459
6097,6195
6059,5896
6034,6014
6017,6239
6017,6174
6004,5948
5996,5964
5977,5548
5974,5472
5932,5528
5913,5826
5909,5807
5907,5351
5889,5845
5880,5639
5879,5812
5825,5606
5818,5251
5817,5172
5793,5063
5789,4687
5788,5071
5756,5298
5747,4569
5743,4956
5728,4945
5724,4527
5720,4669
5717,5197
5701,5290
5697,4853
5695,5464
5694,5722
5692,5390
5690,4954
5687,4694
5640,5223
5637,5134
5630,5190
5627,4717
5616,4259
5616,4734
5612,4109
5608,4704
5605,4657
5581,4161
5579,4664
5558,4522
5557,4747
5547,4472
5545,3898
5543,4611
5535,4390
5534,4755
5508,4384
5495,4819
5495,4940
5490,4922
5490,4903
5489,4903
5465,3896
5464,5045
5461,4000
5454,4560
5454,3872
5453,4282
5453,4299
5432,4640
5430,4801
5430,4627
5425,4550
5424,4366
5424,4511
5414,4356
5414,4422
5412,3759
5412,4047
5411,4081
6374,6243
6366,7126
6354,8920
6322,6391
6307,6655
6287,6666
6283,6257
6270,5738
6249,6603
6249,6525
6229,5748
6210,6259
6176,6329
6151,6342
6114,5815
6093,5799
6071,6279
6063,6370
6058,5848
6048,6667
6029,6033
6026,5991
5984,5859
5963,5863
5961,5487
5959,5671
5941,5673
5932,5857
5931,5808
5877,5719
5870,5864
5869,5187
5846,4670
5841,4746
5840,5366
5808,6323
5808,4930
5799,4903
5780,5463
5776,5393
5772,5404
5769,4811
5755,4969
5753,4974
5748,4494
5747,4424
5746,5015
5744,5050
5742,4542
5739,4542
5692,5080
5689,4834
5682,4444
5679,4824
5668,4884
5668,4285
5664,4945
5660,4803
5649,4272
5632,4721
5613,4601
5609,4186
5601,4594
5599,4098
5597,4748
5595,4821
5587,4102
5586,4330
5560,3975
5547,4890
5547,4538
5542,5054
5542,4654
5541,4720
5517,4395
5516,3958
5513,4243
5506,3837
5506,4228
5505,4306
5505,4559
5484,4933
5482,4843
5482,4807
5477,4605
5476,4451
5476,3785
5476,4382
5466,3950
5464,4322
5464,3849
5463,4191
6426,6200
6418,7049
6406,6073
6374,7697
6359,6902
6339,6427
6324,6713
6303,6668
6301,6320
6301,6756
6277,6604
6253,5791
6206,6273
6200,6587
6156,6279
6138,5902
6121,5565
6114,5633
6104,6225
6089,5674
6081,5648
6075,5884
6015,6075
6013,5955
5997,5886
5993,4920
5984,4930
5934,5299
5929,5507
5922,5312
5899,5241
5897,5152
5893,5537
5860,5831
5860,5692
5851,5055
5847,5684
5832,5203
5824,5238
5821,4550
5807,5110
5805,5153
5800,5286
5799,4709
5798,5512
5796,5647
5794,5526
5791,5520
5744,5476
5741,5236
5734,5373
5731,5003
5720,5343
5720,4879
5716,4417
5713,4697
5697,4891
5692,4353
5681,4806
5680,4625
5662,4193
5651,4708
5651,4640
5645,4106
5643,4620
5639,4094
5612,4842
5599,4604
5594,4605
5594,4058
5592,4791
5569,4607
5568,3974
5565,4431
5558,4550
5558,4001
5557,4759
5536,4335
5536,4405
5534,4398
5534,3875
5529,4955
5528,4903
5528,4530
5518,4741
5518,4434
5516,4897
5516,4947
5515,4424
5515,4894
5514,4873
5513,4195
6392,6051
6374,6538
6391,5890
6376,6527
6355,6549
6353,6363
6353,6529
6330,6620
6320,6647
6295,6190
6282,7100
6245,5966
6242,5941
6208,6209
6188,6137
6166,5677
6162,5863
6149,6087
6143,6175
6094,5777
6090,5533
6063,5595
6048,5502
6045,5811
6035,6002
5986,5623
5981,6020
5973,5349
5951,5436
5949,5605
5945,5514
5912,5563
5912,5457
5903,5231
5899,5809
5884,5882
5880,5438
5873,5007
5859,4534
5857,5241
5853,4961
5851,4519
5850,4966
5848,5074
5846,4842
5843,4713
5797,4767
5793,5335
5786,5156
5783,5287
5772,4788
5772,4996
5772,5126
5768,5199
5765,4535
5750,4974
5747,5164
5733,4641
5732,4178
5714,4703
5711,4096
5703,4530
5703,4641
5697,4080
5695,4563
5664,4008
5664,4955
5651,4422
5646,4964
5646,4958
5644,4436
5621,4895
5620,5012
5617,4893
5610,4291
5610,4877
5609,4400
5588,4572
5588,4238
5586,4824
5586,4393
5581,4572
5580,4297
5580,4588
5570,3820
5570,4436
5568,4349
5568,3997
5567,4382
5567,3980
5566,4381
5565,3698
6445,6157
6430,6931
6443,6611
6428,6531
6407,6482
6405,6146
6405,6272
6382,6387
6372,6987
6347,6545
6328,5969
6297,6275
6294,6034
6260,5964
6240,5832
6216,5710
6205,6492
6199,5532
6190,6038
6146,5567
6142,5629
6115,5744
6100,5646
6088,5589
6087,5630
6038,5160
6026,5175
6025,5283
6002,5140
6001,4771
5996,5357
5964,5237
5964,5136
5955,4921
5951,5313
5936,5774
5928,5328
5925,5209
5911,5656
5909,5021
5905,4569
5903,4675
5902,4947
5900,5016
5898,4617
5895,5142
5849,4923
5845,4610
5838,4814
5835,4928
5824,4758
5824,5248
5824,5063
5820,4965
5817,5251
5801,5259
5796,5375
5785,4598
5784,5170
5766,5168
5763,4415
5755,4896
5751,4863
5749,4870
5747,4789
5716,5046
5716,4784
5703,4349
5698,4846
5697,4407
5696,4713
5673,4271
5672,4641
5669,4191
5662,4973
5662,4119
5661,4667
5640,4141
5640,4427
5638,3901
5638,4246
5633,3899
5632,4587
5632,4466
5622,4648
5622,4388
5620,4808
5620,4419
5619,4778
5619,4297
5618,5055
5617,4659
6501,6091
6486,7040
6499,6289
6484,6710
6463,6549
6461,6232
6461,6218
6438,6660
6429,6485
6401,6194
6383,6549
6361,6353
6348,5944
6314,6148
6289,6470
6270,5772
6268,5781
6253,5974
6247,6258
6200,6236
6196,6039
6171,5520
6155,5661
6151,5723
6141,5641
6092,5961
6087,5878
6080,6009
6057,4936
6055,4952
6051,4887
6050,5586
6018,5933
6009,5800
6005,5748
5988,5197
5984,5254
5980,5301
5977,5409
5963,5561
5961,5715
5955,5950
5954,5015
5952,5178
5950,4661
5950,4789
5947,5046
5900,4977
5897,5216
5890,5284
5887,4668
5876,5311
5876,5260
5872,5266
5869,5148
5868,4735
5849,4861
5840,5007
5836,4925
5818,4958
5817,4383
5807,4454
5807,5113
5801,4960
5799,5163
5795,5067
5768,4723
5755,4965
5755,5299
5750,4511
5749,5195
5748,4925
5725,5103
5721,4620
5721,4659
5714,4670
5713,4984
5713,4800
5692,4682
5692,4997
5690,4947
5690,4286
5684,5025
5684,4672
5684,4578
5674,4862
5674,5068
5672,4229
5672,4988
5671,4847
5671,4354
5670,4822
6608,6366
6553,6819
6571,6731
6551,6852
6536,6707
6515,6871
6513,6905
6513,6313
6490,6348
6470,6382
6439,6591
6414,6287
6398,6599
6363,6644
6348,5842
6324,6361
6322,6532
6314,6507
6299,5836
6291,6258
6250,6422
6225,6312
6223,5213
6207,5206
6203,5329
6193,5428
6144,5809
6139,5548
6132,5638
6109,5065
6107,4985
6103,5191
6102,5950
6070,5381
6061,5334
6057,4759
6040,5145
6036,5212
6032,5702
6029,5170
6013,5321
6009,5643
6007,5114
6006,5255
6004,4883
6002,5064
5999,4994
5953,5079
5949,4958
5949,4475
5942,4694
5939,5219
5928,4980
5928,5361
5924,4811
5920,5006
5902,4966
5892,4721
5891,4778
5870,4223
5869,4655
5859,4626
5859,4623
5857,4196
5851,4681
5847,4363
5846,4582
5807,4790
5807,4089
5802,4437
5802,4853
5801,4178
5777,4626
5776,4687
5773,4126
5766,4599
5766,4655
5765,4149
5765,4605
5744,4070
5742,4577
5742,4535
5737,4091
5736,4498
5736,4472
5736,3906
5726,4654
5726,3836
5724,3884
5724,4600
5723,3948
5723,4429
6673,6405
6698,6946
6637,6669
6618,6942
6600,6474
6586,6863
6566,6846
6565,6392
6546,6772
6526,6406
6514,6422
6467,6645
6460,6085
6415,6135
6400,6390
6383,6466
6372,5591
6362,6315
6343,6198
6340,5879
6298,5800
6279,6020
6275,6140
6273,5708
6255,5640
6246,6151
6245,5704
6191,5893
6184,4967
6183,5456
6160,5620
6155,5750
6154,5794
6122,5336
6122,5415
6113,5510
6109,5637
6088,5517
6084,5531
6081,5606
6067,5185
6065,5229
6061,5248
6059,5570
6058,5436
6056,5554
6054,5325
6051,5041
6005,5027
6001,5039
5994,5444
5991,5581
5980,5426
5980,4751
5980,4375
5975,4562
5969,4912
5946,5106
5925,4985
5924,5345
5913,5415
5913,5356
5909,4597
5907,5015
5899,4771
5898,4747
5872,4107
5859,4565
5859,4652
5859,4093
5854,4162
5854,4577
5853,4117
5829,3990
5828,4507
5825,4094
5818,4394
5818,3962
5817,4479
5817,4420
5796,4001
5794,4361
5794,4082
5789,4668
5788,4416
5788,4466
5788,4692
5778,4304
5778,4867
5776,4377
5776,4056
5775,4702
6840,6668
6892,7422
6878,7106
6812,7193
6788,6885
6764,7199
6750,6739
6724,7172
6722,6911
6689,6857
6646,6861
6637,6353
6571,6882
6552,6932
6520,6671
6518,6630
6512,6489
6495,6497
6470,6486
6464,6040
6424,6198
6422,6191
6403,6377
6399,6073
6397,6288
6377,6498
6368,6024
6366,6218
6307,6558
6299,5661
6297,6814
6269,6327
6260,6223
6259,5701
6224,6218
6224,6046
6210,5966
6206,5199
6182,5231
6176,6557
6169,6003
6153,5387
6151,5469
6145,5607
6143,5768
6142,5886
6140,4944
6138,4973
6135,5182
6087,5457
6083,5451
6074,5059
6069,5166
6058,5533
6058,5345
6057,5352
6048,5414
6036,5169
5999,4822
5995,5448
5987,5270
5983,4635
5981,4866
5977,5250
5969,5065
5968,5113
5940,5000
5940,4273
5940,4762
5927,4793
5927,4397
5922,4772
5922,4835
5921,4231
5920,4323
5895,4709
5892,4817
5892,4227
5882,4580
5881,4564
5881,4382
5860,4492
5860,4719
5858,4259
5857,4652
5849,4481
5847,4066
5847,4599
5835,3950
5835,4172
5833,4636
5833,3964
6903,6259
6961,8064
6953,8226
6938,7601
6868,7494
6847,11322
6825,7907
6806,7393
6804,7154
6768,7200
6761,7086
6709,6777
6693,6744
6616,6590
6586,6473
6581,6794
6566,6727
6555,6258
6526,6471
6518,5936
6477,6051
6477,6192
6477,6564
6475,6390
6454,6156
6452,6178
6450,6328
6430,5935
6421,5614
6419,6211
6360,6115
6351,6074
6350,5197
6320,5382
6313,5779
6312,5810
6277,5460
6277,5469
6263,5318
6238,5224
6234,5830
6228,5445
6221,5334
6206,5557
6204,5848
6197,5398
6196,5457
6195,5378
6193,6008
6191,5857
6188,6055
6138,4719
6135,4807
6126,5554
6121,5617
6109,5435
6106,5154
6091,5233
6073,5359
6069,9011
6040,5817
6039,5136
6033,6267
6031,4552
6021,5776
6020,5072
5992,5133
5992,4939
5992,4786
5992,6262
5979,4393
5979,4460
5979,4394
5974,4449
5973,4337
5972,4683
5947,4677
5944,4660
5944,4951
5934,4892
5933,4913
5933,5174
5912,4478
5912,4848
5910,5030
5902,4556
5901,4728
5899,4535
5899,4398
5887,4326
5887,4177
5885,4314
6956,6556
7016,7620
7012,7343
7001,7268
6987,7100
6919,7165
6899,7325
6877,7038
6850,6990
6816,6687
6793,6627
6789,6979
6723,6572
6687,6567
6642,6322
6635,6144
6614,6050
6605,6332
6575,6447
6570,5939
6529,6242
6529,7476
6529,6329
6529,6442
6508,6432
6506,5615
6504,5887
6486,7135
6482,7936
6473,6535
6417,6660
6412,5769
6403,6271
6375,6432
6372,5960
6365,5539
6364,6311
6329,6320
6316,6616
6311,5838
6290,9030
6286,5164
6279,5520
6273,5519
6258,5619
6256,5547
6249,5560
6248,5159
6247,5159
6245,5006
6243,4965
6240,4971
6190,5377
6187,5263
6177,5154
6169,5144
6150,4957
6149,5175
6125,4821
6124,5462
6113,4848
6092,4642
6089,4541
6083,4683
6073,4429
6072,4737
6044,4657
6044,4473
6044,4454
6044,4445
6044,4573
6031,4592
6031,4610
6031,4685
6026,4498
6026,4785
6024,4394
6001,4518
5999,4429
5996,4512
5986,4400
5986,4240
5985,4327
5964,4604
5964,4646
5962,4542
5961,4535
5954,4637
5953,4527
5951,4628
5951,4498
5939,4427
7291,7263
7282,7791
7279,7894
7273,7697
7261,7712
7241,7400
7234,7673
7155,7427
7121,7251
7082,7079
7044,7274
7005,7033
6964,7101
6917,7010
6877,6537
6866,6718
6825,6600
6787,6399
6768,6856
6723,6446
6723,6233
6722,6464
6722,6908
6722,6571
6722,6824
6720,6650
6698,5963
6694,6348
6690,6440
6659,6364
6648,5847
6644,6348
6581,6085
6573,6034
6569,5765
6541,5930
6532,6186
6531,6212
6496,5955
6494,5677
6480,6287
6455,6080
6451,5608
6445,5483
6438,5850
6423,5741
6421,5903
6414,5484
6413,5731
6412,5912
6410,5628
6405,5646
6401,5233
6343,5094
6336,5296
6323,5110
6308,5537
6293,5496
6272,5452
6257,4922
6247,5055
6242,5118
6220,4732
6206,5085
6204,4849
6168,4880
6168,5017
6168,4836
6168,5300
6168,5054
6168,4906
6168,4897
6168,5135
6154,4990
6154,4861
6146,5184
6146,4891
6140,4707
6110,4522
6108,4623
6105,4826
6094,4586
6094,4630
6093,5047
6093,4517
6072,4468
6069,4567
6068,4734
6060,4439
6059,4632
6057,4485
6045,4610
7381,7252
7369,7716
7364,8431
7361,7789
7355,8559
7342,7833
7322,8109
7240,7582
7204,7559
7167,7521
7134,7330
7110,7163
7027,7156
6999,6824
6968,6888
6944,6897
6901,6645
6866,6657
6849,6217
6794,6539
6794,6599
6793,6187
6793,6294
6793,6995
6793,6573
6793,6270
6791,6607
6767,6657
6765,6193
6761,6453
6728,6474
6717,6459
6713,6029
6650,6149
6641,6154
6637,6330
6609,5846
6600,5763
6599,6431
6563,6204
6561,6229
6545,5891
6541,5840
6516,5932
6510,6004
6503,5784
6488,5737
6486,6022
6480,5902
6478,5638
6477,5534
6475,5809
6470,5679
6464,5753
6407,5546
6399,5228
6379,5322
6351,5129
6335,5628
6323,5305
6312,5318
6307,5309
6305,4857
6272,4961
6269,4931
6232,4705
6232,4726
6232,4955
6232,5024
6232,5040
6232,5193
6232,4918
6218,5092
6218,4978
6216,5094
6210,5407
6210,5027
6203,5243
6174,4896
6169,4670
6169,5056
6157,5100
6156,4757
6156,4783
6134,4473
6134,4490
6130,4539
6122,4404
6121,4425
6119,4461
6119,4423
6107,4394
7430,7246
7425,7773
7422,7851
7415,8364
7403,7891
7382,7597
7301,7832
7266,7630
7231,7409
7184,6831
7144,7293
7101,6718
7054,7200
7013,6668
7007,6994
6956,6779
6918,6419
6898,6549
6853,6562
6852,6310
6852,6558
6852,6585
6852,6066
6852,6448
6829,6427
6827,6310
6821,6128
6795,6424
6777,6423
6773,6343
6710,6187
6701,6172
6697,6257
6667,6086
6660,5832
6659,6294
6624,6042
6607,5785
6602,5640
6581,5772
6577,5958
6570,5729
6549,5455
6547,5515
6541,5893
6539,5704
6538,5604
6536,5519
6531,5339
6525,5804
6467,5507
6462,5438
6452,5064
6446,5059
6421,5145
6418,5302
6388,5619
6382,5585
6350,5497
6345,5321
6343,5132
6337,5041
6326,4922
6324,5112
6291,5078
6291,4857
6291,5062
6291,5073
6277,5070
6277,5146
6275,5071
6269,5212
6263,4654
6262,4793
6233,4420
6228,4524
6228,4509
6216,4887
6215,4677
6215,4606
6193,4644
6193,4603
6189,4464
6181,4371
6180,4768
6178,4688
6178,4589
6166,4644
6164,4702
6164,4685
6163,4540
6163,4584
7475,7172
7454,7876
7376,7660
7349,7359
7325,7567
7306,7466
7266,7590
7254,7475
7202,7264
7172,7035
7124,6941
7071,6721
7040,7067
7030,6390
7018,6751
6999,6752
6973,6379
6969,6604
6925,6588
6925,6424
6902,6714
6900,6105
6894,6363
6868,6534
6850,6582
6846,5993
6783,6245
6774,6275
6770,5854
6740,6179
6733,6031
6732,6395
6697,6064
6680,6198
6675,5879
6654,5728
6650,5709
6643,5933
6637,5914
6622,6194
6620,5679
6613,6255
6611,5963
6609,6119
6605,5538
6600,5495
6598,5742
6540,5498
6535,5683
6525,5130
6520,5108
6507,5302
6504,5676
6492,5446
6479,5547
6457,5398
6434,4859
6429,5185
6412,5114
6410,5393
6405,5481
6405,5536
6396,5346
6394,4857
6362,4940
6362,4903
6348,5038
6348,5129
6346,5008
6340,5392
6334,5314
6333,5206
6302,5213
6299,5364
6299,4974
6287,4584
6286,4563
6286,4700
6264,4796
6264,4827
6261,4901
6260,5021
6251,4864
6249,5079
6249,4876
6237,4880
6237,5143
6235,4778
6235,4678
6234,4742
6234,4823
6232,5040
7504,7311
7436,7533
7413,7741
7389,7204
7370,7579
7341,7236
7329,7337
7313,7203
7258,7407
7231,6771
7156,7353
7129,6625
7093,7081
7093,6606
7080,6835
7062,6905
7036,7068
7032,7173
6988,6539
6988,6894
6965,6662
6963,6323
6957,6562
6934,6470
6924,6380
6910,6753
6851,6487
6846,6310
6833,6615
6806,6284
6803,5977
6796,6267
6760,6391
6758,6396
6743,5879
6738,6360
6717,6070
6713,6002
6706,5713
6700,6203
6683,5886
6677,6116
6675,5718
6674,6073
6672,6116
6668,6151
6663,5707
6604,5659
6598,5957
6588,5700
6588,6237
6583,5673
6567,5398
6564,8476
6545,5546
6539,5290
6498,5393
6491,5278
6478,5011
6474,5221
6472,5157
6467,5269
6458,5452
6457,5193
6424,4875
6424,5092
6410,5056
6410,5103
6410,5322
6402,5156
6402,5295
6396,5427
6366,5216
6364,5252
6361,5144
6349,4756
6349,4918
6348,4799
6348,4632
6326,4804
6323,4763
6322,4598
6314,4733
6313,5057
6311,4897
6311,4926
6299,5091
6299,5183
6297,4908
6296,5167
6296,4575
6294,4601
7577,7274
7502,8342
7497,7972
7470,7871
7443,7988
7430,8029
7391,7493
7379,7831
7325,7204
7298,7874
7219,6939
7195,7243
7164,6906
7154,7524
7142,6764
7123,6902
7098,6813
7093,6886
7049,6897
7049,6378
7047,6548
7024,6695
7021,6919
6995,6769
6985,6279
6974,6176
6912,6330
6907,6233
6897,6026
6867,6283
6864,6237
6857,6178
6856,5800
6821,7102
6804,6507
6799,5562
6778,6037
6774,6191
6767,5898
6761,5984
6746,5602
6744,6430
6737,6098
6736,6536
6735,6107
6729,5938
6728,5614
6722,5858
6664,5980
6659,6087
6649,5257
6644,5964
6628,5688
6625,5643
6605,5193
6600,5488
6559,5492
6553,5410
6539,5292
6533,5090
6531,5281
6520,5752
6518,5426
6483,4927
6483,5198
6483,5122
6483,5035
6469,5220
6469,5077
6461,5311
6461,5114
6455,5443
6425,4843
6423,4916
6420,4700
6420,4821
6408,4972
6407,5036
6407,5206
6385,4958
6382,4852
6381,5130
6373,4547
6372,4884
6370,4685
6370,4826
6358,4754
6358,4654
6356,4570
6356,4691
6355,4797
6355,4698
7645,7399
7629,7765
7556,7913
7529,7878
7502,8015
7488,7817
7449,7830
7435,7979
7384,7266
7316,7325
7265,7496
7234,7269
7223,6780
7205,6911
7194,6762
7162,6715
7152,6601
7108,6884
7108,6794
7108,6590
7085,6717
7083,6237
7080,6763
7054,6852
7044,6327
7030,6692
6971,6423
6966,6342
6953,6385
6926,6441
6923,6045
6916,6161
6880,6407
6878,5823
6862,6186
6858,6486
6837,5578
6827,5940
6820,6185
6805,6050
6803,5746
6797,6240
6795,6245
6794,5912
6792,5834
6787,6102
6781,6168
6724,5710
6719,5808
6709,5786
6704,5285
6691,5334
6685,5734
6666,5675
6660,5660
6639,5399
6614,5561
6601,5465
6595,5535
6593,5315
6588,5485
6580,5374
6578,5540
6543,5321
6543,5016
6543,5337
6529,5011
6529,5319
6521,5275
6521,5159
6514,5179
6485,4807
6483,4774
6480,4780
6468,5191
6468,5213
6467,5200
6445,5099
6445,5107
6442,4749
6441,4699
6433,4948
6430,4923
6430,5590
6418,5136
6418,5073
6416,5200
6416,4649
6415,4773
6415,4792
6413,4790
6412,4940
7614,7145
7586,8324
7560,7441
7546,8021
7518,7603
7507,7512
7468,7483
7425,7339
7380,7291
7331,6677
7304,7095
7270,6684
7269,6865
7249,7121
7236,7270
7213,6818
7207,6679
7165,6809
7142,6740
7140,6733
7134,6359
7108,6975
7090,6619
7087,6396
7028,6362
7014,6530
7010,6220
6982,6727
6973,6089
6972,6043
6937,6278
6935,6197
6915,5949
6894,6298
6890,6266
6883,5657
6877,6136
6862,5998
6860,5826
6852,6058
6851,6018
6849,5868
6845,5819
6840,6007
6782,5902
6776,5611
6766,5505
6761,5929
6748,5726
6748,5342
6748,5634
6736,5653
6730,5372
6695,5120
6673,5676
6666,5515
6654,5588
6652,5533
6647,5392
6644,5288
6635,5679
6634,5138
6600,4998
6586,5193
6586,5479
6584,5254
6578,5171
6572,4872
6571,5041
6540,5028
6537,5227
6537,5132
6525,5285
6524,5214
6524,4820
6502,4845
6502,4752
6499,4832
6490,4912
6489,4952
6487,5093
6487,5210
6475,5045
6475,4701
6473,4688
6473,4702
6472,5045
6472,4889
6470,4839
6469,4962
6434,4897
6432,4503
7618,7099
7599,7578
7571,7555
7569,7501
7565,7600
7515,7515
7474,7613
7435,7256
7383,7102
7354,7172
7323,6824
7321,7680
7301,7148
7289,7279
7266,7044
7260,7072
7218,6921
7195,6862
7193,6932
7187,6474
7161,7013
7154,6600
7140,6894
7081,6886
7076,6288
7063,6926
7036,6612
7033,6469
7026,6264
6990,5853
6988,7210
6973,6586
6968,5770
6947,6224
6943,6280
6936,6121
6930,6362
6913,6228
6907,5989
6905,6179
6904,5619
6902,5869
6898,6525
6893,5790
6835,5807
6829,6027
6819,6188
6819,5525
6814,5894
6801,5780
6798,5419
6786,5551
6773,5764
6750,5894
6726,5317
6722,5625
6705,5840
6705,5940
6700,5379
6697,5383
6689,5516
6687,5822
6653,5410
6653,5031
6639,5031
6639,5219
6631,5388
6631,5332
6625,5349
6595,5099
6593,4985
6590,4883
6578,5199
6578,5035
6577,5140
6577,5103
6555,5022
6552,4996
6551,4893
6543,5105
6542,4828
6540,5087
6540,4936
6528,4977
6526,4527
6526,4743
6525,4637
6525,4643
6523,4616
6522,4816
6487,5010
6487,4957
7683,7113
7663,8310
7650,7650
7622,7870
7611,7374
7570,7770
7529,7180
7486,7349
7437,7020
7410,7232
7376,6933
7375,7420
7348,6878
7325,6876
7315,6833
7313,7049
7271,6484
7269,7273
7246,6866
7243,6557
7240,7040
7207,6353
7196,6752
7192,6643
7129,6356
7119,6478
7116,6490
7086,6013
7079,6321
7078,6370
7043,6196
7041,6264
7021,6296
7000,5999
6996,6387
6990,6165
6983,6009
6968,6255
6966,6238
6959,6170
6958,6007
6957,5994
6955,5687
6950,6526
6944,5974
6887,5723
6882,5722
6872,5989
6867,5979
6854,5748
6851,5835
6839,5757
6825,5536
6823,5607
6777,5532
6764,5560
6758,5190
6756,5272
6754,5374
6743,5346
6741,5394
6706,5044
6706,5030
6706,5393
6692,5449
6692,5533
6690,5406
6684,4836
6678,5140
6677,5118
6646,5366
6643,5464
6643,5328
6631,4982
6630,4885
6630,4989
6608,5125
6608,5069
6604,5105
6596,4872
6595,4668
6593,4851
6593,4933
6581,5009
6581,5242
6579,5012
6579,4701
6578,4758
6578,5005
6576,4962
6575,5516
6540,4948
7739,7166
7717,7949
7703,7851
7674,8109
7664,7738
7603,7506
7577,7123
7526,7130
7477,6943
7443,7157
7429,7180
7418,7214
7407,6828
7374,6782
7368,6570
7324,6879
7324,6525
7322,7161
7301,6595
7297,6711
7293,6793
7260,6316
7249,6869
7245,6730
7182,6415
7173,6415
7169,6132
7141,6390
7132,6719
7131,6125
7096,6439
7094,6486
7078,6012
7053,6193
7049,6315
7043,5853
7036,6268
7021,6101
7019,5765
7012,6038
7011,6296
7010,5802
7008,6082
7003,6024
6997,5789
6940,6032
6935,5807
6925,5477
6920,5631
6904,5648
6901,5764
6882,5720
6879,5619
6855,5801
6829,5524
6815,5199
6811,5474
6809,5707
6807,5049
6796,5446
6794,5553
6759,5283
6759,5477
6759,5116
6745,5394
6745,5393
6743,5293
6737,5412
6731,5435
6730,5000
6699,4976
6696,4907
6696,5463
6684,5573
6683,5093
6683,5069
6661,4862
6661,5193
6658,5341
6649,5009
6648,5144
6646,4808
6646,5099
6634,5213
6634,5040
6632,5004
6632,5223
6631,4783
6631,4632
6629,4941
6628,4979
6593,5000
7792,7582
7770,8321
7758,8688
7719,8800
7707,8206
7656,7999
7630,7799
7575,7595
7523,7580
7492,7682
7482,8448
7471,7668
7460,7301
7427,7000
7421,7095
7377,7141
7377,7653
7375,6853
7354,7232
7350,7925
7346,7093
7313,7127
7302,6432
7298,6803
7235,11262
7226,7271
7222,6831
7194,7004
7185,7352
7184,7271
7149,8827
7147,6284
7127,6460
7106,5935
7102,6348
7096,6160
7089,6812
7074,6450
7072,5748
7065,6014
7064,6607
7063,5998
7061,6260
7056,6064
7050,5664
6993,6253
6988,5613
6978,6006
6973,6059
6957,5419
6954,6045
6934,5608
6929,5397
6888,6364
6882,6119
6868,5810
6864,6681
6862,5488
6857,5547
6849,6020
6847,9733
6812,5733
6812,5570
6812,8531
6798,5234
6798,5395
6790,5742
6790,5341
6784,5428
6754,6322
6752,9078
6749,5587
6737,5834
6737,5530
6736,5248
6736,5188
6714,5124
6711,4819
6710,4949
6702,5320
6701,5516
6699,4994
6687,4800
6687,5348
6685,5318
6685,4975
6684,4881
6684,4761
6682,5203
6681,5056
6646,5026
6644,4592
7830,7295
7811,8138
7782,7809
7771,7880
7730,7755
7700,7372
7672,7471
7596,7597
7549,7015
7535,7522
7528,7070
7507,7264
7484,7284
7474,7136
7430,6865
7430,6973
7428,6686
7405,7113
7402,7104
7376,7027
7366,6566
7352,6978
7293,6413
7288,6589
7275,6784
7248,6216
7245,6513
7237,6312
7202,6541
7200,6341
7184,6464
7180,6288
7155,5938
7149,6565
7142,6492
7127,5903
7125,6286
7118,6128
7117,6196
7116,6195
7114,6067
7109,6248
7103,6020
7046,6074
7041,6145
7031,5665
7026,6075
7013,6010
7013,5736
7001,5972
6995,6091
6962,5844
6938,5928
6935,5971
6919,5505
6917,5872
6912,5870
6909,5566
6901,5779
6899,5885
6865,5432
6851,5560
6851,5320
6849,5765
6843,5202
6837,5744
6836,5938
6807,5517
6802,5330
6802,5682
6790,5879
6789,5014
6789,5234
6767,5655
6767,5585
6764,4934
6755,5093
6754,5608
6752,5367
6752,5008
6740,4999
6740,5453
6738,5340
6738,5454
6737,4803
6737,4836
6735,5314
6734,5166
6699,5294
6697,4845
6696,4990
6696,5759
7830,7251
7829,8422
7801,7806
7774,7751
7729,7510
7691,7575
7643,7761
7616,7396
7588,7073
7574,7504
7563,7594
7551,7583
7528,7594
7522,7114
7460,7336
7458,7208
7452,7124
7429,6957
7419,6974
7405,6642
7346,6572
7341,6908
7328,6752
7301,6312
7298,6674
7291,6742
7255,6207
7253,6948
7237,6032
7233,6516
7212,6460
7202,6563
7195,6389
7180,5865
7178,6383
7172,5960
7170,6353
7169,6377
7167,6083
7163,6476
7158,5882
7100,6017
7094,6048
7084,7042
7079,6319
7066,6054
7066,6320
7066,5880
7057,5862
7051,5637
7028,6012
7012,6033
6987,5593
6984,5906
6972,6024
6967,5636
6964,5897
6957,5877
6953,5600
6952,5484
6904,5956
6904,5758
6902,5389
6896,5691
6890,5840
6889,5775
6860,5148
6855,5404
6855,5476
6843,5606
6843,5111
6842,5232
6820,5645
6820,5602
6817,5166
6816,5181
6808,5777
6805,5339
6805,5344
6793,5023
6793,5163
6791,5244
6791,5283
6790,4930
6790,4928
6788,5181
6787,5118
6752,5039
6750,4763
6749,4715
6749,4940
6741,4932
7883,7303
7881,7988
7849,7845
7822,7993
7759,7697
7743,7883
7686,7596
7669,7838
7640,7524
7627,7435
7616,7487
7602,7299
7579,7188
7575,7606
7513,7065
7511,7050
7505,7094
7479,7071
7472,6745
7458,7037
7399,6368
7394,6819
7381,6200
7353,7104
7351,6622
7343,6464
7308,6516
7306,6264
7290,6823
7286,6085
7265,6731
7255,6041
7248,6314
7233,6548
7231,6201
7225,6271
7223,6009
7222,6336
7220,5868
7215,6101
7209,6046
7153,5843
7147,5983
7137,6026
7132,5795
7119,6111
7119,6075
7110,5647
7110,5883
7101,5610
7069,5622
7065,5718
7040,5381
7037,5531
7023,5683
7020,5460
7017,5465
7010,5545
7006,5648
7004,5337
6957,5641
6957,5705
6955,5309
6949,5460
6943,5654
6942,5496
6911,5256
6908,5103
6908,5528
6896,5646
6895,5082
6895,5029
6873,5351
6870,5526
6869,5171
6861,4902
6860,5253
6858,5179
6858,5604
6846,4986
6846,5178
6844,5436
6843,5323
6843,4947
6841,4917
6840,5179
6805,5429
6803,4804
6802,5009
6802,5128
6802,5178
6794,4991
7928,7338
7902,8410
7883,8384
7836,7916
7806,7825
7784,7829
7739,7511
7720,7543
7684,7498
7677,7532
7652,7108
7644,7709
7628,7220
7588,7468
7564,7826
7558,6835
7532,7306
7514,6610
7510,7128
7452,6623
7438,6682
7434,6252
7406,7074
7397,6305
7396,6723
7361,6582
7359,6950
7343,6510
7318,6586
7314,6530
7308,6106
7301,6600
7286,6129
7284,6321
7277,6500
7276,6421
7275,6240
7273,6095
7268,6345
7262,5829
7205,6393
7200,6204
7190,5845
7185,6170
7172,5645
7172,6098
7163,6185
7160,6030
7140,6181
7131,6004
7121,5645
7114,6174
7093,5443
7087,5913
7074,5816
7072,5363
7065,5977
7063,5689
7028,5283
7028,5518
7008,5701
7002,5616
6996,5098
6995,5680
6966,5623
6961,5244
6961,5161
6949,5571
6948,5631
6948,5161
6926,5462
6926,5558
6923,5204
6914,5553
6913,5652
6911,5300
6911,5065
6899,5193
6899,5731
6897,5329
6897,5011
6896,5049
6896,5649
6894,5385
6893,5093
6858,5567
6856,5555
6855,5506
6855,5060
6847,5303
6847,5380
6845,5248
7936,7172
7912,8117
7898,8099
7880,7721
7846,7724
7836,7772
7779,7497
7749,7683
7727,8353
7716,6899
7705,7507
7653,7346
7640,7075
7633,7096
7588,7190
7578,7139
7564,6887
7505,7285
7500,6648
7487,7059
7459,6680
7457,6793
7449,6664
7414,6682
7412,6880
7396,6986
7392,6858
7367,6636
7361,6648
7354,6297
7339,6587
7337,6266
7330,6362
7329,6678
7328,6363
7326,6667
7321,6291
7315,6523
7258,6138
7253,6257
7243,5891
7238,6161
7225,6100
7225,6026
7216,6122
7213,5680
7193,6109
7190,6217
7187,5901
7180,6135
7170,5797
7164,5793
7140,5839
7136,5654
7120,5854
7119,6103
7087,5366
7085,5687
7079,5622
7073,5245
7049,5679
7048,5492
7017,5083
7014,5444
7014,5518
7002,5397
7001,5140
7001,5412
6979,5704
6976,5305
6975,5081
6967,5389
6966,5314
6964,5035
6952,5398
6952,5321
6950,5459
6950,5109
6949,5125
6949,5350
6947,5357
6946,5076
6911,4909
6909,5125
6908,5285
6908,5062
6900,5284
6900,5371
6898,5344
6896,5026
6885,5080
6885,5269
7937,7220
7937,8710
7933,7574
7910,7798
7864,7878
7827,7659
7791,7614
7770,7709
7711,7600
7701,7362
7662,7209
7652,7549
7638,7478
7579,7444
7553,7299
7540,6822
7513,6936
7510,6910
7503,7141
7502,7142
7467,6635
7465,6786
7449,6732
7424,7262
7420,7244
7414,6451
7407,6277
7392,6658
7390,6398
7384,6541
7382,6166
7382,6516
7381,6056
7379,6140
7374,6451
7368,6489
7312,6328
7306,6097
7296,6156
7291,5735
7291,7310
7278,5904
7278,6188
7269,5856
7266,6090
7266,5832
7244,6056
7243,5990
7236,5812
7233,6029
7223,5616
7217,5997
7193,5978
7189,5706
7173,5855
7173,5606
7170,6117
7138,6115
7134,5619
7132,5603
7108,5742
7102,5343
7101,5601
7070,5830
7067,5341
7067,5490
7055,5613
7055,5407
7054,5367
7032,5534
7032,8812
7029,5589
7028,5492
7020,5387
7019,5236
7017,5334
7017,5658
7005,5325
7005,5618
7003,5056
7003,5214
7002,5642
7002,5500
7000,4993
6999,5582
6964,5215
6962,5675
6961,5899
6961,5581
6953,4894
6953,5245
6953,5475
8057,7269
8041,8165
8006,7852
7986,8059
7959,8207
7938,7885
7893,8223
7863,7503
7839,7071
7826,7632
7805,7499
7793,7633
7783,7729
7725,7268
7721,7187
7717,7220
7691,7258
7673,7150
7670,7162
7611,7161
7606,7301
7593,7181
7566,6923
7563,7026
7556,7131
7555,6859
7518,6880
7503,6593
7498,6937
7477,6873
7473,6390
7466,6495
7460,6343
7445,6519
7443,6317
7436,6523
7435,6205
7434,6520
7432,6198
7427,6644
7421,6186
7365,6875
7359,6284
7349,6417
7344,6130
7331,6461
7331,6452
7331,6463
7319,6419
7313,6069
7282,6333
7256,5949
7253,6128
7237,5747
7235,6235
7230,5684
7228,5867
7219,6183
7217,5747
7183,5858
7183,5741
7169,5517
7169,5542
7167,6026
7161,5412
7155,5758
7154,5677
7123,5361
7120,5440
7120,5550
7108,5589
7107,5412
7107,5480
7085,5575
7085,5224
7082,5336
7073,5381
7072,6055
7070,5267
7070,5467
7058,5326
7058,5348
7056,5282
7056,5431
7055,5313
7055,5173
7053,5560
7052,5399
7017,5103
7015,5466
7014,5262
7014,4891
8151,7442
8147,9114
8136,8252
8071,8159
8045,8019
7970,7679
7946,7472
7907,7908
7903,7667
7890,7951
7872,7732
7846,7354
7842,7563
7798,7388
7798,7407
7778,7380
7776,7294
7773,7842
7747,7775
7737,7203
7723,7098
7664,7254
7659,7022
7649,7247
7619,6963
7616,6431
7609,7101
7608,6568
7571,6818
7556,6452
7551,6996
7530,6905
7526,6970
7519,6859
7513,6276
7496,6662
7490,6499
7488,6399
7487,6193
7485,6415
7481,6084
7476,6546
7418,5921
7412,6314
7402,5925
7402,6300
7397,5966
7384,6264
7381,6307
7359,5996
7353,6195
7312,5920
7306,6230
7294,5594
7288,6097
7286,6260
7281,5961
7272,5988
7271,5636
7236,5940
7236,5794
7222,5452
7222,6074
7220,5876
7214,5388
7214,5962
7207,6079
7178,5708
7176,6196
7173,5852
7161,5480
7161,6456
7160,5953
7138,5719
7138,5935
7135,5801
7134,5556
7126,5860
7123,6026
7123,5353
7111,5589
7111,5487
7109,5281
7109,5547
7108,5504
7108,5404
7106,5635
7105,5271
7070,5276
7068,5416
7067,5334
7067,5011
8204,7554
8192,8753
8179,7845
8124,8375
8094,7933
8019,7719
7992,8073
7956,7613
7956,7765
7943,7656
7925,7510
7899,7489
7895,7769
7851,7429
7851,7485
7831,7220
7829,7373
7823,7594
7797,7241
7790,7256
7776,6870
7717,7144
7712,7299
7699,6829
7672,6796
7669,6986
7662,7538
7661,6451
7624,6963
7609,6467
7604,6771
7583,6191
7579,6715
7572,6386
7566,6816
7551,6510
7549,6707
7541,6351
7540,6571
7538,6706
7534,6657
7529,6447
7527,6449
7470,6077
7465,6734
7455,6235
7450,6352
7434,6076
7431,6584
7411,5806
7406,6103
7365,5782
7359,6391
7345,6184
7339,6023
7337,5982
7326,5713
7324,6524
7324,6066
7289,6175
7289,6095
7289,5585
7275,6039
7275,5735
7273,5433
7267,5715
7261,5763
7260,5595
7229,5850
7226,5736
7226,5525
7214,5892
7213,5398
7213,5527
7191,5743
7191,5633
7188,5354
7187,5631
7178,5873
7176,5577
7176,5813
7164,5262
7164,6187
7162,5460
7162,5146
7161,5661
7161,5624
7159,5333
7158,5420
7123,5417
7121,5045
7120,5505
8280,7555
8247,8326
8231,8469
8205,8491
8163,8225
8107,7866
8052,7812
8022,7757
8019,7693
7991,7831
7960,7574
7953,7649
7948,7628
7904,7440
7904,7314
7904,7479
7902,7172
7882,7277
7879,7416
7876,7416
7843,7441
7832,6976
7828,7245
7765,7173
7756,6894
7752,6964
7724,7009
7715,7002
7714,6472
7679,6847
7677,6672
7661,6827
7657,6633
7636,6755
7626,6479
7619,6717
7604,6572
7602,6476
7596,6785
7594,6491
7593,6339
7591,6831
7587,6562
7582,6414
7524,6432
7518,6572
7518,6584
7505,6481
7497,6427
7473,6384
7471,6527
7441,6203
7434,6055
7421,6141
7397,5883
7394,6184
7379,5858
7377,6265
7342,6161
7342,5613
7342,6030
7342,5675
7342,5922
7342,5992
7328,5862
7328,5886
7326,5521
7320,5653
7320,5943
7313,5656
7284,6268
7282,6308
7279,5546
7267,6059
7267,5869
7266,5751
7266,5976
7244,5340
7244,5841
7241,5766
7232,5688
7231,5936
7229,5841
7229,5667
7217,5885
7217,5287
7215,5633
7215,5668
7214,5303
7214,5304
7212,5762
7211,5509
8419,8133
8403,9089
8363,8741
8312,8385
8288,8214
8202,7967
8174,8157
8143,8103
8120,7582
8074,8008
8039,7725
8022,7584
7967,7289
7967,7394
7966,7488
7966,7133
7966,7732
7966,7959
7966,7083
7964,7618
7943,7478
7939,7519
7935,7600
7902,7209
7891,7158
7887,7393
7824,7239
7815,7147
7811,6842
7783,7210
7774,7231
7773,7302
7738,7016
7736,7203
7720,6987
7716,7127
7691,6976
7685,6966
7678,6653
7663,7202
7661,6402
7655,6537
7653,6869
7652,6778
7650,6675
7646,6442
7638,6963
7577,6441
7561,7024
7548,6747
7522,6305
7518,6634
7492,6711
7492,6474
7481,6392
7476,6242
7445,6121
7440,6087
7405,6044
7401,5579
7401,6296
7401,6211
7401,5849
7401,6073
7401,5713
7401,6254
7387,5869
7387,5838
7387,6174
7379,5749
7379,5914
7373,6057
7343,5639
7341,5836
7338,5374
7326,5846
7326,5750
7325,5572
7325,5803
7303,5367
7300,5954
7299,5887
7291,5600
7290,5753
7288,5867
7288,5483
7276,5723
7276,5274
7274,5855
7274,5664
7273,5418
7273,5780
8557,8403
8524,8867
8425,8502
8386,8955
8317,8367
8263,8200
8231,8332
8223,8080
8185,8289
8137,8114
8121,7820
8043,7615
8036,7414
8026,7550
8026,7468
8026,7455
8025,7737
8025,7530
8025,7411
8025,7586
8023,7662
8000,7233
7998,7554
7994,7554
7961,7248
7950,7329
7946,7609
7883,6869
7873,6995
7870,7102
7840,7109
7833,7103
7832,9564
7797,6843
7780,6964
7775,7229
7754,7224
7750,6647
7743,6963
7737,6747
7722,6951
7720,6787
7713,6797
7711,6888
7709,6569
7705,6876
7697,6576
7636,6915
7619,6084
7596,6641
7583,6037
7566,6192
7551,6139
7549,6220
7538,6220
7524,6259
7502,5942
7464,6128
7460,5927
7460,6194
7460,6355
7460,6051
7460,6311
7460,5971
7460,6127
7460,5688
7446,5913
7446,5917
7444,5790
7438,5854
7432,6083
7431,6153
7400,5792
7397,5827
7397,6165
7385,5638
7384,5705
7384,5756
7362,5412
7359,5986
7358,5588
7350,5495
7349,5686
7347,5455
7335,5662
7335,5790
7333,5355
7333,5735
7332,5231
7332,5731
7330,5434
7329,5365
8513,7897
8454,8638
8426,8605
8365,8239
8318,8305
8290,8521
8259,8447
8234,8240
8216,7891
8150,7956
8137,7957
8083,7616
8083,7565
8082,7645
8082,7670
8082,7313
8082,7484
8082,7624
8059,7418
8057,7473
8051,7680
8025,7478
8007,7427
8003,7645
7945,7303
7931,7111
7927,7275
7899,7152
7890,7119
7889,7162
7854,7500
7837,7106
7832,7170
7811,6842
7807,7000
7800,6999
7794,6890
7777,6893
7771,6701
7769,6894
7768,7404
7766,6904
7761,6805
7755,6613
7698,6637
7690,6720
7677,6771
7661,6491
7646,6813
7625,6618
7612,6109
7596,6534
7576,6256
7571,6363
7565,5927
7554,6245
7552,5990
7517,6276
7517,5941
7517,6233
7517,6381
7517,6362
7503,6019
7503,6074
7495,6158
7495,5758
7488,6656
7459,6116
7454,5882
7454,6075
7442,5879
7441,6153
7441,5615
7419,6304
7416,5927
7415,5676
7407,6251
7404,5690
7404,5811
7392,5561
7392,5935
7390,5861
7390,5489
7389,5734
7387,5638
7386,5955
7351,5696
7349,5423
7348,5772
7348,5430
7340,5625
7340,5578
8395,7545
8369,8876
8301,8066
8272,8055
8236,8100
8235,7698
8215,7692
8202,8273
8179,8192
8173,7590
8130,7635
8112,7747
8107,8426
8081,7595
8071,7865
8057,7798
7998,7609
7984,7354
7980,7566
7950,7503
7943,7138
7942,7555
7905,7102
7889,6859
7885,7257
7860,7453
7854,7009
7847,6998
7832,7075
7824,7093
7822,6736
7821,6849
7819,6722
7814,6485
7808,6995
7751,6583
7736,6766
7731,6529
7718,6843
7718,6522
7709,6070
7706,6509
7686,6365
7680,6556
7673,6137
7663,6230
7660,6438
7636,6505
7629,6407
7613,6274
7613,6361
7580,5726
7578,6259
7572,5922
7566,6227
7541,5839
7512,6058
7507,5839
7507,6096
7495,5665
7494,6232
7494,5684
7472,5900
7469,5766
7468,5915
7460,5977
7457,5649
7457,5873
7445,5646
7445,5827
7443,5497
7443,6042
7442,5788
7442,5712
7439,5808
7404,5195
7402,5612
7402,5270
7401,5872
7401,5886
7393,5639
7393,5768
7391,5474
7389,5609
7378,5876
7378,5588
7377,5883
7377,5401
7377,5679
7377,5104
7377,5567
7369,5650
8288,7134
8253,8747
8206,7660
8194,8108
8187,7975
8144,7813
8133,7524
8129,7963
8046,7733
8036,7589
8033,7310
8003,7716
7996,7373
7995,7015
7958,7356
7943,7132
7938,6790
7917,6988
7913,6695
7906,7083
7885,7381
7883,6637
7877,7256
7875,6511
7874,7134
7872,6580
7868,6859
7863,7247
7805,6612
7799,6631
7789,6570
7784,6594
7771,6678
7771,6504
7762,6757
7759,6209
7759,6542
7737,6582
7736,6535
7732,6607
7732,6417
7729,6402
7722,5969
7719,6392
7703,6175
7692,6350
7641,6031
7638,6179
7629,6163
7619,6149
7613,6439
7612,6109
7583,6213
7578,6052
7560,5933
7548,5850
7547,5907
7547,5970
7525,5735
7525,5905
7521,5720
7513,5954
7512,5480
7510,5833
7510,6057
7498,5783
7498,5788
7496,5641
7496,5930
7495,5792
7493,5604
7492,5953
7457,5329
7455,5757
7455,5378
7454,5844
7454,6128
7446,5955
7446,7993
7444,5823
7442,5458
7431,6108
7431,5360
7431,5809
7430,5946
7430,5350
7430,6138
7430,5388
7430,5801
7425,5342
7422,6276
7422,5976
8278,7080
8254,8569
8239,8190
8203,7863
8185,7699
8181,7693
8123,7388
8109,7220
8085,7458
8057,7391
8055,7493
8048,7119
8012,7257
8010,6915
7995,7109
7990,7078
7969,6767
7965,7021
7958,7082
7952,7046
7937,6970
7929,6505
7927,6828
7926,7116
7924,6875
7920,6973
7915,6605
7913,7149
7856,6938
7851,6817
7841,6637
7836,6459
7823,6792
7823,6802
7814,6918
7811,6743
7791,6494
7789,6670
7788,6497
7784,6627
7784,6860
7781,6387
7778,6791
7768,6155
7746,6502
7727,6062
7723,6406
7685,6066
7683,6255
7681,6258
7671,6269
7665,6362
7664,6556
7615,6622
7612,5628
7612,6149
7600,6256
7599,5979
7599,5644
7577,5985
7577,6009
7574,5966
7573,5890
7564,5714
7562,5866
7562,5532
7550,6405
7550,6051
7548,5914
7548,5792
7547,5506
7547,6008
7545,5537
7544,6187
7509,5864
7507,5909
7506,5766
7506,5656
7506,5871
7498,5356
7498,5830
7496,5236
7494,5769
7483,5782
7483,5575
7483,5650
7482,5558
7482,5578
7482,5209
7479,5640
7479,5849
7463,5808
8346,7152
8341,7686
8307,7808
8295,8014
8288,8453
8245,7860
8234,7774
8214,7553
8156,7385
8142,7394
8138,7413
8110,7490
8108,7363
8101,7412
8065,7288
8063,7226
8048,7245
8043,6950
8022,6976
8018,7294
8011,7009
8005,7227
7990,6974
7988,7024
7981,7133
7980,6898
7979,7205
7977,7199
7972,7109
7966,6915
7909,6981
7904,7084
7894,6913
7889,7296
7876,6948
7876,7064
7867,6500
7867,6372
7864,6825
7842,6386
7841,6502
7834,6608
7831,6540
7820,6395
7794,6167
7788,6344
7778,5971
7771,6278
7769,5963
7736,6475
7732,6658
7732,6090
7706,6490
7706,6041
7700,6082
7670,5709
7668,6263
7665,6114
7665,6111
7653,6191
7652,5954
7652,5895
7630,5874
7630,6190
7627,5620
7618,5824
7617,5766
7615,6300
7615,6043
7603,6322
7603,6213
7601,6031
7601,5898
7600,5795
7600,6256
7598,5821
7597,5957
7562,5691
7560,5936
7559,5584
7559,5713
7551,5469
7551,5620
7551,5849
7549,5421
7547,5553
7536,5423
7536,5836
7533,5512
7532,5433
7520,5251
7519,5682
8416,7259
8411,8237
8394,7830
8386,8336
8370,7773
8338,7893
8318,8124
8315,7605
8282,7818
8271,7646
8267,7745
8204,7435
8195,7606
8191,7426
8163,7785
8154,7171
8153,7338
8118,7428
8116,7465
8100,7494
8096,7615
8075,7299
8071,7295
8058,7277
8043,7124
8041,7362
8035,6770
8033,7063
8032,7032
8030,7220
8026,7178
8021,7151
7963,6956
7962,6764
7957,6715
7947,6903
7942,6782
7929,6760
7929,6960
7920,6876
7914,6606
7891,7164
7879,7023
7875,6892
7850,7805
7846,9436
7830,6382
7830,6730
7827,6421
7820,6327
7816,6413
7814,6069
7767,6434
7767,6095
7765,6300
7759,6593
7753,6263
7752,6373
7723,5837
7718,6214
7718,5856
7706,6355
7706,6012
7705,6091
7683,5769
7683,6634
7680,6093
7679,6147
7671,5772
7670,6076
7668,5996
7656,6005
7656,5843
7654,6116
7654,6051
7653,5990
7653,6074
7651,5953
7650,5777
7615,5885
7613,5909
7613,5764
7612,7039
7612,6321
7604,6174
7604,6109
7602,5512
7600,6215
7597,5694
7574,5821
7573,5683
7569,6253
8482,7458
8477,8704
8459,8929
8435,8530
8425,8329
8390,8171
8388,8235
8376,8128
8374,8212
8368,8886
8342,8433
8335,8484
8321,8691
8262,7958
8257,9102
8244,8287
8217,8125
8214,7979
8207,7938
8206,8085
8169,7962
8154,8132
8149,8091
8128,8195
8124,7892
8117,7962
8111,7928
8096,7768
8094,7635
8087,7631
8086,7550
8085,7805
8083,7275
8078,7880
8072,7548
8015,7347
8010,7332
8000,7447
7995,7297
7982,7589
7979,7478
7957,7286
7954,7229
7930,7020
7905,7128
7892,7190
7886,7077
7884,6897
7882,7024
7871,6599
7869,6930
7834,6828
7834,6873
7834,6033
7820,6907
7820,6614
7818,6448
7812,6750
7806,6778
7805,6848
7776,6261
7774,6542
7771,6722
7759,6557
7759,6777
7758,6225
7736,6698
7736,6418
7733,6623
7732,6280
7724,6961
7723,6144
7721,6885
7721,6912
7709,6446
7709,6970
7707,6481
7707,6338
7706,6290
7706,6670
7704,6215
7703,6491
7668,6494
7666,6389
7665,6439
7665,6753
7657,6251
7654,6299
7652,6132
7640,5459
7637,5679
7623,5669
8545,7799
8531,8778
8520,8350
8488,8461
8481,8499
8444,8412
8444,8488
8444,8261
8444,9015
8429,8372
8427,8298
8421,8557
8395,8969
8388,8437
8374,8526
8315,7770
8310,8790
8297,7954
8270,7881
8267,7705
8260,7881
8259,7773
8222,7767
8207,8136
8202,8053
8181,7755
8177,8051
8170,8155
8164,8127
8149,7637
8147,7624
8140,7979
8138,7815
8136,7408
8136,7528
8131,7970
8125,7691
8068,7590
8063,7659
8050,7311
8042,7434
8018,7603
8016,7478
7986,7049
7979,7254
7966,7021
7944,7226
7941,6954
7935,6902
7924,6762
7922,6907
7887,6980
7887,7212
7887,6666
7887,7111
7887,7043
7873,6745
7873,6778
7871,6788
7865,7268
7859,7083
7858,6354
7829,6519
7824,6519
7824,6147
7812,6420
7812,6583
7811,6510
7789,6285
7789,6312
7786,6483
7785,6406
7777,6219
7776,7126
7774,6554
7774,6809
7762,6457
7762,6497
7760,6830
7760,6042
7759,6610
7759,6446
7757,6268
7756,6332
7721,6399
7719,6584
7718,6657
7715,6456
7707,6508
7695,6123
7691,6230
7689,6199
8633,8039
8601,8474
8563,8327
8541,8298
8503,8401
8503,8468
8502,8483
8502,8206
8502,8077
8502,8372
8502,8230
8500,8140
8480,8928
8477,8557
8451,8119
8441,8369
8430,8196
8368,8246
8363,7849
8353,8037
8350,8135
8320,9191
8313,7878
8312,8304
8277,7351
8275,8205
8255,8103
8234,8721
8230,8028
8224,7868
8217,8004
8202,7835
8200,7948
8193,7865
8192,7675
8191,7674
8189,7580
8184,8192
8178,7582
8118,8000
8110,7250
8089,7272
8082,7258
8048,7330
8033,7227
8031,7363
8020,7068
8015,6525
7982,6917
7979,7074
7940,6727
7940,6689
7940,6692
7940,7036
7940,7291
7940,6978
7940,6804
7940,7400
7926,6459
7926,6960
7924,6984
7918,6720
7918,6297
7911,6813
7882,6474
7880,6545
7877,6642
7865,6711
7865,6705
7864,6583
7842,6405
7842,6167
7839,6488
7838,6430
7830,6461
7829,6595
7827,7156
7815,6085
7815,6390
7813,6494
7813,6267
7812,6548
7812,6447
7810,6118
7809,6379
7774,6420
7772,5862
7768,6181
7768,6357
7748,6174
7747,6217
7742,5755
8706,8037
8679,9287
8621,8978
8604,8650
8556,8396
8556,8258
8555,8521
8555,8347
8555,8786
8555,7988
8555,8481
8553,8456
8533,8330
8530,9086
8504,8650
8494,8371
8480,8259
8421,8412
8407,8185
8403,8576
8375,7935
8366,8069
8365,7922
8330,7878
8328,7841
8308,7661
8287,7688
8283,7701
8276,7734
8270,7518
8253,7592
8247,7658
8245,7605
8244,7524
8242,7734
8237,8070
8231,7561
8174,7473
8169,7546
8156,7354
8148,7196
8124,7326
8101,7471
8089,7076
8074,7223
8052,7038
8047,7299
8041,7004
8030,7180
8028,6975
7993,6869
7993,6676
7993,6923
7993,6868
7993,7124
7979,6702
7979,6870
7971,6881
7971,6728
7964,6754
7935,6374
7930,7011
7930,6689
7918,6503
7917,6441
7917,6721
7895,6575
7892,6516
7891,6323
7883,6659
7882,7006
7880,6526
7868,6697
7868,6637
7866,6495
7866,6623
7865,6836
7863,6681
7862,6399
7827,6286
7825,6539
7824,6575
7824,6131
7816,5980
7816,6384
7814,6258
7809,6465
7798,6517
7786,5855
7784,6408
7781,6253
7781,6313
8675,8064
8662,8960
8639,8467
8631,8648
8588,8848
8584,8312
8557,8743
8547,9082
8533,8865
8469,8761
8459,8724
8429,8653
8426,8548
8418,8522
8383,8018
8381,8088
8361,7933
8340,7939
8336,8615
8329,8075
8323,7940
8308,7971
8306,8020
8298,7925
8297,8564
8295,7770
8291,7974
8286,8129
8228,8358
8222,7627
8212,7845
8212,7510
8207,6845
8194,7113
8194,7173
8185,7037
8182,6989
8162,7204
8157,6929
8153,6849
8139,7217
8136,7432
8112,7304
8108,6393
8094,7143
8089,7082
8087,6890
8084,6984
8050,6650
8050,6970
8030,6927
8024,6762
8018,6798
7988,6960
7986,6810
7983,6779
7983,6863
7971,6602
7970,6801
7970,6808
7948,6674
7945,6035
7944,6728
7936,6582
7935,6670
7933,6590
7933,6520
7921,6631
7919,6713
7919,6514
7918,7139
7918,6409
7916,6382
7915,6499
7880,6378
7878,6628
7877,6471
7877,6351
7877,6517
7869,6672
7869,6446
7867,6893
7865,6653
7854,5774
7854,6566
7854,6335
7853,5872
7850,6381
7850,6435
7838,6414
7834,6359
7832,6330
8714,7460
8672,8433
8657,8305
8650,8954
8607,8226
8600,8778
8586,8389
8527,7852
8522,7998
8509,7827
8482,7762
8479,7855
8472,8016
8436,7823
8434,7959
8419,7663
8414,7577
8393,7901
8389,8044
8376,7425
8361,7458
8359,7608
8353,7580
8351,7405
8350,7644
8348,7501
8344,7377
8339,7737
8281,7247
8275,7306
8265,7274
8260,7595
8260,7399
8247,7105
8247,7750
8238,7671
8235,7113
8215,7082
8212,7020
8209,7275
8202,7244
8192,7395
8186,6901
8162,6657
8158,7293
8142,6867
8142,6721
8109,6653
8107,6755
8101,6355
8095,6798
8077,7013
8070,6928
8041,6777
8039,6754
8036,6415
8024,6552
8024,6474
8023,6030
8001,6781
8001,6507
7998,6541
7997,6504
7989,6004
7988,6470
7986,6490
7986,6685
7974,6427
7972,6067
7972,6573
7971,6249
7971,6619
7969,6720
7968,5944
7933,6279
7931,6261
7931,6518
7930,6360
7930,5805
7922,6428
7922,6185
7920,6160
7918,6132
7907,5703
7907,6155
7907,6351
7906,6328
7906,6296
7903,5827
7903,6169
7891,6353
7886,6230
8769,7506
8765,8679
8726,8408
8716,8212
8703,7950
8669,8206
8642,8604
8638,8556
8575,8037
8565,7817
8562,7910
8532,7549
8525,7531
8524,7641
8489,7567
8487,7915
8467,7727
8446,7574
8442,7658
8436,7597
8429,7796
8414,7748
8412,7681
8405,7852
8404,7743
8403,8383
8401,8044
8396,7479
8390,7723
8333,7499
8328,7400
8318,7702
8313,7809
8300,7582
8300,7549
8300,7558
8291,7393
8288,7385
8268,7202
8265,7290
8261,7014
8258,7448
8255,7471
8241,7336
8235,7650
8212,7611
8195,6842
8195,7089
8162,6978
8160,7000
8156,6770
8148,7020
8130,6693
8124,7078
8094,6825
8092,6384
8089,6527
8077,6563
8077,6068
8076,6770
8076,6424
8054,6428
8051,6335
8050,6249
8042,6299
8041,6476
8039,6447
8039,6625
8027,6286
8027,6385
8025,6647
8025,6736
8024,6332
8024,6473
8022,6406
8021,6366
7986,5956
7984,6252
7983,6341
7983,6304
7975,6204
7975,6182
7975,6313
7973,6275
7971,5860
7960,5914
7960,5895
7959,6400
7959,6158
7956,5670
7956,6138
7944,6271
8845,7658
8828,8186
8828,8461
8782,8560
8773,8571
8759,8121
8732,8467
8706,8130
8695,8116
8633,7799
8628,8218
8618,8927
8615,8206
8585,8724
8578,7635
8577,8000
8542,7638
8540,7585
8520,7982
8499,7752
8495,7867
8489,7605
8482,7442
8467,7662
8465,7858
8458,7692
8457,7652
8456,7291
8454,7608
8449,7300
8443,7460
8386,7203
8381,7144
8371,7785
8366,7636
8353,6788
8353,7189
8344,7196
8341,7161
8341,7172
8319,6945
8315,6952
8308,7154
8298,7484
8292,7095
8271,7222
8264,7643
8248,6482
8248,6989
8245,6846
8213,6940
8209,6904
8207,6742
8183,6701
8177,6846
8147,6820
8145,6424
8142,6937
8142,6482
8130,6490
8129,6470
8129,6415
8107,6205
8104,6532
8103,6558
8095,6485
8094,6341
8092,6155
8092,6237
8080,6455
8080,5912
8078,6295
8078,6345
8077,6220
8075,6374
8074,6060
8074,6379
8039,6506
8037,6480
8036,6129
8036,6416
8028,6166
8028,6092
8026,6098
8024,6063
8013,6039
8013,5855
8013,6072
8012,6255
8009,7578
8009,6304
7997,6047
8904,7721
8881,9160
8881,9279
8866,8629
8826,8570
8812,8444
8785,8426
8759,8122
8748,8396
8686,8491
8681,8126
8671,8061
8641,8088
8638,7682
8631,7689
8630,7954
8595,8038
8578,7663
8573,7768
8552,7579
8548,7535
8541,7828
8535,7516
8520,7703
8518,7956
8511,7652
8510,7558
8509,7829
8507,7583
8502,7631
8496,7491
8439,7302
8434,7265
8424,7458
8419,7683
8406,7148
8406,7294
8397,7424
8394,7279
8374,7089
8372,7174
8368,6613
8361,6842
8351,6957
8345,7267
8324,6992
8317,7217
8301,6715
8301,6986
8298,7228
8266,6997
8262,6897
8260,6736
8236,6584
8230,6569
8229,6712
8198,6367
8195,6665
8195,6647
8183,6538
8182,6603
8182,6669
8160,6279
8160,6572
8156,6249
8148,6581
8147,6578
8145,6208
8145,6787
8133,6414
8133,6135
8131,6635
8131,6396
8130,6078
8130,6420
8128,6603
8127,6748
8092,6642
8090,6401
8089,6236
8089,6321
8081,5939
8081,6076
8079,6377
8079,6140
8077,6151
8066,6073
8066,6227
8065,6494
8062,6165
8062,6109
8050,6320
8972,7833
8937,8766
8937,8630
8922,8558
8882,8346
8869,8191
8862,8520
8819,8321
8801,8221
8798,8222
8739,8006
8734,8384
8721,8820
8694,7321
8691,7963
8684,7918
8648,7829
8646,7894
8630,8164
8626,8481
8605,8126
8601,8185
8588,7760
8573,7541
8571,7871
8565,7589
8563,7915
8562,7551
8560,7871
8556,7743
8551,7466
8493,7810
8487,7487
8477,7491
8472,7526
8459,7461
8459,7521
8459,7188
8450,7024
8447,7267
8427,7133
8421,7074
8414,7121
8404,7174
8401,6962
8377,6884
8370,7034
8354,7190
8354,7328
8352,7056
8319,7537
8315,7135
8313,6843
8289,7073
8283,6602
8282,6913
8253,6642
8248,6666
8248,6756
8236,6608
8236,6468
8235,6712
8213,6788
8213,6501
8210,6881
8209,6714
8200,6454
8198,6296
8198,6373
8186,6444
8186,6858
8184,6600
8184,6519
8183,6711
8183,6564
8181,6380
8180,6293
8145,6389
8143,6109
8142,6289
8142,6296
8134,6101
8134,6358
8132,6580
8130,5989
8130,6303
8119,6112
8119,6295
8118,6452
8115,6291
8115,6101
8103,6292
9008,7791
8988,8907
8988,8932
8973,8967
8932,8823
8918,8860
8891,8916
8865,8188
8854,9121
8792,8130
8787,8659
8777,8247
8747,8288
8744,7767
8737,7708
8736,7861
8699,7883
8684,8143
8679,8473
8658,7941
8654,7880
8647,7719
8641,7530
8624,7847
8618,7622
8616,7916
8615,8084
8613,7762
8609,7452
8604,7758
8546,7578
8540,7269
8530,7469
8525,7694
8512,7581
8512,7180
8512,7307
8503,7177
8500,7367
8480,7593
8477,7260
8470,7135
8467,7218
8456,7453
8451,7194
8427,6774
8413,7139
8407,6947
8406,7004
8372,6875
8368,6920
8366,6792
8360,7049
8336,6840
8335,6746
8304,6660
8301,6678
8301,6703
8289,6641
8288,6684
8288,6644
8266,6727
8266,6615
8262,6631
8254,6747
8253,6155
8251,6669
8251,6484
8239,6561
8239,6511
8237,6687
8236,6522
8236,6506
8234,6641
8233,6580
8198,6415
8196,6313
8195,6300
8195,6479
8195,6553
8187,6360
8187,10524
8185,6656
8183,6378
8172,6381
8172,6177
8171,6521
8171,6589
8171,6150
8168,6491
8168,6794
8151,6350
9036,7788
9032,8632
8996,8276
8984,8390
8968,8434
8941,8444
8907,8189
8903,8458
8845,8296
8831,8102
8827,7946
8799,8920
8790,7871
8789,8396
8754,7735
8752,8000
8736,8176
8711,7623
8707,7884
8701,7590
8694,7758
8679,8142
8677,7436
8670,7715
8669,7880
8668,7686
8666,7981
8661,7775
8655,8624
8598,8363
8593,7668
8583,7561
8578,7548
8565,7660
8565,8035
8556,6998
8553,7507
8553,7353
8531,7187
8530,7407
8526,7459
8523,7588
8517,7470
8506,7184
8500,7392
8467,6980
8460,7003
8459,7432
8427,7003
8425,7127
8413,6936
8413,6823
8389,6906
8359,7022
8357,7117
8354,7021
8342,6819
8342,6682
8341,6833
8341,7030
8319,7015
8316,6745
8315,6342
8307,6941
8306,6823
8304,6299
8304,6932
8292,7179
8290,6621
8290,6786
8289,6743
8289,6748
8287,6044
8286,6360
8251,6605
8249,6388
8248,6732
8248,6858
8240,7368
8240,6801
8240,6401
8238,6718
8236,6103
8225,6285
8225,6237
8224,6053
8224,6677
8224,6375
8224,6665
8221,6822
8216,6505
8205,6486
9084,7857
9049,8494
9037,8488
9030,8673
8994,8367
8976,8237
8956,8608
8893,8491
8884,8107
8880,8161
8850,8227
8843,8017
8842,8158
8807,8398
8805,8106
8785,7934
8764,7773
8760,7705
8753,7984
8747,8045
8732,7606
8730,7866
8723,8231
8721,7755
8719,8227
8715,7939
8710,7946
8652,7636
8646,7688
8636,7497
8631,7607
8631,7768
8618,7344
8618,7684
8609,7470
8606,7287
8586,7708
8583,7858
8579,7454
8579,7433
8579,7341
8573,7211
8563,7331
8541,7082
8540,7887
8518,7666
8480,7363
8478,7249
8476,7071
8466,6879
8460,7051
8459,6889
8410,6732
8407,6366
8407,6784
8395,6734
8394,6858
8394,6961
8372,6799
8369,6802
8368,6690
8360,6575
8359,6694
8357,6660
8345,6717
8345,6500
8343,6479
8343,6252
8342,6882
8342,6509
8340,6700
8339,6736
8304,6957
8302,6917
8301,6978
8301,7090
8293,6651
8293,6458
8291,6480
8291,6658
8289,6495
8278,6844
8278,6564
8277,6632
8277,6495
8277,6270
8277,6739
8277,6624
8272,7223
8269,6382
8258,6541
8240,6575
9081,7807
9043,9472
9033,8740
9022,9231
8960,8417
8955,8464
8932,8009
8902,8694
8899,8722
8892,8788
8891,8407
8854,8321
8839,7989
8834,8482
8813,7987
8809,7865
8796,8118
8781,7804
8779,7870
8773,8395
8771,8282
8770,7823
8768,8377
8764,8102
8759,8265
8704,8095
8698,7876
8688,7761
8683,7787
8670,7510
8670,7571
8670,7264
8661,8703
8658,7824
8636,7582
8635,7420
8631,7663
8631,7224
8631,7233
8628,7423
8621,7893
8605,7471
8602,7199
8590,7505
8540,7467
8537,7298
8528,7116
8518,7183
8518,7199
8511,7110
8482,7129
8480,7544
8459,7429
8447,7032
8447,7137
8446,6885
8424,6803
8424,7097
8421,7027
8420,7191
8412,6904
8411,6781
8409,7127
8409,7110
8397,7081
8395,7173
8395,6710
8394,6718
8394,7112
8392,6811
8391,7123
8356,6643
8354,6878
8354,6619
8353,6429
8353,6449
8345,6844
8345,6429
8343,6673
8341,6298
8330,6728
8330,6776
8330,6733
8329,6468
8329,6180
8329,6215
8329,6054
8329,6508
8321,6641
8321,6199
8310,6756
8292,7047
9133,7747
9095,9155
9085,8999
9074,8565
9012,8164
9007,7994
8984,7822
8954,8159
8951,7677
8944,8530
8943,8027
8908,7869
8891,7744
8886,7888
8865,7844
8861,8016
8854,7823
8848,8012
8833,7652
8831,7684
8824,7789
8823,7667
8822,7579
8820,7758
8815,7724
8809,7888
8755,7271
8750,7784
8740,7853
8735,7377
8722,7462
8722,7372
8713,7370
8710,7660
8710,7322
8688,7205
8687,7217
8683,7234
8683,7051
8683,7008
8680,7313
8667,7030
8646,7179
8644,6942
8625,7000
8588,7009
8582,6978
8580,7441
8570,6861
8564,6785
8563,7129
8534,7009
8511,6875
8511,6701
8499,6592
8499,6611
8498,6626
8476,6590
8476,6369
8473,6635
8472,6608
8464,6523
8461,6820
8461,6818
8449,6793
8449,6707
8447,6503
8447,6739
8446,6710
8446,6480
8444,6572
8443,6397
8408,6536
8406,6480
8405,6503
8405,6157
8405,6433
8397,6489
8397,6397
8395,6470
8393,6372
8382,6363
8382,6045
8382,6309
8381,6286
8381,6200
8381,6296
8381,6351
8378,6437
8373,6447
8362,6398
8361,6283
9205,7982
9193,8412
9186,8682
9143,8533
9132,8544
9128,8549
9049,8345
9040,8406
9036,8311
9006,8637
8999,8160
8998,8293
8963,8244
8961,8358
8941,8123
8920,8241
8916,7932
8910,8074
8903,8026
8888,8018
8886,7874
8879,8502
8878,7882
8877,8685
8875,8215
8870,8137
8864,7823
8807,7576
8802,7809
8792,7730
8787,7727
8774,7703
8774,7765
8765,8253
8765,7248
8762,7906
8740,7416
8739,7389
8735,7672
8735,7432
8732,7222
8726,7520
8711,7338
8696,7319
8679,9127
8673,8452
8636,7133
8634,7657
8632,7079
8622,7304
8616,7160
8615,7184
8568,7462
8563,7033
8563,7252
8551,7116
8550,7083
8550,7104
8528,7149
8528,7202
8525,7025
8524,7049
8515,7029
8513,7131
8513,7158
8501,6973
8501,7034
8499,6995
8499,7294
8498,6679
8498,6880
8496,6881
8495,6627
8460,6675
8458,6525
8457,6604
8457,6535
8449,7196
8449,6838
8449,6664
8447,6602
8445,6550
8434,8287
8434,6901
8433,6827
8433,6935
8433,6853
8433,6460
8430,6678
8430,6940
8414,6556
8413,6465
9257,7992
9254,9158
9244,8891
9205,8811
9195,8715
9181,8960
9106,8629
9101,8804
9091,8305
9061,8310
9058,8360
9051,8058
9050,8111
9015,8660
8998,8214
8993,8318
8972,7910
8968,7881
8961,8040
8955,8067
8940,8015
8938,8064
8931,7947
8930,8232
8929,8218
8927,8105
8922,8482
8916,8315
8859,8124
8854,7951
8844,7704
8839,7644
8826,7774
8826,7773
8817,7901
8817,7441
8814,7847
8792,7563
8791,7682
8787,7907
8787,7552
8781,7639
8768,8327
8761,7760
8731,7515
8728,7984
8721,7492
8688,7380
8688,7152
8684,7531
8674,7046
8674,7451
8649,7598
8620,7286
8618,7462
8615,7244
8603,7186
8603,7171
8602,7121
8602,7390
8580,6973
8577,7301
8576,7317
8568,7244
8567,7271
8565,7088
8565,7138
8553,6970
8553,7243
8551,7146
8551,7035
8550,7461
8550,7191
8548,7105
8547,6835
8512,6836
8510,6737
8509,7079
8509,7556
8501,6701
8501,6774
8499,6850
8499,6757
8497,6704
8486,6705
8486,7070
8485,6864
8485,7136
8485,6791
8482,6474
8470,6578
8469,6587
9348,8271
9348,8982
9310,9133
9301,9438
9285,9797
9258,8713
9232,8520
9218,8449
9159,8776
9154,8731
9144,8645
9114,8183
9111,8494
9104,8204
9103,8237
9068,8100
9051,9041
9046,8699
9025,8684
9021,8647
9015,8410
9008,9010
8993,8741
8991,8784
8984,8758
8983,8599
8982,8534
8980,8430
8975,8731
8969,8675
8912,8474
8907,8339
8897,9115
8892,8441
8879,8198
8879,8255
8870,8463
8870,7862
8867,7631
8845,7366
8844,7573
8837,7966
8834,7519
8823,7335
8818,7391
8794,7414
8780,7150
8774,7955
8771,7843
8739,7466
8735,7245
8733,7399
8709,7346
8703,7137
8702,7421
8673,7578
8671,7045
8668,7092
8656,6935
8656,7138
8655,7014
8633,7267
8633,7161
8630,6912
8629,6963
8621,6540
8620,7188
8618,7151
8606,7015
8606,7033
8604,6932
8604,7187
8603,7100
8603,6655
8601,6955
8600,6826
8565,7089
8563,6654
8562,6755
8562,6940
8562,6681
8554,6886
8554,6802
8552,6728
8550,6588
8539,6680
8539,6802
8539,6571
8538,6863
8535,6597
8535,6748
8523,6663
9424,8297
9407,8736
9407,9241
9392,9312
9352,9054
9338,9387
9311,9943
9285,8818
9274,8613
9212,9014
9207,8270
9197,8424
9167,8595
9164,8467
9157,8153
9156,8332
9121,8239
9104,8201
9099,8499
9078,8024
9074,8641
9067,8274
9061,8415
9046,8368
9044,8291
9037,7940
9036,7959
9035,7946
9033,7991
9028,7975
9022,7844
8965,7776
8960,7748
8950,8100
8945,7939
8932,7673
8932,7611
8923,7511
8920,7588
8920,7612
8898,7565
8894,7633
8887,7863
8877,7402
8874,7443
8850,7603
8843,7535
8827,7532
8827,7461
8824,7971
8792,7623
8788,7383
8786,7211
8762,7134
8756,7163
8755,7299
8726,7256
8721,7202
8721,7170
8709,6946
8709,6953
8708,6937
8686,6915
8686,7183
8683,7289
8682,7077
8674,7049
8671,7131
8671,6996
8659,6948
8659,7636
8657,7658
8657,7177
8656,7016
8656,7227
8654,7185
8653,6964
8618,6957
8616,6933
8615,6967
8615,7129
8607,6937
8607,7146
8607,6971
8605,6967
8603,6828
8592,6900
8592,6874
8592,6595
8588,6839
8588,6683
8576,7027
9489,8457
9474,9594
9463,9620
9452,9258
9408,8871
9395,8876
9391,8990
9348,9122
9338,9266
9324,8684
9265,8630
9260,8632
9250,8638
9220,8631
9217,8371
9210,8403
9209,9544
9172,8971
9157,8778
9152,8568
9131,9059
9127,8311
9120,8094
9099,8249
9097,8057
9091,8133
9089,8075
9088,8031
9086,8230
9082,8164
9077,8339
9019,8252
9013,8311
9003,8577
8998,8109
8985,7648
8985,8383
8985,7775
8976,7996
8973,7701
8951,8154
8947,7732
8940,8250
8929,7648
8927,7942
8903,7530
8896,8019
8880,7860
8878,7626
8875,7667
8841,7687
8841,7769
8821,7330
8815,7196
8809,7353
8779,7248
8777,7167
8774,7089
8762,6948
8762,7164
8761,7203
8739,7220
8739,7058
8736,7039
8735,7131
8727,7400
8724,7144
8724,7047
8712,7076
8712,7130
8710,6960
8710,7165
8709,7038
8709,7188
8707,7582
8706,6838
8671,7203
8669,7035
8668,6995
8668,7160
8660,7010
8660,6963
8658,7047
8656,7080
8656,7146
8645,6840
8645,7065
8644,6965
8644,7257
8641,7185
8629,7024
8628,6860
9511,8378
9511,9387
9501,9210
9460,8883
9445,8687
9441,8768
9391,8771
9380,8850
9376,8603
9313,8587
9303,8624
9300,8506
9270,8452
9263,8579
9262,8622
9227,8274
9225,7979
9205,8501
9184,8107
9180,8534
9174,8396
9167,7763
9152,8382
9150,8374
9143,8353
9142,8166
9141,8270
9139,7995
9134,7944
9128,7986
9071,7706
9066,7940
9056,7683
9051,7908
9038,7604
9038,7472
9029,7448
9026,7569
9026,7483
9004,7470
9003,7640
8996,7437
8983,7400
8980,7396
8956,7412
8950,7316
8933,7146
8933,7616
8930,7455
8898,7199
8894,7307
8892,7443
8868,7060
8862,7088
8861,7256
8830,7088
8827,7054
8827,6947
8815,7176
8814,7289
8814,7116
8792,7027
8792,6994
8789,6914
8788,7280
8779,7081
8777,6975
8777,7193
8765,6930
8765,6865
8763,6824
8763,7077
8762,6891
8762,7732
8760,6888
8759,6828
8724,6819
8722,6880
8721,6809
8721,6608
8713,6710
8713,6959
8713,6836
8711,6694
8709,6643
8698,6571
8698,6674
8697,6921
8697,6666
8694,6589
8682,6609
8681,6732
9598,8485
9586,9537
9580,10473
9537,9384
9522,13568
9515,8695
9474,8846
9464,8814
9450,8840
9391,9097
9384,8905
9371,8657
9342,8965
9339,8823
9332,9365
9296,8713
9294,9292
9278,8200
9270,9132
9245,8296
9241,8397
9227,8169
9210,8356
9208,8407
9202,8388
9200,8386
9199,8618
9197,9464
9193,8735
9188,8506
9129,8199
9123,8064
9113,7947
9108,8605
9095,8378
9095,7610
9095,8033
9084,8118
9081,8493
9059,7704
9058,7768
9048,7955
9038,7826
9035,7906
9011,8103
9005,7642
8988,7549
8988,7536
8985,7438
8953,7539
8949,7580
8947,7964
8923,7787
8917,7342
8916,7524
8887,7251
8882,7301
8882,7334
8870,7203
8870,7319
8869,7366
8847,7055
8847,7306
8844,7220
8843,7168
8832,7011
8830,7345
8830,6961
8818,6978
8818,7285
8816,7174
8816,7193
8815,7299
8815,7604
8813,7133
8812,7009
8777,7253
8775,6882
8774,6747
8774,6719
8766,6877
8766,7412
8766,6885
8764,6925
8762,7287
8751,6830
8751,6639
8750,7038
8747,6928
8747,6836
8735,6876
8734,7696
9645,8966
9634,9768
9624,9568
9578,9194
9574,9441
9550,9580
9527,9554
9517,9783
9503,9147
9444,9649
9437,9665
9427,9667
9395,9253
9392,9489
9385,9717
9384,9027
9349,8963
9331,9816
9323,9334
9298,8965
9294,9185
9286,9229
9280,8702
9263,8773
9261,9190
9254,9094
9253,9011
9252,8756
9250,8538
9245,8975
9239,8637
9181,8544
9176,8396
9166,9159
9161,8346
9148,8305
9148,8551
9139,8665
9137,8805
9134,8788
9109,8298
9105,8887
9090,8573
9067,8108
9064,8301
9049,8059
9046,7923
9039,8039
9037,7878
9032,8041
9002,7929
8984,8175
8982,7968
8976,8166
8970,7741
8969,8266
8940,7857
8938,7601
8935,7716
8923,7696
8923,7857
8922,7771
8900,7715
8900,8476
8897,8035
8896,8336
8886,7690
8885,7649
8883,7987
8883,7739
8871,7807
8869,7921
8869,7608
8868,7618
8868,7722
8866,7604
8865,7454
8830,7572
8828,7430
8828,7906
8827,8023
8827,7676
8819,7740
8819,7508
8817,7149
8815,7283
8804,7395
8801,7710
8801,7599
8788,7456
8787,7521
8784,7445
9889,9859
9877,10833
9854,11055
9836,10224
9824,10636
9776,9899
9770,10271
9766,9819
9725,10141
9712,9690
9705,9963
9632,9926
9619,9505
9613,9413
9572,10167
9561,9759
9556,9439
9519,9656
9515,9281
9496,9371
9488,9007
9460,9283
9445,9187
9438,9285
9419,9016
9415,9570
9407,9546
9404,8885
9402,9289
9400,9150
9396,8872
9389,8762
9331,9277
9324,9417
9308,8786
9299,8992
9282,9139
9282,8340
9282,8928
9266,8611
9258,9216
9225,8381
9220,8075
9198,8021
9184,8131
9171,8314
9168,7985
9163,7919
9159,8216
9148,7819
9146,8334
9094,8322
9094,8243
9094,8461
9084,8051
9084,8285
9078,8226
9046,8014
9042,8301
9039,8174
9023,8034
9023,7775
9020,8483
9020,7910
8992,7735
8989,7843
8987,7891
8974,7725
8972,8047
8969,8069
8968,8059
8955,7916
8953,8145
8949,7524
8949,7582
8948,7684
8948,7774
8946,7532
8945,7733
8910,7620
8908,7847
8905,8191
8905,8376
8895,7695
8895,7268
8895,7476
8893,7401
8887,7535
8863,7355
8860,7323
8855,7747
8855,7738
9963,9586
9937,10235
9907,10490
9896,9772
9852,11099
9852,10361
9850,10586
9833,10116
9830,10218
9798,10971
9786,10335
9773,10843
9700,10406
9693,10624
9677,9927
9673,10164
9631,9986
9620,10306
9615,10685
9578,10287
9574,10139
9555,9335
9547,9498
9514,9255
9505,9069
9498,9731
9477,8911
9473,9977
9464,9505
9461,9157
9459,9631
9459,9256
9455,9196
9448,8951
9387,8804
9380,9740
9364,8630
9355,8820
9353,9298
9332,8470
9322,8472
9306,8422
9280,9080
9252,8845
9235,8189
9234,8797
9222,8739
9218,8362
9205,8359
9202,8368
9164,8335
9164,8773
9164,8331
9149,7814
9149,8316
9149,7738
9139,8038
9139,8495
9132,8816
9101,8088
9097,7986
9094,8180
9078,8296
9078,8380
9075,8132
9047,8658
9047,8239
9044,8067
9042,8126
9029,8115
9027,8111
9024,8328
9010,8491
9008,8233
9004,8273
9004,7869
9003,8100
9003,9001
9001,8635
9000,7751
8964,7842
8962,7737
8959,7827
8959,7592
8959,8477
8949,8180
8946,7852
8944,7935
8929,8132
8916,8373
8911,8007
8911,8188
10010,9756
9993,10561
9956,11051
9947,10118
9906,9934
9906,11158
9906,10597
9891,10493
9887,10085
9884,10991
9852,10362
9838,10409
9821,9704
9754,9707
9747,9672
9731,10041
9686,10301
9683,10870
9672,10895
9669,10753
9630,10571
9612,9328
9601,10484
9574,9896
9567,10490
9558,9664
9551,9855
9531,9950
9527,9686
9515,9833
9513,9232
9513,9286
9509,8917
9502,8761
9441,9067
9440,9071
9433,8873
9418,9354
9404,8932
9386,8631
9375,9157
9362,8346
9334,9354
9305,8972
9290,8398
9288,8463
9274,8212
9259,8440
9256,8633
9256,8730
9218,8255
9218,8593
9218,8401
9218,8996
9203,8063
9203,8002
9201,8113
9193,8064
9187,8097
9155,8394
9151,8079
9148,8106
9148,8367
9132,7789
9129,7741
9129,7869
9101,8152
9101,7844
9096,8203
9083,8437
9081,7924
9078,7738
9077,7861
9064,8794
9062,8392
9058,7907
9058,8218
9057,8628
9057,8290
9055,7858
9054,7825
9018,7742
9016,7946
9013,8267
9013,8894
9003,7676
9000,7698
8986,7416
8982,7778
8979,9201
8966,7626
8963,8174
10162,12355
10122,10822
10109,11256
10068,10837
10068,10747
10068,11474
10068,10607
10065,11219
10051,11881
10043,10954
10038,11285
10000,11045
9980,10621
9974,11075
9905,10030
9885,11172
9879,10577
9837,10380
9833,10086
9821,9671
9784,10843
9782,10141
9761,9928
9753,9777
9726,9916
9719,9567
9704,10449
9683,9941
9679,9906
9670,9913
9667,9670
9669,9240
9666,9777
9660,13475
9652,13917
9585,9333
9578,9520
9562,9768
9553,15843
9528,11475
9510,9230
9483,9228
9465,9540
9444,9289
9419,9216
9413,9513
9407,10183
9384,8839
9381,9087
9342,9666
9342,9974
9342,8826
9342,9539
9342,10257
9340,9310
9325,9001
9323,9813
9321,8857
9310,10064
9303,9315
9302,9436
9265,12974
9262,9516
9262,8376
9246,8537
9243,9459
9243,9058
9215,9844
9215,9474
9212,8120
9197,8236
9195,7899
9192,7753
9191,8071
9178,7804
9176,7897
9172,8224
9172,8199
9171,7738
9169,7619
9167,7787
9165,8235
9124,8055
9122,8437
9119,7484
9113,7349
9102,7917
9088,8100
9083,8157
9081,9120
9076,8805
9062,11157
10218,9705
10198,10411
10144,10756
10144,10399
10143,11123
10143,10625
10143,10536
10143,9980
10143,10245
10140,10378
10119,9953
10115,10256
10110,10049
10062,10202
10049,9962
10042,10148
9968,9849
9954,10303
9948,9509
9906,9978
9902,9461
9890,9213
9853,9941
9851,9472
9830,9270
9822,9745
9795,9179
9788,9872
9773,9661
9752,9172
9752,9414
9743,9577
9740,9731
9738,9236
9735,9236
9728,9610
9716,8902
9641,9023
9619,9284
9601,9095
9573,8631
9553,8632
9523,8418
9523,8679
9506,8855
9497,9191
9458,8359
9452,8144
9412,8321
9404,8334
9404,8305
9404,8170
9404,8372
9404,8317
9404,8930
9404,8842
9387,8330
9387,8072
9383,8086
9372,8177
9372,8209
9364,7998
9327,7637
9323,8119
9320,8220
9304,8167
9304,8283
9301,8116
9274,8286
9274,8793
9271,8144
9269,7697
9256,7733
9254,7712
9250,7667
9237,7631
9235,7534
9231,7454
9231,7720
9230,7854
9228,7593
9226,7727
9224,8198
9180,7953
9172,8104
9168,7979
9154,7363
9142,8121
9138,7406
9138,7456
9134,7369
9129,7543
10281,9606
10259,10666
10200,10767
10200,10136
10200,10895
10199,10398
10199,10499
10199,10160
10199,10775
10196,10907
10178,10386
10174,10704
10165,10114
10124,10611
10104,9788
10098,10189
10027,10794
10007,10227
10001,10307
9959,9900
9955,10158
9943,10371
9906,9730
9902,10035
9883,9144
9875,9561
9842,9359
9833,9415
9826,9000
9805,9496
9805,9699
9794,9662
9793,9157
9790,9885
9788,9838
9780,9357
9770,9677
9699,9681
9672,9286
9654,8621
9616,8888
9594,9096
9578,8411
9565,8819
9554,8402
9549,8860
9509,9094
9504,8712
9457,8378
9457,8403
9457,8036
9457,8548
9457,8670
9457,8986
9457,9180
9455,8877
9439,8079
9437,8316
9424,8130
9424,8784
9416,8133
9379,7822
9375,7932
9372,8167
9356,8544
9356,8224
9353,8545
9324,8003
9324,8750
9321,7860
9319,7924
9306,7906
9301,7824
9300,7820
9287,7657
9285,8069
9281,7612
9281,7919
9280,7787
9278,8093
9276,8127
9274,8268
9231,8171
9229,7609
9220,8096
9219,7642
9194,7872
9193,7726
9187,7763
9184,7325
9171,7562
9168,7298
10309,9635
10291,11088
10252,10463
10251,10826
10251,10500
10251,10339
10251,11067
10251,10757
10231,10612
10227,10225
10218,10471
10177,10720
10157,9972
10151,10471
10080,9896
10060,9872
10054,10122
10012,9538
10001,10053
9996,9830
9959,9714
9955,9517
9936,10018
9901,9409
9895,9473
9885,9600
9878,8959
9858,9333
9854,9815
9843,9956
9845,9270
9842,9451
9835,10029
9826,9265
9757,8969
9750,9379
9731,8783
9716,8858
9684,8847
9682,9314
9654,9465
9632,9305
9611,8900
9587,8478
9581,8795
9569,8627
9553,8046
9550,8232
9511,8017
9511,8055
9511,8218
9511,8023
9509,8334
9493,8271
9491,8554
9478,8654
9478,8770
9470,8211
9433,8046
9426,8112
9426,8299
9410,8180
9407,8624
9407,8084
9378,8024
9378,7861
9373,8028
9360,8093
9358,8904
9355,8678
9354,8036
9341,7922
9339,7762
9335,8004
9334,7792
9332,8152
9330,7971
9328,7966
9285,7796
9283,8484
9280,7757
9280,7495
9269,8480
9269,7803
9261,7460
9260,7656
9243,7385
9230,7736
9225,7505
9221,7678
9219,7769
9213,7840
10339,9595
10303,10848
10303,10596
10303,11023
10284,10194
10280,10904
10271,10138
10230,10506
10221,9847
10204,10016
10133,10498
10113,9732
10107,9877
10065,10090
10061,9725
10049,9617
10012,9708
10008,9411
9989,9283
9954,9708
9948,9169
9939,10365
9931,9931
9911,9463
9907,9359
9896,9587
9895,9317
9890,10078
9883,9673
9874,9577
9810,9616
9803,9488
9787,8648
9778,9126
9776,9233
9761,9785
9758,9415
9739,8991
9718,9616
9692,9071
9662,9201
9632,8994
9630,9393
9628,8693
9619,8725
9605,9104
9602,8741
9564,8022
9562,8392
9546,8178
9544,8134
9531,8428
9531,8343
9523,8738
9486,8668
9482,8568
9479,7875
9463,8758
9463,8002
9460,8162
9431,7969
9431,7876
9428,8004
9413,8279
9411,8064
9408,8475
9407,8172
9394,7766
9392,8930
9388,7796
9387,7899
9385,7697
9383,7781
9381,8485
9338,8207
9336,7501
9333,7767
9333,7839
9322,7880
9322,7534
9320,7628
9320,8051
9317,8244
9305,7816
9298,7492
9295,8268
9280,7446
9274,7285
9274,7477
9272,7524
9268,7356
9266,7256
10353,9770
10332,10823
10323,10917
10282,9956
10262,10386
10256,9888
10185,10335
10165,10229
10159,10193
10117,9839
10113,10582
10101,10236
10064,10189
10060,9607
10041,10073
10033,9498
10000,9371
9991,9363
9984,9602
9963,9075
9959,9277
9948,9310
9947,8861
9944,9116
9942,9502
9934,9126
9924,9074
9856,9065
9849,9239
9839,8986
9830,8915
9813,9277
9813,9260
9802,8732
9795,8882
9794,9019
9767,9191
9759,8941
9736,8723
9734,8881
9699,8777
9679,8469
9676,8290
9666,8886
9662,8728
9653,8632
9621,8253
9596,8193
9583,8311
9583,8184
9576,8581
9538,8103
9534,8468
9531,8463
9515,8792
9515,8279
9512,7982
9512,8493
9483,8100
9480,8297
9478,8084
9465,8270
9463,8366
9459,8254
9446,7766
9444,8333
9440,7834
9440,7987
9439,7894
9437,7728
9435,7815
9433,7872
9390,8111
9388,7955
9385,8176
9385,8645
9374,8531
9374,8097
9372,7570
9372,7770
9369,7733
9357,7520
9356,7722
9354,7626
9348,7982
9345,7865
9331,7931
9330,8479
9324,8372
9324,7808
9322,7539
9299,7682
10386,9519
10349,11262
10322,10230
10305,10401
10236,9837
10229,10819
10209,9703
10168,9841
10163,10022
10151,10238
10114,9899
10112,9853
10091,9857
10083,10248
10050,9166
10041,9519
10034,10320
10013,9693
10009,9702
9998,9820
9997,9305
9994,9814
9992,9433
9984,9517
9974,9519
9908,9211
9901,9795
9886,8898
9875,9234
9865,9746
9865,9082
9854,9086
9847,8936
9824,9871
9821,8825
9820,8592
9809,8820
9803,9826
9782,8699
9775,8852
9749,8671
9726,8395
9720,8429
9684,8752
9682,9190
9673,8236
9658,8511
9651,8275
9627,8511
9590,8594
9583,8608
9583,8155
9567,8158
9564,8390
9564,8470
9535,8723
9535,9187
9530,8145
9517,8112
9515,8243
9512,8133
9511,8359
9498,8816
9496,8958
9492,7919
9492,8009
9491,8414
9489,7805
9487,8659
9485,8525
9443,7828
9441,7770
9438,7884
9438,7774
9427,8182
9427,7887
9425,8169
9422,8331
9411,8094
9409,8351
9409,7694
9407,7412
9407,7524
9405,7506
9398,7547
9398,7418
9379,7358
9378,7712
9354,7716
9354,7586
9352,7393
9345,7343
10376,9494
10362,10124
10288,10841
10268,10325
10262,10037
10220,9888
10216,10206
10204,9449
10167,9667
10163,9985
10144,9305
10136,10059
10103,10030
10094,9335
10087,9252
10066,9383
10062,9082
10051,9122
10050,9159
10047,9254
10038,9357
10029,9018
9961,9334
9954,9149
9938,9196
9929,8902
9912,9020
9912,9048
9912,9393
9904,8866
9898,8962
9874,8800
9872,9401
9864,9521
9864,9204
9864,9507
9854,8989
9841,9323
9810,8933
9806,9295
9780,8926
9740,8400
9729,9174
9725,8321
9710,8589
9703,8373
9702,8524
9661,8658
9635,9080
9635,8370
9619,8096
9616,8251
9616,8371
9587,8627
9584,8842
9582,8537
9569,8361
9567,8740
9564,8600
9563,8425
9550,8800
9548,8343
9544,8384
9543,8804
9541,8200
9539,8043
9537,8220
9495,7870
9493,7811
9490,7852
9490,8059
9490,8340
9479,7425
9479,8114
9477,7620
9474,7573
9463,7766
9461,7992
9459,8062
9459,8067
9459,7988
9457,8166
9456,7782
9449,7741
9443,7778
9443,7853
9408,7906
9407,8095
9404,8731
9397,8196
9397,7688
9397,8781
10348,9475
10328,10786
10310,10584
10268,10081
10264,9806
10252,9946
10216,9573
10212,9704
10193,9754
10158,9325
10152,9490
10143,9858
10136,9393
10115,9594
10111,9814
10100,9523
10099,9750
10096,9900
10094,9678
10086,9347
10076,10154
10011,9324
10004,9261
9989,9301
9978,9307
9963,9270
9963,9898
9952,8927
9945,9212
9927,9472
9925,8844
9923,9014
9915,9562
9915,8856
9908,9162
9908,9550
9901,8780
9871,8597
9858,9392
9813,9289
9797,8891
9785,8829
9761,8879
9761,8942
9753,8316
9716,8244
9712,8313
9709,8397
9670,8422
9670,8471
9667,8208
9638,8448
9638,8373
9635,8740
9633,8545
9618,8576
9615,8229
9614,8082
9601,8252
9599,8034
9595,8098
9595,8488
9594,8650
9592,8619
9590,8394
9588,8060
9546,7917
9544,8034
9541,7834
9541,7948
9530,8552
9530,8769
9528,7946
9525,8024
9514,7812
9512,7887
9512,8068
9510,8270
9510,8352
9508,8027
9507,7941
9507,9051
9500,8171
9500,7584
9469,7541
9469,7772
9457,7665
9449,7693
9448,7467
9448,7723
9429,7695
9427,7566
10352,9866
10322,10737
10299,10368
10294,10363
10266,10834
10246,9982
10235,11069
10208,10304
10201,10585
10192,9710
10185,9828
10161,11499
10152,9651
10149,10048
10147,15586
10144,9454
10137,10550
10128,9338
10063,9670
10056,9910
10040,9626
10031,11735
10014,12436
10014,9176
10003,9504
9996,9217
9995,9518
9971,9473
9974,8907
9966,9032
9966,9400
9959,8924
9952,8931
9952,9351
9931,8894
9930,9148
9887,9166
9884,8508
9867,8654
9838,9678
9813,9134
9809,9010
9763,8661
9760,12697
9760,8591
9744,8985
9741,8377
9741,8949
9689,8636
9686,8939
9684,10783
9671,9311
9669,9368
9665,8232
9652,8028
9650,8406
9646,9073
9646,8288
9645,8450
9643,8400
9641,8433
9597,8439
9595,8049
9592,7669
9592,7658
9581,8009
9581,7737
9581,8009
9579,8290
9576,8442
9564,7876
9563,7911
9561,7903
9561,7959
9559,7671
9558,7744
9558,8537
9551,7922
9551,7882
9526,7915
9524,7991
9524,7896
9517,7717
9517,7740
9495,7725
9490,7610
9487,8270
9474,7593
9474,7714
9473,7523
9457,7700
9457,7495
10292,9097
10269,10390
10262,10352
10242,10171
10216,10103
10212,10108
10203,9667
10200,10135
10197,9729
10195,9879
10187,9383
10177,9349
10113,9238
10106,9604
10091,9402
10080,9422
10065,9499
10065,9658
10052,9336
10046,9174
10022,9268
10021,9612
10013,8948
10013,9349
10013,9408
10006,9126
9999,9581
9980,10075
9982,9053
9978,9560
9938,9757
9938,8862
9927,9074
9912,9135
9912,8633
9902,8961
9851,9300
9843,8769
9834,8513
9806,8661
9806,8746
9792,8450
9792,8391
9761,8450
9761,8618
9756,8597
9743,8110
9741,8493
9717,8073
9716,8526
9703,8100
9701,8808
9697,8271
9697,8085
9696,7938
9694,8087
9692,8519
9690,8237
9648,8310
9646,7811
9646,8596
9643,7917
9643,7998
9632,8006
9632,7823
9630,8093
9630,8057
9627,8729
9615,7956
9614,7888
9612,7731
9612,7952
9612,8090
9610,8412
9609,8844
9609,7944
9602,7972
9602,7938
9602,8025
9577,8124
9575,7903
9575,7720
9568,7862
9568,7739
9562,7555
9541,7683
9533,7738
9530,7561
9529,7566
9525,8234
9524,8953
9524,8145
10379,9247
10375,9943
10345,9897
10337,10113
10310,10337
10303,9980
10294,10227
10287,10096
10267,10048
10263,9969
10252,9289
10251,10156
10248,9652
10246,10186
10238,9896
10230,9564
10165,9374
10158,10008
10142,9327
10142,9597
10131,9250
10116,9443
10116,9656
10105,9003
10098,9195
10097,9680
10073,9370
10072,9010
10068,9895
10068,9039
10068,9351
10061,8990
10054,8959
10054,9556
10033,8753
10032,8777
9986,9024
9980,8606
9960,8679
9924,8867
9919,9296
9907,8608
9869,8414
9865,9027
9862,8777
9862,8500
9846,8583
9820,8284
9820,8638
9791,8189
9791,8329
9788,8355
9773,8517
9771,8910
9768,8005
9767,8158
9754,8051
9752,8137
9748,8569
9748,8794
9747,8257
9745,8023
9743,8226
9741,8241
9699,8414
9697,7893
9694,7852
9694,7918
9694,8186
9683,8379
9683,8468
9681,8130
9678,8153
9667,8019
9665,8036
9665,8245
9663,8302
9663,8122
9661,8005
9661,8233
9660,8482
9653,8494
9653,7824
9647,7905
9622,7973
9610,8095
9609,7997
9601,7909
9601,7749
9601,7467
9582,7770
9580,7720
10505,9478
10463,10247
10459,10985
10447,10507
10419,10278
10417,9989
10396,10906
10388,9579
10361,9562
10354,10109
10345,9909
10338,10054
10314,9871
10305,9640
10302,10185
10300,9780
10299,9927
10297,9643
10289,9859
10279,10153
10215,9684
10208,9826
10193,9359
10184,9330
10167,9544
10167,9215
10167,9410
10159,9363
10153,9115
10131,9451
10128,9430
10127,9028
10119,9203
10119,9388
10112,9374
10112,9808
10096,9122
10065,9612
10060,9274
10035,9094
9996,9088
9984,9603
9980,9359
9965,9506
9958,9394
9957,9541
9916,9195
9890,8682
9890,9622
9874,8727
9871,8849
9871,9213
9842,8667
9839,9135
9837,9386
9824,9180
9822,8663
9819,8769
9818,9154
9805,8996
9803,8581
9799,8724
9798,8948
9796,8313
9794,8022
9792,8116
9750,8123
9750,8006
9748,7889
9745,7813
9745,7992
9734,7997
9734,8271
9732,8631
9729,8098
9718,7934
9717,7905
9716,7987
9714,8072
9714,8196
9712,7811
9712,7828
9711,7844
9698,7842
9698,7985
9686,8132
9662,8542
9659,7895
9659,8083
9652,7733
9652,7846
9633,7531
10597,9537
10569,10251
10565,10396
10521,10399
10512,10371
10507,9867
10471,9924
10467,9753
10440,9943
10413,10533
10407,9728
10398,9722
10390,9922
10370,10331
10366,9837
10355,9866
10354,10079
10351,9661
10349,9897
10341,9288
10331,9241
10266,9112
10259,9347
10244,9742
10235,9193
10218,9065
10218,9411
10212,8985
10210,9105
10204,9651
10180,9065
10178,9064
10170,9491
10170,9450
10170,9236
10160,9043
10147,8781
10115,9204
10112,8930
10085,8664
10046,8997
10042,8513
10031,8590
10016,8621
10009,8645
10008,8663
9948,8276
9944,8346
9941,8514
9925,8736
9925,8307
9922,8307
9893,8284
9893,8635
9890,8637
9888,8131
9875,8628
9873,8443
9870,8497
9869,8452
9856,8144
9850,8108
9850,8094
9849,9466
9847,9563
9845,8051
9843,8787
9843,8776
9801,8058
9799,8348
9796,8030
9796,8341
9785,8555
9785,7952
9783,8372
9780,7982
9780,8520
9768,12173
9767,7779
9765,8113
9765,7752
9765,8815
9757,9523
9756,10498
9737,8309
9736,8044
9735,8069
9712,8381
9712,8480
9710,8161
9703,7964
9703,7947
10694,10190
10646,11403
10639,11883
10619,10396
10578,10287
10573,10690
10564,10929
10524,11303
10522,10823
10504,10903
10493,11040
10466,11263
10459,11020
10450,10511
10423,10138
10419,10325
10410,9940
10407,10113
10405,10262
10402,9838
10395,10521
10386,9753
10318,10036
10311,9963
10295,10230
10286,10055
10269,9512
10274,9865
10274,9557
10261,9773
10255,9172
10231,9177
10229,9067
10221,9316
10218,9050
10212,9146
10191,9691
10184,9104
10142,9082
10135,8977
10126,9229
10093,8985
10086,8909
10082,9179
10067,9234
10060,9094
10036,9338
9995,8759
9992,8828
9992,8892
9976,8732
9973,9015
9973,8641
9944,9173
9941,8912
9939,8757
9926,8840
9924,9214
9921,8538
9920,8766
9907,9510
9905,8670
9901,8935
9900,8489
9898,9194
9896,8880
9894,8484
9852,8579
9852,8378
9850,8297
9847,8500
9847,8284
9836,8340
9836,9280
9834,8118
9831,8357
9820,8762
9818,8283
9818,8752
9816,8691
9816,8458
9814,8326
9807,9048
9807,8637
9788,8519
9787,8203
9763,8107
9763,7817
9761,7888
9754,7655
9754,7744
9754,7739
10694,9673
10687,10396
10667,10387
10626,10017
10621,10965
10612,10381
10573,10731
10571,10068
10553,10431
10542,10154
10515,10320
10508,9900
10499,10039
10472,9607
10468,10264
10459,9740
10456,10169
10454,9609
10451,10172
10444,9371
10435,9573
10369,9177
10362,9305
10346,9396
10337,9285
10320,9568
10320,9334
10325,9517
10312,9501
10306,9332
10284,9325
10280,9209
10272,9305
10272,9598
10269,9122
10256,9267
10236,9147
10216,8992
10191,8783
10182,9203
10144,8777
10144,8775
10133,8830
10118,8498
10111,8462
10087,8471
10050,8522
10043,8972
10043,8763
10027,8459
10027,8795
10024,9014
9995,8300
9995,8349
9992,8277
9990,8681
9975,8150
9972,8334
9971,8440
9958,8269
9956,8527
9952,8248
9952,8111
9951,8217
9949,8363
9947,8889
9945,8095
9903,8036
9901,8094
9898,8372
9898,7913
9887,8355
9887,8199
9885,8104
9882,8589
9882,8043
9870,8084
9869,8045
9867,8003
9867,8029
9867,8017
9865,7834
9858,8022
9839,8015
9838,8396
9837,7935
9814,7711
9812,7959
9812,8191
9805,8414
9805,9018
9793,7929
10738,9620
10722,10826
10718,10248
10674,10675
10665,10151
10660,10825
10624,10075
10604,10015
10593,9951
10566,10044
10559,9923
10550,10039
10543,9899
10523,9966
10519,10713
10507,10078
10505,10427
10502,9921
10495,10185
10486,9470
10420,9588
10413,9548
10397,9837
10397,9301
10386,9876
10371,9369
10376,9427
10363,10084
10358,9286
10335,9245
10332,9199
10331,9587
10323,9945
10323,9330
10313,9405
10288,8709
10286,8962
10243,9583
10237,8937
10195,9441
10195,9057
10184,9072
10169,9481
10162,8692
10161,8807
10101,8954
10094,9322
10094,8785
10078,8793
10075,9357
10075,8692
10046,8574
10046,8537
10043,8934
10028,8445
10026,8594
10023,8638
10022,9041
10009,8394
10007,8512
10003,8533
10003,9319
10002,8518
10000,8522
9998,8695
9996,9132
9954,8442
9952,8302
9949,8932
9949,8975
9938,8232
9938,8381
9936,8241
9933,8505
9922,8018
9920,8144
9920,8103
9918,8180
9918,8180
9916,8582
9915,8065
9909,8185
9902,8411
9890,7781
9866,7898
9865,7971
9863,8101
9856,8245
9856,7751
9856,8128
9825,7989
9823,7990
10748,10264
10718,10242
10707,11372
10702,11261
10674,10359
10670,11059
10643,10279
10616,10060
10610,10455
10600,9714
10593,10147
10573,9617
10569,10042
10558,9548
10557,10338
10552,9704
10545,10352
10536,9888
10471,9884
10464,9308
10463,9452
10448,10008
10437,9372
10422,9727
10422,9523
10409,9767
10409,9433
10386,9323
10383,9484
10382,9206
10374,9470
10374,9567
10367,9900
10357,9878
10351,9431
10317,9923
10315,9168
10255,9350
10250,9108
10235,9591
10220,8839
10213,9649
10212,9134
10175,9460
10145,8980
10145,9062
10129,9466
10129,8793
10126,9456
10097,8475
10097,8847
10094,9236
10092,8854
10077,9182
10074,8522
10073,8723
10060,8992
10058,8808
10054,9090
10054,8527
10053,8859
10051,9260
10049,9437
10047,9564
10005,8293
10003,8376
10000,8029
10000,8129
9989,8324
9989,8460
9987,8281
9984,8225
9984,8279
9972,8652
9971,8161
9969,8169
9969,8508
9967,8795
9967,8212
9966,8218
9959,8173
9953,8328
9953,7900
9918,8002
9915,7874
9907,8161
9907,7709
9907,7952
9888,7745
9888,7743
9886,7671
9870,8255
10758,9568
10749,10156
10725,10118
10723,10602
10702,9887
10694,10829
10667,10021
10652,9965
10645,9726
10624,9825
10620,9699
10611,9831
10608,10202
10605,9893
10603,10236
10595,9657
10585,10020
10521,9579
10514,14846
10499,11387
10490,9520
10473,9455
10473,9613
10462,9327
10455,9606
10454,9562
10435,9321
10433,9997
10425,9560
10425,9908
10418,9257
10418,9619
10411,9312
10387,9733
10380,9861
10325,9108
10323,9551
10296,9014
10275,9111
10271,8855
10263,8887
10226,9249
10219,8753
10219,8837
10203,9921
10180,9117
10177,9583
10148,9480
10148,8967
10145,9028
10130,9394
10128,8865
10125,9198
10124,9345
10111,9799
10109,9201
10105,8722
10105,9262
10104,8976
10102,9321
10100,8832
10098,8922
10056,8560
10054,9301
10051,9430
10051,8584
10040,8149
10040,8374
10040,7966
10038,8084
10035,8115
10023,8212
10022,8367
10020,7964
10020,8038
10020,8398
10018,7886
10017,7858
10017,7956
10010,8110
10010,7763
9979,7877
9979,8101
9967,7948
9959,8767
9958,8172
9958,8061
9939,8117
9939,8740
9937,7880
9933,8163
9921,7903
10799,9555
10796,11686
10774,10776
10756,10224
10745,10877
10718,10116
10711,10015
10702,9759
10695,9964
10675,9722
10671,9893
10660,9702
10659,9765
10656,10833
10654,10129
10646,10836
10636,10083
10572,9790
10565,9771
10550,9577
10541,10067
10524,9531
10524,11335
10513,10821
10511,9721
10505,9474
10486,9970
10484,9854
10476,10143
10476,9630
10476,9839
10469,10079
10462,9832
10440,9799
10432,9843
10414,9418
10358,10202
10346,9260
10337,9473
10322,9334
10315,9466
10314,9408
10277,9309
10270,8692
10247,9727
10231,8708
10228,9384
10228,9080
10199,8997
10199,9453
10196,9080
10194,9211
10179,8859
10176,8830
10175,9081
10162,8527
10160,8603
10156,9553
10156,9451
10155,9578
10153,9242
10151,9100
10149,8643
10107,8359
10105,8430
10102,8689
10102,8984
10091,8408
10091,8568
10091,9222
10089,8681
10086,8674
10074,8617
10073,8373
10071,8566
10071,8405
10071,8358
10069,8427
10068,8614
10061,8400
10061,8375
10055,8870
10030,8401
10020,8350
10017,8633
10009,8081
10009,8738
10009,8314
9990,8066
9990,8400
9976,8877
9972,8096
10860,10106
10851,11476
10848,10484
10825,10582
10807,10599
10796,10355
10769,11205
10762,10887
10753,10192
10746,10704
10726,10316
10722,10636
10711,11005
10710,10438
10707,10599
10705,11316
10697,10513
10687,10691
10623,10472
10616,10231
10601,9653
10590,10904
10575,10236
10575,9724
10564,9891
10562,10501
10561,10089
10537,10159
10535,10090
10527,9772
10527,9376
10527,10053
10520,9815
10510,9737
10485,9414
10470,9917
10465,9571
10408,9205
10392,9374
10388,9142
10373,9838
10366,9379
10365,9407
10328,8879
10298,9077
10298,10028
10282,8731
10282,8837
10279,8941
10250,8692
10250,8982
10247,9443
10245,9330
10232,8769
10230,8875
10226,8791
10213,8769
10211,9578
10207,9302
10207,9280
10206,9215
10204,9495
10202,8869
10200,8829
10158,8503
10156,8871
10153,8975
10153,9011
10153,8836
10142,9014
10142,9070
10140,8793
10137,8549
10126,8327
10124,8458
10124,8334
10122,8604
10122,8843
10120,8473
10120,8837
10119,8171
10106,8189
10106,9013
10093,8251
10069,8275
10067,9141
10067,8552
10060,8379
10060,8091
10060,8324
10029,8807
10027,8987
10952,10378
10920,11867
10911,11720
10906,11562
10878,11474
10874,11443
10847,10976
10820,10599
10814,10691
10805,10994
10798,10593
10777,10101
10773,10739
10762,10383
10761,10203
10758,10798
10756,10944
10748,10110
10738,10259
10674,9847
10667,9910
10652,10195
10643,10285
10626,9738
10626,10394
10620,9510
10618,9946
10612,10216
10588,10145
10586,10068
10578,10012
10578,9883
10578,10442
10568,9415
10555,10083
10522,10054
10498,9205
10489,9462
10450,9396
10450,9800
10439,9880
10424,10453
10424,10135
10416,9815
10356,9443
10352,9885
10349,9591
10333,9939
10333,9603
10330,9274
10301,9269
10301,9544
10298,9565
10296,9283
10283,9268
10281,8966
10278,8989
10277,9518
10264,8729
10262,9425
10258,9047
10257,9154
10255,8668
10255,8828
10253,8763
10251,9367
10209,9498
10207,8773
10204,9357
10204,8777
10193,8853
10193,8794
10191,8548
10188,8887
10188,9362
10176,9422
10175,8384
10173,9172
10173,8954
10173,8715
10165,8683
10164,9544
10145,8601
10144,8694
10143,8792
10120,8777
10120,8522
10118,9102
10111,9102
10111,8249
10099,8681
10080,8945
11036,10642
11023,10832
10980,10927
10977,11840
10966,10916
10963,10459
10930,10410
10926,10715
10899,11010
10872,11130
10866,10343
10857,10463
10850,11013
10829,10899
10825,10034
10816,10678
10813,11079
10811,10161
10808,9970
10801,10818
10792,10481
10726,10132
10719,11647
10703,10907
10703,10565
10697,9828
10682,10573
10682,10332
10671,10155
10664,10101
10641,10155
10639,10056
10634,9653
10620,10450
10605,10144
10596,9651
10568,10472
10547,10296
10537,9312
10535,10037
10528,9293
10491,9817
10488,9200
10452,9046
10452,9442
10445,9033
10407,9138
10403,8936
10400,9498
10384,9708
10384,9076
10381,9208
10381,8830
10352,9468
10349,9207
10347,9195
10334,9040
10332,9242
10329,8766
10328,9112
10315,9719
10309,8946
10309,9746
10308,8906
10306,9266
10304,8852
10302,9143
10260,8573
10260,8961
10258,8663
10255,9056
10255,8839
10244,8805
10244,8596
10242,8962
10239,8500
10228,8628
10227,9276
10226,8888
10224,8811
10218,8700
10215,9072
10201,9856
10200,8380
10194,8585
10194,8524
10192,9012
10169,8345
10167,8747
10167,8288
10150,9587
10150,9201
11152,10392
11098,11943
11084,11300
11078,11256
11036,11599
11025,11294
11020,10864
10983,10788
10979,10393
10960,10900
10952,10655
10919,10735
10910,10923
10903,10682
10882,10414
10878,10077
10869,10447
10866,10610
10864,10863
10861,10800
10854,11137
10845,10103
10777,10005
10770,10695
10759,10152
10750,9909
10748,10465
10733,10522
10733,10499
10720,9598
10715,10282
10692,9891
10686,9548
10679,10367
10657,9585
10654,10352
10620,9945
10613,9771
10598,10021
10588,9754
10584,9503
10577,10025
10542,9408
10539,9963
10514,10029
10503,9250
10496,9384
10495,9617
10454,9904
10451,9082
10451,10093
10435,9882
10435,9810
10432,9177
10403,9764
10403,9506
10400,9090
10398,9221
10385,9558
10383,9306
10380,8896
10379,9496
10364,9242
10360,9280
10360,8852
10359,9674
10357,9403
10355,9410
10355,8994
10353,10192
10311,8997
10309,8638
10306,8742
10306,9170
10295,9333
10295,8636
10293,8841
10290,8595
10290,9086
10278,8652
10277,8745
10269,9199
10268,8616
10253,8697
10247,8455
10247,8608
10243,8274
10241,8423
10239,9169
10218,8734
10206,8856
10206,8400
11256,10595
11241,11441
11224,11606
11157,10894
11150,10915
11134,11740
11089,10992
11086,11104
11075,10952
11072,10773
11035,11329
11015,10822
11004,10851
10977,10962
10970,10456
10961,10792
10954,10418
10934,10874
10930,10665
10919,10091
10916,10033
10913,10672
10906,10537
10897,10208
10834,10175
10833,10273
10826,9847
10811,10317
10800,9815
10785,9820
10785,9945
10774,9653
10767,9887
10741,10491
10719,10840
10714,10154
10679,9789
10672,11207
10651,9529
10649,9724
10646,10147
10634,9305
10628,10333
10623,9582
10570,9407
10568,10246
10555,9853
10555,9593
10548,9413
10510,10383
10506,10021
10503,9344
10487,9933
10487,9241
10484,9796
10484,9424
10455,9282
10452,9679
10450,9266
10437,10299
10435,9159
10432,10000
10431,9569
10418,10043
10412,9257
10412,9333
10411,9774
10409,9162
10407,10054
10405,9108
10363,8871
10361,9527
10361,9265
10358,9417
10358,8842
10347,9921
10347,8919
10345,10261
10342,9290
10331,9356
10324,9142
10322,8885
10306,9792
10305,8777
10299,9689
10299,8993
10297,9790
10293,9416
10291,9407
10290,8706
10258,9429
10258,8729
11338,10866
11297,11864
11284,11089
11277,11118
11202,12091
11188,11953
11182,11233
11140,10814
11129,10746
11124,11489
11087,11838
11083,11536
11064,11031
11029,10713
11023,10906
11014,11272
11007,10477
10986,10717
10982,10393
10973,11073
10970,10563
10968,10114
10965,11450
10958,10789
10954,10714
10886,10013
10879,11514
10863,10873
10854,10444
10852,9946
10837,10737
10837,10061
10821,10442
10810,9913
10772,9970
10767,10502
10738,9762
10721,9532
10706,10238
10699,9466
10695,9381
10681,9586
10678,9318
10678,9684
10638,9914
10622,10059
10620,9878
10618,10063
10607,9709
10600,9345
10599,9909
10562,9658
10555,9372
10555,9468
10539,9155
10539,9759
10536,9471
10507,9496
10507,9275
10504,9564
10502,10058
10489,9139
10484,9540
10483,9221
10470,9052
10468,8873
10464,8822
10464,9555
10463,9098
10461,9198
10459,8977
10457,10092
10415,8946
10413,8775
10410,8694
10410,8894
10399,8712
10399,8859
10397,8886
10394,8797
10377,8944
10375,8935
10359,8732
10353,8668
10353,8756
10349,8684
10347,8736
10343,8483
10342,8532
10319,9210
10310,8677
10310,9084
11395,11243
11356,12308
11347,11658
11330,11832
11260,11450
11240,11984
11234,11102
11192,11023
11188,10858
11176,10946
11139,10872
11135,11263
11116,10831
11081,10455
11075,10628
11066,10609
11059,10781
11038,10315
11034,11010
11023,11199
11022,10566
11019,10209
11017,11482
11009,11207
11004,10663
10937,10179
10930,11236
10915,11311
10904,10075
10889,9845
10889,10470
10878,10832
10868,9910
10847,17056
10820,10314
10791,10243
10776,10157
10760,9864
10758,10109
10749,10281
10744,9982
10732,9575
10730,10172
10690,9696
10674,10169
10672,9917
10670,9601
10659,9896
10652,9709
10651,9816
10610,9951
10607,9811
10607,9327
10591,9340
10588,9637
10588,9148
10559,9533
10559,9401
10554,9095
10541,11332
10539,11275
10536,9751
10535,9664
10522,9824
10520,9207
10516,9516
10516,9527
10515,9354
10513,9112
10511,8930
10509,8949
10467,8657
10465,8935
10462,8599
10462,9070
10451,9032
10451,9280
10449,8697
10446,9061
10429,8828
10427,9867
10412,8973
10409,8646
10405,8876
10401,8604
10399,9007
10395,9138
10394,8943
10371,8582
10371,9160
10362,8808
10362,9299
11414,11270
11399,11302
11388,11234
11313,11350
11306,11914
11290,11443
11245,11258
11242,12526
11231,12223
11228,12191
11189,12033
11171,11710
11160,11020
11133,11192
11126,10845
11117,10615
11090,10679
11086,10410
11077,10341
11074,10731
11072,10502
11069,10534
11062,10862
11058,10398
10990,10132
10983,10619
10967,10372
10958,10930
10941,11045
10941,10234
10938,10465
10919,10223
10899,9699
10872,10437
10842,9966
10825,9395
10810,9511
10810,9518
10801,9842
10796,9326
10784,9495
10782,9449
10742,9987
10726,9545
10724,9846
10722,9430
10711,9821
10704,9329
10703,9937
10662,9216
10659,9261
10659,9467
10643,9315
10640,9874
10640,9365
10611,9317
10611,8915
10606,9234
10593,8878
10591,9143
10588,8943
10587,9117
10574,9662
10572,9052
10568,9376
10567,8958
10565,9513
10563,9066
10561,9030
10519,9052
10517,9266
10514,9135
10514,9108
10514,9468
10503,9062
10503,9142
10501,8875
10492,9086
10480,9239
10464,9286
10463,8476
10457,9125
10455,8911
10451,8730
10447,9503
10446,8946
10423,8818
10423,8518
10414,9030
10414,9162
10414,8701
10409,8747
11432,10519
11426,11739
11364,10957
11344,11000
11338,11709
11296,11796
11285,11114
11280,10672
11243,10909
11239,11248
11220,10596
11185,10958
11179,11311
11170,10852
11163,10707
11142,10294
11138,10826
11127,10316
11126,10312
11123,11169
11121,10355
11113,10259
11103,10742
11041,10118
11034,10344
11019,10434
11008,10033
10993,10946
10993,10765
10979,10039
10966,10837
10928,10121
10896,9866
10888,10243
10864,9553
10862,9783
10855,9610
10850,9364
10837,9796
10834,9484
10796,9747
10778,9354
10778,9777
10774,9339
10763,9813
10756,9222
10755,9627
10718,9202
10711,9338
10711,9159
10695,9200
10692,9688
10692,9353
10663,9920
10663,9031
10658,9594
10645,8894
10643,9309
10640,9964
10639,9473
10626,9256
10624,9161
10620,8910
10619,9023
10617,9322
10615,9341
10613,9253
10571,8749
10569,9103
10566,8595
10566,8769
10555,8891
10555,8821
10555,9584
10553,9266
10550,9229
10532,8991
10530,9563
10514,8957
10513,9519
10509,8849
10507,9283
10505,8710
10501,9451
10499,8900
10498,9291
10466,9302
10466,8787
10466,9577
10461,8747
10461,9309
10461,8715
11406,10389
11390,12101
11386,11399
11342,11631
11333,11911
11328,11856
11292,11136
11272,11264
11261,11668
11234,11168
11227,10697
11218,10662
11211,11210
11191,11040
11187,10637
11175,11000
11173,11255
11170,10463
11163,10755
11154,10744
11088,10849
11081,10393
11065,10264
11070,11276
11059,10850
11044,10053
11044,10969
11031,10581
11026,10165
11000,10591
10991,10466
10967,9842
10965,10584
10937,10490
10923,9810
10907,10908
10899,10480
10895,10060
10888,10412
10853,9986
10852,9745
10825,9822
10814,9501
10807,10192
10806,10025
10769,10014
10762,9424
10762,9888
10746,9271
10746,9829
10743,9371
10714,9934
10714,9300
10711,9847
10709,9307
10694,9904
10691,9422
10690,10130
10677,9602
10675,10182
10671,9178
10671,10070
10670,9471
10668,9950
10666,9126
10664,9912
10622,9156
10620,9417
10617,9209
10617,9814
10606,9409
10606,8890
10604,8914
10601,9703
10601,8874
10589,9437
10588,9017
10580,9262
10579,8801
10565,9483
10558,8702
10558,9249
10554,8701
10552,9231
10550,8737
10529,9026
10517,10206
10517,10108
10512,8581
10512,8830
10493,8522
10493,9473
11428,11110
11388,11810
11385,11379
11374,11278
11371,11336
11343,12029
11323,11691
11312,11496
11285,10877
11278,10752
11269,10766
11262,11106
11238,11588
11229,11257
11226,10984
11224,10768
11221,10546
11214,10441
11205,11682
11139,11474
11132,11209
11116,11045
11112,10666
11110,10504
11095,10090
11095,10469
11082,11249
11076,10631
11054,9924
11047,9865
11033,10453
11018,10366
11016,10436
10981,10264
10971,10660
10950,10208
10948,10073
10941,9658
10904,10014
10901,9822
10876,9561
10865,9892
10858,9613
10857,10243
10816,9999
10813,9351
10813,9878
10797,9812
10794,9483
10794,9624
10765,9411
10765,9735
10760,9795
10747,9631
10745,9544
10742,9490
10741,9451
10728,10172
10726,9153
10722,9873
10721,9331
10719,9162
10717,9906
10715,9670
10673,8993
10671,9807
10668,9195
10668,9801
10668,9482
10657,9267
10657,9839
10655,9251
10652,9209
10641,9257
10639,9180
10637,9464
10637,9051
10631,8768
10628,9582
10614,8845
10608,9183
10607,9389
10607,9163
10584,8758
10582,9311
10580,9262
10575,9530
10563,9144
10563,8836
10544,8783
10542,8841
10542,8696
11429,10324
11419,11216
11414,11891
11393,12382
11389,11900
11362,12470
11335,11366
11329,12194
11320,11200
11312,11368
11292,11960
11288,10817
11277,11392
11276,12026
11273,11577
11271,11213
11263,11057
11253,11720
11189,12264
11182,10556
11167,11374
11156,11034
11146,10690
11146,11067
11135,11013
11128,10564
11105,11119
11103,11046
11101,10407
11090,10299
11084,9764
11062,10471
11060,9981
11029,9790
11007,9860
11001,9723
10998,9484
10963,9848
10956,9552
10939,9402
10939,9232
10909,9686
10871,9126
10867,9213
10864,9243
10848,9869
10848,9108
10845,9464
10845,9027
10816,9109
10813,8963
10811,9187
10798,9152
10796,9174
10793,9305
10779,9345
10777,8994
10773,8956
10773,8955
10772,8853
10770,9532
10768,9431
10766,9412
10724,9229
10722,9179
10719,8819
10719,9203
10708,8796
10708,9045
10708,8672
10706,9081
10703,8865
10692,9311
10690,8701
10688,9184
10688,8599
10688,9000
10680,8758
10679,8959
10660,8843
10659,8679
10658,8560
10635,8595
10635,9484
10633,8983
10626,8824
10626,8653
10614,8709
10595,8392
10593,8722
10593,8876
10589,8675
11469,10324
11464,11410
11444,11240
11440,10847
11421,10677
11386,10943
11380,11141
11371,10626
11364,10577
11343,11299
11339,11219
11328,10834
11327,10583
11324,10848
11322,10931
11314,10861
11304,11342
11240,11034
11233,10772
11218,10519
11207,11139
11192,10310
11197,10060
11186,9980
11179,10478
11156,10371
11154,10079
11152,10382
11144,10328
11141,9846
11128,9966
11114,9918
11107,9735
11063,10684
11057,10101
11016,9798
11016,10102
11009,9553
10990,10055
10990,9928
10982,9808
10922,10117
10918,9531
10915,9593
10899,9277
10899,9481
10896,9306
10867,9701
10867,9081
10864,9599
10862,9161
10847,9376
10844,9376
10843,9705
10830,9099
10828,9689
10824,8967
10824,9293
10823,9005
10821,9433
10819,9334
10817,9601
10775,8875
10773,9090
10770,8879
10770,9225
10759,8975
10759,9476
10757,8974
10754,9342
10743,9028
10742,9314
10741,8891
10739,9477
10739,8806
10737,9449
10736,8846
10736,9181
10723,8712
10711,9313
10687,8783
10686,8969
10684,8631
10677,8819
10677,8624
10677,8677
10658,8907
10644,8879
10644,9080
10640,8503
10639,8622
10639,9439
11495,11239
11491,11919
11464,11000
11437,10815
11431,10815
11421,11298
11414,11463
11394,11307
11390,11101
11379,10773
11378,10894
11375,10815
11373,10787
11365,10722
11355,11536
11291,11249
11284,10855
11269,10884
11258,10908
11243,10471
11243,10336
11232,11009
11230,11029
11229,11598
11205,10659
11203,10827
11195,10746
11195,10926
11188,10626
11188,10907
11178,10293
11153,10583
11137,11186
11133,10743
11072,9962
11060,10015
11056,10200
11041,10042
11034,9941
10996,9889
10992,9991
10966,9894
10950,10775
10950,10290
10947,9865
10947,10198
10918,10075
10915,9623
10913,9348
10900,9543
10898,10106
10895,9813
10894,9808
10881,9670
10875,9852
10875,10079
10874,10079
10872,10384
10870,9542
10868,10069
10826,9022
10824,9966
10821,9460
10821,9109
10821,9539
10810,9840
10810,10043
10808,9946
10805,10197
10794,9439
10792,9138
10790,9262
10790,10201
10790,9408
10788,9853
10787,9211
10780,9324
10780,9421
10774,9737
10739,9393
10738,9308
10735,9360
10728,10068
10728,8846
10728,9318
10709,8912
10707,8634
10695,8918
10691,8617
10690,8943
10690,8902
10675,9038
11537,10717
11522,11485
11488,11443
11482,11131
11473,11595
11466,11179
11445,10890
11441,11383
11430,12004
11429,12274
11426,11982
11424,11582
11416,11495
11406,11900
11342,11241
11335,11174
11320,10591
11309,10500
11294,10628
11294,11546
11283,11401
11281,11293
11258,10677
11256,10414
11254,10222
11246,10105
11246,11255
11239,11206
11232,10471
11232,10623
11208,10142
11201,10258
11144,10518
11128,9931
11112,9969
11092,9897
11092,10498
11084,10040
11047,9841
11043,9743
11040,10533
11001,9670
11001,9608
10998,10186
10969,9892
10969,9917
10966,10481
10964,9947
10951,9954
10946,9927
10945,9704
10932,9927
10930,10055
10926,9313
10926,9655
10925,10154
10923,9722
10921,9518
10919,10671
10877,10048
10875,8969
10872,9779
10872,9241
10861,9925
10861,8910
10859,9706
10856,9439
10856,9207
10844,9517
10843,9141
10841,9748
10841,9174
10839,9405
10839,9098
10838,9311
10831,9045
10831,8947
10825,9519
10800,9048
10788,10097
10780,9458
10779,8819
10779,9789
10760,9181
10760,9134
10758,9239
10754,9010
10742,8932
10741,10265
10741,9482
10726,9596
10724,9623
11557,10941
11536,12454
11529,11908
11520,10866
11513,11788
11490,11304
11481,10962
11478,11233
11476,10662
11473,13084
11466,11725
11457,10781
11394,10672
11387,10609
11371,11051
11362,11469
11360,11197
11345,10883
11345,11131
11332,10911
11327,10688
11309,10715
11306,10145
11305,10336
11297,10380
11297,10847
11290,10833
11283,10881
11283,10270
11259,11106
11252,10381
11197,10824
11195,10843
11167,10120
11147,10531
11143,10744
11135,10665
11098,10278
11094,10071
11091,10655
11075,10770
11052,10329
11049,10054
11020,9690
11020,10146
11017,10195
11015,10330
11002,10272
10997,9709
10996,9990
10983,9760
10981,10195
10977,9406
10977,9381
10976,10304
10974,9919
10972,9639
10970,9381
10928,9910
10926,9381
10923,9499
10923,10529
10912,9653
10912,9376
10910,9643
10907,11096
10907,10341
10895,9871
10894,9441
10892,9530
10892,9687
10890,9457
10890,9415
10889,10289
10882,10160
10882,9192
10882,9326
10851,10286
10849,9652
10832,9586
10831,9071
10830,8913
10811,9513
10811,9373
10809,9382
10805,9034
10805,8774
10792,9621
10792,9199
10777,9025
10775,9530
10775,9419
11584,11162
11577,12315
11568,11793
11542,11533
11538,11249
11529,11145
11526,11289
11524,11043
11521,11421
11514,11181
11505,11663
11445,11100
11438,10994
11422,10742
11413,11351
11396,11283
11396,11723
11396,11121
11383,10629
11377,10949
11355,11026
11356,11539
11348,10858
11348,10675
11348,11248
11341,11120
11334,11507
11315,10826
11313,10680
11306,11210
11260,10837
11240,10307
11235,10441
11203,10572
11191,10716
11186,10768
11145,11041
11142,10244
11142,10972
11126,11244
11123,10177
11100,10549
11071,10319
11071,10410
11066,10282
11053,10795
11051,10126
11048,10274
11047,10534
11034,10759
11032,9756
11028,10089
11028,9955
11027,9452
11025,10203
11023,9607
11021,10115
10979,9892
10977,9593
10974,9495
10974,9836
10963,9961
10963,9934
10961,9733
10958,9896
10947,10403
10945,9953
10945,10563
10943,10490
10943,10244
10941,9442
10940,9273
10940,9531
10933,9849
10933,9588
10908,9280
10908,9524
10900,9434
10893,9903
10882,9474
10881,9321
10862,9772
10860,9228
10860,9795
10856,9317
10855,9212
10843,9369
10828,8953
10828,9138
10826,8902
10824,9043
10824,8837
11614,10369
11607,12070
11593,12255
11589,12095
11578,11841
11577,11494
11574,11053
11572,10976
11564,10913
11554,11428
11495,11480
11488,10997
11473,10622
11462,10556
11447,11236
11447,11011
11436,10730
11429,10506
11428,10397
11404,11574
11403,11022
11399,10428
11399,10420
11392,11129
11392,10783
11385,10550
11366,10551
11363,10792
11360,10396
11317,10099
11304,10103
11286,10620
11255,10461
11243,9964
11237,9861
11196,10271
11193,9626
11193,10309
11177,9857
11174,9646
11151,10398
11122,9550
11122,9656
11117,10101
11104,9570
11102,10186
11099,10271
11098,9473
11085,10380
11083,9627
11079,10337
11079,9654
11078,10218
11076,10012
11074,9331
11072,9999
11030,9347
11028,10083
11025,9682
11025,9024
11014,9556
11014,9817
11012,9193
11009,9243
11009,9758
10997,9188
10996,8942
10994,9231
10994,8922
10992,9462
10992,8928
10991,9275
10984,9147
10984,8845
10984,9035
10959,8802
10951,9405
10951,8848
10934,8872
10933,8959
10932,9183
10913,8816
10911,9036
10911,8690
10907,9216
10906,8680
10894,9205
10879,8741
10879,9439
10877,8614
10875,9194
10875,8848
11665,10454
11658,11787
11644,11891
11640,11259
11629,11055
11628,10933
11625,11114
11623,11822
11615,11746
11605,11677
11546,10812
11539,10483
11524,10678
11513,10927
11498,10617
11498,10480
11487,10398
11480,11039
11479,11058
11455,10522
11458,10156
11450,10016
11450,10500
11450,10672
11443,10165
11436,10115
11417,10621
11414,10313
11408,10013
11362,9931
11342,10408
11337,9986
11305,9717
11293,9726
11288,9971
11247,9549
11244,9878
11244,9562
11228,9936
11202,9822
11202,9644
11173,9471
11173,9756
11170,10535
11155,10166
11153,9519
11150,10091
11149,9424
11136,10190
11134,9861
11130,9710
11130,11924
11129,10054
11127,9536
11125,9991
11123,9474
11081,9383
11079,9265
11076,9470
11076,9534
11065,10101
11065,9207
11063,9702
11063,9391
11060,9720
11048,9691
11047,9255
11045,9806
11045,9379
11045,9015
11043,9406
11042,9092
11035,9543
11035,9457
11035,9321
11010,9862
11002,9453
10992,9399
10984,9307
10983,9064
10983,9557
10964,8958
10962,9542
10962,9167
10958,9445
10946,9146
10945,9451
10930,8914
10930,9197
10928,8758
10928,9294
10926,9117
11717,10356
11710,12256
11695,12053
11691,11215
11682,10963
11679,11096
11677,11105
11674,11746
11667,11651
11658,11426
11598,11134
11591,10711
11575,10624
11566,10477
11549,11077
11549,11147
11549,12479
11536,11279
11530,11365
11508,11203
11509,10602
11501,10373
11501,10456
11501,11474
11494,11465
11487,10628
11468,10482
11466,10374
11459,10884
11413,10833
11399,10736
11372,10379
11352,9968
11340,10817
11339,10499
11302,10088
11295,9775
11295,10503
11279,10035
11256,9901
11253,9923
11224,9816
11224,10051
11221,10479
11219,9578
11204,9836
11201,9946
11200,9618
11187,10020
11185,9637
11181,10012
11181,10230
11180,9840
11178,10116
11176,9717
11174,9973
11132,10195
11130,9824
11127,9812
11127,9923
11116,9519
11116,10072
11114,10005
11114,9406
11111,9730
11099,9586
11098,9754
11096,9851
11096,9400
11096,9664
11094,9882
11093,8982
11086,9135
11086,9766
11086,9211
11055,9764
11053,9698
11043,9495
11035,9429
11034,9168
11034,9198
11015,9524
11013,9191
11013,9811
11009,8990
10996,9582
10996,9122
10981,8993
10981,9279
10979,9205
10977,9705
10977,8954
11768,10527
11760,11405
11746,11482
11742,11189
11731,11269
11730,11051
11727,11675
11725,11688
11717,11244
11707,11800
11648,11163
11641,10789
11626,10580
11615,11288
11600,12078
11600,11548
11589,11361
11582,10862
11559,10587
11556,10798
11560,11150
11552,11087
11552,10904
11545,10500
11538,10502
11538,10373
11517,10868
11513,11109
11464,10791
11452,10193
11439,10327
11407,10303
11402,10333
11390,9991
11353,9769
11346,10687
11346,9802
11330,9833
11330,10283
11304,9981
11275,9741
11275,10719
11272,10059
11257,9991
11255,10464
11252,9810
11251,10369
11238,10162
11236,9632
11232,10523
11232,10069
11231,9674
11229,10293
11227,9924
11225,9554
11183,10090
11181,9381
11178,10522
11178,10157
11167,9474
11167,9760
11165,9500
11162,9340
11151,9635
11149,9469
11149,9280
11147,9682
11147,9188
11145,10249
11144,10008
11137,9534
11137,9716
11137,10210
11112,9400
11110,9497
11104,9703
11097,9263
11087,8985
11086,9832
11066,9335
11064,8916
11064,9191
11060,8885
11059,10024
11047,8967
11032,9968
11030,9456
11030,9080
11028,9535
11028,9264
11028,9302
11028,9184
11788,10461
11780,11403
11777,11730
11775,10897
11772,12054
11765,11420
11756,11310
11700,11208
11693,10728
11677,10639
11668,11753
11651,11206
11651,11056
11640,10570
11638,10750
11632,11139
11608,11093
11607,11694
11599,11332
11603,11099
11596,11039
11596,10654
11589,10410
11568,10219
11567,10981
11524,10998
11524,10581
11510,10075
11489,10156
11476,10401
11465,10443
11410,9895
11400,10037
11397,10658
11381,10676
11378,9778
11378,9895
11347,10479
11347,10570
11323,10024
11308,9977
11306,10183
11303,9700
11302,9657
11289,10181
11287,9423
11283,10247
11282,10438
11280,9810
11278,10417
11276,9684
11234,9411
11232,9731
11229,9774
11229,9440
11218,9739
11218,9926
11218,9540
11216,10008
11213,9350
11201,9319
11200,9633
11198,9355
11198,9621
11198,10077
11196,9369
11195,9310
11188,10166
11188,9780
11188,9481
11163,9675
11161,9627
11161,9254
11154,9671
11154,9197
11148,9220
11127,9707
11116,9179
11116,9787
11111,9459
11111,9577
11110,9657
11094,9010
11094,9140
11092,9273
11081,9091
11079,9761
11079,8991
11079,9409
11073,9447
11073,9660
11072,9076
11825,10553
11825,11967
11822,11717
11815,11350
11806,11250
11751,11377
11750,10801
11743,11097
11728,11502
11717,11535
11702,11263
11702,11253
11691,10662
11684,10610
11683,10808
11659,11389
11658,11534
11650,11085
11650,10995
11654,10709
11647,10993
11640,10558
11621,10652
11619,11109
11615,11289
11575,10489
11575,10321
11564,10411
11540,10340
11519,10667
11516,11167
11461,10221
11455,10059
11448,10042
11432,10395
11432,10441
11429,9910
11429,10634
11398,10417
11374,10366
11372,9899
11359,10351
11357,9890
11354,10031
11353,10792
11340,10097
11338,9901
11334,10040
11334,10124
11333,9953
11331,10506
11329,9993
11327,9732
11285,9615
11283,10311
11280,9913
11280,9886
11269,10561
11269,10143
11267,10417
11267,10980
11264,9635
11252,9459
11251,10712
11249,10261
11249,9745
11249,9883
11247,10348
11246,9481
11239,9481
11239,10727
11239,9817
11214,9769
11212,9892
11212,9942
11199,9541
11199,9669
11189,9989
11169,9374
11166,9593
11166,10110
11162,9167
11162,9984
11161,10369
11145,10260
11134,9046
11132,9266
11132,9627
11130,9638
11130,9971
11130,9761
11124,9549
11890,10593
11882,11700
11879,11701
11877,11273
11874,11489
11867,11341
11858,11704
11802,11086
11795,10930
11779,11030
11770,11723
11768,11657
11753,11026
11753,11485
11740,11242
11735,10943
11712,10997
11709,11152
11709,11308
11705,10965
11705,10656
11698,11864
11691,11077
11691,11608
11670,11292
11669,11137
11666,10674
11626,10616
11616,10782
11579,11875
11577,10963
11552,10430
11511,10904
11502,10305
11499,10115
11483,10622
11483,10173
11480,10505
11480,9997
11428,10403
11425,10464
11423,9937
11410,10724
11408,10311
11405,9840
11404,9996
11391,10154
11389,10060
11385,9736
11384,10545
11382,10364
11380,9824
11378,9927
11378,10440
11336,10612
11334,10145
11331,10486
11331,10644
11320,9771
11320,9983
11318,10358
11315,11698
11304,10658
11303,10078
11302,10093
11300,10061
11300,10259
11298,11035
11298,11030
11297,10188
11290,10743
11290,10440
11290,10847
11265,10423
11263,10272
11256,10393
11250,10680
11240,10492
11220,10614
11219,10395
11217,9781
11213,10191
11213,10022
11212,9532
11212,10452
11185,11195
11183,10175
11183,9367
11181,9755
11181,10173
11181,10173
11181,10461
11948,11593
11933,12496
11929,12539
11920,11339
11853,10977
11845,10920
11821,11000
11804,11283
11791,10589
