234,1957
234,2300
234,1913
234,2415
262,2175
262,2015
262,2061
262,2037
263,2061
263,2046
263,2043
263,2048
263,2066
261,2075
257,2421
280,2900
267,3148
259,3031
249,3009
242,2944
234,2932
232,2967
229,2896
220,2783
216,2698
210,2665
204,2573
202,2503
202,2506
215,2717
210,2675
200,1907
195,2316
189,7872
215,7214
209,3229
200,2193
199,1948
250,5764
243,5803
236,2934
231,4369
228,2268
221,2223
217,4846
210,4609
230,2023
219,3471
213,3338
208,2387
223,1965
214,3901
209,3905
205,2050
198,1624
192,1501
190,3446
187,3548
182,2339
179,1838
179,1877
201,1778
201,1816
199,1844
196,1894
189,1763
187,1934
182,1732
180,1685
177,1648
175,1576
175,1570
172,1464
169,1454
167,1563
173,2684
173,2480
173,2487
173,2580
171,2530
190,2479
188,2561
184,2421
189,2956
203,2474
196,1689
194,3387
190,2976
180,2757
173,1834
167,1018
160,3271
157,3393
153,1641
149,1497
146,1851
147,2196
144,2228
140,2384
135,2214
133,1352
131,1494
128,2134
127,1995
122,2011
121,1874
121,2102
121,1885
121,1856
121,1220
121,1414
120,1294
117,1292
116,1690
111,1665
109,1789
109,1631
105,1429
104,1556
104,1680
103,1411
102,753
99,506
96,394
96,406
96,371
96,564
96,1010
96,1594
248,1305
282,1363
281,1373
273,1277
271,1420
268,5148
263,5529
259,2672
253,1657
284,1579
268,5517
262,4340
249,1985
265,1647
261,1409
255,1404
249,1578
246,1506
241,1683
236,4204
228,4098
223,3947
220,2183
220,1664
236,1667
233,4382
227,3718
226,1958
226,2111
226,2149
226,1975
225,2329
224,1948
220,1926
214,2044
209,1892
206,1832
204,1999
212,1777
209,1774
209,1916
206,2006
202,1709
225,1862
220,1680
219,1647
225,1815
244,1697
244,3255
242,3155
238,2079
232,2969
228,2178
226,1558
225,1569
221,1736
214,1479
213,1499
209,1618
208,1452
203,1448
196,1588
187,1420
181,2583
180,2724
175,2485
169,2946
165,2725
160,1893
156,1131
152,1194
147,1175
144,1069
142,1169
139,1313
138,1336
132,1241
132,1297
132,1437
132,1189
132,1211
132,1197
132,1195
130,1391
127,1747
122,1313
121,1330
120,1588
117,1253
115,1274
115,1320
114,1271
277,1405
316,1538
314,1614
307,1665
307,1742
307,1562
306,1604
304,6252
339,6049
332,2948
330,1859
323,1854
320,2206
346,5723
338,5621
334,2853
326,4120
314,2500
305,1336
290,1285
282,1295
274,1378
271,5601
267,5674
284,2568
278,1697
275,4912
265,4297
257,1846
251,1567
250,1641
245,1543
241,4912
234,4605
232,1792
232,4981
232,2327
247,1529
245,1527
245,1592
241,1525
234,4934
230,4410
256,2214
252,3221
246,2489
269,3843
267,2836
264,1754
259,1604
255,1530
250,4105
249,3754
249,1896
249,1447
249,1288
244,1296
238,1585
236,1292
240,3826
238,3724
236,1754
226,1183
225,1495
221,1191
210,1164
206,1573
197,3069
191,2971
185,2368
179,1980
172,2720
168,2224
163,1759
159,2480
155,2688
149,1595
147,2231
145,2230
142,2146
137,2111
135,2087
135,2088
135,2082
135,2087
135,2072
135,2097
134,2098
130,2025
126,2011
124,2008
123,2269
338,1621
334,1666
333,1559
327,1586
325,1487
319,3562
311,2822
310,2811
355,2859
353,2837
350,2838
341,5934
334,4501
360,2321
357,1875
353,1846
347,1834
340,1808
333,1816
325,1935
307,2193
298,2131
285,2080
306,2340
302,2276
290,2216
285,2172
279,2129
276,2128
263,2084
255,1975
253,1948
249,1938
245,1912
236,1856
234,1871
233,4409
248,4433
248,2849
247,3030
246,3028
243,2269
268,2229
262,2187
255,2173
252,2160
272,2134
268,2102
267,2102
261,2079
257,2041
254,2032
249,2012
249,2026
249,2005
249,3507
247,3522
239,2299
244,1741
241,1691
239,1688
237,1675
230,1650
225,1577
221,1597
211,1521
207,1510
197,1454
191,1735
185,3028
178,2750
172,2364
168,1575
163,1499
159,1422
153,1359
147,1351
147,1318
143,1881
141,1838
136,2060
135,1983
135,1807
135,2032
135,2031
135,1841
134,2011
133,2044
130,1946
125,1947
124,1867
123,1921
337,1571
334,1625
331,1600
325,1584
322,1618
317,1869
310,6487
310,4135
355,2412
353,2143
350,2135
341,2137
367,2130
364,2125
357,2081
354,2265
349,7032
340,5633
336,2802
328,2052
313,2005
305,5850
299,4766
314,2446
305,2035
297,1980
287,1946
285,5051
278,4906
276,2696
264,2132
258,2071
253,2060
249,2021
245,2005
242,1976
235,4398
248,4387
248,3137
248,1938
248,1931
246,1947
281,1953
278,1983
269,1890
268,1879
310,1893
306,4252
298,4150
295,2180
293,1510
290,1496
285,1492
283,1480
306,4471
301,4450
301,2136
301,1538
307,3905
304,3899
297,2049
291,1637
290,1634
285,3581
282,3588
278,1898
269,3459
266,3424
259,1860
247,1446
241,3282
231,3224
225,2201
219,1689
218,3096
209,3045
204,2062
196,1565
195,1559
191,1528
185,1490
179,1466
179,1471
175,1457
173,1752
168,1726
167,1722
167,1715
167,1741
167,1733
166,1710
165,1729
389,1880
376,1931
372,2058
361,1837
357,1738
351,1987
350,1856
347,1963
389,2149
383,2154
380,8253
375,6658
403,3345
402,4099
402,2822
401,2448
397,2437
386,2422
379,2361
376,2352
369,2283
366,2310
370,2550
388,2474
382,2475
373,2454
365,2337
346,2245
335,2222
323,2129
315,2054
310,5390
303,5280
295,2653
292,1943
286,1872
305,1864
290,4872
284,4852
280,2482
275,1773
270,4664
303,4676
294,2514
291,1482
297,1481
352,4598
351,4556
348,2408
342,1648
329,4238
323,3487
314,1808
311,4049
333,2850
327,2955
325,2276
323,1840
326,1805
324,1816
320,1796
314,1717
314,1727
314,1747
312,1734
307,1737
299,3672
295,3660
290,2471
288,1919
284,1903
279,3850
271,3402
265,1816
258,1452
243,1426
236,3070
226,3015
220,2945
219,2044
211,1566
206,1217
198,1165
197,2923
191,2731
187,2382
181,2581
179,1769
176,1345
175,2588
170,2565
169,2524
407,1769
407,2148
406,1995
401,1733
395,1972
380,1866
375,1985
409,1957
403,1857
398,2370
395,2395
392,2647
428,10041
420,4678
414,3333
412,2099
404,2131
404,2154
404,2228
402,2183
389,2176
380,2290
387,9080
406,5534
403,3250
396,2011
388,2059
382,2083
370,2197
355,2138
346,2078
330,2108
322,2214
313,2320
305,2021
294,2325
316,2330
310,2263
303,2219
289,2125
283,5241
279,6488
311,2520
304,1729
297,1702
356,1754
353,1708
353,1728
353,1705
351,1698
347,4969
340,4943
328,2385
345,1589
340,1563
335,1563
330,1531
326,4508
336,4506
330,2308
327,1549
322,1524
316,1481
315,1467
315,1450
313,1642
310,1653
303,1598
296,1825
291,1769
289,1763
286,1766
280,1789
273,1736
267,1733
259,1712
247,1569
238,1527
228,1488
222,1413
221,1687
212,1619
206,1581
200,1524
197,1499
191,1426
186,1425
183,1380
181,1370
178,1686
173,1633
171,1549
408,1976
408,1929
408,1976
405,1981
400,1993
392,2254
378,1979
415,1947
406,2283
402,2550
397,2543
433,2539
429,2933
423,2909
418,2835
413,2833
406,2935
405,2812
405,2840
403,2884
398,2814
388,2775
415,2856
409,2731
406,2720
399,2648
392,2281
384,2247
377,2268
367,6502
349,5976
337,3061
325,1863
315,1803
311,1731
300,5849
320,5692
310,2940
306,1688
295,4956
286,3287
318,2070
312,2024
307,2075
303,4597
358,5691
354,2942
354,1646
354,1501
353,1731
350,1668
344,5870
331,5721
351,2460
342,1408
339,1592
334,4542
340,4462
338,1765
336,1349
328,1294
326,1377
322,1382
316,1491
316,1676
316,2085
314,1975
309,1969
300,1815
297,1814
292,3971
290,3902
286,1680
280,1535
273,4111
266,4470
261,2437
246,855
239,730
228,827
223,769
222,949
213,1224
207,1351
199,1910
196,2232
192,1797
189,1771
184,2060
182,1069
179,633
178,641
412,2245
409,2002
409,1889
409,1824
406,2270
402,1994
395,1980
425,2229
421,2420
410,2029
405,2199
438,2173
435,2014
432,1966
428,2419
423,2086
416,2264
408,2496
406,2189
406,2183
404,7686
410,5903
424,3311
416,4042
410,2284
407,2018
402,2343
393,1987
386,1979
380,2215
369,1869
351,2020
339,2241
326,1868
316,2022
312,2283
327,1964
317,1896
308,1917
303,1262
293,1563
323,2036
319,2138
313,1390
315,1484
366,1247
358,5535
355,5185
355,2459
355,1486
353,1353
349,1303
342,1275
356,1606
347,1256
341,4590
337,4183
343,2135
339,1248
338,1561
332,1261
327,4006
324,3764
318,1914
317,1335
317,1660
315,1357
312,1330
305,1555
298,1295
293,1391
291,1408
287,1414
281,1397
274,1456
268,1366
261,1350
246,1793
236,1482
229,3189
224,3245
218,2915
210,1511
206,1516
199,1192
194,1167
193,1128
188,1111
185,1201
183,1247
180,1212
175,2336
413,2592
410,2215
410,1955
410,2012
407,2327
402,1995
394,1994
425,2183
417,2267
408,2127
404,8675
439,6340
435,3496
433,2197
427,2291
421,1985
417,1978
409,1991
407,2603
407,1885
405,9432
411,5499
425,3454
417,1967
411,2131
408,1965
403,7863
394,4375
387,2661
381,1858
370,2105
352,7296
341,5304
329,2837
318,2093
340,7431
332,4113
319,2472
314,1836
304,1806
298,1707
328,1810
320,1711
317,1822
373,2272
367,1746
360,1710
357,2012
356,1716
356,1681
355,1695
352,1785
376,1691
366,1685
355,1794
346,1605
342,1604
350,4545
345,4780
341,2404
339,1951
331,1615
329,1615
325,1937
319,4177
319,4622
319,2599
317,1564
314,4506
306,3070
299,1747
294,1471
292,1471
289,4278
283,3945
277,2058
271,1510
264,3709
250,4020
242,2270
235,1505
227,4149
224,3894
218,1872
207,1435
203,1729
198,1383
195,1337
194,3070
188,2750
186,2677
184,2216
425,2604
419,2003
414,1952
411,2478
411,2158
411,2204
457,6577
452,3296
442,6876
426,3815
423,6446
456,3663
448,2753
442,2167
440,2175
437,2507
432,2153
424,2137
421,2410
415,2113
408,2074
443,2403
443,2049
441,2060
437,2375
425,1953
417,1942
414,2243
408,1925
405,1849
398,2131
388,1896
383,1860
374,2136
356,1785
383,7262
365,4723
353,2466
333,6572
320,3072
352,4080
348,6153
343,2951
341,1696
392,5619
386,2721
381,2858
376,5887
369,2858
362,1579
359,5111
356,3125
386,1728
385,1513
383,5081
378,3253
382,3578
369,2080
362,1476
354,1479
350,1734
345,4309
341,4706
339,2434
331,1351
329,1353
325,1332
319,4056
319,4058
319,2298
317,1793
307,3960
301,4208
298,2056
293,1219
290,1206
288,4112
278,3538
274,1903
267,1858
251,1115
244,914
235,940
227,3161
221,3069
210,3131
205,1975
197,1543
196,1530
195,1754
191,1426
186,1393
433,2110
427,2059
424,2228
414,2006
411,2067
411,2311
460,2085
457,8538
451,5408
440,3235
472,6013
462,3105
451,2477
447,2343
441,2433
437,2477
432,2285
425,2283
421,7578
415,5467
417,3150
443,2075
443,1925
441,1923
427,1890
419,1987
416,1784
409,1811
405,2087
400,6753
389,5907
385,3048
374,2110
356,1814
347,1977
365,1826
354,1671
340,2023
324,1927
311,1839
350,2206
343,2016
337,1981
335,1926
382,2197
376,1927
371,1901
367,2045
360,2528
356,3785
356,5280
356,3593
383,1907
379,1385
370,1379
358,1354
362,1314
356,1431
351,1411
345,1527
341,1643
340,4657
334,4871
329,2283
326,1401
319,1293
319,1282
319,1478
317,1308
312,1309
302,1505
298,1577
294,1568
291,3830
288,4300
282,2088
276,1349
267,1355
254,1275
246,3431
236,1101
229,3407
225,3231
218,1935
208,1475
203,2765
198,2750
195,2578
192,1935
186,1907
184,1872
181,1866
424,2236
416,2063
411,2004
411,2065
411,2108
408,2371
452,2301
440,2057
426,2543
417,2458
451,2655
446,2681
439,10191
437,4492
432,3311
425,2202
421,2471
415,2345
407,2360
407,2470
417,2503
441,2557
427,8737
418,5743
415,3476
408,4917
404,2846
397,2337
388,2262
381,2181
371,2141
352,8666
340,5509
327,3495
317,5634
340,2889
326,7232
320,3576
308,4861
302,5060
330,3052
324,4878
319,3061
321,6446
369,3454
362,4907
357,2851
356,2223
356,6591
355,3906
352,2337
349,6453
366,3432
354,2255
345,6772
342,3770
349,2043
343,1792
341,1865
339,5648
331,5255
327,2531
321,1714
319,1725
319,5276
319,4951
316,2285
307,1662
301,5100
298,5331
292,2333
289,1843
285,4896
276,4895
271,2552
266,3663
250,3731
242,2810
233,2374
226,1753
224,1718
217,1653
211,4411
203,4375
200,4121
194,2999
191,3865
186,3897
184,2066
181,4195
180,3724
174,1850
411,2346
411,2040
411,2160
408,2038
403,8162
440,4312
426,2408
417,7093
408,4799
404,2976
439,6769
435,4091
433,3036
426,8848
421,4012
415,2834
408,6554
407,3818
407,6605
405,3668
408,6534
423,3667
417,2580
411,8332
408,3512
401,4767
393,2203
386,8091
378,3693
369,2406
349,7229
338,3809
326,2697
317,7009
340,4034
326,6076
320,3042
313,5107
308,5831
294,4402
324,2483
319,6623
314,3786
371,2362
362,6364
359,3682
356,2305
356,6236
356,3838
354,4752
351,5813
369,2658
358,1944
349,6247
344,4160
341,3567
345,2206
342,1910
340,6217
334,3517
331,2119
326,1787
320,1751
319,1782
319,5534
318,5082
315,2956
306,5445
301,2867
298,4058
292,4079
289,3998
285,5170
276,2450
273,5021
266,2639
250,4798
242,3276
235,1996
227,4676
224,4640
217,2336
211,3192
207,3126
202,2311
196,2234
192,2100
186,2204
186,3829
182,3819
180,3854
175,1944
411,2503
411,2158
411,2096
410,6395
404,3372
445,2225
427,2098
423,2090
412,2079
448,2123
439,2322
438,2632
434,7801
430,6085
424,3320
417,2138
410,7331
407,4488
407,4921
406,2667
438,7201
425,3649
418,5287
415,2748
408,2083
404,6869
396,4375
387,4727
381,2471
370,1945
352,6771
341,4194
328,2597
317,2178
340,2186
330,2132
322,5559
314,5485
310,2423
333,5687
324,3150
320,1917
314,5389
371,3213
367,1947
359,1920
356,1879
356,1874
356,5561
354,5073
350,2228
369,5453
356,2902
349,3411
342,4919
351,2396
345,4338
341,3243
340,4729
333,2294
329,3196
325,4636
319,2248
319,3109
319,2346
317,4036
312,2899
302,1784
298,1759
294,4442
291,4394
288,1894
280,4247
275,2517
267,1634
254,1610
246,1542
236,3386
229,3415
225,3284
218,2377
211,3446
207,2981
202,1587
198,3142
194,2734
186,1886
186,2978
182,2649
180,2005
175,2889
174,2656
411,2012
411,2246
410,1968
405,2010
399,2009
431,8256
423,5115
412,3050
408,2330
442,2322
438,2292
435,2293
432,2288
424,2278
418,2452
410,2401
407,2382
407,2396
407,2391
415,2391
427,2380
418,2285
415,7015
408,6511
405,3287
397,2213
387,1973
382,1933
374,1872
355,1822
345,1912
331,2204
321,2527
313,2446
332,2430
322,2391
319,2386
313,2335
300,2299
328,2207
320,2167
317,5366
318,4869
367,2221
360,5252
356,3101
356,3548
356,2189
355,4674
352,2627
346,3433
360,2562
354,2029
345,2022
341,2005
345,1930
342,4145
340,3644
337,1862
331,1549
326,1529
320,4039
319,4081
319,2158
317,1494
314,4403
306,4402
299,1848
294,4957
292,3313
288,1870
283,5048
275,4193
269,2089
262,4763
247,3237
236,2398
230,4451
225,3091
219,2299
211,4256
207,4080
202,2193
198,1597
194,4103
186,3816
186,2593
182,2024
180,3751
175,3666
174,2399
174,1684
411,2096
410,2028
404,2067
397,2034
382,2043
423,2028
411,1927
406,1940
399,2145
436,8316
433,6160
426,3206
424,4360
417,2829
409,5378
407,3528
407,5368
405,3223
401,2408
400,2340
417,7717
411,4142
408,4912
403,2560
394,1969
386,1930
377,7110
370,5269
351,2627
338,1902
326,1866
317,5771
313,4035
326,2170
320,1952
313,1866
307,1788
292,5835
286,5567
319,2604
314,1726
307,1805
307,1666
357,1752
356,1742
356,1715
355,1929
353,5685
350,5273
340,2230
356,1683
348,5130
342,3448
339,3566
334,1867
341,1827
339,1645
331,1615
329,4753
325,4643
319,2255
319,4508
319,2430
317,4569
308,3477
302,3346
298,4537
293,2354
290,4393
287,2744
277,3258
274,2413
266,4283
252,4304
246,3020
236,3857
229,2051
225,3645
218,2538
211,3483
207,3465
202,1789
198,3239
192,3058
186,1552
186,2926
182,2945
180,2032
175,2748
174,2805
174,1988
174,1496
410,2153
404,2136
397,2131
382,1859
423,2033
412,2062
406,8415
399,5055
396,3284
434,2414
428,2122
423,2162
417,2184
409,2135
407,2206
407,2270
405,8209
401,5302
390,3427
417,1915
411,1822
408,1963
403,7466
394,5184
387,2832
379,3714
369,2739
351,7087
339,3754
326,2160
317,3944
313,3931
300,2876
320,4956
313,3400
307,1782
292,4491
286,3112
282,1919
314,1939
307,1896
300,1901
357,1933
356,1913
356,1887
355,1893
353,1941
350,1911
340,1852
330,1824
346,1798
342,1791
339,1807
332,3968
330,4003
339,2147
331,1470
329,1450
325,4045
319,3866
319,2063
319,3843
317,2479
307,1646
301,3837
298,3696
292,1945
289,1590
285,3994
276,3493
272,1872
265,1530
249,3979
242,3550
233,1627
226,3006
224,3003
217,2023
211,1498
203,2580
202,2584
195,2428
189,1680
186,1648
184,1635
181,1612
176,1556
174,1567
174,1574
174,1560
174,1578
172,1555
403,1983
392,1822
380,1900
368,1867
408,4720
404,4263
398,2997
395,7721
431,3918
423,2358
417,1894
409,1849
407,7849
407,5559
406,3075
402,4891
390,2698
383,2311
380,7526
408,4612
403,2623
394,1973
387,7269
380,4293
369,4598
350,4005
337,2318
325,1900
316,5427
308,5289
297,2282
294,1682
288,1670
307,1630
292,1597
284,1901
280,2149
274,2156
305,2158
298,2078
294,2040
301,2068
356,2108
354,4523
351,4556
343,1960
332,3446
323,2493
317,1962
313,1958
334,1952
330,1903
328,1937
321,1810
329,1788
325,3835
319,3677
319,1994
319,1389
317,1382
308,1393
301,1396
298,1370
293,1524
290,1760
287,3545
277,3462
274,2397
266,1811
251,1762
244,1735
235,1693
228,1663
224,1632
217,1572
211,1543
207,1542
202,1464
198,1433
192,2899
186,2772
184,2729
181,1917
180,1390
175,1352
174,2325
174,2269
174,2263
173,2331
172,2282
169,2284
163,2207
372,1809
366,1847
359,1843
354,1816
395,1861
394,1913
388,1797
383,1843
414,2052
407,2325
406,7088
407,6404
405,3326
398,2335
385,7025
381,3713
374,5982
372,2995
374,2224
391,2213
385,6664
373,4442
356,4685
347,2434
332,1770
323,1760
315,5595
307,5464
297,2877
294,1995
288,1981
281,1948
268,1867
282,1875
280,2131
274,2105
268,4895
261,4895
294,2571
294,4831
294,3369
301,2171
351,2175
345,2143
332,2041
328,2000
318,1962
315,1933
308,4732
305,4194
329,3115
324,4694
321,2365
317,4580
320,2551
319,3961
319,3982
317,2136
314,1747
306,1697
299,1674
294,1653
292,1619
288,1652
281,3679
275,3608
268,2478
254,1884
246,1829
235,3394
229,3335
224,2294
219,1678
211,1613
207,1572
202,1543
198,1482
194,1428
186,2901
186,3005
182,2877
180,2881
175,1432
174,1463
174,1433
174,1417
174,1456
172,1427
170,1417
163,1498
162,1386
157,2639
361,1841
356,1840
353,1752
350,2001
392,1926
386,1834
380,1759
378,1913
406,1904
406,2032
406,2308
405,2684
392,2650
383,2653
381,2583
374,2582
372,6897
365,5493
366,2951
385,2200
373,2173
358,2069
348,2050
332,6024
324,5808
315,2916
308,1820
297,1739
294,1706
288,1871
282,2044
270,2001
286,2249
282,2198
277,2205
272,2196
266,2177
260,2093
294,2149
294,2129
294,2137
354,2185
351,2184
345,2166
332,2179
328,2330
319,4969
315,4810
308,3538
332,3677
330,3649
326,2253
321,4694
317,2519
325,4713
319,2340
319,4546
319,3516
317,3386
311,3374
302,4563
298,2436
294,1585
291,1643
288,4372
282,4224
275,1844
268,4280
262,2275
247,4328
240,2845
230,1764
225,1705
224,1473
215,1428
211,1418
203,1374
202,1589
196,1841
192,1760
186,1735
184,1786
181,1711
180,1706
175,1725
174,1664
174,1683
174,1719
174,1664
172,1683
170,1696
164,1605
378,1894
367,1897
363,1764
403,1754
398,2014
395,2112
392,2022
386,1853
420,7648
414,6150
407,3199
407,2361
407,2151
405,2161
398,2276
388,2075
382,2038
376,1990
408,2190
401,2316
394,2387
387,2312
380,2298
369,2270
351,2201
340,2127
329,2048
318,1976
313,1941
306,2164
297,2092
294,2079
313,2109
305,2086
290,5102
284,5102
282,2667
311,1866
305,1848
298,1838
295,1809
356,1849
356,1859
355,5429
353,5426
350,2709
343,1628
330,1616
323,1746
343,1773
339,1743
334,1694
331,1822
340,2117
336,2140
331,2059
326,2080
321,2055
319,1989
319,1983
319,2031
317,4685
307,4275
301,1931
298,1624
293,1636
291,1611
288,1598
281,1798
275,1723
268,1796
262,1765
250,1618
241,1610
232,1838
226,1852
224,1722
217,1612
211,1665
207,1624
202,1571
198,3628
194,3399
188,2315
186,2315
184,2220
181,3148
176,3294
174,1676
174,1400
174,2820
174,2858
410,2182
405,1912
399,2154
435,1950
423,1899
412,2324
408,8640
445,5084
439,3181
435,5841
435,3124
427,2256
424,7500
417,4651
409,2749
407,2084
407,7341
416,4341
441,2781
427,5392
418,3219
416,5211
409,3091
407,2257
401,2226
392,2216
387,6219
378,4471
370,2463
351,5939
339,3114
327,5734
346,3084
340,2161
332,2147
322,2109
316,2078
348,2077
337,2014
328,1979
329,1948
379,5830
373,5627
367,2618
360,5599
357,2892
356,1677
356,1683
355,1645
383,1668
378,1870
369,1823
358,4695
362,4623
356,2573
353,2076
345,1950
343,1949
340,2012
337,1949
331,1916
327,1648
325,1868
319,1773
319,1811
319,1813
317,1761
313,1755
306,1955
299,1854
294,4398
293,4163
290,2049
286,1657
277,1587
274,1568
267,1527
252,1491
246,1467
236,1452
230,3537
225,3464
219,3050
210,1601
205,1586
199,1571
196,1558
194,1549
191,2842
186,2804
184,2775
181,2777
424,2253
416,2089
411,2037
461,2240
461,2188
459,2222
454,2261
496,2379
485,2349
472,8581
462,6408
453,3666
447,2358
441,6232
437,3478
435,6165
427,3678
435,2720
453,2381
445,2392
443,2346
443,2353
442,2367
438,2349
427,2320
419,2271
416,2240
410,8034
406,6170
400,3256
392,2247
386,2051
411,6896
397,5372
384,2919
370,3648
354,6212
381,3278
366,1976
358,1905
356,6308
407,5419
404,2556
399,1876
390,1809
384,1740
379,5196
373,5179
367,2279
392,3871
387,2903
386,2187
386,2418
398,2396
396,6281
392,3495
383,2200
371,6247
367,3051
357,1725
353,1746
348,5402
343,3655
341,1895
339,5142
331,2546
329,1614
325,4559
319,3837
319,2149
319,1957
318,1825
313,4520
306,4408
300,1969
295,5111
293,2544
289,1732
284,1686
277,1701
271,1716
263,1621
250,1578
238,1610
223,1549
218,1517
212,1537
206,1599
201,1578
197,1470
196,1627
195,1448
451,2457
438,2157
483,2205
477,2208
474,2360
466,2383
461,2165
510,2498
510,2580
508,2563
504,2514
495,2708
478,2536
470,2421
458,2526
450,2467
443,2406
455,2601
478,2614
468,2660
462,2523
455,2365
446,2185
443,2227
443,2451
444,2225
442,2365
428,2611
419,2311
416,2264
410,2126
447,2366
439,8745
426,5088
421,3079
410,1975
391,1700
423,7573
397,4286
380,2583
431,1802
420,6917
412,3647
411,2068
405,1864
401,1819
390,1680
382,1659
409,1701
403,1687
397,1974
390,1900
386,1848
399,2022
399,1897
397,1872
392,2044
384,5352
371,4881
367,2287
356,1681
353,1649
345,1594
342,1649
340,1629
334,1765
331,1681
326,1753
320,1895
319,1874
319,1885
318,1874
315,1814
307,1856
300,1829
295,1748
293,1811
289,1797
283,1788
276,1730
269,1724
262,1713
247,1676
234,1835
222,1762
217,1746
207,1985
201,1953
199,1932
196,1835
195,1804
194,1680
442,2414
437,2331
483,2590
475,2241
469,2160
462,2106
510,2298
510,2096
508,2417
504,2485
501,2313
487,2371
474,2585
462,2249
453,2379
447,2441
441,2318
478,2505
474,2656
465,2539
461,2519
453,2468
445,2437
443,2422
443,2595
442,2463
438,2404
426,2380
419,2355
416,2527
409,2562
445,2502
437,2534
425,2412
419,8940
410,4493
440,3130
421,1858
393,1778
380,1836
430,1657
420,6496
413,4932
411,2679
405,1770
403,1816
392,1804
385,1669
411,1666
406,1758
399,1764
392,2046
401,1884
399,1944
399,2001
397,1890
395,1936
391,2010
379,1959
369,1805
361,1823
354,1833
350,1743
345,1920
341,1750
339,1917
331,2030
329,1895
325,1845
319,1965
319,1790
320,1777
318,1917
313,1761
306,1719
300,1745
295,1685
293,1936
289,1957
283,1877
276,1881
269,1989
259,1832
238,1808
230,1744
216,1653
213,1939
212,2041
204,1850
201,1747
197,1716
196,1687
456,2471
444,2486
487,2362
483,2231
477,7726
474,4082
515,5790
510,3040
510,2406
512,9921
508,4555
503,3358
490,2299
475,2476
466,2390
457,2627
465,2441
482,2314
479,2428
476,2415
467,2414
462,2369
454,8622
445,4612
443,3265
444,2128
443,2158
439,2203
426,2125
419,2066
416,2144
450,2245
445,2430
437,2433
425,2385
418,2480
454,2321
423,2235
407,2162
394,2228
440,2108
427,1882
420,1984
412,2214
409,1957
405,2107
401,1988
390,1895
414,1992
409,2000
403,1832
397,2004
404,1941
400,1790
399,1843
399,1925
397,1750
394,1976
389,1757
379,1771
368,1920
358,1827
354,1767
350,1805
343,1927
341,2079
339,4927
331,4844
329,2174
325,1613
320,4779
320,3231
320,2068
318,1675
313,1863
303,1662
300,1692
295,1667
293,1633
289,1639
283,1544
276,1505
265,4281
250,4094
235,1767
225,1434
216,1383
213,3365
212,3443
204,3373
200,1697
196,1309
466,2319
454,2241
494,2484
487,5101
483,2942
475,6596
521,3520
515,2674
510,8661
512,4322
510,2772
506,2230
501,2269
488,2255
474,2208
462,2184
469,2313
488,8080
482,5372
478,3411
471,2252
463,2229
458,2188
451,2073
444,2118
444,2108
444,2332
442,2506
434,2468
421,2425
459,2441
451,2391
449,2376
439,2356
430,2317
422,2292
457,2264
427,2181
412,2140
397,2098
441,2049
430,1988
420,5692
413,5463
409,2820
405,1781
401,1536
420,1499
414,1458
409,1590
403,1738
397,1844
404,2161
399,2123
399,2135
399,5392
397,5054
392,2345
385,1592
372,1580
367,1568
357,1543
353,1541
345,1655
342,1868
340,1884
336,6572
331,5968
326,3175
320,2005
320,1644
320,1350
318,1622
315,1509
307,1320
300,1523
295,1661
293,4986
289,5460
284,2437
276,1735
269,1453
262,1657
244,1437
228,1496
221,1546
213,1508
207,1242
201,1692
199,1543
196,1507
195,1587
454,3164
492,2718
487,2492
483,2398
474,2456
466,2341
512,2687
510,10291
510,5521
510,3251
505,2523
498,7613
487,4431
472,2829
459,2382
452,9422
487,4757
481,3319
478,2060
470,2538
462,2535
455,2282
446,2578
443,2304
444,2194
444,9285
441,4914
428,3424
419,2412
416,2324
450,2180
445,2582
437,2448
425,1981
417,2020
408,2313
440,2113
421,1991
399,2282
438,2050
429,7337
419,4630
412,2618
407,1723
404,1786
394,1992
386,1880
411,1699
406,1966
401,1696
392,1822
389,2045
399,1837
399,2076
397,2311
395,2022
391,1894
379,1849
369,1747
359,1943
354,1702
350,1973
343,1956
341,1670
339,2042
331,1841
327,1769
321,1978
319,2000
319,2086
319,6101
316,5752
307,2910
302,1851
299,1990
293,5641
290,3974
284,2675
277,2026
271,5054
263,3609
248,3780
241,2212
227,1496
217,1935
216,1535
204,1720
201,1648
196,1768
195,1566
194,1501
189,1673
437,2647
483,2733
475,2706
469,2421
462,2551
510,2219
510,2443
508,2679
503,2529
498,2673
487,10273
472,5841
459,3459
452,2614
446,2468
440,2476
478,2467
468,2944
462,2580
455,2328
446,2515
443,2406
443,2242
442,2279
439,2613
426,2300
419,2255
415,2564
409,2698
404,2404
433,2367
425,2618
417,2388
406,2304
386,2482
415,2462
394,2266
373,2180
368,2260
413,2130
411,1947
405,2097
403,2107
392,1949
385,2164
381,2014
373,1855
397,1835
390,2219
387,1926
386,1869
399,2180
397,1864
393,1892
386,2153
373,1988
367,6015
357,5210
353,2590
345,2695
343,2547
340,6309
337,3516
331,2106
327,1900
321,1934
319,1894
319,1849
318,6474
316,4630
308,2350
302,4064
299,3154
293,2070
290,2004
286,1968
277,1978
274,2020
267,5266
251,4985
245,2595
232,1426
220,1260
216,1273
206,1370
201,1557
199,1813
196,2212
195,3401
192,3269
186,2162
186,2162
430,2529
474,2202
466,2292
462,2125
461,7366
510,4489
508,2723
503,2590
498,11096
487,4606
474,3402
460,2196
452,2678
447,2467
441,2408
452,2375
471,9433
463,4622
458,3503
451,2066
444,9275
443,3860
443,4206
442,3492
437,3001
426,1749
418,1695
412,1701
409,1693
404,1888
433,2057
425,2204
417,2742
406,2677
380,2319
408,2457
388,6860
375,5348
371,2902
420,2149
412,2084
407,1977
404,2026
399,6198
390,4107
382,3940
379,2276
403,1687
397,1841
390,1813
387,1794
399,5879
399,5392
397,4350
394,1887
389,4446
379,3201
368,1773
358,2071
354,2043
350,2064
343,5361
341,5298
339,2565
331,1382
329,1675
325,5328
319,4137
319,2273
320,4628
318,2483
314,1710
307,4632
300,3647
295,1887
293,1530
289,1452
284,1434
276,1402
270,3958
259,4241
237,1867
231,1267
217,3159
213,2939
212,2054
205,1522
201,1521
197,3628
196,2971
195,2589
191,1393
488,2620
483,2285
477,2299
474,4841
466,2820
511,2354
510,2244
510,10220
510,4557
504,3182
496,6202
478,3285
471,2439
458,2423
450,2373
459,2360
481,2362
478,8808
470,4989
462,3252
455,2193
451,8537
443,4057
444,2576
444,1921
442,1994
429,2144
421,2120
417,2111
451,2397
449,2691
441,7955
430,5103
414,2943
392,3617
431,2554
409,2180
388,1779
442,2120
434,2065
427,1757
415,1979
410,2084
407,2064
404,2072
394,2268
416,2173
412,1893
406,6893
401,5088
397,2474
404,3872
399,2348
399,1505
399,1794
397,1613
392,1484
385,1675
373,1868
367,1695
357,2001
353,1989
348,1776
343,1873
341,1891
339,1735
331,1857
329,1849
325,1719
320,1735
320,1682
320,1677
318,1739
313,1693
306,1626
300,1571
295,1547
293,1570
287,3978
275,3677
264,1925
256,3999
241,2595
230,1531
226,1479
218,3108
212,3026
210,2976
205,2009
200,1489
197,2684
196,2631
510,2295
501,2175
488,2276
485,2114
480,2218
526,2414
517,6871
511,5054
512,10944
512,4545
510,4003
504,6939
496,4054
487,5906
472,6784
501,3933
493,7014
488,3733
481,7216
478,3701
470,5314
462,6271
458,3282
452,7266
445,4175
444,3061
444,8872
442,4449
435,3098
469,2432
460,9059
453,4210
441,3388
424,1862
469,2173
452,2748
433,2271
420,8104
469,4679
460,2941
442,1682
432,7690
423,3604
418,2466
410,7131
409,3751
436,2255
430,7015
420,3614
412,2530
425,5213
419,2965
412,2356
404,7099
400,3485
399,2565
399,1819
397,1734
394,7109
389,4259
379,2778
369,4869
359,4433
354,2278
350,1772
345,1723
341,5878
339,4065
331,4234
330,2514
326,5948
320,3018
320,4449
320,2759
318,1910
315,6116
307,3490
300,2021
292,3052
281,3166
276,3000
264,2914
253,2231
247,2164
240,4034
230,2575
224,1628
216,1491
212,1478
210,1423
205,3453
200,3109
521,3084
517,2696
509,2413
498,2404
542,2740
536,5158
529,3078
528,2599
517,9291
512,4540
512,3062
512,7514
508,3766
503,5415
507,6086
518,3257
506,2312
496,8619
489,4240
482,2059
478,1943
475,2341
465,2252
459,8158
454,5890
446,3411
444,2167
444,1913
442,2331
480,1978
469,1908
456,2003
441,1951
427,1919
476,2010
453,2035
441,1871
437,1898
484,1859
462,1928
446,2173
438,2903
428,3178
420,2860
411,2666
409,7319
436,3658
434,2528
423,1973
416,2430
427,1746
422,1570
414,2045
407,2402
401,2300
399,2302
399,2384
397,2313
395,3000
390,3214
379,3051
369,2679
359,2632
354,2902
350,2700
345,2544
341,5856
339,3984
332,2043
330,1627
326,1635
320,1951
320,1632
320,1211
318,4679
309,1137
303,1555
296,2196
282,2196
278,2288
267,2114
255,4051
252,3538
243,2372
232,1439
226,1411
219,3077
214,2999
211,3073
206,2059
200,2000
198,1953
518,2408
515,2307
505,2196
492,2203
540,2272
533,2264
526,2622
520,2507
514,2203
512,2273
512,2257
510,2254
506,2425
500,2418
504,2391
517,2319
504,2296
495,2230
488,2399
482,2343
478,8929
472,4904
465,3129
459,2090
452,1905
445,2085
444,1835
444,1921
485,8181
479,4902
458,3017
437,1956
429,2002
415,1810
464,2555
452,2152
443,11993
436,4277
484,2884
466,1689
456,1935
442,2205
432,2024
423,1822
418,1733
410,5708
440,6007
436,3052
430,2088
420,1631
431,5915
425,3606
419,2044
412,1572
405,5678
400,3247
399,3442
399,2090
397,1901
394,1788
389,1788
379,2062
369,1720
361,1673
354,1605
350,1923
345,1564
341,1752
340,4920
334,4799
330,1964
327,1462
321,1625
320,1411
320,1439
314,4643
302,4695
290,2124
275,1509
269,1450
267,1739
263,3898
258,3781
251,2048
245,3763
238,2518
228,1513
224,1752
218,1468
213,3261
210,3675
205,2299
524,2476
522,2430
518,2349
511,2692
557,5818
543,3216
538,9609
535,4118
528,2685
519,2373
514,2696
512,2293
512,2393
510,2806
521,2417
540,2349
530,2376
515,2350
501,2168
493,2264
488,2599
481,8979
479,5759
471,3434
463,2319
459,1988
452,2261
444,2005
480,1953
468,1945
458,2283
445,1887
424,8262
417,6033
475,3497
469,2046
452,2034
516,1760
508,1746
494,1609
482,1662
463,6563
451,4163
438,2740
430,1669
454,1527
446,6147
441,3648
438,2102
435,1632
443,5432
434,3425
428,3928
422,2395
416,1827
412,1792
403,2130
399,1782
399,1763
399,5536
397,4128
392,2236
384,1698
372,1750
367,1660
357,1609
353,5685
345,5324
344,3540
342,2146
338,5468
332,2610
328,3428
322,5231
315,2966
306,1452
301,1442
289,1726
275,1363
273,1354
270,1780
265,1656
258,3850
255,4192
252,2695
250,1626
241,1595
230,1547
226,1523
219,3720
214,3782
211,3389
536,2474
525,2318
524,2235
578,2555
573,2667
561,6755
549,3850
544,2851
539,2384
531,2491
525,2631
517,2390
512,9398
512,2190
556,2548
552,2150
547,2266
536,2595
518,2227
511,2089
499,2119
491,2512
483,8587
480,5076
478,3447
469,2084
463,2229
447,2079
472,2288
459,1908
450,1852
437,2202
429,2019
481,2007
477,7310
466,4791
456,2786
524,1931
520,2093
514,1702
505,1661
488,2041
472,1593
461,1584
446,1818
468,1538
456,1579
451,1771
442,1750
459,1712
455,1692
453,2197
441,1662
432,1659
427,1929
422,5225
414,4536
407,2570
401,1669
399,1628
399,1636
397,5099
395,4484
391,2180
381,1938
369,4848
362,3222
354,2081
351,4632
346,3096
342,1725
341,1877
334,4644
327,3694
316,2269
304,1599
294,1572
286,1566
280,1620
278,1501
273,4929
266,4787
261,2053
258,1528
256,1437
254,1388
251,1485
245,4486
238,4242
228,2012
224,1319
214,1470
548,2684
539,2448
533,2312
583,2744
581,2623
577,2362
573,2482
561,11920
547,5995
541,3446
535,2739
528,2570
519,2202
531,2208
556,2276
556,2280
554,2253
549,2176
542,2340
530,2134
516,2076
503,2111
495,2039
489,2108
483,8105
479,5452
471,3279
455,2134
481,2080
465,1776
450,1784
432,1894
431,1857
490,1997
484,7255
468,4703
464,2776
528,1877
526,1736
523,1671
520,1699
511,1716
499,1626
485,6297
467,4220
490,2611
476,1608
466,1466
455,1449
470,1410
461,5502
459,5471
456,2467
454,1669
441,1603
432,1418
427,1410
422,1513
414,1382
407,1487
401,1666
399,4707
399,4105
397,3520
395,1816
391,1358
381,1380
370,1342
363,1263
355,1254
352,1292
346,4666
342,4758
336,2278
321,1347
311,1364
298,1416
284,3869
282,3884
281,2582
277,1717
270,1714
261,1685
258,1579
258,1567
258,1567
256,1586
254,1532
251,1494
245,1616
238,3172
226,3076
573,2817
560,2833
546,2613
601,2479
592,2518
583,2448
588,2530
583,2765
569,2516
553,2403
544,2395
539,2394
531,2329
541,2380
561,2312
556,2252
556,2406
555,2265
552,2262
546,2345
531,2258
518,2176
507,2133
496,2088
489,2271
483,2301
479,2237
514,2233
493,2315
479,9059
463,5084
441,3061
432,2140
493,1941
489,1978
471,1822
465,1741
535,1739
528,1739
524,1676
520,1650
514,1838
501,6682
487,4216
497,2562
489,1738
474,1516
466,6714
453,3207
469,2060
460,1635
457,6302
455,3031
448,2120
438,1373
428,1374
422,1478
417,5906
412,3720
403,2377
399,1434
399,1402
399,1507
396,4917
392,3911
382,3216
371,1842
363,1528
356,1598
352,4556
346,4327
342,2003
341,4405
334,3548
327,1837
313,1410
301,1366
294,1458
284,1344
280,4774
277,4667
270,2265
266,2163
260,4466
257,4197
255,2801
252,1673
250,1764
241,1631
230,1563
225,3334
219,3294
552,2501
540,2407
533,2701
584,2667
581,2978
577,2897
575,2815
561,2459
547,2656
541,11673
535,4502
528,3624
519,2916
557,2805
556,2629
556,2934
554,2714
547,2643
537,2718
518,2887
511,2583
500,2468
492,9969
483,4493
479,3732
477,2725
466,2676
509,2372
490,2539
471,2551
460,2350
453,9038
503,4695
488,3334
481,5348
475,3191
543,2478
529,2489
522,2256
515,2381
506,2322
489,2244
472,2256
461,2156
477,2114
468,2122
457,2059
449,2028
461,1981
459,2059
455,1764
450,1847
438,1874
429,1941
425,1893
417,5248
412,1272
404,1419
399,1852
399,2228
399,2215
396,2218
392,2233
382,2182
371,2146
362,2150
355,2096
352,2038
346,2048
342,1991
341,1989
335,1983
330,1949
326,4481
320,3724
316,1819
307,1321
299,1319
288,1301
274,1291
271,1594
268,2636
265,3277
258,3347
253,2460
250,2497
241,2317
230,2205
225,2027
219,1995
213,2159
211,1971
533,2732
525,2305
581,2243
577,2402
570,2479
557,2849
547,2251
541,2312
535,10358
528,5116
519,3283
513,2870
512,9444
556,4561
554,3260
547,2411
537,2317
518,2250
508,2256
499,9005
491,5036
483,3538
479,2083
476,2097
466,2643
459,2036
454,8332
489,5392
487,3075
483,2146
473,2475
452,2064
503,1965
482,1801
475,2616
477,1946
534,1935
522,2409
506,2046
489,1926
472,7660
462,6266
446,2817
438,1964
457,1838
451,1804
442,1761
440,7772
455,3916
453,2406
441,3989
432,2818
427,2069
422,2061
412,2056
405,1987
401,5763
399,4974
399,2597
397,1873
395,1828
390,1566
379,1532
369,1666
359,4519
354,4627
350,2440
346,1606
342,1609
340,1616
332,1573
330,1565
326,1770
320,1723
320,1726
320,1740
316,1944
304,1686
290,1614
283,1562
272,1519
266,1725
263,2222
255,3480
250,4305
243,2420
237,1245
226,1189
220,1168
214,1153
211,1144
208,1116
530,3195
524,2931
578,2212
575,2445
561,2336
553,2910
544,2929
539,2364
531,2345
525,2822
517,2284
512,9523
529,5084
556,3211
552,2283
547,2737
533,2218
518,2172
508,2641
499,2155
492,2077
483,2043
480,2036
478,2042
468,2027
463,2501
455,1962
492,1955
487,2434
487,1898
486,1923
480,2443
528,1848
503,1786
494,2289
482,1753
543,1732
531,1699
519,2228
506,7316
487,4487
469,2367
461,1576
446,1429
468,2146
457,5508
451,3625
442,2685
459,1468
455,5995
453,2785
441,1702
432,4175
427,2700
422,1393
414,5680
407,2700
401,1637
399,5774
399,2952
397,1528
395,5558
391,2554
381,1559
369,1172
362,1669
355,1096
351,1146
346,1624
342,4160
340,4646
334,2663
330,1271
326,1126
320,1623
320,1086
320,1097
318,1111
311,1066
297,1155
287,1202
275,1122
267,1251
263,1184
256,1183
252,1199
243,1233
238,1170
226,1134
222,1133
214,1088
211,1220
541,3091
530,2855
583,2426
578,2686
575,2567
565,2475
553,2510
544,10516
539,4698
529,3745
523,2858
517,2343
529,2353
556,2875
555,9665
552,4360
546,3661
533,2214
517,9250
506,3698
496,2336
490,2030
483,8516
479,3905
475,2417
465,7888
506,3304
497,2220
489,1920
487,2560
487,1860
476,1871
525,8449
505,4242
490,3234
554,2383
546,5341
534,3089
523,2538
508,7222
494,3081
474,1947
462,2099
477,1567
469,1566
459,2034
451,1451
442,6075
459,3942
455,2423
453,1536
441,1342
432,1369
427,1306
422,1312
414,1807
405,1264
400,1222
399,1787
399,1219
397,1299
394,1831
389,1289
379,1268
368,1778
358,1249
355,5647
351,4705
344,2025
342,4911
340,2421
332,1348
328,1349
326,1340
320,1329
320,1311
317,1311
305,1312
292,4178
280,4647
271,2297
267,1138
263,4310
259,3306
251,1466
248,1217
241,1226
228,1161
224,1145
218,1128
213,3238
210,3129
533,2425
524,2304
581,2587
576,2479
567,2374
561,2834
546,2317
539,2433
532,9692
528,5272
517,3312
512,2300
556,2796
556,2280
552,2279
547,2751
533,2213
518,2174
506,2634
496,2602
490,2037
483,2000
479,2502
475,1966
465,9218
459,5053
497,2986
489,2101
486,9410
477,3481
460,5028
514,2455
495,2439
476,1874
473,1865
545,2438
531,1899
516,1853
506,1804
487,6419
471,4153
461,3014
446,2075
467,4227
456,2512
449,1833
441,5987
459,3437
455,1883
448,4374
438,3630
429,1864
422,1429
417,1418
412,1406
403,1396
399,1924
399,5137
399,4399
396,2123
391,2796
382,3357
371,2004
362,4723
354,4639
351,3757
346,1521
342,1165
340,1163
332,1150
330,1385
326,1547
320,1526
320,1772
316,1742
305,1721
292,1648
277,4017
271,3720
268,2497
263,1501
261,3261
252,4259
248,2346
241,1609
228,1513
224,4334
218,4012
213,2865
210,1776
205,1670
200,1568
521,2708
576,2196
567,2586
557,2672
546,9746
539,4297
532,2960
528,2547
517,2537
512,9942
512,4174
529,3291
552,7102
547,3932
533,7451
518,3780
506,6222
499,3457
489,7029
482,4327
479,2674
477,2448
466,8918
462,4510
454,3061
446,2117
486,8924
477,3784
460,3232
449,6692
433,3287
476,2671
475,8404
471,3492
465,5518
519,5121
509,2787
494,7680
482,3296
463,4304
448,5009
438,2822
428,7161
451,3263
442,1737
440,4180
436,6319
453,3174
441,5010
433,2529
427,1908
422,1920
414,1835
407,6919
401,3681
399,2139
399,4573
397,2946
394,2168
389,6703
379,3171
368,2022
358,5697
354,3145
350,5903
344,2909
342,4099
340,4908
332,3526
328,4106
326,2381
320,5096
317,2896
307,1888
301,5015
284,4920
274,2072
271,1797
266,1797
263,1743
256,1706
251,1748
247,4445
240,4436
228,2995
224,1936
216,4119
212,4155
210,2884
205,1798
200,1744
197,4477
517,2633
566,2403
554,2510
542,2847
539,2748
531,2973
528,2679
517,10353
512,4611
512,3737
512,6504
525,3687
547,2756
533,2732
518,2744
506,9706
499,4482
489,3481
482,2112
479,9456
476,4382
466,2700
462,2002
454,9205
446,3969
480,3026
474,1945
458,9414
447,3785
429,2440
417,8612
475,3845
470,2525
452,7949
449,3682
509,5964
494,3040
482,5695
462,2983
446,7217
438,3373
428,2049
420,6778
442,3590
440,3723
436,5973
434,2818
441,4456
433,2755
427,4475
422,3079
414,6759
407,3522
401,4540
399,2903
399,1992
397,2125
394,6415
389,3976
379,2308
368,6538
358,3293
354,4227
350,2532
343,5430
342,3392
340,2017
332,1816
328,5341
326,3467
320,2409
317,6005
307,2701
300,5623
284,3124
274,3661
271,2687
266,2219
263,5200
256,3378
251,2103
248,5376
241,3257
228,2093
224,1951
218,1942
213,4583
210,4611
205,2348
200,1066
198,1080
196,1062
511,2313
557,2285
543,2275
536,2168
532,7027
528,4118
519,2598
512,6689
512,4074
512,2975
508,2345
520,2358
537,2359
518,8360
511,5231
499,3368
491,4926
482,2666
479,2143
477,2089
468,2096
463,2053
455,2028
446,2152
444,2313
478,2328
463,2514
451,2498
434,6879
419,5189
416,2917
471,1939
463,1923
446,7170
511,4040
497,2349
482,6599
465,2890
456,4319
441,4023
431,4127
423,2500
448,4135
441,2453
438,5179
435,2814
425,1716
433,6249
427,2938
422,1854
414,1417
407,1434
403,1391
399,5359
399,4779
397,2453
395,1567
390,5205
379,4034
368,2079
358,1797
354,5417
349,4936
343,3595
341,3438
338,3765
332,5690
327,2275
321,3387
320,5189
320,2284
313,1377
301,1330
290,1345
275,5840
269,5333
267,2534
262,1647
253,4859
250,2188
242,1334
230,3183
226,4256
219,4079
214,1575
211,1341
205,1286
200,1238
198,1309
196,1356
195,1489
192,1555
543,2557
538,2549
533,2145
526,2450
519,2259
513,7576
512,4166
512,2746
508,2587
503,9760
490,4503
518,3258
506,2184
496,2234
489,2346
482,2283
478,2283
474,2263
464,2380
459,2208
452,9660
445,5103
444,3243
444,2314
432,2165
451,2107
436,2547
424,1862
414,7798
410,4344
455,2998
445,1869
431,1928
426,2045
466,1869
456,1754
442,1759
432,1855
423,7503
417,4554
410,2775
407,1667
435,6558
425,3324
416,2002
411,1500
422,1499
416,1489
407,5262
403,4813
399,2446
399,2005
397,1784
395,1827
391,2055
381,1925
369,1825
361,1807
354,1670
350,1731
345,1877
341,1619
339,1662
331,1688
329,4916
326,5236
320,2680
320,1703
320,1641
318,1624
305,1486
291,1763
285,1659
274,1605
264,1611
260,4165
253,4111
250,2217
241,1537
228,1455
224,1410
218,1380
213,3491
210,3946
205,2532
200,1580
198,1517
196,3451
195,3440
192,2265
186,1341
186,1340
533,2358
526,2445
517,2092
513,2409
512,2317
512,2217
510,2329
503,2695
493,2497
475,9399
485,4700
499,3125
491,2142
482,2477
478,2379
476,2255
465,2270
461,2435
454,2284
446,2282
444,2607
444,2417
442,2488
431,2572
411,2347
437,2313
429,2227
415,2128
404,1935
394,2086
441,2099
426,2067
416,2211
406,2398
448,2600
438,7820
430,3776
423,2598
415,1766
410,7305
406,3401
404,2094
425,1772
416,1745
411,1660
406,1688
416,6173
412,3782
403,2318
399,1484
399,1580
399,1633
397,1649
392,1550
384,1531
372,1583
367,1699
357,1651
353,1649
348,1767
343,1686
341,1802
339,1796
331,2646
328,1758
326,1899
320,2403
320,1846
320,1838
318,5146
312,3123
301,1540
291,1323
282,1326
277,1300
264,1273
257,1264
252,3988
245,4423
238,4416
226,2286
224,1535
215,1490
211,1791
210,2028
204,5185
200,5060
197,3312
196,1672
195,3852
192,3314
186,2386
538,2739
533,2579
526,2368
519,2161
513,3124
512,2591
512,6317
510,2376
504,2757
496,2673
495,2171
514,2165
500,2227
491,2121
485,2110
481,2161
478,2192
468,8434
463,4884
456,3130
447,2077
444,8691
444,3779
444,2598
485,2216
470,2284
451,1995
437,1823
428,7327
418,4899
460,2953
446,1886
439,5119
493,3912
476,2178
462,1719
446,1675
438,1682
428,1586
420,1538
411,1626
441,5885
437,5239
435,2522
425,1624
416,1413
428,5660
422,3713
416,4089
412,3636
403,2027
399,1940
399,6261
399,4004
397,2340
392,1539
384,5288
372,3132
367,1862
357,1424
353,4848
345,5124
343,1182
340,1130
338,1272
332,1896
328,2177
322,2118
320,2081
320,2070
320,2075
318,2086
308,4413
300,3320
293,2984
281,2895
276,4305
265,2088
254,1611
251,3942
243,3507
232,3584
225,1834
219,1420
214,1387
211,1364
206,1537
200,1506
198,1509
196,1492
195,3016
194,3053
549,2323
540,2177
536,2283
529,6005
523,3260
515,2289
512,9485
512,4413
510,2944
506,2255
544,2350
530,9563
516,4700
502,3165
494,2188
488,2038
481,2021
478,2026
471,1969
463,7708
459,5149
452,3248
445,2136
444,1883
487,1948
485,1916
478,1933
469,2047
451,2165
497,2274
489,2502
473,2461
453,2409
515,2407
501,2338
487,2332
466,2272
456,6278
442,4660
432,2527
423,1647
449,5715
441,3513
440,2564
436,2451
448,2198
438,7124
429,3013
425,2098
419,1389
412,1433
404,6590
399,4014
399,2059
399,1520
397,1556
393,1443
386,7225
373,3483
367,2056
357,1448
353,1344
345,1925
343,1320
341,1314
338,1275
332,1340
327,1187
322,5671
320,3690
320,1950
319,1495
317,5404
308,2648
297,1516
286,1766
279,1198
267,4085
260,4579
253,1783
250,1340
242,4840
228,3129
224,1363
218,3860
213,2963
210,3238
205,1596
200,3828
198,2642
196,2495
195,1788
558,2547
545,2589
541,2608
536,2357
528,2785
520,2457
514,2279
512,3036
512,11364
527,5587
549,3072
541,2896
530,2836
515,2454
501,2913
493,2744
487,2365
481,2382
479,2962
471,2483
463,2205
459,10122
452,4888
444,3343
487,6530
487,3671
485,5036
472,2842
460,2779
512,2452
490,2138
486,2542
470,2133
523,1980
510,2697
494,2023
472,1944
462,1846
446,2433
438,1733
428,1644
451,2341
442,1817
440,1564
436,1468
453,2028
441,1636
433,2385
427,1444
422,1325
414,1230
407,1243
403,1470
399,5086
399,5391
398,2590
396,1579
391,1397
382,5545
371,3015
362,3397
356,1732
353,1598
346,1488
343,4565
341,4117
335,3187
332,1676
327,1399
321,1558
320,1388
320,1403
319,1468
315,4212
307,4117
299,3139
285,1531
279,3834
268,2848
259,1796
253,1644
247,1639
238,1688
228,3378
224,3349
216,2251
212,1772
210,1721
205,3559
200,3447
198,1768
196,1346
568,2411
557,2369
547,2510
541,2247
536,2547
528,2450
519,2432
514,2369
512,2424
529,2675
554,2305
549,2333
542,2515
530,9211
516,5484
501,3318
494,2385
489,2075
482,9283
479,4694
471,2978
463,5407
459,4915
452,2625
489,2009
487,2000
487,2104
483,6218
467,2146
510,2366
497,7648
484,6840
478,6361
535,2862
525,2175
513,1966
497,1869
482,1848
465,6963
456,4057
442,2439
463,1637
454,1798
449,6552
441,3376
459,4414
455,2109
450,1842
438,1839
431,1667
425,6340
419,4280
412,2562
405,1573
400,5868
399,3149
399,2177
397,1595
394,1788
390,1673
379,1556
369,2099
359,2073
355,1711
351,1606
346,1648
342,1792
340,1048
332,1067
330,1085
326,1058
320,1210
320,1039
320,1020
313,1502
300,1428
290,1830
275,1783
269,1509
267,1242
263,1373
257,935
251,1742
245,1616
238,1721
228,1756
224,1177
215,1565
211,1458
210,1469
205,1635
200,1193
580,3036
576,2789
571,2577
561,2590
546,2802
539,3044
532,3213
528,2706
519,2845
529,2891
556,2727
556,2763
554,2733
547,4629
537,2328
520,2267
513,2329
501,2356
492,2379
483,2343
482,2325
479,2330
469,2302
511,2328
503,2337
492,2325
487,2274
487,3611
486,3857
545,2079
519,2054
501,2038
568,1994
552,1912
544,2508
532,2294
521,2388
506,2159
488,2261
472,2186
493,2076
477,1990
469,1989
459,1971
451,2553
461,3339
459,2627
455,2639
454,2589
441,2725
432,2537
427,2840
422,2651
414,2481
407,2575
401,2526
399,2249
399,2654
397,2688
395,2509
391,2429
379,2388
369,2379
362,2354
355,2323
351,2458
346,1513
342,1378
340,1352
332,1413
330,1376
326,2043
320,2319
320,2142
320,1212
315,1436
303,1701
290,1456
279,1167
268,1053
266,1069
262,1269
254,1058
250,1001
241,938
229,949
224,1162
219,1143
213,1296
210,1199
205,834
200,777
581,2785
576,2588
572,2441
561,2457
546,2528
539,7495
531,4426
528,2884
517,8659
556,4420
556,6097
556,3489
552,2534
546,8539
533,4422
518,2823
506,2217
496,7903
490,4479
483,2954
479,2094
472,8507
464,4322
506,2800
497,2054
487,2104
487,2113
487,9174
555,5083
539,3301
518,1921
499,8117
567,3839
551,2281
526,1765
513,2015
498,1970
486,1834
462,1535
446,1671
469,1692
457,1643
449,1589
441,1565
459,1674
454,1564
447,1670
436,1534
432,1444
425,1554
418,1350
414,2393
405,2105
401,1732
401,1367
402,1661
400,1519
395,1594
385,1480
373,1747
366,1394
358,2081
354,2119
350,2048
346,1850
342,1688
334,2233
332,1569
328,1598
322,1616
322,1760
322,1540
320,1525
315,1424
309,1373
302,1367
292,1461
282,1600
277,3228
263,2030
254,1244
249,1047
242,1019
230,1140
226,1013
218,969
214,791
212,3342
207,3056
202,3607
200,2422
198,2906
571,2516
560,2911
549,2412
541,2619
536,2735
528,2477
519,2708
514,2952
529,2850
556,10089
554,5163
549,3679
542,2682
530,2521
517,2672
502,2807
494,2470
489,2358
483,2413
479,2558
473,2360
465,2321
459,2551
497,2450
489,1988
487,1973
484,2479
473,2084
523,8470
504,4598
481,3020
482,1951
547,1761
537,1985
520,7000
511,3979
497,2533
482,4767
465,2474
456,2021
472,1813
462,2090
454,2147
448,2071
460,1981
457,2069
454,1986
451,1953
440,1693
432,1636
425,1553
418,1512
414,1586
405,4856
403,4936
403,2657
403,1746
400,1383
396,1404
386,4811
375,4704
366,2635
361,1441
358,1688
350,1494
347,1427
345,1426
337,1448
334,1434
326,1371
313,1552
306,1393
297,5010
287,4890
281,2170
275,4817
272,2668
268,1478
261,1355
258,1384
257,1546
254,1332
251,1365
243,1457
232,4084
227,3796
221,2088
214,1660
211,1614
208,1516
202,1725
200,1538
578,2681
581,2902
564,2437
553,2567
543,2420
539,2840
529,2820
523,2733
532,2997
556,2931
556,10668
554,5072
550,3383
544,2493
530,2500
517,10050
503,4228
495,2850
489,2353
482,2220
479,2401
471,2664
511,2417
494,8201
476,5457
457,3562
449,2245
437,2154
490,2595
481,2177
476,2085
472,2498
532,2122
523,2069
520,2193
511,1968
499,2053
484,2215
466,2042
486,2112
473,7560
461,4785
453,2795
448,1753
460,7091
457,3323
454,2174
448,6847
437,3370
430,2201
425,1998
416,6829
409,3445
403,2272
403,4874
403,2798
401,5034
398,2763
393,4795
383,2545
371,1873
362,5950
359,3176
353,2455
348,1638
346,5837
340,3876
334,2014
330,5558
321,2878
311,4219
305,2038
295,1744
285,1829
276,1555
272,4323
270,4777
264,2190
258,1636
256,4572
252,3144
245,1920
240,4552
228,2680
221,1493
216,1450
213,4297
208,4099
202,2019
200,1443
198,1646
197,3885
560,2948
549,2955
543,2759
536,2793
528,3219
520,3158
514,11584
512,4583
556,3750
554,2902
548,11444
540,4265
521,3518
514,7469
500,3897
491,2695
483,3045
482,2541
478,9805
469,5653
463,3657
455,2745
488,2472
476,2397
462,2525
454,2287
442,2129
422,2041
476,8474
474,5692
468,3321
530,2253
517,6312
511,3792
497,2202
482,1990
464,1788
453,1928
438,1990
461,7484
454,5111
446,2878
441,1921
437,1592
492,6510
479,3548
471,4142
467,2145
462,1539
453,1597
446,1986
440,5779
437,4269
437,2654
437,1876
434,1577
428,1587
418,1584
406,1998
394,1474
388,1582
384,1615
377,1873
375,1699
370,1676
361,5174
359,4261
355,2063
348,1476
345,1474
338,1535
330,4827
314,4229
326,1889
319,3353
316,2749
313,2024
303,1584
296,1563
293,1562
283,1825
272,3725
266,3690
255,2269
250,1839
244,1526
238,3367
234,3698
230,4135
226,1886
226,1266
220,1414
562,3194
556,2742
551,3319
541,3576
535,2707
530,2938
523,2888
523,2798
565,2909
561,2939
556,3290
541,3102
528,2964
513,2935
504,2875
498,2838
491,2726
488,2682
481,2681
471,2598
464,8974
461,5679
494,3582
492,2403
483,2240
467,9865
450,4467
498,3449
483,2130
479,2521
479,2455
536,2413
517,2106
504,2344
489,2551
471,8684
462,4576
447,3344
436,1944
460,6446
450,4291
445,2575
441,2083
496,2052
484,2071
475,2125
470,1994
465,7567
456,4142
449,2969
442,1682
439,5412
439,4031
439,2389
436,2205
427,2197
415,1992
406,6769
395,4047
389,2723
380,2148
377,2032
376,1978
369,6754
364,4077
358,2570
351,2025
349,1945
349,1972
347,1940
340,6659
327,5259
315,2607
331,5928
316,2956
310,4248
302,3029
296,2071
284,5206
271,4725
265,2189
255,1874
250,5361
243,4832
238,2572
231,2121
228,2017
227,4692
221,4577
216,3180
212,2366
209,2385
542,2869
535,2527
527,2473
523,3460
523,3022
521,11071
515,4446
524,3353
532,11024
524,4364
511,3131
502,10676
491,4125
487,3119
484,2257
475,2714
467,10643
461,4424
452,3474
451,2283
451,2734
449,10129
478,4430
470,3526
462,2184
448,2379
432,2515
479,2427
460,2296
441,8971
436,5437
476,3781
468,6049
448,3408
437,2378
429,8420
421,3425
414,2276
411,7735
439,3775
430,2607
420,7683
414,3583
462,2576
454,7527
447,3559
442,5635
439,2851
439,2180
437,2341
434,7586
425,3835
413,2416
405,7851
395,3361
389,2348
380,2065
377,1982
374,1980
366,1780
363,1837
358,1806
350,2174
349,5409
349,5084
347,2245
342,1636
332,5329
327,5382
321,2662
317,1757
309,1550
290,1493
305,1562
290,5690
272,3820
265,1980
255,1757
249,4512
243,2628
237,1959
231,1920
228,1700
227,1421
221,1430
216,1390
212,3526
209,3515
206,3855
200,3418
197,1698
196,1371
523,2824
521,2601
516,2664
507,5885
491,3219
482,2578
469,2804
476,2457
491,2434
488,2645
486,2540
476,2549
469,2522
462,2498
453,2711
451,2629
451,2632
449,2643
444,9210
429,6176
424,4027
460,2418
456,2297
447,2270
428,2359
414,2253
393,9649
425,5928
408,3540
391,1986
441,2026
433,2029
423,1945
414,1956
411,1914
408,8003
399,5359
390,3176
434,3417
429,2643
422,1941
413,2002
409,7326
457,4366
457,2610
455,1997
453,1959
445,2013
430,1966
422,6418
411,4898
406,2707
397,1960
395,1625
412,1636
404,1628
398,1791
393,1746
387,4635
386,4581
386,2484
385,1706
374,1825
367,5784
363,3678
357,1633
353,1577
350,4892
339,4779
334,3462
317,1580
292,2981
283,3012
288,2109
278,1651
273,1638
267,4462
260,3923
256,1522
255,1300
251,1306
246,1235
241,1232
237,1427
234,1625
232,1546
226,1617
224,1529
224,1522
224,1534
223,1531
222,1521
513,2656
497,2534
489,2351
476,2174
470,2634
463,2374
459,7389
493,4292
483,2756
479,7149
473,4345
463,2685
463,2387
463,2627
461,2428
448,2314
438,2285
435,2262
429,2357
426,2586
420,2561
444,2599
439,2489
428,2492
399,2387
379,2300
410,2234
393,2183
381,2099
371,2048
426,2465
424,2212
418,6306
414,5209
403,2685
396,4554
391,2957
385,3256
430,5634
422,2015
418,1645
417,1877
466,6920
464,3298
460,2146
452,1650
440,6512
431,3598
419,2150
413,7253
405,5576
403,3436
400,5025
415,4614
409,2148
403,1602
396,2160
394,1619
394,1552
393,2142
390,1562
380,1581
374,1833
368,4300
362,5592
358,3249
352,1898
345,1635
338,5629
328,4142
306,2030
290,4732
293,1932
284,1675
277,1695
270,1605
265,1827
261,1872
260,1909
254,1912
249,3350
245,3450
242,2289
239,2492
235,3551
231,3400
229,3105
229,1704
229,3117
228,3115
227,1949
224,3960
503,2913
494,2769
482,2410
476,2388
466,2290
462,2457
473,2335
490,2611
482,2728
477,2734
468,10267
467,5795
467,3965
465,2631
460,2715
450,9804
440,5095
435,3376
432,5195
426,3102
417,9196
444,4510
434,2938
425,8926
398,4357
373,2714
400,8166
387,4163
376,2566
371,7653
425,4729
420,2832
417,5619
407,3352
400,5432
394,2919
389,6896
382,3538
426,2252
420,6814
419,3880
419,4081
466,4939
464,2633
459,5145
448,4890
437,2507
425,6327
416,3353
412,2055
407,6166
403,3980
400,2286
412,4190
408,3354
403,2338
394,2230
394,2181
394,2319
392,2292
387,2109
376,2212
371,2099
363,1965
361,2120
356,2060
349,1919
343,2058
332,1982
320,1859
306,1874
287,1749
292,1725
283,1704
273,1650
267,1886
264,1810
261,1721
259,1787
255,1734
248,1618
246,1615
241,1681
238,1583
231,1506
229,1553
228,1529
228,1499
228,1475
226,1519
224,1470
216,1450
498,2563
486,2262
478,2884
470,2737
464,2213
460,2257
466,2333
485,2371
477,2465
470,10423
466,5928
466,3603
465,2572
461,2387
450,2217
441,2199
438,2552
432,2179
427,2227
418,2370
445,2334
437,2503
426,2482
405,2430
380,2560
361,2486
390,2440
381,2410
372,2318
370,6714
421,5585
418,2893
409,2109
400,6343
394,3833
389,3855
382,4484
376,2732
422,2274
419,2251
419,5692
417,4010
464,2240
459,1708
446,1650
437,1657
425,1598
416,1552
412,1718
407,1824
403,1851
399,2089
392,2033
408,2053
403,2060
394,5561
394,5075
394,2568
392,1683
380,1642
374,1623
370,5237
363,4789
359,2234
356,3465
346,2068
342,1768
332,5007
318,4294
306,2010
287,1300
273,1275
283,1279
272,1359
267,4044
264,4173
261,2517
260,1568
255,1568
249,1488
246,1512
243,1721
240,1674
232,1658
229,1940
228,1896
228,1936
228,1944
227,1886
226,1945
223,1939
215,1817
493,2508
484,2616
478,2467
465,2670
462,4908
460,3208
466,2907
485,9632
477,5157
470,3538
466,6900
466,3732
466,10262
464,4139
452,5950
442,7101
439,3784
433,7254
431,6815
426,3687
453,2654
444,9621
434,4658
416,2962
384,6760
370,3695
400,8428
388,4040
381,2648
437,8234
426,3955
423,2604
419,2125
415,7834
404,4000
397,2464
392,8145
436,3765
431,2477
426,2281
420,2326
419,2138
468,2286
466,2265
465,2264
462,1775
451,2189
439,2227
426,2141
420,7353
415,3982
407,2428
425,1663
423,1939
416,6743
411,4278
405,2625
397,1833
394,1850
394,1797
394,1692
392,1853
381,6926
374,4609
370,2715
363,1461
359,1725
356,1736
345,1681
333,1705
313,4697
319,4340
308,2193
291,4095
286,2073
280,1629
273,1609
266,1546
263,1517
261,1477
260,1440
255,3432
250,3511
246,2148
243,1664
240,1644
232,1540
230,1543
228,1576
228,1527
228,2831
227,2911
531,2497
519,2438
502,2313
493,2515
484,2337
478,5733
506,4535
503,3198
500,9855
489,4705
484,3125
477,8991
469,4302
466,2784
467,7302
466,4475
462,3104
450,2468
441,2436
438,8660
473,5353
468,3384
458,5821
430,3188
412,2369
456,8020
424,4013
414,2486
402,1971
456,2070
444,2017
435,6513
424,6067
423,2998
419,2034
415,6215
404,3369
447,2270
442,6578
436,3379
431,1959
475,5936
470,3278
468,3357
470,2308
468,1988
465,5828
458,3554
448,2136
435,6150
422,3414
418,2057
433,6262
426,3437
424,2039
419,1594
411,5871
408,3849
403,2043
394,5264
395,3158
395,1947
393,5783
388,3047
376,3770
371,2317
364,1893
361,4830
356,3403
339,1774
324,1698
335,1718
318,1616
304,1589
296,5443
286,5604
281,2831
276,5906
269,3269
265,1985
261,5469
261,2967
255,2116
250,5351
246,3709
243,2008
240,5100
236,3121
230,2391
228,2396
228,4587
228,4561
537,2886
531,2546
519,2486
502,3337
493,7039
496,4058
516,3232
506,8350
502,4847
497,3228
486,11099
481,4237
475,3325
468,6287
467,3776
467,8111
465,4458
458,7182
443,3910
439,2988
474,10164
472,4302
459,3279
437,6922
417,3629
458,2932
427,9100
417,3816
411,2685
457,1875
442,2135
435,2210
424,2136
423,2193
419,6731
415,4879
404,2712
445,2025
442,2001
436,1948
431,5898
475,5168
469,2562
468,6209
470,2762
468,4356
463,2590
454,1916
440,1823
433,1796
420,1746
417,5496
428,5174
425,2471
423,5693
416,2819
411,1702
405,5525
396,2941
395,3786
395,5331
393,2670
390,1644
380,5156
372,2838
364,1752
362,4504
357,2956
342,3364
325,2512
314,2006
318,4239
304,4010
296,1750
286,1441
278,4259
272,3687
266,1970
263,3098
261,1579
260,3526
255,3468
250,3504
246,1870
243,1515
240,3427
232,3393
229,2372
228,1796
228,1824
228,1862
226,1792
527,2754
516,2575
500,2400
488,3297
479,2814
489,7680
505,4141
502,8741
495,4273
485,2760
481,2900
475,2649
466,2653
467,2389
467,2387
465,2386
458,10366
443,5941
439,3767
476,2535
470,9589
452,4425
429,5904
418,3187
397,8346
428,4210
418,5362
404,3274
400,9117
445,4079
437,5089
425,3239
423,6198
420,3912
417,2711
407,2689
450,2738
444,2784
439,2711
432,2595
426,2487
473,2539
468,2631
468,2534
469,2761
467,2621
462,7692
451,3702
439,2462
426,6314
418,3028
415,7189
428,3572
424,4712
422,4474
414,2840
411,7101
405,3480
396,1764
395,1554
395,5359
393,4280
390,2325
380,1703
374,1649
369,4968
352,5041
339,2087
332,3484
314,2470
306,2823
319,1829
307,1379
301,1239
288,1247
283,1093
276,3518
271,1695
265,1098
263,1094
261,4081
259,3943
253,2730
248,1618
246,3588
241,4132
238,1563
231,3680
229,3600
228,1781
228,1465
228,1425
535,3206
530,2646
516,2584
501,3211
493,2919
522,7581
515,4171
506,2896
502,2855
498,2738
489,2891
484,2713
476,2632
470,2554
467,2737
467,10182
465,5914
461,4011
450,6450
476,3477
459,7276
448,4189
440,6984
421,3489
407,2629
452,2623
441,8712
419,4734
477,2910
465,5609
453,3018
442,2282
435,2279
425,2258
423,2224
419,2040
468,6828
458,5310
448,2794
444,4806
492,5324
484,3409
478,2150
471,5221
470,2846
470,4672
469,2299
467,1879
462,7295
451,3836
439,1965
447,6370
439,3318
434,1659
428,6740
425,3056
422,2358
414,1401
411,1446
406,5793
397,4238
395,2219
395,1475
394,1907
391,1330
372,1279
358,1260
350,1770
335,1299
325,1352
343,1367
335,2035
326,1465
317,1454
305,1397
299,1872
288,1332
281,1294
276,1272
271,1773
265,3636
263,4113
261,3268
259,1654
253,1317
247,1347
243,1510
240,1787
238,1293
231,1248
228,2170
228,2360
541,2919
539,2694
532,2485
522,3155
503,2653
540,9989
528,4452
519,3574
506,9205
505,4669
501,3317
492,2931
485,11597
479,4556
471,3534
467,5549
467,3541
467,9980
464,4347
485,3108
462,9921
454,4148
445,2625
431,2828
476,2606
464,2533
456,2480
447,2739
488,8148
478,4133
465,2987
454,5717
443,2833
437,5615
425,3140
423,5196
470,3072
468,5349
458,4666
448,4582
497,2291
492,2577
484,2271
480,2265
473,2475
470,2239
470,2224
468,2223
466,6850
462,4320
453,4875
458,2747
447,4841
438,2898
434,3845
428,2642
424,2044
422,2084
414,2035
412,2265
406,1958
397,1908
395,1836
395,5741
394,5343
388,4427
369,2373
354,1607
346,5549
331,3251
348,4176
343,2217
335,1810
327,1764
318,1985
305,1653
300,1623
289,1583
283,1573
277,1520
271,1518
266,1550
263,1455
261,3890
260,4089
255,2875
249,1595
246,1568
243,1556
240,3801
232,5822
229,3840
541,3142
541,3187
540,3099
537,7447
548,4285
562,2789
545,10357
535,4460
523,2984
516,8906
506,4493
502,3137
501,7554
490,4542
486,5921
478,3181
470,2533
467,2904
467,9496
507,5643
490,3796
466,2650
456,2363
440,2420
492,2825
488,2559
474,8427
471,5507
523,3601
506,2171
488,8506
478,3819
465,2590
456,1879
443,7993
437,4291
476,2628
474,1794
470,6845
468,3552
514,2247
503,1765
497,7179
495,3953
486,2443
480,5948
473,3051
470,2104
470,8441
468,3360
468,2228
483,7190
471,3514
458,4445
447,5279
438,4874
433,4328
428,5477
425,4954
421,2662
414,5002
409,4750
404,4521
396,2695
395,4783
392,3006
382,6446
365,3334
353,3902
337,4548
354,2470
352,1710
345,5932
337,3259
331,2131
322,5618
315,3326
302,1953
290,5325
284,3725
278,4056
272,3801
268,2283
265,2535
261,4923
260,3325
255,2045
250,2022
246,1771
243,1715
240,4731
232,4417
548,3069
541,2554
541,2636
540,2655
554,3268
575,7285
562,3880
544,3204
535,3229
522,2883
516,2544
506,2914
503,11356
499,4733
488,4196
482,6930
476,3878
468,2803
510,11091
503,4461
488,3372
472,6732
460,3986
443,3108
495,2748
491,2625
479,9754
541,4667
528,3369
513,2036
501,10107
480,3649
469,2488
456,6573
447,3710
492,7080
482,3441
475,2702
472,8585
469,3723
516,2271
505,6348
498,3434
495,6098
488,5601
482,5087
475,2696
470,7868
470,4008
469,2524
489,1929
484,7751
472,3273
460,2282
447,4876
441,3107
436,7462
428,3261
425,5408
423,5065
415,2684
412,7026
406,3695
397,4435
395,5056
390,4965
381,4448
366,5009
354,2458
339,4898
354,3760
352,4605
347,2426
339,1989
332,2243
324,1913
315,1920
305,1908
299,1908
286,1741
281,5386
276,5278
271,2323
265,5161
263,2602
261,4910
259,4545
253,2015
247,3666
246,4626
241,2366
238,4595
549,3065
544,2999
541,2572
541,2775
583,2747
577,3255
569,5819
559,3548
542,3275
529,10551
520,5108
515,3770
506,2991
503,2667
496,2773
486,3288
482,2948
476,2668
510,2760
507,3046
495,2660
479,10076
467,5281
510,3431
496,2266
495,2326
489,8587
553,4748
539,3000
528,2074
513,2385
501,2182
480,2131
470,2460
456,2068
499,1879
492,1755
484,2110
475,1694
531,7104
527,5280
518,2948
508,5023
503,4621
495,2619
488,4864
485,2937
475,2255
470,1681
470,1676
492,1679
489,2091
485,1675
476,1649
460,6044
454,5408
442,2495
436,1604
429,1828
426,1427
424,1423
418,6124
412,4709
406,2398
398,2824
395,2290
387,1961
376,1950
365,1918
376,1982
362,1862
356,1820
352,2070
348,1737
339,1680
333,1643
328,1621
318,1577
306,1546
300,1843
289,1497
283,4403
278,3850
271,1933
266,1589
263,1533
261,1835
260,1556
255,1522
249,3516
246,3394
243,2348
560,2828
550,2763
545,2635
558,2815
585,2820
583,2787
579,2876
573,2784
559,2743
544,2674
530,2640
521,2612
516,2506
506,3054
503,2643
496,9772
486,5806
482,3883
521,2561
510,2883
506,2432
494,2416
479,2643
534,2275
510,2185
496,2485
502,2086
564,2115
548,2463
534,2041
525,8034
510,5064
491,3004
479,2057
465,2305
507,2012
496,1952
488,8267
476,5190
533,3347
529,2066
526,2265
518,1657
509,1636
500,2042
495,7878
486,4378
480,3067
473,1816
472,5167
492,3299
490,2289
488,1912
483,1920
471,2130
458,1896
447,1750
439,2053
435,1680
429,1682
425,1998
422,6456
414,4006
409,2666
406,1698
396,1402
394,1393
384,1710
370,1411
386,1364
368,1816
356,1484
354,1470
351,1632
346,1814
338,1694
331,1630
323,1867
315,1566
302,1531
298,1838
285,1460
280,4061
276,4079
270,1973
265,1412
262,1363
261,1529
256,1294
252,1281
247,4132
243,3851
564,2872
560,2665
548,2813
558,3184
585,3176
585,2869
581,2877
576,3024
562,3458
545,3418
535,3599
527,3329
517,3531
507,3536
503,3484
501,3494
490,3483
532,3446
522,3453
514,3438
507,3401
495,3355
479,3345
536,3333
513,3441
496,3124
502,3113
566,3278
550,3158
536,3007
528,3120
513,3017
501,2861
480,2806
469,2774
507,2734
498,2640
492,2576
482,2634
534,2602
530,8901
526,4102
518,2832
509,1856
501,1837
495,1861
486,1836
480,1706
475,2003
472,2009
492,2248
490,2057
488,2207
483,2237
471,2265
458,2043
447,2143
439,2049
434,2001
429,2050
425,1873
420,1677
413,6867
409,4910
404,2585
396,1748
389,1720
380,1858
369,1728
384,1695
366,1708
356,1747
353,1880
350,1868
340,2085
333,2045
330,1955
318,1957
308,1907
301,1865
289,1738
284,1888
278,1829
271,1683
266,1680
263,4216
261,4737
259,2419
253,1614
248,1599
246,1502
241,1550
560,3024
549,2929
544,2848
558,2671
585,2834
583,3046
577,3054
569,2971
548,3179
540,2880
528,3013
520,2795
507,2951
506,2729
502,2795
493,2985
486,2743
524,2766
514,2653
510,2719
500,2755
484,2501
471,2628
521,2620
500,2547
495,2527
566,2538
556,2503
540,2464
530,2474
516,2434
501,8587
481,4992
470,3173
507,2020
498,1725
492,1774
482,1900
475,1642
530,7425
526,4969
514,2876
509,1833
500,1551
495,1687
486,6036
480,4157
473,2370
470,1689
492,1767
490,1739
487,1741
481,1730
469,1703
456,1839
443,1817
437,1769
433,1926
427,1888
425,1896
418,1900
412,1871
407,1843
398,2017
395,2006
392,1991
383,1971
368,1946
380,1867
363,1803
354,1754
352,1720
347,4460
338,4381
332,2131
323,1568
315,1540
302,1488
294,3797
284,3728
278,2530
272,1856
266,1788
263,3730
261,3358
260,1722
255,1367
249,1357
246,1347
241,1325
238,1497
231,1460
542,2778
541,2574
541,2701
583,2571
577,2560
569,11356
548,4424
541,3254
528,2383
519,2810
511,2606
506,2557
503,2573
493,2688
486,2466
479,2592
471,2575
510,2512
510,2592
500,2502
483,2565
465,2499
514,2445
497,2304
493,2309
486,2321
551,2297
534,2162
524,1949
506,1998
488,7637
478,5573
465,3034
454,1942
494,1719
486,1692
476,1686
474,1687
529,1814
524,2140
514,2114
506,5910
500,4386
492,2478
485,1632
478,1639
472,1633
470,1715
472,6500
490,3827
487,2385
481,1639
469,1556
457,1493
444,1531
437,1672
433,1765
427,1952
425,1926
420,1751
412,1895
409,1906
404,1844
395,1755
395,1780
386,1779
371,1758
360,1736
371,1745
358,1913
354,2644
350,3336
345,3099
336,3034
331,5608
322,3136
314,1925
302,1834
289,1866
284,2131
278,1743
272,1687
269,1675
265,1907
261,1640
260,1599
255,1840
250,1583
246,1560
243,1576
240,3136
232,3042
548,2875
541,2578
558,2433
585,2470
581,2961
576,2759
562,2649
545,2796
536,2896
526,2791
520,2471
507,2693
504,9580
502,5642
492,3598
486,2493
478,9268
514,4781
508,3073
497,2340
481,2407
470,8895
517,5515
499,3323
496,2217
497,8967
558,4410
543,2779
533,5520
521,3002
506,7483
488,3817
478,2380
465,1917
507,7231
494,4551
488,2715
476,7302
533,3888
529,2317
526,8097
518,3377
509,2137
500,1607
495,1843
486,1843
480,1575
475,7018
472,4593
492,2598
492,3221
489,2286
485,7639
473,3065
460,1958
454,1582
442,1655
437,6196
429,4815
427,2663
424,1589
418,6758
412,4152
407,2124
402,5512
384,2805
372,1599
365,5217
377,3062
366,1754
360,4873
355,2895
349,1721
342,4223
337,3108
335,1590
331,1366
323,1313
315,1284
304,1395
298,1528
285,3623
280,3898
274,1869
270,2573
265,3868
262,1896
261,3939
256,1980
252,3605
247,1997
243,2003
564,3268
560,2684
565,2555
585,2657
585,3300
584,3240
581,3295
575,3219
560,3148
544,3174
536,3039
523,11638
516,5123
507,3563
503,2646
496,2783
534,11190
529,4793
519,3612
495,6227
481,3402
475,7708
526,4166
504,8447
498,4101
572,2737
564,2858
550,2581
539,2502
530,9164
517,4693
503,3377
482,7404
524,3695
510,2430
499,8264
492,3832
482,2489
534,5889
530,3608
526,6026
518,3038
509,2316
500,7635
495,3822
485,4969
478,2376
472,1960
472,1947
492,7314
490,4528
486,2736
478,1782
462,5363
454,3937
441,2335
437,2069
429,7277
425,3809
423,2131
415,6792
409,3320
404,2187
396,7114
395,3480
387,4792
374,2497
357,1940
371,6499
357,4571
352,2477
347,1938
342,1955
332,1888
324,2188
315,2393
302,2001
295,1996
284,2197
278,1843
272,1824
266,2148
263,1811
261,1784
259,1708
253,2039
247,1746
243,4908
240,4708
238,1936
230,1350
228,1324
541,3351
539,2947
578,3003
569,2850
548,3104
540,2748
526,10480
519,4630
506,3547
502,2470
498,7555
487,4518
482,2724
476,2556
467,3034
467,9522
509,5310
504,3444
493,5740
480,3042
465,8664
509,4298
496,4939
472,2730
451,2078
504,7822
484,4210
469,2634
456,1850
443,7973
435,3946
424,2218
421,5780
469,3286
458,2258
448,8018
442,3311
489,2152
483,8048
473,3298
468,2255
470,7242
468,3829
464,2052
454,7114
439,3682
426,4227
416,5792
431,2779
425,1742
422,6790
413,3755
408,2176
401,1960
394,6451
394,3451
393,2304
381,5971
374,3115
368,1764
362,5588
356,2915
345,4164
338,3681
327,3935
310,1991
294,5552
295,3030
280,3579
270,1768
267,4034
261,3862
255,1649
247,2950
243,2939
240,4106
231,3146
228,2769
228,1992
228,1405
226,4139
221,3574
214,1798
205,3587
203,3384
194,1997
194,3091
190,3170
187,2259
182,3756
182,2586
182,1571
416,2942
415,2289
437,2681
431,6472
427,5992
420,2951
407,7941
402,3655
391,2992
371,8385
358,4517
349,2492
338,1873
331,2231
324,8508
312,6414
329,3694
324,4569
313,2822
304,7296
295,3746
327,2772
322,7123
319,3918
319,4042
369,5338
369,2938
369,6545
367,4066
364,2167
358,6239
345,3174
341,2093
375,5656
371,3582
367,1941
363,6309
401,3017
398,1723
390,1497
388,1744
383,1726
374,1446
374,1645
374,1460
372,6026
368,5904
361,2877
371,1563
363,5370
361,3024
357,1940
352,4484
344,3151
339,1659
330,1652
316,1341
308,5435
295,3438
287,3423
279,1984
273,3608
263,2194
259,1291
255,3695
249,2275
242,1694
250,3774
246,2546
243,1580
240,3613
238,2574
230,3592
228,1934
228,3046
228,3347
228,1622
226,3450
224,3571
215,2449
214,1478
208,3240
205,3462
202,1729
195,3304
194,3376
193,1682
190,1186
188,3108
186,2934
182,1670
182,2687
430,2620
438,2326
457,2004
447,2149
439,2093
434,2002
431,2340
425,2082
416,2013
407,1916
398,2180
389,1995
367,2088
352,2287
342,7221
333,6939
353,3572
337,2219
333,1920
321,2370
318,2768
345,6627
338,6086
332,2605
334,4422
382,3102
376,1950
372,1908
369,1934
369,6147
368,4651
366,2408
363,4693
400,2566
388,4556
379,2977
372,1776
410,5693
405,3498
401,1930
400,4395
393,2844
388,1727
383,5535
375,3229
374,1834
374,1587
373,5341
387,3651
376,3122
371,3497
363,2562
360,1489
356,1491
349,5230
344,3200
336,1699
327,4947
310,2632
296,3714
288,2006
280,1355
278,4130
266,2366
257,1460
250,3777
249,3935
255,1452
250,1042
247,3643
243,3026
240,1631
238,1333
231,3777
228,2139
228,1330
228,1321
228,1724
226,1042
225,910
221,792
214,824
209,756
205,856
203,704
196,732
194,589
194,634
192,745
190,664
187,573
183,1158
430,2465
440,2167
466,2289
464,2108
457,2291
449,2200
439,2205
434,2072
431,2008
428,2041
421,2373
408,1994
403,5568
394,1971
376,2251
402,1886
374,1803
356,3195
347,1744
340,1800
331,1751
363,1969
362,1583
357,1592
415,1933
407,1697
398,2170
394,2653
389,1497
384,1599
381,1472
374,1505
419,1466
419,1505
419,1512
417,1466
414,1470
459,1501
448,1571
437,1411
426,1346
420,1354
415,1296
407,2036
405,1989
403,1241
399,1256
411,1231
408,1234
403,1266
395,1162
394,1202
394,1135
392,1779
390,2054
380,1641
374,1242
370,1681
362,1668
359,1622
348,1971
334,1380
323,1174
307,1006
291,1030
285,974
274,1214
286,1654
278,2368
272,1445
266,1047
263,876
261,1053
260,868
255,888
250,1127
246,1149
243,1427
240,1572
232,1447
229,1275
228,1306
228,1398
228,1311
226,1320
225,1372
221,1757
214,1222
208,736
205,774
202,1306
195,1406
461,2386
495,2598
485,2739
478,2316
470,4651
466,3451
466,2436
466,2472
464,2825
452,8919
441,5090
438,3457
432,2152
428,2126
410,8244
421,5255
414,2985
396,6553
373,3345
368,7408
402,2816
389,2052
378,2411
372,1955
424,2079
423,2435
418,1740
412,1729
404,2007
395,1627
389,1663
384,1942
431,1526
424,1498
419,1847
419,2608
468,4439
466,2797
461,4621
452,1933
439,2129
433,1854
420,1815
415,2498
407,1602
404,1431
402,1658
416,1559
411,1549
405,1843
396,1333
394,1372
394,1553
393,1401
390,1398
380,1468
374,1378
370,1367
362,1688
358,1961
346,1660
329,2510
320,1796
304,1620
287,1473
282,1430
290,1383
285,1772
276,1366
271,1211
265,1095
263,4593
261,4718
259,2260
253,1720
248,3304
246,3826
241,3325
238,2544
231,3715
229,1933
228,3603
228,2593
228,2750
226,1866
225,3521
221,2343
214,2249
208,2942
205,2382
203,1722
195,1682
476,2770
495,2429
485,2507
481,2702
475,2619
467,2531
466,2713
466,2643
464,10207
458,5856
448,3771
440,2633
435,2297
432,2728
416,2652
435,9438
419,5199
405,3226
389,1899
373,2233
412,2252
398,10409
385,4010
385,3207
435,1976
424,2186
421,2245
418,8094
413,4352
404,2980
395,2009
392,1996
436,1549
431,1802
424,2470
420,2802
468,2847
468,2878
466,2853
465,2970
459,3331
448,3254
437,3172
425,3173
417,3075
412,3112
409,3017
424,2997
421,3004
414,2984
411,2953
405,3022
396,5978
394,2869
395,3676
394,4907
391,2475
380,3626
374,4278
370,3068
356,1815
344,1750
336,4489
323,4736
312,2041
300,1368
310,1352
304,4721
289,4339
284,2063
279,1673
276,3669
270,3743
265,1965
262,1387
261,3749
258,3569
253,1757
247,1221
246,1203
241,1212
238,1336
231,1487
229,1461
228,1711
228,1696
228,2971
227,2984
226,2959
223,1588
215,1271
214,1274
502,2871
519,2262
511,2297
505,2272
502,2224
495,2313
485,2211
481,2661
476,2640
468,2415
467,10207
467,5139
465,3645
461,2347
489,2527
467,2306
453,2219
447,2336
431,1896
420,2030
462,2149
451,2149
438,2367
426,2297
475,2027
463,1940
453,2054
441,2017
435,6523
424,5261
423,3021
469,5421
466,2708
454,1952
445,6891
442,3998
489,2526
483,6735
475,3533
472,4313
470,4241
470,4144
468,3757
464,4213
456,2145
443,5419
436,2891
442,1980
436,5231
431,2926
426,1874
424,4983
417,2742
411,3729
407,2216
398,1614
395,1596
395,4714
394,4608
391,2070
379,3484
365,2598
351,2046
340,4379
331,4394
319,3172
334,4137
326,2034
317,4027
304,2752
298,3949
285,2686
280,2694
276,3670
269,2395
265,1495
261,3471
261,3332
255,3205
250,1732
246,3149
243,3141
240,1707
232,3059
229,3009
228,2118
228,3026
228,2998
226,2995
226,2099
221,2281
214,2217
529,2794
520,2586
515,2497
505,6270
502,3416
495,6557
485,6203
478,3433
471,7053
467,4042
467,2901
467,2751
464,2706
452,2735
482,2809
468,2626
449,9577
442,5265
428,3574
407,2254
451,2372
440,2173
421,2302
473,8654
459,4499
448,2977
441,2044
433,2170
424,2068
421,2010
418,1976
458,2071
450,2189
444,2197
439,2321
432,2542
478,2519
471,7496
468,4341
470,2810
468,1887
465,1932
459,1918
448,1915
435,1997
421,6895
437,5251
431,2890
426,2035
424,1661
417,1582
411,1657
405,1713
396,6987
395,5002
395,2536
393,1754
390,1643
380,1703
372,1643
363,1654
353,1619
338,1787
329,1871
316,5871
324,4660
311,2286
304,3691
291,2520
284,1750
278,1679
271,1677
265,1662
263,1558
261,1751
259,1777
253,1714
247,3842
243,3904
240,2386
238,1663
230,1660
228,1707
228,1614
228,1663
226,1867
226,1613
221,1642
214,1501
208,1836
205,1828
200,1867
505,2591
501,2631
492,2456
485,2572
477,2555
469,2291
466,2494
466,2709
465,2705
461,2409
450,2258
440,2631
435,2796
432,10123
461,5337
441,3683
419,2349
408,6589
390,3399
418,3023
404,1793
396,1937
389,2001
437,1894
425,1949
423,2158
419,7286
415,5883
404,2946
397,1983
392,1800
436,1819
431,6191
424,5927
419,2936
468,1981
468,1804
465,1750
463,1764
452,1769
439,1725
426,1872
418,2034
413,6351
407,4743
405,2471
421,2146
413,6558
408,3894
403,2352
395,4903
394,2908
394,2039
392,1813
388,2061
376,1858
371,1941
363,1793
360,1759
356,6536
337,5673
325,2871
312,1806
293,1459
283,1427
291,4735
285,4707
279,2411
271,1542
265,1452
263,1448
261,1526
259,1556
253,1571
247,1849
246,1665
240,1764
238,1800
231,1634
228,1681
228,1795
228,1678
227,1982
226,1842
223,1858
215,1770
210,1796
207,1751
203,1788
196,3518
194,3751
194,2559
489,2495
481,2231
476,2564
467,2215
466,2263
466,2271
464,2360
460,9963
450,5547
440,3760
435,2434
432,2404
426,2463
413,2360
433,2226
410,2367
390,2284
377,2339
360,2525
396,2522
385,2471
376,2395
369,2321
423,2208
419,2223
417,6320
407,5486
398,2760
394,2013
386,2017
381,1997
424,2007
420,5992
419,5964
419,3122
466,2035
463,1759
457,1785
448,1761
435,1837
421,1747
416,1817
410,2075
405,2012
403,5142
400,5098
411,2783
406,1655
397,1614
394,1604
394,1585
393,1775
391,1814
381,1706
374,1945
370,1901
362,1863
358,1875
354,1861
345,1767
332,1750
314,1719
297,1617
287,1600
271,1528
283,1534
278,1745
271,1955
265,1911
262,1906
261,1896
256,1847
250,3354
247,3301
243,2278
240,1767
238,1746
230,3662
228,3462
228,2339
228,1775
227,1762
226,3041
223,2979
214,1961
210,2252
205,2250
203,2167
196,2028
194,2060
194,2050
191,2074
481,2442
475,2126
467,2632
466,2147
466,2098
464,2400
460,2193
450,2614
440,2171
435,2133
432,2133
427,2616
418,2267
445,2284
435,2795
414,2279
384,2127
374,2634
360,2152
393,1996
381,1960
374,1703
426,6819
423,6720
419,3474
415,2055
407,1681
398,1639
394,1645
389,6282
432,5733
426,2711
420,2016
419,2029
419,1963
467,2036
465,2043
460,2014
451,2017
439,1897
426,1802
420,1817
415,1794
407,1908
404,1846
404,1896
417,1869
411,1868
406,1840
403,1822
394,1881
394,5049
394,4994
393,2673
382,1607
376,1564
371,1591
364,1521
361,1504
357,1667
349,1624
334,1794
317,1821
305,1801
288,1687
296,1673
286,1608
281,1747
278,2105
269,3679
265,3433
262,3510
261,1885
255,1482
250,1518
247,1465
243,1408
240,1660
238,2942
230,1698
228,1045
228,1024
228,1008
228,1099
226,1322
223,2035
215,2041
214,1996
208,1984
204,1976
200,1904
195,1900
502,2500
495,2377
485,2501
478,2414
475,2242
466,2238
466,2314
467,2431
465,2401
452,2535
442,9855
439,5085
433,3612
472,2349
462,2316
442,2380
418,2274
405,2333
434,2188
418,2260
404,2462
396,2108
448,3208
437,3483
425,2809
423,2773
420,3111
417,2705
407,2649
400,2992
444,2800
439,2540
434,2680
426,2841
473,2529
468,2526
468,2858
468,2493
467,2520
463,2833
452,2495
439,5996
431,3646
420,3521
415,3168
428,2186
425,5643
423,2968
417,1754
411,4184
405,5386
397,2519
394,1560
395,5219
395,3014
392,1854
381,2008
374,1433
370,5404
362,3921
359,3331
345,1854
327,2072
321,1533
326,1546
308,2051
302,1440
291,1393
285,1389
278,1356
271,1336
266,1444
263,1388
261,1371
259,1514
255,3802
249,3793
246,1939
241,1378
238,1272
231,1224
229,1581
228,1210
228,1380
228,1648
226,1366
226,3659
221,3549
214,2290
208,1370
205,1684
203,1321
506,2918
502,2622
496,2172
486,2242
481,2361
475,3066
467,2296
467,2303
467,2639
465,2243
460,2372
450,2966
440,2404
476,2145
469,2151
449,2471
431,2048
418,2004
453,7874
438,5155
421,3060
419,2388
459,1862
448,7087
441,4218
435,4939
424,2437
421,1923
418,2299
413,1881
454,7442
445,3506
442,4152
436,2208
483,1746
475,6653
470,3227
470,1925
470,2057
468,1571
465,1584
459,2063
448,1546
437,1538
427,1503
438,5637
433,4627
428,2391
424,2062
421,1434
414,1433
411,6021
406,4697
397,2344
395,1525
395,2072
394,1497
391,1503
380,2017
374,1439
362,1396
346,1447
339,1431
327,1449
336,5402
331,5373
320,2310
309,1396
301,1735
289,1199
284,1165
278,1133
272,1125
266,1196
263,1330
261,1282
260,1399
255,1355
250,1309
246,1316
243,3991
240,4118
238,1913
230,1227
228,1717
228,3117
228,3158
227,2876
226,2359
223,1797
215,2793
214,3127
526,2697
519,2678
506,2369
503,2992
500,3002
489,3076
485,2734
478,2690
470,3057
467,2627
467,2547
465,3083
461,2580
491,2626
469,2975
451,2432
447,2564
428,11231
472,4860
460,3229
448,2047
445,2741
480,2278
469,2132
456,8656
447,4094
441,2591
431,1761
424,2442
420,2722
468,1837
458,1846
450,2479
444,1752
492,1746
484,1689
478,1936
473,1703
470,1702
470,2396
468,1786
466,1703
461,2348
448,7562
439,3802
446,3004
438,2153
433,1719
428,1582
424,6915
419,4253
412,2373
409,2108
404,1634
396,1607
395,1619
395,2130
393,1505
388,1565
368,2004
355,1425
344,1381
334,1329
324,1372
339,1324
333,1311
324,1963
310,1338
302,1336
289,1852
284,1380
278,5419
272,4962
266,1885
263,1319
261,4646
260,2768
255,2938
250,1492
246,2174
243,1563
240,1507
232,4180
230,3530
228,2083
228,1314
228,1834
227,1412
226,4642
223,4346
215,1558
210,1144
526,2877
519,3007
506,2279
503,2329
500,2339
491,3091
486,2344
478,2549
470,2495
467,2959
467,2456
466,2470
499,2973
477,2466
458,9123
452,5738
436,3227
430,2214
476,8661
464,4159
451,2855
506,2097
486,2259
478,2634
465,2053
454,2150
443,2058
437,2615
425,2008
474,2017
470,1877
468,6727
458,5110
450,3372
497,2383
492,1819
484,1713
480,1845
475,2361
470,1617
470,1588
469,7425
467,4600
463,2773
472,1787
460,1876
448,2476
441,1843
436,1873
428,1655
425,2262
423,1680
418,1589
412,1600
407,1534
398,1457
395,1448
395,7372
387,4953
376,2803
359,1519
348,2029
334,1410
353,1412
351,1413
345,1942
336,1369
331,1271
322,1278
315,1416
302,1441
298,1467
285,5185
280,4013
276,1811
271,1390
265,1389
263,1402
261,1329
259,1868
253,1327
248,1286
246,1853
241,1280
238,1241
231,1796
229,1298
228,1246
228,1764
228,1287
226,1229
226,4450
560,2865
544,2789
533,2350
522,2423
515,2717
506,3079
503,2695
496,2579
486,3198
482,3077
476,2538
466,2517
499,3005
482,2574
473,2459
458,10263
440,4967
496,3322
491,2147
485,7297
470,3994
533,2728
524,2262
506,2719
488,2109
478,2103
465,2045
453,2555
442,2037
486,2048
475,1929
474,2495
470,8291
523,3929
510,3392
500,2221
495,1893
491,7762
485,3258
477,2567
471,1622
470,1775
470,2506
468,1761
485,1883
476,1790
461,1844
454,1663
441,1780
436,2316
428,1883
425,1709
424,1670
417,2340
412,1522
406,1474
397,2060
392,2031
384,1405
370,1367
360,1905
343,1355
333,1456
354,1363
351,1992
341,1401
335,1412
331,1883
322,1361
315,1338
302,1276
290,1705
284,1189
278,1239
272,1852
266,1468
263,4674
261,4653
260,1914
255,1327
249,3984
246,3988
243,1831
238,1276
231,1233
229,1242
228,1205
228,1218
228,1688
226,1196
224,1367
220,1884
542,2480
528,2403
520,2328
511,3181
505,2531
502,7892
496,4440
486,2613
479,2408
471,10462
467,4640
457,3872
487,6249
476,3560
459,2362
440,8828
437,4084
493,2600
486,6716
471,3795
467,4430
525,2671
507,2568
489,2030
478,2023
465,2454
456,1959
443,1923
437,2414
476,1873
474,1872
470,7315
468,4953
514,2826
505,2367
497,1966
495,1846
486,2416
480,1636
475,1627
470,2126
470,1632
469,1612
469,2127
484,1741
472,1726
460,2224
447,1699
440,1656
434,1652
428,2210
426,1623
423,1602
415,2113
412,1575
406,1568
397,1548
387,1551
378,1525
369,1647
357,2140
341,5364
335,5787
354,3247
351,1748
343,1526
336,5666
332,4723
324,2176
315,3633
304,2645
298,1762
286,1689
281,1601
276,2101
270,1565
265,1508
262,1480
261,1955
257,1380
252,1385
247,3941
243,3389
240,2340
238,2519
230,2347
228,1821
228,1815
228,1799
227,2338
226,1814
223,1809
545,2516
535,2456
526,2454
519,3042
506,2573
504,2424
501,3158
490,9962
485,5439
478,3971
470,2387
503,2524
494,2922
477,3127
469,2373
450,2176
437,2628
495,2121
490,2120
476,2593
469,2030
530,2027
516,2005
501,2433
482,1864
473,1882
459,7763
448,5167
491,2985
484,4852
475,2299
472,1823
469,1853
518,2339
508,1826
499,1803
495,2282
488,2280
485,8668
475,4499
470,2911
470,4722
470,2588
469,2666
485,2126
472,2072
460,2499
447,2055
441,1953
436,2463
428,1936
426,1991
423,2406
415,1831
412,1791
406,7219
397,4206
394,2633
384,1714
370,1402
360,1413
343,1290
333,1301
354,1309
351,1691
347,1706
338,1798
332,1782
324,1715
315,1618
304,1523
298,2099
286,1523
281,1452
276,1938
271,1357
265,5352
262,5400
261,2674
258,5410
253,3034
247,4831
243,2597
240,5216
238,2506
231,3487
228,5257
228,2416
228,1732
228,2257
226,1769
224,1720
548,3339
540,3179
528,3081
519,2467
506,2630
506,3131
502,2825
493,2740
486,3216
479,2821
471,2658
510,3258
500,2744
485,2638
475,3182
457,10827
440,5341
496,3105
491,3144
485,2352
545,3030
533,2941
524,2298
506,2233
488,2734
478,9260
465,4600
456,3080
494,4842
488,2791
476,2693
474,2178
470,2181
526,2781
514,2172
505,1993
500,2243
495,7056
486,4046
480,2994
473,1710
470,1617
470,1648
491,1570
489,1528
484,1516
472,1522
460,1463
447,1435
439,6798
434,5556
429,3057
425,3665
423,1822
415,1598
412,5835
406,3259
397,1940
389,2777
380,1397
370,1338
361,1489
368,4827
359,4764
356,2523
351,3447
344,2070
336,1703
333,4333
328,2860
318,1588
307,4013
301,2721
289,1415
284,1729
278,1297
272,1287
266,3582
263,3402
261,2317
260,2608
255,2045
250,1429
246,1435
243,1432
240,1423
232,2876
230,3012
228,2168
228,1844
228,1919
227,837
575,2983
562,2943
544,3295
535,2760
522,2561
517,2384
507,2607
503,2541
499,2623
488,2489
482,2797
521,2447
510,2330
497,2634
481,2428
473,2413
523,2352
503,2371
496,2213
500,2266
563,2432
547,2158
536,2207
528,2110
513,2213
501,2039
480,2237
469,2122
507,1885
498,1873
492,1815
482,6985
534,5495
530,3038
527,2011
521,2067
509,1778
501,1763
495,1991
488,1621
480,1592
475,1890
472,1705
492,1858
491,1858
489,1955
484,5924
472,4335
460,2498
447,1624
439,1629
435,1602
429,1767
425,1544
423,1558
415,1513
412,1786
406,1513
396,1555
386,1706
373,1526
363,1667
379,1657
365,1601
356,1742
353,4574
351,4486
343,1892
335,1397
332,1395
324,1388
315,1328
305,4183
298,4097
286,2071
281,1437
276,3927
271,3746
265,2059
262,1590
261,1759
259,1538
253,1457
247,4078
246,3780
240,1854
238,1394
231,1378
228,3533
228,3237
228,3386
228,2215
577,2707
569,2877
548,2556
540,2498
529,6810
520,3727
511,7035
506,3792
502,7360
493,3975
486,5261
526,3195
516,10238
500,4254
486,2803
476,2467
531,2488
509,2236
498,2353
501,2541
566,10934
550,4921
539,3197
530,2293
518,2148
503,9411
483,3752
473,2331
511,8398
500,3786
492,2318
486,1910
534,1964
531,7960
528,4261
524,2627
512,1735
503,7506
495,3426
488,1984
485,1730
475,1783
472,1829
492,1826
492,1856
489,1804
485,7848
472,4391
460,2748
447,4215
442,2683
437,1745
429,5308
425,3117
423,2059
415,1683
412,1682
406,1697
397,5201
386,5198
376,2346
366,5696
379,2765
366,1613
356,4863
353,2907
351,1699
341,1450
334,5296
331,4175
322,3155
315,2917
302,1928
290,2048
284,4751
278,3064
272,3359
266,1898
263,4162
261,3201
260,2924
255,1622
250,1746
246,1558
243,1610
240,1645
232,1920
229,1518
228,1434
228,1532
228,1471
226,3565
571,2811
559,2464
543,2379
529,2530
521,2351
516,9802
506,4290
503,2785
496,9597
486,4275
526,2806
521,10128
510,4302
499,2942
485,2214
475,2241
523,2409
502,9711
496,4724
568,3335
557,2253
543,2009
531,1983
518,8423
504,4558
483,2838
475,4286
511,2582
500,1967
492,8150
486,4400
475,2898
531,1790
527,7111
518,3678
512,2154
503,1695
495,1739
488,6677
482,4311
475,2559
470,1925
472,1729
491,1684
489,7342
484,4250
471,2508
458,1753
446,6811
438,3386
434,4307
429,2168
425,6028
420,3005
412,1830
409,4273
404,5335
395,2483
395,1598
387,1729
375,1548
357,1553
371,5827
357,4903
352,2377
348,5369
342,2821
333,1554
327,5317
317,3080
305,1707
299,5101
286,3005
281,1532
276,4661
271,3032
265,1482
262,4347
261,2902
256,3533
252,1836
247,3901
243,2431
240,1504
232,1438
230,3696
228,3272
228,3597
228,2211
227,3543
226,1807
222,1264
544,2628
533,2809
521,2518
515,2303
506,5495
503,3324
496,2457
486,9678
479,4778
476,3200
510,2291
510,10544
510,4394
497,2880
470,9007
522,3981
507,2492
492,8432
484,4011
544,4870
533,2829
516,2170
501,8251
481,4283
469,2526
456,1954
445,2242
488,2145
476,2321
474,2678
470,2444
526,2345
514,7479
502,3951
495,2263
492,4881
485,2716
477,5248
471,3114
470,2105
470,6885
467,3194
485,2159
472,1798
460,1751
447,6615
438,3309
433,2292
428,5954
424,2657
420,5856
412,2646
407,4337
398,4239
395,2368
395,1787
394,6832
391,3254
380,1830
364,3830
348,2249
366,5107
353,2655
339,1585
332,1218
320,1508
309,1362
300,5461
288,3788
283,2876
276,1577
271,4781
265,2596
262,1546
260,4526
255,2912
249,1540
246,4075
241,2778
238,1475
231,1363
228,1355
228,3778
228,3584
227,1923
226,1557
221,3621
214,3367
208,1812
204,1735
196,1490
194,1178
500,2332
489,2197
484,2215
476,5101
468,2193
467,10491
467,6112
465,3738
458,3051
443,2429
481,10841
474,4176
471,2825
453,7225
425,3259
470,2390
454,7953
423,3918
421,2327
466,2060
452,1855
441,1830
433,1925
424,1678
421,1800
418,1937
407,1856
450,1930
444,2037
439,1841
432,1802
478,1958
470,1772
468,1755
470,1941
468,5652
464,4269
456,2573
442,1774
433,1417
421,1401
417,5503
428,4823
425,2295
422,1690
414,1498
408,1483
403,1573
395,1443
395,1426
395,5806
393,5136
382,1262
375,1448
370,4956
363,4920
359,2520
354,1699
345,1456
330,4315
312,4231
317,1803
303,3045
287,2249
282,3738
278,2610
270,1545
265,1532
261,3466
260,3730
255,1816
250,1230
246,1278
243,1372
240,1221
232,3373
229,3109
228,2215
228,1692
228,1714
226,1677
225,1750
221,1705
214,2823
208,2831
205,2853
203,2795
195,1925
194,2784
193,2784
190,1894
188,2985
475,2279
466,2081
466,2393
467,2180
465,5279
452,2852
441,6443
439,3508
433,2537
470,2518
463,2506
446,2457
440,2429
419,7821
388,5517
428,3231
408,2034
394,1844
390,1816
437,1810
427,6644
423,6108
419,3065
415,5855
407,2732
398,4658
394,2811
436,2073
431,5959
424,3943
420,4104
468,4458
468,2754
466,2067
465,2045
459,2061
448,2017
436,1930
423,6483
416,6055
412,3005
407,5715
424,2373
419,1702
411,1690
408,5158
403,5518
394,2632
394,4531
395,2602
393,2299
388,5888
376,4091
371,2150
364,1615
361,5699
357,3718
350,1874
343,1431
329,1412
309,5176
314,4514
297,2111
286,1386
280,3881
273,3692
267,1826
263,1491
261,1422
260,3631
255,3829
250,3767
246,2836
243,1694
240,1649
232,2975
229,3635
228,2406
228,3449
228,1575
226,3534
226,2946
221,1567
214,1376
209,1230
205,1198
203,1375
196,1652
194,2608
193,2944
190,3162
188,1484
475,2845
467,2398
466,2340
467,2122
465,5898
458,3621
443,2211
439,9389
433,4576
472,2646
465,2138
453,9864
442,4632
428,3229
402,2314
429,2317
411,2288
397,8543
446,4569
439,3166
427,2271
425,2159
419,2119
415,7969
407,4526
397,3409
442,2612
436,2590
431,2338
424,1419
420,1716
468,7021
468,3367
466,4167
464,2204
456,1599
442,5716
433,3273
421,2063
415,1499
407,1489
425,1562
423,1474
417,1486
411,1675
405,1573
396,1572
394,1638
394,5012
393,5040
390,2429
380,3652
372,2151
364,1529
362,1553
357,4590
352,4755
344,2090
336,3341
327,2463
323,4377
301,2234
292,1494
280,3959
273,3844
267,1735
264,1622
261,1330
259,3393
255,3188
248,3113
246,1613
241,3051
238,3017
231,1532
228,2866
228,2849
228,1493
228,2933
226,2815
223,1515
215,2698
211,2591
207,1388
203,1124
196,1229
194,1215
194,1230
191,1299
188,2799
186,2360
182,2353
466,2279
466,1976
464,1930
452,2358
441,2371
438,2094
432,2030
429,2006
421,2082
445,2013
437,2094
427,1938
405,1890
388,7686
414,6050
390,3082
383,2095
372,1690
426,1640
421,6567
418,4563
407,2393
400,2174
394,7684
389,4193
382,3258
426,1666
420,1789
419,7369
419,3584
466,2499
464,4302
459,2191
448,1956
437,5424
423,3562
416,2135
412,1506
407,1419
403,5262
400,4357
412,2139
408,1676
403,1358
395,1328
394,1352
394,4923
392,4652
387,2282
379,1426
372,1726
364,1382
362,1365
357,1664
352,1338
344,1460
336,1803
328,1448
310,1575
294,1831
294,1477
285,3871
278,3925
271,2113
266,3625
262,3727
261,1683
257,1206
252,1512
247,1178
243,1173
240,1292
238,1503
231,3274
228,3670
228,2552
228,1353
228,3299
226,3102
224,2053
216,1576
214,1249
208,1228
205,1583
202,1271
195,3271
194,3365
193,3076
190,1545
188,1534
186,1249
182,2883
466,2444
466,2472
465,2004
458,2139
450,6022
440,3337
435,2279
432,2358
427,2473
456,9090
442,5103
422,3463
402,5914
383,2970
416,2237
402,2469
393,2277
388,2078
435,2084
424,2291
423,6805
419,5087
417,3061
407,3724
398,2411
394,2079
439,2398
432,2374
426,2421
422,7342
468,4014
468,2229
468,1739
468,7341
463,3562
456,2191
442,1538
435,1938
422,1675
416,1644
414,1688
428,1621
424,1819
421,2022
414,5775
411,5114
405,2451
396,6480
395,2557
395,1790
394,1587
393,1614
381,1504
375,5527
371,4496
355,2132
342,5183
335,2760
321,1726
313,1478
326,1525
317,1461
305,4875
299,4478
288,1847
283,4559
277,2660
271,2919
266,2170
263,2012
261,1769
260,3518
255,3890
250,2579
246,1545
243,1260
240,1528
238,1258
231,1221
228,1454
228,1218
228,3406
228,3482
226,2155
224,1649
220,1993
214,1591
208,1589
205,1844
203,1585
195,1513
194,1499
495,2445
485,2299
482,2287
476,2421
467,2581
467,5395
467,3453
464,2681
490,9619
462,4706
455,3020
442,2404
432,8310
425,4451
467,2589
457,2257
440,1961
430,7601
479,5259
465,2951
456,1973
445,1822
437,2126
425,1734
423,6959
469,5883
468,2828
458,3693
448,2121
444,5194
492,2969
484,2139
478,1889
473,6174
470,4406
470,2470
468,2033
466,1612
460,1587
448,1843
439,1512
444,1486
437,1592
433,1740
426,1508
424,1639
419,1945
411,1593
409,1719
404,1982
395,1737
395,1683
395,1686
393,5113
375,4536
360,2350
351,1894
340,1621
329,1501
323,1446
336,1590
331,1481
318,1504
307,1857
301,1610
289,1438
283,1896
278,1565
271,3970
266,4140
263,2246
261,1306
259,1308
253,1475
248,1266
246,1281
241,1540
238,1257
231,1372
229,1658
228,1352
228,1356
228,1405
226,1377
224,3058
215,3273
214,2333
208,2831
204,1955
196,1690
195,1456
194,1428
492,2438
485,2264
478,2343
471,2176
467,2173
467,2283
466,2175
462,2250
490,2363
468,2166
454,2080
447,2367
431,1965
474,8112
461,6293
451,3343
440,2141
483,2412
473,7493
460,4382
449,2781
441,1983
433,1754
424,1696
421,1946
469,1720
461,1707
452,1987
445,1795
492,1800
486,6494
483,4752
473,2631
470,1873
470,1532
470,1498
467,1490
462,5931
451,6385
439,2704
447,1809
439,1451
434,1444
428,1528
424,1412
422,1637
414,1687
408,1613
406,1582
396,1821
395,1650
395,1734
393,1809
389,1656
379,1602
361,1713
344,1593
340,1511
326,1653
339,2018
333,1642
324,1620
312,1725
302,4111
289,4124
284,2307
278,1428
272,1391
266,1534
263,1335
261,3658
260,3688
255,2442
249,1895
246,2114
241,3448
238,2817
231,2146
229,1783
228,1785
228,1786
228,1791
226,1786
224,1984
221,1782
214,1694
208,1924
205,1981
200,1647
195,1659
194,1779
192,1632
485,2328
478,2327
471,2135
467,2345
467,2400
466,2305
464,2378
450,2250
481,2353
466,2374
449,2214
442,2202
427,2307
461,2234
451,2185
440,2172
428,2099
473,2115
460,2047
448,1954
441,2033
433,1901
424,2139
421,6889
418,5375
460,3058
450,2062
444,1603
439,1880
486,1596
478,1763
473,1958
470,1576
470,1759
469,1900
467,1643
461,1952
450,1795
437,1594
427,1741
438,1625
433,1869
428,1577
424,1580
419,1839
411,1550
408,1708
403,1726
395,1603
395,1595
395,1625
393,1585
381,1519
374,1560
370,1589
355,1907
342,1727
334,1708
318,1689
329,1695
319,1652
307,1583
301,1572
288,1477
281,1628
276,1622
271,1546
265,1499
262,1431
261,1429
256,1409
252,1405
247,1394
243,3726
240,3462
238,2310
230,2347
228,2285
228,2297
228,3600
227,3638
226,1686
222,1326
214,1208
209,1189
205,1272
203,1311
196,3047
194,3188
193,3096
190,1586
188,2741
475,2366
467,2470
467,2061
467,2005
465,2587
452,2313
441,6798
438,4189
474,2835
460,2535
438,2593
421,2730
408,2717
443,2915
422,2878
416,2845
411,8263
453,4693
441,2794
435,1995
424,7452
423,4236
419,5345
415,2459
404,2154
447,8195
442,3521
436,2292
431,1811
475,2154
470,2138
468,2112
470,2119
468,7145
464,4532
456,2656
442,1703
434,1671
421,1667
417,1659
431,7646
426,5115
424,2807
417,5982
411,3002
406,1847
397,1924
395,1814
395,6858
395,5120
393,2800
381,1831
374,2034
370,2002
354,1633
343,6023
334,5635
318,2466
309,1697
320,1709
307,1599
302,5099
288,5034
283,2076
276,4580
271,3059
265,1825
263,4578
261,2874
259,3841
253,2560
247,2718
246,2034
241,2080
238,2013
231,1997
229,1985
228,2156
228,1958
228,1933
226,1917
224,1896
220,1928
214,1860
208,1726
205,1703
202,1674
195,1656
194,2884
193,2813
190,2789
188,1955
475,2810
467,2381
467,2403
467,2334
465,2252
458,2443
439,2248
467,2213
451,9804
447,5645
428,3858
416,2385
406,2358
451,2305
435,2277
418,2389
473,8778
460,5417
449,3608
441,2054
435,2012
424,1987
423,2249
419,1960
466,2133
458,2284
448,7783
444,6448
439,3601
484,2149
478,1974
473,7553
470,4178
470,2461
469,1853
467,2144
463,7553
454,4392
439,2606
469,1752
456,7012
449,3756
444,2353
439,1593
437,1691
430,6779
422,4057
419,2437
413,1588
405,1803
404,1768
396,1818
384,1937
381,6235
365,5123
353,2573
349,4251
346,3232
341,1976
355,1824
348,1986
343,1965
334,5095
323,5093
317,2140
303,3502
298,2631
292,4841
284,2290
281,1590
277,1448
274,3982
273,3866
266,2113
260,2962
255,3529
249,2970
247,2856
242,3591
235,3639
233,1886
232,1516
232,1503
232,1528
230,1506
230,1503
227,3460
219,3307
215,3334
211,2478
208,1510
200,1459
507,2914
505,2685
495,2942
486,2463
470,2502
447,2455
435,2420
469,2406
457,2473
449,2431
440,9043
436,7211
486,3878
476,2576
468,2206
465,2406
534,2348
525,2126
507,2106
489,2145
479,2325
466,2476
456,2430
443,3280
489,2386
477,2314
475,2309
471,2335
527,7297
515,4828
502,2955
496,1997
495,1865
486,1847
480,6702
473,4699
470,2885
470,1893
468,1758
503,1743
498,1779
486,1894
473,2018
461,6338
452,6276
447,3135
441,1988
438,1631
435,1608
426,1595
416,1665
399,1799
382,1979
382,2290
370,2285
361,5257
360,5194
354,2747
367,1662
360,4951
355,3378
353,1852
351,1821
348,1806
340,4756
331,4624
320,1996
314,4394
300,3193
293,1967
286,1936
283,1872
277,4045
274,4007
273,2798
267,1741
260,1703
255,1674
249,1658
246,1659
242,3679
234,3587
232,3477
232,1874
232,1903
231,1896
230,1860
227,1891
219,1767
217,1749
211,1770
208,3275
508,2791
506,2472
503,2706
494,2546
484,2505
464,2450
442,2621
476,2742
464,2742
451,2729
447,2685
440,2833
492,2855
485,2802
474,2726
475,2720
540,2711
531,2650
517,2633
504,2615
484,2550
474,2516
461,2456
449,2383
492,2360
487,2317
476,2464
473,2472
529,2474
521,2422
511,2363
502,2333
495,2285
489,7410
485,4966
477,3121
471,1750
470,1870
487,1843
505,1896
500,1882
491,2032
477,2166
469,2172
456,2099
449,2106
442,6711
440,5123
437,2901
429,1927
423,1870
408,1820
385,1540
386,1624
376,1773
367,1974
361,4864
354,4771
373,2507
367,1783
358,4662
353,3771
352,3356
349,2028
344,4396
334,3047
322,3208
316,4217
303,2178
295,1779
287,1709
283,3791
278,3774
275,2577
273,1953
271,1936
263,1864
257,3409
254,3380
247,2365
242,2067
235,2107
233,2002
232,2216
232,1969
232,2044
230,2060
230,2003
225,3194
218,2272
212,2153
209,1619
518,3200
509,3349
505,3528
498,2711
486,3621
476,2874
500,2692
480,3266
474,3152
459,2604
449,2512
443,2995
499,2445
487,2403
476,2861
476,2312
540,2319
534,2800
526,2285
508,2260
490,2713
479,8940
466,5535
454,3144
494,2157
487,2075
477,2713
475,1944
530,1969
525,2465
512,1905
505,1874
497,8899
492,4801
485,2530
477,2088
472,7814
470,3969
487,5198
505,2854
501,6610
493,3647
478,2227
470,2035
456,8191
449,3364
442,2956
440,1574
437,1980
429,7824
423,4012
408,2423
400,1679
389,1896
382,7525
368,3147
360,2613
355,1539
411,2046
403,1927
394,7101
422,3495
420,2961
413,3837
403,6059
390,3139
376,1689
368,6307
353,3153
344,1955
338,5932
334,3955
329,2019
326,5808
323,3977
315,1854
308,5773
304,3820
299,1904
296,5527
286,3770
284,1834
282,1588
282,2102
282,1629
281,1679
278,2089
274,1593
262,1573
256,2047
249,1530
247,1695
529,3145
525,2900
518,3181
506,3007
502,3575
486,3126
508,2818
499,3750
493,3607
476,3125
459,2891
457,3369
511,2824
501,2944
486,12248
555,4867
549,3802
536,3259
521,2646
499,2658
489,3021
476,3019
465,2426
502,2452
497,10526
486,4984
485,2900
480,2799
530,2328
520,9559
507,3527
504,2682
497,1836
494,9058
484,3230
479,2229
479,5197
478,3705
513,2525
508,8927
496,3182
482,5370
470,2560
460,2732
453,1853
448,1834
445,1871
438,2444
430,2736
425,5986
419,4548
407,2500
408,1916
396,1897
387,1896
368,1779
359,1717
416,1707
412,1854
401,1857
391,1796
421,1764
413,1761
399,1697
383,4544
375,4469
360,2259
353,1574
343,1564
338,1529
332,3962
331,3859
326,2023
321,1602
313,1562
307,1565
301,1538
298,1540
294,3453
286,3404
284,2314
284,1814
284,1796
283,1803
281,1803
276,1782
265,1712
258,1703
252,1664
249,1653
243,2996
239,2879
522,2824
511,2839
503,2572
498,2629
491,2622
488,2608
521,2786
507,2595
494,2523
479,9759
460,5987
513,3791
510,2678
499,2419
485,2317
547,2308
532,2255
518,8582
497,6054
486,3546
474,2288
462,2065
453,7821
498,5207
488,3168
485,2136
481,1999
531,7659
521,4176
508,2665
504,2049
498,2090
494,2088
486,2045
480,6889
479,4705
479,2867
494,1949
510,1810
502,1810
489,6790
480,4549
464,2763
458,1822
452,1673
447,1653
445,1608
437,1745
429,1884
425,6049
419,5737
410,2997
418,1901
408,1668
394,1680
383,1624
367,1691
416,1861
415,1980
410,2041
400,5087
426,4869
417,2616
406,1794
395,2185
379,1680
371,4660
357,4516
350,1881
343,1386
337,4651
332,3324
329,1495
326,1296
322,4418
313,3180
307,1685
304,1452
299,1438
294,1420
287,1372
285,1865
284,1349
284,1350
284,4141
281,4090
279,1889
274,1331
264,3915
256,3314
251,1765
249,1419
532,3452
527,3414
521,3534
509,7127
503,3824
497,6314
533,4050
524,8942
511,5053
498,3597
488,3409
534,2775
514,10798
513,5371
515,3496
565,2625
554,3193
544,2650
531,2567
517,2506
496,2962
484,2204
472,9015
511,5454
504,3087
496,5224
488,3245
544,2737
540,2225
530,9086
523,4697
511,3215
504,2030
498,2908
494,2339
486,2324
480,2153
496,2751
523,9099
521,4435
517,3518
509,1934
494,1974
486,2622
471,2137
464,1937
459,8155
455,4241
452,2603
444,1677
436,2529
440,1984
435,1749
425,7674
416,4082
403,2209
394,1573
444,2303
430,1669
422,1567
424,1516
454,2190
441,1675
433,6870
427,4398
412,2242
399,1459
388,1452
374,1383
367,1282
358,1261
351,1801
345,1168
343,1265
339,1800
337,1281
327,1423
321,1928
318,1361
311,1365
306,1378
299,1793
297,1274
296,1321
296,1844
296,1098
293,3442
291,911
286,1295
275,3297
267,3317
263,3177
546,2928
536,3242
533,2925
525,2846
512,6142
556,3468
548,3336
537,3261
525,3402
512,3147
502,3213
550,3300
526,3172
519,2883
593,3281
584,2903
568,2917
555,3092
542,2948
527,2779
507,2876
495,10910
534,4728
522,3225
509,2183
503,2309
493,9103
550,4688
546,2942
539,2422
530,2229
517,1980
511,2229
505,1864
499,1903
491,7809
485,4953
501,2971
528,2424
526,1963
522,1974
513,7700
498,4730
490,2759
476,1819
469,2116
461,1829
458,1680
456,1864
447,1551
441,6546
444,5999
433,2754
431,1794
424,1896
411,1570
400,1540
452,1820
434,1472
425,1498
463,2010
454,1652
443,1603
434,1879
424,1559
411,1478
397,1820
389,1493
373,1450
366,1754
359,1416
353,1365
348,1494
345,1494
342,1489
333,1455
326,1442
322,1412
317,1587
312,1583
304,1568
302,1659
300,1547
300,1539
300,1549
299,1588
296,1601
291,1522
280,1461
273,1434
267,1414
265,1412
542,2920
537,2784
530,2977
517,3864
513,7359
552,4016
541,6323
541,3960
532,2944
516,2998
563,3317
550,2979
526,2723
519,2777
588,2540
576,2428
559,2692
547,9627
530,5618
508,3212
498,5015
486,2859
525,2253
512,2241
506,2179
496,2129
553,2519
549,2133
540,2097
529,2408
519,7920
512,4541
506,3100
502,1886
492,2014
487,7261
487,4194
531,2667
528,2052
524,1923
511,2017
499,2226
485,1716
475,1674
469,1719
464,6485
460,5756
454,3048
445,3521
440,2102
434,1867
435,1964
434,1784
434,1804
423,1964
402,1740
456,1734
443,2160
426,1767
421,1747
451,2032
443,1907
429,1668
415,1655
400,1906
391,1477
375,1602
368,1589
360,1662
356,1530
350,4531
347,4574
344,1809
335,1308
328,1275
324,1428
319,1274
314,1218
306,1343
304,1490
302,1480
302,1496
302,2062
300,2465
298,3756
292,3680
282,2533
274,1435
269,1368
267,3496
259,3436
257,1754
531,3076
518,2955
515,2976
509,2961
501,2801
543,3138
543,2851
541,2838
523,2823
503,11325
550,5220
534,3743
519,5935
515,6008
571,6887
558,3647
542,2736
527,2535
507,9626
496,4798
482,3416
470,2219
514,2202
505,2459
497,8862
494,4616
549,3243
539,2384
528,2344
520,7825
513,7594
507,3831
503,2792
495,1979
488,1961
488,7284
505,4602
529,2797
525,2123
516,2163
500,7351
492,4683
479,2889
472,1980
465,1802
462,1783
459,1769
450,1919
445,1883
438,2002
428,2160
435,2147
435,2132
424,2137
410,2143
395,2092
445,2082
429,2006
426,1972
424,1963
449,7921
436,4131
426,2407
413,1746
398,1675
388,1652
374,1598
367,4759
360,5201
355,4886
350,3857
347,1644
344,4825
335,2950
328,1623
324,4355
319,2492
316,1716
306,1555
304,1489
302,1477
302,1583
302,1607
301,1498
298,1543
294,1608
282,3841
276,3805
269,2132
267,1689
261,1611
257,1540
533,3097
521,2910
515,2727
509,2664
501,3014
542,3152
530,2918
512,2977
501,2816
484,2787
523,10612
522,5322
516,3772
511,2552
566,2525
554,2507
540,2906
527,2586
505,9246
492,5109
479,3258
469,4775
514,2852
504,2368
497,2383
492,8518
548,4685
536,3090
523,2146
518,2141
513,1995
506,2028
498,7946
493,4877
488,3153
488,4548
504,2563
529,2110
524,2065
512,2187
500,1981
486,1961
479,1955
472,2088
465,7247
461,4784
459,4796
448,3290
444,2210
438,1979
437,6619
428,4099
416,2326
406,1796
396,2194
380,1783
430,6222
429,3709
425,2170
418,1669
443,1727
436,2087
427,5568
415,3896
399,2345
390,1542
375,5317
368,3511
360,2206
356,1636
350,1630
349,5060
345,4784
340,2094
331,3720
325,2888
322,3475
317,2134
312,2105
305,1710
302,4485
302,4481
302,1908
302,4476
299,2297
296,1932
285,1549
280,4185
273,4104
268,2667
265,1491
259,1776
539,3457
531,3463
518,2924
512,3181
552,2949
528,10925
514,4780
507,3248
494,8856
471,4535
527,5975
521,3641
516,3190
583,2711
566,10542
560,5016
551,3227
534,2460
516,2484
504,9711
488,4872
530,3427
518,6450
509,3457
498,2405
495,2578
550,8776
546,4595
534,3432
527,2479
517,2158
513,2043
504,8856
498,4449
493,3264
488,4446
532,2602
531,2139
529,2533
524,2133
512,2095
500,2387
486,2031
477,1941
471,1916
465,7126
461,4928
459,3263
448,2303
444,1726
442,6865
424,4316
409,2447
402,5714
389,2972
381,1818
435,6250
429,3696
420,2056
452,1703
445,1675
442,5611
436,4148
426,2397
413,4150
398,2341
390,3781
374,2529
366,4708
359,2490
355,1535
350,1909
347,1499
344,1484
336,4503
328,4253
325,1982
319,4350
316,2197
312,1527
304,4045
302,2592
302,1744
302,4011
301,2525
299,1741
294,1706
283,3686
276,3786
272,1626
267,3635
261,2508
539,2988
536,2890
523,2784
517,3131
543,3401
521,2791
509,3169
498,11258
483,4650
535,3864
527,2963
519,2544
512,10956
578,5225
569,3241
564,6872
556,3959
542,5486
527,6795
507,3840
496,6750
533,3370
519,6011
512,3411
505,2270
556,8858
553,4400
548,2638
537,5739
528,3358
520,2140
513,2138
506,8739
503,4602
493,2783
488,2440
532,8107
532,4382
529,3075
525,5230
512,2893
500,1998
486,7669
479,4289
473,2857
465,4808
462,2606
459,2031
448,2534
442,7129
438,3947
412,4486
402,2306
396,3962
382,2771
441,6411
435,3595
428,2392
426,1465
452,1446
445,1982
442,5815
436,4480
426,2792
414,2885
398,1988
390,5507
375,3087
367,1747
359,1943
356,1381
350,5248
347,4023
344,3329
338,1782
331,5035
325,3028
319,1624
316,1407
312,1398
305,1363
302,1885
302,1348
302,1355
302,4681
299,4073
295,2043
284,1474
280,1482
273,1442
268,4302
261,3673
542,2928
537,3459
528,2796
516,3085
542,3550
520,8642
507,4238
497,2870
479,3407
537,11084
528,4766
520,3936
520,2567
578,11138
569,4417
566,3688
558,6558
545,3312
530,6654
508,3377
498,2498
538,9605
523,4750
512,2784
507,6232
556,3618
554,2327
550,2360
546,2916
534,8855
521,5041
513,3537
507,2568
503,8452
495,4087
506,2833
532,8351
532,4010
530,2861
525,2032
516,2013
500,2132
493,2538
480,1889
473,2015
465,2577
462,7788
460,4856
450,3525
444,2019
438,1781
415,7431
405,4782
396,2506
386,7248
441,3332
434,2025
429,7037
426,3310
452,2079
445,1619
442,1627
436,1558
426,1542
413,1573
396,1453
387,1438
372,1394
366,1440
359,5593
354,4867
350,2260
346,1588
344,2099
333,4608
328,3729
324,3929
319,2065
314,4930
306,3192
304,1615
302,1389
302,4766
302,4791
300,1869
298,3737
292,2940
282,1918
275,1917
269,2337
267,3926
261,3907
539,3858
531,3828
518,3588
562,3463
542,2972
519,3076
510,3376
500,2798
483,2749
530,3201
525,10994
521,5764
519,4100
573,3133
566,2671
560,2534
547,3030
532,3029
509,2332
500,2409
537,2956
527,2310
512,2183
507,2678
497,8954
554,5009
550,3631
541,2641
534,2287
520,8463
513,3838
507,2463
503,1947
493,2465
488,1992
505,1964
532,8064
529,4993
525,2832
512,4976
500,2966
486,1904
477,1904
471,7249
465,4561
461,2574
457,6244
447,3311
441,1913
444,6989
427,3340
415,2137
407,6665
397,3611
383,5118
434,2354
430,6541
426,3265
454,1908
443,6280
439,3514
431,1814
417,1401
400,5606
392,3289
377,1779
370,1375
360,5130
356,3429
350,1814
347,1911
344,1375
336,1326
330,1319
325,1834
319,1274
316,1262
306,1793
304,1258
302,1256
302,990
302,1109
300,1149
298,1117
292,1387
281,850
273,3861
269,3926
266,2329
259,1398
257,1389
254,1434
518,3304
511,3123
503,2719
543,2862
531,3544
518,2922
505,2881
492,3619
469,2492
522,2521
518,2982
505,2470
565,2445
553,2940
539,2377
516,2269
504,9187
488,5078
479,3112
465,2113
507,2855
497,2084
495,2011
491,2024
484,8328
530,4584
516,3365
510,4806
506,2510
503,2039
493,2524
488,2140
488,2219
487,2196
485,2230
523,2197
510,2188
498,2733
482,2228
475,2135
469,2593
463,2158
460,2076
453,2505
445,1985
439,1871
429,7467
426,3542
426,2329
434,1540
423,1642
402,2173
389,1496
379,1353
428,1396
415,1404
409,1318
400,1417
424,1420
406,1386
394,6140
379,3555
372,2481
363,1460
356,1415
350,5145
349,2789
345,1750
340,4123
331,2438
325,1545
319,1415
316,3900
312,3851
304,1915
302,1335
302,3683
302,3702
301,1605
298,1322
293,3590
282,3373
275,1751
269,1204
267,1202
259,1148
257,1158
255,3233
249,3186
246,2080
242,1585
241,1582
500,2849
499,2813
497,2464
528,3150
511,2739
493,3089
478,2893
473,2733
507,2657
489,3080
478,2647
473,2513
509,2921
498,2860
487,2428
476,2377
463,2873
456,2301
446,2252
444,2264
491,2720
484,2237
474,2215
462,2492
510,2116
505,8623
501,3887
495,3135
489,1921
488,2017
488,2043
486,2618
481,2153
472,2039
474,2059
492,2455
479,1969
472,1940
464,1892
461,2230
458,1828
447,1887
443,2271
438,1914
428,1780
426,1795
426,2201
424,1723
421,1720
420,1699
403,6849
386,4163
379,2504
365,1608
410,1678
401,1649
391,1511
388,2072
395,1504
381,1377
372,1402
365,1792
357,1269
351,1412
349,1434
345,1378
343,1435
333,1723
327,4018
324,4033
319,2820
312,1780
305,1729
303,1739
302,1740
302,1748
302,1751
299,1722
297,1716
292,1697
280,3726
273,3674
269,2760
265,1987
259,1989
257,1953
254,3376
249,3348
246,2243
242,1707
241,1691
241,3163
499,2697
495,2626
483,2749
511,2636
493,2742
478,2423
471,2607
448,2717
487,2489
476,2527
465,2504
451,2443
496,8965
484,6491
472,3689
463,2531
456,2172
446,2150
443,8095
439,5252
482,3172
472,2246
462,2082
457,2060
504,2066
501,2076
491,2041
488,7729
488,6126
488,3312
485,4294
481,2649
469,2025
457,2016
460,1976
479,1973
470,2107
464,2118
460,2068
458,2245
447,2288
443,7070
437,5075
428,2980
426,1968
426,1973
424,2003
421,1967
420,6618
408,5973
393,2992
379,4760
369,2445
356,1810
401,1798
391,1817
382,1698
368,5550
385,5313
372,2551
366,1624
357,1714
354,1570
350,1554
346,1243
343,4757
333,4649
328,2583
324,1702
319,1654
314,1685
306,4520
303,4487
302,2454
302,1660
302,1633
300,1801
298,1636
292,4385
282,4397
274,2653
269,1789
267,1770
259,4003
257,3909
255,2792
249,1673
247,3851
245,3862
241,1982
241,1622
241,1750
498,3043
485,2838
515,2591
506,2877
489,2584
474,2489
466,2724
436,2577
481,2500
468,2499
448,2797
500,2361
488,2538
476,2474
463,2564
456,2478
446,8364
444,5742
440,3558
484,2317
474,2166
462,2194
459,2193
452,2166
501,2275
493,2248
487,2366
488,2386
488,2557
485,2397
481,2397
472,2382
457,2292
450,2255
453,2227
472,2316
464,2131
460,2128
458,2093
447,2078
443,2091
436,2053
428,2211
426,2199
426,2204
424,2191
420,2211
411,2130
412,2091
403,1992
391,2016
372,1963
362,1950
352,5452
388,5340
373,2736
365,1662
383,5081
372,3248
363,1846
357,1575
351,1489
349,1480
345,1672
342,2786
331,2145
326,1941
322,1849
317,3138
312,5412
305,3466
302,1944
302,1959
302,2019
301,2000
299,2006
295,1933
283,2028
276,2311
270,2375
267,4887
261,4732
257,2510
256,1777
251,4518
247,4827
245,2361
241,4524
241,2987
241,4414
241,3280
236,3290
474,2884
470,2780
506,2501
500,2798
481,2522
454,2498
444,2594
480,11115
449,4606
438,3197
426,2418
478,2562
463,9762
456,4666
446,3155
444,6875
440,3658
433,7024
424,3755
462,9078
459,4154
452,2726
449,8931
493,3790
487,4583
486,6696
486,3353
486,2266
481,7627
472,4039
457,2606
451,1950
437,1885
431,1879
464,7310
461,6094
458,3170
447,2049
443,7059
437,3775
427,2294
425,2056
426,6825
424,4310
421,4625
411,2571
403,6520
396,3901
402,4020
395,5649
379,4313
359,2368
348,2040
390,2049
366,1958
357,5548
344,5508
370,2654
360,4998
354,4330
350,4704
346,2431
344,6192
333,3563
328,2063
324,5804
319,3276
316,4371
306,3222
304,5543
302,2876
302,4162
302,2425
301,1954
298,1814
294,2068
283,5439
276,4868
270,2327
267,5093
261,3379
257,4965
256,2259
252,4517
249,2806
246,4127
242,3016
241,1953
241,1871
241,4539
240,3901
235,2056
473,3154
468,2873
504,2785
486,7330
466,3822
449,7608
432,4134
466,7913
446,4182
436,7845
432,4126
476,8316
463,4267
456,2921
446,9708
444,4340
440,2948
435,7103
424,3822
464,2442
459,2112
454,2132
449,7842
493,5083
488,3143
486,5587
488,2981
486,5779
483,3619
477,2521
467,2521
454,7247
440,3985
449,2523
469,1992
464,6895
460,4393
453,2574
445,6602
440,3308
434,2181
427,6348
426,3483
426,4784
424,4490
421,4071
411,4690
403,2799
396,4527
382,3400
373,2304
360,5718
348,3913
393,4139
384,2141
370,1790
364,5215
377,3881
370,2202
360,1876
356,1815
350,1810
349,4764
345,4734
342,2207
331,1687
326,1710
322,1822
317,1874
312,4873
305,4199
303,1849
302,3706
302,2951
302,1628
300,4708
298,2965
292,4136
282,2129
275,4489
269,3396
267,1473
261,4133
257,3258
256,3532
251,1879
247,1551
246,1533
242,1498
241,1495
241,1986
241,3380
492,3581
468,3199
488,2505
480,2555
464,2443
452,3036
443,7486
487,7119
476,4095
461,5910
450,3071
496,7454
482,4146
470,7767
463,3638
454,2346
446,2867
443,8640
439,4512
481,3458
472,2021
462,8205
457,4194
504,5388
501,2666
491,6996
488,3670
488,4445
488,5833
485,3386
481,6211
472,2882
457,5970
466,3506
479,5158
472,2747
464,2087
461,7426
459,4181
449,2328
444,2218
438,7252
428,3977
426,5135
426,4352
425,3927
413,5116
401,4644
389,2551
379,5679
367,3560
363,2160
355,1985
403,7300
389,4109
381,5320
399,2107
391,6024
377,4720
370,4574
360,4191
356,2197
350,6207
349,3810
345,3175
340,2148
331,6161
325,3309
322,1899
317,1578
312,5749
305,4101
302,2989
302,4367
302,4821
302,2306
299,1394
296,4986
285,3506
280,2621
273,3689
268,1757
261,4689
259,2602
256,3697
254,1977
249,4719
246,2450
242,3532
241,1944
241,3365
239,2243
472,3535
496,3093
485,2432
466,2475
460,3059
454,2659
444,6744
485,4146
474,2845
463,10790
508,4170
496,6407
484,3174
472,5768
463,6650
456,3386
446,6766
443,3910
490,2445
482,2419
472,9508
462,4925
457,3207
504,5234
501,5793
491,2967
488,2298
488,2510
488,9518
485,4488
481,2667
469,2340
457,2097
486,7458
479,4131
470,4936
464,2538
460,1839
458,6843
447,3548
443,2178
437,6349
428,3257
426,4586
426,4457
415,4114
399,5327
393,2573
379,6735
370,3459
367,4548
358,2367
409,2074
397,6097
387,3577
378,2182
395,2236
385,5770
372,4106
365,4103
357,3338
351,3790
349,2804
346,5331
343,2425
333,4473
328,4959
324,4578
319,3358
314,1606
306,3148
303,2323
302,1820
302,4234
302,2783
300,3022
298,1759
292,1596
282,4018
274,4131
269,1900
267,1164
259,1144
257,1134
255,1142
249,1121
247,1231
245,1571
241,1169
241,3366
241,3419
236,2281
457,2864
487,2460
468,2310
460,3285
456,2748
444,2379
489,2456
476,2878
466,2797
444,2665
500,10094
487,4861
476,3136
463,2126
456,2536
446,2336
444,2338
439,2864
483,2151
474,2141
462,2495
457,2097
505,2106
501,8614
491,4745
488,3249
488,1989
488,2564
485,2249
481,2117
469,2392
457,1970
460,1968
477,1956
470,1911
464,1887
460,1899
456,2267
446,1830
440,1855
434,7489
427,4867
426,3026
426,1746
417,2083
400,7104
384,3874
383,2545
369,1514
366,6089
358,5996
349,3407
394,1853
382,1588
367,1557
365,1474
379,1340
370,1576
360,4396
356,4895
350,3434
349,2310
344,1533
339,1416
331,1401
325,1440
319,4146
316,4826
312,2133
304,1449
302,1425
302,1734
302,3813
301,4051
298,2249
293,1444
282,3812
275,4835
269,4826
267,4850
259,2316
257,4695
255,3287
249,1987
246,1956
245,1859
241,1929
241,4409
241,4336
240,3038
231,4306
221,2268
440,2724
464,2487
452,2614
443,2463
431,10635
422,4508
461,6006
441,3079
424,2553
423,2264
467,8263
458,6665
447,3515
444,4797
440,2600
435,2148
424,2002
412,1918
459,1934
452,2059
449,1878
440,6981
486,5583
486,2990
485,1922
485,1691
480,1682
468,1811
455,1608
442,1741
433,1955
428,1872
437,6556
460,4442
452,2818
444,1802
438,6454
428,3577
425,2173
425,1646
425,6381
422,3904
411,4456
400,2231
384,1717
370,5819
363,3962
356,2126
347,1528
339,1676
333,1535
319,5221
352,5115
340,2334
333,1484
331,1462
351,1561
349,1542
345,1384
343,4304
333,4285
328,2165
324,1518
319,4087
314,2675
306,1695
303,1654
302,3863
302,2727
302,1667
300,1657
298,1786
293,1639
282,1588
276,3694
269,3631
267,1878
261,1308
257,1312
256,1236
252,1235
249,3323
246,3263
242,2173
241,1663
241,1736
241,1699
240,3036
235,3101
230,1721
225,3031
214,2995
472,2583
455,2422
433,2416
426,2219
417,2582
397,2166
436,2135
424,2161
414,2056
409,2092
458,2219
447,2246
444,2180
440,6066
437,9021
427,6462
418,3238
461,2488
457,2501
452,8858
446,3907
440,2743
486,8842
486,3795
486,5116
486,6046
481,3292
473,2658
460,8413
452,3669
438,2519
433,1757
442,2174
463,2123
460,2047
452,2063
445,7825
440,5594
434,3401
426,1957
426,7538
426,3417
424,2478
421,1771
409,5902
394,4050
388,2154
377,4224
370,3139
356,2099
349,2081
346,2070
386,2066
369,4972
361,4870
381,3676
372,3561
367,3496
360,2083
355,4284
350,2556
347,1599
345,1572
340,1586
331,1528
326,1504
322,1491
317,1656
312,1655
306,1640
303,1620
302,1599
302,1634
302,1608
301,1595
298,1596
294,1817
283,1748
276,1700
272,1691
268,3374
261,3227
258,2248
256,1722
254,1732
249,1735
246,3122
242,3119
241,2192
241,2360
241,2351
240,2368
514,2763
492,2610
483,2456
469,6468
454,3432
446,2524
488,2598
476,2678
464,2375
508,2286
498,8811
487,5337
472,3350
463,2292
456,2291
446,7899
444,4864
491,2877
484,2223
474,2265
462,2217
459,2206
507,2178
501,2369
493,2335
489,2309
488,2312
488,2313
486,2324
482,2318
474,2286
460,2291
494,2215
480,2150
472,2113
467,2308
463,2279
460,2273
450,2264
444,2229
439,2197
429,2117
426,2082
426,5869
426,4954
424,4204
412,2199
395,1689
387,1650
375,1601
364,1736
414,1955
405,1944
398,2350
382,2128
403,2110
393,2061
379,2004
371,1987
363,1969
357,1933
351,1896
349,1894
345,1944
343,1818
333,4320
327,4391
324,2280
319,1579
314,1573
306,1549
303,1728
302,1983
302,1995
302,1988
300,1988
298,2019
293,1997
282,1931
276,1904
269,3880
267,3876
261,2581
257,1995
256,2015
252,1968
247,1911
246,1895
242,1848
241,1872
241,1842
241,3425
528,2678
504,2742
488,2619
478,2477
462,2542
510,2625
499,2619
487,10019
481,5914
528,3772
507,5916
496,3146
484,2369
472,2334
463,8577
456,4508
446,2959
495,2157
490,2218
484,2173
474,2150
517,2173
512,8078
507,5391
503,3318
495,2236
489,1980
488,2205
488,1980
486,1985
482,2154
491,2094
509,2184
496,2398
481,2416
474,2211
468,2198
463,2463
460,2179
452,6697
445,4484
441,2595
435,6595
426,3331
426,2101
426,1860
424,1841
409,1823
393,1763
384,1843
371,1924
425,2229
415,2198
408,2185
403,2154
424,2144
413,2132
396,2052
387,1984
374,4982
367,4330
360,2126
355,1500
350,1523
347,4542
344,4556
338,2406
331,1545
325,4113
319,4185
316,1793
312,1518
305,3848
302,3910
302,2070
302,3907
302,2081
299,1707
297,3927
292,3858
281,1968
274,3620
269,2497
267,3518
261,2466
257,2553
255,2545
251,3386
247,2320
245,1813
242,3273
241,3272
531,2901
517,2690
504,2750
487,2687
468,2457
523,2605
519,2521
510,2583
503,9974
559,5936
546,3651
532,2583
512,2368
502,2427
488,2318
479,8567
467,5180
509,3306
498,2325
495,2162
492,2138
548,2171
536,7994
524,5364
520,3268
513,5125
507,2790
503,5698
495,3429
489,2194
488,1992
505,1993
530,1984
527,1987
522,1990
510,1927
498,2045
486,1947
477,1975
471,6399
465,5786
462,2886
460,2001
451,6195
445,3416
449,3486
435,6041
414,2893
407,4291
398,4937
386,3607
441,2193
434,5433
429,3119
426,4082
452,2048
445,5150
443,2681
439,1844
433,4928
420,2586
412,1774
395,4489
387,2428
373,3375
367,2445
359,1981
356,1964
351,4179
349,4179
345,3099
343,1888
333,3935
328,2794
325,1735
319,1714
317,3861
312,3842
305,2006
303,3718
302,2409
302,3659
302,3646
302,2802
299,2838
296,2086
292,3651
282,2459
276,1517
272,1513
268,1498
261,1471
583,3082
569,3117
551,2713
532,3114
508,7344
555,3957
547,6033
539,7052
609,3949
589,7354
579,4012
575,2687
573,9875
573,4566
573,3054
573,2385
628,10055
625,4611
618,3231
611,2550
601,9536
666,4331
653,3001
632,5827
631,3159
614,6757
605,3818
592,2404
582,8447
577,4167
567,2757
623,6978
620,3516
617,2414
606,8333
592,5353
579,3461
571,2264
564,2449
559,8929
551,3861
544,2835
538,4958
534,2817
533,2257
548,8830
542,3490
532,2334
514,6302
495,3128
473,4651
530,2858
513,2059
502,6742
531,3457
510,2066
500,5346
483,3059
473,5152
466,2763
459,2125
453,6938
451,3351
451,2005
451,1608
449,1483
446,5982
446,3953
446,2536
445,1580
441,1544
437,1419
430,1384
415,1860
401,1329
391,1466
378,1775
369,1595
359,1562
356,1721
350,1511
347,4821
344,4631
336,2453
328,1419
324,1429
319,1454
314,1359
306,1357
303,1468
302,1300
302,1443
689,3661
672,3757
649,4117
629,3491
677,7939
641,4433
615,3285
604,3271
675,12761
658,4895
626,3786
603,2570
591,9745
586,4372
576,7240
575,4205
632,6634
632,7528
630,4164
626,6544
710,3775
710,2856
705,2962
701,11189
704,4452
685,3508
667,2580
644,2795
630,2752
613,10248
601,4294
644,3116
636,5581
625,3288
622,2721
618,9941
600,4258
586,2956
572,2129
565,2542
554,2332
550,8990
540,4669
534,3218
533,2064
548,8564
546,3840
532,2506
513,6810
490,3572
551,2509
522,8388
501,3629
499,2206
533,8015
518,3609
490,2252
474,7183
463,3516
454,2283
451,5219
451,2910
451,2023
451,6777
448,3440
446,2223
446,6699
446,3476
443,2136
440,1698
434,6602
423,3877
411,2288
395,5904
386,3108
371,3378
365,5301
359,2406
354,1680
350,1604
346,1669
343,5051
333,3963
328,2175
324,1874
319,1812
314,1753
305,4561
303,4524
302,2081
302,1724
302,1689
684,3865
661,3377
631,3323
606,3433
656,3231
623,3220
599,3178
601,3168
668,3353
643,3308
610,3163
593,11722
580,5160
575,3794
575,2775
575,2901
632,2974
630,2925
630,3050
626,2855
708,2784
703,2816
695,2838
693,2724
670,2663
651,2678
633,2595
614,2573
602,2481
584,2517
609,9816
624,4994
621,3123
618,2496
599,2428
584,2387
570,2300
562,2460
553,8808
544,4270
538,2984
533,2009
533,2281
531,2143
529,8569
538,4318
524,2882
500,1947
469,2043
453,2182
509,8060
493,3999
486,2679
478,1971
502,2076
478,1961
462,1956
452,7189
451,4423
451,2641
451,1784
448,1847
448,6760
448,4025
446,2274
441,1628
436,1775
427,1673
413,1749
397,1750
389,1822
373,1704
365,1702
359,1629
351,5567
349,5270
345,2418
342,1614
331,1619
326,1545
322,1500
316,1557
312,1610
304,1595
302,1795
302,4452
302,4347
300,1910
298,1393
292,1392
280,1397
273,1290
599,3167
572,3072
560,3230
544,8399
581,4544
562,7099
551,3915
547,5953
606,3663
586,11210
579,4419
573,3087
573,9184
573,4300
573,2969
569,9626
622,4320
612,2904
589,7185
574,4077
629,5593
610,3070
595,8557
588,3795
579,2468
566,6416
562,3536
558,7161
546,3595
534,2379
544,2103
562,2102
552,2101
543,7770
537,4615
532,2870
532,6677
530,3368
528,5717
519,2939
504,5530
495,3071
480,2104
473,2090
478,2074
467,2053
448,2018
430,1993
417,6441
398,6021
446,3026
445,2042
443,1787
473,1767
456,1699
451,1683
448,5556
447,5458
444,2888
439,4072
432,2469
417,1768
399,1756
389,1692
373,1666
366,1665
359,1788
351,2004
349,1989
345,1995
342,1964
331,1878
325,1895
319,1882
316,1872
306,1861
303,4279
302,4376
302,2358
302,1598
299,1606
295,1579
283,1560
276,1484
269,3913
267,3922
259,2768
257,1995
254,1963
249,3541
243,3573
232,1842
507,2652
497,2714
478,2446
471,2325
523,2833
518,2622
503,2426
570,9850
565,4590
556,3155
540,2416
526,2574
504,2287
488,2187
477,8582
512,5481
507,3442
497,2357
494,6238
490,3802
534,2721
523,2387
514,7797
510,4454
503,2907
495,1919
489,7430
488,4208
488,2702
485,2076
523,2169
510,2160
497,2125
480,7078
472,4714
464,2901
461,1981
458,1838
448,1769
441,1750
435,6643
426,5529
419,2813
407,2081
405,1867
388,6075
375,4503
370,2534
366,1855
414,1888
403,1801
395,1772
382,1735
403,1718
392,1803
377,2043
368,6277
360,4930
355,2322
350,1681
347,1705
344,5316
333,3885
328,1962
324,4864
319,2468
312,1693
305,1741
303,1647
302,1625
302,1645
302,1839
299,1608
296,1626
284,1670
280,1540
272,4282
268,4209
261,2204
257,4007
256,2148
252,1534
249,1489
246,1448
241,1365
241,3873
241,3726
239,2296
234,1599
222,1649
217,1613
208,1624
459,2772
451,2578
437,2735
480,2359
468,10793
450,4351
440,3010
488,7170
479,3750
467,9002
458,4140
447,2679
444,7064
440,4478
437,3097
478,2452
466,2440
461,2300
454,8683
501,5464
494,3753
488,2202
488,2301
488,2212
486,2213
483,8541
477,4834
467,3334
453,2051
455,2132
474,2255
468,2077
463,7791
460,5413
452,3117
444,1904
438,7528
434,3717
426,2337
426,5466
426,3084
420,7185
400,3600
382,2257
383,1933
369,1942
364,1871
356,6382
348,5901
392,2965
382,2005
366,1708
364,1707
377,5943
370,4167
360,2128
356,1610
350,1626
349,4742
345,4711
340,2068
331,1459
325,1407
319,1415
316,1495
312,1477
305,3589
302,3509
302,2468
302,1560
301,3456
299,3448
295,1859
283,1275
277,3269
272,3266
268,2241
261,1685
257,1677
256,1664
252,1632
249,1610
246,1606
242,1837
241,3361
241,3345
241,2304
240,3337
232,1784
220,1451
216,3193
208,3180
451,2559
441,2586
431,2167
474,2394
453,2287
440,2155
431,8348
479,3965
467,2435
458,2326
447,9191
444,4303
440,2926
435,2122
427,2415
464,2324
459,2386
454,2351
449,2420
493,2305
487,8614
486,5326
488,3527
486,2172
481,8428
472,3760
457,2336
450,6092
437,3169
446,6049
464,3381
460,5862
457,3073
447,5921
440,3606
434,2565
426,2230
426,7233
426,3937
424,2602
419,2164
407,2062
395,1955
376,1964
376,1915
367,1772
350,1997
344,2015
335,1676
370,2791
358,2396
342,2292
342,2246
360,2147
355,2224
350,2090
347,1940
344,1980
333,2078
328,1790
324,1957
319,1532
314,1153
305,1255
303,1122
302,1248
302,1154
302,1132
299,1144
296,1063
284,1083
280,1053
272,1001
268,977
261,1072
257,1057
256,1089
251,1111
247,1001
245,1026
241,1061
241,999
241,951
241,1025
236,939
230,930
228,927
223,873
222,1289
215,1281
203,1226
199,1337
419,2499
396,2527
382,2111
418,2180
406,3061
395,3220
447,5150
444,2912
440,2730
437,2675
427,2632
416,2875
411,2620
407,2570
450,2670
442,2048
438,2392
437,2161
437,2187
484,2073
481,2423
475,2521
467,2779
454,2106
439,3603
433,1937
427,1698
422,1658
419,1660
426,1976
444,1944
438,2079
432,2059
425,2025
425,2192
425,2115
423,2044
412,1949
405,2092
401,1914
393,1879
390,1866
383,5367
378,5211
366,2975
345,1741
328,1673
317,1809
304,1586
342,1544
332,1496
326,1570
350,1964
349,1776
345,1853
340,1694
331,1607
325,1762
319,1557
316,1541
312,3986
305,3941
302,2113
302,1400
302,1399
302,1423
299,1548
295,1422
284,1389
280,1384
273,1519
268,1660
261,1473
259,1477
256,3613
254,3664
249,2930
246,1769
245,1641
241,1210
241,1160
241,931
241,966
239,1027
231,1268
228,1110
225,925
223,1066
221,1048
218,981
209,800
201,792
429,2408
403,2129
436,2618
425,2919
415,2652
402,2560
456,2054
447,1999
444,2052
440,2513
437,8529
427,6668
418,3812
411,2296
457,7930
452,3922
449,2543
442,2260
487,2417
486,2384
486,7975
484,4465
483,3191
478,4755
467,2817
455,2176
444,2231
435,2158
431,2220
464,2677
461,3050
459,3109
450,2133
444,2175
440,2137
434,2690
426,8765
426,4339
426,4355
424,4356
421,2699
411,1784
405,1723
410,5966
395,4610
381,2543
370,1814
357,1787
401,1960
386,1741
373,1695
365,5156
379,5334
372,2151
365,3592
360,3484
354,2592
350,6610
346,3730
344,2171
335,1597
328,6281
324,3386
319,1893
316,1514
312,1115
304,1111
302,1100
302,1106
302,1702
301,1197
299,1200
295,4238
283,3552
277,1950
272,3891
268,2284
261,1402
258,3126
256,3627
254,1689
249,3107
246,2159
242,2808
241,1714
241,1712
241,2227
240,1708
235,1689
230,1683
228,2187
220,1623
473,2629
463,2352
498,2370
478,2458
468,2921
453,2469
502,2577
488,2580
477,2955
465,2440
458,2514
447,2447
444,2824
440,10219
488,4357
478,3674
468,5855
461,6167
510,3472
502,2495
496,2704
493,2372
488,2277
488,1863
488,2333
485,1881
481,1829
472,1777
475,1797
494,2285
480,1684
472,1643
467,1633
463,2169
460,1578
452,1604
444,1577
441,6709
435,6105
426,2789
426,1832
426,2099
424,1610
428,1562
419,1533
405,1495
388,1991
379,1530
429,1538
413,5726
402,5060
399,2638
419,1612
399,1322
391,1829
377,1258
370,1240
360,1183
356,1287
350,4256
349,4285
345,2087
343,1584
333,2089
327,4131
324,2856
319,4613
314,2416
306,1464
304,1425
302,1407
302,1916
302,1369
301,4227
299,4294
295,2489
283,1352
280,1341
273,1324
268,4006
265,3498
259,1855
257,1273
255,3860
249,3390
247,1691
245,1236
241,1736
241,1222
241,3238
241,3779
239,2780
506,2657
489,2574
542,2594
527,2750
507,2683
506,3047
556,2672
543,2634
527,2863
507,9398
496,5132
484,3178
472,2162
463,8452
507,4209
497,2670
495,6289
491,3532
541,2443
530,2211
517,2161
515,2505
510,2100
503,2120
496,7608
490,4549
488,2698
488,4012
503,2502
528,2615
522,2210
510,7417
498,4026
486,2909
476,5240
470,2718
465,5254
461,3244
458,2015
448,6787
444,3782
438,2531
437,6394
435,3199
435,5031
433,2867
421,6340
401,3281
454,4484
440,2567
426,5693
428,3058
453,1871
444,4253
433,3159
418,1830
404,1665
394,1499
379,4875
372,3465
365,2161
357,4670
351,2583
349,1707
345,4450
343,2012
333,4506
328,2510
324,4218
319,2236
314,4193
306,2417
303,2975
302,2553
302,1527
302,4143
301,2522
298,3880
293,2077
282,3885
276,2617
269,3601
267,2159
261,3480
257,3431
256,1516
252,3517
247,3338
246,3305
242,1769
241,3468
241,2307
528,2938
508,3058
560,3102
540,2847
522,5085
595,5147
583,5340
571,3685
557,7760
542,4489
528,6384
507,3429
496,2719
535,3123
523,10336
514,4700
507,3949
497,2665
553,9003
549,4092
541,6560
534,3489
521,5225
515,6583
509,3860
503,6810
495,3386
489,2310
532,2122
532,2686
530,2134
526,2211
518,2650
510,2110
496,2086
481,2045
475,2490
470,8514
464,4345
461,3637
453,5068
445,2561
451,2043
444,2020
436,2492
434,1959
425,7619
408,7675
467,3848
449,2386
433,1783
471,7158
466,3031
454,4633
445,2096
435,5287
425,2878
413,4615
398,2432
390,2039
374,1539
367,6050
360,4029
356,2569
350,4385
347,3197
344,1804
340,1470
331,1404
325,1163
322,1087
317,1380
312,1023
305,989
303,986
302,1202
302,1564
302,2067
299,4647
297,3775
292,2145
281,1586
273,1382
269,1369
267,1356
259,1549
257,1334
255,1429
249,3894
247,3521
245,2486
241,3054
531,3250
588,2801
576,3089
560,8200
537,4728
601,6979
598,4394
592,3797
574,11243
564,4117
554,3820
541,6000
527,3669
557,3242
545,10711
533,3770
521,3293
576,7429
566,4001
556,3146
553,2977
556,10374
544,3661
532,3467
520,4946
513,3046
507,2856
503,2389
539,2251
533,2898
532,2386
532,2214
530,2836
526,2459
518,2357
503,2653
495,1842
481,7606
473,4992
468,2834
464,1933
461,1698
464,7235
456,4581
449,2938
444,1890
426,7021
484,4069
474,2668
463,1720
448,1671
477,2208
471,1628
468,6608
456,4586
443,2491
439,1686
433,6273
419,3181
404,3205
394,4877
379,4284
372,2689
365,2796
357,2101
351,2043
349,2664
346,6628
343,4311
333,2636
328,4493
324,3324
319,4779
316,2534
306,1848
304,2419
302,1941
302,1863
302,2452
301,1972
299,1957
294,2461
283,1862
277,5967
272,4922
268,3477
261,4433
258,2812
256,2030
254,2035
249,5533
246,4271
535,3229
587,2864
578,2846
565,3040
552,6799
608,4195
600,3170
597,2983
585,3606
570,3089
566,2945
557,3434
544,2919
580,11118
559,6630
547,3852
535,3073
589,2762
574,3556
568,2310
564,9653
561,4343
557,2937
545,2059
534,2277
520,2163
513,1994
526,2935
549,2691
539,2575
533,3170
532,2579
532,2724
530,2563
525,3109
517,2512
502,8940
494,4270
481,3017
473,4933
465,3148
462,2247
473,2308
461,2651
456,2216
445,2154
425,2595
478,8325
470,3719
457,3399
449,1703
478,1800
473,1968
463,2351
452,1956
446,7727
443,4377
436,2883
427,1588
415,2312
399,1706
390,1743
375,7085
368,3961
359,2122
356,1401
350,2287
347,1663
344,1641
338,2090
330,1607
325,1623
319,1602
316,2034
312,1598
305,1551
302,1485
302,2002
302,1516
301,1488
299,1922
295,1627
283,1590
280,1558
272,1500
268,1498
261,1464
258,2171
256,1708
254,1609
249,2131
243,1112
522,3174
578,3135
566,3063
549,6541
542,3761
606,2932
597,2592
590,9937
578,3127
569,7649
565,4584
557,3205
592,7208
579,4200
558,6106
547,3588
535,5034
584,3286
574,2425
566,3071
564,9396
561,3839
556,3060
543,5897
532,3256
520,2324
513,2686
525,2361
548,2278
537,2649
532,2386
532,2093
532,8595
529,4339
525,2946
513,1868
501,8219
487,3364
480,2192
473,4316
465,3402
475,7856
472,3569
459,2231
452,7706
437,3415
412,2144
470,2373
459,1849
445,1878
484,7313
476,3919
469,2196
462,3663
452,5110
445,2472
442,6501
436,3257
426,3532
413,1971
396,1497
388,1907
374,1480
366,1367
359,1394
354,1323
350,1159
347,4410
344,4440
335,2207
328,1587
324,4485
319,2682
314,1522
306,1264
304,1255
302,1252
302,1239
302,1776
300,3996
298,4410
292,2422
282,1373
275,1359
269,1858
267,1310
259,3308
257,3838
255,2292
249,1566
247,3820
240,3379
513,2792
575,2643
559,2654
540,2675
609,3091
601,2601
592,2513
582,3067
572,2542
566,10881
560,2896
550,6914
583,4031
565,5963
553,3145
539,5672
528,3664
577,2415
569,2370
558,4241
562,3117
558,6536
550,6311
538,4233
525,2702
517,2162
510,2155
549,2140
541,2124
534,2134
532,2108
532,2099
530,2105
527,2130
521,7755
511,4804
499,3034
483,2031
476,1878
470,1847
465,1816
474,1805
464,1888
456,6679
447,6280
432,3085
480,1961
470,1668
457,1652
445,1657
483,2084
475,3094
463,2534
456,2497
450,3030
444,2400
440,6082
433,3660
421,3889
406,1821
394,1531
379,2023
372,1480
364,1469
357,5345
351,4731
349,2521
345,1509
343,1865
333,1318
327,1313
324,4968
319,4402
314,2165
306,1398
303,1421
302,1377
302,1378
302,1893
299,1374
298,1400
292,1368
281,1312
274,3907
269,4424
267,2246
259,3693
257,1977
255,3217
249,1989
247,1964
240,2439
583,3244
575,3099
557,2990
547,3380
609,2703
603,3098
592,2467
582,10401
572,5155
566,3259
560,2325
550,2299
583,2824
565,2277
553,2217
539,2708
595,2285
577,2149
569,8773
566,4970
562,3497
558,5664
550,3356
535,2110
523,8084
515,3770
530,2394
549,1909
540,7843
534,3544
532,2329
532,1878
530,2436
526,1929
518,1946
506,1887
496,1846
481,1780
473,1762
468,7046
464,5267
474,3312
462,4856
456,2842
445,4854
426,2828
478,5221
470,2464
457,6528
450,3454
478,2508
474,1707
463,1704
452,2218
446,1624
443,1628
437,1625
429,2132
416,1596
399,1528
391,2011
377,1490
368,1434
359,1418
356,1465
350,5330
349,5257
344,2956
339,1543
331,1345
325,1359
319,4614
316,5013
312,2380
305,1989
302,1396
302,4933
302,4886
301,1873
299,1438
295,1392
283,1324
279,1621
272,1215
268,1616
261,2914
258,3334
256,3258
252,3477
249,1877
246,1817
238,3509
584,2965
575,2696
563,2727
545,2793
607,2874
599,3037
596,3002
585,2792
570,2556
564,2483
557,2480
542,9669
578,5544
558,3495
547,5419
533,6145
586,5585
574,3088
566,2337
564,2279
561,8383
556,4320
543,2928
532,2064
520,2052
513,2074
525,7715
549,4786
537,2983
532,2071
532,2108
532,8983
529,4148
525,3196
517,2025
501,2279
494,2252
480,2060
473,8277
465,4362
475,3178
473,1926
461,2145
456,2111
446,2098
425,7786
478,4908
470,3290
457,1814
449,1918
478,2116
473,1910
469,1933
458,7001
446,5000
443,3075
437,1687
429,1738
416,1865
400,6511
391,4698
377,2850
370,2087
359,1938
356,1944
350,1966
349,1897
345,1923
340,5849
331,4566
325,2599
322,1802
317,5702
312,4129
305,2325
302,2059
302,2034
302,1998
302,2104
299,2057
296,2028
284,4220
280,3875
273,2131
268,3901
261,2690
258,1595
256,1599
254,1584
249,1587
246,1552
237,3379
582,3076
575,2686
557,2504
618,3286
608,3162
599,2845
591,11335
578,4640
570,3276
564,2524
557,2733
593,2677
578,2638
557,2634
544,2546
530,2530
586,2502
574,2480
565,2461
564,9746
559,5137
554,3549
538,2302
527,2355
517,2274
513,2205
523,2236
543,2231
535,2195
532,2061
532,2135
530,2182
528,2251
523,2234
511,2448
499,2415
483,2385
476,2346
470,2303
464,2255
474,2284
464,2487
456,7913
451,5178
438,3371
422,1877
478,2025
470,2244
454,2054
482,1961
475,7577
471,4897
460,2955
448,1693
443,1844
439,1913
432,6891
417,3651
402,2226
392,1495
379,1827
370,1764
359,1865
356,2224
350,2012
349,2270
345,2224
340,2261
331,2313
325,2179
322,2336
317,2256
312,2260
305,2225
302,2172
302,2124
302,2129
302,2159
299,5365
295,4088
284,2086
280,1657
272,1606
268,1603
261,1544
258,1521
256,1756
254,1769
249,1752
246,1733
240,3393
234,3292
580,2968
572,2933
548,2827
612,2639
602,2910
598,2532
586,4726
570,3053
566,2464
557,9463
542,5437
580,3445
558,2413
547,8983
535,4041
589,5122
574,2868
568,2278
556,2236
561,2199
557,2166
544,2158
532,2090
520,2048
513,2056
507,2185
549,7498
539,4847
532,3034
532,2031
532,1956
529,2146
525,1849
516,1834
501,1905
494,1874
480,1916
473,2146
465,2130
462,6564
473,6521
461,2413
456,1761
448,2001
433,7595
494,4102
478,2699
469,1826
453,1877
481,1760
474,2000
471,1894
458,1691
446,1927
443,1784
436,2036
427,6908
416,4586
399,2365
391,1464
377,1547
368,1656
360,1681
356,6074
350,4963
349,2378
345,1817
340,1618
331,1630
325,1907
322,1766
317,1614
312,1444
305,1467
302,1394
302,1457
302,2024
302,1999
299,2031
296,4421
285,4166
280,2005
273,1785
268,1455
265,1444
259,1522
257,1411
255,3894
249,3810
246,2613
245,1972
238,1752
587,2750
578,2737
570,2814
619,2859
603,2587
599,2523
595,2641
580,2802
566,10272
560,4848
551,3436
584,2454
567,9516
555,4235
539,2839
597,2162
581,2184
571,2273
566,2181
562,2109
558,2135
552,2063
538,2000
527,1981
517,2751
535,3020
550,3688
543,3545
537,3272
532,3624
532,3658
531,3279
529,3638
525,3609
513,2793
501,2733
487,3062
478,2658
471,7964
465,4057
474,2505
472,1740
459,5874
454,3464
448,2214
500,2380
484,7474
474,3647
471,2053
495,1681
479,1824
473,1817
471,2154
458,1718
446,1738
443,2054
436,1629
429,1620
416,2005
400,1582
391,1645
377,1556
370,1966
359,1629
356,1575
350,1966
349,5102
345,5255
342,2794
331,1494
326,1435
322,1369
317,1273
312,1370
305,1223
303,1518
302,2442
302,3099
302,3095
299,2250
297,1793
292,1833
282,3594
274,3464
269,1831
267,1609
261,1484
257,1502
255,1583
249,1438
247,1472
241,1471
586,2949
575,2823
566,2573
622,2675
613,2721
605,2729
596,2610
587,2694
576,2551
568,2487
562,2441
608,2630
591,2406
578,2387
556,2494
613,2327
598,2308
583,2519
582,9157
573,5317
564,3267
559,2561
556,2115
541,2062
527,2148
541,2101
562,2072
552,2021
548,8602
537,4679
532,3139
532,2277
532,2013
530,7973
526,4393
514,2815
501,1843
493,6232
480,5924
486,3926
478,4893
475,2946
473,2066
460,2040
446,2050
494,2443
474,2017
462,1968
453,2290
488,1938
483,7241
473,3950
462,2320
456,1693
449,1754
445,1528
443,1592
438,1961
430,6250
417,4135
400,2527
392,1546
378,1539
369,1836
361,1477
356,1468
350,1801
349,1424
345,1454
342,2033
331,1572
326,1607
322,2021
317,1546
312,1484
305,1982
303,1504
302,1489
302,1913
302,1460
299,1487
297,1828
292,1493
281,1393
274,1753
269,1312
267,1378
259,1670
257,1359
251,1281
239,1642
234,1294
571,2813
544,2588
621,2845
618,2590
606,3107
587,10319
582,4780
574,3542
573,2900
571,2637
622,3092
615,3177
605,2465
584,2788
565,2789
623,2565
605,2911
595,2900
585,2418
579,2793
566,2789
562,2328
558,2335
552,2395
538,2284
576,2283
566,2661
558,9088
549,4582
541,3128
534,1958
532,2371
532,2275
531,2429
528,2121
522,2109
511,2466
498,2060
482,8240
488,4832
483,3246
475,1938
463,2414
438,2143
493,2007
475,1797
457,2211
446,1555
488,1605
478,2018
462,1566
456,1623
449,1632
448,1537
448,1559
446,1582
443,1767
439,1750
432,2213
417,1768
402,1748
392,2114
378,1635
370,1599
362,6109
356,5532
351,2492
349,5828
345,3068
342,1671
331,1314
326,5671
322,4972
317,2239
312,1573
305,5434
303,3030
302,1793
302,4068
302,3685
299,2096
296,1741
285,2194
280,1567
273,1533
268,1711
261,1529
255,1476
248,4265
243,4658
231,2171
221,1360
545,3049
538,2627
618,2560
604,3223
586,3573
577,2968
573,2997
573,3306
572,2925
568,2763
619,3191
608,3153
591,10977
574,5236
628,3738
610,2424
596,7781
581,4390
579,3043
567,2700
562,2424
558,2760
552,9717
538,4473
525,3747
566,2524
558,2392
549,2296
541,2671
534,2246
532,2226
532,9192
530,5193
527,3782
519,2212
504,2580
495,8702
481,4154
473,2492
478,2250
471,8289
461,4008
435,2611
423,1807
472,2065
450,2389
445,1989
450,1995
475,1967
462,2337
451,7363
448,4165
448,2860
448,1706
444,1768
440,1788
433,2090
420,1783
403,1571
393,2090
378,1604
370,1588
362,1591
356,5913
350,5900
349,2716
345,2086
342,1861
331,5829
325,3899
322,1911
316,1288
312,1255
305,1870
302,1201
302,1212
302,1757
301,1216
299,1383
295,1404
283,1263
276,1380
272,1354
267,1502
261,4310
257,3910
253,2411
242,1581
234,1480
227,1891
215,3147
213,3134
538,3056
540,2685
601,2517
582,2942
574,5667
573,3057
571,3222
566,2922
560,2894
546,3206
583,2757
560,2570
547,2516
533,2858
587,2484
574,2411
566,9783
564,4425
561,3741
556,2163
541,8678
527,3977
518,6083
513,3480
523,2351
543,2153
535,2533
532,2154
532,2119
530,2133
528,2502
522,2122
511,2053
498,2346
482,1962
475,7736
469,4644
464,3151
461,1817
452,5630
431,3352
417,2364
399,2236
386,1815
445,1932
443,2118
436,1970
431,1905
456,1767
449,6594
448,4489
445,2278
442,3191
436,2041
425,1781
413,1610
395,5136
385,3951
371,2450
364,1339
357,1304
351,1849
349,1222
345,1248
343,1283
333,4883
328,5157
324,2663
319,1405
314,1386
306,1272
303,1252
302,1247
302,1792
302,1265
299,1240
297,1444
292,1259
281,1316
273,1852
269,1309
266,1282
259,1746
257,1266
252,1253
241,1247
234,1192
226,3180
216,3275
213,2141
211,1345
210,1370
518,3325
512,2344
577,2689
573,3574
569,2710
566,3243
557,2727
543,2840
529,3195
557,2595
545,2586
531,2816
519,2398
512,2384
565,2738
556,2298
551,2320
556,2683
538,9188
527,5138
517,3257
513,2188
504,2237
498,2270
508,2517
532,8596
532,4774
530,3127
527,1975
518,8290
506,3699
495,4832
481,2618
473,2443
465,2039
464,2015
460,2398
450,2034
446,1990
423,2260
405,1948
396,1876
387,1849
381,2232
440,1846
431,1744
421,2192
456,1789
448,1760
444,2126
441,1694
434,1509
420,2055
404,1487
394,1463
380,5974
371,5862
363,2987
357,2129
351,1424
350,1459
346,1298
341,1306
331,1219
325,1213
319,1515
316,4382
312,5010
304,1798
302,3047
302,2149
302,1563
301,1433
298,1446
294,1928
282,3737
276,4169
269,2261
267,1259
261,1242
257,1231
255,1217
249,1203
247,1195
241,1274
231,1180
228,1150
221,1480
214,1118
208,1090
205,1081
204,1400
509,2670
571,2357
566,2510
559,2752
546,2696
532,6330
509,3035
500,7617
487,4274
527,3153
512,2456
507,9361
497,4563
495,2953
550,2071
541,2388
530,2783
521,2302
515,2272
507,2819
503,2500
495,2093
489,2073
488,8459
532,4932
530,3613
525,2046
516,2675
501,2041
493,2021
479,2029
472,2370
465,1970
462,1919
460,7834
450,5030
445,3286
438,1867
428,7471
413,3816
405,2407
396,1894
384,2236
436,7242
429,4118
428,2586
417,1706
446,7019
442,3869
436,2574
426,1545
413,1461
396,1540
387,1554
373,1584
368,1530
360,6025
355,5270
351,2487
347,5777
345,2915
334,3071
328,1892
324,2383
319,5167
314,4089
306,2413
304,1316
302,1322
302,5140
302,4688
300,2023
298,1448
292,4886
282,3729
275,1860
269,1552
267,2077
259,1394
257,1411
255,4056
249,3469
247,2043
245,3940
238,2772
233,1549
230,1570
223,2027
211,3455
207,3274
206,1718
201,1418
512,3593
566,3187
559,3232
546,3125
532,2578
509,2605
498,3216
487,2716
472,2682
514,3042
507,2996
497,2576
494,2743
549,3097
539,2730
528,2680
520,3043
513,2995
506,2573
503,2552
493,9664
488,4647
488,3427
504,6466
529,3547
524,6528
512,3816
498,2813
486,9055
476,4257
469,2960
464,2331
461,2125
453,8627
445,3909
441,2689
435,1817
426,1963
463,2676
456,2002
441,1945
426,2298
409,1883
461,1889
457,1849
450,1869
441,1790
464,1777
454,2163
442,1728
424,1749
414,6632
398,4883
389,2732
381,1789
375,1954
370,1509
366,1509
363,6003
370,5761
362,2701
356,1826
351,1870
342,1489
334,1520
329,1225
328,1230
328,4167
328,4423
325,2335
322,1365
310,1315
306,1294
296,1295
292,1296
283,1231
279,1705
278,1327
272,1334
267,3765
263,3685
257,2488
257,1593
257,1936
257,1558
249,1559
238,3629
234,3435
224,1859
218,2842
214,3427
208,3318
490,2952
536,2602
514,2750
503,2930
491,2735
476,2776
469,10922
459,4589
451,3514
499,8990
495,4295
485,2887
472,10266
519,4405
514,3368
505,2236
501,9800
495,4052
490,2964
490,7661
488,4015
486,2891
481,9768
486,3915
500,2757
484,2149
477,2353
471,8865
465,4407
462,3336
454,2146
447,8638
440,3743
436,2291
427,8265
427,3971
427,2760
468,2417
456,8166
439,3612
425,2498
412,5812
404,4310
445,2602
431,2529
421,2480
417,2487
425,2401
415,2335
399,2338
390,2273
382,2341
375,2170
370,2112
366,6377
364,4971
353,4063
346,2351
341,2017
352,2058
344,1995
334,1991
329,2095
328,5828
328,5652
328,2892
325,1967
322,1890
311,1792
306,1990
297,2183
292,2197
283,2395
280,2400
278,5520
272,5141
269,2721
264,3770
257,2802
257,2799
257,2907
257,2755
255,4916
247,4774
244,2535
240,2035
233,2032
225,2094
216,1997
207,2008
202,4544
191,4404
505,2667
489,2414
476,2321
469,2622
459,2196
451,2588
448,8787
444,4388
485,2843
472,2314
465,8481
461,5152
453,3126
499,5705
493,5261
488,2868
490,6160
488,3570
486,2451
481,2624
469,9776
457,4110
442,2959
451,7199
471,3241
465,7297
462,3567
454,2209
446,1914
442,1906
435,2114
427,2053
427,2241
427,7912
425,6273
413,3591
407,2003
445,7573
436,3675
432,2178
413,1788
394,7053
384,4533
416,2587
401,1974
391,1926
408,6510
400,5972
385,2948
379,6163
371,3083
369,1575
365,1641
363,1402
353,5038
345,5474
341,2752
333,3879
327,2180
334,2245
329,2234
328,2140
328,2154
328,4570
326,4860
324,3304
318,1693
308,1690
301,4782
293,4200
289,2050
283,1437
279,4064
278,3929
271,1964
267,1687
264,3739
258,3618
257,1847
257,1521
257,1518
256,1523
251,1485
245,1467
241,1432
239,1643
235,1644
224,1619
217,1555
208,3022
201,3003
191,2007
507,2865
496,2432
482,2461
469,2938
461,2489
451,10274
449,4348
445,6363
491,3238
483,7441
468,4309
465,2879
511,9809
504,4440
499,3013
491,8157
490,4035
490,5870
488,3211
487,7309
482,4598
471,5317
459,3137
488,7030
479,4215
474,6066
466,3240
463,2633
461,8942
451,4651
446,2913
439,4267
430,2859
427,2495
427,8442
427,4531
425,2737
456,6238
450,3379
443,2393
426,8063
411,4150
460,2479
442,5612
430,3657
425,2406
475,7250
453,3216
445,1903
429,1649
420,1861
412,1807
407,1812
400,1540
430,6201
426,6082
420,3011
410,4433
421,2290
415,5380
409,3173
402,2182
394,2169
389,1966
388,1995
388,5797
386,5142
384,2321
380,1683
371,1591
360,5563
354,5424
345,2221
342,3699
335,1938
331,4960
330,3227
324,3407
321,1917
316,4562
310,2611
309,1449
309,1446
308,1542
307,4310
295,4116
280,2048
276,3943
266,2665
258,1566
255,1544
246,3634
579,3138
562,2924
549,2785
528,2804
515,7750
501,4013
492,7812
485,4301
526,2935
518,8327
515,5389
511,6745
561,3740
551,2863
537,10565
535,4345
529,6846
522,3439
513,2719
508,10149
506,4511
506,3025
521,9748
544,4480
539,3005
525,9626
512,3867
501,2536
492,9292
485,4357
480,2753
476,9174
474,4235
465,2692
460,2039
452,8663
443,4232
483,2802
476,6345
465,3433
454,2505
437,2465
482,8306
472,4548
469,2866
470,5884
520,3042
509,2293
501,7628
485,3525
469,2306
457,4748
441,3266
433,5370
455,2905
450,5264
443,3103
438,2280
453,6741
451,3847
440,2245
430,1739
425,1835
419,1717
413,6401
407,4929
399,2493
395,1685
395,6157
394,4351
392,2351
387,4735
375,2790
364,2079
354,5828
349,4072
345,1904
338,1682
336,5346
334,4954
326,2195
322,3870
316,2511
314,2301
314,2226
308,2177
296,2006
285,2071
272,4439
264,4303
262,1949
258,1602
599,3361
585,2922
568,2791
551,2833
532,2702
520,2625
505,2592
493,11554
537,4955
527,3429
520,7059
517,3840
571,7422
559,4018
545,7638
540,3998
535,5387
527,3183
519,10026
513,4054
508,2702
508,2195
524,10105
548,4766
542,3419
529,6435
514,3456
503,2533
492,9418
486,4232
480,2565
476,2061
470,2328
462,2328
456,8877
449,5468
486,3708
484,5785
477,3100
464,2274
448,8446
433,4374
479,2618
470,1994
467,2055
530,8015
513,4292
502,2677
484,1849
468,1885
457,1860
442,1786
433,2395
453,6835
445,4342
438,2448
436,1796
432,1996
447,6448
434,4226
425,2367
421,1710
415,6091
408,4062
400,4175
395,2147
395,1652
395,5791
393,4135
388,2029
380,1502
366,1331
360,1313
351,1386
348,1574
340,1691
336,1838
335,1982
329,1874
326,1930
321,1816
315,1783
314,1763
314,1730
309,1766
297,1731
286,1692
274,1666
264,1696
261,1580
257,1581
250,1539
579,3286
558,2812
541,2943
526,2662
511,2559
499,11528
488,5177
529,3740
521,2586
518,2677
514,2672
509,2737
553,2691
541,2652
534,2617
531,10480
524,5190
515,3699
509,2446
508,2535
508,2520
506,2676
543,2911
533,2478
516,2418
509,2574
496,2550
488,2472
479,2512
476,2467
474,2401
463,2579
459,2564
451,2529
443,2512
441,2460
484,2503
482,2511
469,2490
447,2371
432,2314
482,2294
468,2322
457,2250
446,2215
509,7771
488,4404
469,3013
459,1760
443,1631
435,6942
423,4292
415,2259
439,1815
437,1864
433,1714
429,1575
435,1855
426,1890
422,1820
416,2006
409,2267
401,2349
396,2267
396,2170
396,2320
393,6074
389,5019
379,2660
367,1695
358,5766
351,4334
347,2135
341,1480
337,2435
335,2081
328,1918
326,1321
322,1137
316,1174
316,1468
316,1136
314,1433
305,1717
296,2150
287,2341
277,2373
268,2292
258,2246
250,2129
244,2103
237,2125
533,3298
519,2691
506,2668
494,2452
487,3208
476,2986
470,2943
516,9856
512,5086
502,3526
491,2414
537,2496
533,3049
524,9313
520,5602
512,3556
509,2476
509,8982
507,4194
502,2830
495,2381
501,2362
513,2315
498,2280
491,2248
483,2224
479,8221
476,6496
466,3602
460,2354
453,2242
445,2115
442,7731
442,5058
441,3098
436,2152
467,2214
458,2205
445,2122
435,2119
418,2068
466,2046
442,2319
428,2266
425,2471
464,7380
444,5000
436,2605
426,1686
418,1744
409,1665
407,1583
403,6499
430,6420
421,3275
412,3918
407,4720
417,2876
410,2077
402,6063
397,3798
397,2200
397,1538
394,1727
390,1503
381,5801
368,5682
359,2493
352,1557
348,1332
342,1420
338,1458
337,4775
330,5368
326,2707
323,1714
317,1711
317,1584
317,1701
315,4647
307,4479
300,2501
297,1523
292,4305
288,2751
282,1956
264,1688
258,1710
244,1626
228,1630
224,1519
218,1481
499,2635
488,2646
480,2517
471,6691
468,3647
464,7906
455,4277
496,2938
486,2714
481,2877
475,2750
524,2709
513,2603
508,2757
510,10653
509,5870
506,3449
500,2954
486,2829
473,2658
461,2636
468,2579
487,2469
481,8279
477,5281
469,3306
461,2296
457,7924
450,4252
443,2555
443,1953
443,2022
441,7579
427,5137
418,3017
415,2047
449,7063
444,3933
436,2413
414,6818
396,4010
436,2339
411,1907
395,1783
387,1752
434,5920
426,5652
414,2720
409,5660
405,2975
402,4210
391,2481
385,1785
410,1782
405,5262
398,5127
391,2432
400,3904
398,2370
398,1734
396,5124
393,3969
388,2116
378,5372
365,3113
355,3789
352,2119
346,4545
341,2828
339,4447
335,2350
329,1637
324,4350
319,4267
317,2076
318,4195
317,2895
313,1712
306,1519
299,4014
294,3962
292,2787
289,1720
283,1687
275,3697
265,3651
253,2500
235,2578
226,1872
215,1817
212,1770
206,1750
474,2724
470,2390
466,2336
463,2671
453,2474
441,2334
486,2310
479,2383
473,2214
465,9034
461,5488
509,3472
509,2567
507,8929
503,4455
495,2826
480,2233
471,8659
458,4647
450,3051
441,4676
455,5928
477,3200
468,6220
462,3741
454,6167
445,3744
443,3773
443,9183
442,4421
438,3295
426,5826
418,3072
412,2264
409,8410
441,3925
433,2327
424,6263
414,3627
396,2352
368,7799
394,3955
382,2418
369,1862
422,7371
413,3710
411,2191
405,4549
401,3411
392,5170
384,2907
379,2319
403,1867
397,1883
390,1852
386,2183
386,1835
399,1839
397,2221
392,1871
384,1822
371,5432
363,5202
356,2374
353,2280
345,5027
341,4936
340,3658
334,1947
329,1644
325,1641
319,1603
319,1776
319,2044
317,2061
313,4670
303,4519
299,2323
294,4350
290,3082
288,1951
278,1884
274,1873
267,1891
251,1791
238,1678
226,1653
218,1853
212,1837
206,1780
201,2001
197,1901
466,2735
457,2426
444,2427
437,2270
433,2302
427,2181
469,8922
464,6680
461,3837
461,2550
508,2584
504,2245
499,2241
485,2201
474,2270
460,2413
452,2401
447,8079
440,6832
437,3529
432,2326
462,2082
455,2092
449,2051
443,1984
443,2157
442,7429
440,6736
425,3377
419,2147
416,6942
409,3913
404,2344
395,6620
388,3762
417,2248
406,1868
378,1810
354,1693
339,5779
372,5565
364,2624
354,1743
349,5170
406,3675
403,2262
392,3828
386,2916
381,1911
376,4857
369,2831
362,1734
389,1753
386,1776
386,1769
385,1775
396,1705
392,1714
383,1704
371,1676
365,1670
356,1644
353,1636
345,1822
343,4233
341,4218
339,2300
331,4057
327,2408
325,2989
319,2167
319,1753
319,1761
317,1771
312,1741
307,1651
300,1630
295,1645
293,1627
290,1598
285,1597
274,1579
261,1536
253,1517
232,1708
226,1690
221,1654
216,1683
211,1643
206,1570
200,1895
200,1866
470,2539
466,2417
456,2493
444,2722
437,2611
433,2285
477,2380
469,2546
464,8723
461,6718
510,3778
509,2536
506,6691
502,3690
490,2609
474,2563
464,2513
453,2472
447,2450
441,2417
452,2417
472,2422
463,2384
458,2571
451,2574
444,2526
443,2503
443,2512
441,7607
435,5230
421,3102
417,2038
410,2083
407,2079
390,2022
404,2141
397,2304
380,2271
358,2434
354,2376
386,2301
377,2307
360,2201
362,2132
410,5267
409,5187
404,2609
398,1629
388,1596
382,1574
376,1561
371,1724
397,1716
389,1898
386,1858
386,1891
398,1922
396,1898
391,1875
381,1866
369,1196
361,1189
354,4421
350,4403
343,2717
341,1606
339,1603
331,1563
327,1545
321,1542
319,4144
319,4111
318,2177
315,1527
307,1447
300,1411
295,1390
293,1561
289,1794
282,1760
268,2007
256,1981
240,1857
229,1813
221,1773
216,1743
213,1752
205,1688
200,1659
198,1682
196,1652
195,1575
448,2763
438,2260
433,2019
427,1935
419,2864
412,2311
461,2146
461,2424
459,2616
453,9455
494,6200
476,3860
468,2302
457,2170
450,2260
441,2267
437,2214
433,8712
424,6463
421,3755
425,5020
443,2852
443,2286
442,2289
437,2270
425,2230
417,2219
411,2368
408,2532
400,2513
389,2474
383,2402
369,7534
342,7146
354,3459
337,2248
327,1934
316,1900
309,1876
308,6452
342,6337
332,2921
324,1985
326,1978
373,2002
367,1893
360,1948
356,5928
356,5876
355,3098
352,1925
373,1707
360,5828
352,5422
343,4012
339,1940
343,1586
341,5319
337,5442
331,2542
325,1686
319,1387
319,1550
318,1792
314,1540
305,1912
298,2153
292,2147
289,2064
283,2198
275,4241
266,4460
249,2156
240,3961
230,2375
225,1493
217,3488
209,3432
200,3019
195,1823
192,1227
186,1530
184,1160
180,3326
175,3476
174,2197
174,1144
174,1306
172,1192
172,1193
167,2689
162,2602
368,2511
363,1787
359,1656
354,1655
350,2203
394,1826
390,1769
386,8570
380,4651
378,3284
407,2070
406,8466
406,3936
405,2702
402,2377
392,2186
383,2245
381,2172
376,2208
373,2296
403,2517
394,2724
387,3041
382,2975
373,2958
358,3011
348,2390
338,1639
327,2317
318,2803
313,2747
308,2679
297,2603
290,2561
309,2506
304,2587
300,2518
292,3535
285,3408
282,3347
314,3417
309,2662
305,2085
360,2107
357,2116
356,4732
356,3444
356,1744
355,4692
353,2496
350,1842
370,1710
360,1656
354,1641
348,1609
343,1580
353,1662
348,1554
343,4244
341,4182
340,2238
337,1350
331,1316
329,1434
325,1302
320,1309
319,1256
319,1600
319,1430
317,1377
314,3943
306,3825
301,2036
298,1497
293,3599
290,2392
286,1642
278,1542
275,3613
267,3626
253,1794
247,3303
233,2360
221,1318
217,3091
207,3066
201,1991
199,1233
196,1350
195,1203
194,1160
189,1428
437,2075
433,2133
427,2035
419,2117
414,2033
461,2031
461,2261
460,2104
457,8720
500,5457
488,3369
472,2302
462,2199
453,2009
448,2013
441,2153
437,2036
435,2028
426,2308
421,2104
451,2101
444,7982
443,7880
443,7152
441,3191
434,2608
420,2049
416,1897
412,1818
408,2060
402,1765
393,1742
386,2089
375,1992
395,1977
384,6343
359,4935
345,2528
327,2111
361,1774
350,1705
348,5635
350,4430
401,2285
392,1969
384,1625
379,1607
373,5020
367,4554
360,2101
357,3762
386,2654
386,5092
384,2212
380,1485
386,1490
373,4578
367,4302
357,1911
353,4291
345,2203
343,1540
340,4315
337,2868
331,1526
326,4054
320,2798
319,1495
319,1668
318,1492
314,1483
306,1573
299,1422
294,1389
293,1540
290,3644
284,5078
277,2213
270,1324
263,1314
248,1272
241,1094
230,1174
222,3277
216,3731
208,3053
201,1635
196,1273
196,1275
194,1231
189,1196
186,1194
433,2554
427,2256
419,2110
414,2195
411,2034
461,2138
460,2290
457,7836
452,5795
488,3636
473,2409
462,6246
457,4870
450,5026
441,2654
438,2129
435,2233
427,2121
424,2101
428,2301
445,2194
443,2084
443,2096
441,2366
437,2381
425,2192
418,2264
415,2119
409,2109
405,2461
397,2213
388,2189
381,2288
371,2135
387,2143
376,2272
363,2061
342,2009
326,2314
359,2066
351,2032
348,2002
350,5993
399,6470
390,3043
382,2291
379,6719
373,3562
367,2336
360,1742
357,1583
386,1702
386,1675
384,2252
381,2884
389,2375
379,2256
369,2192
361,5052
354,3416
350,1786
345,1528
341,1633
340,1524
333,1510
329,1521
326,1673
320,4710
319,4762
319,2055
317,1475
314,1495
306,1433
302,4416
299,4435
293,2334
290,1797
286,1594
277,1562
274,1535
267,1572
252,1438
246,1425
236,1665
226,1793
217,1727
211,1741
201,1719
199,1599
196,1590
196,1673
194,1480
444,2357
438,2245
433,2343
427,4980
424,2901
466,2435
461,8135
461,4550
461,2905
508,2428
502,2291
494,2273
487,8964
473,5008
460,3121
452,4627
447,5390
441,2863
437,8147
448,4007
465,2404
461,7982
453,3751
445,4608
443,2514
443,2008
442,2152
441,2004
428,6596
419,5648
416,4963
410,2649
407,2012
439,2195
431,1994
424,1983
414,2026
396,1957
369,1839
402,1826
383,1856
372,1661
427,1887
420,1881
412,1801
409,1749
405,1699
401,1794
392,1626
385,1582
411,1649
406,1619
399,1536
392,4934
389,4630
399,2470
399,1500
399,1376
397,1354
393,1317
388,4745
379,4632
369,2147
361,1402
354,1486
351,1401
345,4443
342,4464
340,2069
337,1352
331,1359
327,4353
325,4158
320,1749
320,1304
320,3995
318,3766
315,1758
307,1648
302,1438
299,4019
293,4076
288,2010
282,1299
268,3951
261,3991
245,1854
239,1319
228,1578
226,1530
215,1228
211,1336
490,3035
482,2464
473,2223
471,2221
518,2869
511,2607
501,2328
490,10958
485,4090
533,3193
526,2341
518,2854
514,2708
512,2792
512,2680
510,2737
506,9537
502,5325
490,3392
518,5032
506,2914
499,2297
491,2292
482,2256
479,2201
477,2239
468,2190
463,2094
456,2238
452,7704
444,5726
444,3241
444,2092
485,1882
478,7497
467,4712
451,2902
433,2131
489,7190
474,3775
452,2354
443,5178
503,3128
489,5188
467,2494
460,4932
446,2478
437,1758
426,1818
420,1774
442,1711
440,1683
437,5664
434,4312
441,2592
433,1658
428,1605
422,1742
416,1601
412,1586
404,5569
399,4756
399,2328
399,4134
397,2447
394,1782
389,1839
379,1748
369,5279
361,4995
354,2309
351,1598
345,1607
342,1566
341,1504
335,1515
332,1495
327,1439
321,1456
320,1600
320,1650
320,1562
313,1577
294,1646
287,1448
274,1437
268,1609
266,1551
262,1568
253,1560
250,1468
243,1473
555,3256
533,2816
516,2502
505,2683
545,2476
536,2744
528,2770
524,10220
578,4553
573,3072
561,2448
553,9888
543,4649
539,3280
529,2613
523,9266
515,4245
512,6072
529,3279
554,2418
550,2442
545,9059
531,4737
517,3168
504,2092
495,6365
488,3950
483,2911
479,2395
472,2399
464,9532
459,4171
452,2948
489,1945
487,5890
480,3598
472,2274
451,6981
503,4009
482,2604
475,6515
477,3910
534,2475
518,6560
506,3642
489,1911
472,6292
462,3344
446,4214
438,2280
459,6582
451,6681
442,2899
440,2082
455,6495
453,2778
441,5207
432,2621
427,4564
419,2312
412,1863
405,5136
400,3669
399,2090
399,4281
397,4915
394,2400
389,1538
379,1519
368,1897
358,1526
354,4880
351,4390
344,2159
342,1371
340,1410
332,1385
330,1360
326,1344
320,1330
320,1457
318,1449
310,1464
293,1813
286,3798
274,4207
268,2955
264,1584
261,1594
252,1855
248,1480
241,3718
541,3239
528,3040
515,2432
502,2719
541,2972
533,2852
524,9906
522,4469
577,3157
570,2536
557,2880
547,2731
541,2543
535,2663
528,2322
519,2402
513,2526
512,2450
529,2303
554,2797
547,2342
537,2373
520,2364
513,2154
500,2155
491,2301
483,2028
480,2146
478,8095
468,6155
463,3557
455,2624
446,1960
487,2119
487,2193
478,1913
463,2009
444,2144
496,2026
478,1885
472,2390
471,1966
525,2064
510,2077
497,1980
482,1846
464,2106
453,1709
438,1676
431,1912
454,1780
446,1750
441,6570
437,4110
453,2472
441,1584
433,6874
427,3120
422,3595
414,4429
407,2316
401,6020
399,3001
399,2188
397,5968
395,2911
391,2099
379,1475
369,1388
359,1419
354,1330
350,5781
344,4896
342,2175
340,5087
332,2606
330,1563
326,5202
320,2908
320,1707
320,1532
316,1544
300,1490
289,4732
283,4370
270,2094
264,4649
260,2214
253,1519
245,1535
240,1448
228,3795
524,2488
511,2486
499,2334
541,2738
531,2645
524,10324
521,7746
517,3979
564,3128
549,5977
541,3432
539,9088
531,4364
523,2837
517,7344
512,3922
512,6441
510,3587
523,2689
545,2489
530,2335
517,10192
502,7586
494,3618
488,3145
481,5095
479,3144
471,9373
463,3695
456,2658
450,2039
444,2370
487,9136
486,4944
484,3494
462,2158
444,2273
434,8333
486,4237
467,3101
452,1980
515,8011
501,3451
482,2149
464,1631
452,7395
438,3270
430,2180
420,7294
442,3533
440,4738
436,2620
434,6764
423,3412
432,2099
425,1835
419,2031
412,1830
404,6600
399,3935
399,2477
399,1797
397,6482
392,3850
383,4430
371,2386
362,1835
355,5540
351,4104
345,2185
341,5348
339,2889
332,5385
330,2815
326,5477
320,2618
320,5161
320,2793
318,5281
308,2715
302,5246
299,2508
287,5025
277,2605
272,5060
254,2643
247,1705
240,4763
230,4771
224,2342
216,1357
211,1559
490,3188
480,2660
473,2151
521,2241
517,3026
507,2252
494,2226
541,3034
536,2650
527,2621
521,2876
517,10673
512,4897
512,3845
510,2598
506,2604
500,2460
487,2714
517,2367
502,2360
493,2709
488,2505
481,2348
478,2666
470,2495
462,9648
456,4846
447,3453
444,2036
444,2236
443,2554
439,8012
469,4802
461,3386
456,2004
446,1784
430,1802
469,7367
458,4875
434,2761
420,5120
467,2500
455,1880
438,6441
428,3512
420,2159
411,1620
409,1808
405,1542
434,1590
423,1822
414,1481
409,1616
419,2135
412,1800
404,1735
399,1724
399,1988
399,1814
396,1562
392,2088
382,1298
371,1211
362,2554
354,2322
351,1522
345,1505
341,1485
339,1360
331,1302
329,1715
325,1255
320,1267
320,1353
320,1378
317,1213
308,1134
302,1869
299,2069
293,1920
290,2009
284,1785
272,1859
257,1771
248,1395
229,1276
221,1217
216,1241
213,1230
206,1200
200,876
198,847
467,3323
462,2582
451,2277
488,3039
483,2908
477,2737
474,3589
515,4738
510,4035
510,2713
511,2695
506,2669
501,2680
487,2900
474,2666
460,2736
452,2720
461,2899
481,2688
478,2018
468,2334
462,2468
454,2221
445,2435
443,2476
443,2854
442,3436
438,5254
426,4346
418,3179
412,2675
409,3164
441,7740
432,3741
424,2407
412,7220
387,3171
413,2051
393,1750
380,1766
374,1513
422,1463
413,1410
411,1402
405,1378
401,1467
390,2034
384,4572
379,4963
403,2595
397,1562
390,5265
386,3317
399,2182
399,1364
397,6462
392,3098
384,1760
372,3776
367,2156
357,1970
353,4577
345,2628
342,4933
340,1980
336,4921
331,3907
326,3274
320,1682
319,4814
319,2920
318,3307
315,1990
307,4709
300,2120
297,1321
293,4592
290,2886
284,1472
277,1260
271,2522
263,1588
247,1515
235,1432
224,2036
218,1285
212,1418
206,1797
201,1364
198,1146
196,1356
195,1934
451,2253
438,2154
435,2073
480,2168
474,5224
466,5797
462,3446
510,2348
510,2356
508,2813
505,2350
496,8118
487,4329
472,2833
459,4487
452,3564
447,8618
455,3570
478,2289
470,2518
462,8047
458,4635
451,3217
444,2388
443,1939
444,7712
442,4830
435,2623
426,1754
418,7264
412,3991
450,2466
441,1718
433,7130
424,4066
414,2305
394,1626
418,1653
403,6353
382,4178
380,4432
427,3682
420,2173
410,5819
409,2987
405,2940
399,4942
390,2546
414,1586
409,5304
403,3267
397,3610
390,3555
400,3680
399,1861
399,4676
397,3367
395,2263
391,1534
381,1480
369,1471
362,1463
354,1442
351,1439
345,1945
341,1418
340,1418
334,1400
331,1404
326,1407
321,1372
320,1850
320,1351
320,1353
318,4578
308,3922
302,2102
299,4377
294,2535
292,1385
287,1385
274,4204
263,3543
254,1877
240,1268
230,1778
226,1230
218,1196
212,1182
210,1679
205,1105
200,1200
471,3071
467,2804
513,2787
502,2959
490,2419
485,3025
480,9306
526,4555
518,3565
512,2658
512,9028
512,4349
510,2471
506,2089
501,8985
488,4023
474,2616
506,8287
495,4361
489,2299
482,2035
478,2529
475,8227
465,4518
461,3445
455,4258
446,2495
444,7008
444,3405
443,2229
439,2654
469,2016
461,2028
450,7770
433,5109
424,2903
411,1883
448,2448
438,1611
425,1595
476,2125
461,1580
446,1535
438,6559
428,5559
420,3065
411,2132
409,1422
437,1439
435,5929
423,4177
416,2138
411,1991
422,1458
416,1471
412,1976
403,1408
399,1405
399,1933
399,1384
397,1408
393,5378
386,5232
374,2369
367,2054
358,1336
354,1361
350,5105
343,4965
341,2283
339,1467
332,1439
330,1431
327,4353
321,4284
320,2976
320,1896
318,1893
313,4162
298,4109
289,2142
279,1747
267,3830
264,3772
259,1936
254,1565
249,1551
241,1485
230,3191
226,3125
219,3021
214,1628
494,2957
485,2466
525,2468
522,2654
518,2645
515,2494
561,2415
549,2552
540,9396
536,5430
529,3491
523,2410
515,2284
512,2252
512,2510
510,8230
506,6404
545,3765
530,2452
517,2181
504,2247
495,8523
488,4818
482,3125
478,2372
472,8085
464,4031
459,2543
452,6008
445,3669
444,2640
480,2666
467,2614
450,2565
436,2527
419,2463
473,2471
470,2476
457,2418
451,6925
506,4643
488,2588
471,6392
461,3149
446,1999
437,5775
425,3220
418,4193
441,2128
440,5391
436,2881
432,4850
438,3542
429,2049
425,5128
419,3079
412,1901
404,1643
399,4956
399,3385
399,2153
397,3693
392,2782
384,1908
371,1877
363,4714
356,4392
353,2066
345,1521
341,1526
340,1547
335,1621
330,1867
327,1857
320,1779
320,1822
320,1802
314,4366
300,4316
288,2219
274,1509
268,3919
266,3885
261,2049
254,1678
250,3714
241,3703
229,2511
224,1496
219,3304
213,3258
210,2270
482,2782
473,2431
522,2572
518,2444
510,2312
501,9625
542,4953
536,3383
529,2348
528,2801
517,2281
512,8852
512,5371
511,3462
508,2399
502,2415
507,2193
517,2206
506,2129
495,2128
488,8245
482,6416
478,3353
470,2441
463,2171
459,2283
452,2196
444,2118
444,2172
444,7419
440,6546
459,3177
438,4171
431,2307
415,1987
408,1965
456,1979
443,1898
433,1866
425,1821
465,6081
456,4329
441,2441
431,3144
423,5817
417,4095
410,2084
407,3976
435,2404
425,1687
416,4932
411,3366
422,1833
416,1590
407,1608
403,1592
399,4740
399,3978
398,3403
396,1796
391,1389
381,4603
369,4494
361,1955
354,1390
350,1372
345,1452
341,1499
339,1511
331,1701
330,1936
326,2292
320,1543
320,1569
320,1744
318,1786
308,4269
297,3714
286,1938
280,3520
267,2445
260,1502
253,3251
250,2272
243,3203
228,3173
224,1668
218,2966
213,2940
210,2054
205,1522
200,2777
470,2393
516,2461
510,2335
501,6289
488,3391
483,6463
530,3628
526,2818
515,9319
512,4692
512,3174
512,2354
508,2616
503,2536
491,2492
475,2614
480,2484
499,2488
491,2447
482,9517
478,5301
476,3722
465,2305
461,2365
454,8957
446,4587
444,2805
444,7069
442,3471
438,2451
467,8383
448,3863
430,2319
426,1828
406,2079
395,7702
442,4703
430,2880
420,1850
462,1930
446,1866
438,1840
428,1816
420,6663
411,6496
409,3397
405,2172
434,1578
423,6727
415,4433
411,2478
406,6346
412,3183
405,2031
400,1696
399,6103
399,4209
397,4408
394,4431
388,2681
379,1873
367,1877
357,1559
354,4793
348,4579
343,2091
341,4380
337,2935
331,1778
327,1630
322,1770
320,1716
320,1696
319,1661
316,1662
307,1506
302,4120
296,4176
281,2002
276,1413
264,1350
253,3592
247,3674
240,2438
230,2449
224,1873
215,1747
211,1731
210,1696
203,1649
200,1642
196,1568
466,2531
505,2297
494,2576
487,5462
483,3018
475,8535
521,4091
513,2573
510,9852
512,4313
510,2835
506,2279
501,2561
487,2555
474,2492
460,9392
494,5100
488,3589
481,2211
478,2730
470,2249
462,8909
458,5181
451,3338
444,2113
444,8745
444,4078
442,2547
428,5959
419,5435
457,2946
441,8066
427,3977
414,2519
395,2078
434,2177
423,2117
406,2021
398,1865
442,6966
432,5721
423,3276
418,1708
410,4808
407,3492
404,2435
395,5181
416,3371
412,1919
406,1674
401,1630
407,1574
403,1614
399,1777
399,1708
397,1975
395,1976
391,1928
379,1888
369,1875
359,4528
354,4491
350,1927
343,1624
341,4282
339,4287
331,2128
327,4295
321,3168
319,4094
320,2224
319,1839
317,4020
307,4371
302,1710
299,4022
293,4062
287,1659
274,1456
264,1341
252,1304
240,1276
228,1358
224,3092
216,3040
211,2985
206,2097
200,1536
198,1510
196,1455
195,1439
194,1505
440,2449
485,2282
480,2163
474,2038
466,2690
512,2222
510,2141
510,9692
510,4599
504,3165
496,2189
478,2080
470,2103
458,2072
450,2073
456,2242
479,2438
477,2628
467,2648
462,2585
454,2592
445,2541
443,7407
443,5562
442,3140
438,2055
426,2089
418,2092
412,2988
409,2624
441,2672
425,3116
406,7092
391,4116
377,2302
404,1757
386,2278
379,1710
376,1693
420,1672
411,2205
409,6186
405,4641
401,2409
392,2073
384,1513
379,1511
403,1501
397,1536
390,1478
386,1446
399,1459
399,5064
397,6011
392,5010
384,3867
371,1957
362,4334
356,2424
351,2094
345,5645
341,4157
340,2026
333,1462
329,1470
325,1565
319,1483
319,1435
319,1690
318,1879
308,5086
302,4312
299,2499
293,4551
290,2419
286,1442
277,1571
271,1537
258,1290
239,3585
232,3533
218,3717
214,3276
212,1750
205,1387
200,1369
197,1318
196,1335
194,1285
189,2823
186,2772
184,2787
427,2414
474,2178
464,2091
461,2326
461,2070
510,2243
506,8881
501,4931
490,3218
475,2425
464,9365
457,4686
450,3003
441,2055
437,8916
450,4352
465,2936
461,6585
454,3378
445,2504
443,2534
443,2515
441,2545
438,8450
426,4900
418,3087
415,2023
409,1993
404,7955
433,4453
422,5386
405,2576
384,2225
367,7411
351,4181
382,2525
373,2021
364,1995
362,1940
410,2117
407,2066
404,6546
399,6324
390,3223
382,1682
376,3860
371,3846
397,2345
390,1965
386,1928
386,1939
399,1949
397,1941
393,1933
386,1926
373,1903
367,1874
357,1890
353,4728
348,4733
343,2561
341,1788
339,1788
331,1748
327,4629
325,4647
319,2464
319,1710
319,1733
318,1702
308,1638
302,1616
299,4258
294,4227
290,2631
285,1842
268,3879
262,3915
247,2025
232,3588
227,2487
221,1880
216,1855
211,1852
206,1799
200,1715
198,1754
196,1653
195,2940
194,2999
188,2913
186,2067
480,2449
474,2287
466,2129
462,2122
461,5909
510,3242
508,2400
502,8736
496,4492
478,2799
470,2133
458,8299
450,4788
441,5347
438,2950
451,2185
467,2170
461,2146
454,2121
445,7687
443,6221
443,3423
441,5293
438,4872
426,2880
418,2488
412,7297
408,4557
398,4940
419,2692
399,2026
386,6575
362,4491
355,2348
342,5766
377,3016
362,2145
355,5533
410,3567
409,2102
404,5381
398,3312
388,4041
382,2383
376,1735
371,5088
395,3453
389,1900
386,1583
386,4903
384,5088
395,2327
390,4973
379,2609
368,4826
358,2504
354,1733
348,4692
343,3099
340,1949
337,1668
331,1625
326,1620
320,1574
319,1555
319,1557
317,1679
314,2048
306,1990
300,4025
295,3861
292,2063
288,2860
281,2813
273,3762
259,2517
239,1499
232,1469
220,1422
214,1358
212,1364
206,1328
200,1543
197,1468
196,1605
194,1635
189,1601
186,1582
184,1590
181,1588
176,2531
174,2530
461,2626
461,2290
459,2438
454,2121
495,2202
485,2212
470,1999
456,2050
450,1946
444,7764
440,5954
436,3356
430,2172
424,2001
417,1999
445,1972
443,7342
443,5381
442,3203
437,5426
425,2756
417,5314
411,3491
409,5096
402,3040
395,2202
387,2185
378,6257
363,4291
373,2547
348,1655
337,1605
327,1540
318,1623
350,1870
348,2282
343,2243
339,2215
392,2197
384,2164
379,2094
373,2085
367,4633
360,4799
356,1967
356,1422
386,1445
383,1444
379,1436
370,1369
371,1504
362,1665
355,1661
351,1877
345,3992
341,4074
340,2185
333,3007
329,2224
325,1762
319,3791
319,2674
319,1661
317,1679
311,1630
302,1575
298,1545
293,1545
291,1515
288,1482
281,3356
276,3274
267,2223
253,2319
246,2347
232,2262
221,2229
217,2166
207,2173
201,2013
199,2006
196,2540
195,2513
194,2507
188,1731
186,1721
182,1679
180,2349
175,2331
174,2305
174,2300
174,2318
459,2115
454,2008
448,2137
437,2063
472,1998
458,1972
450,2009
447,2065
440,2445
437,7760
432,6444
424,3767
421,5082
415,2968
417,2117
443,2024
443,2011
441,1989
434,2135
420,2306
416,2297
411,2430
408,2418
402,2380
393,2126
386,1710
378,1716
361,1769
349,2198
357,1715
340,1386
329,1441
318,2717
309,2292
348,6461
343,6234
341,2727
337,1844
386,1729
381,6562
376,3520
369,3827
362,2018
359,4500
356,4499
356,4435
385,1990
383,1478
378,1431
369,4306
371,4362
362,2043
355,4217
351,2828
345,3073
341,2321
340,3228
334,2305
331,2224
326,2226
320,2175
319,2172
319,2172
317,2165
314,3744
306,3568
299,1894
296,3479
293,2364
290,3331
285,2314
277,2451
271,2456
264,3153
250,2122
242,1616
229,2843
218,2748
216,2736
206,2619
201,1783
198,1323
196,2401
195,2385
192,2252
186,2218
186,2236
182,2192
180,2203
175,1511
174,2134
174,2137
461,1975
459,1929
453,2004
446,1906
476,1969
468,5701
456,5442
450,4917
444,2693
440,7158
437,3657
430,5451
424,2786
418,5354
420,3541
443,5278
443,3265
443,2375
440,2369
427,6842
418,4475
415,2541
409,2102
406,1925
398,1910
388,1869
383,1873
374,1992
390,2125
382,2210
355,5470
339,5340
325,2565
316,1921
349,1934
348,5068
343,4966
401,2219
390,3617
382,2689
379,1790
373,1774
367,1759
360,1705
356,1693
386,4423
386,4453
384,2280
380,1642
373,1647
374,1619
367,1600
357,1595
353,1556
348,1731
343,1700
341,3966
339,3988
331,2079
327,2889
325,2133
319,2074
319,2057
319,2068
317,2061
307,2030
301,2041
298,2032
294,2829
290,2722
288,2668
281,2704
276,2682
267,2631
254,2659
247,2573
234,2345
223,2459
217,2458
211,2406
201,2315
199,2258
196,2158
195,3927
194,4034
189,2713
186,1877
184,1996
181,2000
176,1729
174,2412
174,2448
461,2165
460,2035
457,2300
451,2099
488,2388
473,8316
462,4470
457,2975
450,5832
441,3321
438,2263
436,2311
430,2040
424,2018
455,2299
446,1981
443,1961
443,1951
443,7570
441,5483
427,3474
419,4803
417,2747
410,7218
408,3779
402,2452
393,1952
387,1933
414,2238
406,1941
378,1833
356,1718
342,2084
372,1816
364,1814
357,2225
349,1893
411,1916
405,1885
401,2179
390,1833
384,1720
379,2049
373,4842
367,5182
392,2594
387,1823
386,1382
386,5145
398,4365
396,2123
392,1545
383,1555
371,1723
367,1496
357,1466
353,1911
348,1591
343,1566
341,1555
339,1589
331,1518
329,1512
325,4182
319,4344
319,4400
319,3079
317,1527
315,1490
307,1558
302,1516
299,3862
293,4127
290,2195
286,2854
278,2087
270,2013
254,1650
240,1580
229,3671
221,3244
216,2279
213,1704
210,3043
204,3074
200,1607
197,1255
196,1293
195,2793
192,3069
186,2761
186,1939
480,2125
474,2157
466,2378
512,2155
510,2542
510,2295
508,2250
506,2562
500,2269
487,2212
474,2398
462,2126
453,2076
462,8411
482,6463
478,3744
475,3587
465,9538
461,3300
453,3070
445,3260
443,3000
444,2942
442,7744
439,4647
426,2643
419,2154
416,7197
450,3865
436,2375
417,1934
402,6992
389,4031
425,2567
409,1892
401,1867
393,6224
438,5253
428,2631
420,3468
411,4316
409,4058
406,4289
403,2153
392,4206
416,2552
411,3922
406,2436
401,1765
412,1683
403,1693
399,1883
399,1682
399,1677
397,1757
393,1669
386,1651
374,1582
367,1549
357,1536
354,1538
350,1471
343,1460
341,1474
339,1606
331,1562
329,1578
325,1552
320,1510
320,1548
320,1508
318,1551
315,4067
307,3952
300,2096
291,2938
280,2152
275,1724
261,1740
253,1557
250,3428
243,3292
229,2230
225,1368
219,1435
214,1335
211,1286
206,2990
200,2830
198,2978
196,1491
196,1213
507,2253
494,2243
487,2207
536,2329
527,5247
521,3069
517,2580
512,9034
512,4634
510,3336
506,2162
501,2152
487,2324
491,2085
504,2076
494,2251
488,2062
482,2042
478,2243
470,2015
462,2165
459,2279
452,2102
444,2075
444,2226
444,2088
442,2087
428,2149
452,2002
438,1963
427,2325
418,1877
400,1956
445,2018
435,1912
425,6617
409,5745
458,2832
444,1756
432,1655
423,1476
418,1444
410,1416
407,1442
404,1510
428,1753
418,1586
412,1798
406,1742
416,1735
412,1744
403,2137
399,1694
399,1728
398,1704
396,1689
391,1732
382,1824
369,1630
362,5017
354,5846
350,5861
345,3250
341,3045
339,2236
331,2195
329,2317
326,2196
320,2139
320,2433
320,2148
318,2137
308,2062
302,2060
297,2030
285,1970
277,1949
271,1933
254,4876
247,4784
240,1477
230,1457
224,1118
215,1068
211,1534
210,1814
203,2245
200,4076
196,3799
195,2709
194,2200
189,3715
487,2638
483,2149
475,2213
521,2370
513,2515
510,2232
512,2695
510,2417
505,2370
498,9544
487,5609
472,3390
458,2340
467,2420
485,8816
481,4598
478,2715
468,2173
462,2138
455,7748
446,4224
444,3088
444,1908
443,8542
439,3935
426,2534
419,1834
457,8031
448,3951
434,2543
415,1697
401,1948
384,1950
422,2262
406,2867
398,3165
446,2935
432,2848
423,2712
418,2734
410,2687
409,2624
404,2237
399,2189
420,2119
412,2260
406,2063
401,2280
397,2092
404,5912
399,3407
399,1742
399,3773
397,2685
392,1832
385,1935
373,1754
367,1751
357,1673
353,4391
345,3905
343,1824
340,1466
337,1352
331,1332
327,1347
321,1490
320,1416
320,1589
319,1678
317,1595
308,1591
302,1644
299,1476
293,1510
287,1463
274,1433
265,1404
254,1355
243,1309
230,1384
226,1635
221,2200
213,1617
211,1624
205,1752
200,2127
198,1869
196,1836
195,2020
194,2013
186,2024
485,2736
480,2327
474,2395
517,2340
512,9764
510,4403
512,2904
510,8078
504,3814
496,2655
480,2563
471,2929
458,2614
491,2533
485,2794
481,2535
477,2300
468,2436
462,2293
455,2242
446,2477
444,2131
444,2179
443,2295
439,2384
426,8278
419,5150
457,3450
449,2062
435,2087
415,2101
402,1959
442,2004
421,1951
405,1888
396,1910
445,2064
431,2077
423,1927
417,2285
410,2099
407,1895
404,1897
394,1982
416,6448
411,4462
406,2677
401,1617
407,1704
403,1710
399,1515
399,1800
398,1817
396,6151
391,4902
381,2826
369,1546
361,5701
354,3519
350,1793
345,1459
341,1579
339,1308
331,1411
329,1663
325,1678
319,1596
320,1651
320,1746
318,1822
308,1823
302,4541
299,4353
293,1778
290,3186
283,2348
267,1868
261,2090
246,1716
230,1637
226,1784
218,1589
214,1561
210,1792
205,1524
200,1436
197,1361
196,1389
194,1313
189,1320
186,1505
184,1310
477,2656
469,2048
515,2015
510,2486
510,2799
510,2670
506,2243
501,9500
487,4044
474,2916
460,2189
452,2509
462,2571
481,2355
478,2272
470,2543
462,2262
455,8453
446,4905
443,3022
443,2121
443,2350
439,2344
426,2213
418,2120
412,2247
409,2190
443,2070
433,2302
418,2129
401,2004
382,2138
412,2208
387,2147
379,2058
374,2271
422,2206
411,2093
409,1976
405,2016
401,2118
390,1672
382,1661
376,1915
401,1700
397,1924
389,1819
386,1769
399,1822
398,1699
396,1719
391,1704
379,1500
369,1550
358,1501
354,1738
348,1724
343,1572
340,1880
337,1583
331,1586
326,1750
320,1558
319,1552
319,2075
317,4549
313,4616
303,4419
299,2255
294,3133
290,3022
286,4976
277,4931
271,3802
263,2257
248,1867
237,1803
223,1834
217,1951
211,2256
201,4314
199,4375
196,4111
195,2029
191,1705
186,1650
184,3814
181,3813
176,3738
174,2639
174,1957
174,1958
459,2355
452,2137
491,1920
473,1950
462,2732
454,2030
448,1886
441,2320
437,2366
432,2365
425,2325
421,2381
425,2268
443,2369
443,2638
443,8810
441,4674
427,3418
418,2080
415,2227
409,2219
404,2199
395,2180
388,2243
378,2338
369,2619
384,2575
365,2546
355,2526
342,2513
332,7056
316,5372
350,2965
344,5325
337,3155
335,2913
382,2961
376,2990
371,3424
362,3628
359,2702
356,5089
356,2813
384,1562
381,1489
373,1455
361,1357
354,1410
357,5241
353,5688
345,2539
341,1449
340,5024
333,3302
329,1764
325,1469
319,5032
319,3747
319,3535
316,1711
306,1304
301,1300
296,1307
292,1241
288,1309
282,1368
276,3538
267,3636
252,2343
245,1549
235,3286
226,3173
224,1718
215,1463
209,1315
202,1273
198,1224
194,1321
186,1149
186,1334
181,2599
180,2588
174,2512
174,1835
174,1370
174,1416
172,2552
170,2620
163,2504
161,2397
155,1651
154,1618
399,1901
395,2113
431,1826
423,1765
420,2101
415,1793
407,1725
407,1873
407,1729
404,1911
390,2075
383,1972
415,2122
408,2121
403,2162
394,6786
387,4872
379,2851
369,1862
348,1759
335,1809
325,5641
316,5598
308,2903
297,1769
294,1675
313,5195
305,5187
290,2135
282,1530
280,4875
272,4414
305,2075
298,1535
294,1606
356,1527
356,1523
354,1514
350,1641
343,1478
330,1464
323,1609
316,1765
339,1745
334,1545
330,1596
329,1649
323,1447
329,1061
326,1011
320,985
319,1041
319,1781
317,2006
314,1298
306,1011
299,1924
296,1413
292,1111
289,994
285,930
276,1183
273,2336
265,1377
250,928
244,1001
236,1024
229,1016
225,915
218,910
211,921
207,863
202,945
198,887
194,819
189,832
186,947
184,881
181,809
176,916
174,742
174,723
174,729
174,804
173,1021
172,993
170,903
163,893
162,1100
157,905
155,940
154,866
398,2021
435,1746
431,2144
423,1758
420,1812
415,6579
408,5182
407,2837
407,6465
405,3580
401,2263
390,6907
417,4222
411,2458
408,1965
403,1945
394,1928
387,1890
380,1988
371,1961
352,1966
342,2095
331,2273
324,2546
315,2481
307,2420
322,2387
319,2330
313,2312
307,5094
292,6403
324,3184
319,2010
314,2058
316,1943
367,1989
359,1956
356,2100
356,2044
356,5996
355,5588
352,2654
346,1894
361,5779
354,3567
345,1731
342,4256
350,3007
345,1882
341,1960
340,1850
334,1835
331,1777
326,1813
320,3274
319,2073
319,2323
318,1956
317,1759
307,1755
301,2353
298,2087
294,1815
291,1614
288,1860
283,1668
277,1518
271,1533
264,1777
250,1741
244,1711
236,1535
229,1412
225,1439
219,1711
208,1482
205,1462
199,1276
196,1305
195,770
192,1183
186,928
186,836
184,1236
181,924
176,844
174,788
174,1134
174,863
174,794
174,713
172,735
451,2250
486,1936
472,1899
462,1939
457,2069
450,1847
441,2080
440,2041
437,8136
432,4413
424,2873
432,2123
451,2401
444,2674
443,8677
443,3995
442,2521
438,1893
427,2154
419,7212
417,5437
410,3185
408,2358
402,2044
395,2009
388,7764
417,5228
407,2999
380,2098
363,1576
347,1742
380,6938
369,4059
359,2272
361,1538
412,1744
407,1599
404,1594
399,1590
390,1564
384,1618
379,1577
373,4970
397,5050
390,2911
387,3143
386,3712
399,2249
397,1675
395,1668
391,1639
382,1634
369,1615
362,1577
355,1566
351,1705
345,1876
341,1875
340,1888
334,1870
331,1839
326,1857
320,4287
319,4417
319,2318
319,3232
316,3218
307,1915
302,4087
299,2547
293,1757
290,1722
286,3889
272,3768
258,1995
250,1358
231,3373
226,3337
218,1729
214,1393
210,1393
205,2992
200,2831
197,2783
196,2719
194,1837
191,2583
186,2554
184,1768
181,1747
180,1776
174,1687
461,2108
510,2138
509,2066
506,1995
502,6573
490,3905
474,2358
464,2151
453,7200
448,5373
441,3031
452,2157
472,1937
464,1914
458,1895
451,7225
444,5872
443,3055
443,2008
442,1833
435,6315
421,4947
417,2768
410,1826
408,6485
439,4507
424,2493
409,1788
387,5930
370,4009
356,2085
386,1749
378,1714
366,1685
418,1680
410,1658
409,1819
405,4956
401,4834
390,2605
384,1778
379,4658
403,3322
397,1722
390,3405
387,3353
386,2051
399,1759
397,1735
393,1747
386,4457
375,4183
367,1907
357,1384
354,1372
348,1360
343,1422
341,4047
339,4021
331,2291
327,1471
325,1471
319,1449
319,1456
319,1640
318,1799
308,1749
302,3461
299,3470
294,2371
290,2571
288,2539
278,1900
273,3287
255,2238
240,1639
230,1578
221,1521
216,1478
213,1498
207,1456
200,1704
198,1681
196,1670
195,1624
194,1627
188,1608
186,1578
184,1682
181,1567
176,1541
174,1549
461,2202
510,2050
508,1998
504,2039
501,2023
488,2067
474,2336
464,2130
453,1953
448,2008
441,2098
478,2465
476,2678
465,2704
461,2739
454,2604
445,2529
443,2614
443,2539
443,2550
439,8513
426,4548
419,3386
416,1985
409,2063
447,8173
437,3798
416,5630
400,2555
387,2238
415,2152
401,2280
386,2190
379,2200
430,2025
420,2151
411,2124
409,2118
405,2092
403,2464
392,2286
386,2248
411,2288
406,2247
399,2234
392,2239
403,2204
399,6021
399,4726
399,4145
396,3356
392,2130
383,1792
371,1723
367,1484
357,1638
353,1606
345,1779
343,1917
341,2025
337,1917
331,1717
327,1914
325,1902
319,1687
320,1960
320,1845
318,2197
313,4810
303,4448
300,2040
295,1403
293,1417
287,1487
275,1396
264,3758
256,3778
241,2438
230,1498
226,3437
220,3183
213,1682
210,1651
205,1705
200,1588
198,1595
196,1563
195,1565
194,1570
189,1544
186,1511
184,1529
529,2569
517,2597
510,2164
511,2255
503,2237
478,2310
459,8162
447,4685
437,2957
427,2214
428,2250
443,2256
442,2260
427,2201
415,2478
405,2356
387,2344
370,2283
340,2064
317,7513
297,6524
288,3550
268,2225
258,2141
245,2119
258,2035
256,2216
244,2452
233,2650
223,2651
243,2656
