234,1118
234,1372
234,1552
234,1338
262,1155
262,1154
262,1152
262,1186
263,1162
263,1262
263,1804
261,2844
258,2845
249,2841
235,2865
254,3839
244,3179
237,2123
232,2091
229,2060
217,1966
213,2455
204,2196
202,6682
202,1204
200,1868
198,1557
189,1170
183,1070
195,7092
190,5248
188,6027
188,7215
183,5053
207,2772
204,1909
199,1471
199,1997
251,1489
250,1456
243,1490
237,1624
235,2391
230,3763
228,3782
227,3762
263,2630
257,2001
256,1617
252,1671
275,1672
272,1647
260,1653
257,1667
255,2223
249,1993
245,1923
240,2434
237,1871
232,1828
231,1819
260,1797
256,1796
254,1793
246,1825
246,1737
243,1698
243,1746
239,1726
240,1671
238,1706
235,1667
230,1620
225,1633
223,2173
241,1615
239,1642
237,2160
237,1604
233,1625
270,1638
268,1601
266,1613
269,1625
294,1637
288,2139
287,1741
285,1614
284,1949
284,1569
284,1547
284,2080
281,1566
280,1555
275,2065
265,1570
272,1542
264,2102
260,1591
256,1548
253,1552
251,2217
244,2190
240,2177
233,2123
232,2107
232,2168
232,2127
230,2132
222,2109
219,2100
215,2087
213,955
209,910
203,1350
200,891
196,876
187,1372
180,817
174,804
164,857
159,758
152,767
148,727
145,683
142,743
141,958
140,955
137,894
347,1323
399,1326
394,1271
389,1452
383,1384
378,1332
375,1632
375,2318
375,2759
423,2768
421,2772
417,2792
410,2820
446,2647
439,2819
426,2588
422,2674
417,2619
411,2551
408,2571
407,2616
402,2531
394,2591
402,2611
423,2519
416,2505
414,2451
414,2383
414,2434
412,2454
402,2376
397,2366
393,2434
386,2336
383,2399
378,2415
373,2341
364,2306
392,2244
375,2247
352,2161
343,2121
323,2119
358,2145
352,2028
344,2008
344,1977
362,1964
361,1968
357,1946
355,1920
344,1922
338,1895
333,1854
328,1865
323,5114
319,3869
312,1766
309,1288
322,1353
322,1342
322,1321
319,1485
316,1500
312,1524
302,1461
294,1496
288,1479
284,1656
278,1501
274,1599
273,1482
267,1528
264,1523
259,1439
253,1437
252,1679
252,1256
252,838
251,3181
246,4228
241,1444
239,1027
234,1016
233,3836
227,3939
213,1884
210,1216
205,3781
188,3721
184,1810
180,1359
425,1275
467,1704
461,1437
449,1313
446,1499
442,1339
439,1357
429,1475
469,1364
462,1357
458,1710
452,1806
449,7426
492,3865
486,2621
485,1469
487,1583
485,1529
482,1575
476,1609
466,1679
454,1861
443,1980
449,2211
469,2188
463,2146
460,2146
458,2115
449,6579
443,3317
436,2343
433,3409
424,2132
424,6225
424,2456
422,1465
417,1163
453,1396
444,6403
430,2812
420,1755
403,1192
393,5986
431,3475
419,2276
411,999
430,3991
418,2007
403,2656
393,2556
384,1555
378,3619
370,2404
368,1247
365,1249
363,1217
352,3251
345,4060
340,1709
351,1014
345,3265
341,2644
331,1729
327,2038
327,1518
327,1222
327,1248
324,1242
321,1247
311,1250
306,1240
297,1255
292,1218
287,1194
281,1157
279,1163
277,1163
269,1131
267,1335
263,1311
257,2513
257,2535
257,1287
257,1040
255,2430
245,2289
237,1171
232,956
224,960
217,2321
212,2329
208,1511
551,1391
534,1710
514,1507
503,1501
489,1409
476,5844
469,2924
459,3465
502,3772
499,1864
495,1438
487,1413
476,5287
520,3294
514,1760
508,1296
506,1320
497,1263
491,4640
490,4378
490,1892
488,2971
484,1526
520,4400
505,1988
497,1165
482,1039
474,3843
469,2628
465,1564
462,1041
455,1003
447,981
443,3733
436,3671
427,1709
427,1037
470,3547
464,2351
450,1198
428,914
418,886
464,831
456,858
446,3245
437,3399
464,1314
452,915
441,913
422,839
412,2886
399,2908
390,1150
382,800
377,802
371,795
368,2667
365,2666
377,1380
368,2696
359,1345
355,875
349,899
342,2543
333,2541
329,1689
328,991
328,1007
328,2426
325,2418
323,1646
318,2384
308,1593
301,1623
293,2416
289,1618
283,2271
279,1144
278,926
272,2230
269,2216
264,2215
258,1115
257,883
252,891
246,891
242,2124
230,2109
223,1992
222,978
218,784
212,795
573,1462
568,1549
558,1577
547,1612
534,6555
512,3334
500,1977
489,1818
527,1847
518,1800
512,7561
502,4275
559,2946
555,1668
549,7327
543,3045
529,1853
521,7099
517,2973
507,3689
501,1926
495,6623
507,3100
534,3683
534,2244
532,6456
527,2773
520,1607
511,5316
498,2799
484,1665
478,1390
472,6153
467,2831
463,3343
461,1696
442,1432
470,1397
455,1379
435,1369
417,1393
416,1306
477,1486
470,5024
452,4421
449,2182
513,1415
512,1148
512,4562
508,2824
506,1664
501,1071
493,922
480,895
500,891
485,959
475,1032
460,1110
477,1222
465,1213
459,1199
452,1178
450,1171
446,1171
444,1189
431,1171
423,1157
417,1094
412,1107
406,1114
402,1092
393,1100
388,1078
388,1063
388,1065
386,1078
381,1055
376,1051
363,1053
358,1051
349,1037
341,1152
326,1122
316,1112
305,1063
295,1079
283,1038
277,1033
274,1036
262,1038
254,1164
252,1409
602,1517
600,1712
600,1787
600,1925
600,1697
595,1785
592,1765
581,1985
622,1735
600,1858
588,1889
574,1814
628,1818
617,1786
599,1706
601,1664
587,1682
583,1610
579,1713
573,1711
559,1698
547,1692
559,1640
582,1625
569,1521
562,1544
555,1506
550,1477
550,1472
549,1493
547,1569
541,1596
528,1499
514,1541
502,2062
486,3492
523,3912
506,3876
493,1992
478,1696
460,1697
452,1691
504,1704
481,1662
459,1612
457,1581
525,1567
525,1625
522,1547
522,1563
522,1559
522,1563
520,1559
513,1561
542,1537
532,1529
517,1534
500,1519
513,1059
497,1003
487,928
479,800
471,953
464,1432
458,1492
455,1481
452,1500
442,1473
433,1427
425,1422
419,1439
414,1420
409,1414
400,1392
395,1334
395,1353
395,1350
393,1370
389,1333
382,1338
375,1333
363,1308
348,1325
335,1329
326,1286
312,1280
299,1275
296,1253
287,1271
283,1194
273,1181
258,1151
610,1611
606,1947
606,1743
606,1793
604,1783
604,1799
604,1855
659,1746
649,1747
645,1803
632,1922
613,1907
675,1873
653,1807
637,1812
631,1779
615,1870
605,1811
596,1743
587,1652
584,1615
580,1622
593,1748
606,1720
593,1653
584,1642
574,1595
570,1600
559,1553
553,1510
553,1440
553,1594
551,1573
545,1599
537,1570
521,1353
570,1365
544,1348
520,1287
507,1294
488,3666
474,3641
526,1829
515,1128
503,1007
565,1028
537,983
530,987
527,959
527,3601
524,3272
524,1433
524,3307
560,1356
556,1004
550,1002
543,1001
529,991
540,963
522,936
513,920
498,1040
487,1050
472,1026
467,1160
458,1155
457,1156
453,1159
446,1157
435,1095
426,1097
419,1079
414,1083
409,1063
401,1045
396,1016
397,999
397,997
394,2633
390,2645
380,1346
368,924
359,900
352,3938
344,3708
329,1890
319,2597
311,1967
294,1474
288,3983
283,1739
275,975
639,1598
618,1820
611,1938
607,2548
605,2845
605,1809
605,5433
658,2653
654,1775
647,2246
630,1878
687,1659
667,2089
650,1672
629,1542
627,2009
611,7045
603,3419
590,2040
586,1394
582,1319
576,2084
615,1347
599,1478
589,1438
584,1272
571,6540
562,5147
555,2542
553,2011
554,1540
552,1456
547,1446
540,1470
528,7044
515,2872
559,2375
549,1339
537,1449
521,1464
504,1463
557,1538
533,1488
513,1482
502,1641
572,6192
561,2979
541,2007
536,1184
526,5839
525,2631
525,2832
525,1392
558,4069
553,2083
546,2746
536,1433
542,1189
527,1201
515,3985
499,2655
490,2157
476,3921
471,2528
460,1737
458,1032
454,867
452,934
439,3765
430,2531
425,1639
420,940
412,860
405,903
399,835
397,843
398,1167
396,1360
394,1972
390,1957
378,1897
367,1788
359,1783
352,1742
348,1704
339,1675
326,1699
318,1694
301,1663
290,1693
285,1705
278,1592
651,1691
631,2486
617,1803
609,1880
606,2226
606,2250
606,2286
661,2868
655,2342
651,2263
638,2382
694,1827
677,1709
655,2431
648,1652
633,1664
617,2335
607,1612
598,1618
589,2274
586,7860
613,3754
621,2123
608,1598
594,1544
586,1733
576,1628
572,1538
561,1867
555,6409
555,3956
555,2186
553,1572
546,7086
536,2940
519,1666
571,1908
556,6427
536,2695
510,2235
500,1379
555,1287
528,1491
517,1432
513,1396
570,1355
542,5040
537,2598
529,1761
529,1152
526,1070
526,1206
526,1212
561,1752
557,1180
552,1069
544,1746
557,1200
542,1178
523,1713
516,1125
498,1011
489,1127
474,1050
469,1006
460,1040
459,806
455,788
450,939
437,748
430,739
424,3574
418,3077
411,1885
403,940
400,822
399,1248
399,796
397,786
393,1259
386,813
373,747
364,882
350,776
337,726
327,841
310,758
302,3765
298,3219
291,1540
280,716
264,827
613,1762
609,2144
609,1810
609,1855
607,2258
607,1849
607,1819
664,2442
653,1885
651,1767
641,2335
706,1736
684,1832
662,2368
657,1640
639,1691
626,1940
609,1566
601,1534
591,1616
588,1492
616,1430
628,1563
612,1369
597,1512
589,1597
581,1417
573,1903
563,1272
557,1283
556,1936
556,1260
554,1231
548,1923
540,1209
576,1193
555,1765
529,1208
508,1033
490,1224
479,1099
540,1551
523,2078
502,2073
555,2054
538,1926
530,1921
530,2674
530,1906
530,1817
527,1818
527,1108
563,3102
560,3103
556,1805
553,1145
543,887
555,889
541,3158
522,2480
513,1357
497,983
486,1008
475,970
470,3441
461,3019
458,1922
455,1202
445,1224
436,1204
428,1167
422,1116
416,4758
412,3337
403,1818
400,1249
400,1274
399,890
397,885
392,903
381,2987
364,3015
349,1476
336,1042
321,2993
309,2810
304,1418
301,1157
287,1145
275,1141
269,1146
261,1103
611,1552
611,1757
611,1758
608,1634
608,1728
608,1767
664,1767
654,1734
652,1705
640,6940
622,4108
682,2533
661,1712
644,1965
635,1985
619,1962
609,1498
600,1493
591,6446
586,4363
583,2524
618,1671
604,6192
592,2517
588,3024
575,1747
568,1393
559,1361
556,1342
557,1317
555,1429
550,1523
541,6633
529,3878
515,2591
550,1552
528,3462
509,3384
501,2582
483,3413
529,2052
518,1734
507,1707
484,1619
542,4316
534,2816
530,3072
530,1518
527,1162
527,3927
527,3899
526,2846
557,1809
550,1094
540,3402
523,1628
536,987
518,3889
500,1855
491,1060
481,3778
473,1779
462,1045
460,908
456,767
454,3831
441,2159
432,2198
427,2421
419,1685
412,1059
405,1335
400,873
399,865
399,3491
398,1962
394,1952
387,1515
374,696
368,704
358,2967
354,1786
344,891
335,772
326,2611
317,2204
302,938
290,651
283,2979
281,2017
275,934
265,695
620,1526
609,1739
608,1695
608,5254
607,5161
602,3027
653,1933
643,1667
623,7301
602,3596
660,2435
641,1611
626,1794
619,1490
609,1435
599,1431
591,6266
588,3622
583,2155
568,1519
578,1546
593,1608
588,1469
577,1408
568,2011
561,1389
556,1455
556,1599
555,5349
553,3542
547,2243
534,1466
518,1285
507,1319
496,1287
543,1258
536,5448
523,3634
504,2169
485,3229
538,1797
514,1518
496,2013
500,1438
572,4786
557,3019
542,1743
530,4414
527,1796
527,1152
525,1135
522,1119
548,4146
539,2684
520,1657
503,1048
517,923
500,3876
491,2657
478,1290
471,991
462,971
460,3719
456,2505
452,1408
439,1024
431,1039
425,3437
419,3167
412,2399
404,2316
400,3348
399,2273
399,1422
397,1000
394,995
387,3284
374,3332
368,1687
358,965
354,3161
346,2141
343,1271
341,3075
338,2044
327,1010
313,2863
302,1968
291,1182
283,1165
280,1146
278,1116
639,1661
626,1757
617,1733
607,1737
602,1653
598,1674
640,5157
621,2788
606,6488
584,3032
640,1904
622,7093
610,3277
606,2136
594,4561
589,2283
585,6598
580,3005
565,1877
551,6367
565,2965
587,3821
574,3414
565,1759
558,1392
556,1400
556,5901
554,3525
550,2083
541,1492
525,1355
515,1336
501,5790
492,3611
486,2065
535,1447
531,1311
519,1274
511,1227
494,1229
544,5152
529,3350
521,2016
512,1317
570,1193
559,1096
553,1118
543,1083
531,1149
522,1130
517,4336
509,3689
525,1650
513,1053
494,897
479,3633
492,2377
480,2218
472,1044
463,864
460,3059
456,1970
454,1029
441,2946
432,1486
427,2793
419,1388
412,978
405,2757
400,1831
399,1839
399,1766
397,1322
393,1118
387,2530
374,1727
368,912
358,858
354,855
346,895
343,2470
341,2551
337,1275
332,823
327,835
318,2431
307,2367
301,1604
292,1424
280,516
274,1618
270,1593
631,1567
618,1615
601,1604
596,1581
585,1567
615,1660
596,1727
583,7618
566,3516
556,2363
606,1663
595,8060
585,3226
589,2051
585,3674
575,1998
561,1782
547,6618
539,3601
532,2242
547,4085
561,3660
556,2166
556,4127
556,2439
552,1767
546,1814
533,1810
518,1751
507,1730
496,5554
489,3924
483,2188
479,3567
521,2197
511,5134
503,2377
488,3261
475,3142
461,1586
522,1357
501,1339
484,4071
555,2672
552,1424
538,1083
524,1061
517,1070
509,1064
494,1120
482,1244
493,1251
477,1338
469,1326
459,1312
451,1266
461,1270
459,1273
455,3472
452,3479
438,1685
429,947
425,3174
419,2200
412,1164
404,892
399,2932
399,2899
399,1215
396,868
391,867
382,2897
369,2837
362,1235
355,2627
351,1739
346,2435
342,1224
340,788
332,2211
328,2242
321,892
309,2119
303,2131
293,2098
280,1039
274,1572
272,1063
266,1584
259,1099
256,848
254,1612
589,1330
572,1509
555,1460
534,1598
521,1607
556,1474
546,6271
539,3705
530,2212
583,1626
578,6063
573,3036
561,1769
553,1368
543,5794
539,2963
529,1939
523,1484
515,1502
512,5535
556,3374
554,3776
550,1916
544,5601
530,2831
516,1654
502,3683
494,2840
489,1842
482,5275
479,2949
471,1747
457,5003
438,2547
470,3257
453,1823
437,1412
431,1382
428,1406
478,4573
466,3022
457,1700
450,1171
523,1180
520,4515
511,3004
498,3031
484,1727
465,2207
455,1918
440,1404
461,1002
453,1533
446,935
441,951
457,4175
454,2837
441,3073
433,1413
427,1011
422,4288
414,1875
407,1263
401,827
399,869
399,3947
397,2247
394,1178
389,2305
379,2289
367,2224
357,1670
354,1348
348,3307
344,1841
338,1300
327,3158
315,1904
301,1057
285,1011
282,2924
281,2963
276,1478
265,1928
261,1491
258,1458
258,2868
258,1948
256,1199
254,1175
251,1150
245,1135
551,1509
534,1866
522,1588
509,4441
495,2080
539,1933
533,1941
524,1918
521,1919
576,1877
566,2036
557,1998
546,2000
539,1985
532,1923
528,1933
519,2087
513,2048
512,2035
529,2042
554,2020
548,2045
540,2042
521,7145
513,4023
500,2833
489,1537
473,4608
456,3028
447,2200
426,1861
410,1816
402,1765
397,1716
417,1608
403,1549
398,1564
397,1750
394,1583
450,1656
450,1558
450,1654
456,1698
522,1572
513,1703
504,1611
488,1533
473,1497
461,1698
445,1480
437,1454
458,1408
451,1543
442,1547
440,1525
456,1487
453,1484
441,1447
433,1429
427,1399
422,1422
416,1431
407,1372
403,1371
399,1363
399,1342
398,1360
396,1320
392,1366
382,1337
368,1288
349,1280
338,1273
328,1266
311,1293
305,1210
302,1232
294,1249
285,1201
271,1202
263,1225
261,1183
261,1347
261,1376
261,1314
258,1322
258,1323
258,1296
258,1352
252,1120
251,1106
247,1520
574,1573
555,2016
536,1673
526,1700
513,1656
551,1643
540,1659
533,1603
525,1715
581,1700
577,1811
573,2002
565,1929
551,1897
543,1870
539,1834
529,1805
523,1820
517,1775
529,1723
556,1759
555,1795
552,1726
546,1747
533,1714
518,1711
507,1682
488,1601
467,1584
451,1723
444,1693
430,1678
415,1660
455,1643
446,1620
428,1586
404,1492
402,1616
397,1619
453,1647
450,1577
450,1536
457,1569
527,1579
525,1557
522,1536
516,1512
507,1508
492,1519
480,1459
493,1371
484,1382
471,1322
461,1238
453,1230
469,1134
460,1133
457,1133
455,1093
449,1089
438,1027
429,1032
425,1006
419,954
412,912
404,803
400,812
399,769
399,803
397,804
394,771
386,899
379,907
368,828
358,832
355,817
350,816
344,804
337,807
326,804
313,1391
302,746
289,482
282,461
281,468
281,439
272,459
261,459
259,427
258,624
258,867
256,498
600,1464
589,1751
574,1653
557,4730
587,2266
573,1617
558,1796
546,1684
539,1579
591,1663
583,1539
578,1535
581,1538
565,1517
553,1616
543,1668
539,1539
529,6680
523,3106
558,1993
556,3068
556,1887
554,1437
549,1423
540,1450
523,5648
514,3235
501,2004
492,1260
483,1093
482,1104
478,1063
469,1090
511,1170
494,1292
472,1492
460,1478
455,1474
442,4405
490,4341
482,1784
476,1288
550,1149
537,4181
524,2223
520,1401
512,4023
501,2037
485,2673
467,2642
491,1617
477,3770
467,1844
456,2368
449,1451
461,1180
459,3359
455,2275
454,1362
441,983
433,996
427,939
422,1059
416,1097
412,1196
403,1216
399,1193
399,1197
399,1207
397,1218
393,1169
386,1202
379,1268
369,1107
360,1127
355,1141
351,1109
346,3381
342,2494
341,2011
335,1132
332,974
324,919
309,904
302,892
294,856
285,936
280,3007
273,2854
270,1445
266,2841
261,1375
605,1483
601,2095
596,1632
586,1644
621,1658
606,1654
587,1686
575,1634
628,1569
614,1535
601,1612
594,1740
591,1719
589,1843
585,1832
577,1817
565,1778
551,1772
543,1734
587,1767
575,2917
568,2984
559,3025
556,2418
556,1258
555,4371
552,2452
548,1454
537,1375
519,1453
513,1355
501,1678
492,4854
540,2626
535,2064
522,2297
496,1379
480,5139
536,2319
506,1389
496,4180
499,4094
569,3047
548,2106
538,3077
528,1623
527,1176
527,1167
526,3962
523,2142
555,3057
547,1381
533,3630
516,3515
528,3127
517,1273
500,891
492,877
480,877
473,3390
463,3386
461,1415
457,2299
455,2242
444,1332
436,1117
428,3215
422,2244
417,1107
412,960
404,938
400,925
399,923
400,997
398,1034
395,1015
391,1147
380,1157
370,1154
361,1166
347,1139
337,1141
326,3007
309,2991
303,1635
296,1273
293,1376
280,1298
265,1284
262,1270
261,3071
261,2574
611,2328
608,2492
608,2324
608,2380
663,1889
654,1886
651,2469
640,1987
701,2050
682,2547
661,8384
653,3771
637,2279
623,3835
609,2609
602,4275
591,2281
588,2155
616,1878
623,1682
610,7632
596,3404
588,2372
577,2079
573,1608
561,5090
557,3219
557,1687
556,4273
553,1627
547,6445
530,5326
507,2586
540,1866
521,1352
499,1414
481,6076
476,4123
533,2411
508,1509
481,1211
471,1270
533,1237
530,5226
530,3435
530,2045
530,3409
527,1659
527,1300
525,1277
558,1271
553,1284
546,4940
536,3114
544,1903
529,3040
517,3136
501,1556
491,4611
478,2378
473,2903
462,3065
460,4512
456,1907
454,1182
441,1155
432,1180
427,4208
422,3410
414,1843
407,1275
401,4333
400,2136
400,1406
398,1216
393,1216
379,1211
363,4182
342,4152
326,1818
317,1184
310,1194
301,3990
287,4022
284,1567
274,3734
270,3849
266,1563
261,3780
261,2435
261,3812
261,4234
607,1759
604,2040
604,1802
604,1913
659,6204
653,3780
647,2161
636,9339
695,3785
677,2386
654,1857
642,2385
630,9837
615,3315
606,2865
594,1632
589,9299
585,5560
608,2645
618,2610
602,2026
592,1972
587,1954
575,2011
568,1927
559,1936
557,1903
548,1888
536,1908
522,1899
503,7579
479,3677
520,2263
503,1477
488,1313
468,1233
450,5051
441,3574
487,2002
476,1270
468,4237
536,2581
530,1876
530,6125
530,2198
528,1525
525,1044
525,5870
525,2150
559,1476
556,1037
552,5779
542,2221
526,1453
538,987
521,5547
508,2062
496,1440
484,5268
475,2219
467,1549
461,1184
457,1194
454,925
441,3706
433,3664
427,1797
422,2412
414,1985
407,5041
401,1804
399,1868
397,1332
385,1309
376,1817
363,1343
340,1297
328,1762
317,1179
311,1112
297,2959
288,2828
281,1916
278,2451
272,2500
267,1146
262,835
261,2226
261,1810
261,2258
257,1104
254,571
604,1425
604,1547
603,1463
653,1981
647,2052
636,4780
616,2774
595,1508
654,1584
632,1589
621,1607
612,1582
603,1720
593,1400
589,1393
585,1453
575,1374
561,1904
598,1395
588,1356
578,1903
574,1324
561,1336
556,1905
556,1309
551,6035
541,3700
521,1948
500,1376
475,1548
452,1403
441,6167
485,3866
468,2094
449,1309
432,4844
419,4605
466,4514
459,2306
453,1675
453,6406
530,2528
530,1679
527,4329
525,2178
525,1624
523,6563
520,2481
512,1570
536,1162
516,6425
499,2306
490,1420
498,5781
489,2447
474,1547
469,1318
461,5777
458,2157
455,3088
444,2857
433,3677
427,1829
422,1374
414,1424
407,5447
400,2420
399,1421
399,1032
397,1341
393,1321
386,5337
369,4326
354,2108
338,1442
325,1470
309,1423
304,4979
302,4457
290,2068
275,5098
269,2472
261,1607
261,1608
261,1685
261,1619
258,1355
258,1665
258,1630
258,1639
252,4795
251,4897
585,1656
568,2032
553,2184
585,4542
573,4917
560,2739
546,6384
601,3275
592,2363
583,1951
588,1690
583,2405
570,1673
554,7974
545,3448
539,2856
531,1630
546,2210
561,7658
556,2563
556,1867
555,6837
552,4627
546,2532
533,1878
517,1393
498,6030
475,3646
460,2166
446,1505
431,5584
419,3490
457,1924
449,1460
427,1398
406,4880
398,4770
453,2556
453,1538
453,1328
457,1235
527,5287
527,3619
525,1841
520,3042
512,1629
504,5159
485,2260
470,2937
491,1524
476,1341
466,1344
455,1420
470,4233
460,2941
459,1622
456,1127
449,1117
438,4206
429,3289
422,1693
417,1208
412,1212
403,1183
399,1160
399,1293
398,1304
396,1276
391,1429
381,1488
369,1447
360,1405
355,1380
348,1366
335,1393
327,1372
318,1381
300,1375
289,1371
283,1313
281,1498
274,1550
265,1504
262,1469
258,1428
258,1409
258,1446
256,1435
255,1364
251,1614
245,1629
238,1538
532,1512
517,1744
503,1701
543,1607
536,1620
525,5186
522,2962
577,2186
571,1922
557,1914
547,1962
541,1883
532,2691
528,2370
519,2280
512,2694
512,2327
529,2301
552,2755
546,2328
533,2245
518,2816
506,2264
495,2505
489,3077
483,2128
479,1839
473,2310
456,1668
437,1576
422,1709
408,2325
437,2634
431,2618
429,2586
424,2528
409,2442
458,2404
452,2266
450,2203
454,2193
516,2130
509,2080
494,2121
482,2055
464,1923
453,1960
440,1866
430,1856
453,1903
448,1815
441,1820
438,1844
454,1770
444,1731
436,1748
428,1692
422,1682
417,1716
412,1694
404,1637
399,1646
399,1853
399,1842
397,1792
393,1610
386,2740
373,2224
367,869
357,858
354,848
350,916
344,1096
342,1242
340,1410
330,1654
322,1786
311,1677
301,1838
290,1732
283,1599
280,1995
277,1634
267,1526
261,1932
261,1600
258,1535
256,1965
254,1562
251,1465
245,1933
238,1511
536,1565
524,2297
560,1770
548,1743
539,1575
533,1606
524,1663
581,1606
577,2312
571,1715
565,1555
551,2516
543,1708
539,1777
529,2369
523,2636
515,2542
529,2574
556,2528
555,2524
552,2531
547,2491
533,2450
518,2408
512,2360
501,2282
492,6979
483,5615
482,2967
479,1791
468,1273
499,1697
477,1305
465,1196
443,1732
432,2069
431,1133
490,1680
482,5514
468,2456
535,2621
530,2620
526,2073
523,1782
517,1819
511,6116
497,2381
484,1527
497,1013
488,5754
474,1998
466,2711
453,2293
470,1726
461,1232
459,4687
456,1934
454,2745
441,1475
432,1243
427,1248
422,1258
414,1245
407,1130
403,1134
399,1127
399,812
398,792
396,2683
392,2926
383,1296
372,745
368,2484
358,2385
354,1215
346,871
344,2502
340,1680
331,1022
317,1631
310,1615
294,1598
282,1651
282,1226
281,2409
272,1568
265,2341
259,1199
258,922
258,2258
258,2258
256,1135
599,1442
589,1882
624,1532
604,1667
586,1567
575,1550
631,1891
617,1889
602,1916
594,1979
592,1878
589,1996
585,2067
577,2006
565,1998
551,2009
543,1953
587,8013
575,3643
568,2087
559,1581
556,1389
556,5967
555,3015
552,2061
547,1396
534,1409
519,5851
507,3306
500,3910
488,1978
523,3889
506,2332
499,1681
473,1661
456,1638
510,5321
498,2962
481,1758
463,1302
533,5026
530,2568
527,1587
527,1211
527,4582
527,2356
525,1541
522,4543
548,2270
540,3032
523,1524
511,1185
520,4386
510,2584
495,2826
483,1371
475,3940
470,2391
461,1289
460,982
456,959
451,940
438,3561
431,3592
427,1729
419,1076
412,1075
407,1073
401,1053
399,1175
399,3556
399,3425
397,1761
393,1191
383,1190
369,3319
355,3268
340,1341
328,1125
312,1087
306,1072
303,1075
299,3055
278,3030
273,1628
266,1032
261,1017
261,2792
261,2751
261,1835
261,2836
258,2904
604,1518
604,1721
659,2541
654,2302
651,2314
640,1751
701,2426
684,1777
662,1770
656,2256
640,1706
627,1684
610,2217
603,1572
592,1875
589,1698
617,1683
632,2004
617,2194
602,1944
592,1924
587,1918
575,5632
568,3779
559,2349
557,1465
557,3966
553,2971
541,1737
521,1513
502,5681
537,3293
511,1843
501,1384
489,1365
467,4637
513,3400
500,1894
485,3100
483,1824
545,3031
536,1661
531,1198
530,3978
530,2399
528,2648
525,2171
525,1173
561,3435
561,1764
558,1759
555,1173
576,1196
567,1202
550,3527
539,2332
520,1220
508,3436
496,1641
484,946
475,832
469,3160
461,2665
458,1225
455,865
447,854
438,837
428,837
422,926
417,1076
413,2721
405,2735
400,1355
395,788
386,2310
379,1679
362,976
345,2431
333,1639
325,934
311,917
296,936
288,880
284,838
282,2117
280,2160
272,1405
267,2058
263,1528
261,3196
261,3238
257,1199
607,1449
604,1919
661,1838
661,1690
661,1635
654,1664
735,8280
727,3468
707,2459
695,1864
673,1852
658,2045
641,8540
627,3232
610,2685
602,1582
624,1702
648,1869
644,1767
630,7164
614,3052
600,2354
590,3726
582,2289
575,5102
565,3182
552,2116
538,1649
530,7185
519,2782
557,1859
539,1291
527,6061
515,2471
487,1590
463,1190
511,6455
503,2373
499,1674
494,1304
554,6331
544,2361
538,1598
531,1113
528,6114
528,2213
528,1453
560,1042
561,1363
561,1347
561,1342
558,5656
581,2672
575,2177
565,1119
547,1286
530,1176
519,5462
501,2117
492,3066
481,1367
473,5282
463,2459
460,3186
457,1722
454,1511
441,1469
433,1464
427,1429
422,5050
417,3488
408,3173
400,1588
386,1175
381,4805
370,2876
355,1533
348,958
335,3128
326,3088
306,1545
295,1049
287,2935
286,3052
283,1476
281,1976
277,2060
271,1915
266,1842
263,1884
257,1785
257,1732
607,1618
664,1806
661,2044
661,2095
661,1753
661,5715
738,1851
735,1681
727,1697
718,1803
695,1886
674,1965
658,2016
641,2044
627,2000
611,1863
663,1942
651,2054
648,2580
645,2843
632,2778
614,8161
600,3294
590,2634
584,1553
568,8062
546,2806
532,4976
521,2181
504,1792
555,1804
544,7696
529,2909
513,1984
488,3160
461,2069
507,1818
506,6900
503,2555
576,4350
563,1821
553,1560
542,1555
536,5906
529,2641
528,1623
528,1276
564,1570
561,6141
561,2787
561,1761
561,2891
586,2889
581,1484
574,5763
564,2260
545,1538
530,5780
518,2011
501,1182
492,3781
478,2131
473,1949
462,1125
460,3189
456,1726
454,1108
441,3197
432,1801
427,2158
423,1292
412,1270
399,1241
387,1242
375,1217
362,1213
354,2987
348,2985
339,1224
324,1045
309,988
299,2830
287,2772
287,1783
286,1080
282,1105
280,2590
273,2615
267,1693
261,1276
257,1284
257,2524
607,1558
664,1944
664,1649
661,1712
661,4823
745,2564
743,1835
738,1830
732,6951
731,3659
708,2545
690,1807
670,2095
653,7674
635,3734
620,2484
670,1677
661,1937
651,1585
648,1547
644,1518
626,1536
613,1547
597,6828
589,3852
570,2312
555,3676
537,1960
519,1738
502,1435
556,5473
549,3586
535,2187
515,1508
493,1340
539,5793
517,2762
506,1796
511,1339
579,1339
574,4513
561,3127
547,1708
540,1224
532,1189
528,1180
528,4588
564,3802
564,1834
561,2367
561,1755
589,6026
587,2181
584,1547
578,1084
570,5871
553,2155
539,1230
521,863
508,3703
493,2414
483,2390
475,1246
467,911
461,3466
457,2295
454,1252
441,1019
433,1015
427,1027
423,1006
413,973
402,993
387,3140
381,3040
368,1353
356,1014
348,1029
339,987
326,982
309,876
297,950
287,1134
287,1157
284,1144
282,1145
279,1141
271,1119
267,1106
263,1091
257,1078
257,1302
607,1496
664,1711
661,2068
661,1694
661,4863
744,2592
738,1749
735,1690
734,6814
711,3547
694,2439
671,1741
656,1777
637,1930
623,2073
643,1852
661,1845
650,2036
648,1756
644,1650
625,1662
610,1629
596,1776
589,1718
578,1687
572,1879
552,1803
532,1794
525,1800
516,1762
556,1778
546,1739
527,1698
514,1686
492,1663
531,1601
511,1564
504,1662
507,1628
569,1619
557,1665
547,1609
538,1571
533,1550
528,1495
528,1470
528,1484
564,1478
561,1439
561,1416
561,1442
586,1434
583,1416
575,1418
566,1451
546,1445
530,1445
518,1547
501,1396
491,1469
478,1376
471,1378
462,1336
460,1332
456,1340
452,1313
438,1309
431,1445
425,1469
420,1395
413,1420
405,1422
398,1409
392,1408
385,1413
379,1388
361,1397
344,1314
330,1257
323,1402
310,1357
296,1335
289,1454
282,1426
281,1439
275,1432
272,1402
266,1366
262,762
261,997
261,1652
257,2409
663,1673
661,2372
661,2097
661,1816
657,1888
736,1912
729,1892
715,2088
700,2048
680,2114
663,1712
641,1636
630,1613
612,1634
606,1788
625,1690
648,1641
644,1638
633,1610
618,1609
600,1520
590,1493
583,1661
575,1736
565,1753
559,1713
557,1730
548,1709
534,1710
585,1661
562,1670
532,1669
515,1647
502,1580
489,1557
533,1518
513,1481
498,1447
558,1426
551,1410
543,1404
534,1370
530,1333
530,1313
530,1307
528,1304
561,1312
561,1287
561,1296
559,4814
555,2600
576,1697
567,1108
550,4453
532,1904
519,1189
501,897
492,960
480,4040
473,2303
462,1429
460,901
456,958
452,983
441,958
431,1072
425,1042
419,1006
412,982
405,936
400,1063
400,3267
400,3051
398,1346
390,940
373,940
356,3159
342,2763
323,1238
316,2032
307,2062
304,1498
294,1221
279,1191
273,1153
267,906
262,840
261,849
261,2479
261,2375
261,1212
258,773
661,1339
661,1786
659,1440
653,1475
647,1538
718,3956
695,4710
678,2657
664,1799
642,1654
630,1881
615,1577
606,1649
594,1696
589,7244
644,3330
634,2307
619,3436
602,1996
592,1579
584,1582
574,1558
565,1587
559,6086
557,3415
557,2152
555,1449
549,1552
537,1494
573,1400
548,1578
527,1356
503,1471
481,1442
545,5861
539,3431
522,2286
494,1332
551,1251
535,1262
530,1142
530,5084
530,2839
530,2846
527,2794
527,1435
563,3253
559,3429
556,1948
549,3267
568,1783
552,3235
538,1984
519,1265
507,4679
493,2177
483,2312
475,1459
467,1344
461,1340
457,1296
454,1291
441,1255
433,1205
427,4351
422,3366
414,1646
407,1056
401,1040
400,3941
400,2738
398,1433
396,2619
392,1612
382,1334
366,3768
349,2038
336,1178
322,882
309,856
304,841
302,3511
289,3268
275,1426
270,1051
262,1024
261,2771
261,2895
261,1164
261,2771
258,1892
258,1786
661,1438
659,1904
654,1739
649,3738
721,2050
698,6806
680,3102
670,2198
653,1870
635,1729
620,7935
609,3401
600,2406
591,3534
620,2066
643,7204
624,2519
610,4297
597,2254
588,1521
578,4640
574,3185
561,1820
557,1445
557,1503
557,1437
551,6837
537,2967
512,1953
549,4018
527,3898
503,1938
490,1560
479,5889
530,2677
508,1518
483,3437
481,2530
543,3813
534,2223
530,1436
530,1332
530,5563
530,2537
525,3575
525,1704
561,1244
559,5415
556,2484
549,1580
569,1169
553,1096
538,5368
521,2348
508,1564
494,1102
484,1157
475,1126
467,4955
461,2911
457,1676
455,3037
441,2890
433,1449
427,1063
422,1014
414,1075
407,995
402,1075
400,1039
398,1080
390,3669
381,3508
371,1715
344,1029
330,3160
319,1833
314,930
301,953
288,892
283,2589
280,2646
272,1209
268,806
265,2536
261,1884
261,853
261,741
257,697
254,627
254,2005
254,1892
660,1328
654,1721
652,1522
641,1547
701,1603
684,4566
661,2408
656,1659
640,1588
623,1811
609,6614
602,3457
591,2222
589,3278
617,1990
626,1521
613,1527
598,6840
588,2829
578,1915
574,3907
563,2086
558,1562
557,1518
550,1501
537,1598
521,1517
505,1505
540,1445
517,1411
503,5336
489,3089
475,1945
460,1270
507,1231
487,5116
476,2852
473,1582
536,2971
530,1773
530,4431
530,2233
530,1262
525,4007
525,2303
525,2363
560,2564
556,1320
553,3800
544,1976
556,1111
541,3676
522,1845
515,1077
499,916
490,3472
475,2638
470,1450
461,1015
460,1024
456,3313
449,3309
438,2156
429,1081
425,3062
419,1964
412,1014
404,820
400,2655
400,2640
400,1206
398,773
394,787
385,754
369,804
354,765
339,2283
325,2278
312,1139
306,916
303,918
299,894
285,2191
274,2251
267,1526
261,2121
261,1429
261,2113
261,1426
261,1056
258,3117
258,2073
661,1480
657,1798
653,1557
647,1628
718,1573
695,1524
678,1531
667,8741
649,2715
635,1907
619,4930
609,2639
600,1745
591,1658
620,1723
643,1632
625,1688
613,1769
598,7604
590,3802
581,2029
574,1624
565,1544
559,6573
557,2701
557,1873
555,1323
550,1641
606,1649
583,1630
554,6696
532,3239
511,2211
488,1363
546,1548
541,6165
531,2428
583,4357
561,1812
542,1570
534,6501
530,2384
530,1597
530,4083
530,2589
563,4479
563,2197
561,1358
560,1350
556,6340
581,3057
574,1638
561,1084
544,5663
529,1245
518,1054
501,1046
492,1037
478,2636
473,2782
462,1338
460,2926
456,1491
454,1942
441,1178
433,2979
427,1533
422,2863
415,1407
408,780
404,777
400,771
400,793
399,857
395,998
384,972
368,1119
352,1137
331,1090
318,2492
312,2479
307,1459
295,941
285,1330
276,1621
272,1730
267,1744
262,1157
261,1144
261,1138
261,1130
261,1063
661,1371
661,1553
661,1581
743,1432
738,2025
732,3738
721,4686
708,2440
691,1678
670,1795
653,6574
637,3307
620,2130
609,3890
659,2105
650,1463
648,1443
644,6131
625,3073
610,2049
596,1412
588,1386
578,1508
574,1345
562,5680
557,3975
556,2563
547,4685
592,2519
580,1675
554,1488
524,7205
510,2568
565,1784
544,1268
516,6576
507,2420
571,1732
558,1172
548,1375
541,6180
533,2230
530,1648
530,3654
528,2303
564,4147
561,2447
561,1521
561,5920
586,2306
583,1535
575,3812
566,2014
547,1463
530,5872
519,2032
501,1424
492,954
478,948
473,1091
462,3796
460,3780
456,1798
452,1038
439,863
431,3377
425,2127
419,2213
413,1118
405,3057
400,1983
397,1085
387,876
379,3058
362,2098
344,1162
333,919
325,913
309,840
296,835
287,814
283,921
281,1056
275,1053
272,1010
266,1062
262,1002
261,977
257,939
257,963
257,2067
254,2133
661,1421
661,1563
657,1579
736,1609
729,1652
714,4717
698,2371
680,1581
661,1849
641,1826
628,1524
611,6012
603,3450
624,2103
648,5342
644,2416
630,1599
614,1389
598,1323
590,1313
578,1296
575,1290
557,5467
538,3165
530,2044
518,1379
497,1208
485,1231
527,1223
514,1216
492,1194
464,4973
448,4569
504,1993
500,1275
492,1105
486,4677
547,2852
538,1617
531,1201
528,3826
528,2611
528,1434
528,1091
525,1040
561,4043
561,2606
558,1610
553,1042
574,4121
562,2022
543,1344
527,988
517,3646
499,1912
490,1252
475,999
470,1003
461,1055
460,963
455,947
448,984
438,908
428,907
422,890
417,963
407,977
390,918
381,1029
368,1002
358,952
350,971
340,1234
327,935
311,933
299,939
289,856
287,846
286,878
282,820
280,964
274,986
269,945
262,937
258,922
257,933
257,914
257,910
257,904
254,899
254,866
254,842
659,1484
653,1827
649,1553
718,1819
696,1541
678,1623
666,1633
649,1571
631,1901
618,1937
609,1919
599,1963
591,1922
618,1910
640,2037
618,2028
605,2003
593,1964
588,2020
575,1996
561,1937
549,1858
531,1869
524,1850
509,1844
492,1803
484,1974
527,1968
513,1938
492,1939
465,1898
449,1860
444,1908
500,1847
492,1830
480,1838
477,1797
538,1761
533,1739
530,1720
528,1721
528,1763
528,1631
525,1613
560,1610
561,1597
558,1615
555,1603
548,1566
567,1486
550,1447
532,1173
519,1172
501,1327
492,1260
481,1030
473,1262
463,1240
460,1235
456,1242
454,1236
441,1245
433,1432
427,1337
422,1375
414,1278
407,1201
402,1231
400,1212
400,1057
394,1143
383,1202
374,968
354,1149
335,1171
322,940
315,1184
310,1335
301,1316
288,1246
284,1239
272,1221
270,1232
266,1446
261,1458
261,1411
261,1376
261,1414
261,1420
258,1407
254,1346
254,1391
657,1775
653,2069
647,1664
718,2094
695,2330
678,1790
667,1758
650,1757
635,1719
620,2002
609,1928
602,1765
591,1481
648,1667
644,1662
629,1435
614,1565
600,1778
592,1457
584,1685
574,7254
569,4013
560,2117
557,1543
557,1505
556,6877
543,2902
590,1937
568,1333
542,1285
522,1259
503,1232
556,1305
546,1288
529,1190
508,1298
565,1260
554,1238
548,5197
539,2876
533,1716
530,1185
530,1023
530,1043
564,1020
561,1026
561,4273
561,3140
589,1661
585,1066
581,3920
575,2028
566,1385
551,929
539,902
521,4366
509,3380
496,1600
486,2306
475,1384
470,3340
461,1638
460,956
456,817
452,3043
441,2705
432,1042
428,1999
420,1493
413,2032
406,1980
396,1150
386,977
381,980
367,972
352,2778
340,3080
330,1228
318,863
300,836
290,2493
286,2450
284,1244
281,1663
278,1661
271,1663
266,1648
262,1652
257,1632
257,1620
257,1610
257,1640
661,1642
661,1967
745,1660
743,1705
737,1679
732,8760
728,3106
705,2070
688,1983
666,1713
643,1874
630,8418
615,3600
666,2693
652,4532
649,2711
645,1869
635,1700
618,1723
600,1804
590,7766
584,4155
571,2751
553,1686
531,1808
521,1934
504,1954
554,1697
542,6938
527,4241
501,2512
480,1548
523,1189
506,5173
504,3563
507,3879
568,1797
556,1610
546,1172
538,1107
529,1111
528,1091
528,1097
528,3234
561,3172
561,1926
561,5238
560,2170
584,2852
581,2563
571,1280
555,1056
541,4816
522,2105
511,2096
496,2492
484,5789
475,2377
467,1500
461,1090
457,1097
454,1070
441,1083
433,5117
427,2930
422,1284
410,912
395,2913
383,1814
369,895
358,1284
353,3994
343,2902
331,1404
315,1027
302,1019
290,986
287,3733
286,3677
284,1623
281,1141
277,1176
269,1124
262,3595
258,3417
257,1560
257,1084
257,1060
257,3337
254,3168
254,1223
254,984
659,1426
654,1959
732,1535
721,1766
698,5455
690,1669
667,1539
649,1525
632,1572
619,1955
609,1843
599,1930
623,1909
645,1818
638,1826
619,1916
604,2212
588,3888
576,1988
549,1405
536,1355
510,1287
496,5066
490,4719
481,2295
466,1553
448,1349
482,4481
468,2876
454,1659
446,3348
446,2519
502,1642
498,1647
480,1679
472,4271
535,4049
528,1958
528,1323
528,1186
528,4435
528,2844
528,1740
525,1160
561,4150
561,2791
558,1459
555,1158
575,1114
565,1137
545,1124
530,1215
519,4374
501,2535
492,1610
480,1029
473,1070
462,1034
460,1131
456,1236
454,1344
441,1564
432,1552
425,1526
416,1546
400,1540
389,1454
371,1460
358,1392
355,1449
346,1418
341,1389
327,1420
312,1388
302,1284
294,1334
287,1334
287,1321
286,1281
281,1330
279,1286
269,1273
262,1467
261,1459
257,1393
257,1398
257,1382
257,1365
257,1379
254,1336
254,1324
254,1329
657,1623
653,2102
729,1670
714,1642
688,2327
680,1881
663,1779
641,2113
630,2295
612,2051
606,1892
593,1829
621,1955
644,1937
632,1909
618,1838
600,1813
590,1762
583,1803
572,1747
555,1671
537,1610
527,1645
517,1605
500,1711
487,1720
535,1671
520,1634
503,1622
474,1589
455,1519
444,1629
503,1641
498,1632
485,1589
553,1587
542,1551
534,1537
530,1480
528,1488
528,1510
528,1480
525,1486
561,1440
561,1450
559,1492
556,1458
549,1429
568,1461
550,1432
538,1404
520,1418
506,1369
493,1345
481,1304
473,1306
463,1248
460,1177
456,1147
454,1130
441,1109
432,1145
427,1108
419,1091
412,1120
405,1137
401,1074
400,1088
400,1114
396,1070
388,1206
373,1242
355,1169
339,1198
321,1151
316,1228
307,1436
302,1493
294,1401
279,1398
273,1389
267,1374
262,1373
261,1339
261,1334
261,1386
261,1330
258,1285
258,1280
254,1282
253,1266
251,1474
644,1572
632,2035
687,1638
670,1662
651,2024
641,1742
628,1761
612,1741
603,1666
593,1771
589,1634
585,1813
632,1949
617,1895
602,1875
592,1877
584,1901
574,1832
565,1940
558,2008
557,1826
557,1829
555,1816
550,1860
543,1748
530,7445
569,4050
540,2496
521,1592
505,1473
485,1421
542,1374
529,1452
518,6597
500,3544
553,2469
539,1449
530,1259
530,1270
530,1304
530,1245
527,1241
527,1360
563,1457
561,1443
555,1635
548,1613
568,1525
550,1546
538,1538
519,1472
507,1414
493,1403
483,1387
475,1340
467,1335
461,1165
458,1147
455,1134
444,1123
433,1235
428,1227
422,1226
416,1162
412,1169
403,1148
400,3298
400,3978
400,1806
398,1111
393,3843
387,1867
374,1226
368,1135
358,1047
352,1071
340,1038
329,1022
322,1135
310,1170
295,1057
292,1225
287,1291
275,3270
265,3193
264,2251
261,1287
261,1276
258,3118
258,2447
258,1221
258,1047
658,1534
739,1798
727,1627
710,1678
696,1640
680,6488
663,3459
641,2217
630,1581
616,1585
609,1509
631,1531
650,1505
647,1484
643,6646
625,4319
613,2429
598,1672
590,1858
582,1647
575,5537
566,3870
559,2258
557,1507
557,1423
555,1386
615,1379
611,1389
596,1367
571,1450
543,1520
601,5092
574,3389
549,2094
552,1410
621,1283
599,1252
568,1226
551,1352
539,5142
533,3554
530,2039
530,1295
566,1185
566,1208
563,1141
561,4743
589,3151
589,1905
585,2815
582,1598
575,1398
566,1392
551,1392
539,1392
520,1389
509,1357
496,1339
485,4510
475,3006
470,2020
461,1135
460,2905
456,2147
452,1504
442,1421
432,4200
428,2830
420,2754
413,2708
406,1630
401,1936
398,898
392,886
383,873
375,848
352,888
338,3714
325,4515
317,1738
305,993
290,1084
284,2842
281,2748
278,1488
272,999
266,997
262,980
261,970
257,1059
257,1239
257,1226
661,1597
745,1963
745,1741
741,1772
745,1854
737,1692
720,1793
695,1653
673,1742
656,1985
637,1631
658,1855
670,1959
659,1655
651,1876
646,1920
638,1628
619,1742
602,1845
593,1534
585,1738
575,1842
565,2064
551,2053
537,1924
591,1840
575,1931
548,1802
536,1810
516,1719
496,1595
531,1646
512,1620
503,1474
506,1574
562,1599
552,1456
542,1476
534,1460
530,1385
528,1386
528,1366
528,1427
561,1313
561,1333
561,1330
556,1315
581,1286
571,1253
555,1147
541,1153
522,1116
511,1020
496,970
484,944
475,1034
467,840
461,842
457,921
454,944
441,942
433,962
427,941
422,931
414,908
408,919
402,897
397,1019
390,1015
382,1021
370,998
354,1017
340,979
326,872
317,875
308,859
291,946
287,926
282,909
278,915
272,925
268,940
263,872
261,945
261,934
261,910
257,878
254,896
254,1050
254,1064
254,1046
252,1053
649,1393
721,1522
698,1630
679,1572
667,1557
649,1530
631,1556
618,1582
609,1628
597,1547
589,1504
617,1649
635,1617
618,1752
602,1722
592,1693
584,1686
574,1654
565,1650
559,1595
557,1577
557,1527
555,1957
549,1921
539,1918
575,5623
549,3041
529,1969
509,1380
486,1223
477,1206
538,1227
522,1196
503,4840
555,4331
537,1951
530,1363
530,3052
530,3095
530,1595
527,1273
527,4341
563,2544
558,1506
553,1115
546,1143
535,4183
543,2756
525,1662
516,1075
499,926
490,937
475,856
470,943
461,1027
458,3320
455,3375
444,1633
433,922
427,809
422,814
414,801
407,873
401,941
399,3073
400,2950
398,1484
395,959
387,934
370,894
354,2630
339,2641
322,1333
308,819
305,835
302,815
288,942
276,898
268,906
262,2345
261,2420
261,1640
261,1211
261,1223
258,1175
258,1176
254,2226
252,2285
251,1524
248,1511
244,1532
236,1525
661,1380
644,1647
628,1549
611,2373
609,2786
599,2537
591,2938
586,1684
580,2439
565,1602
551,1488
590,6571
583,5261
574,2413
564,4201
557,2325
556,1434
556,1536
552,1541
547,1409
532,1488
518,6523
496,3665
481,2381
462,1514
503,1343
487,6094
462,3322
453,1923
442,3726
492,1946
476,1643
460,1634
462,5533
527,2748
527,1607
527,1269
526,1356
523,1347
517,1344
509,1306
494,1292
502,1268
491,1257
476,1221
466,1107
474,1115
468,1032
460,3402
457,3157
454,2278
441,1202
432,2201
427,1653
419,1306
412,1303
404,1298
400,1252
399,1417
399,2978
397,1987
394,1130
390,865
379,869
369,835
363,2965
356,2926
352,1337
346,1342
343,930
337,2743
324,2089
313,1144
301,1385
289,1469
282,907
281,3164
274,2119
265,2063
262,2106
258,2979
258,2013
258,1242
258,3111
257,2013
256,1232
254,3107
247,1911
241,1188
236,1175
226,1079
222,2429
632,1288
621,1644
604,1459
606,1587
593,1524
589,1407
585,1562
579,6144
565,2894
553,2048
565,1400
588,1472
575,1501
568,6865
561,3383
556,2251
556,1486
555,1455
553,6424
547,2826
534,1992
510,2907
485,1745
470,5776
454,2550
481,1656
477,1238
472,4959
450,3428
428,1747
468,1351
457,1330
453,1311
460,1311
530,5225
530,3017
527,1779
527,1163
525,3240
525,1946
521,4982
518,1938
544,2433
528,3314
513,3122
496,1544
511,1171
496,1161
483,4370
475,2435
469,2649
461,2607
458,2291
455,3774
441,2494
433,1206
427,813
422,3675
414,3568
407,1839
401,1095
399,801
399,791
397,933
390,981
376,1193
361,1099
339,2225
322,2206
317,958
309,2151
303,2266
292,852
284,2064
272,1363
268,1053
266,1057
261,1050
261,1852
261,1862
261,1401
258,1723
254,1152
254,870
254,1756
252,1705
251,1170
248,837
244,860
237,862
226,1669
222,1793
632,1201
618,1661
603,1764
603,1387
592,4114
589,2478
585,1606
577,1412
561,1728
549,7018
563,3612
583,2205
574,1517
564,1497
558,6082
556,3255
556,1864
554,3862
549,2512
541,3886
516,2257
497,1642
474,1876
462,5453
496,3346
480,1788
476,3426
464,3072
451,1789
431,1460
472,4929
456,2917
453,3204
530,2891
530,1632
527,1417
527,1408
527,1401
527,4952
524,3008
518,1664
546,1262
535,1443
516,4544
501,3440
491,1820
500,3273
490,1488
477,4173
473,2545
462,1152
460,1011
456,3798
454,2674
441,1557
432,1130
427,1107
422,1090
414,3628
407,3503
401,1781
399,1028
399,911
397,926
396,3486
392,4438
382,1791
370,954
363,859
355,3241
351,3677
346,2269
338,1069
328,906
317,3092
304,3436
293,1275
283,838
282,2775
281,2067
272,1160
265,2787
259,1489
258,909
258,915
258,2661
256,2674
254,1377
251,2648
245,1816
238,2745
226,1430
644,1394
626,1879
611,1531
609,1568
600,3539
591,4373
588,2226
584,1534
571,1693
558,5744
597,3391
588,4161
578,2136
574,1470
563,6035
556,2993
556,1882
556,4021
555,2821
548,4762
538,2400
519,1614
513,6970
500,2933
547,1973
532,1349
520,1352
504,1299
483,1245
530,6644
508,3594
496,2652
491,3603
558,1879
540,5104
533,2538
527,3061
527,3210
527,3186
526,2984
523,1588
551,4520
543,2247
526,1375
511,998
520,921
507,3891
492,2525
482,1552
475,2420
467,3284
461,1865
457,1217
454,1216
441,1171
433,1149
427,1112
422,1090
414,1019
407,901
401,892
399,3422
399,2999
397,2198
395,1078
390,3414
380,2111
369,964
359,817
350,3085
336,1968
324,1171
310,2892
302,1647
293,2834
289,1367
275,1891
264,1380
261,2719
261,1595
261,898
258,864
258,838
258,2747
258,2711
252,1316
250,2735
247,1789
241,1032
234,2752
226,1758
222,1030
622,1223
611,2096
609,1400
599,1419
591,2002
586,5975
580,4191
565,2059
553,1535
565,1386
587,1727
574,1485
565,1677
558,5852
556,4110
556,2393
554,1525
548,3929
541,2217
513,1698
489,5570
469,2772
449,1616
430,5262
477,2728
472,1527
446,4883
426,2486
408,2466
457,1632
453,4590
453,2928
460,1615
530,3173
527,2366
527,4702
525,2148
523,1354
518,4515
512,2283
500,1309
516,1170
497,4182
488,2480
474,1406
485,1051
474,4544
469,2877
461,1638
460,1041
456,1407
449,849
438,4421
431,2706
425,1363
419,1098
412,1076
405,1119
401,1474
399,1445
399,1433
397,1425
391,3289
378,3530
364,3176
342,2160
327,1175
317,821
313,2871
300,2821
289,1631
283,1306
280,2170
272,2175
270,2121
266,3161
261,1569
261,1072
261,2714
257,2503
257,1747
254,2534
254,1716
254,1036
254,1032
252,1036
251,1023
248,2467
246,2477
237,2493
229,1705
224,2472
637,1514
622,1876
619,1477
609,1597
602,1494
591,7296
589,3693
585,2494
577,1680
590,6699
602,3272
592,2044
588,4503
575,2410
559,7639
541,2716
529,1886
521,6822
504,2818
493,1825
482,6751
470,2803
455,1850
434,1492
468,1526
448,1498
446,5710
444,5091
441,2409
497,1568
484,5483
474,2757
474,1735
536,1442
531,1434
528,1489
528,1538
528,1617
528,1551
525,6543
525,2793
561,1897
561,1279
558,1370
555,1324
576,6210
568,2627
550,1766
539,1217
522,1250
512,5697
497,2439
486,1630
475,1150
470,1271
461,5143
460,2504
456,1660
452,1242
441,1282
432,1302
424,1291
413,1293
400,4880
388,3387
366,1637
358,1172
352,1049
346,916
337,998
322,949
309,963
297,1085
295,1231
287,1256
287,1173
285,1184
281,1178
280,1147
272,1128
263,1103
260,1071
257,1061
257,1068
257,1168
257,1196
257,1167
254,1339
254,1350
254,1334
254,1315
252,1362
730,1474
717,1786
705,1815
683,1649
664,1606
641,1750
630,1657
614,1653
606,1562
625,1572
648,1700
644,1598
635,1598
618,1616
602,1593
592,1821
584,1681
571,1682
554,1651
533,1640
525,1586
513,1573
494,1530
548,1560
530,1531
519,1521
498,1488
474,1622
451,1629
504,1587
501,1557
498,1618
560,1547
552,1535
542,1585
534,1511
530,1516
528,1559
528,1488
528,1432
561,1454
561,1353
561,1349
559,1337
555,1267
577,1289
568,1310
550,1229
539,1292
520,1229
507,1224
493,1365
483,1221
475,1205
467,1216
461,1093
457,1082
454,1066
441,984
433,951
427,1038
422,1045
414,1032
408,953
402,906
400,899
395,926
384,896
377,902
360,876
340,850
329,743
319,816
308,969
292,970
286,928
282,916
280,942
272,916
268,947
263,925
261,1058
261,1064
257,1068
257,1058
254,1052
254,1033
254,1030
254,1050
252,1053
250,1037
246,1036
695,1453
673,1922
664,1611
641,1511
630,1781
612,4511
603,2194
592,1805
589,1804
644,1772
626,1656
613,1735
597,1792
588,1599
577,1829
573,7785
561,4217
557,2335
555,1696
545,1538
526,7319
513,3101
489,2043
521,1395
503,1366
489,6701
475,3033
452,1898
505,1451
481,1515
474,6030
464,3313
533,2052
530,1353
530,1326
530,1287
527,1297
525,1302
525,1252
524,1381
556,5344
549,3135
540,2078
523,3544
532,1766
518,1333
500,5112
490,2303
482,1335
477,3225
468,1909
465,1372
462,4557
448,2120
437,2223
433,1345
428,2806
418,2108
409,1177
404,4139
403,1849
403,1993
401,1293
398,3916
388,1860
370,2449
356,1311
338,1033
324,3629
315,2169
310,2323
307,1393
294,1191
279,1142
271,1160
265,3295
263,3267
263,1382
263,1153
263,3356
260,2178
260,1334
260,3378
256,2269
255,1336
254,1347
251,3247
248,3172
241,1622
236,1303
226,3030
222,2961
623,1499
620,1947
610,1549
601,4230
592,2017
589,3417
585,5274
571,2529
582,3869
597,2239
588,7411
578,2548
574,1728
563,4399
557,2749
556,1692
556,1511
555,1539
546,1511
528,1479
495,6617
482,3645
463,2558
494,3582
480,1820
476,1474
471,1504
445,5687
485,2557
468,2940
457,1577
460,1353
530,4642
530,4456
530,1821
527,1253
527,2863
525,1742
524,2927
520,1637
548,2929
539,1706
523,1634
504,5532
518,2006
500,1332
491,3056
485,3384
478,3514
468,1658
467,1275
463,1260
453,4062
442,2123
436,1438
428,935
420,966
416,3092
407,2561
403,2057
403,1029
402,3046
400,1824
396,998
384,855
369,839
352,2763
340,2829
326,1413
313,875
308,2579
303,1892
289,2443
277,1632
269,1177
263,921
263,937
263,969
263,925
263,2285
260,2208
260,1483
256,1096
256,1127
254,2102
252,2114
249,1497
243,1089
238,1079
228,1084
224,2032
218,2229
619,1358
611,1492
604,1489
594,1522
590,1413
586,6784
580,4419
564,2326
575,8289
592,2624
588,1637
575,1350
568,1370
561,5468
556,3731
556,2207
556,1491
544,1372
526,5845
507,2976
481,1859
462,3526
503,2095
489,5013
476,2194
460,1400
447,4593
427,2185
477,1487
468,4270
462,2052
461,2060
530,2751
530,1627
530,1164
525,1055
525,1479
525,5355
525,1943
557,1415
555,2914
547,1755
539,1298
523,5314
536,1848
518,1255
502,888
500,5125
488,2272
480,1176
472,3636
468,1718
464,979
461,857
449,826
441,802
433,3227
428,3116
418,1277
411,883
407,865
403,837
404,820
401,820
392,935
381,1009
367,1009
346,1118
330,1072
320,2493
315,2490
305,1229
291,803
288,2376
277,2424
274,1216
269,980
264,1003
263,2353
263,2401
263,1615
263,1569
256,1556
256,1538
256,1566
256,1563
254,2301
252,2214
249,1493
243,2199
236,2164
228,1576
645,1583
638,2066
623,1650
610,1698
603,1694
592,1744
589,1676
585,1636
624,2331
612,1762
597,6550
588,4058
578,2514
574,1788
563,6293
556,3302
557,1989
557,1538
555,6037
546,3453
528,2145
498,1606
544,5670
521,3133
497,2011
480,1351
479,1346
474,1327
516,5060
488,3551
473,2163
537,1358
530,1283
530,4511
530,3167
530,3486
527,1659
527,4354
527,2379
560,2944
556,3161
553,1602
545,4133
531,2260
594,1340
573,3006
562,1918
551,3918
542,2061
524,1229
518,1109
509,997
507,983
503,1006
498,1067
484,1151
475,1911
468,1582
460,1497
453,1890
445,1429
440,1436
440,1924
440,1412
438,1394
434,1895
426,3090
414,1866
403,1485
388,2072
373,1237
363,928
346,2628
363,2631
356,2633
346,2098
334,1410
319,4105
307,3527
305,1662
305,1409
305,1380
302,3931
302,3842
302,2722
302,1680
297,3764
295,2577
292,3776
289,2770
279,3785
270,1923
673,1820
659,2553
648,1881
631,1923
622,6236
609,3236
604,1953
600,9206
650,3512
630,2664
617,1961
604,9009
599,3100
587,2376
580,1796
571,8740
568,3095
568,5276
566,2667
562,5907
555,5563
533,3058
566,5914
546,5388
519,2882
500,2040
489,2044
550,7651
532,3585
499,2929
490,1754
548,1838
541,1837
536,7696
536,3515
536,2768
536,1633
533,1655
531,1823
567,7275
565,3457
561,2648
555,1532
628,1716
610,1566
594,1523
584,6476
569,3260
554,2228
539,1354
529,1524
521,1417
512,6182
516,3160
512,1925
495,1335
483,1536
474,6097
468,2554
458,3797
451,1717
446,1691
442,5520
442,3515
440,2053
435,4168
420,2360
402,5205
380,2701
359,1801
351,4871
344,3369
332,3637
343,3537
331,2090
321,2043
316,4461
310,3987
306,3166
306,1864
306,4300
306,2645
299,4120
299,3037
299,1793
299,1771
297,1803
295,1794
291,1793
282,3992
276,3863
265,2656
660,1700
649,2046
630,1784
620,1782
610,6977
605,3553
601,4792
615,5556
626,3002
612,6635
601,3737
590,2359
585,8589
574,3090
567,2254
568,4378
560,5152
545,2819
529,6365
504,3576
479,2388
460,7914
503,3377
492,2049
469,1513
455,1809
438,1799
484,1812
475,1758
466,7874
466,4028
536,2771
536,3809
534,2363
531,1743
531,1754
531,1753
530,6629
526,3442
554,2458
546,1490
529,4842
510,3533
570,1983
551,1555
541,1571
532,6070
524,2461
513,1583
511,3458
507,2011
496,3957
484,2316
477,1422
468,5600
460,1805
457,1107
446,3937
441,2026
441,1370
434,1171
424,1151
414,4901
391,2269
370,1336
359,915
349,1047
337,1069
322,4288
313,2755
308,1489
300,1033
296,3677
313,2440
307,1280
306,976
306,966
302,990
299,888
299,755
299,869
299,879
297,698
296,2444
293,2341
288,1312
280,844
268,825
263,888
253,811
248,938
241,1083
619,1441
607,1525
604,1771
600,4335
584,2256
571,1732
561,1677
574,1681
590,1695
580,1648
574,1655
567,1729
567,1713
565,1719
559,1950
547,1858
520,1845
499,1816
478,1764
459,1736
446,1968
488,1865
484,1866
464,1871
438,1822
425,1745
409,1711
459,1683
459,1599
459,1599
536,1609
533,1730
533,1725
533,1760
532,1711
526,1762
520,1717
512,1684
549,1808
530,1637
518,1585
503,1605
492,1499
544,1465
536,1464
525,1419
531,1432
527,1391
516,1366
504,1355
493,1385
485,1359
478,1345
477,1328
486,1282
481,1291
481,1298
480,1286
477,1369
472,1266
458,1291
448,1269
436,1179
429,1169
423,1183
407,1183
394,1153
382,1174
368,1130
353,1136
342,1144
338,1210
336,1214
354,1243
341,1196
334,1192
333,1166
333,1172
333,1160
331,1175
330,1317
327,1325
323,1304
308,1271
298,1254
292,1164
282,1233
277,1169
271,1185
267,1451
260,1418
257,1416
616,1613
612,2224
592,1686
581,1565
572,1759
566,1772
558,1766
599,1994
588,2013
581,2168
581,1996
581,1874
579,1958
573,1822
565,8142
547,4420
538,2527
523,1831
502,1592
483,1548
469,7531
505,3760
488,2423
475,1561
467,1551
447,6406
484,3291
471,1965
469,1496
469,1588
546,1628
543,1616
543,1583
543,1590
543,1581
537,6509
534,3181
528,2051
573,1474
554,6246
536,2630
526,3786
581,3739
571,3274
559,1678
550,1301
550,1247
541,1195
538,5118
535,2621
525,1601
513,1206
505,1262
520,4816
513,2138
506,1533
500,1015
493,4689
490,2011
490,1308
489,2999
480,1860
466,1309
445,1209
422,1133
405,1069
391,1065
383,1081
376,1032
360,991
352,1021
343,945
358,3333
354,2968
349,1435
344,963
342,3132
342,1973
338,1118
338,803
335,659
335,880
335,2823
335,2651
333,1409
331,771
328,668
320,2668
311,2592
301,1323
295,1100
282,1223
657,1632
644,1936
636,1741
626,1762
623,1849
618,1753
626,1909
638,1923
626,1831
620,7100
607,4301
599,2703
593,1846
576,2212
563,7803
553,3543
537,2460
515,1673
497,1612
480,6568
469,4299
499,2414
477,4588
464,2683
461,1893
451,1868
497,5444
490,3652
482,2038
480,1527
549,1493
547,1511
547,1468
544,4898
544,3419
544,2009
544,1299
540,1191
593,1205
583,1190
567,5143
552,3835
607,1881
594,3168
577,1563
571,1119
561,3531
551,2471
542,1442
538,1030
535,995
518,1005
513,1010
523,1072
518,1089
508,3308
502,3334
487,1649
474,1042
465,1051
451,3105
434,3074
419,1341
407,2270
398,2204
372,1643
361,1274
353,1224
350,1212
348,1191
341,1170
334,2479
350,2476
345,1663
339,1742
339,1761
339,1302
339,1416
336,1338
336,2315
336,1623
335,820
333,830
330,2261
326,2292
315,2242
303,977
298,2331
286,2206
279,1634
274,1206
271,1201
627,1477
624,2034
619,1646
601,1678
587,7648
578,3046
594,2050
608,5592
598,3268
579,2097
563,7145
554,3257
544,2148
520,4719
506,3114
494,4991
478,2093
460,1535
434,1483
423,1451
463,1383
459,5578
445,4563
438,2300
427,5180
419,2062
471,1459
471,5779
469,2902
476,3367
544,1622
544,1292
544,1276
542,4869
537,3299
531,1870
522,1228
504,4505
534,3183
525,2967
513,1611
499,4837
553,2621
545,1345
534,1015
539,991
535,4195
518,3235
509,1642
500,1052
495,4292
485,2689
480,1381
494,1030
492,3434
492,2767
490,2141
484,2101
464,2075
441,2033
421,1579
405,1576
389,4040
379,2015
375,1286
369,3881
355,1881
340,1195
328,3433
321,2134
321,2248
321,1331
342,3360
339,1765
339,1084
339,3194
339,1704
337,2121
331,1290
327,3139
315,1511
305,2013
299,2109
287,2872
281,1490
274,983
271,1002
265,2949
263,2892
261,1927
259,1194
253,1161
581,1492
572,1890
565,1877
560,1548
549,1569
541,1714
558,1875
585,7976
583,3611
576,2528
566,4881
546,2653
540,5545
528,5078
520,2469
505,1697
491,7705
474,3247
460,2042
445,1540
470,6758
456,3013
450,4316
448,3949
436,2130
422,7203
476,3056
469,3317
469,1828
546,1636
543,1624
539,6767
533,3104
525,2019
508,3037
490,3710
478,4059
515,2027
506,1363
497,5167
491,2743
484,3330
534,1647
531,1469
528,5468
525,2566
514,3388
504,1679
498,1384
492,1366
485,1343
478,1363
495,1364
492,5142
492,2994
491,1805
489,2425
484,3356
472,1982
460,1349
455,1356
443,4664
437,2688
432,1588
427,2845
422,2805
409,1542
391,4392
380,2493
369,2162
352,3922
369,1910
369,2685
367,3900
360,2570
345,1284
344,1112
339,1064
339,1053
339,1139
337,1122
335,1117
332,3328
324,3290
317,1529
305,1117
299,1112
287,1104
282,1106
277,1124
274,1084
270,1085
627,1617
625,2089
621,1803
609,1840
594,7315
585,4307
624,2589
616,4003
606,2319
595,1835
589,1812
585,6650
585,3938
584,2449
582,1711
576,6566
563,3484
546,2486
539,1691
527,7853
575,3319
560,2185
548,1603
528,1915
511,1997
562,7561
534,3344
524,2475
513,6204
587,3137
562,1959
556,1792
548,6601
546,2857
546,1863
546,4737
546,2654
598,1748
595,6165
586,2455
577,1542
637,4550
618,2806
604,3371
598,2010
586,1553
572,5924
561,2885
555,1872
543,3531
541,3536
544,3131
557,1771
542,4594
533,2293
524,3379
518,3352
510,1695
507,1282
499,1270
495,1202
493,1182
493,1189
491,4221
490,3339
482,1743
462,1267
437,1190
424,3724
400,2295
388,1236
410,1043
405,1038
393,1068
378,911
362,889
358,947
353,1070
350,1169
343,1345
342,1336
342,1340
339,1536
339,1551
336,1460
336,1477
336,1562
336,1462
335,1471
334,1555
331,1434
328,1460
752,1787
733,2100
714,1924
696,5116
675,5597
698,2910
706,4773
698,5755
687,2829
685,4863
681,5623
664,2932
647,2021
634,7875
625,3245
615,2190
605,1674
580,7261
558,2928
550,4791
597,2418
578,1757
567,6663
548,3255
528,1942
570,4709
541,2758
526,4501
531,2034
597,5098
587,2705
572,1629
566,1301
558,1288
547,1277
546,4741
546,3981
603,2156
601,3605
601,1901
601,1398
683,1390
679,4683
672,3205
672,1955
651,2684
627,3109
611,2877
592,2489
580,3954
563,1774
562,1283
569,1302
568,1290
563,1270
547,1286
534,1238
524,1216
518,1248
509,1216
495,1171
478,1183
466,1143
453,1127
434,3457
427,4367
413,1701
399,1114
380,1093
363,3352
354,3297
377,1415
373,1206
370,1214
359,1202
353,1202
348,1212
340,1194
339,1253
339,3095
339,3081
336,1863
336,1167
336,1161
336,1161
334,1176
332,1162
328,3115
319,3107
306,1613
299,1130
287,1083
666,1763
646,2236
638,1824
627,1931
624,2019
651,4757
654,2522
639,2152
626,1956
610,1911
578,2009
560,1771
536,1742
520,6777
513,4745
501,2881
484,1595
461,1469
438,5529
480,4670
466,2567
466,1424
462,1286
457,1351
439,5001
481,4158
476,2150
469,1269
476,1251
546,4280
546,2676
544,1492
544,1159
544,1144
544,1183
540,1167
591,1172
582,1158
565,1145
550,1130
530,1233
584,1229
573,1212
558,1208
558,1173
544,1126
541,1091
537,1095
526,1111
514,1075
498,1069
484,1055
485,1146
465,1148
447,1132
435,1097
429,1088
421,1096
413,1180
395,1112
382,1072
370,1028
359,1040
354,1034
353,1166
351,1172
346,1177
340,1170
332,1158
325,1136
320,1094
339,1097
339,1078
339,1077
339,1085
336,1101
336,1091
336,1094
335,1074
333,1039
330,1052
326,1057
315,1235
303,1195
297,1171
286,1166
279,1109
274,1089
270,1051
265,1025
262,991
261,984
598,1504
587,1695
577,1568
572,1671
560,1600
595,1541
588,1864
585,1883
578,1678
567,1667
547,1707
530,1732
499,1848
480,1778
469,1760
455,1940
447,1907
434,1899
416,1838
441,1763
433,1662
425,1611
415,1576
415,1570
415,1547
471,1562
469,1561
469,1564
544,1564
543,1566
540,1573
534,1562
526,1551
511,1521
499,1515
478,1404
515,1361
506,1360
495,1319
488,1331
536,1327
533,1297
529,1288
524,1166
514,1165
504,1165
498,1162
491,1151
485,1265
477,1261
470,1255
492,1247
492,1244
489,1244
485,1239
472,1194
460,1151
447,1156
433,1144
423,1085
406,1656
395,1641
379,1606
363,1560
359,1557
353,1550
344,1554
337,2471
326,1693
322,1060
339,1066
339,1057
339,1068
339,1069
337,1062
335,1070
331,1049
322,1044
312,2338
300,2222
287,1206
282,782
276,669
272,2065
266,1978
263,1963
261,1385
259,1023
253,1001
247,933
243,944
240,910
560,1304
548,1421
541,1447
541,1388
540,1929
579,1478
574,1414
559,6174
543,3161
529,2060
520,1565
511,6446
505,3495
502,3656
492,1934
486,1373
478,1523
466,1370
452,5587
482,3715
475,1912
461,4232
443,3345
437,1722
493,1797
486,1222
476,5215
468,2491
520,1697
504,1168
483,1256
475,1104
460,993
449,4102
441,1109
433,1128
475,5014
472,3576
469,1578
458,985
505,1079
497,1011
492,908
486,879
480,846
473,789
470,3256
470,3156
468,1742
465,2501
461,2421
469,3215
457,1371
443,2358
437,1746
433,2353
426,1787
424,3058
419,1635
413,1123
409,1098
404,1087
396,2816
395,2844
395,1519
393,1038
390,1047
380,2852
374,2881
362,1268
371,887
363,829
356,819
340,897
333,826
324,2601
317,2665
304,1689
298,971
286,975
283,2307
277,2313
272,1630
266,1178
263,1167
261,1160
261,2102
257,2111
253,2119
248,1123
246,2078
243,2073
562,1414
553,1587
548,1501
541,1524
558,1483
585,1742
583,1733
579,4143
575,2442
562,2060
545,2102
540,2080
529,6039
522,3494
516,2145
507,4206
504,2641
502,4274
493,2482
534,1937
529,1877
522,1851
514,5390
510,3719
577,2311
566,1558
548,1380
543,5316
596,3615
577,2162
574,3232
571,1899
564,1465
550,1453
539,1438
533,4894
579,5511
564,4922
553,2507
535,1848
601,3603
585,4306
575,2336
573,1578
561,1491
556,1567
544,5731
541,2850
538,1938
535,1258
528,6622
538,2207
528,1403
521,3863
515,2514
507,1562
502,1364
495,1389
493,1318
493,1330
492,1262
490,1416
486,5282
477,3256
461,1579
455,1057
443,1172
437,3135
432,2877
427,1345
454,2411
442,3587
424,2347
412,1221
397,2294
377,1412
369,1141
368,2725
366,1838
359,930
344,2211
340,1504
339,741
339,747
337,1975
336,2053
332,1051
327,1499
318,1506
303,1143
298,1524
287,3169
666,1551
646,2080
638,1709
628,1697
657,1682
680,1705
662,6352
646,3612
633,2001
621,2160
611,2046
606,2023
594,7949
586,3652
586,2855
586,4567
582,5498
577,3040
626,5808
608,5522
595,2933
581,2047
571,2011
549,1760
602,1873
585,1911
558,7127
616,3774
605,2722
594,1571
580,1704
560,1675
551,1634
546,1629
546,6503
603,3534
603,2642
599,1449
595,1690
588,1642
652,1643
633,1717
609,1603
606,1584
590,1660
574,6084
561,3650
555,2160
542,2990
539,4263
562,2121
546,1604
533,1612
524,5459
518,2444
508,4024
502,1618
495,1565
493,5404
493,2217
491,1772
488,3763
482,1992
470,1626
450,5204
426,2603
410,3068
392,1944
377,5141
373,2994
390,1833
379,1531
357,4833
345,2795
342,1638
342,1389
342,4523
339,3633
339,1876
339,4458
336,2308
334,1583
332,4404
328,2877
319,1547
308,1531
300,1512
287,1502
281,1382
274,1316
271,1220
265,1423
624,1700
619,2217
598,1863
587,5992
626,3000
617,5248
606,2865
594,2283
586,8519
585,3271
585,2625
581,1789
565,8089
535,2814
509,4502
483,1926
463,5470
449,2934
495,1980
477,6936
448,2966
434,2047
425,1666
472,6325
471,2738
471,4142
471,1866
546,1818
544,1799
544,1808
541,1772
537,7003
528,3243
514,2219
499,1406
529,4514
515,2709
503,6423
491,2511
545,1853
534,6161
529,2427
524,1357
514,3669
503,2300
495,5423
486,2560
478,1609
472,3980
470,2874
492,3950
486,2349
466,3754
439,2133
417,5343
391,2398
382,3418
375,1998
366,1351
347,1304
336,4190
328,3225
321,1645
321,3647
321,2032
321,1337
315,4329
315,2446
315,2878
334,2831
332,4167
328,1929
315,2829
304,4250
297,2022
284,1152
278,1133
272,4258
266,2627
263,1114
261,909
259,907
252,903
246,1019
243,1193
240,1400
231,2068
228,2025
228,2123
228,2033
227,2055
225,2084
499,1435
473,1754
454,1464
450,1540
449,1518
444,1775
439,1812
420,1845
399,1914
391,2004
378,2100
378,6855
379,5370
379,3070
377,2171
377,2080
377,6692
375,4441
407,2742
402,1257
394,4584
384,2981
368,1641
400,1386
390,4346
377,4217
379,1893
424,1360
420,1353
417,1357
407,1338
397,4044
389,4760
384,2830
376,1722
420,1486
419,5290
419,4238
417,2253
461,1669
448,1532
435,5162
421,3080
415,1949
407,1418
403,1424
399,5179
391,3621
385,1547
371,3423
375,2801
369,5110
361,2849
342,4761
332,3455
330,1835
326,1609
320,1585
311,4812
304,3845
294,3210
282,2317
272,2316
264,1723
261,2971
251,2863
249,1541
247,1247
244,1805
250,1741
246,1771
241,1776
238,1824
230,3948
228,4027
228,2067
228,2938
226,3266
223,2504
214,1316
208,1283
204,2226
196,2099
194,1996
193,1927
190,1305
187,1305
183,1264
182,1211
182,1218
182,1709
178,1340
405,998
402,1077
397,1173
405,1304
425,2360
417,1525
407,1537
402,1514
391,1536
365,4468
346,4485
339,1918
331,3129
320,2397
315,1897
313,1857
307,4013
323,3862
320,2004
317,3741
317,2609
314,1628
307,1636
338,3918
333,3406
330,2773
334,1654
384,1650
381,1658
374,3468
372,3281
369,1530
369,3429
369,2380
369,1522
417,1517
415,1506
412,1510
406,1506
446,1507
437,1516
432,1494
425,1483
420,1479
415,1464
412,1461
407,1413
405,1423
403,1406
404,1415
419,1411
413,1434
411,1413
408,1393
405,1426
397,1356
395,1358
395,1347
395,1309
395,1325
394,1349
393,1318
390,1327
380,1265
376,1252
372,1271
369,1281
355,1272
346,1267
364,1276
358,1238
350,1276
340,1248
334,1208
331,1239
325,1214
320,1203
310,1212
305,1186
302,1170
298,1357
289,1320
284,1310
283,1272
278,1281
276,1270
272,1251
270,1255
266,1213
265,1215
263,1225
261,1247
621,1601
609,2319
594,1797
606,1859
624,1801
611,1980
606,1735
593,1696
585,6787
585,4420
585,2760
582,1880
576,5014
563,3057
545,1971
536,1685
523,1654
570,1640
560,1587
556,1548
546,1534
534,1589
526,1714
588,1690
581,1622
581,1604
664,1632
638,1567
611,1464
592,1424
573,1430
568,1422
554,1409
538,1417
581,1373
561,1336
540,1294
530,1257
516,1233
572,1255
557,1245
548,1199
544,1120
541,1093
537,1059
530,1152
515,1030
506,1018
498,1016
514,1050
507,969
500,902
494,892
492,884
492,899
490,1024
487,1031
483,1011
470,995
459,984
447,985
439,1591
434,1137
429,863
425,733
421,679
414,738
409,725
431,789
423,916
421,1071
413,1214
403,1240
392,1189
379,1167
360,1195
354,1140
352,1178
347,1137
338,1119
332,1139
324,1105
315,1068
305,1089
299,1030
288,1026
281,1047
276,1009
271,1016
265,1043
263,978
261,983
609,1494
594,1720
582,1707
624,1557
614,1722
606,1703
594,1665
586,1666
585,6245
585,4800
583,2744
577,1756
567,1575
548,1535
541,6109
529,4054
520,2381
560,1706
557,1716
555,1722
541,1694
534,1674
596,5802
582,3877
566,2365
548,1557
626,1469
599,1434
581,5270
573,3564
570,2230
557,1455
543,1308
536,1277
584,5090
567,3435
552,2109
533,1375
594,1382
578,1372
563,2474
561,1197
553,1194
542,1154
539,4335
535,4195
521,1954
509,1317
504,1212
518,4307
510,2342
502,2932
497,1423
492,3850
492,2082
490,1270
488,977
484,979
470,988
459,3798
445,2961
438,1609
433,1184
427,1173
425,3789
415,2430
400,1360
382,1024
391,3803
375,2493
369,1313
366,2748
363,2770
345,1571
344,1344
339,1274
339,1284
337,1256
334,1311
330,3397
318,3468
308,1737
299,2554
287,1888
281,1875
274,1912
271,1817
265,3241
262,3223
261,1715
255,1359
250,1411
578,1597
572,2044
581,1840
598,1799
588,1801
585,1854
585,1790
583,1833
576,1973
566,8224
546,3914
536,2642
524,1825
516,6007
492,3504
474,2259
461,7620
482,3391
466,2017
454,1552
444,1522
422,6243
473,4260
471,2502
469,1549
476,1402
546,1391
544,5859
539,3517
531,2209
519,1463
504,5511
482,2624
472,1731
509,1299
498,1315
491,1327
482,4407
533,4322
529,2108
526,1390
518,1218
506,1185
498,1185
491,1177
485,4603
477,4346
470,2000
472,1328
491,1065
489,3876
484,2738
471,1499
456,1088
433,1070
413,3772
402,3689
383,1954
375,1186
367,1171
359,1170
348,1175
328,3927
321,3831
321,1972
321,1308
321,3339
318,3244
339,1740
339,1222
336,3618
334,3653
332,1467
328,1231
319,3541
312,3545
300,1752
287,1430
282,3429
276,3344
272,1697
266,2968
263,2984
261,2092
259,3343
253,2270
248,3365
246,2234
241,1683
238,1673
231,1660
228,1657
541,1580
541,1758
556,1802
577,1741
569,1691
540,6894
518,3663
496,2156
481,6682
465,3474
448,4566
445,2392
436,6026
420,3215
400,4470
392,2373
417,1878
415,5344
415,3716
415,4016
415,2068
413,5217
469,3536
469,1966
467,1449
540,5127
537,3547
528,2147
518,1483
504,1472
483,1458
476,1441
464,1412
504,1458
493,1656
488,1630
476,1617
474,1566
530,1559
526,4489
514,3664
509,1951
502,1437
495,1411
489,4266
485,2958
477,1543
471,1351
472,4127
492,2905
490,1526
487,1195
482,4138
469,3148
455,1694
436,3942
416,2669
405,2893
392,1684
381,3687
374,2261
368,1354
361,1325
349,1287
335,3400
325,3304
321,1983
321,3152
342,1727
342,1404
339,1327
339,1318
339,1287
339,1284
337,1293
333,1271
330,1236
327,1247
316,1248
311,1414
300,1334
296,1331
283,1310
279,1323
274,1303
271,1274
266,1262
263,1249
261,1234
260,1201
255,1185
250,1179
581,1532
572,1655
610,1805
606,1719
593,1586
586,1586
585,1707
585,1685
583,1667
577,1682
570,1681
560,1773
543,1768
524,1710
506,1659
487,1685
525,1845
509,1776
490,1767
477,1693
467,1664
519,1673
499,1597
478,1545
473,1508
548,1467
548,1476
546,1419
546,1421
546,1420
546,1415
543,1432
537,1960
586,2012
577,1972
562,1932
550,1956
604,1918
590,1873
577,1878
563,1843
561,1806
555,1803
542,1735
541,1705
537,1706
530,1729
518,1673
531,1628
523,1612
518,1587
508,1581
502,1529
497,1545
492,1510
492,1485
492,1450
490,1492
486,1442
474,2106
461,1991
447,1315
424,1245
410,1233
392,1068
382,1042
375,1034
395,1043
385,1019
373,1038
357,1084
344,1100
342,1002
342,1018
342,1105
342,927
339,1138
339,1403
339,743
336,804
334,830
332,710
329,810
321,1147
312,1511
303,1854
296,2664
286,2624
281,2591
274,2578
271,2571
265,2607
625,1605
653,1979
668,1719
650,1650
636,1826
626,1840
617,1930
606,1847
595,1941
588,1892
586,1846
586,1836
584,1826
580,1834
574,1982
550,1921
583,1855
561,1759
537,1729
516,1692
500,1777
560,1786
551,1785
525,1759
506,1730
562,1706
551,1672
548,1650
548,1663
548,1655
548,1619
546,1582
546,1554
601,1547
599,1563
596,1554
589,1539
664,1505
644,1529
628,1489
617,1472
603,1456
587,1454
574,1409
561,1420
555,1436
542,1372
548,1340
564,1346
550,1356
538,1291
528,1278
521,1253
513,1236
507,1241
499,4021
495,3486
493,1644
493,2908
491,1705
488,1227
479,1233
459,1169
436,1137
417,1138
398,3403
385,3289
406,1641
401,3280
395,2295
375,1236
365,3282
352,2288
345,3258
342,1735
342,1183
342,1231
342,1178
339,1111
339,1152
336,1238
336,1219
334,1258
333,1205
330,1179
326,1191
315,1137
306,1072
300,1102
287,1178
282,2440
276,2539
642,1706
663,2004
684,2114
681,1774
677,1826
652,1803
639,1837
628,1769
621,1702
611,6765
606,5023
593,2883
586,1854
586,1683
586,1809
584,1619
637,6412
617,4149
583,2508
566,1723
540,1658
584,1454
573,1466
563,1428
557,1530
599,1605
581,1745
565,1652
559,6213
549,2909
548,1767
548,1428
548,5264
603,2689
603,3430
601,2198
601,1890
682,1915
678,1881
670,1891
671,1905
651,1897
634,1780
613,5478
594,2283
583,1517
570,3579
568,2336
578,1561
569,1527
566,1524
562,5376
545,2442
534,1587
526,3605
519,1896
511,5113
508,2354
498,1531
493,3863
493,2379
493,5708
489,2312
477,3827
451,3594
431,3097
410,1681
423,1461
415,4484
405,2767
399,1510
386,1255
369,1257
358,1259
352,1248
345,4286
342,3905
342,1982
342,1356
342,1191
339,2675
336,2722
336,1407
336,954
334,934
331,914
328,962
319,2653
311,2603
300,1676
287,973
282,962
652,1542
675,1848
690,1764
684,1713
681,1681
672,1537
652,1568
637,1561
626,1644
618,1579
607,6253
596,4905
589,2602
586,1766
586,1500
648,5907
633,3213
609,2130
588,1474
562,5776
533,3017
582,1971
569,1355
560,1283
626,1308
592,1274
575,5000
562,4285
555,2078
548,1490
548,1343
548,5174
605,2520
603,1492
601,1194
601,1196
599,1192
680,1200
672,1275
664,1266
654,1357
638,1363
615,1308
599,1263
583,1230
571,1236
561,1180
578,1289
569,1207
565,1154
558,1155
542,1108
533,1137
523,1123
518,1115
509,1096
503,1203
496,1208
493,1179
493,1189
490,1199
478,1189
459,1165
440,1169
416,1107
394,1236
387,1224
408,1209
397,1202
380,1213
369,1584
358,1785
352,1692
345,1684
342,1669
342,1635
342,1640
342,1594
336,1648
336,1642
336,1585
336,1722
334,1637
332,1646
328,1615
319,1589
312,1593
300,1505
292,1410
282,1005
277,980
274,987
636,1581
686,2230
681,1679
676,2139
652,1725
639,1830
627,1773
621,8641
608,3781
599,2931
593,1763
586,2224
586,2152
578,2154
562,2165
609,2117
589,2161
555,2132
535,2239
518,2189
575,2161
552,2157
531,2167
515,2023
576,2227
567,2236
560,2160
551,2157
548,2135
548,2130
548,2174
546,2136
601,2066
601,2067
601,2055
599,2036
679,2064
672,2048
662,2031
641,2023
636,2003
615,1934
599,1495
583,1526
571,2056
561,2210
551,2169
569,2103
566,2104
562,4961
545,2607
533,1531
525,1202
518,1273
510,1196
508,1172
498,4360
493,2872
485,1716
475,1137
463,4636
446,2024
424,1387
407,1075
396,1088
388,1059
403,1211
384,1264
374,1206
371,4013
362,3776
358,1948
350,1091
345,1098
342,1053
339,1050
339,1196
339,1184
336,3336
336,3548
336,1759
336,1184
334,1192
333,1199
329,1168
321,1197
314,1185
303,1309
297,1312
286,1289
281,1254
274,1264
671,1647
687,2100
684,1803
681,1833
663,5548
647,2785
633,1914
624,7796
614,3811
607,2369
588,1921
567,7885
555,3413
547,5195
529,2646
574,5646
558,2875
542,2136
524,5505
495,4040
535,2217
524,5230
523,3185
525,1958
582,1672
571,1752
563,6530
555,3119
546,4363
546,2127
546,1567
546,1605
601,6268
601,2949
601,2018
600,1404
680,5949
676,2805
668,1937
661,1386
643,5792
620,2612
608,1709
590,3972
579,3679
562,3197
562,1730
570,1165
568,4806
564,2877
552,1827
538,1222
530,1140
521,1096
514,1001
507,1076
490,1360
472,1349
463,1560
449,1589
434,4039
426,3453
413,2864
405,1493
381,1229
367,1202
378,3581
378,3534
375,1477
373,1255
365,1261
357,1279
351,1179
348,1181
340,1136
339,2969
339,2972
339,1584
336,2141
336,1569
336,2127
336,2083
335,1284
333,2640
330,1868
327,1219
315,2619
306,1868
299,1991
287,1463
282,1186
276,2503
675,1555
689,2036
684,1739
681,5440
672,2720
652,1812
637,1720
626,1768
619,1651
594,7688
570,3727
554,2456
534,3797
520,2374
576,7008
561,3006
545,1904
520,1534
498,6635
483,2912
527,3539
526,1807
524,1539
526,1550
589,1527
572,1560
559,1502
554,1627
550,1652
546,5806
546,3463
602,2217
603,1494
601,1417
601,1419
601,1450
683,1422
680,1386
672,1351
674,1353
654,5999
639,2427
617,1617
603,1250
587,1194
572,1179
568,1147
580,1104
569,1189
566,1156
562,1127
547,1248
534,1165
519,1127
504,1102
487,1050
470,2894
451,2812
436,1477
431,2091
422,1267
414,2750
396,1847
382,1163
367,1076
360,2755
378,2675
377,1097
373,903
371,930
363,2614
354,2626
347,1363
342,2602
339,1714
339,1063
339,4865
339,2286
336,1324
336,550
336,635
335,554
334,548
330,547
326,549
315,543
303,636
298,524
286,515
279,603
274,2100
270,1988
686,1557
683,1967
677,1743
652,4925
639,2529
626,1751
621,6529
608,3435
592,2259
569,6263
555,3048
550,3825
530,2017
512,1751
558,1718
543,1700
526,1714
495,1619
477,1720
464,1672
521,5062
516,4064
501,2182
566,2817
558,1873
551,4842
548,2592
546,1513
546,4718
544,2456
544,2642
601,1755
600,1358
596,1364
592,4485
583,3075
644,1621
628,3253
605,1919
598,3062
582,1812
567,3877
558,2082
544,1239
541,3714
537,1993
554,2795
538,2748
528,1397
521,1057
511,3522
507,3210
497,3329
492,2690
493,3716
487,3696
478,1806
461,1383
442,4996
417,2816
396,1712
387,4948
382,2452
370,1439
356,4745
372,2971
358,1636
353,1222
346,1358
342,1013
342,2998
342,2943
342,2956
339,1574
336,1114
336,2936
336,2929
334,1525
331,1262
328,1192
319,1193
306,1149
300,2614
287,2439
281,1710
275,1677
271,1669
265,1602
263,2271
261,2227
257,2267
252,2179
631,1489
621,1497
610,1501
602,1477
592,1586
585,3599
585,2073
584,1675
580,6267
574,3674
549,2323
517,4264
497,2256
481,1746
515,5705
499,3635
494,2167
481,1489
458,5325
496,3602
480,3858
471,3375
478,1937
548,4839
548,2545
546,3530
546,3494
546,3205
543,1755
540,1512
534,4530
580,3132
562,3391
548,1747
529,1287
583,1286
573,1245
556,1230
558,1221
544,1183
541,1227
537,1352
526,3640
514,3558
504,2886
498,1354
510,1030
507,1022
497,3377
492,4101
492,2494
490,1247
488,3271
482,1731
470,1130
458,2919
437,2376
423,1083
408,2127
396,1603
382,1293
368,1268
362,1260
355,2776
339,2699
348,1206
346,980
342,2576
342,2691
339,1146
339,991
339,977
337,2570
336,2598
332,1346
324,1092
314,1095
303,1095
296,2529
284,2422
278,2428
274,2377
270,1289
265,1273
262,2323
261,2295
255,1590
250,2252
246,1616
243,1228
240,1200
232,1179
589,1404
585,1564
585,1716
583,1623
579,4800
573,2893
559,2108
545,6175
531,3610
522,4163
514,2247
495,6333
475,3121
461,3658
492,5622
467,2616
461,1632
448,1577
445,1573
496,1552
478,1696
471,1613
476,1626
546,1705
546,1682
542,1651
539,1636
530,1633
518,1629
501,1624
482,1591
523,4856
510,3294
499,1861
491,2285
545,1571
534,3883
531,2164
535,1383
521,1224
509,3653
501,2518
495,1348
486,1033
480,4008
477,3870
492,3730
492,1948
490,1298
488,997
483,3716
469,2668
458,1540
445,3463
438,5084
434,2523
427,1477
419,4519
405,2176
388,1276
376,4416
356,2633
346,889
345,777
343,780
359,891
344,2159
344,2261
339,1490
339,907
337,931
335,875
331,2131
322,2159
315,1090
302,846
287,855
282,2076
276,2168
272,1413
266,1032
263,1036
261,1347
259,1573
253,548
247,470
246,1997
240,3072
238,2021
231,1157
228,1156
228,2050
585,1312
581,1878
576,1642
562,3489
545,1971
535,1537
525,5858
517,3289
507,2085
503,1615
501,1605
488,5440
474,4539
494,2365
479,1499
465,1489
451,4927
448,3541
444,1946
495,4821
484,2739
476,1631
545,1371
541,4754
536,3300
528,1775
513,1381
501,4605
480,3002
469,1728
506,4534
497,2408
491,1428
482,1393
475,1323
530,1332
526,1353
514,1463
509,1454
501,1441
495,1434
486,1446
480,1431
475,1403
470,1379
472,1357
491,1373
489,1383
484,1353
472,1338
458,1296
447,1291
438,1283
435,1263
429,1240
425,1383
419,1376
403,1344
386,1319
376,1325
355,1248
346,1413
345,1441
342,1388
335,1362
344,1351
340,1259
339,1221
339,1223
337,1198
335,1193
331,1165
323,1119
315,1137
300,1136
296,1145
283,1146
278,1039
274,1037
270,1040
265,990
262,1003
261,1127
257,1090
252,1087
247,1088
243,1083
240,1068
238,1043
231,1036
228,1017
228,1217
585,1331
583,1717
577,1524
569,1467
550,1472
541,1487
528,1598
521,1492
514,1447
502,1614
488,1860
467,1826
451,1811
482,1974
462,1949
450,1917
448,1844
439,2204
481,1851
478,1811
469,1826
469,1378
546,1820
545,2014
541,1947
536,1939
529,2017
516,1902
499,1883
481,1848
523,1847
510,1797
499,1818
491,1779
547,1782
534,1798
533,1755
529,1732
530,2603
515,1696
506,1275
500,1161
492,1270
485,1092
480,948
495,936
492,924
492,924
491,918
489,918
484,947
472,936
460,948
449,898
442,883
432,878
417,858
404,1010
394,1527
376,1726
363,1740
357,1714
353,1699
337,1686
348,3288
343,3259
342,1690
342,1349
339,1281
339,1290
339,1249
339,1211
337,1188
336,1376
329,1334
324,1349
315,1327
303,1322
298,1298
287,1234
282,1234
276,1230
272,1377
266,1361
265,1346
262,1314
261,1327
256,1235
252,1222
247,1201
246,1226
241,1197
606,1387
595,1503
588,1465
585,1662
585,1566
584,1591
581,6384
576,3580
563,2266
540,1464
525,5636
498,3251
485,2011
519,1580
500,1561
496,1532
487,1530
464,1550
504,1599
488,1692
476,1623
478,1680
548,1665
548,1660
548,1598
546,1596
546,1569
546,1633
544,1549
543,1537
596,1653
589,1527
582,1497
565,1557
629,4847
608,3016
594,1823
587,1214
574,1002
561,974
555,996
542,997
541,1007
537,1058
530,1183
538,3967
528,2705
521,1619
513,1029
507,3988
499,2273
493,1279
493,2673
493,1569
491,2593
486,1557
470,2593
442,1504
426,3418
406,1726
392,2451
379,2534
376,3322
371,2402
385,1260
365,1189
353,1176
346,1188
342,1151
342,3035
342,2985
342,2262
339,2249
339,1382
336,1354
336,1241
334,2810
333,2782
329,1461
321,1018
312,1020
302,954
296,2605
283,2531
278,1769
274,1376
270,1360
265,626
262,590
261,629
255,735
250,2070
628,1434
621,1617
610,1550
598,1481
592,1558
585,1638
586,1556
585,6361
582,3926
576,2455
563,4612
538,2436
520,1853
551,1833
535,1788
513,5916
497,4239
489,2505
538,1644
526,1516
508,1467
488,1441
551,1566
548,5061
548,4271
548,2206
546,2819
546,1860
546,1854
544,1874
595,4799
586,2882
575,1769
555,1345
614,4543
600,3145
583,1841
579,3326
563,3240
556,1663
543,1458
541,1428
537,4269
528,3417
518,1883
528,3204
521,4149
513,3133
507,1564
499,1233
493,1211
492,4053
493,3366
491,1747
486,3941
477,2123
462,1277
455,3825
442,2643
437,1388
423,1060
411,1066
399,1071
385,3587
396,3707
382,1965
372,1298
368,1322
366,1320
353,1317
347,3503
339,3369
339,1734
339,1272
339,1240
337,3328
335,3412
331,2551
322,1484
312,1248
300,1222
287,1178
282,3049
276,3004
272,2083
266,1603
263,1552
261,1557
260,1539
255,1502
248,1456
246,2680
616,1714
606,1913
594,1733
586,1722
585,3896
585,2619
584,2054
577,1986
567,1948
546,1854
539,1814
527,1790
575,1755
560,5758
550,3998
531,2423
508,1631
492,1482
536,1472
515,1410
512,1499
590,1660
575,1809
556,1749
549,5174
546,3857
546,2171
543,1434
539,1437
587,1449
572,1431
555,1423
533,1384
523,1392
578,4841
563,4130
553,1942
551,2610
542,1648
538,1232
533,1203
518,4344
507,2805
500,1485
515,1085
507,1110
500,3507
494,2714
492,1524
492,1108
490,1102
486,3824
478,2285
462,1172
455,992
442,997
437,3372
429,3247
420,1423
407,2185
391,1608
378,1298
361,3120
371,2607
368,1927
366,1914
359,1445
347,1180
339,2534
339,2561
339,1302
338,1732
336,2538
333,1293
329,1740
318,2544
304,1431
298,1053
287,1055
281,2527
274,2543
271,1269
265,1033
263,1038
261,1044
259,2421
253,2471
247,1653
246,1268
241,1273
238,2462
231,2357
586,1392
585,1547
585,1711
583,1651
577,1615
569,6392
549,3397
542,2242
529,1579
520,5972
505,3234
486,2067
525,1677
506,1672
480,1621
466,1597
454,1605
510,1620
496,1864
479,1845
473,5178
546,4219
546,2305
546,1528
546,1479
543,5159
539,3428
533,3885
522,1956
556,1526
539,1455
528,1420
515,4778
573,3623
556,1963
550,1269
536,4301
541,2671
537,2705
532,1642
518,4273
507,2229
500,1540
495,1360
508,4125
502,2709
495,2959
492,3013
492,1540
490,3965
488,2194
483,4021
472,2869
459,1437
442,3608
423,2464
410,2707
395,1588
380,1349
371,1355
363,1334
358,1309
345,1268
349,1366
343,1360
342,1334
342,1526
342,1535
339,1319
339,1291
339,1340
339,1293
334,1292
332,1356
328,1296
319,1297
312,2553
300,2563
295,1716
282,1108
278,2413
274,2487
269,1721
265,1295
262,1285
261,2371
255,2354
250,2114
247,917
243,1321
240,3413
238,3522
592,1425
585,1961
585,1757
585,1756
583,6641
576,3198
565,1956
537,7988
513,3179
494,2016
474,5721
455,3264
499,5664
494,3435
475,5537
446,2755
436,2120
482,2022
472,1981
471,2003
478,2024
548,9467
548,3049
546,1700
544,5150
544,3660
543,2191
539,1451
534,5337
580,2760
565,1722
550,1342
532,1334
594,1296
578,1279
565,1257
561,1328
555,1334
543,1305
541,1400
537,4518
530,4370
518,1991
510,1411
523,4357
518,2328
508,1363
502,1198
495,4283
492,2721
489,2811
480,1533
466,1344
453,1307
427,3837
407,2802
399,1514
391,2673
376,2279
359,2156
351,2069
349,3707
344,2487
359,1271
351,3357
348,2228
343,2454
342,1399
339,1193
339,3155
336,2012
336,2853
336,1321
336,1053
335,2843
334,2113
331,2145
327,1304
315,2186
306,1516
299,2017
287,1539
281,1175
276,1215
271,1130
265,1073
263,1038
261,989
259,1127
253,1131
247,1138
243,1130
611,1321
606,1537
592,1602
585,1414
581,3473
570,1536
553,1523
541,1699
518,1806
492,1910
476,1949
514,1919
506,1852
486,1793
468,1742
453,4823
438,4116
487,2119
478,1474
471,1459
478,1432
548,4419
548,3431
546,1838
544,1180
544,1193
543,1180
539,1184
587,1296
579,4161
558,3120
539,1745
528,1076
583,3869
571,2224
555,2761
555,1390
543,1105
541,3595
537,2541
525,1336
514,2490
503,1509
498,1318
510,3330
507,2302
497,1379
492,1242
492,1128
491,1150
489,1008
485,985
473,998
459,1021
448,976
431,923
416,900
405,1551
394,2102
378,1562
363,1616
359,1563
353,3228
367,1651
359,3815
347,3777
343,2283
339,1296
339,1266
339,3780
339,3303
337,1086
336,1084
332,1084
327,1080
315,1061
303,1063
297,1072
286,1061
279,1199
274,1188
271,1199
265,1188
262,1186
261,1174
257,1373
252,1346
247,1330
243,1333
240,1325
238,1319
230,1259
585,1384
585,1722
585,1524
581,1572
576,1510
567,1618
546,6061
540,3573
529,2243
520,1728
507,1668
559,1656
545,5663
518,3932
501,2389
484,1560
462,1391
513,1370
510,5214
506,4117
560,2294
554,1464
546,1279
546,1235
546,1247
545,1355
541,1347
536,1395
582,1477
565,1449
550,1464
532,1459
523,1448
578,1402
569,1392
553,1394
555,1378
543,1357
541,1323
537,1329
530,1293
518,1275
507,1179
523,4060
518,4017
508,1848
502,1291
495,1167
492,1165
492,1166
491,1167
490,1140
485,1237
473,1354
461,1342
448,1333
442,1325
434,1319
418,1307
403,1301
394,1289
378,1388
388,1424
381,1419
372,1383
366,1378
360,1373
347,1527
343,1527
339,1481
339,1434
339,1443
339,1424
337,1470
336,1433
333,1428
329,1450
315,1416
306,1412
299,1412
287,1301
282,1301
276,1507
272,1477
266,1438
263,1472
261,1452
260,1420
255,1436
250,1410
246,1423
243,1435
610,1673
605,2088
592,1770
585,1649
585,1709
586,1733
584,1707
577,1672
570,1690
549,1921
542,2066
587,2033
576,2008
570,2164
555,1967
541,2109
590,2056
572,2079
549,2031
534,1997
598,1942
591,1917
588,1908
576,1826
558,1626
549,1584
546,1536
546,1538
603,1685
599,1666
595,1661
588,1640
661,1643
643,1651
626,1640
614,1612
599,1580
586,5004
573,4170
561,2123
555,1395
543,1252
548,1257
564,1255
557,1242
542,4860
533,4819
524,2269
518,1474
510,1186
507,1175
500,1140
494,1220
493,1291
493,1352
491,1589
489,1588
484,1606
472,1581
461,1530
448,1517
442,1459
467,1473
458,1472
447,1432
436,1428
423,3994
410,3633
393,1525
382,1129
372,1070
368,982
366,969
359,1077
347,1190
340,1134
339,1284
339,1275
339,1276
339,1252
337,1217
335,1213
331,1201
320,1189
312,1193
300,1185
296,1164
283,1161
278,1135
274,1128
270,1094
265,1252
684,1578
679,2221
655,1635
639,1698
629,3848
622,2562
611,2039
599,2054
593,7731
586,3864
586,2693
649,4583
646,4258
640,3672
626,4260
607,4163
674,4117
658,2766
636,2017
617,2071
685,6302
663,3424
631,2155
613,3279
603,4637
588,2479
569,1645
556,1552
606,1539
603,1606
603,1446
603,6384
687,3555
683,2527
678,1466
679,1338
662,5304
643,3020
620,2002
608,1702
590,1030
578,986
568,4633
582,1858
569,1147
566,823
563,3398
547,2117
534,1547
524,832
519,3723
509,1665
503,1147
496,773
493,837
493,724
491,668
488,985
479,733
466,580
456,702
443,593
458,559
437,668
425,2430
410,2500
392,1795
384,864
378,2182
364,1308
348,828
343,1286
342,817
339,794
339,2335
339,2116
339,1606
337,1618
335,938
329,2537
320,1278
312,791
300,761
287,2055
282,2153
276,1938
271,1565
265,980
263,1324
261,2023
258,1987
252,1310
631,2167
621,2498
610,2405
598,4843
593,2187
586,5105
586,2908
584,3790
579,2099
572,1689
623,1621
603,1783
587,1822
568,1719
540,2137
526,1772
584,1568
552,2094
532,1597
603,6636
591,5439
569,2459
556,1808
549,1387
546,6068
546,3207
546,1843
602,1425
598,5956
591,2714
581,1831
562,1285
626,1313
602,5938
583,2892
580,1792
563,1338
555,1394
542,5312
539,3149
535,1878
521,1308
513,4992
523,3680
518,1857
507,5291
499,2140
493,3494
492,3284
492,1848
490,4090
485,2536
472,1475
459,3998
444,2387
430,1433
413,3874
397,2422
385,1353
366,3608
362,2540
353,1281
363,1084
348,3278
343,3009
342,1570
339,2262
339,2865
339,1526
339,1423
337,2736
334,2663
328,1932
315,1157
306,1141
299,2480
287,2413
281,1269
274,1025
271,2252
265,2331
263,2351
261,1234
259,805
253,814
248,2144
246,2264
241,1497
238,1623
231,1452
229,1362
228,1328
585,1282
583,1720
579,1559
574,3019
560,4133
545,1966
536,1520
516,1782
496,5072
476,3498
519,1894
499,3704
478,2133
469,4794
459,2496
502,1491
481,4344
473,2901
471,2790
548,1627
546,4257
546,2413
546,2386
545,3931
541,1837
534,1327
527,4100
565,2249
550,2220
532,3669
523,1863
577,1165
563,1003
553,3430
545,2330
542,1229
539,2488
536,1889
524,1262
512,1259
503,1261
495,3183
511,2257
507,1208
499,1005
492,978
492,3059
492,2592
490,1364
485,1104
477,1060
463,2896
455,3373
435,2352
420,1070
404,713
393,2779
379,1896
368,979
362,817
356,3197
364,2481
348,1013
343,1988
342,2472
342,1012
339,2729
339,1512
339,856
339,1446
337,1894
333,981
330,1038
327,1779
315,3780
306,3617
300,1696
287,3459
282,2117
276,1010
272,1050
266,3110
263,2979
261,1393
260,883
255,2493
250,1881
246,2015
243,1248
240,2349
232,979
230,598
585,1236
585,1324
585,1347
581,2101
577,1451
563,1424
546,2006
528,5580
502,3456
487,2267
518,1408
503,5580
495,2578
481,3366
469,1746
511,1404
486,4991
473,2900
478,1544
548,3338
548,1476
546,1324
546,4913
546,2482
546,1485
541,3643
537,2409
586,3318
577,3453
557,2130
539,3250
601,3465
583,2047
573,1157
567,4824
558,2268
545,3179
542,3270
538,1566
535,1079
521,1106
513,1284
524,1180
518,1056
510,1128
507,1140
497,4340
492,3456
492,1647
493,2645
491,2493
486,1285
477,1542
455,987
433,940
413,1261
400,4956
383,3606
377,3534
374,1702
367,2848
379,1334
360,954
351,857
343,857
342,2844
342,3567
342,1260
339,3180
339,3161
339,3133
336,3180
335,2290
334,1844
331,1842
328,4258
319,4184
312,1918
300,3834
293,2633
282,3804
278,1940
274,3785
270,1710
265,2358
262,2495
261,1743
257,1318
253,1308
247,2294
243,2530
240,2606
606,1518
594,1924
586,1671
586,1622
586,3709
584,4572
578,2365
560,1737
537,1660
573,7182
549,4072
524,2475
510,3637
499,2193
494,1933
535,6420
507,3043
492,1873
489,5032
551,3163
548,1845
548,1320
548,1342
548,1326
546,4951
544,3275
544,1899
599,1229
595,3536
589,2752
581,1560
644,1407
628,1343
607,4797
603,2676
586,1536
572,3081
561,1721
555,1228
542,1254
539,1187
543,3954
549,4110
538,1586
528,2034
518,1356
511,3517
507,2788
499,1249
494,3282
493,2768
493,2339
491,2564
479,1257
460,967
438,2987
419,2791
398,1890
388,1918
381,1392
374,2441
393,1377
374,862
360,841
355,2399
350,2291
343,1186
342,1005
342,984
342,1020
342,2267
336,2017
336,1094
336,874
335,880
334,900
331,2016
328,2093
319,1141
312,653
300,1966
293,1943
282,1341
278,832
274,825
269,1951
265,1883
262,1271
261,987
256,968
252,964
247,963
621,1351
611,1734
606,1562
594,1364
586,1482
586,1451
584,1566
569,1423
548,1434
595,1530
562,6706
541,3919
527,2435
511,1588
494,4833
539,2937
526,2108
505,1600
572,1525
562,1594
555,1574
548,1463
548,1582
548,1462
548,1571
544,1511
601,1440
601,1404
600,1496
596,1379
593,1364
668,1364
651,1939
633,1959
620,1795
608,1790
590,1761
579,1764
562,1743
555,1701
543,1674
568,1654
564,1586
554,1547
538,1500
530,3177
521,1996
514,2384
507,1228
501,1046
495,1018
493,1002
493,1015
483,1003
469,1003
455,1001
434,2918
411,2867
395,1468
386,1036
410,1034
395,1023
380,1008
368,993
359,1002
355,1007
350,1129
344,1085
342,1090
342,1236
342,1267
339,1236
336,1201
336,1176
336,1171
336,1160
334,1195
331,1184
328,3113
319,3471
312,2348
300,1376
295,1371
282,1360
278,1377
274,1323
270,1397
265,1293
262,1308
261,1272
256,1297
252,1258
631,1519
621,1775
611,1827
607,1666
594,1647
586,1597
586,1582
576,1877
561,1993
609,1669
586,1753
554,2058
539,2155
525,2173
578,2164
552,1941
532,2053
520,1982
582,1933
572,1858
564,1899
555,1671
548,1707
548,1775
548,2022
546,2606
601,2815
601,2776
601,2727
601,2649
681,2682
676,2664
669,2689
665,2202
644,1944
625,1917
610,1871
592,1859
582,1906
566,1848
565,1792
572,1761
568,1428
564,1514
558,1826
542,1717
533,1745
523,1744
518,1708
509,1675
503,1648
498,1637
493,1585
485,1581
473,1589
463,1549
446,1582
424,1546
407,1502
397,1472
420,1455
404,1456
385,1392
375,1412
372,1373
365,1337
358,1360
352,1329
346,1312
342,1302
342,1305
339,1282
339,1252
336,1242
336,1227
336,1247
336,1226
334,1232
333,1341
330,1247
327,1240
315,1232
306,1228
300,1232
287,1208
282,1219
276,1348
272,1366
266,1341
263,1321
261,1319
260,1341
652,1570
638,1924
627,1718
622,1669
609,1738
599,1756
590,1691
576,1711
561,1662
615,1708
598,1819
575,1782
558,1770
538,1724
600,1710
569,1659
540,1639
533,1638
597,1571
589,1558
576,1536
567,1646
558,1476
551,1488
548,1567
546,1567
603,1692
603,1671
601,1597
601,1555
685,1576
683,1553
679,1517
681,1550
672,1501
651,1762
636,1962
614,1919
598,1843
583,1799
577,1787
588,5975
578,2597
569,1994
565,1069
561,3704
545,2208
533,1449
525,1423
519,1424
511,1428
503,1199
498,1235
484,1217
471,1195
463,1217
450,4371
431,1994
417,1207
403,816
424,1049
409,1079
389,1040
378,1061
373,1131
371,1119
362,3834
358,3688
350,1749
345,992
342,3382
339,1598
339,984
339,933
336,2340
336,2390
336,1167
336,793
334,2325
332,2261
329,926
321,797
312,769
302,775
296,774
283,852
278,1026
274,995
270,1887
265,1871
262,1938
261,1300
655,1467
640,2028
631,1823
622,1536
611,1636
606,1819
591,1792
575,7687
622,3729
615,2562
599,1757
573,7445
560,2971
539,4421
598,2363
568,1842
540,1808
531,6717
598,3234
593,2165
578,4852
569,4478
559,3974
553,2110
548,6314
602,2551
603,1682
603,1212
601,1484
601,1462
685,1462
683,1458
680,5716
682,2482
673,2064
653,2737
637,1851
615,4156
600,2592
586,1800
578,1557
588,1507
578,5161
569,2294
566,1364
562,1060
545,1281
533,4698
525,2361
519,1922
511,1241
508,1202
497,1179
482,4473
470,3161
462,1860
446,1358
428,1347
416,4414
403,3721
424,1816
402,1295
386,1249
377,1248
373,4138
371,4020
362,2105
356,1389
350,4032
345,2708
342,1645
339,3926
339,2710
339,1653
336,1681
336,1585
336,1598
336,1560
334,1578
332,3781
329,3832
321,1897
312,1590
302,1533
296,1472
283,3670
278,3501
274,1732
270,2463
265,2343
262,1718
261,3224
658,1540
643,1700
632,1656
622,1608
611,6412
607,3081
589,1908
571,1517
621,1463
614,5519
595,3874
573,2305
559,1491
614,1367
597,1284
562,1250
540,1318
603,1395
601,1379
595,4809
582,3237
571,2015
563,1349
555,4743
548,2534
603,2732
603,1453
603,1277
601,1272
685,5537
685,2488
685,1600
681,1082
686,1065
679,1139
666,1085
645,1059
625,1056
611,3934
592,3636
610,1685
593,2146
586,1250
573,1099
569,1086
565,1094
559,3722
543,3061
534,1513
524,1020
519,979
509,3440
500,2316
487,1470
470,912
462,3941
446,2790
433,1560
423,1193
443,4392
428,2648
405,1596
393,4169
378,2095
377,3535
374,1989
371,1341
360,3341
356,2558
350,1313
345,842
339,3621
339,2361
339,1030
339,865
336,865
336,887
336,2362
336,2370
334,1719
333,2371
329,1270
321,873
312,871
303,872
297,860
284,2311
279,2297
274,1663
271,1247
265,2383
262,2329
680,1594
661,1829
647,1685
633,1883
622,1708
612,1722
600,2274
572,1644
619,1572
611,1645
590,1805
579,1791
565,1810
623,1948
601,1891
573,1859
553,1862
604,1817
602,1797
599,1743
595,1755
579,1768
571,1720
561,1683
551,1705
603,1626
603,1584
603,1615
603,1586
685,1538
685,1544
685,1502
693,1501
690,1513
685,1489
675,1465
655,1450
640,1443
618,1430
611,1407
615,1398
601,1341
589,1334
583,1326
570,1238
567,1209
564,1456
549,1154
539,1082
528,1085
519,1067
512,1050
500,1098
482,1087
466,1085
455,1072
440,1075
431,1065
420,1188
443,1194
426,1172
408,1166
390,1167
378,1149
377,1127
374,1114
372,1121
363,1111
356,1106
350,1077
342,1151
339,1149
339,1125
339,1158
339,1121
336,1104
336,1108
336,1099
336,1108
334,1107
333,1093
329,1092
324,1113
314,1025
303,1007
297,968
286,882
281,828
274,976
271,925
265,914
263,960
681,1501
668,1998
648,1632
637,1610
625,1671
617,1672
597,2014
572,1964
622,1990
605,1918
588,1906
578,1866
567,1977
626,2157
605,2168
576,2085
558,2047
605,2001
604,1971
602,1965
597,1952
586,2003
574,1914
563,1925
556,1472
606,1438
603,1383
603,1412
603,1396
687,1368
685,1353
685,1323
695,1313
693,1333
689,1322
682,1303
673,1337
654,1284
638,1237
626,1125
631,1119
615,1085
601,1118
589,1082
583,1068
570,1065
567,1030
565,990
551,1009
539,957
529,980
522,958
509,1048
497,1037
477,1020
463,984
448,933
436,933
430,2778
452,2777
438,1442
416,851
404,840
385,848
378,837
377,928
375,945
370,1171
363,1174
356,1220
350,1162
343,1156
339,1167
339,1128
339,1117
339,1142
336,1081
336,1034
336,1023
336,990
334,989
333,1022
329,961
324,1017
315,2128
303,2021
298,1388
287,1139
281,1093
274,1074
271,1079
265,1032
685,1698
682,2019
667,2192
648,1972
634,1787
625,1743
612,1932
661,2153
633,2256
616,2267
595,2062
582,1993
573,1992
635,2166
614,2141
584,2065
641,2046
616,1977
604,1926
602,1886
601,1879
594,1812
581,1790
566,1779
616,1792
609,1871
603,1846
603,6684
603,3173
687,2487
685,3960
685,2194
695,4974
694,2760
690,1884
686,1697
676,6748
657,2753
640,1810
681,1246
665,1574
645,1471
631,1423
616,6095
608,2412
595,2043
592,1176
590,5691
572,2227
558,1369
548,1022
537,1329
519,1331
520,1320
498,5136
481,2446
466,1560
463,3113
452,2201
476,1554
456,1492
437,1338
417,1355
408,4204
402,3613
401,1667
395,1229
391,1230
378,1186
372,1191
363,1283
358,1427
355,3820
355,3757
355,1946
355,1337
352,1332
352,1316
352,1320
352,3749
350,3782
347,1947
344,1303
335,1303
327,1356
316,1299
301,3770
296,2513
290,1871
284,1060
278,2413
275,2404
687,1770
679,2301
655,1950
642,1880
631,1948
616,2098
588,1955
635,1959
617,1886
593,1921
584,1883
574,1779
638,1760
616,1777
591,1710
565,6860
618,4096
606,2414
604,1687
603,1550
597,1562
583,1577
566,1542
560,1468
610,6055
604,3782
604,2347
604,1619
688,1430
686,5602
686,2970
686,1967
695,1359
691,1419
686,1383
677,1495
658,1437
641,1447
619,5129
664,3371
646,2139
631,1327
617,1150
609,1218
596,1136
593,1139
590,1109
573,1144
559,1177
546,1234
538,1167
522,1206
509,1172
504,1138
490,1138
476,1100
466,1102
457,1170
480,1172
463,1150
441,1161
420,1144
406,1089
402,1113
401,1209
397,1168
390,1225
379,1196
369,1162
361,1207
357,1321
355,1293
355,1320
355,1269
355,1278
352,1252
352,1227
352,1205
351,1238
349,1199
346,1189
342,1208
331,1160
320,1165
314,1174
301,1123
295,1115
286,1115
283,1045
277,1030
275,1077
273,1206
663,1762
647,2004
637,1801
624,1861
614,1831
600,1979
573,1820
621,1791
613,1779
592,1755
579,1990
567,1812
624,1778
602,1673
572,1685
550,1777
606,1684
604,1693
599,1644
592,1639
575,1671
567,1643
559,1583
550,1599
604,1572
604,1555
604,1535
604,1500
686,1492
686,1485
686,1443
693,1442
689,1457
681,1402
670,1405
649,1398
626,1365
612,1371
632,1357
640,1317
619,1281
613,1296
598,1252
595,1261
591,1230
582,1346
566,1302
551,1297
542,1245
533,1238
525,1203
511,1203
494,1199
499,1141
490,1275
471,1272
459,1286
447,1246
468,1242
452,1280
426,1223
407,1190
401,1152
399,1245
396,1250
385,1290
376,1236
368,1228
362,1254
355,1197
355,1399
355,1368
355,1516
352,1537
352,1523
352,1534
352,1542
350,1518
348,1524
345,1545
337,1495
328,1466
318,1787
312,1044
297,1001
292,1011
286,3112
282,3688
277,2707
274,1657
273,1694
265,1668
644,1929
632,2358
624,2154
610,2109
601,2102
588,2202
632,8342
621,4217
612,2926
592,4926
572,2891
557,5930
611,3209
590,2505
555,7415
542,3673
604,2251
599,5282
587,2819
573,2003
567,1993
559,1937
550,1872
549,1803
604,6600
604,3999
602,2408
602,1611
686,1545
686,5830
682,3171
687,2114
680,3097
665,1935
644,1653
622,5379
609,3047
593,1808
617,1402
617,1390
609,1360
597,1329
595,1304
591,4346
574,3883
560,1807
548,1182
538,4102
529,2170
525,1281
515,1068
505,1037
512,1047
500,1021
489,983
471,1085
450,1383
437,1118
494,1357
479,1374
453,1333
480,1322
469,1330
462,1276
451,2874
443,2755
434,1249
430,1051
428,1049
428,2781
425,2854
425,1219
422,878
422,853
422,866
421,2713
417,2779
413,1460
407,1019
392,2695
380,2676
369,1938
355,1828
348,1321
340,1065
335,1052
330,1042
327,2239
324,2131
321,2123
311,1606
306,901
652,1708
644,2071
633,1951
622,2064
614,1980
607,1973
661,2225
644,1886
630,1929
603,1908
578,2008
558,1961
614,1932
587,2073
556,1996
622,1895
612,1843
597,1831
587,6068
578,4103
569,2556
564,4258
564,2213
619,1706
619,1699
617,1666
617,1695
617,5609
699,3896
696,2352
689,1612
687,1405
668,1397
651,5678
628,3751
610,2277
595,1533
581,1324
625,1286
614,4932
605,3361
602,2129
593,1396
575,4795
561,2642
550,3078
546,1521
535,1352
528,4504
520,3056
516,3313
508,2877
508,1665
497,1456
480,1453
457,1416
442,1403
498,4167
484,3922
464,3097
451,2742
474,1541
460,1254
453,3790
446,3731
437,2739
433,1412
433,1226
433,1217
430,1222
427,1183
427,1347
427,1317
427,1459
424,1459
421,1465
415,1441
405,1447
392,1462
377,3165
368,3156
353,2234
347,1385
341,2900
336,2876
332,1529
328,2871
325,1973
315,1238
310,1258
306,2827
301,2832
635,1838
625,2054
618,2045
615,5242
605,2844
590,2120
639,8156
616,3755
585,5423
562,2813
546,1964
599,1961
574,2060
552,6958
538,4490
595,2741
586,1771
577,1813
570,7230
565,3499
565,2257
565,1620
563,1675
618,1763
618,6934
618,3916
615,2627
693,4204
686,2465
671,1761
659,1683
635,1562
621,1643
604,1621
587,6452
573,3641
567,2357
587,3399
604,1903
598,1547
579,6117
563,2784
550,1856
546,1309
534,1403
527,5615
519,2909
517,3614
517,1795
512,1431
499,1449
478,1435
471,1421
450,4657
429,3169
419,1777
411,1351
464,4121
443,2896
422,1392
413,3866
441,2342
434,1355
433,1202
433,1174
433,3744
430,2838
427,1532
427,1166
427,1161
423,1138
420,3569
413,2860
398,1490
385,1109
374,1115
360,3528
351,3502
341,1487
338,1074
332,1080
329,3533
325,3393
315,1730
309,1247
306,3363
299,3318
294,1416
287,976
284,3166
284,3249
284,1599
611,1849
603,2336
584,1985
555,2116
525,2077
509,4985
538,2598
522,2225
514,8191
496,3593
477,5323
512,2631
499,2066
488,7619
495,3509
565,2140
563,5278
563,3128
563,5514
562,2821
558,2137
549,7264
539,3334
571,2269
549,5158
536,2671
522,1926
575,6909
562,3208
549,2106
553,4709
549,4665
537,3995
523,2149
509,1549
504,1540
495,6313
505,3588
525,2367
523,1467
523,1472
520,6390
515,3008
502,4009
489,3712
474,3172
466,4022
460,2036
451,1536
439,5801
418,2865
416,2910
397,2890
378,1899
375,4822
374,2489
368,1587
424,1578
408,4725
403,3204
407,1701
442,1231
438,1253
435,4644
428,3474
418,1925
401,1247
387,4542
372,2460
365,1570
358,1363
351,4115
345,2686
343,1506
339,1305
337,4072
327,2889
322,1444
318,1251
313,4056
308,3395
300,2927
298,1775
296,3889
296,2246
296,1406
295,1438
293,3910
289,2665
279,1523
274,3500
267,2198
551,1666
546,2362
538,1743
533,5169
520,2711
548,2162
528,2148
515,7784
493,3462
476,2406
474,5153
534,5143
527,2646
512,5389
577,2769
569,1936
568,1912
567,1973
564,1918
561,1862
555,1860
545,6211
580,3308
562,4141
550,2105
538,1494
527,1452
583,5749
570,2888
565,3803
562,1810
558,1299
555,1276
552,1320
539,1379
530,5082
517,3835
533,1847
554,1215
546,1187
539,4754
533,2274
528,3120
528,1529
528,1145
527,4365
524,2501
520,3286
509,1579
497,2871
485,1748
491,1236
473,3883
456,1874
445,1161
433,3826
413,1963
465,1290
458,3690
450,1760
476,1997
458,2640
452,1525
449,3253
449,1572
446,984
446,1016
446,3244
446,2076
442,2339
437,2504
430,3143
420,1324
408,994
393,999
384,968
369,917
364,1012
357,1097
352,1079
348,1233
345,2701
342,2795
333,1419
326,1156
322,1149
317,2646
314,2594
310,1394
302,984
300,2762
300,2581
625,1705
621,2220
614,1987
601,2152
582,2035
628,7948
599,3838
574,2627
559,2130
540,2027
583,2056
565,2005
556,1963
540,7832
589,3772
582,2484
574,1680
573,7401
571,3054
571,4416
571,4252
571,2314
623,1771
618,6859
610,3124
595,2139
655,4076
631,2035
618,1553
600,1519
595,5565
581,3259
573,2095
563,1310
560,1305
555,1454
540,1308
578,5345
566,3527
561,2284
549,3773
542,2049
534,1341
531,1202
531,1206
530,1174
527,1270
521,4399
510,4331
496,2306
476,1359
475,3077
454,3009
443,1544
429,1323
410,1316
466,3839
457,3647
436,2497
418,1319
453,1338
450,1282
450,3542
447,3444
447,1462
447,1096
447,3377
444,2324
439,1454
432,1225
422,1220
410,3208
394,3164
385,1375
371,1177
365,3107
359,3103
354,1356
349,1162
346,3025
343,2917
333,1501
328,1227
324,2877
319,2810
314,1486
306,1227
303,2706
302,2768
302,1508
302,1205
300,1179
614,1849
600,2344
584,1961
566,2464
541,2137
576,2333
559,2379
542,2343
518,2414
501,2082
558,1972
542,1945
511,1906
513,1938
575,2061
575,7209
575,4558
573,2778
573,1905
573,5737
571,3460
564,2221
612,1881
603,2024
587,7579
568,3486
626,2345
606,1628
595,1666
589,1756
579,6911
567,3179
562,2081
559,1444
554,1583
538,1547
552,1475
567,6038
562,3750
550,2273
543,1425
537,1396
532,1508
532,1410
532,1253
530,1351
525,1508
513,1749
499,1608
477,1724
455,1670
451,1569
438,1512
424,1523
420,1491
406,1471
460,1491
439,1470
420,1397
416,1308
451,1300
451,1301
451,1268
448,1313
448,1302
448,1300
448,1265
443,1256
441,1235
435,1199
428,1203
415,1162
399,1167
391,1181
378,1162
369,1106
361,1125
356,1197
351,1193
349,1187
345,1220
342,1158
333,1162
327,1149
324,1124
319,1133
314,1316
306,1281
303,1292
302,689
302,646
302,749
622,1699
616,2230
591,1947
559,1853
539,1886
573,1800
550,1670
532,1621
525,1862
518,1781
556,1877
530,1688
515,2748
510,2194
575,2096
575,2629
575,2112
575,2065
573,2637
573,2063
569,2015
569,2578
622,2022
618,2005
611,2251
600,2287
659,2548
641,2516
625,2497
614,2382
604,2445
588,2221
579,2037
567,2283
564,2177
559,1863
586,1947
592,2052
579,1981
567,1827
562,1874
552,1832
548,1792
537,1730
533,1654
533,1764
533,1687
520,1651
501,4747
487,3656
478,1689
459,4718
443,2263
432,1309
422,1143
410,1154
459,1155
437,4183
430,4745
429,1835
459,1228
452,1201
451,1203
451,1200
451,1179
446,1182
446,1294
446,1285
446,1289
445,1283
442,1266
438,1265
432,1257
422,1251
410,1234
393,1189
378,1169
371,1176
364,1158
357,1111
351,1219
349,1256
346,1260
343,1261
333,1205
328,1198
324,1355
319,1403
314,1405
306,1360
303,1285
302,1282
615,1779
599,2467
588,1863
566,1938
600,1962
579,8446
559,3636
542,5604
522,2705
500,2042
553,7627
537,3405
522,2119
594,7262
585,3367
576,2141
575,6941
575,3324
571,4164
569,2239
569,1703
626,1600
626,1606
623,1736
618,1662
611,1631
680,1748
659,1619
641,1502
633,1595
614,1457
604,1333
585,5799
579,2964
566,1847
562,1216
617,1100
605,4502
590,2795
574,1670
566,1129
557,980
549,1009
541,895
535,3486
524,3976
514,1458
504,2544
489,1484
467,1110
468,1008
454,958
442,2974
421,2851
404,1511
395,1034
450,1036
439,2747
431,2769
464,1196
457,2685
452,1473
451,2049
449,1227
449,2615
446,1387
446,954
446,2568
446,1878
445,964
441,831
437,830
431,2660
417,2736
403,1941
393,986
378,834
371,833
364,827
357,891
351,1029
349,1029
346,1174
343,1192
333,1171
328,1158
324,1221
319,1173
316,1173
306,1169
304,1119
297,1106
597,1649
590,2284
568,2119
548,1912
593,7168
572,3383
555,4437
526,2337
508,1831
555,1700
552,1695
545,1681
528,1650
595,1800
588,1889
580,1821
575,1813
571,1796
571,1805
571,1823
569,1796
626,1791
626,1796
624,1787
621,1763
700,1743
691,5556
671,3190
655,1995
642,1387
628,5400
613,3098
600,1925
582,1335
576,1322
564,5048
621,3389
617,1925
600,1418
587,1428
572,1371
564,1358
556,1349
549,1314
537,4416
523,3837
507,2332
499,1299
484,1424
468,1399
471,1433
461,1409
449,1550
420,1417
404,1733
455,1752
454,1049
450,1306
445,5013
470,3939
462,2024
455,3620
452,2082
449,3537
449,2402
449,1800
446,4613
446,2430
446,1103
446,3068
444,2013
441,2385
437,2302
430,3119
415,1642
401,1130
391,1095
378,1254
369,1144
361,1100
356,1148
350,3022
349,3232
345,1376
342,2757
331,1723
326,1100
322,2541
317,2557
312,1754
305,1518
300,1503
598,1711
592,2322
577,1882
553,1786
598,1762
583,4811
566,5657
540,2720
512,2173
561,2173
553,2122
549,7867
544,3704
599,2824
590,1671
585,1935
576,7523
571,3112
571,2249
571,1540
569,1727
626,7231
626,2934
626,2482
622,3812
701,2301
694,1869
678,7124
667,2731
647,1836
631,4660
614,2427
601,4928
584,2255
577,3176
598,1758
621,1525
617,4651
605,2878
588,1663
574,1271
564,1251
557,4363
550,3053
542,1729
526,4258
511,2224
503,1340
491,4135
473,2467
474,3064
465,3049
453,1493
429,3756
410,2589
460,1382
454,2681
450,2002
445,3478
472,2059
464,1312
457,1115
452,1122
449,1112
449,1104
449,1061
446,1156
446,1141
446,1117
446,1124
445,1106
441,3028
437,3910
431,1601
416,957
403,930
392,2819
378,2803
371,1434
362,630
357,688
351,2570
349,2587
345,2631
343,1410
333,1887
327,2480
324,1797
319,1107
314,1094
306,2517
300,2392
604,1704
595,1961
579,1913
620,2055
602,1797
589,1896
571,1669
546,1721
518,6919
564,4444
555,2592
550,6033
544,2865
599,4917
593,4766
585,2429
576,1672
571,1643
571,1627
571,1586
625,1628
626,6201
626,4168
626,2622
623,1699
701,1458
694,1556
682,1564
670,1524
651,5854
633,3460
614,2072
604,1449
585,5045
579,2606
598,1467
621,1177
617,1156
608,1130
591,1118
576,4268
566,3129
558,1742
550,1100
542,967
528,972
520,3504
506,3290
497,1511
495,1099
478,1135
467,1058
453,1070
432,3236
411,3014
463,1571
454,2277
450,1682
480,2972
472,1537
462,2774
457,1506
452,2087
451,2679
449,1158
449,692
446,2925
446,1115
446,1215
446,751
444,851
441,672
437,2840
430,2842
415,1284
401,2869
391,1508
378,1039
369,1031
361,1089
356,1032
350,1009
349,1088
345,1154
342,2805
331,2727
326,1471
322,1179
317,1175
312,1161
305,1159
303,1151
612,1725
597,2276
589,1893
629,1763
601,2149
586,4522
569,2420
551,2126
522,2107
567,2044
553,7500
549,3524
611,2374
598,4452
590,2375
582,1872
575,1808
575,1825
571,1740
571,6818
626,4001
626,2689
626,3885
625,2036
621,1534
701,5748
693,2993
674,2086
665,1432
643,4131
628,3097
613,1751
600,1391
582,1364
576,1414
623,1774
621,1811
618,4623
600,3274
586,1959
572,1252
564,1132
553,1121
550,1084
540,4069
532,4041
523,2124
508,1295
498,1116
499,1102
476,1095
461,1193
452,3827
438,4503
486,1632
465,1139
454,1144
449,1135
478,3504
471,4220
463,1510
454,2508
451,2634
451,1484
449,1255
449,1262
446,3213
446,3060
446,2470
446,1473
443,1084
441,3194
434,2244
424,3196
413,1557
398,3139
389,1647
374,1125
367,2987
359,2938
356,1442
350,1090
347,2829
344,2808
338,1477
330,1202
325,1188
319,1188
316,1174
312,1164
304,1330
302,1303
615,1784
601,2172
589,2129
633,1894
603,1914
580,1902
563,1891
550,1784
594,7105
565,4221
553,2658
552,1935
605,6699
596,3500
587,2086
580,1653
575,1655
575,6428
571,4147
571,2538
626,1797
626,6305
626,3346
624,2013
704,4716
698,2725
686,1827
677,6194
661,3205
639,1953
621,5899
605,2771
592,1712
582,1475
605,1415
623,1395
618,1394
614,5138
595,4712
579,2065
567,1387
562,1138
550,1136
544,1089
538,4240
531,4114
522,2583
507,4235
497,2139
497,5661
473,2774
458,1732
447,1514
434,1531
483,5252
464,3685
451,2161
450,1685
474,5162
466,2578
457,1604
453,1619
451,1591
451,1608
449,1575
449,1771
446,1623
446,1578
446,1580
445,1825
442,1796
439,1821
432,4587
422,4073
405,1930
393,1354
378,1303
371,1368
364,1352
357,1306
351,3896
349,3910
345,2009
343,1321
333,1372
328,1337
324,1336
319,1338
314,1316
306,1538
303,1749
302,1733
614,1729
596,2336
588,1920
629,1950
600,1920
579,2046
562,1791
542,1707
589,2105
565,8159
553,3589
544,2850
599,1679
594,1948
586,1896
576,1956
575,1907
575,1799
571,1908
571,2068
626,1948
626,1920
626,1961
623,1926
703,1959
695,1939
682,1905
670,1825
651,1681
635,1686
614,1444
604,1267
587,1246
579,1288
598,1451
621,1450
617,1441
608,1416
592,1411
576,1369
566,1370
561,1357
550,1311
542,1275
535,1256
533,1227
524,1233
512,1228
516,1223
501,1193
477,1182
459,1273
444,1429
436,1419
485,1431
465,1410
453,1390
445,1367
472,1368
466,1349
459,1336
452,1320
451,1294
451,1279
449,1290
446,1268
446,1272
446,1242
446,1273
445,1233
441,1236
437,1185
431,1180
417,1183
403,1210
393,1177
378,1184
371,1164
362,1119
357,1245
351,1237
349,1240
345,1248
343,1231
333,1197
327,1206
324,1181
317,1186
312,1148
305,1126
303,1130
302,1159
625,1722
610,2335
654,1900
639,2323
611,1877
582,1876
563,1781
545,2248
600,2109
573,2052
558,8255
615,4088
599,2375
594,1780
586,1884
578,7750
575,3018
575,2374
575,1553
628,1824
626,1944
626,1804
626,1781
623,1844
703,1855
695,1789
685,1791
676,7061
654,3694
636,2107
615,1562
604,1725
589,1673
579,6434
599,2940
623,2023
618,1304
612,1566
592,5904
579,2309
567,1651
562,2747
551,2154
544,6798
538,2031
533,1299
526,1145
514,3980
518,3601
504,1726
479,1253
462,1174
448,3565
440,3610
487,1584
466,1109
454,1085
489,1075
475,1063
469,3348
463,3236
454,1721
451,994
451,3068
449,2135
449,1129
446,3030
446,2124
446,1107
446,909
443,936
441,931
435,1048
428,1183
414,1162
399,1309
391,1328
376,1307
369,2774
359,2727
356,1471
350,1179
349,2697
345,2715
342,1418
331,1157
326,1144
322,1150
317,1138
312,1123
305,1092
303,1114
610,1746
597,2008
652,1961
628,1799
603,1916
592,1877
571,1779
619,1879
583,1763
568,6671
553,4199
627,2596
614,4692
599,4520
593,4043
585,2088
576,1551
571,1525
571,5777
628,3934
628,2448
626,1575
626,5765
710,3025
707,1954
703,1455
696,1408
696,5630
676,3500
660,2130
638,3286
620,1751
605,3865
591,2482
642,4703
632,2151
624,1329
621,4661
615,2420
595,1560
579,1131
569,1088
563,4112
553,3182
549,1804
529,1152
511,1162
503,4002
506,3993
490,1755
479,2992
465,1764
457,3748
510,1991
482,1353
462,1350
455,3508
496,3487
490,1524
478,1132
469,1124
462,3354
455,3274
450,1660
449,2441
449,1818
449,3134
446,1675
446,3134
446,1591
446,1171
445,3084
442,2365
438,2250
431,3017
422,1490
406,1093
393,1086
380,1080
371,1056
365,1033
359,2770
354,2776
350,1514
346,1039
344,1045
335,1029
328,1023
324,1148
319,2705
316,2745
303,2527
605,1771
591,2092
641,1863
618,1944
612,3775
592,4294
579,2462
627,1935
596,1865
569,1786
563,6773
633,4552
628,2723
619,1877
604,6523
594,3405
586,2289
576,1663
571,1529
628,1538
628,1522
628,6142
626,4385
710,2698
710,4276
708,2350
715,4658
708,4370
699,2316
678,1571
662,1659
641,1731
624,1471
646,1390
654,1368
643,5471
634,4439
624,2340
621,1557
616,1513
597,1406
585,2155
571,5156
563,2601
550,1627
538,5024
512,2657
499,1572
501,1346
489,4587
482,3125
471,1639
456,3120
504,2271
487,2997
463,1747
462,1488
497,1443
494,1440
488,1428
476,3650
467,3605
461,1660
453,2514
449,2508
449,2472
449,1488
449,1495
446,3036
446,2132
446,1121
446,2980
443,2073
441,2268
436,1380
428,1172
415,3043
400,2828
391,2116
378,1288
369,1087
361,1765
356,1094
351,1081
349,3595
345,2971
342,1631
333,3412
326,1213
322,814
317,822
307,928
607,1824
593,2103
635,1909
619,1958
612,1974
596,4613
578,2986
624,5218
602,2679
571,6259
564,2589
634,5107
631,2378
625,6598
613,6188
595,2724
590,2000
580,1655
572,1627
628,6001
628,3701
628,2176
626,4356
710,2236
710,1561
710,5916
717,2996
711,1943
704,1437
692,1604
670,5642
651,3577
635,2179
653,1462
668,1287
648,1226
640,1195
626,1185
622,1261
618,5684
608,3159
593,1912
577,1262
567,1082
558,4313
539,3006
518,2980
517,1515
501,1141
489,1133
483,1103
474,3830
458,3850
511,1984
492,1162
470,1001
501,3327
498,3400
497,2488
490,1275
483,2477
470,1842
462,1485
455,3276
451,1791
449,1188
449,1188
449,3134
449,3057
446,2157
446,1284
446,2745
446,1849
442,2095
440,1560
434,2831
424,1504
411,2918
397,1481
389,1011
373,1003
366,1009
359,2592
355,2601
350,1406
347,2610
344,1825
338,1129
331,1070
325,1051
319,2386
311,2388
617,1782
664,2233
637,1975
619,1969
614,5545
601,2917
586,2245
632,1965
604,7160
579,3986
644,2578
634,3822
633,2244
629,1792
621,1756
601,1690
592,6333
582,3895
633,2499
628,3381
628,1978
628,6006
628,3126
710,4139
710,2246
710,1564
718,1649
715,5856
708,3040
696,2073
677,1438
661,1537
639,1370
687,1282
670,1162
652,1186
643,1180
633,1247
624,1347
619,1382
612,1315
593,1264
580,3945
567,3816
561,2019
539,2728
518,1456
518,1262
502,3596
489,2594
484,1387
474,2773
539,2061
516,1396
495,3467
472,1954
499,2574
498,1556
496,1123
490,3340
478,2459
469,1234
462,3091
455,2111
450,2136
449,1256
449,2747
449,1626
446,884
446,2388
446,2490
446,1807
444,1897
441,1147
437,2393
428,1687
415,869
399,2361
391,1632
376,1012
369,2296
359,1643
356,1238
350,1210
349,1228
344,2222
340,2231
331,1631
325,2124
319,1485
316,934
308,880
606,1702
655,2075
640,1811
619,1707
612,1653
594,1698
652,5315
627,5039
596,2560
573,5053
634,2398
633,1780
628,1866
619,1817
604,5483
592,3636
586,4414
576,2208
628,1542
628,5790
628,3083
628,2020
710,1461
710,5904
710,2976
717,4271
713,2178
705,1509
693,5650
673,2990
651,1890
635,1408
653,1524
668,5950
646,3600
640,1988
626,1530
622,1242
618,1381
606,1364
591,5038
575,4999
565,2583
558,3657
547,1864
529,1419
509,1385
514,1369
501,1375
487,4565
479,4505
466,2247
527,1426
500,1270
477,4324
462,3823
497,3092
494,1585
490,1196
475,4003
469,2815
461,1495
454,3946
449,2470
449,2947
449,1807
449,1512
446,3865
446,2661
446,2881
446,1754
443,3814
440,2391
433,2815
423,1695
411,1428
395,3593
386,3418
371,2674
366,1600
359,3456
354,2387
350,1454
346,1471
344,1458
333,1443
328,3280
324,3165
319,2210
314,3143
306,1653
299,1309
597,1819
654,2079
632,2050
615,4969
600,2719
582,2166
633,2067
603,2050
571,1893
563,7490
633,4753
627,2880
619,2026
604,5336
593,3189
586,2056
580,1818
571,6688
628,4063
628,2473
628,1675
626,1677
710,6471
710,3817
708,2421
715,1667
708,4869
699,2847
678,1880
662,6030
641,3126
624,1972
646,5620
654,2626
643,1641
634,1311
624,1287
621,1237
617,4764
598,3958
585,1990
572,1301
563,1180
554,1160
546,1149
528,1140
508,1270
514,5072
501,3846
487,1857
478,1296
466,4748
521,2607
497,1446
477,1197
462,1164
497,1141
496,1083
491,4383
476,2513
469,1676
462,1092
455,1092
449,1086
449,1080
449,1065
449,3813
446,3482
446,1620
446,1173
446,1190
443,1179
441,1189
437,1182
429,1326
415,1344
401,1240
391,1230
378,1226
369,1183
361,1340
356,1325
350,1317
349,1297
345,1305
342,1292
331,1252
326,1259
322,1258
317,1261
309,1240
297,1235
661,1842
642,2314
624,1913
614,1940
596,2548
583,2284
639,2329
607,2334
581,2241
564,2244
634,2166
631,3101
627,2093
613,2806
596,2034
590,2669
581,1751
628,1606
628,2151
628,1822
628,1708
628,1587
710,1817
710,1695
710,1683
717,1733
713,1678
705,3879
693,3108
675,1635
652,2185
636,1565
654,1546
669,1706
649,1595
640,2122
627,2315
622,1480
619,3591
610,4934
593,2703
579,2683
567,1785
559,2283
539,2308
518,2275
517,2177
501,2413
489,2072
483,2123
474,2365
458,2130
510,1843
491,1840
468,1843
500,1844
498,1796
497,1094
490,1830
478,2085
468,2355
462,1894
455,1318
450,984
449,994
449,1685
449,1366
446,2085
446,1065
446,883
446,889
445,877
441,905
437,847
430,1100
415,1110
402,1161
392,1069
378,1120
370,1155
361,2265
356,768
351,755
349,814
345,886
342,1223
331,1357
326,1540
322,1535
317,1525
307,1528
295,1496
658,1921
635,2247
619,2000
612,4411
595,2595
577,2081
620,7878
600,3856
569,3302
634,3155
633,3213
631,7297
625,3374
610,2259
594,1818
588,1939
577,7146
628,3813
628,2560
628,1780
628,7083
626,3692
710,2533
710,5209
709,2678
715,1897
711,6936
702,3609
684,2482
665,1755
642,2028
628,6756
678,3588
664,2438
644,3396
637,2153
624,6255
622,3235
618,2067
600,1557
587,1549
573,1480
563,1461
547,1443
532,5393
513,5049
513,2423
496,1526
488,1358
481,5139
470,3691
527,2577
503,3437
482,1787
463,1811
498,1252
497,1176
494,1652
488,4403
475,2751
465,3549
459,1756
452,1501
449,1834
449,1437
449,1281
449,1630
446,4936
446,2988
446,3314
446,1621
443,3647
440,1627
434,4711
424,2439
411,1414
397,1028
389,1596
373,3800
366,3384
359,1440
355,846
350,1163
347,1082
344,3339
335,3327
328,2212
325,1372
319,1360
313,3113
304,3038
292,1574
642,1852
624,3306
615,2115
599,1985
587,1964
641,2637
608,2289
587,2568
569,9025
634,4161
633,2521
627,1823
618,7236
604,7088
590,3118
582,2367
574,5042
628,2654
628,2071
628,1820
628,6920
710,3798
710,2490
710,3686
718,2215
713,1795
706,1828
696,6735
676,3493
660,2416
637,1582
655,1602
669,1662
650,1476
640,5247
627,4234
622,2200
618,1441
609,1267
592,4797
579,2844
567,3325
562,1722
542,1296
523,4289
508,2907
508,1591
494,1185
484,1164
478,1129
468,1152
523,1071
497,1146
474,1224
463,1156
498,1158
496,1165
492,1134
478,1119
470,1090
462,2738
455,2777
450,1172
449,833
449,2628
449,2598
446,1108
446,940
446,926
446,2535
444,2537
441,1110
437,2510
430,1772
415,1101
402,941
391,1031
378,1086
369,2506
361,2501
356,1095
350,2500
349,1776
345,2472
342,1327
331,2428
326,2414
322,1795
317,1072
310,909
297,2408
291,2304
651,1823
628,3258
615,2231
602,1867
585,4942
639,2645
608,1767
580,1748
563,1685
633,6192
631,4236
624,2548
610,4084
597,2218
588,4549
578,2747
571,4536
628,4458
628,2327
628,5869
626,3027
710,3984
710,2101
708,1525
715,5666
710,3068
700,2095
679,3869
664,2073
642,1444
625,5225
648,3077
658,1738
643,1155
634,1133
624,1124
621,1123
616,4185
597,2871
585,1745
571,2924
563,1473
553,1130
542,4086
520,2622
521,1368
512,3617
499,1959
486,1315
476,3493
463,2402
518,2658
491,1230
468,1032
462,2984
497,3034
493,1309
487,960
473,2926
467,2110
459,1283
452,919
449,933
449,931
449,894
449,2757
446,2773
446,1489
446,2720
446,1494
442,2801
439,1500
433,1034
422,1041
411,2733
394,2776
380,1440
371,987
364,996
357,2673
351,2602
349,1404
346,1914
343,1925
333,1426
328,1386
324,1377
319,1377
314,1362
304,1342
296,1312
291,1296
651,1644
630,1926
614,1789
597,1877
581,1830
632,1757
599,6877
568,1700
634,1589
631,1658
627,6530
614,4034
598,2540
593,4786
585,2447
572,6151
628,2774
628,3426
628,4568
626,2398
626,1741
710,1736
710,1754
706,5789
711,3222
704,2079
686,3224
667,3728
644,1927
630,1421
613,1427
665,1374
644,4942
636,3882
625,2012
622,3305
618,1710
600,1330
586,4505
573,2984
563,1653
554,1186
550,4134
534,2795
520,1455
521,1132
514,4802
497,4202
482,2457
469,1267
456,1011
508,3678
483,2396
465,1686
497,1624
493,1600
489,1401
475,1928
467,1095
459,1037
454,3546
451,2340
449,2453
449,1243
449,1462
446,4502
446,3933
446,2666
445,1573
442,1273
438,1161
431,4511
418,3985
403,1985
393,3333
378,3255
371,1955
362,4365
356,2900
351,3278
349,4362
345,2220
342,4388
331,3124
326,3087
322,1834
317,1519
312,1467
305,1460
302,1415
297,3858
292,3830
653,1720
628,2521
600,1915
582,1762
636,5911
621,3318
587,2074
565,5380
631,3205
624,2011
611,1760
598,6441
588,3943
582,2482
575,3597
575,2604
628,2087
628,7910
626,3100
626,2179
710,5424
709,2982
705,5828
701,5535
703,2957
685,4657
667,2480
644,7244
630,2690
614,4963
601,4806
645,2412
637,5697
625,2544
622,1666
618,1464
605,1474
588,1428
574,5786
565,3245
558,2383
550,1240
542,1397
533,1276
523,1247
523,1324
513,1421
501,1715
478,1746
468,1681
524,1846
509,1834
489,1835
474,1806
499,1789
491,1744
480,1721
472,1713
466,4716
457,3670
452,1981
451,1416
449,1435
449,1421
446,4531
446,3845
446,3303
446,1700
445,1248
442,1263
438,1232
431,4287
418,3941
405,2194
393,1331
378,4275
371,3241
364,3043
357,1669
351,1662
349,3753
345,2571
343,1500
333,1216
328,3632
324,2752
319,1462
314,942
306,3451
303,3344
299,1423
294,1146
655,1642
636,2078
606,1833
591,1855
642,5032
624,2488
594,1830
575,1710
635,1652
624,1604
611,2035
598,2007
589,1911
580,7364
575,4710
575,2650
628,1762
628,1612
626,1519
626,5937
710,3984
708,2303
704,1593
708,1641
696,5807
676,3034
659,2226
636,1455
615,1713
604,1578
621,6865
639,3165
625,2277
622,1389
618,6498
605,2322
588,3789
574,1604
565,3185
556,1914
550,4114
541,2251
534,1327
531,4056
522,2675
519,2885
508,1548
484,1326
463,3968
449,2654
507,2959
493,2764
472,1438
464,3787
486,2562
474,1331
466,3581
459,2191
453,2576
451,1552
451,3421
451,2031
446,1147
446,1160
446,1122
446,1113
444,1131
441,1081
437,1074
429,1072
415,2896
400,3738
391,2818
378,1535
369,1276
359,1295
356,4155
350,3446
349,2191
345,1798
340,723
331,929
325,871
319,1002
316,858
312,868
305,2794
302,3555
302,3588
302,1783
296,1226
289,1173
633,1772
595,2028
571,2070
555,1787
609,1684
589,1818
565,1600
559,1594
609,1647
598,1973
589,3877
580,1556
575,1507
575,1507
575,1531
575,6141
626,5822
626,2713
626,1856
624,1519
705,5852
700,3074
689,2124
678,1490
664,1390
641,1477
625,5367
610,3504
596,2194
582,1401
608,1217
623,4708
620,2933
617,1639
598,1297
584,1268
571,4362
562,2974
554,1761
550,1157
540,1130
533,1111
533,1108
526,3874
527,3790
514,1676
496,1238
469,1093
454,1106
441,1070
499,1071
481,1168
463,1162
492,1167
475,1149
469,1096
463,1100
454,1244
451,1210
451,1215
451,1184
449,1185
446,1157
446,1158
446,1169
446,1174
443,1165
440,1174
434,1152
424,1163
411,1171
395,1123
386,1285
373,1253
366,1222
359,1224
354,1253
350,1195
347,1199
344,1227
335,1189
328,1192
324,1233
319,1201
314,1174
306,1171
304,1108
302,1275
302,1278
299,1286
293,1269
287,1245
626,1677
589,1882
567,1611
549,1848
604,1756
585,1549
563,1797
620,1657
601,1635
594,1868
586,1607
578,1715
575,1656
575,1647
575,1822
628,1800
626,1756
626,1755
626,1751
623,1721
701,1744
694,1760
681,1719
669,1687
651,1689
633,1649
614,1623
602,1599
585,1552
577,1545
625,1518
621,1493
618,1510
605,1456
587,1444
574,1426
564,1375
556,1371
550,1377
541,1313
534,1277
533,1394
533,1390
522,1387
522,1385
505,1381
482,1294
461,1243
443,1241
500,1282
492,1528
477,1527
459,1525
480,1422
471,1406
463,1384
454,1262
451,1273
451,1263
451,1280
451,1249
446,1223
446,1207
446,1189
446,1191
442,1165
440,1178
433,1164
422,1163
411,1143
394,1070
380,1068
371,1044
364,1060
357,995
351,1038
349,954
345,1073
343,1071
333,1075
327,1071
324,1105
319,1085
312,1077
305,1045
303,1040
302,1039
302,1034
302,1044
296,1044
288,1043
280,1034
600,1517
566,1715
547,1619
603,1542
594,1709
579,1690
545,1699
602,1656
591,1645
582,2108
575,1689
575,1824
575,1832
575,1993
573,6251
626,4688
626,2674
625,1710
621,1581
701,1514
692,1482
673,1467
665,1432
642,5646
628,3845
610,2472
596,1539
582,1335
576,5206
596,3533
620,2118
616,1439
598,1308
584,1282
571,1268
562,1247
553,4768
549,4714
538,2273
533,1415
533,1142
533,4379
530,3081
517,1693
507,1254
486,1225
464,4160
447,3398
432,1758
491,1306
487,1294
470,1280
449,1387
472,1215
461,1105
454,1210
451,1200
451,3361
451,4178
451,1726
448,2475
446,1452
446,1247
446,1228
442,1206
439,3089
432,3479
422,1420
406,980
393,2952
378,2035
371,2829
364,1535
357,1038
351,1026
349,2713
345,2646
343,1382
333,920
327,895
324,2451
317,2371
312,1635
305,985
303,964
302,951
302,949
302,933
299,945
293,2158
278,2125
268,1474
579,1482
553,2020
538,1609
594,4095
585,4526
562,2305
538,4757
593,3154
582,4958
575,4967
575,2641
575,5235
575,4943
573,2645
573,5115
626,3034
624,1771
621,1996
616,6698
689,3417
668,2166
652,3164
641,1739
624,1533
608,5955
592,3200
582,1970
573,4586
564,2269
593,1344
613,1204
592,1187
579,1156
567,1164
562,1235
550,1209
543,1282
538,4226
533,3568
533,1730
531,1301
529,4001
523,2809
501,1447
489,2875
467,2147
451,1437
434,3581
426,2422
487,1318
472,3491
455,2740
440,1295
462,2592
452,1721
451,1377
451,1159
451,1155
448,2600
448,2516
448,1137
446,1967
445,1464
441,1969
437,2572
430,1380
415,1913
402,2180
392,1166
378,2152
370,1535
362,2148
356,1147
351,2105
349,1466
345,930
342,2049
331,1970
326,1969
322,1507
317,906
312,889
305,905
303,869
302,1895
302,1891
302,1305
299,807
296,1867
282,1883
272,1008
261,1031
566,1416
539,1821
530,2418
588,2102
572,1579
549,1504
601,6166
586,5519
575,2811
575,1845
575,1488
575,1837
573,7716
573,3409
629,2706
624,1583
621,1747
616,7460
607,3056
668,2083
653,3825
631,1977
624,1516
608,1731
592,1378
582,1379
574,5250
564,3513
561,2164
587,1448
594,5046
579,2740
567,1758
562,1229
550,1249
543,1225
537,1216
533,1189
533,1147
531,4573
529,4448
524,2239
511,1448
507,4469
480,2507
463,1609
449,1389
432,1345
423,1333
476,1324
467,4153
450,3902
472,3050
455,1416
451,1079
451,1106
451,1457
448,4983
448,3406
448,1611
448,2117
445,1967
441,1944
435,3388
425,1767
414,3391
398,1434
389,1034
374,3070
367,2952
359,1249
355,891
350,2667
347,2615
344,1976
335,993
328,2565
324,1751
319,1087
316,1115
306,2525
304,2520
302,2439
302,1276
302,1056
300,1053
298,1071
292,1055
282,1029
275,1013
266,1119
257,1193
559,1529
547,1890
587,1682
565,1647
555,6498
542,3185
605,2022
584,6144
577,3205
575,2014
573,4356
573,2662
573,1758
572,5755
625,3766
619,2238
604,4623
587,4407
649,2279
626,4812
605,2715
595,1703
585,1455
577,5778
566,2900
562,3798
558,1919
546,1397
534,1424
571,1423
562,1402
552,5150
548,3923
537,2019
532,3526
532,1867
530,3669
529,2218
522,1614
511,4791
496,2564
481,1460
473,1172
474,1134
463,4463
446,4159
426,3198
408,1678
457,1217
447,4261
444,2549
434,1543
462,1143
456,1138
448,3815
448,2776
448,2798
445,1352
443,1070
436,3602
426,3057
413,2250
397,2244
389,1325
373,1098
366,2789
359,2780
356,1456
350,1161
347,1141
345,1124
340,1067
331,994
325,1048
322,997
317,2231
312,2243
305,2095
303,1599
302,1212
302,1259
302,2203
300,2185
298,1656
294,2159
283,1506
276,913
272,2101
268,2081
261,2062
253,1108
246,907
542,1396
516,1735
560,1569
547,1425
539,1567
537,1909
589,1789
584,4053
575,2495
573,1984
573,1837
573,1892
572,6143
568,3331
619,4238
610,2162
589,1725
575,6537
632,2931
616,1748
601,3888
598,2669
582,4426
576,2097
565,1558
562,1502
558,5190
550,3172
563,1720
576,3350
566,2316
561,3580
550,2180
543,1553
535,4862
532,2490
532,1554
532,1196
530,1210
525,4212
513,3831
501,3028
489,2701
492,1475
475,1248
452,3706
444,3660
432,1577
476,1129
467,1104
459,1104
457,1096
475,1078
459,1264
453,3063
451,3109
451,1627
448,1120
448,1113
448,1110
448,1096
445,1101
440,1101
434,2899
425,2882
414,1526
399,1061
391,2804
378,2803
369,1222
362,2093
357,2023
351,1528
349,1207
345,1135
343,1117
333,2460
328,2466
324,1315
319,1814
316,1825
312,1380
304,2423
302,2302
302,1256
302,1027
301,1027
299,1040
295,2362
284,2245
277,2233
265,1225
579,1528
559,1724
607,1683
590,1665
577,1672
569,6769
625,3497
596,2283
579,6346
575,2961
575,3852
575,2075
573,1660
573,1633
630,1645
630,6138
623,4210
618,2622
694,1720
682,4605
660,2761
651,1660
635,4206
614,2507
604,1798
587,1522
579,1475
567,1495
594,1493
617,5048
608,3497
592,2002
578,3622
566,2229
562,3586
550,2194
544,1546
536,4496
533,2901
533,3258
531,1682
530,4378
540,2331
527,3235
505,1928
480,4201
461,2066
447,1306
500,3993
488,2680
480,1451
475,1134
493,1080
472,1048
456,1067
451,1141
451,1442
451,3171
451,3155
448,1346
448,990
448,977
446,998
442,1000
440,990
433,1066
423,1209
411,1155
395,1242
386,1449
371,1222
366,1209
359,1188
354,2587
350,2551
347,1796
344,1358
335,1313
328,1342
324,2462
319,2448
316,1742
310,1042
304,2355
302,2369
302,1249
302,2328
301,2319
298,1247
294,2481
280,2325
268,1269
585,1551
565,1970
608,1628
593,1716
588,5090
650,3171
629,2313
600,1769
584,1618
575,1543
575,1535
575,1651
575,1792
630,1947
630,1966
630,1950
624,1961
621,1967
698,1940
689,1947
668,1985
662,1928
641,1893
625,1888
608,1788
593,1718
582,1904
574,1668
623,1622
620,1619
616,1609
598,1539
584,1535
571,1509
562,4786
553,3293
550,2018
540,1293
533,1154
533,4366
533,3851
531,1947
541,1266
532,1268
511,1177
497,1148
468,1355
453,1134
505,1229
493,1180
486,1191
517,1200
500,1137
477,1223
463,1019
452,984
451,1005
451,1002
451,971
448,926
448,959
448,962
448,970
444,957
441,962
437,965
430,1225
415,962
402,1085
392,1100
378,1094
370,1091
362,1107
356,1058
351,1041
349,1040
345,1047
343,2697
333,1034
327,1031
324,1037
319,1029
312,1018
305,1189
303,1130
302,1136
302,1255
302,1124
300,1128
298,1142
292,1128
279,1131
605,1594
655,2194
634,1739
608,1742
593,1809
659,1719
643,1757
626,1626
598,1707
580,1695
575,1650
575,2073
575,1741
632,2021
630,2032
630,1825
630,2039
707,1975
703,1758
695,2034
682,2007
670,1889
651,1872
635,1786
614,1777
604,1725
587,1822
579,1622
625,1701
621,1614
618,1517
608,1581
592,1442
576,1493
566,1443
561,1615
551,1502
544,1619
536,1463
533,1455
533,1559
531,1456
544,1462
538,1459
526,1434
505,1469
478,1376
538,1366
522,1327
502,1441
494,1556
520,1551
511,1535
494,1395
472,1357
455,1327
451,1293
451,1284
451,1332
448,1275
448,1274
448,1454
448,1290
445,1317
441,1239
437,1379
431,1381
416,1357
403,1359
392,1359
378,1322
370,1322
362,1290
356,1280
351,1283
349,1282
345,1274
342,1443
333,1479
326,1408
322,1439
317,1576
312,1388
305,1381
303,1366
302,1352
302,1356
302,1382
299,1342
296,1364
285,1339
280,1340
607,1812
655,2439
634,1905
615,1909
600,1981
658,1951
643,1937
630,2012
604,2109
584,2135
576,2361
575,1837
575,1942
630,2431
630,2170
630,2171
628,7756
709,4216
700,2433
691,4458
681,2255
664,1598
642,1601
625,6792
610,3205
596,2183
582,1439
608,1998
623,6460
620,2938
617,1988
598,2940
584,1939
570,6000
562,2823
553,1774
549,1330
538,1296
533,1431
533,5827
533,4137
530,2120
541,1373
528,1322
516,1235
499,5451
480,3309
532,1875
517,3353
501,2053
491,3816
515,3455
508,1630
496,3235
472,2967
459,2827
452,1460
451,1250
451,4025
448,3052
448,1317
448,3636
448,2169
444,3467
439,1504
433,1107
422,3404
410,3405
393,1995
378,3270
371,1723
364,1163
357,1173
351,1131
349,1119
345,2999
343,2913
333,1827
327,1255
324,1240
319,2769
312,2703
305,1882
303,1427
302,1424
302,2645
302,2660
299,1868
297,1179
292,1176
280,1143
273,1121
597,1625
650,2017
631,1668
612,1950
590,3827
646,2216
636,5168
622,2981
598,2188
584,1669
576,6155
575,3728
629,2156
630,1656
630,1488
629,5701
625,3660
705,2270
692,1483
671,5655
665,2872
642,1771
626,1373
610,1369
596,5269
582,3541
576,2080
596,1353
620,4763
616,2501
597,1512
584,1162
570,4539
562,2926
552,3355
549,1690
538,1253
533,4144
533,2866
532,1583
530,1179
540,1176
528,1149
514,1120
501,3796
488,3501
471,1618
525,1186
513,3670
491,2492
516,2733
506,1566
498,1189
481,1143
464,1124
459,3352
452,3350
448,1491
448,1065
448,1060
448,3243
446,3281
443,2288
439,1217
429,1242
415,1229
399,1198
391,3013
376,2952
369,1558
359,1269
356,2899
350,2797
347,1497
344,1178
338,1155
330,1137
325,1131
319,1123
316,1140
312,1132
304,1232
302,2422
302,2443
302,1705
301,2465
298,1711
293,1306
282,1348
275,2425
269,2434
267,1871
580,1554
635,1738
615,1795
584,1823
645,1712
633,7187
620,3021
611,4052
590,4996
584,2602
574,1749
573,1883
630,1967
630,6396
626,4052
622,2480
614,1727
679,1754
657,1559
633,1533
628,1500
613,1463
598,5848
582,5276
576,2551
564,1760
561,1500
616,1766
597,1560
584,1558
570,1446
562,5439
552,5181
548,2459
537,1655
533,1333
533,5160
532,3479
530,1972
525,3928
513,2216
514,1472
501,4715
491,3178
483,1948
476,3322
537,1979
509,1627
493,1663
475,4497
503,3046
490,1475
488,1124
484,4070
468,2936
456,1570
449,1002
448,3563
448,2063
445,1100
443,2947
437,1885
427,2728
415,1327
398,2114
389,1603
374,2071
366,1106
359,2087
355,1991
350,1083
346,926
344,882
333,2015
328,2071
324,1383
319,1066
314,1061
306,1068
303,1072
302,1072
302,1052
302,1938
299,1933
296,1944
285,1047
280,838
273,1945
268,1968
261,1310
258,1323
256,1329
633,1466
610,1741
593,1547
579,3362
635,1901
622,1718
616,1645
611,1662
596,1642
583,1609
577,1597
572,1688
625,1684
620,1689
611,1679
593,1678
657,1662
633,1642
616,1625
610,1584
596,1543
582,1515
576,1628
564,1617
561,1591
557,1588
571,1520
586,1526
571,1503
562,4699
553,4075
549,2001
539,2478
533,1667
532,1423
533,1408
531,1419
526,4620
518,2710
503,1748
495,1165
495,1141
486,1123
478,1104
477,1182
473,1337
526,1388
506,1429
489,4225
476,3553
500,1511
490,1132
488,3442
484,2345
467,2398
456,2367
451,1410
448,2925
445,1602
443,1053
438,2934
430,3035
417,1551
400,2145
390,1277
376,2750
369,1942
359,1021
356,2817
350,2767
349,1365
344,1022
339,994
331,2459
325,2461
319,1837
316,1120
312,959
304,2582
302,2520
302,1337
302,927
301,2471
299,2447
294,1748
283,1054
276,1052
272,1056
267,2279
261,2282
257,1595
256,1219
633,1516
610,1943
591,1697
579,1735
635,4091
622,2171
615,7007
611,3129
595,5269
583,4817
577,2607
572,7230
624,3382
619,4153
608,5100
591,2659
654,1762
630,6749
611,2965
605,1889
591,5246
582,3038
573,1850
564,1365
559,1275
554,1339
564,1311
579,5612
566,3505
562,1996
550,3298
543,1831
537,1388
532,1339
533,4947
531,3348
529,1928
524,1248
512,1130
499,4512
499,3587
491,1667
483,3248
478,2142
474,1341
466,4264
521,2755
501,3021
484,1481
474,1143
500,3899
490,3559
485,1725
482,2876
465,1649
456,3489
451,1831
447,2538
444,2538
439,1526
433,1114
419,3225
404,2374
394,3141
378,1574
371,2858
362,2087
357,2680
351,1796
349,2558
345,1375
343,1164
333,2500
327,2461
324,1313
317,1076
312,2449
305,2418
303,1285
302,862
302,846
302,854
299,847
297,970
292,2294
280,2305
273,1623
269,1204
266,1194
259,1166
257,1166
255,1157
627,1466
608,1679
592,1539
661,1523
639,1708
621,3745
616,2104
606,6289
593,3332
583,4445
577,4025
626,2105
622,6004
615,2858
603,1798
583,1505
641,1475
625,5703
607,3734
602,3767
585,3001
577,4764
566,2513
562,1702
558,1612
550,6651
563,2783
574,1846
566,4933
558,2530
549,1808
541,6187
534,2695
532,1774
533,1244
531,1548
528,6171
522,3180
511,1844
497,1358
496,1470
488,5887
482,2357
477,3433
474,1568
464,1641
528,5530
511,2417
493,3765
524,1592
512,1528
500,5303
486,2819
477,1937
474,1377
463,4800
453,2343
445,1231
443,4710
438,2283
430,1663
417,4645
400,2643
392,3407
377,3436
369,1931
359,4281
356,2804
350,1505
349,4282
345,2787
340,3063
331,4115
325,2859
322,4128
316,3004
312,1572
305,1226
302,1255
302,1219
302,3749
302,3880
299,2003
296,1386
285,1382
280,1347
273,1383
268,1523
265,1792
259,1670
257,1722
254,1676
638,1537
627,2111
604,1743
673,2029
662,1798
641,6618
620,3264
608,5926
601,3243
592,2218
582,8198
626,3332
622,2329
615,5553
604,3070
664,5989
643,2945
627,2220
607,7505
604,2686
587,4659
579,2137
567,5425
562,3142
558,5232
553,2598
591,1949
578,1963
567,1935
562,6785
550,3061
543,1914
537,3303
532,2148
533,1898
532,1884
530,6683
526,2560
513,1854
501,3171
501,2342
494,6109
486,2677
478,1887
475,1527
546,1504
532,1502
516,5819
492,3350
522,1987
506,1309
492,1436
488,5784
483,3306
467,2257
456,1519
454,5362
448,2668
445,1857
443,1650
438,1648
430,1634
417,1668
401,4856
391,4249
378,2012
369,1468
362,1459
356,1415
351,1393
349,4684
345,4404
343,2324
333,1602
327,1603
324,1884
319,1808
314,1849
306,1785
303,1768
302,1758
302,1754
302,1792
301,1271
298,1229
294,1401
283,1401
276,1485
270,1393
267,1345
261,1334
258,1333
645,1624
613,1916
606,1844
659,1922
630,1744
621,5378
619,2868
607,2076
589,2125
577,2065
573,2010
630,2481
629,2417
625,2426
622,2481
696,2402
678,2382
655,2405
643,2328
630,2208
613,2007
601,2047
583,1861
577,1890
565,1876
594,1834
617,1877
604,1847
591,1810
574,1817
566,1782
558,1731
549,1717
542,1739
536,1677
533,1665
533,1680
531,1651
529,1672
524,1675
526,1632
514,1594
499,1572
491,1748
481,1699
541,1699
521,1713
506,1683
489,1669
509,1641
501,1662
491,1623
478,1628
463,1608
459,1604
451,1732
448,1649
448,1431
448,893
448,1198
445,2033
442,2251
434,2215
424,2207
413,1725
398,1347
389,1355
374,1352
367,1306
359,1293
356,1314
350,1260
349,1267
345,1263
340,1236
331,1241
325,1232
322,1250
317,1260
312,1438
305,1388
302,1377
302,1390
302,1386
302,1382
299,1367
296,1385
284,1320
280,1340
273,1325
265,1322
251,1307
631,1559
614,2035
587,1737
645,1615
636,1659
622,1727
599,1796
584,1756
576,1672
575,1750
573,1673
630,1676
630,1831
630,1755
626,1763
705,1935
694,1856
679,1893
668,1889
651,1825
633,1810
614,5734
604,3681
587,2243
579,1560
599,1379
621,1364
617,6084
609,3275
592,2076
578,3760
566,1888
562,1455
551,5192
544,2571
538,3077
533,1667
533,2046
532,6167
545,3240
540,2469
528,1373
516,1436
494,1504
475,1630
533,1458
516,1513
499,1464
491,1575
515,1715
508,1706
491,1643
465,1578
454,1475
451,1589
451,1627
451,1556
448,1591
448,1583
448,1590
448,1764
443,1747
440,1708
434,1743
424,1722
412,1571
397,1556
389,1512
374,1467
366,1496
359,1422
355,1393
350,1488
347,1395
344,1359
338,1385
330,1393
325,3355
319,3376
316,1676
312,1138
304,1147
302,1083
302,1123
302,1135
301,1280
299,1239
295,3139
283,3211
276,1480
264,3170
256,3137
626,1628
605,2780
670,1561
650,1586
640,1565
621,1645
591,1552
579,1469
575,1755
575,1681
632,1663
630,1651
630,6856
630,3762
628,2359
704,3707
698,2146
686,1726
677,6597
660,3000
638,2084
621,1465
605,1635
591,6121
582,2957
632,2009
623,3074
618,1864
612,6078
592,2710
579,1701
567,5797
562,2579
551,1657
544,1176
538,1190
533,4468
533,3517
531,1966
544,1282
539,1268
527,4430
512,2963
487,1558
540,3978
523,2140
505,2128
490,3674
522,1866
512,1178
501,1157
476,3416
461,3223
452,2409
451,1244
451,1059
451,1056
448,1002
448,1121
448,1081
447,2884
441,2887
437,1574
431,1054
417,996
403,808
392,764
378,874
371,878
362,886
357,1018
351,2086
349,2101
345,1481
342,887
333,859
326,2006
322,2012
317,1386
312,1042
305,1021
303,1907
302,1841
302,1342
302,1017
299,1030
296,1898
287,1888
278,1340
265,1883
257,1886
251,1443
609,1415
592,1594
658,1555
643,3263
625,2069
596,6147
579,2752
575,4406
575,2269
575,1739
630,1742
630,1701
630,1737
630,5734
705,3826
701,2239
693,3257
675,1847
667,1472
644,1454
630,1434
614,1405
601,5176
583,3497
576,2142
624,1419
621,1486
618,4871
604,2894
587,3426
574,1793
564,1237
556,1231
550,4493
541,3640
535,1882
533,2476
533,1685
531,4306
542,2444
534,2739
523,2689
502,2655
470,3544
528,2115
516,4307
493,2139
493,3505
519,3150
508,1773
490,1374
469,1358
453,1275
451,4352
451,3141
451,1674
448,1347
448,1323
448,1325
448,1326
444,4127
441,3787
437,3013
429,1527
415,4148
401,2132
391,1455
378,1407
369,3439
361,3360
356,1600
350,1340
349,1338
345,1360
342,1360
331,1310
326,1320
322,1324
317,3508
312,3420
305,1752
303,1205
302,3295
302,3476
302,1423
299,2446
296,2426
291,1869
275,1442
263,1447
256,3065
245,3041
599,1808
599,1942
659,1635
640,1626
611,1627
595,6642
577,3340
575,2132
575,1562
575,1581
630,1598
630,6048
630,3818
630,2343
706,5543
701,2654
694,1664
689,1726
667,1557
649,1491
633,5576
614,3459
602,2121
585,1463
610,1337
625,1293
621,1296
618,1267
605,4856
591,3207
574,1987
564,1325
558,1172
550,4476
542,3137
535,1653
533,1231
533,1244
531,1267
543,1225
537,1255
522,1374
500,1292
470,1267
529,1395
510,1354
493,1336
493,1359
519,1319
501,1313
477,1260
465,1169
452,1138
451,1239
451,1230
451,1233
448,1189
448,1186
448,1399
448,1188
444,1160
441,1166
437,1156
429,1162
415,1181
401,1261
391,1249
378,1229
369,1232
361,1220
356,1213
350,1180
349,1178
345,1178
342,1375
331,1342
326,1339
322,1341
317,1536
312,1304
305,1292
303,1251
302,1267
302,2218
302,1334
299,1874
296,1865
283,1787
272,1788
262,1776
250,1724
240,1714
596,1460
599,1701
656,1602
631,1736
603,4870
586,2904
575,1829
575,1624
575,1628
631,1622
630,1630
630,1608
630,1624
625,1738
705,1737
701,1743
693,1732
685,1719
667,1708
643,1679
630,1645
613,1731
601,1630
582,1608
609,1576
624,1552
621,1537
618,1520
600,1509
587,1817
572,1826
564,1830
556,1782
550,1712
541,1729
534,1683
533,1671
533,1688
546,1828
542,1841
532,1917
507,1757
484,1786
462,1766
514,1738
495,1730
491,1711
529,1702
507,1704
485,1805
471,1803
455,1762
451,1754
451,1728
451,1732
452,1722
449,1728
449,1674
447,1673
447,1668
444,1679
442,1652
436,1874
429,1867
416,1870
400,1838
392,1830
378,1780
370,1802
361,1746
358,1766
352,1737
351,1688
347,1737
342,1672
331,1712
325,1659
319,1648
316,1643
312,1620
305,1859
302,1830
302,1876
302,1836
302,1826
299,1873
292,1847
273,1789
267,1836
253,1783
241,1703
233,1727
593,1562
663,2216
633,1763
606,1658
588,1726
580,1701
575,1591
575,2125
575,2089
632,2080
630,2038
630,2075
626,2067
623,2079
703,2086
695,2013
682,2091
670,1992
651,1892
633,7635
614,3714
602,2118
585,1700
577,1733
624,7106
621,2837
618,2029
601,1412
587,1693
572,1631
562,1468
553,1337
550,1414
540,1670
533,1610
533,1583
533,1582
530,1604
540,1587
527,1552
504,1504
476,1446
459,1622
517,1570
498,1511
488,1506
475,1480
508,1453
493,1458
470,1406
455,1346
451,1300
451,1295
451,1283
448,1437
449,3365
449,4085
449,1549
444,1114
441,1114
435,1092
424,1102
412,1093
396,1187
382,1285
373,1293
366,1276
359,1276
353,3147
351,3474
347,1675
344,1152
331,1132
325,1112
322,1100
317,1100
312,1101
305,1037
302,1137
302,1325
302,1321
301,1328
299,1323
295,1259
283,1198
276,1203
269,1184
259,1164
249,2342
238,2321
231,2378
224,1553
565,1546
631,1977
609,1737
586,1639
579,1835
575,1649
575,6489
573,3143
573,2005
630,1742
627,1728
624,1737
612,1683
682,1677
660,1656
641,1704
635,1679
614,5757
604,3890
585,2289
577,1533
566,1392
562,5241
590,3283
604,3796
586,1904
574,3681
564,2234
556,1619
549,4833
540,3004
533,3361
533,1668
533,1356
531,4558
526,3183
517,3459
501,1754
552,1355
538,4336
518,2952
496,1651
484,3003
542,1832
515,3899
500,2039
496,1189
520,1208
505,3657
489,2806
482,1494
479,3494
476,1718
476,3170
476,1698
477,1195
473,3156
470,2221
462,1179
477,1035
466,1044
446,1033
428,3039
419,3051
409,1606
401,1121
392,1111
389,1112
385,1102
383,2894
370,2787
362,1799
356,1213
351,1191
344,1184
336,1174
330,1156
328,1146
328,1143
328,1139
326,1149
324,1324
318,1318
308,2567
299,2549
293,2537
286,1328
273,1094
267,1229
258,1234
244,1183
239,1157
566,1523
625,1702
612,1728
593,1698
586,1635
580,1516
580,1516
580,1512
580,1564
633,1522
629,1592
622,1730
605,1735
664,1675
644,1661
628,1656
621,1589
607,1577
589,1531
581,1639
570,1622
567,1638
563,1614
580,1595
591,1581
576,1570
568,1543
559,1534
552,1514
542,1491
535,1472
535,1589
535,1590
533,1594
528,1579
519,1541
504,1515
555,1512
540,1437
530,1438
511,1429
496,1438
487,1414
533,1421
512,1399
494,1374
487,1508
521,1431
507,1431
490,1409
483,1357
477,1281
477,1275
477,1261
477,1278
474,1254
472,1232
465,1251
451,1236
467,1241
448,1228
435,1205
421,1221
412,1203
404,1213
397,1204
391,1206
387,1347
384,1362
371,1355
363,1356
357,1322
352,1331
344,1346
336,1318
330,1301
328,1455
328,1465
328,1464
326,1474
324,1458
318,1466
308,1420
301,1389
293,1372
289,1386
280,1311
271,1310
265,1326
250,1280
242,1293
235,1433
628,1619
624,1896
611,1908
593,1715
584,1734
580,6574
580,3870
580,2374
634,1716
629,1692
622,1696
611,1704
587,1677
648,1793
630,1758
612,1714
608,1705
591,1690
582,1677
571,1791
567,1767
563,1753
555,1747
565,1728
578,1713
568,1674
561,1651
552,1649
542,1653
536,1644
534,1598
535,1599
533,1582
529,1548
521,1694
506,1673
497,1679
541,1649
530,1659
518,1648
508,1897
490,1933
470,1856
518,1912
496,1846
484,1759
521,1743
516,1747
499,1726
488,1763
478,1740
477,1645
477,1673
477,1708
475,1588
473,1573
466,1581
455,1585
441,2254
451,1235
440,1268
423,1128
413,1284
404,1631
398,2109
391,2077
388,2055
385,1975
374,1986
363,1933
357,1857
352,1836
346,1850
336,1798
332,1749
328,1800
328,1779
328,1755
327,1741
324,1667
319,1677
308,1700
301,1653
293,1651
289,1681
281,1533
272,1478
266,1525
255,1516
243,1504
235,1521
229,1453
627,1699
614,2057
596,1890
584,1976
580,1913
580,1869
580,1794
577,1825
629,1733
622,1753
609,8240
586,4441
644,2924
628,1846
612,7195
598,2890
589,1896
581,1533
570,1717
567,6941
563,4038
551,2705
539,3785
576,2165
568,6725
556,2959
552,1777
541,6036
535,2620
534,1656
534,1394
533,5746
528,3117
519,1890
503,1588
495,5422
482,3303
530,2017
520,3657
515,1791
503,4689
474,2214
529,1468
512,4602
485,2316
484,3347
557,1713
549,1388
538,4474
520,2264
515,2442
512,1296
511,1144
507,1018
538,1016
529,989
514,1054
502,3372
509,3307
496,1623
480,1048
473,1031
464,1020
457,1006
451,983
447,1028
445,1200
431,1180
423,1160
417,1158
412,1152
404,2881
396,2957
392,1493
388,2142
388,1630
387,2105
385,1608
380,1256
372,2708
360,2815
354,1457
345,2092
342,2204
335,1781
331,1398
327,1402
313,3125
303,2128
291,3183
275,1581
271,1160
650,1712
642,2170
629,1818
610,1968
604,4707
600,2524
599,1958
593,1901
645,2276
632,2316
613,2730
600,2697
651,8857
634,3846
618,2603
614,1993
604,2348
594,8481
585,3173
582,2223
577,6160
562,3460
572,5818
587,3142
582,2120
571,7881
564,3203
555,2251
550,1616
550,7815
550,3074
547,1958
542,1593
528,1938
514,7863
502,3552
495,2686
543,5407
533,4975
529,2615
522,1831
500,7211
550,3327
535,2063
509,1409
497,1853
569,1623
565,1606
557,1665
538,1656
530,6313
523,3421
521,2476
518,2976
549,2056
540,1525
524,1497
510,1826
518,1879
509,4710
491,3166
482,1621
471,1253
466,1259
458,1195
457,1208
453,1147
446,4166
435,3379
426,1822
422,1084
416,1083
409,3376
400,3759
396,1597
395,2912
395,1429
393,3682
390,2405
384,1324
375,3488
362,2212
353,2495
349,1454
345,3082
338,1556
336,1025
331,2757
313,2747
305,1170
294,990
277,2832
655,1664
653,2188
644,1792
632,1982
613,6099
605,2902
604,1743
601,2019
653,2107
647,2136
635,8184
616,4040
678,2712
652,1837
630,1848
627,7432
614,3317
605,2348
595,3489
587,2167
582,7481
579,2740
587,3906
601,2021
589,1684
584,1808
573,6679
564,3420
557,2262
552,3330
553,1986
553,6551
549,3015
544,4296
530,2120
516,6318
563,2995
555,3497
544,1932
533,1467
526,5901
514,2836
559,3445
545,3147
521,3806
577,1890
570,4809
569,2664
557,3357
538,1744
531,1353
523,4474
523,2690
558,3063
554,1548
551,4162
543,1919
529,1242
541,950
522,3930
512,2767
497,1570
487,1086
474,1059
467,3679
458,3120
456,2664
452,1327
450,1022
437,1013
428,3592
423,2988
418,1300
410,948
403,2896
397,2778
395,1194
395,2706
393,1931
391,1203
387,2747
377,1912
364,1203
357,2686
349,2698
346,1858
337,1207
326,2601
319,2617
305,1382
290,2490
283,2535
659,1716
654,2176
638,2085
617,1868
610,5029
604,2674
604,1932
661,1906
659,7323
654,3850
649,2679
639,1865
694,1894
676,7048
656,3673
648,2457
631,1661
615,4866
605,2956
596,4371
587,2263
584,1761
639,5840
620,3327
606,2078
593,1417
584,1527
574,5329
570,3678
559,2230
554,3846
553,3732
553,3309
551,1909
544,1653
536,1565
582,4328
571,2974
556,1890
540,1220
525,1100
579,1108
568,1107
540,1188
517,1270
588,1357
581,1511
561,4393
539,3077
533,1700
527,2153
524,1392
524,1414
560,1414
560,1406
557,3676
552,3180
572,1430
562,1050
543,1044
528,3616
516,3392
498,1528
489,1011
478,3485
470,2456
464,1202
458,1048
454,3246
452,2828
441,1193
430,3222
424,1866
419,2446
413,1465
409,1242
401,1210
397,1188
397,1199
397,3069
394,3067
390,1475
382,2346
368,2914
364,1575
351,2204
339,2893
325,1532
314,1228
303,2748
296,2788
289,2746
670,1744
647,2190
617,1858
611,1951
607,6497
607,3459
605,2163
662,2214
662,2156
661,8410
655,3971
732,3080
721,1862
703,2291
691,8045
668,5773
653,3378
637,1714
620,1748
606,1879
599,1679
620,1588
644,1553
640,1557
623,1966
610,1584
594,1615
585,1488
575,1496
571,1398
561,1391
554,1375
554,1497
554,4968
550,4833
545,2214
597,1427
579,1174
562,4536
544,3070
519,1624
574,1202
557,4207
538,2596
528,2769
594,1508
574,3984
544,1940
534,1142
528,999
528,3499
528,2442
525,1280
561,2570
561,1703
559,1218
553,1118
575,3984
566,2288
548,1402
537,2462
518,1045
504,2382
491,1807
479,2224
471,2212
461,1485
458,2764
455,1520
452,1011
439,807
431,4120
425,903
420,4027
412,3696
406,2166
400,1372
398,3871
398,2677
396,1625
393,1328
388,1312
378,1321
366,3823
353,2572
342,1968
331,1204
316,1167
305,1174
299,3732
290,3731
286,1904
653,1688
620,2509
612,1821
608,1954
608,5542
606,3090
606,5229
663,2789
663,1923
656,7113
650,3731
723,2449
705,5057
683,2651
670,4933
656,2473
638,6337
624,2749
607,3486
600,4244
589,2239
619,1737
642,5912
624,3131
611,1846
595,1472
586,5713
576,3194
572,2063
562,3009
555,2043
555,5251
555,2791
551,1684
546,1371
536,5072
580,3273
570,3684
548,1914
526,1927
508,5311
567,3171
546,1785
522,1227
522,1216
585,4666
563,4549
541,2427
532,1378
529,1096
529,1061
526,4079
526,2990
562,1736
560,1144
556,3930
547,2741
567,1453
549,2805
537,1675
518,3536
502,1798
491,1235
480,3296
472,2216
462,2333
459,1411
455,3011
453,2008
440,2104
431,2783
426,2050
421,1261
411,2656
404,1791
400,2430
399,1804
399,1099
397,915
394,2380
389,2417
379,1283
366,2361
356,1645
353,1029
343,2307
328,2320
321,1232
307,1002
293,1006
288,1004
281,980
653,1777
637,2150
618,1718
610,1793
607,3698
607,2165
663,1842
663,1841
657,7017
655,4200
644,2648
703,1835
683,2237
660,1694
655,6761
639,3943
622,2415
608,1693
601,1531
590,1552
588,6171
615,3990
625,2483
612,3625
597,2012
587,1595
577,5895
573,3225
562,2166
557,1448
556,1456
556,1437
554,1450
547,1555
537,1573
582,1616
572,1616
558,1622
547,1594
529,1572
515,1558
576,5150
555,3460
532,2139
592,1338
578,1195
573,4398
563,3067
542,1635
538,1222
527,4200
527,2674
563,1454
561,2944
558,1809
554,1279
545,1294
557,1306
541,1272
522,1232
515,1212
499,1134
490,1156
475,1135
470,1096
461,1040
460,1024
456,1021
452,1017
438,1005
431,1029
425,997
419,1402
412,1369
405,1423
401,1383
400,1270
400,1134
398,1062
396,1478
391,1289
380,667
370,2438
362,2408
355,1675
351,1062
342,1036
329,1050
322,1035
306,998
293,1008
289,985
662,1677
654,1882
638,1833
620,1714
612,1780
608,6779
665,3514
665,2176
663,1763
657,1751
736,6681
722,3922
695,2486
678,1718
666,1645
647,1633
631,1615
618,1624
609,1602
599,1688
591,1780
645,1774
637,1781
619,1760
604,1710
592,1718
588,1718
575,1691
568,1866
560,1765
557,1707
557,1699
555,1720
551,1705
545,1684
594,1702
580,1663
562,1614
551,1646
542,1599
600,1588
580,1580
562,1564
542,1535
601,1475
585,1427
574,1386
570,1408
557,1382
540,1336
530,1290
527,1220
563,1365
562,1342
558,1367
555,1370
573,1337
557,1325
540,1281
522,1190
512,1163
497,1154
484,1093
475,1057
469,1156
461,1171
458,1140
455,1166
444,1135
433,1102
427,1053
422,1079
414,1045
407,948
403,962
400,944
400,1033
398,1073
396,1049
392,1094
380,1016
370,881
360,862
355,857
351,837
344,852
339,1511
330,1509
316,687
306,690
292,677
282,707
660,1524
658,1941
639,1961
619,1778
612,1651
608,1800
665,1748
659,1665
656,1968
648,1914
712,1747
689,1733
664,1708
658,1700
641,1667
627,1646
610,6219
602,4656
592,2685
589,1732
617,1624
629,1586
613,1467
598,1464
590,1433
581,5734
574,4656
564,2524
557,1575
557,1426
557,5441
555,3208
549,3819
540,2005
522,1549
574,5238
559,3258
547,1812
536,1387
535,1374
599,4714
579,3179
554,1833
545,1278
598,1289
577,1216
574,1219
571,1202
556,1180
537,1302
535,1399
527,1375
561,1509
558,3880
554,3817
545,1708
557,1243
542,1210
523,1175
513,1198
497,1169
486,3402
475,3453
470,1773
461,1086
458,1095
455,1080
448,1092
438,1186
429,1185
422,1313
417,1328
412,1289
404,1220
400,1174
400,1180
400,1346
398,1313
394,1286
386,1243
374,1221
368,1225
358,1191
354,2557
346,2513
344,1350
342,1108
333,2537
318,2415
309,1304
293,1842
283,1815
660,1638
658,2110
647,1879
631,1740
617,1764
609,1787
665,1713
659,6885
656,3885
648,2539
714,1790
689,2185
670,1866
661,1650
641,1654
628,1609
612,1713
606,1686
593,1815
589,1791
617,1757
634,1759
618,2040
602,2027
592,7035
587,3803
575,2549
568,1569
560,1410
557,6621
557,3331
555,4332
551,3758
546,1491
595,1947
580,6395
566,2908
553,1877
545,1435
536,5763
607,2798
591,1823
568,1252
559,1216
619,1244
592,5222
575,3160
574,2005
570,1325
555,1149
537,1166
565,1152
563,1096
561,4647
558,4101
555,2319
574,3438
559,1747
545,1226
525,1208
517,1224
501,1165
490,1144
478,1135
471,1250
462,1206
460,1277
456,1304
454,3625
441,4459
433,2783
427,1372
422,3500
414,3089
408,1288
404,993
400,3406
400,3990
399,1678
397,1107
393,1114
383,1105
372,1082
366,1057
357,3256
354,3240
346,1707
341,1176
330,1173
321,1181
306,3184
294,3195
673,1851
660,2403
655,1994
642,2113
622,2779
669,2165
665,2512
665,2176
665,2093
661,2262
740,2312
733,7690
721,4059
705,2858
688,1937
666,1978
647,7411
631,3833
619,2630
609,1778
659,1783
650,6712
647,3608
644,2405
625,3665
610,2389
597,2010
588,7355
579,3519
575,2298
565,1565
559,1721
557,7030
557,3741
619,2371
614,1690
606,1666
594,1686
580,1709
564,1741
626,6828
607,3638
583,2580
659,3462
636,2071
607,6452
597,2871
586,3602
567,2010
542,1359
534,6016
566,2648
566,1814
563,3627
563,2420
563,1537
589,1410
586,1362
580,1314
572,5134
555,4275
541,1937
523,2315
515,1570
497,4109
486,2456
475,1181
470,1014
461,3443
460,3296
456,1495
449,1080
438,3270
429,2873
426,1144
420,932
413,2684
405,2055
401,1173
400,2676
400,1496
398,1004
394,2704
387,1892
375,1027
368,2329
355,1661
344,1673
333,1306
320,2327
308,1527
300,969
686,1626
678,2328
652,1790
622,1776
615,1774
668,1734
668,1783
665,1673
665,6906
749,3973
748,2604
742,3878
735,2527
734,5805
711,3057
694,1696
671,1793
656,6179
637,3203
623,2156
670,1487
661,5926
651,3079
648,1936
644,4266
626,2216
613,2729
597,1489
589,1524
579,1429
575,5251
564,4510
557,2227
557,1460
621,1354
617,1349
612,5176
601,3423
581,1971
647,4869
624,2281
595,1479
583,5111
646,2681
622,1748
604,1307
596,1291
578,1236
546,1179
538,1284
530,1274
566,1447
566,1450
563,1390
563,1361
591,4091
589,3412
583,1615
578,2087
569,1410
553,3568
539,2163
521,2238
508,1326
493,3357
483,2072
475,1256
467,1253
461,3301
457,2273
454,1408
441,2410
433,1813
427,1450
423,1427
415,1400
408,3027
404,2470
400,1303
400,1112
398,1115
396,1104
392,2878
380,2897
370,1606
359,2178
342,2174
332,1609
320,2788
305,2006
302,1504
293,1493
677,1838
652,1892
621,2010
612,1924
611,4764
668,2558
665,2000
665,1869
665,1834
749,7384
745,4561
735,2710
737,2110
724,1802
698,1983
680,7111
663,3762
641,2521
630,3746
646,2231
666,6516
652,2910
649,1964
645,4565
635,2727
619,1739
602,1580
593,1556
588,1532
576,5737
569,3925
560,2322
557,1582
557,1467
619,1490
615,5734
608,3747
594,2279
571,1596
622,1415
598,1389
578,5371
562,3628
624,2126
611,1464
598,1341
578,1330
551,1289
536,5008
530,4276
530,2079
566,4384
566,2055
563,1312
563,1329
591,1337
586,5545
583,3681
577,2609
568,1350
551,5021
539,2278
520,1318
503,1123
493,1116
483,5116
475,2301
467,1471
461,994
457,1026
455,1082
441,4541
433,2392
428,1330
423,1345
417,3491
408,2529
404,2579
400,1399
400,1166
399,3461
397,3932
393,3181
380,1381
362,3404
346,2376
331,1237
320,1228
308,1240
304,3335
300,3274
288,1755
645,1852
630,2439
616,2067
611,1963
611,1986
668,6093
668,3395
665,4776
665,2628
745,2039
743,7634
738,3726
743,2624
731,4635
708,2547
691,7543
670,3294
653,2139
637,8134
658,3651
670,2333
661,2375
651,7865
648,3639
644,2479
625,5609
610,5352
598,2821
589,1892
579,7217
575,3271
564,2107
557,1541
621,6919
621,3318
619,2207
603,3406
580,4225
554,4798
612,2319
582,1653
558,1589
628,5938
621,2813
605,1778
574,1354
556,1326
543,5147
534,3096
530,1834
566,1241
566,4636
566,2977
563,1514
561,1187
589,1194
587,1189
584,4094
581,3367
572,1783
556,2314
542,1345
523,3765
515,2868
497,1245
486,3261
475,2725
470,2148
461,2334
460,1407
455,3076
449,1679
438,1146
430,1113
423,2961
418,2974
413,2050
405,2124
400,1248
400,2705
400,1441
395,2684
382,1411
368,936
347,1458
332,613
319,2421
313,2420
305,1302
295,1066
285,1044
277,1073
636,1582
626,1902
616,1732
611,1748
668,1791
668,1819
668,5335
661,2656
661,6982
745,3073
743,4922
738,2688
742,5308
730,2701
706,4537
689,2436
667,1855
649,6654
631,3458
679,2351
669,4267
659,2522
651,7090
646,2716
639,3607
619,4361
604,2327
593,1507
589,1372
576,1384
569,1357
560,5467
557,4664
621,2383
615,3108
603,1837
582,1507
562,1448
611,1431
577,5876
560,5690
552,2218
616,1621
590,1817
570,1187
554,5219
545,2343
536,1563
530,3028
530,3112
566,3060
566,1701
563,1149
561,3828
589,2717
588,1479
584,1117
580,3834
572,2460
555,1516
541,1392
522,1502
512,1367
496,1487
484,1366
475,1325
469,1809
461,1071
458,1078
455,2780
444,2765
433,1214
427,887
423,2497
415,2476
408,1249
402,880
400,855
400,857
398,855
393,858
378,858
361,2091
343,1861
323,1311
317,1026
310,1037
303,1010
290,1827
283,1840
272,1811
268,1245
619,1440
611,1619
611,1615
611,1485
668,1758
665,3636
661,2114
661,6659
743,3106
738,2054
732,4947
730,3025
706,1929
688,1588
666,1573
646,1535
630,1515
616,1511
639,6026
653,3958
648,2333
645,1645
635,1736
618,1791
600,5524
590,3735
582,2371
575,1507
565,5351
558,2899
557,1890
557,1332
549,1386
599,5215
570,3501
547,2180
520,1389
497,1390
555,1379
545,1429
527,1227
506,1354
557,4556
548,4332
539,2137
531,1323
530,1090
530,4140
530,3143
527,1577
561,3655
561,2395
561,1607
557,1404
581,5518
574,2041
559,1491
544,1051
527,5234
517,2143
501,1450
491,5149
478,2540
471,1634
462,5042
460,2764
456,1772
452,4914
441,2563
432,1508
427,1483
419,1477
413,1425
406,1347
401,1481
400,1445
400,1626
398,1642
393,1638
379,1654
362,1651
344,1605
327,1568
317,1537
310,1434
305,1691
295,1697
284,1647
275,1683
270,1578
266,1527
261,1574
611,1557
611,1768
611,1734
611,2054
661,1632
661,1784
661,1683
659,1699
737,2128
732,2082
718,2074
705,2102
688,2026
666,2033
649,2016
631,1935
619,1858
609,1888
631,1947
650,2044
645,2193
641,1608
622,1819
605,1961
593,2458
588,2542
578,2474
569,2470
562,2667
557,2566
557,2587
552,2590
541,2575
585,2553
565,2515
535,2456
511,2399
497,2364
554,2341
533,2353
512,2386
502,2329
558,2314
548,2279
541,2245
534,2234
530,2207
530,2221
530,2223
528,2193
561,2184
561,2213
561,2183
559,2173
583,2182
577,2178
568,2149
551,2142
539,2096
520,2044
507,2008
493,1981
483,1934
475,1923
467,1838
461,1801
457,1814
455,1792
442,1780
433,1752
427,1769
422,1784
417,1751
408,1721
404,1723
400,1691
398,1697
391,1594
382,1668
372,1654
348,1577
333,1560
323,1751
315,1751
303,1689
290,1673
283,1599
281,1658
275,1910
272,4150
267,4087
262,2747
611,1608
611,1976
607,1908
664,1834
661,1748
661,1767
661,1868
659,1779
737,1821
732,1810
718,2024
706,2037
689,1981
667,2186
650,2036
635,6913
619,5126
609,2776
632,1923
650,2090
647,1819
643,1779
624,1951
606,2104
596,1635
588,1683
578,6239
574,4245
562,2644
550,1684
538,1547
530,1530
578,1460
555,5742
537,5068
519,2436
509,1638
484,1430
523,5352
507,3234
501,1848
575,1433
560,1390
552,1375
542,1337
534,1376
530,1492
528,1445
528,1463
564,3993
561,3618
561,1583
561,1155
560,1039
584,3560
581,2828
572,1552
557,1016
542,1026
524,1171
515,1157
499,1094
490,1076
475,1144
470,1278
461,1171
460,1189
456,1155
452,1163
438,1134
431,1077
425,1054
420,1032
413,1143
400,1134
386,2875
380,2919
364,1558
354,1091
347,1064
338,2570
323,2387
308,1189
296,929
287,936
287,2123
286,2103
281,1498
279,925
271,2132
267,2167
261,1458
609,1417
607,1798
607,1520
664,1535
664,1787
661,4196
661,2227
745,7456
741,2815
736,5097
730,2614
727,1898
705,1931
683,1891
664,7185
642,3225
630,2232
615,1568
666,1720
653,6849
649,2983
645,2112
636,4230
619,2319
604,5022
591,2878
578,1745
551,6002
538,2704
519,1823
498,4030
494,2549
543,5734
535,2372
515,1750
492,1512
473,1447
521,1427
506,4940
506,3295
503,1871
576,1263
561,1183
550,4664
538,2786
533,1485
528,1161
528,1214
528,1231
564,1228
564,1225
561,1318
561,4234
589,3741
586,1707
583,3126
576,1622
566,1237
546,1241
530,1225
519,1214
501,1213
492,4117
478,3630
473,1692
462,1080
460,1080
456,1106
454,1041
441,3632
432,3348
424,1863
409,1100
396,987
379,3362
361,3417
356,1446
348,1112
343,1063
331,1070
316,3292
303,3259
296,1649
289,1163
287,3195
285,2943
283,1590
281,2962
273,2051
263,1236
260,2701
257,2617
607,1537
607,2061
607,1864
664,1628
661,3909
661,2637
661,2138
743,2123
738,2160
734,2125
732,2132
708,7853
691,3625
670,2822
653,1708
635,1892
619,6624
643,3276
659,2206
650,1537
648,7033
641,3347
620,3202
605,2533
584,1889
567,6681
546,3174
529,4183
504,2419
494,1453
484,1535
480,1598
522,1860
501,5803
482,4720
468,2474
454,1568
506,1304
506,1341
502,1314
503,1364
557,1566
542,5191
535,3622
528,1896
528,3239
528,2032
528,1353
528,1338
561,1316
561,1317
561,1249
560,1337
584,1235
581,1221
572,1196
557,1200
542,1180
523,1161
515,1287
499,1272
486,3964
475,4666
470,2436
461,1192
458,3665
455,2842
448,1371
438,1135
428,1105
417,3416
404,3699
394,1435
374,1009
358,2998
355,2880
348,1308
340,2965
323,2059
312,1249
297,2801
296,2772
288,1433
287,2752
285,1803
281,2558
280,1743
272,2445
263,1852
260,1071
257,1013
257,2291
607,1503
607,1880
607,1737
661,1650
661,1629
661,5458
659,2537
737,1956
732,1635
718,7590
705,3577
688,2407
666,1650
646,5505
631,3091
618,1807
606,1857
629,1777
648,6907
645,3478
637,2215
619,3280
604,4642
590,4233
577,2257
551,1522
537,6329
518,3152
496,4025
494,3364
482,2006
535,6164
515,3280
492,1790
475,5792
456,3194
446,3034
506,5361
503,2456
498,1424
492,1392
548,5103
540,2728
533,1470
528,1115
528,1080
528,1101
528,1084
560,1124
561,1098
561,1101
561,1206
557,1199
581,1187
574,1141
558,1125
544,3199
525,3650
517,1380
499,980
490,3099
475,2063
470,1101
461,2163
460,2186
456,1320
449,930
438,937
429,954
422,921
415,2820
405,2848
390,1199
380,2504
367,1741
358,1858
350,1390
340,1131
329,2315
311,2041
302,1957
289,1058
287,1981
286,1349
282,1938
280,1938
274,1504
271,893
266,891
258,902
257,1908
257,1917
607,1477
607,1864
661,1606
661,1668
661,4789
659,2543
653,1781
732,6562
718,3311
695,2211
688,4714
666,2449
646,4785
631,2841
618,1821
609,6093
599,2931
650,3944
645,2013
638,4394
619,2645
604,4316
592,4276
588,2191
575,1655
560,1603
539,1570
529,1534
518,1534
500,1506
488,5114
539,4007
526,2160
502,1386
479,1387
455,1342
446,1309
504,1420
500,1400
489,1389
555,1557
547,1510
538,1514
531,1471
528,1425
528,4194
528,3388
528,1785
561,1125
561,4069
561,2458
558,1452
555,3999
575,2109
565,1255
545,1148
530,1088
519,3707
501,3078
492,1491
478,1071
473,3279
462,2100
460,2518
456,1529
454,1234
441,1215
432,1233
427,2993
419,3121
412,1310
406,969
398,920
387,928
383,924
371,2866
356,2768
346,2105
334,2719
325,1311
309,876
296,2307
288,2271
284,2287
282,1244
280,991
272,982
269,1007
265,967
261,944
257,1069
257,1586
607,1464
604,1666
661,1641
661,3787
661,2186
655,5096
735,2653
727,1996
710,1707
685,1741
678,1581
661,6331
641,4157
628,2527
611,3938
603,2108
592,5977
648,2846
644,3426
632,4256
614,2264
600,1505
590,5558
583,4087
574,3002
565,3393
557,1844
546,1493
531,1485
523,5275
505,3237
541,2434
526,1423
515,1245
498,1776
472,1238
516,1239
505,1643
499,1295
492,1306
553,1869
545,1183
536,5127
530,3568
530,1924
528,1252
528,1597
525,4331
561,4301
561,2314
560,2818
556,2526
581,1599
572,1171
555,1136
542,1029
523,856
515,928
497,1001
486,1005
475,2787
470,2603
461,1374
458,946
455,921
448,923
438,2435
428,2403
422,1839
417,945
412,926
405,851
400,854
397,836
390,852
381,919
368,1109
347,1077
332,1766
324,1741
316,1793
305,952
291,758
284,759
281,762
275,921
272,908
267,1765
262,1877
261,1876
261,945
257,644
607,1391
604,1503
661,1761
661,1515
659,4850
653,2880
732,1884
718,1666
695,5581
688,1660
666,1870
647,6055
631,4159
618,2874
609,1655
599,1680
623,1528
645,1592
638,1522
619,1496
604,6457
592,3714
588,2689
575,3741
569,3850
562,1826
557,6008
555,2661
545,1598
528,1275
515,5812
556,3074
523,3477
510,1794
495,1482
484,1393
530,1349
509,1332
496,1299
488,4686
551,4210
541,1909
534,3155
530,1862
530,1323
530,4112
528,3322
525,3125
561,1419
561,1048
559,1045
556,1049
577,3457
570,3031
553,1492
540,2567
522,2458
512,1261
497,932
486,940
475,3162
470,3701
461,2327
458,1181
455,862
448,2897
438,2913
428,1293
422,2285
417,1604
413,1292
405,2707
400,1876
400,2710
400,1486
393,1020
380,1024
368,1020
345,1022
330,2693
320,2670
313,1831
306,1412
295,1384
286,1387
278,1385
272,1327
268,2493
263,2379
261,2367
261,1695
261,2357
611,1563
660,1877
661,1753
661,1716
661,1976
654,1755
735,7057
727,3163
708,2231
695,5278
673,2652
658,5170
641,2737
627,1976
610,1667
602,1643
624,6035
648,3582
644,2159
630,4297
614,2227
598,1687
590,1668
582,1660
575,1746
565,5468
558,3571
557,2115
557,5355
548,2767
595,1699
577,5394
551,2859
528,1870
504,1335
490,1345
547,1340
532,1407
510,1371
565,1439
553,1480
545,1439
536,1413
530,1548
530,1520
530,2040
530,1930
563,1912
561,2081
561,2338
560,2302
556,2270
581,2259
572,2174
557,2199
542,1830
523,1759
515,1716
499,1683
490,1648
475,1605
470,1627
461,1579
460,1400
456,1866
449,2250
438,2195
429,2199
425,2164
417,2129
413,1587
405,1525
400,1691
400,1737
400,1713
398,1733
388,1687
372,1786
354,1622
340,1562
321,1495
316,1522
307,1443
303,1410
293,1412
282,1360
272,1321
267,1321
263,1279
261,1242
261,1244
261,1262
611,1519
665,1756
661,1661
661,1675
660,1672
654,1774
735,1760
724,1627
706,1622
694,1646
672,1633
656,1628
640,1731
626,1715
609,1683
602,1784
650,1753
648,1741
645,1732
627,1750
613,1743
598,1673
590,1678
581,1670
575,1615
565,1572
558,1545
557,1664
557,1665
554,1652
603,1660
582,1672
555,1575
535,1567
509,1527
558,1495
546,1474
541,1481
524,1439
574,1454
556,1444
543,1367
536,1291
530,1256
530,1287
530,1403
530,1421
563,1312
561,1311
561,1300
560,1294
584,1334
581,1300
572,1286
557,1313
542,1269
524,1278
515,1281
499,1223
490,1202
475,1313
470,1274
461,1238
460,1206
456,1200
449,1219
438,1172
429,1156
425,1145
419,1105
413,1043
405,1042
400,1009
400,1129
400,1142
398,1103
392,1089
379,1093
359,865
348,864
328,895
317,925
308,979
305,985
295,980
283,996
273,996
268,999
263,984
261,982
261,1081
261,1156
611,1465
665,1664
665,1649
661,1680
660,1855
738,5942
735,2976
725,1979
717,1812
695,6213
672,3463
658,2311
640,3424
626,2131
609,1815
635,1761
651,1749
648,1777
645,1923
627,1940
614,1910
598,1885
590,1903
581,1879
575,1832
565,1805
558,1753
557,1740
557,1722
555,1728
611,1707
591,1644
559,1657
542,1618
515,1626
560,1595
547,1591
544,1612
542,1601
587,1554
563,5240
544,3133
536,1949
530,1318
530,1285
530,1266
530,1270
563,1384
563,1370
561,1388
560,1497
584,5041
581,3077
571,1942
556,3348
542,1820
523,1126
515,1115
497,1165
486,1068
475,1154
470,1286
461,1510
458,1520
455,1535
448,4050
438,3121
428,1693
422,1230
418,1235
413,1265
405,1208
400,1176
400,1230
400,1306
397,1327
393,1335
382,3893
359,3111
349,1588
331,1180
320,1178
308,3548
304,3602
300,1864
288,2516
276,1896
268,3310
262,2081
261,1355
261,3119
261,2147
611,1702
665,2314
665,1829
661,1813
659,1830
738,2054
732,1941
720,1925
706,2000
689,6366
667,4236
649,2641
631,1754
619,2007
609,5871
631,3630
650,4400
645,2359
641,1650
620,6078
605,3012
593,1938
588,4495
576,2652
569,1715
562,1704
557,5030
557,3618
556,2010
617,1570
610,1584
585,1582
555,1533
536,5511
514,5052
563,2712
546,1851
541,1253
534,4902
586,3301
560,3536
542,3085
533,1503
530,4149
530,2502
530,2548
530,4063
563,2865
563,1475
561,3931
558,2408
581,2450
574,3879
565,1722
545,1119
530,1062
518,3748
501,2413
491,1293
478,947
471,968
462,906
460,917
456,963
452,3096
441,2932
431,1493
425,925
419,906
413,925
405,2687
401,2701
400,1384
400,962
398,2672
394,2636
387,1101
372,852
357,2428
341,2382
328,1271
315,1037
306,993
303,995
299,1040
285,2208
272,2278
264,1646
261,2144
261,1501
261,1154
261,1154
665,1491
665,2028
665,1697
660,4777
654,2255
735,1923
724,6003
704,3555
694,2259
671,5662
656,2533
640,3999
623,2099
609,6132
602,2791
623,1848
647,1756
643,1442
626,1461
613,5625
597,3497
588,2195
578,1539
575,5358
564,2788
557,1678
557,1325
557,5153
553,3194
612,3739
601,1936
572,1346
551,1337
530,1322
510,1344
555,5046
543,4187
538,2192
603,3691
583,2045
555,1433
537,4688
530,3114
530,1748
530,1269
530,1274
563,4280
563,3032
563,1815
559,1206
555,4207
577,2304
568,2349
550,1516
539,1195
520,3953
507,2687
493,1439
483,2922
475,2171
467,1489
461,1489
457,1477
454,3848
441,2640
433,1424
427,1204
422,1245
414,1211
408,3711
402,3525
400,1535
400,2703
398,2028
396,1388
391,4246
380,3504
370,1472
355,1057
341,1216
332,3093
315,3558
305,1855
302,1186
293,3341
289,1672
276,2555
264,2562
261,2512
261,1676
261,2454
258,1538
665,1702
665,1703
665,1622
658,1608
735,1878
725,1765
707,5145
684,2799
672,1961
656,1802
640,6051
623,3485
609,2237
602,4765
591,4658
647,2398
643,4688
625,4598
610,2254
596,4394
588,2628
577,1702
573,1529
562,1822
557,6977
557,3728
556,2349
553,1549
547,4110
597,2457
580,1792
566,1756
551,1741
531,1715
583,1689
572,1668
552,1664
523,1621
594,1637
584,1632
571,1583
558,1559
540,1555
533,1515
527,1431
527,1435
563,4316
563,3420
558,1836
555,1183
575,1192
557,1180
541,1166
523,1125
513,1209
497,1197
486,1303
475,1304
469,1275
461,1403
458,1404
455,1387
444,1404
433,1409
427,1381
422,1374
414,1344
407,1346
401,1334
400,1323
400,1312
398,1296
395,1298
390,1308
380,1311
368,1306
358,1293
355,1467
349,1470
344,1459
341,1466
335,1474
323,1469
312,1470
301,1452
290,1440
283,1444
280,1428
278,1406
267,1588
262,1586
261,1515
663,1735
657,1933
653,1921
640,1896
699,1809
682,1782
658,1775
649,1832
631,1690
618,1795
609,1852
599,2702
591,1937
586,1912
613,2461
618,1814
605,1802
593,2376
588,1752
575,1711
568,1712
561,1529
557,1670
557,2137
556,2328
553,2338
547,2373
534,2349
518,2340
566,2225
553,2241
545,2252
536,2127
532,2142
601,2179
586,2153
569,2127
550,2146
615,1980
595,1984
578,1974
572,1938
566,1923
555,1843
542,1757
535,1700
562,1699
558,1632
555,1652
548,1628
561,1658
545,1638
529,1564
519,1517
501,1431
492,1433
480,1363
473,1375
463,1318
460,1293
457,1302
454,1235
444,1184
433,1212
427,1179
422,1148
416,1180
412,1142
405,1041
400,1035
400,1030
400,1026
398,1045
394,1058
387,1047
374,994
368,943
358,951
355,944
350,921
344,914
342,999
336,1091
318,1077
311,1047
297,1027
283,991
282,951
281,947
277,952
270,954
261,794
666,1377
665,1549
663,1459
658,1490
737,1590
725,1529
703,1537
696,1564
671,1513
656,1693
640,1840
626,1812
609,1741
602,1926
624,1903
648,1890
644,1860
632,1832
615,1817
600,1801
592,1769
584,1737
575,1694
566,5590
560,4434
557,2570
557,1690
555,1472
615,1501
611,1496
597,1424
580,1489
566,1452
554,1533
621,1655
609,1665
598,1746
668,1822
643,1744
628,1649
594,1593
580,1518
573,1384
570,1438
557,1458
574,1356
566,1324
563,1321
563,4137
563,2685
588,1677
585,1077
578,1087
571,1111
551,1098
539,1079
521,1071
511,1176
496,1240
486,1273
475,1228
470,1202
461,1157
460,1285
456,1270
452,1289
441,1291
432,1268
428,1250
423,1268
415,1256
408,1234
404,1246
400,1213
400,1185
400,1209
397,1183
393,1202
385,1218
374,1177
368,1176
358,1165
351,1675
338,1594
327,1602
316,1622
306,1097
294,1101
289,1267
285,1460
273,1467
264,1452
672,1660
668,1904
665,1815
665,1712
749,2418
749,1783
742,1826
749,1898
735,1771
717,1877
695,1856
672,1711
656,1737
640,1683
690,1766
670,1745
662,1795
651,1743
649,1677
644,1691
626,5726
613,4846
598,2528
589,3443
579,1982
575,5916
562,3124
557,1891
621,5748
621,2894
617,3901
612,2043
597,1485
664,1484
643,1485
622,1461
595,1470
665,1458
644,5401
619,4151
603,2330
593,1946
574,2224
546,2336
538,1982
566,1725
566,1377
566,5478
563,3426
591,2219
591,2908
588,2170
581,1440
575,1284
563,1821
544,5204
529,2548
517,1912
501,1176
490,5136
475,2435
470,1580
461,1103
460,1176
456,4786
449,2593
438,3399
428,3143
423,2264
418,1424
413,1395
404,1799
400,5594
400,2761
400,4228
397,1675
392,1356
383,3772
372,4607
360,2718
342,1306
334,1545
320,5463
305,3785
302,2091
293,3140
289,1612
272,3568
264,3521
261,2415
261,3429
261,1846
665,1782
665,2494
665,1927
749,1958
739,2198
735,2104
727,2078
717,8314
695,4532
672,2606
656,2583
640,4277
623,2957
643,2111
661,2040
650,7965
648,3559
644,3552
625,3082
610,2932
596,2547
588,2543
578,2441
571,2401
562,2428
557,2221
557,2312
556,2360
617,2295
611,2260
595,7094
571,3033
543,2030
598,1393
577,1363
554,1358
549,1312
609,1360
595,1304
570,1199
547,1272
532,1303
530,1286
530,1460
530,1342
563,1280
563,1268
563,1277
561,4133
585,3423
581,1723
574,1129
559,995
544,1009
524,980
515,965
499,1038
490,1120
475,1191
470,1339
461,1315
458,1284
455,1291
447,1291
436,1237
428,1186
422,1231
416,1203
413,1345
404,1329
400,1310
400,1296
399,1329
397,1314
392,1300
380,1308
360,1236
347,1215
330,1179
317,1157
308,1134
303,1119
299,1143
285,1056
274,1029
266,1025
261,1109
261,1081
261,1065
261,1068
258,1047
258,1035
665,1508
661,1962
657,1753
735,1752
727,1672
713,1737
697,1624
680,1852
661,1824
641,1798
630,1776
612,1494
606,5892
625,4000
648,2294
644,1481
635,1300
618,1291
602,1289
592,1294
584,1487
575,1432
566,1428
559,1620
557,1544
557,1623
555,1677
550,1647
605,1631
584,1551
554,1532
532,1516
512,1612
563,1626
545,1568
541,1486
532,1603
584,1500
560,1419
542,1402
531,1311
530,1278
530,1273
530,1268
527,1225
563,1227
563,1233
561,1217
558,1212
583,1206
574,1170
565,1129
546,1081
530,867
519,857
501,855
492,953
480,969
473,940
462,1055
460,1808
456,2137
454,1280
441,1293
432,1822
427,1109
422,1050
415,1727
408,963
402,939
400,873
400,624
398,592
396,672
392,580
380,590
365,661
348,1261
336,562
322,548
309,540
304,700
301,1068
291,1916
280,1930
270,1879
261,1887
261,1833
261,1858
261,1872
261,1409
258,1395
665,1467
665,1926
659,1912
737,1700
732,1651
718,1827
705,1686
688,1864
666,2069
649,1771
631,1654
619,1902
609,1964
632,2474
650,1986
647,1861
643,6223
624,3303
610,1851
596,2025
588,1473
578,1482
575,1693
564,1410
557,5540
557,3838
557,2076
619,1370
612,1728
601,5300
583,2609
564,1556
537,1260
591,1752
575,5081
554,3149
623,2091
608,3583
599,1901
578,2150
553,6927
534,2413
530,2066
530,1193
566,1463
563,1292
563,1157
563,1142
563,1623
588,2103
583,2081
575,2061
568,4284
551,2308
539,1347
520,1161
507,1155
493,1118
484,3855
475,3827
469,1690
461,1230
458,1228
455,3733
447,3773
436,1980
428,1222
423,1072
418,3885
413,4346
405,2538
400,1268
400,904
400,892
398,917
393,930
385,1255
372,781
368,778
354,759
341,734
329,994
317,1306
307,1963
297,2683
293,2603
286,2591
274,2525
264,2494
262,2466
261,2397
261,2304
665,1477
665,1704
665,1681
747,1678
741,1722
732,1725
728,1750
705,1676
688,5926
666,4000
643,2506
631,1716
616,1574
666,1606
653,1576
649,1736
646,5387
637,4092
619,2451
604,3853
592,2076
588,1692
576,5067
569,3586
560,4141
557,2143
557,1645
619,1649
615,5452
608,3214
594,1995
580,1516
637,5241
616,2785
591,1865
575,3761
641,1939
613,3768
600,2487
593,1633
572,4773
543,2431
533,1425
530,4131
566,2207
563,1299
563,1151
563,1138
591,3925
587,2684
581,1581
574,1075
563,1033
544,1028
529,965
518,932
501,947
491,1202
477,1194
471,2980
462,2976
460,1626
456,1102
452,1109
439,1098
431,1108
425,1092
420,1064
413,2832
405,2823
401,1484
400,1027
400,2761
398,2765
394,1402
387,1007
379,2628
368,2527
355,1372
345,964
333,2522
319,2515
308,1335
302,937
293,2433
289,2428
277,1669
264,2428
262,1709
261,1318
261,2421
258,2303
665,1587
665,2166
749,1658
743,1875
735,1687
737,5887
718,2934
695,1847
674,6818
658,2964
641,1986
627,5645
645,3168
663,5464
651,2760
649,5390
645,2726
631,1782
614,1676
600,1621
590,1581
583,1498
575,6294
565,4159
559,2280
557,2973
557,3820
619,2013
613,1524
604,5174
587,3277
574,1873
627,1383
597,4657
581,2930
571,1729
626,1331
608,4636
598,2477
586,1652
556,1233
539,1256
531,1246
530,1229
566,1338
563,1315
563,1410
563,1421
591,4134
586,3287
581,1696
575,1111
560,3872
544,2476
527,2645
517,1422
501,1229
490,3630
477,2572
471,1338
462,999
460,3419
456,2996
452,1484
441,1108
432,1090
428,1037
420,1064
413,3221
408,3164
402,1811
400,2333
400,1792
398,3068
396,1641
392,3053
382,1760
370,2189
358,2876
341,1564
333,1267
317,2689
305,2614
303,2575
296,2545
289,1352
272,1113
265,1058
261,1015
261,2258
261,2112
261,2154
665,1464
665,1630
749,1628
747,1631
738,1616
744,6031
733,2780
711,1754
692,7527
671,2939
656,5092
637,2413
660,2082
670,6925
662,2859
651,5288
649,2459
645,2056
627,1863
613,1857
599,1957
591,1831
579,1937
575,6463
565,3492
558,2402
621,1558
621,1705
619,1720
613,1715
604,1724
581,6683
643,3579
610,2287
588,1502
574,1532
630,6097
622,2803
607,1932
588,1378
559,1569
544,5917
531,2417
565,3755
566,3193
566,1841
563,5675
563,2462
591,1774
591,4246
585,2425
582,1645
575,1650
563,5612
544,2168
529,1561
518,1234
501,1543
492,1272
478,5030
473,4428
462,2175
460,2979
456,1393
454,2924
441,2089
433,2812
428,2829
423,1840
415,3617
408,1916
402,1830
400,2614
400,2649
398,2515
396,2564
392,1913
381,1495
362,1440
348,1406
335,1446
320,1404
308,1399
304,1395
302,1402
289,1386
277,1361
268,1583
262,1519
261,1460
261,1480
261,1468
668,1641
665,1912
749,1847
745,1767
743,2494
748,6182
745,3493
733,2397
713,2342
694,2170
671,7147
656,3265
705,2393
690,1654
670,7224
663,3144
652,1983
649,1525
645,1914
630,1830
615,1753
601,1891
591,1725
584,1800
575,1779
565,1899
624,2076
621,2063
621,2087
619,2093
614,6852
596,2814
655,1972
628,1401
598,1579
655,1565
636,6358
626,3304
619,2340
594,1406
565,1574
551,1523
539,1563
569,1428
566,5896
566,4245
566,1084
566,1087
591,1138
589,1192
589,1351
588,1324
584,1317
577,1332
569,1312
551,1292
539,1263
520,1651
507,2320
493,2394
484,2384
475,2462
467,2310
461,2327
458,2355
455,2291
445,2214
435,2194
429,2134
423,2069
417,2084
413,2064
404,2006
400,1999
400,1968
400,1975
395,1971
387,1976
370,1943
352,1887
338,1887
320,1819
314,1829
307,1752
297,1722
286,1782
279,1710
272,1618
267,1681
263,1597
261,1580
261,1596
668,1575
752,2190
745,1670
745,1764
745,1576
754,1626
748,1706
745,1991
733,2044
711,2242
692,2023
671,2082
720,2178
702,1931
686,2011
671,1995
662,1845
651,1932
648,7787
643,3749
625,2143
611,1633
597,1771
589,1807
578,1728
574,1576
628,2815
621,1545
621,1617
618,1325
606,1323
673,1285
648,1352
616,1386
589,1346
648,1431
634,5820
623,3361
598,2459
574,1285
557,1198
548,1106
539,1138
567,1105
566,1055
566,1109
566,1190
591,1085
589,1078
589,1077
590,1076
585,1082
582,1083
574,1066
559,1090
542,1074
523,1073
513,1079
497,1083
485,1077
475,1063
469,1020
461,1027
458,1022
455,1021
441,1130
434,1112
428,1107
423,1086
413,1061
406,1044
401,1032
400,1028
400,1009
398,1124
390,1124
375,1103
356,1069
338,1059
322,1052
314,1069
307,1053
303,1048
293,1143
276,997
271,993
264,1006
261,1038
261,1029
261,1039
261,1033
258,1007
665,1478
745,1671
741,1691
735,1618
737,1585
718,1764
694,5890
671,3762
653,2368
635,1735
618,1580
639,1532
652,1527
648,1485
645,1490
627,1573
613,1548
596,1532
588,1610
576,1612
569,1610
559,5155
557,4700
557,2262
553,1474
548,1359
597,1370
580,1354
553,5258
528,3800
506,2128
567,2822
547,1635
523,1361
519,1387
581,1362
559,1297
538,1270
532,1216
530,1276
527,1258
527,2309
527,1236
561,962
557,942
551,936
540,921
550,902
538,904
519,873
503,853
492,865
481,844
473,809
463,787
460,800
456,767
454,939
441,1739
432,1733
427,3021
422,3017
412,1334
405,1064
400,1062
400,1037
400,2766
398,2703
395,1504
390,1019
380,2630
369,2626
359,1124
352,941
338,950
325,921
315,1055
303,2443
294,2416
291,2567
285,1294
266,1056
264,1058
261,1189
261,1209
258,1211
258,1138
258,1331
258,2182
257,2198
252,2052
249,1416
633,1435
690,1762
671,1563
654,1676
641,1637
630,4872
615,2804
606,1823
594,1654
589,1660
586,6165
609,4024
618,2473
605,1647
593,1612
588,1846
575,1457
568,1448
561,5770
557,3926
557,2380
556,3616
553,2110
548,1856
534,1814
574,1829
548,1831
531,1983
513,1750
487,1686
477,4885
540,4201
524,2008
502,3367
555,1793
539,1406
530,1351
530,1348
530,1959
530,1498
527,1455
527,2004
563,1472
561,1407
557,1983
553,1383
546,1370
565,1738
546,1554
531,1461
519,1442
501,3396
493,2313
483,1204
475,1049
467,997
461,3016
458,2958
455,1475
447,949
436,970
428,2961
422,2959
419,1284
412,944
405,864
401,862
400,1105
400,1100
396,1069
386,1216
376,1235
355,1184
335,1116
325,1115
314,1104
309,1103
299,1073
286,1037
281,1009
275,1169
272,1128
267,1143
262,1071
261,1051
261,1044
261,1044
257,1040
254,1004
254,1002
254,1077
254,1001
654,1425
732,1577
721,1628
698,1591
690,1756
670,1631
652,1685
635,1796
619,1852
609,6096
600,4357
650,2561
647,1664
643,1769
622,1625
605,1767
594,1649
588,1477
577,1612
571,1544
562,1654
557,1805
548,1825
535,1901
523,2013
570,1815
543,1818
522,1789
508,1733
493,1694
538,1849
514,1788
502,1738
493,1727
557,1769
548,1763
538,1730
533,1713
530,1671
530,1665
528,1689
528,1690
561,1642
561,1624
561,1628
559,1580
583,1632
576,1609
568,1582
550,1460
539,1411
519,1292
503,1232
492,1234
481,1219
473,1185
463,1238
460,1192
457,1520
454,1225
441,1177
433,1700
427,1121
422,1202
414,1001
408,875
404,1132
397,1192
390,1135
383,1112
372,1124
354,1117
341,1052
329,909
322,880
306,887
293,916
287,855
283,864
281,895
277,879
272,832
266,827
262,918
261,1498
257,1464
257,1469
257,1525
254,1482
254,1474
254,1465
254,1474
739,1413
734,1739
718,1838
697,1629
671,1532
649,1501
630,1595
609,1480
599,1695
589,1675
616,1584
618,5435
600,1618
588,1540
575,1457
564,1602
556,1442
556,1455
554,1528
546,1456
524,1552
507,1547
495,1500
483,1526
479,1516
519,1465
509,1502
497,1476
487,1405
487,1618
552,1535
531,1445
521,1491
520,1432
582,1452
562,1490
535,1452
502,1405
471,1401
450,1333
429,1183
419,1425
438,1403
416,1281
406,1245
397,1239
385,1258
370,1239
349,1352
317,1372
288,1551
235,1750
196,1648
186,1897
172,1834
137,1707
