969,2637
969,2616
969,2339
969,9351
969,3639
969,2535
969,2326
969,3004
969,3931
969,2653
969,2696
969,2785
969,7442
969,3708
969,3138
967,2291
959,2289
954,2283
926,2185
915,2163
855,2052
849,2052
834,2021
919,2585
909,2240
874,2208
870,2204
845,8495
819,4794
804,2611
797,2606
779,2243
767,2515
764,2470
762,2205
756,2292
747,9279
698,3970
691,2431
667,1931
651,1647
651,1678
641,1694
634,6600
613,4400
610,2530
602,1758
602,1588
602,6258
599,3313
592,2207
577,1457
574,4412
573,3166
543,1824
534,1423
522,5341
516,2862
515,1805
477,1192
467,1165
467,1873
449,1157
443,1116
443,1294
408,4721
404,4305
401,2029
386,1258
385,1101
381,1130
370,1048
368,1033
364,1102
364,1265
363,1217
363,1344
361,1438
360,1341
312,1207
310,1284
307,1214
307,1203
298,1142
298,1140
296,1257
293,1271
284,1278
282,1205
280,1160
280,1145
280,1164
280,1162
280,1154
275,1241
275,1135
255,1070
255,1048
253,1067
249,1040
249,1029
249,1292
234,1119
231,1098
231,1418
226,1054
225,1076
204,1023
204,1826
202,1146
202,1349
199,1313
199,1312
199,1311
193,1255
192,1231
192,1210
192,1220
192,1202
192,1210
164,1164
164,895
164,896
164,905
161,885
161,898
160,856
160,865
155,822
687,1798
680,1477
680,1456
677,1462
670,4552
670,2745
653,1714
651,1699
620,1596
615,1623
611,1547
599,1525
593,1493
592,1482
552,4757
547,4032
542,2013
523,1276
523,1290
517,5813
517,2473
476,1760
472,1373
469,1395
453,1433
451,1312
448,1306
447,1282
434,1240
432,1373
428,1371
429,1168
428,1289
428,1282
426,1271
425,1426
372,1249
370,1254
367,1404
367,1442
367,1409
357,1370
357,1369
355,1355
352,1334
340,1279
338,1434
338,1455
336,1255
336,1961
336,1817
336,1796
336,1134
331,1141
331,1116
331,1138
311,1056
309,1030
309,1081
305,1027
305,1014
305,2012
290,2491
287,2471
287,1265
282,986
281,977
281,1007
257,891
257,875
255,943
255,1250
252,1316
252,2469
252,2357
246,1338
246,805
245,795
245,792
245,770
245,786
245,787
245,773
212,806
212,828
212,772
212,849
212,808
209,765
209,797
208,877
208,756
755,1574
740,1528
739,1724
731,1567
731,1545
731,1647
728,2009
721,1570
706,6228
704,3958
702,3581
667,3509
667,1954
658,1593
646,1607
646,1411
639,1346
599,1483
594,1862
589,1552
570,1533
570,1597
564,1683
564,1658
522,1609
518,1630
515,1547
499,1527
497,1555
494,1477
493,1501
481,1438
479,1410
475,1420
474,1447
474,1441
472,1386
471,1867
415,1223
413,1224
410,1716
410,1197
400,1171
400,1024
400,1132
398,1767
395,2542
382,1935
381,1598
379,2085
379,1575
379,1570
379,1558
379,1549
374,1530
374,1528
374,2047
354,1443
352,1432
348,1431
348,1416
348,1398
333,1335
333,1312
330,1324
325,1250
325,1261
324,1237
324,1257
300,1349
300,1378
298,1850
295,1414
295,1320
295,1344
295,1805
289,1334
289,1266
288,1263
288,1280
288,1288
288,1214
288,1260
288,1251
288,1252
255,1127
255,1090
255,1119
255,1307
255,1307
252,1249
252,1264
824,2044
811,1641
806,1605
785,1515
783,1598
782,1979
774,1949
774,2255
774,2243
771,1931
771,1858
764,7946
749,3055
747,2255
746,1548
710,2123
710,1748
705,8543
701,2878
689,1760
683,1460
682,1579
642,1492
637,1869
632,1504
632,1478
613,1225
613,1482
607,1141
607,1154
565,1094
566,5187
562,3522
559,2260
543,1266
541,1416
538,998
537,974
524,1044
522,1060
518,1022
515,1062
514,1222
514,1262
512,1247
512,1364
511,1240
456,1111
454,1401
451,1091
451,1069
451,1431
441,1036
441,1048
439,1391
436,1030
436,1035
423,1306
422,948
420,947
420,972
420,1302
420,1051
420,1056
420,1389
415,1030
415,1044
415,1379
395,963
393,973
393,1188
389,1363
389,1071
389,1263
374,1164
374,1173
371,1143
366,1118
366,1109
365,1100
365,1134
341,1015
339,1016
339,1042
336,996
336,981
334,1001
334,955
328,910
328,958
327,1431
327,895
1095,2609
1092,2264
1076,2156
1068,2039
1017,2039
1010,4970
1009,3174
994,2295
983,2196
968,2692
968,2069
957,2127
950,2587
949,2024
925,2119
924,1990
916,1839
916,1838
916,7682
909,3212
902,2188
902,1794
884,2089
883,2112
840,1957
840,8714
833,2691
814,2586
814,2111
805,1889
804,6373
756,2647
751,1629
751,1362
732,1673
730,1665
719,7300
676,2751
674,1591
671,3769
666,2057
653,1492
651,2094
648,1548
647,1433
632,2072
628,1523
628,1385
607,2002
605,7137
603,2964
603,1632
601,1266
560,1241
558,1818
555,1229
555,1333
545,5602
545,2656
543,2403
543,1702
540,1192
527,1284
526,1733
524,5944
524,2922
524,1909
522,1050
521,6031
521,2065
514,1486
514,5759
491,2171
491,1429
489,1153
482,1615
482,1151
482,1161
462,1536
462,1040
459,1025
459,1015
454,1009
451,4559
448,2393
426,1461
424,1002
422,964
420,1005
420,983
420,958
420,1010
1187,2130
1183,2295
1162,2727
1159,2712
1157,2611
1154,2367
1147,2352
1138,2822
1080,8585
1073,3188
1072,2411
1057,2072
1046,2161
1031,2710
1031,8002
1020,3067
1013,2529
1012,1975
988,2014
987,2524
979,2448
979,2071
979,2032
972,2382
965,1882
965,2007
944,2305
943,2092
901,1926
901,2258
897,1802
878,1695
878,2236
869,1758
817,1540
812,1983
804,1519
800,5663
772,3069
769,1899
758,1369
729,1223
729,1629
726,1424
724,5791
711,2680
706,1844
705,3599
671,2130
669,1236
665,1224
665,1296
664,1088
662,1113
660,1097
658,1097
614,981
612,4578
609,3080
609,2274
609,1157
598,1462
598,977
596,1029
593,4199
582,2748
580,1582
580,1058
578,920
578,970
576,892
575,3722
575,2641
568,1550
568,2752
543,1270
543,995
541,985
534,926
534,931
534,928
512,901
512,893
509,868
499,1202
491,816
490,810
490,807
474,783
472,761
472,774
470,862
1275,2209
1255,2759
1248,2441
1229,2776
1225,2301
1214,2259
1211,2890
1208,2571
1201,2611
1192,3114
1190,2524
1132,2455
1125,2360
1110,2886
1099,2319
1084,2350
1084,2875
1073,2412
1066,2354
1043,2796
1041,1936
1040,1925
1032,2401
1032,1896
1025,1868
1025,1908
1018,2362
999,1781
996,1805
993,7531
957,2989
950,2096
931,2098
931,1638
922,1633
867,1481
858,5742
844,3233
825,1739
814,1380
811,1356
811,1370
780,1432
777,1328
775,1304
762,1791
739,1233
736,1231
735,1736
722,1171
720,1162
716,5120
715,2926
713,1738
711,1801
709,1183
666,1113
664,1116
661,1517
661,1328
661,1282
650,1309
650,1003
648,999
645,1509
634,970
632,935
630,938
630,922
630,922
628,917
627,914
620,867
620,886
620,1395
595,844
593,834
593,824
586,810
586,801
586,799
564,3557
556,2976
556,1300
543,802
542,1277
542,673
526,642
526,3609
524,2005
522,1208
522,774
1299,2188
1292,2457
1279,2374
1275,2612
1264,2331
1261,5943
1258,3087
1251,6318
1242,3092
1184,2306
1177,2218
1176,5914
1161,2857
1150,2049
1135,2020
1135,6721
1122,3541
1117,2218
1094,2438
1091,2066
1091,2051
1083,2460
1083,1965
1076,1898
1069,1901
1069,1940
1048,1899
1047,1814
1004,2366
1004,1797
997,1725
982,2314
982,1658
972,1662
921,2032
913,1476
904,1441
876,6719
876,2847
862,1732
831,4325
831,2606
828,1373
826,6406
813,2314
808,1558
786,4174
773,2406
771,1276
767,5746
767,2280
766,1553
764,3575
762,1796
760,3610
717,1883
715,4677
712,2786
712,1132
701,4934
701,2064
699,1323
699,1005
696,1285
684,1258
683,5778
681,2517
681,1503
679,980
679,4380
678,2713
671,1483
671,1212
671,1750
646,1145
644,1183
637,1597
637,1246
637,1160
615,1041
615,1077
612,4946
607,2106
602,1339
601,872
593,986
577,1033
575,995
575,938
573,1069
573,876
573,870
1341,2742
1326,2594
1317,3290
1314,2276
1312,2978
1309,2560
1302,6747
1293,3533
1235,2189
1228,2872
1212,5484
1203,3315
1186,6101
1186,2767
1186,2160
1173,2752
1167,5216
1143,3063
1142,2558
1134,2007
1134,1917
1134,8638
1127,2757
1120,2655
1101,2229
1099,1890
1095,1767
1055,2292
1048,1703
1048,1678
1033,2389
1024,1883
1023,7915
967,2599
962,2362
962,1513
938,2273
929,1878
924,1654
885,2066
879,1565
877,1569
864,1523
862,1534
859,1503
858,1510
843,1456
818,1440
818,6393
817,2537
815,2310
813,4119
811,2221
768,1071
766,1067
763,1149
763,1133
752,1112
752,1095
752,4125
750,2805
747,1609
735,1265
734,966
732,968
732,1041
732,1156
730,4621
729,2647
722,1455
722,1144
722,2232
697,1390
695,1068
695,1373
688,1023
688,1039
666,3498
666,2543
663,1405
658,882
658,796
655,3682
655,1857
630,1107
628,760
626,3513
624,1908
624,1092
624,740
624,737
618,711
1376,2441
1373,2433
1360,2303
1357,2436
1350,2685
1341,2395
1286,2415
1279,2910
1263,2300
1254,2353
1237,2630
1237,2243
1237,2327
1224,2379
1218,2062
1196,2044
1193,2274
1185,2000
1185,1983
1185,2253
1178,1929
1171,1913
1152,2147
1150,1865
1146,1854
1106,2090
1099,2006
1095,1749
1080,1705
1075,1815
1074,1670
1023,1517
1013,1513
1013,1576
994,1440
984,6117
984,2849
939,1769
938,1391
931,1326
915,1524
913,1291
910,1264
909,1644
896,1277
894,1221
890,1232
890,1530
868,1273
866,1221
864,1179
862,1394
820,1070
818,1068
815,1388
815,1071
804,1030
804,1039
802,1312
799,4179
788,3101
786,1587
786,1148
784,979
784,971
782,1263
781,974
781,962
774,942
774,1232
749,918
749,1039
747,1036
740,1037
740,1029
740,1000
718,1202
715,3824
715,1867
710,1219
707,1235
707,927
683,827
683,819
681,1112
678,804
678,841
676,835
676,3404
670,1946
670,1243
669,810
1422,2500
1419,2765
1401,2576
1392,3024
1337,2967
1330,2416
1329,2371
1314,7488
1303,3175
1288,2277
1288,2141
1275,2625
1270,2211
1247,2233
1244,2388
1244,2594
1236,2254
1236,2144
1229,2303
1222,2663
1222,2114
1201,2147
1200,2445
1157,2210
1157,2022
1146,2065
1131,2193
1131,1999
1121,1953
1074,1788
1069,2101
1064,1737
1045,1707
1043,1633
1035,1895
993,1604
993,1574
986,1419
984,1512
969,1535
967,1408
961,1378
960,1372
945,1350
941,1329
941,1441
940,5014
938,2902
936,1823
913,1392
871,1095
869,1191
869,1094
866,4966
866,2505
855,1649
855,1240
853,1065
850,1062
839,4652
838,2364
837,1629
835,1177
835,1049
833,1012
833,1046
832,1135
825,1483
825,1411
825,1491
800,1508
798,1576
798,1385
791,1367
791,1673
791,1327
769,1279
766,1262
766,1282
761,1244
761,1249
758,1369
734,1176
734,1177
732,1165
731,1262
729,1157
727,1133
727,1132
721,1194
721,1095
720,1087
1473,2297
1473,2527
1470,2401
1452,2601
1443,2485
1441,2430
1387,2500
1380,2810
1365,2648
1354,2479
1339,2611
1339,2361
1328,2191
1321,2483
1320,2568
1296,2177
1295,2762
1287,2520
1287,2363
1287,2523
1280,2367
1273,2302
1273,2351
1252,2199
1251,1943
1208,2153
1208,7923
1201,2670
1182,2094
1186,1870
1177,2097
1125,1762
1120,1746
1115,1889
1115,2081
1094,1762
1086,1653
1083,1672
1040,1962
1038,1691
1035,1619
1017,1530
1015,6786
1012,2302
1011,1885
998,1293
996,1411
992,1407
992,1440
970,1888
968,6097
966,2242
964,1689
922,1303
920,1213
917,1357
917,1403
917,1391
906,1254
906,1392
904,1569
901,2054
890,1401
888,1244
888,1310
886,1215
886,1169
884,1446
883,1337
883,5083
876,2323
876,1623
851,1002
851,1145
849,1159
842,1013
842,1090
842,1090
820,958
820,942
817,1054
812,990
812,3853
809,2308
785,1487
784,930
782,968
780,842
778,3535
778,1706
778,1129
772,810
1538,2311
1530,2867
1527,2647
1514,2312
1511,2651
1504,2875
1495,7531
1439,3116
1432,2302
1416,2466
1407,2798
1390,2554
1390,2473
1390,2470
1377,2838
1371,2377
1349,2370
1346,2645
1338,2308
1338,2364
1338,2264
1331,2480
1324,2141
1324,2209
1303,2413
1302,2080
1259,2155
1259,2245
1252,1987
1237,2191
1237,2192
1227,7757
1176,2908
1171,1921
1166,1600
1147,1734
1145,1691
1134,5129
1128,2340
1089,2530
1083,2624
1081,1744
1068,1442
1066,5931
1063,2386
1062,2010
1049,1798
1043,1335
1022,1446
1021,1848
1019,1260
1017,1260
1015,1617
973,1150
971,1158
971,1168
968,4635
968,2332
957,1425
957,1249
955,1148
952,1220
941,4679
939,2213
939,1715
937,1089
937,1078
935,4388
935,1958
934,1369
927,2321
927,1367
927,1027
902,957
900,950
893,4220
893,1993
893,1403
871,1052
871,2711
868,1361
863,930
863,941
857,827
857,825
833,1119
831,778
831,775
829,768
829,3402
829,2111
829,1229
1596,2268
1581,2583
1570,2781
1567,2516
1564,2823
1564,2506
1556,2439
1546,2377
1489,2571
1482,2514
1467,2262
1456,2518
1441,2367
1441,2239
1430,2193
1423,2175
1422,2187
1398,2113
1397,2094
1389,2100
1389,2139
1389,2076
1382,2067
1375,8210
1356,2856
1354,2133
1350,1854
1310,4186
1307,2476
1303,1907
1288,1854
1279,1963
1278,1770
1227,1693
1222,1629
1210,1623
1182,6097
1182,2745
1168,1758
1137,1417
1137,1595
1134,1795
1132,1587
1119,7485
1117,2474
1114,1621
1092,1439
1079,1452
1077,1577
1073,1472
1072,1436
1070,1442
1068,1435
1068,1485
1066,1400
1024,1195
1022,1363
1019,1387
1019,1742
1008,1350
1008,1356
1006,4997
1003,2252
1003,1475
991,1160
990,1126
988,1186
988,1191
988,4358
986,2043
985,1473
978,1363
978,1053
978,1108
953,1029
953,4152
951,2268
944,1300
944,2936
944,1522
922,1102
922,1051
914,3963
909,1600
901,1104
900,890
900,2762
884,1568
882,1005
882,966
880,811
869,838
1657,2586
1650,3249
1637,2547
1624,2597
1621,2487
1619,2525
1616,2819
1609,2809
1600,2570
1541,2518
1540,2650
1533,2848
1518,2551
1507,2662
1492,2500
1492,2468
1481,2517
1474,2397
1451,2523
1449,2510
1448,2265
1440,2366
1440,2336
1433,2016
1433,2050
1426,2114
1407,2048
1404,2124
1405,7140
1365,3406
1358,1805
1354,1861
1339,2288
1330,2015
1326,2004
1266,6681
1252,2360
1252,2037
1222,1692
1219,1601
1219,1582
1188,1760
1188,1616
1185,1656
1170,1819
1147,1638
1144,1560
1143,6285
1130,2479
1128,1662
1124,1404
1124,3861
1123,2051
1121,3374
1119,1942
1117,1430
1075,1403
1073,1486
1070,1543
1070,1407
1059,6281
1059,2563
1059,1601
1057,1262
1054,1387
1043,3896
1041,2220
1039,1371
1039,1291
1039,1358
1037,1399
1036,5818
1029,2122
1029,1399
1029,1116
1004,3570
1004,1988
1002,3491
995,1660
995,2976
995,1588
973,3261
965,1736
965,1143
952,4791
951,1599
951,1194
935,889
935,4782
933,1783
931,1131
931,2693
1711,2497
1703,2991
1689,2414
1685,2864
1674,2892
1673,2849
1670,2684
1668,2723
1660,2955
1650,2764
1591,2617
1584,3019
1569,2625
1558,2643
1543,2836
1543,2608
1532,2504
1525,2683
1502,2405
1499,2372
1499,2688
1491,2425
1491,2383
1484,2659
1477,2507
1477,2300
1456,6476
1455,3006
1416,2264
1416,2005
1405,2274
1390,2183
1381,2278
1380,2127
1326,1940
1312,2234
1303,1981
1284,1802
1270,1861
1270,1828
1239,1765
1239,1893
1236,1756
1221,1748
1219,1690
1216,1866
1194,1650
1181,1647
1179,1746
1175,1640
1175,1562
1174,6511
1172,2643
1170,1534
1168,1565
1126,1411
1124,1535
1121,1572
1121,1391
1110,1326
1110,5849
1108,2051
1105,1426
1094,1246
1092,1305
1092,1312
1090,1614
1090,1319
1088,1267
1087,1345
1087,1250
1080,1248
1080,5303
1055,1810
1055,1391
1053,1096
1046,1174
1046,1158
1046,1268
1024,1124
1021,1101
1021,1127
1011,1076
1011,1113
1002,4356
986,1852
986,1139
984,1036
984,943
982,969
982,1208
982,951
1738,2389
1734,3167
1723,2731
1722,2717
1719,2678
1717,2466
1709,7340
1699,3315
1642,2830
1635,2508
1620,3077
1611,2531
1594,6810
1594,3045
1583,2194
1576,2129
1575,2683
1551,2433
1550,2446
1542,6030
1542,2774
1535,1941
1535,1999
1528,2626
1509,2227
1506,2244
1503,2695
1467,2268
1460,2168
1456,2638
1441,2120
1432,2287
1431,6386
1375,2508
1370,1829
1367,1671
1342,1834
1332,1763
1332,1861
1290,1922
1287,1887
1285,1711
1272,7730
1270,2167
1267,1723
1266,1848
1232,1505
1230,1595
1226,1997
1226,1528
1225,1551
1221,1587
1221,1491
1219,1398
1177,1301
1175,1361
1172,1282
1172,1283
1161,5001
1161,2471
1159,1583
1156,1565
1145,1428
1144,1334
1143,4750
1141,2002
1141,1851
1139,1585
1138,1278
1138,1313
1131,1446
1131,1291
1106,1199
1106,1490
1104,1104
1097,4503
1097,2171
1097,1353
1075,1041
1075,1518
1072,1168
1067,1070
1067,1145
1061,3828
1039,2101
1037,1259
1035,959
1035,892
1033,1007
1033,1063
1033,974
1027,1051
1793,2351
1774,3297
1771,2503
1769,2451
1766,2996
1759,2513
1750,6263
1694,2768
1687,2417
1671,2392
1662,2672
1645,2354
1645,5787
1645,2671
1632,2107
1626,5617
1604,2629
1601,2104
1593,2121
1593,2444
1593,2283
1586,2106
1579,2392
1579,2254
1558,6387
1557,2672
1514,1987
1518,5106
1507,2439
1492,1939
1492,1902
1482,2279
1431,2373
1426,1701
1421,2079
1402,1654
1397,1660
1383,1981
1344,1579
1341,1634
1338,1975
1336,1610
1323,1542
1318,1749
1317,1517
1304,1455
1302,1709
1277,1445
1277,1439
1276,1683
1274,1571
1272,1578
1270,1820
1228,1485
1226,1328
1223,5110
1223,1468
1212,1303
1212,5729
1212,2277
1210,1635
1207,1308
1196,1292
1194,1341
1192,1337
1192,5268
1192,2180
1190,1390
1189,1257
1182,1300
1182,5488
1182,2024
1157,1416
1157,1293
1155,2559
1148,1514
1148,4884
1148,1719
1126,1250
1126,2609
1123,1390
1118,1068
1118,1177
1115,1128
1090,957
1090,1042
1086,950
1086,961
1084,939
1084,967
1084,4215
1078,1624
1844,2385
1825,2763
1822,2436
1820,2534
1817,2640
1810,2464
1801,2778
1745,2460
1738,6448
1722,2934
1713,2295
1696,2348
1696,5820
1696,2745
1683,2177
1677,2183
1655,2353
1652,2262
1644,2286
1644,2267
1644,2405
1637,2198
1630,2179
1611,2427
1609,2092
1608,2162
1565,2264
1569,2101
1558,2116
1543,2299
1534,1906
1533,1974
1482,1918
1472,2275
1472,5433
1453,2493
1448,1814
1439,1596
1395,1718
1395,1778
1389,1754
1387,6321
1374,2689
1369,1757
1368,1591
1355,1508
1353,1644
1328,1660
1328,1473
1327,1534
1325,1504
1323,1448
1321,1446
1279,1375
1277,1346
1274,1336
1274,1338
1263,1442
1263,1442
1263,6127
1261,2188
1258,1499
1247,1263
1245,1596
1243,1407
1243,1417
1243,1569
1241,1416
1240,5939
1233,2047
1233,1364
1233,1228
1208,3297
1206,1824
1206,1402
1199,3749
1199,1702
1199,1213
1177,1174
1174,1258
1174,1165
1169,1163
1166,1189
1166,1162
1141,1109
1141,1126
1137,4728
1135,1810
1135,1212
1135,993
1135,1016
1129,1178
1895,2452
1885,2944
1873,2485
1870,2519
1868,2646
1860,2717
1850,2643
1795,2648
1788,2893
1773,2744
1762,2630
1747,2776
1747,5851
1736,2830
1729,3818
1706,2387
1704,2741
1703,2870
1695,5516
1695,2700
1688,2382
1688,5424
1681,2642
1660,2074
1659,2067
1616,4780
1620,2511
1613,1956
1594,4552
1594,2458
1584,1856
1533,1764
1528,5002
1523,2324
1504,1750
1502,3920
1491,2306
1448,1656
1446,3731
1443,2254
1438,1612
1425,4532
1420,2063
1419,1574
1406,3415
1404,2078
1400,3508
1400,2078
1378,3901
1376,1967
1374,1630
1372,1481
1330,4107
1328,2069
1325,1566
1325,3215
1314,1758
1314,3628
1312,1824
1309,1308
1298,1267
1297,1272
1296,1284
1294,4930
1294,2173
1292,1452
1292,3353
1291,2006
1284,1595
1284,1424
1259,1326
1259,5820
1257,2036
1250,1330
1250,1105
1250,1166
1228,1138
1228,4562
1225,1860
1220,1340
1220,1156
1217,1034
1193,1022
1193,1042
1190,1152
1190,1023
1186,1013
1186,999
1186,998
1180,974
1180,998
1179,975
1932,2410
1931,3185
1918,2518
1910,2705
1900,2587
1846,2422
1839,2345
1824,6271
1813,2823
1798,2258
1798,2292
1787,2724
1780,2512
1757,2439
1755,2589
1754,2425
1746,7091
1746,2860
1739,2215
1732,2185
1732,2504
1711,2495
1710,5610
1667,2434
1667,1933
1656,2025
1645,2217
1645,5717
1635,2482
1584,1841
1579,1824
1574,2177
1555,2065
1553,1980
1545,1980
1503,1798
1503,1910
1496,1945
1492,2018
1477,2295
1471,7390
1470,2307
1457,1713
1455,1539
1451,1890
1451,1735
1450,1909
1448,5378
1425,2248
1423,1586
1381,1388
1379,1722
1376,1565
1376,1610
1365,1451
1365,1635
1363,1463
1360,1442
1360,1335
1348,1392
1347,1332
1345,1411
1345,1287
1343,1309
1343,1399
1342,5846
1335,2168
1335,1434
1335,1190
1310,1379
1308,1621
1301,1311
1301,1189
1301,1260
1279,1135
1279,1127
1276,1149
1271,1112
1271,1121
1268,5007
1244,1787
1244,1350
1242,1074
1242,1228
1239,3284
1239,1574
1239,1091
1231,1049
1231,959
1230,3985
1230,1691
1230,1271
1980,2431
1973,3089
1964,2549
1898,2404
1891,2526
1875,6910
1875,2886
1864,2624
1849,2320
1849,2845
1836,2640
1831,2522
1808,6139
1805,2669
1805,2235
1797,2313
1797,2709
1790,2595
1790,2441
1783,2667
1764,2508
1761,2418
1758,2384
1718,2346
1711,2611
1692,2279
1696,2334
1687,2174
1635,2243
1630,8289
1625,2566
1625,1882
1604,1775
1596,2182
1596,4641
1554,2116
1554,1795
1547,1710
1530,5133
1528,2177
1525,1625
1521,1626
1508,1988
1506,5388
1502,2038
1502,1626
1501,1524
1499,1643
1497,5399
1474,2018
1432,1474
1430,3620
1427,1886
1427,3894
1416,2145
1416,1845
1416,4559
1414,1802
1411,1360
1400,3772
1398,1734
1396,1303
1396,1304
1396,6142
1394,1895
1393,1461
1393,3318
1386,1715
1386,1258
1361,1217
1361,4199
1359,1865
1352,1395
1352,2694
1352,1979
1330,3339
1330,1916
1327,3971
1322,1557
1322,1155
1319,3377
1319,1612
1295,1101
1293,3204
1293,1556
1290,1080
1290,4380
1288,1573
1288,1163
1282,3100
1282,1519
1281,2327
2034,2505
2033,2965
2031,2694
2012,2635
2002,2637
1948,2547
1941,2557
1926,2487
1915,6066
1900,2808
1900,2591
1889,2331
1882,2603
1859,2572
1857,2541
1856,2567
1848,6558
1848,2689
1841,2410
1841,2170
1834,6055
1815,2529
1812,2167
1809,2141
1769,2373
1762,2346
1747,5712
1747,2472
1738,2200
1686,2595
1681,2259
1676,2006
1657,2095
1655,2138
1647,5626
1647,2347
1605,1738
1598,1717
1596,5068
1581,2199
1579,1585
1573,1708
1572,1940
1559,5126
1557,2077
1553,1584
1552,1629
1550,4727
1527,1996
1525,1557
1483,1549
1481,5047
1481,1913
1478,1511
1478,1522
1467,1685
1467,1654
1465,1693
1462,1514
1451,1675
1449,6093
1449,1984
1447,1504
1447,1407
1445,4430
1444,1729
1444,1382
1437,4231
1437,1805
1437,1431
1412,3164
1410,1895
1403,1460
1403,1454
1403,1558
1381,1366
1381,5083
1378,1894
1373,1404
1373,1224
1370,1477
1370,3836
1346,1606
1344,1172
1343,2907
1341,1640
1339,1359
1339,1328
1339,4729
1333,1580
1333,1231
1332,1094
2085,2472
2073,3197
2071,3122
2063,2541
2053,2617
1999,2621
1992,2420
1977,2926
1966,3103
1951,6664
1951,2933
1940,2474
1933,2444
1932,2837
1908,2615
1907,6355
1899,2757
1899,2268
1899,2342
1892,2409
1885,2664
1866,2765
1864,2829
1860,2486
1820,6495
1817,2602
1813,2319
1798,2003
1789,5815
1788,2469
1737,1867
1727,5089
1727,2352
1708,1822
1706,1816
1695,2079
1652,5647
1650,2315
1644,1769
1642,1684
1629,5044
1627,2182
1624,1709
1623,4800
1610,2120
1608,4926
1583,2107
1582,1626
1580,1559
1580,1781
1578,1760
1576,7564
1534,2156
1532,1579
1529,1382
1529,4577
1518,1875
1518,4763
1516,1932
1516,1559
1513,1422
1501,1693
1500,1540
1498,1474
1498,1633
1498,1613
1496,6338
1495,2116
1495,1518
1488,1270
1488,1601
1463,3700
1463,1702
1461,1284
1454,1269
1454,4469
1454,1896
1432,1296
1432,1236
1429,1367
1424,1232
1419,1176
1418,1426
1410,1220
1394,1100
1392,1129
1392,1196
1390,1145
1390,1180
1390,1113
1379,1152
1373,1141
2139,2532
2129,3367
2128,2735
2125,3222
2123,7686
2115,3223
2105,2582
2051,2827
2044,3069
2028,2700
2019,2744
2002,2512
2002,3022
2002,2593
1989,6309
1984,2784
1961,2362
1958,2355
1958,2724
1950,2567
1950,2604
1943,2678
1943,2685
1936,2463
1917,2602
1918,2568
1915,2403
1875,2408
1868,2433
1864,2447
1849,2351
1840,2173
1830,2259
1772,2227
1762,1921
1751,2106
1732,2030
1732,1994
1729,1962
1698,2078
1698,5218
1695,2296
1693,1789
1659,1722
1657,1820
1654,1920
1653,1794
1640,1793
1638,1808
1634,6362
1634,2334
1633,1631
1631,1578
1629,1968
1627,1927
1585,1522
1583,1488
1580,1453
1580,1499
1569,1487
1569,1460
1569,1471
1567,1453
1564,1461
1553,1413
1551,1407
1551,1398
1549,1423
1549,1374
1547,1394
1547,5392
1546,1998
1539,1501
1539,1381
1539,1448
1514,1530
1512,1537
1506,4990
1499,1817
1489,1398
1488,1228
1468,1277
1468,3535
1466,1638
1462,1225
1462,1304
1461,1322
1449,1264
1434,4358
1432,1892
1432,1239
1430,1100
2234,2646
2225,3079
2218,3077
2199,2901
2195,2657
2184,2766
2183,2698
2180,2835
2178,3000
2170,3058
2160,2879
2101,2742
2094,2689
2079,2764
2070,2818
2053,2759
2053,2942
2042,2631
2040,2602
2034,6080
2012,2788
2009,2484
2001,2382
2001,2870
2001,2639
1998,2568
1991,2707
1991,2590
1967,2460
1960,2713
1905,2382
1903,2292
1879,2719
1855,2183
1851,2224
1844,2131
1806,2204
1802,4801
1799,2310
1799,1990
1760,1914
1757,2121
1757,2039
1728,1964
1728,2031
1725,2014
1710,2030
1708,2200
1705,2031
1704,2016
1691,4974
1689,2353
1685,1733
1685,1626
1684,1657
1682,1701
1680,1662
1678,1646
1636,1559
1634,4552
1634,2193
1631,1630
1631,1507
1620,1678
1620,1992
1618,1704
1615,1785
1604,1749
1603,5595
1602,2085
1600,1548
1600,1383
1598,4140
1598,1867
1597,1419
1584,4019
1584,1785
1572,1380
1548,3777
1545,1662
1545,1328
1538,1312
1538,3721
1538,1799
1519,1278
1505,1302
1505,1241
1501,3517
1501,1777
1500,1293
1485,1328
1485,1193
2332,2776
2324,3450
2298,2930
2291,2991
2276,3323
2255,2888
2251,2976
2242,2970
2239,3011
2237,7580
2234,3323
2227,2707
2218,2754
2153,2636
2146,3158
2145,2983
2130,6590
2119,2999
2104,2551
2104,2615
2093,2836
2086,2810
2085,2709
2061,2841
2060,2805
2056,2639
2056,2611
2053,2999
2040,2720
2020,2520
1978,2701
1971,2368
1961,2520
1928,2578
1928,2579
1917,2173
1902,2257
1895,2291
1871,4796
1834,2246
1830,1873
1827,4537
1811,2204
1811,1814
1808,1830
1779,5141
1779,2357
1776,1731
1774,5146
1761,2283
1759,1914
1756,1836
1755,4641
1740,2206
1736,1585
1736,1716
1735,1762
1733,1845
1731,1708
1729,1699
1687,4606
1685,2141
1685,1672
1682,4560
1682,2009
1671,1577
1671,4542
1669,1971
1666,1540
1655,3321
1654,1901
1653,1515
1651,1434
1651,1608
1643,1481
1642,1486
1628,1475
1622,1549
1621,1381
1621,5317
1598,1882
1596,1487
1594,1293
1589,1346
1577,1368
1577,4920
1558,1790
1556,1359
1556,1242
1552,1210
1552,3593
1551,1555
2407,2833
2405,3234
2384,3019
2376,2990
2349,3346
2334,3083
2327,3084
2306,3033
2302,3133
2293,2994
2290,3229
2288,3115
2285,7280
2278,3317
2269,2860
2204,2692
2197,2663
2181,2664
2181,2950
2170,2671
2155,2615
2155,2727
2144,2634
2137,2518
2119,6465
2117,2837
2112,2387
2084,2373
2081,2507
2047,2364
2040,2283
2025,2254
2015,2521
2011,2299
2004,2320
1969,2194
1966,2192
1941,5158
1930,2419
1923,2082
1922,2001
1881,1953
1878,5146
1878,2363
1862,1908
1862,1850
1859,4654
1830,2210
1830,1771
1827,1760
1825,1946
1812,1792
1810,1771
1806,1984
1793,1723
1791,1706
1787,1713
1787,1907
1786,1927
1784,1718
1782,1814
1780,5015
1738,2065
1736,1667
1733,1483
1733,3616
1733,1952
1722,1484
1722,1574
1720,1578
1717,1556
1706,1587
1704,1490
1698,1482
1695,4352
1681,1964
1678,1507
1674,1356
1674,3999
1670,1801
1668,1386
1666,1379
1645,1349
1633,1334
1628,1358
1628,5059
1628,1864
1609,1408
1609,1215
1607,1352
1603,1231
1603,1254
2483,2910
2478,3259
2458,3072
2438,2937
2427,2913
2400,2983
2394,3098
2384,3134
2377,3080
2357,3246
2353,3000
2342,3301
2341,3292
2338,3001
2336,7547
2328,3289
2318,2740
2254,2612
2247,2631
2232,2753
2223,2773
2206,2787
2206,2996
2195,2964
2198,2783
2189,2917
2159,2784
2142,2660
2132,2702
2104,2753
2095,2612
2075,2529
2072,3210
2060,3054
2054,3107
2052,2971
1996,2422
1996,2522
1992,2392
1981,2486
1981,2124
1973,2118
1936,2160
1932,2925
1929,2679
1913,2342
1913,3891
1910,2652
1910,2213
1881,2435
1878,2551
1876,2269
1863,2166
1861,2153
1858,2581
1857,2152
1844,2097
1842,2461
1838,2159
1838,2043
1837,2035
1835,2348
1833,2078
1831,2047
1789,2085
1787,2267
1784,1657
1784,1601
1773,2302
1773,1887
1773,1973
1771,1862
1762,2386
1750,2068
1734,2820
1733,1579
1727,1578
1727,1543
1723,1835
1721,1832
1717,1800
1716,1859
1693,1832
1693,2031
1684,1756
1684,1691
1679,1634
1679,2048
1679,1360
1660,1359
1660,1331
1658,1339
2583,3249
2551,3490
2542,3323
2537,3138
2509,3120
2505,3188
2478,3071
2451,3000
2445,2976
2436,2987
2428,3248
2408,3264
2404,4786
2393,4100
2392,3217
2389,3227
2387,2909
2379,3197
2369,3214
2305,2586
2298,2625
2283,2623
2274,2607
2254,4916
2253,4245
2228,2627
2223,2493
2189,2407
2156,2319
2139,2456
2131,2844
2127,2911
2123,2354
2107,2346
2104,2481
2065,2262
2065,3605
2063,3740
2047,2169
2047,2071
2043,2060
2032,2032
2025,2120
2024,2179
1987,2748
1980,3011
1980,3548
1964,2599
1964,2529
1961,2077
1932,2043
1932,2087
1929,2939
1927,2802
1914,2245
1909,2775
1908,2199
1895,2072
1893,2119
1889,1912
1889,1877
1888,1799
1886,2097
1884,1856
1882,1684
1840,1836
1838,1743
1835,1674
1835,1634
1824,1793
1824,4027
1818,1883
1815,1766
1798,1517
1786,1512
1780,1518
1778,1658
1774,1541
1768,4165
1768,1853
1767,1396
1744,1371
1744,1583
1744,1514
1735,1403
1735,1411
1735,4127
1730,1738
1730,1335
1730,1473
1711,1328
1709,1326
2634,3164
2604,3454
2600,3232
2588,3183
2560,3849
2558,3335
2537,3646
2529,3951
2502,2992
2487,3566
2480,3700
2459,3142
2455,2975
2446,2965
2443,3173
2441,3289
2438,3017
2431,3309
2422,3619
2357,3095
2350,4665
2334,5721
2325,3303
2313,2726
2304,2619
2290,2607
2274,2639
2241,3183
2212,2887
2192,2777
2182,3203
2180,3486
2176,2813
2158,2446
2155,2877
2116,2684
2116,2356
2114,2349
2098,2777
2098,2203
2094,2247
2083,2296
2076,2667
2075,3928
2038,3601
2034,2497
2031,2472
2015,1879
2015,1888
2012,2101
1983,2489
1983,2777
1980,2139
1978,2180
1965,2132
1963,2605
1960,2127
1946,2085
1944,2585
1940,2254
1940,2103
1939,2037
1937,2855
1935,2110
1933,2031
1891,2604
1889,2070
1886,1957
1886,2491
1886,2046
1875,2087
1875,2097
1867,2537
1863,2195
1838,2256
1836,1790
1831,2416
1829,1852
1827,4261
1823,1705
1819,1561
1818,1504
1795,5320
1795,1776
1795,1684
1786,1453
1786,1797
1786,1957
1781,2532
1781,1744
1781,1775
1762,1590
2699,3128
2693,3488
2656,4225
2645,3372
2640,3861
2612,3383
2608,3988
2581,3912
2554,3266
2548,3678
2539,3068
2531,3210
2511,3146
2507,3466
2496,3222
2495,3005
2492,3146
2490,3682
2482,3199
2472,3235
2407,3566
2400,3531
2385,3082
2379,3021
2364,3593
2361,2948
2330,2762
2320,3247
2292,3327
2261,2701
2243,2676
2233,3089
2231,2541
2227,2541
2209,2487
2206,2980
2167,2484
2167,2462
2165,2864
2149,2810
2147,2328
2145,2390
2134,5823
2127,2426
2126,2064
2085,2203
2082,2380
2082,2221
2066,5482
2063,2631
2063,2365
2034,1945
2034,2099
2029,2828
2016,2271
2014,2232
2011,2641
2010,1992
1997,2266
1995,2118
1991,5005
1991,2101
1990,2231
1988,1967
1986,4415
1984,2077
1942,1882
1940,2141
1937,1908
1937,2031
1926,1850
1926,2297
1924,1886
1915,1820
1903,2155
1887,1625
1882,1621
1880,1633
1878,2049
1874,1680
1870,1646
1869,1559
1846,3655
1846,2072
1837,1417
1837,1793
1837,1553
1832,1615
1832,1621
1832,1651
1813,1527
1811,1569
2736,3130
2706,3916
2695,3254
2690,3247
2662,3619
2658,3262
2639,4665
2604,3217
2598,3113
2589,3404
2581,3351
2561,3059
2557,3019
2546,3619
2545,3598
2542,3114
2540,3016
2532,3442
2522,3425
2458,3023
2451,3052
2436,3360
2425,2917
2415,2909
2415,3315
2401,3345
2388,2751
2351,2846
2345,3205
2316,2714
2299,2647
2284,6487
2279,2727
2274,2201
2270,2228
2258,2175
2256,2312
2200,2524
2200,2812
2196,2395
2185,6122
2185,2842
2177,2460
2140,2501
2136,2486
2133,2601
2117,2153
2117,2406
2114,2774
2085,2514
2085,2331
2082,2450
2080,5619
2065,2221
2062,1792
2061,2043
2048,2107
2046,2250
2042,1983
2042,2729
2041,2208
2039,2336
2037,2613
2035,2025
1993,4978
1991,2344
1988,1645
1988,1682
1977,1961
1977,2581
1975,1806
1972,1958
1972,2278
1960,1918
1953,1851
1936,1886
1935,2203
1929,1822
1929,1626
1927,2113
1923,1815
1921,1640
1920,4533
1888,2152
1888,1398
1883,1405
1883,3923
1883,1741
1864,1387
1864,1422
1862,1620
1858,1681
2748,3594
2737,3661
2734,4030
2711,3362
2693,3683
2682,3221
2655,3061
2648,3630
2639,3130
2632,3850
2612,3347
2608,3448
2596,3865
2594,3110
2591,3701
2584,3180
2575,2868
2510,3468
2503,3178
2502,2744
2487,3446
2476,3476
2461,2643
2466,2841
2455,2856
2448,3385
2425,3438
2419,2828
2398,2785
2387,3290
2360,2763
2346,6893
2331,2774
2329,2259
2319,2221
2315,2311
2306,2264
2274,2204
2249,2395
2236,2758
2236,2372
2229,2413
2191,2676
2187,2322
2184,2287
2168,2847
2168,2379
2165,5845
2165,2867
2136,2500
2133,2587
2131,2057
2118,2589
2116,2088
2113,1938
2112,2658
2099,2132
2093,2140
2093,2097
2092,2553
2090,2189
2088,1985
2086,4952
2044,1994
2042,1793
2042,2114
2039,2251
2039,5146
2028,2404
2028,2024
2026,1604
2023,1742
2012,2240
2010,1916
2010,4538
2002,2258
2001,2149
1985,1590
1984,2198
1980,1743
1978,4515
1976,1807
1974,1542
1951,1422
1951,1544
1934,1674
1934,1610
1934,1705
1915,1617
1915,1527
1913,1559
1909,1510
2799,3134
2788,3860
2785,3298
2762,3747
2744,3300
2733,3677
2706,3386
2699,3705
2690,3167
2683,3709
2663,3164
2650,3022
2647,3356
2645,2949
2642,2991
2635,3412
2626,2841
2561,3348
2554,3214
2538,2812
2538,2660
2527,3171
2517,2677
2517,2733
2504,2691
2499,3006
2476,2678
2473,2555
2469,2525
2455,2943
2441,3156
2431,2736
2400,2684
2393,3172
2372,2765
2372,2726
2334,3119
2330,2624
2323,2481
2310,2481
2287,3154
2279,2451
2242,2292
2238,2921
2235,2325
2219,2367
2219,2862
2216,2361
2187,2283
2187,2273
2184,5846
2182,2355
2169,1932
2167,1964
2163,1951
2150,2082
2148,5297
2144,2171
2144,1825
2143,2628
2141,2587
2139,2180
2137,5313
2095,2395
2093,2079
2090,1798
2090,1915
2079,2442
2079,1801
2077,4591
2077,2340
2074,2153
2062,1649
2061,2321
2059,4662
2059,1957
2059,1588
2051,1638
2050,1771
2030,1762
2029,4482
2029,1842
2006,1516
2004,1914
1997,1616
1997,1684
1985,2150
1966,3777
1966,1699
1964,1504
1960,1432
1960,1750
2838,3110
2835,3829
2813,3481
2795,3893
2784,3117
2757,3538
2750,3164
2735,2996
2714,3009
2710,3556
2701,3035
2698,3051
2696,3685
2693,3263
2685,3797
2675,3000
2611,3573
2604,2843
2589,3415
2580,2769
2563,2724
2563,3220
2557,2825
2550,2642
2549,3293
2525,2730
2523,2587
2515,3093
2515,2689
2508,2605
2505,3014
2480,3121
2457,2379
2434,2323
2392,2745
2387,2867
2376,2868
2361,2395
2361,2336
2353,2488
2316,2990
2286,2396
2286,2491
2270,2923
2267,2383
2267,2328
2238,2838
2238,2316
2233,2292
2220,2795
2218,2237
2215,2363
2214,5603
2201,2229
2199,1830
2195,1848
2195,1998
2192,2082
2190,2536
2188,2070
2146,2033
2144,2537
2144,2163
2141,1948
2141,2574
2130,2040
2130,1953
2128,2004
2125,2716
2114,1919
2112,1704
2110,4856
2110,1953
2110,1658
2108,2229
2107,1854
2100,1725
2100,1668
2094,2382
2069,1639
2057,4708
2056,2323
2048,1484
2048,1498
2048,1558
2029,2042
2027,1485
2027,1532
2011,2063
2010,1474
2010,4061
1995,1641
2857,3614
2834,3723
2808,3670
2802,3305
2792,3633
2785,3134
2765,3583
2761,3057
2750,2963
2749,3517
2746,2974
2744,3513
2736,2916
2726,3420
2662,3057
2655,2903
2640,3294
2629,2939
2614,2810
2614,2785
2603,3308
2596,2779
2578,2647
2576,2581
2574,2973
2566,2936
2566,2516
2559,2498
2552,3193
2552,2560
2531,2514
2527,2521
2478,2950
2465,2408
2457,2317
2417,2307
2412,2187
2404,2572
2367,2568
2363,2500
2360,2456
2344,2511
2321,2545
2318,2806
2289,2356
2289,2358
2286,2718
2284,2356
2271,2209
2269,2199
2265,2732
2252,2268
2250,5431
2246,2237
2246,1921
2245,1938
2243,2382
2241,2754
2239,2111
2197,2154
2195,2697
2192,2308
2192,2364
2192,2434
2181,2002
2181,2037
2179,2071
2176,4877
2165,2016
2163,1735
2163,1866
2161,1916
2161,1778
2159,2351
2158,1931
2158,1888
2151,4695
2151,1944
2126,1646
2120,2241
2118,2263
2101,1775
2100,1803
2099,2307
2080,1640
2080,1788
2078,2148
2074,1746
2074,4259
2061,1737
2046,1419
2046,1557
2896,3084
2885,3461
2859,3863
2852,3717
2843,3624
2836,3599
2812,3088
2803,3429
2800,2990
2798,3384
2795,3040
2788,3531
2779,3143
2714,3075
2707,3900
2691,3077
2691,3348
2680,2975
2665,2997
2665,3170
2654,2967
2652,3000
2629,3027
2626,2784
2625,2844
2617,2945
2617,2971
2610,2542
2610,2550
2603,2921
2584,2626
2578,2499
2569,2532
2516,2912
2508,2325
2472,2268
2467,2345
2456,2645
2418,3150
2414,2617
2411,2729
2411,3049
2372,2838
2369,2355
2369,2501
2340,2891
2340,2596
2335,2449
2322,2351
2320,3061
2317,2198
2316,2169
2303,2300
2301,3022
2297,2274
2297,2290
2296,5799
2294,2291
2292,2589
2290,2350
2248,1795
2246,1737
2243,1835
2243,2507
2232,2490
2232,3772
2230,1922
2230,2376
2227,2208
2215,2214
2214,2230
2212,2317
2212,2239
2212,2335
2210,2625
2209,1991
2202,1991
2202,2620
2202,1943
2171,1992
2161,2316
2158,2154
2150,1903
2150,1800
2150,2158
2131,2029
2129,5318
2129,1866
2113,1481
2113,2183
2112,2240
2097,2011
2966,3158
2945,4414
2937,3339
2910,3552
2903,3526
2888,3148
2867,3521
2863,3229
2854,3159
2851,3430
2849,3147
2846,4009
2839,3159
2830,3009
2765,2848
2758,3209
2742,2772
2733,3161
2731,2774
2716,3119
2716,2762
2708,3117
2703,3038
2680,2789
2677,3492
2676,3088
2668,3603
2668,2680
2661,2938
2661,3520
2651,2661
2624,2610
2610,2968
2606,2700
2549,2390
2537,2989
2514,2450
2514,2463
2507,2297
2469,2795
2465,2854
2462,2441
2439,2405
2423,3073
2420,2946
2420,2423
2391,2369
2388,2966
2386,2395
2373,2363
2371,2947
2368,2970
2367,2342
2354,2340
2352,2762
2348,2951
2348,2380
2347,2204
2345,2845
2343,2409
2341,2349
2299,2255
2297,2750
2294,2135
2294,5856
2283,2633
2283,1872
2281,1808
2281,1809
2278,1899
2266,2530
2265,1918
2263,1984
2263,2622
2263,2006
2261,1894
2260,1924
2247,2555
2247,1954
2235,1953
2211,2243
2210,1842
2208,1791
2201,4536
2201,2257
2201,1914
2182,2329
2168,2340
2168,1978
2164,1813
2164,1932
2163,2340
3019,3580
3017,3942
2996,3679
2988,4109
2961,3376
2954,3572
2945,3533
2918,3336
2914,4032
2905,3203
2902,3900
2900,3074
2897,3107
2890,3434
2881,3024
2816,3739
2809,3518
2808,3384
2793,3233
2782,3563
2767,2920
2772,3262
2761,2761
2754,3230
2731,2719
2729,3097
2727,2840
2719,3131
2719,3134
2709,3610
2703,2683
2683,2685
2663,3595
2637,2611
2624,2968
2591,2478
2584,2427
2580,2454
2565,2690
2558,2308
2534,2338
2493,2676
2490,2760
2490,2598
2474,2199
2471,2950
2471,3091
2442,2346
2442,2366
2439,3009
2424,2519
2422,2526
2419,2777
2418,2475
2405,2550
2403,2919
2399,2386
2399,2401
2398,2786
2396,2474
2394,2380
2392,2299
2350,2640
2348,2151
2345,2148
2345,2824
2334,2160
2334,2264
2334,2593
2332,2126
2329,2286
2318,2655
2316,2053
2314,2181
2314,2611
2314,2285
2306,2205
2305,2621
2291,2162
2285,2133
2284,2588
2261,5251
2261,1930
2259,2083
2252,2259
2252,1673
2240,2449
2221,5017
2221,1840
2219,1555
2215,1799
2215,1737
3093,3264
3090,4092
3070,4265
3050,4427
3039,4249
3012,3464
3006,3252
2996,3728
2989,4060
2969,3246
2965,3698
2954,3666
2953,3095
2950,3557
2948,4190
2940,3126
2930,3596
2866,2915
2859,3145
2844,3289
2835,2872
2823,3349
2823,3222
2812,3669
2810,2953
2804,3630
2780,2909
2778,2868
2767,2699
2761,2697
2746,2677
2737,3048
2700,2632
2678,2926
2678,2791
2673,3129
2638,3347
2632,2882
2627,2814
2593,2814
2586,3042
2585,2339
2548,2255
2544,2208
2541,2565
2525,2559
2525,2264
2522,2166
2493,2109
2493,2164
2490,2457
2488,2583
2475,2116
2473,2153
2470,2071
2456,2468
2454,2431
2450,2050
2450,1989
2449,2157
2447,2779
2445,2919
2443,2490
2401,2210
2399,2923
2396,2415
2396,6069
2396,2257
2385,1891
2385,1869
2383,1848
2380,2227
2369,2257
2367,1985
2367,2224
2359,2163
2358,2519
2342,2310
2341,5761
2337,2038
2335,1704
2333,1725
2310,1663
2308,1706
2308,1955
2291,2392
2291,2054
2291,5546
2272,2202
2272,1604
2270,1638
2266,1989
3154,3359
3145,3874
3121,4342
3119,4087
3098,3480
3090,4209
3063,3675
3048,3383
3041,3268
3020,3610
3016,3416
3007,3959
3004,3233
3002,3239
2999,3687
2992,3196
2983,3145
2918,3943
2911,2982
2895,3514
2891,3030
2874,2877
2874,3297
2874,2942
2861,3726
2855,3328
2833,3301
2826,2732
2812,3244
2798,2639
2795,3136
2761,2678
2750,2968
2737,2594
2729,2964
2725,2776
2687,3508
2683,2803
2678,2783
2644,3158
2644,2477
2636,3023
2599,2701
2595,2338
2592,2707
2576,2853
2576,2590
2573,2679
2573,3041
2544,2677
2541,2473
2539,3066
2526,2569
2524,2673
2521,3047
2520,2417
2507,2412
2505,2971
2501,2495
2501,2206
2500,2635
2498,2505
2496,2390
2494,2462
2452,2835
2450,2305
2447,2308
2447,2775
2436,2321
2436,2053
2434,2032
2434,2524
2431,1960
2419,5733
2418,2172
2410,1747
2395,1705
2394,1709
2388,1764
2388,1718
2384,1758
2382,1972
2380,2535
2359,2090
2347,2094
2347,2144
2342,2629
2342,2004
2342,1948
2323,1905
2323,2593
2321,1887
3214,3830
3209,4723
3200,4257
3172,3984
3170,3407
3152,3489
3141,3893
3114,3991
3107,3769
3098,3232
3091,3696
3067,3261
3058,3746
3055,3678
3053,3133
3050,3386
3043,3737
3034,3773
2969,3114
2968,3146
2966,3723
2951,3377
2940,3051
2925,3617
2925,3060
2914,3003
2904,3379
2875,2924
2858,3175
2854,3452
2818,2805
2796,3256
2789,2591
2787,3075
2782,2664
2768,3123
2766,2605
2726,2990
2710,2420
2708,2419
2695,2457
2695,2514
2688,3442
2650,2683
2646,2471
2643,3254
2643,2650
2627,2900
2624,2812
2624,2350
2595,2320
2592,2288
2590,2332
2577,2271
2575,2244
2572,2263
2571,2223
2558,2178
2556,2221
2552,2303
2552,2506
2549,2410
2547,2183
2547,2202
2545,2197
2503,2061
2501,2491
2498,2252
2498,2845
2487,2221
2487,2269
2485,2811
2482,2228
2471,2324
2463,2082
2448,2653
2445,2191
2441,2109
2439,2065
2437,2658
2435,2035
2431,2012
2430,2491
2407,2194
2398,2082
2398,2564
2393,2204
2393,2115
2393,2513
2374,2100
2374,2089
2372,5310
3264,3993
3260,4570
3248,4459
3223,4478
3221,4468
3200,3497
3192,3510
3165,3605
3150,3886
3143,3780
3122,3207
3118,3594
3109,3339
3106,3729
3103,3841
3101,3170
3093,3505
3083,3171
3020,3560
3013,2998
3002,2958
2993,3855
2976,2994
2976,3027
2965,3447
2960,2921
2948,3392
2909,3485
2905,3326
2863,3253
2847,2612
2845,3077
2838,2633
2833,3060
2819,2550
2817,3008
2777,2463
2761,2417
2759,3086
2757,2683
2746,3590
2739,2496
2738,2592
2697,2874
2694,2577
2694,2401
2678,2880
2675,2526
2675,2378
2646,2207
2646,2956
2641,2281
2628,2204
2626,2593
2623,2251
2622,2259
2609,2227
2607,2604
2603,2265
2603,2266
2602,2910
2600,2740
2598,2326
2596,2826
2554,2962
2552,2373
2549,2307
2549,2614
2538,2437
2538,2197
2536,2804
2527,2207
2515,2387
2500,2065
2498,2656
2492,2038
2492,5328
2488,2115
2486,1707
2482,1760
2481,1719
2458,1717
2449,1724
2449,2262
2449,2669
2444,1739
2444,1840
2444,2458
2425,1815
2425,1707
2423,2675
2419,1799
3307,3393
3298,3917
3274,3758
3272,4139
3251,4044
3243,3628
3216,3421
3201,3530
3194,3911
3173,3915
3169,3994
3158,3901
3157,3788
3154,3869
3152,3434
3144,3349
3134,3351
3070,3574
3063,3969
3048,3097
3042,3189
3027,3527
3018,3682
2993,4248
2983,3018
2932,2709
2920,3389
2904,2767
2894,2976
2890,3785
2872,2591
2869,2699
2830,3064
2830,2595
2828,3107
2812,2614
2810,3131
2808,3437
2797,2502
2790,2531
2752,2453
2748,2299
2745,2353
2729,2230
2729,2747
2726,2315
2697,2175
2697,2852
2694,2236
2679,2996
2677,2167
2674,2130
2673,2792
2660,2080
2654,2096
2654,2781
2653,2137
2651,2044
2649,2679
2647,2116
2605,1945
2603,2697
2600,2453
2600,2690
2589,3147
2589,4319
2581,2061
2563,1866
2550,1965
2545,1971
2543,2114
2541,2080
2537,2058
2533,2206
2509,2231
2509,1777
2509,2015
2500,2360
2500,1944
2500,2047
2495,1910
2495,1957
2476,1821
2476,1751
2474,2319
2470,2024
2470,1772
2469,1705
2454,1836
2454,1738
2452,1679
2450,2395
3254,3221
3245,4159
3238,3544
3215,3442
3206,3263
3203,3977
3201,3809
3198,3333
3191,3337
3182,3256
3122,3929
3115,3711
3099,3258
3090,3180
3088,3558
3073,2981
3073,3006
3057,3644
3046,3616
3014,2824
3008,2954
2972,3192
2965,2704
2949,3402
2942,3187
2939,2750
2935,3112
2921,2698
2919,3225
2886,2788
2863,2510
2859,3104
2848,2743
2841,3138
2840,2612
2803,2766
2796,2323
2796,2283
2780,2335
2777,2613
2777,2314
2748,2218
2748,2314
2745,2198
2730,2679
2728,2147
2725,2130
2724,2674
2711,2603
2709,3119
2705,2475
2705,2475
2704,2666
2700,2583
2698,2464
2656,2624
2654,2295
2651,2310
2651,2410
2651,2794
2640,2938
2640,2040
2638,1950
2635,1916
2624,2279
2622,2104
2620,1873
2620,1877
2620,2454
2612,2060
2611,1988
2592,2027
2591,2667
2590,2216
2567,2041
2565,2604
2565,2238
2558,1855
2558,2259
2539,1808
2527,1789
2525,1785
2521,2216
2521,1999
2520,2014
2505,4931
2505,1952
2503,2016
2503,2086
2501,1594
2501,1602
2501,1613
3268,3292
3264,4249
3253,3568
3252,3477
3249,3493
3247,3459
3239,3876
3229,3772
3172,3932
3165,3840
3150,3219
3141,3000
3124,2990
3124,4097
3113,3587
3111,2905
3105,2939
3081,3381
3080,3858
3076,2999
3076,2888
3076,3602
3069,3467
3062,2993
3043,2931
3038,3292
3016,2840
2974,2612
2951,3148
2942,2662
2922,2878
2915,3130
2914,2664
2873,2959
2870,2446
2870,2853
2854,2376
2828,2365
2828,2337
2799,2365
2799,2438
2796,2478
2794,3054
2779,2343
2776,2837
2775,2300
2762,2208
2760,2805
2756,2193
2756,2154
2755,2852
2753,2190
2751,2613
2749,2184
2707,2105
2705,2079
2702,2051
2702,2560
2702,2021
2691,2005
2691,1989
2689,2389
2686,1980
2675,1989
2674,1991
2673,2553
2671,1917
2671,1889
2669,2297
2669,2006
2668,1877
2661,1938
2661,1962
2661,1975
2636,1799
2628,2321
2628,1888
2611,1746
2610,2298
2609,1874
2590,1755
2588,1808
2588,2178
2584,2178
2583,1767
2571,1662
2556,1678
2556,2114
2554,1748
2554,1670
2552,1695
2552,1709
3330,3292
3320,4429
3316,4620
3307,4393
3304,3899
3302,3874
3299,3577
3292,3255
3283,3273
3224,3362
3217,3662
3201,3261
3192,3031
3175,2984
3175,3810
3175,2993
3162,3024
3157,3538
3134,2907
3136,2979
3135,3618
3127,2976
3127,3001
3120,3424
3113,3251
3113,2983
3092,3382
3091,2898
3085,2884
3039,3115
3019,2762
2999,3007
2982,2712
2970,2844
2928,3022
2924,2537
2921,2842
2921,2415
2905,2753
2902,2499
2879,2808
2850,2418
2850,3200
2847,2897
2832,2900
2830,2743
2827,3078
2826,2204
2813,2200
2811,2682
2807,2171
2807,2431
2806,2168
2804,2240
2802,2510
2800,2126
2758,2049
2756,2417
2753,2016
2753,2030
2753,2701
2742,1990
2742,1991
2740,2447
2737,2500
2726,2776
2725,2145
2724,2194
2722,2666
2722,2024
2720,1980
2720,2447
2719,1984
2712,1949
2712,2022
2712,2526
2687,1998
2679,2040
2679,1868
2662,2383
2661,2022
2660,2155
2641,2008
2641,2571
2639,2268
2635,2222
2635,2737
2622,2316
2607,2294
2607,2310
2605,2771
2605,2291
3414,3742
3407,4855
3398,4294
3391,3940
3372,3572
3368,3533
3357,4180
3356,4505
3353,3927
3351,3324
3343,3382
3333,3407
3274,3318
3267,3122
3252,3462
3241,3070
3226,3422
3226,3446
3220,2991
3213,3419
3212,3377
3188,3416
3186,3042
3178,3275
3178,3443
3178,3325
3171,2867
3164,2972
3145,3822
3140,3177
3130,2891
3078,2746
3076,3156
3048,2908
3028,3102
3017,3062
3016,2741
2979,2475
2975,2414
2972,2588
2956,3142
2933,2700
2930,3307
2901,2494
2901,2885
2898,2304
2896,2774
2883,2262
2881,2714
2877,2294
2864,2751
2862,2287
2858,2865
2858,2774
2857,2541
2855,2354
2853,2420
2851,2752
2809,2075
2807,2827
2804,2088
2804,2168
2793,2541
2793,2141
2793,2015
2791,2125
2788,2092
2776,2231
2775,2018
2773,2016
2773,2545
2773,2107
2771,2206
2770,2870
2763,2638
2763,2368
2757,2851
2732,2302
2720,2044
2719,2143
2711,2544
2711,2003
2711,1971
2692,1862
2690,2713
2690,2257
2674,2042
2673,2153
2673,2685
2658,2464
2658,2148
2656,2115
3484,3362
3460,4100
3451,3879
3444,3527
3424,3962
3420,3709
3409,3407
3408,3675
3405,3975
3403,4038
3395,3772
3385,3722
3325,3208
3319,3645
3303,3157
3294,3648
3277,3533
3277,3546
3282,3117
3269,3579
3263,3522
3239,3200
3237,3023
3229,2963
3229,3413
3229,2902
3222,3257
3212,3309
3187,3276
3173,2941
3167,2820
3110,3362
3105,2803
3090,2828
3075,3030
3068,2826
3067,2955
3030,2451
3000,3141
3000,2643
2984,2839
2984,2600
2981,2833
2952,2357
2952,2640
2949,2389
2947,2444
2932,2822
2929,2341
2928,2702
2915,2282
2913,2802
2909,2647
2909,2468
2908,2281
2906,2457
2904,2788
2902,2279
2860,2574
2858,2202
2855,2516
2855,2284
2844,2397
2844,2163
2842,2065
2842,2587
2839,2302
2827,2851
2826,2606
2824,2701
2824,2249
2824,2441
2822,2778
2821,2059
2808,2353
2796,1959
2795,1966
2771,2390
2769,1974
2769,1857
2762,2300
2762,1950
2762,1872
2731,2280
2729,1853
2729,1783
2725,2211
2724,1840
2724,1793
2709,1800
2707,1927
2707,1763
3516,3778
3509,4178
3500,4777
3493,4502
3474,3951
3470,4115
3458,3796
3456,3710
3453,3651
3446,3545
3437,3303
3377,3582
3370,3313
3354,3304
3345,3304
3343,3762
3328,3396
3328,3247
3320,4103
3314,3572
3292,3474
3289,3742
3280,3903
3280,3100
3277,3214
3264,3302
3244,3150
3202,3058
3195,3242
3185,3308
3152,3006
3145,2695
3141,3092
3126,2592
3119,2558
3095,3445
3054,3423
3051,2581
3051,2965
3035,2549
3032,2444
3032,2494
3003,2397
3000,2970
2998,2945
2985,2785
2983,2603
2980,2628
2979,2407
2966,2675
2960,2359
2960,2637
2959,2237
2957,3097
2955,2716
2953,2795
2911,2302
2909,2614
2906,2160
2906,2667
2895,2109
2895,2509
2895,2149
2893,2554
2890,2101
2878,2998
2877,2250
2875,2601
2875,2440
2875,2098
2867,2092
2866,1988
2847,1979
2846,1986
2845,2398
2822,2026
2820,1936
2820,1937
2813,1934
2813,2600
2801,2196
2782,2199
2780,2584
2780,2502
2776,2187
2775,2645
2775,1982
2760,2259
2760,1830
2758,1930
2756,1839
2756,1971
3547,3756
3540,4461
3525,4370
3521,4340
3510,4343
3509,3639
3506,3541
3504,3971
3496,3463
3486,3484
3427,3354
3420,3317
3405,3178
3396,3748
3379,3241
3379,3118
3368,4040
3366,3614
3365,3660
3341,3442
3339,3898
3331,3496
3322,2974
3308,2935
3298,3065
3268,2860
3245,3303
3239,3279
3236,3681
3201,2863
3197,2777
3188,3191
3177,3327
3147,2787
3146,2876
3109,3034
3105,2600
3102,2493
3086,3093
3086,2970
3083,2506
3054,2557
3054,2534
3051,2900
3049,2436
3036,2874
3034,2912
3031,2540
3017,2714
3015,2376
3011,2800
3011,2387
3010,2705
3008,2266
3006,2905
3004,2675
2962,2267
2960,2298
2960,2283
2957,2152
2957,2176
2946,2607
2946,2132
2944,2620
2941,2623
2930,3046
2929,2165
2928,2725
2920,2062
2919,2496
2903,2053
2902,2089
2898,1977
2896,2031
2894,1973
2892,2460
2869,2287
2869,2941
2857,2020
2852,1969
2852,2696
2852,1965
2833,2807
2831,2049
2831,1953
2827,2366
2826,1955
2826,1961
2811,1882
2811,1801
2809,2207
2809,1870
3612,3836
3603,5013
3596,4357
3576,3832
3572,3956
3563,3750
3560,3685
3558,4021
3555,3932
3548,4608
3539,3838
3479,3661
3472,4340
3456,3673
3447,3795
3445,4158
3430,3262
3435,3295
3422,3268
3417,3241
3391,3188
3382,3124
3366,3137
3356,3489
3322,3308
3301,3647
3299,3324
3296,3362
3284,2890
3278,2861
3273,2907
3220,2787
3218,3145
3216,3072
3205,3304
3198,2662
3197,3093
3156,3065
3153,2641
3153,3077
3137,3023
3134,2494
3134,2567
3105,2967
3105,2476
3102,2848
3100,3466
3087,2587
3082,2858
3081,2433
3068,2406
3066,2808
3062,2357
3062,3289
3061,2383
3059,2359
3057,2755
3055,2302
3013,2297
3011,2758
3008,2374
3008,2548
3008,2498
2997,2335
2997,2172
2995,2369
2992,2184
2975,2339
2973,2159
2958,2119
2951,2203
2951,2313
2947,2156
2945,2191
2941,2103
2940,2050
2917,2044
2917,2079
2908,2060
2908,2072
2908,2019
2903,2011
2903,1936
2903,1927
2884,2433
2882,1974
2882,2569
2878,1973
2878,1992
2877,2591
2862,1848
2862,1955
3711,4047
3703,4844
3675,4196
3668,4358
3653,4456
3632,4121
3628,3851
3619,3558
3616,3978
3614,4046
3611,3997
3604,3945
3595,3971
3530,3346
3529,3286
3522,3316
3507,3447
3501,3328
3483,3342
3477,3301
3452,3239
3442,3241
3413,3250
3380,3000
3363,3259
3355,2994
3351,2930
3347,3634
3331,3442
3328,3469
3289,2797
3289,2816
3289,3104
3271,3474
3271,3345
3269,3299
3256,2959
3256,2674
3249,3135
3211,3161
3207,2680
3204,2798
3204,3124
3188,2555
3185,2558
3185,3001
3156,2454
3156,2593
3153,3213
3151,2569
3136,2406
3133,2900
3132,2513
3119,2406
3117,3168
3113,2466
3113,2465
3112,2972
3110,2310
3108,2339
3106,3017
3064,2655
3062,2424
3062,2894
3059,2279
3053,2717
3041,2197
3027,2730
3024,2225
3017,2237
3017,2849
3003,2101
3000,2584
2992,2039
2991,2163
2968,1991
2968,2039
2968,1964
2968,2037
2968,2140
2968,2204
2959,2036
2959,2127
2959,2104
2954,1916
2954,1922
2954,2454
2935,1917
2935,1881
2933,2395
2933,1914
2929,1895
3870,4355
3865,4922
3845,4245
3838,4783
3803,4834
3772,4164
3764,4382
3749,4038
3741,3959
3718,4256
3713,4680
3702,3685
3701,3868
3696,3655
3689,4109
3680,4125
3613,4060
3616,3763
3601,3367
3570,3328
3556,3414
3514,3173
3507,3293
3474,3195
3464,3025
3438,3177
3428,3065
3409,2917
3398,2881
3359,3141
3359,2827
3359,2814
3359,3312
3359,3754
3359,3310
3340,2790
3340,2870
3336,3291
3325,3249
3325,3259
3317,2685
3280,3077
3272,3149
3272,3114
3254,2554
3254,2639
3251,3763
3221,3236
3221,3020
3214,2495
3212,2497
3194,3688
3191,2972
3188,2558
3175,2385
3173,2908
3169,3421
3169,2495
3168,2365
3166,2913
3164,2400
3162,2811
3119,2416
3117,2785
3114,2228
3114,2720
3103,2222
3097,2571
3093,2779
3076,2510
3075,2148
3058,2583
3057,2081
3053,2630
3051,2244
3045,2369
3044,2118
3021,2108
3021,2589
3021,1985
3021,2528
3012,1979
3012,2099
3012,3149
3007,2080
3007,2660
2988,2024
2988,2601
2986,1983
2986,2445
2982,1885
2981,2266
3912,4232
3897,5224
3868,4724
3855,4366
3823,4115
3815,4185
3800,4399
3792,3724
3769,3922
3764,4121
3753,4242
3752,4241
3749,3762
3747,3758
3739,4129
3729,3961
3663,3667
3661,3409
3644,3407
3633,3910
3618,3727
3615,3866
3592,3771
3570,3766
3566,3756
3513,3239
3501,3103
3478,2997
3478,3157
3474,2953
3463,2971
3451,3409
3448,2971
3410,2989
3408,2984
3391,3027
3389,3220
3387,3224
3376,3359
3369,3344
3368,2837
3331,2654
3323,2675
3323,3333
3305,3165
3305,2722
3302,2703
3272,2982
3272,3106
3265,2822
3263,2530
3249,2985
3245,2485
3239,2442
3226,3022
3224,2855
3220,2523
3220,2435
3219,2828
3217,2413
3215,2549
3213,2755
3170,2290
3168,2274
3165,2661
3165,2265
3165,2480
3154,2770
3154,2457
3151,2330
3142,2747
3129,2143
3114,2143
3112,2681
3106,2492
3106,2215
3102,2628
3100,2094
3096,2587
3095,2098
3072,2019
3072,2450
3063,2386
3063,2784
3063,2111
3058,2551
3058,2151
3058,2101
3039,1995
3037,1940
3037,2010
3033,1925
3973,3931
3968,4583
3948,4854
3941,4140
3916,4721
3906,4401
3866,4034
3856,4227
3844,4434
3820,3868
3815,3719
3806,4325
3803,4074
3801,3841
3798,4145
3791,4164
3789,3637
3722,3484
3713,3679
3697,3413
3686,3920
3669,3954
3669,3729
3669,3872
3647,3799
3635,3294
3596,3425
3563,3294
3555,3080
3531,3380
3529,3294
3522,3028
3515,3261
3502,3739
3499,3028
3461,3476
3442,3887
3442,3421
3440,3433
3427,3740
3427,3251
3419,3237
3382,2695
3378,3167
3374,2778
3356,2623
3356,3008
3353,3263
3323,2674
3323,2725
3316,2602
3314,2940
3300,3314
3296,3063
3293,2591
3277,2458
3275,3140
3271,2900
3271,2620
3270,2472
3268,2485
3266,3167
3264,2439
3221,2317
3219,2771
3216,2378
3216,2613
3205,2919
3205,2359
3205,2362
3202,2951
3199,2248
3181,2324
3178,3214
3162,2695
3161,2175
3157,2641
3155,2217
3153,2152
3149,3174
3147,2110
3146,2249
3114,2551
3114,2057
3114,2448
3109,2048
3109,2714
3109,2505
3090,2467
3088,2379
3088,2026
3084,1973
4193,4725
4188,5681
4166,5369
4159,5100
4119,5241
4086,5358
4078,4447
4066,5435
4053,4282
4030,5237
4025,4757
4014,5045
4011,4659
4008,5017
4005,5363
3997,4570
4013,4564
3941,4443
3922,4445
3903,4353
3890,4750
3872,3883
3872,5136
3852,3969
3843,4879
3808,3856
3788,4497
3784,4474
3744,3710
3733,3916
3704,3933
3700,4193
3694,3442
3679,3387
3671,3281
3630,3170
3604,4002
3600,3675
3586,3593
3575,4067
3574,3544
3522,3477
3515,3562
3514,3287
3492,3296
3488,3274
3487,3864
3455,3075
3446,2803
3442,2815
3428,2824
3424,2927
3420,2717
3417,3700
3401,3065
3397,3133
3395,2636
3394,2921
3392,2714
3390,2612
3387,2691
3343,3461
3339,2869
3332,2456
3329,2458
3317,2421
3317,3426
3313,2922
3310,2429
3310,2384
3293,2583
3292,2977
3289,2377
3283,2347
3280,2305
3266,2928
3265,2727
3253,2403
3253,2320
3228,2304
3226,2723
3222,2613
3217,2314
3203,2213
3202,2526
3179,2157
3176,2744
3176,2584
3169,2156
3168,2621
3168,2102
3148,2090
4199,4602
4185,4747
4152,5788
4141,4934
4119,4616
4094,4839
4089,5088
4079,4653
4074,5142
4070,4659
4067,4621
4059,4675
4045,4877
3976,4811
3958,4552
3943,4871
3955,4766
3934,4358
3933,4880
3914,4447
3904,5870
3900,3729
3875,4299
3872,3848
3862,4553
3862,4671
3851,4277
3844,4214
3816,3571
3794,4042
3756,4444
3745,3532
3699,4166
3692,3998
3665,3373
3663,3415
3654,3169
3584,3022
3579,3287
3572,3078
3549,2916
3547,3215
3543,2891
3510,2841
3510,2872
3501,3206
3497,2928
3482,3243
3474,3215
3471,3336
3457,3132
3455,2742
3451,2918
3449,2715
3448,2740
3446,2849
3444,3596
3441,3107
3395,2926
3392,2520
3385,2742
3382,2569
3370,2560
3370,2859
3366,2996
3363,2491
3348,2415
3346,2590
3346,2558
3343,2437
3343,3018
3341,2859
3340,2373
3334,2493
3325,2445
3312,2415
3280,2777
3278,3065
3278,2298
3269,2424
3269,2712
3268,2228
3231,2352
3228,2223
3221,2784
3221,2193
3220,2163
3220,2835
3200,2375
3198,2197
3198,2847
3193,2075
4171,4589
4159,4956
4137,4335
4132,5187
4120,4699
4117,4792
4113,5119
4110,4450
4102,4906
4088,4762
4027,4882
4009,4801
3991,3954
3978,4595
3959,3893
3984,4572
3964,4003
3955,4412
3928,3810
3926,4424
3923,4448
3913,4093
3913,4729
3905,3846
3892,4197
3882,4581
3844,3831
3840,4216
3766,4094
3755,4087
3743,3384
3716,4244
3714,3932
3704,3818
3657,4008
3652,3142
3622,3066
3600,3149
3598,2957
3594,3061
3561,3430
3561,3259
3552,3283
3548,3480
3533,2903
3525,2810
3522,2888
3508,3110
3506,2902
3502,3154
3500,3073
3499,3084
3497,2716
3495,2726
3492,2723
3446,3291
3443,2950
3436,2591
3433,2510
3421,3278
3421,2560
3417,2969
3414,2964
3414,3518
3398,2460
3397,2471
3394,2942
3394,3251
3392,2976
3392,2410
3391,2438
3382,2699
3375,3081
3375,2929
3334,2271
3329,2313
3320,2984
3320,2410
3319,2235
3297,2179
3296,2175
3279,2540
3272,2263
3272,2643
3271,2126
3251,2146
3251,2191
3249,2619
3249,2733
3244,2260
3243,2213
3243,2647
4235,4176
4230,5323
4218,4926
4215,4575
4211,5018
4208,4928
4200,4517
4186,4663
4125,4412
4107,4485
4089,4448
4076,4593
4058,4370
4057,4603
4038,4489
4058,4646
4031,4713
4029,4410
4026,4326
4016,5066
4016,3958
4007,4393
3996,3839
3992,3770
3960,4507
3951,4506
3882,4194
3878,3808
3839,4153
3808,4267
3796,3629
3795,4002
3748,4098
3736,3780
3735,3282
3690,3165
3685,3048
3684,3199
3652,3503
3652,3661
3639,3676
3624,3624
3620,3465
3616,3574
3613,3453
3597,3391
3593,3487
3591,3354
3590,3480
3588,3500
3586,3443
3583,3307
3536,3489
3532,3242
3525,3272
3522,3630
3510,3219
3510,2639
3506,2691
3503,2733
3488,2730
3487,2623
3486,2879
3483,2700
3483,2602
3481,3397
3478,3223
3469,3091
3469,2524
3468,2771
3438,2586
3432,2544
3426,2451
3417,2734
3404,2392
3379,2945
3375,2787
3372,2672
3365,2364
3365,2842
3364,2780
3343,2315
3330,2394
3328,2903
3323,2701
3322,2190
3322,2225
3322,3140
3312,2275
3310,2245
3310,2361
3309,2722
4267,4113
4261,4995
4247,5456
4188,4152
4170,4802
4152,4214
4139,4889
4120,4042
4120,4869
4098,4189
4090,4679
4065,4248
4063,4636
4053,4333
4053,4377
4070,4382
4059,4343
4033,4552
4031,3826
4025,4434
3972,3673
3965,3748
3938,4147
3934,4548
3920,3506
3849,4400
3831,4164
3826,3642
3783,3460
3779,3992
3730,3943
3730,3224
3721,3287
3702,3626
3698,3529
3694,3669
3691,3603
3677,3301
3652,2874
3650,2870
3649,2874
3647,2899
3645,2933
3642,3077
3595,2729
3591,2745
3584,2932
3581,2827
3570,2679
3570,3321
3570,2713
3566,2713
3563,2717
3547,2635
3546,2782
3543,2702
3543,2747
3543,2622
3541,3063
3538,3299
3529,3147
3529,3142
3528,3176
3496,3079
3494,3025
3494,3038
3485,3027
3484,2484
3483,2453
3454,2397
3450,2892
3449,2364
3438,2404
3432,2911
3432,3095
3399,2780
3397,2256
3397,2242
3392,3286
3391,2914
3391,2361
3391,2229
3369,2344
3367,2815
3367,2289
3366,2228
3366,2715
3365,2495
3364,2196
3337,2157
3337,2711
3337,2090
4181,3855
4179,4825
4164,4280
4164,4627
4142,4149
4136,4738
4111,4165
4107,4927
4107,3855
4097,4737
4097,4573
4089,4644
4088,4576
4074,4756
4052,3976
4072,4742
4069,3989
4020,4282
4013,4154
4008,3803
3982,4493
3971,3712
3968,4114
3896,4148
3875,3373
3861,3342
3832,4177
3816,3465
3811,3288
3778,3245
3778,3690
3769,3639
3765,3677
3750,3577
3725,3828
3718,2957
3704,2988
3702,2990
3698,2997
3696,3304
3695,2896
3693,3008
3691,3194
3688,2892
3688,2846
3641,2785
3638,3351
3631,3261
3628,3246
3617,3396
3617,3181
3613,3078
3613,3402
3610,3189
3594,2764
3593,2612
3590,2726
3590,2726
3590,2643
3588,3015
3585,2723
3585,2592
3576,2645
3575,2703
3542,2554
3542,2568
3540,3534
3530,2725
3527,2874
3520,2897
3519,3027
3481,2553
3475,2320
3475,2560
3468,2407
3467,2392
3467,2782
3445,2269
3433,2416
3431,2407
3431,2749
3426,2752
3425,2563
3425,2259
3415,2655
3415,3681
3413,2621
3413,2236
3412,2237
3412,2690
3411,2994
3411,2329
4335,4125
4289,4956
4271,4861
4253,4362
4240,4739
4221,4272
4220,4511
4201,4121
4198,4574
4190,4588
4164,4111
4162,4740
4152,4116
4152,4690
4178,4393
4168,4557
4158,4224
4132,4485
4130,4207
4115,4685
4043,3953
4031,4587
4006,3594
3974,3991
3955,3507
3954,3487
3905,3791
3893,3720
3892,3390
3869,3274
3842,3256
3841,3221
3809,3483
3809,3658
3800,3625
3781,3507
3777,3703
3773,3093
3770,3420
3756,3036
3754,3008
3749,3373
3748,2963
3747,2956
3745,3095
3743,3054
3740,2908
3693,3194
3690,3289
3683,3394
3680,3377
3669,3203
3669,3280
3665,3212
3662,3165
3647,3290
3646,3083
3645,3118
3642,3061
3642,3204
3640,2753
3640,2680
3637,2890
3627,2987
3623,3012
3617,3433
3584,2938
3568,2915
3556,3248
3556,2524
3554,2568
3531,2455
3530,2535
3527,2448
3507,2431
3507,2475
3506,2461
3485,2892
3485,2794
3483,2433
3483,2376
3478,2429
3477,2711
3477,3346
3467,2396
3467,2261
3465,2307
3465,2590
3464,2663
3464,2258
3463,2232
3462,2338
4341,4502
4323,5514
4308,4353
4294,5218
4273,5084
4272,4248
4253,4943
4244,4705
4242,4467
4216,4764
4214,4465
4204,4980
4204,4589
4196,4943
4220,4657
4198,4422
4169,4659
4146,4495
4142,4878
4061,4294
4047,4467
4020,3659
4016,4488
4007,3656
3957,3840
3952,3565
3922,3695
3900,4206
3898,3558
3894,3647
3861,3834
3861,3916
3852,3413
3848,3252
3833,3646
3825,3416
3822,3216
3808,2997
3806,3340
3802,3510
3800,3422
3799,3028
3797,3044
3795,3124
3792,3553
3745,2956
3742,3325
3735,2856
3732,2805
3721,2933
3721,3227
3717,3208
3717,3201
3714,2856
3698,2798
3697,2818
3694,2804
3694,3054
3694,2848
3692,2682
3688,3581
3670,3166
3670,3055
3653,3607
3622,3042
3619,2974
3617,2976
3608,2908
3608,2854
3606,2462
3583,2805
3569,2810
3566,2854
3559,3060
3559,2375
3558,2409
3537,2442
3537,2340
3535,2476
3535,2415
3530,2467
3529,2834
3529,2700
3529,2310
3519,2287
3519,2364
3517,2427
3516,2648
3516,2699
3516,2693
3515,2294
3514,2390
4385,4553
4370,4557
4353,4903
4340,5107
4321,5006
4320,4317
4301,5232
4298,5156
4290,4490
4264,4406
4262,4627
4252,4826
4252,4369
4252,4566
4267,4841
4249,4148
4217,5004
4196,4579
4167,3891
4112,4630
4102,4448
4091,3917
4068,4290
4064,3834
4055,4220
4005,3772
4000,4134
3971,4298
3970,3496
3946,4142
3942,3335
3941,3574
3909,3697
3909,3895
3900,3255
3881,3267
3877,3703
3873,3566
3870,3177
3856,3097
3854,3027
3850,3362
3848,3651
3847,3708
3845,2982
3843,3015
3840,3502
3840,3510
3793,2977
3790,2873
3783,2854
3780,3385
3769,3313
3769,3380
3765,3297
3765,2755
3762,3078
3747,2743
3745,2729
3745,3099
3742,2728
3742,3226
3740,3477
3739,3253
3733,3160
3718,3846
3717,2716
3701,2742
3670,2553
3665,2545
3665,2542
3656,2539
3656,2656
3654,2496
3631,3029
3617,2948
3614,2440
3614,3173
3607,2943
3606,2928
3606,3308
3585,2447
3585,2932
3583,3144
3583,2387
3578,3129
3577,3534
3577,2828
3577,2810
3567,2846
3567,2804
3565,2352
4531,4357
4530,5171
4527,5208
4519,4983
4507,4988
4504,4575
4441,4308
4423,5496
4408,5322
4394,4607
4373,4946
4372,4340
4372,4598
4382,5321
4372,4974
4345,4836
4343,4807
4340,4760
4330,4441
4330,5097
4329,4520
4312,4718
4295,4539
4273,4605
4250,4680
4216,3888
4205,4730
4157,4185
4147,3734
4143,4321
4119,3784
4116,4372
4106,3703
4035,4098
4030,3567
4023,3983
4022,3916
3999,3634
3994,3309
3993,4113
3961,3230
3961,3187
3952,3678
3948,3821
3933,3461
3929,3991
3925,3396
3922,3230
3908,3735
3906,3096
3901,3276
3900,3496
3899,3642
3897,3304
3895,3415
3892,3557
3846,3006
3842,3238
3835,3458
3832,3373
3832,3019
3821,2963
3821,3075
3817,2825
3814,3238
3799,3326
3798,3343
3797,2907
3794,2939
3793,2730
3790,2932
3780,2818
3779,3115
3754,3552
3753,3098
3748,2996
3719,3322
3719,2984
3717,2993
3708,3371
3708,3049
3694,2983
3693,3370
3669,2599
3666,2445
3666,2446
3659,2599
3659,2445
3658,2500
3637,3098
3637,2850
3635,2917
4697,4976
4673,5813
4662,5067
4647,4846
4639,4983
4614,5088
4609,4600
4597,5448
4594,5185
4590,5084
4587,5231
4579,5408
4565,4958
4527,4449
4512,4899
4492,5390
4477,4883
4456,5309
4454,5393
4454,5102
4431,4921
4424,4601
4397,4991
4384,5191
4376,5027
4345,4182
4309,4912
4290,4652
4269,3938
4263,4627
4250,4521
4244,4013
4231,4470
4191,4625
4166,4679
4164,4388
4146,4303
4137,3873
4136,4161
4082,3782
4075,4036
4074,4261
4051,3517
4050,4107
4045,3536
4013,3381
4013,3674
4004,3543
4000,3391
3985,3775
3981,3581
3977,3098
3960,3518
3958,3454
3954,3391
3952,3059
3951,3307
3949,3445
3949,3052
3947,3103
3944,3394
3897,3507
3894,2899
3887,2891
3884,3020
3873,3235
3873,3255
3869,3276
3868,2840
3862,3141
3839,2803
3836,2933
3815,3137
3814,3117
3806,3091
3804,3221
3802,3163
3792,3060
3791,3131
3765,2655
3765,2777
3752,2707
3752,2570
3752,3139
3747,2592
3746,2597
3745,2731
3721,2558
3718,2465
3718,2542
3711,2546
3711,2518
4833,5212
4808,5583
4801,5771
4773,5543
4762,5672
4728,5500
4707,5433
4695,5397
4668,5234
4663,5519
4653,6137
4648,5449
4645,5355
4678,5630
4670,5695
4657,5797
4579,5278
4564,5560
4544,5290
4529,4710
4508,4459
4498,5419
4491,5260
4446,4984
4432,5173
4373,4517
4353,4253
4326,4711
4326,4107
4316,4525
4290,4714
4284,3907
4243,4775
4243,4054
4241,4580
4222,4501
4220,3670
4216,4412
4201,3640
4189,4163
4188,4343
4139,3820
4127,4155
4126,3917
4103,3959
4102,4224
4097,3517
4065,4181
4065,3629
4056,3597
4052,3868
4033,4218
4029,3838
4026,4163
4012,3178
4010,3328
4005,3872
4004,3839
4003,3234
4001,3200
3999,3921
3996,3326
3949,3273
3946,3616
3939,4020
3936,3179
3924,3566
3921,3570
3909,3031
3905,3068
3887,3463
3870,3370
3861,2843
3856,2802
3854,2685
3844,2858
3843,2745
3817,2607
3817,2611
3817,3185
3817,3506
3804,3137
3804,3191
3799,3567
3799,2675
3797,2674
3774,2606
3773,2706
3770,2538
3763,2674
3763,2517
3762,2538
4860,5207
4858,5775
4825,5634
4814,5427
4780,5073
4759,4707
4747,5112
4720,5104
4715,5003
4703,4932
4700,5040
4696,5180
4693,4849
4720,4802
4706,5371
4630,5243
4611,4844
4593,4775
4579,5068
4550,4913
4543,4710
4501,4239
4487,4934
4425,4378
4406,4629
4388,4458
4374,4785
4368,4298
4342,4283
4336,4031
4295,4103
4295,4014
4295,4079
4274,4079
4272,4131
4268,4092
4253,4344
4241,3812
4240,4127
4186,3952
4179,4027
4178,4298
4154,3452
4150,4148
4149,3616
4117,4189
4108,3571
4104,3567
4089,3954
4085,3704
4081,3277
4064,4079
4062,3274
4058,3625
4056,3751
4055,3284
4053,3251
4051,3968
4048,3202
4001,3298
3998,3518
3991,3474
3988,3122
3977,3001
3976,3309
3961,3419
3957,2957
3924,2753
3921,2894
3910,3428
3910,2843
3908,2700
3904,2724
3896,3144
3895,3423
3869,2689
3869,2656
3856,2664
3856,2765
3851,2603
3851,3046
3849,3056
3826,2819
3822,2594
3822,2539
3815,2577
3814,2627
3814,2567
3793,2560
3791,2532
3791,2505
3786,2459
4799,4593
4787,5661
4765,5227
4760,5394
4748,5688
4742,5529
4739,5438
4731,5711
4716,5552
4649,5508
4631,5302
4613,5654
4631,5472
4610,5528
4610,5353
4579,5217
4562,5410
4516,5172
4507,4853
4462,4852
4432,4641
4430,4579
4419,4860
4409,4605
4390,4125
4387,4736
4326,4480
4324,4372
4320,4520
4305,3900
4293,4389
4292,4399
4238,4163
4231,4436
4230,4027
4206,4490
4202,4056
4201,4071
4169,3965
4160,3613
4156,3882
4141,3905
4133,3796
4130,3596
4116,3827
4114,3923
4109,3437
4108,4330
4107,4087
4105,3756
4100,3969
4054,3669
4050,4059
4043,4217
4040,3471
4040,4047
4029,3547
4029,3907
4025,3712
4022,3617
4002,3590
3993,3930
3989,3068
3971,2790
3968,3819
3960,3236
3960,3023
3954,3434
3948,3554
3921,3013
3908,2726
3908,3459
3903,3297
3902,2838
3901,2705
3878,3067
3874,3037
3874,3004
3867,2601
3866,2612
3866,2683
3845,2598
3843,2504
3843,2671
3838,2617
3837,2550
3837,3281
3827,3037
3827,3155
3825,2617
3825,2571
3824,2498
4782,5031
4776,5896
4702,5251
4687,4975
4683,5618
4665,5942
4652,4497
4632,4788
4632,5069
4610,4933
4602,4768
4571,4879
4585,4346
4554,4485
4549,5089
4514,4809
4492,4050
4471,4487
4462,4465
4452,4415
4439,4073
4399,4310
4374,4467
4358,3819
4354,4192
4344,3700
4295,4061
4283,3778
4282,4003
4259,3898
4254,3924
4253,3883
4221,4121
4221,3745
4208,3772
4193,3997
4189,3537
4185,4087
4168,3911
4166,3604
4162,3761
4160,3690
4159,3261
4157,3758
4155,3255
4152,3540
4105,3712
4102,3311
4095,3432
4092,3612
4081,3200
4081,3165
4077,3638
4074,3231
4059,3188
4057,3405
4053,3583
4050,3050
4041,2900
4021,3256
4020,2782
4008,2832
4008,3232
4006,2880
3977,2721
3973,3243
3968,3308
3955,2876
3953,2673
3930,3060
3926,3106
3926,2637
3919,2753
3918,2975
3918,3123
3897,2855
3895,2633
3895,2933
3890,2655
3889,2989
3889,3208
3879,2593
3879,2684
3877,2659
3877,2656
3876,2507
3876,2566
3875,2582
3874,2541
3845,2380
3845,2490
3845,2976
4689,4184
4673,4977
4672,4409
4653,4906
4644,5242
4619,4380
4617,4976
4615,5048
4605,4900
4598,4792
4584,4905
4564,4834
4573,4513
4523,4268
4511,4356
4461,4514
4458,4536
4451,4357
4424,4148
4420,4832
4410,4287
4339,4041
4334,3785
4326,4431
4303,3711
4302,4005
4297,3670
4265,3487
4265,3615
4256,3928
4252,3735
4233,3822
4229,3712
4226,3853
4212,3619
4210,3814
4205,3754
4204,3721
4203,4073
4201,3716
4199,3893
4196,3332
4149,4125
4146,3211
4139,4115
4136,3230
4125,4044
4125,3298
4121,4232
4118,3151
4103,3777
4101,3088
4098,3973
4098,3635
4098,3295
4096,3507
4093,2924
4083,2985
4080,3685
4073,3011
4040,2806
4025,3401
4024,3254
4012,3529
4011,3378
3987,2850
3986,2802
3983,3424
3976,3179
3963,2816
3962,2636
3941,3368
3941,2626
3939,2599
3939,2758
3933,2589
3933,3243
3933,3208
3923,2607
3923,2858
3921,2531
3921,2546
3920,3076
3919,2938
3918,3045
3889,2487
3889,2491
3889,2490
3889,2572
3882,2420
3882,2487
3881,2539
4685,4479
4683,4323
4661,4789
4659,4204
4649,5104
4649,5109
4641,4799
4630,4447
4626,4457
4602,4738
4599,4721
4550,4935
4564,4164
4546,4877
4505,4734
4489,3891
4467,4186
4405,4465
4393,3635
4392,4521
4368,4065
4364,4019
4363,4315
4330,3522
4300,3827
4296,3748
4281,3940
4277,3480
4270,3697
4256,3828
4254,3800
4249,3898
4248,3808
4247,3888
4245,4367
4243,3267
4240,4324
4193,3414
4190,4166
4183,3449
4180,3936
4169,3687
4169,3450
4165,3819
4162,3372
4146,3266
4145,4050
4142,3283
4142,3829
4140,3342
4140,3826
4137,3670
4128,3303
4127,3552
4094,3297
4094,2925
4092,3511
4083,3260
4082,2900
4080,2976
4051,3313
4041,3540
4041,2773
4020,2699
4019,2717
4019,3268
3997,3215
3995,2676
3995,2729
3990,2601
3989,3447
3977,3101
3967,3020
3967,2640
3965,2630
3965,2701
3964,2705
3964,2531
3963,2803
3962,2965
3933,2841
3933,2992
3933,2964
3926,2944
3926,2613
3926,2518
3925,2537
3924,2568
3917,2412
3917,2560
3916,2501
3916,2411
4676,3980
4666,4602
4662,4952
4638,4974
4635,4813
4594,4959
4592,4258
4581,4486
4559,4877
4545,4669
4544,4681
4499,4656
4483,4036
4474,4275
4441,4344
4423,4125
4422,3971
4374,4427
4374,3579
4365,3821
4346,4012
4342,3903
4338,4146
4335,4532
4321,3917
4298,4292
4293,4260
4292,4172
4291,3691
4289,4142
4287,3810
4284,4065
4237,3331
4234,3420
4227,3756
4224,3474
4213,3332
4213,3954
4209,3735
4206,3486
4191,3652
4190,3539
4189,3231
4186,3232
4186,3709
4184,3231
4184,3192
4181,3613
4172,3088
4171,3210
4171,3785
4138,3111
4136,3564
4127,3160
4127,3034
4126,3619
4097,3188
4096,3517
4092,2927
4081,3383
4080,3391
4074,2773
4063,3391
4041,3292
4039,2633
4039,2814
4034,3179
4033,2730
4033,2642
4033,3262
4011,2651
4011,2922
4009,2585
4009,3285
4008,2602
4008,2605
4007,3223
4006,2597
3977,2991
3977,2591
3977,3174
3977,2581
3970,2469
3970,2581
3969,3077
3969,3285
3968,2568
3961,2510
3961,2432
3960,3010
3960,2981
3960,2468
4719,4514
4710,5177
4684,5140
4682,5080
4679,4699
4638,4806
4636,4336
4629,4439
4603,4883
4600,4323
4589,3957
4608,4951
4529,4847
4515,3822
4501,4252
4472,4747
4456,3619
4452,4507
4451,4669
4418,4068
4409,3962
4405,4407
4390,3789
4386,4521
4361,4157
4358,3962
4344,4255
4342,3692
4338,4524
4336,3486
4335,3929
4333,3440
4331,4155
4331,3456
4328,4111
4281,3312
4278,3902
4271,3481
4268,3992
4257,3565
4257,3778
4257,3536
4253,3663
4250,3135
4235,3559
4233,3134
4233,3528
4230,3075
4230,3198
4228,3710
4228,3154
4225,3765
4216,3164
4216,3962
4215,3192
4182,3809
4182,3085
4180,3616
4171,3061
4170,2958
4166,3378
4134,2905
4122,2929
4118,3561
4115,2994
4108,3308
4108,3596
4107,3000
4085,3380
4085,2729
4071,2913
4071,2780
4066,3111
4065,2680
4065,2700
4065,3148
4055,3043
4055,2684
4053,2614
4053,3388
4052,3152
4052,2810
4051,2696
4050,3123
4050,3131
4021,2615
4021,2682
4021,2978
4021,2956
4014,2575
4014,2511
4014,2712
4823,4239
4817,4948
4795,4656
4791,4861
4791,4605
4781,4381
4781,4723
4773,4980
4772,4479
4758,4690
4736,4523
4756,4743
4753,5210
4696,4993
4682,4311
4659,4641
4632,4138
4599,4408
4591,4246
4532,4111
4525,4480
4524,4379
4501,4277
4496,4224
4495,4057
4441,3714
4441,3778
4432,4147
4413,4173
4409,4083
4405,3980
4402,3738
4388,4072
4386,3809
4381,3509
4380,3602
4379,3610
4377,3531
4375,3689
4372,3571
4325,3471
4322,3519
4315,3434
4312,3291
4301,3281
4301,3261
4297,3206
4297,3243
4294,3242
4278,3188
4277,3158
4274,3132
4274,3108
4274,3063
4272,3405
4269,3106
4260,3112
4260,3018
4259,3071
4225,3021
4220,2937
4214,3145
4205,2952
4191,2846
4189,3057
4163,2850
4159,3190
4159,2865
4152,2842
4151,2888
4151,2988
4117,2837
4117,2848
4115,3234
4115,2994
4109,2753
4109,2806
4109,2806
4099,2846
4099,2797
4097,2646
4097,2728
4096,2723
4096,2828
4095,3075
4094,2848
4065,2568
4065,2722
4065,2554
4065,2555
4065,2681
4058,2750
4891,4308
4869,4820
4863,4878
4839,4733
4837,5045
4835,4888
4825,4777
4825,5129
4817,5018
4816,5154
4827,4485
4805,4931
4800,4907
4789,4417
4733,4568
4709,4667
4702,4595
4656,4146
4636,4312
4630,4217
4576,4430
4569,4554
4568,3985
4545,4198
4540,3741
4517,3906
4485,4245
4485,3710
4476,4199
4457,4205
4453,4229
4449,3905
4446,3802
4432,4007
4430,3709
4425,4042
4424,3631
4423,4411
4421,3934
4419,4098
4416,4335
4369,3467
4366,3600
4359,3663
4356,3610
4345,3672
4345,3711
4345,3652
4341,4105
4338,3435
4323,3913
4321,3301
4318,3826
4318,3622
4318,3983
4316,3394
4313,3616
4313,3422
4304,3832
4302,3396
4266,3935
4260,3855
4258,3779
4236,3731
4235,3445
4230,3532
4207,3453
4206,3096
4203,3508
4196,2930
4196,3588
4182,2907
4161,3484
4161,2960
4159,2863
4159,3172
4154,3054
4153,3243
4153,2956
4153,2804
4143,2849
4141,2779
4141,2844
4140,2895
4140,2934
4139,2717
4138,2844
4109,2742
4109,3177
4109,2954
4109,2875
4109,2598
4935,4406
4935,5252
4916,5071
4907,4866
4883,4494
4879,4645
4879,4729
4869,4663
4869,4462
4861,4659
4875,4638
4871,4446
4847,4747
4835,4624
4780,4439
4759,4691
4751,4640
4701,4135
4684,4331
4674,4293
4625,4240
4620,4311
4612,4043
4590,4033
4566,4312
4562,4261
4529,4021
4529,4042
4520,3870
4516,3832
4501,3848
4497,3937
4490,3593
4476,3857
4474,3670
4470,3910
4468,3601
4467,4480
4465,3843
4463,3897
4460,4476
4414,4051
4410,4337
4403,3521
4400,4115
4389,4011
4389,3305
4389,3637
4385,3866
4382,3893
4367,3664
4365,3783
4362,4040
4362,3196
4362,3639
4360,4044
4357,3773
4348,3097
4348,3277
4346,4248
4310,3616
4302,3383
4289,4029
4279,2995
4275,3174
4274,3411
4251,4103
4247,2990
4247,3795
4240,3018
4226,3751
4226,3011
4205,3989
4205,2925
4203,3578
4198,2896
4197,3458
4197,3460
4197,3371
4187,3378
4187,3524
4185,3563
4185,3527
4184,3462
4184,3350
4183,3223
4182,3595
4153,3318
4153,3518
4153,3302
4153,3492
4146,3159
4979,4794
4960,6318
4951,5101
4927,4575
4925,5710
4923,5606
4913,4888
4913,5127
4905,5019
4894,4661
4915,5730
4891,5586
4887,5076
4830,5446
4804,4798
4795,4672
4748,5091
4735,5027
4718,4034
4669,4154
4664,4615
4656,4594
4634,3885
4632,4310
4606,4299
4573,3767
4573,4136
4564,4560
4560,4203
4545,4482
4537,4350
4534,4157
4520,4050
4518,3944
4513,4071
4512,4238
4511,4186
4509,3972
4507,3978
4504,3648
4457,4220
4454,4103
4447,3375
4444,3896
4433,3498
4433,4376
4429,4613
4426,3426
4411,3844
4410,3894
4409,4294
4406,3952
4406,3330
4404,4189
4401,3678
4401,3753
4392,3471
4391,3536
4358,3360
4354,3204
4346,4150
4337,3172
4324,3528
4321,3773
4295,3880
4291,3334
4291,3419
4284,3327
4283,3458
4283,4720
4249,3797
4249,3044
4247,3267
4242,3323
4241,3292
4241,3255
4241,3292
4231,3351
4231,3275
4229,3438
4228,3014
4228,3308
4227,3258
4226,3285
4197,2827
4197,2809
4197,3066
4197,2804
4190,3173
4190,2738
4189,3483
4189,2752
4981,4689
4969,4904
4967,5428
4957,5458
4957,5005
4949,5965
4948,5029
4934,4888
4912,4583
4907,5336
4929,5362
4880,5559
4865,4315
4831,4646
4810,5207
4796,5311
4723,5004
4705,4247
4700,4431
4677,4556
4672,4427
4671,8128
4638,3859
4638,4316
4604,4307
4589,4250
4585,4630
4581,4533
4578,3803
4564,4052
4562,4008
4556,3906
4555,4583
4553,4402
4551,4515
4548,4040
4502,3693
4498,4528
4491,4022
4488,3442
4477,4118
4477,3920
4477,3922
4473,4036
4470,4128
4455,3800
4453,3847
4450,3953
4450,3496
4450,4430
4448,3967
4445,3399
4436,3360
4436,4010
4435,4431
4402,4027
4400,3262
4400,4046
4390,3141
4386,3565
4379,3869
4353,3805
4338,3252
4338,3504
4328,3239
4327,3154
4327,3848
4305,3154
4303,3402
4303,3769
4286,3097
4285,3667
4285,3026
4285,3553
4275,3099
4273,3776
4273,3002
4272,3926
4272,3003
4271,3906
4270,2879
4241,3603
4241,2801
4241,3486
4241,3298
4234,2807
4234,3203
4234,2805
4233,2773
4232,2780
4225,2765
4225,3510
4994,4316
4994,4837
4994,5302
4986,5099
4976,5482
4950,4949
4948,5016
4942,4899
4902,4480
4917,4845
4912,4974
4886,4265
4866,4753
4858,5001
4776,4546
4766,4405
4750,3875
4720,4253
4716,4252
4715,4498
4682,3739
4673,4503
4669,4408
4654,4406
4629,4509
4625,3924
4622,3700
4608,4525
4602,4383
4600,3756
4599,4209
4597,3942
4595,3622
4592,4571
4546,4274
4542,4021
4535,3916
4532,4017
4521,4319
4521,3739
4521,3609
4517,4217
4514,4199
4499,3569
4497,4281
4494,3657
4494,3745
4494,4011
4492,4211
4489,4166
4480,3490
4480,3970
4479,3940
4446,3217
4444,3849
4444,3784
4435,3397
4434,3969
4433,3306
4402,3380
4393,3593
4393,3645
4372,3693
4371,3457
4371,3669
4349,3418
4347,3100
4347,3510
4342,3057
4341,3464
4329,3233
4319,3358
4319,3344
4317,3280
4317,3298
4316,3405
4316,3135
4315,3574
4314,3142
4285,3545
4285,3610
4285,3079
4285,3486
4278,3020
4278,3618
4278,3266
4277,3431
4276,3557
4269,3277
4269,3521
4268,3216
4268,3717
5038,4294
5030,5523
5020,4865
4994,5332
4992,4810
4986,5081
4946,4378
4937,4824
4933,5106
4933,4984
4919,5093
4916,4828
4843,4897
4823,5114
4809,5204
4780,4411
4764,4698
4759,4725
4726,4605
4726,4248
4717,4683
4713,4364
4694,3857
4690,3781
4666,4339
4652,4416
4650,4317
4646,4278
4644,3925
4643,4759
4641,4537
4639,4366
4636,4133
4590,4012
4586,4135
4579,3897
4576,3958
4565,3884
4565,4140
4565,3477
4561,3390
4558,4057
4542,3985
4541,3786
4538,3422
4538,3929
4538,4199
4536,3569
4533,3960
4524,4055
4524,3298
4523,4181
4490,3526
4490,3267
4488,3559
4479,3179
4478,4380
4477,3765
4449,3471
4442,3666
4437,3153
4427,3578
4416,3152
4415,3368
4393,3445
4393,3233
4391,3445
4391,2962
4386,3292
4385,2976
4373,3420
4363,2948
4363,2947
4361,3355
4361,2945
4360,3276
4360,2947
4359,3373
4358,3212
4329,2838
4329,3367
4329,2790
4329,3321
4322,2888
4322,2804
4322,3234
4321,2869
4320,3168
4313,2708
4313,2793
4312,3153
4312,2726
5082,4689
5075,5020
5064,5516
5060,4909
5036,5929
5033,5011
4990,4837
4988,4377
4977,4800
4977,5092
4974,5319
4961,4370
4895,4340
4881,4499
4866,4337
4825,4778
4808,4036
4804,4050
4770,4152
4770,4095
4761,3799
4757,3820
4742,4132
4738,3865
4713,4266
4696,4548
4694,4822
4690,3654
4688,3924
4687,3976
4685,4107
4683,4607
4680,4550
4634,3512
4630,3845
4623,4204
4623,4130
4620,4309
4609,3903
4609,3655
4605,4519
4602,4239
4587,3349
4585,3773
4585,3839
4582,4008
4582,4070
4580,4069
4580,3675
4577,3652
4568,3636
4567,3882
4567,3363
4534,3342
4532,3339
4523,3174
4523,3228
4522,3117
4493,3144
4491,3085
4486,3102
4471,3277
4471,3117
4459,3064
4459,3147
4437,3117
4435,3001
4435,3176
4430,3326
4429,3270
4429,3218
4417,3006
4407,3014
4407,2969
4405,2923
4405,2947
4404,2929
4404,2868
4403,2839
4402,2909
4373,2775
4373,2829
4373,2899
4373,2753
4366,2920
4366,2755
4365,2776
4364,2841
4364,3509
4357,3235
4357,3126
4356,3315
5126,4841
5126,5807
5118,4811
5108,5226
5082,4856
5080,4962
5074,5220
5034,5016
5025,5308
5044,4591
5021,5058
5007,5171
5004,4959
4931,5421
4911,5114
4897,5052
4868,4105
4852,3980
4848,4776
4814,4583
4814,4636
4805,4293
4801,4820
4786,4925
4782,4110
4757,4135
4754,3972
4740,3865
4738,4128
4733,4210
4732,4584
4731,4245
4729,4759
4727,4650
4724,4288
4677,4401
4674,4183
4667,3609
4664,3915
4653,4038
4653,4192
4653,4738
4649,4410
4646,3995
4631,3527
4629,3568
4629,3653
4626,4360
4626,4227
4624,3553
4624,3875
4621,3747
4612,3817
4611,4019
4611,4047
4578,3353
4576,3667
4576,3977
4567,3639
4566,3318
4561,3291
4530,3879
4529,3462
4514,3068
4504,3638
4504,3101
4503,3712
4503,3757
4481,3007
4481,3066
4479,3564
4462,3574
4461,3189
4461,4374
4461,4335
4451,3586
4451,3366
4449,3485
4449,3553
4449,3063
4448,3585
4448,3813
4447,3180
4446,4254
4417,3670
4417,2794
4417,3662
4417,3491
4417,3253
4410,3611
4410,3746
4409,3425
5211,4564
5209,4915
5189,4690
5187,5235
5177,5054
5177,5501
5177,5969
5169,5368
5193,5659
5179,5572
5157,5179
5155,5397
5149,4824
5102,5206
5091,4961
5057,4485
5032,5262
5008,5348
4990,4687
4933,5316
4928,4939
4921,4133
4920,4750
4897,4598
4896,4939
4870,5149
4837,4502
4837,4754
4828,4540
4824,4053
4809,4403
4805,4988
4801,4832
4798,4562
4784,4704
4782,4384
4777,4612
4776,3753
4775,4843
4773,4926
4771,5462
4768,4473
4722,3915
4718,4177
4711,4247
4711,3682
4708,3718
4697,4606
4697,4774
4693,4437
4690,3525
4690,4317
4674,4057
4673,3980
4670,4045
4670,4761
4670,4298
4668,4440
4665,4006
4655,4719
4652,3800
4645,3573
4612,3365
4599,3896
4596,3482
4584,3354
4584,3968
4582,4121
4559,3784
4558,4248
4555,3939
4535,3078
4535,3544
4534,3725
4534,4232
4513,3494
4511,3135
4511,3933
4506,3512
4505,3683
4505,4058
4505,3213
4495,3269
4495,3712
4493,3940
4493,3454
4492,3095
4492,3685
4491,3028
4490,3593
4461,3920
4461,3596
5327,5106
5324,5695
5311,6093
5292,5715
5292,5240
5273,5642
5264,4957
5239,5348
5264,4902
5261,5271
5251,4881
5251,5503
5243,5839
5233,5691
5216,5930
5173,4924
5169,5510
5134,5668
5083,5568
5068,4824
5064,5669
5040,4345
5028,5105
5027,4848
4978,4531
4944,5390
4943,5141
4920,4947
4919,3943
4915,4471
4882,5313
4882,5040
4873,4123
4869,4040
4854,4376
4850,4456
4846,3984
4843,4421
4827,4751
4823,4857
4821,4408
4820,4302
4818,4796
4816,4299
4813,7264
4813,4852
4766,4015
4763,4358
4756,4268
4753,4353
4742,3971
4742,4850
4738,3928
4735,4348
4735,3687
4719,3684
4718,4012
4715,4027
4715,4183
4714,3945
4709,4004
4700,3997
4691,3617
4675,3870
4673,3615
4640,3511
4640,4201
4638,4187
4629,3432
4629,4303
4614,4125
4591,3841
4590,3344
4587,4142
4580,3425
4580,3581
4579,3512
4579,3962
4558,3776
4556,3411
4556,3929
4551,3693
4550,3504
4550,3583
4550,3851
4540,3484
4540,3106
4538,3604
4538,3277
4537,3377
4537,3747
4536,3566
5460,5134
5414,5256
5396,5623
5378,5727
5365,5441
5346,5865
5345,5797
5326,5505
5352,5619
5342,5892
5316,5386
5313,5625
5303,5877
5294,5401
5287,5663
5257,4869
5247,4860
5186,4741
5175,4989
5172,4949
5130,4860
5123,5189
5108,4504
5092,4736
5067,4692
5057,5001
5008,5049
5003,5083
4995,4660
4973,4726
4971,4742
4967,4249
4966,6567
4934,4663
4925,4550
4921,4909
4906,5627
4902,4029
4898,4316
4895,4661
4881,4484
4879,4250
4874,4313
4873,4569
4872,5951
4870,5064
4868,4115
4865,4186
4818,6180
4815,4255
4808,4291
4805,3848
4794,3623
4794,3703
4790,3676
4787,4004
4787,3845
4771,3487
4770,3662
4766,3577
4763,3910
4755,3489
4734,3675
4733,3608
4721,3450
4721,3658
4719,3613
4690,3635
4686,3431
4686,3628
4668,3467
4667,3387
4666,3616
4643,3605
4639,3500
4639,3515
4632,3440
4631,3140
4631,3360
4610,3219
4610,3387
4608,3312
4608,3524
4602,3644
4602,3207
4602,3408
4592,3214
4592,3423
4590,3296
4590,3533
4589,3437
4589,3155
5541,5162
5527,5648
5467,5265
5452,5326
5433,5455
5419,6147
5398,5409
5427,5475
5427,5553
5404,5478
5394,5180
5370,5729
5366,4996
5356,5092
5339,5426
5318,5313
5305,5397
5257,4857
5238,4751
5227,4767
5223,4666
5178,4845
5165,4750
5162,4565
5123,4483
5119,5034
5110,4642
5060,4652
5055,4297
5048,4531
5025,4382
5023,4295
5019,4435
5018,4834
4986,4205
4977,4336
4973,4414
4958,4284
4954,4083
4950,4270
4947,4020
4933,3959
4931,4076
4926,3935
4925,3900
4924,4297
4922,4248
4920,3984
4917,4318
4870,4079
4867,3952
4860,4015
4857,4156
4846,3686
4846,3718
4842,3691
4839,3999
4839,4295
4823,4083
4821,3778
4815,3809
4807,3892
4786,3850
4785,3704
4777,3508
4773,3999
4771,3862
4769,3659
4738,3538
4738,3365
4725,3960
4720,3485
4719,3262
4718,3418
4694,3398
4691,3409
4691,3399
4684,4034
4683,3513
4683,3356
4662,3479
4662,3361
4660,3751
4655,3632
4654,3672
4654,3514
4654,3537
4644,3487
4644,3169
4642,3668
4642,3469
4641,3367
5599,5208
5593,5700
5579,5872
5518,5360
5504,5128
5485,5344
5471,5232
5481,5418
5479,5354
5479,5581
5456,5347
5446,5371
5419,5421
5408,5380
5371,5123
5368,4852
5334,5180
5314,5210
5292,4941
5279,4937
5275,4822
5266,4689
5220,4471
5216,4843
5189,4925
5174,4616
5171,4488
5161,4660
5112,4345
5107,4564
5099,4174
5077,4347
5075,4466
5071,4181
5038,4132
5038,4593
5029,5176
5025,4178
5010,4321
5006,4491
5002,4328
4985,4135
4983,4277
4979,4318
4977,4255
4976,4157
4974,4544
4972,4112
4969,4048
4923,4301
4919,5433
4912,3814
4912,4205
4909,4259
4898,3755
4898,4332
4894,4233
4891,3783
4875,4219
4870,4052
4862,3780
4858,4117
4840,3943
4837,3479
4829,3949
4829,3656
4823,3731
4821,3695
4817,3446
4790,3886
4777,3908
4772,3451
4772,3869
4771,3604
4747,3805
4746,3708
4743,3292
4736,3569
4736,3403
4735,3975
4735,3648
4714,3892
4712,3977
4712,3396
4707,3881
4706,3530
4706,3944
4706,3940
4696,3345
4696,3358
4694,3388
4694,3695
5658,5165
5655,5860
5647,5835
5633,5933
5570,5466
5552,5398
5534,5905
5554,5538
5532,5361
5531,5201
5512,5200
5508,5196
5490,5403
5456,5456
5432,5355
5418,5082
5383,5145
5368,4983
5344,4895
5338,5023
5321,4953
5311,5127
5305,5065
5247,4789
5245,4514
5241,5134
5226,4664
5223,4745
5213,4419
5164,5076
5159,4589
5151,4317
5129,4123
5127,4423
5123,4271
5090,4320
5090,4091
5081,4309
5077,4616
5062,4203
5058,4534
5054,4221
5051,4220
5037,4367
5035,4287
5030,4203
5028,4160
5026,4529
5026,4622
5024,3944
5021,4171
4974,4228
4971,3739
4964,4026
4961,4130
4950,3819
4950,4164
4946,4079
4942,3798
4939,3708
4914,3675
4895,3742
4891,3757
4883,3916
4883,3492
4879,3798
4877,3709
4869,3470
4868,3860
4842,3361
4829,3927
4829,3833
4829,3462
4824,3536
4823,3495
4822,3891
4799,3963
4795,3267
4795,3385
4788,3393
4788,3708
4787,3450
4766,3738
4766,3593
4764,3241
4764,3301
4759,3272
4758,3459
4758,3446
4748,3471
4748,3488
4746,3381
5712,5237
5711,6576
5708,6062
5700,5743
5688,5771
5623,5637
5608,5727
5621,5483
5617,5622
5604,5611
5583,5548
5575,5200
5548,5176
5517,5292
5487,5530
5451,5642
5430,5664
5403,5106
5403,5120
5391,4884
5384,4851
5364,4765
5360,4991
5320,4850
5318,4706
5297,4606
5295,4513
5293,4899
5275,4692
5266,4632
5265,4424
5211,4379
5204,4450
5203,4390
5180,4261
5175,4527
5174,4902
5142,4983
5142,4925
5133,4892
5114,4580
5110,4725
5106,4948
5103,4574
5089,4280
5087,4491
5082,4832
5081,4469
5080,4407
5078,4379
5076,3933
5073,4546
5026,4618
5023,4511
5016,4083
5013,4777
5002,4160
5001,4633
4994,4418
4986,4288
4982,4435
4948,4258
4946,4364
4935,4112
4935,4196
4933,3827
4929,3780
4921,3787
4920,4015
4894,4326
4894,4258
4881,3949
4881,3932
4881,4402
4876,3947
4875,3530
4874,3951
4851,3977
4847,3840
4847,3974
4840,3506
4840,3693
4839,3613
4818,3298
4818,3618
4816,3963
4816,3671
4810,4021
4810,3933
4810,3258
4800,3514
4800,3581
5771,5578
5766,6656
5763,6399
5759,6505
5752,6185
5740,6577
5708,6221
5693,6047
5673,6272
5658,5957
5637,6417
5626,5836
5619,6258
5575,5787
5561,5544
5494,5474
5467,6157
5455,5532
5451,5465
5445,4662
5419,4881
5413,5217
5372,5047
5372,5473
5372,5553
5351,5467
5349,5071
5345,5003
5330,4884
5327,4820
5317,5542
5268,4452
5263,5047
5255,4842
5233,5007
5231,4965
5227,4958
5194,4658
5194,5007
5185,4948
5181,4870
5166,4660
5162,5145
5155,4820
5141,4961
5139,4699
5135,4736
5133,4843
5132,4683
5130,4938
5128,4876
5125,4572
5079,4035
5075,3797
5068,4004
5065,4099
5065,3801
5053,3868
5050,4003
5037,3715
5016,3716
5000,3880
4990,3791
4990,3613
4985,3695
4983,3522
4973,4078
4972,3951
4946,3454
4946,3480
4946,3908
4933,3544
4933,3793
4933,4438
4928,3953
4928,3954
4926,3975
4903,4070
4902,3740
4899,3860
4892,3963
4892,3728
4891,3998
4870,4151
4870,3528
4868,3629
4868,3558
4863,3307
4862,3805
4862,3896
4862,3500
4852,3405
5823,5359
5818,6255
5815,6269
5812,6047
5804,6193
5792,5988
5760,6276
5745,5910
5740,5883
5721,6191
5708,5465
5678,5570
5671,5198
5630,5037
5616,5182
5546,5155
5522,4965
5517,5278
5503,5657
5497,5343
5471,5300
5465,5573
5424,4963
5424,5000
5424,4900
5422,5048
5401,5070
5399,5086
5383,4793
5379,4646
5370,4873
5320,4823
5315,4900
5308,4632
5307,4460
5283,4754
5279,4827
5278,4991
5246,4177
5237,4503
5233,4889
5218,4686
5214,4183
5210,4330
5207,4565
5193,4510
5191,4180
5186,4189
5184,4395
5182,4204
5180,4152
5177,4210
5177,4532
5130,4555
5127,4022
5120,4816
5117,4472
5105,4267
5102,4088
5089,4605
5068,4525
5052,3978
5043,3796
5042,3843
5037,3661
5035,3653
5025,4137
5024,3845
4998,3686
4998,4344
4998,3663
4998,3515
4985,3665
4985,3574
4980,3833
4980,3835
4979,3714
4955,4161
4954,5175
4951,3433
4944,3654
4944,3534
4943,3701
4943,3809
4922,3430
4920,3953
4920,3698
4915,3709
4914,3973
4914,3495
4914,3415
4904,3764
5875,5298
5870,6436
5867,5806
5864,5999
5856,6572
5844,6300
5812,6175
5797,6118
5777,5838
5762,5756
5759,6051
5730,6102
5703,5716
5677,5598
5636,5397
5598,5299
5572,5228
5569,5379
5553,5293
5547,5092
5521,4869
5517,4990
5476,5090
5476,5126
5476,5055
5455,5143
5453,4739
5449,4621
5434,4746
5431,5054
5421,5047
5372,4599
5367,4573
5359,4570
5336,4669
5335,4785
5330,4892
5298,4476
5298,4783
5289,4446
5285,4178
5270,4258
5262,4521
5259,4473
5245,4654
5243,4126
5239,4434
5237,4478
5236,4253
5234,4173
5232,4604
5229,4218
5183,3874
5179,4991
5172,4299
5169,4692
5157,4390
5154,3897
5146,3801
5141,3811
5120,3852
5103,3939
5094,3788
5091,4258
5089,3937
5087,3712
5077,4194
5076,4170
5050,3810
5050,3793
5050,3862
5037,3838
5037,3666
5037,3864
5032,3602
5031,3643
5030,4095
5006,3878
5003,3653
5003,4118
4996,3651
4995,3602
4995,3736
4974,3526
4974,4005
4972,3510
4967,3462
4966,3782
4966,3766
4966,3486
4956,3455
4956,3701
5920,5334
5920,5771
5918,6114
5915,5972
5907,6244
5893,5946
5863,6120
5844,6063
5825,5615
5812,6471
5783,5326
5775,5510
5734,5578
5720,5314
5658,5119
5641,5269
5621,4946
5607,9083
5601,4979
5575,4842
5569,4929
5528,5289
5528,5393
5528,5149
5507,5021
5505,4827
5503,4649
5487,4644
5483,5136
5473,4992
5424,4867
5419,5187
5411,4580
5389,4706
5387,4317
5383,4607
5350,4651
5350,5038
5341,5188
5337,4986
5322,4430
5314,4280
5311,4178
5297,4459
5295,4459
5291,4503
5289,4150
5288,4266
5286,4622
5284,4574
5281,4441
5234,4233
5231,4681
5224,4679
5221,4743
5210,4276
5209,4173
5202,4472
5191,4625
5172,4215
5155,3969
5146,4383
5143,4480
5141,3910
5137,4447
5129,4285
5128,4175
5102,3854
5102,4075
5102,4044
5089,3776
5089,4428
5084,4294
5084,3934
5083,4338
5059,4143
5058,3674
5055,4118
5048,3835
5048,3691
5047,4017
5026,3714
5026,3641
5024,3840
5024,3885
5019,4106
5018,3741
5018,3598
5008,3879
5008,4241
5006,3804
5006,4014
5970,5417
5967,6102
5959,6194
5945,6146
5882,6030
5896,6597
5878,5684
5864,5625
5844,5784
5843,5744
5814,5552
5798,5712
5749,5917
5743,5561
5697,5559
5665,5475
5663,5372
5652,5326
5644,5311
5624,5202
5620,5115
5580,5067
5559,5133
5557,4821
5553,5266
5538,5154
5526,4987
5525,4957
5471,5110
5464,4732
5463,4548
5439,5132
5435,4854
5434,4745
5402,4563
5393,4758
5389,4792
5374,4592
5370,4682
5366,4557
5363,4448
5347,5168
5343,4490
5341,4677
5340,4226
5338,4434
5336,4569
5333,4224
5286,4237
5283,3939
5276,4399
5273,4313
5262,4183
5262,3945
5258,4493
5255,4929
5239,4354
5235,4160
5226,3943
5222,4213
5204,4297
5201,4077
5193,4067
5193,4033
5187,4406
5185,4428
5154,4327
5154,4893
5141,6643
5136,3524
5136,3528
5134,4019
5111,3549
5107,3593
5107,3602
5100,4104
5100,3933
5099,3673
5078,4142
5078,4187
5076,4152
5076,3578
5071,3615
5070,4307
5070,4381
5060,3894
5060,3629
5058,3348
5058,3734
5057,3967
5057,4349
5056,4358
5990,5834
5935,6352
5920,6085
5901,6200
5898,6525
5916,6461
5895,6458
5895,5556
5872,5403
5865,5628
5830,6109
5819,6111
5797,6199
5782,5904
5747,6032
5726,5718
5706,5545
5704,5796
5689,5248
5683,5787
5672,5832
5632,5043
5607,5590
5591,5540
5587,5474
5578,5406
5528,5424
5523,5224
5516,5234
5493,5371
5491,5180
5487,5438
5486,5176
5454,5155
5445,5106
5441,5037
5426,5013
5422,4382
5418,4972
5415,4407
5401,5075
5399,4582
5393,5176
5392,5081
5390,5021
5388,5244
5385,5025
5339,4836
5338,4972
5335,4764
5328,4091
5325,4585
5314,4577
5314,4383
5310,4853
5307,4379
5291,4819
5286,4168
5278,4610
5274,4959
5256,3939
5253,3962
5245,4289
5245,4715
5239,4184
5237,4783
5233,4555
5206,4126
5193,3773
5188,4360
5188,4650
5187,4204
5163,3987
5162,4330
5159,4139
5152,4429
5152,4488
5151,4430
5151,3955
5130,4069
5128,4413
5128,3793
5123,3756
5122,3511
5122,3887
5122,4055
5112,3570
5110,3440
5110,4335
5109,4353
5109,4400
5108,3871
6042,5902
5987,6616
5972,6220
5968,5939
5950,5999
5968,6151
5947,6368
5947,6182
5927,6149
5917,6174
5882,5666
5873,5132
5848,5326
5834,5918
5799,6001
5778,5873
5760,5786
5756,5811
5741,5398
5735,5625
5724,5455
5684,5352
5659,5296
5657,4793
5639,5118
5630,4660
5629,4939
5575,4984
5568,5400
5567,5348
5543,5316
5539,5330
5538,5407
5506,5386
5506,5238
5493,5170
5478,5203
5474,4862
5470,5073
5467,4422
5453,4910
5451,4210
5446,4865
5445,4733
5444,4588
5442,4957
5440,4800
5437,4649
5390,4481
5387,4203
5380,4281
5377,4444
5366,4285
5366,4270
5362,4907
5359,4775
5359,4345
5339,4952
5330,3986
5326,4446
5308,4498
5305,3809
5297,4722
5297,4286
5291,4799
5289,4736
5285,4161
5258,3926
5245,4246
5245,4829
5240,4080
5239,4669
5215,4498
5214,3970
5211,4037
5211,4132
5204,4620
5203,3895
5203,3813
5182,4372
5180,4158
5180,4650
5175,3967
5174,4428
5174,4408
5174,4198
5164,3691
5164,3506
5162,4231
5161,4332
5161,3907
5160,3553
6100,5974
6039,6545
6038,6322
6020,6249
6033,6436
6020,6039
5999,5956
5999,6265
5979,6118
5969,6326
5942,5920
5931,5711
5921,5280
5890,5243
5886,5514
5835,5880
5814,5777
5808,5737
5795,5756
5789,5353
5776,6018
5736,5802
5711,5411
5695,4726
5691,5195
5682,5221
5632,4763
5627,4985
5620,5198
5619,4961
5595,4884
5591,4506
5590,5323
5558,4831
5549,5194
5545,5077
5530,5355
5526,5245
5522,4751
5519,5138
5505,4738
5503,4907
5498,5215
5497,5085
5496,5056
5494,4473
5492,4930
5489,4399
5442,4746
5439,4958
5432,4802
5429,4055
5418,4686
5418,4126
5414,4615
5411,4407
5411,4820
5394,4445
5390,4929
5379,4897
5378,5037
5360,4824
5357,3968
5349,4935
5345,4471
5343,4558
5341,4401
5310,3784
5310,4638
5297,4796
5292,4174
5291,4796
5290,4582
5267,3592
5263,4144
5263,4634
5256,4007
5256,4569
5255,3922
5234,3530
5234,4203
5232,4748
5232,3932
5227,4435
5226,4433
5226,3719
5216,4134
5216,4068
5214,4008
5214,4426
5213,4430
5213,3813
6166,6047
6154,6549
6091,6189
6076,5960
6089,6772
6074,6641
6072,5822
6051,6316
6051,6274
6028,6337
6021,5827
5993,5900
5975,6016
5953,6341
5940,5711
5906,6160
5886,5789
5862,5663
5860,5834
5845,5877
5839,6272
5792,5885
5788,5367
5761,5264
5746,5176
5743,4809
5733,4718
5684,5046
5679,5356
5671,4736
5648,5170
5647,5121
5642,4675
5610,4867
5610,4907
5601,4515
5597,4837
5578,4789
5574,4327
5571,4761
5557,4757
5555,5262
5550,5286
5549,4717
5548,5120
5546,5149
5544,4900
5541,5095
5494,5015
5491,5053
5484,5043
5481,4518
5470,4802
5470,4492
5466,5249
5463,5073
5448,5106
5445,5086
5442,4403
5431,4728
5430,4137
5410,4858
5409,3963
5397,4373
5397,3962
5395,4657
5366,4207
5362,4606
5362,4308
5344,4684
5343,4738
5342,3814
5318,4425
5315,3820
5315,3729
5308,4491
5307,4604
5307,4019
5286,4722
5284,3875
5284,3731
5279,4183
5278,4089
5278,4673
5278,4724
5268,4052
5266,4810
5266,3761
5265,3732
5265,4191
5264,3977
5263,4406
6143,5364
6128,6561
6109,6671
6095,6597
6105,6665
6103,6365
6103,6862
6080,6671
6070,6034
6046,5523
6041,6486
6023,6097
6015,6268
5994,5738
5981,6010
5941,6292
5910,6249
5903,6209
5896,5860
5854,5516
5838,5606
5836,5681
5820,5964
5786,5783
5785,5107
5736,5109
5724,5385
5723,5647
5700,5176
5695,5554
5694,5392
5662,5310
5662,5715
5653,5466
5634,5146
5630,5340
5626,5174
5623,4807
5609,5324
5607,5308
5602,5317
5601,5193
5600,4934
5598,5367
5596,5279
5593,4813
5546,4992
5543,5213
5536,5096
5533,4968
5522,4692
5522,5099
5518,4556
5515,4589
5500,4504
5498,4990
5498,4581
5494,4722
5491,4254
5481,4559
5480,3938
5462,4323
5454,4535
5449,4230
5420,4619
5420,4173
5418,4526
5409,4525
5409,4004
5394,4488
5371,4368
5370,4177
5367,4338
5360,4409
5360,4865
5359,4016
5338,4537
5338,3971
5336,4479
5336,4563
5330,3843
5330,4386
5330,3998
5320,4737
5320,4442
5318,5019
5318,4991
5317,4356
5317,4625
5316,3931
5315,4682
5286,4360
6160,5486
6149,6011
6136,6091
6117,5933
6147,10956
6127,5744
6118,6362
6091,6017
6089,6159
6086,6441
6076,5612
6068,9230
6053,5909
6031,6367
6018,6411
5967,8757
5954,6093
5945,5779
5900,5922
5893,5809
5866,5435
5862,7973
5852,5458
5781,4831
5776,5376
5768,8889
5746,5572
5744,5683
5740,6332
5707,5267
5707,5252
5698,4864
5694,4824
5679,4691
5671,4633
5668,4833
5654,4464
5652,4701
5647,4504
5646,4846
5645,4766
5643,4622
5641,4861
5638,4729
5591,4566
5588,4408
5581,4415
5578,4374
5567,4558
5567,4502
5563,4733
5560,4493
5560,4571
5544,4200
5543,4431
5540,4342
5540,4402
5537,4948
5534,5071
5525,4981
5516,5266
5498,4871
5494,5377
5465,4938
5463,5323
5454,6167
5454,4683
5453,4861
5416,4301
5415,3964
5412,4510
5405,4702
5405,4797
5404,4899
5383,4893
5383,4991
5381,4089
5381,6931
5376,4377
5375,4308
5375,3915
5365,4010
5365,3952
5363,4105
5363,4375
5362,3878
5362,3827
5361,3677
5360,3928
5331,3775
5331,3841
5331,4049
6175,5317
6159,5733
6158,6916
6169,6638
6165,6305
6155,5796
6130,5770
6127,6089
6117,6147
6117,6209
6109,6275
6092,5620
6064,5996
6037,5657
6006,5973
5992,6093
5947,5856
5937,5389
5932,5200
5909,5366
5897,5346
5874,5182
5825,5329
5813,5187
5812,4956
5789,5648
5788,5586
5783,5558
5751,5344
5751,5053
5742,5146
5738,4960
5723,5006
5715,4553
5712,4939
5698,4588
5696,4814
5692,4390
5690,4870
5689,4895
5687,4742
5685,4816
5682,4349
5636,4662
5632,4222
5625,4719
5622,4256
5611,5067
5611,4718
5611,4982
5607,4688
5604,4972
5589,4606
5587,5017
5587,4841
5583,5153
5580,4567
5570,4927
5569,4766
5550,4970
5538,4793
5538,4921
5509,4080
5507,4368
5503,4091
5498,4082
5485,4106
5484,4471
5460,4134
5459,4153
5456,4397
5449,4101
5449,3784
5448,3745
5448,4181
5427,4222
5425,4042
5425,3827
5420,3836
5419,4204
5419,4073
5419,4244
5409,3748
5409,4177
5407,4233
5407,4497
5406,3942
5406,3993
5405,3703
5404,3600
5375,4128
5375,4165
6241,5518
6227,6067
6207,5734
6236,5939
6236,6185
6213,6204
6203,6065
6178,6109
6166,5846
6149,5663
6128,5400
6092,5716
6072,5934
6050,5715
6037,6079
6033,6183
6027,5393
5978,5242
5974,5004
5947,5326
5932,5239
5929,5208
5919,5679
5870,5356
5865,4772
5857,5094
5835,5207
5833,4697
5829,5198
5796,5051
5796,4650
5787,4963
5783,4725
5768,4790
5764,5343
5760,5035
5757,5489
5741,5127
5737,4993
5735,5061
5734,5257
5732,5271
5730,4911
5727,4921
5681,5090
5677,5199
5677,4827
5670,4564
5667,4994
5656,5123
5656,4827
5652,4714
5649,4772
5633,4978
5629,4929
5620,5041
5616,4450
5598,4415
5595,4626
5587,4772
5587,4910
5581,4769
5579,4438
5575,4545
5548,4761
5535,4323
5535,4300
5530,4522
5529,4527
5528,4286
5504,4961
5501,4745
5501,4698
5494,4655
5493,4206
5493,4148
5472,4121
5472,3970
5470,4184
5465,4475
5464,4517
5464,4465
5464,4266
5454,4166
5454,4392
5452,3989
5452,4009
5451,4153
5451,4044
5450,4224
5449,3680
5420,4060
6294,5809
6283,6245
6270,6174
6282,6052
6281,5730
6261,6336
6252,6397
6240,6456
6208,5933
6184,5840
6171,6068
6134,5956
6113,6005
6095,5846
6091,5512
6076,5462
6070,5641
6059,5781
6021,5772
5994,5379
5992,5679
5974,5719
5965,5146
5964,5218
5910,4765
5903,4988
5902,5027
5878,4846
5874,4877
5873,4986
5841,5269
5841,5042
5828,5196
5813,4920
5809,5070
5805,5049
5802,5069
5788,5065
5786,4892
5781,5299
5780,4764
5779,5047
5777,4820
5775,5333
5772,4848
5725,4641
5722,5022
5715,4330
5712,4677
5701,4459
5701,4242
5697,4355
5697,4275
5694,4836
5677,4509
5665,4689
5661,4548
5643,4667
5642,4548
5632,4450
5632,4339
5626,4129
5624,4225
5620,3957
5593,4190
5580,4619
5580,4455
5575,4519
5574,4406
5573,4133
5550,4010
5546,4102
5546,4139
5539,4802
5538,4251
5538,4647
5517,4893
5517,4056
5515,4269
5515,3889
5509,4156
5509,4817
5509,4723
5499,4645
5499,4427
5497,4435
5497,4211
5496,4091
5496,3932
5495,3771
5494,4530
5465,4186
6339,5812
6331,7029
6348,6283
6327,6162
6326,6161
6307,5947
6303,6084
6293,6145
6260,5901
6250,5945
6219,6474
6216,5917
6179,6113
6157,5462
6138,5455
6127,5351
6121,5612
6112,5552
6068,5634
6062,5624
6037,5642
6022,5374
6010,5173
6009,5076
5960,5026
5948,4739
5947,5047
5924,4728
5919,5330
5918,4929
5886,4661
5886,4951
5877,4871
5858,4647
5854,4763
5850,4616
5847,4674
5833,5501
5831,4736
5826,4947
5825,5481
5824,4940
5822,4687
5820,4843
5817,5005
5770,4559
5767,5299
5760,5368
5757,4523
5746,4536
5746,4283
5742,4525
5742,4384
5739,4618
5723,4302
5721,4569
5707,4218
5706,4483
5688,4113
5685,4561
5677,4451
5673,4649
5671,4439
5669,4751
5638,4268
5638,4731
5625,4689
5620,4623
5619,4432
5618,4761
5594,4019
5591,3946
5591,4123
5584,4525
5583,4297
5583,4963
5562,4656
5562,4654
5560,4660
5555,3904
5554,3778
5554,4148
5554,4549
5544,4226
5544,4730
5542,4680
5542,4386
5541,4324
5541,4010
5540,4040
5539,3785
5510,4545
6384,5522
6373,5921
6393,6452
6372,6020
6371,6385
6352,6256
6348,6121
6338,6097
6313,5713
6302,6089
6284,6212
6263,5985
6259,5743
6215,5998
6198,6061
6172,5989
6172,5926
6163,5889
6121,5980
6107,6277
6105,5806
6064,5620
6055,5431
6054,5179
6000,5525
5993,5272
5992,5246
5968,5636
5964,5496
5963,5350
5931,4788
5922,4850
5918,5053
5903,4822
5899,5399
5895,5498
5892,5427
5878,5146
5876,5571
5870,5505
5869,4781
5867,5594
5865,5137
5862,4745
5816,4525
5812,4958
5805,4854
5802,4872
5802,4495
5791,4808
5791,4735
5787,4359
5784,4754
5769,4457
5767,4725
5764,4574
5760,4254
5752,4205
5749,4544
5731,4172
5723,5057
5718,4436
5718,4390
5689,4316
5687,4389
5683,4442
5678,4503
5664,4847
5663,4760
5639,4527
5636,4593
5636,4453
5629,4178
5628,4272
5628,3903
5607,4724
5605,6572
5605,4414
5600,4385
5599,4598
5599,4233
5599,4313
5589,4314
5587,4171
5587,4032
5586,3769
5586,4093
5585,4302
5584,4201
5555,3994
5555,4034
5555,3777
6403,5716
6387,7550
6416,6483
6416,6027
6393,5897
6381,6401
6356,6106
6353,6081
6343,5706
6343,6294
6334,6177
6318,6305
6285,5853
6237,5453
6223,5618
6212,5727
6170,5962
6163,5828
6136,5315
6132,6639
6123,5511
6051,5843
6046,5702
6039,5788
6016,5314
6014,5206
6010,5000
5977,5429
5977,5514
5968,5213
5964,5028
5947,5638
5943,5646
5936,5605
5922,5382
5920,5074
5916,5151
5914,5114
5913,5198
5911,5059
5909,5364
5906,4858
5859,4784
5856,4553
5849,4615
5846,4431
5835,4578
5835,4405
5831,4299
5828,4868
5828,4765
5812,4947
5811,4674
5808,4890
5808,4853
5806,4908
5805,4667
5799,4750
5784,4792
5767,4578
5736,4633
5733,4256
5731,4785
5722,4237
5722,4285
5720,4136
5697,4338
5680,4153
5680,3884
5673,4758
5673,4584
5672,4724
5651,4245
5651,4659
5649,4160
5644,4351
5643,4317
5643,4109
5643,4389
5633,4343
5633,4346
5631,4307
5630,4571
5630,4217
5629,4335
5628,4197
5599,4209
5599,4277
5599,3813
5599,3966
5592,3935
5592,4242
6410,5747
6407,6105
6424,6219
6400,6475
6397,6066
6387,5664
6387,6301
6379,6265
6367,5962
6355,5911
6324,5529
6304,6050
6253,5931
6227,5989
6208,5715
6179,5445
6167,5448
6166,5815
6112,5573
6105,5348
6104,5278
6058,5579
6054,5179
6053,5182
6021,4817
6012,5032
6008,5243
5991,4753
5983,4765
5980,4732
5966,4674
5964,4784
5959,4934
5958,4612
5955,4972
5953,4776
5950,4808
5904,4718
5900,4614
5893,4628
5890,4583
5879,4574
5879,4399
5875,5071
5872,5278
5857,4901
5855,4964
5855,5175
5852,5576
5852,4905
5850,5160
5847,4796
5838,4736
5837,4572
5836,4746
5800,4825
5792,4536
5783,4862
5770,4612
5767,4631
5741,4893
5740,4590
5737,4775
5730,4671
5730,4483
5729,4252
5695,4485
5695,4083
5693,4671
5693,4695
5688,5431
5687,4458
5687,5014
5677,4155
5677,4422
5675,5019
5675,4399
5674,4558
5674,4328
5673,4420
5672,4201
5643,4209
5643,4110
5643,4526
5643,4563
5636,4381
5636,4503
5636,4443
5635,4065
5634,3788
5627,3827
5627,3966
6400,5581
6426,6774
6426,6601
6417,6385
6406,6594
6402,6246
6378,6953
6375,7719
6323,6633
6313,5716
6285,5735
6260,5746
6236,5723
6217,5907
6161,5643
6156,5186
6148,5160
6126,5033
6124,5193
6120,5167
6065,5248
6065,5025
6056,5180
6052,5549
6035,5032
6031,5336
6027,5152
6024,5368
6008,5273
6004,5414
6002,5181
6001,5359
5999,5210
5997,4806
5994,5037
5948,5104
5944,4790
5937,4980
5934,4880
5934,4732
5923,4914
5923,4738
5919,4709
5916,4751
5901,4525
5899,4671
5899,4371
5896,4439
5896,4330
5894,4433
5891,4513
5891,4436
5882,4763
5881,4702
5847,4869
5844,4533
5836,4741
5827,4567
5814,4711
5811,4625
5785,4541
5784,4438
5781,4562
5774,4142
5774,4296
5773,4064
5739,4171
5739,4488
5737,4370
5737,4622
5732,4375
5731,4267
5731,4384
5721,3930
5721,4138
5719,4556
5719,4404
5718,4401
5718,4604
5717,4229
5716,4258
5687,3951
5687,3956
5687,4083
5687,4129
5687,4492
5680,4227
5680,4374
5679,4578
5678,4019
5671,4252
5671,3944
6521,5703
6556,6491
6556,6422
6548,6071
6546,6171
6531,6226
6508,6176
6502,6146
6491,5834
6435,6182
6409,6051
6376,5957
6347,5901
6330,5545
6269,5520
6264,5635
6255,5588
6254,5667
6224,5559
6217,5704
6194,5715
6159,5612
6159,5518
6141,5635
6121,5303
6117,5057
6111,4939
6104,5234
6088,5057
6086,5041
6079,5032
6078,5074
6077,5363
6075,5050
6073,5041
6070,5565
6022,5020
6018,5023
6009,5013
6004,5089
5993,4907
5993,5183
5993,5253
5987,4930
5984,5115
5965,4973
5962,5135
5962,4833
5958,4882
5958,4573
5956,4801
5953,4676
5953,4581
5944,4692
5942,4704
5939,4507
5900,4429
5898,4853
5885,4636
5875,4553
5871,4752
5870,4458
5845,4783
5842,4395
5842,4831
5832,4531
5816,4517
5816,4659
5795,4284
5795,4110
5793,4315
5792,4178
5785,4729
5784,4516
5782,4443
5770,4477
5770,4214
5768,4119
5768,4052
5767,4477
5767,4236
5766,4104
5766,4068
5765,4464
5735,4117
5735,4352
5735,4355
5735,4414
5728,4046
5728,3874
5727,4017
5727,4015
6598,5945
6625,7042
6619,6458
6606,6737
6606,6344
6606,6486
6597,6465
6596,6494
6580,6000
6549,6162
6520,6122
6515,5880
6442,5863
6421,6009
6409,6341
6382,5743
6370,5446
6368,5462
6314,5304
6309,5961
6277,5663
6250,5570
6247,5759
6240,5654
6239,5413
6204,5271
6204,5324
6190,5100
6186,5208
6161,5869
6155,5490
6148,5467
6133,5380
6131,5295
6125,5124
6124,5234
6123,4985
6122,5026
6120,4843
6118,4895
6115,5018
6066,4810
6062,4767
6053,4781
6053,4793
6048,4969
6037,4927
6037,4647
6031,4811
6031,5100
6028,4568
6009,4707
6006,5064
6006,4679
6002,5338
6001,5131
5996,5234
5988,4816
5987,4907
5962,4938
5961,5112
5956,4997
5927,4698
5925,5068
5921,5044
5921,5015
5901,4574
5900,5106
5899,4837
5876,4768
5874,4924
5871,4942
5861,4470
5861,4800
5860,4548
5860,4801
5839,4808
5839,4555
5836,4895
5829,4980
5828,4578
5826,4934
5826,4614
5814,4749
5814,4402
5812,4683
5812,4716
5811,4467
5811,4603
5810,4380
5809,4558
5779,4519
6758,6689
6797,7213
6778,7403
6751,7280
6749,7625
6748,7237
6718,7167
6701,7104
6663,7099
6651,6724
6616,6991
6580,7009
6568,6911
6539,6487
6535,6842
6516,6718
6505,6532
6493,6614
6452,6093
6427,6339
6423,5932
6406,5904
6403,6221
6392,6188
6338,5538
6333,6372
6323,5622
6295,6019
6293,5737
6285,5945
6250,6151
6250,5575
6236,5883
6232,5499
6211,5712
6201,5549
6194,4863
6179,5162
6177,5375
6171,5592
6169,5548
6168,5488
6166,5657
6164,5283
6161,4863
6112,4900
6108,4772
6099,4797
6094,5001
6083,4928
6083,4673
6077,5570
6077,5065
6073,5563
6049,4829
6040,4752
6035,5014
6017,5048
6016,4353
6006,4622
6004,4548
5998,4326
5994,5283
5993,4403
5952,4718
5952,4592
5952,4214
5947,4597
5946,4291
5945,4686
5920,4211
5917,4976
5917,5090
5907,4523
5906,5040
5906,4563
5885,4986
5885,4785
5882,4650
5875,4751
5874,4284
5872,4273
5872,4480
5860,4236
5860,4096
5858,4346
5858,4037
5857,4145
5857,4014
5856,4292
5855,4608
5825,4216
7035,6637
7016,7174
7003,7120
6976,6804
6976,7150
6948,6676
6924,6953
6882,6785
6853,6404
6837,6452
6781,6529
6761,6582
6728,6147
6727,6560
6712,6396
6693,6013
6681,6003
6635,6172
6610,6255
6607,6269
6583,5820
6573,6310
6559,6204
6500,6341
6495,5719
6483,6139
6456,6063
6453,6270
6446,5790
6410,5982
6408,6062
6395,5651
6390,5978
6369,5638
6365,6260
6358,5779
6337,6231
6335,5782
6329,5858
6327,6183
6326,5531
6324,5699
6320,6018
6315,5380
6257,5292
6251,5541
6241,5797
6236,5556
6223,5252
6223,5347
6223,5747
6215,5539
6211,5284
6186,4915
6173,5251
6148,5304
6145,5369
6133,5518
6128,5380
6125,4928
6118,5199
6114,4975
6112,4789
6068,5413
6068,5099
6066,4804
6060,4913
6054,4753
6024,4705
6022,4780
6019,4774
6008,4767
6008,5018
6007,4646
6007,5015
5986,4545
5983,4668
5982,4586
5974,4527
5973,4923
5971,4938
5959,4888
5959,4669
5957,4963
5957,4795
5956,4937
5956,4829
5954,4871
5953,4888
5920,4544
5918,4535
5917,4428
7064,6789
7044,7617
7043,8181
7016,7812
6999,7444
6993,7482
6954,7000
6934,7364
6893,6769
6850,7274
6821,7066
6796,6866
6786,6607
6767,6572
6758,6577
6742,6053
6697,6732
6672,6404
6646,6055
6636,5876
6625,6536
6563,6455
6558,5952
6548,6650
6518,5906
6515,6147
6508,6239
6507,6026
6469,6189
6454,5348
6449,5666
6428,6087
6424,5905
6417,5663
6411,5608
6394,5924
6388,5638
6386,5678
6385,5491
6383,5615
6379,6168
6374,5982
6317,5650
6311,5704
6301,5558
6296,5443
6296,5472
6283,5248
6283,5040
6274,5558
6271,5686
6251,5679
6247,5517
6240,5075
6230,5253
6228,5279
6204,5449
6197,5000
6181,5116
6179,4702
6176,4668
6142,5207
6142,4913
6124,5320
6118,5439
6112,4828
6111,5451
6082,4983
6077,5123
6077,4876
6065,4394
6064,4637
6064,4607
6042,4399
6042,4360
6038,5119
6030,4872
6029,4987
6027,4724
6027,4813
6015,5023
6015,5284
6013,4751
6013,5132
6012,4387
6010,4298
6009,4507
5975,4398
5973,4150
5973,4435
5972,4137
5972,4146
7097,7117
7096,7554
7064,7350
7052,7160
7018,7286
7012,6905
6991,7080
6977,6483
6950,6998
6928,6933
6878,6833
6838,7072
6828,6500
6824,7114
6771,6631
6759,6863
6745,6310
6711,6591
6679,6709
6675,6118
6612,6544
6602,6387
6599,5972
6569,5791
6562,6384
6561,6208
6526,5664
6509,5627
6504,6097
6483,6214
6479,5924
6472,5921
6466,6071
6449,5804
6443,5340
6441,5515
6440,5930
6438,5948
6434,5614
6429,5785
6370,5974
6364,5891
6354,5132
6349,5299
6336,5474
6336,5848
6327,5609
6327,5662
6324,5426
6302,5319
6301,4938
6297,5511
6297,5255
6293,5292
6281,4786
6274,4906
6244,5181
6240,5334
6233,5469
6201,5394
6199,5362
6187,4823
6187,4913
6181,4547
6135,4890
6133,4952
6130,5233
6118,5202
6118,4812
6117,5051
6095,5151
6095,5077
6092,7702
6091,4683
6083,4955
6080,5084
6080,4486
6068,4330
6068,4840
6066,4947
6066,5349
6065,4653
6065,4772
6063,4606
6062,4508
6028,4721
6026,4750
6025,4987
6025,4924
6017,4654
6017,4723
6015,4524
7114,6886
7089,7882
7085,7405
7078,7314
7068,7513
7067,7280
7055,6974
7040,7030
7006,7468
6956,6966
6950,7002
6860,7436
6837,7073
6822,6352
6788,6672
6778,7771
6764,6566
6705,6747
6670,6221
6666,6503
6638,5856
6636,6782
6628,6150
6593,6030
6591,6256
6575,6121
6550,6025
6546,5895
6540,6402
6533,5920
6518,6222
6516,5662
6509,5598
6508,6012
6505,5756
6501,6144
6496,5244
6437,5286
6431,5837
6421,6021
6416,5418
6416,5482
6403,5734
6403,5630
6394,5999
6391,5119
6369,5244
6368,5719
6364,5625
6364,5582
6364,5134
6361,5470
6354,8009
6338,5181
6334,5041
6325,5427
6288,5273
6269,5450
6252,5471
6252,4951
6246,4995
6216,4840
6214,4852
6211,4664
6183,4824
6183,5015
6182,4908
6160,5044
6160,4745
6157,5049
6156,5116
6148,5054
6145,4749
6145,4354
6133,4982
6133,4752
6131,4905
6131,4554
6130,4729
6130,5121
6128,5038
6127,5134
6093,4904
6091,4623
6090,4505
6090,4936
6082,4420
6082,4228
6080,4544
6078,4488
6067,4266
6067,4539
7127,6702
7121,8070
7120,7819
7108,7921
7104,7659
7082,7457
7043,7072
7028,7301
6950,6954
6944,7496
6894,6747
6845,6943
6835,6951
6821,6660
6762,6687
6757,6536
6744,6683
6696,6348
6693,6516
6686,6382
6650,6366
6648,6676
6632,6202
6628,6326
6607,6277
6597,6383
6590,6257
6575,6204
6573,6417
6567,5918
6565,6504
6564,6224
6562,5646
6557,5982
6551,6192
6493,6088
6488,6088
6478,6052
6473,6018
6460,5748
6460,5701
6451,5939
6451,5825
6448,5587
6426,6001
6425,6002
6421,5617
6421,5578
6421,5914
6418,6007
6408,5490
6392,5390
6383,5927
6380,5799
6330,5252
6324,5044
6318,5230
6308,5279
6302,5390
6301,5142
6270,5101
6251,5188
6251,5217
6239,5316
6238,5550
6238,5424
6216,5195
6216,5356
6213,5452
6212,5391
6203,5031
6201,4752
6201,4775
6189,4904
6189,5261
6187,5279
6187,5331
6186,5063
6186,5164
6184,5191
6183,5227
6149,4954
6147,5251
6146,4909
6146,4750
6146,4722
6138,4694
6138,4719
6136,4702
6134,5088
6123,5032
6123,4901
7183,6668
7177,7766
7176,7756
7153,7752
7137,7802
7095,7375
7033,7092
7013,7252
6998,6758
6949,7123
6940,7081
6933,6958
6890,6915
6879,7051
6854,6642
6796,6855
6782,6785
6778,6476
6750,6397
6748,6451
6740,6403
6705,5887
6703,6260
6687,6507
6683,6322
6662,6173
6658,6241
6645,5712
6630,6359
6628,6401
6622,6437
6620,6137
6619,5997
6617,5957
6613,6205
6608,6352
6549,5551
6548,5856
6543,5951
6533,6016
6528,5495
6515,5875
6515,5767
6506,5534
6503,5932
6503,5943
6481,5767
6480,5586
6473,5799
6470,5925
6459,5542
6433,5547
6427,5727
6410,5534
6410,5517
6407,5416
6375,5708
6371,5624
6369,5251
6345,5359
6345,5612
6338,5654
6309,5667
6307,5122
6304,5038
6292,5455
6292,5593
6291,5530
6291,5121
6269,4653
6266,4479
6265,4926
6257,5022
6256,5267
6254,5239
6254,5021
6242,4975
6242,4917
6240,5007
6240,5110
6239,5139
6239,5458
6237,5265
6236,4909
6202,4878
6200,5057
6199,5197
6199,5305
6199,4662
6191,4636
6191,4673
6189,4788
7281,7091
7273,8318
7231,7481
7200,7574
7181,7411
7136,6929
7117,7496
7077,7090
7074,7101
7049,6383
7041,7214
7025,7143
6985,7031
6961,6937
6955,6449
6929,6551
6922,6930
6908,6390
6849,6973
6844,6452
6834,6674
6804,6591
6801,6791
6794,6332
6793,6645
6758,6102
6741,6160
6736,6228
6715,5623
6711,6174
6704,6060
6698,6030
6683,6069
6681,6503
6674,5799
6673,5953
6672,6501
6670,6246
6665,5973
6659,5766
6602,6007
6597,5570
6587,6087
6582,5778
6569,5601
6569,5224
6569,5861
6560,5703
6551,5077
6521,5619
6515,5889
6490,5472
6487,5341
6473,5102
6470,5499
6467,5564
6465,5170
6456,5246
6455,5625
6421,5309
6407,5145
6407,4719
6405,4779
6399,5488
6393,5606
6392,5552
6361,5100
6358,5212
6358,5034
6346,4649
6345,4849
6345,4788
6323,5205
6323,5352
6320,4891
6319,4581
6311,4734
6310,4782
6308,4885
6296,4843
6296,5229
6294,5326
6294,5151
6293,4989
6293,5037
6293,4818
6291,4878
6290,4953
6255,4633
6253,4729
6252,4761
6252,4438
7388,7242
7385,7639
7339,7902
7309,7696
7283,7284
7206,7328
7184,7052
7141,7296
7141,7104
7128,7018
7110,6674
7084,7131
7080,7521
7036,7282
7036,7548
7016,7233
7014,7202
7011,7133
6985,7203
6975,7147
6964,7166
6902,6903
6897,6415
6887,6814
6884,6402
6854,6626
6847,7369
6846,6717
6811,6737
6809,6118
6789,6533
6768,6437
6764,6168
6758,6357
6751,6162
6736,5933
6734,6563
6727,5831
6726,5948
6725,6428
6723,5830
6718,6153
6712,6203
6656,5408
6650,6170
6640,5664
6635,5925
6622,6258
6616,6092
6606,5788
6594,5678
6570,5873
6547,5305
6532,5977
6530,5827
6524,5528
6522,6250
6511,5970
6509,5579
6474,5870
6474,5958
6474,5062
6474,5805
6460,6269
6460,5370
6458,5471
6452,6009
6446,5303
6445,5827
6416,5428
6411,5617
6411,5215
6399,5833
6399,5430
6398,5561
6376,5166
6376,4893
6373,5355
6372,5576
6364,5436
6363,5806
6361,5472
6361,5287
6349,5142
6349,5599
6347,5421
6347,5012
6346,5650
6346,5872
6344,5294
6343,5518
6308,5343
7516,7608
7492,8420
7463,8644
7422,7762
7390,7772
7344,8322
7295,8033
7256,8847
7219,7851
7203,7546
7190,7192
7149,7315
7139,7005
7093,7470
7093,7891
7093,7122
7093,7433
7093,6747
7091,6991
7070,6541
7066,7158
7062,6776
7036,7103
7018,6691
7015,6668
6956,6372
6951,6624
6938,6693
6911,6452
6908,6866
6901,6253
6900,6638
6863,5899
6848,6803
6843,6386
6822,6606
6818,6952
6811,6964
6805,6443
6790,5978
6788,6653
6781,6088
6780,6393
6779,5806
6777,6221
6772,5818
6766,5629
6709,5311
6701,5859
6688,5601
6672,5617
6636,5275
6633,5123
6621,5539
6610,5887
6605,5086
6583,5998
6569,5589
6567,5746
6528,5504
6528,5639
6528,5328
6528,5330
6528,5107
6528,5402
6528,5322
6514,5495
6514,5764
6514,5368
6506,4829
6506,5200
6499,5811
6470,5666
6468,4808
6465,4936
6453,5683
6453,5950
6452,5149
6452,5017
6430,5093
6427,5505
6426,4989
6418,5267
6417,5897
6415,5207
6415,5320
6403,5058
6401,5625
6401,5813
6400,5346
6400,5696
6398,5461
7681,8629
7604,8596
7567,9244
7530,8580
7481,8785
7434,8488
7388,8176
7360,8486
7324,8226
7304,7947
7258,8241
7221,7323
7208,7935
7153,7806
7153,7544
7152,7151
7152,7116
7152,7050
7152,7378
7152,7349
7129,7282
7127,7066
7121,7511
7095,7232
7088,7426
7074,7125
7015,6961
7010,6698
6997,6838
6970,6575
6967,7171
6960,6598
6924,6873
6922,6412
6906,6724
6902,6643
6881,6717
6871,6105
6864,6910
6849,6084
6847,6402
6841,6808
6839,6593
6838,6861
6836,6400
6831,6597
6825,6081
6768,6434
6760,6046
6747,6149
6731,5999
6695,5736
6692,5860
6671,6238
6669,6342
6664,6247
6640,6017
6628,6078
6622,5637
6587,5213
6587,6259
6587,5468
6587,6407
6587,5969
6587,5566
6587,5735
6573,6100
6573,5772
6565,5507
6565,5977
6558,5512
6529,5275
6527,6019
6524,5432
6512,5814
6512,6017
6511,5552
6489,5622
6489,4807
6486,5427
6485,5454
6476,5780
6474,4597
6474,5257
6462,5454
6462,5481
6460,4848
6460,4717
6459,5435
6459,5487
6457,5341
6456,5005
7657,7792
7628,9070
7592,8287
7545,8186
7507,8341
7461,8076
7417,7975
7373,7776
7335,7699
7319,7552
7306,7521
7265,7476
7255,7422
7209,7328
7209,7404
7209,7103
7209,7500
7209,7366
7186,7247
7184,7573
7178,6982
7152,7448
7134,7292
7131,7710
7072,7092
7058,7054
7054,6889
7026,6920
7024,6891
7016,7047
6981,6867
6979,6889
6963,6478
6938,6651
6934,5829
6928,6768
6921,6558
6906,6557
6904,6250
6897,6502
6896,6117
6895,6477
6893,6542
6888,6159
6882,6473
6825,5670
6820,6203
6810,6006
6802,6376
6786,6078
6775,5394
6743,6136
6737,5258
6705,6774
6700,5807
6694,5678
6692,5396
6681,5685
6679,5276
6644,5831
6644,5561
6644,5278
6644,5889
6630,5972
6630,5589
6628,5943
6622,5278
6616,5631
6615,5836
6584,5148
6581,5320
6569,5985
6569,5234
6568,5279
6568,5530
6546,5866
6543,5229
6542,5375
6534,5653
6533,5245
6531,5517
6519,5745
6519,5727
6517,5144
6517,5304
6516,5664
6516,5644
6514,4777
6513,5673
6478,5443
6476,4706
6475,5058
7631,7605
7610,8705
7600,8311
7561,8257
7518,7894
7474,7952
7425,7614
7398,7584
7364,7729
7363,7484
7342,7389
7330,7343
7307,7393
7301,7604
7259,7402
7239,7248
7237,7723
7231,7630
7205,7613
7187,6992
7183,7240
7125,7191
7111,6724
7107,6377
7079,6448
7070,6145
7069,6523
7034,6533
7032,6249
7012,6211
6991,6239
6987,6032
6980,6156
6974,5866
6959,6045
6951,6258
6949,5953
6948,5847
6946,6343
6942,6163
6937,6269
6879,6246
6873,6092
6863,5940
6858,5751
6845,5772
6845,5990
6845,5849
6833,5667
6827,5907
6795,5751
6791,5548
6766,5317
6762,5597
6749,5613
6746,5289
6743,5354
6736,5447
6732,5683
6730,5532
6683,5319
6683,5397
6675,5533
6675,5394
6669,5123
6639,5186
6637,5201
6634,5213
6622,4971
6622,5091
6621,4980
6599,4988
6599,5054
6596,5020
6595,5207
6587,4901
6584,4895
6584,5031
6572,5104
6572,5172
6570,5175
6570,5008
6569,5044
6569,5305
6567,5370
6566,5311
6531,4941
6529,4948
6528,4924
6528,4915
6520,5046
6520,5097
7633,7142
7617,7873
7575,7704
7560,7783
7529,7728
7510,7389
7460,7328
7430,7168
7403,7243
7400,7073
7378,7097
7370,6868
7316,6897
7312,6673
7287,7253
7261,6678
7251,6899
7237,6799
7178,6450
7173,6787
7160,6392
7133,6501
7130,6172
7123,7295
7087,6916
7085,6643
7069,6494
7065,6350
7044,6589
7034,6446
7027,6030
7012,6312
7010,6368
7004,6145
7002,6338
7001,6417
6999,6125
6994,6165
6988,6075
6931,6115
6926,6250
6916,6091
6911,6350
6898,6121
6898,5596
6889,6009
6889,5883
6886,5698
6861,5553
6857,5934
6842,6062
6840,5784
6816,5827
6812,5987
6798,5343
6791,5581
6789,5775
6784,5789
6754,5379
6736,5546
6728,5765
6728,5589
6722,5235
6692,5177
6690,5686
6687,5468
6675,5410
6675,5642
6674,5106
6652,5395
6652,5439
6649,5239
6648,5624
6640,5146
6639,5100
6637,5274
6625,5278
6625,5575
6623,5661
6623,5018
6622,5252
6622,5338
6620,5500
6619,5430
6584,4828
6582,4960
6581,5214
6581,5309
6573,5341
6573,5075
6571,4805
6569,4993
7638,6964
7632,7682
7616,7956
7572,7845
7562,7486
7504,7247
7479,7470
7456,7020
7442,7323
7434,7322
7381,7568
7366,7263
7359,7039
7311,7372
7293,7139
7290,7204
7231,7054
7217,6684
7213,7005
7185,6348
7176,7141
7175,6370
7140,6916
7138,6490
7118,6139
7097,6550
7093,6532
7086,5781
7080,6193
7065,6344
7057,6093
7055,6256
7054,5998
7052,6146
7048,6270
7043,6416
6985,6084
6979,6208
6969,5737
6964,6109
6951,6161
6951,6140
6942,5869
6939,6080
6919,6111
6917,5744
6916,5928
6909,5896
6906,5508
6893,5812
6886,5713
6866,5325
6852,5988
6846,5910
6813,5368
6811,5439
6809,5621
6799,5681
6793,5171
6774,5454
6743,5393
6740,5383
6740,5036
6728,5056
6727,5358
6727,5518
6705,5373
6702,5082
6701,5090
6693,5169
6692,5432
6690,5482
6690,5060
6678,4829
6676,5174
6676,5486
6675,5266
6675,5315
6673,4926
6672,4767
6637,5114
6635,5199
6634,5315
6634,4801
6626,4921
6626,5270
6626,5010
6624,5078
6622,4693
6611,4670
6611,4770
6610,5176
7663,6882
7651,8054
7626,7309
7590,7731
7553,7005
7514,7351
7494,7258
7440,7142
7428,6907
7421,7035
7378,6973
7367,6527
7363,7089
7279,6351
7269,6826
7266,6970
7236,6405
7229,6772
7228,6389
7193,6556
7176,6756
7171,6749
7150,6545
7146,5985
7139,6510
7133,6116
7118,5859
7116,6347
7109,6203
7108,6126
7107,6102
7105,6013
7100,6170
7094,6336
7037,5704
7032,6179
7022,6194
7017,5589
7004,6067
7004,6015
6995,5806
6992,5844
6972,6036
6970,5611
6969,5986
6965,6105
6965,5541
6962,6175
6949,6028
6941,5616
6926,6034
6908,5967
6871,5363
6866,5743
6864,5783
6852,5118
6852,5465
6845,5589
6816,5480
6796,5186
6793,5320
6781,5610
6781,5587
6780,5094
6758,4983
6758,5151
6755,5355
6754,5306
6746,5166
6745,5080
6743,5047
6731,4938
6731,5219
6729,5275
6729,5221
6728,4987
6728,4939
6726,5352
6725,5526
6690,5312
6688,4769
6687,5011
6687,5337
6679,5128
6679,5139
6677,4694
6677,4731
6675,5251
6664,5104
6664,5263
6663,4856
6663,4774
7704,6965
7699,7458
7668,7106
7630,7531
7600,7314
7563,7213
7500,7237
7480,6881
7441,7120
7431,7204
7420,7060
7358,6605
7353,6840
7319,6474
7292,6802
7289,6532
7282,6470
7246,6742
7244,6605
7228,6688
7224,6413
7203,7109
7193,6437
7186,6024
7171,6681
7169,6392
7162,6020
7161,6527
7160,5992
7158,6458
7153,6290
7147,6236
7090,6680
7085,6419
7075,5714
7070,6000
7057,6250
7057,5845
7048,5867
7045,6156
7025,5677
7022,5800
7022,5898
7018,5544
7018,5889
7015,5937
7008,5498
6995,5803
6992,6235
6987,5687
6942,5795
6925,5622
6920,5241
6905,5536
6899,5891
6869,5580
6867,5454
6864,5742
6852,5729
6834,5199
6833,5145
6833,5421
6811,5479
6808,5602
6807,4947
6799,5546
6798,5374
6796,5633
6784,4863
6784,5014
6782,5085
6782,5322
6781,5753
6781,4958
6779,5012
6778,5158
6743,5352
6741,4715
6740,4974
6740,4780
6732,5575
6732,5179
6730,5323
6728,5181
6728,4836
6717,5154
6717,5150
6716,5243
6716,5022
6716,5064
6716,5090
6716,5174
7693,6974
7686,7540
7672,7289
7618,7458
7587,7385
7545,7258
7494,7812
7473,6852
7411,6941
7406,6887
7396,6831
7366,6592
7363,6895
7335,6467
7334,6542
7297,6214
7282,6771
7277,6227
7256,6116
7252,6781
7245,6195
7239,6620
7222,5981
7216,6360
7214,6523
7213,6280
7211,7277
7207,6666
7202,6034
7144,6328
7138,5803
7128,6091
7123,6272
7110,5847
7110,6104
7110,6377
7101,5624
7098,6369
7078,5646
7075,6456
7071,6238
7071,5705
7071,6182
7068,5476
7061,5557
7048,5825
7048,5487
7046,5484
7007,5779
7002,5282
6991,5510
6980,5662
6960,5709
6955,5311
6920,5701
6917,5753
6917,5193
6905,5565
6904,5656
6904,5559
6864,5277
6864,5226
6860,5505
6852,5620
6851,4997
6849,5263
6849,5434
6837,5434
6837,5192
6835,5155
6835,5231
6834,5267
6832,5492
6831,5070
6796,4876
6794,5205
6794,5312
6793,5071
6793,5174
6785,4852
6785,5297
6783,5229
6781,5344
6770,4911
6770,5278
6769,5176
6769,5016
6769,5103
6769,4912
6769,5238
6764,5270
6764,4925
7733,6810
7697,7455
7684,7581
7658,7371
7601,7141
7573,7255
7539,7398
7472,7057
7450,6513
7446,7166
7418,6680
7416,6787
7408,6465
7372,6922
7350,6302
7334,6945
7330,6755
7309,6528
7305,6639
7292,6192
7277,6665
7275,5950
7269,6279
7267,6315
7266,6113
7264,7007
7260,6188
7255,6544
7197,6434
7191,5723
7181,6529
7176,6118
7163,5786
7163,5901
7163,6158
7154,5933
7151,6167
7131,5509
7128,5660
7124,5966
7124,5772
7124,5974
7121,6002
7114,5631
7114,6030
7101,5943
7100,5670
7063,5734
7060,5706
7053,5536
7034,5560
7027,5694
7012,5407
6979,5793
6970,5697
6970,5242
6958,5615
6958,6039
6957,5174
6933,5373
6917,5674
6914,5807
6913,5092
6904,5529
6902,5538
6902,5674
6890,5215
6890,5552
6888,5419
6888,5435
6887,5050
6887,5569
6885,5549
6884,5468
6849,4955
6847,5074
6846,5292
6846,5453
6838,5027
6838,5283
6836,5263
6834,5361
6834,5574
6823,4833
6823,5603
6822,5373
6822,5397
6822,4904
6822,5116
6822,5155
6817,5253
6817,4895
7786,6923
7747,7694
7727,7561
7675,7538
7644,7228
7626,7502
7531,6628
7520,6890
7502,6916
7499,6933
7469,6666
7462,6738
7461,6917
7405,6837
7388,6326
7383,7001
7362,6267
7358,6672
7351,6346
7345,6693
7330,6222
7328,6345
7321,6303
7320,6157
7319,6508
7317,6101
7312,6531
7306,6325
7249,6135
7244,6325
7234,5856
7229,6066
7216,6033
7216,5761
7207,6119
7204,5841
7184,6208
7182,6337
7181,6297
7177,6168
7177,6083
7174,5847
7174,5989
7167,5922
7154,5740
7153,5495
7152,5768
7116,5994
7111,5434
7106,5882
7087,6193
7080,5310
7034,5524
7030,5806
7023,5338
7023,5458
7011,5464
7010,5228
7010,5449
6986,5595
6970,5702
6966,5212
6958,5085
6957,5417
6955,5382
6955,5050
6943,5557
6943,5634
6941,5721
6941,5115
6940,5495
6940,5511
6938,5380
6937,5329
6902,5301
6900,5342
6899,5987
6899,6252
6891,5772
6891,5844
6889,5865
6887,8169
6887,6208
6876,6591
6876,6086
6875,5587
6875,6188
6875,6072
6875,6162
6875,6391
6870,5775
6870,6200
7839,7796
7803,8401
7781,8670
7763,8024
7697,8261
7679,7656
7644,8239
7573,7529
7556,7302
7552,7195
7524,8173
7515,7494
7514,7270
7478,7278
7456,7005
7440,7123
7415,7161
7411,6673
7405,7060
7398,6251
7383,6783
7381,6741
7374,6864
7373,6908
7372,7336
7370,6988
7365,7552
7359,7284
7302,7297
7297,7396
7287,6739
7282,9777
7269,6739
7269,6644
7260,6707
7260,6654
7257,6755
7235,8413
7234,6754
7230,7439
7230,6849
7230,6433
7227,6766
7220,6846
7207,6624
7207,6197
7205,6198
7169,6396
7164,6236
7159,6631
7140,6410
7133,5827
7118,6307
7083,6336
7076,6528
7076,6244
7064,6175
7063,6256
7063,5936
7039,6184
7023,5887
7019,5420
7011,5537
7010,5892
7008,5910
7008,5416
6996,5894
6996,5528
6994,5895
6994,5949
6993,5603
6993,5958
6991,5780
6990,6158
6955,5644
6953,5825
6952,6122
6952,5807
6944,5512
6944,5701
6942,6375
6940,5215
6929,5961
6929,6191
6929,5406
6928,6232
6928,5535
6928,5454
6928,5215
6928,5157
6923,5262
6923,5001
7892,7393
7853,7962
7832,8020
7781,7943
7750,7947
7732,7736
7637,7523
7618,7634
7608,7608
7578,7410
7575,7869
7568,7081
7567,7145
7511,7053
7494,6974
7489,6999
7468,7391
7464,7344
7457,7078
7451,7211
7436,7046
7434,7344
7427,6700
7425,7129
7423,7107
7419,7118
7414,7041
7356,6532
7355,7075
7350,6343
7340,6916
7335,6761
7322,6513
7322,6882
7313,6989
7310,6953
7290,7123
7288,6496
7287,6941
7283,6797
7283,6703
7280,6978
7280,6906
7273,6654
7260,6127
7259,6518
7258,6353
7222,6585
7217,6416
7202,6302
7193,6441
7186,6558
7140,6333
7136,6010
7129,6443
7117,5931
7117,6436
7116,5922
7116,6488
7092,5873
7073,6467
7072,5841
7064,5843
7063,6410
7061,6244
7061,6280
7049,5930
7049,5826
7047,5793
7046,6308
7046,5699
7044,6211
7043,5712
7008,6004
7008,5959
7006,5386
7005,5912
7005,5024
6997,6108
6997,5552
6995,5625
6993,5991
6982,5652
6982,7304
6982,5765
6981,5889
6981,5042
6981,5763
6981,5330
6981,6132
6976,5253
6976,5458
7945,7434
7906,7934
7886,8271
7836,8289
7806,8318
7785,8048
7690,7506
7679,7652
7661,7621
7631,7777
7628,7448
7621,8006
7620,7618
7582,6824
7547,7384
7542,7501
7521,7727
7517,7342
7510,7153
7504,7344
7489,7347
7481,6864
7479,7307
7478,7416
7476,7150
7472,6704
7467,7185
7409,6850
7403,6894
7403,6409
7393,6874
7388,6536
7375,6724
7375,6885
7366,6867
7363,6745
7343,6242
7340,6267
7340,6603
7336,6789
7336,7078
7333,6305
7326,6575
7326,6727
7313,6532
7312,6713
7311,6378
7275,6576
7273,6563
7258,6415
7247,6485
7239,5535
7193,6192
7189,5959
7182,6055
7170,5356
7170,6269
7169,5785
7169,6272
7145,5797
7126,5922
7125,5686
7117,6226
7116,5616
7114,5655
7114,5539
7102,5883
7100,5937
7100,5028
7099,5978
7099,5590
7097,5599
7096,6002
7061,5358
7059,5710
7059,5808
7058,5822
7058,5314
7050,5341
7050,5809
7048,5381
7046,5707
7035,5354
7035,5367
7035,5304
7034,5224
7034,5290
7034,5873
7034,5768
7034,5381
7029,5465
7029,5758
7998,7474
7959,8777
7948,8071
7899,7869
7877,7788
7841,7511
7743,7592
7733,7414
7714,7604
7684,7273
7681,7295
7674,7347
7673,7474
7635,7409
7600,7065
7595,7430
7574,6835
7570,7008
7563,7096
7557,7016
7542,7114
7540,7183
7532,6996
7531,8288
7529,7719
7525,7095
7520,7018
7462,6903
7456,6842
7456,7083
7446,6806
7441,6823
7428,6570
7428,6722
7419,7151
7416,6776
7396,6679
7394,6357
7393,6721
7389,6790
7389,6638
7386,6356
7386,6414
7379,6547
7366,6448
7365,6467
7364,6512
7328,6214
7326,6589
7311,6468
7308,6298
7293,6351
7258,6390
7243,6191
7235,6271
7223,6402
7223,6319
7222,6271
7222,6504
7198,6188
7179,6081
7178,5909
7170,6144
7169,5806
7167,6147
7167,5697
7155,6172
7155,5752
7153,6420
7152,5748
7152,6048
7150,5618
7149,5772
7114,5925
7114,5032
7112,5769
7111,4974
7111,6045
7103,5715
7103,5381
7101,5342
7099,5512
7088,5739
7088,4920
7088,5797
7087,5055
7087,5694
7087,5577
7087,5782
7087,5823
7082,5748
7082,6021
8051,7646
8012,8410
8002,8836
7953,8018
7932,8022
7895,7915
7818,7819
7790,7774
7772,8420
7737,7756
7734,7398
7727,7274
7726,7443
7690,7407
7673,7230
7648,8250
7627,7638
7623,7183
7616,7273
7610,6959
7595,7185
7593,7204
7586,7374
7585,7364
7584,7096
7582,6858
7577,6623
7571,6581
7514,6126
7509,6542
7499,6228
7494,6421
7481,6022
7481,6337
7472,6217
7469,6309
7449,6070
7447,6279
7446,6082
7442,6522
7442,5977
7439,6188
7439,5979
7432,6224
7419,5796
7418,6476
7417,6217
7381,6211
7379,6388
7374,6076
7361,5973
7346,5791
7344,6172
7296,5617
7291,5721
7288,5666
7276,5798
7275,5896
7275,5714
7251,5716
7251,6499
7232,6286
7223,5813
7222,5498
7220,5797
7220,5988
7208,5318
7208,5690
7206,5826
7206,5292
7205,5875
7205,5518
7203,5581
7202,5722
7167,5116
7165,5663
7164,5486
7164,5454
7156,5645
7156,5517
7156,5518
7154,5528
7152,5672
7141,5179
7141,5435
7140,5138
7140,5617
7140,5672
7140,5106
7140,5651
7140,5457
7135,5355
8108,7359
8068,7885
8065,7788
8040,8000
7992,7558
7965,8083
7939,7544
7849,7487
7838,6959
7817,7035
7790,6952
7787,7111
7780,7371
7743,7222
7741,7534
7706,7025
7701,6947
7680,6759
7676,6527
7669,6895
7663,6720
7648,6750
7640,6815
7638,6559
7637,6811
7635,6779
7631,6757
7626,6327
7624,6673
7567,6373
7562,6569
7552,6277
7547,6676
7534,6417
7534,6573
7525,6172
7522,6460
7522,6556
7500,6506
7499,6165
7495,6657
7495,6368
7492,6397
7492,6494
7485,6349
7472,6269
7472,6393
7470,6239
7434,6003
7432,6218
7424,6182
7406,6150
7398,6070
7383,5864
7351,5946
7341,5707
7341,5879
7329,5678
7329,5559
7328,5937
7304,5549
7288,5827
7285,5567
7284,5412
7276,5859
7275,5474
7273,6400
7261,5751
7261,6160
7259,6205
7259,6166
7258,5834
7258,6165
7256,5234
7255,6349
7220,6029
7218,6116
7218,6384
7217,5486
7217,6302
7209,5825
7209,6236
7207,5671
7205,5577
7205,5415
7194,5713
7194,5971
7193,5936
7193,6215
7193,6184
7193,6339
7193,5731
8174,7870
8171,8293
8164,8361
8119,8299
8098,8199
8061,8757
8019,8464
7970,9022
7956,9028
7888,8193
7874,8082
7870,7961
7842,8119
7840,7847
7832,8325
7776,7883
7774,7793
7758,7231
7754,7792
7733,7418
7729,7093
7716,7430
7701,6935
7699,7500
7693,7174
7691,7284
7690,7088
7688,7365
7684,7877
7679,7450
7621,7032
7615,7062
7605,6915
7605,6798
7600,6642
7587,6688
7587,6668
7578,6516
7575,6982
7555,6830
7553,6650
7552,6691
7548,6479
7548,6802
7545,6495
7545,6600
7538,6770
7525,6427
7524,6656
7523,6494
7484,5846
7471,5955
7467,5810
7443,5945
7434,6240
7428,5741
7397,6308
7394,6045
7394,6312
7382,5978
7381,6081
7363,5370
7341,6090
7341,6000
7338,6089
7329,5432
7328,6055
7326,5934
7326,6011
7314,5248
7314,6213
7312,5863
7312,5974
7311,5607
7311,6348
7309,6303
7308,6185
7273,5794
7271,6235
7270,5791
7270,5859
7262,5201
7262,5466
7262,5811
7260,5996
7258,5831
7247,6155
7247,6034
7246,6050
7246,6184
7246,6067
7246,5894
8265,7957
8259,8632
8231,8449
8218,8582
8153,8799
8130,8158
8114,7873
8044,7922
8022,8423
8003,7572
7941,7747
7936,7775
7926,7555
7896,7988
7893,7539
7865,7289
7864,7535
7829,7057
7812,7561
7807,7214
7786,6929
7782,7264
7776,7100
7769,6892
7754,7290
7752,7191
7745,7386
7744,7297
7743,7478
7741,8030
7736,6999
7730,7263
7674,7183
7668,7231
7658,7046
7653,7086
7640,7195
7640,6950
7640,6896
7631,7009
7628,6598
7608,6502
7605,7203
7605,7213
7601,6851
7601,7094
7598,7074
7591,6937
7591,7002
7575,7081
7571,6950
7525,6836
7524,6838
7506,6644
7492,6552
7488,6334
7481,6511
7452,6167
7450,6494
7447,6835
7435,6732
7417,6447
7416,6291
7394,6189
7394,6251
7391,6333
7390,6388
7382,6043
7381,6244
7379,5454
7367,5858
7367,5989
7365,6317
7365,6125
7364,6266
7364,6282
7362,5919
7361,6089
7326,5833
7324,6209
7323,6164
7323,5603
7323,5600
7315,5320
7315,6702
7313,5798
7311,5736
7300,6177
7300,6144
7300,6077
7299,6244
7299,6079
8336,8011
8318,9047
8312,8907
8274,8393
8258,8728
8183,8284
8177,7951
8136,8561
8085,9264
8067,8041
8053,8306
7994,8324
7989,7641
7979,7974
7949,7645
7925,7590
7918,7969
7917,8233
7880,7375
7865,7392
7860,7223
7839,7427
7835,7187
7828,7581
7822,7166
7807,7292
7805,7431
7798,7597
7797,7407
7796,7512
7794,7356
7789,7304
7783,7128
7726,7148
7721,7176
7711,7253
7706,6983
7693,7045
7693,7033
7684,7003
7681,6654
7681,6923
7659,8042
7658,6483
7654,7163
7654,6956
7651,6369
7651,6983
7644,7087
7628,6625
7624,6607
7615,6814
7577,6703
7561,6143
7555,6603
7541,5845
7535,6290
7534,5861
7503,5992
7500,5990
7500,5788
7470,6374
7469,6608
7469,6320
7447,6558
7447,6320
7443,6416
7435,5908
7434,6148
7432,5650
7432,6263
7420,5668
7420,6623
7418,6626
7418,5996
7417,6214
7417,6058
7415,6894
7414,6378
7379,6323
7377,5918
7376,5640
7376,6126
7368,5713
7368,6111
7366,5741
7364,6090
7353,6144
7353,6088
7353,5914
7352,5611
7352,6047
8393,8092
8373,8687
8366,8943
8328,8707
8313,9478
8236,7945
8203,8056
8179,8002
8130,9058
8120,8068
8106,8305
8047,7824
8042,7573
8029,7856
7981,7504
7978,7302
7970,7671
7935,7492
7933,7583
7917,8221
7913,7504
7888,7308
7882,7519
7875,7407
7860,7508
7858,7611
7851,7237
7850,7137
7849,7256
7847,7477
7842,7264
7836,7400
7779,7434
7774,7293
7764,7673
7759,8120
7746,7100
7746,7456
7737,7177
7734,7422
7734,6992
7712,7028
7711,7169
7707,7074
7707,7033
7707,6928
7704,7026
7697,7138
7681,7078
7677,7038
7667,6951
7616,6315
7611,6879
7604,6829
7594,6337
7588,6522
7587,6394
7556,6695
7553,6681
7535,6143
7523,6565
7522,6571
7522,6515
7500,6618
7497,6368
7496,6471
7488,6086
7487,6587
7485,6029
7485,6446
7473,6436
7473,5956
7471,5927
7470,5776
7470,6651
7468,6149
7467,5487
7432,5877
7430,6101
7429,6422
7429,5912
7429,6122
7421,6246
7421,6700
7419,6343
7417,6168
7406,5690
7406,5979
7405,5894
7405,6125
7405,6005
7405,5950
8422,7871
8407,8742
8349,8725
8340,8617
8259,8594
8242,8750
8217,8832
8183,8133
8173,8229
8159,7869
8100,7565
8095,7863
8061,7641
8034,7391
8031,7761
8024,7258
8023,7244
7986,7477
7971,7870
7966,7374
7945,7996
7941,8233
7934,7662
7928,7784
7913,7666
7911,7598
7904,7522
7903,7828
7902,7275
7900,7200
7895,7640
7889,7893
7832,7281
7827,7199
7817,7078
7812,6940
7799,6992
7799,6856
7790,6957
7790,6592
7787,6630
7765,6709
7764,6373
7760,6860
7760,6599
7760,6791
7751,6516
7736,6249
7721,6650
7704,6958
7699,6645
7661,6345
7661,6153
7657,6638
7647,6211
7647,6077
7640,6268
7593,6299
7591,5911
7588,6184
7576,6203
7576,6246
7575,6070
7575,6083
7553,5828
7550,6337
7549,5992
7541,6284
7540,5962
7538,6228
7538,5858
7526,6134
7526,5792
7524,6018
7524,5629
7523,5870
7523,6742
7521,6372
7520,6074
7485,5909
7483,5795
7482,5896
7482,5835
7474,5832
7474,6135
7474,6075
7472,5898
7470,6001
7459,5452
7459,5880
7458,5714
7458,5525
8449,7738
8427,9190
8386,9096
8365,8131
8336,8103
8336,8242
8285,8044
8276,7727
8259,7724
8235,7871
8205,7938
8191,7665
8132,7476
8127,7694
8117,7589
8087,7489
8084,7336
8077,7360
8076,7593
8039,7383
8024,7261
8019,7226
7998,6996
7994,7241
7981,7150
7966,7258
7964,7115
7958,7144
7956,7065
7955,7052
7953,7139
7948,6944
7942,6966
7885,6755
7880,6545
7870,6763
7865,7031
7852,7142
7852,6795
7843,6769
7840,6751
7840,6668
7818,6408
7817,6606
7810,6676
7807,6326
7794,6647
7791,6605
7767,6500
7753,6569
7747,6374
7714,6242
7714,6101
7710,6457
7700,6526
7700,5955
7675,6209
7646,5945
7641,6308
7641,5998
7629,6016
7628,5915
7628,6443
7606,5705
7606,6320
7602,5996
7594,6322
7593,5847
7591,5786
7591,5779
7579,6216
7577,5778
7577,5956
7576,6042
7576,5774
7574,5697
7573,6052
7538,5576
7536,5831
7535,5900
7535,5989
7527,5532
7527,5765
7525,5526
7523,5920
7512,5654
7512,5682
7512,5382
7511,5583
7511,5810
7511,5645
7511,5619
8444,7563
8435,8452
8405,8880
8350,8064
8337,7867
8322,7988
8285,7624
8267,7774
8263,7796
8205,7732
8171,7469
8167,7356
8139,7289
8130,7181
8129,7398
8094,7451
8092,7325
8076,7170
8051,7285
8047,7136
8041,6789
8034,7084
8019,7037
8017,6996
8010,7168
8009,7354
8008,7171
8006,6980
8001,7187
7995,7195
7938,7087
7933,7079
7923,6710
7918,6910
7905,6913
7905,6550
7896,7225
7893,7205
7873,6708
7871,7200
7870,9051
7866,6817
7866,7181
7863,7249
7856,6890
7853,6536
7837,6530
7827,6229
7775,6422
7772,5987
7763,6461
7753,6191
7753,6314
7746,6681
7717,6390
7715,6628
7694,6153
7682,6228
7682,5975
7681,6211
7659,6002
7659,6228
7656,5848
7655,6208
7646,5741
7644,6645
7644,6215
7632,6466
7632,6766
7630,6517
7630,6316
7629,6770
7629,6616
7627,6820
7626,6544
7591,6468
7589,6197
7588,6479
7588,6334
7580,5959
7580,6456
7578,6137
7576,6398
7565,6513
7565,5923
7565,6389
7564,6550
7564,5307
7564,5858
7564,5751
7564,5907
7559,5653
8498,7961
8477,8565
8435,8244
8400,8205
8341,8130
8331,8248
8320,8346
8258,8086
8253,8149
8243,7982
8193,8082
8190,8271
8183,8493
8182,7890
8145,7902
8130,8179
8125,7729
8104,8216
8100,7993
8093,7712
8087,7925
8072,7859
8064,7588
8062,7870
8061,7748
8059,8151
8055,7608
8050,7474
7992,7206
7986,7441
7986,7363
7976,7161
7971,7355
7958,7318
7958,7218
7949,7143
7946,7595
7926,7110
7923,7105
7923,6663
7919,7231
7919,7320
7916,7314
7909,7314
7909,7370
7893,6971
7881,7101
7842,6850
7828,7390
7823,7413
7806,7140
7806,6888
7799,6617
7770,7229
7768,7007
7765,6928
7735,6833
7735,7091
7734,6367
7734,6831
7712,6835
7709,6592
7708,6894
7700,6778
7699,6276
7697,6444
7685,6632
7685,6557
7683,6295
7683,6948
7682,6729
7682,6387
7680,6317
7679,6472
7644,6296
7642,5961
7641,6567
7641,5853
7641,6157
7633,6053
7633,6408
7631,6133
7629,5883
7618,6067
7618,6207
7617,6057
7617,6126
7617,5942
7617,5940
7617,6145
7617,5844
7612,6000
8537,7853
8491,10249
8467,8544
8438,8595
8391,8517
8373,8657
8370,8757
8311,8353
8297,8074
8293,8514
8245,7978
8243,8079
8235,7764
8200,7729
8198,7829
8182,7670
8157,7564
8153,7667
8147,7932
8140,7937
8125,7275
8123,7623
8116,7487
8115,7388
8114,7392
8112,7975
8107,7756
8101,7886
8044,7451
8039,7289
8029,7374
8024,7172
8011,7574
8011,7278
8002,7273
7999,7378
7979,7252
7977,7333
7976,7413
7972,7280
7972,8093
7969,7206
7962,7162
7962,7081
7949,7416
7945,7176
7905,6932
7895,6541
7877,6971
7864,6984
7859,6869
7852,6788
7823,6367
7821,6764
7818,6808
7806,6466
7788,6759
7787,6753
7765,6168
7765,6863
7762,6516
7761,6420
7752,6586
7750,6460
7750,6249
7738,6246
7738,6465
7736,6147
7736,6650
7735,6697
7735,6072
7733,6408
7732,6339
7697,6366
7695,5987
7694,6409
7694,6142
7686,6468
7686,6284
7684,5979
7682,6495
7671,6234
7671,7620
7671,6092
7670,6498
7670,6396
7670,5805
7670,6213
7670,6236
7665,6276
7665,6015
7646,5875
8552,7662
8521,8101
8485,8397
8450,7956
8424,7954
8357,7744
8352,7890
8339,8284
8311,8188
8309,7932
8301,7553
8249,7456
8247,7430
8231,7761
8227,7496
8202,7316
8196,7298
8189,7388
8174,7360
8172,7382
8165,7244
8164,7249
8163,7159
8161,7108
8156,7405
8150,7242
8096,7228
8091,7145
8081,6978
8076,7265
8063,7525
8063,7255
8054,11912
8051,7043
8031,7129
8028,7361
8028,7011
8024,6824
8024,7101
8021,6861
8014,7214
8014,7060
8001,6985
8000,7077
7963,7144
7960,6966
7953,6624
7935,6939
7933,6868
7912,6957
7879,6634
7873,6872
7870,7340
7858,6575
7858,6637
7857,6241
7833,6502
7817,6462
7814,6168
7813,6658
7805,6873
7804,6508
7802,6426
7790,6460
7790,6335
7788,6085
7788,6561
7787,6292
7787,6069
7785,6077
7784,6150
7749,5730
7747,6248
7746,5824
7746,6139
7746,6070
7738,5993
7738,5785
7736,5644
7734,6368
7723,6059
7723,6344
7723,6306
7722,5720
7722,6192
7722,6185
7722,6247
7722,6174
7717,5880
7717,6210
7717,6074
7698,6078
8611,7844
8546,8668
8530,9261
8491,8226
8419,8351
8404,7789
8394,8018
8391,7886
8361,7727
8354,7710
8353,7727
8301,8045
8299,8434
8279,7491
8258,8368
8254,7528
8248,7567
8241,7447
8226,7608
8224,7726
8217,7415
8216,7355
8215,7505
8213,7451
8208,7864
8202,7536
8148,7297
8143,7044
8133,6947
8128,7190
8115,7366
8115,7517
8115,7317
8106,7240
8103,7194
8083,7213
8080,7148
8080,7059
8076,6861
8076,6692
8073,7011
8066,7103
8066,7111
8053,7018
8052,6972
8051,7063
8012,6694
8007,7032
7986,6945
7985,6703
7965,6792
7960,6400
7925,6573
7922,6661
7922,6618
7910,6533
7909,6567
7909,6774
7869,6542
7869,6426
7866,6439
7865,6724
7857,6236
7856,6643
7854,6566
7842,6404
7842,6318
7840,6456
7840,6542
7839,6346
7839,5841
7837,6284
7837,5898
7836,6370
7801,6167
7799,5827
7798,6350
7798,5996
7790,6101
7790,6402
7790,6247
7788,5685
7786,6146
7775,6173
7775,5959
7775,6086
7774,5714
7774,6180
7774,5676
7774,6127
7774,6289
7769,5721
8742,7999
8727,8742
8679,8398
8646,8331
8636,8375
8552,8030
8531,7989
8527,8172
8464,7938
8455,7795
8451,8250
8423,8102
8393,7707
8392,7922
8357,7552
8355,7939
8339,7982
8335,8230
8314,7874
8304,7597
8297,7591
8282,7496
8280,7644
8274,8203
8272,7530
8271,7420
8269,7523
8265,7402
8260,7656
8202,7935
8196,7388
8196,7403
8186,7403
8181,7407
8168,7159
8168,7435
8159,7230
8156,7282
8136,7231
8134,7263
8133,7157
8129,7155
8129,7123
8129,7322
8126,7012
8119,7222
8106,7099
8103,7217
8098,7345
8053,7097
8052,6929
8034,6995
8020,7101
8016,6990
8009,6849
7980,6896
7978,6850
7975,6614
7963,6639
7945,6732
7944,6817
7944,6727
7922,6534
7919,6335
7918,6544
7910,6741
7909,6614
7907,6671
7907,6104
7895,6504
7895,6492
7893,6503
7893,6477
7892,6218
7892,6446
7890,6539
7889,6587
7854,6353
7852,6407
7851,6460
7851,6335
7851,6390
7843,6363
7843,6458
7841,6572
7839,5949
7828,6430
7828,6093
7828,6204
7827,6301
7827,5828
7827,6143
8861,8639
8836,9415
8792,9432
8768,8745
8758,8734
8677,8321
8653,8482
8639,8361
8602,8189
8584,8224
8581,8161
8522,8198
8517,8349
8483,8316
8456,8700
8453,7827
8446,8191
8410,7867
8408,7717
8393,8274
8388,7878
8367,7779
8363,7811
8356,8118
8350,8387
8335,7335
8333,7937
8326,7774
8325,7701
8324,7842
8322,7767
8317,7808
8311,7707
8254,7522
8249,7351
8239,7727
8234,7289
8221,7175
8221,7375
8212,7127
8212,7363
8209,7432
8187,7256
8186,7391
8182,7533
8182,7063
8182,7295
8176,7000
8166,7092
8144,6999
8143,6600
8125,6724
8083,6680
8083,6922
8079,6752
8069,6621
8069,6480
8062,6680
8015,7015
8013,6809
8010,6590
7998,6567
7998,6542
7997,6273
7997,6655
7975,6181
7972,6367
7971,6502
7963,6652
7962,6014
7960,6562
7960,6365
7948,6128
7948,6330
7946,6569
7946,6328
7945,6254
7945,6493
7943,6086
7942,6671
7907,6427
7905,6380
7904,6452
7904,6328
7896,6386
7896,5998
7896,6218
7894,6535
7892,6116
7881,6372
7881,6310
7881,5756
8932,8379
8921,9692
8897,9205
8864,8914
8810,8582
8773,8856
8759,8461
8755,8468
8710,8431
8698,8546
8682,8310
8655,8371
8616,8395
8613,8228
8554,8443
8549,8124
8536,8112
8509,7997
8506,8028
8499,7906
8498,7912
8461,7799
8446,7980
8441,7931
8420,7650
8416,7304
8409,8195
8403,7947
8388,7588
8386,7619
8379,7687
8378,7840
8377,7670
8375,8426
8370,7594
8364,8084
8307,7462
8302,7642
8292,7523
8287,7507
8274,7439
8274,7598
8265,7447
8265,7197
8262,7201
8240,7051
8239,7166
8232,7085
8219,7166
8216,7160
8192,7003
8186,6980
8169,7014
8169,7157
8166,7041
8134,6785
8130,7376
8128,6882
8104,6893
8098,6705
8097,7305
8068,6231
8063,6881
8063,6945
8051,7037
8051,6763
8050,6787
8028,7063
8028,6642
8025,6878
8024,6819
8016,6170
8015,6666
8013,6708
8001,6604
8001,6697
7999,6601
7999,6698
7998,6516
7998,6686
7996,6758
7995,6564
7960,6577
7958,6516
7957,6815
7957,6577
7957,6193
7949,6122
7949,6377
7947,6341
7945,6346
7934,6028
9000,8459
8988,8871
8945,8853
8934,8814
8877,8642
8852,8625
8829,8510
8815,8370
8804,8333
8755,9471
8742,8275
8735,8426
8687,8284
8680,8336
8666,7875
8607,7973
8602,8295
8589,9341
8562,8914
8559,7895
8552,8334
8516,8445
8514,7963
8498,7917
8494,7904
8469,7701
8463,7907
8456,7900
8441,7878
8439,7865
8432,7807
8431,7842
8430,7866
8428,8340
8423,8104
8417,8272
8360,7617
8355,7626
8345,7565
8340,7632
8327,7648
8327,7650
8318,7351
8315,7393
8295,7438
8292,7455
8285,7235
8282,7063
8271,7444
8266,7543
8242,7256
8228,7120
8222,7060
8221,7152
8187,6835
8183,6820
8175,7196
8157,6872
8150,7096
8121,10858
8116,8007
8116,7536
8104,10188
8103,9354
8103,7186
8081,7331
8081,8774
8077,7516
8069,6623
8068,7085
8066,6852
8066,7406
8054,6827
8052,6703
8052,6700
8051,7012
8051,6728
8049,7431
8048,10041
8013,7255
8011,7286
8010,6893
8010,7245
8002,6710
8002,7161
8000,6901
8000,8048
7998,6830
7987,8062
7987,7452
7986,6598
7986,10775
8999,8963
8973,9478
8949,10069
8895,9593
8875,10487
8860,9488
8812,10046
8802,9138
8763,9325
8753,9336
8742,14077
8660,8836
8655,11925
8645,8179
8615,7912
8612,8166
8605,8208
8604,8273
8567,7744
8552,8003
8547,7883
8526,8347
8522,7617
8515,8453
8494,7961
8492,7717
8486,7597
8484,7826
8483,7614
8481,8208
8477,7406
8472,7641
8414,7789
8408,7513
8398,7405
8393,7974
8380,7426
8380,7973
8380,7705
8371,7737
8368,7396
8346,7625
8345,7301
8341,7648
8341,7544
8338,7514
8332,8302
8317,7109
8302,7321
8285,7188
8279,7207
8242,7190
8240,6843
8238,6941
8228,6863
8222,7030
8221,6672
8172,6780
8169,6724
8169,7210
8157,6797
8156,7077
8156,6852
8134,6687
8134,6328
8130,6593
8122,6901
8121,6496
8119,6543
8119,6485
8107,6581
8107,6343
8105,6950
8105,6453
8104,6363
8104,6466
8102,6501
8101,6777
8066,7039
8064,6797
8063,6807
8063,6881
8055,6714
8055,6664
8053,6758
8051,6638
8040,6358
8040,6564
8040,6635
8039,6495
8039,6166
8039,6514
9030,8496
9005,9356
8971,9389
8940,9074
8878,8832
8865,8895
8855,8783
8816,8855
8806,9192
8792,8957
8733,8708
8708,8602
8698,8729
8668,8316
8665,8633
8658,8529
8657,8169
8620,8310
8605,8266
8600,7986
8579,8266
8575,8383
8568,8187
8547,8122
8545,8169
8539,7914
8537,8140
8536,8029
8534,8110
8530,8420
8525,8184
8467,8243
8461,7901
8451,8346
8446,8209
8433,8318
8433,7426
8433,7470
8424,7663
8421,7207
8401,7518
8398,7326
8394,7502
8394,8038
8394,7543
8388,7365
8378,7714
8357,7352
8355,6969
8336,7158
8299,7355
8295,7400
8291,7183
8281,6822
8275,7037
8274,6913
8245,7225
8222,6865
8222,7093
8210,6953
8210,6857
8209,6736
8187,6592
8187,7152
8184,6920
8183,6801
8174,6995
8172,6714
8172,6592
8160,6700
8160,6865
8158,6718
8158,7041
8157,6692
8157,6999
8155,7200
8154,6468
8119,6772
8117,6525
8116,6536
8116,6691
8108,6470
8108,6166
8106,6298
8104,6418
8104,6692
8093,6541
8093,6824
8092,6495
8092,6521
8092,6674
8092,6729
9061,8519
9023,9160
9014,9093
8982,8669
8918,8551
8908,8552
8869,8905
8859,8906
8848,8613
8786,8421
8761,8825
8751,8742
8721,7915
8718,8617
8711,8427
8710,8094
8673,8178
8658,8025
8653,8171
8632,8010
8628,7834
8615,7912
8600,7750
8598,7755
8592,7865
8590,8036
8589,8227
8587,7645
8583,8077
8578,8180
8520,7773
8514,7814
8504,7632
8499,15462
8486,8500
8486,7666
8477,8009
8477,7652
8474,7813
8452,7364
8451,7323
8447,7347
8447,7373
8444,7421
8444,7239
8434,7579
8418,7425
8407,7297
8389,7277
8353,7134
8346,7342
8334,7278
8334,7752
8328,7576
8298,7321
8296,7442
8275,6992
8263,7391
8263,7100
8262,7507
8240,7278
8240,7228
8237,7116
8236,7092
8228,7188
8225,7270
8225,7707
8213,7332
8213,7052
8211,7077
8211,7063
8210,7494
8210,7017
8208,7029
8207,7053
8172,6677
8170,7089
8169,6961
8169,6714
8161,6764
8161,6968
8159,6958
8157,6853
8146,6541
8146,6931
8145,7062
8145,6844
8145,6832
8145,6818
8145,6565
8140,6700
8140,6876
9058,8130
9016,8558
8982,8732
8963,8643
8919,8151
8901,8281
8897,8170
8839,7934
8825,7890
8821,8426
8773,7784
8764,8246
8763,8003
8728,7806
8726,8420
8710,7834
8706,7829
8681,7761
8675,7539
8668,7524
8653,7538
8651,7700
8644,7459
8643,7384
8642,7575
8640,7616
8635,7409
8629,7381
8572,7610
8567,7420
8557,7824
8552,7242
8539,8008
8539,7839
8539,7817
8530,7661
8527,7406
8505,7575
8504,7387
8500,7223
8500,7546
8500,7311
8497,7226
8490,7447
8477,7864
8471,6907
8461,7296
8423,7107
8407,7199
8402,6964
8387,7154
8381,7176
8380,6954
8349,7056
8346,7077
8346,6982
8316,6780
8315,6848
8315,7088
8293,6595
8293,6677
8289,7438
8281,7064
8280,7036
8278,7131
8278,7076
8266,6928
8266,6985
8264,6838
8263,6638
8263,6951
8261,6767
8260,6837
8225,6538
8223,6610
8223,6736
8222,6773
8222,6579
8214,6386
8214,6614
8212,6472
8210,6541
8199,6252
8199,6929
8199,6651
8198,6829
8198,6490
8198,6601
8198,6687
8198,6645
8193,6738
8193,6704
9077,8297
9068,9240
9032,9168
8981,8850
8953,9148
8949,9074
8891,8361
8877,9029
8873,8728
8845,8462
8816,8205
8815,8273
8780,8090
8778,8258
8762,8129
8737,8423
8733,8154
8727,7862
8720,8065
8705,8209
8703,7879
8696,7872
8695,8058
8694,7956
8692,8036
8687,8068
8681,8024
8624,7719
8619,8362
8609,7618
8604,7807
8591,7578
8591,7752
8582,7688
8579,7543
8559,8385
8556,8585
8556,8069
8552,7518
8552,7397
8549,7547
8542,7390
8542,7487
8529,7409
8528,7540
8485,7371
8477,7197
8471,7717
8447,6986
8438,7384
8432,7103
8403,7020
8398,6661
8398,6939
8386,6882
8385,6982
8367,6891
8345,6989
8345,6988
8342,6888
8333,6889
8332,6625
8330,6870
8330,7120
8318,7524
8318,6767
8316,6799
8316,7088
8315,6814
8313,6679
8312,6744
8277,6689
8275,6852
8274,6739
8274,6642
8274,6763
8266,6544
8266,6721
8264,6743
8262,6797
8251,6917
8251,6774
8250,8807
8250,6721
8250,7008
8250,7172
8250,6364
8245,6321
8245,6402
8245,6310
8226,6403
8226,6575
9097,8106
9050,8568
9015,8285
9001,8491
8930,8323
8921,8170
8917,8270
8887,8181
8880,8370
8879,8482
8829,8334
8812,8251
8807,8219
8786,7890
8782,7942
8775,8588
8769,7968
8754,7946
8752,7917
8744,7859
8743,7815
8741,8131
8737,7842
8732,7931
8677,7497
8671,7832
8661,7664
8656,7919
8656,7715
8643,8413
8643,7657
8634,8233
8631,8078
8611,7608
8608,7658
8604,8332
8604,7726
8604,7803
8601,7774
8594,7447
8581,7498
8581,7566
8579,7271
8543,7177
8538,7606
8525,7388
8513,7333
8493,7528
8489,7599
8453,6817
8450,7276
8450,8341
8438,7272
8437,7072
8437,7106
8397,6937
8394,7104
8393,6717
8385,6756
8384,6899
8382,6936
8382,6872
8370,6945
8370,6637
8368,6841
8367,6443
8367,6978
8365,6798
8364,6817
8329,6651
8327,6401
8327,6831
8326,6754
8326,6564
8318,6624
8318,6165
8316,6718
8314,6477
8303,6738
8303,6926
8303,6585
8302,6621
8302,6550
8302,6463
8302,6519
8302,6489
8297,6559
8297,6630
8278,6593
8278,6405
8278,6413
8271,6687
9078,8097
9050,8877
8987,8135
8982,8923
8969,8918
8942,8083
8939,8463
8932,8217
8916,8262
8879,8283
8864,8231
8859,8164
8838,8034
8834,7928
8827,8138
8821,7934
8806,8009
8804,7945
8797,7947
8796,7944
8795,8067
8793,8525
8788,8055
8782,8247
8728,8002
8723,7811
8713,7840
8708,7820
8695,7782
8695,7844
8686,7914
8686,7895
8683,8080
8661,7679
8660,8111
8656,7731
8656,7609
8656,7886
8653,7669
8646,7644
8646,7656
8633,7271
8629,7349
8589,7328
8580,7345
8561,7319
8548,7485
8543,6795
8536,7458
8507,7012
8505,7167
8502,7145
8490,7573
8472,7603
8471,7167
8471,7108
8449,6940
8446,7236
8445,7114
8437,7218
8436,7302
8434,6886
8434,7065
8422,6790
8420,7230
8420,7724
8419,7117
8419,7073
8417,6992
8416,7134
8416,7176
8381,6655
8379,7001
8378,6387
8378,6777
8370,6903
8370,6856
8368,6836
8366,7220
8355,6925
8355,6633
8355,6859
8354,6618
8354,6716
8354,6833
8354,6867
8354,6745
8349,6629
8349,6675
8346,6629
8318,6768
8317,6614
9149,8104
9108,9219
9097,9333
9093,9333
9030,8587
9021,8700
9006,8183
8978,9481
8969,9088
8968,8645
8933,8280
8931,8225
8915,8113
8911,8529
8886,8737
8880,8236
8873,8094
8858,7982
8856,8031
8850,8130
8848,8012
8847,7939
8845,7940
8840,8235
8836,8263
8781,8346
8775,8666
8765,8480
8760,8596
8747,7861
8747,8229
8747,7732
8738,8279
8735,8456
8715,8125
8712,7881
8708,8021
8708,8013
8708,7879
8705,7980
8698,7834
8682,7798
8679,7800
8669,7808
8631,7815
8614,7751
8605,7682
8595,7622
8589,7652
8588,7572
8559,7543
8557,7644
8536,7453
8524,7572
8524,7500
8523,7472
8501,7510
8501,7360
8498,7729
8497,7873
8489,7581
8488,7491
8486,7309
8474,7320
8474,7208
8472,7150
8472,7404
8471,7564
8471,7840
8469,7296
8468,7768
8433,7252
8431,7644
8430,7120
8430,7214
8430,7582
8422,7209
8422,7148
8420,7288
8418,6966
8407,7071
8407,7594
8407,6861
8406,7478
8406,6809
8406,7340
8406,6925
8406,7266
8401,7008
8401,7142
8398,7195
8370,7140
9222,8337
9174,9516
9164,9053
9153,9146
9091,8819
9086,9458
9076,9472
9058,8762
9028,8701
9021,8930
9020,8871
8985,8724
8983,8939
8963,8466
8942,8616
8938,8831
8932,8383
8925,8766
8910,8275
8908,8385
8901,8348
8900,8264
8899,8283
8897,8458
8892,8668
8886,8443
8833,8146
8827,8041
8817,8083
8812,7637
8799,8298
8799,8219
8799,8154
8790,7998
8787,7916
8767,7725
8764,7885
8764,8730
8760,7932
8760,8302
8757,7848
8750,8003
8750,7966
8734,8146
8730,8175
8720,8061
8683,7867
8667,7801
8651,8168
8647,7734
8641,7414
8640,7287
8609,7278
8606,7163
8606,7081
8576,7276
8575,6996
8575,7191
8553,7125
8553,7100
8550,7458
8541,7064
8540,7194
8538,6994
8538,7306
8526,7040
8526,7310
8524,6864
8524,6578
8523,7308
8523,7252
8521,7167
8520,7183
8485,6980
8483,6993
8482,7112
8482,7741
8474,6797
8474,6879
8474,6976
8472,6859
8470,7404
8459,6890
8459,6440
8459,7103
8458,7108
8458,6706
8458,6935
8458,6804
8458,7078
8453,6750
8450,6831
9359,9286
9304,13505
9282,10361
9235,10913
9225,9524
9214,9387
9152,10009
9147,9619
9137,9570
9114,9492
9084,9009
9077,8674
9076,8687
9041,13154
9039,8997
9023,8458
8998,8099
8994,13028
8988,8498
8981,8233
8966,8278
8964,8075
8958,14077
8956,9340
8955,9441
8953,11781
8949,8534
8944,8547
8886,7958
8880,8063
8870,8462
8865,8107
8865,8068
8852,8498
8852,9947
8843,8074
8840,7940
8820,8175
8817,7827
8817,7717
8813,7574
8813,7559
8810,7721
8807,7641
8797,7694
8776,7511
8773,7480
8755,7608
8718,7746
8712,6987
8710,7703
8700,7811
8694,7297
8693,7942
8664,8012
8641,7493
8641,7373
8629,7396
8629,7420
8628,10210
8606,7491
8606,7598
8603,7437
8602,7846
8594,7128
8593,7569
8591,7683
8591,8136
8579,7891
8579,7737
8577,7198
8577,7748
8576,7317
8576,7258
8574,7162
8573,6887
8538,7062
8536,6956
8535,6759
8535,6786
8527,7074
8527,7133
8527,7210
8525,6800
8523,6939
8512,6578
8512,6744
8512,7131
8511,6729
8511,6727
8511,6829
8508,6958
9454,8628
9416,10007
9396,9421
9381,9157
9340,8777
9328,8839
9321,9194
9285,9556
9267,9657
9244,9001
9185,8776
9180,8546
9167,8300
9140,8361
9137,8232
9130,8309
9129,8315
9092,8234
9077,8497
9072,8139
9051,8333
9047,8362
9040,8299
9034,8186
9019,8403
9017,8233
9010,8175
9009,8344
9008,8201
9006,8007
9001,8063
8995,8033
8938,7985
8933,7966
8923,7886
8918,7929
8905,7548
8905,8227
8896,7712
8896,7747
8893,7808
8871,7717
8870,7606
8863,7626
8860,7750
8850,7580
8844,7447
8820,7277
8806,7470
8800,7943
8799,7426
8767,7292
8765,7747
8759,7464
8753,7316
8729,7535
8728,7482
8697,7121
8694,7545
8694,7342
8682,7285
8681,7567
8681,7411
8659,7288
8659,7095
8656,7142
8647,7542
8646,7098
8644,7099
8644,7363
8632,7458
8632,7311
8630,7440
8630,6992
8629,7071
8629,6964
8627,7022
8626,7096
8591,6880
8589,7064
8588,6889
8588,7108
8580,6822
8580,6976
8578,6733
8576,6906
8576,6778
8565,6979
8565,6842
8564,6911
8564,6881
8561,7013
9548,8731
9509,9540
9472,9484
9462,9814
9458,9137
9409,9077
9399,9171
9362,9275
9352,9434
9320,9037
9258,9101
9251,9185
9241,8499
9209,8465
9206,8352
9199,8586
9198,8444
9163,8372
9145,8146
9137,8449
9112,8535
9108,8231
9100,8074
9094,8148
9077,8250
9069,7963
9067,8107
9066,8239
9064,8142
9060,8097
9055,7923
8996,8014
8990,7855
8980,7805
8975,7947
8975,7844
8962,7874
8962,8110
8951,7766
8948,7869
8928,7561
8925,7733
8921,7918
8918,7965
8915,7649
8902,7646
8895,7582
8875,7752
8861,7901
8855,7274
8822,7757
8822,7283
8818,7533
8808,7319
8802,7395
8783,7286
8754,7524
8749,7461
8749,7193
8737,7244
8737,7232
8736,7238
8714,7211
8714,7157
8711,7089
8700,7157
8699,7223
8697,7582
8697,7259
8685,7408
8685,7156
8683,7225
8683,8000
8682,7224
8682,7402
8680,7351
8679,7171
8644,7002
8642,7183
8641,6746
8641,7085
8633,6887
8633,7089
8631,6723
8629,6889
8618,6956
8618,10347
8618,7411
8617,7483
8617,7578
8617,7510
8614,7391
9572,9066
9536,11080
9521,10558
9467,11054
9464,10457
9449,10170
9415,11238
9405,10524
9391,10366
9310,9708
9304,10162
9291,9829
9261,9107
9259,9872
9251,9529
9216,9501
9214,9353
9196,9930
9190,9415
9161,8965
9154,8641
9147,8862
9130,8698
9128,8733
9121,8542
9120,8333
9119,8454
9117,8755
9112,8316
9106,8593
9048,9041
9043,8559
9033,8707
9028,8530
9015,8243
9015,8082
9006,7900
9001,8102
8981,8584
8979,8399
8978,8187
8974,9033
8974,8139
8968,8249
8965,8264
8950,8624
8935,7844
8917,7808
8879,7686
8875,7626
8871,7753
8861,7912
8861,8093
8854,8947
8825,8567
8805,8120
8802,8200
8790,8369
8790,8402
8789,7968
8767,7614
8767,7887
8764,7880
8753,7650
8752,7598
8750,7524
8750,7724
8738,7530
8738,7593
8736,7411
8736,7608
8735,7548
8735,7290
8732,7565
8697,7298
8697,7247
8695,7404
8694,7319
8694,7287
8686,7115
8686,7216
8684,7340
8682,7381
8671,7262
8671,7381
8671,7508
8670,7475
8670,7428
8670,7622
8670,7553
8670,7792
8662,8167
9778,9636
9718,11007
9695,11057
9671,10420
9622,10416
9602,10222
9595,10062
9528,10227
9509,9780
9480,9603
9439,9563
9428,9837
9423,10280
9386,9178
9382,9142
9355,9433
9327,9441
9321,8738
9311,9698
9304,9277
9286,9367
9282,8637
9271,8938
9269,8977
9267,8914
9263,9336
9256,8863
9196,9175
9189,8351
9173,8515
9164,8784
9147,9270
9149,8902
9149,8364
9136,8774
9130,8295
9107,8741
9105,8890
9097,8297
9097,9038
9097,8809
9094,8929
9087,8428
9069,8393
9063,8738
9053,8156
9015,8285
8996,8023
8976,8364
8972,8628
8966,8759
8934,8719
8930,8267
8927,8212
8911,8089
8890,7770
8887,8474
8887,8301
8859,8127
8856,8056
8854,8414
8841,7499
8839,7468
8836,7561
8822,7758
8820,7731
8816,7484
8816,7824
8815,7817
8815,7915
8813,7932
8812,7667
8777,7786
8775,7554
8772,7698
8772,7714
8762,7951
8762,7175
8762,7304
8760,6972
8757,7064
8744,7051
8743,7088
8741,7332
8741,6839
8741,7072
8741,7034
8741,7471
8736,7200
8736,6841
8736,7104
8713,6878
9769,8956
9741,9721
9673,9555
9652,9522
9645,9637
9572,9169
9556,8895
9552,8903
9508,10162
9481,9668
9478,9440
9441,9489
9421,9195
9410,9803
9383,9268
9376,9636
9367,9389
9360,9811
9336,8834
9327,8601
9324,8503
9322,8767
9320,8492
9316,9423
9309,8940
9251,8586
9244,8654
9228,8593
9219,8624
9202,8273
9202,8265
9204,8810
9191,8414
9185,8384
9161,8216
9159,8667
9151,8388
9151,8716
9151,8465
9148,8480
9141,8091
9126,8309
9123,8087
9119,8557
9079,8846
9065,8232
9046,7862
9031,7430
9020,7986
9019,7908
8984,7787
8981,7685
8981,7615
8965,7326
8941,7837
8941,7686
8913,7644
8910,7680
8908,7517
8895,7543
8893,7383
8890,7681
8889,7254
8876,7538
8874,7415
8870,7307
8870,7077
8869,7115
8869,7366
8867,7315
8866,7269
8830,7323
8828,7780
8825,7661
8825,7566
8815,7230
8815,7133
8813,7019
8813,7185
8810,6924
8797,7081
8796,7216
8794,7054
8794,7523
8794,7201
8794,7046
8794,7155
8789,6862
8789,6927
8786,6853
8766,6876
8757,7008
9773,8995
9720,9707
9711,9662
9694,9722
9626,10087
9620,9516
9600,9222
9548,9052
9543,9421
9534,9278
9494,8955
9492,8878
9474,8821
9463,8927
9436,8922
9429,8887
9420,9058
9413,8735
9393,8843
9380,8702
9377,8846
9375,8728
9373,8499
9369,8846
9362,9128
9304,8979
9303,8873
9296,8588
9281,8470
9270,8541
9255,8688
9257,9041
9246,8812
9239,8808
9216,8807
9214,8550
9212,8281
9204,8115
9204,8440
9201,8350
9198,8177
9188,8088
9165,8008
9160,8097
9142,7978
9104,7873
9095,7676
9091,8242
9079,7778
9073,7925
9072,7908
9016,7605
9013,7948
9013,8074
8997,7634
8994,7789
8994,7872
8966,7912
8966,7722
8963,7738
8961,8093
8946,7423
8943,7982
8942,7679
8929,7646
8927,7411
8923,7337
8923,7357
8922,7497
8922,7296
8920,7501
8919,7806
8883,7026
8881,7471
8878,7194
8878,7464
8878,7349
8868,7401
8868,7482
8866,7514
8863,7679
8851,7731
8849,7281
8849,7349
8847,7208
8847,7345
8844,7081
8844,7764
8832,7064
8827,7495
8826,7154
8808,7037
9942,9475
9924,10526
9873,10879
9864,10334
9835,10186
9766,10042
9760,9870
9740,9759
9699,10083
9694,9810
9685,9816
9645,9355
9643,9991
9622,9091
9614,9696
9587,9198
9572,9399
9565,9243
9544,9829
9540,10002
9531,8913
9528,9291
9525,9325
9523,9671
9516,9856
9507,8756
9444,8588
9438,9076
9422,8732
9413,9336
9396,9175
9400,8535
9389,8635
9387,8886
9381,8631
9357,8641
9355,9110
9347,9314
9347,8382
9344,8937
9331,8383
9311,8583
9294,8355
9268,8473
9260,8698
9222,8413
9215,8486
9211,8828
9196,8448
9189,8595
9155,8158
9129,8379
9126,7613
9126,8480
9110,7585
9107,7889
9107,7478
9079,8126
9076,7837
9074,7687
9061,7557
9059,7610
9056,7803
9055,7419
9040,7645
9036,7449
9036,7376
9035,7633
9033,7770
9031,7414
9029,7590
8988,7202
8986,7585
8983,8151
8983,7437
8973,7670
8973,7304
8973,7536
8971,7094
8968,7589
8955,7400
8954,7189
8952,7216
8952,7412
8952,7143
8950,7112
8949,7246
8936,7440
8936,7382
8924,7494
8902,7300
8899,7134
9988,9302
9935,10235
9922,9474
9849,9779
9842,9880
9813,9654
9768,9409
9765,9684
9754,9813
9751,9228
9712,9264
9694,9128
9683,9491
9656,9742
9649,9021
9634,9128
9613,8946
9609,9114
9600,9468
9597,8873
9594,9053
9592,8950
9584,9051
9574,9264
9508,8770
9501,8603
9486,8669
9475,8688
9460,8912
9460,8926
9453,8608
9446,8442
9423,8428
9420,8776
9419,8958
9411,9116
9411,8817
9404,8810
9397,8466
9397,8545
9373,8691
9363,9015
9312,9139
9303,8366
9283,8518
9263,8005
9251,8278
9250,8114
9209,8052
9206,8338
9190,7912
9190,8031
9164,7951
9164,8021
9137,7906
9134,8490
9132,8188
9119,8471
9117,8418
9114,8494
9100,8296
9098,8359
9094,8137
9094,8148
9093,8004
9091,8001
9089,8259
9087,8223
9043,7818
9041,7658
9038,7740
9038,7969
9027,7754
9027,7849
9027,7760
9025,7864
9022,7676
9011,7606
9009,7514
9007,7659
9007,7518
9007,7415
9005,7497
9004,7380
8997,7630
8997,7443
8997,7533
8972,7357
8970,7667
8964,7359
8957,7314
8947,7244
9946,9284
9898,10048
9878,10545
9872,9988
9830,10290
9819,10663
9802,9604
9765,9511
9761,9960
9742,9599
9707,9146
9701,9277
9692,9541
9685,9440
9664,9658
9660,8890
9649,8940
9648,9410
9645,9588
9643,9036
9635,9497
9625,9287
9559,9185
9552,8821
9537,8711
9526,9070
9511,8994
9511,8797
9500,9279
9493,9476
9496,9121
9472,8383
9470,8257
9462,8460
9462,8606
9455,8886
9455,8366
9448,8256
9429,8329
9426,8278
9423,8239
9380,8378
9367,8039
9335,7976
9334,8529
9309,8586
9267,8850
9259,8056
9256,8759
9240,8041
9240,7731
9237,7927
9214,7799
9185,7728
9182,8188
9180,7964
9167,7757
9165,7962
9162,7794
9161,7993
9148,7881
9146,8065
9142,7989
9141,7772
9139,8102
9137,7944
9135,7919
9092,7502
9090,7477
9090,7513
9087,7293
9087,7428
9076,7687
9076,7509
9074,7705
9071,7534
9060,7419
9058,7339
9058,7608
9056,7553
9056,7372
9054,7560
9053,7381
9053,7603
9046,7351
9046,7359
9021,7278
9021,7486
9019,7828
9006,7253
9006,7436
8996,6944
9947,9011
9926,9840
9920,10072
9878,9776
9874,9432
9862,9444
9825,9691
9810,9258
9791,9309
9783,9660
9750,9622
9741,9078
9734,8892
9713,9387
9709,9309
9698,9253
9697,8951
9694,9268
9692,9647
9684,9233
9674,9014
9610,9346
9603,9169
9588,9409
9579,9117
9562,8937
9562,8821
9551,9394
9544,9227
9543,8943
9524,8827
9522,8979
9514,9312
9514,9223
9507,8808
9507,8504
9500,8516
9481,8661
9478,9048
9475,8376
9435,8436
9425,8248
9400,8469
9387,8507
9377,8591
9321,7960
9315,8617
9308,7810
9292,8113
9292,7855
9289,8015
9289,8247
9258,8023
9234,7981
9232,8042
9219,7903
9217,7908
9214,7871
9200,7972
9198,7769
9194,7914
9194,7790
9193,7913
9191,7797
9189,7857
9187,7647
9144,7557
9142,7613
9139,7519
9139,7572
9128,7873
9128,7945
9126,7699
9126,8023
9123,7676
9111,7614
9110,7426
9108,7507
9108,7391
9108,7317
9106,7311
9105,7266
9098,7368
9098,7535
9098,7650
9073,7546
9071,7597
9064,7234
9064,7210
9058,7138
9037,7100
9029,7100
9959,9021
9922,9632
9917,10299
9908,9781
9876,9724
9874,10099
9853,9524
9834,9101
9807,9402
9792,9359
9785,9167
9764,9129
9760,9360
9749,9261
9748,9378
9745,9101
9743,8906
9735,9060
9725,8934
9661,9197
9654,8870
9639,8564
9628,8724
9613,9139
9613,9156
9602,9118
9595,8612
9572,8699
9569,8949
9561,8975
9565,8670
9565,8667
9558,8452
9551,8967
9532,8561
9530,9220
9526,8867
9486,8381
9479,8342
9475,8311
9460,8481
9448,8598
9392,9083
9378,8297
9373,8491
9343,8155
9343,7973
9340,8056
9340,7993
9309,7790
9306,8046
9304,7925
9291,7909
9265,7710
9264,8021
9251,7804
9249,8087
9245,8047
9245,7828
9244,7883
9242,7890
9240,7918
9238,8161
9195,8528
9193,8469
9190,8536
9190,7900
9179,8370
9179,8218
9177,7953
9174,7365
9163,7349
9161,7592
9161,7581
9159,7603
9159,7430
9157,7615
9156,7714
9156,7999
9149,7547
9149,7926
9124,7481
9124,7307
9122,7444
9115,7943
9115,8069
9115,13089
9093,7558
9090,7247
9085,7404
9080,7200
9071,7369
9942,8821
9926,9482
9906,9406
9895,9693
9868,9372
9861,9262
9852,9509
9834,10163
9814,9267
9810,8920
9798,9314
9796,9409
9793,9138
9786,9707
9777,9155
9713,9547
9706,8835
9690,8785
9681,8689
9679,9232
9664,9268
9664,8790
9651,8844
9645,8996
9623,9205
9620,8631
9612,8765
9612,8929
9612,9119
9609,8878
9602,8445
9583,8371
9581,8454
9577,8868
9537,8470
9530,8344
9526,8443
9511,8406
9502,8448
9501,9012
9450,8317
9440,8473
9433,7914
9405,7885
9402,7820
9391,8123
9360,8113
9360,7947
9357,8153
9342,8188
9340,8140
9337,8344
9336,8182
9302,8611
9300,7599
9296,8094
9296,7845
9295,8003
9293,8022
9291,8076
9289,7703
9246,8586
9244,7588
9241,8764
9241,7633
9230,7535
9230,7873
9228,7829
9225,7616
9225,7724
9213,7502
9212,7543
9210,7534
9210,7574
9208,7595
9208,7516
9207,7394
9200,7244
9200,7513
9200,7276
9175,7651
9173,7632
9173,7311
9166,7424
9166,7453
9144,7076
9144,7247
9141,7117
9141,7196
9131,7094
9130,7492
9122,7118
9977,8773
9957,10307
9946,9656
9919,9319
9913,10083
9903,9562
9896,9278
9865,10478
9861,9932
9850,9174
9849,9074
9846,10046
9844,9873
9836,9264
9826,9455
9763,9762
9756,9232
9741,8799
9730,8971
9715,9521
9715,10013
9704,9082
9697,9054
9674,9348
9672,9555
9671,8620
9663,8711
9663,9288
9656,9254
9660,8632
9653,8800
9634,9245
9631,9361
9628,8532
9588,8891
9581,8773
9562,8601
9562,8778
9553,8551
9501,8221
9496,8491
9488,8339
9465,8352
9456,8183
9453,8230
9442,8047
9411,8225
9408,8279
9406,7980
9393,8040
9391,8460
9388,7930
9387,8181
9353,8199
9351,8327
9347,8046
9346,8216
9344,8426
9342,7852
9340,9049
9340,7838
9298,7612
9296,7929
9293,7928
9293,7695
9282,7674
9282,7813
9280,7745
9277,7657
9266,7697
9265,7600
9264,7582
9262,7789
9262,7780
9260,7974
9260,7666
9259,7562
9252,7732
9252,7845
9252,8019
9227,8187
9225,7755
9218,7452
9218,7970
9218,7393
9196,7532
9196,7393
9193,7907
9193,7519
9183,7550
9182,7271
9174,7625
10029,8999
10009,10472
9998,9602
9971,9694
9964,9952
9955,9490
9948,9454
9917,9982
9913,9500
9902,9317
9901,9351
9898,9506
9896,9738
9888,9407
9878,9805
9814,9254
9807,9014
9792,9288
9781,9395
9766,8776
9766,9555
9755,9018
9748,9005
9725,8921
9723,8702
9722,8938
9714,9342
9714,8729
9707,8983
9711,8836
9704,8996
9685,9986
9682,8887
9679,8666
9639,9341
9632,9378
9628,8636
9613,8906
9604,8915
9603,8861
9547,8358
9539,8375
9535,8270
9507,8238
9504,8963
9493,8653
9462,8952
9462,8212
9457,8068
9444,7918
9442,7885
9439,8194
9438,8492
9404,8532
9402,8067
9398,8356
9398,7992
9397,8064
9395,8023
9393,8028
9391,7882
9349,8228
9347,7600
9344,8212
9344,7485
9333,7816
9333,7517
9331,7636
9331,7566
9328,7937
9316,7548
9315,7574
9313,7578
9313,7698
9313,7621
9311,7582
9310,7560
9303,7566
9303,8039
9303,7990
9278,7897
9276,8140
9276,7889
9269,7266
9269,7963
9269,7493
9247,7738
9244,7238
9244,7748
9239,7368
9234,7418
9225,7374
10080,9018
10078,9999
10057,9551
10049,10152
10022,10018
10015,9632
10000,9355
9968,9737
9964,9290
9955,9384
9952,9413
9950,10169
9947,9351
9940,9318
9931,9764
9866,9374
9859,9694
9843,9539
9843,9558
9832,9055
9817,9108
9817,9100
9806,9802
9799,11092
9776,10202
9774,8824
9773,8918
9765,9604
9765,8946
9762,9131
9762,8681
9755,9008
9736,8741
9733,8704
9730,8816
9690,9392
9683,9456
9679,9040
9664,8793
9655,9022
9654,9107
9598,8452
9593,8303
9586,8198
9558,8444
9558,8300
9544,8568
9513,8147
9513,8136
9510,8025
9508,8113
9495,7877
9493,7940
9489,8315
9455,8172
9453,8369
9449,8458
9449,8318
9448,8243
9446,8863
9444,8219
9442,8028
9400,7755
9398,7692
9395,8239
9395,7952
9384,7928
9384,8027
9384,8206
9382,8045
9379,8097
9367,8012
9366,7632
9364,8458
9364,7783
9364,7610
9362,7794
9361,7836
9354,7716
9354,7890
9354,7674
9329,7564
9327,7495
9327,7597
9320,7713
9320,7770
9298,7776
9298,7613
9295,7426
9290,7780
9290,7437
9284,7907
10155,9125
10129,10062
10111,10020
10100,9479
10073,9693
10066,9886
10051,9412
10030,9533
10026,9729
10006,9742
10003,9401
10001,9151
9998,9849
9990,9169
9980,9360
9916,9581
9909,8913
9894,9023
9885,9247
9868,9477
9868,9415
9857,9771
9850,9582
9827,9025
9825,8963
9824,9124
9816,9726
9816,9169
9813,8802
9806,9195
9806,9504
9785,8890
9784,8554
9741,8781
9741,8954
9730,8564
9715,8395
9706,8482
9705,8840
9654,8377
9644,8478
9644,8417
9625,8511
9612,8712
9611,8859
9567,8569
9564,8413
9559,8050
9546,7904
9544,8035
9541,8002
9527,8056
9525,8186
9521,8517
9521,8521
9499,8112
9497,8363
9495,8011
9493,8073
9451,8002
9449,7929
9446,7894
9446,7780
9435,7672
9435,7866
9433,7733
9430,7846
9419,8229
9417,8397
9415,7896
9415,8612
9415,7614
9413,7693
9412,7859
9405,7898
9405,7994
9405,8199
9380,8057
9378,7598
9371,7875
9371,7492
9371,7492
9349,7459
9349,7466
9346,7312
9341,7393
9341,7730
9338,7406
9314,7608
9314,7486
9312,7469
9311,7379
10114,8776
10103,9869
10096,9981
10076,9751
10072,9707
10061,10208
10060,9931
10057,9854
10037,9906
10028,9516
9968,9583
9961,9552
9945,9108
9936,9065
9919,9198
9919,9233
9919,9147
9906,8979
9900,8973
9876,9485
9875,8826
9867,8835
9867,8914
9860,8892
9860,8775
9853,9594
9832,9256
9831,9129
9792,8868
9792,9158
9781,9339
9766,8830
9757,8726
9756,8783
9700,8882
9695,8462
9695,8489
9674,8598
9666,8815
9666,8696
9624,8266
9619,8319
9615,8464
9600,8563
9595,9037
9594,8612
9578,8182
9576,8942
9572,8302
9572,8570
9571,8704
9569,8642
9567,8326
9502,7955
9500,8027
9497,8129
9497,7998
9497,8215
9486,8209
9486,8200
9484,8295
9481,8335
9469,8078
9468,8025
9466,7886
9466,8129
9466,7894
9464,7954
9463,8039
9456,8133
9456,8321
9456,8379
9431,7762
9429,7721
9422,7839
9422,7687
9422,7826
9400,7649
9400,7874
9397,7826
9392,8061
9389,8452
9389,7683
9365,7772
9365,7716
9363,7748
9360,7568
9360,7667
9360,7858
9360,7805
9354,7780
9351,7981
10104,8851
10104,9567
10101,9572
10094,10072
10085,9449
10019,9789
10012,9927
9996,9337
9996,9463
9985,9727
9970,9219
9970,9223
9957,9615
9952,9505
9929,9299
9926,9465
9926,9435
9918,8998
9918,9790
9911,9265
9904,9661
9904,9013
9883,8893
9882,9296
9839,8672
9839,8894
9832,8903
9813,8479
9817,8470
9807,8512
9756,8781
9751,9028
9746,8768
9727,8382
9725,8484
9717,8571
9675,8520
9675,8488
9670,8638
9667,8919
9651,8552
9649,8091
9646,8176
9632,8124
9627,8387
9623,8630
9623,8316
9622,8050
9620,8145
9618,7905
9616,7993
9553,7983
9551,7985
9548,7730
9548,8005
9548,7824
9537,8258
9537,8202
9535,7779
9532,7812
9521,7846
9519,7906
9517,7585
9517,7602
9517,7745
9515,7678
9514,7630
9507,7806
9507,7816
9507,7967
9482,8251
9482,7887
9480,7805
9473,7803
9473,7605
9473,7547
9451,7360
9448,7502
9448,7612
9443,7909
9440,7569
9440,8679
9416,7546
9416,7845
9414,7492
9411,8196
9411,7472
9411,7594
9409,7631
9403,7744
9403,7288
9402,8059
10155,8830
10154,10437
10152,10043
10144,10673
10123,12281
10069,10072
10062,9481
10047,9606
10036,10098
10021,9454
10021,9693
10010,9338
10003,9511
9980,9401
9978,9213
9977,9313
9969,8959
9969,8962
9962,8698
9962,8941
9955,8792
9936,8651
9933,8781
9930,9356
9890,8998
9883,8819
9864,9250
9868,8893
9859,8758
9807,9125
9802,9084
9797,8520
9778,8362
9776,8921
9768,9048
9768,8536
9726,8278
9721,8683
9717,8781
9702,8382
9700,8449
9694,8444
9693,8488
9680,8610
9674,8176
9674,8027
9673,8330
9671,8580
9669,8713
9646,8609
9604,8378
9602,8318
9599,8353
9599,8102
9599,8351
9588,8119
9588,8532
9586,8723
9583,8601
9572,7939
9570,8177
9570,8131
9568,8213
9568,8066
9566,8393
9565,8396
9565,8905
9558,8243
9558,8174
9533,8134
9533,8042
9531,8615
9524,8457
9524,8099
9524,7957
9502,8090
9499,7927
9499,8257
9494,8385
9494,7836
9491,7964
9467,7938
9467,7798
9465,7938
9464,7762
9462,7625
9460,7696
9460,7920
9454,8074
9454,8018
9453,7956
9453,7863
10205,8973
10192,9964
10184,10454
10174,9716
10120,9901
10113,10080
10098,9381
10089,9701
10072,9731
10072,9473
10061,9050
10054,9292
10053,9209
10029,9092
10028,9111
10020,9657
10020,9622
10020,8982
10013,9360
10006,8919
9987,8971
9984,9159
9981,8859
9941,8775
9934,8880
9930,9384
9915,8456
9910,8903
9909,8774
9853,9241
9848,8712
9848,8503
9827,8728
9819,8346
9819,8369
9774,8255
9770,8595
9766,8753
9753,8590
9748,8442
9745,8329
9744,8695
9731,8405
9729,8150
9725,8291
9724,8216
9722,8196
9699,8383
9697,8559
9655,8367
9655,7981
9653,8058
9650,8157
9650,8370
9639,8217
9639,8745
9637,8296
9634,8182
9623,7765
9621,8043
9621,7892
9619,7988
9619,7992
9617,7937
9616,7916
9616,7827
9609,7798
9609,7812
9584,7660
9584,8116
9582,7611
9575,7744
9575,7938
9575,8320
9553,14829
9553,8166
9550,8489
9545,7908
9545,8110
9542,7906
9518,7806
9518,7356
9515,7613
9515,8396
9511,7844
9511,7804
9511,7982
9505,7902
9505,7660
9504,7763
9504,7988
9504,7994
10239,9062
10233,10355
10223,10032
10171,9783
10165,9587
10149,9876
10140,9784
10123,10046
10123,9765
10112,9694
10110,9686
10104,9684
10080,9281
10079,9645
10071,9267
10071,9653
10071,9238
10064,9385
10057,9330
10038,9380
10036,9191
10032,9267
9992,9576
9985,9832
9981,9178
9966,9695
9957,9094
9960,9497
9909,8871
9899,9314
9899,8746
9880,9243
9878,9445
9870,8888
9825,9147
9822,8635
9819,9082
9814,9001
9801,8642
9796,9350
9795,8974
9782,9123
9780,9178
9776,8871
9776,8968
9754,8850
9752,8482
9750,9125
9748,8910
9706,8424
9704,8500
9701,8684
9701,8638
9690,9765
9690,8407
9690,8749
9688,8921
9685,8598
9674,8333
9672,9519
9670,8527
9670,8703
9670,8989
9668,8355
9667,8868
9667,8597
9660,8664
9660,8249
9635,8928
9635,8192
9633,8443
9626,8636
9626,8101
9626,8049
9604,8551
9604,8153
9601,8253
9596,8537
9596,8350
9593,7979
9590,8719
9568,8171
9564,7905
9564,8141
9562,9029
9562,8204
9562,8186
9562,8593
9556,8136
9556,8091
9544,8107
9544,8612
10296,9454
10294,10538
10286,13014
10276,10178
10222,13527
10215,13806
10200,10189
10191,10064
10174,10504
10174,10602
10163,10675
10161,10389
10155,18698
10131,9560
10130,10818
10122,11499
10122,11041
10122,10391
10115,10359
10108,10967
10089,10830
10087,9878
10086,9843
10043,11788
10043,10380
10032,10371
10017,9365
10021,9460
10011,10877
9960,17259
9955,10473
9947,10147
9924,9995
9915,11623
9912,9173
9901,8825
9870,9732
9867,8715
9865,9113
9852,8674
9850,8759
9847,9696
9825,8817
9812,9113
9810,9224
9806,8692
9806,9257
9805,8544
9803,8673
9801,10301
9799,9323
9757,10028
9755,8991
9752,13058
9752,8700
9741,9170
9741,8829
9741,9427
9739,9033
9736,8556
9725,13715
9723,8184
9723,9548
9721,8279
9721,8251
9719,8002
9719,8261
9718,8574
9711,8764
9711,8636
9711,8211
9686,8382
9684,8635
9684,8683
9677,7895
9677,7901
9677,8248
9650,8405
9650,8393
9639,7936
9634,7591
9634,7619
9633,7834
9617,7588
9617,7633
9615,7578
9604,7948
9602,7885
9602,8006
9602,8616
9596,8260
9596,8111
10354,9262
10351,10390
10349,10971
10346,10121
10339,10422
10330,9811
10274,9729
10267,10086
10251,9513
10242,9977
10240,10276
10225,9918
10225,10218
10212,9443
10207,9400
10184,9058
10181,9210
10181,9375
10173,9208
10173,8954
10166,9591
10159,9168
10159,9224
10138,9883
10137,9441
10094,9662
10098,9138
10091,9270
10069,9330
10063,8869
10040,8930
9984,9124
9978,8596
9971,8801
9955,9187
9955,8654
9952,8604
9952,8661
9921,9030
9897,8422
9895,8586
9882,8624
9880,9522
9877,8648
9876,8649
9863,8822
9861,8821
9857,8181
9856,8405
9854,8299
9852,8510
9852,8749
9850,8478
9808,8740
9806,8434
9803,8553
9803,8470
9792,8592
9792,8480
9790,8259
9787,8426
9787,8550
9775,8175
9774,7941
9772,8191
9772,8165
9772,8697
9770,8613
9769,8376
9762,8197
9762,8326
9762,8570
9737,8696
9735,8039
9735,7980
9722,8240
9722,8117
9712,8501
9691,7912
9689,7680
9689,7713
9685,8015
9685,8189
9684,8342
9657,7746
9657,7950
9655,8073
9655,8010
9653,8156
9653,8243
9653,8361
9653,7863
10420,9057
10416,9595
10405,10346
10404,9697
10401,10056
10399,9521
10391,10346
10381,10320
10324,9659
10317,9993
10302,9581
10293,9440
10276,9827
10276,9353
10276,9690
10263,9338
10258,9336
10235,9843
10232,9332
10232,9250
10224,9772
10224,9259
10217,9517
10217,9294
10210,9288
10191,9277
10193,9048
10189,9653
10146,9030
10121,8935
10115,9220
10084,8962
10079,8880
10066,8873
10029,8702
10025,8726
10022,9149
10006,8731
10006,8591
9980,8816
9980,9277
9951,8525
9951,8624
9948,8673
9946,9331
9933,8629
9931,8776
9928,9245
9927,8679
9914,8780
9912,8618
9908,8756
9908,8943
9907,8822
9905,8545
9903,8263
9901,8620
9859,8858
9857,8191
9857,8407
9854,8426
9854,8605
9843,8010
9843,8080
9843,8343
9841,8420
9838,8516
9827,8082
9825,7869
9825,8155
9823,8981
9823,8208
9821,8016
9821,14655
9820,9164
9813,7927
9807,7993
9807,7979
9772,8456
9771,7787
9768,7960
9761,7944
9761,8654
9761,8341
9742,8124
9742,7926
9728,8130
9728,7930
9724,8393
9723,8459
9723,8069
9708,7993
10577,9412
10556,10231
10548,10742
10521,10295
10514,10554
10499,10041
10478,10662
10474,9891
10465,10270
10462,9765
10460,10211
10457,9703
10450,10182
10441,9986
10376,9539
10369,10426
10368,9598
10353,10388
10342,9700
10327,9889
10327,9425
10316,9722
10309,10332
10286,9560
10284,9855
10283,9830
10279,10188
10279,9781
10276,9786
10263,9634
10244,9636
10223,9842
10198,9204
10189,9326
10151,8676
10144,9481
10140,9907
10125,9184
10118,9469
10117,9598
10057,9131
10053,8876
10050,9367
10034,8760
10034,8646
10031,9111
10002,8424
10002,8754
9999,8790
9997,8952
9984,8765
9982,8647
9979,8498
9978,8789
9965,9554
9963,8739
9959,8802
9959,8711
9958,9233
9956,8586
9954,8587
9952,8699
9910,9094
9908,8382
9905,8403
9905,8734
9894,8838
9894,8529
9894,8603
9892,8546
9889,8988
9878,8310
9877,8027
9876,8388
9874,8435
9874,8410
9868,8497
9865,8595
9851,8368
9845,8312
9844,8371
9842,8473
9819,8872
9817,8049
9817,8108
9800,8219
9800,8353
9800,8230
9781,8133
9781,8370
9779,8719
9779,8783
10666,9782
10656,11658
10651,11518
10630,10978
10626,11371
10607,10630
10599,10966
10572,10303
10557,11079
10550,9879
10529,10925
10525,10109
10516,10481
10513,10240
10511,10855
10508,10235
10501,10689
10492,10301
10427,10125
10426,10208
10419,9947
10404,10336
10393,9565
10378,9984
10378,9432
10367,9514
10365,9936
10342,9406
10337,9864
10329,9482
10304,10582
10277,9356
10263,10441
10249,9619
10246,9179
10236,9009
10232,9190
10223,9567
10191,9830
10166,9539
10164,9349
10153,9608
10146,9548
10108,8837
10104,9364
10101,9171
10101,8991
10085,9388
10082,9317
10082,8731
10053,9244
10050,9927
10048,9071
10035,9607
10033,9876
10030,8606
10029,9140
10016,10013
10014,8909
10010,8922
10010,9425
10009,8913
10007,8618
10005,9378
10003,8822
9961,8496
9959,9437
9956,8439
9956,8351
9945,8329
9945,8690
9943,8600
9940,14611
9929,8132
9928,8166
9927,8292
9919,8304
9904,8291
9901,8436
9897,8721
9897,8600
9893,8432
9891,8212
9889,8839
9868,8383
9856,8802
9851,7848
9851,10422
9851,8233
9832,8052
9832,8109
9830,7872
10726,9759
10723,10341
10712,10852
10709,10435
10681,10948
10661,10199
10650,10584
10623,10261
10616,10997
10607,10144
10600,10592
10580,10039
10576,10850
10565,9843
10562,10623
10559,10157
10552,10450
10551,10269
10541,10767
10477,10012
10470,10307
10455,9677
10444,9973
10429,9647
10429,10013
10423,9540
10416,10029
10393,9587
10388,9654
10380,9342
10357,9719
10355,10225
10320,9547
10313,10034
10297,9568
10287,9667
10283,9487
10274,9546
10242,9747
10240,8949
10215,9701
10204,8971
10197,9125
10196,9758
10155,8727
10152,9088
10152,9496
10136,9203
10133,8832
10133,9447
10104,8860
10104,8841
10099,8858
10086,9161
10084,8720
10081,8719
10080,8942
10067,8756
10065,8739
10061,9009
10061,9014
10060,8476
10058,8657
10056,9353
10054,8596
10012,8399
10010,9130
10007,9658
10007,8705
9996,8647
9996,8965
9994,8702
9994,8462
9991,8596
9979,9073
9978,9044
9970,8184
9969,8959
9955,8277
9952,8195
9948,8452
9946,8271
9944,8113
9942,8146
9919,8671
9919,8812
9907,8163
9902,8041
9902,8472
9902,8677
9883,8017
9881,8149
10806,9884
10776,10707
10772,11195
10760,10984
10732,10465
10730,11173
10709,10098
10701,10736
10674,10178
10667,10455
10652,10253
10631,10810
10627,9923
10618,10636
10615,10092
10613,10032
10610,10223
10603,9994
10594,10261
10529,9897
10522,9951
10506,9730
10506,9650
10495,9439
10480,9546
10485,10198
10472,9624
10467,9971
10444,9784
10438,10004
10431,9583
10406,10079
10379,9607
10365,9645
10350,9307
10348,10107
10338,9175
10334,9618
10325,9805
10293,9508
10268,9831
10255,9419
10255,9691
10248,8998
10210,8845
10206,9080
10203,8900
10187,8791
10187,9057
10184,9098
10184,9129
10155,9166
10152,9371
10150,9208
10137,8707
10135,10023
10132,8921
10131,9292
10118,9292
10116,8639
10112,9344
10111,9308
10109,8614
10107,8871
10105,9308
10063,8388
10061,8465
10061,8841
10058,9326
10058,8876
10047,9133
10047,9530
10045,8190
10042,8745
10031,8965
10029,8611
10029,8416
10021,8704
10020,8330
10004,8384
10003,8559
9999,8411
9995,8445
9993,8230
9970,8510
9970,9262
9970,8208
9953,7980
9953,8341
9953,8864
9934,8053
9932,8229
10857,9951
10827,11166
10823,10490
10811,11067
10783,10642
10779,10986
10760,10640
10725,10488
10719,10600
10710,10502
10703,11110
10682,10159
10678,10439
10667,10352
10666,10821
10663,10618
10661,10655
10653,10265
10643,9924
10579,9930
10572,9788
10557,9713
10546,9639
10531,9910
10531,10120
10525,10590
10518,9919
10495,10147
10492,9754
10488,10141
10474,9622
10460,10276
10450,9251
10419,9475
10412,9323
10391,9612
10388,10025
10353,9510
10349,10292
10340,9429
10329,9205
10299,9135
10298,9109
10257,9389
10254,8887
10254,9451
10238,8589
10235,8854
10235,8994
10206,9244
10203,8962
10201,8874
10188,9462
10186,8655
10183,8855
10182,9160
10167,8766
10163,8794
10163,9291
10162,8706
10160,8676
10158,9316
10156,8382
10114,8877
10112,8932
10109,8409
10109,9177
10098,8894
10098,8196
10096,8844
10093,9130
10093,8719
10081,8446
10080,8633
10078,8678
10078,8104
10076,8460
10070,9390
10069,8597
10050,8561
10049,8815
10025,8335
10025,8292
10023,8892
10016,8935
10016,8085
10016,8245
9985,8556
9983,8602
9983,8063
9979,8125
9978,8451
10849,10016
10834,10591
10830,10577
10811,10624
10776,10353
10770,10627
10761,10045
10753,10669
10733,10105
10729,11089
10718,10493
10717,9994
10714,10327
10712,10140
10704,10830
10694,10211
10630,9973
10623,10054
10608,10505
10597,9895
10582,10023
10582,9934
10571,9709
10564,9769
10546,9682
10544,9725
10542,9593
10534,9592
10534,9609
10527,10144
10524,9436
10511,10203
10479,9242
10475,9355
10449,9435
10406,9175
10399,10067
10380,9422
10380,9754
10373,8985
10335,9617
10308,8932
10305,8798
10289,9036
10289,8847
10286,8791
10286,9369
10257,8774
10254,9219
10252,9635
10239,8969
10237,8986
10234,9527
10220,8858
10218,8968
10214,9077
10214,8832
10213,9047
10211,8550
10209,8861
10207,8832
10165,8613
10163,8971
10160,8904
10160,8474
10149,8456
10149,8989
10149,8988
10147,8778
10144,8975
10132,8279
10131,8196
10129,8775
10129,8371
10129,8448
10127,8579
10126,8276
10119,8361
10113,8552
10113,8711
10078,8658
10075,8172
10074,8779
10067,8263
10067,8326
10048,8838
10048,8216
10046,8439
10034,8337
10030,9148
10029,8214
10029,8025
10883,9855
10865,10430
10854,10691
10827,10362
10820,10620
10811,9963
10804,10309
10784,9954
10771,10178
10768,9829
10766,10508
10763,9795
10756,10004
10747,10078
10682,10314
10675,10012
10659,9966
10650,9865
10648,9885
10633,10022
10633,9470
10620,9600
10615,9414
10592,9506
10594,10342
10585,9935
10585,10059
10585,9590
10578,10144
10571,9452
10571,9728
10541,9355
10528,9766
10483,9259
10467,9552
10451,9013
10431,9226
10424,8947
10423,9044
10386,9519
10379,9071
10379,9039
10340,8882
10337,8715
10337,8934
10308,8543
10308,8762
10305,9027
10290,9381
10288,8825
10285,8695
10284,9398
10271,8845
10269,9097
10265,9242
10265,8900
10264,9385
10262,8556
10260,8786
10258,9203
10216,8557
10214,8324
10211,8371
10211,9024
10200,8484
10200,8360
10198,8658
10195,8218
10184,8366
10183,8362
10182,8815
10180,8557
10180,8511
10178,8764
10177,8286
10177,8252
10170,8313
10170,8140
10139,8404
10139,8416
10127,9097
10119,8380
10118,8208
10118,8635
10099,8121
10097,8236
10097,8320
10093,8554
10081,8140
10080,8134
10065,8234
10065,8793
10912,9851
10878,10417
10872,11065
10863,10417
10855,10464
10835,11505
10831,10335
10820,11292
10819,10393
10816,10292
10814,10611
10806,10186
10796,10522
10732,9898
10725,10072
10710,10358
10699,10285
10684,10031
10684,9618
10671,9890
10665,9630
10643,9618
10640,9622
10632,9572
10636,10194
10636,10198
10629,9505
10622,9918
10603,9398
10601,10094
10594,9455
10548,9913
10529,9507
10523,9757
10491,9516
10479,9729
10474,9440
10433,9570
10430,9264
10430,9481
10414,9141
10411,8997
10388,10307
10359,9143
10356,9851
10354,9006
10341,9954
10339,9148
10336,9158
10335,9064
10322,8772
10320,8838
10316,9174
10315,8777
10313,9402
10311,9324
10309,8886
10267,8948
10267,9772
10265,9096
10262,9779
10262,8551
10251,8913
10251,9182
10249,8766
10246,9091
10235,8583
10233,8697
10233,9290
10231,8507
10231,9034
10229,9095
10228,8871
10228,8887
10221,8912
10221,8580
10196,8676
10196,8855
10188,8443
10181,8543
10171,8687
10170,8272
10150,8577
10150,8768
10148,8298
10144,8249
10144,8484
10143,9033
10131,8267
10116,8237
10114,8413
10114,8266
10923,9703
10916,10593
10907,10728
10881,10258
10877,10746
10868,10381
10865,11112
10863,10735
10860,10926
10853,10632
10844,10365
10784,10884
10777,10061
10761,10938
10752,10409
10750,10043
10735,9974
10735,9633
10722,10092
10716,9639
10694,10033
10691,10133
10683,10432
10683,9827
10687,10419
10680,9819
10673,10282
10673,9806
10652,9738
10651,9629
10605,10124
10599,9283
10576,9705
10559,9175
10534,9355
10529,9145
10488,9568
10481,9021
10481,9287
10465,8865
10465,8973
10462,9610
10410,8823
10410,8945
10407,9747
10405,8911
10392,9042
10387,9531
10386,8733
10373,9125
10371,9104
10367,8723
10367,8853
10366,9183
10364,8651
10362,9287
10360,8837
10318,9876
10316,8719
10313,8629
10313,8575
10302,8755
10302,8368
10300,8537
10300,8839
10297,8376
10285,8899
10284,8965
10282,9103
10282,8476
10282,8741
10280,8386
10279,8502
10272,8830
10272,8475
10272,9341
10247,8650
10245,9134
10239,8415
10232,8462
10222,8881
10221,8516
10201,8449
10199,8941
10199,8161
10195,8688
10194,8542
10194,8030
10167,8178
10167,8186
10165,8916
10163,8161
10968,9906
10958,10126
10951,11069
10932,10406
10928,10036
10917,10556
10916,10031
10913,10497
10904,9963
10903,10860
10893,10322
10834,9774
10827,10528
10812,10196
10801,10520
10786,9760
10786,10007
10775,9659
10768,10822
10745,10042
10742,9717
10742,10136
10734,9767
10738,10259
10731,9677
10724,10233
10724,9702
10703,10766
10702,9880
10659,9593
10659,9823
10645,9481
10624,9508
10612,9173
10600,9341
10545,8979
10539,9401
10532,10342
10516,9938
10516,9812
10513,9189
10482,9520
10482,9239
10458,9291
10456,9308
10443,9099
10438,9037
10437,8780
10424,9345
10422,8960
10418,9192
10418,9608
10417,8826
10415,9404
10413,9099
10411,8940
10369,9594
10367,9059
10364,9195
10364,8776
10353,8984
10353,9508
10351,8633
10351,9329
10348,9034
10336,9041
10335,9677
10333,9080
10333,9174
10333,8756
10331,9286
10330,8854
10323,8679
10323,8877
10323,8475
10298,8990
10296,9563
10296,8644
10289,8688
10283,8387
10283,8544
10254,8718
10251,8305
10250,8718
10246,8804
10245,8678
10245,8749
10229,8991
10227,8546
10216,9037
10214,9268
10214,8432
11002,9798
10995,10392
10982,11060
10978,11046
10966,10323
10964,11382
10961,10639
10954,10767
10945,10619
10886,10243
10879,10664
10863,10609
10863,10186
10852,10596
10837,9947
10837,10500
10824,10441
10819,9959
10796,10142
10793,9997
10793,10427
10785,10265
10785,9860
10782,10022
10775,10049
10775,10473
10754,9747
10753,10051
10710,9942
10710,9609
10699,9659
10681,9692
10675,9923
10653,9873
10607,10239
10586,9231
10586,10207
10567,9368
10567,9792
10564,9324
10533,9799
10533,9209
10530,9733
10507,9043
10492,9173
10489,9792
10488,9305
10475,9548
10473,9031
10469,9371
10469,9207
10468,9034
10466,8994
10464,9571
10462,9057
10420,9148
10418,8973
10415,8742
10415,9331
10404,8746
10404,8872
10402,8603
10399,8947
10399,9147
10387,8623
10386,8960
10384,8805
10384,8688
10382,9170
10382,8505
10381,8976
10374,8760
10374,8808
10374,9162
10349,8734
10347,9066
10340,8527
10340,8565
10340,9035
10313,8432
10313,8591
10302,9116
10297,8666
10297,8669
10296,8604
10280,8563
10280,8871
10278,8566
10267,8244
10265,8511
10265,8719
10265,8239
11033,9922
11029,11040
11020,10888
11017,10368
11014,11353
11012,10523
11004,10396
10994,10934
10936,10246
10929,10608
10914,10420
10903,10545
10888,10800
10888,10116
10877,10791
10870,10175
10847,9805
10845,10410
10844,9849
10836,10607
10836,10078
10829,9976
10822,10397
10826,9876
10805,10573
10804,9884
10761,9917
10761,10047
10750,9793
10735,10244
10726,9451
10722,9953
10658,9423
10648,10443
10637,9741
10618,9261
10615,9521
10615,9142
10584,9297
10584,9780
10579,9299
10566,9873
10543,9137
10540,9706
10539,8924
10526,9690
10520,9331
10520,9475
10519,9725
10517,9500
10515,9516
10513,9369
10471,9914
10469,9110
10466,9742
10466,9093
10455,9317
10455,9655
10453,9392
10450,9345
10450,9375
10438,9276
10437,8844
10435,9309
10435,9479
10433,9072
10432,9608
10432,8923
10425,9636
10425,8762
10400,9266
10398,8534
10398,8742
10391,9200
10391,8668
10391,9029
10369,8775
10366,8671
10356,9271
10356,8528
10347,9347
10331,8522
10331,8513
10329,8962
10329,8725
10327,8685
10327,9091
10316,8453
10310,8682
10310,8571
10309,8463
10309,8743
11055,9719
11050,10972
11039,10753
10987,10706
10980,10026
10965,10704
10954,10511
10939,10194
10939,10319
10926,10179
10920,10932
10896,10480
10895,10243
10887,10599
10887,10088
10880,10106
10873,10230
10873,10085
10852,9988
10848,9734
10808,10313
10801,9987
10786,9706
10786,10020
10776,9338
10725,10080
10715,9329
10715,10291
10694,9831
10683,9482
10682,9961
10638,9453
10635,9826
10617,9440
10615,10124
10612,9485
10611,10048
10596,9625
10592,9345
10592,9482
10591,9183
10568,9553
10566,9188
10564,9564
10522,8930
10520,8765
10517,9544
10517,8614
10517,9507
10506,8991
10506,9021
10504,9681
10501,9338
10501,9276
10489,8628
10488,8923
10486,9753
10486,9367
10486,9393
10484,8825
10484,8983
10483,8794
10476,8690
10476,9577
10476,8820
10451,8783
10451,8644
10449,8929
10442,9227
10442,8727
10442,9139
10420,8467
10420,9175
10417,8479
10417,8725
10412,9911
10407,8922
10406,9198
10398,8587
10382,8611
10380,8415
10380,8671
10378,8741
10378,8586
10378,8717
10378,9132
10361,8236
10361,8598
10361,8974
10360,8793
10360,8623
10360,8913
11106,9839
11101,11098
11092,10882
11039,10903
11032,10691
11031,10074
11016,10602
11005,12261
10990,10583
10990,10194
10979,9989
10977,10254
10971,10378
10949,10124
10946,10159
10946,10399
10938,10548
10938,11011
10931,10229
10931,10371
10924,9848
10905,11262
10907,10023
10906,10467
10863,9688
10863,10397
10856,10135
10852,9761
10834,10060
10819,10337
10806,9827
10760,9809
10744,10066
10739,10458
10720,9498
10720,10507
10717,9852
10717,9589
10686,10399
10686,9392
10662,11051
10660,11722
10647,10833
10645,10215
10642,9556
10641,9590
10628,11462
10626,9462
10626,10089
10622,10815
10622,9726
10621,14998
10619,10195
10617,9707
10615,13133
10615,10558
10573,9918
10571,9943
10568,10577
10568,10127
10568,9728
10557,15714
10557,10163
10557,9221
10555,10229
10552,9518
10541,8956
10540,15122
10539,10335
10537,10616
10537,10909
10535,10623
10535,9180
10534,9712
10527,9294
10527,9555
10521,9772
10496,9924
10484,9229
10483,10430
10475,9440
10475,9999
10475,9724
10456,9573
10456,9929
10454,9424
10438,9497
10438,10343
10437,9537
10422,9513
10422,14453
10420,9943
11253,10717
11232,11905
11225,12461
11216,12582
11209,12067
11190,11571
11186,11110
11175,10856
11174,11219
11171,10795
11169,11710
11161,11997
11151,11553
11089,10856
11083,10521
11067,10891
11058,10508
11041,10822
11041,11596
11041,11260
11028,11710
11023,11829
11005,10824
11002,10760
11001,10743
10993,11244
10993,11306
10986,10630
10983,10632
10970,10398
10939,11402
10935,11327
10908,10899
10869,10279
10858,10483
10854,9812
10839,10370
10839,10597
10831,10633
10794,9717
10767,9714
10764,10528
10748,9782
10748,9713
10745,10520
10745,10098
10716,9564
10716,10859
10713,10266
10711,9563
10698,10051
10696,9647
10692,9720
10679,10347
10677,9432
10677,9437
10673,10072
10673,9495
10672,10792
10670,10081
10668,9407
10666,9703
10624,10019
10622,9386
10619,9287
10619,9959
10619,9715
10608,10055
10608,9773
10606,9496
10606,9247
10603,9892
10591,9269
10590,9607
10590,9875
10588,9284
10582,9267
10579,9808
10565,10033
10564,10130
10558,10171
10558,10275
10556,9164
10533,9309
10531,9134
10531,8936
10519,9837
10514,9205
10514,10538
10514,9414
10495,8954
10495,9657
11426,10911
11422,12655
11387,12527
11378,11769
11373,11645
11345,11431
11343,11807
11325,12314
11314,12342
11287,11176
11281,11355
11272,11246
11265,11014
11244,11535
11244,11210
11240,11326
11229,11284
11228,10840
11225,11162
11223,10930
11216,11345
11207,11725
11210,12078
11145,12063
11138,11899
11123,11278
11114,11649
11112,11448
11097,11807
11094,11028
11077,11458
11055,11941
11052,11674
11000,10539
10989,11279
10966,10490
10966,11178
10962,11060
10953,10292
10941,10303
10939,10671
10900,10900
10900,11148
10882,10923
10882,11005
10880,10786
10867,10094
10867,10500
10859,11465
10822,11112
10818,10112
10815,10659
10799,10048
10799,11381
10796,10668
10767,10527
10767,10239
10764,11117
10749,11454
10747,10397
10744,10646
10743,10321
10730,10044
10728,10554
10724,10726
10723,10457
10721,9926
10719,9854
10717,11119
10675,11170
10673,10148
10670,10398
10670,10752
10659,9773
10659,10003
10659,10045
10657,10126
10647,10306
10621,9657
10619,9656
10613,9017
10613,9330
10609,9810
10607,9066
10603,9759
10602,9996
10579,9034
10570,9418
10570,9664
10570,9126
10565,9956
10565,9500
11567,11762
11519,13976
11499,12767
11493,12835
11451,13085
11440,12308
11435,12200
11398,12993
11394,13100
11375,12184
11340,11110
11334,11413
11325,11089
11317,11066
11297,11553
11293,11582
11282,11693
11281,11739
11278,11512
11276,11422
11268,11596
11263,11642
11196,11792
11189,11397
11174,11640
11163,11269
11148,11200
11148,11133
11134,11089
11121,11203
11084,10615
11078,10787
11049,10462
11032,10436
11017,10600
11012,10960
11007,10821
11003,11492
10991,11039
10989,11208
10933,10058
10933,10241
10929,10651
10918,10185
10911,11274
10910,11617
10873,10031
10866,10175
10866,10091
10850,10088
10847,10664
10847,9646
10818,10272
10818,9964
10813,9656
10800,10245
10798,10768
10795,9597
10794,9553
10781,10816
10779,9838
10775,10107
10774,10505
10772,10184
10770,10110
10768,9649
10726,10407
10724,9577
10721,9456
10721,9433
10710,10097
10710,9737
10710,9384
10708,10451
10705,9904
10693,9254
10686,9503
10683,10069
10669,9416
10668,9180
10662,10317
10662,9393
10658,9055
10656,9963
10654,9409
10633,9241
10621,9736
10616,9159
10616,9079
10616,9585
10597,8911
10597,9728
11520,11065
11490,12294
11486,11993
11474,11977
11446,14386
11442,13082
11423,11767
11388,12478
11382,12251
11372,13045
11365,12604
11345,11720
11341,11719
11329,11954
11327,12383
11324,12341
11317,12378
11308,11879
11243,11463
11236,11773
11220,11678
11216,12286
11199,11869
11199,12052
11199,11944
11186,11912
11180,11489
11156,11742
11151,10878
11137,11045
11122,10624
11113,10518
11085,10952
11075,10844
11054,11289
11054,10476
11047,10865
11012,12291
11005,10535
10992,10748
10969,10393
10961,10402
10924,10010
10920,11056
10917,10565
10901,10561
10901,10155
10898,11115
10869,10188
10869,10634
10866,10300
10851,10314
10849,9710
10846,10418
10845,9789
10832,10364
10830,9780
10826,11089
10825,11145
10823,10883
10821,9793
10819,10256
10777,9769
10775,10033
10772,9377
10772,9329
10761,10299
10761,9560
10759,9838
10756,9228
10756,9700
10744,10182
10743,10322
10741,10059
10741,9942
10733,9975
10732,10817
10718,9519
10712,9972
10711,9927
10688,10311
10688,9241
10686,9843
10679,9804
10679,9347
10667,10091
10648,9827
10646,10214
10646,9229
10642,9232
10641,10599
10641,9140
11495,11007
11477,11575
11466,11692
11439,11384
11432,11771
11423,12202
11396,11726
11392,12559
11383,12677
11380,12112
11378,12312
11375,12121
11367,12493
11357,12073
11293,11682
11287,11916
11271,11771
11262,11174
11245,11088
11245,10942
11234,10919
11232,10904
11231,10844
11207,10371
11205,11251
11197,11203
11197,11332
11187,11090
11181,10572
11161,10536
11141,10853
11115,10656
11107,10347
11069,11120
11062,10880
11043,10766
11043,10608
11035,10483
10998,10050
10971,10706
10968,10375
10952,10135
10952,10140
10949,10823
10920,10748
10920,9713
10917,10083
10915,10363
10900,9731
10897,9718
10896,10444
10883,10167
10881,10285
10877,9653
10877,10450
10876,10814
10874,9716
10872,9648
10870,10477
10828,9758
10826,9553
10823,9343
10823,10144
10812,10230
10812,9511
10810,10457
10807,10458
10796,10033
10794,9433
10792,10250
10792,9792
10792,9445
10790,9155
10789,10020
10782,9411
10776,9325
10776,10499
10741,9902
10738,9568
10737,9244
10730,10197
10730,9390
10711,9114
10711,10030
10709,9278
10693,8916
10693,9617
10692,9531
10677,9229
10677,9276
10675,9079
10675,9834
11484,10864
11469,13130
11462,13173
11442,12141
11438,12572
11427,11748
11426,11868
11423,11300
11421,11099
11413,11783
11403,11501
11344,11627
11337,11484
11322,11617
11311,11683
11296,11474
11296,11491
11283,11700
11278,11504
11255,11637
11252,11499
11256,10902
11248,10618
11248,10805
11241,10509
11234,10884
11234,10766
11210,12008
11203,11706
11147,11552
11146,11306
11118,10420
11098,10608
11087,11133
11086,10545
11049,11167
11042,10398
11042,11235
11003,11135
11000,10546
11000,10845
10971,11055
10971,10072
10966,10442
10953,10755
10951,10111
10948,10622
10947,9871
10934,10814
10932,10233
10928,10135
10928,9706
10925,10919
10923,10090
10921,10706
10879,9562
10877,10186
10874,10287
10874,10174
10874,9541
10863,9654
10863,9898
10861,10544
10858,10152
10847,9838
10845,9575
10843,10619
10843,9954
10843,10165
10841,9911
10840,9694
10833,10482
10833,9668
10833,9507
10808,10256
10800,10189
10800,9674
10783,9347
10782,10531
10762,9810
10762,9590
10760,9574
10756,9760
10756,9850
10755,9647
10743,9803
10728,9709
10726,9163
10726,9638
10724,9926
10724,9026
10724,9704
11492,10240
11488,10684
11479,11657
11476,10922
11474,11227
11471,10656
11464,10712
11455,10935
11396,10427
11389,10374
11373,10305
11364,10668
11347,10209
11347,10133
11347,10956
11334,10794
11328,10192
11304,10176
11303,11575
11295,12365
11299,11489
11299,11985
11292,12151
11285,11455
11266,11212
11264,11150
11260,11746
11217,11275
11204,11452
11187,11477
11171,11261
11146,11184
11141,11069
11096,10864
11093,10175
11093,10143
11077,9951
11074,10933
11074,10439
11022,10523
11022,9782
11017,10204
11004,10357
11002,10601
10999,9785
10998,9712
10985,10290
10983,9853
10979,10212
10978,9616
10976,10841
10974,9786
10972,9573
10930,9556
10928,10131
10925,9650
10925,9907
10925,9686
10914,10066
10914,10224
10912,9481
10909,9726
10898,10067
10896,9973
10894,9480
10894,10031
10894,10395
10892,9984
10891,9983
10884,9699
10884,9192
10884,9803
10859,9636
10857,9784
10857,9711
10844,10522
10844,9585
10834,9783
10814,9889
10811,12981
10811,9604
10807,9909
10806,10767
10806,10719
10790,10206
10777,10427
10777,10417
10775,9947
10775,10859
10775,10673
10775,10045
10769,10164
11527,10395
11524,11592
11522,11665
11519,10857
11512,11159
11503,10901
11447,11274
11440,12015
11424,12387
11415,12659
11398,16959
11398,12074
11387,10871
11385,10993
11379,11054
11355,11132
11354,14740
11346,11286
11346,11400
11339,11357
11343,11054
11336,10820
11317,10625
11314,10315
11311,11378
11271,10954
11264,10341
11242,10308
11236,10620
11214,11095
11168,10563
11152,10314
11147,10869
11128,10539
11128,9877
11125,9797
11094,10502
11094,10371
11091,9818
11068,10548
11053,9659
11050,10609
11049,10373
11036,9714
11034,10184
11030,9840
11030,10254
11029,9700
11027,9788
11025,10385
11023,9846
10981,10237
10979,9638
10976,9460
10976,9586
10965,9190
10965,9898
10963,9329
10960,9934
10949,9730
10947,9436
10945,10046
10945,9285
10945,10332
10943,9368
10942,9521
10935,10210
10935,9361
10935,9718
10910,9247
10908,10005
10908,9571
10901,9406
10901,9058
10879,9837
10879,9079
10871,9555
10858,9257
10858,9987
10857,9326
10857,9019
10841,9486
10839,9067
10839,9502
10837,8924
10826,9503
10826,9021
10820,9584
10820,8798
10819,9710
10819,9066
10819,9734
11565,10351
11559,11187
11549,10845
11497,11878
11490,11429
11475,11314
11464,10639
11449,10931
11449,11228
11436,10663
11430,10411
11408,10409
11405,10863
11397,10455
11397,10457
11397,10090
11390,11100
11383,11085
11364,10743
11361,10239
11362,10300
11322,11252
11315,10467
11296,10105
11296,10936
11286,11032
11235,10388
11225,9978
11222,10671
11199,10787
11187,9989
11187,9900
11145,9737
11142,9803
11140,10365
11127,10647
11125,10037
11121,10314
11108,9694
11106,9675
11081,10205
11081,9967
11080,9751
11078,9830
11076,9928
11032,9789
11030,9624
11027,10101
11027,9596
11016,10172
11016,9987
11014,9182
11011,9548
11000,9300
10999,9577
10998,9302
10996,10001
10996,9601
10994,9791
10993,9843
10986,9380
10986,9899
10986,9161
10961,9054
10959,9675
10952,9066
10952,9831
10952,9209
10930,9290
10930,9082
10927,8830
10922,9369
10922,9264
10919,9887
10895,9372
10895,9307
10892,9558
10890,9593
10888,9553
10888,9106
10888,9733
10882,9239
10882,9584
10881,9250
10881,8884
10881,9346
10870,9266
10869,10016
10868,9536
10842,9283
10842,8991
10842,9390
11499,10229
11488,11680
11488,11744
11477,11259
11470,11119
11469,11581
11446,10657
11445,10508
11437,10748
11437,11147
11437,11018
11430,11034
11423,10527
11404,10502
11402,11139
11401,10538
11360,10298
11360,10355
11353,10923
11338,11070
11338,10756
11329,10315
11328,10769
11272,10465
11267,10807
11267,10208
11248,10132
11243,10118
11234,10060
11229,10164
11190,10204
11184,9494
11182,9883
11169,9556
11167,9462
11164,10250
11163,10031
11150,10165
11148,10045
11123,9857
11123,10037
11123,9945
11122,9478
11120,10193
11118,9516
11116,9371
11074,9672
11072,9503
11072,9643
11069,9271
11069,9644
11058,9251
11058,10379
11058,10248
11056,9425
11053,10137
11042,9626
11041,9182
11040,9243
11038,9213
11038,9795
11038,9136
11036,9037
11036,9301
11035,9143
11028,9483
11028,9047
11028,9151
11003,9266
11003,9007
11001,9522
11001,9303
10994,9938
10994,9650
10988,9216
10967,9543
10959,9339
10955,9581
10955,9065
10951,9215
10951,9696
10950,9403
10950,10006
10923,9486
10923,10160
10921,9415
10921,9800
10919,9168
10919,9100
10919,9497
10919,8990
10919,9647
11686,10491
11682,11304
11673,11045
11671,11495
11670,11369
11667,12514
11665,11712
11658,11323
11657,11603
11647,10991
11591,10707
11590,10933
11583,10936
11568,11266
11559,11049
11557,10899
11542,10598
11542,10398
11542,11228
11536,10864
11534,11123
11528,11301
11506,10221
11504,10522
11499,10773
11493,10493
11470,10536
11441,10413
11434,10613
11413,10758
11411,9999
11406,10297
11402,10749
11390,10912
11388,10233
11350,10166
11348,10186
11332,10077
11332,10110
11330,10627
11328,9904
11317,9802
11317,10634
11310,10191
11309,9874
11309,10008
11272,10250
11268,9810
11265,10758
11265,9934
11265,9562
11249,10341
11249,9725
11246,9642
11246,10160
11246,9900
11217,9891
11217,9935
11217,9609
11214,10910
11212,10401
11199,9843
11197,9639
11194,10058
11193,10186
11180,9851
11178,10583
11174,10435
11174,9771
11168,9881
11166,10313
11149,9549
11146,9387
11138,9937
11099,10186
11093,9381
11088,10227
11082,9244
11080,9272
11048,9410
11048,9355
11046,9745
11043,9297
11043,9508
11032,9321
11031,9172
11029,9860
11029,9144
11029,10206
11029,9627
11029,9353
11029,9642
12142,11850
12142,12876
12139,12419
12119,12374
12114,12428
12110,13379
12062,12648
12049,12578
12042,12930
11966,14136
11950,13078
11946,12427
11902,12642
11891,12296
11888,12581
11849,12714
11831,12404
11820,11854
11793,13624
11791,12707
11782,11430
11755,11203
11742,11299
11719,11663
11713,11550
11680,11701
11670,11144
11641,11626
11630,11062
11559,10981
11550,10774
11520,10782
11507,10810
11452,11508
11452,11162
11441,10741
11434,10157
11414,10777
11411,10652
11402,10332
11402,10448
11402,10511
11402,10594
11402,10068
11402,10582
11402,10398
11400,10033
11384,10483
11380,10291
11369,10648
11362,10919
11361,10672
11320,10153
11317,9860
11317,10058
11301,9845
11298,10435
11269,10288
11269,9934
11266,9675
11251,10318
11249,9631
11246,10521
11245,9852
11230,9557
11226,10137
11226,9788
11225,9628
11223,10132
11215,9991
11170,9432
11154,9865
11150,9825
11146,9728
11135,9793
11133,9441
11129,9246
11120,9808
11108,9222
11083,9565
11081,9233
11081,9091
11081,9501
11081,9466
11081,9885
11081,9343
11081,10079
11072,10061
11072,9055
11067,9973
11067,9490
11067,9336
12012,11296
11996,12210
11992,11783
11948,11607
11939,12001
11934,11530
11896,11457
11878,11851
11867,12099
11840,12082
11833,11800
11824,11815
11797,11794
11793,11578
11784,11517
11781,11079
11778,11153
11776,11510
11768,11204
11763,11779
11698,12018
11691,11464
11673,11724
11642,11678
11624,11387
11597,11150
11579,10992
11556,10518
11531,10568
11527,11424
11521,11225
11495,10829
11492,10514
11453,10189
11453,11173
11453,10705
11453,11050
11453,10083
11435,10749
11435,10870
11431,10451
11420,10376
11420,10786
11412,10652
11375,10224
11371,10015
11368,10333
11352,10026
11352,10073
11349,10608
11320,10888
11320,10240
11317,9799
11302,10864
11300,10561
11297,10185
11296,10604
11283,10224
11281,10095
11277,9936
11277,10607
11274,10398
11272,9750
11228,9640
11226,10688
11223,9974
11212,9939
11212,10112
11207,9781
11195,10302
11194,9678
11192,10329
11190,9867
11189,9593
11182,9610
11157,10016
11155,9639
11148,9515
11148,9260
11126,9062
11123,8991
11118,9411
11091,9322
11089,9046
11086,9957
