234,1107
234,1259
234,1125
234,1165
262,1859
262,2825
262,1641
262,1422
263,1189
263,1965
263,1234
263,6453
263,6170
263,2606
261,1611
289,1672
284,1603
273,1643
263,1618
254,1549
246,1583
240,1719
234,1771
233,1970
231,1499
223,1577
217,2095
212,1468
209,1776
217,1391
217,1379
217,1766
215,1364
212,1388
238,1541
229,1759
226,1720
221,1714
271,1683
269,1706
265,1701
261,1629
257,1655
256,1663
251,1554
251,1578
296,1776
294,1826
289,1817
283,1823
310,1821
305,1832
303,1833
299,1834
296,1823
287,1834
283,1834
276,1857
265,1828
257,1808
248,1858
271,1804
263,1718
260,1703
255,1718
246,1678
241,1631
234,1613
232,1614
228,1532
223,1541
218,1525
217,1539
214,1525
210,1490
226,1513
220,1501
217,1428
217,1463
217,1464
253,1456
252,1484
251,1460
254,1443
274,1464
265,1452
259,1451
254,1465
251,1475
249,1451
245,1462
242,1456
241,1455
238,1467
234,1475
232,1456
239,1449
233,1426
232,1412
232,1424
232,1426
232,1482
231,1442
227,1424
222,1415
220,1416
219,1404
214,1412
214,1417
212,1421
208,1634
203,1655
202,1629
199,1599
191,1619
178,1486
175,1475
168,1465
161,1427
158,1420
156,1394
155,1367
149,1653
145,1602
144,1604
143,1607
142,1635
141,1604
140,1602
356,1251
402,1440
401,1233
397,1225
391,1269
388,1278
383,1283
378,1263
375,1284
425,1392
425,6484
425,4851
423,2567
471,1810
467,1463
460,6008
456,2856
445,1900
439,1450
428,1354
422,1350
419,1333
411,1466
425,1459
448,1466
444,1624
435,1645
432,1698
425,1598
421,1573
415,1578
415,1556
415,1534
405,1522
391,1525
377,1478
366,1498
354,1500
391,1471
388,1459
378,1463
370,1418
364,1364
408,1323
399,1334
385,1286
382,1436
394,1405
386,1380
374,1332
369,1336
363,1313
361,1307
357,1315
355,1283
345,1293
337,1284
333,1274
328,1246
336,1209
330,1191
324,1173
322,1184
322,1167
322,1173
320,1171
318,1156
313,1337
303,1327
297,1325
288,1295
284,1279
278,1238
274,1201
272,1209
266,1210
262,1198
258,1134
252,1119
252,1297
252,1305
249,1316
243,1298
234,1212
224,1211
216,1204
214,1202
212,1683
204,2108
200,2005
197,1977
194,1740
451,1363
495,1721
481,1458
471,1534
465,1369
455,1431
448,1835
445,1395
491,1404
482,1697
469,1858
463,1926
458,7585
504,3493
501,2692
490,1528
487,4757
487,3571
487,2079
485,1834
480,1835
471,1810
458,1825
467,1826
479,1764
471,1946
466,1915
462,1886
459,2096
451,2077
443,2036
437,2033
433,1986
424,1964
424,1961
422,1811
411,4510
435,1764
422,1112
409,945
400,915
397,4335
387,4245
436,1800
424,1278
413,1222
439,1258
422,1207
414,1170
398,1290
389,1460
381,1396
376,1609
369,1602
367,1563
364,1572
359,1528
349,1427
341,1466
354,1510
348,1420
341,1430
332,1368
328,1325
327,1360
327,1353
327,1322
324,1324
322,1270
317,1254
307,1278
299,1273
293,1286
289,1283
281,1219
279,1238
277,1239
269,1190
267,1191
263,1184
257,1086
257,1109
255,1069
252,1248
245,1206
236,1124
225,1164
221,1191
219,1180
215,1188
206,2018
205,1259
547,1338
534,1397
511,1553
496,1308
485,1292
475,1361
469,1328
458,1300
502,1327
497,1337
495,1474
485,1756
472,1748
519,1644
514,1709
507,1687
506,1642
495,1581
490,1493
490,1454
490,1519
487,1455
483,1537
517,1600
502,1296
494,1316
481,1292
474,1413
466,1426
463,1235
461,1252
452,1273
447,1198
439,1199
429,1348
427,1297
426,1292
459,1313
441,1332
428,1273
414,1278
403,1225
458,1219
451,1227
440,1225
427,1195
454,1030
443,1180
426,959
415,1129
400,1100
391,1108
382,885
377,850
371,1145
368,1094
365,1099
358,1131
366,1091
358,1122
352,1128
346,1085
342,1065
332,1074
328,1031
328,1049
328,891
327,869
325,915
320,996
309,965
302,968
294,947
290,941
283,1052
279,1118
278,1120
272,1140
267,1100
263,1325
257,1683
257,1663
257,1656
254,1686
245,1168
236,1171
227,1212
221,1136
219,1184
215,1129
208,1124
205,1138
541,1338
523,1855
511,1456
495,1475
485,1418
473,1446
464,1676
452,1580
500,1878
496,2434
493,2229
483,2151
525,2057
518,1962
514,1974
507,1947
501,2057
493,1878
490,1727
490,1891
488,1817
486,1909
497,1923
512,1852
500,1705
486,1751
477,1754
471,1773
466,1649
462,1622
455,1657
448,1565
443,1597
436,1584
428,1582
427,1567
427,1566
459,1626
444,1518
428,1456
417,1425
403,1436
456,1414
446,1373
437,1370
431,1349
482,1578
470,1339
451,1314
434,1287
426,1277
417,1260
409,1250
401,1259
430,1370
427,1384
424,1372
413,1364
423,1344
417,1383
412,1386
404,1365
396,1349
392,1363
388,1333
388,1323
387,1534
385,1297
380,1257
371,1287
360,1283
354,1282
345,1279
342,1270
335,1237
331,1419
330,1407
323,1401
319,1380
315,1387
309,1425
309,1362
309,1372
307,1411
299,1362
284,1338
276,1522
265,1336
259,1337
255,1353
247,1340
243,1330
562,1609
549,1839
528,1785
515,1788
501,1789
491,1742
485,1729
474,1775
518,1660
513,1856
511,1993
499,1926
543,2106
535,2095
530,2074
525,2042
517,1951
511,1955
506,1925
506,1933
505,1933
502,1914
513,1923
527,1894
513,1886
501,1856
492,1813
485,1812
479,1752
475,1740
474,1684
463,1678
459,1654
451,1581
442,1530
440,1482
483,1658
481,1650
470,1652
447,1411
433,1402
423,1549
471,1368
460,1369
448,1385
445,1346
492,1389
477,1372
460,1321
451,1335
436,1336
427,1294
419,1311
413,1274
438,1270
435,1274
432,1274
422,1429
430,1458
424,1421
419,1424
413,1472
407,1411
399,1381
395,1382
395,1368
394,1387
392,1403
387,1382
378,1388
364,1402
357,1384
349,1378
346,1350
340,1348
336,1355
335,1334
328,1310
324,1525
320,1481
314,1449
314,1477
314,1463
312,1454
307,1430
293,1321
281,1296
276,1306
264,1197
258,1194
251,1180
247,1381
562,1554
541,1560
528,1779
511,1729
501,1584
488,1577
481,1631
521,1445
518,1458
514,1470
509,1554
501,1660
541,1791
536,2498
529,2272
524,2285
516,2936
510,2241
508,2173
508,2325
506,1847
500,1615
509,1671
518,1566
511,1508
497,1618
488,1517
479,1946
478,1495
474,1465
466,1975
460,1419
452,1447
444,1942
441,1371
441,1370
483,1962
479,1381
464,1336
448,1427
431,1313
423,1309
471,1426
449,1306
440,1314
498,1305
483,1421
461,1781
450,2063
435,1986
427,1927
420,1947
412,1897
438,1865
434,1886
431,1864
420,1847
413,1831
424,1808
419,1798
411,1816
404,1780
398,1771
396,1726
396,1737
394,1706
391,1729
386,1713
376,1699
363,1668
353,1651
350,1662
344,1670
339,1619
337,1632
333,1650
328,1602
323,1608
318,1582
316,1527
316,1539
315,1533
312,1536
304,1531
299,1528
291,1515
280,1515
274,1488
262,1440
250,1400
244,1397
237,1370
533,1505
518,1741
506,1552
494,1540
487,1646
476,1561
470,1656
516,1564
514,1488
502,1677
491,1939
538,2241
533,2202
524,2192
518,2124
514,2082
509,2072
509,2038
507,2075
503,2049
498,1993
484,2058
515,1929
502,1914
492,1907
486,1843
480,6487
476,3779
468,2286
460,1414
457,1366
450,1333
442,1289
442,1365
442,6168
440,4418
469,2093
459,1475
455,1372
440,1337
426,5428
473,3099
454,1762
434,1116
423,1142
469,1111
462,1130
442,1183
434,1137
421,1397
416,1381
408,1335
407,1319
434,1324
428,1324
418,1234
410,1245
420,1235
415,1245
410,1222
401,1200
397,1197
397,1205
397,1205
394,1197
390,1208
380,1201
368,1193
359,1184
352,1181
348,1173
342,1170
338,1175
337,1327
330,1331
326,1319
323,1294
317,1297
317,1282
317,1272
315,1257
310,1254
301,1223
297,2951
292,2881
287,1423
276,1131
266,1116
254,1028
241,1026
230,971
225,1096
515,1308
501,1601
489,1543
480,1411
471,1357
469,1314
465,1399
511,1273
499,6121
486,3839
483,2249
528,1449
524,6538
515,2754
510,1830
510,1259
510,1346
506,1363
501,1284
489,1465
474,1532
479,1539
498,1768
488,1648
481,1649
477,1618
474,5411
464,3843
457,1923
451,1226
444,1090
443,4952
443,3794
441,1967
434,1125
420,976
458,953
450,1063
446,1170
426,4502
406,5083
452,2566
426,1096
406,3037
406,2369
449,1060
435,776
422,784
417,3229
409,3794
408,1220
403,872
397,898
417,872
411,887
405,986
400,1087
411,1091
402,1092
398,2843
398,3202
397,1241
395,835
390,839
378,824
367,836
357,836
352,1033
348,1208
341,1340
339,1178
337,1179
329,1184
325,1131
319,1146
318,1105
318,1106
317,1106
313,2530
306,2531
299,1251
294,825
292,816
288,812
277,812
262,1125
253,1579
232,1065
227,2528
220,2205
214,2180
210,2595
481,1711
473,1846
470,1382
466,1425
461,1426
453,1477
441,1459
486,1557
482,8017
474,3119
468,2452
512,1588
509,7800
509,2787
509,2018
507,7874
501,2850
489,1816
475,1388
464,1671
454,1643
465,1660
482,1582
479,1722
477,1924
467,1928
462,1880
454,2062
446,2049
444,2015
444,2028
444,2044
442,2037
428,2009
420,1976
459,6484
448,3192
437,2022
418,1250
407,1372
389,1422
430,1285
420,1327
404,5654
454,2614
441,1601
431,1152
423,1490
418,1474
410,1487
409,1467
405,1483
432,5137
420,2386
414,1497
411,1067
403,4785
412,2560
407,1517
401,1168
399,4629
399,2458
398,1488
396,1330
391,1313
382,1301
371,1314
362,1286
356,4721
353,4092
345,2194
342,1235
340,4518
337,2258
331,1349
328,999
322,987
320,933
320,1108
320,1239
318,1228
308,1345
298,1369
286,1394
281,4041
269,4110
263,1777
256,1323
252,1357
243,1294
238,3992
226,3958
524,1387
509,1684
499,1553
490,3630
482,1815
473,1625
522,1613
518,8454
513,3340
505,2759
490,1572
540,1933
536,1920
527,1824
523,7773
517,3432
512,2267
512,1566
511,7554
508,2593
503,1734
537,1411
519,7498
513,2805
500,1918
491,1353
487,1650
481,1700
478,1704
471,1596
464,1632
459,1748
452,1767
446,1710
444,1876
486,2040
476,2044
457,2091
442,1925
428,1952
477,1955
473,2047
468,1987
456,1983
517,2039
508,1946
494,1866
482,1980
465,6038
456,2901
442,1777
432,1206
454,1372
449,5803
442,2471
440,3528
455,1444
453,1417
441,5665
433,1944
427,1366
422,1128
416,1395
412,5574
404,2812
399,2061
399,959
399,3688
397,2374
394,1277
391,1079
381,1063
369,1046
362,3519
355,3408
354,1725
346,1114
343,1137
341,3270
338,3253
332,1320
328,1116
326,3213
317,3034
307,1265
301,1063
292,1039
281,1427
273,1355
270,1313
268,1281
262,1471
601,1545
596,2067
586,1815
569,1832
555,1744
533,1652
567,2157
556,9350
545,2073
536,8729
586,3165
581,2330
578,1670
580,1892
565,1880
553,9686
543,4550
539,2798
529,1651
523,7639
532,2961
556,1915
556,1407
554,2209
550,1474
545,1533
530,2250
517,1445
504,1359
495,2039
489,1367
483,6744
479,4051
471,1954
463,3413
506,1841
497,1369
483,1350
475,1424
461,1339
520,1916
495,1298
479,1275
483,1945
550,1259
540,6168
524,3762
514,1820
502,1285
487,1993
468,1249
460,6111
477,2591
467,1650
454,1129
449,1109
460,5209
459,2483
455,3125
449,1573
438,1053
429,1021
422,4371
417,4319
412,2373
404,1446
399,1014
399,1042
399,1056
396,4053
392,4034
382,2058
371,1167
362,1146
355,1130
352,1122
346,1112
342,1107
341,3568
334,3654
330,1836
326,1208
320,1173
320,1187
320,3384
313,3524
299,1381
288,3229
274,3816
268,2146
266,1101
261,946
598,1642
583,2230
562,1721
545,4118
530,2324
515,1892
556,6928
543,3538
536,2453
525,1728
581,7405
577,3709
571,2529
565,3691
551,2202
543,1712
536,1694
528,1676
520,6792
514,4038
529,2533
556,1783
554,1638
549,6921
542,3372
530,2253
516,1508
501,1494
494,6026
489,3693
482,2060
479,1486
471,1504
463,1469
459,1402
497,1417
487,1445
487,1644
483,1647
473,1621
514,1439
500,1433
482,1440
480,1412
544,1425
532,1408
515,1412
505,1383
487,1327
471,1261
461,1239
446,1209
468,1316
457,1265
449,1231
442,1214
459,1183
455,3224
451,3213
441,1589
431,906
427,2957
419,2121
412,1123
405,731
400,2477
399,2510
399,1030
397,2466
394,1497
389,2413
379,1151
367,1383
358,1050
355,1027
350,2039
344,1975
342,802
340,803
332,1959
328,1936
324,986
320,1917
320,1395
316,988
304,1928
291,1899
277,958
271,742
267,756
263,768
257,787
592,1372
578,1497
559,1544
537,1482
526,1551
564,1461
550,1453
541,1515
533,6248
524,5180
580,2466
576,1710
566,1403
558,1302
546,5094
539,3768
532,2221
528,1433
517,3782
512,2807
529,1900
556,5452
552,2736
547,1809
533,3646
518,2244
506,1629
498,1642
490,1568
483,1581
479,5244
476,3510
466,2034
462,1349
499,1358
490,5088
485,3420
475,2070
459,3382
449,2058
492,4916
476,2474
475,1432
546,4713
527,2326
516,1320
509,1027
494,987
482,1004
462,1049
448,1118
469,1360
459,3828
451,3847
442,1549
440,1137
456,1107
453,3642
441,2764
433,1444
427,1050
422,1041
414,3406
407,3274
403,1320
399,2247
399,1645
398,1341
396,1340
391,1332
382,1319
369,1234
362,3008
354,2947
352,1487
346,2791
342,1434
341,1906
334,2765
330,1398
327,2707
321,1829
316,1089
306,2675
299,2709
286,2650
275,1344
271,2577
268,2515
266,1290
257,835
254,2426
588,1539
572,1696
555,1766
536,1644
524,1553
560,6852
548,3516
541,2056
531,6688
583,2966
580,1753
576,1551
566,6268
561,3152
546,2073
539,1413
532,1441
528,5987
519,3466
513,2054
556,5775
556,2656
554,3020
548,2037
540,1525
521,1468
514,1468
500,5632
492,3750
486,2231
482,1431
479,1440
471,1427
463,1422
503,5273
488,4535
467,2188
459,2730
450,5329
499,2646
483,1563
479,5229
474,2640
540,2697
529,1758
522,5040
515,2566
508,1508
494,1137
480,1098
462,1057
479,4033
469,3997
460,2036
453,1192
466,909
460,3883
456,2556
454,1405
444,1144
433,1121
428,3309
422,3342
416,1416
412,2435
403,1857
399,1473
399,1465
399,1473
396,1437
392,1452
384,3458
371,3398
367,1514
357,993
354,972
346,974
343,3250
341,3402
338,1482
332,1117
322,1125
308,3208
301,3230
290,2126
282,2140
279,1599
273,1557
266,1563
261,1555
258,2999
256,3004
600,1699
591,2430
578,2087
560,3647
538,2188
579,8904
563,3609
551,2404
539,1785
594,1904
584,7780
581,4208
585,2999
577,1824
561,1597
549,1922
541,8371
536,3793
528,2417
537,1760
558,1702
556,6816
556,4293
554,2574
549,1770
542,1656
530,6743
516,3704
502,2225
494,1615
489,1451
482,5891
479,3949
469,2406
499,1532
480,5645
465,2870
443,1806
432,5858
493,2723
490,1982
475,5415
465,2572
530,1550
527,1391
525,1394
522,1324
516,4946
509,4132
494,1864
482,2307
493,1519
482,1477
468,1455
460,1461
474,1474
466,1408
460,1473
458,1265
455,1255
445,1339
436,1193
428,1169
422,1105
416,1079
412,1202
404,1161
399,2874
399,2888
399,1498
397,1463
392,1200
384,2923
373,1615
368,989
358,2456
354,1546
346,816
342,2399
332,1986
323,998
308,989
293,971
283,2293
281,2324
281,1527
272,2244
264,1544
259,1135
258,2178
258,2218
258,1517
601,1507
596,1864
585,1693
564,4534
543,2340
581,1728
564,8225
552,3542
540,2311
595,1616
584,1860
581,1801
585,1930
573,1815
561,1786
546,1743
539,7525
532,3685
528,2690
534,1642
556,2021
556,7174
555,3210
552,2102
546,3119
533,1991
517,1680
505,6851
496,3246
489,1949
482,3779
469,2485
446,1670
479,6691
461,3113
442,1868
431,3579
430,3644
421,2181
463,1521
457,4796
450,2855
457,3049
526,2983
523,1563
517,4408
509,2226
496,1344
480,1131
462,1136
477,4132
468,2815
458,1613
451,1034
442,3783
459,2499
455,1358
453,957
441,938
432,941
427,1035
419,1033
412,1138
405,1251
400,1238
399,1403
399,1390
397,1385
393,1390
386,1354
374,1230
367,1161
357,1198
354,1146
349,1070
344,1029
339,2491
327,2386
315,1168
302,1540
292,1518
282,2215
282,2208
281,1444
272,884
262,854
260,841
258,819
258,860
257,849
256,1001
253,1036
585,1416
569,1590
548,1510
530,3472
564,2012
554,1613
543,1614
536,1640
525,1582
581,1547
577,1553
573,1655
565,1805
551,1797
543,6150
536,3793
528,2337
520,1581
514,1431
556,5871
556,3058
554,1991
549,2920
540,2026
524,5852
514,2925
500,1758
492,3672
486,2259
482,1605
478,1608
468,5471
453,3152
479,1774
462,1339
449,1323
437,1307
430,1335
427,1418
481,1518
466,4629
458,3707
527,1872
523,4427
517,1977
511,1318
497,4242
482,2823
464,2791
452,1423
469,1097
460,3931
453,2637
442,1441
440,1121
455,1103
453,1089
441,1071
432,1103
427,1104
422,1299
412,1316
405,1270
400,1239
399,1253
399,1256
397,1245
394,1232
386,1167
378,1149
367,1095
357,2866
353,2973
349,1440
344,952
341,974
338,2694
332,2589
327,1321
321,2374
315,1634
307,999
299,2375
289,2405
276,1229
271,958
268,2452
266,2354
258,1185
254,2358
250,2232
243,1153
554,1402
532,1601
515,1556
505,3053
545,2024
536,2009
525,1946
522,6614
577,3903
571,2319
557,1525
545,1493
541,1527
535,6256
528,4478
519,2486
512,1562
512,1483
512,6028
552,3857
547,2323
533,1501
518,1765
506,1701
495,1522
488,1344
482,5714
479,3972
471,2267
463,1420
459,5489
452,3026
444,1895
487,1401
487,1424
484,1416
464,5396
448,3451
497,2043
488,1327
469,3324
461,3259
515,3324
501,3092
487,5975
465,2097
456,2625
441,5413
431,2345
423,1430
448,5249
441,2047
438,3151
435,3156
443,1593
433,1303
427,4721
422,2471
416,2890
407,1236
403,2531
399,1890
399,1262
398,1265
396,1221
391,1178
382,1150
369,981
362,969
354,3103
351,2821
345,2001
341,976
340,3048
334,1978
330,1170
326,973
320,954
320,3048
320,3048
318,1988
313,980
303,3039
294,1951
282,1132
278,1356
266,2941
256,2790
252,1344
243,1094
230,1086
226,2780
515,1254
505,1677
492,1597
482,1450
525,1344
522,6476
518,4011
513,2335
557,1659
545,1429
538,1430
535,1486
528,1414
519,6015
513,4096
512,2399
512,1520
510,1349
520,5888
537,3666
518,2209
512,1485
499,1324
491,1328
482,5660
479,3753
477,2140
466,1375
462,5334
454,2649
446,1580
444,5239
444,2622
485,2656
481,1760
465,1548
448,5185
430,2749
487,2966
463,3307
451,1604
449,1246
498,4569
482,2985
462,1783
446,1250
438,4888
428,2547
420,2410
411,4875
440,2332
436,1369
434,1235
423,1258
432,1214
427,1202
422,1238
414,4712
407,4548
401,2058
399,1253
399,1107
397,1152
394,1119
389,1102
379,988
368,1187
358,1183
354,1212
349,1302
343,1477
341,1530
340,1458
332,1458
328,1665
326,1456
320,1450
320,3611
320,3550
318,1450
308,3538
297,1849
286,3479
280,1760
267,1154
260,1148
254,3322
250,3240
241,1651
228,3121
224,1952
219,1847
502,1392
490,1536
482,1552
473,1570
522,1490
518,3726
513,4583
501,4452
543,2192
538,7476
533,2922
528,3775
519,2056
513,6989
512,2895
512,1765
510,1433
504,1519
513,1537
521,1491
513,1471
500,1583
491,1566
482,6300
481,3665
477,2218
469,1444
463,1669
456,6825
447,4677
444,2052
444,1530
486,1562
475,1617
450,1520
438,1501
425,6637
413,3172
466,2526
455,2587
444,1794
500,4052
485,3040
466,1685
458,5986
444,2054
434,2608
423,1426
418,4504
441,2421
440,2263
436,3764
430,3715
420,3585
429,1814
422,3575
417,1659
412,3506
404,1773
399,1205
399,1208
399,3524
397,3408
392,2280
384,1186
372,3198
367,2158
357,1114
353,1089
345,1074
342,1075
340,1073
338,3017
332,3044
327,1742
321,1006
320,2845
320,2825
316,1448
303,986
290,1131
277,3266
271,3236
267,1587
263,1273
256,3025
251,2997
245,1521
238,2894
228,1730
224,2914
216,1439
499,1351
490,1424
482,1508
524,1413
521,1443
517,3301
509,3892
498,2039
542,8305
536,2489
529,4189
528,5011
517,2793
512,1982
512,7652
512,2885
508,1983
502,1416
533,7647
518,2570
506,1749
496,1326
489,1620
482,5262
478,1204
474,1565
465,4981
459,4597
452,2053
445,1309
440,1168
432,4662
459,2942
447,1430
426,2548
417,1870
414,1227
469,3708
452,2493
441,1221
435,2469
488,1832
472,2391
461,1411
446,1152
437,3421
426,2213
418,1123
411,3251
440,1991
436,2138
432,3219
420,1575
431,2100
425,2137
419,1300
412,3076
404,2141
399,2129
399,2020
399,1211
397,3099
392,1530
384,999
372,2679
367,1867
357,1771
353,1111
345,1036
342,1030
340,1053
337,1000
332,938
327,973
321,936
317,920
307,947
300,924
289,2505
275,2241
273,1133
270,914
266,940
257,910
255,897
251,938
245,1013
240,998
228,1036
224,2064
218,2101
213,2095
488,1247
482,1576
473,1328
522,1387
518,1379
511,3569
501,1822
543,1418
538,6332
533,3116
528,2065
519,4025
513,2055
512,1526
512,1560
510,1519
504,1523
513,1538
521,1482
514,5649
500,3981
491,2109
485,2689
481,1557
478,1358
470,1324
463,4960
449,3723
434,2008
417,1218
410,4612
396,2922
429,2680
420,1463
417,1289
406,4309
398,2875
448,1447
445,2864
441,2100
442,4191
488,2135
472,1225
462,4130
446,2161
437,1541
425,4060
420,2083
411,2644
440,1307
436,3896
434,1928
423,2500
433,3717
427,1636
422,2454
414,2489
407,2512
401,1477
399,3566
399,1942
397,1234
396,3569
391,2357
382,2361
369,3395
362,1529
354,1192
351,1191
345,1177
341,1184
341,1328
330,1256
318,1443
308,1485
292,1397
283,1340
282,2906
279,2931
272,1484
261,1006
259,964
258,945
258,973
256,1013
255,1256
251,1269
245,1245
240,1226
226,1231
222,2644
216,2670
500,1364
488,1422
482,1381
524,1378
522,1404
518,3915
513,3267
557,1863
545,6411
538,3141
536,1804
528,1467
520,6204
514,3022
512,2026
512,1364
510,6093
523,2962
544,1874
530,1434
517,1540
504,5776
495,3788
488,2274
482,1454
470,1396
455,1604
437,1463
423,5803
406,4609
392,2086
390,4660
430,2026
415,1433
403,1415
395,1325
394,4345
450,3578
450,1844
448,1300
452,1285
511,4256
501,2880
483,3171
466,1462
459,2837
445,2137
435,1675
425,1402
449,4048
442,2628
440,1483
436,3728
453,1854
441,3603
433,1790
427,3486
422,1643
414,1059
407,1007
403,1019
399,990
399,1008
399,1206
396,1448
392,3376
384,3292
371,2171
367,1325
357,1132
353,3196
347,4486
336,1256
327,3062
320,1558
302,1028
293,2814
288,2876
281,1424
274,2780
265,1860
262,1119
261,1265
258,1427
258,2911
258,2853
258,1938
256,1482
255,1166
251,2704
243,2766
237,1368
536,1689
526,3410
564,1623
552,1636
541,1805
533,2349
525,1891
581,2040
577,1824
573,1855
565,2457
553,1598
543,1612
539,1737
529,1558
523,1561
517,2810
529,1427
556,1437
556,1612
552,1493
547,1994
537,1496
518,1497
512,1843
492,1278
470,1951
453,1784
444,1205
431,1169
417,1779
454,1148
446,1158
425,1241
402,1055
397,1023
397,1549
453,1367
453,1076
450,1051
527,1014
527,1005
526,1136
520,1155
515,1102
509,981
495,1527
481,1023
496,1273
488,1241
474,1164
466,1154
453,1124
469,1130
460,926
459,1002
456,1215
454,1188
441,1292
432,1135
427,1041
422,1442
414,829
407,789
403,766
399,752
399,845
399,791
397,745
392,815
382,1592
361,773
349,728
331,1260
318,703
312,669
305,663
301,1014
288,2301
275,802
270,682
266,805
261,708
261,678
261,638
261,625
261,627
258,599
254,927
254,957
254,1007
252,602
594,1717
582,1716
617,1820
602,2251
583,4876
571,2485
626,1634
611,1967
601,1782
592,6509
591,3114
588,2063
584,1461
571,2008
561,5257
546,2997
539,2452
578,1337
574,1357
564,2001
557,1389
556,5606
556,3620
545,1886
526,1314
511,4897
490,2340
465,3202
448,1629
438,3492
432,2551
462,1506
447,4775
429,2732
419,1362
414,3302
462,2484
456,3085
453,1553
453,1770
530,1229
528,1126
525,3404
525,3309
525,1973
524,2584
521,1300
515,993
542,3331
526,2474
513,1862
496,2810
514,2761
498,1782
489,857
474,781
470,668
461,679
460,692
456,1295
452,904
441,886
432,979
427,873
422,842
414,893
407,862
401,848
396,821
390,925
383,1322
372,671
355,867
341,900
330,848
323,852
307,657
295,766
287,537
284,537
282,510
278,572
272,517
267,514
265,489
261,606
257,518
257,486
257,521
257,508
254,651
254,566
604,1984
603,2689
653,2161
649,4621
636,2411
617,2452
679,1723
657,1820
641,1929
635,1680
619,1680
609,1788
600,1746
591,1699
588,1727
584,1680
597,1669
610,1683
597,1615
588,1591
578,1564
574,1578
556,1567
538,1521
529,1508
521,1504
505,1624
487,1604
475,1909
460,1573
447,1571
474,1547
455,1613
444,1551
443,1538
440,1549
485,1543
476,1486
467,1477
468,1474
531,1424
528,1420
528,1418
528,1365
525,1374
525,1348
525,1369
525,1547
558,1747
555,1510
547,1517
537,1635
549,1536
531,1491
518,1606
501,1456
492,1443
481,1490
475,1388
467,1792
461,1373
457,1299
455,1279
444,1400
433,1375
428,1327
422,1373
416,1945
412,1934
403,1909
395,1860
387,1840
381,1834
371,1816
352,1785
342,1757
329,1696
323,1720
308,1665
295,1478
287,1553
284,1531
281,1546
278,1561
272,1494
267,1520
263,1548
261,1450
261,1470
257,1469
257,1440
254,1414
604,1480
604,2082
661,1630
654,1709
652,1638
644,1851
708,1615
685,1985
666,2043
658,1893
641,1895
627,1930
610,1853
602,1810
592,1926
589,1844
617,1939
629,1947
613,1939
598,1911
590,1847
581,1917
574,1901
564,1808
558,1772
555,1753
547,1727
530,1726
518,1854
499,1860
532,1726
515,1749
502,1701
489,1710
467,1745
450,1679
500,1672
483,1642
476,1577
473,1594
534,1575
530,1545
530,1590
530,1524
530,1457
525,1509
525,1477
560,1473
559,1458
556,1454
549,1446
542,1486
553,1417
539,1407
521,1330
512,1302
497,1316
484,1292
475,1309
470,1411
461,1361
458,1375
455,1363
447,1344
438,1349
428,1333
422,1310
417,1332
412,1414
404,1337
400,1316
400,1302
400,1306
398,1304
391,1274
377,1246
358,1150
348,1202
326,1153
317,1180
310,1351
305,1503
296,1519
285,1549
275,1474
270,1467
266,1471
261,1396
261,1374
261,1399
261,1415
261,1316
608,1433
661,1625
661,1831
659,1566
653,1551
647,1529
718,1557
695,1495
678,1551
667,1609
649,1608
635,1612
619,1696
609,1654
600,1664
591,1785
647,1733
643,1748
624,2257
613,2143
598,2148
588,2192
578,2154
574,2177
565,2169
558,2069
557,2057
557,1678
555,1656
546,2254
594,1693
568,1655
547,1790
518,1632
496,1376
487,1563
545,2010
537,1997
508,1939
566,1952
549,1871
539,1898
533,1845
530,1830
530,1833
530,1838
530,1840
563,1839
561,1873
561,1835
559,1850
555,1944
577,1826
568,1802
552,1764
539,1755
521,1720
508,1714
496,1680
484,1688
475,1647
467,1621
461,1578
458,1584
455,1585
444,1587
433,1551
428,1534
422,1546
416,1561
413,1526
404,1472
400,1450
400,1455
400,1439
395,1445
385,1454
368,1444
352,1439
331,1416
319,1394
312,1592
307,1586
296,1594
286,1595
276,1577
272,1587
267,1545
262,1515
261,1502
261,1527
261,1520
611,1739
661,1901
661,1799
661,1881
659,2052
737,1949
732,1968
718,1912
696,1892
688,1950
666,1935
647,1923
631,1833
618,1790
609,1783
599,1816
650,1762
645,1725
639,1699
619,1722
604,1875
592,1805
588,1842
575,1797
569,6499
560,4209
557,2489
557,1612
545,1478
526,1498
576,1529
554,1469
523,1437
506,1448
493,1504
548,1934
516,1814
506,1715
494,1691
554,1699
548,1672
539,1676
531,1599
530,1619
530,1613
528,1614
525,1589
561,1584
561,1625
561,1775
556,1671
581,2131
573,1707
558,1579
542,2131
524,1526
515,1543
499,1586
490,1585
475,1591
470,2125
461,1584
460,1662
456,1675
449,1553
438,1622
429,1700
422,1538
417,1633
412,1729
405,1442
400,1337
400,1342
395,1375
384,1753
374,1323
354,1206
335,1173
328,1118
317,1260
311,1265
294,1201
286,1204
281,1218
278,1169
272,1137
267,1138
262,1076
261,1064
261,1084
261,1069
257,1087
604,1490
661,1698
661,1587
659,1583
654,1768
734,1718
723,1624
700,1667
692,1821
671,6642
653,3452
637,2316
623,1621
609,1550
602,1632
623,1525
647,1558
643,1649
625,1556
610,1694
596,1550
588,1544
577,1501
574,1595
562,1589
557,1539
557,1560
553,1552
541,1544
522,1555
565,1535
537,1488
511,1464
502,1456
487,1503
542,1690
526,1661
505,1866
490,1535
551,1325
541,1264
534,1233
530,1219
530,4677
530,3076
530,1912
525,1157
561,1059
561,1046
559,1042
555,1045
577,1057
568,1049
550,1115
539,1190
520,1893
506,1107
493,1108
483,1083
475,3552
467,2069
461,1278
457,943
454,910
441,882
433,890
427,862
422,854
414,942
408,934
402,887
400,1056
400,1016
398,1002
396,982
389,1000
370,927
354,774
336,713
322,706
313,1945
306,1967
303,1313
294,798
277,719
271,748
266,773
261,723
261,759
261,938
261,933
258,876
664,1407
665,1717
661,1536
655,1487
652,1819
727,1823
709,1657
685,1685
676,1953
658,1732
641,1783
627,6785
610,4045
602,2179
592,1701
621,1488
644,1788
626,1805
613,1474
598,1626
590,1434
578,1403
574,1388
564,1465
558,5776
557,3630
557,2169
553,1461
548,1547
601,1330
577,1360
559,1231
532,1261
515,1243
492,1333
545,1479
538,5167
522,3331
592,2072
566,1313
542,1138
532,1199
530,1126
530,1058
530,1071
527,1156
563,1380
563,4469
561,2916
555,1710
549,1078
568,1058
550,1327
538,1142
520,881
507,865
493,962
483,1013
475,3783
467,3670
461,1679
457,1064
455,953
441,885
433,867
427,879
422,867
414,973
407,1085
404,1034
400,1170
400,1124
399,1128
397,3223
392,3160
383,1584
368,863
355,866
340,832
332,876
314,894
304,913
303,697
296,773
283,686
271,920
263,687
261,626
261,639
261,2988
261,2850
258,2040
665,1607
665,1852
659,1791
653,1828
649,4155
718,2765
695,2088
678,1907
666,1902
647,1899
631,1870
618,1868
609,1830
599,1790
591,7189
645,4514
638,2537
619,1876
605,4820
593,2550
588,1849
575,1891
568,1896
562,1813
557,1810
557,6695
556,3786
553,2346
547,1648
586,1471
561,6530
539,3134
516,2091
493,1569
546,1593
541,1562
531,1549
506,1521
560,1462
542,1446
533,1435
530,1527
530,1529
530,1496
530,1501
527,1474
563,1436
561,1406
558,1389
555,1400
575,1383
565,1535
546,1372
529,1164
519,1274
501,1136
492,1207
480,1019
473,939
462,1467
460,930
456,938
454,1635
441,911
432,873
427,1588
419,3946
412,3203
405,1889
401,1034
400,903
400,970
398,893
395,894
390,987
375,892
354,878
340,862
326,855
313,871
306,925
303,889
297,1408
277,942
271,874
263,1487
261,1094
261,1029
261,1391
261,4889
258,4841
258,3308
665,1682
660,2188
654,1813
652,1765
725,1985
706,5314
684,2564
671,2265
656,6658
640,3762
623,2486
609,2166
602,2198
591,2199
620,2117
643,2187
625,7892
613,1718
597,1586
588,8586
578,3230
574,2114
561,1525
557,2181
557,1732
557,1480
553,2217
548,1550
525,7411
560,3835
536,2245
520,1506
495,2213
480,1527
541,1553
532,1728
507,1494
491,1482
544,1530
534,1471
530,1419
530,1595
530,1326
530,1889
527,1364
527,1236
561,1678
559,1172
555,1171
548,1636
567,1158
550,1116
536,1679
519,1103
501,1051
492,1280
481,1002
473,995
463,1066
460,991
456,4897
454,3158
441,1631
432,1105
427,1025
419,5945
412,2147
405,1212
401,878
400,1314
400,922
398,882
395,1371
389,920
375,870
354,1459
339,3587
326,4038
312,1976
306,4960
303,4432
293,2456
277,1584
271,1576
263,1530
261,4620
261,4686
261,2310
261,1515
258,1250
258,858
258,2462
659,1534
654,1791
651,1713
639,1607
698,1911
681,1714
660,1694
652,1991
635,1959
619,1969
609,8348
599,3668
591,2276
588,1688
613,1514
618,6304
605,3218
593,2164
588,1473
575,1486
568,1380
559,1705
557,1651
557,1842
555,1933
551,1955
545,7990
529,3564
569,2135
537,1492
518,1573
503,1510
485,1578
476,1493
528,1589
515,6875
494,3418
474,2147
533,2863
530,1921
530,1515
530,5824
527,2878
527,1836
527,1276
526,1431
556,1444
549,1399
542,1534
526,1507
538,1623
520,1732
506,4415
493,3126
483,1600
473,1173
463,1160
460,1129
456,1112
454,1134
441,1126
432,1095
427,3667
419,4849
412,2254
404,1463
400,1270
399,5034
400,2481
398,1623
393,3338
385,2531
373,3281
368,1915
357,1385
350,4982
333,2943
324,1571
315,4564
300,2546
294,3155
288,1880
280,1556
273,4740
264,3882
262,2787
261,4721
258,2201
258,4495
258,2366
258,4563
256,2148
651,1597
635,2145
616,1735
595,1645
654,3244
632,1872
621,4837
614,3026
606,5975
593,2792
589,1825
585,1653
579,1635
565,1644
575,1633
592,1603
583,1719
574,6530
565,4321
558,2540
556,1611
556,1350
555,1320
549,1320
541,6207
522,3997
515,3327
501,3596
547,3227
532,2013
523,1526
505,5751
487,3698
467,2302
510,3849
497,3741
492,3408
569,1862
549,1609
538,5557
528,2755
527,1746
527,1342
526,1355
523,1353
551,1383
544,1371
528,1379
511,5117
495,3198
510,1933
495,2336
483,1537
475,1291
469,1252
461,1224
458,4049
455,3961
445,1773
436,1182
428,1143
422,3651
417,3185
412,2413
404,1212
399,1003
399,1012
399,1035
398,1175
393,3408
385,3418
373,1701
368,1130
358,1146
354,3269
343,3205
335,1498
325,3101
314,2060
298,2097
290,1561
283,1490
281,1520
273,2897
264,2876
262,1463
258,1174
258,2815
258,2891
258,1448
256,1536
255,1360
648,1580
630,1638
607,1712
668,1550
651,1695
632,3907
619,4698
612,2440
603,1651
593,1549
589,1437
585,1437
577,1559
565,1884
602,1550
592,1513
584,1524
574,1441
565,1674
558,1701
556,1670
556,1661
555,1619
550,7056
543,3368
531,2369
517,1521
503,1312
542,6120
522,2788
505,1898
494,2840
471,1693
519,1550
512,1469
500,1475
478,5636
539,2857
533,1844
530,3197
527,1588
527,3196
527,2427
527,1571
525,1368
555,1390
546,1339
537,1323
518,4330
529,2795
518,1639
500,2756
492,1610
480,1187
473,1209
462,1158
460,1287
456,4263
454,2507
441,1633
432,988
427,4210
422,1956
414,2008
407,3298
401,1593
399,3213
399,1652
398,1064
396,1066
391,1042
380,872
370,881
357,893
342,876
333,2562
318,2589
306,1302
302,844
293,846
289,824
277,2438
264,2351
261,1522
261,957
261,944
261,914
258,757
258,777
258,1943
257,1946
252,1307
646,1401
633,1780
609,1503
670,4197
653,2062
632,7938
630,2738
614,1721
606,1485
593,1562
589,1491
585,1479
579,7532
591,3589
602,2540
592,1588
587,4536
575,2729
568,1806
559,1519
556,1500
557,1595
555,5781
551,3521
546,2130
531,1479
509,1374
483,6028
521,2931
504,1802
485,1329
476,5576
466,2552
517,1684
497,1277
471,5164
463,3048
530,1617
530,1211
530,4492
530,3258
527,1656
527,1184
527,1170
523,1180
555,1190
548,5020
539,3682
523,2272
536,2300
518,3000
502,1476
492,4733
481,2957
473,1482
467,1078
461,1043
457,1041
454,1034
441,1147
433,1123
427,3762
422,3793
414,1943
407,1084
403,3580
399,2245
400,1228
399,1061
397,1060
392,1050
380,1025
362,962
347,1183
332,3176
318,3174
308,1688
303,1148
302,1133
288,2773
276,2744
268,1915
262,1441
261,1375
261,1371
261,1402
261,1403
258,1357
258,1376
254,1342
254,1349
252,1281
651,1553
640,1744
622,1673
682,1616
661,1724
647,1754
640,1652
626,7284
609,3626
602,2428
591,4441
589,2379
585,1632
602,1649
613,1604
600,1552
590,1566
583,1563
574,1654
564,1867
558,1827
557,1748
557,1760
555,1739
550,1930
533,1937
509,1915
549,1873
523,1711
501,1670
487,1631
479,5175
472,4351
515,2090
489,1311
473,1123
469,1058
533,4322
530,3703
530,1722
530,1124
530,1025
527,4067
525,2654
560,1627
559,1108
555,3983
549,2046
540,1321
553,1066
538,1040
521,967
511,958
496,945
484,1224
475,1452
469,1415
461,1355
458,1346
455,1336
448,1304
438,1311
428,1281
422,1264
417,1280
412,1259
404,1187
400,1153
400,1153
400,1144
398,1164
391,1136
374,1147
355,1136
342,1089
321,1075
316,1105
308,1016
303,1006
295,998
282,971
273,933
268,911
263,871
261,872
261,1024
261,1007
261,1011
258,1011
254,905
254,927
254,1097
654,1413
652,1594
642,1588
706,1709
684,1619
661,6353
656,3280
640,2233
623,1562
609,1522
602,6600
591,3279
588,2234
643,1537
625,5880
613,3047
597,2095
588,1465
578,6249
574,3192
561,2047
557,1407
557,1439
557,5428
553,3755
542,2328
521,1540
555,5861
534,3001
512,1964
490,3868
480,2334
541,1708
527,1679
493,1647
481,1617
542,1572
534,1526
530,1530
530,1500
530,1496
530,1485
527,1470
527,1436
561,1423
559,1402
555,1396
548,1403
567,1395
550,1387
532,1316
518,1287
501,1256
492,1244
480,1388
473,1343
462,1341
460,1300
456,1293
454,1249
441,1267
432,1245
427,1235
419,1365
412,1447
405,1363
400,1335
400,1300
400,1306
398,1305
394,1295
387,1280
373,1259
359,1273
343,1212
334,1360
319,1368
307,1339
303,1364
299,1323
286,1244
272,1225
265,1215
261,1248
261,1327
261,1264
261,1029
258,947
258,1101
258,1232
258,1247
252,1291
649,1526
639,1791
698,1723
680,1739
660,1776
643,2155
635,6701
619,3814
609,2371
599,1663
591,7181
588,3553
583,2433
621,1672
605,1578
593,6989
588,3574
575,2356
568,1611
561,2133
556,1928
557,1511
555,1524
551,2667
546,1414
532,1385
518,1351
555,1397
532,1495
515,1550
499,1763
482,1677
529,1643
519,1573
512,1615
497,1615
543,1605
533,1602
530,1550
530,1527
527,1498
527,1513
527,1779
527,2312
559,2650
553,2610
546,2659
535,2607
543,2100
526,2066
516,2047
501,2013
490,2002
477,1931
471,1876
461,1820
460,1794
456,1771
451,1737
438,1715
429,1665
425,1694
419,1674
412,1602
404,1380
399,1369
399,1318
400,1308
398,1332
393,1315
385,1313
372,1272
366,1219
357,1167
351,1148
333,1135
326,1132
315,1124
301,1123
294,1110
288,1096
282,1173
273,1173
264,1202
262,1179
261,1196
258,641
258,2901
258,2886
258,1925
256,1133
253,1063
635,1462
616,2183
673,1590
654,1531
633,1488
630,1862
615,7319
606,2999
594,2041
589,1433
585,1685
579,1784
591,1658
602,1661
592,1718
587,1731
574,1773
565,1875
558,1856
556,1821
557,1475
555,1422
550,1408
543,1546
531,1557
516,1454
502,1477
549,1443
538,1461
523,1594
506,1560
489,1559
535,1555
512,1514
499,1466
500,1418
569,1404
546,1411
538,1365
528,1783
527,1768
527,1770
527,1784
523,1771
555,1774
546,1764
530,1765
514,1906
522,1232
514,1234
496,1157
486,1124
475,1098
470,1190
461,1087
458,1080
455,1080
447,1093
436,1056
428,1372
422,1466
416,1486
412,1451
403,1445
399,1462
399,1461
399,1420
397,1433
392,1452
383,1376
372,1394
363,1303
355,1342
352,939
346,1066
339,1235
330,1234
317,1231
305,1211
292,1743
282,1782
281,1717
281,1738
272,1794
264,1727
259,1669
258,1630
258,1603
257,1869
255,1651
252,1613
250,1627
612,1457
594,1939
651,1565
632,1633
619,1605
611,1615
603,1630
592,1956
589,1821
585,1897
575,1957
561,2042
571,2024
590,2032
581,2034
574,1989
563,2008
557,1974
556,1974
556,2137
555,2110
548,2157
538,2129
519,2090
509,2105
500,2033
547,2061
536,2054
532,2001
518,1993
494,1969
478,1978
530,1973
505,1960
493,1937
573,1927
569,1901
553,1904
536,1800
530,1769
527,1804
525,1692
520,1339
548,1495
538,1474
518,1454
502,1624
490,1608
500,1588
489,1562
474,1549
470,1519
461,1453
460,1474
455,1481
447,1392
436,1367
428,1350
422,1464
416,1460
412,1459
403,1437
399,1442
399,1425
398,1444
395,1445
392,1400
380,1479
370,1260
360,1204
355,1137
350,1083
344,1021
342,1170
338,1173
329,1142
319,1142
307,1147
300,1149
288,1296
280,1315
279,1292
273,1287
266,1181
261,1160
258,1172
256,1157
253,1376
250,2018
241,2053
229,2028
224,2036
566,1323
552,1838
604,1405
598,1361
586,1457
591,1451
586,1502
583,1500
570,1536
561,1423
547,1680
541,1561
583,1541
574,1595
565,1525
559,1531
556,1513
556,1452
555,1482
552,1538
548,1418
537,1397
519,1430
514,1367
501,1332
492,1355
542,1451
535,1416
532,1485
512,1434
491,1440
546,1401
527,1433
506,1875
493,1825
573,2127
568,2108
554,1898
535,1903
530,1728
527,1627
527,1580
525,1816
557,1072
550,973
542,948
525,908
538,894
521,1672
511,805
496,793
486,784
475,843
470,1059
461,1194
460,1254
456,2253
454,2188
441,2324
433,1210
427,914
422,907
416,892
412,869
403,883
399,1048
400,1184
400,1176
398,1165
395,1166
390,1125
380,1063
370,1004
363,974
352,977
343,979
330,961
319,902
307,918
300,898
293,1044
289,1053
279,1022
264,901
262,906
261,900
261,923
261,922
258,919
258,911
258,916
258,919
655,1398
735,1614
729,1601
717,1582
705,1549
689,1603
670,1565
656,1703
640,1544
627,1564
612,1663
639,1632
653,1794
650,1724
648,1736
643,1691
626,1704
614,1703
600,1691
592,1654
588,1622
576,1622
569,1589
562,1569
557,1551
557,1531
620,1537
609,1559
589,1541
576,1533
549,1541
597,1513
580,1488
569,1473
555,1442
598,1407
589,1389
576,1338
564,4882
554,3257
548,1960
538,1257
533,1000
566,1028
564,1095
564,1068
564,1147
589,1265
589,1516
589,1491
588,1503
585,1495
578,1491
570,1493
554,1500
539,1494
521,1482
508,1444
493,1430
484,1378
475,1356
467,1342
461,1332
457,1293
454,1508
442,1939
433,2203
428,2200
420,2208
413,2128
405,1695
401,1718
397,1556
387,1633
379,3959
366,2446
344,1093
332,896
322,882
313,889
301,959
290,1235
282,1430
280,1441
272,1406
270,1401
265,1398
261,1371
261,1499
261,1387
257,1362
254,1362
661,1574
745,2077
743,1782
738,1719
744,1761
733,1796
711,1772
692,1754
671,1718
656,1733
640,1624
663,1608
670,1589
662,1701
652,1705
649,1652
645,1643
630,1638
614,1718
601,1667
591,1618
584,1622
575,1616
566,1580
559,1722
619,1664
610,1691
594,1655
583,1653
563,1634
535,1639
593,1613
576,1622
560,1609
539,1573
592,1563
578,1527
571,1538
558,1529
551,1523
540,1441
534,5123
530,3361
566,2012
564,1305
564,1187
561,1137
589,1170
589,1234
589,1351
586,1368
582,1373
575,1350
564,1341
546,1325
530,1316
519,1326
501,1283
493,1244
483,1238
475,1327
469,1328
461,1318
458,1290
455,4228
450,3964
439,1760
432,1157
426,3918
420,2587
415,1282
408,974
401,920
387,904
383,936
373,1069
359,1230
350,1440
339,1393
330,1384
317,1339
304,1265
292,1199
287,1188
286,1200
284,1224
282,1219
279,1184
271,1241
267,1184
262,1166
258,1183
664,1667
748,1978
748,1711
748,1711
758,1687
755,1715
755,1702
755,2026
755,1818
753,2004
748,2128
790,1952
810,1975
799,2012
780,1956
764,1959
745,1925
733,1910
714,7611
704,3403
693,2319
675,1687
668,1684
661,1702
652,1814
734,2057
729,6012
717,3867
682,2273
666,1680
638,1533
699,5989
680,3019
664,2021
731,3579
713,1849
682,1418
654,1403
629,1373
622,1364
614,1367
608,1322
640,1268
631,5500
614,3634
598,2200
592,1386
612,1138
605,5239
594,2581
591,1709
591,1169
592,1185
592,1182
592,1177
592,1210
593,1152
590,5119
590,3850
590,1942
587,1398
582,1137
575,1168
560,1157
542,1065
524,3923
513,4147
497,1590
485,1085
476,1082
468,1095
461,1078
452,1066
441,3605
423,3594
400,1685
384,1051
371,1048
360,1036
344,1129
330,1133
321,3366
310,3531
305,1695
301,1159
297,3386
293,2233
289,1364
283,1346
275,1291
271,1292
266,1264
759,1662
748,1829
748,1926
748,1917
758,1855
758,1898
758,1863
758,2045
755,2128
755,2117
755,2283
826,2122
821,2099
816,2233
801,2043
777,2148
760,2220
736,9091
709,3917
697,2508
677,1978
668,1879
654,1845
650,1784
644,7656
702,3576
666,2683
644,1762
615,1832
589,1796
659,1824
634,1690
615,7166
599,3687
667,2592
634,1652
623,4791
611,2932
603,1623
593,6426
584,2923
579,1991
608,1382
593,1581
583,1331
567,1466
592,1405
592,1262
592,5879
593,3335
593,2159
593,1459
593,1416
590,6567
590,2790
590,1913
587,1397
582,1354
575,1418
564,1408
545,1253
530,1266
518,1184
501,1233
491,1354
478,1239
472,1249
462,4503
461,3304
457,1548
450,1110
430,1025
415,997
406,994
384,944
369,1108
357,1130
347,1216
339,1204
330,1197
318,1179
305,3308
300,2870
295,1286
293,3208
288,2107
286,1061
282,3012
272,1921
268,2771
264,1371
257,2528
748,1461
748,1846
748,1622
758,1638
758,1771
758,1984
755,1713
755,1919
755,1687
755,6262
793,3615
818,2323
810,1672
793,1533
767,6076
751,3214
730,2191
708,1500
696,1439
677,5632
668,3277
655,2082
650,1425
647,1452
632,6285
679,3451
655,2188
631,3303
606,1773
583,1369
649,5233
630,2739
610,1805
599,3863
658,3605
632,1801
617,1375
610,1351
603,5132
593,2721
584,1704
575,1296
602,4281
592,2729
582,1603
567,1239
592,1232
592,1248
592,1231
593,1223
593,1230
593,1207
593,1329
590,1313
590,1317
590,1326
587,1323
584,1321
576,4672
566,3685
548,1877
530,1214
519,1027
501,1058
493,1096
481,4031
474,3486
463,1593
461,2601
457,1557
452,3700
432,2220
417,1274
402,1062
381,1059
369,3484
356,3329
348,1364
338,3359
327,2232
318,1341
305,3146
300,3062
297,1991
293,1526
288,1479
286,1443
282,2859
273,2574
269,1731
260,1299
257,1274
748,1545
748,1720
748,1668
758,1764
758,1732
758,1750
755,1680
755,1756
755,1750
753,1708
793,1732
817,1756
805,1696
780,1843
764,1684
741,7298
720,3650
703,2456
684,1830
672,4686
661,2839
652,1809
649,1591
643,1580
691,6402
657,3413
639,2149
619,1622
588,6217
572,2807
632,1726
619,1422
606,1403
672,5158
651,3510
623,2096
613,1412
603,1283
594,1232
583,1147
581,1134
610,4735
595,3227
581,1885
565,1207
564,1057
592,1042
592,1069
592,1192
593,4488
593,3683
590,1782
590,1129
590,1039
590,4324
586,2355
582,1491
574,2906
559,1775
542,2851
524,1693
515,1200
499,1182
486,4010
476,3117
471,1533
462,1781
459,1468
456,3440
446,1856
434,2279
416,1353
404,1323
390,1335
366,1203
360,2947
348,2895
345,1176
336,2965
323,1884
313,1145
300,1065
295,1032
290,1041
287,1018
286,1184
283,2353
278,2387
269,1565
261,970
257,954
257,924
748,1480
748,1881
748,1578
758,1691
755,5008
755,2947
755,3906
753,2283
748,7427
742,3003
800,2179
776,4196
760,2285
737,7185
710,2875
696,1873
677,1553
667,1562
654,5878
650,3662
646,2257
634,1555
616,1511
600,6342
653,3126
627,2111
614,4139
588,2175
563,1598
637,1581
624,1554
614,5820
594,3073
647,2021
622,1286
602,1289
585,1336
584,1138
582,1305
576,5186
562,3986
584,2042
576,1332
568,1128
564,4623
592,2600
592,1522
592,1154
589,1099
590,1124
590,4085
588,2716
584,1640
577,1075
568,4025
546,2128
530,1375
518,1056
501,1061
490,1201
475,1124
470,4370
461,2611
458,1554
456,1043
445,992
434,4309
428,3681
423,1840
415,2850
403,1720
391,4284
384,2245
375,3993
360,1545
349,1134
338,3862
328,2663
314,2038
297,3520
289,1612
284,1082
282,3083
280,2096
272,1263
266,1236
262,1229
261,1226
257,1219
257,1232
257,1245
254,1196
745,1603
745,1884
748,1692
745,1701
733,1918
708,2129
690,1945
667,1716
647,1627
669,1562
676,1563
666,6139
653,3719
649,2398
645,3892
630,2125
613,5087
598,2699
589,6241
578,2890
574,1667
562,1515
557,1635
557,1365
617,1413
603,1584
581,1459
560,5705
537,1519
578,1236
558,5817
546,2893
545,1820
601,1369
569,1290
551,1298
539,1303
531,1296
530,5558
530,3263
530,1990
563,1319
563,5353
561,2407
559,1597
583,1199
576,1228
567,1220
546,5213
530,2641
517,1631
499,1101
490,998
475,4274
469,2827
461,1414
457,2277
454,1393
441,3407
432,1661
425,986
419,3334
412,1592
405,3207
400,2100
400,1115
399,3141
396,1602
391,962
380,923
368,904
358,880
351,2929
336,2290
327,1192
321,2831
302,1376
293,2814
288,1392
281,888
275,720
265,704
264,805
258,707
258,1101
258,1079
258,1103
256,1099
252,1082
249,1082
241,1109
226,1675
644,1228
628,1611
619,1280
609,1339
599,1285
591,1334
586,1443
581,1324
565,1349
577,1320
592,1430
587,1523
574,1536
565,6562
558,2898
556,2005
556,1338
555,1470
549,1351
541,5989
522,3050
514,1977
501,1377
492,1319
536,1269
533,1280
529,1300
506,1287
489,1344
541,1447
522,5045
502,2893
500,1734
570,1174
564,3281
546,2437
536,1436
530,4654
524,2049
520,1426
514,3046
533,3119
516,2886
497,1571
489,1343
496,1317
483,4321
474,2160
469,2556
461,1329
457,1129
454,1140
441,3846
433,2355
427,2393
422,1249
412,3886
405,1774
400,1755
399,2319
399,1208
397,1006
393,3712
387,2162
373,1219
368,3507
358,1773
354,973
346,3313
343,2283
341,1127
335,3496
332,2201
324,1129
311,1033
304,3264
295,3207
284,1329
279,1099
273,1084
270,1118
264,3049
258,3128
256,1633
253,885
250,2596
242,2456
230,2723
226,2677
219,1390
214,1107
209,1126
598,1266
585,1467
589,1446
585,4400
577,2041
565,1542
549,1528
541,1486
536,1463
547,1561
564,7123
558,3338
556,2164
556,1523
554,1574
548,6900
540,2916
522,2000
514,1383
501,1411
492,1428
483,6541
480,3618
531,2270
517,1463
511,6429
497,2552
478,3440
461,3024
523,3958
507,3429
490,2989
559,1557
553,5471
543,2263
531,3203
522,3085
517,1635
509,1142
494,1162
513,4971
494,2861
483,1701
469,1153
461,1036
474,4599
466,2288
460,1279
457,973
455,4009
444,2599
433,2604
427,1282
422,1128
416,1116
410,1224
403,1019
399,1008
399,1016
399,3383
396,2951
392,1371
382,814
372,747
363,712
357,2428
354,2338
346,1179
343,965
341,956
337,969
332,956
327,2283
316,2376
306,1160
301,782
290,772
280,2247
274,1960
272,1298
270,1667
260,1219
256,981
255,1971
251,2217
248,1214
241,1015
228,959
224,2431
219,2695
213,1689
209,902
595,1277
585,1361
589,1368
585,1279
577,1398
565,3136
551,3028
543,2356
536,1722
574,1371
565,5234
559,2801
556,1822
556,1465
554,5170
550,3484
545,1908
532,1454
518,1449
507,4983
496,3454
490,2083
483,3695
532,3500
527,3096
515,1860
505,4777
487,2623
534,2713
523,4709
509,2308
493,1473
567,4551
559,2415
544,1426
536,4409
530,2405
523,2458
520,1659
512,4212
533,2286
518,1362
498,1194
491,1169
501,1170
490,1149
477,1209
472,1368
469,1305
467,3809
463,3718
459,1931
445,1193
437,1150
430,1148
428,1144
418,1272
411,3449
407,3517
403,1815
403,2563
403,1983
400,2585
397,1935
389,1575
377,1469
372,1491
362,1532
358,3168
353,3205
348,1741
346,2738
342,1809
329,3206
318,2195
309,3234
293,1704
285,1325
284,2979
281,2984
273,2948
263,1573
263,1251
260,2767
259,2768
258,1955
255,2795
252,2784
245,1483
234,2773
228,2757
219,1847
622,1542
616,1885
607,1720
595,3495
590,5201
586,2537
581,6659
564,2799
577,4487
592,4111
588,2196
575,1649
568,1619
559,6027
556,4086
556,2531
554,1701
551,5901
546,3177
532,2036
518,5834
507,2910
496,1855
543,6118
536,3044
532,1952
520,5642
502,2820
550,1796
534,5562
512,2965
502,1781
574,5294
569,2776
556,1752
536,1315
535,4871
527,3250
526,1797
522,1355
550,4702
542,2997
525,1730
513,1344
520,1306
506,1245
492,4304
490,4250
482,2244
474,1283
468,3657
465,2454
462,2722
448,1621
441,1362
433,3451
428,2431
420,1570
416,1272
407,1231
403,3260
403,3296
404,1738
401,1218
397,1202
387,1202
376,1186
368,1298
361,1316
358,1315
350,1328
347,3055
343,3066
331,2153
319,2221
309,1670
293,1627
285,1593
284,2712
282,2722
274,2656
263,1305
261,1016
260,1003
260,978
258,1047
257,1360
253,1339
249,2236
242,2215
228,2120
224,2149
632,1498
627,1542
610,1603
603,1501
593,1632
590,6266
586,3023
574,1875
585,1576
598,5951
590,3479
582,4358
574,2236
564,1503
557,1472
556,5417
557,3513
555,1962
549,1506
541,1516
524,1519
515,1506
559,1500
549,1617
540,1627
535,5097
523,3824
502,2239
555,1439
536,1446
514,5005
501,3296
574,1727
572,3522
555,2330
538,3209
530,1861
527,1351
527,4016
558,2840
555,1739
548,1164
537,3980
519,2773
529,1473
517,1125
500,1079
500,3660
485,3535
480,1795
469,2444
467,2424
463,2391
459,3494
449,2201
440,2198
433,2199
428,2887
416,1478
409,928
405,2724
403,1990
404,1060
402,871
400,884
395,868
384,783
374,659
364,1862
359,2028
355,1399
350,810
343,818
331,818
317,1789
306,1803
294,1804
284,935
283,926
283,931
274,931
266,909
261,1760
260,1693
260,1702
260,856
258,692
255,694
252,1698
245,1774
236,1738
226,1133
639,1500
632,1813
619,1621
610,1600
600,1630
592,6627
589,3357
584,2072
620,1694
605,1686
595,1650
588,1649
577,6774
573,4201
561,2630
556,1729
557,1520
557,6407
553,2168
548,8459
534,2874
519,1978
568,5294
558,2997
547,5390
534,2615
523,2007
504,1972
553,6668
539,2967
510,2032
578,4371
573,3992
570,2367
555,1788
538,6821
528,2529
527,1826
527,4187
561,3443
558,2139
554,3459
545,1588
529,5657
591,2291
571,2650
558,3726
549,2253
537,1128
523,1127
518,5522
508,3956
507,2054
502,1502
496,1355
484,1347
475,1347
468,1437
458,1570
453,1732
445,5873
440,3826
440,2251
440,1228
438,1325
434,1281
426,5371
413,2831
405,2106
394,1541
388,1522
383,5310
372,3632
390,2067
379,3391
358,2032
343,2961
340,2111
332,3257
325,1666
311,2187
310,2186
302,1595
302,3146
302,3186
302,1292
301,1097
299,1202
296,1104
293,1098
279,3133
270,3092
673,1888
659,2148
648,1925
629,1988
622,1856
609,1773
604,5511
600,2798
650,2110
629,7748
616,3810
604,2585
596,4069
586,2277
577,7334
570,3362
568,2089
568,1653
566,1696
561,1717
554,1691
542,1673
590,1792
573,6920
561,4125
546,2484
525,3950
586,3567
567,4368
538,2246
528,1660
594,6502
581,2873
567,1839
548,5997
539,2976
533,3479
533,1644
533,1464
569,1495
566,1457
561,1327
554,1422
622,1345
602,1251
584,4768
579,3017
560,1768
550,1189
532,1169
526,4603
514,2465
511,2688
514,2675
507,1301
492,1165
481,990
473,981
465,3639
457,3567
449,1671
443,2276
442,1340
442,3294
440,1621
437,1149
431,1135
421,3209
409,2388
398,1845
391,1072
383,3017
366,2259
387,2994
369,1947
351,2065
346,2917
340,1470
331,2836
317,1406
311,2724
306,1360
303,2619
303,1775
303,1058
303,1041
302,1039
300,1041
297,2483
290,2359
280,1175
271,957
684,1621
660,2121
649,1823
630,4820
623,2524
610,1811
605,1816
633,1980
651,7866
630,3877
617,2767
606,1748
597,1956
586,2004
577,2026
571,1862
568,1919
568,1623
566,1628
561,1593
552,1677
542,1704
589,5888
570,3724
552,2214
531,1523
517,3970
578,3117
550,1722
528,1519
525,1472
587,5666
568,3470
548,2103
539,1394
536,1175
533,1177
533,5226
533,3421
568,2075
564,1338
561,5278
549,2533
613,1606
597,3313
577,1783
572,1301
555,1434
542,1061
529,4034
523,2913
512,1540
509,1009
512,1035
497,974
486,3571
476,3023
468,1391
460,1013
457,3453
446,2254
442,2102
442,1135
441,1133
439,1602
434,1598
424,4675
410,2688
401,1205
392,3224
384,1910
371,1060
360,3119
375,1798
357,1061
346,3106
340,2024
331,1017
324,1005
311,975
307,944
303,958
303,956
303,2489
303,2566
301,1211
300,826
297,1038
287,2324
280,2324
268,1567
262,1178
659,1661
646,2024
626,1809
619,1866
607,1872
604,7469
600,3850
611,2671
623,4561
611,2452
601,1827
590,1794
585,1801
574,1772
567,1742
568,6328
567,4239
564,2564
558,1798
545,1874
529,6252
578,3753
563,4194
549,2261
533,1548
515,5680
501,3599
543,2251
523,4851
513,2816
581,4768
568,2722
548,1550
539,6094
533,2792
533,1777
533,3592
533,2311
586,5727
582,2493
574,4610
558,2111
540,3622
598,2192
586,1572
566,4546
562,2750
549,1599
543,1248
532,1246
529,1234
525,1221
511,4291
503,4129
514,1985
508,1297
498,1220
491,1096
486,1095
481,3870
481,3789
480,1657
478,3756
472,1834
459,3671
447,1840
435,1054
429,1056
421,1026
405,957
392,3074
383,2954
363,2829
375,2162
367,1026
362,2629
355,1901
342,1149
337,964
333,2030
333,2000
333,1042
333,1965
331,1367
330,846
327,1955
319,1961
308,1496
298,1493
292,1126
282,1102
277,1906
644,1520
637,2015
624,1657
619,1851
615,3643
610,2139
592,1674
631,6476
620,4056
614,2338
602,3783
594,2201
585,1605
581,6898
581,3412
580,2153
576,1500
570,6805
556,3149
541,2072
527,1441
572,6364
551,2939
529,1894
519,1354
499,1421
541,1342
531,6096
522,4456
502,2137
558,3477
554,1877
546,4746
546,2834
543,1409
543,1070
543,1082
541,1083
594,1079
585,4596
576,3881
559,1798
621,1178
600,1014
582,959
570,955
565,947
558,921
548,1016
541,3519
537,4093
533,1568
517,1134
532,1131
523,1119
517,3429
507,4059
500,1499
495,1103
490,3326
490,2915
490,1226
488,2472
483,1879
471,1258
457,1278
445,1269
427,3188
411,4136
397,1399
382,2386
371,1750
388,3038
381,1614
374,3053
355,1614
347,2243
342,2869
342,1567
342,1254
339,2798
339,2800
339,2078
339,1382
337,1116
330,726
327,656
318,645
311,713
299,713
287,612
281,2486
652,1695
641,1983
630,1866
624,4335
621,2495
616,7327
623,3263
637,2149
625,1881
620,7247
607,4162
599,2708
593,4073
586,4948
586,2687
586,1837
583,1827
577,1852
564,6856
546,4254
530,2748
561,1760
542,1596
524,1583
505,6224
491,4188
544,2535
531,1660
513,5866
494,3125
552,3232
549,1826
549,1612
549,1606
546,1604
546,1611
546,1595
545,1602
596,5438
589,4228
582,2380
565,1555
629,1736
607,1845
594,1535
587,1685
574,1724
561,1605
555,1648
542,1574
539,1498
536,1488
530,1594
538,2039
528,1260
521,1227
513,4160
507,4052
499,2207
493,1274
493,3861
493,2706
491,2754
487,2887
479,1741
467,3982
446,1974
420,1863
408,3628
392,1861
378,3402
375,1732
395,3023
381,2287
363,3190
355,1519
343,2967
342,2058
342,1252
342,2996
342,2055
339,1292
339,3086
336,2033
335,1076
334,785
331,2507
328,2555
319,2594
311,1320
300,841
288,2491
669,1626
656,1890
645,1802
636,1705
627,5218
622,2798
647,1957
651,1898
638,1847
626,3051
621,5724
608,2893
598,2335
589,2183
586,2071
586,2126
584,2234
580,2007
575,2014
550,2017
585,2026
562,1985
541,1908
516,8261
500,3672
496,2376
550,1644
526,4060
501,2412
491,1678
549,1613
548,1610
548,5259
548,3065
548,3524
546,1738
546,3481
544,2077
598,3366
593,1905
586,3059
577,1831
635,1300
615,3928
600,2008
592,1308
582,2607
564,1574
558,1144
544,3316
541,2209
537,2258
535,1267
542,1068
531,3668
523,2146
515,2412
507,2377
500,3450
494,1417
493,3417
493,1757
491,1023
488,889
482,873
462,851
441,870
420,1055
404,1203
388,1168
377,1312
375,1335
395,1281
380,1262
360,1202
351,2960
343,2930
342,1509
342,2946
342,1514
339,2004
339,1477
339,2853
336,1963
334,2890
333,1430
330,908
326,930
315,2538
305,2543
298,1211
287,977
667,1682
647,1967
639,1697
630,1678
625,1940
621,1804
640,1827
647,1666
636,1662
624,1675
616,1638
606,1786
595,1911
588,1888
586,1853
586,1854
584,1827
579,1814
570,1828
550,6201
580,4070
556,2534
534,1657
514,1539
499,1385
494,5472
545,4300
522,2381
496,3019
562,2031
549,1641
548,1600
548,4776
548,3348
546,2016
546,3489
546,2139
601,4572
597,2115
593,1443
586,4488
575,2905
634,1653
615,4251
600,1914
592,4194
582,2225
564,3066
558,2931
544,2646
541,1369
537,3437
557,2053
542,2629
531,2582
523,1305
515,2553
507,3346
500,1465
494,1017
493,1017
493,1008
491,1020
488,1019
480,3089
459,3130
436,1604
415,1131
397,1111
385,1125
379,1115
401,2983
389,2953
368,1553
360,1082
350,2857
344,2930
342,1521
342,1242
342,2860
342,2793
339,1466
336,2039
336,1992
335,1526
334,1520
331,1490
328,1547
319,1502
311,1488
300,2662
288,2623
668,1712
653,2057
642,1963
631,2332
625,1857
622,1952
673,1959
651,2273
638,2235
626,2306
621,2220
608,2247
598,2334
589,2253
586,2148
586,2350
584,2111
580,2124
565,2172
535,8118
574,3955
551,2946
526,1729
510,1993
498,7592
557,3291
536,2185
506,3745
492,2610
559,2238
551,6782
548,2813
548,4489
548,1995
548,1672
546,6553
544,2627
601,1766
598,4825
595,2963
587,1896
658,6559
636,2568
615,1712
611,1257
592,1598
582,6121
566,3089
558,2076
544,1320
541,5999
544,2366
557,1206
542,6460
531,3205
523,1964
515,1450
507,1375
500,1377
494,1357
493,1419
493,5607
491,3842
482,2466
467,1348
446,1334
427,1300
402,1225
389,1317
383,4919
376,4404
394,2531
375,1711
360,1629
355,1602
350,1594
343,1539
342,1557
342,1571
342,4973
339,3699
336,1806
336,3008
336,2262
334,3048
333,3011
330,4640
326,2260
315,1442
305,1502
298,4541
287,2927
666,1739
647,2302
639,2049
628,1932
625,1894
653,1875
666,1862
646,8906
633,3796
624,3135
615,1857
606,6427
594,3639
587,2445
586,9090
586,2903
580,5440
563,2552
540,5798
513,5535
554,4899
528,2601
513,7574
498,3247
486,4117
529,4932
507,4410
495,2705
492,1982
553,7204
548,2879
548,1930
548,5255
548,2576
544,7515
544,2461
544,3561
599,2103
596,4806
589,2908
582,4469
644,2449
628,1654
607,1599
602,1621
586,1556
571,1541
561,5718
553,2934
542,1776
539,1155
542,5187
547,2042
536,1354
526,1043
518,5303
510,2216
507,1344
497,944
493,1160
493,4204
493,2796
482,1690
467,1246
446,1171
424,1042
403,1043
390,1148
383,1146
376,3858
366,3656
378,1798
363,1019
358,1016
352,1006
345,1102
342,1234
342,1263
342,1429
342,3610
336,3570
336,1490
336,3626
336,2264
334,2330
332,3610
328,1739
320,3476
312,1678
300,2273
295,2303
282,1684
658,1578
645,2874
636,1774
627,1845
624,3971
650,2450
654,5177
639,2996
631,5082
621,2502
610,4807
605,2580
592,6359
586,2981
586,3563
583,4473
567,4003
548,2121
531,1773
561,1730
539,1700
525,5655
511,3820
489,2160
469,1499
525,1472
505,1397
495,4825
494,4780
555,2269
548,1506
548,1335
548,1315
548,1309
544,4495
544,3928
600,2027
601,1299
597,1267
593,1247
586,1265
656,1223
635,1223
615,3943
611,3400
592,1688
582,1089
566,3771
558,2513
545,2658
541,1347
544,1181
558,3465
542,2368
533,1242
524,2537
518,1849
510,2385
502,1392
498,989
493,2823
490,2313
482,1227
467,2854
455,1920
432,2019
410,1130
400,2473
391,1766
379,1086
360,1086
380,2382
373,2364
367,1802
359,1065
353,2319
348,2311
343,1210
342,2215
342,1548
339,1007
339,979
336,978
336,993
336,2195
336,2253
334,1591
332,2246
328,1702
320,1053
312,1043
300,2225
692,1673
673,1883
658,1850
645,1738
637,1781
686,1808
683,7384
677,3683
655,2468
639,5158
627,2726
621,1919
610,6902
599,3449
593,2279
582,1642
571,1567
556,1568
546,1583
585,1569
562,1524
543,6643
531,4448
508,2618
480,1588
531,1479
520,1275
514,4794
578,1453
570,5504
559,4826
553,2183
548,2984
548,1556
546,3542
546,2462
601,1570
601,1549
601,4683
599,2879
679,1716
672,1323
663,1371
644,4598
637,2955
615,1689
600,4309
586,3439
571,3399
561,2003
553,1452
569,1256
566,4736
562,2845
547,1631
536,4658
526,2212
518,1370
510,4634
508,2258
498,1333
490,1424
482,1129
470,1122
459,3798
441,3686
421,1643
407,1170
397,4000
384,2600
392,1287
383,3311
374,2244
372,1427
364,1401
358,3575
350,3332
345,2210
342,1410
342,1431
339,1400
339,1391
336,1372
336,3255
336,3315
336,1678
334,2159
333,2196
329,1682
324,3204
314,2198
303,1351
702,1854
678,2163
666,1997
646,1970
638,2385
687,1988
684,2031
681,2380
666,2329
647,1909
633,1913
624,1889
614,8430
607,5074
595,2787
583,2116
571,5243
557,3005
548,2058
589,7637
565,3452
550,2228
537,4728
514,2747
547,4554
534,2306
523,1725
526,6519
582,3306
572,2308
563,4352
555,2226
548,1700
548,6289
546,3227
546,2141
601,4195
601,3321
601,4693
601,2548
680,7836
676,2404
668,1725
661,7801
643,2283
620,1568
608,6165
590,2850
579,1672
562,1532
562,1538
570,1371
568,1374
564,1309
550,1225
538,1357
528,1378
518,1425
511,1576
508,1569
500,4995
485,2131
477,1353
469,883
453,1006
434,1129
417,4248
406,2464
396,1474
380,1030
389,3828
378,2237
373,1342
369,3784
361,2264
355,1162
348,994
344,3767
342,3601
339,1396
339,2403
339,1728
336,3609
336,2381
336,2402
335,1074
333,571
330,2411
326,2465
315,1673
303,981
298,2415
678,1725
665,2008
645,1800
638,1978
659,5370
683,2923
679,5120
659,2695
643,1844
631,6771
621,3506
610,2292
599,4885
593,2967
586,4767
575,4757
559,4380
547,3906
530,4738
564,4303
545,3656
526,4544
509,4084
488,2126
532,1655
521,1629
505,5449
502,5221
564,2614
555,1671
548,5058
548,2786
548,3160
546,1656
544,3721
544,2563
601,1645
599,1465
595,1458
588,1440
661,1432
641,1408
617,4646
611,3146
592,1897
582,1243
564,1098
556,4235
543,3333
541,1788
544,1164
550,1161
538,3976
527,2810
518,1469
510,1072
507,3752
497,2589
493,1309
493,1028
491,1028
481,3519
465,3543
445,1540
423,1088
399,1020
388,3025
380,2874
376,1508
365,1044
372,1017
359,984
352,2572
345,2436
342,1309
342,1092
342,2636
342,1757
339,1048
336,1056
336,2343
335,2330
333,1255
330,1051
325,1026
315,1030
303,2303
297,2331
284,1584
279,1159
274,2147
270,2160
627,1518
624,1684
619,1629
601,1657
612,1657
627,1627
621,6444
608,2801
598,3641
592,4477
585,2598
585,1668
584,1622
580,1619
575,1631
557,1627
530,1587
505,1717
545,1896
523,1842
501,1784
496,1753
484,1702
463,1687
501,1882
489,1843
472,1824
548,1809
548,1788
548,1821
546,1776
546,1752
546,1752
546,1771
541,1761
593,1755
586,1719
575,1733
555,1717
536,1678
599,1590
583,1552
570,4541
562,3070
555,1603
543,1094
541,4266
537,2370
526,2833
514,1433
528,2838
521,2817
511,1411
507,2793
499,2059
493,1386
492,1407
492,1396
491,4009
486,2652
477,1318
461,1020
445,1016
420,3652
407,3740
390,1673
377,3450
374,1822
366,3465
359,1743
371,1165
350,1144
342,1106
342,3215
342,3139
342,3191
339,1245
339,1067
339,3034
339,3135
334,1406
332,1042
329,3129
321,3031
312,3008
302,2067
296,1486
283,1478
278,1415
274,1404
270,1383
265,1423
624,1636
619,1834
604,1700
591,1793
631,1751
621,1821
610,7125
605,4103
592,2552
585,4897
585,2650
585,2060
582,2010
577,6581
563,3773
546,2330
526,1771
502,1802
542,1772
518,1695
502,5611
493,4160
477,2417
532,1576
509,1571
484,1501
473,5132
548,4104
548,2227
548,1468
546,1294
546,1274
546,4933
545,3494
540,2103
589,1402
582,1288
565,1232
550,4773
607,3335
593,1922
577,3371
563,1643
561,1264
555,4285
542,2759
539,1529
536,4152
525,2193
514,1303
527,1170
518,1145
511,3949
507,3838
499,1710
493,1236
492,1265
492,3847
491,3000
487,1630
479,3759
468,1983
446,2695
421,1557
408,3376
393,2116
378,1174
375,1184
369,1167
381,1149
363,1160
352,2958
344,2932
342,1627
342,1295
342,1301
342,1333
339,1288
339,1308
336,1321
336,2923
334,2954
332,1551
329,1045
321,1024
312,2623
302,2631
296,1831
283,1103
278,1103
274,1334
271,1256
627,1584
624,1777
620,1812
633,1782
646,1779
632,6915
621,4017
611,2474
606,3699
594,2117
586,1692
585,6137
586,4008
584,2446
578,1729
563,1566
529,1525
511,5773
550,4007
525,2355
509,1551
499,1405
494,1405
537,1404
507,1461
492,1583
489,5094
549,5007
548,2393
548,3679
548,1892
548,1435
546,1447
546,1402
544,1412
598,4731
595,4577
588,2086
580,2639
641,1768
626,1334
604,1277
599,1218
586,1211
571,4009
561,3827
553,1933
542,1294
539,1048
543,1045
549,1033
538,1026
528,1032
521,3525
513,4461
507,2219
499,1157
495,990
493,991
493,988
491,964
487,1049
471,3324
447,4191
429,1757
406,1073
390,1045
384,1045
378,1050
399,1153
390,1147
369,1240
359,1447
352,1433
345,1407
342,1356
342,1357
342,1366
342,1335
339,1353
336,1345
336,1314
336,1314
334,1301
333,1267
330,1211
327,1183
319,1151
311,1162
300,1280
293,1346
282,1311
658,1675
645,1923
637,1789
659,1733
683,1860
679,1807
659,1882
643,7848
632,3699
621,2623
611,1796
607,2158
594,7554
587,3476
586,2442
586,3705
577,2373
622,7467
602,2784
577,1793
554,1533
528,5913
514,3478
571,2003
552,1461
530,1436
517,1430
573,1359
567,4721
559,3175
549,1883
548,1263
548,4331
548,2635
548,1533
601,1241
601,4354
601,2895
599,1568
679,4279
672,1956
662,1222
653,4282
637,2202
615,1221
602,967
586,946
571,921
561,923
560,905
569,973
566,1069
563,1062
548,1300
538,1319
527,1293
518,1292
512,1273
508,1277
500,1244
494,1228
493,1188
490,1191
480,1192
464,1189
447,1159
422,1108
404,1098
392,1233
413,1226
401,1213
383,1218
378,1181
365,1155
358,1152
353,1105
346,1117
342,1267
342,1234
342,1228
342,1242
336,1215
336,1249
336,1207
336,1186
334,1197
333,1185
330,1202
326,1199
315,1192
304,1201
299,1219
679,1753
667,2066
649,1938
672,1852
689,2092
684,4557
681,2449
669,1905
651,1945
636,2055
626,1788
618,6888
607,4295
596,4317
589,3042
586,1661
582,1784
633,6415
614,3371
599,2315
572,1608
546,1592
530,5986
582,3796
564,2214
534,1658
605,1687
586,1602
573,1615
567,1606
559,1554
549,1548
548,1527
548,1675
605,1638
603,1633
601,1638
601,1597
601,1596
682,1598
678,1564
670,1559
671,1583
651,1565
634,1544
612,1523
594,1524
582,1521
568,1533
585,1523
578,1480
569,1453
565,1440
561,1456
542,1439
533,1450
524,1344
519,1329
511,1310
503,1315
498,1406
493,1393
492,1384
483,1401
468,1382
456,1377
434,1416
410,1492
429,1490
420,1510
411,1467
398,1466
381,1466
373,1380
364,1360
358,1541
352,1524
346,1483
342,1451
342,1445
342,1442
339,1443
336,1415
336,1388
336,1397
336,1364
334,1395
333,1386
330,1381
325,1400
315,1376
305,1354
704,1951
679,2182
667,2064
710,2017
702,7936
690,3592
685,2357
681,2139
672,2124
652,2104
637,7912
627,4794
621,2964
609,2168
599,7595
590,3609
586,2426
640,1958
626,7598
614,3882
596,2544
567,1898
619,1927
603,1943
586,1891
561,1834
615,6737
601,4111
593,2470
578,1722
570,2124
562,1705
553,1679
548,2200
605,1538
603,1612
603,1809
601,1749
685,1789
685,1767
683,1679
690,1670
686,1626
676,1630
657,1616
641,1504
618,1467
606,1438
598,1383
606,1391
588,1352
582,1333
569,1287
568,1276
564,1388
550,1391
538,1414
529,1395
522,1347
514,1357
508,1340
500,1310
494,1329
484,1315
471,1301
461,1320
446,1453
422,1411
443,1363
431,1274
419,1255
397,1233
384,1327
375,1275
373,1256
365,1229
358,1247
351,1187
346,1187
343,1186
342,1159
339,1314
339,1321
336,1295
336,1295
336,1316
336,1297
334,1259
333,1268
330,1275
326,1266
315,1223
722,1797
704,2128
718,1957
732,5030
710,2781
703,1956
690,1933
685,1916
681,2098
672,2161
653,2289
638,7298
627,4105
621,2622
609,1782
599,2075
580,1950
626,1812
618,6623
603,4578
581,2728
568,1803
626,1621
608,1698
583,1718
557,1652
611,1508
602,1562
597,1549
589,1693
576,1621
566,1493
558,1657
551,1630
603,1588
603,1575
603,1553
603,1543
685,1511
685,1489
685,1487
693,1494
690,1481
682,1429
674,1346
654,1357
638,1341
617,1342
611,1347
615,1333
599,1305
588,1303
580,1309
569,1249
566,1233
562,1248
548,1197
537,1185
526,1179
519,1140
511,1136
498,1121
486,1114
469,1086
462,1068
444,1213
432,1223
421,1166
440,1319
425,1298
401,1265
385,1237
377,1272
375,1181
372,1188
365,1161
356,1127
350,1264
345,1231
339,1163
339,1171
339,1176
339,1094
336,882
336,909
336,906
335,889
333,883
330,906
326,1099
315,1072
303,1066
699,1602
675,1869
697,1827
706,1779
696,1656
687,1682
684,1654
678,7886
655,3716
639,2709
627,1811
622,1770
609,1725
599,1627
589,1651
579,1557
628,1572
617,1672
603,1690
573,1883
551,2099
537,1953
591,1921
567,1874
535,1814
601,1764
591,1497
576,1409
567,1420
559,1413
551,1387
548,1400
548,1571
603,1631
601,1616
601,1579
601,1622
600,1590
680,1600
673,1611
664,1577
653,1574
636,1685
614,1547
593,1504
582,1504
564,1394
558,1398
551,1357
568,1320
564,1295
550,1287
538,1244
526,1211
518,1222
510,1191
503,1213
496,1165
493,1123
493,1095
491,1080
485,1088
468,1103
441,1073
425,1088
401,1199
388,1152
379,1133
401,1280
393,1249
371,1194
360,1247
350,1171
343,1148
342,1156
342,1147
342,1121
339,1276
339,1254
339,1270
336,1243
334,1248
331,1105
327,1103
315,1214
305,1223
298,1198
286,1181
281,1259
274,1208
271,1212
265,1216
624,1682
619,1862
651,1776
639,1818
627,1813
621,1825
608,1791
598,1839
589,1868
585,1829
586,1766
584,1911
579,1919
572,1921
560,2007
542,1907
587,1866
565,1845
538,1943
528,1797
518,1792
560,1797
539,1859
527,1879
515,1837
587,2006
570,1934
556,1938
551,1845
546,1783
546,1765
546,1765
544,1740
595,1767
588,1759
577,1768
557,1755
610,1697
599,1685
581,1591
565,1581
561,1532
555,1493
542,1359
539,1337
535,1323
521,1297
509,1288
524,1304
518,1272
508,1229
502,1136
495,1266
492,1213
492,1239
490,1265
488,1221
479,1210
469,1235
456,1175
443,1173
437,1195
429,1171
427,1142
424,1175
418,1161
412,1143
427,1130
409,1151
397,1099
391,1096
377,1127
367,1086
361,1209
355,1203
353,1197
347,1206
337,1202
335,1173
331,1351
323,1344
315,1327
302,1281
295,1289
284,1224
279,1385
274,1375
269,1326
265,1298
261,1310
260,1273
255,1256
587,1485
599,1558
620,1623
608,1590
598,1556
589,1575
585,1674
585,1552
583,1615
578,1605
572,1579
560,1656
544,1771
530,1781
521,1914
514,1883
559,1864
556,1871
546,1828
534,1811
526,1815
588,1807
581,1766
581,5580
583,3806
650,2341
616,1530
601,1354
588,1287
569,1260
561,1341
549,1342
533,1387
567,1525
552,1485
533,1305
524,1305
578,1304
564,1276
554,1265
551,1281
542,1266
538,1260
533,1254
518,1164
509,1267
500,3672
498,3257
508,1367
500,915
494,906
492,917
492,922
490,916
487,1027
478,1019
465,1061
456,1109
443,1105
437,1078
429,1071
426,1064
424,1078
417,1061
412,1058
406,1051
397,1365
421,1394
421,1363
419,1352
415,1427
405,1355
397,1349
388,1384
385,1338
380,1357
372,1393
359,1332
342,1366
320,1366
310,1333
294,1322
285,1388
278,1307
272,1290
266,1307
263,1239
261,1271
259,1228
253,1212
247,1230
246,1221
568,1482
579,1727
594,1641
588,1710
585,1588
585,1558
583,1708
578,1599
571,1693
560,1814
545,1768
531,1877
522,1860
516,1811
507,1967
503,1935
550,1955
537,1955
529,1953
522,1923
514,1914
581,1882
581,1878
579,1873
582,1844
652,5443
638,3673
633,2216
625,1517
617,4008
607,2408
578,1535
548,1356
577,1309
551,1200
532,1282
519,1211
577,1221
560,4018
550,4137
545,1695
542,1205
538,1056
535,1052
521,1016
510,960
503,957
498,1031
511,1099
507,1044
499,1121
493,1097
492,1104
492,1105
490,1105
488,1084
482,1077
470,966
459,901
445,907
439,924
434,884
429,888
425,944
422,892
415,864
409,903
433,900
424,969
421,975
421,979
419,967
416,942
405,954
386,952
368,912
364,922
350,926
341,894
334,922
326,1089
315,2246
304,2274
298,1602
286,939
281,913
276,949
271,928
265,903
262,1055
261,1232
257,1205
591,1419
604,1663
621,1569
610,1561
605,1589
592,1597
585,1620
585,6192
584,3985
582,2491
576,1771
561,1623
545,1604
534,1576
523,1559
570,1549
559,1697
556,1976
546,1776
534,1986
526,1985
593,1737
580,1825
566,6465
638,3872
621,2772
589,1474
576,1376
572,1454
563,1464
543,1557
539,1277
585,1401
567,1377
553,1358
533,1329
524,1432
579,1422
563,1376
553,1346
553,4740
542,2907
539,1759
535,1165
523,1017
512,1043
503,1032
518,1100
511,1073
507,1169
499,3794
492,3617
492,1771
492,1220
490,3754
486,2467
477,1314
462,1085
455,3322
443,3384
437,2297
429,1183
427,982
416,986
396,970
382,936
366,1055
374,1086
369,1266
368,1267
360,1273
347,1177
339,1170
339,1158
339,1157
339,1153
337,1152
336,1158
333,1153
326,1140
315,1147
306,1120
299,1110
287,1106
282,1126
276,1120
272,1072
266,1057
263,1061
261,1057
260,1063
255,1063
586,1507
626,1899
620,1615
608,1588
598,1670
589,7208
585,3430
585,2351
583,1633
580,1810
576,7213
561,3335
539,2261
520,1554
492,6880
537,3452
511,3923
497,2052
491,5463
477,2872
524,1727
494,1507
481,5052
471,3510
548,1906
548,1453
548,1435
546,1471
546,1506
546,1517
545,1663
540,1573
592,1610
583,5569
568,3910
553,2001
608,1322
597,1279
581,5276
570,2690
562,3176
555,1650
543,4853
541,2791
537,1385
530,4519
518,2970
531,2901
523,4353
515,1793
507,1341
502,1320
495,1281
492,1264
492,1268
491,1253
489,1234
485,1642
472,1844
449,1770
426,1727
410,4840
398,4230
380,2010
376,1481
372,1465
390,1068
378,1170
359,1799
347,3246
342,3070
342,1621
342,1329
342,1348
339,3108
339,3047
339,1641
336,1342
335,1365
334,1354
331,3007
328,3047
319,1583
312,1126
300,2876
295,2855
283,1428
278,2652
274,1843
270,1129
265,2412
262,2374
652,1616
662,1929
646,1704
633,1696
624,3183
616,2027
606,1712
595,1684
588,1682
586,1639
586,1933
584,2066
580,2094
573,2072
548,2033
579,2056
560,2063
538,2026
516,1979
500,2147
561,2102
555,2133
531,2117
510,1890
567,1981
559,1942
549,1827
548,1781
548,1792
548,1797
548,1782
546,1799
601,5832
601,3751
599,2478
596,1328
675,1204
667,1218
651,1185
643,1209
624,1241
610,1321
592,1256
582,1232
568,1374
561,1338
558,1287
569,1208
566,1171
563,1176
550,1184
538,1143
530,1151
523,1133
519,1113
509,3266
503,4198
498,1731
493,1035
493,877
493,905
485,897
472,991
457,1054
440,1140
418,1135
429,1143
420,1126
411,1274
404,1266
392,2811
380,2790
368,1501
359,2785
355,1513
350,1055
345,1036
342,1018
342,2712
342,2738
339,1449
336,966
336,2629
336,1805
336,2564
335,1353
334,921
331,942
328,2467
319,2472
312,1869
300,1112
729,1821
734,2124
717,2275
706,1822
691,7502
685,3490
681,5191
672,2886
653,1870
638,1985
627,2691
618,6989
607,4701
596,4683
654,2913
650,2584
648,2086
637,2048
614,2151
595,2054
648,2013
614,2056
594,1923
585,1911
643,1911
628,1885
602,1851
581,1921
567,1967
559,1925
551,1936
604,1883
605,1903
605,1941
603,1841
601,1856
685,1839
685,1848
680,1875
686,1846
676,1851
657,1829
640,1827
617,1786
602,1762
584,1709
577,1705
588,1672
572,1788
568,1773
564,1803
557,1395
542,1250
530,2440
522,6360
514,4194
508,2044
500,1368
493,6171
493,2470
492,1822
490,6137
485,2444
467,4088
448,2012
422,5323
439,2441
420,1489
405,1203
401,1202
393,1180
384,5352
365,4089
350,2389
342,1429
342,1421
342,1224
342,970
339,1067
339,1232
339,2133
337,1361
333,1340
329,1122
321,760
312,885
302,734
295,718
282,712
276,3504
272,3103
266,2093
684,1658
680,1915
668,1855
651,1976
636,1896
624,2523
615,1850
606,1880
595,8445
587,3326
586,1728
586,1700
584,1817
577,6795
629,4578
608,2694
595,1821
574,1946
550,6434
529,3858
588,2284
563,1704
541,5725
611,3446
602,4048
578,2043
558,1359
551,4977
548,3434
546,1684
546,1265
603,1281
603,4427
598,3047
595,2090
583,1230
647,1126
630,1120
607,1068
602,1054
586,1036
571,1110
561,3919
551,3850
542,1717
537,1230
558,1217
542,1215
531,1192
523,1163
515,3547
507,2889
499,1541
494,1129
493,1331
493,1087
491,1094
486,1086
477,3330
461,3224
449,1887
441,1774
424,2110
406,1795
395,1395
408,1751
391,1383
384,3309
378,3813
364,2638
348,1158
343,1151
342,1135
339,2996
339,2907
339,1559
339,1094
337,1082
336,1074
329,2844
323,2866
314,2151
303,1309
296,1106
284,2769
279,2629
274,1356
270,2387
265,2336
262,1780
261,2419
255,2457
639,1522
627,1834
621,1754
608,1686
598,1656
592,1599
585,1634
585,6372
584,4175
580,2595
575,1776
560,1623
545,1585
531,5859
576,3939
557,2411
531,1449
521,1334
499,1291
540,1284
529,5165
522,4446
514,2078
568,1506
556,1324
549,1290
546,1216
546,4192
546,3865
546,1795
542,3071
595,1773
585,4258
567,2174
552,1304
607,1472
594,3999
577,2771
571,3031
561,1539
551,1181
542,3937
538,2450
535,2518
518,1494
513,1303
523,2342
518,1048
508,3747
502,2609
495,1389
492,1080
492,3805
490,2615
488,1369
479,3741
466,1953
456,3602
443,1764
437,1151
421,1121
408,1108
397,1114
381,3379
367,3228
381,1719
371,1363
366,1381
360,3097
347,3157
342,1650
339,1352
339,1316
339,3022
339,2967
337,1606
335,1115
331,2977
320,2953
312,1533
300,2755
295,1914
283,2658
278,1838
274,2664
269,1805
265,1381
262,1366
261,1332
255,1304
250,1287
247,1281
621,1505
610,1598
605,1678
592,1704
585,7694
585,3216
584,4564
582,2599
576,5871
563,3267
546,2150
536,1905
524,7340
510,3340
540,2204
525,1578
516,6800
488,3194
472,4039
525,2310
515,6366
498,2846
488,1852
551,1559
548,1610
546,1513
546,1457
546,1441
545,1423
542,1405
539,1398
583,1381
566,1366
552,1358
533,1311
597,1289
578,1263
565,4547
561,2565
555,1650
542,1094
541,1034
537,987
526,995
514,964
508,4151
521,2301
513,1476
507,1809
499,1278
494,3323
492,1779
492,2554
491,1252
488,935
482,962
470,3704
457,2616
441,1288
427,893
411,898
397,1004
383,1354
371,805
362,688
383,779
371,871
350,991
343,715
342,666
342,675
342,2609
339,2761
339,1181
339,773
339,1328
334,2662
331,2099
328,1369
319,646
312,666
300,2468
293,2550
282,1001
277,2502
274,1423
269,838
265,840
262,802
261,821
255,803
250,853
627,1478
621,2646
610,2174
602,1557
592,1635
585,1643
585,1587
585,1698
582,1659
576,3100
563,3430
543,3422
521,2755
556,2374
537,1948
513,5617
497,3825
493,2164
477,4263
524,2517
496,1820
479,5044
548,2922
548,3001
548,1874
548,1458
546,4826
546,3035
546,3380
543,1763
596,4703
589,2479
582,1518
565,1157
551,1124
607,3794
594,2665
578,1646
572,1049
561,3582
553,2283
542,1319
539,3481
536,2150
524,2221
516,1328
526,1139
518,1133
510,1094
507,1095
497,1067
492,1211
492,1189
493,1173
490,1194
486,1165
474,1183
450,1184
430,1191
412,3104
395,3052
380,2288
376,1145
372,1153
359,2948
366,2871
353,1532
345,2897
342,2008
342,1271
342,2839
342,1996
339,1575
339,1583
336,1571
336,1587
334,1611
332,1583
329,2932
321,2931
312,1538
302,1113
296,1113
284,1079
278,1068
274,1207
270,2820
265,2782
262,1926
261,1464
256,2745
252,2675
631,1589
621,1933
610,1679
605,1681
592,1907
585,1776
585,1810
586,1769
582,1779
570,6657
543,4168
515,2519
499,1740
529,1521
512,1495
500,5282
494,3709
476,2216
510,1559
495,1427
483,1381
476,5292
548,3881
548,2075
548,1298
548,1255
546,4378
544,3329
544,3464
543,1594
595,1226
588,1232
580,1239
562,1225
626,1229
604,4407
585,2921
574,1740
568,1158
558,1003
545,996
541,3605
538,3716
533,1540
518,1117
533,3380
523,2577
518,1283
508,3385
502,1798
495,1091
492,3231
492,2644
490,1184
479,2402
460,1808
440,3132
418,1731
396,1145
388,996
382,3012
370,2914
356,2124
345,2184
359,2750
355,1488
350,1042
343,1014
342,2690
342,2692
342,2651
336,2013
336,1992
336,2587
336,1378
335,950
333,962
330,2580
327,2570
315,1925
306,1170
299,1137
287,1089
282,2305
276,2270
272,1573
266,954
263,2161
261,2076
260,1316
255,989
249,971
626,1355
620,1669
606,1463
595,1500
588,1545
585,1572
585,1581
582,1475
565,1543
545,1535
525,1722
503,1888
474,2222
518,2197
506,2178
495,2206
480,2154
457,1887
500,1886
490,6089
482,4118
481,2098
548,1380
548,5662
548,2865
548,1766
544,4671
544,3055
544,3830
542,1695
595,5329
587,2685
579,3045
562,1793
624,5047
602,2744
584,3396
582,1529
568,3773
558,2547
545,2844
542,2328
538,1366
534,3610
522,1956
533,1908
524,1281
518,1087
508,1092
502,1085
497,1039
492,1053
493,1031
492,1008
490,1034
477,1028
454,1006
434,3260
413,3596
395,1498
385,905
378,904
374,2796
364,2793
369,1227
359,2071
352,3052
345,2959
342,2947
342,2195
342,1725
342,4019
339,2718
336,1659
336,1390
336,1364
334,4440
332,4092
329,1753
321,2908
312,2885
302,1733
296,4448
284,2445
278,2714
274,2047
270,1674
265,1560
262,4154
261,3767
257,1767
252,1428
631,1513
621,1975
610,1616
605,2090
592,6169
585,3639
586,1556
586,1639
582,6378
570,3853
547,2338
515,6322
501,2982
536,2006
513,1741
500,1684
494,1663
480,1679
512,1654
498,1731
483,1711
483,1663
548,1860
548,1800
548,1780
548,1776
546,1768
546,4976
544,3838
543,2236
595,1404
589,4908
580,2760
562,1804
626,1367
604,1310
588,4240
583,3355
570,1852
561,1195
551,1185
542,1129
538,3874
533,3506
522,1685
533,2895
523,1732
518,1242
508,3722
502,2552
495,1350
492,1061
493,3598
491,2958
489,1551
483,1126
459,3424
436,2529
415,1471
397,1244
385,1245
377,3266
374,3268
367,1744
372,3182
360,1730
350,1724
343,1708
342,1725
342,1744
342,1730
339,1744
339,3183
339,3232
336,3205
334,1657
333,1171
330,1158
325,3105
315,3049
304,2127
298,1332
287,1255
281,1261
274,1228
271,1414
265,1404
263,1400
261,1380
259,1382
253,1343
247,2682
624,1549
611,1734
606,1819
593,1689
586,4094
585,2316
586,1799
584,1824
577,1822
565,6819
533,4631
510,2852
550,1831
528,1562
501,1502
497,1458
491,1470
473,1593
512,1704
491,1774
476,2008
548,1993
548,2012
548,2030
548,2017
546,1950
546,1903
546,1818
543,1845
595,1796
589,1802
580,1753
562,1657
550,1580
604,1407
585,1377
573,1372
567,1389
558,1358
545,1346
541,1297
537,1295
532,1297
518,1291
531,1285
523,1272
518,1398
507,1395
500,1394
494,1366
492,1372
492,3220
491,3344
488,1383
479,1012
466,1017
445,980
420,982
407,988
391,1200
378,1177
374,1358
367,1343
380,1390
360,1366
351,1338
342,1334
342,1326
342,1328
342,1323
339,1305
339,1291
339,1295
339,1293
334,1296
332,1316
329,1231
321,1230
312,1229
300,1221
295,1205
282,1161
277,1135
274,1146
269,2398
265,2417
261,2313
260,1207
255,840
250,803
246,813
243,2247
608,1432
598,1884
589,1636
585,1738
585,5302
583,2889
580,4840
574,2360
560,1711
538,1717
511,1713
491,1716
533,1705
510,1722
497,1638
486,2631
472,1484
519,1474
493,1444
474,1394
471,1393
548,1392
548,1554
546,1639
546,1514
546,1511
546,1579
541,1522
537,1462
586,1507
572,1445
555,1438
535,1432
599,1416
583,1413
570,1424
554,1390
555,1395
543,1458
541,1362
537,1358
526,1355
514,1324
504,1335
521,1352
511,4339
507,3889
499,1698
493,1124
492,3997
492,2980
490,1414
486,1078
477,3787
461,3288
444,1404
423,1059
410,1040
392,992
381,3370
373,3319
364,1717
359,1180
372,1166
350,1075
343,1049
342,1004
342,1153
342,1148
339,1093
339,1228
339,1258
339,1242
334,1223
331,1225
328,1166
319,1179
311,1176
300,1147
287,1127
282,1113
276,1085
272,1107
266,1098
263,1106
261,1075
260,1056
255,1048
249,1052
246,1045
241,1042
238,1201
595,1515
588,1889
585,1546
585,1669
583,1625
578,1620
572,1692
560,1571
539,1518
514,1550
492,1748
481,1605
510,1737
497,1624
486,1638
472,1868
456,2008
493,1889
474,1846
471,1901
478,1926
548,2086
546,1838
546,1748
546,1907
546,1888
542,1753
539,1913
532,1804
577,1907
557,1798
539,1756
529,1786
583,1698
573,1754
559,1636
558,1567
545,1520
541,1495
537,1477
533,1442
518,1420
509,1435
503,1370
518,1380
508,1369
502,1354
495,1301
492,1290
492,1285
490,1274
489,1244
484,1220
470,1248
453,1176
431,1164
414,1167
403,1271
386,1249
375,1271
370,1583
361,1521
351,1522
358,1472
344,1446
342,1431
342,1421
342,1421
339,1390
339,1353
339,1327
339,1250
334,1215
333,1192
330,1204
325,1201
315,1203
303,1184
298,1188
287,1191
281,1147
274,1373
271,1378
265,1391
263,1362
261,1341
259,1331
253,1238
247,1194
243,1182
240,1201
238,1198
593,1363
585,1531
585,1531
585,1501
583,4653
577,2349
567,1597
546,1560
530,1578
505,1530
489,1595
521,1833
503,1789
495,1939
481,1909
472,1867
450,1791
486,1757
473,1710
471,1720
478,1718
548,1695
546,1668
546,1668
546,1663
545,1638
540,1629
534,1634
581,1630
565,1614
550,1607
532,1528
523,1502
577,1439
563,1448
553,1432
553,1570
542,996
539,970
535,3698
522,4634
510,2463
502,1196
498,912
510,905
507,3552
497,3767
492,1492
492,1088
491,1081
489,1077
485,1039
473,981
461,883
442,838
424,918
411,1011
398,1001
382,1114
373,1122
365,1116
358,1087
348,1070
351,1079
343,987
342,974
342,992
342,994
339,993
339,968
339,973
339,979
334,970
332,951
328,975
320,945
312,963
300,970
295,975
283,1139
278,1124
274,1115
270,1113
265,1105
262,1083
261,1075
256,1080
250,1085
247,1080
243,1085
240,1073
238,1084
592,1346
585,1454
585,1562
585,3263
581,1901
577,1606
567,1609
546,1591
530,1604
505,1622
489,1650
520,1830
503,1813
495,1696
483,2312
472,2274
450,2241
488,2227
473,2195
471,2201
548,2197
548,2189
546,2164
546,2162
546,2134
546,2156
541,2145
537,2132
586,2123
575,2128
555,2099
538,2040
528,1959
583,1958
573,1922
556,1911
558,1886
544,1785
541,1767
537,1759
532,1741
518,1697
509,1683
523,1678
518,1693
508,1680
502,1635
497,1656
492,1646
492,1653
491,1639
490,1633
485,1600
473,1592
453,1592
429,1576
415,1547
400,1559
384,1528
376,1534
373,1557
366,1519
378,1488
359,944
346,1339
342,2318
342,2296
342,2264
342,2262
339,2278
339,2241
339,2375
336,1663
334,1658
333,1661
330,1646
325,1657
315,1655
304,1674
299,1673
287,1697
281,1671
276,1646
272,1706
266,1602
263,1674
261,1815
260,1730
255,1789
249,1734
246,1738
243,1772
608,1695
598,2015
589,1799
585,1730
585,1734
584,1713
580,1880
575,1803
552,7887
520,4019
503,2454
538,1827
518,1837
500,1810
494,1800
486,1804
527,1733
502,1872
485,1748
483,1698
548,1891
548,1873
548,1856
548,1846
546,2015
546,2030
544,2028
543,2103
596,2042
592,1992
583,2087
568,1948
631,1873
608,1867
597,1766
590,1682
578,1681
561,1626
555,1634
543,1547
541,1489
537,1466
532,1412
538,1332
530,1375
521,1281
513,1235
507,1267
499,1144
494,1117
492,1119
493,1084
491,1080
487,1097
470,1038
447,970
430,755
406,836
393,832
382,968
376,1117
372,1104
387,1096
366,1097
354,1105
346,1052
343,1039
342,1058
342,1022
342,1022
339,1018
339,1027
336,1028
336,1037
334,1023
333,1034
330,1015
324,1000
315,1028
303,1025
298,1190
287,1171
281,1178
274,1166
271,1151
265,1156
263,1122
261,1198
259,1133
253,1119
247,1133
246,1124
614,1403
606,1626
594,1468
588,1595
586,1466
586,1526
584,1959
576,1506
557,1531
532,1744
508,1704
544,1620
517,1677
508,1693
497,1747
490,1743
530,1730
504,1687
490,1682
489,1688
549,1638
548,1595
548,1618
548,1642
548,1618
546,1584
544,1642
544,1608
599,1617
595,1655
588,1472
580,1870
641,2150
626,2121
605,1929
599,1841
586,1874
571,1836
561,1798
553,1797
542,1736
539,1703
543,1736
548,1715
536,1700
527,1715
518,1811
511,1666
507,1670
499,1614
494,1574
493,1576
493,1575
490,1573
478,1555
457,1540
434,1535
418,1543
396,1493
387,1441
380,1417
374,1403
393,1369
374,1355
360,1318
353,1317
350,1307
343,1261
342,1247
342,1452
342,1438
339,1393
336,1379
336,1372
336,1358
335,1349
333,1351
330,1343
327,1345
315,1335
306,1292
300,1302
287,1270
282,1260
276,1263
272,1228
266,1216
263,1446
261,1437
260,1420
255,1397
250,1383
627,1616
621,2018
608,1637
598,1602
593,1643
586,1626
586,1591
584,1826
571,1730
548,1846
591,1843
566,1997
538,1932
521,1873
508,2026
495,1928
546,1964
524,1887
501,1679
570,1864
562,1917
553,1753
548,1816
548,1690
548,1746
548,1755
544,1614
601,1562
601,1691
599,1626
596,1648
592,1697
666,1655
647,1552
630,1773
618,1618
606,1535
590,1617
574,1570
561,1486
555,1494
542,1515
548,1457
564,1430
552,1436
538,1435
528,1613
521,1406
513,1409
507,1426
500,1330
495,1305
493,1295
490,1431
480,1449
465,1433
451,1430
426,1418
407,1394
394,1369
386,1356
375,1341
385,1465
374,1471
367,1446
360,1434
355,1417
350,1421
344,1394
342,1409
342,1399
339,1417
339,1412
336,2347
336,2363
336,1161
335,1174
334,3490
331,3491
328,1885
319,1501
311,1482
300,1420
288,1332
282,1289
276,1217
272,1339
269,1284
265,1196
261,1175
260,1148
255,1141
639,1532
627,1573
621,1602
610,1606
599,1633
593,1615
586,1612
576,1559
562,1614
550,1576
596,6529
567,4625
546,2568
533,1689
521,1515
560,1535
533,1340
522,1367
516,1446
578,1555
570,1645
562,1690
553,1624
548,1634
548,1643
546,1625
546,1595
601,1564
601,1525
601,1502
599,1538
680,1537
676,1906
666,1915
647,1898
641,2406
618,1831
606,1777
590,1687
578,1673
562,1635
555,1638
570,1600
568,1572
564,1554
553,1534
538,1467
530,1459
521,1491
514,1413
508,1397
500,1337
495,1335
485,1337
477,1305
467,1280
450,1269
427,1243
412,1215
401,1240
391,1213
405,1181
387,1192
376,1122
373,1114
365,1075
358,1076
353,1084
346,1233
342,1200
342,1212
339,1220
339,1204
336,1217
336,1258
336,1220
336,1210
334,1211
333,1197
329,1362
321,1192
312,1182
302,1190
296,1190
283,1160
278,1154
274,1146
270,1131
265,1117
262,1326
261,1315
255,1282
639,1527
627,1882
621,1752
610,1600
599,1993
593,1701
586,1669
579,1860
565,2094
551,1951
601,1696
573,1704
548,1861
533,1944
517,1899
564,2067
535,2036
522,2110
521,2021
578,1966
570,1919
560,1915
553,1865
548,1848
548,1874
546,5418
546,4522
601,2343
601,1524
601,1652
599,1662
679,1454
672,5393
662,3643
653,2197
636,1501
615,1677
599,5147
583,3221
571,1849
561,1431
558,1428
569,4927
566,3408
562,2056
545,1374
533,1270
524,1247
518,1364
511,1420
503,1408
498,1551
493,1509
487,1521
476,1671
466,1672
452,1638
426,1575
409,1543
397,1470
388,1394
404,1382
385,1325
374,1437
371,1446
362,1409
358,1598
352,1590
345,1513
342,1468
342,1474
339,1440
339,1452
336,1389
336,1400
336,1397
336,1405
334,1390
332,1380
329,1350
321,2777
312,2817
302,2756
296,1479
283,1224
278,2713
274,2761
270,1857
265,1421
262,1399
261,1450
257,1437
643,1587
632,1972
621,1917
612,1703
607,1741
594,1752
586,1716
579,1673
566,1775
615,1928
602,1874
575,2039
548,2038
534,1973
521,6269
567,4155
536,2531
523,1714
525,1542
580,1537
572,1544
562,1544
553,1519
548,1578
548,1746
548,1778
546,1870
601,1885
601,1862
601,1890
599,1887
680,1854
673,1833
664,1804
654,1828
639,1790
617,1791
603,1766
586,2213
572,3273
561,3742
560,3853
569,3016
566,2479
562,2176
547,2258
536,6598
526,2709
518,4489
511,1887
508,1596
498,1600
493,5923
492,3297
482,2141
467,1346
456,1679
431,5885
410,3628
398,2068
388,1511
409,1523
396,1472
380,1426
371,4871
362,4467
355,1993
352,1432
345,1350
342,1337
342,1344
342,1449
339,1672
336,3997
336,3962
336,2972
336,2987
334,1801
332,1474
328,1462
319,3919
312,3903
300,2024
293,1295
282,1288
277,3624
274,3635
269,1814
265,1187
261,1182
260,1115
255,1084
639,1470
627,2013
621,2025
609,1684
599,1642
593,1680
586,1641
586,2094
575,2088
621,2124
607,2075
583,2043
552,1937
535,7311
516,3737
574,2768
550,1577
529,1671
592,1721
576,1721
567,1633
559,1627
551,1659
548,1925
548,6377
548,3242
603,2550
601,1332
601,1473
601,1551
599,1463
678,1577
671,1500
662,1479
651,1463
636,1546
614,5140
594,2507
583,1815
570,1095
561,1301
578,1174
569,798
565,830
560,1044
542,1108
533,3188
524,3196
518,1661
509,945
503,772
498,764
493,771
493,848
486,2778
474,2686
461,1430
442,962
414,2425
399,1636
418,2330
411,1280
398,859
381,866
371,2400
362,2335
355,1252
352,815
345,813
342,817
342,814
342,2197
342,2189
336,1531
336,1148
336,1153
336,1185
334,1130
332,2057
329,2103
321,1405
312,1550
302,1154
296,1146
284,1988
279,2061
274,1390
271,1074
265,1090
262,1049
261,1942
258,2020
646,1473
633,1646
621,1595
612,1558
607,6405
594,3019
587,3944
586,2098
583,6162
633,2962
612,3537
596,4378
564,2249
541,1660
597,1664
578,1663
561,5515
541,3671
603,2251
583,1413
572,1248
562,1231
555,1217
548,4633
548,4081
548,2016
605,2558
601,1508
601,1304
601,1286
684,1275
680,1279
676,1259
678,1257
661,1250
643,1245
620,1225
608,4085
592,2766
579,1723
569,1113
582,1003
570,3749
568,2619
564,2846
554,1402
538,1072
530,3687
521,2453
515,1405
508,995
500,3361
495,2309
493,1203
493,2523
482,1875
466,1238
454,1257
432,1278
410,3189
424,2921
415,2430
407,1446
395,3206
380,2111
368,2981
359,2215
355,2121
350,2837
343,2127
342,2752
342,1431
342,1004
336,1025
336,956
336,2699
336,2650
335,1793
333,1126
330,1156
327,1123
315,1124
306,1149
299,1163
287,1097
282,1190
276,1518
272,1504
266,1528
263,1497
261,1515
260,1486
651,1586
637,1962
627,1700
618,1876
607,1727
596,1778
589,6711
586,3601
586,2455
638,1761
620,1937
603,1619
581,1605
551,1723
599,6372
582,4315
573,2708
557,1729
607,1618
588,5968
573,3820
567,2320
559,1613
549,1460
548,1432
548,1441
605,5542
601,4082
601,2384
601,3813
685,3477
681,1812
676,5448
679,2919
665,1767
643,1386
622,1361
609,5636
592,3261
579,1994
570,1404
583,4644
570,2191
568,1277
564,1136
554,3884
538,2693
530,2933
522,1467
515,1283
508,1258
500,1236
495,1244
493,1238
493,1230
483,1365
470,1355
454,1353
431,1278
409,1236
423,1159
414,1206
408,1187
396,2714
381,2693
366,1379
358,915
353,878
346,840
342,841
342,972
342,2537
342,2572
336,1597
336,976
336,2357
336,2352
334,967
333,805
329,807
323,2348
314,2380
303,1617
297,899
286,921
279,836
274,2001
271,2005
265,1177
262,1170
261,1175
257,1723
643,1360
631,1514
622,1531
611,4054
606,2158
593,1540
586,1522
586,5869
650,4064
639,2414
619,1650
595,1446
571,5589
543,3366
594,3758
577,2001
564,1547
556,5178
606,3525
581,1957
570,3623
560,2172
553,3547
548,2175
548,1587
604,1575
605,4666
601,3204
601,1831
601,3434
683,2060
679,1321
672,4411
672,2361
651,1423
636,4331
614,2226
597,1355
583,4137
568,2263
565,1419
572,3953
568,2217
565,1398
558,4023
542,2261
533,1373
523,1151
519,3781
509,2634
503,1392
496,1054
493,1041
493,1042
491,1036
484,1165
471,1402
446,1387
429,1382
403,1349
418,1346
411,3428
403,3398
395,1808
375,1251
363,1238
355,1198
350,3136
343,3082
342,1643
342,1133
342,1123
339,1088
339,1084
336,1197
336,1334
334,1335
333,1339
329,1293
324,1297
315,1287
303,2575
297,2539
286,1766
281,1443
274,2106
271,1297
265,1235
262,1159
261,1150
257,1643
252,1355
632,1518
621,1694
611,1631
606,1542
593,1703
586,4382
586,2334
586,5623
646,3373
636,5621
611,2827
579,3945
560,2380
606,2085
581,2002
566,1928
560,1939
623,6441
589,3784
575,2706
560,1451
549,1374
548,6085
548,3546
548,2114
603,1412
603,1293
603,1362
601,5395
681,3347
676,1970
669,1397
651,1242
643,4709
619,2755
606,1583
590,1179
574,1168
561,1257
555,1220
569,1233
566,1200
563,1210
548,3652
533,3468
524,1827
518,1128
508,972
503,921
498,3219
493,3147
493,1677
491,1020
489,999
482,3105
465,3060
445,1336
421,940
408,933
419,952
405,941
401,1023
393,1147
379,1308
360,1495
346,1495
342,1456
342,1465
342,1437
342,1420
339,1418
339,1455
339,1492
338,1429
334,1473
330,1402
327,1401
315,1412
304,1393
298,1398
286,1338
281,1301
274,1272
271,1298
265,1282
262,1280
261,1280
255,1268
250,1520
246,1509
243,1760
240,1734
598,1462
589,2195
586,1650
586,1639
584,1690
579,1904
572,1738
560,7401
605,3682
582,2318
556,1599
537,1679
522,1668
576,1706
549,1699
537,1622
534,1627
587,1610
560,1528
551,1535
548,1529
548,1676
546,1579
546,1588
546,1602
601,1756
598,1756
591,1725
582,1664
644,1677
627,1593
605,1510
599,1475
583,1412
570,1233
561,1184
545,1286
541,1188
537,1204
538,1169
542,1157
531,1156
523,1157
515,1148
507,1161
500,1112
494,1091
492,1079
493,1038
491,1068
487,1079
479,1054
465,1002
456,987
443,972
434,1001
420,987
404,989
394,1110
404,1088
388,1082
381,1060
372,1044
364,1040
351,1183
347,1137
342,1116
339,1124
339,1059
339,1069
339,1100
337,1085
335,1067
332,1090
321,1066
312,1039
300,1000
295,956
282,979
278,1141
274,1125
269,1083
265,1119
261,1086
260,1061
255,1075
250,1081
246,1054
243,1077
240,1079
232,1048
229,534
585,1308
586,1578
584,1464
580,1319
574,1488
560,1776
545,1646
531,1709
578,1689
569,1742
548,1537
528,1562
512,6641
562,4051
537,2393
524,1590
518,5990
588,3034
576,1848
557,1393
549,1381
546,1331
546,1315
546,1406
542,1396
595,1395
587,1466
572,1445
553,1447
608,1389
597,1359
578,1312
574,1292
561,1254
555,1232
542,1225
539,1210
536,1184
524,1314
516,1281
526,1211
518,1187
510,1239
507,1168
497,1163
492,1145
492,1131
492,1115
490,1139
485,1118
473,1095
459,982
448,1043
439,988
434,988
429,1022
416,974
398,983
383,988
399,1086
384,1055
370,1051
368,1186
366,1161
359,1146
344,1120
340,1152
339,1122
339,1124
337,1093
336,1065
332,1016
327,1045
317,1010
303,999
297,1009
284,968
279,948
274,1141
271,1106
265,1049
262,989
261,1025
256,1033
250,969
246,1005
243,1014
240,1022
232,861
230,826
228,837
228,867
583,1374
580,1775
575,1480
560,1563
545,1424
531,1528
522,6258
570,3148
559,2058
554,1593
531,1568
505,6418
494,3794
541,2344
515,1535
512,1416
590,1426
582,1425
563,1399
554,1387
547,1356
546,1547
542,1548
539,1554
587,1516
572,1588
555,1519
534,1467
525,1503
578,1434
565,1410
553,1427
555,1393
542,1373
539,1374
535,1345
523,1319
512,1306
503,1319
537,1305
527,1251
523,1256
512,1252
507,1222
507,1209
506,1362
504,1370
500,1330
488,1352
474,1332
462,1313
453,1268
447,1241
455,1185
451,1047
441,1055
424,1074
406,1285
392,1263
399,1222
388,1140
387,1111
384,1115
374,1131
360,1081
360,1075
355,1176
354,1170
352,1173
349,1180
346,1165
334,1158
324,1189
317,1146
301,1157
295,1150
288,1106
283,1083
278,1246
275,1248
273,1204
271,1198
261,1220
256,1204
252,1205
247,1191
242,1207
235,1101
233,1060
232,1070
232,1291
232,1315
579,1461
572,1542
551,1521
543,1794
531,1643
522,1589
509,1816
559,1559
557,1611
541,6131
519,5236
496,2589
549,1654
530,1491
515,1483
512,1460
585,1446
570,1456
556,1652
555,1807
546,1777
543,1730
537,1687
531,1673
568,1683
553,1680
533,1633
522,1629
575,1586
563,1514
554,1512
544,1448
543,1392
539,1369
535,1377
519,1361
508,1495
499,1465
495,1461
525,1418
518,1339
510,1319
507,1277
507,1272
505,1253
502,1274
496,1261
485,1229
473,1180
458,1150
451,1142
446,1146
440,1137
451,1144
442,1284
433,1295
418,1279
400,1252
410,1110
402,1122
391,1112
385,1078
378,799
374,946
367,1109
359,934
354,929
352,963
349,958
346,948
334,1006
324,932
318,943
303,1107
296,951
290,445
284,519
278,540
275,570
273,531
272,513
263,481
258,502
254,485
249,472
246,435
236,555
234,1029
232,1275
232,1263
232,1468
231,1279
577,1402
565,1879
548,1632
538,1494
526,1520
519,1552
509,1414
558,1401
553,1738
538,1770
519,1900
495,1989
549,1945
537,2005
520,1812
518,1683
585,1828
575,1676
564,1683
555,1651
546,1605
542,1576
536,1589
528,1538
565,1544
551,1540
531,1526
517,1538
574,1566
560,1483
551,1492
546,1424
542,1418
538,1432
533,1415
519,1433
506,1401
499,1378
516,1397
524,1377
516,1331
509,1288
507,1305
507,1291
505,1278
502,1306
497,1271
485,1124
473,1081
458,1096
451,1274
446,1267
440,1256
451,1255
442,1256
433,1255
417,1256
400,1253
410,1234
400,1240
388,1239
385,1292
378,1324
372,1343
367,1315
359,1318
353,1299
352,1304
349,1304
345,1304
334,1292
323,1480
316,1449
303,1379
295,1373
287,1376
283,1379
278,1362
275,1291
273,1337
271,1776
263,1314
256,832
252,814
247,851
242,804
235,772
233,792
232,720
232,786
232,1165
230,2237
574,1697
562,2329
545,1783
532,1885
523,1870
516,2421
561,2280
558,2158
548,2172
530,2056
514,2058
493,1981
545,2106
528,3026
515,2815
517,2447
580,2459
568,2383
556,2321
551,2377
545,2327
540,2395
534,2194
526,2392
559,2301
541,2244
530,2223
516,2815
574,1362
557,1345
551,1461
545,1526
542,1685
538,2022
533,1995
519,1971
506,1976
499,1981
516,1962
525,1966
518,1901
510,1832
507,1830
507,1861
505,1820
503,1869
498,1831
485,1790
474,1757
459,1709
452,1629
447,1638
453,1626
451,1602
442,1557
428,1511
417,1477
398,1436
452,1409
437,1400
427,1371
459,1361
452,1340
441,1323
432,1299
429,1289
424,1279
420,1291
416,1268
409,1427
394,1439
381,1424
371,1434
357,1375
348,1373
340,3047
335,2967
330,1952
327,1278
324,1249
321,1233
311,1183
306,2670
302,2701
297,1885
292,1491
285,1294
283,1288
282,1297
282,1281
282,1297
279,1312
596,1703
577,2140
565,1776
552,1704
542,1760
534,1825
581,1786
578,1732
567,1749
550,2157
531,2165
512,1878
564,1892
549,1837
533,1947
606,2183
596,2163
587,2150
576,2097
570,2065
559,2030
555,2024
549,2002
592,5911
572,4009
554,2407
542,1573
528,1414
583,1427
567,1376
561,1468
555,5228
552,3949
548,2230
542,1433
528,1265
515,4932
508,3375
545,3395
533,2082
525,1376
519,1313
516,1365
516,1767
514,1263
512,1238
507,1667
495,1272
483,1154
469,1716
461,1148
454,1176
462,1628
458,1042
451,1051
441,1158
424,1034
475,1035
459,1075
444,1006
433,1035
466,1105
463,1002
452,4421
445,4354
438,1797
430,3246
426,1460
424,1082
417,1626
407,1223
395,1154
381,1650
373,3493
355,3622
348,1883
341,1326
337,1056
332,1061
329,1008
326,1028
320,1102
313,723
307,981
301,1798
298,1819
294,1760
287,1699
284,1691
284,1692
284,1717
284,1718
607,1727
598,2037
581,1895
568,1873
554,1949
545,4182
592,2386
583,5434
580,3326
568,2148
543,1947
596,1940
579,2010
560,6853
541,4460
611,2804
606,1842
601,1712
585,1671
573,1632
567,1608
562,1696
558,1685
609,1858
600,1824
583,1822
568,1814
623,1807
607,1800
592,1760
587,1767
573,5694
567,3936
555,2374
553,1548
549,1419
539,1479
550,1385
558,1353
548,5166
541,4346
533,2228
525,2904
518,1994
516,1692
516,1693
515,1655
513,1650
508,4908
496,4211
483,2077
471,1503
476,4650
468,3291
462,3444
458,1755
453,4602
507,2451
487,1470
471,1432
448,4242
473,4073
469,1853
468,1325
460,1325
449,1326
438,4017
431,3969
430,1786
429,1279
426,3865
423,2778
417,3208
406,2168
395,1420
377,1585
371,1200
355,1119
349,3384
341,3192
338,3200
332,1598
331,1314
327,2861
324,2844
315,1356
309,1102
306,1269
301,1070
296,1067
288,998
286,2226
615,1724
615,1940
614,1886
611,1859
604,1978
591,1867
635,1896
620,1842
604,1750
596,1828
585,1749
648,1752
629,1857
598,1898
589,1817
645,1820
619,1795
612,1730
609,1718
595,1693
579,1629
567,1609
563,1765
620,5653
617,3852
612,2425
605,1573
674,1407
652,5521
632,3339
624,2047
605,1445
593,1324
575,1265
568,1256
556,4622
553,4485
581,2286
593,1439
577,1171
563,1207
555,1408
544,5920
540,3401
530,1773
524,1206
524,1702
524,1144
521,1097
517,5460
504,2724
507,1659
492,2432
483,1372
475,1056
469,1149
465,4606
522,2692
501,1503
484,945
474,882
493,3405
482,2740
480,1874
476,952
462,807
450,1286
445,3123
442,2635
439,1842
437,843
430,770
421,786
409,830
393,1092
383,1612
367,2782
360,2748
353,1392
348,1020
344,2702
340,2543
338,2524
327,1906
322,1177
318,1179
313,1176
308,1169
300,2500
297,2483
296,1767
296,1096
619,1760
614,2370
605,1940
594,1926
574,2136
618,1925
606,1976
597,1861
589,1892
586,2151
568,8240
615,4412
593,3010
576,1945
640,7650
621,3009
615,2031
608,5457
593,3369
578,5427
573,2783
567,2151
620,7077
616,3041
607,1977
589,6799
575,3020
629,4175
612,2158
597,1597
592,1463
578,6567
572,3753
560,2342
557,1601
553,1425
541,1394
555,5637
568,2788
560,1796
551,1335
545,1271
536,1266
530,5477
528,3298
529,2093
527,1448
524,1305
518,5296
507,3117
495,1759
495,1336
487,1429
480,5008
474,3424
470,2109
461,1407
509,1305
495,1237
479,1237
503,1328
486,1261
485,1260
484,1385
471,4449
456,3091
449,1837
446,2299
446,1606
446,4334
442,2427
440,1362
433,1163
423,4162
408,3031
395,1509
387,3029
371,2323
364,1497
357,3972
353,2004
348,2839
345,2604
342,2825
336,1686
328,1384
323,3803
317,2521
314,3722
310,1613
302,3536
300,2342
625,1877
625,2356
621,2034
616,2306
605,5273
645,2865
633,2145
620,2595
609,2371
595,7723
655,4476
634,2880
608,4262
587,2549
648,1988
625,1928
617,1849
616,6987
602,4309
584,2661
575,1772
571,1627
628,6501
626,3496
623,2367
617,1647
691,5594
670,3629
652,2315
630,1524
621,1591
607,6045
591,3904
581,2131
573,1442
563,4523
560,2099
613,4131
593,2278
578,1213
567,1085
561,1634
551,3879
544,2597
536,1535
532,891
532,806
531,3468
529,2587
524,1282
512,940
515,3062
500,1923
491,2292
483,1143
470,1368
529,925
514,3561
492,1966
469,1126
501,745
489,3134
487,2889
475,1990
459,1290
453,792
447,776
447,806
447,780
447,2837
443,2659
440,1392
434,840
421,839
410,2656
394,2713
384,1126
371,1913
365,2330
359,1830
354,1088
350,1483
346,2649
344,1481
333,923
328,711
324,706
319,2180
316,2164
306,2130
304,2115
302,1386
627,1680
626,1913
623,1908
616,1949
603,1889
647,1794
632,7574
618,4081
599,2745
574,5029
633,2640
621,1952
585,1925
569,6867
636,3620
624,2396
609,1611
589,1511
579,1495
575,1442
573,1422
573,1515
630,1519
628,1626
625,1573
621,1541
691,1534
671,5390
654,3634
642,2162
628,1378
610,3608
596,2236
582,1514
576,4445
564,2305
594,1369
617,3155
599,1848
587,1309
572,3800
564,2021
555,1214
549,949
541,895
534,898
533,878
533,3524
531,3504
527,1808
519,2629
519,1243
511,940
494,938
476,956
456,928
518,3183
506,3120
479,1658
473,978
503,3065
489,1885
475,1101
459,963
452,941
451,927
448,2756
448,2752
448,1251
448,1025
445,1003
443,2766
436,2725
428,1172
415,850
399,866
391,2584
378,2625
369,1410
359,932
356,2584
350,2506
349,1302
345,925
342,930
331,875
326,875
322,1004
317,986
312,1127
305,2203
303,2129
627,1690
627,1937
625,1887
619,1907
610,1916
654,1798
640,1843
615,1799
588,7131
571,4621
625,2773
602,1917
580,1716
571,1765
636,1669
614,1653
587,1605
579,6294
575,4297
575,2637
573,4039
573,2126
630,6234
630,2869
626,3690
618,2023
694,6035
676,2921
657,4380
647,2164
631,1455
614,5533
601,2864
584,1750
577,1286
565,1220
594,4846
617,3432
604,3699
588,2279
574,1921
564,2908
557,1508
549,1615
542,3895
535,2229
533,1171
533,3602
531,3637
528,2306
537,1365
526,3533
508,1791
484,1111
462,1218
449,1242
503,3846
489,2587
476,1407
473,3774
494,1905
472,1208
455,3705
451,3265
451,1743
451,2714
448,1299
448,3142
448,1709
448,1090
445,3123
441,1689
437,1112
431,2346
417,1780
403,991
393,2983
378,2968
371,2869
364,2114
357,1269
351,1261
349,2721
345,2830
343,1430
333,961
327,993
324,963
319,2897
312,2674
305,1746
303,1320
627,1757
627,2142
625,1880
620,1886
675,3964
661,2299
627,5876
596,3188
578,5661
556,2930
599,7089
592,3214
578,2107
636,2143
609,2176
595,1894
576,2131
575,6645
575,5197
575,2845
573,1872
630,1896
630,6515
626,3344
622,2274
618,4766
694,2459
679,6241
657,2614
649,3269
633,1831
614,1439
602,5417
585,2751
577,1824
566,1254
621,1377
617,1395
605,1368
591,1355
574,1365
566,1295
557,1404
549,4654
542,3782
535,1977
533,1265
533,4427
531,2776
528,2931
535,1664
514,1535
486,4321
463,2939
445,1575
432,2980
491,2131
486,2849
464,1671
485,1208
469,3451
459,2354
452,1187
451,3567
451,2026
451,2452
448,1318
448,1004
446,3047
446,2696
445,2129
441,2190
437,1602
431,1118
417,2845
403,1916
393,2821
378,1469
371,2679
364,1434
357,997
351,2552
349,2628
345,1216
343,2530
333,1776
327,1085
324,2415
319,1805
314,1256
306,1155
303,2173
627,1723
627,2321
625,1768
613,1743
657,1881
631,1823
608,1857
576,1877
549,7057
606,4823
596,2817
580,1906
550,1794
605,6156
594,3724
586,2353
578,1663
575,1466
575,5717
575,3918
575,2449
626,1601
626,5617
626,2961
623,1899
703,4158
695,2572
682,4189
662,2121
651,1538
635,5190
614,2729
604,1779
587,1207
579,4504
566,2573
621,2704
617,3351
608,1672
592,4252
576,2247
566,3005
561,1562
550,1325
544,1320
536,3934
533,2672
533,2838
529,2876
519,2839
514,1435
493,1022
474,1017
448,1037
438,986
496,3413
487,3319
469,1673
456,1037
474,1017
466,999
459,1001
453,999
451,954
451,3008
451,3009
451,1538
446,1098
446,2921
446,2382
445,2208
442,1339
438,1110
432,2899
422,2820
406,1240
393,1061
378,1037
371,2786
364,2674
357,1345
351,2545
349,1728
346,2479
343,1347
333,1122
328,1084
324,1061
319,2404
314,2414
306,1604
304,1228
627,1729
627,2028
614,2039
599,2060
647,1825
620,2515
587,1895
567,2071
547,2582
605,2061
583,1934
560,2427
551,1926
603,1920
594,2382
587,1909
578,7197
575,5597
575,3900
575,2561
571,4503
626,2345
626,1623
626,1685
624,6358
704,3361
698,2257
686,1568
677,1541
661,1736
639,5882
622,4058
608,2398
592,1604
582,1798
606,5514
623,3193
620,1982
616,2978
597,3961
584,2058
570,1517
562,1485
553,4993
549,3491
538,2059
533,3635
526,3577
514,3183
503,1797
505,4715
480,2546
460,2591
451,3271
440,1598
486,1378
465,1409
454,4189
455,2827
478,3038
471,1549
463,1308
455,3909
451,2631
451,1446
449,1246
449,1230
446,1191
446,1231
446,1194
446,1167
443,1205
441,1170
437,1250
428,1294
415,1277
400,3590
391,3641
378,1864
369,1296
361,1327
356,1269
351,3386
349,3380
345,1754
342,1218
333,1222
326,1215
324,3331
317,3268
312,1724
305,1394
628,1948
612,2516
598,2316
653,2192
630,2148
603,8312
592,3937
571,2606
553,6087
588,3274
569,6678
553,3279
556,2223
614,2019
599,1966
593,7328
585,4540
576,2840
575,1962
571,2119
627,1934
626,2196
626,2034
626,2201
626,7112
707,4479
701,2633
694,4062
690,2282
669,6532
651,2728
633,1756
614,1649
604,1686
585,1616
612,1572
625,1520
621,1488
618,1554
608,5029
591,3392
576,2055
566,1355
559,3564
550,2696
542,1508
526,1341
511,4460
503,3125
504,1625
488,3236
476,1930
463,4165
451,2123
430,1219
474,3701
459,2330
454,2634
492,1597
480,1146
470,1176
464,1172
457,1096
452,3162
449,3147
449,1664
449,1027
449,3180
446,2158
446,1135
446,934
445,923
442,914
438,867
432,852
422,2717
405,2466
393,1291
378,891
371,2439
364,2388
357,1004
351,836
349,855
345,816
343,2217
333,2174
328,1509
324,2180
319,1522
314,1150
303,1099
606,1641
593,1898
579,1856
622,1989
611,3986
590,2341
578,1854
556,1808
530,1703
567,1830
556,6648
555,4952
627,3218
613,1832
598,1812
592,7304
585,3845
572,2382
571,1529
571,1758
628,6937
628,3232
626,2184
626,4539
626,2727
707,6916
701,2566
694,1704
692,6142
670,2953
651,1962
635,6605
614,2940
604,3716
585,1907
639,1384
625,6163
622,2664
618,1777
608,1254
591,1248
576,1290
566,1236
559,1187
541,1145
522,1312
507,1347
493,4807
478,4308
484,2062
473,1439
464,4506
449,3330
428,1713
473,3192
457,2126
456,3797
454,1684
489,1159
478,3624
469,3144
461,1419
455,2792
450,1982
449,2588
449,1563
449,1330
446,1311
446,1305
446,3373
446,3377
444,1559
441,3369
437,1775
429,2534
415,2530
401,1466
391,1047
378,984
369,2961
361,2796
356,1348
351,2792
349,1951
345,1019
342,2774
333,1892
326,1182
324,1191
313,1135
302,2530
292,2414
577,1675
557,2207
554,1937
601,1795
590,1761
565,1692
546,1777
524,1607
572,1717
556,1933
556,1783
559,2911
626,2159
610,2137
593,2680
582,2085
578,2074
571,2005
571,1997
571,2355
628,2481
628,2443
626,2426
626,2422
710,2402
707,2434
703,2398
705,2349
695,2388
676,2339
654,2305
636,2268
615,2238
604,2167
623,2074
639,2006
626,1925
622,1884
619,1882
612,1877
592,1786
579,1714
563,1659
550,1634
524,2484
510,2821
490,1018
474,887
468,909
476,984
463,1331
446,1492
427,1383
413,1224
465,1219
457,1194
456,1180
459,1375
491,1156
481,1168
465,1127
459,1148
455,1138
449,1164
449,1108
449,1094
449,1096
449,1097
446,1090
446,1096
446,1101
446,1080
443,1097
440,1098
434,1095
424,1095
411,1096
397,1276
389,1101
373,1095
366,1103
359,1101
355,1095
350,1089
347,1100
344,1100
336,1050
330,1067
322,1031
311,1006
305,959
293,981
570,1628
554,1778
549,1747
600,1675
583,1779
560,1785
539,6972
521,3691
571,2232
557,1743
556,1703
561,6360
626,4324
609,2504
590,1752
579,1530
577,1535
571,1483
571,1446
571,1440
628,5619
628,4734
626,2388
626,1618
710,1455
707,5485
703,2903
706,2024
695,1398
676,1327
652,1314
636,5325
614,3570
604,2194
621,1429
639,1705
625,1198
622,4637
618,3420
608,1982
592,3056
576,1734
560,1450
540,4371
523,2985
506,3198
483,2916
473,1557
483,3980
475,2443
461,1443
442,3914
426,2580
412,1374
461,3623
456,2452
455,1348
458,3698
489,2255
472,2714
463,1647
458,1168
452,1113
449,1094
449,3332
449,4072
449,2507
446,1245
446,971
446,3325
446,2883
443,1292
441,1018
434,1001
425,3252
413,2559
398,1246
389,2185
374,1765
366,1247
359,1234
355,1232
350,2667
347,2693
344,1150
336,1901
328,1903
325,1456
319,1415
311,2481
296,2306
291,1217
570,1649
557,1875
610,1942
597,4942
580,2501
555,7270
531,3195
514,4029
557,2522
556,7388
555,3339
626,5139
615,4242
595,2564
590,1883
580,1467
573,7015
571,3937
571,2432
628,3607
628,2264
626,7021
626,3050
626,3983
707,2328
701,1711
694,7036
689,3047
667,2009
649,1443
633,1473
614,5616
601,2934
584,1944
610,1311
624,1291
621,5084
618,3040
603,3814
587,1927
572,1284
564,4409
552,3272
538,1677
515,1184
500,4867
486,3653
474,1814
483,1393
471,1309
454,5006
434,3742
420,1931
400,3351
456,3196
455,3036
452,1680
487,1197
473,3662
467,3065
461,2966
452,1350
449,898
449,836
449,1144
449,3011
446,2608
446,1691
446,974
446,817
442,2528
439,2522
433,1104
422,930
411,939
393,940
378,942
371,1057
364,1163
357,1135
351,1127
349,1171
345,1149
343,1116
333,1131
327,2268
324,2224
317,2303
312,1158
302,910
295,910
290,2007
579,1625
560,1915
609,1872
590,1746
580,1721
554,6796
524,4416
566,2604
555,4769
553,4445
549,2376
611,5863
597,3016
590,3797
582,2066
571,1532
571,1502
571,1492
571,1489
626,1481
626,5447
626,4719
625,2317
705,3115
701,1318
691,1394
671,1585
665,1524
642,1553
628,1519
610,1439
596,1407
582,1435
576,1334
623,4909
620,3116
617,1938
598,1300
584,3383
570,2018
562,3175
552,1726
549,1237
531,1194
520,4332
506,3618
498,1935
482,1148
481,3946
468,2812
456,1387
437,1208
414,3894
466,2969
455,1260
451,2608
444,1950
474,1247
464,3151
457,2180
453,1098
451,1342
449,4448
449,3374
449,2955
446,2988
446,4071
446,2865
445,1463
441,1237
437,1146
431,1284
416,936
403,2028
392,1025
378,863
370,852
361,2512
356,2545
350,1341
349,1112
345,1107
342,1104
331,1056
325,1041
322,1037
317,1034
312,1195
305,1172
302,1127
299,1128
292,1127
591,1631
570,1840
605,1814
580,1875
565,1824
552,1769
527,1827
566,1816
555,1656
545,6339
535,5060
596,2718
589,1770
580,4622
575,3101
575,2054
571,1767
571,1814
569,1787
626,6847
626,3854
624,2686
620,4473
698,2649
686,1365
666,1423
660,1601
638,5484
620,5308
605,2321
591,1608
582,1280
573,1273
596,1272
618,1198
611,1175
592,1234
579,1311
567,1230
562,1356
550,1362
544,1318
538,1262
533,1297
526,1291
518,1273
502,1293
490,1280
481,1407
461,1361
448,3557
437,3621
419,1924
466,1334
458,1150
441,1133
438,1107
466,1092
459,1075
453,1078
451,1182
451,1325
451,3261
449,4147
446,1753
446,1048
446,1053
445,1040
442,1033
438,1030
431,1151
417,1149
403,1278
393,1320
378,3588
371,3113
362,1618
357,1446
351,879
349,832
345,1324
343,869
333,861
327,1381
324,855
317,807
312,910
305,812
303,802
302,861
302,763
299,762
597,1750
578,1988
625,1872
586,1953
559,2519
545,2550
535,2115
584,1912
562,2015
540,1981
529,2013
591,7067
586,5317
576,2992
575,2068
575,1988
575,2012
569,7940
569,4196
626,2959
626,2023
621,1819
618,1760
694,1900
675,1907
657,1569
644,1669
630,1589
614,1508
601,1473
583,1588
576,1595
565,1536
594,1640
617,1628
602,1615
587,1595
572,1623
564,4775
555,3267
549,2067
541,1256
534,1143
533,1168
533,1143
529,1490
515,1301
506,1230
484,1366
467,1527
443,1434
434,1386
425,1395
485,1365
472,1357
443,1352
472,1301
463,1288
454,1196
451,1184
451,1165
451,1167
451,1160
448,1193
446,1210
446,1204
446,1207
442,1211
440,1205
433,1213
422,2875
411,2923
394,1499
380,1499
371,1451
364,1420
357,1399
351,1399
349,1402
345,4005
343,3963
333,2053
327,1444
324,1360
317,1389
312,1359
305,1399
303,1378
302,1312
302,3838
302,3868
299,2077
602,1756
635,2270
608,1890
588,2016
559,1861
538,1906
530,1777
588,1791
565,6934
534,4576
594,2780
582,1845
575,1852
575,1931
575,6364
575,4333
573,2700
573,1794
630,6329
624,3484
621,2240
616,4772
607,2473
668,6294
652,3067
631,1923
624,1525
608,5778
592,2983
582,1956
573,3917
564,2311
561,4965
613,2684
591,3556
579,1798
567,4588
562,2350
550,3285
543,1581
535,4047
533,2134
533,2199
531,1497
529,1297
523,1296
507,1252
501,1225
471,1218
457,1181
439,1170
426,1227
487,1443
475,1390
457,1388
434,1379
465,1364
452,1307
451,1310
451,1275
451,1273
448,1294
448,1272
448,1280
448,1280
443,2932
441,2948
434,1294
424,2188
412,1613
397,2108
389,2082
373,1254
366,2702
359,1786
354,1965
350,1453
346,1937
343,2592
333,1707
328,1097
324,2506
319,2437
314,1825
305,1837
303,1386
302,2383
302,2397
302,1272
299,2335
296,1581
285,2132
575,1575
607,2047
581,1786
565,1975
545,1849
527,1613
577,1667
562,1755
549,1699
518,1665
584,1621
576,1663
575,1897
575,1832
573,1817
573,1836
573,1864
572,1836
625,1869
617,6070
608,4102
592,2523
654,1649
632,1503
616,5572
610,3347
596,2009
582,3808
576,1989
564,1461
561,4927
557,2615
569,1634
584,1253
570,1245
562,4357
552,3000
548,1832
537,3104
532,1845
532,4017
533,2092
530,2973
526,2832
513,1484
501,1249
487,1247
483,1252
461,3611
445,3695
436,1752
421,3456
471,1865
464,1282
455,1289
441,1293
460,1275
454,1244
451,1225
451,1198
448,1124
448,1134
448,1104
448,1238
445,1267
440,1245
434,1233
424,1250
413,2871
398,2815
389,1465
374,2069
367,1508
359,1483
356,1487
350,1444
347,2518
344,2513
339,1368
331,2458
325,1697
319,2449
316,1716
312,1301
305,2366
302,2363
302,1267
302,2341
302,2318
299,1773
296,1777
285,1343
578,1703
612,1781
588,1742
571,1676
553,1727
534,1795
577,1673
564,6579
555,4026
541,2350
589,1813
579,1732
575,1712
575,1722
573,1668
573,5844
573,5033
573,2520
626,3274
618,1957
611,1528
599,5721
657,3004
639,1975
623,1376
614,1325
602,4863
585,3346
577,1966
566,1271
562,1100
558,4181
578,2743
590,1526
576,2758
566,1603
558,3503
549,1861
541,1144
535,2648
533,2534
533,2555
531,1534
529,2530
523,2567
511,1563
499,1092
492,1102
472,1070
456,1073
444,3206
430,3191
480,1677
469,3088
461,1406
449,3244
464,2025
454,1069
451,913
451,893
451,2736
448,2730
448,1483
448,1034
448,1021
444,2779
439,2765
433,1213
422,865
411,872
394,860
386,976
371,1052
366,2572
359,2530
354,1740
350,1115
347,1104
344,2480
336,2494
328,1309
325,1070
319,1066
316,1075
312,1070
304,2302
302,2254
302,1562
302,2236
301,1588
299,1212
295,2244
647,1635
634,2029
605,1819
581,1837
561,1842
544,1765
593,1804
577,1686
562,1692
556,1829
604,1822
584,1765
576,1749
575,1842
575,1840
573,1774
573,1788
629,1801
630,1773
625,1835
618,2323
611,2165
678,2122
657,2219
639,2158
633,2747
614,2135
602,2007
585,2466
579,1961
566,1887
562,2366
590,1863
607,1869
591,2389
576,1827
566,1816
561,2301
550,1776
543,1784
536,1909
533,1694
533,1698
532,1792
530,1644
525,1622
528,1764
516,1602
492,2054
471,1651
454,1580
441,2123
496,1519
485,1519
471,2025
508,1572
490,1500
464,2026
454,1420
451,1412
451,1987
451,1413
448,1396
448,1515
448,1423
448,1402
443,1510
441,1461
434,1434
425,1467
413,1418
398,1757
390,1331
374,1317
367,1761
359,1301
356,1288
350,1809
349,1242
345,1242
340,1385
331,1197
325,1202
322,1281
317,1207
312,1200
305,1888
303,1505
302,882
302,956
302,849
299,1225
673,1905
662,2453
638,2084
606,2610
582,2339
567,2272
613,10119
595,3652
580,2522
644,2486
626,2172
598,2029
580,2035
575,1798
575,1729
575,7420
573,3616
630,3003
630,1834
630,1686
622,2121
618,1745
694,1690
676,2218
657,1650
645,1496
630,2037
614,1510
601,6540
584,3415
577,2013
565,1406
621,2148
617,5952
605,2719
587,3726
574,1984
564,1284
557,1496
549,1411
541,1182
535,4767
533,3071
533,2298
531,2659
527,1490
534,1654
521,1156
502,1079
473,1551
456,1002
515,992
499,4046
487,4238
475,1934
507,2088
491,1381
464,1176
455,3412
451,2223
451,2384
451,1266
448,987
448,3033
448,1959
448,1113
444,976
441,961
437,940
429,964
415,938
401,2911
391,2693
378,1357
369,2783
359,1540
356,1027
350,1025
349,1018
345,1037
342,1015
331,966
325,1000
322,1067
317,1077
312,1199
305,1221
302,1232
302,1229
302,1221
302,1249
299,1223
673,1644
644,2165
617,1748
592,2028
573,1836
622,1799
599,1724
592,1723
582,1861
633,1914
606,1961
586,1826
576,1829
575,1891
575,1930
575,1949
573,1944
630,1925
630,1956
630,1953
622,1865
701,1981
694,1939
679,1882
667,1899
651,1871
633,1807
614,1806
604,1758
585,1644
579,1649
598,1497
621,1510
617,1558
608,1465
592,1437
576,1386
566,1348
561,1348
550,1397
544,1266
536,1276
533,1266
533,1368
531,1357
529,1324
539,1325
523,1312
502,1223
475,1205
458,1201
512,1216
494,1272
488,1302
487,1232
504,1241
480,1274
469,1123
455,1125
451,1118
451,1108
451,1244
451,1243
448,1224
448,1213
448,1241
446,1209
443,1237
440,1283
434,1223
424,1234
412,1231
397,1204
389,1197
374,1200
367,1186
359,1234
356,1205
350,1169
349,1321
345,1343
340,1325
331,1350
325,1271
322,1303
317,1275
312,1231
305,1215
302,1048
302,1193
302,1195
302,1417
683,1745
669,2249
637,1891
610,1845
588,5545
633,2824
608,1895
596,1721
597,7843
651,3610
615,2606
600,1759
587,1872
576,7156
575,3556
575,2335
575,1624
630,5427
630,2938
630,4882
626,2617
706,1715
701,6907
694,2958
690,1951
668,1522
651,6663
633,2811
614,1794
604,4170
585,2258
612,4054
625,2347
621,3823
618,1935
608,4873
592,2157
576,3434
566,3058
562,3332
550,1673
542,4211
536,2144
533,2989
533,2793
546,1667
543,1347
530,1308
508,3819
486,3011
463,1614
517,1189
498,3620
491,2247
492,2726
508,3504
485,1625
469,1305
459,1268
452,1276
451,3874
451,3234
451,2417
448,2481
448,1470
446,1076
446,1074
444,1042
441,1187
437,3437
428,2846
415,2306
399,975
391,838
376,2518
369,2486
359,1082
356,1857
350,1397
349,1105
345,1110
340,1124
331,2504
325,2411
319,1217
316,916
312,876
305,884
302,858
302,2705
302,1919
302,1330
682,1633
662,2119
624,1755
604,1712
584,1911
627,1798
599,1768
595,6508
669,3733
646,2334
613,1607
593,1865
580,1868
575,1950
575,1647
575,1521
632,1629
630,1724
630,5765
626,4507
625,2503
705,1638
701,5708
692,2936
683,4268
665,2172
642,1480
628,1367
613,1339
600,5336
582,3614
636,2207
624,1432
621,1604
618,4876
600,3079
587,3555
572,1809
564,3572
556,2105
550,1493
541,1470
534,1428
533,1422
533,1426
546,4250
542,4282
524,2056
497,1381
480,1217
458,1187
509,1160
493,1246
488,1242
527,3916
505,3891
482,1984
466,1224
454,1203
451,1185
451,3604
451,3569
451,1783
448,1134
448,1132
446,1132
446,1113
443,1124
440,1123
434,1240
424,1401
412,1409
397,1353
389,1340
373,1319
366,1292
359,1263
355,1249
350,1215
347,1238
344,1230
335,1393
328,1394
325,1384
319,1377
316,1346
310,1359
304,1539
302,1526
302,1527
302,1519
301,1515
677,1841
649,2189
616,1977
596,2116
639,2258
613,1965
598,1952
591,1856
655,1914
619,1997
603,2105
587,2052
578,1908
575,1985
575,1965
575,1863
632,2111
630,2100
630,2120
626,2088
707,2086
703,2066
695,2105
682,2076
670,2041
651,2028
635,1898
614,1763
604,1718
585,1738
579,1592
625,1593
621,1587
618,1434
606,1506
591,1462
574,1446
566,1393
557,1333
550,1310
542,1281
535,1386
533,1346
533,1367
531,1363
542,1359
527,1425
503,1332
484,1328
461,1324
513,1542
498,1399
491,1362
491,1379
506,1331
484,1298
466,1326
455,1754
451,1700
451,1691
451,1702
451,1709
448,1590
448,1597
446,1604
446,1600
443,1612
441,1581
434,1505
424,1502
412,1473
397,1457
389,2884
373,2198
366,1205
359,2739
355,1627
350,995
347,986
344,990
336,976
328,2528
325,2554
319,1816
316,1117
312,1096
304,1085
302,1077
302,1086
302,1082
301,1101
298,1099
653,1681
621,2323
598,1857
573,2122
620,1821
598,1881
591,7974
588,3751
637,2553
607,3671
591,5747
580,2995
575,5710
575,3189
575,5446
575,5093
630,2749
630,5744
626,3420
624,4679
704,2487
698,7435
686,2724
677,1747
661,6831
639,3105
621,3353
606,1418
592,1446
582,1409
605,1382
623,1334
620,1284
615,1290
595,3357
579,1246
568,1214
562,4868
553,4621
549,2217
538,1403
533,1082
533,4189
532,2888
530,1530
538,1220
516,1185
490,4051
468,2905
449,1689
501,1258
492,1288
487,1255
486,1272
492,3805
477,3792
462,1645
454,1185
451,1173
451,1181
451,1165
451,1175
448,3542
448,3502
446,1836
446,1304
443,3365
440,2485
434,1442
424,3291
411,2162
397,2406
389,1742
373,2928
366,2077
359,2938
355,1550
350,2967
347,2828
344,1490
336,2635
330,2617
325,2520
319,1404
316,2525
312,1740
304,2496
302,2457
302,1357
302,1367
301,1333
299,1343
648,1693
617,2215
596,1867
570,1793
616,1849
598,4150
591,2678
583,2019
620,2059
600,2005
587,6605
580,3634
575,2328
575,1625
575,1670
575,6385
630,3986
626,2412
626,1642
624,6475
705,3336
698,2041
688,1604
678,6207
661,3202
639,2173
621,4454
608,4273
592,2073
582,5323
605,2716
623,3315
620,1709
615,4688
595,2336
579,3196
567,3173
562,3105
553,1530
544,1526
538,1812
533,1442
533,1402
532,3795
545,1917
533,1187
509,1008
489,893
467,889
447,978
499,868
492,872
487,3758
514,3218
488,1883
469,944
461,2370
453,1367
451,1093
451,988
451,1512
451,989
448,943
446,3122
446,2633
446,1188
442,2153
439,1107
433,3244
422,1406
411,869
394,3038
380,1307
371,2407
364,2388
357,1649
354,1052
350,2295
346,2263
343,976
333,2242
328,2245
324,979
319,2247
314,2203
306,1679
303,1601
302,2170
302,1644
302,2166
300,2173
295,947
638,1612
612,2262
586,1767
558,1956
608,1860
596,6314
588,3454
648,4640
612,2451
598,1965
586,7224
576,3299
575,1970
575,6794
575,3316
630,2073
630,1857
626,1746
626,1868
622,7076
701,4184
694,2793
679,1722
667,1718
647,2125
630,6787
614,3117
601,2044
583,3119
576,1868
624,1678
621,6033
618,2990
600,1865
586,3561
572,1920
562,1429
553,1423
550,1404
540,1363
533,5290
533,3775
533,1922
530,2543
539,3534
517,1719
490,4645
468,2335
451,1287
501,1141
492,1112
487,1091
474,1200
490,1349
474,1437
460,1466
453,1466
451,1399
451,3934
451,4595
451,1670
448,1179
448,3617
446,3148
445,1314
441,2607
437,1962
431,1340
415,3311
402,2351
392,1139
378,2876
369,1982
359,2617
356,2533
350,2503
349,1343
345,1086
340,1052
331,955
325,2178
319,2077
316,1408
312,1108
304,1010
302,990
302,996
302,988
301,1806
298,1835
291,1842
277,1160
599,1418
580,1646
554,1723
601,1661
593,1542
578,1581
553,6294
609,3544
590,2325
576,1551
575,1540
575,1544
575,5788
573,3850
573,2406
630,1609
626,1779
621,1468
618,1463
692,1462
671,1449
655,1404
642,1465
625,1443
610,1398
595,1801
582,1467
574,1435
564,1372
593,1340
614,1348
594,1348
579,1277
567,1262
562,1238
550,1218
543,1529
535,1278
533,1210
533,1344
531,1336
529,1340
522,1363
511,1213
503,1163
471,1150
458,1143
443,1129
429,1117
487,1122
473,1127
463,1107
452,1108
463,1102
452,1043
451,1178
451,1146
451,1113
448,1500
448,1494
448,1489
448,1614
442,1585
439,1539
433,1537
422,1661
406,1490
393,1505
378,1440
371,1433
362,1456
357,1441
351,1405
349,1458
345,1403
342,1398
331,1465
325,1383
322,1386
316,1441
312,1383
305,1350
302,1327
302,1287
302,1301
301,1308
299,1287
295,1286
283,1289
277,1287
267,1260
257,1255
561,1438
542,1525
525,1572
571,1607
560,1584
543,4804
522,2185
579,1635
575,1938
575,1982
575,7323
573,3981
573,2694
573,1682
572,1905
621,1808
615,7333
607,3776
589,2289
653,1536
631,1463
616,5361
608,2727
593,1810
582,1212
574,4651
564,2369
561,1476
556,1838
569,4351
584,2778
570,1582
562,1104
552,4613
548,2404
537,2673
532,1311
533,1114
533,1131
530,4129
526,2723
517,1652
501,2907
487,2831
475,2608
459,1383
444,1192
430,1183
421,3530
474,3522
466,1481
447,1099
429,998
454,1079
451,906
451,1036
451,1024
448,926
448,949
448,910
448,1050
444,1056
441,1054
437,1060
430,1062
415,1056
402,2654
392,2632
378,1388
371,964
362,1093
357,2842
351,3660
349,1831
345,3572
343,1948
333,1219
328,3584
324,3656
319,1518
314,3556
306,2448
304,3528
302,1753
302,3509
302,2391
301,1426
298,3523
294,3349
280,1662
268,1299
261,1501
568,1440
539,1915
529,1515
590,1447
573,1837
551,5554
604,4980
586,2136
575,1791
575,1835
575,1771
575,1753
573,1809
573,1769
629,1826
626,1845
622,1811
618,2010
611,1942
680,7266
659,3102
641,2230
635,1522
614,1686
604,1595
588,5097
579,3321
567,1947
562,1252
591,4217
611,2365
591,1481
579,1138
567,3707
562,2585
552,1395
548,2839
538,1633
533,3578
533,2238
533,3248
531,1665
526,1211
524,1211
499,3809
482,3343
459,1602
439,1970
429,3449
491,1774
486,3461
464,1835
485,2498
469,3200
459,1391
452,1031
451,999
451,1005
451,990
451,3022
448,3907
446,1539
446,963
446,3019
442,2298
440,1093
434,944
424,929
412,915
397,896
389,2783
374,2749
367,1472
359,1005
356,2779
350,1945
349,1174
345,1003
342,1007
333,2597
327,2505
324,649
319,633
314,2466
306,2502
303,1645
302,843
302,2318
302,2362
301,1231
294,2277
284,1666
611,1675
586,1920
632,1723
613,1602
597,1611
590,4617
654,2449
624,1764
600,1609
594,1669
586,1685
578,6771
575,4150
575,2869
632,1595
632,1524
626,1541
626,1354
710,6313
708,3369
705,2387
701,3499
703,1963
686,1393
667,1644
651,1541
635,1542
614,1475
604,5461
652,3270
642,2024
634,1313
624,4877
621,2367
617,1476
600,3355
587,2122
575,1404
567,1236
562,4173
551,2773
544,3136
538,2817
548,3049
546,1545
537,1173
521,4039
509,2596
576,2780
553,3003
529,1504
513,3900
550,2064
529,2831
508,1407
496,2711
489,2649
477,1332
471,2617
464,3507
455,2503
452,2484
451,1489
449,1268
449,1253
449,1260
446,1245
446,1224
446,1209
446,1209
442,1202
440,1202
434,1199
424,1206
412,1196
397,1187
389,2979
374,2831
367,1495
359,1050
356,989
350,992
349,2642
344,2643
340,1391
331,959
325,2509
322,2504
316,1357
312,1083
305,1064
302,1059
674,1737
661,2037
740,1979
713,4144
678,2372
666,1927
721,7317
703,3826
667,2555
643,1795
631,1894
624,1943
609,2356
598,1643
645,1777
637,1753
632,1752
632,1921
712,2170
712,2167
710,2163
720,7442
720,3900
718,2370
715,4459
708,2606
699,1920
678,2057
706,2028
711,1884
690,1766
674,6794
655,3524
644,2531
634,3462
624,1913
621,1487
617,1431
596,1454
580,5917
569,3485
563,2082
553,3431
560,1915
553,5717
544,2934
536,1628
521,3803
598,2831
576,3505
550,2000
537,4419
563,2292
541,1422
515,4040
503,2263
492,2943
483,1504
474,1170
466,1163
457,1162
453,1107
451,1195
451,1311
449,1314
449,3565
446,4213
446,2293
446,931
445,879
442,3505
438,2801
431,2070
417,1005
403,885
393,852
378,3033
371,2660
362,1134
357,2264
351,2098
349,2273
345,1302
342,1093
333,1088
326,1228
322,2765
317,2770
312,2768
305,1423
303,1196
299,1169
668,1785
657,2047
730,2139
689,1884
661,1932
648,1826
707,1810
678,1891
649,1853
634,1802
624,1953
609,1956
596,1900
589,2040
637,2039
632,2018
632,2013
628,2000
712,1972
710,1912
710,1868
720,1826
718,1832
713,1882
706,1805
695,1788
675,1730
651,1699
677,1692
680,1652
668,1609
647,1556
638,1525
626,1471
622,1420
618,1451
604,1419
588,1376
573,1477
565,1486
554,1481
550,1471
555,1433
548,1406
548,1397
539,1389
523,1396
510,1546
571,1532
542,1489
519,1458
512,1441
538,1400
524,1391
503,1385
483,1338
472,1341
464,1338
459,1331
452,1301
451,1312
451,1302
451,1271
446,1210
446,1146
446,1303
446,1293
443,1296
440,1298
433,1302
422,1286
406,1265
393,1245
378,1224
371,1217
362,1219
356,1185
350,1185
349,1193
345,1187
340,1181
331,1141
325,1124
319,1237
316,1250
312,1256
304,1214
302,1208
302,1211
302,1215
300,1180
293,1197
633,1727
608,2167
650,1873
618,1660
606,2051
676,1742
663,1793
627,2015
607,1888
590,1908
580,6612
575,3957
575,2411
632,6379
632,3100
630,2026
630,1806
626,1878
708,1723
703,1763
695,1736
692,6347
670,3839
651,2682
633,1619
614,1589
601,1718
582,6512
636,3773
623,2377
620,1526
617,1536
597,6364
579,3026
567,1970
562,2990
551,1954
544,6037
536,2758
533,3150
533,1652
531,4416
542,3046
534,4487
508,2210
485,5857
464,3140
445,4064
500,3641
488,3842
477,2079
509,1532
493,1514
469,5175
454,3599
451,1857
451,4890
451,2317
448,1319
448,1189
448,4181
448,4077
442,1960
439,1355
431,1402
417,1357
403,3770
392,4081
378,1603
369,3514
359,1947
356,3604
350,1799
349,1282
344,3382
339,2223
331,1252
325,1294
319,1227
316,3374
312,3371
304,1713
302,1180
302,3208
302,2753
301,1387
298,1171
294,3101
283,3110
274,1695
264,2365
256,2388
561,1648
610,2099
586,1797
569,1814
558,5063
621,2653
592,1684
579,6690
575,3997
575,2217
575,7440
573,3484
573,4431
630,5321
627,2864
618,1742
611,1749
679,2098
657,1796
639,1853
621,1724
614,1764
601,1612
583,1496
576,1356
565,1949
562,5005
558,2993
599,2282
586,1274
572,3971
562,2688
553,1412
549,1258
539,1284
532,5241
533,5370
533,2239
530,1404
526,1140
513,5066
501,3014
499,1717
479,1214
458,4539
445,3593
431,1734
481,1734
469,1049
461,944
450,951
463,3580
459,3618
451,1945
451,3826
448,2105
448,2898
448,1713
448,3952
445,2115
441,2903
435,1775
425,1499
414,3864
398,2460
389,1363
374,1172
366,3178
359,3164
354,1598
350,1329
346,1311
343,1307
333,1289
328,1278
324,1292
319,1299
312,1308
305,1219
303,1452
302,1423
302,1411
302,1377
299,1402
296,2698
284,2828
280,1903
270,1176
263,2673
250,2475
243,1307
232,1093
505,1412
560,1562
550,1621
530,1538
517,1569
579,1577
575,6045
573,3188
573,4185
573,3762
573,2021
570,1572
566,1596
610,1581
594,5764
577,4220
557,2253
616,3758
601,3238
584,1963
582,1456
574,1406
564,1335
559,1304
554,1298
538,1391
527,1383
539,4195
561,3653
549,1847
541,1358
534,4127
532,2610
532,1493
530,1173
527,3992
518,2745
502,1504
494,3761
480,2163
469,1377
453,1162
448,3510
436,2459
414,1482
400,3339
392,1856
445,2269
433,1404
419,1173
418,1150
448,963
448,2616
448,2467
448,1368
445,935
443,919
438,938
428,2476
414,2450
398,1143
390,780
374,773
367,789
359,2076
356,2126
350,1509
347,891
344,871
338,2098
330,2155
325,1402
319,1087
316,1086
312,2008
304,2036
302,1341
302,1899
302,1392
301,1053
299,2056
295,1985
283,1328
277,1040
272,1027
268,1040
258,1037
247,1037
244,1983
233,1866
224,1973
218,1841
480,1309
535,1885
525,1447
506,1410
506,3267
573,1522
573,1695
573,1655
572,1579
568,1556
564,1620
554,1533
587,1557
574,1530
554,2300
542,1678
528,1479
583,1424
574,1402
565,1399
564,1209
559,1188
556,1197
538,1158
527,1183
518,1125
513,1135
523,2246
543,2006
537,1386
532,1126
532,1049
530,1056
528,1036
523,1044
512,1038
499,995
485,982
477,972
463,962
447,968
447,1104
432,959
413,1696
400,1889
392,1145
383,1087
433,1684
419,1100
412,1030
451,1404
448,806
448,798
448,849
447,1249
443,1543
439,1737
431,1358
416,1207
403,1229
392,1018
378,986
370,897
362,847
356,853
351,864
349,846
345,897
342,830
331,868
326,788
322,824
317,1117
312,1017
305,1266
303,757
302,705
302,912
302,845
299,829
296,935
285,969
280,1149
273,1974
268,2373
256,2224
248,2226
243,2152
232,2072
222,2111
218,2034
212,1879
466,1822
510,1595
501,1793
498,1458
573,1449
573,1623
573,1474
572,2241
569,1552
564,1407
550,1366
537,1403
574,1536
554,1620
541,1614
528,1847
518,1637
574,1611
563,1554
554,1515
559,1476
553,1447
538,1336
527,1334
517,1332
513,1329
504,1310
541,1305
534,1295
532,1242
532,1252
530,1216
527,1256
518,1238
509,1252
496,3545
481,3433
471,1800
458,1107
439,1098
427,1091
421,3419
405,3510
396,2001
384,1195
378,887
425,876
417,892
410,933
407,1014
448,995
448,1091
448,1082
445,1114
443,1102
436,1085
425,1096
413,1078
398,1034
389,1206
374,1153
367,1156
359,1192
356,1116
350,1110
349,1152
345,1103
340,1103
331,1093
325,1057
322,1056
317,1084
312,1059
305,995
303,1023
302,1131
302,1141
302,1184
299,1136
297,1136
292,1173
280,1048
273,1042
269,1080
264,1002
249,978
244,998
236,912
223,1796
219,1794
215,1783
210,1233
525,1223
506,1275
501,1277
505,1238
573,1342
573,1305
573,1423
571,1339
568,1339
561,5302
547,4706
532,2192
565,1456
553,5036
537,2387
528,1451
579,1213
571,1198
559,1189
562,1158
558,1175
552,1150
538,1125
527,1121
517,1197
513,1283
523,1258
543,1131
535,3382
532,3299
532,1494
530,1075
528,1072
523,1075
510,1054
499,999
485,1018
475,979
459,957
439,1043
428,1041
424,1002
407,997
399,1128
391,1112
379,1147
425,1134
417,1107
410,1096
416,1068
448,1070
448,1078
448,1069
448,1080
444,1065
442,1059
433,1028
422,1018
411,973
395,934
386,1095
373,1090
366,1128
359,1100
355,1086
350,2621
347,2668
344,1430
336,969
330,965
325,964
319,814
316,1433
312,1564
304,1451
302,1398
302,1223
302,1251
302,1261
299,1236
295,1211
284,1214
280,1178
273,1169
263,1208
251,1163
246,1168
235,1140
227,1154
221,1154
216,1142
209,1145
511,1257
506,1353
498,1327
505,1340
573,1398
573,1433
573,1353
573,1336
571,1470
566,1492
557,1434
547,1506
584,1719
566,1957
553,1968
537,1954
595,1895
583,1879
574,1854
573,1819
564,1781
561,1791
556,1766
542,1771
532,1739
520,1750
535,1742
553,1720
549,1686
539,1645
533,1617
532,1601
532,1617
530,1616
527,1590
519,1599
510,1549
490,1513
464,1522
448,1490
449,1469
433,1475
423,1458
414,1424
404,1431
387,1402
429,1557
415,1528
410,1504
416,1474
451,1464
451,1467
448,1464
448,1472
448,2129
446,2047
443,1338
441,1333
437,1323
430,1235
415,1077
403,1019
393,1018
378,1017
371,1309
364,987
357,972
351,948
350,702
346,940
344,696
335,1982
328,2017
324,2562
319,1736
316,1866
306,2354
304,1555
302,2239
302,1921
302,2523
301,3325
298,1705
291,3334
274,2250
265,1335
251,1353
242,3271
233,3217
227,3197
225,1592
217,1321
527,1278
512,1710
501,1372
575,1265
575,1394
575,1777
575,1891
573,2031
573,4128
569,2782
567,5518
620,3076
612,6410
601,3098
581,2025
565,7010
625,2857
605,2020
595,5252
585,3076
579,1964
566,6505
562,2802
558,1835
552,4808
538,2897
549,1825
566,5971
557,2500
549,1656
541,1181
534,1460
532,1473
532,1466
531,1576
527,1548
517,1659
496,5507
471,3455
448,2180
445,1620
430,1584
425,1605
421,1596
405,1631
386,1615
430,1567
414,1316
410,1073
451,1073
451,772
451,758
448,2949
448,2831
448,1541
446,2899
443,1573
441,1061
434,1057
424,2913
412,2832
397,1430
389,4313
373,2138
366,3055
359,1821
355,1507
350,1487
347,1489
344,4036
335,4019
328,2022
324,3855
319,1981
314,1298
306,3708
304,3676
302,1847
302,893
302,878
300,2772
298,2739
290,2742
274,1491
264,1207
255,2682
242,2697
231,1332
229,2512
225,1473
215,1109
206,1312
512,1265
499,1358
498,1352
575,1390
575,1415
573,4892
573,3547
573,2219
569,4856
566,2536
562,1881
611,6440
596,2844
579,1737
561,1377
621,1361
605,5181
592,3209
575,1975
576,1429
565,1358
562,1342
558,1347
548,1330
534,1286
521,1360
564,4682
555,2988
549,1818
540,1230
533,1309
532,1086
532,1163
530,4538
527,2723
516,1778
492,1167
469,1111
448,1104
430,1111
427,1139
423,1248
420,1302
405,1324
386,1485
429,1457
413,1435
410,1431
410,1627
451,1592
451,1651
448,1629
448,1573
448,1685
446,1594
443,1585
440,1554
434,1571
424,1582
412,1618
397,1551
389,1535
373,1533
366,3785
359,3714
355,1598
350,1147
347,1133
344,1112
335,1070
328,1157
324,1324
319,1296
316,1519
306,1436
304,1266
302,1259
302,1251
302,1279
301,1479
298,1480
291,1460
274,1492
264,1461
250,1391
242,1383
233,1366
227,1336
224,1617
217,1652
206,1871
201,1850
501,1337
498,1522
505,1463
575,1467
575,1479
573,1805
573,1792
569,1781
567,1632
564,1785
557,1745
601,1783
581,1709
565,1512
553,1949
605,5889
595,5119
577,2443
577,1732
566,1436
562,1446
558,1422
550,1417
535,1506
523,5354
537,4052
557,2326
549,1496
540,1357
534,1357
532,4976
532,3864
530,2252
526,1381
509,1388
479,1363
462,4502
440,3942
422,1870
413,1293
422,1281
412,1275
386,1231
378,1341
365,1465
413,1346
410,1541
410,1515
416,1468
451,1503
448,1463
446,1421
446,1427
446,1448
442,1393
440,1475
433,1448
422,1402
411,1433
393,1373
378,1310
371,1354
364,1295
357,1263
351,1276
349,1207
345,1183
343,1264
333,1126
327,2375
324,2458
317,1714
312,1291
305,1060
303,2434
302,2333
302,1299
302,1039
296,2341
286,2349
272,1624
259,979
246,2249
240,2263
231,2129
225,1133
216,1128
212,2066
204,2115
201,2017
198,1327
197,1375
498,1175
498,1578
505,1290
573,1319
569,1385
569,1516
568,1424
565,1516
560,1496
553,1513
538,1614
574,1754
556,1706
545,1700
531,5131
584,3594
574,2145
566,1399
564,1228
561,1205
556,1209
541,1256
527,1387
518,1342
513,1536
525,1534
543,1532
537,1509
532,1476
532,1482
531,1472
520,1469
503,4042
485,3394
462,1575
440,1171
425,1167
417,1136
412,1127
409,3585
391,3308
376,1610
368,1195
361,1190
355,1103
410,1117
410,1109
410,1124
416,1241
446,1119
446,1131
446,1116
445,1102
442,1115
438,1108
431,1106
417,1119
403,1026
393,1006
378,2383
371,2406
362,1576
357,1004
351,1002
349,996
345,973
342,1000
333,960
326,967
322,1104
317,1066
312,1047
305,1035
303,1042
302,1039
302,1043
300,1096
291,1086
285,1110
272,1082
255,1000
245,1016
238,1072
233,990
225,976
217,1118
211,1118
204,1088
201,1045
200,1046
197,1277
197,1267
498,1159
498,1269
569,1340
569,1297
569,1278
569,1425
567,1330
564,1361
557,1339
547,1334
587,1339
568,1454
553,1540
538,1535
528,1702
583,1750
574,1808
565,1783
564,1847
561,1717
556,1720
541,1643
528,1752
520,1561
513,1549
552,1551
549,1552
539,1523
532,1532
532,1511
525,1512
512,1498
499,1478
483,1434
460,1406
443,1355
428,1329
421,1332
405,1396
402,1497
392,1479
381,1423
373,1424
368,1432
418,1428
412,1402
410,1408
410,1395
451,1391
449,1428
446,1389
446,1390
446,1424
446,1386
443,1362
440,1358
434,1307
425,1266
414,1175
399,2466
391,2482
378,1278
369,763
361,687
356,703
351,710
349,826
345,922
343,1145
333,1191
328,1174
324,1148
319,1179
316,1151
312,1137
304,1030
302,1024
297,1071
292,1079
289,1249
277,1247
266,1249
255,1965
246,1960
240,1312
230,1287
222,1269
216,1143
212,1097
210,1089
206,1074
201,1038
509,1126
503,1235
575,1329
571,1295
571,1302
571,1233
569,1203
569,4902
569,3400
568,1991
621,1396
615,1410
607,4885
589,2851
653,3345
631,1716
616,1241
601,4654
596,3051
582,3260
576,3131
564,1566
562,4304
558,2237
546,1348
586,4196
572,2214
564,1455
555,4026
549,2106
536,2968
522,1779
506,1298
499,3752
484,2631
469,1373
458,1064
448,3657
430,2914
419,2171
406,3294
396,1785
394,3284
391,1762
439,1196
430,1214
423,1209
422,1201
453,1194
449,1207
449,1181
449,3059
449,3666
446,2258
446,1154
446,3032
446,2075
443,1133
440,972
434,986
424,3035
412,3137
398,1509
389,922
374,904
367,2772
359,2820
356,2171
350,1314
349,1102
345,1116
342,1072
331,2684
326,2695
322,1441
317,992
310,2782
298,2634
292,1414
288,949
278,2565
272,2568
265,1791
258,1865
249,1408
235,2421
228,2403
217,1277
217,2357
216,2339
212,1737
210,2313
527,1327
522,1506
582,1481
576,1428
571,2704
571,1906
571,1973
571,1931
569,1888
569,5735
626,3462
624,3886
621,2169
618,1511
693,1537
675,5639
657,3107
644,2032
630,3084
614,2044
602,1569
585,1527
579,5160
566,3359
594,2102
617,1358
607,1233
592,4580
578,2920
566,1644
553,1291
530,1290
516,4220
499,2909
479,1568
471,3926
467,2375
459,1420
443,1213
437,1221
422,1172
411,1252
399,1227
396,1318
455,1566
452,1533
448,1527
438,1526
462,1500
455,1491
450,1459
449,1453
449,1427
449,1408
449,1427
449,1433
446,1341
446,1347
446,1339
446,1332
443,1319
441,1340
434,1326
428,1316
415,1342
400,1273
391,1283
378,1279
371,1275
364,1262
357,2704
351,2693
349,1479
346,1003
344,2739
335,3840
323,3931
315,1949
306,1300
293,1272
282,1162
272,1274
263,1217
261,859
251,1122
247,1270
234,1084
231,1028
227,1150
222,1108
219,998
216,1101
551,1437
548,1608
604,1518
592,3489
572,2413
571,1518
571,6576
571,2885
571,1847
627,1384
628,6525
628,3328
626,1912
626,4818
710,2519
707,6708
703,3701
706,2550
695,1985
676,1650
660,1716
638,6683
619,3103
605,2008
625,1379
642,1616
632,6449
624,1574
619,4623
610,2784
583,1594
553,1452
535,1345
516,1312
494,1338
486,1393
468,1427
455,1417
454,1570
445,1480
425,1522
422,1517
413,1412
408,1307
464,1393
457,1342
451,1303
487,1250
477,1278
470,3211
453,3586
449,1367
449,2370
449,1654
449,1110
450,1111
450,1111
450,1108
447,937
447,947
447,2437
447,2481
445,1085
443,1886
439,1394
432,1871
417,1388
404,1128
394,1133
380,2453
373,2370
364,1079
359,877
353,872
351,2354
345,2326
340,1249
323,842
315,843
300,809
289,2173
279,2125
266,1467
260,1128
250,2015
244,2014
237,1393
233,1072
230,1968
228,1968
222,1394
221,1067
553,1341
614,1698
609,1476
604,1480
587,2747
576,1694
571,5797
571,3512
571,4751
628,4361
628,2333
628,6711
628,2687
628,3376
710,4161
710,2531
710,1719
718,1645
713,1765
708,1609
696,1702
677,1698
662,1585
641,1489
691,1426
675,1554
660,5892
644,3434
637,2396
616,1311
601,1372
588,1281
567,1210
537,5008
515,3508
499,1837
491,1198
468,4128
462,3162
444,1625
427,3088
423,4220
422,2863
484,1505
479,1302
474,3986
461,3311
491,1405
480,1038
468,1052
468,3558
461,4486
451,1691
449,2599
449,1563
450,1145
450,3350
450,3205
450,1436
450,3431
450,1831
447,2700
447,1534
448,1117
448,1108
445,3352
443,4292
438,1612
430,1092
417,1089
401,1084
393,1075
380,1067
371,3219
361,3265
354,1740
342,2949
338,2128
327,1275
314,1281
299,1281
287,1436
281,1296
270,1282
258,2916
244,2812
237,1956
233,1191
233,1204
232,1214
229,2631
228,2629
577,1626
627,2046
612,1690
596,1898
594,4857
589,2560
576,1785
571,6800
571,3602
628,2098
628,1964
628,7805
628,3613
712,2498
712,1735
710,1998
720,2084
720,2073
720,2009
717,2029
711,1687
704,1936
692,2036
714,1633
721,1674
704,1915
681,1594
669,1528
645,1473
629,5355
601,3564
589,2032
576,1343
548,3446
530,2537
505,1504
492,1253
474,4343
512,2893
488,1513
467,2967
461,1753
460,1724
523,3838
517,2567
510,1499
503,1082
524,1095
513,3749
500,3316
499,1567
489,2640
478,2574
477,2612
477,1341
478,1095
478,1083
478,1086
478,3216
506,3784
503,1446
503,1012
504,1023
504,988
501,992
499,3057
494,3711
481,2300
469,1201
452,859
440,2931
423,2886
412,1332
403,2984
396,1675
388,1169
381,1182
372,1188
357,3061
337,2973
326,1273
314,2217
303,2979
289,1569
275,2134
269,1626
259,2095
258,1570
252,1598
250,2783
245,1849
243,2186
573,1577
630,1854
619,1775
611,1641
593,4033
583,2231
578,6540
578,3469
578,4694
635,4303
635,2259
635,1741
635,1715
717,1739
717,1741
717,1701
725,1722
722,1729
715,6378
705,4152
684,2460
668,4140
646,2268
667,6114
676,2782
659,3598
649,1930
638,1497
629,5552
617,3058
601,2028
571,1386
548,5303
523,2903
508,3168
489,1923
476,1618
520,4827
499,3046
483,3169
468,1628
459,1371
454,4019
515,2790
508,1461
499,2943
488,2183
516,2816
511,1693
503,1155
486,1104
481,3220
478,3218
478,1406
478,2299
479,2235
479,1362
479,1156
479,3012
504,1933
504,1043
504,2816
504,1926
500,1015
496,774
488,778
473,2717
459,2698
447,2074
429,1019
419,920
406,852
400,2647
391,2622
390,1392
383,949
371,948
356,919
339,891
324,2400
315,2395
303,2454
292,1269
280,1025
272,1024
266,993
257,2239
252,2506
250,2020
245,841
242,766
236,691
632,1521
621,2026
608,1711
595,1589
579,1695
578,1684
578,1870
578,1612
635,1696
635,1633
635,1765
633,1751
633,6546
717,4302
716,2541
712,1847
717,1698
707,6573
685,3253
669,2069
648,1597
629,1576
611,5948
631,3843
648,2308
631,1456
627,1587
623,1464
613,1360
588,1282
560,1337
541,1370
523,1515
499,1447
481,1555
471,1549
464,1500
511,1490
496,1479
475,1478
458,1468
448,1403
440,1369
493,1520
490,1513
489,1527
518,1468
500,1390
489,1359
484,1377
478,1322
478,1296
478,1307
478,1300
479,1297
476,1286
476,1275
476,1284
476,1289
500,1264
497,1319
488,1270
474,1272
460,1272
446,1238
429,1193
418,1205
404,1143
399,1136
391,1156
388,1092
385,1077
374,1059
363,1071
357,1023
350,1019
339,1105
326,1113
316,1051
304,1758
298,1996
293,1801
285,1264
276,1362
261,1222
252,1225
240,1220
237,1171
236,1190
232,1157
230,1169
223,1516
597,1566
593,1906
581,1771
578,1749
578,2286
578,1774
578,6840
576,4007
633,2446
633,1753
630,5269
627,3073
702,2481
689,5050
667,2673
648,2262
642,7539
621,3449
610,2583
591,4767
582,2325
571,2181
567,1505
622,1571
609,2315
593,6096
578,3486
568,1795
561,3726
545,3905
529,1794
510,1688
501,4240
486,2056
474,1491
464,1045
452,1070
493,1022
473,1022
446,1071
432,1243
431,1364
490,1378
486,1360
472,3654
468,4463
527,1550
521,1155
514,1101
513,1075
513,1052
513,1055
510,1191
510,1180
546,3279
546,3522
543,1463
540,927
562,919
554,3242
538,2960
527,1198
508,2428
491,1419
481,1197
472,1188
464,1163
457,2989
451,3030
447,1237
445,891
434,2714
423,2107
417,1183
412,1002
404,2642
390,1834
377,1124
369,947
355,929
345,2438
337,2469
326,1815
316,3654
300,1786
290,3505
278,2444
277,1424
276,1312
272,1329
270,1336
264,3059
617,1558
614,1967
603,1685
598,1941
598,1694
598,6090
598,3345
596,1995
653,7475
653,3460
651,2632
645,2092
724,8230
710,2800
688,2197
682,1652
661,2124
643,7875
627,3294
613,2712
604,1586
594,1837
617,1740
639,7186
632,3049
613,2548
599,3957
587,2349
582,1865
565,1875
551,1816
530,1854
518,1752
504,1729
489,1822
482,2062
467,2006
510,2028
484,1992
467,1957
444,1915
442,1920
501,6163
497,3446
485,2063
480,1362
541,5886
533,2406
526,1674
523,1284
523,1229
523,4216
523,4157
520,4029
556,2110
556,1594
553,5464
550,2173
570,1474
562,3216
544,2304
527,2248
514,1178
496,4526
487,2135
477,1259
469,1004
460,4000
457,2805
453,3055
451,1426
438,2750
429,1638
424,2807
419,1333
411,1033
400,4793
384,4299
378,2693
368,3489
354,2090
347,4539
335,2637
327,1587
311,1514
295,1439
285,3917
281,3771
278,2405
276,2604
274,3572
265,2435
626,1554
617,2062
603,1804
602,1679
602,5182
602,2451
600,5553
600,2693
657,6463
657,3621
653,5168
648,2857
723,8272
708,2941
683,1906
676,1777
657,8040
637,3355
626,2549
608,1663
602,6874
589,3218
617,4483
640,2488
630,1914
614,7414
598,2963
588,2078
580,1460
570,1749
560,7062
545,3095
528,1980
521,1551
510,6851
489,2822
537,4469
522,1994
510,1642
485,1619
460,5976
446,3750
500,2556
497,1681
484,1505
550,5816
543,2666
534,1736
527,3929
524,2460
524,4218
524,2534
521,1771
557,1578
557,1563
557,1543
554,5318
549,2975
570,1722
561,3874
541,2018
526,5230
515,2565
497,3704
488,3416
476,3957
469,3681
459,3330
456,1974
452,5248
450,2663
437,2812
429,1842
423,5077
418,2398
410,3635
403,1781
397,1487
393,4861
387,2910
378,1678
372,1402
355,1372
337,4439
324,3581
316,1566
302,1125
288,3776
283,3714
276,1598
275,1303
269,1289
627,1589
618,2309
611,1825
606,1855
606,1864
602,8911
602,3450
657,2583
657,1985
657,2259
655,8824
650,3814
728,2722
717,1941
694,2079
686,1983
666,1849
648,1821
631,1917
615,1493
605,1507
596,1486
646,1579
643,1613
640,1559
621,1469
606,5850
593,3327
584,2443
574,1403
571,1537
560,6239
550,2494
541,1723
527,1213
518,5929
560,2489
537,1610
523,1165
510,1457
488,5738
523,2791
511,1936
500,1177
496,5740
559,2243
550,1445
541,1049
533,5288
528,2383
527,1544
525,3477
525,1660
558,1120
558,1113
558,1112
558,1125
582,3772
578,3402
571,1620
556,2752
541,1579
524,1178
514,3535
498,2464
487,1302
474,2566
468,1919
458,2544
457,1515
453,1368
448,1751
435,4928
426,2945
422,1676
416,4689
410,2134
402,3246
395,3057
389,1559
382,1337
375,1327
354,1340
340,1507
326,1537
321,1474
304,4131
292,4150
283,2074
279,1724
277,1631
271,3922
630,1656
619,1992
612,1746
607,1823
603,1825
603,1916
603,1837
658,1854
658,1898
658,1978
656,1973
733,2390
727,1887
714,1837
702,1884
678,2187
661,2103
638,2040
627,2181
609,2159
603,2073
622,2054
645,2019
641,1952
629,1946
612,1914
597,1872
587,2021
579,2000
571,1988
562,1927
554,1900
544,1841
529,1865
521,1868
504,1831
538,2016
520,1856
508,1915
495,1883
471,1795
511,1689
498,1704
492,1747
486,1699
546,1692
536,1701
531,1669
528,1665
528,1643
526,1641
526,1662
523,1583
559,1559
559,1565
556,1560
553,1559
573,1560
563,1562
543,1543
528,1521
516,1516
499,1472
489,1450
476,1626
469,1594
460,1543
458,1520
454,1540
450,1531
436,1487
429,1502
423,1494
417,1529
410,1472
403,1453
398,1586
398,1562
393,1589
382,1592
372,1585
352,1614
331,1544
323,1570
313,1525
306,1749
288,1767
282,1746
278,1697
272,1726
269,1659
264,1696
613,1634
608,2033
608,1848
608,1761
604,1821
602,7125
602,3410
659,2235
655,2005
651,2353
644,1896
713,1982
688,2003
668,1857
661,1774
639,1745
628,1735
610,1798
604,1811
591,6172
587,4157
615,2535
629,1660
611,1508
598,5687
588,3450
580,2032
572,4013
562,2270
556,1455
555,4917
549,3405
540,1819
519,1388
503,4711
473,3055
513,3285
500,1670
488,1283
466,4280
448,2972
497,1539
480,1327
473,1445
470,3897
533,3149
529,1652
529,3790
529,2063
529,2899
524,1730
524,3733
524,2155
558,2772
554,1409
547,1092
538,1095
548,3624
530,3607
517,1658
500,4298
491,2143
477,1312
472,1174
461,1114
459,1075
455,1087
451,1097
440,1162
430,1355
424,3801
418,3514
411,1732
403,2819
399,2122
399,3664
399,1906
397,1337
388,1365
372,3691
353,2500
337,2690
319,1527
314,1348
305,1270
300,1260
287,1274
278,3281
270,3288
265,2201
260,3044
259,1588
609,1615
609,2019
609,1722
607,1663
603,1804
603,4511
657,2513
652,2020
646,2025
635,8097
615,3827
676,2859
653,5226
632,2956
629,2080
613,1899
605,1743
592,7119
588,3799
584,2457
576,1668
589,1649
599,7034
589,3216
582,2194
573,3328
563,2143
556,6619
555,3046
556,1914
554,4644
547,2790
528,4999
499,2321
484,6145
521,2831
497,1805
480,5423
476,2904
470,4067
446,3671
483,2068
464,5496
456,2614
530,3691
530,3702
530,1855
530,4870
527,2483
527,1495
527,1202
522,1239
553,1212
546,4632
531,2920
516,1854
497,3387
514,1724
496,1289
485,1311
475,1320
469,1299
461,1310
458,4445
455,3102
441,1723
433,1386
427,1387
422,4324
414,2854
405,2894
400,1526
399,1300
399,3994
397,2394
394,1468
387,3323
373,1998
368,1191
355,1163
346,3027
331,2802
322,1509
311,2025
298,2029
292,1455
287,1506
275,2377
265,2341
264,1281
261,1037
261,1031
608,1530
608,1822
608,1693
605,3438
601,2265
596,5091
635,3269
616,2161
601,4960
581,3190
633,4685
621,1855
608,1551
598,5961
594,3830
591,2298
586,4270
581,2185
565,5449
553,2930
544,3889
588,3450
575,2076
568,4037
561,2347
556,1757
556,1736
555,1765
552,1744
547,5145
534,3471
519,1899
507,1443
493,1418
478,1414
510,1388
500,1378
483,4683
460,4579
453,2351
505,1460
486,1443
463,1388
458,1373
530,1292
530,1288
527,1430
527,1417
527,3969
526,3545
523,1697
520,1255
543,3884
528,2530
513,2613
496,1436
514,1210
498,3547
485,2484
474,1280
470,1083
461,1084
460,3303
456,3319
451,1465
438,1037
431,3085
425,3042
419,1297
412,956
404,2954
400,2826
399,1218
399,2801
397,2026
395,1215
390,2706
380,1898
369,2550
360,1793
350,1087
337,2356
327,2084
312,1559
303,2066
294,1397
291,1088
281,1084
265,1106
264,2118
261,2092
261,1388
611,1431
608,1859
608,1637
608,1517
607,1757
602,1656
650,5900
640,3166
621,1970
604,1573
661,1551
647,1575
631,1539
627,5979
610,4398
602,2565
592,4276
589,3836
585,2005
577,1488
590,5562
602,3383
592,4055
587,2066
575,1429
568,6349
561,2875
556,1855
556,1377
556,1374
553,6301
548,3599
534,2281
516,1482
500,1335
532,1314
515,1275
492,4901
480,4799
476,2292
528,1524
514,5295
490,3075
478,1615
532,1331
530,5385
530,2760
530,3516
530,1666
527,1312
527,1302
527,1301
559,1298
556,4436
549,3672
543,1893
555,2444
541,1624
522,1362
517,3979
499,2684
490,1393
477,2691
471,2011
462,2609
460,1553
456,1075
454,3176
441,3103
433,1318
427,979
422,3078
416,3882
407,2255
404,1079
400,2744
400,1459
400,2750
397,1403
393,978
382,2290
363,1877
351,1007
333,697
320,699
312,688
305,683
303,782
293,1871
276,1918
271,1289
266,1003
614,1424
611,1675
611,1600
611,1650
611,1709
608,1688
661,1705
661,1673
659,1723
654,1724
735,1762
725,2284
707,2263
695,1752
678,1830
661,1771
641,1615
630,1660
615,1649
606,1622
631,1481
650,1464
647,1586
643,1573
624,1676
610,1922
598,1939
590,1822
583,1733
575,1905
566,1766
559,1661
557,1744
557,1723
612,1661
599,1715
584,1672
563,1511
535,1441
515,1574
572,1575
556,1639
539,1537
522,1499
580,1576
566,1388
557,1405
548,1370
541,1384
534,1503
530,1524
565,1489
566,1506
564,1516
561,1497
561,1471
589,1466
589,1460
587,1472
585,1545
581,1572
574,1481
560,1502
545,1470
530,1433
519,1405
507,1398
496,1365
486,1350
475,1337
471,1335
462,1237
460,1230
457,1221
456,1182
446,1179
439,1148
430,1146
426,1137
420,1105
415,1105
405,1097
393,1093
383,1199
374,1199
362,1178
354,1151
346,1128
338,1046
324,1051
309,1019
298,1105
677,1747
673,2607
672,1896
666,5664
654,2763
695,2237
683,2213
675,2187
665,2119
664,2323
748,2109
748,8241
745,4322
755,2602
755,1985
755,4255
751,2365
745,6063
737,3451
720,2234
766,6023
748,3341
726,2205
708,1896
692,7699
673,3451
663,2760
652,1641
650,7125
646,2883
628,1951
614,1552
598,6941
589,3127
649,2024
637,6292
609,2649
594,1725
585,5467
564,3237
632,2051
620,1680
600,1659
657,1619
629,6071
597,3213
584,1972
582,1345
577,1237
564,1371
553,5310
580,3108
572,1854
564,1189
564,1188
564,4464
592,2902
589,1738
589,1156
590,1029
588,4398
585,2758
578,3022
569,1538
551,1169
537,4145
519,2810
501,1312
492,3543
478,2862
471,1268
461,3373
460,2600
456,2285
450,2419
439,3044
429,1635
423,977
417,2988
408,2102
404,1194
397,885
387,2724
379,2710
368,2013
348,1019
337,949
325,939
315,932
303,1065
290,1046
283,1014
661,1624
643,1986
632,1792
622,1739
614,1743
668,8146
668,3361
664,5436
661,3004
745,2153
745,8079
744,3372
738,2330
742,5304
730,2925
705,2096
688,7672
664,3219
641,2160
630,6215
673,3048
663,1904
652,1743
649,1878
644,7024
624,3603
605,2376
593,1581
589,1485
576,1628
566,1541
559,1427
557,1561
557,1505
610,1512
593,1688
570,6278
546,3549
512,2197
561,1439
550,1288
544,1383
532,5892
570,3221
554,1980
539,1258
533,1094
530,4645
530,2691
530,1532
527,1167
563,4383
561,2428
559,1516
555,4141
577,2737
568,1412
550,3167
530,1924
519,3078
501,1741
491,1321
477,3865
470,2409
461,1385
460,3634
456,1989
449,3554
438,1567
428,1146
422,3466
416,2836
412,1526
403,3405
400,2254
400,1231
399,1094
397,1089
392,3347
381,3466
361,1386
348,1029
331,1026
318,994
308,997
303,1174
301,1348
285,1291
274,1249
267,1239
261,1212
261,1379
611,1645
611,2173
608,1920
608,4605
608,2386
661,1897
655,1869
652,1856
644,1863
707,2141
685,2099
662,7711
656,4150
640,2505
623,1770
609,1726
602,1621
591,6889
588,3392
615,2105
623,1442
606,1572
595,1473
588,1588
577,1606
568,6535
561,4537
557,2690
557,1460
555,1663
551,5948
545,2967
531,3725
508,1805
539,1376
519,4563
503,3073
485,1638
476,3233
526,1980
516,4612
492,2493
474,3040
533,1746
530,1275
530,3757
530,3190
527,1314
527,1041
527,1028
526,3565
555,3189
547,1375
537,1018
518,3530
529,2964
517,2476
500,2259
490,1220
477,1031
470,3029
461,2022
460,2167
456,1116
448,934
438,950
428,2723
422,2683
417,1472
412,2040
403,2038
399,2599
399,1419
400,944
397,973
393,951
383,905
372,909
363,912
355,2125
345,2160
331,1501
323,1151
311,1106
298,2030
294,2044
288,1438
275,1107
265,1072
262,1060
261,1946
261,1963
608,1501
608,1611
608,1636
607,1832
602,3470
653,3990
639,2221
619,1748
602,1728
660,1709
643,1733
626,6376
619,4105
609,2466
600,1673
591,1463
588,1465
583,6017
568,3995
578,2405
595,1633
588,1483
577,5626
573,3396
561,3989
556,2083
556,1636
557,5319
553,2963
547,3288
534,1763
519,5274
507,2783
550,1646
533,5010
510,2622
500,2777
483,4808
460,2240
516,1532
505,1657
488,1639
546,1583
538,1578
531,4820
530,2925
527,1755
527,1196
527,1134
526,4475
557,2729
551,3221
540,1585
525,3319
511,2010
520,1402
507,1384
495,1386
484,1383
475,1371
467,1334
461,1326
458,1321
455,1311
444,3735
433,3470
427,2652
422,1307
416,997
412,970
403,964
399,910
399,1042
399,1129
397,1109
392,1252
383,3087
372,2866
363,1273
356,2099
349,1568
336,2894
326,1436
317,988
301,2627
294,2660
289,1149
282,2632
274,2545
265,1350
262,2396
261,2423
608,1448
608,1947
608,1861
607,1593
657,1632
653,1712
636,1617
617,1659
602,1865
656,7852
640,3834
622,2454
619,1788
609,1521
599,1730
591,1730
586,6781
583,3675
568,2335
605,1686
593,6600
588,2958
577,1887
568,1486
561,1584
556,1553
556,1558
556,1516
553,1512
547,1603
534,1636
518,1556
507,1690
553,1679
541,1631
524,1634
506,1624
494,1616
538,1575
515,1554
504,1558
495,1245
569,1276
549,1344
538,1446
531,1383
527,1345
527,1348
527,1344
526,1348
557,1471
550,1446
542,1459
523,1472
538,1447
519,1420
502,1435
492,1381
481,1376
473,1364
467,1274
461,1295
457,1289
454,1233
441,1218
433,1070
427,1061
422,1142
414,1283
407,1260
403,1261
399,1255
399,1268
398,1251
396,1235
392,1246
382,1199
370,1140
363,1141
355,1242
351,1271
343,1273
331,1289
323,1282
308,1238
296,1228
288,1228
281,1176
279,1186
273,1178
264,1192
262,1154
608,1551
608,1647
608,1784
605,3786
657,2204
651,1829
639,1835
616,1824
677,1805
654,1829
633,1800
630,1765
615,1698
606,1696
594,1607
589,1517
585,1508
580,5420
591,4558
604,2288
592,1474
588,1307
575,1306
568,1276
559,1317
556,4989
556,4945
555,2283
551,1554
546,1266
532,1251
518,1258
507,4699
553,3312
541,1960
524,1249
506,1260
492,1262
537,4361
515,2975
504,1787
502,1151
569,4012
546,2766
538,1450
531,2933
527,1686
527,1391
527,3627
526,2014
557,1337
550,1166
541,1178
523,1118
536,1117
518,1050
502,999
492,999
481,931
473,1037
463,1008
460,2660
457,2866
454,1408
441,814
433,807
427,2455
422,2521
414,1063
407,706
403,708
399,705
400,775
399,783
397,1017
392,1015
383,994
370,904
363,910
355,2024
350,1977
337,1055
327,716
321,709
303,709
292,717
289,1919
282,1926
274,1882
265,699
262,695
261,667
608,1416
608,1637
608,1609
607,1560
657,1604
653,1647
636,4968
616,2940
678,1921
656,1702
638,1665
631,1632
618,1607
609,1546
599,1547
591,1620
586,1780
583,1785
591,1746
605,1726
593,1692
588,1697
575,1667
568,1655
561,5257
556,3592
557,2238
556,1476
553,1354
547,5095
534,4051
518,2199
507,1432
553,1326
535,1304
514,1297
502,1359
487,1513
531,1651
513,1798
505,1813
499,1830
558,4643
539,3396
533,2040
530,1287
527,1258
527,4382
527,3854
526,1917
557,4337
550,2086
540,4264
523,2198
538,1217
519,1012
505,956
493,951
483,1020
475,1118
467,1122
461,1341
457,1344
454,1290
441,1236
433,1235
427,1197
422,1202
414,1173
407,1157
403,1145
399,1076
400,1057
399,1059
397,1058
392,1052
383,1071
370,1017
363,1022
355,1003
348,1005
332,989
323,1151
312,1147
297,1150
292,1142
288,1128
279,1072
268,1291
264,1274
261,1221
261,1391
608,1469
608,2080
608,1838
663,4036
657,2250
653,1738
636,1768
616,1751
678,2078
656,2097
638,1902
631,1803
618,1866
609,1927
599,1758
591,1799
586,1680
583,1877
594,1934
605,1890
593,1788
588,1771
577,1761
568,1772
561,1746
556,1670
557,1679
556,1625
553,1653
547,1652
534,1606
519,1584
566,1794
550,1692
533,1697
510,1745
500,1659
483,1623
525,1614
516,1596
505,1568
565,1542
542,1503
534,1486
530,1437
530,1595
527,1523
527,1562
527,1560
561,1600
558,1567
551,1535
541,1552
526,1508
538,1501
521,1490
510,1477
496,1433
484,1396
475,1301
469,1202
461,1212
458,1302
455,1462
445,1471
434,1467
428,1417
422,1424
416,1417
412,1433
403,1426
399,1406
400,1379
400,1386
397,1365
393,1381
383,1325
372,1266
363,1459
355,1414
346,1369
331,3309
323,3303
309,1649
298,1149
294,3152
288,3136
275,1314
265,2978
262,2103
261,1299
261,1312
608,1604
608,1797
608,1798
663,1800
658,1746
649,1765
639,7151
698,3788
680,2529
660,1717
641,1592
635,1764
619,1566
609,1559
600,1472
591,1585
588,1669
583,5570
621,4461
605,2368
593,1521
588,1332
577,5248
568,3653
561,2280
556,1489
557,5086
556,2852
553,1805
547,1476
534,1475
518,4955
566,3682
546,2181
526,1442
509,4905
498,2956
546,1763
522,1393
513,1389
503,1352
564,1343
542,1302
533,1304
530,1379
530,1516
527,1405
527,1380
527,1397
560,1392
557,1385
547,1371
537,3934
547,3431
531,1704
518,2883
501,2135
492,1435
480,3692
473,2579
462,1377
460,2751
456,2774
454,1662
441,1219
432,3684
427,2937
419,1530
412,3562
405,2479
400,1290
399,3505
400,2381
398,2550
395,1578
387,1560
380,3246
368,3233
358,2405
353,1432
341,3136
329,2192
322,1334
308,1315
295,1215
290,1213
283,1212
274,2693
265,2641
262,1945
261,2621
258,1737
608,1553
608,1776
608,1781
658,1707
655,1859
640,1702
622,1750
682,1687
661,6493
644,6169
637,2397
623,1788
609,1599
602,6129
591,3240
588,1983
584,6078
597,2878
610,1791
596,1537
588,1510
577,1538
573,5938
561,3533
556,2113
556,1541
557,1723
553,6305
547,2844
534,2000
519,1347
507,1442
554,1438
538,1425
518,1376
505,1353
492,5630
536,3314
515,2081
504,3799
502,1906
561,1476
542,1458
533,1452
530,1387
527,1391
527,1403
527,1362
525,1398
557,1220
549,1227
537,1315
518,1472
529,1396
518,3903
500,4206
492,2307
478,1419
473,1223
462,1260
460,1253
456,4235
452,4276
441,1974
431,1337
425,1331
419,1323
412,1329
404,1348
400,1342
399,1467
400,1445
398,1427
394,1417
386,1436
373,1393
368,1389
358,1415
354,1373
346,1362
337,1357
327,1305
318,1315
302,1365
290,1266
283,1292
281,1244
275,1311
265,1516
263,1536
258,1504
258,1491
608,1721
607,2418
602,1913
653,1816
643,2012
623,4802
602,2580
660,2177
643,2016
626,1911
619,1952
609,2072
600,1735
591,1898
588,1843
583,2330
568,2290
578,2314
594,2223
588,1955
577,1951
568,1937
561,1923
556,1834
556,1887
556,1818
553,1807
547,1779
534,1785
518,1752
507,1706
553,1692
545,1680
532,1675
520,1595
500,1598
482,1766
527,1740
506,1678
496,1664
499,1624
563,1632
542,1591
538,1585
527,1537
527,1584
527,1545
525,1519
556,1524
549,1481
539,1393
524,1286
504,1140
518,1138
500,1270
491,1249
480,1198
473,1208
462,1174
460,1165
456,1319
454,1306
441,1267
432,1286
427,1293
419,1270
412,1268
405,1195
400,1142
399,1133
399,1151
398,1115
395,1121
387,1118
380,1084
368,992
358,960
355,957
349,953
344,941
337,920
324,1091
313,1075
299,1073
285,1057
282,1070
281,1082
276,1145
266,1057
261,1011
258,983
258,984
608,1421
602,1575
655,1636
644,1607
625,1709
608,1644
586,1601
644,5532
628,4728
611,2489
609,1617
600,1443
591,5032
588,3842
583,2341
568,1551
553,1386
594,5284
588,3851
577,2247
568,1398
561,1213
556,1206
556,4454
555,4258
553,2020
546,1486
532,4328
518,3009
505,3181
496,3447
543,1732
536,8645
531,4141
511,2650
489,2018
476,1674
527,1749
503,1643
493,1757
572,1676
567,1663
547,1606
536,1836
530,2840
527,2850
523,2835
520,1684
547,1208
532,1220
516,1086
497,978
488,2895
496,2959
485,2889
474,2488
470,1465
461,1132
458,2874
455,2799
445,2116
433,1014
427,877
422,873
416,2744
407,2698
403,1374
399,985
399,964
397,2606
395,2645
392,1421
380,931
370,2453
360,1736
355,1074
351,2446
344,1684
342,1074
340,1076
332,2395
323,2274
310,1208
301,1148
290,1126
282,1124
280,2049
273,2022
266,1297
261,1837
259,1305
256,987
599,1461
589,1747
623,1555
607,1560
587,1544
575,5497
628,3086
611,1753
601,4923
592,2888
591,4176
588,3922
583,3482
568,1809
553,1554
544,5217
539,3165
575,3715
568,1926
561,1470
556,4891
556,3373
555,2080
550,1494
545,4929
532,2934
518,3385
505,1685
496,4381
489,2351
483,1549
532,1390
521,1381
511,1398
499,4762
479,3362
530,1974
521,1323
505,1173
497,1162
561,4541
555,2775
544,1779
533,1197
523,1170
520,4189
513,2993
501,3130
516,1622
498,1176
489,4091
475,2814
485,1473
474,2871
469,1681
461,3631
458,1814
455,1076
445,3228
436,2160
428,1172
422,3000
416,1967
407,2127
403,2190
399,1317
399,1354
398,2858
396,2001
391,2203
379,1330
370,2798
362,1958
355,2173
351,2722
344,2087
342,1210
340,1015
332,2653
328,2613
321,1941
307,1104
302,2297
293,2261
282,977
274,803
272,780
270,799
262,760
256,752
254,662
251,1063
572,1296
555,1467
585,1363
573,4315
560,2204
548,1684
601,1689
591,1683
583,1661
588,1676
583,1681
568,1649
553,1636
544,5387
539,4330
531,2287
541,2982
561,2017
556,1756
556,1884
555,1694
552,1833
546,1819
533,6039
519,3418
507,2080
497,1354
490,1241
483,5501
479,3259
475,1723
515,3496
506,2329
495,3427
477,2057
461,1468
523,4357
507,3036
490,1812
488,3177
553,1887
543,4022
531,2638
522,1227
517,979
509,994
494,997
482,969
494,3734
483,4618
469,1841
460,1180
474,3583
466,2147
460,1271
457,3318
455,2111
444,1218
433,3116
427,2007
422,1173
416,3090
412,1978
403,3045
399,1606
399,1113
399,1117
396,1119
392,1109
382,1114
372,1100
364,1062
357,2729
354,2790
346,1481
343,1229
341,2721
337,2749
332,1417
324,1167
312,1160
304,1142
295,1167
285,2609
279,2617
273,1982
272,1233
266,700
259,685
256,2574
255,2675
252,2544
579,1458
610,1760
592,1680
581,1579
566,1542
552,1566
604,1720
598,5826
585,3734
589,2370
585,1538
579,1569
565,1430
551,1473
543,1576
539,1450
548,1501
568,1643
559,1618
556,1588
556,1622
555,6013
552,3574
546,2327
534,1478
519,1433
507,1497
497,6090
490,3832
483,2173
533,3586
529,1947
515,1596
500,1598
475,1626
458,1599
509,1584
495,5464
492,3245
568,2037
555,1371
539,1301
535,1261
528,1222
524,1216
520,1185
514,1267
537,4696
519,3871
503,1830
493,1190
476,1086
491,4343
480,2763
472,1391
463,1290
460,1454
457,1426
454,1396
441,1411
433,1369
427,1373
422,1376
416,1351
412,3294
403,3197
399,2303
399,1203
399,1222
397,3097
393,2440
386,2296
374,1378
368,1168
358,1152
354,1136
349,2888
344,2838
340,1499
331,1023
317,2731
310,2629
294,1978
282,1601
282,1661
281,1600
272,1529
265,1538
259,1454
258,1364
258,1419
258,3239
602,1497
653,1749
643,1616
623,1696
602,1828
585,1554
644,1524
626,1527
611,1463
609,1447
602,1555
591,1498
588,1475
584,1607
572,1553
561,1569
598,1721
588,1682
578,1655
574,1626
564,1619
557,1596
556,1565
556,1556
555,1529
549,1526
541,1524
531,1511
516,1628
502,1589
549,1523
543,1507
526,1435
511,1445
491,1424
545,1435
522,1382
504,1352
495,1307
572,1298
558,1303
540,1306
533,1277
527,1249
527,1254
527,1176
526,1334
558,1331
554,1303
545,1305
528,1297
541,1179
522,1012
514,1015
498,1020
490,1010
477,959
471,953
462,977
460,962
456,985
454,1108
441,1087
433,1083
427,1078
422,1055
414,1051
407,1044
403,1051
399,1018
400,989
400,997
397,1002
393,1014
385,1019
372,973
368,1340
358,1317
349,1298
332,1289
325,1329
313,1297
303,1228
294,1187
289,1215
283,1182
265,1115
264,1160
261,1107
261,1100
261,1123
258,1085
608,1430
665,1592
663,1642
657,1571
647,1615
717,6507
691,3179
670,4612
663,2385
641,1637
630,5976
612,3071
603,1962
593,5683
589,2684
617,1712
629,5482
613,2848
598,1843
590,1349
578,1358
574,1347
563,1359
556,1342
557,1370
557,1551
553,1709
547,5036
534,3594
518,2155
566,1420
547,1416
530,4956
509,3371
500,1851
543,3570
521,2327
510,1526
510,4481
562,2315
542,1563
533,1314
530,1299
527,3905
527,2836
527,1590
526,1247
558,1232
551,3774
540,3397
523,1681
532,1177
518,1141
500,3473
492,3483
478,2635
471,2465
461,1271
460,3237
456,2240
448,1180
436,3188
428,2268
422,2280
416,2227
407,2165
401,3001
399,1609
399,2257
398,1347
395,2966
387,2034
374,1061
368,2982
357,1975
354,1229
346,2794
340,1917
331,1197
317,1214
310,1197
294,1152
282,1135
282,1110
280,2505
272,2373
261,1605
259,1004
258,2229
257,2271
255,1173
252,2255
578,1460
610,1775
588,1515
573,1464
554,1458
608,1552
598,1486
585,1423
589,1554
585,1337
572,6780
558,3556
544,2134
539,1258
529,5163
538,5109
558,2606
556,1621
556,3744
552,2360
546,4900
531,2385
517,1543
502,4780
492,2504
483,1524
480,4453
477,2558
465,3412
506,1695
497,3277
478,2105
465,3184
456,1914
442,1446
488,3882
476,2670
474,1439
474,1072
524,3687
514,2475
502,1324
485,2729
466,1841
456,4613
441,2446
431,1423
454,1250
446,1188
440,4319
436,2916
453,1792
441,1152
432,1158
425,1059
419,1119
412,1111
404,780
399,1105
399,2711
399,2625
396,1566
392,1993
382,1225
371,1035
362,1020
355,974
351,983
345,955
342,927
341,2473
334,2273
330,1218
326,1720
320,1701
320,1303
318,1045
309,1046
298,1057
287,1038
272,1052
268,2238
266,2220
261,1521
252,1166
250,2140
241,2094
230,1069
225,885
219,1807
214,1726
211,1910
536,1198
525,1489
522,1286
518,2952
515,1628
561,4979
547,2766
540,1736
539,1222
529,1468
523,1199
515,5529
512,4140
512,2084
510,3413
523,1757
545,4941
531,2912
517,1577
506,4925
495,2870
489,3636
482,3758
479,1628
476,4758
466,2820
462,3598
454,3291
446,3192
487,3964
477,3061
463,1742
451,1180
434,1186
420,1143
476,3793
471,4577
463,1824
523,1137
511,3487
500,2000
485,1247
467,1022
460,1020
446,982
436,3096
456,3157
449,1363
442,1015
440,993
436,984
451,1261
441,987
432,2954
427,3055
422,1541
414,949
407,963
401,2830
399,2798
399,1229
398,2123
396,1635
391,2159
382,1290
371,2887
362,1979
356,1070
353,2865
346,1860
343,1172
341,1269
338,2653
332,2639
328,1424
322,1989
317,2616
307,1404
303,2595
292,1732
277,2544
273,1699
270,2391
268,1670
261,2305
256,1200
253,984
250,973
244,1130
238,2095
228,1997
224,1963
562,1300
550,1450
539,1467
533,1427
583,3579
581,1953
577,6200
570,3359
561,2004
549,1584
541,1572
536,6575
528,3498
520,2129
514,1541
556,1467
556,6154
554,3597
550,2327
545,1450
531,5605
517,2641
506,1723
497,1262
490,1361
483,1340
480,1336
477,1329
468,1527
511,1723
492,5194
471,3595
457,1938
449,1332
502,1254
490,1223
481,1182
477,1106
544,1192
534,4199
525,3202
522,1795
515,2158
508,1579
494,1529
482,1336
494,1262
483,3382
468,2070
461,1334
474,2433
468,1457
460,1062
458,1086
455,1028
448,3225
438,2691
429,2271
425,1151
419,2992
412,1612
404,2873
400,1462
399,1040
399,1061
397,989
394,1045
386,729
379,833
368,740
359,783
355,664
351,655
344,658
342,633
340,653
330,639
324,801
311,736
301,1994
290,1972
283,2621
280,1796
273,1129
266,1148
261,1117
260,2521
257,2515
255,1670
252,2091
250,1411
241,995
596,1241
581,1755
566,1425
552,1494
604,1445
595,1684
585,1560
589,1501
585,1569
577,5398
565,3719
549,2278
541,1513
536,1427
547,1439
565,1427
558,1442
556,1461
556,1430
554,1524
549,1687
540,1682
531,1651
516,1641
501,1654
494,1639
488,1619
482,1585
479,1734
521,1675
511,1632
494,1633
474,1595
459,1557
517,1514
502,1529
490,1502
489,1428
555,1388
544,1346
533,1320
523,1318
520,1290
513,1219
501,1232
487,1216
498,1173
491,1188
475,1134
467,1172
474,1248
469,1087
460,1120
460,1149
456,1119
449,1057
438,1062
429,1046
425,1031
417,1098
412,1034
404,1015
399,970
399,949
399,940
397,1193
392,969
384,951
372,937
368,923
357,1044
354,1091
346,1048
343,1042
341,1051
335,1049
332,1054
327,1066
318,1042
310,1039
304,1034
294,1028
282,1026
274,999
271,976
268,1065
262,1071
256,1044
254,1030
250,1027
244,940
238,1100
584,1354
570,1449
556,1846
547,3289
601,1889
591,1482
583,1454
586,1431
581,1400
565,1431
553,1418
543,1371
539,1487
529,4996
541,4176
559,2146
556,1413
556,5071
554,2874
550,1819
544,4414
530,2073
518,4766
503,2208
495,1489
489,1326
482,1315
479,1333
521,1330
511,1296
506,4559
496,4443
477,2014
462,1396
526,1264
513,1228
489,1197
556,1195
553,1146
547,1232
532,1523
520,1381
513,1338
501,1325
485,1328
496,1265
489,1276
473,1266
463,1219
454,1197
469,1187
460,1294
457,1288
455,3714
445,3465
436,1585
428,2774
422,2062
416,1358
412,1390
403,1347
399,1292
399,1294
398,1362
396,1288
391,1310
382,1296
369,1212
363,1171
355,1135
352,1113
346,1099
342,1284
340,1211
334,1211
330,1212
326,2729
317,2747
310,1455
304,1207
294,2633
281,2540
273,1355
270,1099
267,1053
261,1060
256,2379
253,2284
250,1568
241,1228
230,1022
226,1040
566,1225
556,1465
543,1444
536,1296
585,1319
581,1486
577,4866
577,3129
565,3545
549,1900
543,1571
536,5237
528,3320
520,3939
558,2179
556,1470
556,5832
554,2658
549,1699
540,1299
528,5548
515,3012
501,3696
494,3307
486,1826
482,5525
479,2681
469,1680
511,1352
499,1323
480,1296
461,1415
455,1418
507,1418
492,1180
482,1149
477,1122
544,1144
533,1076
523,1051
520,1254
512,4338
501,4082
485,1960
466,1014
489,816
475,3269
462,2136
453,1236
469,1020
460,3218
457,2038
454,1117
448,3087
438,1827
428,2257
422,2945
417,1467
412,2242
404,2893
399,1464
399,2809
399,1532
396,2843
392,2172
383,2138
371,2162
363,2769
357,1475
354,2847
346,2066
342,2054
341,1295
330,2709
318,1954
307,977
289,2585
282,1816
281,1111
277,1140
272,1166
261,1091
258,1038
258,964
258,2247
256,2285
253,2294
250,1218
243,2319
234,1849
224,1250
218,2308
554,1249
543,2201
536,1515
586,1309
581,1432
577,3605
573,1939
565,1269
551,5191
543,2393
536,1447
528,1400
520,5422
531,2661
556,1547
556,3893
554,2360
548,3458
540,1821
520,4174
513,1806
500,1331
492,1671
483,4623
473,5211
464,2800
439,1335
428,4529
453,2811
435,3060
431,2952
430,1788
416,3903
463,2419
452,1409
450,1190
457,1180
525,3573
520,2975
514,1547
505,1129
487,1255
468,1371
459,1716
443,3688
466,2291
453,1263
449,3576
441,1733
457,1045
454,1031
444,1029
434,988
427,966
422,955
414,1077
407,2973
403,2796
399,1272
399,897
397,897
394,2832
389,2845
379,1247
367,901
357,919
353,2793
348,2813
344,1266
341,1746
335,1770
319,1310
310,2291
295,2286
285,1204
282,2232
279,2217
276,1519
267,1665
261,1589
259,1536
257,1496
256,1882
252,1905
250,1348
241,1887
229,1827
224,1792
217,1240
211,1778
208,1811
205,1776
524,1200
521,1240
517,1326
566,1311
554,1379
542,3679
539,3160
531,1702
528,5331
517,2761
512,1598
512,5145
511,2734
525,3877
545,3837
530,1884
517,5044
502,2632
494,3729
488,3675
481,3385
479,2950
471,1618
462,4140
446,2468
422,1493
413,1463
406,1454
435,1458
427,1441
420,1358
414,1369
405,1322
454,1312
447,1507
443,1455
445,1422
494,3359
480,2873
462,1380
446,866
438,866
425,857
418,961
410,2629
440,2612
436,1416
430,1965
420,1472
428,2543
422,1801
416,939
412,950
403,2486
399,2448
399,1319
397,1085
395,2456
389,2433
379,1308
367,2337
357,1520
353,2116
345,1457
342,1583
340,2031
334,1427
332,2035
327,1985
320,1054
317,1969
310,1977
302,1059
286,1921
274,1878
271,1300
267,1305
263,1303
255,1259
250,1280
243,1260
232,1219
226,1226
219,1236
213,1214
210,1203
205,1147
200,1055
197,968
196,1380
194,1229
188,1228
487,1016
480,1114
474,1274
518,1126
512,1132
510,1215
512,1126
510,1202
504,1424
495,1582
477,4521
470,4288
457,2019
465,4462
482,2370
479,3263
476,1676
465,4348
461,2884
453,1593
445,4291
444,2710
444,1538
442,4090
435,2804
412,3036
398,2997
430,1758
420,3834
403,2043
393,3428
386,1726
374,1736
405,1284
396,1283
382,870
436,927
423,741
418,827
410,3229
409,3169
405,1808
399,4032
390,3640
412,1750
406,2955
401,1759
397,1422
389,1378
399,1336
399,1364
399,1362
396,1324
391,3689
382,3096
371,1501
362,2785
354,2052
351,1608
345,1633
341,1606
339,3682
333,3646
329,1501
325,1235
319,1217
319,3551
320,3457
318,1746
313,1421
303,1368
299,1247
294,1350
287,1253
276,1233
267,1133
255,1086
243,909
231,1153
227,1424
221,1486
213,1414
211,1392
205,1459
200,1367
198,1366
196,1379
195,1276
192,1344
186,1335
186,1272
182,1326
474,1009
466,1129
462,1149
510,1148
510,1127
508,1181
504,1277
496,1253
480,1147
471,1242
458,1391
450,1583
444,1587
481,1605
478,1597
468,1582
462,1581
455,1559
446,1562
443,1531
443,1545
444,1512
442,1488
428,1334
419,1332
416,1329
409,1340
446,1309
427,1313
403,1301
396,1297
380,1299
406,1356
400,1333
384,1336
377,1306
423,1240
418,1243
410,1192
409,1187
405,1189
401,1181
390,1156
382,1149
409,1153
403,1107
397,1116
390,1094
399,1003
399,1030
399,1028
397,1005
393,1036
386,1023
373,967
367,966
357,1109
353,1100
348,1042
343,1052
341,1101
337,1052
331,1046
327,1047
321,971
319,978
319,973
320,973
318,935
308,938
302,942
299,935
293,906
290,923
286,928
275,906
265,914
254,1104
237,1082
227,1074
221,1083
215,1010
212,1032
205,1014
200,1018
198,999
196,1211
195,1239
192,1199
186,1166
186,1215
182,1146
474,1069
466,1218
512,1179
510,1155
510,1216
510,1228
504,1265
496,4811
485,4144
472,2098
458,1574
452,1511
461,4654
481,3428
478,1851
470,4622
462,2415
455,1443
451,1259
443,1270
443,4310
444,4203
442,2242
428,1334
419,1134
417,3856
410,3671
448,1648
439,2777
428,2102
422,2768
406,1647
436,3803
412,2089
393,1245
387,3532
430,2315
422,2378
413,2304
411,1366
405,2990
403,1826
392,2234
385,2191
411,1321
406,1129
399,2666
392,1881
401,2427
399,1834
399,2417
397,1312
395,898
391,862
381,752
369,2050
362,2051
354,2067
350,1102
345,748
341,756
340,758
333,749
329,2075
325,2071
319,1413
320,1998
320,1836
318,2371
315,1246
307,873
300,854
295,2277
293,1847
290,1398
284,1039
277,1039
271,1238
263,1248
250,1677
241,1678
228,1093
217,1533
216,1514
206,1005
201,985
197,975
196,1365
195,1334
191,1319
186,1325
184,1306
477,1013
474,1089
517,1149
510,1085
510,1059
512,1077
510,4495
503,2869
493,1657
476,4456
470,2888
458,4366
465,4313
482,2646
479,2847
477,1666
468,1421
462,4249
454,2946
446,3195
444,3085
444,1863
443,4040
441,2429
428,1469
419,3900
457,2506
450,1429
447,3861
437,2362
425,1405
419,1201
466,1189
437,1081
415,1077
400,1147
440,1318
429,1327
420,1249
412,1393
411,1359
405,1294
401,1313
422,2639
414,2642
409,1400
403,975
397,977
405,2317
400,2357
399,1245
399,863
397,881
394,2329
390,2341
379,1246
369,1745
359,1738
354,1303
350,1301
345,2237
341,2222
339,1192
331,2237
329,2192
325,985
320,2104
320,2061
320,1108
318,920
314,2066
307,2055
300,1436
295,2062
293,1587
290,1189
284,2013
274,1934
259,1292
249,886
231,824
226,801
218,815
214,800
210,1648
205,1558
200,661
198,452
196,1400
195,1367
192,1338
186,1313
485,1035
480,1139
526,1131
517,1085
512,1175
512,1199
512,1200
510,1191
504,1138
496,1178
487,1263
472,1418
500,4546
493,4471
487,2121
481,1404
478,1231
470,1254
462,1254
458,1238
452,4252
444,3740
444,2971
444,1572
442,1345
435,1324
464,4004
459,3719
449,2972
437,1468
418,1109
405,1100
443,1060
430,1123
420,1201
467,1168
452,1149
438,1122
430,1111
423,1217
415,3050
410,3004
407,1310
435,1098
426,1104
418,1075
412,1033
406,1061
417,2780
412,2855
404,1431
399,978
399,969
399,1001
397,2614
393,2715
386,1413
373,941
367,945
357,969
354,934
349,921
343,941
341,998
339,1032
331,1055
330,1175
326,2427
320,2417
320,2345
320,1254
315,1069
300,1019
290,960
275,2114
269,2010
267,1409
263,1137
255,2030
251,2067
245,1565
238,1150
228,1111
224,1147
218,1109
213,1068
211,1125
205,1073
200,1035
198,1019
196,1745
195,1697
505,1128
549,1244
540,1174
536,1148
527,1227
523,1231
517,3718
512,1841
512,2705
511,2153
508,1834
502,1809
533,2031
517,4766
506,3246
495,3433
489,1746
482,3279
478,1988
475,1575
466,1410
462,1414
454,4229
446,4277
435,1760
425,1322
458,1285
445,3990
426,2927
417,1475
416,1194
471,1211
456,3564
443,3250
446,2449
497,2449
483,1384
465,868
456,868
442,2632
432,2717
423,1279
418,2574
441,1428
440,944
435,953
430,970
438,940
429,921
425,931
419,925
412,926
404,903
399,842
399,975
399,961
397,949
393,964
386,978
379,957
367,2296
358,2345
354,1395
349,826
343,831
341,2251
340,2229
332,1178
330,1679
326,1652
317,1227
309,1220
303,1206
292,1197
278,1198
273,1182
270,1227
267,1172
261,2042
255,2058
252,1391
250,1964
241,1330
230,1829
225,1272
219,1874
213,1752
211,1172
205,1596
200,1544
198,1403
196,983
513,1109
557,1247
545,1184
538,1272
536,1313
528,1321
520,5093
514,3414
512,2053
512,1368
510,1255
522,1261
542,1304
530,1221
516,1236
502,1296
494,1359
488,1369
482,4440
479,4416
472,2152
464,1338
459,1187
452,1150
436,1160
422,1180
457,1324
446,1640
432,1597
421,1599
416,1533
473,1497
461,1499
449,1480
450,1404
511,1403
497,1382
484,1349
466,1325
458,1796
444,1821
436,1779
422,1717
449,1725
441,1739
440,1757
436,1383
451,1376
441,1329
432,1319
427,1312
422,1300
414,1295
407,1288
401,1233
399,1225
399,1221
398,1217
396,1232
391,1219
382,1205
371,1217
362,1215
356,1213
353,1221
346,1203
343,1144
341,1109
338,1124
332,1126
326,1092
316,1100
306,1094
301,1102
290,1099
281,1091
274,1090
272,1073
266,1040
260,1040
258,1019
256,1004
253,998
250,987
243,1139
238,1155
226,1046
222,1028
214,942
209,946
208,1148
204,1130
524,1177
580,1324
575,1304
565,1460
558,1286
546,1329
539,1361
532,1328
528,1391
519,1401
513,1509
529,1590
556,1828
554,1864
548,1843
540,1810
521,1839
513,1832
500,1825
492,1784
486,1784
482,1735
479,1761
471,1758
461,1717
492,1690
472,1631
455,1625
447,1613
432,1591
429,1608
485,1553
476,1541
465,1544
535,1464
525,1465
522,1448
516,1376
509,1392
494,1341
482,1248
463,1140
483,1132
468,1119
461,1124
453,1124
448,1122
460,1130
457,1117
454,1119
445,1096
436,1071
428,1053
422,1029
417,998
412,1000
404,984
399,955
399,951
399,980
397,1069
393,1069
386,1066
373,1062
367,1060
358,1015
354,1007
349,969
344,958
342,968
340,957
329,933
315,1086
309,1082
294,1073
286,1049
282,1058
279,1059
271,1052
266,1053
261,1038
259,1200
257,1191
256,1200
253,1184
250,1193
242,1199
230,1128
226,1142
217,1080
212,1044
209,979
536,1168
586,1476
581,1465
577,1402
580,1271
565,1289
553,1253
543,1221
539,1194
529,1289
523,1456
561,1521
556,1496
556,1541
555,1575
552,1571
546,1633
533,1627
517,1682
507,1469
496,1558
490,1432
483,1439
479,1420
474,1565
504,1709
484,1718
467,1716
446,1663
432,1540
493,4627
490,3856
483,2055
464,1195
535,1170
528,1154
526,4272
523,4863
518,2416
511,1259
498,1120
484,1119
497,1059
486,1056
472,1121
462,1164
474,1300
469,1317
460,1290
459,1277
456,1255
449,1222
438,1212
429,1203
425,1193
419,1141
412,1118
404,1073
400,1050
399,1041
399,1049
397,1039
394,1080
389,1431
379,3848
370,3721
360,1667
355,1221
351,1243
346,1196
340,1210
332,3533
319,3575
310,1790
296,1216
283,1140
282,1144
281,1135
272,1243
265,1431
259,1450
258,1690
258,1640
258,1663
256,1699
255,1655
251,1582
245,1514
236,1440
226,1258
222,1230
217,893
618,1250
601,1568
585,1752
588,1383
579,1373
561,1465
543,1455
532,1315
523,1403
512,1366
529,1560
552,1705
542,1691
518,1673
500,1533
489,1498
481,1523
