234,2090
234,2087
234,1703
234,2020
262,2129
262,2104
262,1173
262,1188
263,1204
263,1298
263,1362
263,1532
260,1960
256,2420
245,2664
263,2686
250,3724
242,2169
234,2338
232,2587
228,2380
217,2232
213,1800
205,1700
202,1683
202,1670
200,2310
195,2254
184,1651
193,1626
188,1726
187,1558
182,1526
177,1901
199,2360
199,1680
199,1737
199,2245
250,1757
248,1734
242,1878
237,1709
235,2001
232,2021
230,2012
230,1995
267,2017
264,2083
258,2028
256,1995
280,2010
275,2022
270,1987
258,2000
255,2006
245,2004
240,1958
237,1955
231,1888
230,1865
225,1901
246,1852
246,1808
243,1813
239,1779
237,1778
234,1715
227,1685
222,1703
219,1667
217,1654
216,1664
214,1649
211,1624
209,1640
226,1638
220,1605
217,1589
217,1564
217,1566
253,1589
253,1579
253,1578
259,1578
282,1587
281,1569
279,1597
276,1572
270,1578
265,1623
263,1589
258,1586
255,1585
252,1611
251,1358
249,1343
256,1559
255,1555
253,1576
253,1559
252,1551
251,1572
246,1554
244,1548
244,1566
240,1531
239,1525
238,1538
233,1509
232,1511
232,1528
232,1503
232,1506
232,1533
232,1528
232,1515
232,1504
231,1499
227,1495
226,1480
221,1481
220,1507
219,1510
219,1486
216,1490
214,1492
211,1680
204,1665
202,1729
502,1811
546,1942
535,1701
522,1687
515,1744
494,2151
487,1994
475,2107
465,2098
508,1918
501,2074
494,1876
487,1824
545,1941
543,1813
540,1780
542,2056
528,1886
516,1802
510,1872
505,1742
503,1822
493,1806
510,1911
528,1933
522,1873
520,1888
520,1939
520,1877
518,1868
516,1918
513,1865
505,1862
498,1833
487,1764
475,1672
469,6584
463,3585
512,2431
506,1584
502,1319
501,1355
489,1380
552,1422
538,6470
513,2664
503,1861
534,1358
518,5564
507,2448
504,1590
494,1152
484,1234
476,1231
469,1061
466,1096
464,1267
460,1362
452,1493
464,1624
452,1613
440,1576
421,1536
412,1497
402,1466
396,1453
389,1401
383,1410
380,1423
377,1430
367,1430
358,1447
350,1426
344,1361
338,1313
334,1207
326,1256
322,1430
322,3759
322,2628
321,1430
319,3848
314,1956
304,1242
297,1247
289,1262
285,3638
278,3570
274,1365
271,1167
261,1190
251,1141
596,1685
648,2389
628,1951
624,1837
618,1905
604,8623
585,3534
579,5208
631,2818
630,2164
626,8083
619,3337
609,5136
672,2771
656,2070
632,1986
620,1963
608,1939
594,1867
585,1878
575,1802
566,1859
561,1674
588,1832
594,1993
580,1772
568,1879
563,1737
552,1724
543,1710
536,1702
532,1619
532,1612
532,6734
529,3879
525,2377
512,1569
562,1507
545,6990
537,2869
527,1953
517,1366
511,6618
572,2868
543,1827
528,1313
553,6140
526,2562
519,3442
518,1759
506,1425
489,1467
479,1393
475,1374
476,5280
476,2859
473,1762
471,3410
466,1704
484,5191
469,2703
454,1429
445,1138
428,4813
417,3225
406,1789
399,1161
391,4582
389,2207
385,2997
383,1518
370,1298
361,1255
356,4333
351,2532
341,2738
335,1392
329,4046
327,2625
327,1302
327,1132
325,1127
323,4035
317,2472
308,1300
301,1123
293,1160
289,3661
280,3275
271,1362
265,871
250,990
665,1681
642,2092
628,1775
624,1786
611,1845
592,1768
584,1765
580,1661
637,1970
637,1861
634,8588
629,4360
622,2544
691,1926
664,1820
646,1717
640,1728
621,1721
608,1545
591,1456
582,1535
571,6637
567,3380
622,2375
609,3411
592,1735
578,1371
568,1351
560,6080
552,2883
542,1693
536,2355
535,3353
535,1730
533,1251
529,1270
521,1244
569,1137
557,1166
541,4615
530,2618
514,1657
579,2567
560,1506
539,1128
517,1134
541,4212
526,2288
521,1431
509,941
492,880
483,3897
477,2479
477,1414
478,894
478,921
475,945
472,3560
494,2992
480,1357
467,994
449,949
437,948
421,973
413,934
404,3157
397,2892
391,1284
387,881
384,2983
371,1844
363,1020
357,857
352,885
344,864
336,2943
330,2898
328,1201
328,2910
328,1513
325,1001
323,2908
318,1960
307,2813
298,1437
293,971
288,949
278,940
269,2676
264,2683
250,1370
238,1081
637,1646
627,2573
623,1665
608,7037
591,5235
581,2985
580,1994
580,1890
635,7717
632,3682
628,2546
619,1706
679,4908
661,2947
638,1859
632,1718
615,1835
599,7869
588,3794
579,2520
569,1657
566,7310
593,2814
599,3733
583,1913
572,4761
566,2756
555,1831
546,1479
539,6859
534,2905
535,1930
534,1322
532,1358
527,1434
515,1396
501,1285
548,1413
536,1386
526,6319
510,4174
491,2539
548,2781
527,3715
504,3448
496,1579
560,4947
552,2420
536,1510
523,1117
513,1076
512,5103
512,3012
512,1840
545,1194
541,1049
535,1062
525,1066
531,1137
518,1109
506,4726
489,4059
479,2188
467,1183
460,921
452,4113
450,3292
446,2750
442,1374
429,2720
421,2029
415,1615
409,1371
402,4102
393,3264
389,1547
388,1128
388,1130
386,1126
382,1132
376,3752
364,4441
358,1740
349,2120
344,1991
336,1821
320,1350
314,2650
301,1786
286,2540
279,1194
271,807
646,1948
632,2112
611,3205
603,3163
600,3380
600,1810
600,1778
600,2036
651,2062
648,2137
640,1766
622,1759
678,1850
662,2002
646,2022
637,1810
624,1670
607,1625
598,1516
587,1636
583,1626
579,1474
601,1652
611,1579
596,1488
586,1495
578,1525
568,2260
559,1492
553,1491
551,1506
551,1491
549,1363
545,1402
539,1448
525,1337
575,1320
559,2422
542,1354
521,1297
506,1528
495,1622
541,1498
519,1512
510,1633
506,1506
558,1394
537,1573
528,2332
525,1587
525,1053
522,1185
522,1294
522,1397
556,1323
552,1363
544,1298
535,1397
545,1238
533,1106
515,2563
503,1276
488,1776
480,1714
471,1523
464,1565
458,1500
455,1595
452,1509
441,1435
430,1423
424,1306
419,1371
413,1330
403,1189
399,1126
395,984
395,1140
394,833
392,821
387,757
378,665
366,479
357,471
343,489
331,580
321,475
306,463
298,450
290,447
285,663
274,712
623,1598
610,2174
606,1763
606,1671
606,1765
604,1843
604,2395
661,1671
659,1721
649,2412
643,1805
632,1636
691,2563
674,2395
652,2172
642,2494
627,2732
614,1863
605,1805
595,7473
587,3168
582,2526
607,1521
614,1756
601,1776
589,7448
584,3328
571,2498
564,3776
557,4780
553,2510
553,1795
552,1834
549,6965
543,2850
530,2003
575,1402
551,7002
525,2775
510,1814
489,6476
474,3075
533,1941
519,1574
502,1458
553,1538
539,5920
527,2785
527,1805
527,1255
527,1546
524,1521
524,1519
560,1541
558,5367
553,2708
546,1743
539,1171
550,1341
535,5334
518,2445
509,1360
493,3023
481,2116
472,4723
467,2407
458,1457
455,2604
452,2392
444,2462
433,1566
425,1538
419,1547
414,1512
409,1442
401,1718
397,1454
397,1569
397,1313
395,1475
390,1453
382,1369
366,1338
355,1308
339,1293
326,1241
308,1105
302,930
299,1039
295,711
281,775
268,692
619,1736
607,2422
607,1857
607,1992
607,2318
605,2284
605,3045
662,2784
657,3425
651,2823
649,2034
722,1911
704,2288
682,2094
660,2209
655,2336
638,1644
624,1563
607,2112
599,1564
589,1487
586,2091
641,6265
628,2951
611,2083
597,1373
587,1406
580,5613
571,5293
561,2477
556,1854
554,1613
554,1662
552,1466
547,1390
539,1265
581,1387
551,1351
529,4906
508,4365
491,1951
543,1320
538,1157
523,1137
501,1112
557,4215
540,3501
529,2046
528,2222
528,1482
528,4012
528,2949
525,1383
561,4130
559,2683
556,1424
553,1187
573,4031
563,2704
547,1398
530,1075
517,3635
499,2955
490,2534
479,2526
471,1484
461,1052
458,3008
455,2705
452,1105
439,2226
431,2074
425,2799
420,1296
412,2659
405,1394
402,949
398,2549
398,2265
397,1811
395,2595
390,1581
378,1849
354,2358
343,1480
326,1715
315,2233
305,1668
300,714
297,744
284,794
271,733
624,1616
611,1914
608,1677
608,1704
608,1753
608,1743
606,6657
663,3086
659,2033
657,2160
651,2121
728,1969
716,8988
693,2999
686,2910
664,4902
641,2466
628,5235
614,2981
604,1741
592,1676
619,7181
643,3942
634,2260
617,1732
602,1775
590,1739
586,1764
573,1657
567,1666
558,1674
555,6852
555,3529
553,2607
549,1474
544,1664
586,6463
561,2546
536,1808
520,3172
496,5820
547,2788
541,1715
529,1542
516,1572
561,1505
546,5975
532,3224
529,2264
529,2534
529,1816
529,1429
526,5464
562,2782
562,1758
557,1183
554,1401
575,1356
566,5367
549,2625
536,1708
518,1171
502,5086
491,2527
480,1435
472,3305
466,2169
460,1645
456,1628
453,5044
440,3897
432,1285
426,1751
421,1462
413,1674
407,3585
403,2194
399,4876
399,2899
398,1687
396,4765
391,2986
382,3588
367,4688
350,1656
337,1136
325,1160
310,1094
302,1112
300,1104
294,1052
283,1148
636,1688
618,2302
609,1813
609,1776
609,1929
609,7295
607,3194
664,2201
664,6818
658,3749
653,2608
733,2253
722,2433
700,8883
691,3722
670,2842
655,1843
639,2130
623,8466
608,3207
601,2352
622,5712
647,2781
643,6303
629,5142
613,2690
597,1873
589,3441
581,4200
574,3573
564,1834
558,5713
556,6351
556,4847
554,2748
613,3408
605,2102
589,6451
566,2798
535,3457
517,4217
570,3721
547,1812
541,1560
609,1542
589,1508
563,1394
547,4510
532,3407
530,1696
530,1103
530,1082
566,1030
563,975
563,3999
563,4808
558,1655
583,1110
575,964
565,946
548,4560
532,2793
519,1631
501,1044
492,894
481,3708
473,2847
463,1502
460,1759
456,775
454,3327
441,3444
433,1699
427,1648
422,1093
415,1056
408,2893
404,2757
400,1228
400,1858
399,2719
397,1414
392,961
383,2722
365,2649
349,1816
337,1080
323,1072
309,1060
304,1032
302,2477
290,2505
650,1632
633,1879
617,1674
611,1783
611,1804
611,1827
668,1780
665,1768
665,6687
665,4084
659,2505
738,1762
734,1694
722,1575
710,6663
692,3603
671,2412
656,1685
637,1724
623,6346
609,3409
662,2251
650,1515
649,1480
645,6626
630,3245
614,2173
600,3233
590,1918
584,5584
575,2977
566,3719
559,3288
557,2082
557,5982
619,3026
614,1803
602,3957
582,2298
554,5847
608,2714
581,2958
556,3670
546,3221
622,1798
604,1362
573,1354
556,1341
542,4918
534,3174
530,1757
530,4696
566,2368
566,1423
563,1258
563,4676
589,2783
587,3075
584,1824
580,1218
573,1216
558,1196
542,1211
525,1165
517,4646
501,3226
491,1703
478,1061
471,4044
462,2669
460,2709
456,1387
454,883
441,840
433,4067
428,3250
423,2600
415,1319
408,1109
404,3537
400,3531
400,2395
400,1217
397,1044
389,3493
372,3429
353,1609
341,2320
321,1693
316,3225
307,1641
303,2194
695,1863
660,2179
637,1911
629,1952
619,2178
612,2093
668,4594
668,5725
668,3097
665,2172
745,2194
745,7881
745,4085
749,2853
745,2012
737,1995
720,1977
696,1929
680,1865
661,8360
680,5792
694,2849
673,2259
667,2238
653,4994
649,3627
645,3116
635,3076
619,3086
603,2894
593,2845
588,2938
576,2840
569,2882
560,8614
621,2835
621,2062
615,1584
603,1669
582,7946
644,2909
612,2419
578,1462
570,1628
634,6877
617,2732
591,1938
570,4381
554,2268
548,1818
539,1803
531,8005
566,2595
566,1763
566,1557
564,5069
589,3882
589,2001
589,1265
587,1130
584,1433
576,1370
566,1127
547,1182
530,5318
519,3593
501,2293
492,2323
480,4659
473,2115
463,1303
460,1215
456,4660
454,3199
441,3108
433,1364
428,1068
423,1097
415,1016
408,3858
402,2539
400,1454
400,1082
395,3588
385,2338
375,1251
353,3513
335,2172
324,1190
314,1184
308,3385
299,3557
676,1850
657,2198
639,2010
632,1904
623,1899
614,6152
668,4000
668,5370
668,6303
664,3324
745,2499
745,9413
745,3412
751,2827
746,1901
740,7173
727,3296
705,2400
687,2321
665,2300
682,2231
695,2203
677,2150
667,2224
659,9889
651,3816
646,2467
639,2087
620,2156
606,9788
594,3022
589,2460
576,1803
569,6267
562,3647
621,2476
612,6274
601,3687
590,2405
571,2148
623,1954
596,7915
579,3164
572,2577
621,1497
594,1457
581,6195
571,5813
558,2385
551,1707
541,3912
534,2336
566,3817
566,2327
564,1695
564,5655
589,2850
589,1912
589,1302
588,1235
584,1237
578,1205
569,1322
551,1301
539,1379
520,1484
503,8044
492,3465
481,1440
473,1262
463,1252
460,1537
456,4960
454,3658
442,1915
433,1235
428,1164
420,1156
413,1129
406,4389
401,3957
400,2073
397,1191
385,1061
376,1094
360,3847
338,4728
328,2601
317,1247
311,1058
299,1026
287,3420
667,1778
647,2094
636,1961
626,4075
616,2381
667,1954
668,8657
668,4057
664,3027
661,2200
745,2210
745,2027
741,9168
745,3641
737,2730
718,1812
695,2129
671,2047
656,2270
637,1943
655,1915
670,8480
658,3819
651,2524
646,1924
636,5636
619,2879
602,2223
593,1953
584,1923
575,1883
565,7940
558,3756
557,2316
621,1662
615,2210
600,6847
569,3380
548,2267
518,3216
565,1942
553,6444
544,3086
617,1933
583,4029
563,1996
544,1443
534,6281
530,2620
530,1648
530,1213
566,1230
563,5940
563,3045
561,1855
558,1273
581,5449
574,2429
562,1572
544,4718
526,2675
517,2503
499,4630
490,1754
475,1132
470,4424
461,2620
458,1412
455,4539
445,2386
436,1175
428,1052
422,1064
416,1042
413,3882
404,4507
400,1742
400,3706
399,1895
397,1112
392,3704
380,2467
363,1198
348,1047
332,1059
318,3443
308,3388
303,2285
302,1391
287,1146
274,1134
267,1126
614,2218
611,2463
611,2111
611,2222
611,2056
665,1970
665,2634
661,2815
657,8236
736,3742
729,2548
717,5429
693,2855
681,1922
664,1762
641,7008
630,3633
614,2464
606,3562
593,4009
648,4770
644,4329
635,2264
619,1602
602,1889
592,1590
584,1471
574,1620
566,1401
559,1506
557,6134
557,4087
555,2479
550,3750
597,2091
573,1462
550,1450
523,6792
499,2941
553,2062
544,1374
537,1640
513,7172
566,2629
548,1843
539,3004
531,1975
530,1725
530,1700
530,1709
527,6207
563,3126
561,1833
561,3116
556,1597
581,1225
573,4652
558,2343
541,1582
524,4499
515,2293
499,2608
488,1491
475,1326
470,4370
461,2827
460,2851
455,2545
448,1415
438,4102
428,2104
422,2662
417,3934
412,1930
405,1119
400,1106
400,1086
400,1206
397,1304
390,1218
371,1163
353,1170
334,3319
320,3385
316,1729
307,1123
297,1127
286,1149
278,1347
272,968
267,4711
262,4473
611,1654
611,1998
611,1902
611,5659
604,5675
661,3353
661,4711
659,2501
653,2002
732,8223
718,3651
696,2541
689,4554
667,2460
649,8042
631,3113
619,2003
609,1776
599,1629
623,7508
647,3529
641,2401
622,1718
605,1855
593,2003
588,1558
577,1547
568,1556
562,1590
557,1751
557,6705
556,4097
544,2437
528,3698
570,1986
544,1491
516,1444
498,7004
488,3452
545,2242
527,1521
503,1362
490,1338
548,5544
541,3612
534,2110
530,1410
530,1269
530,6472
530,3598
525,2088
561,1360
561,1184
559,5882
555,2866
577,1814
568,3364
550,1686
539,5615
520,2745
507,3157
493,1587
483,1368
475,1349
467,1338
461,1313
457,1315
454,1283
441,1277
433,1266
427,1340
422,1393
414,1384
408,1343
404,1356
400,1371
400,1353
399,1325
392,1324
378,1309
363,1273
341,1250
326,1308
315,1566
310,1542
301,1514
287,1472
281,1408
274,1370
270,1351
266,1336
261,1321
611,1754
611,2142
611,1778
607,2014
604,1895
661,1790
661,7287
657,5742
653,3040
730,2261
717,1785
695,8021
687,3411
664,2354
642,1651
630,9381
615,3033
606,2262
594,1646
621,1956
644,8996
635,3523
619,2459
604,5536
592,2951
588,2077
575,1927
569,2037
560,1861
557,8240
557,3985
551,2311
539,5139
583,2848
562,1869
536,1800
509,1807
497,1624
485,1663
541,1731
519,1690
498,1848
486,1799
548,1782
539,1778
533,1734
530,6730
530,2749
530,2255
530,1298
560,1378
561,1426
561,6400
558,2507
555,2102
576,1254
567,6068
550,2191
537,1533
519,3544
501,2292
492,1666
481,5627
473,1997
463,1392
460,1067
457,3841
454,2527
441,1268
433,988
427,985
422,967
414,997
408,1071
404,1314
400,1305
400,1319
399,1309
397,1307
387,1344
370,1311
353,3636
337,3582
320,1416
314,1210
307,1191
301,1166
294,1168
279,1154
273,1278
267,1476
262,1416
611,1690
611,2543
611,3109
611,2077
665,1944
661,5620
661,3115
659,2149
654,8075
732,3519
721,2377
698,1764
691,5440
670,3256
653,2113
637,1813
623,7594
609,3800
602,2595
650,1729
647,4973
643,2806
625,1901
613,7156
597,3270
588,2062
578,1600
575,1764
564,1721
557,1714
557,1723
557,1701
555,1716
610,1705
590,1656
559,1604
542,1563
520,1658
492,1596
547,1533
544,1647
536,1645
592,1580
565,1591
548,1567
536,1496
530,1508
530,1515
530,1557
530,1507
563,1527
563,1504
561,1508
561,1555
556,1498
581,1492
574,1517
559,1477
544,1483
527,1437
517,1359
501,1330
490,1293
477,1212
471,1234
462,1216
460,1169
456,1300
452,1290
441,1282
431,1278
427,1285
419,1285
413,1257
406,1795
401,3078
400,3505
400,3544
398,1437
395,1471
390,1461
375,1433
356,1421
341,1439
326,1400
314,1405
308,1391
303,1376
299,1328
283,1277
274,1278
266,1412
614,1619
611,2000
611,1732
611,1861
668,1744
665,7874
665,3690
661,2545
741,1796
736,2153
730,7921
717,3830
705,2793
688,1803
666,2230
646,8645
631,3211
618,2263
609,1686
658,1657
650,1773
646,8036
641,3506
622,2564
605,1628
593,1586
588,1739
578,1682
574,1513
562,1475
557,1706
557,1666
557,1913
617,1855
612,1985
590,1809
563,2146
541,2668
599,2911
572,2913
549,2868
550,2895
620,2835
593,2846
567,2668
547,2651
534,2575
530,2584
530,2516
530,2606
566,2513
563,1885
563,1822
563,1837
588,1826
584,1783
581,1795
575,1810
560,1770
544,1776
527,1728
518,1703
501,1675
491,1653
478,2243
471,2212
462,2235
460,2188
456,2197
452,2202
441,2109
432,1866
427,1812
420,1184
413,1057
406,1092
401,1047
400,1068
400,1239
398,1394
395,1427
389,1443
375,1441
354,1296
339,1247
326,1235
313,1143
306,1020
303,850
295,986
277,1250
270,1266
619,1469
611,1637
611,1860
611,1603
668,1761
665,1675
665,1670
661,1750
745,1677
738,1687
735,1830
735,1876
717,1682
695,1653
672,1616
658,1628
640,1600
626,1588
643,1653
662,1614
651,1602
649,1532
645,1542
627,1479
614,1494
598,1487
591,1423
582,1542
575,1479
565,1451
558,1430
557,1406
557,1427
619,1565
613,1560
597,1575
566,1579
547,1523
601,1527
570,1487
547,1437
552,1411
620,1408
594,1406
567,1349
548,1366
536,1360
530,1309
530,1314
530,1333
566,1261
563,1205
563,1212
561,1186
589,1193
584,1204
581,1207
574,1201
559,1195
544,1180
525,1177
517,1131
501,1130
490,1232
475,1232
471,1214
461,1190
460,1194
456,1165
452,1306
438,1243
431,1246
426,1220
420,1205
413,1211
405,1179
401,1163
400,1156
400,1161
398,1147
394,1223
384,1127
369,1108
352,1106
334,1078
321,1061
312,1050
305,1132
303,1126
293,1123
276,1289
269,1289
623,1557
612,1689
611,1633
611,1615
668,1708
665,1773
665,1687
661,1651
745,1766
739,1757
735,2597
737,1868
720,1858
695,2516
680,1796
661,1766
641,2318
630,1749
646,1743
666,2289
652,1719
649,1630
645,1902
635,1875
618,2280
602,2474
593,7218
588,3099
575,2083
566,1402
560,1471
557,1499
621,1613
619,1525
615,1549
598,1672
572,1663
550,1719
601,1698
574,1641
554,1595
627,1564
619,1480
596,1657
568,1590
551,1546
539,1448
533,1449
530,1414
566,1504
566,1558
566,1561
563,1518
561,1541
589,1546
587,1545
583,1564
578,1522
569,1525
553,1499
539,1525
521,1401
508,1390
496,1356
484,1369
475,1453
469,1439
461,1478
458,1528
455,1399
445,1060
436,1207
429,1709
423,1950
418,1905
413,1877
405,1808
400,1788
400,3469
400,2369
398,1186
390,1047
374,1001
355,920
340,1006
321,1121
316,1284
308,1293
303,1313
292,1292
284,1304
272,1304
632,1742
623,2052
612,1874
668,1985
668,1910
668,2002
668,1907
661,1993
745,1869
745,7294
741,4148
746,2664
739,2069
727,2231
705,2238
683,7799
664,5074
642,2505
695,2521
677,4540
667,2278
654,3831
651,2568
646,1622
639,1628
619,2104
606,1501
594,1495
589,2166
576,1463
569,1458
562,1581
621,7106
621,3837
618,2218
606,1522
586,1514
648,1565
620,1381
582,1988
571,6554
638,2966
624,2509
606,1375
583,1268
559,1909
551,1370
543,1250
534,5408
566,2977
566,1792
566,1348
566,1654
589,1717
589,1899
589,1864
588,1899
585,1873
582,1884
574,1863
559,1760
544,1767
525,1693
517,1710
501,1692
490,1727
477,1686
471,1635
462,5931
460,3094
456,2169
452,2439
442,1901
433,1656
428,1709
420,1606
413,1592
406,1477
401,1510
400,1467
400,1539
393,1515
382,1471
372,5163
349,4695
332,2237
322,1074
314,1206
304,1081
291,1123
285,1158
280,798
639,1817
632,2046
623,1939
671,1907
668,2032
668,1872
668,1901
748,1915
745,8480
745,3708
755,2564
751,1916
746,2099
740,2118
727,1835
705,8080
683,4045
707,2746
708,1874
695,1776
678,1727
667,1705
654,2200
649,4305
646,4286
637,3332
620,5579
605,2797
593,2067
589,1741
576,1774
569,1730
626,7510
621,3340
612,2425
598,3729
585,2038
652,7259
620,2427
594,1537
585,6386
643,2600
618,3109
594,1755
580,1359
567,1290
557,5605
548,2586
539,1585
569,1248
566,1411
566,1228
564,1398
592,1391
589,1263
589,1163
590,1042
587,1085
584,1082
577,980
568,983
551,988
537,983
519,4372
501,3652
492,1717
481,1090
473,993
463,991
460,4189
457,2755
455,1672
442,1062
434,4229
428,3403
423,1361
415,2653
408,1962
402,2631
398,1927
392,1575
383,1561
376,3965
359,2008
342,1360
328,4107
322,2364
307,2475
293,1488
287,1455
282,3502
280,3378
639,1807
632,2279
622,2057
671,1744
668,1864
664,1853
664,1766
748,8877
745,3800
745,2775
755,1845
751,2385
746,8691
740,3098
727,2269
705,1623
687,5675
707,3745
708,2418
695,1800
677,1625
667,7905
654,3266
649,2330
645,1539
637,6636
620,2737
605,3593
593,1881
588,4750
576,2794
569,4771
624,2758
611,3854
596,1949
587,6804
571,2823
621,1704
608,5552
587,2743
576,1591
620,1360
597,1356
582,1107
576,5694
564,3257
554,2408
544,3246
536,1591
566,1204
566,5087
564,2770
564,1636
589,1169
589,1034
589,1057
589,1041
585,4346
582,2888
572,1748
556,1049
541,2536
523,2137
512,1085
497,2139
484,1606
475,1074
469,1077
461,1073
458,3081
455,2638
445,1047
434,2022
428,1514
423,2029
415,1514
408,1248
404,1221
398,1208
394,2927
383,2924
376,1935
359,986
340,2786
328,1809
319,2617
307,1325
293,2628
285,1538
282,886
280,2564
272,2523
629,1577
619,2080
668,1943
668,1679
664,1764
664,1891
661,1761
745,1695
745,8643
744,3768
748,2435
744,1872
733,7062
711,3249
692,2079
671,1791
653,7078
675,3146
682,2175
670,1465
660,4948
651,2943
648,1852
643,7120
622,2563
606,1692
595,1318
589,6572
578,2987
569,1871
562,1268
619,1201
609,1172
594,6148
584,3458
561,2464
536,1323
593,3316
576,2420
553,5156
602,2121
588,1259
577,5368
564,2335
554,1506
548,4507
538,2668
531,1316
566,1053
564,1040
564,1003
561,1012
561,4228
589,2785
589,1702
584,1097
582,888
574,4123
559,2668
544,1624
524,1071
515,914
499,919
486,865
475,887
470,3494
461,4449
458,2152
455,1003
447,2247
436,2285
429,1341
423,3215
417,2264
413,1114
404,825
400,812
397,804
386,4181
378,3118
364,2242
343,1425
330,1245
322,1276
312,4611
299,4200
290,2029
282,2822
280,4602
272,2054
270,1448
265,1421
614,1636
611,2125
668,1751
664,1761
661,1762
661,1832
745,8307
745,3653
741,2625
735,4539
737,2463
720,1967
695,2290
678,2378
659,2055
641,9326
627,2542
672,6650
663,4385
652,2539
649,1831
645,1727
630,7302
614,3398
598,2269
591,4520
582,2352
575,6516
565,2743
558,1706
555,1425
610,6476
593,3472
580,2261
554,1561
525,1569
585,1793
570,6072
552,3546
525,2167
589,1481
576,1290
560,5327
553,2758
543,1760
534,1320
530,1336
530,1322
566,1347
564,1327
561,1260
561,1281
589,1361
587,4629
584,3372
577,1808
571,1172
554,1072
539,4426
522,2902
509,1772
496,1111
484,925
475,4057
467,3430
461,1508
458,2379
455,1409
444,3193
433,1798
427,1088
423,2984
417,2017
408,1000
404,2787
400,1942
400,1907
396,1403
384,1169
375,1170
355,1117
335,1087
325,2547
314,2441
308,1701
299,1031
286,1008
281,2472
272,2342
270,3518
266,3584
261,2246
611,1505
611,1768
668,1642
664,1650
661,1648
661,1633
745,3649
741,2493
736,1886
739,1729
724,1748
698,7243
680,3491
663,2408
641,4058
630,2182
646,4641
666,3042
652,1787
649,1747
645,1718
635,1687
618,1651
602,1683
592,1675
585,1528
575,1453
566,1482
559,1993
557,1388
557,2019
610,1251
595,1261
578,1384
560,1242
528,5521
573,3624
559,2129
551,3253
539,1877
590,1537
567,5459
554,2632
545,1680
536,4984
530,2201
530,4585
530,2013
566,1310
561,1266
561,1493
561,1293
588,1283
584,1282
581,1276
573,1208
557,1441
542,5536
523,3227
515,1659
497,2607
486,1919
475,1197
470,5297
461,2107
458,2944
455,1495
447,1498
436,4459
428,2786
423,3167
417,1282
413,982
404,1111
400,3604
400,3620
400,2748
397,1457
388,1054
369,3588
353,2207
334,2294
319,1341
314,3100
307,2617
301,1669
289,4393
279,2379
270,2759
266,2019
261,1946
261,4073
611,1576
611,1963
668,1747
665,5010
661,2372
661,5436
741,3008
736,2193
729,2138
727,2118
703,1932
681,2008
664,9090
641,3526
630,2265
614,1789
639,1861
652,8500
648,3172
645,2596
635,1612
618,1887
602,1933
592,8362
585,3459
575,2157
566,1694
559,5555
557,2709
557,2095
619,7891
611,2875
593,2146
561,4015
544,2180
515,7353
560,2664
551,4520
544,4083
542,3827
584,2029
563,6948
544,2396
536,4301
530,1786
530,6528
530,2348
565,3869
563,3289
563,4327
561,2191
559,1668
584,6439
577,2387
570,1664
554,1179
539,1515
521,1468
508,1441
493,6149
483,2998
475,1792
467,2968
461,1486
457,1263
454,1231
441,1190
433,3999
427,3876
422,1900
415,1139
406,1082
401,3585
400,3336
400,1445
398,2328
395,1735
387,2261
374,2228
354,1309
339,3120
325,1967
312,3050
306,1551
302,1060
297,1261
280,3544
270,3028
262,1984
261,1210
261,1165
261,2866
611,1613
665,1899
665,1828
665,1817
659,1912
654,1783
732,1814
718,1836
696,1771
689,1887
667,1999
649,1731
631,1816
618,1894
609,7331
599,4112
650,2469
645,4002
637,2161
619,1660
604,6901
592,3414
588,2350
575,1604
569,1630
560,5531
557,1484
557,6583
555,4488
551,2594
606,1696
588,4257
566,2408
534,3930
517,2355
496,5647
547,2795
541,3673
528,3259
587,1808
559,1373
539,1312
530,4342
530,3301
530,1899
530,1229
527,4665
563,3014
563,1666
560,3068
556,1914
552,4566
571,2346
554,1659
540,4358
522,2327
512,2527
497,1458
484,1276
475,1256
469,4123
461,2948
458,1676
455,4069
444,2047
433,1204
427,1192
422,1199
414,1192
407,3906
404,3752
400,1940
400,1139
398,1283
396,3673
392,3617
380,2351
367,1134
347,1149
336,1117
324,1125
307,1179
304,3079
301,3086
291,1680
278,1145
266,2672
261,2609
261,1758
261,1778
261,2705
258,1700
608,1578
665,1826
663,1623
654,1763
651,1687
722,5195
698,3014
681,1897
660,1765
653,1645
637,1569
620,1535
609,1534
600,1610
591,1570
588,1541
643,1676
624,1602
610,6124
597,3525
588,2113
578,1505
574,6006
563,2955
558,1792
557,5633
557,2608
555,1611
548,5576
541,2755
581,1639
562,3488
533,2174
515,5101
496,2581
547,1522
541,1325
528,5782
515,2924
559,1812
547,3366
531,3036
530,2862
530,2886
530,1445
527,4661
527,2367
563,2996
563,1611
558,1401
555,4662
576,2382
567,2870
550,1470
539,1056
520,1050
507,1007
493,1006
484,1107
475,1150
469,1190
461,4174
458,4484
455,1895
447,2453
436,1467
428,1188
422,1184
417,1879
412,2349
405,2274
400,1747
400,1395
400,1384
398,1386
395,1382
390,1381
375,1367
355,1333
341,3209
326,3228
314,1526
308,3016
303,1521
295,1038
279,1050
273,1010
267,2820
262,2788
261,1412
261,986
261,2809
611,1584
665,2044
665,1728
661,1946
660,1724
738,9119
735,3362
727,2346
720,3965
696,5210
680,2783
663,2071
641,1955
630,1800
616,1866
639,1995
658,1777
650,7907
648,4044
643,2259
624,1769
610,1771
597,7479
589,3127
582,2085
575,1441
565,7061
559,2966
557,1906
557,3987
615,2237
603,1527
583,1541
565,6833
537,2948
582,1940
571,1278
556,1493
543,5473
596,3086
583,1889
563,1274
554,1132
545,5370
539,2481
531,1567
530,1075
566,4396
566,2209
564,1516
561,932
589,929
589,4039
587,2694
584,1625
578,1066
569,845
554,838
539,830
522,929
512,1008
497,1106
486,1388
475,1363
470,3392
461,3148
460,2282
456,1180
451,994
439,3067
432,2973
426,1264
420,876
413,892
406,866
402,859
400,948
394,1063
385,1229
378,2847
360,2862
343,1181
330,922
322,945
309,2669
296,2643
287,1723
284,1054
281,1064
278,2706
272,2522
267,1268
678,1593
669,1816
664,2082
664,3249
664,4895
745,2510
745,1787
745,1946
755,6786
751,3572
745,2494
737,1736
724,1693
698,1665
680,1643
705,1616
707,1573
695,1533
676,6206
667,4436
654,2519
649,1719
645,1717
637,1524
620,5621
605,3723
593,2256
589,1542
576,5264
637,2800
617,1743
599,4931
591,2469
578,1603
559,4861
624,2650
602,1624
585,3533
645,2143
609,1303
590,4355
582,2302
577,1462
571,4154
557,2213
547,3164
576,1567
570,3998
564,2073
564,2885
564,1471
592,3835
589,1976
589,1185
590,3681
588,2282
584,1341
577,1045
568,1028
551,3578
532,3304
519,2614
501,1325
492,2582
478,1918
473,1541
462,1238
460,1246
456,3154
453,3078
439,2323
430,1210
426,1006
420,1150
413,1028
402,941
390,1022
384,2715
374,2725
358,1427
349,928
335,2484
326,2528
313,1246
296,1741
289,1805
286,1729
282,1677
280,1715
272,1631
269,1628
265,2154
669,1496
664,1715
664,1633
664,1595
661,1790
745,1621
745,1718
745,2068
748,6662
745,3766
735,2448
716,3857
694,2182
671,4794
656,2600
702,4561
685,2373
671,1607
662,1469
651,1441
648,1439
643,1451
624,6788
607,3902
596,2674
589,1554
578,6410
571,3265
556,2093
608,4827
594,2731
587,1669
566,1445
548,1274
608,6022
588,3365
566,2128
534,1367
591,1142
582,5254
577,3190
566,1840
556,3315
547,1665
538,3560
533,1977
564,4831
564,2243
564,3349
564,3230
589,2830
589,4600
589,1828
586,3153
582,3188
575,3177
564,1584
544,1221
529,1167
518,4008
501,3848
491,1707
477,1088
471,1079
461,3926
460,3516
456,1553
451,1160
438,1145
430,1122
426,3626
420,3757
413,2536
405,1292
395,3670
386,1858
381,1263
367,1265
351,1260
341,1226
328,3393
319,3343
299,1764
292,2448
286,1564
283,1565
281,3045
275,3058
271,1475
266,1177
262,1139
261,2738
664,1707
664,1832
664,1721
661,1726
745,4944
745,2615
741,1902
746,7886
737,3321
722,2295
695,1932
676,1990
658,1773
640,1746
663,1728
670,1708
661,1700
651,1645
648,7407
643,4348
624,2579
605,1844
593,1747
589,1660
576,6323
569,4168
560,2471
547,1777
532,1653
589,1615
572,1611
547,1577
533,6073
515,4178
568,2567
539,1640
516,4326
510,3179
575,1907
562,6240
553,2805
542,1818
536,5967
530,2797
530,1759
528,1399
564,1398
561,5798
561,5700
561,2589
587,1937
584,1373
580,1427
572,3876
555,3883
541,3822
523,1863
512,5508
497,2662
486,1596
475,3659
470,4706
461,2129
458,1520
455,1526
449,1519
438,1450
429,1481
426,1433
420,1448
413,4827
405,4392
400,2040
397,1407
389,1346
381,1325
367,1364
348,1326
338,4547
325,4274
318,2184
305,1464
292,1467
285,4169
282,4130
280,1675
272,4014
270,2722
265,1612
261,3904
261,2583
261,1574
664,1898
664,2188
661,1881
661,1911
745,1934
743,4622
738,5427
744,2952
733,2170
711,1931
694,7480
671,3762
654,2603
637,1753
659,1701
670,1669
661,1674
651,6616
648,3770
643,2374
624,1682
606,7197
596,2849
589,3637
578,1978
569,1595
562,6674
550,3290
603,2203
592,1513
579,6523
554,3170
534,1964
519,1443
574,6047
547,2963
521,1922
512,2713
576,1842
564,5452
554,2640
545,1683
536,1243
530,1231
530,5161
528,3476
564,2064
561,1332
561,5113
561,2566
587,1609
584,3429
577,2011
571,3353
554,3320
539,1615
521,3173
508,1930
493,2982
483,1745
475,4247
463,1966
460,1152
456,3837
454,2235
441,1254
432,3695
427,2202
420,1137
413,1030
406,3181
401,2183
400,1502
395,3136
384,1851
375,1116
355,3061
336,1679
326,1912
317,1386
306,1378
291,2718
284,1775
281,2684
275,1858
272,1085
267,2678
262,2672
261,1329
261,2678
257,1803
257,1051
661,1526
661,1763
661,1716
657,1860
735,1655
727,1780
709,1727
695,1782
673,1690
656,6725
640,4229
623,2606
609,1772
602,1715
623,1613
647,6226
641,3978
622,2424
605,1689
592,1534
588,6516
575,3322
569,2100
559,1406
557,1323
555,1387
543,5893
523,3832
571,2246
540,1266
515,4802
502,2429
489,1380
469,1069
512,4529
498,2972
480,1702
548,2897
539,1472
531,1100
530,1094
530,1100
530,4183
525,2461
525,1477
561,963
559,852
556,840
550,3690
542,2506
553,1462
538,2405
519,1390
503,1029
492,3284
481,2206
473,1117
462,840
460,3164
456,2254
452,1300
438,921
431,951
425,3094
419,2708
412,1439
404,844
399,812
400,831
400,807
397,875
390,1004
371,952
354,812
338,823
322,818
316,924
307,1061
301,1056
294,1059
279,1058
272,1041
267,1059
262,1051
261,1040
261,1033
261,1024
261,1022
258,1014
254,1022
254,1004
254,1000
653,1410
647,1495
635,1552
695,1582
677,1494
655,1567
634,1479
630,5969
616,3139
606,2205
594,1531
589,2011
586,1426
580,1476
618,1442
604,1432
592,1502
588,1675
575,1639
568,1643
561,1625
556,1602
557,1576
556,1562
551,1570
535,1503
508,2087
486,2079
522,2016
499,1984
489,1993
479,1961
471,1949
514,1931
490,1914
474,1894
464,1844
534,1819
530,1815
530,1799
530,1870
530,1805
527,1770
525,1780
525,1803
559,1784
556,1775
552,1793
543,1788
555,1700
541,1708
522,1688
515,1660
499,1663
490,1623
475,1575
470,1575
461,1566
460,1562
456,1546
452,1555
441,1523
431,1501
427,1489
419,1483
412,1510
405,1495
401,1477
400,1464
400,1431
398,1399
393,1412
382,1385
366,1343
346,1271
329,1235
317,1227
312,1202
307,1210
296,1203
286,1232
276,1145
270,1166
267,1205
262,1154
261,1152
261,1298
261,1308
261,1291
254,1223
254,1229
254,1234
659,1581
654,1823
649,1751
720,1768
698,4004
679,2317
667,2125
649,1675
631,1709
618,1584
609,1831
599,6781
591,4075
618,2412
638,1654
618,1506
604,1930
592,1505
588,1506
575,1429
568,1654
560,1593
557,1566
557,1559
555,1583
541,1571
524,1572
504,1548
542,1701
511,1688
493,1633
485,1625
478,1593
527,1616
498,1565
478,1525
475,1513
536,1495
530,1441
530,1461
530,1451
530,1444
527,1423
525,1409
525,1406
560,1414
556,1392
552,1365
543,1377
555,1370
540,1344
522,1321
512,1277
497,1216
486,1250
475,1337
469,1281
461,1215
458,1170
455,1187
445,1138
436,1130
428,1116
422,1107
416,1218
412,1236
403,1207
400,1150
400,1130
399,1146
397,1142
392,1132
378,1146
358,1132
344,1105
326,1043
315,1194
308,1147
303,1141
300,1383
282,1355
274,1357
266,1330
261,1265
261,1272
261,1287
261,1261
261,1268
258,1238
258,1241
254,1214
253,1211
652,1515
646,1970
633,1671
688,1675
670,1659
654,1676
641,1714
630,1571
615,1524
606,1542
594,1632
589,1611
586,1605
609,1715
618,1687
604,1679
593,1666
588,1686
575,1683
568,1669
561,1669
557,1587
557,2350
556,2646
553,1795
547,1577
528,1382
568,1651
540,1602
526,1594
503,1666
481,1787
477,1999
537,1973
512,1952
486,1909
480,1828
535,1720
530,1687
530,1468
530,1641
530,1651
527,1410
527,1421
562,1434
559,1419
556,1420
553,1423
544,1422
556,1432
541,1411
523,1377
515,1375
499,1406
490,1380
475,1374
470,1383
461,1378
460,1387
456,1391
452,1316
439,1503
431,1504
425,1451
419,1509
412,1493
405,1437
401,1433
400,1418
400,1389
398,1411
396,1410
391,1398
380,1300
365,1333
348,1046
336,1135
322,1004
309,971
304,1307
301,921
291,930
280,1335
270,847
261,842
261,1345
261,803
261,789
261,1077
258,1032
258,2044
258,2026
657,1361
653,1766
646,1469
714,1593
688,1605
670,1578
663,1531
641,1497
630,1473
612,1492
606,1493
593,1570
589,6220
644,4100
634,2352
617,1600
602,1376
592,1439
584,1345
574,1398
565,1435
559,1444
557,1523
557,1582
555,1869
550,1862
543,1823
592,1862
568,1823
536,1766
517,1797
503,1720
548,1717
541,1693
528,1719
515,1703
574,1676
549,1643
533,2130
530,2097
530,2137
530,2132
527,2141
527,2190
563,2086
563,2133
556,2140
553,2089
574,2100
558,2080
543,2086
524,2047
517,2132
501,2001
490,1998
475,1993
470,1957
461,1963
460,1940
456,1916
451,1949
438,1934
429,1902
425,1889
419,1892
412,1911
404,1825
400,1800
400,1809
400,1812
398,1807
394,1768
387,5377
374,4233
365,2159
345,1415
335,1410
320,1301
307,1341
303,1492
299,4788
291,4308
280,2297
266,1466
261,1491
261,1493
261,1454
261,4474
258,4481
258,2183
258,1765
258,1702
654,1555
652,2102
725,1648
707,1628
684,2135
662,1749
656,8113
640,2861
626,1885
609,1730
602,8031
592,3256
589,2334
644,1588
629,1557
614,6784
598,3353
590,2246
582,3240
574,1992
564,8372
558,2959
557,2073
557,1517
555,1791
549,1694
541,1781
585,1645
566,1693
534,1856
515,1971
501,1948
547,7263
541,3682
528,2092
522,1428
573,7225
549,2442
533,3248
530,1957
530,1480
530,1494
527,1495
527,1511
563,1474
563,1466
557,5799
553,2785
574,2111
563,1294
545,1309
530,1283
519,1374
501,1378
492,1448
481,1550
473,1901
463,1855
460,1814
457,1818
454,1812
441,1756
433,1734
427,1699
422,1669
416,1704
412,1650
404,5087
400,3080
400,1926
400,1418
397,1410
393,2026
385,1129
370,1006
355,4896
341,4347
328,1823
315,1296
306,1288
303,1119
299,1278
285,1464
274,1950
267,4474
261,4506
261,2229
261,1198
261,1226
261,4558
258,4281
258,1899
661,1576
659,1823
737,1790
732,1727
720,1732
708,1768
690,1650
670,1671
653,6714
637,4318
623,2636
609,1797
634,1658
650,6226
648,3574
645,2245
628,3463
614,2060
600,6106
590,3082
584,1982
575,5957
566,3078
559,1919
557,5680
557,3098
555,1824
615,1485
600,1514
574,1738
552,5649
529,3314
575,2561
556,1509
546,1189
548,1502
605,1228
571,5402
556,3404
543,1721
536,2576
530,2038
530,1192
530,5094
566,2419
563,1445
561,1080
561,4592
589,2742
586,3683
583,2966
576,1530
568,3697
551,2920
539,1506
520,1033
507,1057
493,975
484,951
475,926
467,878
461,1527
458,947
455,859
445,1582
436,989
429,882
423,3431
417,3481
413,2422
404,1254
400,1081
400,1517
400,1522
395,1475
385,1451
370,4602
352,4051
336,2002
320,1471
314,4202
307,4150
297,1710
286,1442
278,4010
272,4089
267,2084
262,3881
261,3942
261,2933
261,3948
261,3879
665,1685
661,1809
745,1741
743,2059
738,1706
745,5610
733,2951
711,2145
694,5419
671,3300
656,2095
640,5155
663,3215
670,2065
662,4979
652,3084
649,1930
645,1650
631,1708
614,1727
601,1595
591,1497
584,6145
575,4861
566,2641
559,4469
621,4074
621,2181
615,5935
601,2917
580,3571
562,1942
610,1521
578,1478
562,1459
634,1469
617,1358
591,1450
574,4866
556,3951
548,2027
539,1328
533,1286
566,1282
566,1273
566,1283
566,1387
561,1333
589,1330
589,1457
587,1471
585,4742
578,3109
571,1890
554,1231
541,1087
523,1028
513,1019
497,1065
486,1105
475,1187
470,1460
461,1420
460,1408
456,1442
452,1384
440,1284
432,1269
428,1242
420,1236
413,1246
408,1181
402,1165
400,1166
400,2904
393,3462
383,1202
373,1917
352,1313
334,1809
325,1224
315,1936
307,1349
292,765
286,1855
281,1677
277,1848
272,963
267,640
262,634
261,1872
261,1674
668,1399
664,1773
745,1528
745,1598
745,1846
753,4859
748,3382
744,2184
733,1920
711,1590
692,7300
671,3345
719,2425
702,1572
686,1666
671,7027
662,3519
651,2199
648,1589
644,5275
626,3285
611,3263
597,1890
589,5630
578,2901
574,3933
628,2044
621,1567
614,1728
603,6583
590,4244
662,2424
630,1763
600,1322
579,1298
651,1282
624,5493
596,3191
581,1898
573,1332
558,1167
551,1149
541,4936
570,3019
566,1763
566,2951
564,1515
592,1163
589,1129
589,1132
589,1096
588,4219
584,2732
578,1665
569,1090
551,978
539,973
520,949
506,4108
493,3514
483,1573
475,1128
467,1101
461,1104
457,3639
454,3636
442,1515
434,1065
428,3458
423,2454
415,1203
408,2329
402,1699
400,3311
397,1694
385,3359
377,1704
364,2242
340,2214
330,1589
321,1272
312,3126
298,3064
290,1969
282,1494
280,2902
272,1976
270,1231
265,2849
261,2982
261,1430
261,1181
664,1648
748,1961
745,1765
745,1676
755,3906
751,2339
746,1853
740,6846
727,3332
705,2260
681,3770
707,2262
708,10792
695,3638
677,1750
667,1558
654,1572
649,1523
645,1527
635,1547
620,1489
603,1641
593,5192
588,3401
576,2463
569,2470
626,2404
619,2466
609,8318
593,2587
583,2045
643,6827
612,2739
593,1905
581,1669
639,1643
609,1592
590,7433
578,2636
564,2193
556,1212
548,1445
538,1465
569,1399
566,1409
566,1458
564,1631
592,1626
589,1596
589,1564
590,1595
587,5787
584,2511
577,2019
568,1173
551,5725
539,2177
520,1354
506,970
493,5308
483,1961
475,1274
467,954
461,4963
457,1863
456,1190
443,938
434,1183
428,4879
423,2534
417,1400
408,1004
404,4715
400,2543
396,1433
386,4722
378,2200
363,1491
343,4337
332,2518
322,2715
313,4240
300,2788
290,1639
282,1628
281,4199
275,3554
272,1529
266,3997
262,1708
261,1038
261,2375
664,1485
748,1632
745,1600
745,1699
755,3635
753,2127
748,1774
742,1881
730,7449
708,3419
689,2317
710,1715
716,7190
700,2883
681,2047
671,4640
659,2858
651,3922
648,2065
643,1609
623,1602
606,1582
595,1544
589,1538
578,6417
637,4308
628,2444
619,1612
609,1550
594,1629
584,1496
647,1617
615,1667
596,1383
585,1451
639,1429
605,1550
590,5683
578,3532
570,2222
558,1351
548,1188
540,4999
569,3150
566,1792
566,1192
564,1474
592,1293
589,1268
589,1312
590,1289
588,1298
584,1271
577,5792
568,3212
551,1694
537,1326
519,1224
501,5593
492,2289
481,1409
473,3134
463,2137
460,1599
456,5468
455,2468
442,1402
433,1010
428,5305
423,2812
413,1719
406,5216
401,2364
398,3359
392,3487
383,2101
375,5228
354,2194
339,1695
326,4880
318,2067
307,1044
292,2932
285,1918
282,1455
280,1433
272,1382
268,1393
263,1246
261,980
261,980
257,3155
664,1494
745,1912
745,1661
745,2007
754,1783
748,1726
745,1724
734,2161
716,8370
694,1625
671,1695
695,1674
705,2129
687,2087
671,1915
663,1890
651,1842
649,1851
644,1853
627,1787
614,1751
598,2606
589,3841
579,2893
575,2368
630,2011
622,6238
611,2744
596,1773
589,4312
570,2565
624,1681
600,1412
584,1387
650,1344
622,1324
594,4797
584,3073
575,1841
562,3112
553,2806
545,1792
572,3475
566,2142
566,1509
564,1459
564,1466
589,1460
589,4369
589,2536
590,3012
585,1531
582,1251
575,1253
559,1253
544,4187
526,2505
517,1605
501,1063
490,3979
477,2259
471,2365
462,1401
460,3885
456,2298
453,2821
442,2348
432,2375
426,1739
420,2985
413,1685
406,1060
401,1060
397,1040
387,2778
379,2961
368,1534
348,3040
338,1422
326,873
316,850
304,847
292,2358
284,2346
282,1632
280,2302
272,1599
269,1017
265,1023
261,977
261,974
257,970
748,1436
745,1871
745,1621
745,1755
755,4948
751,2446
745,6489
737,3028
724,1982
698,1767
680,1771
732,1979
707,1687
695,7202
674,3705
667,2189
653,4217
649,2335
645,1709
636,1584
620,1448
603,1506
593,1554
585,1438
575,1522
634,5928
622,3617
610,2569
596,1522
587,1471
655,6092
622,2783
608,1832
594,1322
653,1501
620,5774
598,2537
582,1750
577,1221
564,4990
554,2454
547,1685
574,1307
567,4862
566,2847
564,3464
592,1731
589,1237
589,4099
590,2349
590,2894
587,1500
582,1181
575,4277
566,2412
546,1453
530,1125
519,4183
501,2427
492,2481
478,1364
473,3585
462,2159
460,1232
456,3305
455,2062
442,3051
433,2346
428,1918
420,1179
413,2526
406,1740
401,1070
395,2383
386,1671
379,1815
364,1357
348,1104
338,935
326,817
317,807
300,951
291,1783
284,1706
282,1683
280,1175
272,904
269,875
265,906
261,902
261,1638
257,1665
748,1472
745,1715
745,1557
755,1559
755,2094
751,4481
745,2401
737,2023
722,1965
696,2087
721,1928
728,6232
707,4007
693,2267
674,1675
664,1507
653,1520
649,1501
646,1427
634,1431
619,1424
601,1508
591,5632
584,7183
575,3543
634,1700
620,3781
608,1962
595,1330
586,1327
648,4874
619,3290
604,2060
593,1326
641,3492
608,2567
588,1496
581,1295
576,1285
564,4286
553,3490
544,1904
572,2388
566,1806
564,4741
564,2792
592,1638
589,3522
589,2108
590,4596
590,2701
585,3198
582,1791
574,3446
559,2070
544,1445
524,1384
517,1320
499,3616
490,3671
475,1665
470,1001
461,924
460,3285
457,3997
450,2441
439,1229
430,910
423,3095
418,2556
413,1321
405,1100
397,1063
390,1069
383,1066
372,1060
354,1037
342,2983
329,2843
323,1355
307,1072
295,1072
287,2615
283,2560
281,1295
275,1729
272,1720
266,1723
262,1713
261,2513
257,1603
257,981
748,1506
745,1577
745,1683
755,1745
753,1641
747,1689
742,1938
728,1951
705,7336
688,4098
709,2394
709,1826
695,1530
678,6175
667,3187
654,2166
649,1523
645,1458
637,5655
620,3163
603,2065
593,3108
588,2140
576,1796
634,1822
622,1769
610,5956
596,3113
587,1961
571,2913
621,1653
608,5519
586,2746
649,1836
619,1208
595,5020
582,2477
576,1552
562,3137
553,3169
544,1580
572,1344
566,4497
566,2365
564,2796
564,1387
589,3832
589,2005
589,2595
588,2225
585,1310
579,1030
571,3841
554,1917
540,1306
522,961
512,942
496,967
484,903
475,966
469,1023
461,998
458,1115
455,1132
446,1081
434,1085
429,1047
423,1031
417,1030
413,1029
404,2667
400,2865
395,1362
385,797
378,2683
361,1797
343,872
332,754
322,742
310,2212
294,2194
289,1124
282,727
281,738
274,2062
270,2066
265,1391
261,811
261,2063
261,2020
257,1372
257,827
745,1417
745,1827
745,1586
751,1664
746,4846
740,2462
727,1723
705,4860
683,2926
664,1853
708,4591
695,2779
677,1725
667,1670
654,1809
649,5473
645,3777
635,2406
620,1492
603,1301
593,1402
588,5501
576,3677
569,2261
626,1424
617,3592
609,2210
593,5205
582,2299
643,2600
611,3360
592,1764
574,1320
633,1288
603,4742
589,3036
577,1786
564,2555
554,2890
548,2825
538,1443
567,3503
566,2421
566,2363
564,1375
589,1148
589,3735
589,2324
589,2528
586,2285
582,2490
575,1267
563,962
544,996
527,971
517,960
501,3586
490,3797
477,1735
471,1085
461,950
460,930
456,3568
452,3523
439,1748
432,1027
426,885
420,861
413,983
405,1055
400,1159
398,1341
392,1326
383,3193
374,3290
351,1640
335,1064
326,1041
317,1007
306,955
291,1014
285,953
281,1085
278,1245
272,1221
267,1200
263,1190
261,1184
261,1166
257,2515
257,2539
254,1269
745,1528
745,1968
753,1678
748,1642
744,1660
732,1796
708,8846
692,3178
670,2205
692,3798
702,2475
682,7295
671,2777
660,1978
651,1531
648,7741
643,2989
624,2032
607,4185
597,2543
589,4946
578,3010
574,4285
562,2024
621,7173
612,2492
599,1677
587,1337
570,1282
622,1323
596,5899
578,3383
571,2475
620,1292
594,1076
581,4534
573,2921
558,3017
551,1477
541,1219
534,4881
566,2400
566,2867
564,1480
564,1119
589,1147
589,1106
589,1102
588,1085
585,1091
581,4016
572,2725
555,1634
541,1064
523,880
515,862
497,820
486,882
475,3396
470,3694
461,1537
460,2246
456,1331
450,3249
439,2303
430,1076
426,3136
420,2070
413,2139
405,1269
401,1043
397,2969
391,2237
383,2023
375,2035
354,1996
339,2877
327,1392
319,949
307,921
293,972
287,2603
282,2556
280,1296
272,2567
270,1263
265,2470
261,2459
261,2453
257,1205
257,2466
257,1642
745,1460
745,1922
755,1659
753,4542
746,2447
740,3785
728,4812
705,2732
688,2018
709,1885
709,7546
696,3400
680,2304
670,1617
659,8119
651,3225
646,2178
640,1589
620,1686
606,6852
594,3761
589,2434
576,1622
569,7536
628,3101
617,2008
609,1445
594,1388
584,1509
647,6348
615,3125
596,2011
585,5085
637,2334
605,1323
590,1119
579,1172
571,1183
558,1274
551,1329
540,1197
570,1133
566,4101
566,2016
564,1874
592,941
589,776
589,4182
590,2290
588,1220
585,1382
578,3513
571,1972
554,1580
540,1798
522,1022
512,3525
497,3286
485,1656
475,1156
470,2214
461,2120
458,1285
456,3153
448,1673
439,1101
429,934
423,3031
418,3513
413,1686
405,1223
400,4223
396,2425
387,2379
379,1380
366,4198
345,2570
334,1256
325,1113
315,1069
303,1105
290,3638
284,3925
282,1859
280,1217
272,1181
268,1191
265,3812
261,3716
261,1731
257,2124
257,1784
745,1519
745,1793
755,1774
755,1635
749,7712
745,3067
737,2017
720,1741
695,1890
721,2016
728,8529
707,3547
693,2674
673,1687
664,1846
652,8204
649,3284
646,2264
633,1568
615,7874
601,3127
591,2031
583,1558
644,1733
632,7394
621,3163
610,2531
596,3282
587,1852
654,5029
619,3014
601,1712
667,7165
649,2694
614,3725
593,1866
582,1256
575,6241
562,2820
553,1816
578,3330
570,1713
566,1280
566,1246
564,1262
592,4876
589,2846
589,1837
590,3026
588,1525
585,3068
578,1842
571,1334
554,1354
539,4610
522,2920
511,1736
496,1085
484,3938
475,2671
467,2115
461,1367
458,1358
456,1300
442,3741
434,3203
428,1391
423,987
415,944
408,916
404,1012
400,1080
395,1157
384,1397
377,1379
360,1383
340,1370
328,1361
319,1308
307,1291
293,1263
285,2957
282,3005
280,1498
272,1001
270,948
265,973
261,2763
261,2806
257,1419
257,1149
254,1135
745,1632
745,2172
755,1825
748,1738
745,1769
735,1930
717,1773
695,1982
673,2044
724,1928
705,1939
691,2106
671,1859
663,1704
651,1693
649,6974
645,3733
628,2579
614,1673
599,1493
589,7533
579,3239
575,2172
630,3005
623,1979
615,6951
608,2842
592,1880
665,3933
633,2171
600,6719
583,2546
652,1623
628,5650
597,2488
585,3224
573,1643
558,3448
551,2076
543,1451
570,5667
566,2372
566,1587
566,4789
592,2784
589,1304
589,5308
589,2301
597,1487
593,4537
587,2629
578,1352
562,4547
548,2287
529,1448
523,4288
509,2593
497,1272
489,4319
481,2602
475,1359
471,4095
466,1991
450,1107
442,3530
434,2471
429,1226
419,910
412,932
406,884
404,968
404,1100
398,1099
387,1399
376,1408
356,1399
336,1397
326,1384
318,1374
312,1504
301,1533
290,1488
283,1487
274,1430
270,1439
268,1427
263,1370
263,1392
263,1380
263,1314
256,1171
256,1186
746,1584
755,1858
749,1818
746,1766
736,1743
718,1845
695,7067
673,3700
698,2535
706,1762
691,1678
672,6684
664,3523
653,2418
650,1659
646,1652
628,1734
614,1659
599,6171
591,4181
582,2512
575,1704
565,5855
623,3117
621,2088
619,1492
608,1492
588,1463
656,5621
623,3529
590,2189
580,1518
638,1386
624,1299
603,1302
585,1253
563,1214
553,4533
545,4340
536,2057
566,1376
566,1211
566,1226
566,1212
589,1098
589,1116
589,1183
598,1325
594,1321
591,1314
583,1314
568,1297
553,1314
533,1284
533,1273
515,1271
506,1270
489,3636
484,1023
475,902
474,3550
470,3602
460,1552
447,1132
438,1117
432,1116
424,1080
417,1189
409,1342
404,1317
404,1329
404,1326
397,1323
384,1354
372,1277
349,1219
334,1412
324,1373
317,1378
310,1629
296,1574
289,1555
280,1561
274,1571
270,1564
265,1566
263,1542
263,1544
263,1561
263,1559
256,1452
256,1434
746,1714
756,2030
750,1852
746,1901
738,1817
721,1869
696,1757
677,1807
702,1809
708,1720
693,1794
675,1751
665,1664
654,1797
650,1766
646,1757
635,1750
618,1699
603,1671
593,1643
585,1605
575,1612
634,1589
624,1682
621,1645
619,1661
609,1639
589,1653
659,1639
635,1593
595,1639
583,1533
643,1497
631,1518
611,1475
587,1445
567,1403
554,1372
548,1486
574,1432
569,1376
566,1376
566,1358
566,1362
592,1364
589,1236
589,1190
599,1197
596,1176
593,1170
586,1180
577,1173
560,1173
546,1165
537,1156
519,1140
508,1134
495,1080
487,1081
479,1169
475,1155
471,1145
468,1142
450,1103
442,1102
434,1107
429,1082
419,1046
412,1017
408,1015
404,1008
404,1137
400,1133
391,1121
379,1111
361,1129
339,1088
329,1070
318,1078
315,1081
303,1209
290,1193
286,1190
277,1189
274,1200
269,1190
264,1170
263,1165
263,1173
263,1376
259,1380
256,1373
746,1878
756,2578
754,2089
749,2039
743,2314
732,2155
709,2186
691,2496
741,2491
719,2601
701,2372
683,2531
672,2324
661,2380
652,2890
649,2484
645,2141
625,2076
610,2026
597,2175
589,2161
578,2167
644,2145
628,2125
621,2107
621,2066
612,2062
597,2071
672,2055
645,2027
607,2001
668,1947
653,1896
638,1888
615,1829
593,1683
578,1633
562,1907
553,1677
579,1617
572,1746
566,1712
566,1560
566,1493
648,1577
645,1426
645,1404
655,1495
654,1346
650,1352
646,1341
637,1310
620,1315
602,1267
591,1254
579,1187
559,1180
550,1139
531,1126
525,1119
516,1091
514,1184
511,1145
500,1136
485,1106
478,1115
469,1089
462,1044
454,955
446,964
442,1075
440,1051
438,1046
465,1043
455,1040
441,1005
416,897
397,835
382,836
374,950
360,971
343,946
335,939
328,939
319,896
314,1063
312,1045
306,1060
305,1054
305,1057
301,1061
298,1050
767,1776
777,2243
777,1999
771,1965
767,2344
759,2297
741,2386
716,2326
767,2276
748,2300
726,2007
711,2199
689,2221
680,1902
669,2139
664,2087
661,2112
648,2052
628,2049
615,2052
603,1991
596,1989
656,2089
646,2073
636,8252
632,3597
623,2707
701,1742
685,1891
661,2064
636,2188
686,1854
668,1917
651,2093
628,1681
601,1609
587,1739
573,1657
561,1618
591,1717
583,1724
573,1681
572,6826
656,3365
654,2344
651,1411
661,1430
661,1541
661,1497
658,1400
652,1643
645,1578
632,1456
621,1365
603,1381
588,1442
568,1407
558,1404
539,1336
533,1320
521,1453
518,1304
515,1384
508,1944
493,2434
482,1922
474,1912
469,2346
459,1595
452,1358
445,1918
442,4393
439,2670
466,1851
458,1013
444,991
417,1089
400,951
387,937
378,1023
363,967
346,887
337,998
330,1038
323,964
318,1006
313,1113
308,1480
306,1049
306,1104
302,1583
302,1039
778,2144
778,2492
778,2334
776,2380
769,6209
763,3053
752,2581
771,10061
781,5436
757,3239
734,2797
716,5308
699,3169
687,2707
677,9282
668,3776
663,2677
658,6169
636,3341
620,2301
608,2209
602,2388
660,2597
649,2298
641,8514
632,4502
623,2904
699,2110
686,2256
666,2172
640,2391
690,2169
673,2372
654,2506
630,1997
602,7346
589,4550
581,2892
566,1715
594,2050
584,6900
577,3044
572,2094
656,1471
654,1739
654,6650
661,3063
661,2036
661,3128
659,1800
656,1665
648,1602
640,1627
630,1924
615,1819
595,1677
580,6334
563,3617
548,2122
536,1435
530,1297
520,1267
517,5536
514,3317
499,2034
487,3580
478,3663
469,3280
462,1950
458,5521
449,2987
442,4011
438,1696
465,3484
456,2637
440,4715
416,2103
403,1253
390,3862
380,2989
361,1588
347,1326
337,1309
335,1288
327,1288
321,1291
314,1453
309,3422
306,3330
306,1803
302,1249
302,1214
778,2072
778,2729
778,2582
776,2345
771,2373
765,2429
754,10285
774,4451
784,3213
761,2288
741,2847
720,2395
702,2357
688,2333
678,2330
668,2263
665,2213
660,2242
639,2187
624,2163
612,8533
674,4341
660,3095
654,1941
641,2442
630,8878
620,3764
695,2926
683,1817
660,2107
714,2374
690,7439
673,3434
653,2295
623,1571
600,1866
587,6879
579,3508
623,2224
615,3216
604,2132
598,2189
593,1657
677,1643
675,2211
675,5881
682,2433
682,1674
682,1395
680,1439
677,1657
669,1515
660,5687
650,3230
653,2014
633,3118
617,1591
602,5194
586,2613
576,2993
568,1503
560,1157
557,1140
553,3710
537,3127
525,1443
517,996
509,999
501,967
498,3794
487,3194
482,1406
473,3388
499,1408
490,1027
474,1050
450,1050
433,1005
418,973
412,933
396,3137
376,3209
368,1479
364,853
355,2882
351,2363
345,1186
339,2771
336,1869
336,948
332,2708
332,2625
793,1877
793,2865
793,2022
791,2098
786,2193
781,2339
769,2241
816,2309
798,2400
778,2130
755,2145
736,2025
719,1886
702,2081
693,1952
682,1813
679,1831
675,1760
656,1767
641,1751
627,6632
688,4603
676,2524
670,1798
656,1692
648,1621
727,6197
715,3307
701,2279
680,3338
741,1910
707,1481
690,1640
674,6290
645,3299
615,1986
602,1596
593,1441
637,5020
627,5056
617,2402
610,3692
687,1877
687,1298
685,1350
685,4869
692,2882
692,1782
692,1252
691,1242
687,4832
683,3218
674,1887
686,1261
667,1232
644,4768
631,2687
615,1688
599,4421
585,1983
579,1457
569,1410
568,4334
563,3066
550,1832
538,1223
528,1219
518,4196
511,3585
507,1832
498,1172
492,1136
521,3847
511,2667
501,1418
487,2873
460,2150
440,2756
429,1598
418,1149
404,3267
384,3021
374,2155
371,1329
363,1261
357,1263
351,1206
345,2414
342,2441
342,1657
338,2334
338,1272
799,1784
799,2246
799,2008
797,2121
792,2076
786,2024
819,8187
822,3495
802,2512
782,4839
758,2678
738,2111
719,7836
706,3479
695,2409
687,4614
682,3031
677,8755
652,3105
639,2095
627,1730
693,7098
677,3745
668,2537
657,1757
650,5047
731,3105
711,2014
698,1652
684,1625
723,1613
700,1592
680,1576
659,1561
631,1642
611,1579
598,1570
586,1627
631,1721
622,1684
613,2816
606,1770
690,1290
690,5144
688,3411
695,2046
695,1349
695,1405
693,1280
690,1280
682,1263
674,1253
663,5546
666,3610
643,2110
626,1413
611,3388
595,2059
585,1318
572,4247
569,2177
565,1351
558,3916
543,2265
532,2299
524,1391
515,1171
508,1158
500,3744
495,2442
493,1373
485,932
508,935
495,3568
472,2557
449,2519
432,1621
420,1041
411,1048
397,1042
381,3340
372,4471
362,2641
358,3102
352,1521
344,2953
342,1985
342,1246
342,2943
339,2009
336,1760
336,1476
800,1983
796,2625
790,2103
782,2295
767,2170
739,6169
767,3397
771,2487
745,2441
732,2459
709,2355
700,2282
688,9758
685,4160
682,2663
667,2108
648,2281
634,2352
625,2243
612,2198
676,2134
660,2717
652,7368
650,4062
647,2746
631,1878
699,1903
675,2086
640,1919
614,1826
676,1941
657,1930
639,6452
612,4243
598,2483
577,1675
567,4495
559,2670
608,1898
605,1639
605,1644
605,5433
689,3179
685,1959
685,1334
695,1334
692,5103
686,3011
679,1884
666,1241
644,1195
625,4590
619,2464
620,1537
608,1021
591,3936
583,2293
571,2501
568,1227
564,1110
555,3764
540,2487
531,2674
522,1359
515,1118
508,1109
500,3159
495,3147
493,1390
493,2433
489,1793
476,1230
491,1243
470,1203
448,3114
424,2468
415,1321
408,1093
401,1045
386,2744
370,2805
358,1442
353,1031
346,937
342,2429
342,2445
342,1748
342,1097
339,1053
336,1052
336,2615
336,2322
793,1874
790,2256
779,2057
755,2043
736,2063
714,1897
738,1875
740,1793
724,7296
707,3640
698,2523
687,1829
684,7206
680,3531
662,2292
647,5278
633,2979
622,2022
612,6863
607,3437
660,2161
650,5020
650,2892
650,5049
642,2593
626,1753
683,1694
654,6186
623,3427
679,2198
664,3253
646,4314
634,2249
607,4219
586,2487
571,1576
560,1386
610,1361
605,5144
605,3465
605,2198
605,1439
687,1327
685,1344
685,1316
693,1315
689,1315
682,1294
672,1382
651,6429
636,4699
614,2000
626,1611
611,1393
597,1461
588,1479
578,1500
569,1382
565,1352
558,1448
543,1568
534,1533
524,5754
519,2962
509,1994
503,1146
496,1250
493,5331
493,1996
491,1295
483,2920
504,1942
481,3356
462,3102
434,1852
418,905
411,3198
403,2318
394,3173
375,1820
360,1556
355,4524
350,2168
343,2350
342,1019
342,873
342,970
339,841
336,846
336,976
336,836
334,862
790,2030
780,2280
761,2126
737,2846
715,4724
699,3004
743,9651
729,4834
707,2831
699,2498
687,2226
684,2281
680,8833
659,3419
644,2752
633,1805
622,2102
611,2213
606,8215
593,3612
650,2656
650,4667
650,2614
646,2053
630,2071
686,2037
656,1945
629,1918
598,1895
661,1845
646,6901
638,3056
618,2281
586,1482
570,1682
559,6189
551,2448
605,1673
605,1234
605,1526
603,6049
687,2514
685,1828
685,1158
691,4405
686,2497
679,1641
662,1378
643,1415
620,1533
608,1384
598,5645
606,2769
588,1887
582,1189
569,5376
566,2169
563,1438
548,3536
536,2402
527,1745
519,1668
511,1673
508,1689
498,1616
493,1606
493,1597
492,1587
490,1600
484,1597
464,4857
474,4077
452,2055
432,1376
418,1211
404,1203
401,4381
395,4020
379,2037
360,1295
349,1177
343,1122
342,1114
342,1107
342,1089
339,954
339,1091
339,1081
336,1287
334,1293
332,1261
329,1209
752,1728
732,2288
712,1899
692,2209
673,1901
692,1918
706,1899
695,8776
687,3477
682,2856
677,1829
652,2242
639,2109
628,2100
622,2212
609,2066
599,2062
590,2077
586,2062
586,2004
648,2169
644,2127
637,2169
623,2155
600,2150
649,2073
622,2058
606,2017
587,1981
645,1941
631,1879
617,1843
597,1838
572,1764
552,1718
548,1894
548,1780
605,1767
603,1911
603,1855
603,1833
686,1845
682,1847
676,1831
677,1823
657,1803
641,1806
618,1686
603,1588
587,1529
574,1540
568,1476
580,1280
569,1371
566,1378
562,1166
546,1363
533,1244
524,1021
519,1367
511,1382
503,1403
498,1331
493,1312
493,1328
491,1320
489,1341
484,1309
470,1330
459,1317
444,1347
459,1297
442,1338
426,1270
415,1234
397,1268
388,1243
383,1233
376,1206
360,1216
347,1314
342,1030
342,1031
339,1160
339,1182
339,1194
339,1189
337,1217
336,1180
329,1181
323,1183
314,1182
714,1801
699,2158
675,1921
661,2101
645,1815
670,2059
686,2024
683,2093
680,2076
659,2427
643,2011
631,2215
621,2284
611,2056
606,2294
593,2139
586,2000
586,2164
586,2099
646,1984
640,2058
626,1649
608,1799
595,1781
579,1492
637,1466
606,1423
593,1518
587,1470
628,1589
613,1408
604,1487
593,1694
574,1656
556,2068
549,1642
604,1601
603,2089
603,1618
603,1594
601,2113
681,1580
673,1562
662,1483
651,1497
636,1455
614,1339
598,1337
583,1324
570,1247
561,1296
558,1238
569,1210
565,1217
560,1220
542,1197
533,1188
524,1151
518,1128
509,1160
503,1544
498,1148
493,1085
493,1513
492,1072
490,1071
485,1628
473,1058
459,1050
448,1447
438,1449
454,2105
435,2275
424,2244
408,2282
391,2241
384,2183
378,2189
368,2146
353,2090
347,2097
342,2137
342,2074
339,2069
339,2095
339,1979
339,1966
337,1937
334,1914
328,1885
319,1905
312,1868
707,1704
681,2082
668,1826
653,1798
642,1805
690,1782
684,1798
681,1876
674,1906
652,1769
638,1839
626,1861
621,1848
609,1971
599,1918
593,1952
586,1940
586,1923
584,1830
644,1892
638,1905
624,1846
607,1835
595,1832
578,1765
631,1790
604,1766
593,1704
656,1665
626,1578
613,1552
603,1539
590,1509
568,1624
556,1586
549,1544
605,1659
603,1635
603,1624
603,1613
685,1737
680,1649
673,1618
662,1715
651,1777
636,2030
614,1617
594,1542
582,2053
568,1489
558,1493
578,1981
569,1393
565,1414
560,1942
542,1403
533,1425
524,1528
518,1411
509,1337
503,1547
498,1451
493,1468
493,1510
492,5449
490,2237
485,1354
473,1010
459,964
448,1050
470,1054
455,1602
436,924
424,873
412,1362
392,906
384,865
380,1378
369,913
359,880
347,894
342,1097
342,1596
339,1906
339,1878
339,1872
339,1915
337,1873
335,1881
328,1918
320,1915
312,1920
709,1979
692,2285
673,2258
658,2127
645,2107
696,6328
686,4058
684,2715
679,2163
658,2180
643,2269
631,2242
621,2282
611,2251
606,2243
593,2281
586,2560
586,2276
586,2270
646,2284
641,2263
630,2259
608,2213
599,2149
664,2076
641,1992
611,1890
605,1785
672,1850
641,6950
619,3450
608,2452
598,1473
579,6053
560,2699
551,1713
605,1282
603,1251
603,1319
603,1270
687,1284
682,1346
678,1323
679,1489
662,1386
643,1341
622,1303
609,1311
592,2140
580,1216
571,1186
583,1188
571,1152
568,1208
564,1215
557,1188
542,1202
531,1209
523,1190
519,1164
509,1277
503,1229
496,1210
493,1208
493,1198
491,1194
490,1202
485,1201
473,1197
459,1172
480,1162
471,1155
456,1152
436,1137
424,1149
415,1254
396,1241
387,1222
380,1219
369,1179
360,1147
347,1119
343,1074
342,2834
339,2823
339,1483
339,2095
339,2855
337,1489
336,2096
329,1574
324,2034
736,1892
715,2310
699,1986
678,1974
702,2039
706,8862
698,3847
687,2696
685,1956
681,8388
663,3194
646,2282
634,6141
625,3481
615,2275
607,7933
595,3460
587,2304
586,5549
650,3351
648,4526
642,2472
632,1904
612,1804
682,6673
666,3271
644,2091
621,3192
691,2205
676,1736
644,1715
620,1658
608,1700
598,6962
580,3226
560,2042
608,1440
605,1393
603,1344
603,1265
687,1257
686,1301
682,1348
688,1321
677,1355
658,1284
641,1301
618,1352
606,1322
590,1286
584,1252
588,1235
582,1229
569,1183
568,4323
564,2746
550,1650
538,1001
529,983
522,978
512,985
508,1012
500,948
494,1066
493,1148
493,3626
491,3457
487,1419
479,2471
464,1445
490,2406
475,2452
464,2256
451,1160
433,864
424,4778
406,3668
389,1729
382,2040
378,869
365,4225
351,3477
347,2662
342,2709
339,1575
339,4008
339,2338
339,2595
338,3969
336,1806
333,1198
327,1206
742,1797
724,2176
706,2022
679,1922
706,4877
713,2571
702,1911
691,2076
685,7389
682,4133
676,2949
652,1990
640,2180
628,2186
622,2132
611,2149
603,8604
593,4051
650,2621
650,5265
650,2884
646,2202
641,2240
630,1975
692,2062
679,1802
662,1759
731,1765
696,7066
685,3289
663,1994
632,4219
618,2292
608,7026
594,2648
626,3887
613,2156
606,1611
605,6495
603,2439
687,1702
687,1239
687,6460
694,2317
688,1620
679,5421
668,2636
646,1734
625,6117
611,2409
620,1508
610,3291
593,2561
585,4200
572,2114
568,1576
564,5388
558,2068
543,3064
534,2556
524,1667
519,1435
509,1412
503,4788
496,2630
493,1714
493,1267
491,4566
489,2663
485,1624
507,1250
493,4650
477,2524
460,2477
442,884
428,862
412,1017
400,1305
391,3331
383,3325
374,1564
351,3217
347,1675
342,1145
342,1170
342,1160
339,1156
339,1145
339,1113
339,2994
337,3067
332,1622
776,2021
752,2486
733,2203
714,5798
761,3158
740,2173
724,2046
707,2054
698,2120
687,1999
684,1978
680,2098
664,1954
647,1928
634,2096
625,1985
612,1899
607,7883
662,4144
652,2821
650,1949
650,1922
648,7895
732,3288
720,5450
698,2679
680,1987
746,1956
712,1817
692,1866
668,6074
645,3545
631,2290
617,3576
602,2212
629,1656
614,1553
605,1408
605,1530
689,1515
687,1494
687,1519
687,1500
697,1493
694,1536
688,1477
680,1491
671,1479
651,1398
634,1367
641,1304
622,1367
611,1351
597,1370
588,1307
578,1298
569,1228
566,1354
563,1304
546,1180
534,1130
527,1153
519,1078
511,3592
508,2304
498,1310
493,994
493,1025
493,995
527,993
522,1019
513,1010
496,958
478,978
452,962
437,1041
420,1062
405,2855
402,2859
395,1251
381,904
363,906
355,3108
343,2531
342,1231
342,1071
342,1074
342,1055
339,988
339,939
339,900
336,855
793,1882
787,2234
775,1956
794,2137
802,1992
779,2001
759,1992
739,2014
720,8564
707,3911
697,2836
687,1916
685,7667
680,3131
658,2076
641,1756
632,7791
622,3506
680,2412
674,5035
659,2628
650,1784
650,6691
741,3467
736,2388
730,1659
712,1651
766,1644
732,1591
711,1499
678,1591
649,1458
645,1504
637,1457
609,1543
638,1643
622,1620
610,1576
605,1557
689,1571
689,1576
689,1559
697,1557
697,1555
695,1571
693,1542
690,1539
685,1577
675,1211
665,1268
669,1406
647,1364
632,4841
615,3347
602,2063
588,1356
582,1226
570,1188
569,1177
565,1271
551,1266
539,1309
529,1472
522,1464
514,1443
508,1425
500,1453
494,1432
493,1397
529,1398
527,1420
520,1382
503,1400
477,1395
460,1389
432,1368
417,1589
410,1231
403,1045
394,1080
375,1065
360,1076
353,1105
350,1093
343,1132
342,1981
342,976
342,1066
339,969
336,959
336,1117
336,1377
796,2209
791,2549
784,2428
814,2359
818,2477
795,2321
777,2264
747,2228
734,2159
715,2182
703,2249
697,2492
688,2445
683,2461
677,2413
653,2416
640,2374
701,2353
694,9441
678,3842
667,2537
656,1926
650,2250
741,2217
737,2226
719,2216
702,2185
762,9072
724,3619
687,2292
668,1737
655,6232
641,3431
617,2464
593,1976
631,1983
624,1973
616,1850
606,1971
689,1985
689,1895
689,1887
697,1899
695,1897
695,1879
694,1829
690,1856
686,1878
676,1825
666,1816
669,7189
647,3192
631,2197
614,1553
598,1721
588,1663
580,1832
570,1610
567,1596
562,6795
543,4019
534,2304
524,1629
519,1558
509,1528
503,6324
496,3307
493,2316
493,1427
527,1664
521,1803
502,1541
478,6051
460,4122
432,2226
416,1424
407,1594
402,1583
393,1579
370,1669
359,1890
352,2300
345,2167
342,2116
342,2114
342,2118
342,2105
339,2049
336,2051
336,2036
334,2026
333,2023
780,2040
761,2647
736,2185
757,2415
761,2274
740,2131
722,2110
707,2151
697,2551
687,2494
682,2524
677,2390
653,2424
639,2501
627,2367
621,2420
607,2499
664,2368
654,2406
650,2446
650,9482
648,4381
641,2789
717,2218
682,2410
651,2174
715,2217
693,2465
661,2162
644,2095
631,2156
617,1946
598,7772
570,4006
609,2384
605,1628
605,1707
605,1724
603,1613
687,1716
687,1767
685,1711
689,1707
681,1704
669,1711
646,1673
624,1698
608,1641
590,1630
602,1278
588,1373
580,1360
569,1386
565,1570
558,1999
542,3321
531,3416
522,3296
514,2608
508,2163
500,2162
493,2173
493,2188
492,2194
489,2171
482,2086
470,2152
456,2035
475,2160
466,2096
447,2103
431,2059
418,2083
398,2067
383,1997
373,2010
368,1986
364,2020
348,2001
347,2045
339,1941
339,1964
339,1956
337,1945
335,1956
331,1942
319,1919
307,1906
298,1856
284,1955
278,1696
274,1828
630,1757
625,2541
621,1898
668,1908
650,2096
636,2297
624,2249
615,2407
606,2249
594,2349
586,2302
586,2105
586,1990
584,1823
577,2137
567,3036
546,3255
595,3273
585,3259
572,3094
560,2596
556,2227
624,2188
600,2191
579,2217
560,2113
628,2069
606,2063
593,2029
589,2058
579,5471
566,3372
555,1973
549,3971
599,2151
595,1533
587,1478
572,1484
633,1490
609,1440
595,4617
587,3077
571,1830
561,3096
553,1427
542,992
538,1014
535,1014
522,3375
533,3409
523,1467
518,3227
508,1647
500,3127
494,1663
492,1000
492,1001
491,961
487,995
479,1080
464,941
455,954
443,2579
437,2667
429,1398
426,959
423,964
415,919
435,980
421,996
401,841
391,1000
382,996
368,921
361,968
358,972
355,928
347,982
339,985
336,990
332,514
324,510
315,487
304,699
297,948
284,2009
278,1770
272,1713
266,1195
263,1184
261,1195
259,1192
594,1431
582,1536
594,1592
610,1583
605,1562
592,1558
585,3529
585,2402
583,1849
578,6384
572,3415
552,2291
541,1555
529,1603
520,6021
507,3712
503,2256
550,4481
536,2574
529,4498
521,2631
510,1843
571,1663
555,1644
539,1580
528,1547
578,1921
573,6645
564,2997
551,2238
534,1357
520,4636
504,2760
483,1658
524,1659
510,1610
499,1599
492,1579
537,1555
533,5285
529,2763
530,1756
514,1150
504,1439
495,1455
489,1450
485,1439
475,1557
472,1595
492,1688
490,1711
487,1753
478,1702
463,5112
454,2672
441,1801
437,1320
429,1301
425,1312
423,1329
415,1287
409,4843
406,3306
397,2370
395,1418
395,1301
393,1296
389,4830
396,3332
378,3027
366,1716
359,4558
347,2947
341,1611
333,4428
325,2853
315,1553
302,1575
298,1522
285,1505
280,4195
276,4154
270,2799
265,1659
262,3941
261,3872
256,2020
252,3883
247,2659
243,3843
240,2749
238,1592
548,1474
541,2014
558,1800
585,1669
581,6820
576,3598
566,2006
546,8174
539,3240
528,2151
520,7796
507,3289
506,4365
502,5822
493,3181
486,2260
526,2235
516,7569
510,3712
510,2883
510,1661
504,7461
549,3101
523,1936
515,1467
576,1741
564,1705
554,1698
537,1662
525,1620
507,6344
489,3651
479,2463
516,1317
507,1466
496,1437
488,5492
476,4315
533,2465
529,1648
526,1455
518,5055
509,2503
501,1784
495,4860
488,2488
480,1545
475,4959
472,2948
492,3280
492,1734
489,4788
485,2646
476,1633
460,1318
454,1315
443,4681
437,3681
429,1974
427,1433
425,4634
420,2825
412,3586
407,2083
404,1471
395,1439
387,4464
377,3548
392,2835
378,1647
364,4340
356,3262
353,4345
351,3023
341,1854
335,3965
332,2631
324,1613
315,3838
305,2627
298,1605
288,3742
283,3763
274,1813
271,1275
265,1244
263,1231
261,1435
260,1541
255,1489
250,3225
246,3296
572,1472
562,1977
598,1602
592,1604
585,1613
585,5305
585,2692
581,5926
576,3126
566,2221
548,2025
541,2031
529,1848
520,2007
512,2045
506,6010
556,7076
546,4650
523,3009
501,1695
486,2090
533,1827
514,7388
512,3434
508,2571
573,1664
555,1795
554,7157
546,2906
544,2058
541,3109
535,2105
528,5428
564,2934
552,2110
530,1762
519,7106
574,2805
563,1951
553,1404
545,6945
542,2928
539,1905
535,5091
524,2516
512,5074
503,2514
495,1853
511,6412
507,2653
499,1731
493,1247
492,6075
492,2596
490,1777
486,1246
479,1511
465,1430
456,5447
443,3105
438,2327
433,1538
418,1498
403,1523
391,1440
375,5110
362,4305
379,2086
369,1318
366,1328
359,1258
347,1226
342,1135
339,1160
339,1329
339,3339
338,3427
337,1724
334,1111
331,3380
319,2201
312,1395
300,3144
293,3148
282,1579
278,1268
274,1312
269,3146
265,3023
262,798
261,680
256,640
591,1480
604,1946
621,1541
611,1593
606,4415
593,3031
586,7547
585,3155
585,2173
583,5803
578,3500
570,2216
558,5665
543,3643
530,5133
518,2872
555,2112
530,7153
521,2927
499,1906
477,5188
532,3105
522,5244
506,2543
489,6513
556,3160
549,2036
548,6437
546,2809
546,1993
546,6446
545,2636
542,4437
595,4191
584,2167
571,1660
555,1639
612,6047
599,2986
583,2189
582,1324
564,5785
558,2311
545,1581
541,1145
538,1447
535,5593
525,2809
533,1794
526,1214
518,1360
511,5310
507,2806
499,1898
493,1465
492,5222
493,2691
491,1840
488,1450
483,1410
470,1314
456,4900
437,2958
417,2352
405,1197
388,1109
377,2908
401,2835
393,1198
380,2870
361,1741
355,989
343,839
342,2499
342,2466
342,1020
342,734
339,2354
339,2239
339,1561
336,1530
334,1157
333,957
330,2240
327,2274
319,1554
312,914
300,2258
296,2271
284,1113
279,2168
274,1499
639,1564
660,1840
684,1638
680,1801
668,1706
648,1677
636,2091
624,1942
616,1997
607,6505
596,4949
589,2758
586,1772
586,1726
584,1936
572,1572
615,1506
592,5998
569,4085
540,2520
517,1566
575,1442
563,1405
548,5369
526,3751
576,2176
567,1411
559,1237
549,4630
548,3211
548,1712
548,1323
546,4601
601,3610
601,1949
601,1335
598,5247
676,2476
669,1662
658,3373
646,2050
625,1291
611,1166
592,1109
582,4587
564,3034
558,1781
551,2261
568,1542
564,1285
557,4038
542,2419
531,1439
523,1103
518,1095
508,3678
501,3174
496,1389
493,1047
493,1051
491,4992
483,2910
468,2090
446,3761
428,3691
403,3741
389,2256
411,1878
405,4863
394,2964
375,3472
360,3590
355,2117
350,1790
343,1782
342,1779
342,4654
342,4609
342,1997
336,4526
336,2337
336,1152
335,3118
334,3068
331,1618
327,1344
318,1367
307,1334
300,1321
287,1342
282,3111
276,3029
642,1737
663,2038
684,1977
680,1964
673,2097
652,2087
638,2000
626,2045
621,2395
609,1878
599,7415
593,5115
586,2911
586,2054
585,1791
642,7187
625,3789
597,2592
572,1750
548,1731
521,6373
579,3820
564,4365
553,2315
608,1580
586,1568
568,5576
560,3443
553,2026
548,4032
548,2224
548,4053
605,2470
603,1770
601,5275
601,2766
599,1803
680,3895
672,2360
664,3864
654,1929
638,4964
617,1966
603,4388
587,1970
572,3363
561,3336
582,3114
569,1570
566,4261
563,2259
549,1339
538,1165
527,4022
518,2808
512,1480
508,1125
500,1095
494,3773
493,3732
493,1837
491,1225
479,3726
462,2557
441,1346
425,1138
400,1092
416,3157
410,3163
403,1569
394,1132
375,1110
360,2882
355,2880
350,1521
343,2040
342,2021
342,1524
342,1562
342,1548
339,1495
336,1404
336,1391
335,2387
334,2419
331,1700
328,1800
319,1794
312,2308
300,1663
295,1433
283,1112
658,1644
706,2026
696,1719
687,1827
684,1696
680,5529
661,3240
646,2051
633,1801
625,1886
615,2019
607,2175
595,7693
589,5722
586,2867
650,2110
648,2063
639,7629
620,3394
594,2292
650,5029
620,2843
590,1853
577,7172
646,3217
638,2146
621,1547
589,1761
573,1798
562,1428
553,1441
548,1590
605,1633
605,6375
605,3761
603,2714
687,1485
685,6129
685,2611
682,3890
688,1962
680,1426
671,1538
651,1398
636,1434
615,1333
600,1446
614,1275
600,1361
588,1433
582,6094
569,3484
568,2121
564,1345
553,1539
539,5019
531,2561
524,3309
516,1666
508,1253
503,4342
496,3608
493,1636
493,3259
491,2049
484,1417
505,1342
484,3915
464,2649
435,1428
422,1255
414,4673
406,3600
395,1865
380,2881
366,1720
358,2827
353,2107
346,2834
342,2810
342,2777
342,4102
342,2067
336,1189
336,1219
336,4100
336,3549
334,1594
333,1193
330,1172
326,1174
315,1179
765,2042
771,2515
745,2066
732,2038
709,2306
700,2259
688,2366
685,2170
681,2206
669,2525
648,1954
637,1918
625,1857
617,1845
607,1946
662,7042
654,4368
650,2551
646,4437
632,2415
699,6728
681,2896
642,1958
623,1681
677,1657
660,6338
640,3986
614,2388
599,3510
582,1963
572,4262
564,2714
612,1872
605,5398
605,2895
605,1762
687,4091
685,2161
685,1518
695,1497
694,5046
690,2673
686,1866
677,1284
657,4950
641,2631
627,1686
634,1258
615,1247
602,4733
588,3170
582,1975
569,3318
566,1668
564,4151
550,2237
539,3067
528,2836
519,1469
512,3842
508,2401
500,2330
493,2737
490,2692
482,1394
467,1209
491,1199
466,1180
443,1118
429,1116
420,1136
407,1296
385,1178
379,2996
371,2703
362,1446
358,2554
352,1816
345,921
342,904
342,918
339,906
339,2021
336,1897
336,1871
336,1000
336,808
334,796
332,2025
328,2014
319,1029
312,1363
751,1662
754,1916
734,1994
718,1946
706,5340
696,5106
687,2647
682,1849
676,1802
653,6627
639,3523
627,2386
622,3550
609,2145
667,6356
656,3314
650,2205
639,4682
620,2433
611,1874
676,6195
640,3204
616,2068
602,1488
659,5708
636,2652
610,3183
597,3954
585,2043
573,1583
564,1583
611,1563
605,5080
605,3477
605,2112
603,1441
685,1307
685,1303
685,1298
693,1300
690,1304
685,4963
675,3944
654,2184
639,1391
617,1265
610,1258
614,1444
598,1179
588,1177
578,1271
569,1354
565,1479
560,1649
543,4256
534,4155
524,1864
519,1343
509,1336
503,1331
495,1298
493,3999
485,3771
473,2955
461,1517
439,1148
453,1121
434,1084
421,3511
411,3481
398,1866
381,1256
372,3291
364,3291
358,1752
352,2476
345,2435
342,1828
342,3210
342,2154
339,1422
336,1376
336,3458
336,3017
335,2814
333,1670
330,2279
326,3361
315,1641
304,1104
298,3146
286,3109
729,1856
706,2169
697,1934
687,1941
684,1958
680,1972
659,7763
643,4042
632,2717
622,5006
611,2740
606,1927
593,6979
586,3704
650,2281
639,6773
621,3153
607,4864
580,5690
552,3053
603,2124
582,1962
570,1948
631,1889
605,1787
587,1828
573,1764
564,1704
559,1911
549,1819
548,2002
605,7522
605,3391
601,2063
601,3654
601,1939
684,1434
680,1434
675,5365
675,3353
654,2015
640,1426
617,1206
603,4464
586,2807
571,3039
588,1528
580,1193
569,3821
566,2624
562,1527
545,2723
533,1644
524,1198
519,3372
509,2579
503,1356
498,3211
493,1704
493,2564
486,1824
477,3253
460,1676
439,1028
417,985
426,973
416,2991
410,3021
396,1479
381,2928
368,2031
359,1249
353,1219
350,2714
343,2664
342,2636
342,1425
342,1161
336,2629
336,2823
336,1421
336,1148
334,2620
333,2618
329,1364
321,1094
312,1106
303,2516
296,2481
284,1746
279,1362
274,1353
696,1642
686,1971
684,1879
680,2014
659,1902
643,1830
631,1822
621,7093
611,4318
606,2655
593,1863
586,1607
586,6440
585,3817
635,2394
613,4358
594,2336
566,1880
542,6117
594,3813
578,4361
561,2288
554,1540
604,1533
581,1468
570,1448
562,5404
553,4780
548,2250
548,2940
548,5588
605,2566
601,1638
601,5372
601,2624
683,1531
680,1235
672,1265
674,5273
654,2890
638,1814
617,3220
600,1627
586,4175
571,2624
568,3185
580,1419
569,999
566,987
562,962
545,963
533,957
525,940
518,1041
511,1124
508,1119
498,1111
493,1103
493,3035
491,3558
481,1350
463,999
443,960
424,964
399,2881
420,2875
411,1244
403,2127
392,1524
378,2988
362,1872
358,992
352,2807
345,1851
342,928
342,2713
342,2304
342,1117
336,2666
336,1793
336,1795
336,1365
334,1097
332,1100
328,2665
319,2696
312,1110
300,2658
295,1816
282,2584
278,1329
274,860
695,1548
686,2089
684,1712
678,4911
655,2291
639,2009
627,7739
622,3128
611,5123
603,2463
593,1688
586,1621
586,1544
583,1611
633,6163
612,4379
591,2670
561,1680
536,1534
594,1539
575,5653
560,4521
547,2424
602,3074
579,1785
570,1536
562,1537
553,5032
548,4769
548,2576
548,1580
605,1276
601,1215
601,1284
601,5218
683,4420
680,2481
675,1430
675,1180
655,1136
640,4880
618,3165
604,1972
587,1314
574,1153
568,5167
582,2916
569,3818
568,1649
564,1348
550,4596
538,2942
528,1696
522,3117
514,2056
508,1211
500,1136
494,4044
493,3284
492,1400
481,3707
465,1963
449,2075
427,1379
404,3455
423,2898
413,2524
404,2519
395,3253
379,2492
366,2474
358,1490
352,1489
346,3068
342,3066
342,2349
342,3836
342,1954
336,735
336,653
336,698
336,625
334,616
333,783
329,649
321,660
312,1360
302,770
296,562
283,603
278,666
274,592
696,2243
686,2702
684,2599
679,1919
658,1845
643,2438
631,8194
622,3064
611,2755
606,1765
593,5641
586,3610
586,1974
650,1723
636,2187
616,1624
593,1557
566,6466
541,3287
594,2784
575,1655
561,4707
628,3074
604,3466
581,1924
570,4840
560,2659
553,1599
548,2018
548,1402
605,1355
605,5899
601,2962
601,1912
601,3726
683,4058
680,2031
672,3364
673,1712
654,3375
637,1726
615,1740
600,1678
586,6416
571,3814
568,2099
580,3531
569,1974
566,6094
562,2530
545,4258
533,2202
524,1636
519,5451
511,2305
508,3432
498,2043
493,1557
493,1561
492,1537
482,1547
466,1535
446,5130
424,4123
403,2355
420,1516
411,1483
403,4810
393,4031
378,2001
363,1456
358,1444
352,3669
345,3682
342,1615
342,3614
342,1827
342,1156
336,3025
336,3011
336,1653
336,1344
334,1316
332,1321
328,1330
320,1332
312,3550
300,3525
296,1830
283,3485
278,2357
274,1463
696,1745
687,2152
684,1924
679,4584
655,2590
639,2020
630,1935
622,8489
611,3992
606,2805
593,5011
586,2807
586,2273
650,8587
636,3239
616,5400
593,2816
566,2134
614,1895
594,1955
578,1802
561,1816
629,1927
604,1809
581,1801
570,1556
562,1499
553,1598
548,1734
548,1921
605,6639
605,3955
601,2696
601,1616
685,1543
683,6540
680,2887
675,2050
676,1415
657,1633
640,6075
618,2776
604,1996
587,1407
574,1347
588,5674
582,3034
569,1834
568,1319
564,4974
550,2734
538,1530
528,1267
522,1185
514,4550
508,2803
500,1666
494,1144
493,4304
493,2221
482,1368
465,4392
450,2190
428,3027
440,1520
423,1508
413,1487
406,1243
395,836
380,3233
368,2241
359,1157
353,1174
346,1150
343,1127
342,1260
342,1209
342,1211
336,1278
336,1293
336,1255
336,1257
334,1260
333,1223
330,1220
324,1286
315,1229
303,1226
298,1183
287,1146
281,1145
274,1145
698,1616
688,1884
685,1767
681,1670
666,2005
647,1888
636,1848
625,1940
616,2032
607,6559
595,4290
589,2588
586,1775
648,2005
635,6373
614,3539
598,2333
567,1568
616,5942
597,3186
578,2124
572,1473
623,5427
605,2876
583,1844
572,1323
564,5165
555,3405
548,1847
548,1420
605,1473
605,1431
601,1405
601,1406
685,1529
685,1545
680,1524
686,1487
679,1498
662,1486
643,1461
621,1294
608,1285
592,1278
587,1268
590,1181
583,1263
570,1230
568,1221
564,1196
554,1209
538,1184
531,1167
522,1169
515,1145
508,1258
500,1192
495,1169
493,1137
490,1143
480,1138
465,1125
448,2137
427,1844
438,699
423,696
415,689
403,654
383,657
378,662
367,640
359,1206
355,639
350,612
343,596
342,612
342,583
342,607
336,662
336,585
336,2307
336,2368
334,2337
333,1284
330,863
326,882
315,854
305,852
299,969
287,1095
281,1314
276,1288
699,1619
690,2002
685,1758
681,1752
669,2057
651,1842
638,1764
627,1852
618,1696
607,1700
596,1810
589,1951
586,1917
643,1911
628,1867
612,1894
596,1855
570,1834
620,1815
598,1743
582,1700
569,1904
614,1641
600,1608
585,1565
573,1513
567,1599
559,1615
551,1567
548,1548
605,1563
603,1570
603,1553
601,1539
685,1546
685,1538
682,1527
688,1534
681,1513
671,1537
651,1509
636,1490
614,1426
594,1387
591,1637
597,1373
588,1366
578,1307
569,1272
565,1253
561,1268
542,1258
534,1368
525,1213
519,1235
509,1186
503,1262
498,1286
493,1235
487,1392
477,1397
466,1398
452,1373
429,1365
440,1374
427,1292
417,1322
403,1295
385,1242
374,1263
368,1221
360,1376
355,1389
350,1369
344,1356
342,1352
342,1338
339,1310
339,1334
336,1355
336,1287
336,1320
335,1252
334,1237
330,1480
327,1197
315,1199
306,1264
299,1176
287,1352
282,1329
276,1324
699,1663
690,1946
685,1983
681,1847
669,1913
651,2028
637,1794
627,1807
617,1910
607,1843
596,1824
589,1964
650,1920
643,2090
626,2050
612,2030
596,2039
566,2076
615,2011
597,1979
580,1939
639,1923
614,1840
599,1805
585,1744
573,1718
564,1702
559,1687
549,1640
605,1624
605,1647
603,1644
601,1567
601,1561
685,1547
685,1546
681,1549
686,1529
679,1530
665,1549
643,1493
624,1379
610,1385
592,1355
608,1366
591,1325
583,1456
571,1416
568,1381
564,1384
555,1377
542,1383
531,1344
522,1334
515,1324
508,1410
501,1380
495,1360
493,1342
487,1358
475,1354
464,1335
449,1348
457,1320
437,1242
423,1266
415,1259
402,1398
383,1300
374,1316
367,1461
359,1474
355,1425
350,1434
343,1397
342,1371
342,1347
339,1330
336,1338
336,1321
336,1331
336,1336
335,1312
333,1324
330,1335
327,1327
315,1320
306,1330
299,1305
287,1270
282,1263
276,1473
703,1638
690,2004
685,1838
681,1728
672,1818
651,2055
638,2033
627,2038
618,1916
607,1798
596,1782
589,1856
650,2012
644,1994
632,2005
612,2018
599,1980
649,1941
619,1875
598,1908
582,1814
644,1772
614,1752
600,1742
585,1739
573,1709
567,1697
559,1670
549,1642
605,1767
605,1772
605,1769
603,1732
685,1687
685,1657
685,1614
682,1631
688,1625
680,1585
669,1539
650,4803
627,3160
612,1987
593,1271
610,1100
594,1399
585,1225
572,1711
568,1638
564,912
558,903
542,866
534,854
524,975
519,1113
509,1211
503,1254
498,1281
493,1289
490,1251
481,3314
467,2448
454,1327
464,865
440,862
428,908
417,848
405,844
385,918
378,2864
369,2926
361,1413
355,1050
350,1026
344,1026
342,1033
342,1034
342,1031
339,1170
336,1163
336,1131
336,1133
336,1149
334,1112
331,1117
328,1158
319,1091
308,1069
300,1081
287,1032
282,1143
276,965
703,1548
691,1697
685,1774
681,1738
673,1797
652,2558
639,1708
627,1680
622,2443
609,7470
599,3006
590,5122
650,2452
646,1664
633,6576
617,3155
604,1909
654,4716
621,4188
605,2685
592,1815
648,4119
616,2526
605,3555
590,1698
576,4336
567,2552
560,3392
553,1788
605,1346
605,1353
605,1350
603,1358
685,1328
685,1347
685,1340
693,1336
689,1357
682,4535
673,2603
654,1652
638,1191
617,1079
610,1099
614,4179
598,2537
588,1577
580,2885
569,1427
566,1024
562,1137
549,1118
537,1104
528,1087
519,1087
512,1102
508,3691
500,3749
493,1836
490,1128
482,1017
468,1022
455,1008
466,1004
445,3216
432,2861
421,1216
407,2036
386,1528
380,2665
373,1833
365,1164
358,1131
353,1147
346,2516
343,2527
342,1361
342,1170
339,1121
336,1108
336,2521
336,2483
336,1759
335,1856
333,1405
330,2462
327,2474
315,2374
306,1825
300,1870
287,1865
282,1858
713,1679
703,1859
691,1837
685,1979
681,1810
673,1832
653,8556
639,3845
627,2949
621,2207
609,2332
667,2108
656,2160
646,2271
635,8189
619,3596
608,2753
668,1801
637,2048
618,2053
608,1845
658,1919
623,1878
610,1776
598,1925
589,1911
576,1887
567,1900
614,1827
608,6778
605,3072
605,2389
603,1483
687,1677
685,1648
685,1646
695,1657
693,6466
689,3096
682,1889
672,1417
653,1536
637,1630
624,6060
628,3120
614,2361
598,1303
588,1484
580,5769
569,2559
566,1737
563,3959
548,3719
537,1900
527,1575
519,5665
512,2582
508,1471
500,5177
492,2426
483,4011
471,1995
461,4014
481,4893
454,1599
441,1155
430,1141
419,3426
403,3432
385,1432
374,1144
372,1113
365,1079
358,1088
350,1124
346,1343
342,1306
342,2659
339,2408
339,1696
336,1282
336,2446
336,1657
336,1278
334,2351
333,2326
329,1741
324,2317
314,1588
303,1223
298,1213
286,1196
731,1627
707,2100
699,2006
688,1730
685,1803
682,4208
664,2377
647,1959
634,1923
625,1832
615,6915
676,4609
662,2640
650,1840
639,1698
622,1906
613,1760
683,1770
646,1565
625,1502
689,5867
672,4629
644,3906
612,2698
604,1412
595,1408
582,1365
572,5185
618,3553
612,2140
605,1406
605,4795
603,2560
687,3592
685,1791
685,1364
695,4726
694,2439
690,1669
686,1168
678,1194
661,1191
643,4470
648,3040
636,1804
618,1338
607,1473
589,3996
582,3138
570,1704
568,1090
565,3785
553,2210
539,2301
531,1336
522,1157
514,3409
508,2370
500,1235
494,2297
483,1696
470,1142
497,1170
478,1155
455,1144
446,2793
431,2787
419,1202
399,2060
385,1537
375,2635
373,1811
367,2663
359,1419
351,966
348,2597
343,2602
342,1423
339,1139
339,2561
336,2505
336,1321
336,2460
336,1719
335,1301
333,1311
330,1311
327,1285
315,2329
306,2369
299,1610
287,993
733,1660
711,1934
703,1801
690,4106
685,2275
682,1774
673,1784
653,6657
638,3759
627,2442
621,4688
678,2446
667,1704
654,1583
635,1624
621,1542
701,1522
678,1567
649,1597
640,1672
692,1639
678,1609
641,1554
618,1513
603,5146
597,3518
588,2195
576,1435
623,1266
615,4723
608,2398
605,1721
687,1187
687,1608
687,1413
695,1285
695,1277
695,1409
693,1093
689,1125
682,4515
672,2741
662,2015
666,1179
644,1082
628,1206
614,4295
598,2534
588,1485
580,2968
569,2873
567,1533
563,1156
548,1110
537,3708
527,2158
519,2277
512,1665
508,2244
499,1334
483,1128
471,2840
499,2150
486,2164
463,2776
451,1209
437,866
428,869
411,838
391,844
378,973
375,965
373,1002
365,1269
356,1268
351,1268
346,1269
343,1298
339,1468
339,1482
339,1456
336,1476
336,1468
336,1443
336,1458
335,1470
333,2283
330,2299
327,1457
315,2581
306,1614
300,809
746,1624
733,2096
713,2018
703,4127
691,2291
686,1880
682,1805
673,1962
653,2015
638,7876
627,3563
692,2515
678,4771
665,2660
645,2022
622,7308
703,3194
689,2038
657,1558
653,1621
708,7025
689,3211
664,2252
627,4640
609,2415
602,1591
597,6465
588,2791
632,1871
623,5365
615,2516
608,1612
687,1441
687,1443
687,5988
697,3125
695,1957
695,3193
695,3946
693,3719
689,1965
682,3923
681,1975
682,1234
666,1237
644,1190
627,1027
614,4254
598,2501
588,1530
581,1039
570,991
567,986
563,989
546,961
534,926
526,1024
519,1080
511,3686
507,3135
489,1535
471,1123
499,3564
489,2112
468,1246
460,2923
443,2010
433,2172
417,1483
398,3373
382,2090
377,2357
373,3109
371,1645
362,3086
356,2288
350,2298
345,1315
339,1283
339,2841
339,2034
339,1213
336,1249
336,1215
336,2697
336,2397
334,2037
332,1228
329,1203
321,1207
312,1172
300,1160
757,1746
736,2171
720,1762
706,1666
697,4042
688,2322
683,1683
678,1859
656,1886
640,1784
701,1652
694,1818
680,1607
665,1659
646,1527
621,6752
703,3451
684,2303
659,1514
736,1618
709,6368
690,2631
659,4018
625,2021
609,1417
602,5440
598,2545
649,1625
634,1278
626,1330
616,1338
610,5251
687,2737
687,1719
687,1199
697,4873
695,2312
695,1439
695,1175
693,4893
690,2328
682,1635
683,3584
683,1863
668,4835
647,1899
631,3532
615,1760
601,1212
588,1176
583,1159
570,4372
569,2602
564,1665
551,1125
539,1005
529,1032
522,1005
514,4131
502,3355
485,1533
470,2014
496,3755
481,1792
468,3780
458,1558
444,1140
430,1126
409,1128
391,1101
378,1066
377,1067
375,1088
373,3383
363,3366
356,1571
350,1216
343,3195
339,3031
339,1325
339,3025
339,1841
336,2269
336,1651
336,3000
336,1609
334,1112
333,1130
329,1114
324,3008
315,2993
303,1583
769,1762
745,2201
731,1880
708,1802
700,2331
689,5943
686,3248
682,5067
667,5842
648,3164
712,4827
697,2642
687,2132
666,7732
638,3416
711,2426
693,1720
671,7271
658,2695
726,1935
707,1498
685,1623
654,1628
626,1498
604,1523
602,1532
601,1532
654,1729
642,1614
628,1615
618,1598
700,1541
689,5470
687,2870
687,1817
697,1227
695,5172
695,2401
695,3563
695,1803
691,1320
686,5006
709,2348
695,1648
672,1187
653,4942
638,2427
620,3373
608,1704
591,1239
584,4770
572,2169
569,1501
565,3318
556,2017
543,1266
531,4421
524,2130
515,2644
497,1524
478,1222
501,1237
483,4147
470,3118
464,1708
453,1123
442,1096
420,970
405,1014
385,3236
379,3155
378,1657
375,1123
371,1119
365,1120
357,2981
350,3060
345,1533
340,2569
339,1734
339,940
339,922
336,864
336,844
336,2501
336,2419
334,1245
333,1028
330,2351
325,2401
315,1080
303,652
769,1657
746,2597
731,1824
708,5510
700,2763
689,2072
686,2090
682,7126
664,3196
647,5072
709,2598
694,1931
675,7577
656,3128
629,2084
700,1566
680,1835
664,6915
657,3078
719,2118
697,1528
662,6451
637,2898
613,1791
604,4035
602,3724
598,1868
650,4825
634,2432
623,3558
614,3532
694,3193
687,1581
687,4465
697,2286
697,2711
695,1446
695,1160
695,1134
692,4315
688,2852
689,1641
699,4087
675,1853
654,1192
640,1063
620,3974
610,2728
591,1671
584,1021
572,1010
569,988
565,988
555,984
539,1044
529,1141
522,3164
514,3188
500,1673
482,950
467,821
491,826
475,2843
464,2784
452,1459
440,906
426,883
404,2314
388,2285
378,1250
377,1711
373,1702
369,1296
359,2230
353,1561
348,1716
341,1293
339,2217
339,2249
339,1181
336,1684
336,1669
336,1679
336,1599
334,1215
333,2124
329,1478
321,1123
312,1111
303,1098
296,2052
283,1976
721,1584
707,1945
697,1725
688,1786
685,4570
680,2433
656,1785
640,1721
628,1651
694,1856
680,1752
663,6194
644,3906
621,2323
614,3670
682,1987
659,1499
646,1502
631,1498
684,1462
651,1411
624,1404
604,1323
602,1302
597,1397
587,1486
574,4213
623,3756
615,1963
608,1272
603,4485
687,2578
687,1672
687,1152
695,1137
695,4312
695,2934
692,1849
688,1211
680,3246
671,2426
660,2767
657,1588
641,1228
621,4038
610,2497
595,2914
585,2549
572,1490
569,3657
566,2078
561,2115
543,1406
534,1220
525,1195
519,1184
509,1174
497,1114
483,3262
469,3336
460,3637
480,2113
467,1137
456,811
442,857
427,880
405,745
388,773
378,746
377,710
373,720
371,705
360,694
356,1161
350,682
342,732
339,1054
339,944
339,2536
339,2582
336,2521
336,1391
336,1106
336,2446
334,2446
332,1340
329,1871
321,1858
312,1391
302,2394
296,2401
283,1272
722,1667
707,1896
697,1900
688,1761
685,1736
680,7001
659,3226
644,1914
632,5065
694,3026
680,4638
670,2483
643,4763
619,2827
614,1785
681,1702
659,5743
645,3332
709,2065
685,4030
653,2169
625,1424
604,5216
602,3390
599,1956
595,1461
636,1318
628,1260
618,1255
610,1239
603,1298
687,1432
687,1413
687,1424
695,1389
695,1374
695,1382
694,1398
690,1366
686,4601
676,3073
687,1867
670,1241
647,1081
634,3868
618,2640
606,2889
588,1476
582,1117
571,1125
569,3665
565,2530
551,1359
539,2717
529,1816
522,2645
514,1632
502,1187
485,3483
470,2688
496,1418
481,3462
468,2241
458,2586
444,1578
430,3408
410,2024
391,3249
378,1759
377,3199
375,2243
373,3213
363,1711
356,3106
350,2197
343,1357
339,1320
339,2960
339,2939
339,2242
336,1339
336,2852
336,2879
336,1533
334,1280
333,1274
330,1277
324,1277
315,1286
303,1264
298,1196
287,2666
731,1746
708,2078
699,1874
689,1964
686,1808
682,1858
668,1949
648,6666
637,4570
697,2859
687,1964
666,1936
638,1881
622,1844
693,1951
671,6916
659,4439
642,2664
709,1858
688,1637
654,1541
626,1473
604,5696
604,3794
601,2321
596,1523
642,1313
629,4857
618,3099
613,1776
689,4624
687,2223
687,2703
697,3389
695,1707
695,1337
695,4494
695,2799
692,3336
686,3320
688,1726
697,4395
675,2270
654,2724
640,1399
620,1075
610,1048
593,1054
585,1034
572,954
569,1040
565,1110
558,1080
543,1140
534,3225
524,3215
518,1406
499,1020
481,977
466,2993
485,2958
470,1592
465,936
455,930
447,2908
428,2895
410,1153
395,2563
381,1783
378,1933
377,1437
371,1407
369,2445
360,1667
354,2268
347,1625
342,823
339,1931
339,1914
339,1451
339,884
336,1877
336,1900
336,1021
336,1019
334,705
332,478
329,481
321,1856
312,1862
302,1329
296,1861
741,1572
722,1981
708,1789
699,1840
688,1653
685,1849
681,6935
660,3694
644,2358
707,1737
692,1654
667,1763
647,6598
625,4057
686,2441
664,3602
661,2087
650,1633
715,1636
683,1615
656,5959
637,3987
615,2431
604,1603
602,4172
600,2581
652,1889
636,1647
623,1607
615,5258
694,3167
687,1884
687,1341
697,1342
697,5123
695,3037
695,1832
695,2830
695,1666
690,4996
695,2609
709,1626
692,4933
672,2516
651,3269
637,1692
620,1215
608,4521
592,2655
584,3031
572,2843
569,2395
565,3936
556,1732
543,1233
532,1244
522,3708
505,2562
485,1369
470,3598
486,2073
470,3476
466,1860
456,2582
446,3382
425,1806
412,1246
394,1208
386,1197
378,1189
378,1182
373,1162
371,3052
365,3059
355,2112
347,1318
343,1335
339,2894
339,2857
339,1996
339,1248
336,2832
336,2785
336,1505
336,2116
334,2080
333,1574
330,1569
326,1576
315,2748
304,3267
298,2799
746,1805
731,2044
710,1805
701,1913
689,4519
686,2483
682,5826
668,3373
725,2008
709,2152
690,2078
671,2050
645,6922
623,4583
683,2612
664,2249
655,1626
648,6314
710,3026
677,1889
650,1471
629,5686
612,2944
604,1901
602,1282
656,1557
652,1262
633,4978
617,3302
613,1982
692,1369
687,4668
687,2495
697,1495
697,1188
695,4577
695,2500
695,1635
693,2495
690,1679
692,3643
704,1975
683,1308
668,1297
646,4223
630,2452
614,1503
598,1147
589,3981
581,2145
570,2442
567,1405
563,1099
546,1066
534,3560
525,2582
511,1483
495,2664
479,2672
461,1300
476,1098
467,1139
463,1111
454,1055
441,3084
421,2980
402,1223
390,2748
379,1676
378,955
377,2593
371,2571
365,1370
356,976
347,954
343,933
341,967
339,941
339,1042
339,1045
336,1002
336,972
336,1523
336,1145
335,1149
333,1270
330,1147
326,1157
315,1206
304,1108
298,1318
287,1313
731,1713
708,1851
700,1874
689,3987
686,2318
682,1686
667,1745
648,1677
709,1681
697,1654
677,1660
652,1616
629,1700
696,1703
671,1673
661,1651
644,1647
720,1623
694,1619
661,1596
640,5758
616,3727
604,2205
602,1544
601,1420
652,1427
637,1389
623,1370
616,1343
694,1377
687,4918
687,3694
687,2136
697,1343
695,3353
695,2141
695,1451
693,1146
690,1159
685,1153
706,4260
687,2959
670,1908
648,1215
632,1119
616,1063
602,1079
589,1047
584,1044
571,1061
568,3742
565,3912
550,1936
537,1228
527,1069
519,3654
502,2592
486,1362
471,2654
490,1955
475,1301
467,3406
455,2272
448,1216
433,3192
411,1924
396,1114
384,1087
378,1039
377,993
373,2698
369,2634
360,1869
354,1150
347,1147
342,1129
339,1119
339,1105
339,1083
339,1100
336,1045
336,1021
336,1032
336,1024
334,1043
332,855
328,810
319,861
312,930
300,895
293,1248
282,1327
718,1651
706,2015
697,1779
688,1777
683,1999
677,1748
653,1766
639,1841
699,1798
694,1759
668,1802
644,6669
624,4215
694,2579
673,1775
659,1556
655,1620
714,1586
690,1513
656,7568
633,4210
605,3821
604,2962
602,2062
597,1580
642,1405
629,1394
620,1388
613,1379
690,1333
687,1440
687,5064
697,3491
695,2185
695,1407
695,1246
695,4899
691,3244
686,2009
688,1285
694,1348
672,1234
652,4782
637,3245
621,1909
608,1303
590,1203
583,4489
572,3331
570,1840
566,1211
552,1114
539,1056
529,1044
519,1104
512,1189
500,1297
483,1621
468,1599
492,1583
476,1564
464,1571
457,1538
443,1540
426,1500
405,1476
390,1449
378,1458
377,1415
373,1408
371,1395
360,1392
356,1616
350,1585
342,1500
339,1464
339,1463
339,1456
339,1462
336,1458
336,1448
336,1442
335,1460
334,1448
331,1448
327,1448
316,1441
306,1483
300,1485
287,1459
282,1460
276,1450
700,1753
691,2294
686,2048
682,4343
669,2581
652,2013
637,2028
625,1880
688,7767
676,4079
652,3652
632,2661
619,2035
695,2000
671,2000
652,1986
642,1926
700,2170
675,2781
642,2656
614,2552
602,2470
601,2407
595,2299
582,2319
628,2281
618,2227
612,2127
603,2101
687,1988
687,1960
687,1992
695,1922
695,1928
695,1974
693,1927
690,1902
685,1924
676,1913
666,1825
669,1787
647,1541
632,1527
616,1549
602,1535
589,1477
583,1490
571,1457
568,1445
565,1452
550,1428
537,1422
528,1419
519,1384
512,1389
508,1392
490,1389
474,1340
466,1337
489,1569
472,1321
460,1323
444,1296
433,1171
418,1151
398,1165
383,1124
377,1101
374,1081
371,1081
362,1098
356,1049
350,1029
345,1029
339,1013
339,1163
339,1123
339,1172
336,2107
336,2114
336,1425
336,955
334,968
332,971
329,962
321,962
312,906
302,935
296,1542
284,944
279,1321
274,1575
698,1741
688,2342
685,2001
681,2009
660,1920
644,1981
632,2108
694,2125
680,1939
675,2004
648,2084
622,1855
616,1855
692,1794
666,1784
650,1924
711,1898
692,1840
669,1765
635,1696
613,1609
602,1683
599,1671
593,1697
635,1638
626,1616
618,1629
610,1595
603,1555
687,1561
687,1568
687,1566
695,1545
695,1505
695,1500
693,1492
690,1479
682,1416
674,1313
718,1325
702,1297
680,1177
662,1157
645,1157
627,1134
616,1125
606,1140
596,1066
593,1104
588,1089
569,1155
555,1153
544,1148
557,1134
545,1108
535,1109
522,1101
508,1173
499,1187
525,1186
508,1179
492,1153
478,1154
462,1152
445,1140
422,1110
406,1265
401,1208
397,1208
389,1195
380,1195
371,1169
364,1372
360,1353
355,1341
355,1354
355,1343
355,1337
352,1323
352,1319
352,1322
351,1310
349,1308
346,1311
343,1300
331,1295
321,1304
315,1265
301,1269
295,1264
288,1213
283,1215
694,1816
692,2201
688,2075
675,2013
652,2095
641,1993
627,1938
691,2047
677,7482
664,4592
649,2741
630,2083
710,1862
699,1916
669,1880
643,1736
712,6687
693,4402
666,2546
630,1807
610,1557
603,1472
598,1479
587,1495
629,1535
621,1579
613,5536
607,3781
688,2334
688,1539
688,1429
686,5340
696,3220
696,1941
696,1336
691,1307
687,1316
679,1309
662,5198
708,3553
684,2160
669,1404
651,1239
638,1199
618,1197
610,1313
597,1328
596,1294
592,1291
575,1396
562,1382
548,1375
540,1454
548,1437
542,4695
532,2890
516,1801
505,1178
532,1156
519,1125
498,1127
482,1169
470,1227
460,1276
438,1356
415,1475
403,896
398,1067
396,1167
385,1282
378,2091
368,1554
361,1517
358,1013
355,939
355,872
355,898
352,805
352,822
352,1125
352,1299
350,2954
348,3006
345,1583
337,2176
328,1607
318,1668
312,1619
297,1631
292,1557
286,1525
282,1524
693,1827
691,2270
686,2077
663,2093
645,2313
636,2243
624,2014
683,2207
675,1956
659,2107
641,7135
624,4068
704,2583
689,3930
657,2305
645,6634
697,2967
683,1907
654,6548
622,3110
607,1985
600,4592
593,2400
578,1737
625,5765
617,3103
611,2026
606,1384
688,1404
688,1422
688,1406
696,1391
696,5485
696,3740
694,2311
690,1522
682,1535
673,1373
696,5429
701,3000
678,1920
658,1317
643,1316
626,4940
616,3313
605,1941
597,1303
593,1197
586,4689
567,2815
553,3350
542,1710
538,1329
543,1294
535,4389
528,3025
514,1606
504,1229
530,5532
515,2251
496,3375
479,2647
462,2017
451,1485
434,1078
412,3553
402,3543
397,1913
390,1300
380,3441
373,3345
364,1423
360,1192
358,3167
355,3190
355,2290
355,1449
352,3137
352,2129
352,1643
351,3078
350,2082
347,1334
344,1332
335,3018
327,3036
316,1625
302,1111
296,1102
290,1080
284,1214
280,1360
694,2055
689,2438
682,2555
655,2298
643,6768
631,4067
696,6067
679,3333
669,2405
661,2402
642,8604
630,4517
708,3112
694,2173
662,2171
643,2151
700,2041
686,9617
655,5225
624,3392
607,2083
599,1791
590,1850
576,8191
625,3635
616,3116
609,1825
606,1633
688,1828
688,2100
688,1874
696,2354
696,7337
696,3070
693,2368
689,1784
682,2036
672,1944
696,7137
698,3504
676,2514
654,3438
642,2018
623,6565
613,2897
599,3602
596,2050
592,1627
584,1604
567,1573
553,1599
542,6133
557,4331
543,2538
535,1488
526,1302
517,1229
507,1230
586,1279
573,5551
547,4398
563,2336
546,1426
533,1211
512,5299
489,2980
476,1762
468,3196
459,2021
450,1718
443,4667
434,2833
430,3256
428,1664
425,1224
425,1221
425,4285
422,4774
422,1956
422,4371
421,2101
418,1320
414,4323
407,3420
393,3415
380,1567
370,3771
355,2807
349,1444
340,1331
336,3623
330,3252
718,2176
714,2587
701,2358
679,2521
666,4979
652,5609
716,3042
702,2350
689,2299
680,2221
666,2298
649,8606
731,4915
710,3108
675,2309
735,2055
712,2060
693,1961
664,1885
633,6829
623,1679
612,1781
599,6457
644,3372
635,2054
628,4620
621,2666
621,1783
703,1618
703,1623
701,5912
711,3455
711,2198
709,1516
706,1586
699,5770
690,2946
669,2007
717,3090
694,1903
672,5345
657,2524
637,3056
626,3866
615,3853
606,3023
603,1925
596,4927
576,4740
563,2238
551,3119
547,1634
552,1388
544,1393
535,1345
532,1348
524,4538
602,3945
589,1996
569,1333
539,1180
556,1131
539,4493
527,3520
510,1844
489,1362
476,1343
462,1328
454,1344
446,1327
441,4154
434,4012
433,1875
433,1311
430,1287
427,1299
427,1304
427,1294
427,4102
424,3998
422,2149
417,1362
409,4063
396,2697
381,1477
373,1287
358,3736
351,3837
341,2008
338,1375
332,1386
331,3632
717,2256
696,2600
677,2298
665,2439
654,5694
645,6482
704,3491
691,5539
681,6290
679,3458
672,2322
747,8965
728,4072
709,2835
671,5939
722,3181
700,2194
682,2216
663,7827
636,3990
620,2726
601,1880
588,1841
638,7083
629,4053
622,2530
622,1787
706,1853
706,6893
702,3541
712,2377
712,1674
712,6791
708,2918
703,2046
696,2568
678,1753
703,1801
701,1563
682,7933
665,3501
650,2192
630,3890
622,1995
610,1425
606,5456
603,2801
591,1711
576,1336
559,6371
551,2612
543,1729
551,1271
542,1603
534,6057
532,2697
529,4321
610,1833
592,4515
575,2290
545,4413
561,2416
540,4269
529,2568
513,4220
492,2529
482,1828
462,1795
455,5454
448,3465
441,2109
435,1483
433,1483
433,5284
433,4119
430,3598
427,1883
427,5105
427,2917
427,3131
423,1943
420,5118
414,2687
403,4941
392,2174
376,1569
368,1554
353,1502
348,1516
341,1678
337,1668
332,4755
720,2115
714,2782
690,2271
674,2271
663,2347
651,6243
712,3387
704,5471
689,3261
679,2683
677,2560
755,2442
736,2774
722,10006
699,4208
743,2600
717,2137
698,5298
678,3155
649,2434
631,9014
617,3201
604,5679
646,2838
641,2260
632,8454
623,3031
706,2214
706,1651
704,2071
714,8184
712,2915
712,2435
712,1596
709,1888
705,7771
698,3099
732,2114
739,1465
723,5322
700,2130
679,3010
665,1544
645,1180
635,5257
626,2420
616,1593
613,3264
608,1475
589,4132
576,2162
582,1349
573,1015
561,985
556,3775
544,2705
537,1613
619,1035
606,3743
592,2002
580,1279
593,902
573,3571
555,1821
540,1089
520,881
501,841
487,846
479,3336
468,3081
460,2426
451,1209
447,874
445,878
445,3013
442,2867
439,1262
439,949
439,890
439,2926
437,2284
434,1193
429,929
421,924
407,935
392,2825
384,2819
368,1330
361,1031
353,2826
349,2782
344,2065
726,1916
719,2295
693,2196
677,2060
665,2085
729,2175
712,2198
702,7396
691,4090
685,2769
683,1966
757,2294
736,2267
717,2305
776,2798
730,2333
707,1989
687,1955
671,2169
649,1949
628,1750
605,1882
650,1769
641,7115
632,4228
627,2340
627,4721
711,4703
711,2426
707,1630
717,1635
717,6761
714,3035
710,2117
702,3711
689,2137
667,1628
690,6216
697,2371
676,3646
663,1890
643,1385
634,4986
621,2227
618,3143
615,1574
600,1148
584,4287
569,2029
561,1394
550,3032
563,1879
551,4179
544,1806
544,1334
544,4273
539,2229
614,2922
582,1427
560,987
578,3805
554,1899
540,1163
532,3674
523,1998
504,2094
482,1373
465,1185
457,1179
451,1141
449,1154
449,3455
449,2708
446,2323
446,1313
443,1141
443,3472
441,2223
438,2619
434,1306
426,1133
412,1106
397,1129
389,3333
374,3356
367,1452
357,2465
354,2454
348,1450
345,1226
342,1223
334,3049
684,1914
673,2452
661,2320
651,2006
644,2007
698,6224
689,3231
689,2274
688,8596
685,3639
764,2570
733,6034
696,3158
670,5064
728,2661
693,7722
678,3248
670,2198
654,7337
626,3144
602,2063
585,1675
631,1601
630,6413
630,4034
630,2483
712,1692
712,1883
712,2046
709,1570
715,1579
711,6439
701,3992
681,2375
664,4106
640,2194
624,4736
672,2695
653,1735
643,1596
632,1531
623,1494
618,1504
611,1512
591,1428
578,5261
566,4254
561,2145
550,1438
541,1264
534,4940
547,2963
547,3267
545,1696
541,4725
533,2436
600,1436
579,1279
547,1259
525,1251
558,1221
537,4201
528,3465
513,1827
504,1154
486,4019
460,2663
451,1390
450,1079
450,3809
450,2864
447,1491
447,3771
447,2553
446,2850
440,1725
436,2786
429,2090
414,2817
401,3581
391,1697
376,1108
369,1066
359,1003
356,998
350,1027
347,2837
344,2864
338,1914
330,1155
325,1168
319,1125
653,1847
640,2083
634,1986
627,5628
627,3070
690,2093
687,2120
680,2181
664,2221
646,7929
710,4420
681,2916
652,5537
641,2961
706,2026
669,2028
648,2237
639,1874
628,2003
604,6668
584,4490
576,2670
632,1754
630,1607
630,1902
630,5996
714,3405
710,2148
705,3263
704,1829
686,5662
667,2562
644,3420
630,1809
613,1389
600,5360
616,2917
636,1829
623,3699
621,1824
617,1390
598,4683
584,2706
570,3305
563,1645
553,1122
549,1146
538,4241
533,3406
533,1836
532,2404
545,1609
540,1629
528,4653
514,3391
501,1327
565,1010
547,911
525,943
519,3774
539,3498
516,1626
506,1144
498,1101
479,3416
463,2460
459,1485
452,1101
448,3383
448,2402
448,1248
448,3208
446,1747
443,1215
438,1159
428,1120
415,2804
399,2609
391,1143
376,973
369,2601
359,2566
356,1096
350,2432
349,1662
345,2390
340,1225
331,1003
325,2297
322,2300
316,1185
312,1016
635,1714
628,1969
627,1914
627,2033
625,1959
682,2012
672,1922
651,7798
638,4065
624,2803
678,4840
652,2605
636,7423
630,3253
676,2181
646,7127
636,3088
626,2050
609,1840
589,2073
579,6395
575,4101
630,2502
630,1576
630,1881
629,5945
709,3229
705,2137
691,1465
681,1554
665,1568
642,5643
628,3854
613,2340
596,1534
582,4064
609,2454
623,1677
621,1467
617,1467
600,1431
586,1405
572,1423
562,4808
554,3561
550,2020
540,2521
534,1513
533,1743
533,2281
546,1144
541,1199
533,1060
518,1048
510,2474
493,2320
551,4117
528,2617
516,2914
505,2478
522,3050
511,3011
502,1741
488,1239
466,1186
459,3483
452,3179
451,2523
448,1256
448,1067
448,1062
448,3151
445,3197
443,1360
435,3122
428,2500
414,1185
399,1149
390,1141
376,3011
369,2885
359,2900
356,1249
350,1044
349,1028
345,1236
340,985
331,1112
325,1087
322,1063
317,1050
312,1045
636,1761
628,1934
627,1912
627,4624
689,2640
683,2006
673,8313
654,3831
640,2696
612,4507
661,2625
643,7790
622,3478
687,5040
661,2652
644,1943
633,1855
618,7094
587,3535
579,2455
575,1699
632,6606
630,3366
630,2283
630,1644
630,1826
710,1602
701,6542
694,3672
690,2356
669,3647
651,4432
633,2290
614,4679
604,2808
585,1711
639,1558
625,1525
621,1469
618,1458
608,1461
592,1428
576,5576
566,4603
562,2291
551,2940
544,1724
536,3866
533,2880
533,1974
546,1674
544,1695
540,5197
527,5185
510,2226
489,1618
541,2569
524,2157
504,3591
535,2108
527,4084
514,1825
497,1236
474,1414
457,4773
451,3206
451,1807
451,2730
451,4716
448,5034
448,2722
448,1412
446,4432
443,3184
440,2872
434,1657
424,4490
412,2867
397,1499
389,3877
374,2428
367,1382
359,1172
356,1288
350,3425
347,3349
344,1711
339,3338
331,1754
325,1197
319,1167
316,3091
647,1901
636,2355
628,2286
627,2212
691,6398
689,3908
683,2462
671,6109
641,3144
691,5334
664,2830
637,1964
609,1925
678,6892
671,3634
655,2517
622,1706
603,1692
587,6268
576,1554
575,1708
632,1530
632,5965
632,4018
630,2474
714,1589
710,1465
707,1452
703,1418
706,5695
696,3385
676,2103
660,3266
638,4221
620,2093
605,1412
653,1398
643,1380
634,1350
624,1292
621,4765
617,3543
598,2015
584,1298
572,1188
563,1128
554,1032
550,1051
541,1174
534,1265
548,1304
548,3954
546,3983
533,2086
512,1309
578,4054
551,2574
522,1198
510,956
541,3738
532,3036
519,2724
491,1327
476,1052
466,1021
459,3443
453,1145
451,3151
451,3123
451,1713
451,2276
446,1334
446,1157
446,2856
446,1957
442,1203
440,1004
433,1062
424,2672
411,2949
397,1701
389,1952
373,2498
366,1337
359,2493
355,1716
350,2373
347,1807
344,2352
338,1247
330,1021
325,2270
663,1763
654,2324
647,1944
635,2085
693,2524
691,2241
687,2453
672,2282
652,2223
718,2308
680,8759
647,4135
636,2920
691,1946
671,2044
647,7755
633,3259
612,2071
598,5113
589,3083
582,5306
632,2723
632,2111
632,7041
632,3191
710,2091
710,4855
710,2622
719,1648
715,6803
711,3011
703,2087
685,1455
667,1483
644,1425
670,1457
680,1466
665,5564
646,3638
638,2223
625,3365
622,1741
618,1375
606,1316
588,4968
575,3295
565,1989
558,3544
550,3496
541,1694
550,1300
548,1313
544,1319
534,1294
516,1301
584,1297
555,1244
531,1214
518,1109
544,1194
529,1207
509,3694
499,3461
478,2515
471,1249
464,2424
455,2318
451,1142
451,732
451,747
451,732
446,608
446,782
446,864
446,792
443,2799
441,2047
434,2043
425,2033
413,2008
398,3661
389,2376
374,1169
367,3457
359,2300
356,1406
350,3291
347,2258
344,1338
338,3224
330,2174
325,1274
663,1755
653,2325
646,2002
700,1939
691,1877
691,6669
682,3111
666,2158
650,7666
711,3793
674,2509
640,1787
631,1815
688,1790
668,2044
643,2085
626,2083
605,2000
596,2017
587,8045
636,3752
632,2669
632,4643
632,2644
628,6087
710,3236
710,2368
710,5984
718,3209
714,2255
708,5906
696,3162
677,6533
660,3134
638,2095
660,7658
670,2592
652,1782
643,1532
633,7242
624,2934
619,2124
614,3573
593,5269
580,2560
568,1957
563,6733
551,2685
544,1882
553,4801
548,2400
548,1844
540,6455
532,2536
513,1865
578,1253
547,1572
521,1525
552,5955
541,3033
525,1912
505,1296
486,5739
474,3021
466,1949
459,1583
453,1530
451,1501
451,1653
451,1649
451,1646
446,5147
446,4865
446,2420
445,1631
442,1415
438,1431
432,5001
422,4700
405,2057
393,1243
378,1131
371,4208
364,4221
357,1725
351,1277
349,1083
345,4165
343,4163
333,1649
327,1421
324,1379
662,1904
649,2375
640,2132
697,1958
691,2078
691,5560
681,3039
666,2230
645,2124
708,2104
668,2034
636,7702
697,4931
686,2852
666,2086
641,2175
618,1783
599,1715
594,1745
586,1698
633,1791
632,1796
632,2234
632,2458
626,1986
710,1963
710,2497
710,7289
716,2958
711,2695
704,1621
689,1637
667,1748
647,1387
631,1399
680,1544
665,5481
646,3604
638,2099
625,1391
622,1176
618,1278
603,1227
588,1217
573,4580
565,3921
556,1941
550,2453
541,1624
549,1378
548,1355
548,1377
539,4181
523,2900
591,1755
565,1139
539,1119
513,3874
545,3583
537,1554
522,1163
503,1137
481,1098
471,1075
463,1068
454,1122
451,3198
451,3126
451,1365
451,1015
446,1001
446,985
446,964
446,1044
443,1210
440,1209
434,1189
424,1181
411,1193
397,1143
389,1116
373,1081
366,1003
359,1088
354,1050
350,1037
347,1051
344,1064
335,1003
328,1016
324,1001
319,981
649,1775
640,2107
634,1984
691,4984
691,2707
689,2104
674,7728
653,3629
714,2418
680,1914
646,7186
626,3856
686,3672
677,2655
659,2008
626,2063
603,8305
594,6046
586,2807
576,2122
632,1656
632,6338
632,3275
630,1960
710,1550
710,1578
710,1572
716,1651
711,1913
704,1852
685,1845
667,1820
644,1794
630,1722
651,1687
664,1668
643,1666
637,1638
624,1604
621,1599
617,1573
598,1677
584,1639
571,1613
563,1751
553,1703
549,1715
538,1690
533,1667
548,1688
547,1668
545,1694
531,1674
506,1672
564,1689
538,1664
516,1649
504,1659
536,1595
528,1601
507,1568
483,1586
469,1715
459,1678
452,1646
451,1811
451,1845
451,1819
448,1756
448,1729
446,1715
446,1664
443,1578
441,1574
434,1557
425,1543
413,1533
397,1454
389,1484
373,1428
366,1602
359,1640
354,1642
350,1589
346,1605
343,1621
333,1597
328,1626
324,1593
319,1632
312,1102
305,1113
630,1870
627,2031
627,2088
689,2082
684,2026
673,2160
650,2794
616,2198
667,2089
640,2643
615,2051
603,2031
671,8280
658,3312
630,3032
603,1784
586,1839
575,1872
575,1873
575,1720
632,2202
630,1873
630,1788
630,2326
709,1716
705,1571
701,2156
702,1616
684,1702
665,2311
642,1753
628,1711
613,2266
596,1732
616,1685
636,1680
623,1616
621,1681
617,1569
599,1536
586,1568
571,1526
563,1564
554,2122
550,1434
540,1474
533,1901
533,1391
548,1409
545,2004
541,1242
531,1332
507,1817
483,1245
542,1215
523,1197
500,1280
494,1105
529,1182
514,1063
497,1050
474,1167
457,1463
451,1788
451,1924
451,1823
451,2366
448,1835
448,1504
448,1721
446,1248
442,1243
440,1752
433,1512
422,1653
411,1379
394,1165
380,1081
371,1620
364,1065
357,1025
351,1055
349,1041
345,1046
343,1059
333,1005
328,970
324,935
319,965
314,1334
306,922
303,863
627,1776
627,2893
689,2587
684,2817
675,2204
663,1965
632,2363
603,2000
655,2036
634,2548
606,1904
674,1978
661,2448
644,1800
625,2180
596,2186
579,2355
575,2398
575,2375
632,2336
630,4112
630,1602
630,4742
629,3766
705,3380
701,3298
691,2673
681,2203
664,2238
642,1860
625,2061
610,1834
596,1651
582,1775
606,1676
623,1555
620,1664
616,1506
597,1475
580,1461
569,1401
562,1417
553,1412
546,1364
538,1364
533,1324
533,1282
532,1308
545,1324
540,1296
528,1318
514,1321
494,1264
472,1293
530,1293
516,1250
499,1249
524,1239
513,1175
505,1202
487,1207
464,1116
454,1108
451,1070
451,1194
448,1186
448,1159
448,1133
448,1151
447,1122
441,1137
437,3082
431,3555
416,1322
402,896
392,885
378,829
370,889
362,862
356,643
351,638
349,642
345,598
342,633
331,676
326,575
322,659
317,716
312,558
305,446
303,484
302,424
627,2263
625,1927
683,1797
673,1780
653,1998
640,1799
615,6371
666,4633
645,2815
629,1884
609,1911
662,1990
645,1838
636,1858
616,1768
589,6938
579,4021
575,2669
575,1586
630,1620
630,1593
630,1358
630,1512
710,1637
701,1343
694,1546
679,1576
667,1317
649,1350
633,1530
614,1397
602,1328
585,1341
577,1221
625,1259
621,1233
618,1218
606,1299
591,1221
576,1211
566,3957
558,4823
550,1748
542,1166
535,966
533,922
533,930
531,3731
544,4470
538,2031
526,1214
514,1032
492,1006
549,3375
530,3446
516,1626
498,1081
524,940
514,951
505,926
487,908
464,3140
454,3974
451,1629
451,950
451,2929
448,2030
448,1061
448,2816
448,2020
443,1059
440,894
434,915
424,903
411,992
397,1003
389,1011
374,1133
367,1101
359,2682
356,2694
350,1438
347,992
344,1014
340,1013
331,994
325,1146
322,1101
317,1082
312,1245
305,1220
303,1228
627,1769
627,2285
689,1975
684,1872
673,2429
663,2065
630,1963
678,1910
653,7939
634,4060
613,2618
674,5434
659,3000
643,2182
626,1990
598,7850
580,3581
575,2429
575,5539
632,2910
632,2238
630,1843
630,2016
714,1988
707,1980
703,1975
706,2015
695,1978
676,7439
660,3608
638,2567
619,3307
605,2228
625,1779
642,1811
632,1752
624,6638
621,3772
615,2431
595,1610
579,5035
570,2931
563,1619
553,7426
549,5348
538,2362
533,2202
533,1483
548,5978
545,2835
540,2408
528,2398
507,2775
560,6242
541,2497
521,1559
508,4408
533,2576
525,5656
513,2776
494,1759
472,5622
456,2464
451,3301
451,3930
451,1946
451,1105
448,1236
448,1672
448,3768
447,3659
442,2776
437,2580
431,2815
416,1585
403,3578
392,1894
378,1198
370,3351
362,2327
356,3040
351,1638
349,1085
345,1060
342,2867
331,2627
326,1394
322,2556
317,1697
312,1852
305,1399
303,1078
627,1762
627,2128
689,1893
684,1949
675,6871
663,3247
642,2120
690,2180
659,8406
643,3416
623,2236
678,1759
661,7602
644,3538
635,2369
610,1695
585,1760
576,1667
575,1779
632,1731
630,1719
630,1858
630,1887
714,1759
711,1815
701,1752
704,1589
689,5739
667,3417
651,2140
633,3977
614,2188
602,1495
619,5055
637,3189
625,1727
622,3505
618,3476
606,1710
591,1275
576,1299
567,1248
559,1242
550,1253
542,4068
535,3537
533,1646
548,1077
546,3914
543,2623
537,1394
526,1092
510,1106
563,3747
537,2614
523,1360
553,2743
535,1620
520,1357
511,3632
501,2357
476,1943
460,1810
452,2062
451,3365
451,3225
448,1951
448,2345
448,1760
448,3091
447,1649
441,1158
437,3077
431,2099
416,1866
403,2310
392,1308
378,3710
371,2123
362,2171
357,2571
351,1147
349,967
345,966
343,963
333,1450
327,2273
324,2220
319,2509
312,1736
305,1331
303,2510
627,1748
691,2543
689,1981
686,1977
677,4562
663,2664
642,5907
690,3294
659,5526
643,2853
704,1932
678,6966
661,3626
646,2426
631,5110
602,2564
587,6365
576,2749
632,4318
632,3892
632,2103
630,1547
630,5806
714,3289
711,2108
703,1454
706,1458
695,5544
676,3143
659,1998
637,1370
616,1380
604,1334
650,1272
642,1218
632,1314
624,1390
619,4670
614,4448
592,2026
579,1395
568,1094
563,1118
553,1097
544,1181
538,1259
533,1371
548,1502
547,1558
545,1522
541,1542
528,1538
598,4082
569,3189
546,1712
526,2870
558,1719
538,1217
529,3696
516,2451
507,1450
489,3055
462,1859
454,2873
451,1717
451,3729
451,1949
448,1132
448,2943
448,2063
448,1208
443,3434
441,2303
436,1228
428,946
415,3469
399,2981
391,2541
378,3407
369,2456
361,1311
356,3419
351,2268
349,1209
345,1199
343,1189
333,3165
327,3109
324,1635
319,1155
314,3152
306,3039
631,1833
691,2385
691,2276
689,2067
686,2066
678,2147
750,2156
719,2173
688,2130
660,8166
731,3967
699,2610
678,1813
666,1787
650,7503
629,3109
602,4922
584,2424
632,1781
632,1707
632,2044
632,1759
714,1853
714,1717
714,1738
722,1700
715,7058
708,3555
699,2171
678,4289
664,2443
642,1660
664,1695
675,1755
659,1563
644,6499
637,2876
624,1934
622,1436
618,4507
600,2657
588,1657
573,4229
565,2592
557,1850
550,1625
541,1619
550,1601
548,1599
548,5710
546,3354
543,2017
624,3727
609,4124
584,2625
556,1404
583,3316
566,2329
548,1319
532,1075
521,4656
509,2825
493,1531
470,2740
456,1471
451,4392
451,2346
451,3259
451,3170
448,2371
448,4107
448,2191
445,1153
442,3547
438,2491
432,1338
422,3537
406,2462
393,1803
378,1312
371,1714
364,1931
357,1497
351,888
349,884
345,3256
343,3581
333,2104
328,1262
324,3258
319,3205
314,1699
640,1936
697,2565
691,2055
691,2134
689,2188
686,9551
766,3743
748,2630
712,2057
688,2412
744,8957
719,3925
685,2966
674,5312
662,2904
645,2239
623,2297
596,2188
636,8132
632,3875
632,2907
632,3924
716,2590
714,6973
714,3147
724,2147
718,1705
713,1729
706,1735
696,1955
676,6657
660,4499
681,2590
685,1776
670,1500
653,1484
643,5874
633,3442
624,2118
619,1449
615,1514
593,5233
580,3493
568,2148
563,1386
553,1231
544,4726
553,3846
548,2332
548,1341
547,1370
545,5439
629,3248
614,1751
589,3222
563,1636
588,1244
567,4494
548,2782
534,1603
528,3007
514,1792
496,3834
474,2321
457,2730
451,1605
451,3618
451,1869
451,2569
448,2393
448,2369
448,1440
446,3187
443,2220
441,1196
434,3177
425,2200
413,1187
398,2869
390,1989
374,1039
367,2786
359,1933
356,1227
350,1195
349,1201
345,1192
340,1169
331,1128
325,1128
322,2573
317,2556
716,1807
703,2484
695,2141
691,2021
691,5856
689,2971
774,1947
762,8979
743,3481
715,2440
765,5467
740,2972
714,7096
682,3332
674,4810
659,5600
638,3034
667,2062
652,7686
636,3371
632,2278
632,1668
716,1889
716,7408
714,3391
724,2475
724,1597
718,1795
714,1895
708,1853
698,1796
678,1862
706,7097
711,3573
691,2494
676,3568
659,2229
644,1755
636,6584
624,2979
623,1968
619,1380
604,1477
588,1523
575,6002
565,3356
576,2152
567,1421
558,1515
550,5380
548,2979
548,3533
637,1783
634,1326
627,1329
662,4746
636,2418
603,1515
583,2419
560,1462
540,4365
533,2586
528,2789
512,1656
491,1195
473,1219
456,4001
451,3207
451,1643
451,1071
451,4017
448,2260
448,1402
448,3877
446,2287
445,1360
442,1157
439,1264
433,1200
422,1195
411,3818
397,3428
389,2792
374,1395
367,1001
359,3617
356,2368
350,1843
349,2526
345,2263
340,2431
331,1401
752,1989
738,2265
729,2263
716,2125
703,5280
693,2848
782,4483
782,2750
779,2261
882,8418
855,3560
817,2675
776,2009
752,2014
716,7761
685,3510
678,2480
728,4310
704,2301
670,5222
650,2567
639,1834
716,1587
716,1789
716,7025
726,3195
724,2458
724,4526
724,2449
718,5116
715,2497
708,4454
771,2290
749,6589
734,2409
712,1663
691,1422
674,1475
654,6126
644,3312
634,2102
625,3227
620,1799
615,3937
593,2121
580,1342
587,4861
582,2615
568,3440
560,1727
551,1296
639,1265
639,1259
637,1264
634,1312
686,1410
663,4659
636,2663
600,1660
581,1056
560,936
540,3653
531,2552
519,1356
507,2668
486,1936
467,2482
453,1443
451,1239
451,1242
451,3132
448,2496
448,1096
448,1896
448,2025
443,1135
441,1144
434,1146
425,2501
413,2459
398,1913
389,2471
374,2000
366,2400
359,1842
355,1089
350,2271
347,2297
344,2288
335,1236
328,960
324,967
735,3947
722,3336
708,2067
700,1977
691,2036
782,2448
781,2435
777,2419
776,2413
852,2451
824,2381
790,2305
753,2224
732,2274
704,3370
678,2601
663,1942
704,1984
691,1787
660,2121
642,2020
717,1873
716,1848
716,2646
724,2528
724,1929
724,1979
724,1929
721,1796
711,2467
704,1963
733,1563
738,1522
719,1490
699,1404
681,1809
666,1388
646,1444
638,1542
625,1283
623,1324
619,1981
604,1413
588,2196
573,2043
565,1248
573,1677
567,3240
557,1967
549,2238
548,1962
639,1832
636,1966
631,1359
626,3037
657,2394
637,1192
613,922
585,1494
567,3787
551,2488
532,2093
515,1981
508,1773
492,3273
466,2174
459,1176
452,2868
451,2003
451,2195
448,1338
448,1140
448,1127
448,2737
445,2630
440,1270
434,2622
423,1910
411,2101
395,2015
386,1245
372,2726
366,2572
359,2022
354,1186
350,1122
347,2275
344,2327
335,1313
328,867
324,899
319,832
722,1890
708,2343
700,1877
691,2265
691,1998
781,1986
777,1927
769,2262
760,2017
829,1995
806,1961
772,1901
743,1860
721,1841
698,1974
668,2260
650,2820
697,2901
681,3203
650,3137
641,2302
716,2280
716,2251
716,2239
724,2254
724,2260
724,2250
721,2239
717,2223
705,2192
692,2185
714,2202
721,2143
704,2117
681,2050
669,2048
647,1990
640,2036
626,1995
623,1918
619,1919
606,1886
588,1854
575,1839
565,1828
575,1824
567,1824
557,1758
549,1692
548,1661
548,1656
636,1648
630,1658
619,1668
607,1613
636,1574
618,1596
601,1568
574,1533
562,1946
542,1515
518,1498
506,1502
498,1475
479,1475
462,1461
454,1406
451,2039
451,1521
448,976
448,976
448,879
447,845
443,991
437,840
429,1156
415,803
399,738
391,708
376,830
369,1228
359,1466
356,1410
350,1423
347,1417
344,1378
338,1371
330,1315
325,1317
319,1300
316,1278
312,1300
700,1814
691,2146
691,1899
690,1920
687,2193
769,2065
752,2081
729,2189
811,2225
791,2257
767,2207
735,2092
718,2341
696,2235
654,2000
641,2225
689,1770
677,1799
660,1829
641,1722
633,1691
714,1634
714,1605
714,1595
724,1611
720,1601
715,1595
708,1589
689,1590
667,1585
645,1540
697,1523
679,1634
665,1626
644,1589
637,1524
624,1473
622,1471
617,1472
600,1456
587,1425
572,1493
563,1467
553,1454
549,1425
553,1386
548,1370
548,1473
547,1482
545,1476
540,1473
614,4200
596,3448
580,1772
622,1176
602,1027
583,1029
568,1049
545,1022
523,1077
507,1176
498,1328
486,1571
476,3645
460,3654
454,1527
448,1123
448,1127
448,1208
448,1126
446,1117
443,1217
439,1210
428,1199
415,1319
399,1309
391,1302
376,1478
369,1464
359,1456
356,1388
350,1369
349,1359
345,1371
340,1318
331,1305
325,1305
319,1308
316,1307
312,1504
305,1502
302,1465
691,1832
691,2686
687,2087
682,2029
758,1901
731,1882
712,1828
700,1887
777,1844
749,1768
725,1886
708,1790
673,1662
647,1872
634,1731
624,1637
667,1623
646,1614
636,1566
632,1548
714,1614
714,1646
714,1644
712,1647
718,1617
710,1658
696,1664
676,1665
660,1592
637,1570
615,2014
669,2244
649,2192
640,2086
627,2048
622,1958
618,1950
608,1887
592,1814
577,4219
567,2231
559,1416
550,1130
542,4023
535,2736
548,1377
548,1075
546,1081
543,1059
534,1068
606,1007
592,3435
574,3457
564,1465
596,1082
573,950
559,3305
533,2416
514,1369
503,875
491,832
477,818
462,842
454,819
451,911
448,945
448,1131
448,1138
448,1122
444,1066
442,1077
433,1082
422,1083
411,1053
393,1056
378,1056
371,1055
364,1010
357,1013
351,999
349,1013
345,2243
342,2205
333,1613
326,954
322,958
317,2168
312,2233
305,1499
302,1160
302,1164
302,2122
689,1680
682,2170
671,1779
647,1958
716,1940
701,1981
685,1940
665,1881
730,2296
711,2307
680,2195
650,2185
636,2088
624,2119
615,2041
597,2005
641,1995
633,1969
630,2080
630,2038
714,2036
712,2007
708,1662
712,1548
700,1525
677,1503
660,5545
638,3693
620,2234
605,3318
625,1962
642,1509
632,1437
624,1429
619,4617
610,3690
592,1923
578,2510
567,1413
562,1225
551,1208
544,1175
536,3766
533,3848
533,1849
546,2861
543,1466
537,3754
526,2003
513,2798
575,2638
565,1605
549,1147
535,1131
565,1121
543,3286
523,3254
504,1381
492,904
485,897
476,886
459,2706
452,2701
448,1327
448,1858
448,1415
448,1247
445,2446
443,1706
436,1083
424,2445
412,1721
397,1057
389,1073
373,1080
366,1027
359,1037
354,1036
350,2318
346,2307
344,1608
333,1023
328,1023
324,1010
319,2224
314,2195
306,1535
303,1183
302,1151
302,2169
302,2157
300,1163
677,1766
663,2260
644,1874
628,2125
688,1867
669,1845
640,2014
634,1767
691,1706
651,1650
638,1629
631,1700
616,1849
597,1836
584,1815
576,6045
630,4665
630,2578
630,1689
629,5936
709,3160
705,4373
695,2238
681,1549
664,1419
642,1412
625,1395
610,1376
593,1343
582,1401
606,1469
623,5140
620,3417
615,2163
595,1359
579,1180
567,4735
562,3261
551,1847
544,4541
538,2405
533,1587
533,1237
531,1203
544,1224
539,1235
526,1197
514,1465
497,1193
487,1376
547,1632
524,1291
512,1448
535,1434
515,1002
504,1081
496,3791
478,3851
462,1989
454,1193
451,994
448,987
448,1043
448,1065
448,3484
445,3397
443,1803
434,1959
425,1545
413,1535
398,1560
389,1493
374,1472
367,1498
359,1469
356,3146
350,2802
347,1452
344,2800
338,1506
330,1157
325,2570
319,2581
316,1336
312,1045
304,899
302,2018
302,2091
302,1425
301,1106
299,1106
294,1206
647,1583
633,1931
618,1823
594,1714
641,3897
630,2231
605,1659
660,1647
645,1573
634,7219
616,3940
589,2380
584,3732
575,2264
575,1697
630,6691
630,3014
630,2099
628,1465
625,1641
705,1602
691,1524
672,1468
665,1541
643,6311
628,4234
613,2187
601,1609
583,1209
576,1245
624,1252
621,1148
618,1217
605,1204
588,1241
574,1327
564,1338
557,4515
550,4729
542,2159
535,1190
533,1076
533,1023
531,1020
544,1103
538,1103
526,1208
514,1325
495,1306
556,1437
531,1430
517,1422
501,1422
529,1397
514,1366
505,1343
496,1320
472,1312
459,1272
452,1276
451,1228
451,1233
448,1172
448,1171
448,1154
448,1121
445,1139
441,1114
435,1093
428,1097
415,1253
399,1235
391,1221
378,1216
370,1196
362,1175
357,1187
351,1177
349,1162
345,1160
343,1160
333,1133
328,1116
324,1120
319,1105
316,1226
312,1249
304,1251
302,1265
302,1264
302,1247
302,1255
682,1937
672,2348
652,2080
706,4341
676,2509
651,1954
631,7442
692,4086
673,2399
659,4459
641,2663
623,2053
598,2011
580,1854
575,1824
632,1846
632,7087
630,3937
630,2569
714,1657
714,5009
707,2871
711,1888
704,1561
692,1487
672,6239
652,2940
636,1943
615,1382
642,1471
649,1434
639,1335
627,1399
624,1328
619,1225
612,1297
592,1352
579,1311
568,1291
563,1353
553,1330
544,1354
538,1476
533,1422
548,1412
548,1399
545,1413
541,1430
528,1387
591,1327
561,1317
542,1254
529,1285
549,1271
535,1338
529,1359
516,1369
498,1307
474,1299
457,1271
451,1265
451,1239
451,1276
451,1352
448,1279
448,1282
448,1266
446,1216
443,1227
441,1163
436,1169
428,1179
415,1081
399,944
391,968
378,1081
369,1072
359,1097
356,1077
350,1085
349,1097
345,1068
342,1086
333,1058
326,1061
324,1055
317,1097
312,1208
305,1208
303,1202
302,1203
302,1206
689,1674
686,1937
676,1893
736,1823
697,1830
673,1840
652,7085
699,3699
680,2520
672,1763
660,2169
634,1895
604,6631
589,4447
580,2669
632,1750
632,1561
632,1552
632,1828
714,1894
714,1903
710,1831
718,1848
715,1871
709,1819
700,1835
680,1868
664,1776
642,1906
667,1869
678,1866
664,1822
644,6836
637,3572
625,2030
622,1472
618,1602
606,1607
592,6162
577,2417
567,1668
559,1180
551,1433
544,1515
551,1385
548,1351
548,1467
546,1529
541,1665
616,1832
586,1855
563,1845
537,1816
559,1775
545,1735
537,1725
522,1628
503,1611
481,1573
471,1498
464,1472
455,1426
452,1375
451,1399
451,1531
451,1571
446,1535
446,1528
446,1509
446,1516
446,1529
442,1428
440,1478
433,1394
424,1419
411,1248
397,1105
389,1095
374,1079
369,1190
359,1232
356,1269
350,1244
349,1218
345,1250
343,1225
333,1230
328,1244
324,1218
319,1350
316,1314
312,1368
700,1865
689,2438
678,1877
752,2335
738,2040
719,1858
771,1768
739,2291
718,8814
701,3565
676,2421
645,1687
634,2008
622,1978
661,1860
653,1911
646,1837
637,1799
632,1955
716,1832
712,1804
712,2026
720,1775
720,1871
720,1850
718,1770
714,1858
708,1893
696,1770
720,1895
730,1910
707,1698
683,1739
670,1702
650,1621
640,1645
627,1593
623,1517
619,1646
609,1631
593,1633
577,1635
567,1582
577,1579
567,1696
558,1650
550,1633
548,1580
539,1591
614,1620
600,1663
576,1602
599,1566
572,1592
556,1556
541,1562
525,1474
505,1450
493,1463
478,1415
471,1385
463,1389
454,1522
451,1492
451,1464
451,1663
449,1667
446,1639
446,1600
446,1587
446,1568
442,1571
440,1549
433,1560
422,1504
411,1529
394,1522
380,1478
371,1512
364,1482
357,1684
351,1696
349,1665
345,1597
343,1627
333,1579
327,1554
324,1544
317,1540
312,1792
305,1721
303,1756
691,1774
688,2353
762,1924
741,1967
720,2283
682,2409
731,2140
711,2120
691,1752
671,2006
645,2000
631,1980
605,1914
596,1876
644,1830
637,7416
632,4677
632,2663
716,1884
712,1909
710,1878
710,1903
720,1877
717,1886
713,1744
704,1623
690,1730
668,1781
649,6707
698,3863
680,2237
666,1541
644,1540
637,1450
624,1395
621,1491
617,1547
598,1342
585,1392
570,1568
563,1476
553,1591
544,1524
553,1369
548,1341
548,4515
545,3030
534,1900
599,1259
576,1097
551,1128
518,4134
548,3813
539,1844
532,1123
514,1137
488,1125
472,1104
463,1106
454,1060
451,1191
451,1409
451,1388
451,959
448,911
446,927
446,969
446,908
442,832
438,838
431,1116
417,1216
403,1451
392,1522
378,1473
369,1568
359,1539
356,1577
350,1492
349,1464
344,1449
338,1372
330,1356
325,1414
319,1323
316,1318
306,1261
304,1238
302,1258
302,1248
302,1245
300,1288
666,1684
639,1945
692,2010
661,1805
627,7066
615,3085
676,1918
671,1734
646,1791
611,1727
598,1655
586,1648
576,1638
575,6200
632,4581
632,2682
630,1669
630,1548
710,5917
710,3551
705,2175
711,3332
702,1967
683,1569
665,1566
642,1530
628,1508
610,1476
631,5409
643,3838
635,2359
624,1498
621,1365
616,1399
597,5136
579,4097
568,2148
563,2730
553,1598
544,4641
538,2784
533,2968
533,3364
546,1712
544,4477
535,2431
513,1448
487,1260
540,1254
518,1207
500,1189
497,1278
530,1369
508,1379
485,1495
467,1484
455,3607
451,3557
451,1921
451,1175
451,3549
448,2377
448,1303
446,1094
446,1082
443,1082
440,1181
434,1186
424,1186
411,1297
395,1252
386,1238
371,1251
365,1248
359,3099
351,3047
349,1642
345,1164
343,1105
333,2883
327,2918
324,1986
317,1237
312,1262
305,1221
303,1203
302,1242
302,1207
302,2759
299,2788
294,1901
277,1167
606,1678
581,1723
623,1763
599,5103
595,2689
595,1795
642,6920
610,3551
593,2194
580,1650
575,1683
575,1602
575,6544
575,4067
630,2503
630,3651
626,2135
624,1866
704,1875
698,1922
686,1855
676,1865
660,1847
638,1804
619,1828
605,1718
589,5619
579,3756
599,2256
621,1513
618,1382
610,5246
592,3180
578,3864
566,3558
562,1883
551,3741
544,2288
536,1630
533,1608
533,1595
531,4791
544,3564
536,2109
514,1310
488,1149
464,4244
447,4793
500,1994
491,1978
487,1919
471,1114
486,1339
474,1461
460,1287
452,1303
451,1247
451,1192
451,1289
448,1195
448,1186
448,1164
446,1173
444,1138
441,1460
437,1143
430,1109
415,1527
402,1078
392,5056
378,2603
370,1404
362,2310
356,1946
351,2308
349,1415
345,1282
342,3030
331,2574
326,1521
322,4328
317,2564
312,2462
305,1040
303,899
302,882
302,925
302,3200
299,2882
293,1202
283,2625
269,2741
581,1616
554,1915
605,2304
596,4409
590,2389
647,1923
611,1880
595,2086
582,7727
576,4412
575,3086
575,1892
575,5716
630,3428
630,4941
626,2624
626,1656
621,7048
701,3377
694,2211
675,1533
667,1657
644,2145
630,1815
614,1554
601,1894
583,6523
576,3922
624,2429
621,1509
617,1473
603,6309
587,3327
572,2016
564,3942
556,4094
550,3592
541,1659
534,1325
533,1300
533,5817
531,3323
541,1939
524,1299
494,1163
478,4844
456,3507
438,1856
496,1335
490,1336
483,4171
505,2829
481,1483
467,1125
455,1095
451,3676
451,3653
451,1895
451,1171
448,3525
448,2166
446,1265
446,1284
443,1254
441,1259
436,1286
428,1252
414,1267
399,1248
390,3254
376,3318
369,1747
359,2417
356,1795
350,3199
349,2057
345,1136
340,3066
331,2928
325,1593
322,2285
317,2194
312,1652
305,2843
302,1815
302,2015
302,1549
302,1236
299,2698
291,1902
274,1172
267,1161
572,1847
616,2667
599,1810
593,1905
580,1836
626,1740
606,1791
589,1802
580,6854
575,3900
575,2474
575,1758
575,1642
630,6672
626,3442
626,2370
624,1651
705,4838
699,3374
689,2060
668,1730
663,1874
641,6118
624,3241
608,2185
592,1511
582,1490
574,5765
623,3694
620,2147
616,1585
595,1449
579,1422
567,5433
562,3609
552,1962
544,1453
538,1420
533,1388
533,1400
532,1406
530,1372
531,4832
507,4440
484,1916
462,1321
444,3883
498,2224
491,1355
484,1360
471,3612
484,2453
469,1220
459,922
453,803
451,815
451,2819
451,3014
451,1566
448,977
446,961
446,999
445,955
441,981
437,994
430,2549
415,2613
402,1204
392,801
378,794
369,2208
361,2168
356,1143
350,788
349,777
345,773
342,2164
331,2138
325,1490
322,1154
316,1132
312,2079
305,2057
302,1412
302,1093
302,2005
301,2019
297,1417
288,1093
272,1972
263,1937
248,1934
546,1399
598,1537
591,1562
575,1541
548,1565
600,3364
587,1956
580,4370
575,2634
575,1926
575,4295
575,3237
573,1873
626,4256
626,2610
624,1875
620,4178
696,2548
686,1856
666,1456
660,5513
638,3348
616,2101
604,3996
589,2054
579,1535
567,5094
594,2740
617,1762
608,1389
592,1365
578,1350
566,4616
561,3190
550,1966
544,3393
536,3368
533,1726
533,1511
531,4488
526,3105
510,1664
500,1269
480,1226
453,4025
437,3832
430,1940
490,1230
476,3718
450,2595
444,1331
464,1151
457,1101
452,1091
451,3257
451,3259
451,1448
448,1063
446,1056
446,3240
446,3193
443,1753
441,1034
434,3158
425,2709
414,1351
398,1146
389,3023
374,2988
367,1272
359,2848
356,2028
350,2081
347,1537
344,1503
336,2528
330,2541
325,1331
319,2647
316,1748
312,2629
304,1650
302,1030
302,2288
302,2324
301,1239
293,2222
284,2360
270,1642
255,1238
242,1206
239,2167
530,1374
583,1530
555,1529
536,1481
524,1407
587,1505
578,1548
575,1537
575,5850
575,4289
575,2543
573,1632
625,1498
626,1618
624,5659
620,3904
615,2411
686,1583
666,1419
650,1487
638,5391
620,3706
605,2314
591,3536
582,3214
573,1776
564,5290
591,2696
613,1636
594,5097
579,2660
567,3695
562,1847
552,1420
543,1370
538,1361
533,1342
533,4500
532,4432
521,2047
504,1364
500,1191
479,1166
454,1133
440,1090
430,3607
425,3407
475,1815
455,1281
436,3153
469,2299
461,1146
454,925
451,1042
451,1014
451,3347
451,2957
446,1566
446,997
446,976
446,3019
443,2897
440,1319
434,2300
424,1686
411,974
397,2528
387,2461
373,1419
366,775
359,2650
355,1722
350,863
347,2303
344,2284
336,2312
330,1235
325,2287
319,1567
316,2253
312,1585
304,1169
302,1168
302,2158
302,2159
296,1472
289,2115
282,2203
261,2087
250,2064
242,1441
236,2051
520,1456
565,1557
548,1828
532,1436
598,1491
589,1498
580,5423
575,3920
575,2170
575,4518
571,2608
569,1782
626,1695
626,1703
624,5665
621,3803
617,2272
691,4235
671,2207
655,5568
642,2402
628,1545
613,5058
598,2971
582,1702
576,1293
564,1290
621,4429
617,3023
600,1590
587,1205
572,1212
564,4123
556,2983
549,1894
541,1185
535,4130
533,2822
526,1576
513,4086
500,2010
498,1276
480,1131
459,1096
443,1029
434,1131
484,1259
465,1544
452,1562
439,1550
472,1558
466,3481
459,3456
452,1593
451,1116
451,1111
449,3444
449,3367
446,1801
446,1077
446,1107
445,3274
442,3327
439,1444
432,2415
422,1811
410,2384
393,1810
380,1134
371,1031
365,3040
359,3091
354,1646
350,2218
346,1724
344,1664
335,2779
328,2895
324,1476
319,2137
316,2831
310,1919
304,1144
302,1166
300,2514
295,2556
290,1870
285,1734
267,916
255,749
246,725
240,915
599,1446
568,1623
555,1624
552,1606
605,3516
598,2050
589,4578
580,2715
575,2013
575,5818
571,3304
571,2152
626,4391
626,2252
626,1729
625,5792
705,3132
701,2120
692,4214
684,4211
665,3837
643,2240
630,4768
613,2274
601,1698
583,1558
609,1568
624,5714
621,3413
618,2100
605,1341
588,5123
574,2382
564,1637
557,1175
550,1130
542,1132
535,1111
529,1198
520,1247
505,1409
510,1418
490,1385
471,1470
457,1375
445,1387
495,1519
470,4227
462,4631
457,3225
483,1461
474,2857
466,3794
457,1623
453,1198
451,1184
451,1201
449,3610
449,4575
446,1799
446,1081
446,3336
446,2360
443,1227
440,1069
434,3268
425,3625
413,1422
398,1057
390,1033
376,2990
369,3107
359,1589
356,2916
350,2254
349,2204
345,2195
342,2918
333,1508
326,2786
324,2054
317,2699
312,1856
305,1968
303,2544
299,1777
292,2525
290,1931
280,1938
270,2548
261,1378
247,1053
632,1461
601,2212
572,1826
565,1566
627,1523
620,6789
605,3288
596,2216
586,4539
580,2618
575,6597
571,3131
628,3849
628,4645
626,2446
626,4852
710,2935
708,4149
705,2198
709,6318
699,2785
678,1887
664,4365
642,2654
626,1684
610,1465
632,5240
643,2406
636,1445
624,2965
622,1658
618,1169
600,1190
587,1209
573,1147
565,1118
557,1106
550,1108
541,1067
528,3856
535,3659
521,1770
512,1106
494,3403
475,2580
467,1301
524,1100
501,3292
476,2772
467,1216
496,2336
491,1734
480,2257
472,1355
464,2955
457,1578
452,2208
451,1322
449,1138
449,1128
449,2894
446,3056
446,2175
446,2198
445,1317
442,2845
438,1539
432,2758
422,1529
410,2786
393,2150
380,2089
371,1268
365,1070
359,1067
354,1043
350,1040
347,1042
344,998
335,2576
328,2596
325,1551
319,936
316,918
312,916
304,881
297,1004
292,1079
289,1383
278,1382
269,1370
262,1370
648,1499
630,1955
595,1789
650,3639
634,2023
631,6534
624,3420
611,2199
597,1805
590,1714
582,6349
632,3915
628,2490
628,3638
628,5025
626,2593
710,1725
710,1599
710,1510
716,1656
711,1641
704,1668
689,1646
667,1641
649,1573
633,1613
653,6587
668,3783
646,2265
640,1510
626,1547
622,5617
618,3032
608,3613
592,1832
577,1432
567,4751
559,2895
550,1797
536,5636
537,2890
521,1541
514,3777
497,2472
484,3560
473,2020
535,4574
514,2710
486,1419
508,998
498,3988
496,3375
491,1696
480,1048
470,3492
464,3051
457,1244
450,3272
449,2104
449,1216
449,3203
446,2038
446,1154
446,3090
446,2034
444,1164
441,3097
437,2011
430,1135
415,3095
402,2014
392,1099
378,979
370,2867
362,2868
356,1268
351,1078
349,1094
345,1109
342,1084
333,2886
327,2886
324,1536
317,1085
312,2861
302,2810
295,1514
291,1255
283,2741
274,2628
267,2593
260,1412
654,1607
628,1849
595,1657
646,1680
634,3209
633,1961
627,1759
614,1716
600,6331
593,3933
585,2396
631,4397
628,3979
628,2154
628,5884
712,2900
710,3477
710,1979
710,1561
717,5845
713,3102
706,2150
695,1501
676,1505
659,5686
637,3180
682,1977
669,2886
651,1916
640,4895
633,3801
624,2087
619,1370
612,3509
593,2206
580,3249
568,1641
563,1271
551,4172
535,4065
531,2147
518,1269
506,3945
492,2093
483,3941
547,2829
534,1950
515,1698
488,1631
511,1552
498,1493
497,1462
493,4586
489,3113
473,1933
467,1412
459,4533
452,2461
449,1540
449,1315
449,1095
449,2770
446,2735
446,1472
446,1015
446,2700
443,1883
440,1191
434,1190
424,1185
412,1181
397,2689
389,2660
374,1856
367,1154
359,1141
356,3913
350,3753
347,2881
344,1476
338,1247
330,3849
325,3670
319,1545
316,3770
308,2227
295,3734
289,2517
281,1528
272,3595
270,3588
260,1798
654,1519
623,2149
606,1706
653,1917
634,5455
633,2501
630,1748
623,1682
608,1608
595,7265
588,3727
633,2680
628,1781
628,1972
628,7807
712,3223
710,2323
710,1592
720,1782
718,7657
715,3167
710,2643
701,1560
681,1721
665,7294
685,2821
694,2001
678,4991
661,2466
644,4936
637,2434
624,1794
622,1652
619,5951
601,2785
587,1960
573,4138
565,4148
552,3691
537,1943
531,4307
515,2483
500,1786
489,1759
482,1787
548,1736
528,5108
505,2427
491,1381
506,4266
498,2328
497,1452
496,1237
489,1251
476,1241
465,1246
459,1203
453,1315
450,4429
449,4009
449,1894
449,1348
446,1301
446,4256
446,3380
446,2787
444,3115
441,1496
437,4198
430,2252
415,1338
402,3174
392,2270
378,1304
371,3202
362,1685
357,2254
351,1674
349,1356
345,3039
343,2051
333,3077
327,1533
324,1061
314,1050
304,3033
293,2942
283,1620
274,2129
270,2893
263,1523
259,2872
648,1488
618,1675
603,1691
651,1500
634,1535
634,1583
631,6178
626,3302
611,2245
593,1568
584,5979
635,3189
628,2034
628,1532
628,5880
712,3429
712,2149
710,1498
720,1503
720,5822
717,3261
713,2200
705,1497
692,4401
672,2734
694,1675
705,1676
680,5560
670,2939
649,1998
640,3997
627,2062
622,1557
619,5064
609,2855
593,1843
579,3726
563,3693
550,3472
542,1871
526,1572
504,4461
489,3166
485,3826
476,2895
540,1407
517,1348
500,1455
483,1329
511,3692
498,4468
498,1794
495,3693
490,1525
475,1140
467,3481
458,3418
453,1472
449,1074
449,3223
449,2604
449,1193
449,1061
446,1057
446,3253
446,4028
446,1672
442,1057
439,1060
433,3290
422,3713
411,2446
394,1262
385,1099
371,3221
365,3142
359,1385
354,3090
350,1978
346,1134
344,1143
335,2988
328,2978
321,1585
311,1100
304,2935
287,2912
276,1531
270,1057
263,2731
261,2751
255,1815
630,1593
608,1746
665,1717
650,1719
635,1677
634,3795
632,2264
626,1791
610,6462
592,3437
637,2334
628,1627
628,6321
628,3657
628,2311
712,1617
712,1537
710,6247
720,3662
720,2361
718,1653
715,1554
708,1543
698,6104
677,3638
732,2141
709,3144
688,1751
674,1340
654,4749
644,2491
634,1724
624,3365
622,1967
617,1281
596,4224
578,2525
558,2857
537,2426
536,1570
518,4037
494,2161
485,1461
478,1273
547,1242
526,3849
510,2639
484,1508
521,1183
506,1173
499,3566
496,3172
495,1572
488,1158
477,1148
464,1157
457,1129
449,1262
449,1253
449,1288
449,1533
449,1508
449,1532
446,1493
446,1525
446,2123
446,1939
442,2102
440,2077
433,4548
423,2782
411,1724
395,1396
386,4304
371,2900
366,1603
359,3720
354,2577
350,1487
347,1522
344,1531
335,1468
326,1475
319,1484
308,1456
303,1503
282,3621
274,3370
267,2362
262,1430
258,3386
249,3419
618,1455
593,2093
659,1638
646,1591
635,3560
633,2020
632,1592
619,1495
602,1522
587,6723
635,3582
628,2291
628,1538
628,6582
712,3011
712,1814
712,1466
710,1581
720,6763
720,2841
717,1980
713,1470
706,1444
695,1508
676,6447
722,3086
706,1930
681,3972
670,2088
650,1392
640,5090
627,2409
622,1621
619,1114
609,1102
593,1203
570,4669
548,2761
535,1671
532,1081
506,1001
490,935
483,3739
477,2834
541,1667
523,1112
501,1081
488,988
515,3192
503,2362
498,1326
496,1019
494,1011
482,998
468,3095
460,2590
455,1319
449,963
449,965
449,967
449,963
449,936
446,906
446,859
446,899
446,914
444,1019
441,1058
437,1025
430,1107
415,1121
401,1109
391,1132
378,1120
369,1118
361,1102
356,1352
350,1087
349,826
345,987
342,1094
331,1109
323,932
312,652
304,582
292,2241
275,2227
271,1539
263,970
261,964
255,976
245,911
602,1440
595,1845
653,1504
641,1465
633,1520
632,3324
627,1977
614,1850
593,1816
580,1865
628,1806
628,1718
628,1754
628,1674
712,1696
712,1810
710,1704
720,2142
720,1748
720,1664
715,2485
711,1688
703,1657
685,2189
711,1679
714,1576
696,2180
680,1590
666,1573
645,1529
637,1656
625,2060
623,2101
619,1956
604,1952
579,2007
554,1929
538,1896
517,1926
513,1845
495,1789
483,1815
477,1721
464,1793
521,1685
506,1631
483,1689
480,1624
510,1605
502,1612
496,1570
495,1587
487,1635
475,1554
462,1532
450,1521
449,1509
449,1488
449,1429
449,1448
449,1416
449,1386
446,1376
446,1385
446,1382
446,1392
443,1362
441,1362
436,1351
428,1314
415,1330
399,1275
391,1277
376,1414
369,1437
359,1372
356,1386
350,1355
349,1358
345,1331
340,1323
327,1247
315,1418
309,1427
295,1368
282,1382
273,1358
263,1303
261,1297
253,1279
247,1245
235,1261
591,1526
586,2123
652,1759
640,1727
633,1741
628,1745
619,1721
603,1682
589,1664
627,1745
628,1718
628,1784
628,1673
628,1661
712,1715
712,1756
710,1658
720,1686
720,1737
719,1678
715,1683
711,1798
701,1674
681,1647
708,1650
712,1610
691,1534
676,1483
659,1617
644,1578
636,1611
624,1495
622,1517
618,1433
595,1427
573,1549
545,1393
529,1374
523,1368
506,1331
490,1395
478,1366
467,1349
454,1482
515,1653
490,1512
483,1457
514,1459
505,1442
497,1376
496,1413
492,1383
482,1338
470,1403
461,1384
450,1412
450,1367
450,1339
450,1301
450,1326
450,1301
450,1299
447,1228
448,1210
448,1209
448,1201
444,1186
441,1203
435,1179
424,1158
413,1183
396,1119
386,1094
373,1187
367,1185
361,1228
356,1179
352,1150
348,1120
345,1131
332,1127
320,1095
313,1089
305,1060
287,1066
274,1203
268,1375
262,1326
256,1337
250,1337
242,1327
232,1363
586,1435
654,2126
646,1594
633,1469
633,1640
623,1628
606,1672
592,1848
582,1796
628,1823
628,1730
628,1846
628,1786
628,1732
712,1705
712,1704
710,1756
720,1875
720,1911
717,1870
713,1872
705,7003
692,3160
670,2205
721,1484
704,1571
681,1666
669,1509
647,1511
640,1636
626,5844
622,3342
619,2209
609,1383
584,1249
556,1571
539,1370
519,1344
513,1315
496,1362
484,1337
477,1455
464,1566
525,1554
506,1536
485,1481
477,1454
512,1468
503,1437
496,1424
496,1445
487,1410
475,1140
464,1031
456,962
450,1006
450,1309
450,1327
450,3207
450,2942
450,1323
447,908
447,894
448,888
448,2771
446,2625
443,1216
439,879
432,882
417,896
403,883
393,990
380,981
371,969
363,1076
358,2726
352,615
351,609
347,704
344,953
328,1291
318,1281
310,1281
298,1287
284,1282
273,1220
264,1225
262,1222
256,1215
248,1198
241,1200
231,1215
589,1570
650,2010
641,1798
633,1691
632,1982
621,1749
603,1787
589,1658
575,7263
628,4139
628,2636
628,1687
628,1568
712,1729
712,1719
710,1670
720,1721
720,7369
718,3403
715,2538
709,1681
699,1719
678,6971
707,3099
711,2156
690,1436
674,4578
655,2599
644,1621
634,5712
624,2351
621,3336
616,1753
596,1395
571,1354
546,1333
533,1348
511,5012
555,3390
540,1884
524,2533
522,1461
506,1220
562,1225
539,4079
521,3120
516,1700
541,1283
532,1210
530,1901
529,1176
516,1170
500,1185
487,1136
483,1598
478,2188
478,2194
478,2165
478,2198
506,1703
503,1999
503,1593
504,1592
504,1582
501,1560
499,1570
492,1564
481,1540
468,1562
451,1564
439,1550
423,1531
412,1475
403,2979
396,2912
389,1271
385,2798
383,1833
370,1900
361,1399
353,1126
341,1103
331,1101
314,2322
300,2329
296,1563
293,990
287,2319
277,2242
266,1662
253,1191
246,2060
574,1548
644,1730
643,1735
636,1795
627,1705
608,1738
597,1818
588,6787
581,3818
635,2468
635,1659
635,1694
635,6489
717,3490
717,2341
717,1648
724,1676
718,1826
711,6428
696,3787
674,2367
656,3799
638,2020
660,1605
671,1551
651,1512
642,1522
630,1444
627,1414
623,5503
605,3680
592,2214
577,1427
569,1334
557,1279
553,1310
533,1250
580,1228
572,1331
565,1328
547,1442
531,1408
518,1381
576,4562
557,3092
533,1851
512,1207
536,1094
528,1056
522,1067
509,4060
499,3731
488,1660
483,2899
480,1670
481,1227
479,3799
479,2075
476,1279
504,3495
504,1940
503,2607
500,1318
496,2571
488,1888
473,1275
460,3171
447,1686
429,1143
419,3005
407,2131
400,1123
392,961
390,943
386,2923
382,2837
371,1247
361,1053
357,2734
349,2764
342,1197
334,2587
329,1789
328,1174
328,1102
323,1113
316,1139
311,1100
296,2567
280,2361
274,1608
261,1217
696,1708
663,1772
646,1766
631,4396
614,2218
605,7469
595,3475
587,4743
639,2654
639,6016
639,3227
635,6873
633,3279
717,2136
717,7828
715,2911
722,3129
715,2746
706,2843
685,2665
669,2084
648,1976
632,1658
653,1677
661,6677
649,3017
639,2029
629,1353
626,4666
622,2860
603,1533
589,3886
576,2299
567,1587
557,3598
553,2708
542,1531
599,3426
592,3423
581,1710
569,1314
556,1333
533,1292
586,1241
566,4115
553,3993
574,1856
548,2940
533,1472
524,3672
509,2469
502,1733
494,4802
484,2288
481,3296
481,1659
479,1514
479,1513
476,1501
504,1469
504,1466
504,1499
502,1467
499,1513
493,1459
481,1466
468,1473
450,1448
437,1633
424,1602
413,1577
404,1539
397,1550
391,4419
388,4002
385,2376
374,1367
363,1305
357,1282
352,1287
344,4247
336,4176
332,2139
328,1700
328,1738
323,4051
317,4085
311,1704
296,3964
280,3891
274,1675
261,3796
693,1806
665,2261
646,2214
627,1938
610,1925
603,1970
594,1917
583,6810
639,4553
639,2755
639,1833
633,2206
717,6606
717,3669
717,2602
713,1829
718,1981
711,6544
693,3660
674,2489
652,3793
637,2178
620,1705
671,6028
649,3387
642,2027
629,1578
627,1575
622,5733
604,3960
591,2432
576,4592
567,4262
557,2241
553,1562
540,1530
535,5702
599,3231
596,2072
584,1441
565,1411
545,5684
599,3439
566,1892
551,1441
543,1489
601,1712
578,1761
560,1676
543,1644
534,1616
525,1570
516,1475
515,1470
551,1513
551,1473
548,1490
546,1499
574,1464
574,1474
569,1452
568,5231
561,2503
547,1562
531,1072
513,1217
504,1201
485,4832
475,3162
464,863
459,4086
451,4287
448,1911
445,1065
435,1069
424,3265
418,3259
412,1368
406,2291
396,1699
392,2979
388,1607
388,1109
387,1095
382,1092
374,4279
355,3928
341,2241
323,1285
308,1254
301,1290
293,3148
692,1806
659,2430
632,1959
623,2065
614,2076
603,5636
602,2985
602,2199
659,7659
657,3236
653,4918
653,2485
737,2231
731,8361
727,3166
729,2368
709,1847
688,2070
667,1963
653,7728
636,3761
623,2644
638,4149
657,5197
644,2733
643,1815
639,7219
621,3165
607,2110
592,1568
583,6745
573,3008
569,4401
558,2195
551,1541
551,6364
551,2814
611,1877
600,1369
581,1503
549,1424
531,5817
580,3440
556,1997
543,1408
544,1378
604,1339
568,5281
553,3041
537,1791
529,1240
525,1137
525,1163
525,4447
561,2727
558,1661
558,1125
556,1176
582,1214
578,4265
571,2612
563,1610
546,1176
527,1018
514,4079
496,3141
487,1694
476,2996
469,1744
459,1253
457,3831
453,2426
451,2764
438,2842
428,1675
422,1193
416,1165
409,1194
400,3614
396,3563
395,1486
395,1107
393,1092
389,1106
382,1095
362,1142
348,1221
333,1332
319,1369
303,1503
299,1475
296,1468
682,1847
653,2417
631,1998
612,5510
606,2840
606,2134
606,8508
606,3944
661,2591
661,5492
661,3000
655,2311
734,2284
728,2228
717,8234
704,3786
686,2792
666,5170
648,2856
631,5552
615,2732
605,1745
628,1570
646,1623
643,1526
639,1526
618,1636
601,1541
591,1525
584,1641
574,1625
570,6239
558,3503
553,2257
553,1529
552,1474
613,6013
607,2777
591,1864
567,2771
538,1889
519,4759
575,2847
545,2772
539,1768
612,3450
596,2193
575,3322
547,1981
532,4046
526,2112
526,1280
526,3939
562,2661
559,2634
559,1406
559,1222
555,1203
579,3587
573,2530
564,1607
547,2711
535,1266
516,894
503,895
489,889
479,872
471,881
463,871
457,958
453,996
451,1179
437,1217
429,1166
423,1135
418,1134
410,1115
403,2779
399,2707
395,1390
395,1025
394,2680
392,2166
387,2734
378,2072
361,1281
347,1060
333,1075
321,2723
306,2718
298,1420
297,994
685,1693
663,1764
633,1766
613,1801
606,1758
606,1819
606,1870
663,1761
661,1757
661,1858
661,2014
655,1939
733,1942
726,7130
714,4049
701,2500
684,1868
662,1567
642,6259
627,3483
614,2252
605,3357
654,1968
646,5711
642,2977
637,2015
615,1443
601,5510
589,3385
584,1999
572,1514
565,1506
558,1489
553,2383
553,1335
552,1450
613,1515
607,1452
593,1352
573,1195
550,1222
600,1175
583,1223
559,1238
541,1459
614,1574
600,5228
580,3064
553,1866
539,1260
528,4592
527,2793
527,3076
563,1538
560,1277
560,1347
560,1323
586,1279
580,4485
574,2803
565,1828
550,2843
536,3313
518,1659
505,1290
493,4310
481,2713
472,1526
466,3096
458,2335
455,1570
452,1348
442,4053
433,2648
425,1647
419,2499
414,1464
410,3178
401,2198
397,1172
397,1171
397,1175
394,3111
390,3144
382,1682
368,2380
361,1758
342,3086
333,2111
316,3060
305,3089
299,2287
695,1927
680,2195
655,2146
623,4546
611,2652
607,2088
607,2075
664,7897
662,4195
662,2954
662,5142
744,2842
735,7910
729,3430
728,2284
705,7604
687,3228
667,2109
649,1728
632,6937
616,3774
640,2470
656,4219
647,2299
645,1680
639,6233
619,3434
602,2147
590,1510
585,5806
573,3149
566,2051
559,1407
554,5377
554,2985
553,1915
614,1553
606,1576
592,1545
576,1540
551,1521
600,5223
582,3612
560,2297
549,1465
608,1324
597,1293
587,4835
558,3277
537,1981
529,1253
528,4304
528,2679
561,1468
561,4065
561,2374
561,2576
585,3022
579,1512
572,1169
558,3933
542,2683
523,1567
515,2748
497,1663
488,3515
473,1872
468,3408
459,1741
458,1104
453,1093
446,3175
436,3079
426,2265
420,1402
416,1376
411,1391
402,1345
398,1327
398,2851
398,2866
395,2859
390,1258
381,2801
369,1931
357,2768
342,2034
332,2013
318,1515
305,1170
299,1168
290,1174
677,1702
653,2019
620,2043
612,4108
608,2398
608,7403
606,3473
663,4492
663,2542
663,7344
659,3238
733,2166
725,2003
708,6966
693,3612
674,2519
657,1673
639,1637
625,1819
608,1600
600,6181
622,3921
646,2377
642,1682
625,1538
611,1525
596,5697
588,3817
576,2324
573,1546
562,1402
555,5330
555,3283
555,3875
551,2021
546,1585
596,5261
580,2846
564,1736
547,3901
519,2351
577,5068
564,2738
540,1627
529,1301
592,4835
580,3265
560,1836
537,3402
532,2082
529,4471
529,2474
526,3324
562,1766
562,1292
559,1294
556,1268
573,4300
562,4016
543,1655
528,2051
517,2078
500,1233
489,1058
476,1037
469,2650
460,2649
459,1176
455,844
448,2613
437,2676
428,1893
421,1181
416,1169
411,1174
403,1150
399,1121
399,1113
399,1138
396,1153
391,2878
382,2938
368,1201
361,800
353,827
344,728
330,758
321,836
309,2714
293,2619
290,1824
285,1142
653,1604
628,2134
618,1944
610,1721
607,5019
607,2605
663,1925
664,1808
658,1835
655,1879
647,2162
707,1929
684,1726
662,1659
657,1616
639,1720
626,1689
608,1657
601,1804
590,1737
588,1958
616,1771
625,1729
612,1706
596,1677
587,1628
577,1603
573,1750
560,1742
556,1656
556,1634
556,1622
552,1611
547,1612
533,1617
581,1572
566,1571
554,1558
541,1561
524,1714
506,1673
565,4868
538,3614
515,2020
585,1341
576,1310
565,1309
544,1281
538,1389
531,1356
527,1343
527,1476
563,4148
560,3855
555,1847
548,1328
537,1286
543,1270
526,3674
516,4049
501,3704
490,2296
475,1388
470,945
461,1329
460,3557
456,3033
449,3228
438,1384
429,1008
425,1117
417,1032
412,4490
404,2364
399,2610
400,1284
400,1026
398,4119
393,2575
385,1886
373,1264
368,1424
357,3116
354,2076
346,1632
338,984
327,3179
318,2537
303,1039
290,3260
283,2082
281,1133
654,1656
632,2122
620,2026
609,2412
608,1830
608,2427
663,5553
658,3670
653,4994
643,2448
702,1702
681,5714
660,1828
644,7157
635,5306
619,2797
609,2148
600,5642
591,5226
588,4744
583,2550
623,1956
610,6699
596,3081
588,1930
577,1550
573,6960
561,3334
556,3701
557,3125
557,4769
553,2804
548,1567
534,6198
519,2627
566,3202
554,1736
545,1594
532,1406
520,5699
573,3582
553,1968
532,1380
508,1395
578,1443
573,1291
563,1347
542,5314
538,3450
527,1775
527,1234
527,1622
561,1214
557,4927
551,2246
542,1624
552,1108
538,1257
519,1184
506,4703
493,2426
483,1567
475,1089
467,4023
461,2708
457,2978
454,1406
441,2979
433,2207
427,2955
422,2912
414,2881
407,1280
403,1184
399,4276
400,2546
398,1341
396,1163
392,3673
382,2780
370,1344
362,1031
355,1020
351,3550
346,2453
339,3005
327,2613
314,2587
304,3363
291,3289
282,3117
281,1643
654,1833
639,2310
622,2145
612,1973
608,2016
608,5173
661,2780
657,2056
650,7656
637,3783
692,2379
670,7191
653,3176
641,2143
630,7151
612,3110
606,2045
593,1696
589,1689
585,1664
607,1666
617,1666
602,1784
592,6633
584,4660
574,2801
565,1812
558,1838
556,1637
557,1953
555,1515
550,1609
541,1748
531,1724
516,6721
559,6015
549,2656
542,2356
535,1685
525,4967
576,3240
555,1798
538,1530
525,5720
578,3482
574,1857
572,1741
556,4969
537,2819
530,5709
527,4247
527,2005
559,2684
555,1685
548,4405
537,2327
545,1404
529,1196
517,4191
501,3081
491,1856
478,3252
471,3210
462,2705
460,1497
456,1278
454,3927
441,3274
432,2932
427,1435
419,3674
412,1987
405,3613
400,1686
400,1157
400,1118
398,3551
396,3445
391,1562
380,1318
370,1268
362,1280
355,1269
351,1237
346,3255
342,3264
336,1779
318,1195
311,3239
298,2237
283,1299
282,2982
659,1775
649,2121
638,1915
617,1929
609,1966
608,4421
663,2536
657,1942
653,1935
640,1898
700,1944
683,2123
657,2141
649,2198
635,2055
619,2096
609,2000
600,2191
591,2172
588,7966
615,4378
623,2985
610,1875
596,2045
588,7749
578,3610
574,2623
563,3565
557,2460
557,7324
557,3353
555,2186
548,5040
540,3283
584,5541
574,2812
559,7230
547,3211
540,1775
534,5953
596,3202
566,1963
552,1522
540,1521
598,5795
575,3767
573,2165
569,1573
554,1424
537,1357
530,5118
562,5064
563,2385
560,3905
557,1951
549,1393
569,1391
552,1352
536,1307
519,4212
503,3925
493,2003
483,3759
475,2030
467,1205
461,1163
458,3600
455,4401
445,3639
436,1850
428,3646
422,2722
417,1769
412,4650
405,2778
400,1518
400,1164
400,1189
398,4407
394,4102
387,1701
380,2935
369,2183
360,3852
355,1990
351,2858
344,2129
334,1668
325,3833
315,3786
300,1592
290,3780
665,1681
659,2367
648,1939
625,4551
620,2362
665,6658
665,3571
665,2451
663,8987
658,3361
739,2524
728,4709
710,5441
695,3006
673,2275
658,8558
641,3052
628,2266
612,6361
606,3286
652,6954
648,3463
644,4916
635,2779
619,6186
604,3515
592,2287
588,5863
578,3128
569,2201
562,7487
557,2851
557,1940
557,1556
617,1910
612,1895
603,1838
585,1848
576,1851
559,1815
625,7388
609,3773
588,2232
664,1659
640,1727
615,1668
595,6656
585,3196
576,2347
560,1366
542,1570
569,1538
566,6023
563,3057
563,1989
563,1341
591,5891
587,2392
583,1592
577,4378
566,2696
547,1719
533,1572
520,1528
507,1488
493,5852
484,3120
475,2192
470,2353
461,1712
460,1572
456,5133
451,2643
438,1737
432,1398
426,1392
420,1407
413,1389
406,973
402,1247
400,2088
400,2027
398,2030
396,3415
392,2335
382,1206
370,1106
363,1044
353,3117
343,3146
331,1611
322,1117
732,1948
697,2323
684,2148
673,2056
652,1999
682,2046
672,2006
668,2247
668,7958
749,4650
749,3163
749,5303
747,2920
752,2249
742,2244
730,2214
708,2206
690,2140
670,2157
652,2147
700,2114
681,2125
671,2054
660,2075
651,2045
648,2033
643,2024
624,2012
611,1961
597,1964
589,2090
578,2077
574,2046
562,2028
621,7365
621,3964
621,2368
617,1783
612,1848
688,7620
665,2941
652,2144
637,5411
700,2784
673,1880
659,7126
639,2865
611,1996
599,5179
588,2636
567,5395
578,1229
569,1275
566,1199
566,4338
591,4130
591,1817
591,1225
591,3979
587,2175
582,1318
573,1048
556,4016
542,2682
523,1356
515,1025
497,1000
486,1024
475,1016
470,1091
461,1198
458,1206
455,1222
448,1204
439,1167
429,1181
423,1177
418,1183
413,3443
405,3348
400,1708
400,1212
400,3207
397,2177
393,1187
384,1177
372,1147
364,1122
355,2985
345,3003
331,1667
322,1523
729,1908
694,2136
684,2170
673,4981
651,2713
682,2042
672,2098
668,2478
668,2089
749,1920
749,2114
749,1867
757,7513
751,4082
742,2739
728,2011
705,1857
688,1826
666,1826
686,7009
696,3791
679,2502
670,1705
659,1591
651,6453
646,3354
641,2303
620,4675
606,2367
594,6018
589,2705
576,1680
569,1851
562,6849
621,3095
621,2114
620,1478
617,1817
611,1653
681,5772
662,3377
644,2040
628,1458
687,1312
669,1494
652,1533
625,1305
603,4855
593,3615
581,2045
561,1279
575,1142
569,1136
566,1127
566,1223
591,1319
591,1295
591,1240
589,1264
586,1242
576,1056
568,1165
550,1158
532,1104
519,4145
501,3919
492,1904
481,1195
473,1034
463,982
460,912
456,934
454,981
442,974
433,1133
428,1152
423,1242
415,1181
408,1128
402,1103
400,1062
400,1076
398,1067
396,1045
391,1049
380,1033
370,854
360,843
350,936
337,954
325,945
313,959
707,1780
687,2088
681,1926
661,1859
627,1836
677,1842
669,6878
668,3624
665,2488
749,1726
749,1678
749,1666
753,1660
749,1652
737,1672
717,6555
695,4027
672,2450
656,1813
678,1594
690,1558
670,1514
663,6027
651,3671
648,2242
644,1577
625,1883
611,1468
597,1492
589,1584
578,5503
574,4094
562,2373
621,1540
621,1376
620,1471
617,1480
611,1301
597,1430
663,1525
645,1652
622,1649
695,1666
672,1661
654,1642
625,1591
603,1595
594,1573
584,1527
560,1533
576,1476
569,1416
566,1385
563,1388
563,1356
591,1382
591,1359
587,1355
584,1332
575,1306
559,1296
544,1287
524,1413
515,1384
499,1393
486,1361
475,1358
470,1339
461,1427
458,1432
455,1438
445,1424
436,1428
429,1371
423,1358
417,1351
408,1355
404,1366
400,1340
400,1323
399,1327
397,1340
392,1330
382,1531
370,1892
362,1519
355,1237
346,1152
330,1154
323,1180
311,1109
295,1151
682,1853
672,2396
649,2052
625,1941
676,1967
668,2072
665,1985
665,2375
665,9585
749,4289
743,2856
739,2288
737,2364
717,2380
695,2426
673,2467
658,2357
640,2320
627,2310
670,2243
662,2241
651,2268
649,2173
645,2258
627,2205
613,2203
597,2239
589,2139
579,2111
575,2104
564,2191
557,2149
557,2126
621,2185
617,2097
612,2169
597,2149
581,2052
645,2067
636,2066
612,1981
588,1923
665,1928
646,1914
617,1911
594,1853
586,1826
574,1841
558,1813
539,1743
569,1745
566,1701
563,1684
563,1252
591,1639
589,1263
585,1500
578,1879
568,1888
551,1909
537,1866
519,1819
501,1732
492,1721
481,1710
473,1670
463,1653
460,1610
456,1611
454,1590
441,1558
433,1557
427,1566
423,1545
415,1531
408,1475
402,1447
400,1439
400,1426
398,1444
396,1427
391,1420
380,1397
370,1383
360,1379
353,1422
345,1409
329,1398
323,1412
310,1589
295,1337
292,1355
672,1826
648,2449
625,1920
615,1894
668,1914
665,1987
665,1993
665,1966
749,2548
745,2188
739,2203
737,2009
722,2220
696,1793
680,1758
661,1748
641,1707
628,2074
646,1821
663,1656
652,1594
649,1560
645,1750
632,1900
614,1422
600,1448
590,1386
583,1603
575,1818
565,1751
558,1798
557,1846
557,1755
619,1733
613,1799
604,1778
585,1786
574,1733
638,1712
614,1604
590,1672
583,1568
651,1714
621,1719
600,1415
588,1361
576,1381
558,1411
540,1344
533,1442
566,5283
563,3477
563,1907
563,1262
589,1133
586,1255
579,1233
570,1157
553,1267
539,1291
521,1193
508,1325
493,1399
483,1359
475,1492
467,1484
461,1488
457,1418
454,1426
441,1427
433,1417
427,1416
423,1378
415,1386
408,1329
402,1321
400,1477
400,1479
398,1480
396,1489
391,1497
380,1395
369,1321
360,1579
355,1312
346,1345
330,1312
323,3137
311,3221
295,1636
290,1120
285,1139
649,1775
625,2061
619,1965
611,2031
665,1934
665,2011
665,2007
665,7756
743,4382
739,2875
731,2007
718,2249
695,2031
674,2122
658,2264
641,2007
627,1873
611,1825
636,1770
651,1907
648,1856
645,1817
632,1821
614,1763
600,1724
590,1906
584,1787
575,1817
565,1722
559,5961
557,4576
557,2591
555,1675
613,1544
604,1709
587,1466
576,1534
559,2639
618,2564
597,2593
581,2472
576,2544
626,2712
601,2331
591,1310
579,1477
561,2113
542,3373
533,3003
530,1684
563,1292
563,1294
563,3758
563,3050
587,1682
583,1072
574,1052
560,1022
544,1019
527,1027
517,1137
501,1221
490,1252
477,1219
471,3132
461,3065
460,1683
456,1005
452,942
439,2911
431,2230
425,1306
420,1266
413,1273
406,2855
401,2806
400,1361
400,1425
398,1378
395,4803
389,2492
380,1193
368,2743
359,1906
352,1143
339,1134
327,1181
316,2497
306,2564
294,1759
291,1066
285,2361
644,1633
621,2288
615,1778
668,1737
665,1905
665,4688
665,2475
665,2174
745,8114
739,3106
727,2306
722,5915
697,3071
680,5256
661,2846
641,2109
630,7766
612,3287
639,5162
652,2542
648,1713
645,1673
635,1650
619,1666
602,1545
592,1588
588,1744
576,1881
569,1938
560,1893
557,1724
557,1789
619,1738
615,1808
609,1590
594,1548
580,1687
562,1641
619,5097
593,3385
576,1137
647,1155
616,4666
602,4075
593,1891
580,1230
554,1163
538,1051
531,1056
566,1119
566,4118
563,3950
563,2093
563,1269
589,3950
585,2413
576,1448
569,3906
551,2031
539,1225
520,3686
508,2466
493,2426
484,2832
475,1654
467,1360
461,3428
458,2370
455,2585
444,1538
433,1292
428,3441
423,2289
417,1421
413,2474
404,1748
400,3100
400,1670
400,1347
397,1345
393,1378
384,3057
372,3082
366,1643
352,2947
340,2110
327,1294
314,1256
304,1232
299,1275
293,2851
282,2835
631,1706
620,1913
612,1912
668,1832
668,2086
665,1954
665,1895
749,2103
747,2341
742,2037
734,2000
733,2304
710,1891
692,2116
671,6295
654,4425
637,2763
623,1828
670,1721
661,6176
651,3596
648,2225
644,1547
627,5418
613,3100
598,1887
589,1453
579,5583
575,3129
564,2027
558,1539
557,5333
621,3708
619,2116
613,4059
604,2081
585,1561
648,1545
625,5227
594,2949
577,1845
645,4947
625,2158
608,4782
598,2143
578,1402
548,1233
533,1197
530,1189
566,1278
566,1364
563,1441
563,1680
591,1681
591,1670
585,1627
582,1622
575,4337
563,3380
544,1882
529,1222
518,1223
501,4098
492,2825
478,1497
473,1268
462,1247
460,3801
456,3812
454,1866
441,3744
432,2020
428,1355
423,1310
415,1292
408,3367
402,3312
400,1415
400,2441
398,1837
396,1627
392,1477
382,3039
367,2058
353,1255
339,1200
327,2683
312,2368
304,1557
302,988
296,978
285,2198
636,1604
620,1844
611,1582
668,1616
668,1675
668,1580
665,1643
749,1539
749,5708
743,3492
748,2232
742,3532
730,2122
708,1677
690,6271
670,3233
652,1980
673,1566
680,1577
670,1562
660,1541
651,5791
648,3885
643,2293
624,3655
610,1938
597,1460
589,1466
578,1439
574,1456
562,1427
557,5226
621,4988
621,2318
617,1548
612,1452
596,1745
654,1294
621,1235
601,5708
582,3355
633,2099
625,1351
618,1284
601,1302
574,1244
551,1160
535,1264
530,1246
566,1312
566,1357
566,1329
563,4831
591,2962
591,1870
587,1232
585,1098
579,1102
571,1091
554,1177
540,1293
522,1339
512,4214
497,4493
484,2041
475,1209
469,3571
461,2916
458,1291
455,948
445,988
437,3272
429,4160
423,1581
417,2303
413,1694
404,1330
400,2623
400,1883
400,2647
397,2015
393,1214
383,997
367,2286
349,2316
338,1205
323,1004
309,978
304,978
302,2241
290,2337
277,1577
633,1670
617,2142
611,1760
668,1791
668,1714
668,1784
665,6506
749,3580
749,2462
743,1771
748,1987
742,2112
730,8002
708,3764
690,2835
670,1835
652,1940
673,1993
680,1885
670,1872
660,1954
651,1903
648,1898
643,1864
624,7254
611,3702
597,2613
589,1611
578,1741
574,2068
562,6670
621,3836
621,2311
621,1614
617,1734
612,1929
594,1693
647,6555
622,3909
599,2632
577,1496
630,4552
625,2405
620,5983
593,2798
567,1629
546,1275
534,4887
565,3493
566,1737
566,1285
566,1274
563,1218
591,1180
589,1148
587,4213
585,3821
581,1772
572,1091
555,945
541,986
523,3824
512,3195
497,1696
486,1023
475,975
470,3395
461,3350
458,2539
455,1325
447,1155
437,1107
429,1110
423,3189
417,3283
413,1703
404,1036
400,3144
400,2632
400,2405
397,1403
393,1182
380,1172
359,1166
346,1165
331,3014
319,2964
308,1579
303,1097
300,1118
288,2972
276,2900
628,1750
616,2474
668,1810
668,1878
668,5433
668,2980
665,2349
749,2305
745,2317
743,2326
748,2310
742,2320
731,2296
708,7818
690,4340
670,2646
652,5173
700,2835
681,5458
670,3013
660,2145
651,7162
648,3461
643,2219
624,6066
611,3324
597,2278
589,6939
578,3325
575,2124
562,5310
621,3196
621,5678
621,2839
617,5599
609,3041
589,6202
637,2937
617,5082
588,4776
643,2486
629,1610
624,6085
610,2633
575,1670
561,3666
544,2457
534,3862
566,1969
566,1465
566,1451
566,1401
563,1389
591,1352
589,1372
587,4760
585,3286
581,1793
572,1185
556,1049
541,1058
523,998
512,1021
497,1090
486,1193
475,1197
470,1329
461,1247
458,3449
455,3184
447,1444
437,2453
429,1810
423,1373
418,1367
413,1312
404,2774
400,2720
400,1197
400,2694
397,1879
393,2029
379,1479
358,2334
345,1606
328,1672
317,2191
308,1507
304,2161
298,1490
281,2138
275,1980
627,1498
616,1899
668,1640
668,1695
668,1639
668,1684
749,6773
749,3497
745,2435
743,1690
748,6544
742,3371
730,2319
708,4814
689,2479
667,4717
650,2451
700,6062
680,2666
671,1732
659,1650
651,5689
648,3044
642,2114
622,1462
606,1406
594,1366
589,1420
578,1706
569,1623
562,6299
621,3571
621,2588
620,1472
617,1296
607,1367
671,1270
636,5912
610,3159
589,1934
641,1313
628,5331
622,2402
605,1466
571,1098
556,1057
541,1145
533,1046
566,1108
566,3916
566,3901
566,1845
591,1118
591,3898
589,2516
588,1246
584,1203
577,1987
569,1163
551,3549
539,2909
520,1600
503,2931
492,2664
481,2867
473,2727
463,2566
460,1365
457,1090
454,3306
441,2087
434,2358
428,2392
423,1416
415,3089
408,2038
402,1085
400,942
400,2934
398,2908
396,2183
390,1171
372,825
355,2256
342,2232
325,1167
314,948
308,951
303,943
294,951
277,902
271,911
623,1437
614,2094
668,1580
668,1824
668,1576
668,4598
749,2348
745,1678
745,1971
751,1859
745,1889
737,1798
722,1764
696,1825
680,1777
661,1688
680,1710
692,6195
673,3618
664,2690
653,4153
649,2153
645,5162
632,2496
615,1622
601,1468
591,5273
583,3026
575,3876
565,1928
558,1375
621,4700
621,1968
619,1162
613,1225
594,1309
648,1405
625,4483
598,3900
574,1857
630,1191
625,4187
620,2251
591,1320
565,1047
546,1054
534,3844
530,3703
566,1916
566,1228
566,3747
563,1993
591,3659
589,1615
587,1194
584,3623
578,2261
569,2329
551,3482
539,1490
520,1075
506,1079
493,1072
481,1054
473,1137
463,1116
460,3027
456,3024
454,1605
441,1086
433,2832
428,1937
423,1200
413,1047
406,1019
401,2655
400,2608
400,1994
398,1035
395,1037
387,2650
372,2613
358,1398
342,1148
329,2578
312,2525
306,1319
302,1084
299,2456
285,2393
271,1641
263,2287
611,1585
667,1835
668,1859
668,1803
665,1824
665,1764
749,5605
743,3614
738,2327
742,1659
731,2021
708,5924
690,3731
670,2299
650,1561
635,1506
653,1488
670,1448
658,1429
651,1497
648,1569
642,5463
622,3749
605,2286
594,3474
589,1797
578,5111
569,2756
562,1718
557,4816
621,2574
620,1572
617,4798
611,2527
595,1569
571,4577
623,2461
599,1486
578,1320
641,1297
624,1293
611,1283
600,1287
578,1244
551,1328
536,1326
530,4088
566,4047
566,2124
566,1312
563,4030
563,2417
591,1435
586,1228
581,4579
575,2528
564,3159
544,1567
529,1259
518,4214
501,2421
491,1384
477,1057
471,1036
461,989
460,3515
456,3227
451,1583
438,2218
429,2178
426,2212
420,1249
413,1054
405,2543
400,1758
400,2535
400,1152
398,803
393,2213
385,2167
372,1531
363,957
344,908
336,2126
320,2081
308,1072
303,894
296,902
291,2043
280,1977
265,1936
262,1021
611,1413
668,1895
668,1661
665,4754
665,2275
665,1810
747,7076
736,3048
729,2006
725,3437
700,2313
680,1813
663,1871
641,1801
630,1814
612,1698
663,1788
652,6562
649,3942
645,2369
632,1514
614,1830
598,6166
590,2845
582,1859
575,2826
564,2057
558,5342
557,2572
557,1507
617,3590
612,2625
597,1605
581,1514
564,1397
621,1407
595,5482
576,2814
561,1629
619,3230
603,1920
593,3771
580,1993
554,3141
538,1609
531,4524
530,2142
566,1347
563,4123
563,2706
563,1504
588,4573
583,2214
574,1361
565,4064
546,2700
530,1437
518,1045
501,1208
492,3988
478,3285
473,1794
462,1266
460,1256
456,1222
452,1171
441,1132
432,1108
427,1220
419,3188
413,3247
406,1360
401,915
400,914
400,2824
398,2772
395,1246
390,1053
380,2779
368,2441
359,1148
352,958
337,2457
327,2441
316,1807
306,1111
294,2287
289,2172
285,1066
273,892
264,1999
262,1962
611,1505
665,2044
665,1642
665,1520
665,1628
743,1640
739,5680
727,3327
720,1853
695,1988
678,1958
659,1642
641,6548
628,3694
611,2261
636,4412
651,4346
648,2057
645,1537
632,1542
614,5663
600,3427
590,2215
583,1475
575,1302
565,1310
559,5353
557,4275
557,2064
555,1451
613,1241
604,1251
587,1288
576,1385
558,1311
613,1282
593,1382
578,1348
571,1332
621,1388
599,4168
590,3220
576,1733
558,1120
540,976
533,3680
530,3208
563,1526
563,1025
563,1032
562,3482
586,3445
583,1493
573,969
559,830
542,3185
524,3966
515,2375
499,1176
490,1182
475,3176
470,2876
461,1295
460,965
456,2904
449,2060
438,1244
429,2151
425,1630
418,2134
413,2791
405,1488
400,898
400,883
400,2825
398,2727
393,2041
385,2098
373,1238
368,2648
358,1882
351,2657
333,1421
325,1020
315,973
302,988
294,1014
288,1119
280,1267
273,1256
264,1257
262,1272
611,1601
665,2331
665,1801
665,5537
663,2675
742,2152
738,7503
721,3439
708,2283
691,1810
670,2318
653,1955
637,1895
620,6746
609,4059
632,2917
650,1706
647,5300
643,3247
624,1929
610,1736
596,1548
588,6788
578,3923
574,2573
562,1575
557,1406
557,6330
557,3323
617,2069
612,3924
597,2223
581,6316
566,2669
552,1667
611,1354
585,5117
572,3430
565,1965
608,1399
597,4931
586,2899
574,2277
555,1383
538,1249
531,1195
530,1169
563,1147
563,1224
563,1219
561,1261
585,3829
579,3631
568,1536
551,2402
539,1167
520,2651
506,1825
493,988
483,762
473,2647
467,2671
461,1307
457,1999
454,1191
441,963
433,1002
427,989
422,975
415,1227
408,1806
402,1776
400,1784
400,1777
398,1333
396,1362
392,2318
380,1645
370,1045
362,2326
355,2273
346,1229
332,2224
323,1508
311,2093
295,1474
292,1134
287,1152
277,2094
265,2098
264,1427
261,1505
665,1470
665,1668
665,1699
665,1750
659,1683
739,4118
731,2195
709,1724
695,1820
676,1574
658,1551
641,1513
627,5985
610,4510
602,2550
624,1611
648,1422
644,5642
627,3013
613,2061
598,1401
588,1407
578,5370
575,3373
564,1880
557,1437
557,4881
557,3056
553,3561
612,1871
598,1317
581,1303
566,1245
558,1261
541,1242
599,1217
579,1307
566,1452
625,1387
597,1494
587,1529
576,1475
563,1494
543,1472
538,4263
531,3573
563,1811
563,1501
563,1660
560,3885
557,3889
576,1673
567,2791
544,1401
530,1230
518,1199
501,3454
490,3799
477,1545
471,1110
461,3300
460,2714
456,1205
449,3186
438,2698
429,2372
422,1403
417,3098
412,2042
404,2224
400,2779
400,1501
400,2762
397,1516
392,2821
383,1580
370,2729
363,1438
355,962
351,2611
346,2570
337,1148
326,2483
313,1664
301,1031
289,2174
282,2075
281,1116
279,2076
266,2053
261,1104
258,2027
665,1466
664,1858
658,1622
656,1663
729,1630
710,1580
688,1592
661,1666
656,1711
640,6519
623,3959
609,2450
602,3611
591,2167
588,1808
643,6936
625,3128
613,2139
597,1447
588,1547
578,5966
574,3457
563,4468
557,2101
557,1473
557,6440
553,2826
548,1827
535,3913
581,2626
568,4155
558,1970
547,1496
536,1473
605,1478
591,1494
560,4938
546,3529
608,2045
582,1296
574,1150
573,1152
565,1157
548,1191
535,1280
528,1420
563,1710
561,4001
557,3781
550,1737
570,1293
552,1279
540,1287
519,1230
501,1224
492,1201
481,1169
473,1214
463,1428
460,1428
456,3489
454,3490
441,1891
432,1153
427,1144
422,1137
412,1140
405,3336
400,3304
400,1673
400,1220
398,4725
395,4330
389,2511
380,1699
368,1732
358,1721
355,4692
349,4655
344,1995
342,1412
335,1443
319,1416
309,1389
296,1578
283,1912
282,2239
280,2265
276,2246
267,2191
261,2141
259,2095
663,1607
658,2123
654,1724
643,1724
702,1936
685,4450
662,2897
652,2208
635,7457
619,3116
609,5194
600,2430
591,5622
588,5194
615,2813
621,5484
605,5067
593,2613
588,5055
577,2540
568,6363
561,2680
557,4342
557,2327
556,1774
553,6019
547,2842
534,1800
518,1368
566,1538
553,1455
543,1466
536,1143
532,4115
595,4061
576,2028
552,1256
542,1035
606,1011
581,3818
573,2891
569,1654
561,1015
545,966
535,955
530,3258
560,3248
555,1755
548,1058
537,958
545,3097
529,3688
517,1736
501,1275
490,1249
477,4214
471,2639
461,1521
460,4095
456,2394
449,1401
438,1219
429,4114
425,2570
417,1381
412,1198
404,3877
399,3344
400,1614
400,3803
397,1986
393,2863
384,2138
372,3773
363,1902
357,1260
352,3722
346,3655
342,1633
341,3608
335,1879
327,1209
313,1219
303,1147
294,1099
286,1197
280,1371
277,1361
270,1331
266,1310
260,1290
257,1264
656,1506
648,1667
636,1597
612,1738
670,4699
653,2779
634,1744
627,5311
611,3156
603,2901
592,2876
589,2728
585,2741
575,2221
586,1951
598,1911
590,1926
578,1884
574,1899
563,1871
556,1832
556,1821
557,1822
553,1807
548,1787
535,1800
519,1733
507,1737
558,1745
547,1702
536,1705
532,1706
527,1714
515,1689
579,1727
559,2204
534,2141
611,2122
595,2164
574,2117
567,2112
558,2093
550,2026
542,2042
528,2026
556,1995
549,1970
539,1936
521,1904
503,1876
519,1794
501,1762
492,1217
478,1187
473,1130
462,1128
460,1118
456,1096
452,1203
439,1163
431,1161
425,1157
419,1140
412,1130
404,1063
399,1032
399,1045
399,1187
398,1175
393,1179
385,1142
372,996
366,1007
357,994
354,1007
346,1006
342,1027
341,1019
335,1028
330,959
327,989
315,990
306,1000
301,994
288,933
279,1096
273,1034
270,1028
263,990
258,1025
255,996
252,1188
634,1417
611,1536
594,1530
581,1425
634,1533
621,3347
606,1873
603,1442
593,1453
589,1425
585,4808
577,3876
565,2204
549,1446
590,1428
583,1428
574,1425
565,1420
558,1377
556,1370
556,1576
554,1576
550,1525
543,1532
531,1530
516,1512
502,1513
494,1490
543,1518
535,1499
532,1489
521,1466
511,1498
578,1467
563,1459
546,1412
529,1407
609,1403
586,1382
564,1303
558,1286
553,1331
541,1248
529,1234
520,1221
548,1208
539,1220
520,1226
503,1298
519,1191
501,1849
492,1287
478,1323
473,1316
462,1218
460,1287
456,1215
454,1217
441,1366
432,701
427,692
422,762
414,693
407,672
401,652
399,909
399,1360
397,1636
396,1598
392,1682
380,1642
370,1609
362,1703
355,1600
351,1613
346,1555
342,1565
340,1644
332,1572
330,1537
326,1547
315,1529
306,1525
301,1536
289,1510
279,1424
274,1404
270,1349
266,1355
259,1338
256,1331
253,1338
640,1467
620,1742
606,1649
658,1579
636,1569
624,1614
612,1754
609,5541
599,5202
591,2508
586,1672
581,1540
565,1452
578,1444
593,1410
588,1437
575,1510
568,1603
561,1594
556,1713
556,1723
555,1716
553,1823
547,1860
534,1822
518,1719
507,1723
496,1726
545,1679
536,1633
532,1565
526,1560
515,1700
578,1580
567,1519
550,1458
537,1444
610,1462
591,1512
570,1473
559,1386
553,1369
543,1383
531,1481
522,1344
551,1328
542,1302
527,1287
513,1248
521,1190
509,1174
496,1167
485,1178
475,1183
469,1157
461,1221
458,1244
455,1247
445,1207
434,1212
428,1223
422,1232
416,1232
412,1222
403,1293
399,1311
399,1345
399,1341
397,1288
393,1273
383,1284
372,1287
364,1265
357,1246
354,1227
346,1240
343,1219
341,1220
335,1231
332,1369
327,1386
316,1425
306,1305
301,1284
288,1262
280,1385
274,1428
270,1419
264,1419
259,1432
256,1938
254,1175
643,2315
623,2833
607,2323
662,1677
646,1732
630,1788
625,1632
609,1691
602,1718
591,1563
588,1455
584,1628
571,1494
583,1862
597,1434
588,1301
578,1942
574,1333
563,1258
556,1966
556,1328
557,1311
555,1964
548,1280
538,1169
520,1923
513,1186
501,1148
547,1644
536,1704
533,2521
531,2727
519,2742
583,2763
569,2694
552,2210
537,2185
610,2163
590,2158
570,2147
560,1931
555,1938
544,1949
532,1960
524,1949
555,1927
547,2002
533,1928
518,1870
525,1544
517,1571
499,1550
491,1580
475,1561
470,1545
461,1539
460,1582
456,1525
452,1534
438,1557
431,1530
425,1169
419,1028
412,1017
405,1060
400,979
399,695
400,797
398,609
395,867
390,798
380,604
369,598
360,593
355,573
351,571
344,581
342,572
340,560
332,1161
330,578
321,565
306,619
301,827
291,1316
281,2122
278,3323
273,3285
270,1490
262,816
259,779
256,872
651,1460
640,1677
620,1615
682,1666
658,1565
640,1477
633,1613
619,1518
609,1499
599,1569
591,1670
588,1609
583,1600
594,1569
606,1574
596,1583
588,1558
577,1553
573,1534
561,1549
556,1394
557,1932
557,2047
553,2021
548,2025
538,1977
519,2012
572,2040
559,1959
547,1954
536,1936
535,1894
531,1907
592,1944
581,1891
563,1863
626,1887
611,1838
595,4343
577,2256
569,1350
559,1202
551,1202
542,4029
569,2862
559,1611
555,1082
548,1075
537,1082
546,1050
530,978
518,991
502,1045
492,1038
478,1047
473,3201
462,3214
460,1608
456,975
454,3114
441,2202
433,1089
427,943
422,3036
414,2059
407,3042
403,1509
400,1078
400,1084
399,1090
397,1084
392,1078
383,1078
372,1062
363,1009
356,1017
352,1108
346,1093
342,1094
341,2553
335,2538
327,1319
313,1062
302,1050
291,1026
283,1006
281,1005
278,1005
269,1129
261,1122
261,1920
258,1152
658,1466
656,1702
645,1650
710,1626
688,1641
664,1595
658,1762
640,1587
627,1932
610,1607
602,1666
592,1573
589,1743
644,1712
630,5774
614,3663
600,2316
590,4205
583,2199
574,1654
564,1627
559,1602
557,5322
557,4026
555,2302
550,4048
543,2165
594,1606
579,1573
562,5145
551,3536
543,2236
610,1423
607,1296
590,1284
571,1286
639,4947
621,3868
595,1999
577,1315
573,1204
569,1202
554,4682
536,4049
566,1932
563,1269
561,1162
557,4327
578,2931
570,1804
552,1176
540,4052
520,2278
507,1404
493,1656
484,1544
475,1555
467,1464
461,4706
458,4059
455,3476
444,1774
433,1327
427,4692
422,3132
416,1727
410,4466
404,2761
400,3034
400,1889
399,1579
397,1486
392,1562
383,1550
372,1317
363,1491
356,1505
352,1475
346,4047
342,2677
338,1077
324,928
315,4089
301,4036
286,2985
282,3921
281,2052
277,3895
272,2632
261,1618
258,3645
258,3585
663,1615
658,1976
736,1811
724,1625
702,1687
693,8219
667,3190
649,1826
631,1923
619,2001
609,1919
599,1938
623,6553
645,3550
640,2650
619,1566
605,1775
593,1754
588,1742
575,1703
568,1868
562,1764
557,5642
557,4251
555,2470
551,1523
546,1666
594,1688
580,1666
564,1663
551,5879
543,2961
611,2000
604,1279
582,1400
563,1400
631,1398
606,1438
578,5415
574,2585
572,2223
558,1087
538,3630
535,2749
564,1811
563,1583
559,4812
555,2084
576,3120
564,1557
545,1194
530,1126
518,1075
501,1140
491,4358
477,2366
471,1717
462,1258
460,1232
456,4182
452,2694
438,1441
431,1257
425,1245
419,1218
412,1222
405,1215
401,1352
400,1455
400,3871
398,3647
394,2019
387,1367
375,1290
368,1328
358,1265
354,1382
349,1371
344,1337
340,1330
330,1375
317,1319
308,3353
292,3290
283,2083
282,1294
281,1256
272,3198
261,2987
259,1985
258,1522
258,1476
658,1446
656,2030
729,1852
711,1642
688,1632
672,1638
656,5527
640,3376
626,4386
609,2272
602,4887
591,2630
621,1857
644,1679
626,1918
613,5698
598,2983
590,1964
578,1396
574,6779
564,2698
558,1891
557,1329
557,1604
555,6587
548,2843
601,1833
582,4640
574,2561
559,1825
547,1842
536,6015
608,2501
598,1729
571,1234
561,1499
623,1489
594,1474
575,1436
574,5595
571,2869
556,2012
537,1190
565,1332
563,1304
561,1394
558,1313
554,1427
572,1573
555,1565
541,1721
522,1668
512,5006
497,2838
484,2017
475,1323
469,4699
461,2657
458,1559
455,4519
445,2599
436,1569
428,4666
422,2642
416,3300
412,2032
404,1387
400,1375
400,4360
400,3409
397,1766
393,1360
383,1347
372,4317
363,4326
357,1826
354,1290
346,1280
342,1287
339,4142
329,4250
317,2135
308,1429
291,4033
283,3911
282,2027
279,3766
272,2661
261,3747
260,2582
258,1598
258,1515
658,1548
653,2268
724,1749
702,1597
684,1908
672,5123
652,2592
635,2001
619,1773
609,7241
600,3276
591,2376
647,4239
642,2440
623,1661
610,1748
596,6220
588,3074
577,2102
573,1492
562,1509
557,5766
557,3253
557,4150
553,2104
548,1551
600,6110
581,2467
571,1577
558,3797
547,2348
536,3886
608,1918
601,1462
578,1485
645,1480
626,1428
599,4752
577,2745
574,1788
571,1168
558,4362
540,2257
571,2388
564,2993
561,2722
558,1489
555,1287
573,1236
557,1291
543,1254
524,3660
515,3454
499,1533
490,974
475,3511
470,2242
461,2481
460,1296
456,3354
451,2374
438,1203
429,1041
425,1007
419,1020
412,1008
405,955
401,982
400,1150
400,1139
398,2848
395,2870
387,1228
380,2173
368,1565
359,1224
355,1249
351,1258
344,2582
342,2565
337,1394
319,1938
313,1952
300,1453
286,1416
282,1440
281,2529
277,2531
271,1858
261,1110
259,2402
258,1667
663,1466
740,1884
734,1657
722,1607
699,1877
692,1864
666,4156
647,2377
631,7275
618,1795
609,1614
599,6764
650,3342
645,2009
642,1469
622,1480
605,1476
594,1470
588,1434
577,1559
574,1490
562,1532
557,1552
557,5368
557,3688
553,2132
612,2946
598,1816
581,1417
571,1394
558,1367
623,1322
612,1317
608,1342
603,1434
663,1446
640,1419
619,1404
593,1380
575,1340
573,4724
570,2866
554,1777
572,1168
566,1070
563,4205
563,2415
586,2930
583,1437
576,1157
565,3884
546,1935
529,1729
518,2308
501,1407
492,1084
478,3099
473,2089
462,1105
460,2243
456,2303
454,1403
441,3024
433,2040
427,2238
422,1327
415,2849
408,1590
404,1071
400,2815
400,2000
399,2809
397,1281
393,896
383,896
372,924
366,900
357,2782
354,2934
346,1244
341,1024
332,997
323,2794
312,2724
296,1203
284,918
282,897
281,2620
274,2468
265,1280
259,1093
258,2509
665,1496
749,1697
742,1703
739,1679
739,1683
721,6304
695,3047
673,2162
658,1949
640,1959
627,1891
644,6927
662,3533
651,2297
649,1620
645,6454
628,3129
614,4625
598,2404
591,1690
582,6159
575,2841
565,1923
558,4646
557,2858
557,4869
619,2432
613,1783
604,6437
585,2859
574,1986
638,1399
623,6038
612,2688
613,2333
687,6652
654,2501
635,1685
610,5702
583,2656
574,1700
573,6013
561,2560
579,1952
571,5722
564,2763
563,1743
589,5688
586,2256
582,1583
574,1101
558,1601
543,4388
523,2841
513,1930
497,1175
486,949
475,3964
470,1031
461,3875
458,5013
455,3660
447,2546
436,1235
428,1261
423,5245
418,3177
413,1968
404,1538
400,1549
400,4943
400,2970
397,1718
393,3636
384,2829
372,1866
363,1812
357,1847
354,1846
346,1784
342,1774
338,1738
325,1789
315,4818
302,4370
287,2263
282,1632
281,1633
279,1617
272,1848
261,1780
259,1743
665,1691
747,2193
741,1858
736,2201
732,1901
710,1966
693,8151
667,3206
649,2212
635,6437
619,3250
643,2253
658,7126
650,2971
648,1982
642,1562
622,1945
605,1899
594,1928
589,1837
578,1886
571,1983
562,1930
557,1951
557,1902
620,1930
617,1553
611,1504
597,1445
581,1358
566,1319
632,1290
621,4363
611,4286
706,2177
690,1371
662,4686
641,2377
618,1454
591,1206
575,1167
574,1209
605,4083
591,3509
572,1579
566,1032
563,3610
589,1892
586,1137
579,3621
573,1921
556,1138
541,946
522,945
511,928
496,3140
484,3068
475,1362
469,989
461,990
458,990
455,3104
445,2933
436,1283
428,941
423,916
417,2820
413,2862
404,1390
400,993
400,996
400,1020
397,2665
393,2674
384,1367
372,911
366,925
357,940
354,931
346,894
343,922
341,913
332,897
318,906
308,873
292,874
283,898
282,1034
280,1026
272,1075
261,978
261,976
666,1477
747,1642
742,1628
739,1726
737,1639
715,1687
698,1686
673,1690
656,1911
640,2007
626,2498
670,2477
662,2530
652,2578
649,2482
645,2504
630,2357
614,1613
598,1470
591,1401
583,6229
575,3385
565,2172
559,1520
557,1444
621,5951
619,2718
614,1928
604,1356
594,5905
659,2675
640,1813
626,1278
619,5430
709,2437
701,1523
678,3732
649,2208
631,1458
611,1271
579,1265
574,4659
608,2809
602,1727
588,1128
571,3650
592,3753
591,2007
588,1169
585,900
578,955
570,918
553,881
539,977
519,1019
501,1087
492,1210
481,1165
473,1153
463,1123
461,1137
457,1126
454,1131
441,1126
433,1133
428,1106
423,1108
415,1110
408,1210
404,1348
400,1865
400,2308
399,2246
397,2231
392,1419
383,1361
372,1409
363,1434
356,1389
352,1396
346,1386
342,1330
335,1356
320,1403
313,1328
297,1352
284,1359
282,1313
281,1348
272,1358
265,1309
259,1329
749,1684
