969,2363
969,2489
969,2487
969,2279
969,2474
969,2299
969,2312
969,3875
969,3394
969,3230
969,7317
969,5451
969,2676
969,6801
969,3418
969,2725
969,3214
969,7821
969,3541
969,3388
969,5911
969,3397
967,3232
1112,3733
1106,3288
1075,8963
1061,4044
1044,3035
984,2458
966,3112
960,2495
921,2691
911,11329
906,3302
874,3199
856,2684
845,2598
819,2464
812,10585
797,2982
779,3144
775,5777
765,3389
764,2159
762,2615
760,2241
749,2093
699,2509
692,2013
676,1954
667,1905
665,1953
651,1828
651,2376
639,1853
633,1831
611,1734
610,2368
602,1732
602,1703
602,2336
599,1760
592,1629
577,1685
574,1659
573,1646
543,1484
538,2117
534,1555
523,6950
517,2696
478,2230
473,2750
468,1498
450,1292
450,1303
444,1264
444,1278
409,1758
405,1186
402,1310
387,1433
385,1363
382,1512
370,1452
368,1431
364,1424
364,1429
363,2046
363,1352
361,1764
360,2511
312,2482
310,2485
307,2474
307,2445
298,2460
298,2526
298,2398
296,2394
293,2320
283,2276
282,2228
280,2194
280,2182
280,2228
280,4432
280,4446
275,1708
275,4320
275,3946
255,1549
253,3240
253,2635
249,4144
249,1965
234,1523
234,1457
231,1455
226,693
226,647
225,486
225,514
204,1953
202,1871
202,1812
199,1762
199,1817
199,1239
884,1904
880,1860
871,1950
868,1994
866,1977
864,1991
860,1982
853,1943
797,1810
790,1793
774,1750
765,1732
748,1670
748,1693
748,1702
735,1649
729,1635
705,1574
704,6313
696,4102
696,2257
696,1814
693,1519
686,1488
671,1473
669,1466
667,1465
631,1384
626,1369
622,1482
610,1542
605,1524
604,1540
559,1362
554,1366
554,1464
535,1404
529,1389
529,1536
488,1443
488,1446
481,1430
465,1359
463,1337
460,1490
459,1496
446,1415
444,1414
440,1435
440,1418
439,1385
439,1377
437,1366
436,1364
383,1213
381,1208
378,1296
378,1363
368,1296
368,1302
366,1315
363,1277
351,2766
350,2760
349,1902
347,1185
347,1172
347,1178
347,1172
347,1172
342,1160
342,1150
322,1087
322,1097
320,1224
316,1238
316,1252
316,1221
301,1150
301,1137
298,1097
293,2339
293,2276
292,1606
268,869
268,1883
266,1938
266,1315
263,2103
263,2734
263,1926
257,1091
940,1838
932,2347
929,1921
927,2562
925,5066
921,3079
912,2488
856,9289
849,3088
833,2578
824,1851
807,6436
807,2936
807,2136
794,2106
788,2036
766,2129
763,2162
755,2043
755,2031
755,2072
752,2030
745,7892
745,3326
728,2218
727,5135
689,2669
689,1935
680,7319
668,2420
668,1614
662,1432
622,1577
617,1546
612,1609
593,1559
593,1494
587,1531
587,1570
545,5867
541,2907
538,1914
522,1205
520,5667
517,2309
516,1409
501,4458
497,3749
497,2753
496,1584
493,1087
491,4961
490,2710
437,1595
435,1271
432,4491
432,3085
432,1747
422,4530
422,2416
420,3341
417,4368
405,2155
403,1096
401,912
401,922
401,943
401,1030
401,1147
396,1140
396,2897
396,2820
376,1311
376,951
374,949
370,900
370,2785
370,2631
355,1237
352,998
352,996
347,993
347,978
346,968
322,892
322,1031
320,1978
320,2024
317,1912
317,1025
317,1515
311,2045
994,1906
982,1940
981,1934
979,1910
977,1906
972,3669
964,2447
909,1826
903,1771
887,1797
878,1750
861,1706
861,6922
861,3589
848,2341
843,1841
820,1755
817,6488
817,2928
809,1974
809,1544
806,4700
806,2871
799,4190
784,2230
782,1606
780,6013
743,2659
743,1831
734,3131
722,1829
723,1589
717,5319
676,2504
671,1577
666,1215
666,4880
647,2428
641,1693
638,1162
596,1079
594,1060
591,1070
586,1130
573,1170
571,1156
568,1256
567,1237
554,1192
552,1208
529,1173
529,1164
528,3947
528,3588
526,1655
525,3989
525,1702
489,1087
487,1100
484,1086
484,1088
474,1049
474,1053
474,1042
472,3401
469,3377
457,1628
456,970
455,841
453,864
453,820
453,907
453,1041
453,1298
448,1287
448,1281
448,3193
428,1848
428,1024
426,838
422,842
422,861
422,2511
407,2437
407,1310
404,859
396,828
388,819
387,806
387,805
371,788
369,834
1225,2232
1199,2555
1193,2264
1173,2495
1166,2312
1146,2557
1142,2382
1131,9141
1130,3753
1127,2546
1125,2346
1118,4802
1109,2760
1049,2381
1043,8205
1027,3144
1018,2236
1001,4223
1001,2558
1001,1899
988,5812
983,3261
960,2153
957,3981
957,2407
949,2006
949,7224
942,3047
942,2254
935,1822
919,1954
920,2063
916,6798
876,3386
869,2134
865,1669
850,3561
847,2167
831,1601
778,1472
773,1473
756,1427
737,1382
737,1401
734,1369
734,1363
704,1338
704,1321
679,1298
666,1395
664,1348
661,4624
660,3170
647,1938
645,2978
641,1712
641,4738
640,2211
638,3345
636,3254
634,2917
593,1408
591,1189
588,1157
588,4323
588,2687
578,1648
578,1070
576,987
573,987
561,1069
560,1020
559,1102
557,3868
557,3898
555,1609
555,2013
554,1328
547,3730
547,1934
547,1128
524,947
522,949
522,922
515,885
509,956
499,1044
481,982
480,3013
478,2965
474,1507
474,880
1351,2424
1348,2782
1315,2504
1295,2441
1284,2509
1257,5227
1251,3163
1242,2689
1235,2562
1214,2631
1210,2352
1199,2307
1198,2344
1195,2328
1193,2790
1186,2312
1177,2257
1113,2135
1106,2101
1090,2076
1081,8093
1079,3662
1064,2495
1064,1996
1053,2099
1046,2178
1023,2172
1021,2093
1020,2153
1012,2192
1015,2030
1015,2182
1008,1979
1001,7741
982,3111
980,2254
976,1773
928,1927
916,1857
903,1672
872,1713
867,1475
855,1481
817,1386
813,5418
810,3624
810,1945
794,1463
768,1412
768,1429
741,4974
741,3005
738,1834
736,1277
723,1287
721,1372
718,4681
717,2802
702,1696
698,1451
698,4519
697,2381
695,3364
693,1689
693,1181
691,1284
647,1147
645,4005
642,2733
642,1696
631,1123
631,1007
629,1019
626,990
626,1071
614,3705
613,3062
611,1551
611,1011
611,1032
609,3602
608,2388
601,1441
601,1012
595,873
570,814
558,804
557,854
549,888
549,1115
549,1112
530,2802
1468,2538
1462,2580
1413,3287
1409,2642
1397,6248
1369,3246
1365,6434
1346,3316
1338,2606
1311,2770
1296,2495
1289,7186
1268,3429
1264,2481
1255,2726
1252,2376
1250,2643
1247,9201
1240,3342
1231,2548
1166,2169
1159,2133
1143,2069
1134,2020
1132,2029
1117,1995
1117,7993
1104,3401
1099,2354
1076,1932
1079,2207
1077,2069
1069,2124
1069,2391
1062,1830
1062,7285
1046,3323
1015,2171
1010,1719
985,1800
945,1747
934,1552
930,1535
915,5941
908,3114
907,2187
866,1575
840,1475
840,1780
824,1397
824,1303
821,1309
792,5103
792,3060
789,1913
787,3170
774,1923
769,1410
768,5502
755,2084
753,3317
749,1738
749,1349
748,1306
746,1382
744,1246
742,1240
699,1163
697,1206
694,1246
694,1234
683,1248
683,1327
683,1309
681,1261
678,1318
667,1242
665,1200
663,1267
663,1202
663,1194
661,1262
660,1176
654,1176
635,1147
634,1090
610,3735
610,2197
608,1428
601,934
601,874
601,895
1541,2589
1534,3084
1514,2736
1473,2804
1468,2682
1459,2657
1420,3130
1418,2846
1400,2788
1389,2959
1362,2728
1355,2731
1346,2714
1339,2770
1315,2609
1306,2879
1303,2690
1301,2545
1298,2595
1291,2555
1282,2498
1217,2412
1210,2388
1209,2369
1194,2363
1183,2339
1168,2257
1168,2337
1157,2297
1150,2207
1132,2314
1129,2201
1128,2153
1120,2248
1117,2196
1104,2077
1084,2098
1083,2069
1039,1951
1033,1985
1025,2001
992,1846
985,1891
966,1731
966,1779
936,1711
898,1547
894,1511
891,1594
875,1570
875,6557
872,2807
872,1986
843,1503
840,1545
838,1382
825,5007
823,2640
820,1829
819,1275
806,1351
800,1343
800,1318
799,1202
797,1187
795,1164
793,1770
750,1465
748,1477
748,1486
745,1464
745,1462
734,1953
734,1402
732,1419
729,1411
718,1349
716,1338
716,1864
714,1319
714,1318
706,1825
705,1251
691,3996
685,1843
684,1273
684,917
661,3019
659,1515
652,957
652,843
640,807
1592,2630
1585,3446
1569,2835
1524,2633
1521,3231
1510,2620
1507,2707
1469,3240
1451,2532
1440,2669
1413,3017
1406,2412
1397,2491
1390,2949
1370,2341
1357,2424
1354,7155
1352,3658
1349,2887
1342,2714
1333,2281
1268,2763
1261,2180
1260,2198
1245,8401
1234,3049
1219,2769
1219,2434
1208,2014
1206,6077
1183,2562
1180,1916
1179,4821
1168,3049
1148,1838
1138,4574
1108,2872
1101,1812
1079,1701
1079,2396
1041,1654
1037,1638
1030,6369
1017,3194
994,1951
986,1524
949,1486
945,4869
942,2206
926,1522
926,1330
923,1412
923,1384
894,1309
891,1417
889,1346
876,1785
874,1332
871,1293
857,1714
855,1197
851,5389
851,2549
850,2308
848,1331
846,1664
844,1203
801,4907
799,2795
796,1564
796,1105
796,1070
785,4640
785,1995
783,1356
780,1054
769,957
767,976
767,1004
765,967
759,919
756,1002
742,4160
741,2303
735,1888
733,1508
710,837
708,953
708,3831
703,2221
691,1350
691,1399
1642,3110
1636,3605
1616,2656
1574,2702
1570,3256
1558,2713
1522,2611
1520,6577
1499,3632
1491,2628
1464,6345
1449,3535
1442,2491
1421,3281
1417,2501
1408,2615
1405,3065
1402,2403
1400,2460
1392,2908
1382,2333
1318,2298
1312,2795
1296,2191
1287,2224
1270,2811
1270,2112
1259,2134
1257,9248
1256,2999
1232,2175
1230,1987
1222,2132
1213,2272
1199,2046
1189,2145
1159,2101
1137,2000
1130,1902
1127,1954
1094,1847
1087,1851
1079,1810
1068,1736
1038,2470
1037,1687
1000,1633
993,1492
993,6262
977,2913
977,1808
974,1472
945,1506
945,1719
942,5928
940,2309
925,1637
922,1376
921,4393
908,1967
906,1337
902,1331
902,2354
901,2168
899,1532
897,1196
895,1189
853,1411
851,1788
848,1344
848,1435
837,1512
837,6040
837,2571
835,1469
832,1094
821,1387
819,1324
819,1304
817,5592
817,2114
809,1803
808,3335
794,1650
788,1198
787,4258
787,1956
764,1362
762,5190
755,1807
755,1094
743,839
1695,2616
1688,3782
1672,3712
1668,3360
1624,2808
1615,3514
1610,3452
1574,3065
1570,3415
1551,3677
1516,8099
1510,3130
1501,2704
1494,2546
1473,3358
1469,2939
1458,2941
1457,3227
1454,8442
1452,3119
1444,2270
1436,2660
1370,2579
1363,3052
1347,2809
1338,2655
1321,3072
1321,2712
1321,10132
1313,3004
1308,2418
1285,1931
1282,2801
1281,2654
1270,6767
1264,2529
1243,2063
1240,1918
1210,2283
1188,2198
1181,2185
1178,2446
1145,2226
1138,8442
1130,2752
1119,1870
1089,1502
1088,2312
1047,1988
1044,1894
1044,2176
1028,1936
1025,1787
1025,2135
996,1771
996,1685
993,7386
991,3570
978,1552
973,1657
972,1562
959,1411
957,1357
953,1736
953,1352
952,1244
950,5282
948,2337
946,1852
904,1178
902,3485
899,1992
899,1274
899,1188
888,1181
888,1191
886,1158
883,1332
872,1083
871,1276
870,1408
868,1387
868,1389
866,1389
860,1355
859,1339
839,1374
838,1284
838,1281
815,1358
813,1207
811,1218
1844,2839
1819,3064
1812,3046
1743,2981
1729,2766
1723,2855
1681,2943
1670,7745
1665,3324
1628,2840
1624,7322
1605,3390
1570,2631
1564,2675
1555,6425
1548,3111
1527,2598
1523,2382
1512,2429
1511,2711
1508,2495
1506,2417
1498,2777
1488,2434
1421,2306
1414,2836
1399,2305
1390,2226
1373,2462
1378,2195
1367,2247
1365,2736
1359,2179
1335,2125
1333,2397
1325,2163
1325,2150
1316,2354
1295,2283
1288,2199
1247,2156
1240,2149
1230,2091
1197,1986
1190,1959
1186,1987
1171,1939
1164,1903
1140,1886
1099,1622
1096,1672
1096,1878
1080,2063
1077,1931
1077,2268
1048,2104
1048,1968
1045,2065
1030,1932
1028,1887
1025,2087
1024,2033
1011,1755
1009,1726
1005,1794
1005,1414
1004,1373
1002,1442
1000,1377
998,1355
956,1229
954,1272
951,1542
951,1250
940,1227
940,1207
938,1172
938,1207
935,1210
923,1155
922,1145
920,1377
920,1158
920,1139
918,1460
911,1112
904,1090
892,1059
891,1074
867,1005
865,1003
865,985
1907,2870
1887,3240
1880,2927
1801,3448
1781,3134
1775,2890
1733,2746
1729,3355
1717,2714
1680,2747
1676,3220
1657,2781
1649,2601
1616,6318
1607,3344
1600,2484
1579,2779
1575,2475
1566,2405
1563,2868
1561,2427
1558,2478
1551,2849
1542,2414
1474,2328
1467,2704
1451,2170
1442,2228
1430,2568
1430,2157
1430,2116
1417,2579
1411,2217
1389,2024
1386,2508
1377,2043
1377,2020
1377,2121
1370,2258
1360,2004
1342,2023
1319,2136
1296,1806
1254,1768
1249,2165
1238,1707
1223,1656
1223,2110
1215,1599
1178,1564
1151,1926
1148,1505
1132,1515
1132,1759
1129,1464
1100,1430
1100,1789
1097,6145
1095,2735
1082,1723
1080,1369
1077,1432
1063,1590
1061,1375
1057,1300
1057,1859
1056,1261
1054,1331
1052,1665
1050,1293
1008,2037
1006,1685
1003,1188
1003,1169
1003,1579
992,1114
992,1134
990,1345
987,1152
976,1088
974,1314
974,1068
972,1071
972,1218
970,1063
969,1071
969,1383
962,1055
956,1078
921,1073
920,962
917,948
1965,3353
1950,3728
1933,3416
1865,3242
1859,2918
1827,2876
1786,2959
1781,3342
1772,3085
1732,2953
1730,3245
1709,3058
1701,2808
1674,3319
1667,2787
1652,2683
1631,3186
1627,2571
1618,2458
1615,2806
1613,2667
1610,2431
1603,2463
1594,3012
1526,2264
1519,2273
1503,2693
1494,2277
1482,2211
1482,2598
1482,2295
1469,2127
1463,2459
1439,2396
1437,2093
1429,2068
1429,2779
1429,2061
1422,2044
1415,2361
1396,2031
1385,1917
1369,2265
1327,1933
1304,1755
1295,2323
1275,2022
1268,1698
1267,1678
1230,1917
1223,1592
1223,1584
1184,1624
1181,1504
1181,1515
1152,1459
1152,1621
1149,1468
1134,1419
1132,1552
1129,1396
1128,1418
1115,1643
1113,1358
1109,1344
1109,1687
1108,1335
1106,1348
1104,1633
1102,1332
1060,1229
1058,1234
1055,1275
1055,1246
1044,1181
1044,1329
1042,1177
1039,1161
1028,1486
1027,1124
1026,1150
1024,1433
1024,1097
1022,1081
1022,1096
1021,1331
1014,1080
1014,1074
1014,1382
983,985
981,1002
964,985
1999,3220
1987,3335
1918,2868
1911,3133
1895,2988
1850,2767
1847,3447
1824,3275
1821,2858
1782,2772
1764,3205
1753,2702
1726,2601
1719,3013
1710,2848
1703,2503
1679,2523
1670,3140
1667,2434
1665,2504
1662,2902
1655,2848
1646,2454
1578,2349
1571,2918
1555,2273
1546,2299
1544,2617
1534,2549
1534,2234
1521,2180
1515,2768
1493,2109
1490,2207
1481,2377
1481,2422
1481,2100
1474,2088
1467,2575
1467,2079
1446,2179
1442,2396
1393,2197
1380,2084
1368,1977
1336,2423
1324,1817
1319,1923
1282,2171
1275,1718
1275,1739
1259,1798
1259,1927
1233,1769
1204,1640
1204,1894
1201,1544
1186,1553
1184,2128
1181,1446
1180,1520
1167,1839
1165,1467
1161,1484
1161,1412
1160,1479
1158,1442
1156,1846
1154,1506
1112,1383
1110,1366
1107,1396
1107,1342
1096,1332
1096,1459
1094,1291
1091,1341
1080,1672
1079,1309
1078,1273
1076,1622
1076,1274
1074,1314
1073,1258
1073,1290
1066,1218
1066,1216
1041,1454
1035,1146
1033,1215
1016,1391
1015,1108
2017,2851
1968,3170
1948,2923
1942,2865
1900,2797
1896,2865
1872,3177
1835,3538
1831,3059
1812,2953
1777,3315
1771,2783
1762,2919
1755,3114
1734,2737
1730,2753
1719,3194
1718,2945
1715,2691
1713,3024
1705,2734
1695,2662
1628,3134
1621,2885
1606,2492
1595,2508
1580,2711
1580,2418
1574,2499
1567,2731
1544,2596
1542,2437
1540,2429
1532,2693
1532,2383
1525,2330
1525,2598
1518,2821
1499,2256
1493,2281
1484,2550
1431,2016
1423,2052
1387,2122
1382,2362
1370,1765
1333,1887
1329,2178
1326,1872
1310,1828
1287,2158
1284,1630
1255,1844
1255,2081
1252,1600
1250,1799
1237,1909
1232,1507
1231,1410
1218,1404
1216,1492
1212,1414
1212,1397
1211,1654
1209,5745
1207,2625
1205,1556
1163,1299
1161,1331
1158,1394
1158,1916
1147,1380
1147,1457
1145,1988
1145,1316
1142,2189
1130,1203
1129,1502
1127,1156
1127,1153
1127,1449
1125,1119
1124,1150
1117,1371
1117,1116
1111,4874
1086,1899
1074,1666
1073,1049
1065,1146
1065,1345
1065,1132
2016,3144
1996,3520
1990,2866
1936,3188
1932,2968
1920,3107
1884,2919
1882,2918
1861,3442
1853,2989
1826,2823
1819,3430
1804,3045
1783,2822
1779,3011
1770,3216
1767,2957
1765,2898
1762,2952
1755,2896
1746,2942
1680,2629
1673,2585
1657,2462
1657,2729
1646,2478
1631,2429
1636,2771
1623,2633
1618,2471
1595,2551
1592,2356
1591,2318
1583,2547
1583,2973
1576,2295
1573,2367
1560,2438
1527,2083
1502,2342
1494,2425
1455,2118
1448,2057
1444,2368
1429,1821
1422,1901
1421,2124
1357,1651
1354,1635
1354,1789
1338,1739
1335,1726
1335,1658
1306,1547
1306,1569
1303,1633
1288,1514
1286,1503
1283,1604
1282,1483
1269,1459
1267,1596
1263,1435
1263,1425
1262,1580
1260,1432
1258,1414
1256,1550
1214,1290
1212,1330
1209,1472
1209,1257
1198,1275
1198,1312
1198,1243
1196,1272
1193,1393
1182,1176
1180,1207
1178,1185
1178,1180
1172,1176
1169,4576
1155,1901
1149,1365
1148,1126
1148,1128
1125,1140
1123,4215
1121,1797
1116,1384
1104,1110
2107,2894
2058,3185
2038,2893
2032,3236
1990,3038
1986,3277
1974,3169
1937,3095
1933,7129
1914,3417
1879,2652
1873,2775
1864,2847
1857,3128
1836,6683
1832,3076
1821,2621
1820,2703
1817,2768
1815,3189
1807,2943
1797,2697
1730,2569
1723,2867
1708,2684
1697,2689
1682,3180
1687,2595
1676,2567
1669,2904
1646,2557
1644,2917
1642,2569
1631,2447
1611,2707
1601,2411
1574,2368
1564,2548
1542,2375
1542,2319
1535,2435
1500,2371
1493,2213
1480,2237
1457,2201
1450,2127
1412,2114
1408,2134
1405,1955
1405,7853
1389,2456
1386,1941
1386,1591
1357,2016
1354,1890
1352,1780
1339,1881
1337,1866
1334,1728
1333,2121
1320,1779
1318,6769
1314,2391
1314,1783
1311,1422
1309,1699
1307,1973
1307,1672
1265,1528
1263,1819
1260,1495
1260,1478
1249,1736
1249,1540
1247,1521
1244,6303
1233,1871
1232,1705
1231,1261
1223,1648
1222,1300
1206,1363
1205,1602
1201,1362
1199,1220
1197,1518
1195,1324
1172,1260
1172,1408
1155,1232
1155,1226
1155,1221
2107,2817
2100,3559
2084,3202
2039,3144
2036,3238
2025,3155
2022,3287
1984,3041
1966,3375
1955,3058
1928,3073
1921,3253
1912,3121
1905,3219
1885,3188
1872,2938
1869,2926
1867,3125
1864,3036
1857,2766
1848,3101
1782,3053
1775,7516
1774,3118
1759,2608
1748,2285
1733,2952
1738,2652
1727,2622
1720,2913
1694,2591
1685,2814
1669,2914
1659,2484
1625,2423
1604,2699
1601,2390
1599,2172
1587,2338
1581,2175
1576,2256
1523,2300
1521,2161
1508,2123
1508,2431
1501,8508
1463,2550
1459,1810
1456,1729
1440,1783
1440,1829
1437,5120
1437,2174
1408,1650
1405,1515
1403,4793
1390,2114
1388,1605
1385,1595
1384,1527
1371,1417
1365,1621
1365,1592
1364,1480
1362,1512
1360,1696
1358,1420
1316,5601
1314,2296
1314,1527
1311,1296
1311,3131
1300,1855
1300,1494
1298,1361
1295,1503
1278,1232
1275,1227
1261,1330
1258,1290
1254,1290
1252,1422
1248,1219
1244,4961
1243,2008
1220,1353
1220,1137
1211,1114
1211,1204
1206,3203
1206,1628
1206,1151
2158,2955
2151,3721
2135,3374
2090,3070
2087,3013
2076,3002
2073,2939
2035,3144
2017,3243
2006,2943
1979,2874
1972,3120
1963,3024
1956,3184
1936,3093
1923,3170
1920,3066
1918,3149
1915,2834
1908,3052
1899,2963
1833,2721
1826,6665
1825,2830
1810,2549
1799,2333
1789,2553
1786,2572
1769,2501
1747,2510
1722,2389
1691,2334
1681,2319
1658,2276
1656,2251
1647,2231
1634,2231
1631,6779
1592,2523
1592,2177
1590,1829
1574,2105
1572,2302
1559,2081
1559,2103
1552,2131
1514,2035
1510,1970
1507,1898
1491,1998
1491,1902
1488,1737
1488,1868
1459,7651
1456,2417
1454,1881
1441,1557
1439,1667
1436,1813
1435,1658
1422,1682
1420,1664
1416,1516
1415,1515
1413,1592
1411,1482
1409,5966
1409,2329
1367,1590
1365,1330
1362,1537
1362,1496
1351,5425
1351,1926
1343,1574
1339,1356
1314,1199
1312,1520
1307,1312
1305,1349
1303,1384
1299,1267
1295,1285
1294,1293
1271,4539
1271,1911
1271,1339
1262,1100
1262,1079
1262,1217
1257,1204
1257,1104
2259,3098
2205,3285
2189,3124
2185,3106
2141,3128
2132,3097
2127,3260
2090,3370
2086,3207
2059,3225
2032,3269
2026,2837
2017,2925
2009,2992
1989,2974
1985,2901
1974,3120
1973,2918
1970,2798
1968,2989
1960,2790
1950,2869
1883,2877
1876,2592
1861,6700
1852,2994
1837,2288
1831,2239
1806,2629
1801,2621
1767,2448
1734,2383
1717,2492
1709,2311
1705,2397
1701,2364
1685,2135
1682,2100
1643,1979
1643,2290
1641,1932
1625,2002
1623,2229
1621,2408
1610,5869
1603,2436
1602,1812
1565,1819
1558,1874
1558,2353
1542,1970
1542,1684
1539,1894
1510,1717
1510,5143
1507,2427
1505,1734
1492,1572
1490,1680
1486,1666
1473,1613
1471,1745
1467,6144
1467,2230
1466,1709
1464,1676
1462,1604
1460,1638
1418,1564
1416,1966
1413,1436
1413,1673
1413,6747
1402,1982
1396,1522
1393,1422
1376,1695
1364,1321
1359,1480
1358,1336
1354,1316
1352,1382
1346,1468
1345,1267
1322,1237
1322,1396
1322,1232
1322,1236
1313,1870
1313,1127
1313,1138
1308,4499
2327,3170
2320,3514
2257,3356
2243,3534
2237,3494
2195,3082
2184,3132
2179,3438
2142,3110
2138,3030
2119,3139
2111,3115
2084,2845
2069,2857
2062,3071
2041,3035
2037,2786
2028,6989
2025,3206
2023,2656
2020,3016
2013,2958
2004,2677
1936,6671
1935,3119
1928,2650
1918,2359
1904,2507
1869,2913
1866,2677
1828,2481
1814,2495
1797,2414
1771,2485
1767,2427
1755,2042
1737,2491
1734,2106
1695,1949
1695,2249
1695,2362
1695,2018
1695,2369
1677,2216
1677,1914
1673,1993
1662,2079
1662,2315
1655,2240
1617,1879
1613,2017
1610,2002
1610,1817
1594,1688
1591,1999
1591,2020
1562,1700
1562,2032
1559,5171
1557,2365
1542,1756
1539,1764
1538,1904
1525,1588
1523,1872
1519,1850
1519,2013
1518,1576
1516,1500
1516,1845
1514,1590
1512,1543
1470,1713
1468,1684
1465,1457
1459,1738
1447,1354
1433,1407
1432,1515
1426,1546
1423,5253
1410,1899
1406,1422
1400,1221
1397,3198
1374,1588
1374,1216
1374,1227
1374,3636
1374,1771
1374,1248
1374,1533
2462,3244
2457,4012
2418,3758
2405,4021
2392,3482
2385,3384
2309,3095
2293,3279
2289,3263
2245,3242
2236,2933
2231,2891
2194,2903
2190,3034
2171,3185
2136,3252
2130,3573
2121,3280
2114,3233
2093,3894
2089,3329
2078,3241
2077,3812
2074,3327
2072,3281
2064,3899
2059,3253
1992,3094
1982,3596
1961,2922
1937,2912
1918,2801
1890,3369
1870,2787
1853,2625
1847,3257
1819,2687
1813,2636
1789,3004
1786,2549
1747,2439
1747,6011
1747,2665
1747,2371
1747,2016
1745,2811
1729,2325
1727,2359
1725,2913
1714,2323
1707,2212
1706,2570
1665,2253
1662,2220
1662,2626
1646,2162
1643,2114
1643,2737
1614,2325
1614,2136
1609,2517
1596,2199
1594,2080
1591,2410
1590,2232
1577,5174
1575,1942
1571,1974
1571,1677
1570,1928
1568,2491
1566,2088
1564,1913
1522,2338
1520,1716
1517,1785
1517,2364
1500,1956
1499,1681
1483,1664
1479,1956
1464,1765
1462,1692
1460,2104
1456,1665
1450,1662
1449,2090
1449,4896
1426,1563
1426,1669
1426,1355
1417,1475
2510,3850
2505,4117
2464,4149
2444,3347
2437,4042
2361,3100
2347,3088
2341,3885
2299,3252
2288,3033
2283,3093
2246,3413
2242,3336
2215,2904
2188,2778
2181,2836
2172,2863
2165,2831
2145,2762
2132,3562
2129,3619
2127,3203
2124,3128
2117,3607
2108,3411
2045,2977
2038,3409
2022,3444
2013,3004
1996,2961
1996,3225
1996,3138
1974,2946
1954,3300
1927,3285
1898,2687
1883,2469
1867,3116
1860,6894
1858,2443
1853,2173
1839,2315
1837,2464
1797,3057
1781,6039
1779,2271
1766,1846
1766,2743
1758,2344
1721,2335
1717,5947
1714,2574
1698,2076
1698,1775
1695,2358
1666,2340
1666,2133
1663,2881
1661,2207
1646,2180
1643,2703
1642,2252
1629,2056
1627,2646
1623,2286
1623,1987
1622,2065
1620,2710
1618,4992
1616,1891
1574,2062
1572,1485
1569,1881
1569,5661
1558,2341
1558,1743
1556,1414
1553,2421
1542,2085
1540,1685
1538,1862
1532,1930
1531,1850
1515,1806
1514,2199
1508,1730
1508,1699
1506,2288
1483,1671
1481,1288
1481,1387
1464,1382
2483,3124
2476,3490
2413,3277
2397,3331
2393,3146
2349,3301
2338,3252
2335,3265
2296,3201
2278,3164
2267,3048
2240,3077
2233,3016
2224,3014
2197,3186
2193,3827
2184,3118
2181,3821
2179,3701
2176,3280
2168,3198
2158,3818
2091,3081
2084,3061
2069,3558
2065,3012
2048,2864
2048,3710
2037,2797
2030,2748
2007,3494
2005,8004
2003,3303
1995,2233
1995,2792
1985,2916
1972,3154
1959,2613
1937,6999
1913,2505
1871,1959
1867,2917
1856,3027
1841,2452
1834,6341
1833,2825
1792,2457
1766,1790
1766,5353
1750,2081
1747,2672
1747,2516
1718,2186
1715,2167
1713,5132
1700,1940
1698,2595
1695,2332
1681,2234
1679,5843
1675,2627
1675,2215
1674,1647
1672,2737
1670,2169
1668,2150
1626,2453
1624,2033
1621,1946
1621,5071
1610,1780
1610,1414
1608,4961
1605,1654
1605,1484
1593,1524
1592,2373
1590,1859
1590,1869
1588,2582
1588,1913
1587,1761
1580,2454
1580,1700
1549,1695
1549,2265
1537,1692
1529,1606
1528,2216
1528,1749
1509,1569
1509,2084
2432,2927
2403,3545
2386,3678
2377,3055
2346,2984
2344,3472
2323,2931
2315,2845
2288,2829
2273,3311
2266,3304
2245,2701
2241,2722
2232,2999
2229,3169
2227,3309
2224,2746
2216,2752
2206,2732
2143,3010
2136,3568
2120,2901
2111,2981
2094,3522
2094,2868
2088,2968
2086,3392
2080,2845
2056,2871
2054,3410
2046,2732
2046,2773
2046,3334
2039,2802
2032,2742
2013,3310
2008,2812
1998,2709
1946,3065
1937,3234
1917,2503
1896,2940
1885,2535
1884,2370
1843,6466
1840,2138
1840,2409
1824,1743
1798,2257
1798,2166
1769,2248
1766,2698
1764,2276
1751,2158
1749,2949
1746,2135
1745,2215
1732,2779
1730,2136
1726,2052
1725,2664
1723,2056
1721,2092
1719,2637
1677,1965
1675,2002
1672,5148
1672,2430
1672,1577
1661,2136
1661,1843
1659,1929
1656,2528
1645,1806
1643,1846
1643,2480
1641,1856
1641,5322
1639,2439
1638,1635
1638,1396
1631,2403
1631,1854
1606,5339
1606,1738
1598,1649
1581,1372
1580,1553
1579,2189
1560,1759
1558,1576
1558,2165
2445,2905
2435,3951
2418,4053
2397,3922
2393,3954
2374,3097
2339,3215
2333,3905
2324,3500
2316,4893
2296,2802
2292,2781
2281,3364
2280,3461
2277,2781
2275,2657
2267,2706
2257,3593
2193,3618
2186,3037
2171,3034
2160,3434
2145,3483
2145,3020
2134,2813
2132,3482
2109,2849
2107,2791
2105,2855
2097,3364
2097,2829
2090,2838
2090,3446
2083,2781
2064,7524
2061,2702
2058,2164
2015,2176
1990,2164
1969,2927
1953,2509
1941,2506
1898,2978
1894,2425
1891,2436
1875,2785
1875,3081
1872,6128
1849,2136
1820,1825
1817,1746
1815,2159
1802,2869
1800,5599
1797,2034
1783,1923
1781,1707
1777,2173
1777,2000
1776,5635
1774,1896
1772,2513
1770,2162
1728,2025
1726,2084
1723,5531
1723,2297
1712,1706
1712,1493
1712,2512
1710,2081
1707,1874
1696,1837
1694,1974
1692,1795
1692,1853
1692,2221
1690,1833
1689,1714
1689,1758
1682,1876
1682,1806
1657,1744
1657,1781
1649,1638
1642,1585
1632,1669
1631,1577
1611,1532
1611,2200
1609,4772
1605,1601
2493,2927
2472,4598
2448,3818
2446,3211
2428,3584
2417,3566
2390,3024
2383,2822
2374,2801
2347,3273
2343,3219
2334,3300
2331,2710
2329,2729
2326,2695
2319,2703
2310,2648
2245,3206
2238,3273
2222,3294
2222,2964
2211,2928
2196,3210
2196,2793
2188,2757
2183,2627
2160,3090
2157,2653
2156,2676
2148,3261
2148,2779
2141,2711
2134,2648
2134,3188
2113,2461
2109,2574
2060,2925
2047,5812
2035,2529
2003,2180
1994,2112
1986,2197
1949,2602
1945,5113
1942,2256
1926,1904
1903,2283
1900,2148
1871,2080
1871,2529
1868,4492
1866,2115
1853,2278
1848,1827
1847,1915
1834,4768
1832,2491
1828,1881
1828,4686
1827,2135
1825,1762
1823,1735
1821,4281
1779,2056
1777,1640
1774,2013
1774,1802
1763,1694
1763,1664
1761,2214
1758,1936
1758,1853
1746,1944
1745,1788
1743,1618
1743,1656
1741,1595
1741,1524
1740,1519
1733,1920
1733,1562
1733,4379
1702,1778
1700,1410
1682,1412
1681,1913
1681,1780
1662,3791
1662,1662
1660,1325
1656,1323
1644,1634
2522,3307
2499,3426
2497,3106
2479,3694
2468,3063
2441,3091
2434,2934
2425,3550
2418,3395
2398,2930
2385,2956
2382,2783
2380,3428
2377,3376
2370,2772
2369,2772
2359,2656
2295,2654
2288,2700
2273,3132
2262,3104
2247,3324
2247,3534
2236,2699
2234,2716
2233,3097
2209,2747
2207,2666
2199,2945
2199,2662
2199,2646
2192,2560
2185,3097
2166,2515
2161,2503
2139,2913
2097,2481
2081,2350
2065,2793
2045,2307
2038,2297
2037,2287
2000,2729
1996,2158
1993,2146
1954,5315
1954,2214
1951,1892
1922,2311
1922,4628
1919,2149
1917,1928
1904,1859
1902,1938
1898,2035
1885,2525
1883,1903
1879,1873
1879,2493
1878,1981
1876,1816
1874,2310
1872,1915
1830,1769
1828,2257
1825,1763
1825,1716
1814,2151
1814,1708
1814,1736
1812,2185
1809,1666
1798,4603
1796,1942
1794,1641
1794,4557
1794,1938
1792,1487
1791,1548
1784,1928
1784,2344
1784,1653
1753,1579
1751,2051
1741,1627
1733,1908
1732,4101
1732,2107
1713,1351
1711,1869
1711,1549
1707,1652
2575,3336
2570,3503
2550,3607
2546,3435
2527,2972
2492,3310
2486,3415
2477,2857
2470,2865
2449,3230
2445,3285
2434,2879
2433,2838
2430,2926
2428,3431
2420,3081
2410,3182
2346,3689
2339,3032
2324,2890
2313,3462
2298,3243
2298,2957
2287,3378
2285,3154
2262,2744
2260,2773
2258,3100
2250,6666
2250,3188
2243,2775
2243,2813
2236,2745
2215,2695
2214,3017
2168,2477
2162,2531
2141,2952
2106,2366
2101,2720
2088,2307
2051,2306
2047,2567
2044,2219
2028,2247
2028,2133
2002,2569
1973,2231
1973,2075
1970,2814
1968,2058
1955,2096
1950,2679
1949,2039
1936,1952
1934,2651
1930,2152
1930,1995
1929,2094
1927,2044
1925,1849
1923,2081
1881,4738
1879,1928
1876,2423
1876,2119
1865,1695
1865,1688
1863,2309
1860,1738
1860,1998
1848,4514
1847,2318
1845,2172
1845,1572
1843,1928
1843,2048
1842,4504
1835,1793
1835,1517
1835,1501
1810,2004
1808,1471
1795,1440
1795,1494
1785,2301
1765,1640
1764,1411
1762,1413
1758,1837
1758,1395
1757,1710
2612,3494
2597,3743
2578,4063
2570,3154
2537,3172
2528,3810
2521,3095
2500,3716
2496,3745
2485,2889
2484,3059
2481,3497
2479,3498
2471,2976
2461,3411
2397,3345
2390,3214
2375,2763
2366,2709
2349,3178
2349,2574
2338,2711
2331,7464
2335,3415
2311,3033
2309,2497
2301,2398
2301,2404
2294,2426
2294,2357
2287,3001
2268,3047
2265,3072
2262,2732
2222,2701
2215,2888
2193,2449
2187,2394
2165,2273
2108,2753
2102,2183
2095,2175
2079,2489
2079,2102
2076,5464
2045,2615
2045,2299
2021,1948
2019,2215
2006,1873
2004,5192
2000,2133
1987,1809
1985,1756
1981,2241
1981,2404
1980,2145
1978,1968
1976,2354
1974,2132
1932,1726
1930,2258
1927,2136
1927,1743
1916,1766
1916,1771
1914,2026
1911,1753
1911,1820
1899,1684
1898,1838
1896,2084
1896,1710
1894,1797
1894,2170
1893,3836
1886,1757
1886,1891
1861,1575
1861,1604
1859,1707
1852,3686
1852,1785
1852,1428
1825,1467
1825,1657
1814,1562
1809,1517
1809,2188
1808,1656
1792,1493
1792,1596
2639,2900
2631,4169
2594,3924
2579,2941
2572,3365
2551,3554
2547,3805
2538,3293
2535,3291
2532,3813
2530,3667
2522,3259
2512,3093
2448,2852
2442,3202
2426,3114
2417,2999
2400,2585
2400,2642
2389,2527
2387,2479
2381,2948
2357,2851
2360,2863
2352,2875
2352,2475
2352,2695
2345,2824
2338,3164
2319,3229
2316,2729
2313,2828
2273,3129
2266,3088
2262,2699
2247,2579
2238,3022
2234,3007
2165,2483
2160,2394
2149,2862
2130,2713
2127,2287
2127,2289
2096,2618
2093,2662
2091,2260
2078,2269
2055,2155
2052,2653
2051,2253
2038,2140
2036,2178
2032,2698
2031,2074
2029,2151
2027,2022
2025,2633
1983,2002
1981,1904
1978,1968
1978,2474
1978,1954
1967,1862
1967,2015
1965,2480
1962,1842
1951,2005
1949,1880
1947,1709
1947,1835
1947,1900
1945,1765
1944,4587
1937,2307
1937,1576
1937,1620
1912,1773
1910,2349
1910,1812
1903,1677
1903,1623
1903,2408
1881,1619
1878,4642
1873,1766
1868,1522
1859,1419
1859,1582
1843,1572
1843,2102
1841,1554
2651,3377
2645,3274
2635,3585
2617,3569
2598,3102
2594,3497
2583,2983
2582,2912
2579,3459
2577,3036
2569,2915
2559,3495
2499,3400
2492,2716
2477,2671
2466,3193
2451,2940
2451,2603
2440,2611
2433,2502
2410,2436
2407,2985
2407,2978
2403,2891
2403,2521
2396,2542
2389,2458
2389,2494
2368,2542
2367,2572
2324,3087
2324,2613
2313,2541
2298,2433
2298,2953
2288,2648
2237,6222
2229,2817
2220,2539
2192,2383
2192,2463
2178,2524
2147,2615
2147,2505
2144,2161
2142,2100
2129,2740
2124,2259
2123,5512
2089,2490
2087,1861
2083,1891
2083,1882
2082,1952
2080,2569
2078,2141
2076,2175
2034,2232
2032,2038
2029,1972
2029,1992
2018,2580
2018,2193
2016,4904
2013,2009
2013,1709
2001,1597
2000,2019
1998,1687
1998,2412
1996,2063
1996,1838
1995,1846
1988,2192
1988,1861
1988,5079
1963,2292
1961,2042
1954,1455
1954,1615
1954,2337
1932,1957
1932,1565
1929,1615
1924,1724
1919,1717
1918,1602
1894,2176
1894,1448
1892,1605
1892,1540
1890,2191
2681,2861
2674,4240
2659,3104
2644,3776
2635,3100
2632,3449
2629,3054
2627,3057
2619,3307
2609,2908
2550,2770
2543,3130
2528,2719
2519,2689
2502,3084
2502,2631
2491,2608
2484,2611
2483,3027
2459,2569
2458,2548
2450,2749
2450,3209
2447,3274
2447,3042
2440,3245
2421,3493
2418,3069
2415,2719
2375,3335
2368,3098
2349,2505
2349,3059
2340,3163
2288,2589
2283,2397
2278,2771
2259,2167
2254,2269
2245,2632
2240,2185
2201,2204
2195,2460
2193,2159
2180,2085
2178,2081
2175,2497
2161,1995
2159,2022
2134,2438
2134,1997
2133,1984
2131,2134
2129,1947
2127,1953
2085,1844
2083,2462
2080,1737
2080,1753
2080,2293
2069,1834
2069,1769
2067,1768
2064,2273
2053,1705
2051,1662
2051,2234
2049,1660
2049,1642
2047,1719
2046,2331
2046,1886
2039,1749
2039,2196
2039,1731
2014,1606
2012,2306
2005,1724
2005,1738
2005,1666
1983,2233
1983,1591
1980,4313
1975,1673
1975,1417
1972,1460
1969,1449
1947,1509
1943,1514
1943,1567
1941,1622
1941,1530
2731,2913
2724,3235
2710,3731
2706,3191
2684,3542
2683,3049
2680,2975
2678,3464
2670,3051
2660,2866
2601,3098
2594,2743
2579,2678
2570,2656
2553,2989
2553,2743
2542,2584
2540,2615
2534,2537
2510,2902
2509,2948
2501,2573
2505,2577
2505,2686
2498,3126
2491,3135
2472,2729
2470,2781
2466,3241
2426,3180
2419,2692
2415,2745
2400,2614
2391,3080
2390,2527
2339,2491
2329,2850
2329,2586
2307,2291
2301,2405
2291,2964
2252,2235
2249,2327
2246,2627
2244,2713
2229,2157
2226,2298
2225,2644
2212,2164
2210,2210
2185,2123
2185,2695
2184,2093
2182,2048
2180,2514
2178,2209
2136,2028
2134,1958
2131,2449
2131,2001
2120,2030
2120,1928
2118,2426
2118,1946
2115,2049
2103,1897
2102,2443
2100,1912
2100,1876
2100,1905
2098,2398
2097,1989
2090,1903
2090,1868
2090,2335
2065,1981
2063,1817
2063,1843
2056,2293
2056,1837
2056,1707
2034,4803
2031,2110
2031,1431
2026,1413
2020,1696
2020,2204
1996,1645
1996,1575
1994,1612
1992,2066
1992,1683
2783,3314
2775,3459
2761,3746
2746,3296
2735,2983
2734,3378
2731,2951
2729,2961
2721,3321
2711,3066
2652,3183
2645,3142
2630,2736
2619,2697
2604,3074
2604,2653
2593,2601
2586,2657
2585,3040
2561,2543
2560,2598
2552,2663
2556,2926
2549,2555
2549,2668
2542,3125
2523,2954
2520,2485
2517,2465
2477,2591
2470,2768
2466,2341
2451,2289
2442,2289
2390,2136
2385,2127
2377,2596
2373,2712
2345,2542
2342,2597
2331,2771
2300,2706
2297,2419
2295,2371
2282,2919
2280,2527
2277,2272
2255,5845
2242,2276
2240,1923
2236,1930
2235,1923
2233,2302
2231,2242
2229,2676
2187,2378
2185,2220
2185,2127
2182,2673
2182,1852
2171,1851
2171,2483
2169,1732
2166,1839
2155,2404
2153,2051
2153,1892
2151,1823
2151,1940
2149,1864
2148,1848
2148,2499
2141,1857
2141,1832
2116,2543
2116,1777
2114,1894
2107,4702
2107,1827
2107,1606
2085,1856
2085,2444
2077,1787
2072,1759
2064,2308
2063,1779
2047,4963
2047,2151
2045,1440
2045,1452
2043,1622
2032,2273
2820,3439
2800,3379
2796,3897
2787,3960
2784,3011
2782,3585
2779,3253
2772,4536
2763,2961
2704,3844
2697,2976
2681,2893
2672,2842
2670,2848
2655,3223
2655,2804
2642,2633
2637,3185
2614,2611
2611,3476
2611,3090
2603,3709
2607,3015
2600,2915
2593,3233
2593,2954
2572,3469
2571,2578
2568,2892
2528,3293
2521,2444
2502,2418
2502,2950
2490,2348
2434,2270
2420,2821
2415,2763
2385,2160
2385,2231
2382,2512
2382,2991
2351,2626
2348,2526
2346,3147
2312,2694
2310,2719
2307,2140
2306,2899
2293,2363
2291,2250
2287,2728
2287,2250
2286,5449
2284,2224
2282,1941
2280,1947
2238,1848
2236,1998
2233,2180
2233,2385
2222,2502
2222,2138
2220,2023
2220,2360
2217,2128
2205,1904
2204,2414
2202,1988
2202,1884
2202,2486
2200,1923
2199,1873
2192,2357
2192,1798
2192,1842
2167,2318
2167,1874
2165,1917
2158,1855
2152,4530
2152,1845
2123,1480
2122,1655
2119,1709
2115,1741
2115,1754
2114,1695
2098,1617
2087,4304
2085,2026
2085,1863
2083,1404
2879,2974
2873,3787
2852,3130
2848,3528
2839,3150
2836,3382
2834,3049
2831,2988
2824,3352
2815,3112
2755,3492
2748,3160
2732,2982
2723,3368
2721,2890
2706,3477
2706,3344
2693,2788
2688,2737
2665,3104
2662,2639
2666,2712
2658,3047
2658,2696
2651,2659
2644,2996
2644,2551
2623,2904
2622,2879
2579,2438
2576,2421
2563,2847
2531,2724
2514,2288
2501,2258
2459,2181
2455,2156
2452,2153
2436,2190
2436,2240
2433,6039
2410,2471
2381,2022
2378,2034
2376,2060
2363,1991
2361,2024
2358,2068
2357,2491
2344,2076
2338,2085
2338,2089
2337,2433
2335,2052
2333,2045
2331,5486
2289,2160
2289,1895
2287,1892
2284,1793
2284,1911
2273,1868
2273,1973
2271,2102
2268,5116
2257,2402
2256,2132
2255,2161
2253,1767
2253,2103
2251,4914
2251,2008
2250,1642
2243,1631
2243,1648
2243,1939
2212,5450
2210,1981
2200,1655
2192,1870
2191,1872
2191,2026
2172,4572
2170,1886
2170,1541
2154,1433
2153,4034
2153,1710
2138,1524
2138,1445
2136,1529
2134,4315
2939,3204
2930,3371
2923,3699
2903,3410
2899,3785
2888,3150
2887,3104
2884,3488
2882,3120
2874,3179
2864,3555
2805,3364
2798,2920
2783,3275
2772,2872
2757,3250
2757,2830
2746,3209
2739,2775
2716,3184
2713,2734
2717,3111
2709,2670
2709,3079
2702,2647
2695,2713
2695,2907
2671,3464
2664,4313
2608,4835
2607,2962
2579,2399
2559,2331
2548,2813
2547,2365
2510,2239
2503,2713
2503,2308
2487,4597
2461,4434
2461,2619
2432,3791
2432,2837
2427,3675
2414,2156
2412,2085
2409,2163
2408,2072
2395,2024
2393,2025
2389,2142
2389,2105
2386,2247
2384,2248
2382,2414
2382,2420
2340,2384
2338,1950
2335,1959
2335,3062
2324,1827
2324,1800
2322,1807
2319,1930
2308,1875
2307,2017
2306,1927
2304,1835
2304,2015
2302,2642
2302,3144
2301,1946
2294,2250
2294,2154
2294,1829
2263,1673
2251,2124
2250,1664
2242,1637
2242,2230
2242,1948
2223,1881
2221,1884
2221,2746
2205,1818
2204,2158
2204,1942
2189,1518
2189,1763
2187,1824
2187,2289
2185,1777
2976,3016
2969,3939
2954,3176
2950,3159
2941,3344
2938,3061
2936,3286
2933,3056
2926,3573
2917,3641
2857,3310
2850,3147
2834,3205
2834,2967
2823,3150
2808,2760
2808,2756
2797,3011
2790,2701
2767,2980
2765,2648
2768,3161
2760,2665
2760,2776
2753,3455
2753,2979
2743,2703
2718,3193
2702,2640
2676,2753
2637,2599
2625,2420
2621,2340
2606,2596
2599,2407
2598,2610
2561,2398
2534,2806
2531,2356
2515,2258
2515,2244
2512,2491
2512,2596
2483,2382
2480,2739
2478,2554
2465,2347
2463,2855
2460,2754
2459,2789
2446,2704
2444,3123
2440,2548
2440,2527
2439,2636
2437,2805
2435,2616
2433,3401
2391,3152
2389,2689
2386,2473
2386,2396
2386,2304
2375,2595
2375,2546
2373,2595
2370,1820
2359,1759
2358,1882
2357,1795
2355,1883
2355,2264
2347,1944
2346,1927
2332,2200
2326,1831
2325,1802
2325,1786
2300,2074
2298,1783
2298,1941
2281,2577
2281,2808
2281,2063
2262,1853
2260,1543
2260,1606
2256,1595
2256,2307
2255,1701
2240,2189
2240,1600
3090,3160
3079,3461
3053,3475
3046,3254
3037,3447
3030,3551
3006,3188
2997,3446
2994,3266
2992,3283
2989,3097
2982,3220
2973,3053
2908,3074
2907,2908
2900,3418
2885,3081
2874,3173
2859,2990
2859,3160
2848,2952
2846,2844
2823,2997
2821,2707
2810,2934
2788,2616
2785,2639
2758,2572
2744,2484
2729,2550
2719,2617
2715,2478
2708,2523
2673,2431
2670,2338
2645,2445
2634,2261
2627,2250
2626,2251
2589,2265
2582,2271
2582,2178
2566,2205
2566,2179
2563,2245
2534,2214
2534,2646
2531,2709
2529,2699
2516,2178
2514,2472
2511,2445
2510,2563
2495,2639
2491,2592
2491,2373
2490,2729
2488,2662
2486,2558
2486,2585
2484,2717
2442,2355
2440,2146
2437,2395
2437,2361
2426,2337
2426,2559
2424,2756
2424,2237
2421,2197
2409,2569
2402,2090
2399,2083
2385,2346
2384,2230
2378,2121
2378,2233
2376,2162
2372,2245
2370,2120
2349,1990
2337,2343
2337,1868
2332,1881
2332,2237
2332,1860
2313,1909
2313,2258
2311,1980
2311,1949
2307,1815
2306,2263
3177,3625
3162,4506
3158,3704
3139,3533
3131,3585
3098,3562
3089,3586
3082,3580
3061,3620
3057,3146
3048,3561
3045,3119
3043,3232
3040,3690
3033,3185
3024,3691
2959,2980
2952,3179
2936,2852
2927,3148
2930,2848
2915,3362
2915,3335
2899,2987
2888,3324
2851,2871
2845,2983
2817,2648
2802,3103
2784,2572
2779,2483
2775,2960
2770,2478
2758,2748
2756,2419
2716,2367
2700,2362
2698,2659
2696,2331
2685,2311
2678,2630
2677,2591
2636,2189
2633,2175
2633,2185
2617,2446
2614,2248
2614,2129
2585,2109
2585,2106
2582,2432
2567,2396
2565,2088
2562,2071
2561,2106
2548,2235
2546,2812
2542,2312
2542,2320
2541,2846
2539,2498
2537,2311
2535,2671
2493,2404
2491,2274
2488,2703
2488,2745
2477,2252
2477,2166
2477,2745
2475,2234
2472,2149
2461,2537
2453,2153
2452,2147
2436,2542
2435,2085
2429,2079
2429,2521
2427,1988
2423,2135
2421,2352
2420,2096
2388,1943
2388,1936
2388,2362
2383,2007
2383,1998
2383,2392
2364,1892
2362,1866
2362,2435
3249,3687
3239,4508
3234,3939
3213,3753
3209,3851
3190,3524
3182,3375
3149,3252
3140,3227
3133,3771
3112,3327
3108,3260
3099,3406
3096,3144
3094,3151
3091,3389
3084,3947
3075,3185
3010,3149
3003,2980
2992,2880
2992,3228
2981,2889
2966,3082
2966,2862
2955,3335
2948,3032
2922,2892
2914,3112
2897,2874
2887,2872
2853,2568
2832,2888
2830,2545
2827,2534
2815,2782
2809,2462
2804,2728
2774,2392
2749,2429
2747,2562
2736,2418
2729,2291
2728,2465
2691,2409
2684,2197
2684,2195
2668,2154
2668,2368
2665,2158
2636,2136
2636,2212
2633,2206
2631,2294
2618,2128
2616,2226
2613,2353
2599,2528
2597,2525
2593,2541
2593,2384
2592,2871
2590,2519
2588,2424
2586,2579
2544,2420
2544,2483
2542,2570
2539,2310
2539,2403
2528,2386
2528,2324
2526,2352
2523,2477
2523,2322
2511,2326
2504,2463
2487,2279
2486,2386
2482,2181
2480,2124
2478,5091
2474,2080
2472,1701
2471,1703
2439,1638
2439,1704
2439,1930
2434,1970
2434,2052
2434,1888
2415,1993
3356,3889
3346,4648
3310,4385
3305,4207
3296,3996
3265,3941
3263,3809
3245,4018
3234,3972
3207,3701
3200,3815
3191,3605
3184,3606
3160,3754
3151,3850
3148,3708
3146,3507
3143,3475
3136,3551
3127,3430
3130,3675
3065,3561
3058,3638
3043,3515
3032,3538
3017,3751
3017,3460
3006,3307
2999,3531
2967,3168
2951,2987
2946,3088
2911,2899
2904,3101
2883,3114
2881,2809
2876,2783
2864,2925
2860,3270
2855,2726
2802,2637
2800,2828
2798,2633
2787,2667
2780,3073
2779,2563
2738,2775
2735,2624
2735,2485
2719,2608
2716,2421
2716,2466
2687,2856
2687,2431
2682,2729
2669,2326
2667,2419
2664,2289
2663,2291
2650,2345
2648,2368
2644,2473
2644,2551
2643,2550
2641,2507
2639,2622
2637,2182
2595,2095
2593,2137
2590,2121
2590,2073
2579,2091
2579,2060
2577,2051
2574,2172
2574,2029
2562,2336
2555,2195
2538,2250
2537,2231
2533,1947
2531,2189
2529,2417
2525,1990
2523,1863
2522,1979
2490,1826
2490,1844
2490,2007
2485,1789
2485,1726
2485,1815
3430,3552
3416,3832
3410,3935
3366,3649
3357,3549
3352,3587
3316,3656
3312,3635
3285,3540
3258,3320
3252,3312
3243,3696
3235,3398
3215,3438
3211,3217
3200,3186
3199,3197
3196,3705
3194,3319
3186,3283
3181,3435
3116,3416
3109,3523
3094,3034
3083,3169
3068,3365
3068,3385
3057,3840
3050,3431
3024,3508
3016,3480
2999,3341
2989,3224
2961,2916
2947,3000
2931,2923
2929,2851
2917,2788
2911,2944
2877,3333
2876,2700
2849,2654
2838,2835
2838,2619
2830,2578
2793,2958
2786,2713
2786,2686
2770,2611
2770,2438
2767,2450
2738,2574
2738,2394
2735,2918
2720,2409
2718,2467
2715,2510
2714,2332
2701,2343
2699,2261
2695,2438
2695,2258
2692,2351
2690,3015
2688,2320
2646,2412
2644,2317
2641,2245
2641,2100
2630,2137
2630,2089
2630,2279
2628,2241
2625,2232
2613,2071
2612,2074
2610,2157
2604,2075
2603,2286
2587,1949
2586,2365
2580,2001
2580,2089
2578,2048
2555,1948
2553,2212
2548,1894
2536,1864
2536,1849
2517,1856
2517,1787
2515,2078
3407,3837
3403,4261
3391,4267
3366,3774
3362,3943
3343,4103
3308,3714
3302,3909
3292,3814
3285,3887
3265,3690
3261,3562
3249,3344
3247,3769
3244,3719
3237,3689
3228,3705
3163,3685
3156,3695
3145,3422
3136,3549
3119,3469
3119,3410
3108,3417
3101,3338
3100,3659
3076,3178
3074,3411
3066,3249
3063,3096
3050,3125
3030,3101
3029,3061
2985,3776
2979,3004
2938,3028
2938,2823
2927,2839
2912,2848
2905,2785
2904,2702
2840,2706
2837,2392
2837,2551
2821,3015
2818,2535
2818,2798
2789,2423
2786,2467
2784,2576
2771,2486
2769,2817
2766,2229
2752,2624
2750,2171
2746,2501
2746,2310
2745,2509
2743,2344
2741,2394
2739,2323
2697,2263
2695,2113
2692,2415
2692,2319
2681,2401
2681,2104
2679,2185
2676,2158
2665,2343
2663,2143
2663,2107
2661,1921
2661,2085
2659,2318
2658,1886
2658,1878
2645,2000
2645,2076
2610,1941
2607,1776
2606,1798
2599,1750
2599,2074
2599,3335
2580,2060
2578,1977
2566,1679
2562,2267
2561,2487
2561,2067
2546,2020
3396,3404
3385,4172
3359,3580
3352,3650
3343,3554
3336,3420
3316,3348
3303,3393
3300,3766
3298,3833
3295,4220
3288,3734
3279,3871
3214,3071
3207,3410
3191,3556
3182,3621
3165,2987
3165,3028
3170,3741
3157,3521
3151,3554
3127,3449
3125,2859
3117,3090
3117,3439
3117,3486
3110,2817
3103,2854
3084,3313
3078,3727
3057,2770
3015,3349
2992,3113
2968,2499
2963,3099
2955,2491
2918,3314
2914,2673
2911,2451
2895,2405
2872,2952
2869,2319
2840,2747
2840,2231
2837,2758
2835,2320
2820,2182
2817,2164
2816,2238
2803,2654
2801,2130
2797,2784
2797,2490
2796,3055
2792,2205
2790,2312
2748,2920
2746,2038
2743,2762
2743,2063
2743,2752
2732,2637
2732,2016
2730,1971
2727,2164
2715,1945
2714,2549
2712,1902
2712,1904
2712,1950
2710,1890
2709,2468
2702,1918
2702,1866
2702,2486
2677,1927
2675,1832
2669,2404
2662,1844
2652,1812
2632,2282
2631,2339
2629,1741
2625,1727
2625,1781
2624,2288
2608,1640
2597,1758
2595,1634
2595,1721
2593,1668
3384,3255
3377,4771
3362,3749
3358,3400
3349,3537
3346,3718
3344,3292
3341,3283
3334,3748
3325,3840
3265,3677
3258,3712
3242,3432
3242,3191
3231,3601
3216,3511
3216,3854
3205,2989
3198,3528
3180,3596
3178,2880
3176,3185
3168,2874
3168,3449
3161,3053
3161,3085
3154,3606
3135,3286
3133,3034
3126,3153
3080,2696
3060,2617
3055,3445
3019,2635
3007,2622
3006,2570
2969,2448
2962,2759
2962,2437
2946,2516
2923,2371
2920,2325
2891,2712
2891,2264
2888,2748
2886,2456
2873,2485
2871,3032
2867,2270
2854,2905
2852,2456
2848,2186
2848,2239
2847,2238
2845,2542
2843,2133
2841,2145
2799,2140
2797,2042
2794,2456
2794,2127
2794,2014
2783,2427
2783,2050
2781,2051
2778,2009
2767,1966
2765,2383
2765,1929
2763,1926
2763,2321
2761,2000
2760,1902
2760,2375
2747,1894
2747,1877
2712,2342
2711,1895
2708,1810
2701,1780
2701,2217
2701,1769
2682,1741
2670,1772
2668,2201
2664,1823
2664,1752
2663,1734
2663,1690
2648,2072
2646,1824
2646,1689
3455,3719
3448,4154
3439,4146
3432,3880
3409,3966
3400,3858
3397,3713
3395,3957
3392,3835
3385,3663
3376,3668
3316,3977
3309,3169
3293,3115
3284,3055
3282,3458
3267,3502
3267,3566
3259,2968
3253,3016
3231,3121
3228,3346
3219,3295
3219,2999
3219,2894
3203,3125
3184,3219
3163,2739
3138,2692
3129,3077
3091,3101
3091,2939
3080,3092
3065,2559
3058,2648
3034,2990
2997,2454
2990,2844
2990,2421
2974,2947
2974,2593
2971,2912
2942,2398
2942,2925
2939,2328
2924,2643
2922,2309
2919,2610
2918,2230
2905,2185
2903,2203
2899,2170
2899,2247
2898,2229
2896,2805
2894,2427
2892,2888
2850,2179
2848,2598
2845,2368
2845,2153
2834,2616
2834,2101
2832,2484
2829,2007
2818,2073
2817,2461
2816,2032
2814,1956
2814,2349
2805,1911
2791,1916
2790,2301
2784,1905
2784,1891
2782,2308
2759,1811
2757,1822
2740,2227
2740,1795
2740,1842
2721,1753
2721,2221
2719,1767
2715,1778
2715,1741
2714,2192
2699,1765
2699,1778
2697,1774
2697,1756
2695,2233
3486,3300
3479,3726
3464,3724
3460,3555
3451,4071
3448,4091
3446,3334
3443,3599
3436,3309
3427,3286
3367,3152
3360,3142
3344,3424
3335,3243
3333,3140
3318,3073
3318,3111
3305,3095
3305,3345
3279,3122
3270,2943
3255,2887
3244,3365
3216,2787
3202,3101
3187,2761
3186,3257
3174,3203
3170,2708
3163,2970
3131,3171
3106,2691
3104,2673
3093,3111
3086,2570
3085,2764
3044,3121
3041,2451
3041,2510
3025,2971
3022,2360
3022,2961
2993,2541
2993,2623
2988,3084
2975,2425
2973,2857
2970,2316
2969,2791
2956,2228
2954,2723
2950,2205
2950,2921
2949,2645
2947,2875
2945,2451
2943,2834
2901,2090
2899,2647
2896,2166
2896,2584
2885,2054
2885,2056
2883,2057
2880,2074
2880,2583
2862,2017
2860,2815
2844,2300
2843,2046
2837,2595
2837,2117
2835,2535
2831,2088
2829,2009
2828,2446
2796,1932
2796,1962
2796,1834
2791,1808
2791,1859
2791,1807
2772,1812
2770,2283
2770,1821
2766,1751
2765,2280
2765,1770
2750,1761
2750,2262
2748,1735
2746,1715
3551,3430
3542,3958
3534,4406
3515,4417
3511,4043
3500,4566
3499,4319
3496,3501
3494,3440
3486,3505
3476,3412
3417,3548
3410,3158
3395,3125
3386,3191
3369,3156
3369,3117
3355,3529
3347,3022
3331,2975
3305,2947
3275,4091
3258,3578
3243,3376
3241,3524
3232,3397
3218,3226
3215,2721
3177,2764
3175,2869
3159,2617
3157,3214
3155,3304
3144,3406
3137,2562
3136,2621
3095,2562
3092,3049
3092,2763
3076,2445
3073,2993
3073,2462
3044,2923
3044,2367
3041,2532
3026,3438
3024,2531
3021,2321
3020,2883
3007,2271
3005,2772
3001,2254
3001,2689
3000,2917
2998,2538
2996,2784
2994,2278
2952,2108
2950,2133
2947,2174
2947,3091
2936,2343
2936,2736
2928,2327
2927,2618
2910,2093
2897,2586
2892,2054
2890,2462
2888,1948
2880,2495
2879,2068
2856,3022
2856,2001
2856,2860
2856,1995
2847,1879
2847,1865
2847,2135
2842,2346
2842,1914
2842,1857
2823,1866
2821,1929
2821,2546
2817,2231
2816,2004
2816,2693
2801,1881
2801,2401
2799,1911
2797,1817
3602,3402
3593,3850
3585,4336
3566,4435
3562,4228
3551,3741
3550,3619
3547,4063
3538,4152
3529,4142
3469,3863
3462,3435
3461,3275
3446,3321
3432,3531
3397,3226
3394,3147
3354,3334
3347,3067
3308,2861
3303,3448
3292,3600
3288,3442
3270,3340
3267,2812
3228,2797
3228,2892
3228,3349
3226,2662
3210,2801
3208,2696
3206,3329
3195,2747
3188,2564
3187,3163
3146,2900
3143,2632
3143,3164
3127,2542
3124,2466
3124,3112
3095,2721
3092,2433
3090,3208
3077,2343
3075,2857
3072,2331
3071,2313
3056,2362
3052,2634
3052,3125
3051,2507
3049,2369
3047,2251
3045,2256
3003,2207
3001,2160
2998,2703
2998,2647
2987,2753
2987,2532
2985,2672
2976,2091
2961,2563
2948,2036
2943,2572
2941,2026
2939,2525
2935,2107
2931,2814
2930,2042
2907,2681
2907,2091
2898,2397
2898,1923
2898,2429
2893,1955
2893,1889
2893,1913
2874,1847
2872,2389
2872,1829
2868,1817
2867,2316
2867,1814
2852,1799
2850,1942
2850,1814
2848,2432
2848,2301
2848,2484
2842,2164
3608,3339
3598,4797
3597,4229
3594,3629
3592,3650
3584,3687
3574,3443
3519,3266
3512,3295
3497,3342
3486,3179
3471,3166
3471,3175
3460,3214
3450,3254
3421,3055
3405,3009
3405,2960
3370,3274
3363,3089
3342,2823
3339,2802
3337,2774
3325,2795
3319,3694
3284,2719
3261,2752
3257,2726
3246,2769
3239,3508
3238,3373
3201,2709
3194,2576
3194,3017
3178,3319
3175,2670
3175,3000
3146,2778
3146,2912
3143,2824
3128,2390
3126,2379
3123,2341
3122,2362
3109,2938
3107,2734
3103,2809
3103,2400
3102,2719
3100,2272
3098,2299
3096,2283
3054,2214
3052,2963
3049,2287
3049,2996
3038,2188
3038,2586
3036,2141
3033,2182
3033,2438
3021,2181
3020,2951
3018,2258
3012,2962
3011,2131
2994,2712
2990,2151
2988,2123
2986,2683
2984,3534
2963,1976
2961,2355
2961,2043
2944,2337
2944,1967
2944,2329
2925,1866
2923,2282
2923,2028
2919,1847
2918,2356
2918,2140
2903,1932
2903,1965
2901,2477
2899,1814
2899,2046
2899,2572
2899,1804
2893,1989
2893,2255
3645,3410
3645,4438
3644,4315
3642,4126
3634,3776
3624,3735
3570,3953
3563,4049
3548,3996
3539,3226
3522,3397
3522,3165
3511,3124
3504,3455
3503,3101
3479,3051
3478,3085
3474,3696
3471,3593
3465,3681
3443,3457
3411,3408
3389,3338
3382,3440
3379,3297
3346,2761
3339,2726
3331,3160
3320,2699
3313,2757
3289,2730
3248,3325
3245,3120
3245,2707
3229,2491
3226,2534
3226,3140
3197,2655
3197,2559
3194,2510
3179,2983
3177,2422
3174,2522
3173,3148
3160,2485
3158,2467
3154,3060
3154,3009
3153,2456
3151,2693
3149,3021
3147,2469
3105,2214
3103,2749
3100,2837
3100,2455
3089,2279
3089,2845
3087,2259
3087,2158
3084,2686
3072,2123
3071,3352
3069,2678
3069,2215
3069,2204
3067,2592
3066,2090
3053,2719
3053,2058
3041,3284
3017,2018
3016,2094
3014,2620
3007,1971
3007,2450
3007,1951
2988,2044
2976,2232
2974,2037
2970,2228
2970,2057
2969,2527
2954,2017
2954,1893
2952,1846
2952,1882
2950,1881
2950,1857
2950,2380
2944,1857
2944,1857
3734,3463
3731,4272
3729,4589
3726,3958
3719,4345
3710,4368
3654,3616
3645,3467
3629,4162
3618,4028
3601,3824
3601,3473
3601,3350
3582,3261
3576,3778
3551,4168
3549,3734
3546,3652
3546,3525
3546,3218
3539,3092
3532,3639
3513,3726
3508,3515
3498,3788
3443,3612
3434,3104
3414,3351
3394,2870
3382,2743
3381,2785
3340,2719
3336,2834
3336,3261
3318,3581
3292,3184
3292,2578
3262,2552
3255,2639
3253,3550
3239,3048
3235,2526
3232,2493
3229,2454
3216,3093
3210,2499
3210,2492
3209,2478
3207,3017
3205,2389
3203,2752
3160,2304
3158,2895
3155,2230
3155,2264
3144,3256
3144,3040
3144,2333
3141,2451
3138,2766
3125,2211
3124,2349
3122,3054
3122,2164
3122,2169
3120,2664
3119,2158
3112,2126
3112,2707
3112,2239
3087,2765
3085,2653
3085,2105
3078,2077
3078,2070
3072,2146
3051,2027
3040,2028
3040,2525
3035,1939
3034,2463
3034,1948
3018,2429
3016,1952
3016,2803
3012,2043
3001,2745
3001,2105
3001,1889
2995,1845
2994,1931
2994,1858
3779,3457
3776,4564
3769,4705
3760,3946
3705,4540
3696,4415
3680,4230
3678,3901
3667,3565
3652,3564
3652,3574
3635,3853
3628,3842
3604,3757
3602,4358
3600,3756
3592,3687
3597,4225
3590,3195
3590,3108
3583,3733
3564,3681
3561,4054
3558,3757
3515,3711
3508,4107
3504,3668
3489,3550
3480,3906
3479,3627
3425,3310
3410,3363
3401,2816
3380,2777
3369,2694
3366,2724
3334,3265
3334,3234
3327,2545
3325,2627
3311,2676
3307,3145
3283,2969
3280,2455
3267,2834
3265,3083
3261,2571
3261,2414
3260,2989
3258,3274
3256,2497
3254,2435
3211,2794
3209,2347
3206,2637
3206,2961
3195,2265
3195,2374
3195,2860
3192,2222
3189,2582
3177,2737
3175,2284
3175,2286
3173,2775
3173,2203
3171,2535
3171,2761
3170,2311
3163,2131
3163,2657
3163,2225
3138,3206
3136,2732
3136,2191
3129,2667
3129,3095
3129,2274
3107,2848
3107,2122
3099,2077
3094,2609
3086,2025
3085,2488
3085,2038
3069,2793
3069,2005
3067,2765
3063,2011
3063,2126
3063,1955
3052,2000
3853,3549
3848,4389
3839,4728
3836,4226
3834,4431
3831,4451
3824,4059
3815,4444
3756,4035
3747,4121
3731,3709
3729,3533
3718,4137
3703,3980
3703,4357
3686,3609
3685,3510
3661,3909
3659,3814
3656,3852
3648,3344
3648,3444
3648,3213
3641,3174
3634,3972
3615,3861
3613,4027
3609,3194
3566,3054
3559,3709
3555,3551
3540,3510
3531,3593
3527,3417
3467,3322
3452,2750
3452,2752
3420,2781
3417,2694
3417,3210
3385,2710
3378,3243
3376,3172
3362,3014
3337,2598
3334,2564
3331,2594
3316,3056
3312,2482
3312,2465
3311,2438
3309,2488
3307,2462
3305,2506
3262,2707
3260,2691
3257,2351
3257,2391
3246,2312
3246,2363
3243,2273
3243,2320
3240,2258
3227,2382
3226,2550
3224,2289
3224,2566
3222,2260
3222,2199
3221,2292
3214,2191
3214,2176
3214,2214
3189,2211
3187,2265
3180,2895
3180,2085
3180,2080
3158,2588
3153,2103
3150,2104
3137,2292
3137,2004
3136,2235
3120,2082
3120,1967
3118,2503
3114,1998
3114,2458
3103,2786
3103,2216
3097,2018
4054,4457
4041,5386
4039,4725
4036,5521
4028,4582
4016,4962
3955,4136
3940,4779
3921,4466
3907,4320
3889,4302
3888,3905
3869,3779
3861,3826
3859,3907
3834,3879
3853,3938
3844,3792
3844,3657
3835,3632
3826,3690
3822,3855
3799,3662
3793,3571
3744,3778
3734,3420
3729,3824
3707,3596
3696,3272
3629,3916
3619,3216
3598,3023
3570,2967
3555,3494
3552,2970
3517,2877
3517,2796
3508,3173
3490,2800
3486,2822
3461,3042
3458,2895
3444,2695
3442,2746
3436,2753
3435,2933
3433,2747
3431,2767
3428,2703
3384,2590
3380,4049
3373,2582
3370,2565
3358,2495
3358,2614
3354,2438
3351,2780
3335,2881
3333,2501
3330,2447
3330,2451
3330,2472
3328,2361
3327,2772
3318,2478
3317,2497
3289,2483
3289,2303
3287,2325
3278,2211
3278,2967
3277,2343
3251,2231
3247,2335
3237,2213
3232,2215
3231,2143
3202,2057
3202,2083
3200,2093
3195,2441
3194,2285
3194,2276
3194,2323
3173,2083
3171,2108
3171,2075
3170,2061
3170,2265
3169,2134
3168,2164
3142,2012
3982,3678
3971,4730
3958,4533
3941,4082
3940,4038
3921,3683
3912,3674
3910,3677
3886,3530
3884,3797
3874,3589
3874,3813
3866,3588
3866,3489
3853,3683
3832,3625
3847,3485
3844,3657
3791,3699
3784,3402
3779,3776
3755,3399
3744,3303
3680,3353
3674,3175
3664,3191
3660,3051
3624,3284
3611,3081
3610,3013
3563,2824
3554,3154
3550,2912
3535,2863
3531,2782
3527,2784
3524,2922
3510,2920
3488,2734
3482,2662
3481,2671
3479,2873
3477,2672
3474,2711
3429,2717
3428,2587
3425,2621
3418,2765
3415,2744
3403,2653
3403,2593
3399,2512
3396,2466
3381,2458
3379,2476
3379,2718
3376,2427
3376,2429
3374,2427
3373,2365
3373,2408
3364,2675
3363,2488
3333,2596
3333,2452
3331,2308
3322,2312
3322,2232
3321,2236
3296,2468
3295,2283
3291,2310
3281,2219
3276,2148
3267,2174
3267,2167
3246,2088
3244,2274
3244,2351
3239,2228
3238,2192
3238,2276
3225,2174
3215,2099
3215,2085
3213,2194
3212,2002
3212,2078
3211,2037
3210,2005
3210,2251
3185,2138
4025,3774
4014,4278
4001,4392
3984,4253
3983,4009
3964,3760
3961,3855
3953,3845
3929,3796
3927,3683
3917,3651
3917,3740
3917,3618
3909,3636
3900,3599
3916,3816
3893,3594
3890,3526
3887,3855
3834,3471
3827,3473
3822,3779
3798,3356
3784,3205
3776,3387
3705,3070
3689,3141
3675,3076
3646,3251
3645,2981
3641,3053
3640,2964
3606,2878
3597,2924
3573,3418
3558,2809
3554,2833
3550,2822
3547,2812
3533,3291
3531,2788
3527,2769
3525,2693
3524,2743
3522,3198
3520,2709
3520,2678
3517,2709
3471,3309
3468,2667
3461,2596
3458,2521
3446,2547
3446,2697
3446,2565
3442,2551
3439,2510
3424,2481
3423,2431
3422,3098
3419,2525
3419,2396
3419,2417
3417,2464
3416,2421
3416,2557
3407,2524
3406,2507
3406,2401
3370,2351
3370,2554
3357,2524
3345,2314
3345,2304
3345,2323
3344,2432
3321,2392
3318,2459
3304,2507
3297,2289
3297,2134
3296,2219
3296,2301
3276,2093
3276,2187
3274,2084
3274,2170
3269,2111
3268,2626
3268,2399
3268,2294
3258,2298
4252,4174
4243,5084
4238,4740
4235,4773
4232,4666
4224,4506
4212,4713
4151,4407
4136,4503
4117,4420
4103,4520
4101,4368
4082,4190
4082,3986
4060,4285
4082,4101
4056,4574
4054,4020
4043,4105
4025,4255
4006,3830
3994,4001
3960,4068
3928,3892
3917,3615
3913,3493
3904,3635
3854,3410
3851,3445
3826,3405
3808,3276
3799,3243
3798,3382
3746,3133
3739,3310
3738,3410
3715,3260
3710,3111
3709,3069
3677,3075
3677,3061
3668,2954
3664,3011
3645,3455
3641,3079
3638,2888
3624,2975
3622,3030
3618,2985
3616,2818
3615,2813
3613,3006
3611,2888
3608,2815
3561,2928
3557,3342
3557,2824
3550,2793
3547,2650
3535,2679
3535,3144
3531,2916
3527,2764
3524,2552
3500,2704
3498,2647
3478,2652
3470,2510
3470,2567
3466,2720
3464,2550
3456,2639
3455,2521
3430,2535
3417,2808
3417,2472
3417,2413
3412,2307
3412,2299
3411,2595
3387,2423
3386,2435
3383,2292
3383,2281
3376,2306
3375,2265
3375,2218
3355,2701
3355,2276
3353,2367
3353,2282
3348,2172
4367,4277
4356,4694
4348,5456
4322,4656
4312,4890
4307,4988
4307,5133
4303,5066
4300,4640
4292,4741
4278,4535
4213,4710
4195,4554
4180,4952
4166,4622
4176,4375
4166,4149
4159,4544
4113,4126
4072,4169
4035,4090
4011,4098
4006,3910
3992,3830
3986,3835
3961,3749
3954,3796
3954,3611
3913,3677
3913,3571
3913,3433
3892,3808
3890,3536
3888,3516
3872,3465
3868,3377
3859,3324
3858,3340
3809,3156
3797,3219
3796,3482
3774,3198
3772,3184
3768,3547
3767,3340
3736,3179
3736,3172
3723,3175
3708,3195
3704,2981
3700,3586
3697,3241
3683,3093
3681,3044
3681,3061
3676,2886
3675,2856
3674,3020
3672,3052
3670,2964
3667,2989
3620,3258
3616,2888
3616,2871
3608,2698
3602,3049
3583,2710
3582,2738
3564,2893
3559,3287
3548,2743
3533,2517
3530,2582
3527,2727
3514,2715
3513,2788
3488,2607
3488,2625
3488,2832
3488,2495
3488,2623
3488,2693
3488,2599
3475,2548
3475,2485
3475,2519
3470,2416
3470,2358
3469,2869
3468,2532
3444,2355
3441,2277
4622,4722
4586,5422
4579,5101
4571,5076
4568,4935
4529,5064
4499,5174
4485,4712
4451,5079
4442,5351
4430,4646
4418,5389
4391,4654
4386,4832
4376,4559
4408,4795
4405,5205
4402,4623
4393,5109
4380,4905
4368,4839
4287,4679
4247,4467
4225,4404
4178,4601
4141,4281
4123,4294
4119,4051
4090,4213
4055,3870
4029,3992
4021,3730
3979,3963
3969,3720
3969,3752
3969,3461
3968,3590
3968,3587
3968,3609
3968,3520
3968,3622
3947,3518
3945,3476
3943,3447
3941,3503
3923,3401
3914,3658
3913,3416
3864,3292
3859,3536
3851,3347
3829,3125
3827,3401
3823,3279
3822,3097
3790,3229
3790,3216
3781,3156
3777,3173
3762,3279
3758,2961
3754,2943
3751,3194
3737,3002
3735,2907
3731,3035
3729,3311
3727,3042
3722,2868
3714,3511
3711,2978
3687,2893
3643,2795
3631,2808
3624,2752
3621,2660
3616,2620
3596,2644
3595,2586
3563,2489
3563,2639
3560,2716
3547,2568
3545,2590
3545,2708
3542,2421
3542,2697
3542,2582
3542,2539
3542,2423
3542,2443
3542,3180
4971,5490
4948,6994
4937,5968
4925,5957
4879,5911
4847,5790
4836,5693
4739,5210
4718,5982
4704,5362
4652,5316
4643,5167
4638,5249
4591,4962
4598,9441
4584,5333
4550,4972
4538,5036
4523,5110
4515,4972
4488,4956
4473,5030
4468,4903
4456,4913
4446,4805
4416,4736
4399,4983
4281,4231
4251,4139
4214,4161
4199,4339
4189,4421
4163,3863
4139,4366
4112,4152
4057,3806
4037,3739
4033,3869
4022,3703
4022,3625
4022,3636
4021,3462
4021,3856
4021,3513
4021,3547
4019,3670
4000,3458
3998,3618
3994,3434
3979,3360
3967,3824
3966,3444
3917,3340
3905,3336
3904,3191
3881,3201
3876,3168
3875,3285
3843,3278
3843,3131
3834,3181
3815,3162
3811,3077
3807,3142
3804,3142
3790,3018
3788,2982
3783,2969
3782,3134
3781,2927
3776,2929
3770,3173
3716,2913
3711,2796
3686,2735
3677,3015
3674,2706
3661,2619
3659,2604
3645,2675
3641,2597
3600,2528
3598,2490
3595,2464
3595,2446
3595,2698
3595,2600
3595,2454
3595,2456
3595,2512
3595,2813
3582,2567
4982,5374
4936,5652
4919,5802
4897,5691
4800,5188
4787,5639
4757,5324
4710,5296
4700,5202
4689,5293
4642,5115
4635,5008
4607,4927
4562,4965
4591,5129
4579,5094
4566,4850
4539,4911
4534,5113
4519,4717
4516,4767
4512,4708
4504,4783
4491,4893
4401,4446
4379,4417
4336,4302
4287,4385
4254,4241
4231,4227
4209,4086
4195,4028
4162,3761
4133,3974
4116,3998
4075,3622
4075,3641
4074,3580
4074,3761
4074,3548
4074,3673
4072,3568
4051,3667
4049,3945
4033,3665
4029,3655
4019,3653
3970,3453
3958,3603
3957,3332
3933,3334
3929,3562
3928,3256
3896,3226
3887,3364
3883,3332
3864,3094
3860,3206
3857,3201
3843,3054
3837,3194
3835,3063
3834,2961
3832,3145
3830,3054
3827,2952
3780,3150
3777,2812
3770,2794
3766,2915
3752,2787
3744,2837
3739,2789
3718,3217
3701,2779
3692,2622
3689,2687
3687,2811
3683,2673
3675,2631
3674,2564
3648,2518
3648,2718
3635,2659
3635,2765
3630,2504
3629,2710
3628,2698
3604,2546
3601,2430
3594,2425
3594,2887
4716,4714
4691,5177
4684,5534
4645,4847
4611,5052
4600,4940
4585,4702
4577,4815
4546,4625
4536,4984
4531,4782
4528,4442
4525,4709
4516,4617
4537,4729
4461,4673
4442,4845
4424,4505
4410,4665
4389,4481
4389,4277
4366,4580
4359,4296
4324,4596
4312,4148
4280,4227
4276,4065
4241,4449
4219,3921
4198,4189
4189,4007
4183,3836
4138,3726
4127,3890
4122,3903
4084,3526
4072,3654
4071,3682
4017,3449
4010,3372
4009,3372
3985,3616
3981,3392
3948,3270
3948,3689
3939,3244
3935,3335
3916,3336
3912,3364
3909,3239
3895,3377
3889,3121
3887,3191
3886,3399
3884,3134
3882,3085
3879,3259
3832,2903
3829,3057
3822,3142
3819,2980
3808,2794
3808,2756
3804,3050
3801,2749
3786,2704
3784,2906
3781,2772
3781,2743
3778,2753
3775,3123
3766,2697
3741,2647
3739,2659
3706,2735
3704,2618
3704,2631
3695,2532
3694,2565
3670,2499
3656,2520
3653,2486
3646,2489
3645,2763
3645,2506
3624,2494
3622,2420
3622,2476
3617,3136
3616,2573
3616,2359
3606,2340
4579,4458
4572,5416
4569,4834
4566,4885
4558,4676
4543,4949
4480,4937
4462,4313
4444,4766
4431,4506
4411,4586
4411,4539
4389,4511
4408,4497
4382,4698
4379,4558
4369,4240
4369,4500
4360,4426
4349,4629
4323,4176
4321,4652
4307,3930
4248,4325
4224,3911
4195,4037
4168,3744
4150,3884
4096,3545
4084,3785
4083,3784
4059,3438
4055,3516
4054,3304
4000,3536
3991,3402
3987,3232
3968,3398
3964,3231
3961,3370
3947,3171
3945,3137
3939,3348
3938,3153
3936,3144
3934,3079
3931,3027
3884,2874
3881,2940
3874,3251
3871,2905
3860,2887
3860,2965
3856,2882
3853,2870
3837,3055
3836,2933
3833,2890
3833,2825
3831,2813
3828,2762
3828,2833
3819,3211
3818,2952
3785,2789
3783,3214
3774,2724
3774,2745
3771,2682
3742,2606
3732,2531
3732,2467
3711,2484
3710,2524
3688,2548
3688,2531
3686,2794
3681,2494
3680,2380
3668,2352
3668,2355
3658,2578
3656,2468
3656,2531
3655,2407
3655,2407
3653,2769
3624,2444
3624,2313
3624,2235
3624,2342
3617,2403
4450,3984
4428,4437
4422,4380
4398,4453
4394,4534
4384,4120
4384,4210
4384,4099
4375,4336
4365,4015
4339,3960
4334,3868
4331,4142
4307,3847
4300,3751
4273,3748
4269,3642
4257,3671
4190,3824
4184,3670
4173,3558
4144,3483
4133,3592
4120,3458
4068,3344
4068,3542
4056,3413
4037,3148
4033,3447
4029,3212
4026,3352
4012,3415
4006,3105
3983,3043
3982,3398
3980,3138
3978,3038
3975,3359
3928,3010
3925,2899
3918,2974
3915,3013
3904,2950
3904,2916
3900,3055
3897,2898
3882,2767
3880,3037
3877,2898
3877,2750
3877,2772
3875,2933
3872,2750
3863,2704
3862,2938
3829,2811
3829,2676
3827,2678
3818,2906
3817,2626
3816,2622
3787,2565
3783,2607
3773,2498
3773,2515
3769,2539
3737,2571
3737,2472
3734,2435
3728,2413
3727,2669
3727,2474
3714,2378
3714,2368
3712,2467
3712,2366
3711,2370
3710,2433
3709,2438
3668,2549
3668,2283
3668,2286
3668,2250
3661,2239
3661,2587
3660,2306
3659,2288
3652,2360
3652,2413
3651,2525
3651,2340
3651,2334
4397,3829
4374,4392
4372,4114
4369,4269
4329,3906
4327,4242
4320,3994
4294,4055
4291,3798
4280,3918
4279,3833
4215,3765
4199,3709
4217,3644
4189,3750
4185,3479
4175,3501
4172,3466
4121,3655
4120,3426
4109,3351
4104,3400
4084,3313
4080,3704
4076,3331
4073,3147
4056,3109
4054,3119
4049,3329
4048,3269
4047,3234
4045,3420
4043,3247
4040,3040
4019,3404
3972,3139
3969,2970
3962,3081
3959,3069
3959,3041
3948,3106
3948,2994
3944,2900
3944,2905
3941,2932
3926,2989
3924,2797
3924,3254
3921,2867
3921,2913
3921,2990
3919,3066
3916,2800
3916,2942
3907,2869
3907,2781
3906,2776
3873,2849
3873,2823
3871,2699
3871,2954
3862,2752
3862,2710
3860,2771
3832,2708
3831,2572
3827,2642
3827,2797
3816,2664
3815,2576
3809,2766
3809,2676
3776,2557
3776,2536
3776,2801
3774,2704
3774,2588
3769,2508
3768,2676
3768,2537
3756,2455
3746,2449
3746,2717
3746,2569
3744,2567
3744,2376
3743,2431
3743,2477
3743,2481
3742,2517
3742,2390
3741,2585
4621,4285
4606,5156
4602,4938
4584,4912
4573,4808
4552,4974
4551,4863
4551,4634
4532,4699
4523,4915
4521,4415
4495,4425
4493,4243
4509,4670
4509,4528
4509,4319
4501,4269
4499,4292
4485,4310
4463,4447
4458,4598
4455,4456
4406,4112
4387,4518
4376,4059
4335,4407
4300,3833
4292,4283
4231,3729
4224,3852
4223,3745
4200,3814
4195,3594
4194,3823
4140,3658
4131,3782
4127,3602
4112,3421
4108,3398
4104,3345
4101,3321
4085,3344
4081,3307
4079,3514
4078,3209
4076,3394
4074,3413
4071,3128
4025,3403
4021,3327
4014,3171
4011,3214
4000,2976
4000,3137
3996,3240
3996,3031
3993,3002
3977,3036
3976,2893
3973,3275
3973,2899
3971,2908
3971,3002
3968,2899
3959,2932
3958,3024
3958,2918
3925,2802
3923,2973
3913,2910
3910,2759
3902,2798
3866,2736
3864,2767
3858,2706
3851,2901
3851,2684
3850,2638
3828,2627
3828,2619
3814,2563
3809,2439
3808,2612
3808,2510
3808,2626
3798,2478
3798,2628
3796,2671
3796,2541
3795,2471
3794,2461
3793,2531
4673,4284
4658,4828
4639,4961
4625,4506
4604,4737
4603,4534
4603,4570
4581,5088
4573,4530
4547,4587
4545,4352
4535,4340
4561,4428
4561,4217
4551,4783
4541,4356
4515,4350
4510,4376
4507,4289
4455,4214
4448,4151
4443,4250
4416,4007
4391,4140
4313,3894
4307,3795
4282,3769
4253,3806
4251,3670
4247,3561
4213,3402
4213,3643
4204,3497
4200,3399
4164,3551
4156,3286
4153,3692
4139,3334
4137,3222
4132,3300
4131,3339
4130,3352
4128,3283
4126,3284
4123,3413
4076,3184
4073,3022
4066,3086
4063,2965
4052,3252
4052,3084
4048,3048
4045,3195
4030,3049
4028,3055
4025,3036
4025,2961
4025,2913
4023,2959
4020,2817
4011,2892
4010,2914
4010,2904
3977,2906
3975,2888
3966,2746
3966,2760
3964,2829
3935,2655
3929,2620
3924,2693
3914,2617
3902,2590
3902,3487
3880,3248
3880,3162
3878,2706
3873,4218
3872,2589
3860,2572
3860,3024
3850,2558
3850,2610
3848,2526
3847,2568
3847,2627
3846,2532
3845,2989
3816,2451
3816,2506
3816,2451
3816,2405
4644,4116
4643,4865
4643,4649
4621,4812
4613,4965
4588,4354
4586,4555
4576,4464
4576,4196
4576,4316
4567,4368
4557,4683
4556,4332
4554,4409
4548,4553
4502,3984
4492,4358
4487,4108
4464,4069
4450,4202
4447,4184
4368,4240
4354,4027
4340,4042
4311,3840
4291,3864
4290,3820
4257,3731
4257,4024
4244,3640
4229,3858
4225,3505
4221,3372
4197,3492
4183,3439
4181,3374
4176,3306
4175,3421
4174,3380
4172,3381
4170,3254
4167,3252
4120,3214
4117,3352
4110,3131
4107,3169
4096,2980
4096,3164
4092,3053
4089,3018
4074,3349
4072,2946
4072,2923
4069,2979
4069,2874
4067,3033
4064,2969
4064,3056
4055,3002
4054,2850
4021,2780
4021,2780
4019,2839
4010,2763
4010,2774
4008,2829
3980,2777
3978,2772
3973,2753
3958,2714
3958,2717
3946,2803
3924,2694
3924,2776
3922,2995
3922,2699
3917,2671
3916,2591
3916,2667
3894,2737
3894,2601
3892,2694
3892,2669
3891,2475
3891,2745
3890,2618
3889,2505
3860,2379
3860,2754
3860,2397
3860,2405
3853,2368
4686,4235
4686,4521
4664,4605
4656,4692
4634,4862
4630,4235
4630,4579
4620,4548
4620,4546
4612,4772
4601,4407
4597,4457
4598,4378
4595,4648
4546,4259
4543,4158
4536,4323
4509,3929
4505,4247
4493,4246
4426,4031
4412,3806
4398,3868
4356,3926
4354,3909
4335,3706
4334,3841
4301,3695
4292,3757
4288,3460
4273,3674
4269,3527
4244,3510
4241,3571
4227,3662
4225,3313
4220,3260
4219,3447
4218,3444
4216,3493
4214,3183
4211,3461
4164,3252
4161,3120
4154,3344
4151,3044
4140,3094
4140,3289
4140,3015
4136,3084
4133,3041
4118,3177
4116,3444
4113,2964
4113,2949
4113,3224
4111,3102
4108,3030
4108,2970
4099,2936
4098,3116
4098,3013
4065,2978
4063,2976
4054,2884
4054,3097
4053,2888
4023,2692
4021,3021
4012,2713
4012,2723
3991,2929
3990,2750
3990,2676
3968,2960
3968,2726
3966,2598
3961,2785
3948,2625
3948,2722
3948,2630
3938,2659
3938,2644
3936,2509
3936,2952
3935,2635
3935,2583
3934,2677
3933,2549
3904,2503
3904,2408
3904,2400
4748,4177
4746,4936
4731,4789
4731,5060
4709,4779
4703,4423
4678,4688
4674,4727
4674,4369
4664,4597
4664,4569
4656,4278
4680,4434
4666,4448
4644,4470
4639,4559
4636,4219
4587,4572
4580,4162
4553,4313
4549,4524
4529,3966
4458,3863
4439,3733
4429,3731
4413,3762
4383,3806
4379,3572
4378,3785
4345,3548
4345,3714
4336,3629
4296,3765
4292,3573
4288,3440
4285,3551
4271,3650
4269,3703
4264,3449
4263,3525
4262,3436
4260,3445
4258,3254
4255,3669
4209,3278
4205,3270
4198,3184
4195,3087
4184,3023
4184,3223
4184,3632
4180,3050
4177,3046
4162,3255
4160,2962
4160,3186
4157,3113
4157,3154
4155,2950
4155,2974
4152,3374
4143,3036
4142,2982
4142,2876
4109,2879
4107,3239
4107,2852
4097,2803
4093,2979
4086,2834
4060,2964
4045,2838
4045,2709
4035,2997
4034,2768
4034,2636
4012,2992
4012,2746
4010,2655
3998,2726
3993,2750
3992,2581
3992,2635
3982,2826
3982,2697
3980,2600
3980,2973
3979,2577
3979,2575
3978,2950
3978,2647
3977,2521
4848,4352
4833,4905
4816,4710
4805,4722
4784,4845
4783,4820
4764,4573
4761,4740
4753,4692
4729,4468
4725,4925
4751,4974
4741,4666
4741,4417
4733,4731
4731,4907
4717,4623
4695,4658
4690,4428
4687,4677
4638,5007
4627,4161
4608,4474
4568,4016
4552,4124
4531,4128
4475,4056
4463,3805
4455,3996
4433,3834
4431,3877
4427,3767
4426,3661
4372,3496
4372,3554
4363,3635
4344,3563
4340,4148
4336,3665
4333,3917
4319,3716
4317,3784
4313,3458
4311,3454
4310,3665
4308,3320
4308,3455
4306,3350
4303,3421
4256,3314
4253,3268
4246,3274
4243,3248
4232,3235
4232,3187
4232,3206
4228,3183
4225,3153
4210,3227
4208,3359
4208,3224
4205,3136
4205,3157
4205,3081
4203,3279
4200,3043
4191,3079
4191,3080
4189,2982
4153,3025
4147,2884
4145,3083
4123,2778
4122,2838
4118,3416
4094,2756
4093,3052
4090,2730
4090,2843
4083,2968
4069,2808
4069,2778
4048,2815
4048,2722
4046,2784
4046,2675
4041,2766
4040,3039
4040,2729
4040,2692
4030,2882
4030,2778
4994,4657
4994,5640
4992,5043
4989,5254
4981,5186
4967,4965
4904,4704
4886,5149
4868,4935
4857,4852
4836,4858
4865,4949
4846,4841
4842,4454
4832,4900
4806,4816
4803,4599
4793,4941
4793,4919
4793,4417
4784,4922
4773,5108
4769,4483
4736,4765
4727,4563
4657,4163
4653,4616
4617,4247
4583,4554
4579,4443
4570,3992
4520,3812
4515,3789
4508,3867
4485,3752
4461,3777
4457,3889
4456,3980
4424,3720
4424,3892
4415,3645
4396,3834
4392,3479
4388,3922
4385,3687
4371,4087
4369,3516
4365,3769
4363,3497
4362,3844
4360,3549
4358,3702
4355,3416
4309,3648
4305,3329
4305,3732
4298,3516
4295,3478
4284,3359
4284,3347
4280,3373
4277,3330
4277,3255
4261,3267
4260,3472
4257,3338
4257,3110
4257,3296
4255,3246
4251,3070
4239,3044
4233,2978
4232,3075
4186,2880
4185,2869
4180,3105
4171,2882
4171,2838
4169,2902
4146,2783
4145,2756
4129,2899
4122,2706
4122,2728
4121,2894
4121,2748
4100,2773
4098,2865
4098,2661
4093,2653
4092,2812
4092,2676
5087,5389
5071,5185
5066,5323
5054,5640
5051,5067
5047,4955
5044,5101
5036,5274
5022,5197
4956,4871
4938,5079
4952,5528
4940,5019
4918,5119
4917,5165
4898,5027
4894,4611
4884,4593
4858,4835
4855,4576
4845,4691
4845,5054
4845,5036
4827,4420
4810,4823
4767,4467
4763,4333
4728,4607
4677,4327
4662,4065
4657,4156
4631,4010
4622,4117
4621,3918
4567,4153
4538,4030
4537,4277
4513,3845
4509,4117
4508,3693
4476,3929
4476,3533
4463,3879
4448,3617
4444,3926
4440,3454
4437,3875
4423,3681
4421,3896
4416,3389
4414,3891
4412,3499
4410,3900
4407,3636
4361,3695
4357,3278
4357,3574
4350,3327
4347,3394
4336,3328
4336,3260
4332,3451
4329,3577
4314,3609
4312,3274
4312,3281
4309,3357
4309,3240
4307,3476
4303,3192
4294,3112
4285,3099
4268,3063
4237,3076
4234,3013
4232,2858
4223,3084
4222,2946
4221,2988
4198,2800
4181,2725
4181,2904
4174,2822
4173,2890
4173,2989
4152,2821
4152,2731
4150,2999
4145,2872
4144,2736
4144,2764
4144,2720
5122,4780
5117,5397
5105,5245
5102,5018
5098,5384
5088,5235
5076,5180
5009,4822
4994,5197
4990,5283
5003,5038
4990,4815
4969,5028
4969,4836
4946,4630
4939,4698
4912,4809
4908,4765
4907,4414
4897,4770
4897,4696
4887,4582
4868,4563
4841,4654
4815,4424
4786,4608
4731,4303
4721,4053
4710,4340
4686,4012
4683,4174
4673,4202
4624,3739
4597,3880
4589,3933
4566,3777
4565,3851
4560,4165
4528,3803
4528,4098
4519,3805
4515,4154
4500,4082
4492,4009
4489,3917
4475,3833
4473,3670
4469,3694
4467,3760
4466,3596
4464,3932
4462,3544
4459,3876
4413,3403
4409,3922
4402,3708
4399,3869
4388,3343
4388,3698
4388,3726
4384,3699
4381,3203
4365,3769
4364,3397
4361,3689
4361,3248
4361,3643
4355,3311
4346,3670
4337,3252
4321,3463
4319,3166
4286,3014
4284,3075
4284,3309
4275,3336
4274,3317
4273,3284
4237,6780
4233,8375
4233,3280
4226,2925
4226,3429
4225,2927
4204,2805
4204,3083
4202,3227
4202,2943
4196,2850
4196,3228
4196,2811
4186,2724
5166,4865
5157,5490
5152,5339
5149,6103
5146,5626
5138,5201
5126,5316
5061,5291
5046,5007
5027,5091
5044,5428
5023,4963
5021,4687
5021,5023
4998,4960
4988,5102
4964,4717
4960,5407
4959,5178
4948,5046
4934,5184
4904,4561
4895,4827
4860,4549
4832,4462
4821,4748
4776,4416
4771,4147
4764,4368
4739,4502
4735,4173
4704,4342
4654,4062
4649,4142
4642,4227
4619,4001
4617,4051
4613,3802
4612,4181
4580,3888
4571,4283
4567,4000
4552,3814
4548,4021
4544,3619
4541,4124
4527,3921
4525,3812
4520,3831
4519,3916
4518,3935
4516,3571
4514,3826
4511,3519
4464,3761
4461,3688
4454,3547
4451,3507
4440,3538
4440,3580
4436,3845
4433,3460
4433,3565
4417,3354
4416,3743
4412,3268
4409,3621
4401,3242
4398,3826
4379,3541
4367,3646
4367,3492
4365,3323
4336,3263
4332,3611
4332,3094
4314,3527
4313,3406
4312,3361
4289,3041
4285,2964
4285,3367
4278,3024
4278,3433
4277,2982
4256,2863
4256,3056
4254,3097
4254,2949
4249,3196
4248,2877
4248,3061
5227,4920
5222,5691
5212,5174
5207,5336
5204,5608
5201,5446
5193,5521
5181,5261
5113,4975
5098,4936
5111,5365
5096,5238
5075,5638
5073,5028
5073,5040
5050,5390
5040,5455
5016,5145
5011,4894
4986,4481
4965,4953
4962,4820
4919,4736
4899,4521
4882,4832
4873,4566
4867,4419
4822,4916
4811,4564
4806,4338
4768,4213
4765,4392
4755,4549
4706,4185
4701,4128
4693,4246
4670,4358
4669,4508
4664,3884
4632,4079
4632,4216
4623,3982
4619,3779
4604,3871
4596,3683
4593,3841
4579,4218
4577,3822
4573,3624
4571,3707
4570,3658
4568,3912
4566,3831
4563,3890
4517,3685
4513,3962
4506,3580
4503,3543
4492,3272
4492,3555
4492,3569
4488,3497
4485,3515
4469,3513
4467,3645
4461,3594
4453,3662
4452,3460
4432,3387
4431,3647
4419,3383
4419,3545
4417,3475
4388,3277
4384,3413
4384,3040
4366,3726
4365,3166
4364,3164
4341,3074
4337,2873
4337,3057
4330,3336
4330,3136
4329,3104
4308,3177
4308,2990
4306,2981
4306,3366
4300,2991
4300,2906
4300,3043
5278,4876
5273,5882
5261,5536
5258,5157
5254,5240
5251,5692
5243,5475
5229,5330
5164,5118
5146,5170
5163,5148
5148,5335
5126,5175
5125,5214
5106,5315
5102,4986
5092,4910
5066,5266
5054,5316
5037,5082
5014,4794
4980,5159
4960,5011
4938,4852
4925,4346
4921,4354
4912,4897
4866,4886
4860,4400
4835,5045
4817,4853
4808,4281
4807,4713
4753,4395
4746,4079
4745,4748
4722,4456
4717,4209
4716,4089
4684,3912
4684,4190
4671,4026
4656,3856
4652,4018
4648,3890
4645,4025
4631,3996
4629,3759
4624,3944
4623,3748
4622,3948
4620,3689
4618,3686
4615,3618
4568,3581
4565,4137
4558,3801
4555,3866
4544,4054
4544,3475
4540,3674
4537,3413
4537,3572
4520,3541
4516,3522
4505,3697
4504,3970
4484,3890
4483,3264
4475,3232
4471,3271
4469,3219
4467,3109
4436,3173
4436,3114
4423,3202
4418,3118
4417,3173
4393,2979
4392,3268
4389,3199
4389,2930
4382,3322
4381,3154
4381,3132
4360,3111
4358,3137
4358,3241
4353,2970
4352,3108
4352,2990
4352,2983
5330,5502
5325,6107
5313,6120
5307,6293
5304,6402
5296,6544
5284,5904
5217,5710
5216,5470
5230,5523
5211,5721
5198,4932
5177,5397
5177,5355
5157,5294
5147,5467
5112,5553
5101,5233
5079,5085
5066,4956
5029,5379
5007,4992
4988,5659
4986,5831
4971,4548
4965,4876
4918,5010
4914,5038
4889,5451
4873,4315
4869,4152
4859,4917
4810,4761
4805,4818
4797,4540
4775,4891
4773,4835
4769,4832
4736,4375
4736,4746
4727,4859
4723,4613
4708,4293
4700,4521
4697,4654
4683,4062
4681,4418
4677,4552
4675,3896
4674,4023
4672,5293
4670,3982
4667,5104
4620,4086
4617,5183
4610,4342
4607,4976
4596,6460
4596,4284
4592,4463
4592,4017
4589,3895
4569,4936
4560,3403
4556,4123
4538,3875
4537,4322
4527,3832
4527,3824
4521,5835
4519,4101
4515,3355
4488,3798
4475,3415
4475,3344
4470,5351
4469,3599
4445,3218
4444,3029
4441,3090
4434,3042
4434,3135
4433,3053
4433,5343
4412,3129
4410,3473
4410,3205
4405,3361
4404,3140
4404,3474
4394,3199
4394,3470
5365,5437
5360,5839
5357,7211
5354,5892
5346,5740
5334,6335
5269,5168
5254,5441
5235,5241
5252,5345
5231,5231
5229,5452
5229,5426
5206,5395
5196,5247
5161,4842
5151,5457
5120,5431
5116,5075
5073,4935
5044,4596
5040,5006
5025,4915
5019,5302
5006,4629
4968,4773
4941,4626
4939,4557
4921,4503
4912,4599
4911,4445
4857,4156
4850,4738
4849,4508
4826,4126
4821,4467
4820,4386
4788,4084
4788,4628
4775,4006
4760,3846
4756,4299
4752,3839
4749,3979
4735,3679
4733,3948
4728,5817
4727,8518
4726,4273
4724,4342
4722,5799
4719,4204
4672,5195
4669,4381
4662,4610
4659,4724
4648,4094
4648,3500
4644,5179
4641,5431
4626,4115
4624,3905
4620,6861
4609,3439
4608,3306
4588,3917
4579,3835
4579,3340
4573,3299
4571,3857
4540,3971
4540,3513
4527,3654
4522,3762
4522,3140
4520,4175
4497,3846
4496,3058
4493,3990
4486,3034
4486,3436
4485,3654
4464,2989
4464,3197
4462,3913
4462,3963
4457,3290
4456,3857
4456,3345
4446,3715
4446,3926
4444,3048
5410,5436
5409,6012
5406,6068
5398,5595
5386,5992
5321,5517
5306,5576
5287,5286
5273,5874
5283,5328
5281,6044
5262,5532
5258,5818
5248,5204
5222,5492
5211,5117
5194,5509
5172,5292
5168,4981
5124,5792
5107,5424
5081,5446
5081,5421
5072,5240
5030,4970
5016,4980
5014,5814
4973,4661
4964,5217
4963,5426
4909,4805
4902,4762
4901,5048
4878,4569
4873,4248
4872,3924
4840,4312
4840,4066
4827,4288
4812,4189
4808,4000
4804,4480
4801,3882
4787,3845
4785,3700
4780,3701
4779,4019
4778,3684
4776,3990
4774,3823
4771,3711
4724,3826
4721,3649
4714,4005
4711,3569
4700,3879
4700,3711
4696,3534
4693,3550
4678,3396
4677,3716
4675,3456
4669,3729
4661,3438
4658,3704
4640,3531
4639,3364
4627,3257
4627,3283
4598,3718
4596,3316
4592,3532
4587,3260
4574,3597
4572,3159
4549,3462
4548,3151
4545,3434
4538,3088
4538,3280
4537,3007
4516,3207
4516,3052
4514,3116
4514,3073
4509,2919
4508,2985
4508,3097
4498,3140
4498,3154
4496,3201
4496,3165
5460,4957
5457,5347
5449,5102
5435,5343
5372,5376
5354,5253
5339,5145
5325,5019
5304,4876
5333,5349
5314,5221
5304,5109
5300,4953
5274,4732
5271,5162
5261,5069
5253,4978
5237,4880
5215,4983
5203,5027
5152,4483
5139,4883
5130,5185
5085,5201
5078,4592
5051,4889
5047,4797
5038,4949
4966,4325
4961,4249
4954,4185
4931,3991
4929,4331
4925,4462
4924,4006
4892,4261
4883,4270
4879,3871
4864,4074
4860,4151
4853,4200
4839,3848
4837,3805
4833,4459
4831,4438
4830,4315
4828,4139
4826,4474
4823,4255
4777,4018
4773,4366
4766,4200
4763,4081
4752,3533
4752,3760
4752,3608
4748,3602
4745,3774
4730,4087
4728,4168
4725,4189
4725,4062
4724,3779
4719,4149
4710,3625
4710,3477
4685,3995
4683,3512
4650,3335
4650,3240
4648,4223
4639,4070
4638,3539
4637,3636
4601,3832
4597,3765
4597,3359
4590,3229
4590,3807
4589,3089
4568,3405
4568,4091
4566,3363
4566,3370
4561,3880
4560,4052
4560,3345
4550,3249
4550,3874
4548,4124
4548,3050
4547,3565
5505,5491
5500,6569
5488,6652
5425,6114
5410,6205
5391,5544
5377,5756
5356,5355
5385,6035
5385,6103
5362,5930
5352,6158
5328,6038
5324,5947
5323,5812
5313,5152
5305,5798
5288,5963
5260,5440
5255,5654
5202,5686
5191,5632
5140,5274
5137,4540
5130,4899
5103,4795
5099,5456
5090,5396
5018,5089
5013,5374
5006,4340
4983,4327
4981,4503
4977,5024
4976,4917
4944,4604
4935,4367
4931,4512
4916,4512
4912,4332
4908,3917
4905,3854
4891,4792
4889,4754
4884,4462
4883,4253
4882,4936
4880,4579
4878,4474
4875,4290
4828,4638
4825,4664
4818,4451
4815,4111
4804,4475
4804,4469
4800,4386
4800,4005
4797,4545
4781,4657
4780,3566
4777,3551
4776,4327
4773,4867
4763,4379
4762,3531
4737,3814
4736,3593
4731,3442
4702,4184
4702,4353
4700,3334
4691,3843
4691,4143
4676,3954
4653,4259
4652,3575
4649,3216
4642,3476
4642,3990
4641,3090
4620,3115
4620,3591
4618,3860
4618,3273
4613,3929
4612,3792
4612,3079
4602,3918
4602,3739
4600,2958
4600,3109
5565,5100
5562,6361
5554,6126
5542,5804
5477,5717
5462,5940
5443,5645
5429,5039
5458,5678
5437,5551
5437,5487
5414,5513
5407,5396
5380,4839
5376,5448
5375,4875
5365,5325
5356,5434
5340,4752
5312,5132
5276,4686
5248,5558
5237,5590
5192,5673
5189,5432
5178,5640
5155,5343
5151,5415
5119,5544
5070,4685
5065,4676
5057,4131
5035,5256
5033,5377
5029,4510
4996,4204
4996,3921
4987,4947
4983,4734
4968,4796
4964,4401
4957,3875
4943,4243
4941,3856
4937,3912
4935,3744
4934,4754
4932,4657
4930,4424
4927,4434
4881,4061
4877,4129
4870,3987
4867,3710
4867,4110
4856,4408
4856,4544
4852,4205
4849,4267
4834,4555
4832,4633
4832,3923
4829,4464
4828,4447
4823,3643
4814,3480
4814,3967
4789,4201
4787,4162
4754,4202
4754,4261
4752,3838
4743,4131
4743,3498
4741,3253
4705,3497
4704,3835
4701,3763
4694,3422
4694,3402
4693,3654
4672,3816
4672,3629
4670,3447
4670,3292
4665,3106
4664,3993
4664,3948
4654,3612
4654,3442
4652,3066
4652,3580
5617,5584
5614,6185
5606,5604
5594,6214
5529,5644
5514,5591
5495,5124
5492,5510
5510,5606
5489,5684
5489,5677
5466,5709
5459,4960
5432,5348
5428,4864
5427,5661
5417,5440
5409,5418
5393,5694
5365,4980
5359,5456
5306,4985
5295,5368
5286,4997
5241,5323
5234,5218
5207,4437
5203,4788
5194,4795
5122,4348
5117,4559
5110,4842
5087,4591
5085,4686
5081,4653
5080,4419
5048,4316
5039,4054
5035,4597
5020,4852
5016,4944
5012,4253
5009,4198
4995,4657
4993,4958
4987,4741
4986,4858
4984,4122
4982,3856
4979,4807
4933,4732
4932,4830
4929,4457
4922,4330
4919,4562
4908,4051
4908,3978
4904,3621
4901,4707
4886,4634
4885,4530
4884,4129
4881,4547
4880,4492
4875,4381
4867,4094
4866,4294
4841,4278
4839,4301
4835,3907
4806,4219
4804,4275
4795,3900
4795,4401
4794,4238
4757,3198
4756,3341
4753,3517
4746,3288
4746,4234
4745,4071
4745,3756
4724,3592
4722,3757
4722,3401
4717,4021
4716,3798
4716,3707
4716,3939
4706,3500
4704,3175
4704,3962
5669,5137
5666,6017
5658,5903
5646,5485
5581,5973
5566,5950
5562,5394
5575,6072
5562,6286
5541,6262
5541,5054
5521,5638
5511,5578
5484,5706
5480,5997
5479,5933
5469,4877
5461,5465
5446,4855
5416,5149
5411,4760
5358,5383
5347,4799
5338,5418
5293,5355
5286,5452
5259,5186
5255,4598
5246,4384
5174,4743
5169,4669
5162,4695
5139,5134
5137,4903
5133,5039
5132,4259
5100,4096
5091,5038
5087,4993
5072,4175
5068,4110
5064,3981
5061,4577
5047,4684
5041,4806
5039,4220
5038,3994
5036,4394
5034,4317
5031,5013
4985,4138
4981,4257
4981,4557
4974,4228
4971,4665
4960,3780
4960,3890
4956,3554
4953,3610
4938,4439
4936,4195
4936,4233
4933,4226
4932,4493
4927,4422
4919,3856
4918,3485
4893,3846
4891,3901
4887,3545
4858,3445
4856,3712
4847,3616
4847,3610
4846,3405
4809,3762
4808,3664
4805,3252
4798,4233
4798,4148
4797,3733
4797,3961
4776,3879
4774,3442
4774,3600
4769,3545
4768,3249
4768,4248
4768,4416
4758,3768
4758,3577
4756,3833
5721,5625
5718,6046
5710,6277
5698,6160
5633,5955
5632,5698
5614,6202
5627,6170
5614,6346
5593,6099
5593,5861
5573,6029
5563,5872
5536,4912
5534,5495
5531,5304
5521,4904
5513,5486
5498,5312
5475,4885
5463,5262
5412,4611
5399,5115
5390,5316
5345,5474
5338,5089
5311,5429
5307,5514
5298,5636
5226,5313
5221,5083
5214,5227
5191,5026
5189,4227
5185,4774
5184,4968
5152,5148
5143,4591
5139,5210
5124,4623
5120,4490
5116,4246
5113,5025
5099,4652
5097,4839
5092,4028
5090,3919
5088,4644
5086,4931
5083,4872
5083,4322
5036,4579
5033,4221
5026,4595
5023,5024
5012,4960
5012,5105
5008,4794
5005,4248
4990,4099
4989,4440
4988,4273
4985,4367
4984,4583
4979,4364
4971,3857
4970,3620
4945,3944
4943,3916
4939,3758
4910,3605
4908,4014
4908,4028
4899,3632
4898,3366
4884,3728
4860,3772
4857,3625
4857,4353
4850,4258
4849,3904
4849,4086
4828,4055
4828,3412
4826,3299
4821,3891
4820,3572
4820,3582
4820,3915
4810,4063
4810,3172
4808,3787
5774,5609
5772,6760
5769,6176
5761,6018
5747,6174
5684,6074
5666,6342
5680,6197
5666,5584
5646,5655
5645,5807
5626,5683
5616,5084
5612,6357
5586,6092
5583,6477
5573,5375
5565,5406
5558,5232
5527,4887
5517,5474
5464,4905
5452,4978
5442,4990
5400,4938
5390,4585
5385,4652
5359,4732
5350,4508
5327,4696
5273,4890
5266,5006
5265,4598
5242,5118
5237,4915
5236,5368
5204,5511
5204,4871
5195,4888
5191,4376
5172,5059
5168,4774
5165,4037
5151,4341
5149,5157
5144,4422
5143,4667
5142,4791
5140,4353
5138,4036
5135,4747
5088,4739
5085,4860
5078,3991
5075,4002
5064,3808
5064,4467
5060,4374
5060,4551
5057,4159
5041,3853
5040,4056
5037,3847
5036,3838
5033,4018
5023,4719
5004,4390
4996,4285
4991,4040
4991,4415
4962,4150
4960,3729
4956,3415
4951,3392
4937,4113
4936,4253
4913,4236
4909,3680
4909,4481
4902,4212
4901,3349
4901,3834
4880,3427
4880,3267
4878,3912
4873,3899
4872,3438
4872,4105
4872,3981
4862,3906
4862,3752
4860,4076
5826,5239
5824,6840
5821,6720
5813,6601
5799,6541
5736,5894
5718,5968
5735,5880
5720,5972
5698,5922
5697,6203
5678,5693
5674,6245
5664,6122
5638,5816
5635,5681
5624,5950
5616,4972
5589,5433
5577,5402
5538,5428
5508,5379
5497,5300
5494,4672
5450,5008
5440,5168
5430,5182
5414,4697
5380,5233
5379,4969
5330,5370
5318,5562
5317,5302
5294,5113
5289,4503
5288,4844
5256,4647
5256,4688
5247,4451
5243,5095
5224,5206
5220,4478
5217,5148
5203,4728
5201,4190
5196,4457
5195,4771
5194,4483
5192,4772
5190,4753
5187,4196
5140,3933
5137,4288
5130,4436
5127,4228
5116,4017
5116,4570
5116,4616
5112,3688
5109,3905
5093,4554
5092,4598
5088,4148
5085,3974
5077,4378
5074,4266
5056,4116
5048,4596
5043,4212
5043,3827
5014,3600
5012,4333
5008,4467
5003,4353
4989,4370
4988,4086
4965,4302
4964,4352
4961,4239
4954,3909
4954,4361
4953,4414
4932,3456
4932,3869
4930,4366
4930,4190
4925,4084
4924,3853
4924,4398
4914,3998
4914,3544
4912,3398
5878,5803
5877,6720
5874,6144
5866,6012
5854,6120
5789,5608
5807,5709
5787,6348
5783,6431
5770,6073
5749,5724
5749,5870
5726,5717
5719,5544
5692,6375
5688,5947
5679,5796
5661,6102
5640,5357
5628,5990
5592,5284
5573,5298
5549,5388
5545,5248
5536,4701
5487,5183
5484,4760
5445,5456
5441,5594
5432,6161
5382,5047
5377,4753
5370,5535
5369,5454
5345,5238
5341,4965
5340,4400
5308,5354
5308,5008
5299,4295
5280,4638
5276,4108
5272,5040
5269,5022
5255,4440
5253,5069
5248,4967
5247,4255
5246,4911
5244,4350
5242,4123
5239,4642
5193,4359
5189,4860
5182,4746
5179,4340
5168,4248
5168,4549
5168,4448
5164,3824
5161,4197
5146,4711
5143,4704
5137,4076
5129,3834
5110,4140
5107,4568
5099,4692
5099,4063
5093,3927
5091,4238
5060,4065
5060,4419
5047,4326
5042,4067
5042,3525
5040,3586
5017,3934
5016,3667
5013,3593
5006,3513
5006,3939
5005,3536
4984,3565
4984,3369
4982,3719
4982,3528
4977,3470
4976,3311
4976,4416
4966,4131
4966,4049
5937,5846
5932,6494
5929,6118
5926,6462
5918,6369
5906,6553
5874,6426
5859,6530
5839,5922
5824,6137
5822,5400
5801,5842
5801,6312
5778,6222
5771,6100
5743,5686
5731,5608
5703,5156
5690,5721
5656,5532
5636,5777
5614,5649
5610,5751
5597,5004
5591,5778
5542,4965
5538,5550
5511,4722
5497,5218
5493,4829
5483,5272
5434,4721
5429,4774
5421,4791
5399,4703
5397,5207
5393,5245
5360,4756
5360,4780
5351,5009
5347,4374
5332,4435
5328,4577
5324,5100
5321,4546
5305,4696
5301,4657
5299,4924
5298,4090
5296,4519
5294,4861
5291,5120
5245,4738
5241,4504
5234,4457
5234,4318
5231,4000
5220,4329
5220,4617
5216,4739
5213,3969
5197,4110
5193,4251
5184,4190
5180,4596
5162,4714
5159,3743
5151,3718
5151,4279
5145,4237
5143,7897
5139,4482
5112,4105
5099,4500
5094,4082
5094,3818
5093,3600
5069,3585
5068,3849
5065,3829
5065,3740
5058,3606
5057,3623
5057,3456
5036,3496
5036,4069
5034,4348
5029,4191
5028,3909
5028,3329
5028,3819
5018,4506
5998,5379
5987,6317
5984,6476
5980,6159
5977,6309
5969,6462
5990,6303
5925,6235
5906,6339
5891,6199
5876,5905
5854,5849
5853,6156
5834,5750
5830,5892
5812,5948
5778,6020
5754,5505
5740,5030
5705,5630
5690,5469
5666,5284
5664,5413
5643,5591
5633,5348
5627,5023
5569,5619
5567,5404
5563,4875
5548,5285
5545,4626
5535,5395
5486,4477
5481,5103
5473,4500
5451,4964
5449,4363
5445,5059
5412,4203
5412,5217
5403,5053
5399,4968
5384,4403
5380,4945
5376,4364
5373,4890
5359,4932
5357,4449
5351,4669
5350,4569
5348,4777
5348,4747
5346,4207
5343,4718
5296,4522
5293,4926
5286,5010
5283,5185
5272,4993
5272,4362
5268,4626
5264,4583
5253,3942
5236,4261
5217,4450
5213,4732
5205,4398
5205,4200
5201,4068
5199,4060
5191,4419
5190,4502
5164,4275
5151,3553
5151,3553
5151,4052
5146,3763
5146,4060
5144,3694
5121,4501
5120,4409
5117,3961
5110,3887
5110,4530
5109,4569
5109,3694
5088,3708
5086,4028
5086,3934
5081,4163
5080,4588
5080,3591
6075,6076
6059,6855
6054,6205
6042,6054
6039,6937
6035,6324
6068,6643
6059,6216
6045,6578
5977,6373
5958,6243
5940,6221
5928,6168
5906,5787
5897,5897
5870,5948
5845,5906
5831,5988
5770,5805
5752,5778
5725,5645
5721,5369
5715,5643
5689,5236
5683,5290
5642,5157
5642,4742
5640,5131
5621,4842
5617,5231
5615,6102
5600,4543
5588,5324
5587,4717
5538,5145
5526,4665
5525,5538
5502,5423
5501,5455
5496,5408
5464,4668
5464,5222
5455,4861
5451,5074
5436,4815
5428,5222
5425,4639
5411,4906
5409,4594
5405,5052
5403,4587
5402,4957
5400,4603
5398,4659
5395,4589
5349,4129
5345,4395
5338,4754
5335,4435
5335,4804
5323,4422
5312,4641
5307,4609
5286,4518
5270,3985
5260,4262
5260,4605
5255,4135
5253,3946
5243,4201
5242,4167
5216,3772
5216,4103
5216,4260
5203,4468
5203,4133
5203,4161
5198,4583
5198,4670
5197,3954
5173,3668
5172,3488
5169,4011
5162,4376
5162,4372
5161,3960
5161,3917
5140,4375
5138,3876
5138,4238
5133,3519
5132,3493
6141,5900
6133,6580
6112,5788
6107,6835
6095,6751
6129,6485
6125,6537
6121,6711
6112,6533
6098,6194
6029,6544
6010,6435
5991,6613
5970,6272
5941,5991
5920,5966
5893,6130
5851,5862
5809,5988
5788,5647
5777,5949
5771,5857
5764,5845
5739,5427
5735,5515
5694,5715
5694,5741
5692,5483
5673,5608
5669,5729
5667,5674
5649,5457
5640,5387
5590,4779
5585,5194
5578,5248
5555,5013
5553,4665
5549,4803
5548,4560
5516,5036
5507,4535
5503,4959
5488,4965
5480,4987
5477,5390
5463,5110
5461,5329
5456,5123
5455,4682
5454,5183
5452,4653
5450,5096
5447,4739
5400,5204
5397,4619
5390,5200
5387,5122
5376,4511
5376,4842
5368,4612
5357,4955
5341,5038
5321,4749
5317,4748
5309,4015
5309,4123
5305,4269
5303,4288
5295,4628
5294,4775
5268,4226
5255,4562
5255,4150
5255,4174
5250,4235
5249,4672
5225,4697
5224,4168
5221,4254
5214,3871
5214,3990
5213,4380
5192,4551
5192,4039
5190,4537
5190,4946
5185,5236
5184,4442
5184,4077
5174,4007
5174,5680
6138,5827
6138,7549
6136,7070
6133,6519
6125,6899
6146,7464
6081,9703
6062,7096
6043,6535
6030,6218
6009,10853
6009,6191
5989,6502
5979,6300
5943,6482
5932,9075
5910,6420
5896,5811
5861,6319
5824,6022
5820,6225
5814,6833
5799,8170
5789,7929
5748,5419
5746,5639
5719,5573
5704,5019
5701,5668
5691,5747
5642,5198
5637,5428
5629,4927
5606,5428
5605,5596
5600,5071
5568,5290
5568,4928
5559,4859
5555,5216
5540,4755
5532,5146
5529,4803
5515,4922
5513,4630
5509,4932
5507,4575
5506,4901
5504,4515
5502,4575
5499,4955
5452,4870
5449,4812
5442,5655
5439,5264
5428,4325
5428,4885
5424,4899
5424,7246
5421,4578
5405,4198
5400,4737
5389,4879
5388,4039
5370,4454
5367,3889
5359,4748
5355,3963
5353,5252
5351,7144
5320,5165
5320,4168
5307,4063
5302,5022
5301,3773
5300,3658
5277,3991
5273,3972
5273,3828
5266,3837
5265,3520
5265,3940
5244,3883
5244,3680
5242,3543
5242,3693
5236,4091
5236,3867
5236,3948
5226,3741
5226,3913
5224,3826
6190,6292
6188,6520
6185,6481
6177,6422
6163,6518
6133,6255
6114,6135
6099,6422
6084,6333
6062,6083
6061,6091
6042,5738
6038,5565
6028,6153
6002,6154
5998,6089
5974,5987
5953,5777
5950,5732
5907,5542
5891,5527
5861,5315
5861,5917
5854,5943
5812,5602
5796,5503
5794,5010
5756,5138
5744,4967
5743,5339
5694,5497
5682,5191
5681,5451
5658,5034
5653,5222
5652,5397
5620,5329
5620,5417
5611,5086
5592,5392
5588,4911
5584,5185
5581,4843
5567,5119
5565,4919
5560,5079
5559,4739
5558,5328
5556,4884
5554,4626
5551,4327
5504,4507
5501,4139
5494,4155
5491,4833
5480,4616
5480,4553
5476,4350
5476,4726
5473,4893
5457,4923
5456,4224
5453,4489
5452,4387
5449,3950
5439,4402
5438,4245
5413,4160
5412,4214
5407,4357
5378,4341
5376,3778
5376,3682
5367,4190
5366,4490
5352,4247
5329,4192
5325,3775
5325,4085
5318,3991
5317,4262
5317,4133
5296,4084
5296,3944
5294,3980
5294,3814
5288,4114
5288,3856
5288,4002
5278,4030
5278,3949
5276,3916
6242,5919
6240,6530
6237,6166
6229,6489
6250,7286
6185,6279
6166,6003
6148,6049
6134,6810
6113,6353
6113,6169
6093,5877
6084,5901
6056,6149
6054,5984
6051,6163
6041,5740
6041,5763
6032,5761
6012,5781
6002,5558
5960,5610
5930,5491
5875,5932
5865,5467
5854,5573
5830,5782
5827,5426
5817,5310
5768,5628
5734,5495
5733,5149
5710,5120
5709,5002
5704,5439
5672,5297
5672,4884
5663,5278
5644,4998
5640,4838
5636,5146
5633,4681
5619,4851
5617,5119
5612,5271
5610,5244
5608,4628
5606,4822
5603,4775
5557,5037
5553,5041
5546,5034
5543,4495
5532,4608
5532,5166
5532,4913
5528,4888
5525,4554
5509,4612
5508,4423
5505,4672
5505,4668
5503,4839
5503,4926
5496,4242
5481,4344
5480,4603
5434,4473
5433,4728
5428,4481
5419,4168
5418,4110
5417,3948
5394,3739
5377,4339
5377,4565
5370,4220
5369,4084
5369,3703
5348,3583
5346,4006
5346,4187
5341,4038
5340,3887
5340,3911
5330,3883
5330,3848
5328,4130
5328,4047
5327,3878
5327,5605
5326,3737
6257,6161
6204,6508
6186,6131
6168,6503
6186,6387
6166,6549
6165,6166
6145,6385
6136,5839
6108,6364
6106,6265
6103,5849
6093,5956
6093,5845
6085,5789
6083,5643
6060,6269
6030,6054
6009,5519
5936,5054
5924,5283
5910,5346
5883,5503
5879,5299
5869,4927
5820,5191
5815,5181
5785,5423
5762,5135
5761,5181
5756,5365
5724,5288
5724,4900
5715,4556
5711,4697
5692,4705
5688,4890
5685,4518
5671,4843
5669,4777
5664,5143
5663,5007
5662,4458
5660,4846
5658,4784
5655,4723
5608,4495
5605,4537
5598,4634
5595,4476
5584,4769
5584,4837
5580,4553
5577,5108
5562,4736
5560,4486
5557,4165
5557,4368
5557,4121
5555,4587
5552,4743
5539,4727
5533,4303
5532,4664
5486,4533
5483,4716
5480,4479
5471,4623
5470,4402
5446,4439
5445,4014
5442,4422
5422,4159
5422,4087
5421,4355
5400,4017
5400,4104
5398,3953
5398,3820
5393,4278
5392,3863
5392,3928
5382,4259
5382,4084
5380,4014
5380,4462
5379,4067
5379,4355
5378,4035
5377,3882
5348,4408
5348,4256
6210,5897
6197,7067
6178,6156
6178,6048
6188,5965
6178,6251
6152,6099
6148,6043
6147,5974
6137,5758
6137,5680
6128,5951
6117,5383
6105,5557
6074,5520
6053,5362
6001,5549
5975,5698
5956,5343
5928,5406
5924,5243
5914,5153
5865,4675
5860,5211
5830,5179
5808,4935
5806,4917
5802,4961
5769,4734
5769,4968
5760,5116
5756,4839
5741,5052
5733,5086
5730,5142
5716,5199
5714,4894
5709,4549
5708,5398
5707,5260
5705,5351
5703,5201
5700,5344
5653,4722
5650,4792
5643,4593
5640,4835
5629,4963
5629,5045
5625,4854
5622,4722
5622,4920
5606,4750
5605,4589
5602,4540
5602,4449
5600,4631
5600,4745
5596,4401
5584,4901
5577,4365
5577,4106
5531,4649
5528,4229
5516,4053
5516,4334
5514,3907
5491,4271
5490,4508
5474,4532
5467,4399
5467,4336
5466,4315
5445,4109
5445,3988
5443,4149
5443,4279
5438,4273
5437,4136
5437,4503
5427,4359
5427,4442
5425,4358
5425,4471
5424,4114
5424,4273
5423,4222
5422,3828
5393,3930
5393,3598
5393,3834
5393,4335
6219,5776
6219,6180
6200,5664
6191,6096
6194,6405
6190,5792
6189,6388
6179,5923
6179,5555
6170,6056
6159,6166
6124,5605
6099,5969
6091,5917
6025,5256
6006,5467
5994,5236
5968,5979
5959,5539
5958,5302
5904,5534
5897,5145
5874,5249
5850,5331
5846,5336
5845,4550
5813,5058
5804,4844
5800,5032
5785,4889
5781,4699
5777,5113
5774,5112
5760,5053
5754,5121
5752,4860
5751,4701
5749,4578
5747,4608
5744,4329
5698,4279
5694,4653
5687,4695
5684,5255
5684,4697
5673,4756
5673,4273
5669,4276
5666,4802
5651,4839
5649,4644
5646,4496
5646,4949
5646,4807
5644,4743
5640,4624
5628,4198
5622,4402
5621,4482
5575,4478
5572,4161
5569,4069
5560,4371
5559,4456
5558,4420
5534,4230
5518,4652
5518,4466
5511,4323
5510,4252
5510,4137
5489,4473
5489,4484
5487,4431
5482,4144
5481,3873
5481,4579
5481,4093
5471,3662
5471,3676
5469,4093
5469,4202
5468,4283
5468,3924
5467,3779
5466,3652
5437,3934
5437,4109
5437,3846
5437,3769
5430,3511
5430,3549
6241,5400
6233,6262
6211,6027
6236,5732
6233,6011
6223,5766
6223,5811
6215,5817
6202,5815
6184,5844
6143,5748
6138,5580
6066,5179
6055,5261
6043,5325
6016,5071
6012,5101
6002,5330
5953,5315
5948,5133
5918,5270
5896,5296
5894,5266
5890,5226
5857,5040
5857,5147
5848,5066
5844,4581
5829,5171
5825,5149
5821,5113
5804,5265
5802,4881
5798,4953
5796,5116
5795,4796
5793,4855
5791,4836
5788,5169
5742,4251
5738,5113
5731,4584
5728,4901
5728,4540
5717,4755
5717,4672
5713,4538
5710,4726
5695,4528
5693,4748
5693,4668
5690,4252
5690,4394
5688,4402
5684,4126
5681,5467
5666,4135
5665,4077
5619,4527
5618,4357
5613,4205
5604,4401
5604,4554
5602,4897
5579,4226
5578,3920
5562,4180
5555,3909
5555,4062
5554,4255
5533,4126
5533,4450
5531,4093
5531,4091
5526,4028
5525,3663
5525,4130
5515,4035
5515,3959
5513,3946
5513,4061
5512,4068
5512,4492
5511,4099
5510,4290
5481,4081
5481,3727
5481,3747
5481,3604
5481,4378
5474,4421
5474,4077
6283,5567
6277,6384
6255,5801
6278,5970
6277,6347
6267,5994
6267,6053
6258,5408
6247,5843
6234,6000
6204,5917
6183,5863
6133,5916
6101,5410
6083,5510
6060,5248
6056,5704
6046,5614
5997,5540
5992,5657
5984,4938
5940,4707
5938,5490
5934,5096
5933,5661
5901,5179
5892,5054
5888,5191
5873,6032
5869,5471
5865,5107
5862,4775
5846,5033
5842,4675
5840,5078
5839,4985
5837,4938
5835,5137
5832,4734
5786,5208
5782,5196
5775,4726
5775,5081
5772,4973
5761,5281
5761,4935
5757,4950
5754,5208
5739,5329
5737,5358
5737,5060
5734,4248
5734,4645
5732,5067
5729,4188
5729,4825
5719,4326
5715,4615
5676,4413
5663,4580
5660,4680
5648,4684
5648,4544
5647,4330
5623,4237
5622,4108
5619,4159
5599,4086
5599,3901
5598,4505
5598,4459
5577,4449
5575,4097
5575,4068
5570,3914
5569,3811
5569,4352
5569,4392
5559,3908
5557,4000
5557,4146
5556,3734
5556,4149
5555,4162
5554,4513
5525,4477
5525,3950
5525,4351
5525,4102
5525,4259
5518,4201
5518,3698
6329,5648
6321,6447
6299,6192
6322,6375
6321,5517
6311,5959
6311,6392
6302,6509
6291,5745
6287,5931
6262,6292
6251,5878
6179,6000
6174,5326
6143,5521
6110,5422
6091,5567
6090,5651
6041,5525
6029,5080
6028,5223
6005,5608
5982,5240
5977,5252
5945,5276
5945,4916
5936,5011
5917,4779
5913,4772
5909,5210
5906,4726
5892,4592
5890,4569
5885,4477
5884,4941
5883,5005
5881,5033
5876,4827
5830,4712
5826,4809
5826,4471
5819,4591
5816,4304
5805,4314
5805,4454
5801,4222
5798,4232
5783,4594
5781,4265
5778,4557
5778,4273
5778,4162
5776,4511
5773,4076
5764,4796
5764,4505
5763,4611
5729,4507
5724,4621
5718,5017
5709,4667
5695,4664
5690,4844
5666,4457
5663,4606
5663,4663
5656,4162
5655,4012
5642,4126
5621,4017
5619,4299
5619,4231
5614,4121
5613,3964
5613,3802
5613,4406
5603,3727
5601,4399
5601,4647
5600,4161
5600,4556
5599,4347
5598,4516
5569,3968
5569,4055
5569,3709
5569,4096
5562,4018
5562,3901
5561,4624
5561,3907
5560,4106
6341,5564
6339,6236
6355,6114
6355,6227
6355,6214
6345,5460
6331,5785
6309,5954
6304,6159
6301,5614
6255,5530
6237,6050
6225,6234
6182,5829
6169,5245
6146,5588
6085,5492
6073,5719
6072,5514
6048,5647
6044,5132
6043,5622
6010,5320
5980,4870
5976,5077
5961,4679
5957,4803
5953,4799
5950,4954
5936,4900
5934,5337
5928,9871
5927,4870
5925,4781
5923,4434
5920,4683
5874,4613
5870,4315
5870,4529
5863,4337
5860,4548
5849,4234
5849,4419
5845,4785
5842,4609
5827,4552
5825,4316
5825,4490
5822,4517
5822,4702
5820,4607
5817,4350
5817,4508
5808,4474
5807,4278
5774,4399
5774,4123
5772,4270
5759,4516
5752,4068
5751,4242
5715,4116
5710,4637
5707,4287
5700,4062
5700,3941
5699,4261
5677,4481
5677,4616
5663,4291
5658,4436
5657,4132
5657,3867
5657,4035
5647,4056
5647,4553
5645,4547
5645,4229
5644,4533
5644,4111
5643,4863
5642,4019
5613,3994
5613,4085
5613,3606
5613,4395
5606,3949
5606,3949
5605,4498
5604,3808
5597,4319
5597,3886
6374,5494
6368,5911
6394,6357
6385,5714
6374,5698
6370,6226
6346,6323
6343,5389
6299,5379
6296,6336
6285,6354
6261,5724
6238,5553
6230,5806
6154,5681
6123,5713
6120,5460
6093,5258
6088,5439
6087,5652
6054,5415
6054,5737
6041,5042
6005,5080
6001,5189
5997,5396
5994,5129
5980,5458
5978,5360
5973,5490
5971,5664
5969,5432
5967,5512
5964,5126
5918,4746
5914,5230
5907,5112
5904,5063
5904,5130
5893,5107
5893,5652
5889,5534
5886,5279
5871,4729
5869,4628
5866,5040
5866,4271
5866,4602
5864,4697
5861,4517
5852,4426
5852,4249
5851,4525
5818,4786
5816,4778
5816,4598
5807,4991
5806,5069
5776,4374
5774,4502
5765,4944
5755,4889
5744,4429
5743,4469
5743,4539
5721,4659
5719,4718
5719,4555
5714,4321
5701,4420
5701,4684
5691,3956
5691,3838
5689,4139
5689,3982
5688,4329
5688,4653
5687,4511
5686,4624
5657,4192
5657,4664
5657,4382
5657,4527
5650,4182
5650,4264
5649,3675
5648,3946
5648,3656
5641,4033
5641,4085
5640,4203
5640,3947
6405,5239
6404,6136
6415,6239
6393,5921
6388,5884
6385,5668
6342,5938
6335,5808
6330,5871
6304,5256
6292,5325
6290,5389
6211,5381
6197,5343
6183,5567
6138,5353
6134,4825
6133,5090
6100,5027
6100,4966
6087,5175
6070,5469
6066,5573
6041,5051
6038,5113
6024,5081
6022,5138
6017,5042
6016,5046
6015,5624
6013,4591
6011,5035
6008,4765
5961,5087
5958,4740
5951,4353
5948,4782
5937,4595
5937,4380
5933,4592
5930,4521
5930,4340
5914,4716
5913,4625
5910,4451
5910,4583
5908,4425
5908,4600
5905,4460
5896,4601
5895,4528
5895,4673
5862,4676
5860,4309
5851,4725
5851,4487
5850,4840
5820,4215
5818,4378
5809,4023
5799,4140
5788,3918
5787,4204
5787,4272
5765,3895
5763,4574
5763,4470
5758,4609
5757,4443
5745,4667
5735,4355
5735,4431
5733,4210
5733,4191
5732,4229
5732,4300
5731,3894
5730,3857
5701,4475
5701,4419
5701,4165
5701,4471
5694,4625
5694,4313
5693,4455
5693,4307
5692,3902
5685,4186
5685,4073
5684,3791
5684,3802
5684,4341
6445,5602
6432,6585
6435,6417
6430,6452
6427,5433
6386,6157
6379,6172
6374,6030
6348,5646
6336,6044
6269,5986
6255,5816
6241,5302
6227,5355
6197,5203
6178,5043
6177,5547
6144,5569
6135,5640
6131,5332
6114,5395
6110,4888
6106,4842
6082,4919
6068,4913
6062,5155
6060,4783
6059,4909
6057,4987
6055,4706
6052,4912
6006,5253
6002,4944
5995,4719
5992,4981
5992,4919
5981,5072
5981,4553
5977,4739
5974,4877
5959,4373
5957,4622
5954,4574
5954,5099
5954,4588
5952,4651
5949,4568
5940,4369
5940,4533
5939,4268
5906,4606
5904,4157
5904,4660
5895,4151
5894,4778
5893,4413
5864,4534
5859,4213
5858,4437
5843,4168
5842,4408
5831,4165
5809,4455
5809,4315
5807,3911
5802,4387
5801,4003
5801,3983
5801,4958
5779,4385
5779,4729
5777,4440
5776,4371
5776,4647
5775,4387
5774,4620
5745,4174
5745,3772
5745,3995
5745,4077
5745,4252
5738,4405
5738,4414
5737,4203
5736,4468
5729,3979
5729,4147
5728,4404
5728,4538
5728,4668
5728,4494
5728,4293
6447,5536
6470,6307
6464,5999
6433,6590
6423,6444
6418,5808
6392,5612
6381,5935
6378,5980
6307,6195
6297,5481
6288,5597
6252,5302
6237,5469
6236,5483
6188,5628
6179,5095
6175,5193
6158,4968
6154,5298
6150,5135
6147,4980
6110,5183
6106,5297
6104,4919
6103,5241
6101,5277
6099,5212
6096,5011
6050,4977
6046,4900
6039,4949
6036,4699
6025,4800
6025,4764
6021,5194
6018,5189
6018,5265
6002,5213
6001,5040
5998,5239
5998,5227
5996,5190
5993,5224
5993,5423
5984,4602
5983,4859
5950,4886
5950,4913
5948,4955
5939,4929
5938,5462
5937,5157
5908,5101
5904,4846
5904,4736
5894,4640
5889,4366
5889,4939
5856,4695
5851,4928
5851,4701
5846,4830
5845,4737
5845,4993
5845,4652
5835,4883
5833,5017
5821,4851
5820,4709
5820,4904
5819,4672
5818,5016
5789,4798
5789,5157
5789,4653
5789,4335
5782,4206
5782,4546
5781,4502
5781,4121
5780,4397
5773,3938
5773,4199
5772,4300
5772,3834
5772,4336
5772,3971
5772,3944
5768,4147
5768,3702
5768,4203
6517,5533
6552,6575
6539,6549
6512,6561
6508,6611
6496,5823
6423,6324
6417,6275
6403,5728
6402,6165
6368,6210
6344,5589
6340,5606
6285,5959
6282,5997
6268,5632
6264,5662
6244,5857
6240,5822
6233,5773
6227,5716
6211,5287
6188,5925
6181,5319
6180,5493
6179,5197
6177,5235
6175,5729
6172,5568
6124,5859
6120,5528
6111,5159
6106,5178
6106,5400
6095,5397
6095,5527
6089,4940
6086,4853
6067,5186
6065,5474
6064,5317
6060,5370
6060,5226
6060,5178
6058,5000
6055,5087
6055,5117
6046,5205
6045,5306
6045,5269
6012,5146
6010,5042
6010,4750
6001,4770
6000,4622
5999,5056
5970,4759
5963,5357
5958,5190
5945,5019
5934,4976
5933,4713
5933,4632
5911,4406
5911,4721
5908,4670
5901,4745
5886,4741
5884,5139
5884,4979
5872,4690
5872,4762
5870,4884
5870,4894
5869,4854
5869,4783
5868,4968
5867,4923
5837,4743
5837,4755
5837,4795
5837,4749
5837,4707
5830,5079
5830,4375
5829,4431
5827,4101
5819,4911
5819,4579
5819,4291
5818,4506
5818,4507
6650,5927
6680,7008
6675,6409
6649,6483
6646,6202
6600,6645
6597,6218
6584,5795
6556,6195
6542,6067
6531,5518
6456,5812
6424,6066
6422,5875
6373,5722
6371,5801
6363,6024
6327,5547
6327,5306
6313,5388
6309,6425
6263,5469
6257,6174
6250,5575
6235,5834
6233,5830
6226,5805
6225,5772
6224,5376
6222,5156
6220,4747
6217,5762
6167,5432
6164,6050
6155,5766
6150,5059
6139,4516
6139,5802
6133,4741
6130,5037
6111,5299
6109,5527
6108,4807
6104,4762
6104,4812
6102,4805
6099,5068
6099,5123
6090,4729
6089,4767
6056,4872
6056,5037
6054,4719
6045,5317
6045,4643
6042,4606
6013,5186
6002,4787
6002,4864
5978,4814
5978,4543
5977,4820
5955,4959
5955,4517
5953,4350
5952,4556
5944,4325
5928,4057
5928,4211
5916,4062
5916,4228
5914,4023
5914,4269
5913,4970
5913,4186
5912,4374
5911,4622
5881,4579
5881,4201
5881,4773
5881,4307
5874,4200
5874,4350
5874,4342
5873,4307
5871,3952
5863,4201
5863,4281
5862,3943
5862,4311
5862,4033
5862,4272
6680,5966
6715,6447
6692,6635
6689,6661
6644,6445
6641,5986
6628,6439
6601,6422
6589,5950
6569,5843
6487,6049
6481,5767
6451,5615
6418,5973
6415,5746
6408,5302
6407,5295
6371,5301
6358,5406
6332,5360
6311,5710
6307,5177
6300,5377
6294,4878
6279,5517
6277,5569
6270,5364
6269,5324
6268,5284
6266,5532
6264,4955
6261,5056
6211,5145
6208,5524
6199,5320
6194,5158
6183,5002
6183,5185
6177,4512
6177,4621
6174,4803
6153,4718
6152,4742
6148,5183
6148,5239
6148,4811
6146,4836
6143,5178
6134,5200
6134,4574
6133,4602
6100,4864
6099,4776
6094,5045
6079,4847
6079,4886
6064,4771
6037,4734
6035,4773
6032,4387
6022,4169
6022,4326
6021,4653
6006,4738
5985,4077
5983,4368
5982,4249
5975,4643
5974,4728
5972,4676
5972,4756
5960,4564
5960,4550
5958,4426
5958,4631
5957,4623
5957,4882
5956,4396
5955,4082
5925,4658
5925,3921
5925,4355
5925,4311
5925,4288
5918,4013
5918,4279
5917,4119
5915,4563
5907,4633
5907,4416
5907,4623
5906,4117
6969,6401
6957,7740
6953,6799
6924,6605
6884,6861
6859,6630
6849,7083
6763,6251
6742,6998
6735,6267
6701,6689
6683,6567
6679,6241
6621,6041
6586,6409
6582,6322
6554,6129
6552,5755
6544,5990
6509,5797
6507,5783
6493,5992
6489,6214
6468,5846
6464,5803
6457,6147
6436,6078
6434,6437
6428,5455
6426,6302
6425,6200
6423,5699
6419,6187
6414,5381
6356,5018
6355,5044
6350,6001
6340,5752
6335,5475
6322,5739
6322,5993
6314,5876
6311,5346
6311,5277
6289,5395
6288,5529
6284,5467
6284,5293
6283,5082
6277,5567
6262,5682
6248,5701
6231,5340
6225,5224
6188,5227
6186,5317
6184,5411
6174,5014
6168,4980
6167,4604
6123,4759
6118,4819
6118,5173
6107,5281
6107,4872
6106,4252
6085,4911
6085,4923
6082,4332
6081,4925
6073,5056
6072,4845
6070,5035
6070,4182
6058,4743
6056,4633
6056,4248
6055,4301
6055,4662
6055,4935
6053,4449
6052,5164
6019,4813
6017,4457
6016,4493
6016,4795
6008,4465
6008,4029
6006,4463
6006,4441
6004,4516
5995,4090
7053,6747
7042,8032
7042,7561
7031,7430
7006,6986
6966,7407
6921,6822
6885,7209
6871,6934
6818,6785
6815,6862
6805,6889
6766,6733
6756,6406
6724,7015
6662,6404
6657,6562
6647,6353
6644,6253
6614,6204
6607,6556
6606,6078
6570,6299
6568,6196
6552,5884
6527,6085
6523,6406
6517,6328
6510,5932
6495,6195
6493,6550
6487,5933
6485,5384
6484,6624
6482,6102
6478,5545
6473,6140
6416,6163
6410,6272
6410,5694
6400,6101
6395,6190
6382,5168
6382,5761
6373,6186
6370,5838
6370,5104
6348,5831
6347,5851
6342,5518
6339,4960
6330,4967
6324,5902
6300,5656
6297,5648
6280,5303
6280,5383
6247,5272
6245,5492
6241,5207
6233,5348
6217,5634
6211,5564
6181,5134
6179,5083
6176,5001
6176,5247
6164,5361
6163,5471
6163,5299
6141,5250
6141,4927
6138,4679
6137,4484
6128,4598
6126,4658
6126,4746
6114,4804
6114,4837
6112,4896
6112,4421
6111,4410
6111,4742
6109,4963
6108,4943
6074,4815
6072,4625
6071,4251
6071,4690
6071,4621
6063,4806
6063,5061
7165,6950
7149,8432
7119,7640
7111,7841
7100,7827
7079,7511
7050,7505
7028,7106
6977,7474
6956,6913
6927,7018
6927,6759
6870,7102
6861,6196
6847,6928
6820,6523
6789,6687
6775,6533
6716,6287
6711,6549
6698,5839
6671,5930
6668,6454
6661,6115
6625,6073
6623,5934
6607,6210
6603,5907
6582,6067
6578,6406
6565,5925
6550,6450
6548,6214
6542,6125
6540,6637
6539,5854
6537,5900
6532,5976
6528,5678
6469,5539
6463,5435
6453,5839
6448,5531
6435,5681
6435,5389
6426,5901
6426,5373
6423,5341
6401,5301
6400,5741
6395,6035
6392,5555
6383,5817
6377,6031
6353,5483
6339,4813
6333,5681
6332,5794
6300,5068
6298,5146
6292,5205
6286,5434
6264,5440
6234,4535
6232,4888
6229,4386
6217,5287
6217,5422
6216,5523
6216,4944
6194,4919
6191,4831
6190,4901
6182,4983
6181,4692
6179,4786
6167,4658
6167,5418
6165,4985
6165,4874
6164,4964
6164,5087
6162,5575
6161,5471
6127,4506
6125,4635
6124,4191
6124,4406
6116,4800
6116,5223
6114,5069
6114,4215
7204,7048
7184,7833
7177,7602
7167,7417
7166,7721
7154,7883
7127,7333
7084,7309
7055,7120
7005,7045
6990,7144
6936,7006
6926,6821
6887,6921
6877,6970
6866,6718
6783,6541
6778,6934
6768,6593
6738,6649
6735,6185
6728,6607
6692,6537
6690,5906
6674,6622
6670,6318
6649,5425
6639,6220
6632,6387
6617,5759
6615,6127
6608,6382
6607,5992
6606,5958
6604,6111
6599,6098
6593,5885
6535,6162
6530,6013
6520,5912
6515,5823
6502,5454
6502,5800
6493,5808
6490,5902
6470,5526
6467,5633
6467,5801
6463,5783
6463,5392
6460,5078
6450,5720
6434,5760
6427,5527
6423,4950
6373,5629
6368,6004
6361,5327
6351,5552
6345,5094
6344,5566
6313,5004
6310,5040
6294,5091
6282,5321
6281,5302
6281,5327
6259,5313
6256,4781
6255,4802
6247,4443
6246,4794
6244,4840
6232,4778
6232,5096
6230,4395
6230,4748
6229,4824
6229,5369
6227,5395
6226,5079
6192,4864
6190,4933
6189,5157
6189,5006
6181,5176
6181,4939
6179,4731
6179,5025
6177,5190
6166,4985
6166,5054
7218,6974
7218,7797
7216,7827
7202,7566
7181,7443
7155,7557
7139,7513
7122,7418
7049,7459
7034,7191
6997,7261
6942,7155
6923,7036
6919,6459
6856,6748
6846,6639
6843,6874
6813,6011
6785,6453
6784,6263
6749,5743
6732,6223
6727,6003
6706,5837
6702,5692
6695,6123
6689,6329
6674,6369
6672,5968
6664,6419
6663,6135
6661,6521
6657,6265
6652,6002
6593,6284
6587,6049
6587,6166
6577,6198
6572,5782
6559,6135
6559,5528
6550,5980
6547,5657
6527,5971
6524,5893
6524,6037
6520,5900
6520,6016
6517,6007
6517,5612
6510,5887
6497,5615
6496,5760
6492,5555
6453,5699
6442,5580
6415,5913
6412,5828
6401,5523
6371,5304
6369,5380
6366,5420
6366,5435
6354,5086
6337,5378
6337,5196
6315,5512
6315,4821
6312,5429
6303,5283
6302,4610
6300,5227
6300,5093
6288,5107
6288,5204
6286,5033
6286,5311
6285,5253
6285,4929
6283,5111
6282,5020
6248,4974
6246,5146
6246,4986
6245,5154
6245,4962
6237,4919
6237,4884
6235,4689
6233,5259
6233,4768
6222,4890
7282,7369
7276,8339
7276,7758
7274,7830
7259,7924
7243,7209
7202,7133
7188,7352
7161,7015
7102,7221
7068,7114
7041,6909
6996,6803
6989,6610
6975,5961
6916,9701
6911,6449
6898,6486
6850,6083
6847,6292
6840,6127
6839,6230
6802,6350
6787,6469
6782,6042
6761,6064
6757,6307
6750,5946
6744,6212
6729,5917
6727,5789
6720,5920
6719,6030
6718,6086
6716,5934
6711,6149
6705,5572
6647,5764
6642,5961
6632,5811
6627,5471
6614,5601
6614,5982
6614,5784
6605,5362
6602,5842
6582,5458
6579,5674
6579,5393
6575,5903
6575,5802
6572,4958
6569,5772
6551,5931
6536,5751
6518,5007
6514,5433
6476,5445
6474,5587
6472,5084
6462,5522
6456,5241
6455,5177
6408,5281
6406,4931
6403,5050
6391,5133
6391,5358
6390,5335
6390,4647
6368,4728
6365,4748
6364,4852
6356,4773
6355,4956
6353,5158
6353,4990
6341,4410
6341,4588
6339,4655
6339,4999
6338,4968
6338,4943
6336,4411
6335,4533
6301,4567
6299,4709
6299,4707
6298,4665
6298,4437
6290,4500
6290,4397
7404,7097
7387,8263
7381,7334
7351,7701
7344,7647
7323,7461
7289,7403
7278,7085
7221,7073
7196,7208
7173,7223
7159,7022
7148,7284
7096,7057
7083,6557
7079,6833
7031,6813
7021,6502
7010,6751
7006,6384
6943,6646
6934,6252
6930,6463
6902,6253
6893,6078
6892,6713
6857,6197
6855,6323
6839,6522
6835,6372
6814,6884
6810,5921
6797,6094
6782,6209
6780,5750
6774,6097
6772,5950
6771,5787
6769,5734
6765,6204
6760,6098
6702,5717
6696,5971
6696,5992
6686,5440
6681,6314
6668,5937
6668,5505
6659,6020
6656,5775
6656,5459
6628,5603
6617,5505
6610,5712
6589,5294
6586,5803
6571,5328
6568,5400
6561,5448
6559,5891
6554,5978
6524,4894
6506,5648
6504,5703
6498,5478
6492,5207
6491,5609
6462,5744
6457,5458
6457,5389
6445,5006
6445,5218
6444,5529
6422,5470
6422,5342
6419,5056
6418,5160
6410,5403
6409,5379
6407,5608
6407,4696
6395,4859
6393,4915
6393,5460
6392,4842
6392,4595
6390,4581
6389,4935
6354,4876
6354,4662
6352,5035
6351,4670
7507,7149
7486,8642
7486,7801
7458,7883
7442,7756
7398,7444
7383,7517
7352,7576
7333,7104
7283,7368
7253,7290
7229,7199
7223,7091
7201,7265
7193,7352
7177,7122
7135,7066
7110,6987
7107,6968
7074,6783
7063,6880
7001,6825
6996,6471
6986,6756
6983,6493
6953,6508
6946,6485
6945,6524
6910,6514
6893,5656
6888,6714
6867,6117
6863,6289
6856,6561
6850,6264
6835,6578
6827,6290
6825,5798
6824,6488
6822,6073
6818,6016
6813,6424
6755,6009
6749,5695
6739,5976
6734,5605
6734,5573
6721,5727
6721,5968
6712,5876
6709,5433
6689,5573
6680,5793
6666,5011
6663,5390
6642,5569
6636,5670
6623,5145
6616,5241
6614,5394
6611,5395
6577,5299
6577,5733
6557,5255
6551,5608
6545,5010
6544,5149
6513,5237
6510,5437
6510,5382
6498,4620
6497,4649
6497,5077
6475,5015
6472,5266
6471,5456
6463,5072
6462,5263
6460,5504
6460,5110
6448,4503
6446,4523
6446,4677
6445,5250
6445,5331
6443,5260
6442,4852
6407,4862
6405,4861
6404,5015
6404,4855
6404,4589
7538,7381
7536,8527
7505,8046
7488,7759
7459,8432
7451,7987
7429,7961
7416,7457
7384,7227
7327,7208
7302,7181
7279,6839
7265,7170
7257,7188
7204,7301
7189,6749
7182,6941
7137,6855
7127,6503
7113,6767
7054,6326
7049,6623
7036,6217
7009,6518
7006,6475
6999,6028
6963,6582
6961,6403
6945,6263
6941,6429
6920,5832
6910,6250
6903,6292
6888,6021
6886,6019
6879,6134
6878,5844
6877,6018
6875,6770
6870,5779
6864,6174
6807,6098
6802,5921
6792,6164
6787,5410
6774,6980
6774,6111
6765,5940
6762,6372
6742,5396
6740,6048
6736,5531
6729,5681
6718,5836
6713,6015
6689,5514
6685,6120
6669,5920
6669,5605
6636,5896
6634,5721
6628,5176
6622,5692
6598,5706
6597,5796
6568,5138
6563,5476
6563,5619
6551,5897
6551,5498
6550,4819
6528,4684
6528,4921
6525,5284
6516,5330
6515,4751
6513,4910
6513,4936
6501,4984
6501,5213
6499,5055
6499,4900
6498,4965
6498,4776
6496,4791
6495,4914
6460,4839
6458,4474
6457,4413
6457,4690
6449,4687
6449,4815
7562,7065
7546,8459
7514,7762
7510,7744
7503,7737
7483,7373
7468,7292
7432,7359
7421,6964
7365,7282
7328,6989
7318,7236
7314,7003
7258,6995
7248,6581
7211,6922
7201,6691
7169,6715
7107,6339
7102,6724
7092,6490
7062,6471
7059,6525
7052,6387
7051,6547
7014,6299
6999,6343
6994,6337
6973,5768
6969,6228
6962,5833
6941,5865
6939,6605
6933,6190
6931,6292
6930,5987
6928,6228
6924,6190
6919,6074
6861,6141
6855,5762
6845,5653
6840,5827
6827,5700
6827,5752
6827,5329
6818,5778
6815,5398
6793,5623
6792,5920
6788,5458
6785,5620
6782,5922
6768,5525
6762,5929
6732,5709
6728,5829
6721,5467
6689,5584
6687,5630
6685,5482
6675,5224
6669,5415
6621,5591
6619,5531
6616,5271
6616,4837
6604,5003
6603,4875
6603,5215
6581,5147
6578,5146
6577,4986
6569,4762
6568,4893
6566,5041
6566,5640
6554,5206
6552,4700
6552,4853
6551,4915
6551,5104
6549,4928
6548,5039
6513,5108
6511,4562
6510,4676
6510,4538
6502,4743
6502,5241
6502,5056
6500,4969
7586,6873
7563,7558
7558,7513
7546,7206
7546,7634
7534,7378
7508,7505
7472,8221
7435,7437
7395,7523
7376,7545
7316,7350
7304,7111
7297,7395
7254,7194
7243,7135
7239,6703
7155,7088
7145,6578
7142,6955
7112,6555
7105,6662
7104,6695
7069,6972
7052,6686
7047,6847
7026,6649
7022,6403
7015,6674
7009,6408
6994,6692
6986,6272
6984,6622
6983,6369
6981,6824
6977,6188
6972,6465
6914,6078
6908,6145
6898,5416
6893,6315
6880,6315
6880,6281
6880,6205
6871,6002
6868,6361
6846,5401
6845,6440
6841,5521
6841,5769
6841,5831
6835,5547
6825,5826
6804,5776
6801,5168
6783,5737
6746,5774
6740,5261
6728,5468
6728,5586
6722,5637
6692,5192
6690,5318
6669,5607
6657,5728
6657,4984
6656,6156
6634,5475
6634,5253
6631,5231
6630,5713
6622,5844
6621,5116
6619,5127
6607,5088
6607,5373
6605,5042
6605,4982
6604,5491
6604,5560
6602,5008
6601,5077
6566,4826
6564,4831
6563,5190
6563,4948
6555,5054
6555,4930
6553,5123
6553,4812
6551,4816
6540,4801
7602,7041
7594,8323
7594,7437
7592,7862
7577,8171
7551,7501
7509,7301
7486,7560
7473,7470
7393,7077
7365,6762
7350,7005
7307,6886
7296,6819
7292,6633
7229,6742
7219,6391
7195,6827
7165,6274
7158,6693
7157,6315
7122,6993
7105,6676
7100,6113
7079,6302
7075,6059
7068,6405
7062,6133
7047,5829
7039,6199
7037,6043
7036,6098
7034,6320
7030,5783
7025,6378
6967,6366
6961,5701
6951,6060
6946,5770
6933,5623
6933,6118
6933,5599
6924,5550
6921,5929
6899,5479
6898,5386
6894,5763
6894,5695
6894,5907
6891,5665
6884,5410
6868,5217
6865,5944
6855,5629
6817,5640
6801,5591
6795,5395
6781,5534
6775,5876
6745,5160
6743,5206
6740,5657
6728,5308
6710,5784
6709,5484
6709,4913
6687,5622
6684,5068
6683,5525
6675,6026
6674,5949
6672,4854
6660,6220
6660,5128
6658,5195
6658,5271
6657,5434
6657,4884
6655,4953
6654,5505
6619,5305
6617,5151
6616,5257
6616,5510
6608,4734
6608,5435
6606,4606
6604,5082
6593,4819
6593,4907
6593,4792
6592,4887
7643,7111
7632,7954
7613,7896
7607,7946
7579,7872
7566,7840
7499,7636
7476,7407
7455,7317
7390,7249
7368,7157
7346,6613
7287,6613
7282,6697
7269,7071
7242,7014
7239,6760
7211,6890
7175,6375
7173,6744
7157,6768
7153,6510
7132,6191
7122,6373
7115,6492
7100,6140
7098,6474
7092,6442
7090,6145
7089,6570
7087,6170
7082,6386
7076,6083
7019,6310
7014,5988
7004,5822
6999,6409
6986,5535
6986,6166
6977,5745
6974,5792
6974,6179
6952,5640
6951,6051
6947,5886
6947,5662
6944,5788
6944,5657
6937,6130
6924,5857
6923,5680
6919,5928
6880,5849
6870,5102
6856,5955
6842,5784
6831,5093
6798,5568
6796,5538
6793,5146
6781,5754
6781,5688
6780,5541
6740,5186
6740,5630
6737,5473
6736,5198
6728,5428
6725,5146
6725,5515
6713,5127
6713,5178
6711,5217
6711,5450
6710,4664
6710,4891
6708,5295
6707,5410
6672,5161
6670,6540
6669,5059
6669,4974
6661,4910
6661,5518
6659,5181
6657,4785
6657,4833
6646,5125
6646,4826
6645,4747
6645,4740
6645,4933
7679,6951
7659,7957
7633,7070
7627,7936
7623,7383
7560,7932
7537,8044
7477,7412
7464,6778
7420,7053
7348,7030
7335,6932
7322,6772
7295,6946
7292,6723
7285,6775
7228,6578
7226,6404
7210,6361
7206,6336
7185,6472
7175,5828
7168,6657
7153,6659
7151,6248
7145,6462
7143,6171
7142,6452
7140,5908
7135,6487
7129,6101
7072,6134
7067,6455
7057,6026
7052,6451
7039,5995
7039,6380
7030,6241
7027,5870
7027,6343
7005,5971
7004,5944
7000,5579
7000,6172
6997,6342
6997,5766
6990,6120
6977,5653
6976,6116
6975,6098
6936,5417
6931,5967
6911,5569
6909,5992
6888,5861
6855,5275
6849,5591
6846,5626
6834,4949
6834,5561
6833,5670
6793,5404
6793,5159
6790,5136
6789,4864
6781,5390
6778,5404
6778,5683
6766,5065
6766,5241
6764,5301
6764,4841
6763,4908
6763,5221
6761,5241
6760,5180
6725,4663
6723,4806
6722,5078
6722,5111
6714,4995
6714,4957
6712,5001
6712,4888
6710,5350
6699,5099
6699,4785
6698,4961
6698,5185
6698,4835
6698,4679
6698,5104
7679,6731
7676,7707
7669,7370
7624,7331
7593,7194
7566,7082
7524,7072
7475,6950
7461,7006
7393,6574
7379,6854
7375,6361
7347,6901
7338,6509
7337,6678
7281,6245
7279,6665
7263,6053
7238,6559
7234,6203
7228,6486
7221,6466
7206,6358
7204,6373
7197,6169
7196,6535
7195,6001
7193,6254
7188,6695
7182,5988
7125,6205
7120,5745
7110,6641
7105,6319
7092,5794
7092,5938
7083,5724
7083,6028
7080,5949
7058,5661
7057,5972
7053,5750
7053,6084
7053,5401
7050,5943
7043,6423
7030,5712
7030,6110
7028,5551
6989,5458
6984,5840
6974,5495
6962,5446
6942,5628
6937,5386
6904,5493
6899,5614
6899,5208
6887,5786
6886,5504
6886,4892
6846,5021
6846,5622
6843,5079
6842,5146
6833,5437
6831,5542
6831,6744
6819,6285
6819,6189
6817,5394
6817,6867
6816,6538
6816,5119
6814,6004
6813,8678
6778,5634
6776,5921
6775,5121
6775,5657
6767,5674
6767,5465
6765,5830
6765,7212
6763,5422
6752,5534
6752,5406
6751,5199
6751,9559
6751,5273
6751,6304
6751,5832
7732,7169
7729,7923
7722,8410
7669,7549
7646,7609
7619,7463
7570,7513
7526,7166
7512,7348
7441,7141
7432,6930
7428,7065
7398,6764
7391,6890
7390,6543
7334,7345
7332,7156
7312,7382
7291,7086
7287,6911
7280,6720
7274,9929
7259,7369
7257,10468
7250,6459
7248,6887
7246,6316
7242,6750
7237,6580
7179,10911
7173,6963
7163,6382
7163,6520
7158,5858
7145,6327
7145,5834
7136,6350
7133,6092
7113,5876
7110,6020
7106,5826
7106,5756
7106,6023
7103,5651
7096,5898
7083,5433
7083,5833
7081,6129
7045,5687
7042,6165
7035,5630
7017,5640
7009,5503
6994,5421
6961,5879
6952,5791
6952,5409
6940,5681
6939,5457
6939,5468
6915,5545
6899,5678
6896,4961
6887,4906
6886,5405
6884,5347
6884,5674
6872,5066
6872,5321
6870,5083
6870,5278
6869,5370
6869,5202
6867,4866
6866,5408
6831,5271
6829,4997
6828,5177
6828,5332
6820,5419
6820,5037
6818,5088
6816,5381
6805,4961
6805,4896
6805,5112
6804,4902
6804,4829
6804,4976
6804,5205
6804,4657
6799,4699
7772,7044
7732,7571
7729,7499
7709,7600
7659,7236
7629,7067
7603,7236
7513,7045
7502,6619
7481,7034
7454,6852
7451,7159
7444,6981
7407,6456
7405,6974
7370,6708
7365,6925
7344,6764
7340,6845
7327,6753
7312,6647
7310,6398
7304,6701
7302,6382
7301,6886
7299,6837
7295,6474
7290,6277
7232,6290
7226,6137
7216,6419
7211,5756
7198,6249
7198,5625
7198,6397
7189,6585
7186,6056
7164,6219
7163,5695
7159,6166
7159,5684
7159,6307
7156,6150
7149,6252
7136,6111
7136,5819
7134,6261
7098,5834
7096,6060
7094,5684
7078,6022
7064,5640
7061,5882
7013,5758
7008,5305
7005,5800
6993,5416
6992,6055
6992,5652
6968,5004
6965,5827
6948,5666
6940,5547
6939,5577
6937,4985
6937,5393
6925,5592
6925,5638
6923,5314
6922,5596
6922,5477
6920,5020
6919,5645
6884,5662
6882,4835
6881,5555
6881,5569
6881,4719
6873,5661
6873,5679
6871,5184
6869,5537
6858,5312
6858,4892
6857,5382
6857,5350
6857,4808
6857,5285
6857,5284
6857,4734
6852,5220
6852,5436
7784,7007
7781,7710
7766,7629
7727,7547
7686,7357
7657,7246
7587,7117
7544,7226
7538,6915
7505,6616
7496,6925
7495,6892
7459,6662
7457,6912
7441,6922
7396,6701
7392,6485
7386,6683
7379,6688
7364,6609
7362,6944
7355,6837
7354,6873
7353,7109
7351,6962
7346,6963
7340,7002
7283,6900
7278,6778
7268,6703
7263,6758
7250,6476
7250,6399
7241,6575
7238,6531
7218,6306
7216,5787
7215,6517
7211,6051
7211,6228
7208,6054
7208,6172
7201,5877
7188,6078
7187,5416
7150,6211
7150,5658
7148,6144
7136,5877
7133,5704
7123,6032
7080,5683
7077,5902
7060,5385
7045,5803
7045,5811
7044,5468
7020,5747
7020,5783
7017,5399
7016,5821
6992,5376
6989,5330
6989,5396
6977,5229
6977,5523
6975,5409
6975,5261
6974,5376
6974,5589
6972,5410
6971,5416
6936,5482
6934,4841
6933,5356
6933,5516
6925,5084
6925,5218
6923,6031
6921,5431
6910,5578
6910,5552
6910,5201
6909,5705
6909,5500
6909,5369
6909,5636
6909,5364
6904,5326
6904,5100
6885,5490
6885,4836
7808,6962
7776,8143
7766,7904
7731,8139
7645,7158
7625,7318
7604,7036
7550,6488
7547,6892
7540,7107
7503,6985
7501,7234
7485,6563
7481,6954
7460,7059
7441,6757
7428,6850
7413,7155
7411,6962
7405,6986
7403,6849
7402,6781
7400,6879
7396,6970
7391,6656
7336,6580
7330,6495
7320,6702
7315,6669
7302,6711
7302,6510
7302,6510
7293,6577
7290,6191
7270,6430
7267,5813
7263,6690
7263,6361
7263,6296
7260,6392
7253,6089
7240,6450
7240,6475
7238,6134
7202,6243
7200,6335
7198,6041
7188,6121
7182,6095
7178,6275
7139,5800
7124,5224
7124,5733
7097,5494
7096,5496
7096,5755
7072,5628
7072,5725
7069,6250
7060,5361
7059,5871
7041,5486
7041,5956
7029,5640
7029,5846
7027,5772
7027,5808
7026,5365
7026,6045
7024,5621
7023,5747
6988,5750
6986,5237
6985,5896
6985,5501
6977,5318
6977,5531
6975,5433
6973,5400
6973,5655
6962,5238
6962,5629
6961,5684
6961,5256
6961,5700
6961,5271
6961,5565
6956,5621
6956,5219
6956,5680
6937,5237
6937,5302
7824,6891
7814,8009
7796,7763
7705,7610
7691,7994
7659,7118
7622,7315
7599,7251
7592,7117
7591,7060
7553,7180
7538,6829
7533,7151
7512,7094
7493,7127
7486,7283
7465,6686
7463,6889
7457,7175
7455,7019
7454,6797
7452,6864
7448,6790
7443,6852
7388,6803
7382,6645
7372,6681
7367,6557
7354,6410
7354,6632
7354,6643
7345,6572
7342,6170
7320,6654
7319,6125
7315,6531
7315,6309
7315,6573
7312,6307
7305,6581
7292,6236
7292,6352
7290,6735
7254,6105
7252,6273
7250,6008
7240,6572
7234,6179
7233,6218
7188,5793
7176,6108
7176,5976
7149,6028
7148,5754
7148,5751
7124,5801
7121,5991
7120,5749
7112,5932
7111,5514
7093,6122
7093,5923
7081,5646
7079,5908
7079,5965
7078,5970
7078,5336
7076,5993
7075,5143
7040,5301
7038,5632
7037,5177
7037,5536
7029,5168
7029,5406
7027,5670
7027,5541
7025,5176
7014,5246
7014,5489
7013,5622
7013,5602
7013,5035
7013,5249
7013,5724
7008,4800
7008,6262
7008,5605
6989,4787
6989,5482
6985,4869
6985,5106
7822,6959
7766,7378
7750,7438
7721,7132
7672,7150
7670,6909
7642,6678
7606,6961
7604,6852
7588,6442
7563,6737
7559,6577
7552,6520
7531,6548
7516,6665
7514,6830
7506,6516
7505,6576
7503,6505
7499,6529
7494,6298
7439,6866
7433,6499
7423,6558
7418,6450
7418,6273
7405,6581
7405,6477
7396,6605
7393,6522
7393,6064
7371,6064
7370,6328
7366,5966
7366,6445
7366,6160
7363,6415
7356,6063
7356,6419
7343,5906
7342,6427
7341,6330
7305,6384
7303,6398
7301,6112
7291,6434
7285,6183
7281,6360
7239,6054
7227,5628
7227,6044
7200,5827
7200,5654
7199,5441
7175,5745
7175,5134
7172,6234
7171,5327
7163,5822
7146,6008
7144,5199
7144,5698
7132,5209
7132,5697
7130,5511
7130,5047
7129,5335
7129,5708
7127,5265
7126,5697
7091,5483
7089,5127
7088,5548
7088,5292
7088,5203
7080,5257
7080,5477
7078,5429
7076,5370
7076,5329
7065,6161
7065,5872
7064,5454
7064,5636
7064,5115
7064,5261
7064,5501
7064,5363
7059,5403
7059,5282
7059,5144
7040,5272
7969,7252
7922,8336
7882,7063
7861,7657
7766,7271
7756,7003
7737,7569
7707,7254
7704,7106
7697,6734
7696,7151
7658,7326
7626,7051
7621,6985
7600,6814
7596,6936
7589,6718
7568,6805
7566,7224
7560,6569
7558,6801
7557,6663
7555,6593
7551,6743
7546,6598
7491,6524
7485,6433
7475,6444
7470,6110
7457,6430
7457,5827
7448,6618
7448,6480
7445,6213
7423,6433
7422,6178
7418,6255
7418,6684
7418,6563
7415,6364
7408,6322
7395,6159
7394,6288
7393,6166
7357,6170
7355,6055
7343,6387
7343,6257
7334,5779
7294,5500
7284,5851
7267,5452
7252,5664
7252,5554
7251,6019
7227,5936
7227,5603
7224,5674
7223,5280
7215,5328
7196,5904
7196,5357
7184,5742
7184,5240
7182,5826
7182,5666
7181,5031
7181,5549
7179,5390
7178,5441
7143,5713
7141,5662
7140,5204
7140,5324
7132,5245
7132,5238
7130,5600
7128,5380
7117,5541
7117,5454
7117,5176
7116,5780
7116,4997
7116,5552
7116,5341
7116,5423
7111,5192
7111,5364
7092,4969
7092,5470
7092,4835
7088,5227
7967,7234
7942,8585
7870,7540
7863,7890
7833,7986
7791,7252
7774,7745
7747,7687
7710,7324
7708,7204
7693,7139
7688,7018
7667,6906
7663,6540
7656,7019
7635,7006
7618,6681
7612,6812
7610,6341
7609,6751
7607,6688
7603,6780
7598,6490
7596,6650
7542,6093
7537,6451
7527,6383
7522,6671
7509,6469
7509,6500
7500,6483
7497,6599
7497,6349
7475,6634
7474,6629
7470,6119
7470,6415
7470,6031
7467,6405
7460,6116
7447,6390
7447,6133
7445,6418
7409,5930
7409,6347
7405,6136
7395,6383
7395,6156
7388,6010
7350,6215
7344,5939
7338,5938
7316,5659
7316,6250
7303,5720
7303,5930
7279,5802
7276,5586
7275,6034
7267,5521
7266,5871
7248,5853
7248,5990
7236,6012
7236,5664
7234,5998
7234,5570
7233,5828
7233,6034
7231,5709
7230,5844
7195,5342
7193,5599
7192,5456
7192,5808
7192,5805
7184,5429
7184,5569
7182,5292
7180,5676
7180,5332
7169,5500
7169,5371
7168,5321
7168,5336
7168,5686
7168,5116
7168,5708
7168,5212
7163,5619
7163,5681
7163,5481
8089,7331
8079,7817
8073,7979
8030,7784
8002,7872
7983,7501
7889,7339
7872,7065
7848,7157
7813,7272
7811,6991
7804,7314
7767,7312
7765,6837
7750,6787
7745,6927
7704,6572
7700,6829
7693,6681
7687,6861
7672,6831
7670,6775
7663,6729
7662,6500
7661,7132
7659,6677
7655,6563
7650,6599
7595,6364
7589,6498
7589,6210
7579,7042
7574,6491
7561,6436
7561,6733
7552,6427
7552,6411
7549,6046
7529,6291
7526,6352
7526,6470
7522,6147
7522,6290
7519,6142
7519,6336
7512,5848
7499,6331
7499,5972
7497,5919
7461,6564
7461,6049
7456,6086
7441,5677
7431,6224
7411,5747
7407,6021
7373,5370
7368,6118
7368,5871
7356,5560
7356,5810
7355,5440
7337,5965
7315,5548
7315,5763
7312,5931
7311,5466
7303,5783
7302,5450
7300,5907
7300,5955
7288,5495
7288,5599
7286,5412
7286,5422
7285,5451
7285,5427
7283,5527
7282,5133
7282,5737
7247,5332
7245,5597
7244,6062
7244,5623
7236,5553
7236,5248
7236,5731
7234,6271
7232,5380
7232,5378
7221,5772
7221,5447
8281,7804
8275,8800
8274,8259
8273,8448
8258,8413
8240,8609
8190,8199
8167,8072
8154,8269
8074,7775
8057,7640
8032,7620
7995,7461
7977,7616
7974,7405
7915,7198
7910,7654
7876,7324
7849,7218
7846,6825
7839,7241
7803,7476
7801,7658
7786,7287
7781,7175
7760,7247
7756,7203
7749,7170
7743,7353
7728,7209
7726,7248
7718,7186
7717,7031
7715,7097
7715,7265
7710,9050
7704,7026
7647,7630
7642,6831
7632,6605
7627,6667
7614,6734
7614,6257
7605,6539
7605,6667
7602,6831
7580,6508
7579,6275
7575,6594
7575,6577
7575,6578
7572,6911
7562,6035
7546,6350
7537,6051
7535,6379
7481,6034
7476,6111
7472,6391
7462,5948
7462,5812
7455,6164
7426,5516
7406,5688
7403,5684
7391,5621
7391,5565
7390,6030
7390,5409
7368,5738
7368,5899
7365,5519
7356,5861
7355,5743
7353,5892
7353,5611
7341,5860
7341,5932
7339,5280
7339,5741
7338,5511
7338,6036
7336,5590
7335,5829
7300,5190
7300,5735
7298,5517
7297,5393
7297,5586
7289,5129
7289,5589
7287,5577
8393,8289
8377,9354
8350,9109
8345,8991
8333,8672
8333,8429
8329,8496
8295,8208
8259,8278
8222,8071
8186,7985
8165,8331
8103,8183
8091,8099
8084,8248
8041,7571
8030,7750
8026,7358
7942,7592
7932,7386
7929,7211
7899,6901
7892,7142
7891,7034
7856,6890
7839,7094
7834,7042
7813,7790
7809,6861
7802,7036
7796,7061
7779,6548
7773,7059
7771,7077
7770,7411
7768,7254
7764,7162
7759,7002
7701,6440
7695,7027
7685,7030
7680,7046
7680,6957
7667,6946
7667,6639
7658,6703
7655,6644
7635,6158
7632,6644
7632,6420
7628,6572
7628,6409
7622,5915
7604,6406
7602,5979
7572,6876
7568,5996
7529,6702
7529,6187
7525,6697
7515,6067
7515,5978
7508,6167
7461,5855
7459,5693
7456,5902
7444,5804
7444,6058
7443,5842
7421,5972
7421,5815
7418,6313
7417,5659
7409,6007
7406,5861
7406,5969
7394,5401
7394,5950
7392,5614
7392,5724
7391,6081
7391,5939
7389,5621
7388,5689
7353,5622
7351,5637
7350,5336
7350,5847
7342,5788
7342,5710
7342,5645
7340,5454
8426,8601
8405,8823
8398,9452
8386,8937
8386,9101
8374,8573
8351,8726
8309,8348
8275,8121
8235,8113
8220,8208
8156,8048
8153,8000
8138,7643
8101,7785
8083,7585
8080,7722
8000,7473
7986,7691
7982,7573
7954,7594
7952,7415
7944,7193
7909,7330
7907,7049
7891,7259
7887,7104
7862,7041
7856,7175
7849,7048
7834,7140
7832,7102
7825,7105
7824,6920
7823,6791
7821,6916
7816,6942
7810,6882
7753,6804
7748,6481
7738,6791
7733,6628
7720,6206
7720,6702
7711,7142
7708,6265
7708,6979
7686,6566
7685,6721
7681,6723
7681,6082
7675,6526
7672,6393
7656,6467
7642,6199
7624,6152
7619,6386
7582,6167
7580,6407
7568,5836
7568,6273
7562,6100
7514,5982
7512,6095
7509,5979
7497,5868
7497,6104
7496,5574
7496,6114
7474,5729
7471,6037
7470,5877
7462,5954
7461,5944
7459,6463
7447,5576
7447,6249
7445,5951
7445,5979
7444,5759
7444,6041
7442,5817
7441,6238
7406,6102
7404,5812
7403,5616
7403,5599
7395,5988
7395,5340
7395,5741
7393,5575
7391,5609
8452,7759
8447,8475
8436,8741
8436,8804
8434,8259
8408,8806
8380,8727
8328,8096
8322,8841
8268,8338
8209,8042
8197,7985
8190,8323
8147,7673
8136,7348
8132,7739
8048,7576
8038,7672
8035,7674
8005,7477
7998,7280
7997,7358
7962,7217
7945,7176
7940,7181
7919,6961
7915,7092
7908,7084
7902,7149
7887,6573
7879,7029
7877,6879
7876,6768
7874,7363
7870,7301
7865,7564
7807,7140
7801,6954
7791,7055
7786,6854
7786,7104
7773,6978
7773,6879
7764,6982
7761,6821
7741,6690
7738,6437
7734,6756
7734,6318
7734,6856
7731,6773
7721,6554
7705,6738
7696,6754
7693,6285
7640,6428
7633,6337
7631,6387
7621,6428
7615,6274
7614,6321
7583,6412
7562,6174
7562,6030
7550,6246
7549,6056
7549,6262
7527,6229
7527,6258
7523,6318
7515,5836
7514,6240
7512,5973
7512,6179
7500,5776
7500,6579
7498,5839
7497,6374
7497,6451
7495,6201
7494,6365
7459,6320
7457,6474
7457,6676
7456,6558
7456,6026
7448,5892
7448,5390
7446,5594
7444,5900
7433,5796
7433,5808
8485,7746
8485,8426
8483,8636
8472,8665
8452,8364
8436,8332
8396,8827
8369,8232
8286,7939
8269,7905
8244,7965
8210,7931
8200,8169
8186,7972
8127,7583
8122,7995
8088,7397
8061,7342
8058,7471
8051,7154
8050,7507
8013,7204
7998,7426
7993,7156
7972,7133
7968,6836
7961,7265
7955,7118
7940,7084
7932,7438
7930,6964
7929,7018
7927,6864
7923,7011
7918,7015
7860,6654
7854,6522
7854,6971
7844,6581
7839,6831
7826,6794
7826,6545
7817,6810
7814,6615
7794,6513
7791,6580
7791,6813
7787,6569
7787,6430
7784,7009
7781,6979
7771,6670
7749,6520
7747,6694
7729,6520
7692,6401
7686,6519
7674,6703
7674,6689
7668,6417
7638,5823
7618,6555
7615,6195
7603,6328
7603,6328
7602,5822
7602,6149
7580,6345
7577,6162
7576,5798
7568,5878
7567,5930
7565,6467
7565,5755
7553,5978
7553,5606
7551,5875
7550,5668
7550,5857
7548,5714
7547,6052
7512,5579
7512,5980
7510,6172
7509,5936
7509,5852
7501,5829
7501,5672
7499,5341
7497,5720
7486,5268
7486,5479
8546,8020
8540,9130
8539,8594
8517,8386
8502,8309
8461,8182
8429,8041
8390,9205
8370,8087
8312,8374
8302,7459
8296,7916
8253,7654
8242,8446
8238,7923
8154,7553
8144,7689
8141,7753
8111,7373
8104,7373
8103,7763
8068,7353
8066,7323
8050,7220
8025,7469
8021,7177
8015,7234
8008,7613
7993,7615
7991,7185
7984,7234
7983,7259
7982,7420
7980,7280
7975,7186
7969,7313
7912,7237
7907,7225
7897,6973
7892,6869
7879,7272
7879,7888
7870,6875
7870,7183
7867,7267
7845,7130
7844,7195
7840,7234
7840,7313
7837,7198
7831,7062
7816,7069
7801,7589
7784,6687
7778,7372
7741,6556
7739,6850
7737,7169
7727,6859
7721,6678
7720,6773
7673,6829
7668,6343
7668,6654
7656,6490
7655,6495
7655,6863
7633,5896
7633,6404
7630,6036
7621,6399
7620,6133
7618,6112
7618,6106
7606,5434
7606,6007
7604,5689
7604,6054
7603,5755
7603,6081
7601,6379
7600,5947
7565,5894
7563,5343
7562,5706
7562,5528
7554,5854
7554,5506
7552,5957
7550,5292
7550,5729
7539,5547
8599,7886
8593,8896
8593,8792
8581,8572
8555,8604
8511,8419
8482,8434
8439,8288
8423,8129
8368,7950
8356,7877
8349,8159
8306,7703
8295,7912
8291,8046
8207,7852
8198,7543
8194,7830
8164,7994
8157,7557
8156,7535
8121,7529
8119,7265
8099,7655
8078,7512
8074,7222
8068,7289
8061,7042
8046,7250
8044,7031
8037,7126
8036,7036
8035,7281
8033,7089
8028,6954
8022,7457
7965,6842
7960,7082
7950,6930
7945,6825
7932,6888
7932,6829
7923,6850
7920,6912
7920,6696
7898,6724
7897,6784
7893,6552
7893,6709
7890,7363
7884,7319
7868,6403
7854,6513
7837,6483
7831,6189
7794,6406
7792,6467
7790,6308
7780,6394
7774,5839
7773,6075
7724,6013
7721,6775
7721,6346
7709,6243
7708,6350
7708,5913
7686,6286
7686,5992
7683,6163
7674,5704
7673,6310
7671,5973
7671,6181
7659,6175
7659,5845
7657,6212
7657,5868
7656,6180
7656,5499
7654,6451
7653,5942
7618,5860
7616,5943
7615,5973
7615,5936
7607,5467
7607,6098
7607,5582
7605,5796
7603,5663
7592,5862
8660,7995
8648,8590
8648,8713
8636,9198
8610,8361
8571,8949
8562,8712
8497,8195
8482,8214
8421,8137
8418,8155
8408,8793
8369,7962
8359,8379
8348,7690
8265,7800
8260,7643
8250,7713
8220,7543
8217,7599
8210,7516
8209,7562
8174,7454
8157,7370
8152,7574
8131,7528
8127,7371
8120,7408
8114,7187
8099,7199
8097,7345
8090,7300
8089,7267
8088,8073
8086,7404
8081,7189
8075,7128
8018,6785
8013,7227
8003,6922
7998,6912
7985,7277
7985,6991
7976,6908
7973,6904
7973,6586
7951,7029
7950,6980
7946,6810
7943,6976
7937,6879
7926,7059
7920,6602
7887,6808
7880,6589
7879,6412
7847,6716
7845,6437
7833,6149
7833,6486
7809,6075
7779,6310
7777,6284
7774,6412
7762,6344
7762,5923
7761,6013
7739,5754
7739,6542
7736,6206
7735,6209
7727,6118
7726,5715
7724,6266
7712,5713
7712,6258
7710,6357
7710,5896
7709,5975
7709,5852
7707,6102
7706,6268
7671,6024
7669,5894
7668,5538
7668,5882
7660,5433
7660,5672
7658,5722
7656,5809
7656,5971
7645,5976
8705,8145
8699,9062
8688,9133
8665,8612
8638,8652
8614,8518
8551,8314
8533,8145
8520,8099
8471,8076
8461,8059
8455,8256
8412,7951
8401,8214
8318,7749
8313,8028
8303,7738
8300,7625
8270,7361
8263,7916
8262,7505
8227,7618
8210,7479
8205,7307
8184,7127
8180,7273
8173,7398
8167,7541
8152,7514
8150,7278
8142,7348
8141,7583
8139,6946
8135,7550
8130,7183
8072,6936
8066,7313
8066,6986
8056,6856
8051,6950
8038,6263
8038,6964
8029,6793
8026,8302
8006,7664
8003,7440
8003,7277
7999,7419
7996,7554
7990,7503
7973,7108
7953,7602
7940,6970
7933,7279
7900,7227
7900,6967
7896,7311
7886,6853
7880,6671
7861,6687
7832,6384
7827,6975
7827,6638
7815,6553
7815,6841
7814,6807
7792,6915
7792,6556
7789,6353
7788,6379
7779,6551
7777,6498
7777,6806
7765,6193
7765,6367
7763,6521
7763,6084
7762,6415
7762,6283
7760,6373
7759,6074
7724,5875
7722,6390
7721,6308
7721,6124
7713,5650
7713,6203
7711,6184
7709,6066
7698,5921
7698,6198
7698,5767
8749,8043
8738,9358
8692,9336
8671,8998
8626,8628
8590,8551
8576,8738
8527,8599
8522,8404
8509,8789
8472,8460
8465,8355
8430,8175
8371,7971
8357,8493
8353,7867
8325,7759
8323,8318
8315,8273
8280,8814
8278,8526
8262,7700
8237,7646
8233,7706
8227,7794
8220,7945
8205,7431
8203,7524
8196,7537
8195,7881
8194,8239
8192,7672
8187,7462
8181,7778
8124,7359
8119,7417
8109,7606
8104,7792
8091,7494
8091,7122
8082,6959
8079,7358
8059,7362
8056,7231
8056,7195
8049,7446
8046,6783
8032,6843
8006,6717
8003,7046
7986,7030
7986,6963
7953,6730
7951,6583
7945,6700
7939,6878
7915,6428
7914,6656
7885,6602
7880,6514
7880,6204
7868,6579
7868,6761
7867,6589
7845,6540
7845,6602
7842,6589
7841,6456
7833,6016
7830,6426
7830,6437
7818,6178
7818,6659
7816,6661
7816,6246
7815,6219
7815,6227
7813,6256
7812,5905
7777,5630
7775,6263
7774,6029
7774,6053
7766,6133
7766,5702
7766,6113
7764,5661
7762,6144
7751,6255
7751,6275
7750,5993
7747,5915
8728,7978
8690,9534
8665,9384
8628,9021
8628,8644
8613,8611
8571,8337
8555,8824
8551,8742
8504,8259
8486,7855
8482,8085
8424,8149
8410,8859
8406,7693
8378,8159
8376,7824
8368,7882
8333,7770
8331,7638
8315,7661
8311,7945
8286,7632
8280,7811
8273,7397
8258,7390
8256,7397
8250,7360
8248,7580
8247,7486
8245,7436
8240,7302
8236,7377
8178,7295
8172,7365
8162,7206
8157,7200
8144,6701
8144,7260
8144,7202
8135,7120
8132,6903
8112,7073
8106,7224
8099,7063
8088,6930
8086,7030
8062,6696
8055,6891
8039,6962
8039,6810
8037,6455
8004,6591
8000,6616
7998,6114
7974,6488
7974,6590
7967,6322
7938,6404
7936,6451
7933,6267
7921,6415
7921,6378
7920,6446
7898,6463
7898,6100
7895,6165
7894,6009
7886,6725
7885,6505
7883,6451
7871,6346
7871,6151
7869,5996
7869,6310
7868,6005
7868,6280
7866,6086
7865,5931
7830,6070
7828,6177
7827,5934
7827,6246
7819,6297
7819,6424
7819,6583
7817,6410
7815,6097
7804,6335
7804,6479
7803,6439
7800,6570
8769,7934
8726,8454
8699,9017
8692,9322
8674,8935
8664,8686
8614,8597
8610,8619
8583,8398
8557,8376
8550,8457
8536,8454
8477,8048
8472,8607
8459,8111
8432,13642
8429,9272
8422,10140
8386,10486
8384,14424
8368,9296
8364,8496
8343,10230
8339,8100
8326,8059
8311,7888
8309,7728
8303,7675
8301,7931
8300,7958
8298,7898
8294,7843
8289,7666
8231,7549
8225,8636
8215,8237
8210,8078
8210,7806
8197,13567
8197,7668
8188,7364
8185,7434
8165,7541
8159,7568
8156,7853
8141,7480
8118,10222
8112,7881
8099,7718
8097,7490
8090,10472
8088,8060
8053,7310
8053,7625
8033,7609
8027,7191
8027,6935
8020,6917
7991,6995
7989,7194
7986,7113
7974,7665
7974,7086
7973,6831
7973,7028
7951,7092
7948,6845
7947,6823
7939,6893
7938,6777
7936,7126
7936,6679
7924,6820
7922,6819
7922,6958
7921,6829
7921,7074
7919,7331
7918,6854
7883,6911
7881,7748
7880,7172
7880,8389
7880,6743
7872,6773
7872,6988
7870,6658
7868,10947
7857,6645
7857,6909
7857,6380
7853,6548
8807,8745
8779,8995
8752,9105
8745,9364
8726,8896
8717,9093
8667,9290
8663,8658
8639,8861
8613,8752
8603,8466
8589,8927
8530,8804
8525,8889
8515,8318
8485,9247
8482,8449
8475,8281
8474,8249
8437,8114
8422,8286
8417,8209
8396,8158
8392,8175
8385,8110
8379,7946
8362,8079
8356,8059
8354,7823
8353,7693
8351,8226
8347,7801
8342,7677
8284,7795
8278,7565
8268,7973
8268,7517
8263,7516
8250,7721
8250,7506
8241,7486
8238,7341
8218,7361
8212,7053
8209,7416
8194,7066
8192,7180
8165,7117
8152,7087
8150,7197
8143,7227
8141,7013
8106,7166
8106,6905
8086,6839
8080,6615
8080,7109
8073,6989
8044,6699
8042,6732
8039,6795
8027,6712
8027,6525
8026,7166
8004,7214
8004,7281
8001,7372
8000,6885
7992,6879
7991,6862
7989,6812
7977,6666
7977,6782
7975,6145
7975,6678
7974,6927
7974,6874
7972,6752
7971,6260
7936,6465
7934,6617
7933,6203
7933,6531
7933,6492
7925,6206
7925,6921
7923,6692
7921,6546
7910,6436
7910,6601
7909,5892
7906,6490
8875,8886
8845,9029
8820,9508
8798,9169
8787,9329
8770,9644
8720,8538
8717,9591
8710,9750
8663,9035
8656,8735
8642,8754
8583,8541
8578,8403
8565,8207
8538,8281
8535,8642
8528,7989
8492,8049
8490,7844
8474,7983
8470,8039
8449,8027
8445,7793
8432,8980
8417,7965
8415,8109
8409,7605
8407,8121
8406,7685
8404,8296
8400,8833
8395,8332
8337,8089
8331,8358
8321,8145
8316,8577
8303,7511
8303,7699
8303,7928
8294,8558
8291,7660
8271,7893
8265,7844
8258,7581
8247,7818
8245,8008
8221,7574
8214,7324
8198,8429
8198,7841
8195,8032
8163,7227
8159,7367
8157,6985
8133,6959
8127,7207
8126,6439
8097,6624
8092,6202
8092,6757
8080,6643
8080,6685
8079,6620
8057,6197
8057,6422
8054,6525
8053,6454
8045,6531
8042,6226
8042,6516
8030,6471
8030,6455
8028,6559
8028,6040
8027,6529
8027,6565
8025,6455
8024,6511
7989,6232
7987,6297
7986,6342
7986,6360
7978,6901
7978,6593
7978,6941
7976,6719
7974,6620
7963,6833
7963,6790
7962,6710
7959,6676
8940,7926
8898,8713
8873,8576
8840,8380
8840,8343
8825,8441
8783,8443
8770,9433
8763,8295
8716,8908
8698,8331
8695,8203
8636,8019
8622,8112
8618,7909
8590,7943
8588,8328
8580,7700
8545,7730
8543,7645
8527,7682
8523,7875
8502,7712
8492,7788
8485,7609
8470,7372
8468,7215
8462,7260
8460,7386
8459,7302
8457,7468
8453,7398
8448,7557
8390,7220
8384,7194
8374,7072
8369,7014
8356,7144
8356,7291
8356,7049
8347,7211
8344,6955
8324,6736
8318,6912
8311,6955
8301,6911
8298,6866
8274,6749
8267,6799
8251,6393
8251,6808
8249,6981
8216,6680
8212,6672
8210,6667
8186,6528
8180,6721
8179,6720
8150,6331
8148,6819
8145,6332
8133,6369
8133,6351
8132,6096
8110,6758
8110,6420
8107,6458
8106,6361
8098,6047
8097,6346
8095,6283
8083,6458
8083,6248
8081,5845
8081,6235
8080,6101
8080,6525
8078,6396
8077,5988
8042,6204
8040,6146
8039,6168
8039,6266
8039,6152
8031,6482
8031,6106
8029,6090
8027,6080
8016,5744
8016,6042
8016,5800
8012,6094
8989,8333
8951,9566
8926,8928
8904,8662
8893,8587
8882,9273
8836,8747
8823,8770
8819,9018
8772,8759
8762,9227
8748,8981
8689,8520
8684,9024
8671,9102
8644,8898
8641,8178
8634,9038
8598,8798
8596,8886
8581,8579
8576,7985
8555,7884
8551,8006
8544,8077
8523,8012
8521,8011
8515,8058
8513,7862
8512,7875
8510,8075
8506,7956
8501,8097
8443,7511
8437,7765
8427,7535
8422,7484
8409,7651
8409,7545
8409,7798
8400,7491
8397,7325
8377,7524
8371,7514
8364,7361
8354,7462
8351,8282
8327,8103
8320,8114
8304,7885
8304,7748
8301,7502
8269,7353
8265,7260
8263,7263
8239,7309
8233,7311
8232,7382
8203,7875
8198,6743
8198,7331
8186,6995
8186,7343
8185,7132
8163,6917
8163,7338
8160,7560
8159,6548
8150,6412
8148,6173
8148,6442
8136,6327
8136,5979
8134,6241
8134,6394
8133,6053
8133,6316
8131,6085
8130,6318
8095,6260
8093,6097
8092,6296
8092,6270
8084,6304
8084,6317
8082,6153
8082,6287
8080,6237
8069,5743
8069,6081
8068,6001
8065,6356
9046,8001
9004,8711
8979,8365
8946,8356
8946,8472
8931,8789
8889,8641
8873,8370
8869,8267
8822,8139
8804,8255
8800,7898
8737,7930
8728,7874
8724,7987
8696,7820
8687,7719
8686,7789
8651,7663
8649,7701
8633,7878
8608,7259
8604,7875
8598,7727
8591,7471
8576,7311
8574,7599
8567,7409
8566,7620
8565,7557
8563,7354
8558,7336
8552,7291
8495,7333
8490,7533
8480,7288
8475,7442
8462,7312
8462,7233
8453,7255
8450,7367
8450,6906
8428,6929
8427,6915
8417,6956
8407,6673
8404,6882
8380,6886
8374,6984
8357,6619
8357,7890
8354,6838
8322,7141
8318,7399
8316,7417
8292,7142
8286,6794
8285,6823
8254,6491
8251,6711
8251,6759
8239,6448
8238,6750
8238,6719
8216,6375
8216,6766
8212,6704
8204,6217
8203,6600
8201,6847
8201,7085
8189,6860
8189,5980
8187,6631
8187,5969
8186,6447
8186,6499
8184,6086
8183,6325
8148,6411
8146,6397
8145,6122
8145,5856
8137,6163
8137,6324
8135,5804
8133,6134
8133,6346
8122,6200
8122,6126
8121,5797
8121,6088
9090,8459
9083,9598
9033,9519
8999,10884
8999,8954
8988,8934
8941,9306
8926,9257
8922,10031
8868,8883
8857,8716
8853,8301
8790,8286
8780,8217
8777,8500
8747,8569
8740,9803
8739,8453
8704,8050
8702,8315
8682,8074
8661,8191
8657,8137
8651,8594
8644,8170
8629,8746
8627,9368
8620,8364
8619,8151
8618,8979
8616,8139
8611,8162
8605,8103
8548,8148
8543,8217
8533,7983
8528,7868
8515,7766
8515,7854
8506,8192
8503,7723
8503,7812
8481,8112
8480,7715
8473,7684
8470,7773
8459,7844
8454,7793
8430,7320
8410,7346
8410,7393
8407,7558
8375,7442
8371,7596
8369,7718
8345,8123
8339,7054
8338,7219
8307,7263
8304,7242
8304,7185
8292,7217
8291,7219
8291,7469
8269,7210
8269,7468
8266,7357
8257,6890
8256,7348
8254,7409
8254,6321
8242,7416
8242,7406
8240,7489
8240,7316
8239,7156
8239,7171
8237,7281
8236,7529
8201,6352
8199,7339
8198,6973
8198,7056
8190,6904
8190,7104
8188,7187
8188,6947
8186,6834
8175,6984
8175,6884
8174,7072
8174,6905
9162,8623
9142,9124
9102,9048
9062,9251
9052,9410
9048,10002
9001,10180
8989,9127
8975,9607
8941,9941
8910,9002
8906,8778
8843,8606
8834,8939
8830,8321
8802,8429
8793,8832
8792,8623
8757,8963
8755,9004
8739,8158
8714,8739
8710,8444
8704,8133
8697,7919
8682,8285
8680,8254
8673,8199
8672,8002
8671,8624
8669,8496
8664,8425
8658,8046
8601,7790
8596,7815
8586,7767
8581,7864
8568,8068
8568,8109
8559,8384
8556,8501
8556,8914
8534,8087
8533,7670
8526,8500
8523,7935
8512,7956
8507,7530
8483,7802
8469,7233
8463,7553
8462,7702
8430,7823
8428,7823
8422,7702
8416,7809
8392,7704
8391,7666
8362,8172
8360,7371
8357,7103
8345,7062
8345,7332
8344,7334
8344,7220
8322,7023
8319,6934
8318,7181
8310,6919
8309,7072
8307,7604
8307,7326
8295,7083
8295,7061
8293,7117
8293,6933
8292,6962
8292,7053
8290,7019
8289,7152
8254,6357
8252,6944
8251,6789
8251,6573
8243,6665
8243,6993
8243,6893
8241,6972
8239,6721
8228,6799
8228,6725
8227,6559
9217,8557
9207,9147
9163,9199
9138,9669
9105,8884
9105,8964
9090,9223
9048,9119
9032,9215
9028,9580
8981,8736
8963,8547
8959,8441
8901,8945
8887,8412
8883,8839
8855,8806
8853,8842
8845,8539
8810,9321
8808,8479
8792,8206
8788,8718
8763,8710
8757,8223
8750,8554
8735,8606
8733,8751
8726,8887
8725,8661
8724,7896
8722,7994
8717,8084
8711,7967
8654,7782
8649,7785
8639,7815
8634,7673
8621,7703
8621,7788
8612,7840
8612,7763
8609,7688
8587,7610
8583,8087
8576,7652
8565,7619
8563,7593
8536,7641
8523,7565
8516,7475
8514,7537
8511,7320
8477,7573
8477,7256
8457,7391
8451,7700
8445,7417
8444,7366
8413,7216
8410,7127
8410,7498
8398,7163
8397,7335
8397,7479
8375,6575
8375,7223
8372,7036
8363,7292
8362,6979
8360,7082
8360,7262
8348,7422
8348,7792
8346,6910
8346,6911
8345,7001
8345,6976
8343,6922
8342,7097
8307,6715
8305,7275
8304,7609
8304,7017
8296,6808
8296,6908
8294,6872
8292,6816
8292,7107
8281,6996
8281,6908
8277,6891
9259,8680
9221,9227
9203,9291
9173,9780
9158,9709
9147,9473
9135,9606
9088,9626
9084,9204
9037,9376
9027,9677
9016,9092
8954,9344
8949,8839
8939,8693
8909,8795
8906,9248
8899,8780
8898,8832
8861,8472
8846,9237
8841,8839
8820,9276
8816,8617
8809,8993
8803,8711
8786,9566
8780,9326
8778,8828
8777,8695
8775,9086
8771,8151
8766,8113
8708,8290
8702,8494
8692,9556
8687,8192
8674,8042
8674,8226
8674,8223
8665,7975
8662,8710
8642,8327
8636,8769
8629,8651
8618,8778
8616,8647
8592,7601
8576,7529
8569,7527
8567,7437
8564,7557
8530,7791
8530,7597
8510,7723
8504,7880
8498,7905
8497,7923
8468,7861
8463,7628
8463,6996
8451,7830
8450,7332
8450,7491
8428,7331
8428,7513
8424,7820
8416,7233
8415,7592
8413,7481
8413,7411
8401,7216
8401,8444
8399,7343
8399,8286
8398,7290
8398,7772
8395,8067
8395,7665
8360,7393
8358,7376
8357,7314
8357,7029
8349,7553
8349,7860
8347,7668
8345,8801
8334,10339
8334,7382
8334,7274
8330,7658
8330,7391
9251,12129
9225,9587
9218,9571
9200,9069
9190,9775
9142,9055
9138,9027
9113,9295
9087,8687
9080,8796
9066,9367
9007,8957
9002,9160
8989,9016
8962,8468
8959,8989
8952,9026
8916,9456
8914,8658
8899,8745
8894,8795
8873,9287
8869,13372
8862,9660
8856,8990
8839,8849
8833,8726
8831,8657
8830,8757
8828,8734
8824,8377
8819,8988
8761,8013
8755,7881
8755,13250
8745,7936
8740,7877
8727,7871
8727,7859
8718,7806
8715,7962
8692,7903
8687,7808
8675,7736
8669,7804
8648,8020
8641,7942
8628,8167
8627,7779
8618,7862
8614,7750
8612,8154
8565,7584
8565,7453
8563,7547
8557,9594
8551,7224
8550,7332
8519,7301
8516,7104
8516,7272
8504,7201
8503,7187
8503,7423
8481,8004
8481,7129
8478,7790
8477,7341
8468,7298
8466,7276
8466,7036
8454,7308
8454,7335
8452,7320
8452,7376
8451,7671
8451,7598
8449,7405
8448,7383
8413,7334
8411,8042
8410,6806
8410,7018
8410,7106
8402,6817
8402,7236
8400,7321
8398,7009
8384,6819
8384,6731
8371,6673
8367,7059
9279,8955
9268,9058
9257,10045
9231,9381
9223,9808
9188,8865
9186,8672
9174,9794
9170,8778
9166,9340
9133,9008
9122,9178
9118,9144
9060,9992
9046,9152
9042,8616
9014,8557
9012,8517
9004,9263
8969,8729
8967,8502
8952,8456
8947,8633
8926,8370
8922,8521
8915,8467
8909,8263
8894,8947
8892,8961
8885,8225
8884,8165
8883,8037
8881,8098
8876,8398
8870,8287
8813,8207
8808,8058
8798,8072
8790,8626
8764,8180
8761,7791
8740,7766
8727,7689
8711,7744
8691,7660
8686,7577
8673,7927
8667,7747
8632,7909
8632,8034
8632,8329
8632,8212
8632,9007
8632,7673
8632,8345
8618,7914
8618,7978
8616,7602
8610,7872
8610,7349
8604,7910
8574,7248
8572,7581
8569,7384
8569,7220
8557,7386
8556,7368
8556,7245
8534,7317
8534,7516
8531,7240
8530,7276
8522,7751
8521,7459
8519,7671
8519,7332
8507,7082
8507,7551
8505,7478
8505,7179
8504,7419
8501,7009
8499,6896
8485,6906
8481,7462
8447,6508
8441,6756
8440,6817
8436,7076
8429,7135
8408,7327
8408,6709
9308,8189
9296,9389
9266,9342
9260,9089
9256,9203
9247,8955
9247,8987
9246,9376
9246,9484
9246,9610
9246,8772
9244,8785
9226,8869
9222,9276
9218,8774
9185,8964
9174,8980
9112,8663
9107,8601
9094,8542
9067,9076
9064,8650
9057,8560
9021,9506
9019,8289
9003,8369
8999,8836
8974,9042
8968,8445
8961,9061
8946,8537
8944,8154
8937,8431
8933,8138
8929,7918
8912,8341
8905,7868
8826,7760
8816,8101
8793,8107
8788,8000
8773,7500
8771,7296
8760,7601
8749,7230
8708,7050
8689,7154
8688,7056
8684,7047
8684,7154
8684,7167
8684,7081
8684,7012
8684,6976
8684,7187
8684,7134
8670,6994
8670,7009
8662,6933
8662,6910
8655,7702
8626,7920
8621,7655
8621,7578
8609,7450
8608,7342
8608,7667
8586,8424
8586,7305
8582,7745
8574,7205
8573,7116
8571,7048
8571,7299
8559,7212
8557,7309
8557,7118
8556,7196
8556,7034
8554,7077
8553,7178
8518,6639
8516,6658
8512,6487
8512,6841
8492,6724
8491,6647
8486,6973
8484,6538
8471,6844
8471,7170
8467,7646
9322,8420
9293,9225
9293,8935
9293,9343
9293,9564
9293,9053
9293,9035
9279,8777
9277,9378
9271,9338
9245,9222
9227,8877
9223,8686
9165,9315
9151,8941
9147,8976
9119,8640
9110,8332
9109,8446
9074,8453
9072,8561
9052,9008
9031,9199
9027,9046
9020,8634
9014,8509
8999,8102
8997,8065
8989,8335
8988,8166
8986,8267
8982,8480
8977,9071
8919,7993
8913,7801
8903,7894
8898,7879
8882,7699
8879,7873
8868,8159
8857,7697
8833,7567
8807,7506
8793,7682
8789,7470
8787,7541
8782,7464
8774,7597
8772,7483
8737,8112
8737,7148
8737,7452
8723,7379
8723,7353
8715,7933
8715,7317
8708,7440
8679,7612
8677,7257
8674,7351
8662,7452
8662,7363
8661,6986
8639,6808
8639,7082
8635,6993
8627,7316
8626,7261
8624,7206
8624,7387
8612,7476
8610,7697
8610,6898
8609,7577
8609,6856
8607,7685
8606,6900
8571,7384
8569,6841
8568,6921
8568,6811
8560,7022
8560,6819
8558,7061
8556,6973
8545,6888
8545,7253
8544,7023
8541,6794
8541,6713
8529,6805
8528,7021
9408,8555
9408,10014
9398,9437
9361,9313
9345,10079
9341,9264
9291,10080
9280,8964
9276,9453
9213,8729
9203,8614
9200,8935
9170,8986
9163,8800
9162,8871
9125,8510
9110,8469
9105,8529
9084,8372
9080,8765
9073,9255
9067,8452
9050,8330
9044,7753
9042,7826
9041,7838
9039,7702
9035,7727
9030,7921
8972,8560
8966,7730
8956,8181
8951,7485
8938,8207
8938,8305
8938,7793
8929,7770
8926,7797
8904,8391
8903,8035
8899,7809
8896,7778
8893,8015
8880,7864
8873,7842
8843,7925
8840,8056
8832,7925
8800,8023
8798,7896
8796,7814
8786,7609
8780,7417
8761,7912
8730,8443
8727,7563
8727,6983
8715,7507
8714,7105
8714,7287
8692,7250
8689,7425
8688,7112
8680,7128
8679,7489
8677,6913
8677,7165
8665,7070
8663,7107
8663,7069
8662,7176
8662,6999
8660,7257
8659,7499
8624,6697
8622,7096
8621,7537
8621,6815
8613,7228
8613,8258
8611,8207
8611,7181
8609,7397
8598,7126
8598,7245
8597,7719
8597,7172
8597,7227
8597,7194
8597,7107
8589,7177
8589,7061
9484,9037
9433,10280
9413,9791
9374,9165
9364,9561
9353,9472
9291,9066
9286,9212
9256,9126
9226,10285
9223,9386
9216,8344
9180,8716
9178,9249
9163,8590
9158,8970
9137,8451
9133,9387
9120,8977
9105,8805
9103,8272
9097,8257
9095,8374
9094,8925
9092,9055
9088,8587
9083,8644
9025,8205
9019,8915
9009,8507
9004,8169
8991,8321
8991,8102
8991,8379
8982,9465
8979,8562
8957,8273
8956,8190
8952,7836
8952,8404
8952,7942
8949,8603
8942,8006
8926,7999
8923,8084
8913,8325
8875,7822
8859,8492
8853,7833
8839,7635
8833,7631
8832,7575
8801,7379
8798,7497
8798,7336
8768,7433
8767,7396
8767,7287
8745,7204
8745,7294
8741,7594
8733,8212
8732,8145
8730,7664
8730,7746
8718,7734
8718,7897
8716,7222
8716,8043
8715,7057
8713,6784
8712,6795
8677,6671
8677,6734
8675,6767
8674,6687
8674,6774
8666,7107
8666,6683
8664,6607
8662,6810
8651,6643
8651,7103
8651,6602
8650,6672
8650,6638
8650,6565
8650,6724
8650,6704
8645,6493
8645,6545
8626,6642
9524,8870
9498,10081
9448,10493
9420,9877
9417,9165
9357,9390
9342,8908
9338,9297
9308,8973
9288,8763
9280,8917
9245,9092
9243,9692
9225,9010
9219,8727
9190,8699
9183,8898
9176,8622
9159,8829
9157,9048
9150,8677
9149,8936
9148,8483
9146,8474
9141,8811
9135,8729
9080,8025
9075,8138
9065,8094
9060,8242
9047,8035
9047,7996
9038,8206
9033,8272
9033,7926
9011,8014
9010,8076
9006,8661
9006,8638
9003,8743
9003,8582
8996,7873
8983,8021
8982,8345
8978,8221
8939,8133
8928,8465
8915,7481
8901,7618
8887,7795
8857,7718
8855,7612
8852,7745
8840,7434
8840,7411
8821,7623
8821,7452
8799,7560
8796,7415
8795,7332
8785,7313
8784,7343
8782,7234
8770,7350
8770,7281
8768,7532
8768,7961
8767,7159
8767,8485
8765,7249
8764,7995
8729,7005
8727,7413
8726,7331
8726,7406
8718,7494
8718,7462
8716,7352
8716,7730
8714,7576
8703,7487
8703,7492
8702,7503
8702,7644
8702,7507
8702,7462
8702,7588
8697,7899
8697,7937
8697,7294
8678,8176
8678,7406
9566,8896
9522,9439
9487,9922
9415,9319
9400,9102
9390,9465
9358,9318
9355,9376
9348,8914
9347,9140
9295,9213
9279,9917
9271,8742
9246,8639
9242,9184
9234,9132
9228,8445
9209,8507
9203,9082
9201,8355
9200,8680
9198,8262
9194,8334
9189,8487
9133,8687
9127,8583
9117,8071
9112,8453
9099,8357
9099,7924
9099,8606
9088,8103
9085,8041
9065,7894
9062,7981
9058,7868
9058,7979
9058,8851
9055,8260
9048,8317
9035,8109
9035,8358
9033,8447
8997,9083
8995,7932
8987,7801
8969,8505
8961,7978
8946,8176
8911,8138
8904,7989
8904,8950
8892,8538
8891,7458
8891,7591
8867,7950
8848,7535
8847,7680
8837,7596
8836,7366
8834,7551
8834,7565
8822,7391
8820,6881
8820,6988
8819,6993
8819,7306
8817,7142
8816,6961
8781,7065
8779,7477
8778,7474
8778,7378
8770,7339
8770,7336
8770,7400
8768,7346
8766,7228
8755,7428
8755,7853
8754,7620
8754,7258
8754,7421
8754,7288
8754,7585
8749,7430
8749,7813
8749,7438
8730,7193
8730,7971
8730,7158
8726,7610
9725,9110
9708,9895
9616,9869
9586,9755
9575,9668
9534,10038
9523,9421
9518,10198
9480,9730
9476,9990
9435,10027
9407,9103
9401,9228
9391,9921
9384,9133
9366,9587
9362,9257
9351,8843
9349,8904
9347,9595
9343,8791
9336,9231
9279,9112
9272,9851
9256,8868
9247,9287
9230,8961
9230,9136
9230,8976
9217,8798
9211,9288
9190,9252
9188,8597
9180,8826
9180,8771
9180,8533
9177,8424
9170,8693
9155,8983
9152,8522
9151,8467
9114,9223
9109,8679
9105,8118
9090,8205
9081,8170
9035,8423
9030,8877
9013,7933
8994,7952
8994,7895
8991,7938
8961,7993
8961,8009
8958,8689
8956,8498
8924,8318
8919,7674
8918,7965
8905,7964
8903,7549
8899,7545
8899,7960
8898,7968
8898,7667
8896,7844
8895,7596
8860,7783
8858,7999
8855,7265
8855,7962
8845,7588
8845,7714
8843,7414
8840,7428
8827,7443
8826,7354
8824,7514
8824,7490
8824,7536
8824,7369
8824,7538
8819,7456
8819,7552
8819,7742
8799,8084
8797,8037
8793,8320
8793,7676
8793,7563
8778,7671
8775,7530
9614,9186
9583,10655
9564,9793
9559,8824
9530,8883
9526,9314
9499,9017
9472,8731
9465,8651
9456,8450
9439,9093
9419,9058
9406,9355
9403,8579
9401,9146
9399,9601
9395,9505
9388,9031
9333,9580
9326,9713
9310,8974
9301,9112
9284,9352
9284,9062
9284,8866
9271,8894
9265,9040
9241,8770
9240,8588
9232,9394
9232,9297
9233,8598
9230,8390
9223,9389
9208,9426
9206,8559
9204,8400
9167,9077
9162,9444
9158,8737
9146,9184
9140,9005
9139,8270
9094,8112
9086,8134
9085,8155
9059,8719
9056,8852
9044,8101
9014,8071
9011,8103
9009,7880
8996,8192
8994,8583
8991,9114
8990,8093
8956,7896
8952,8214
8952,7878
8951,7718
8951,7755
8949,8556
8948,8353
8912,8476
8910,7822
8907,7942
8907,7754
8897,7862
8897,7715
8897,8141
8895,7933
8892,8109
8879,7810
8878,8219
8876,8169
8876,7861
8876,7466
8876,7668
8876,7510
8871,7483
8871,7667
8871,7666
8851,7800
8849,7679
8849,8050
8845,7927
8845,7365
8845,8255
8830,7457
8827,7406
8827,7405
8822,7246
9614,8725
9611,10272
9582,9204
9562,9531
9551,9765
9524,9064
9517,9123
9508,9652
9501,9339
9477,9064
9458,9895
9455,9747
9453,9138
9451,9471
9447,9989
9440,9358
9385,10920
9378,9362
9362,8696
9353,9351
9336,8406
9336,8759
9336,8994
9323,8522
9317,8996
9295,9744
9292,9321
9284,9190
9284,9688
9284,9500
9281,8451
9275,8929
9260,8959
9258,9420
9256,8731
9219,9468
9214,8682
9210,8543
9198,9435
9192,8728
9191,8795
9146,7932
9141,8010
9141,8576
9119,8029
9113,7904
9108,7610
9069,8172
9063,7953
9061,7896
9048,8175
9046,8790
9043,8089
9042,7705
9029,7634
9027,7537
9004,7813
9003,7686
9003,7769
9001,7573
9001,8286
9000,8286
8964,8186
8962,7694
8959,7655
8959,8271
8949,7453
8949,7643
8947,7488
8944,7444
8932,7881
8931,7781
8930,7729
8928,7406
8928,7736
8928,7770
8928,7747
8928,8298
8923,7409
8923,7363
8923,7379
8903,7434
8901,8504
8901,8134
8897,7771
8897,7423
8897,8102
8882,7733
8879,7686
8879,7592
8874,7492
8870,7215
9761,9158
9732,10270
9728,9951
9701,10758
9674,10081
9668,10369
9659,9597
9652,9887
9631,9516
9617,10511
9606,9810
9605,9965
9602,10074
9600,9422
9593,9786
9584,9377
9524,9312
9517,10036
9502,9123
9493,9514
9476,9432
9476,8988
9465,9131
9458,9005
9457,8653
9433,8883
9432,9565
9424,8759
9424,8752
9424,8913
9417,8858
9413,8656
9397,9152
9394,8406
9391,8605
9351,9315
9344,9307
9340,9141
9325,9694
9316,8592
9315,8931
9264,8503
9259,8931
9256,8253
9231,8387
9221,9450
9221,8317
9179,7982
9179,8736
9174,8919
9161,8541
9159,8867
9156,8223
9155,8345
9122,8773
9120,9065
9116,7821
9116,7919
9115,8541
9113,8112
9111,8942
9109,8385
9068,7987
9066,7861
9063,7996
9063,7887
9053,7899
9053,7749
9051,7990
9048,8268
9048,8222
9035,7859
9034,7736
9032,7753
9032,7653
9032,7632
9030,7868
9029,8191
9022,8084
9022,7660
9022,7668
8999,7742
8997,7546
8997,7481
8990,7355
8990,7720
8990,7826
8970,8784
8967,7529
8967,7645
8957,7368
8956,7365
9823,8942
9802,9925
9798,10550
9779,9703
9771,9583
9738,9329
9729,9788
9722,10022
9689,10080
9685,9689
9674,9283
9673,9135
9670,10133
9668,9276
9660,9234
9650,9704
9587,9408
9581,10048
9565,9713
9556,9408
9539,10157
9539,9296
9539,9549
9526,9843
9520,9374
9496,9294
9495,9249
9487,8816
9487,9302
9487,8723
9483,8873
9476,9473
9457,8979
9455,9127
9451,8612
9412,9167
9412,8605
9401,9198
9386,8448
9377,8674
9376,8323
9325,8180
9317,8793
9299,8509
9280,7965
9269,7942
9266,8348
9237,7999
9237,8301
9234,8492
9232,7963
9219,7871
9217,7877
9193,8205
9179,8166
9177,8347
9173,8783
9173,8600
9172,8203
9170,8119
9168,8287
9166,8593
9122,7810
9120,7899
9120,8609
9117,8112
9117,8301
9106,7609
9106,7973
9104,7642
9101,7624
9090,7667
9089,7696
9088,8544
9086,7968
9086,8131
9086,8057
9084,7920
9083,8201
9076,8285
9076,7705
9076,7766
9051,7826
9049,7773
9049,7923
9042,7572
9042,7294
9042,7468
9020,7666
9015,7738
9012,7728
8999,7741
9886,9247
9877,10286
9874,9822
9850,9881
9832,9643
9821,10305
9783,9746
9776,10095
9767,9425
9760,10650
9740,9982
9736,9574
9725,10121
9724,9593
9721,10183
9719,9551
9711,9787
9701,9818
9638,10215
9632,9249
9616,9103
9607,9736
9590,9728
9590,10095
9590,9186
9577,9165
9572,10029
9549,8836
9547,9209
9546,9134
9541,8930
9541,9418
9534,9210
9534,8627
9527,9259
9508,8825
9506,9004
9502,8608
9462,8787
9462,8468
9451,8597
9433,8504
9415,9022
9403,8445
9348,8466
9342,8598
9335,8604
9335,8542
9319,9037
9316,8815
9316,8457
9285,8637
9264,8382
9261,8686
9259,8600
9246,8061
9244,7909
9241,8395
9240,8602
9227,8838
9225,7988
9221,8183
9221,8491
9220,8919
9218,7890
9216,8248
9214,8153
9171,8184
9169,9046
9166,8611
9166,7713
9166,8045
9155,8403
9155,8752
9153,8357
9150,7893
9139,7934
9138,7889
9137,8130
9135,8200
9135,8466
9135,7982
9133,8464
9132,8897
9125,7744
9125,7727
9125,7945
9100,8575
9094,7479
9092,7838
9075,7822
9074,7817
10077,9729
10028,10606
10022,10721
10002,10334
9961,11138
9958,10085
9935,10266
9932,9635
9893,10336
9875,9929
9864,9866
9837,10473
9830,9610
9821,9803
9814,10107
9794,10042
9790,9317
9779,9526
9778,10474
9775,9423
9773,9830
9765,9386
9755,9696
9689,10229
9682,9224
9667,9696
9656,8970
9641,9779
9641,10085
9630,9060
9628,9512
9627,9364
9603,9353
9601,10167
9593,9145
9593,10209
9586,9179
9586,9141
9579,8831
9560,9342
9554,9655
9545,8908
9492,8841
9484,9054
9463,8744
9439,9320
9432,8834
9394,9084
9390,8512
9387,9437
9387,8430
9348,8315
9345,8937
9345,8671
9316,8797
9316,8193
9311,8135
9298,8202
9296,8327
9293,8655
9292,8990
9279,8150
9277,8206
9273,8259
9273,8866
9272,8647
9270,8262
9268,8339
9266,8276
9223,9886
9221,10067
9218,8359
9218,7973
9207,8178
9207,8144
9205,8931
9202,8648
9191,7872
9190,7840
9189,7996
9187,8179
9187,8499
9185,7721
9185,7861
9184,7884
9177,8306
9177,8299
9177,7819
9146,8502
9134,8681
9133,7594
9125,7863
10138,9672
10081,11145
10074,11015
10058,11553
10054,11047
9998,10969
9989,10511
9984,10530
9947,10212
9927,10787
9916,9809
9889,10384
9882,9874
9873,10198
9866,10145
9846,10576
9842,9585
9831,9932
9830,9435
9827,10321
9818,9474
9817,9933
9807,9497
9741,9577
9734,9984
9719,10093
9708,10191
9693,9373
9693,9537
9682,9750
9680,9683
9657,8926
9655,9292
9653,9894
9645,8843
9645,9852
9638,8883
9638,9037
9631,9496
9610,8823
9606,9699
9597,9539
9543,8682
9520,8920
9496,9231
9491,8455
9484,9462
9446,8658
9442,9382
9439,9066
9423,8868
9400,9681
9397,8664
9397,8300
9368,8825
9365,9130
9363,8551
9350,8383
9348,8886
9345,8824
9331,8287
9329,8434
9325,8092
9325,8588
9324,9237
9322,8241
9320,8395
9318,8447
9275,8482
9273,9560
9270,8022
9270,8019
9259,8136
9259,8355
9259,8541
9257,7903
9254,8174
9242,8249
9241,8183
9239,8349
9239,7953
9239,7974
9237,7875
9236,8168
9229,8524
9229,8179
9229,8155
9198,7826
9196,7842
9186,8598
9178,8336
9177,7806
10129,10128
10122,11197
10106,10595
10061,11727
10058,11545
10035,10727
10032,10897
9994,10483
9976,10858
9965,9728
9938,10106
9931,10183
9916,10657
9895,9762
9891,9768
9882,10279
9879,10018
9876,9704
9874,9917
9866,10753
9856,10030
9792,10314
9785,9733
9770,10016
9759,9631
9744,10042
9744,9244
9733,9765
9726,9639
9708,9227
9706,9626
9704,8929
9696,9419
9696,9338
9689,8896
9682,9236
9682,9144
9661,9496
9657,9460
9617,9245
9601,9461
9585,9201
9568,9479
9543,9364
9538,8919
9493,9431
9490,9285
9490,8443
9474,8557
9471,8634
9471,8927
9419,8272
9416,8441
9414,8418
9401,8500
9396,8993
9395,8277
9382,8235
9380,8263
9376,8453
9376,8568
9375,8880
9373,8322
9371,8377
9369,8594
9324,8521
9321,8251
9321,8066
9321,8144
9310,8379
9310,8235
9308,9125
9305,8812
9293,8522
9292,8458
9290,8038
9290,8123
9290,8103
9288,8060
9287,8784
9280,8278
9280,8096
9280,8105
9255,8635
9253,7983
9253,7807
9246,7845
9240,7611
9240,8991
9211,8516
9208,7955
9207,7918
10094,9491
10084,10038
10079,10705
10057,9922
10053,10745
10015,10330
9988,9814
9982,10094
9973,9694
9965,14389
9945,10642
9941,9946
9930,10725
9929,10312
9926,10824
9924,10211
9916,10213
9906,10576
9843,10075
9836,10158
9821,9498
9810,9520
9795,10594
9795,9906
9784,9954
9777,9170
9754,9961
9752,9479
9751,9643
9747,9210
9747,9658
9740,10514
9733,9318
9733,9804
9712,9683
9711,9455
9668,9004
9668,9187
9661,9831
9639,9003
9633,9532
9611,8839
9565,8850
9549,9450
9544,8458
9525,8704
9525,9291
9522,8940
9491,9631
9491,9511
9488,9507
9465,9053
9452,9844
9447,8635
9446,8729
9433,9394
9431,8565
9427,8625
9427,8289
9426,9300
9424,8397
9422,8193
9420,8964
9378,8334
9376,8465
9373,8516
9373,8695
9362,8331
9362,8132
9360,8595
9357,7752
9357,8013
9345,7801
9344,8101
9342,8501
9342,8126
9340,7982
9340,8090
9339,8220
9332,8634
9332,8368
9332,7829
9307,8354
9305,8712
9298,7762
9298,8098
9298,7886
9271,8644
9271,7852
9260,7725
9255,7669
9255,7865
10133,9402
10109,10945
10107,10501
10086,10644
10078,11199
10040,10523
10025,10809
10018,10356
9997,10943
9993,9645
9982,10256
9981,9965
9978,10274
9976,9699
9968,10628
9958,9953
9894,9505
9887,9672
9872,9292
9861,10211
9846,10353
9846,9997
9835,9679
9828,9444
9805,9725
9802,9501
9802,9724
9794,9460
9794,10011
9791,8944
9784,9477
9784,9386
9763,9612
9762,8931
9719,9195
9719,9112
9708,8811
9693,9297
9684,8744
9683,8983
9624,9195
9615,8691
9606,8877
9576,9311
9573,8508
9573,8616
9542,8905
9539,8322
9537,8288
9524,8948
9522,8442
9498,8326
9497,8365
9482,8855
9478,8218
9478,8071
9477,8189
9475,8405
9473,8536
9471,8202
9429,8217
9427,8814
9424,8523
9424,8065
9413,8006
9413,8185
9411,8285
9408,7956
9408,7950
9396,8242
9395,8461
9393,7902
9393,8064
9391,7960
9391,8569
9390,7702
9383,8090
9383,7906
9383,8085
9358,8615
9356,8186
9349,7888
9349,8581
9349,7910
9327,7881
9327,7999
9324,8693
9319,8126
9314,8063
9305,8042
9289,8693
9289,7759
10136,9645
10128,10094
10096,10621
10087,10101
10080,10539
10048,10198
10044,10554
10033,10038
10032,9803
10029,9522
10027,10031
10019,9503
10009,9615
9945,10442
9938,9986
9923,12630
9912,9431
9897,9181
9897,9285
9884,9890
9879,9145
9856,9542
9853,9106
9845,9298
9845,9645
9845,9221
9838,9790
9831,9296
9812,9364
9814,8832
9810,9725
9770,9159
9763,9043
9759,9721
9744,9328
9735,9790
9683,9261
9678,9400
9673,9713
9654,9465
9649,9363
9640,9037
9596,8750
9593,9252
9590,9166
9588,8753
9573,8557
9570,8793
9569,8948
9556,8446
9554,8811
9529,9211
9528,8485
9526,8346
9524,8991
9522,8550
9480,8113
9478,9381
9475,8379
9475,8783
9475,8627
9464,9585
9464,8359
9462,8250
9459,8606
9448,8492
9446,8255
9444,8695
9444,7935
9444,8240
9442,8203
9441,8889
9434,8319
9434,8201
9434,8978
9409,8090
9407,8083
9407,8311
9400,7999
9400,7991
9378,8574
9378,8561
9375,7894
9370,7972
9370,8216
9367,7898
9367,7839
9343,7925
9340,9081
9338,7767
9336,7808
9336,8658
10114,9069
10104,10435
10100,10399
10089,9664
10088,10092
10074,9711
10072,10540
10064,9572
10054,9911
9996,9620
9989,10080
9974,9355
9963,10257
9948,9322
9948,9594
9935,9247
9929,9793
9907,9143
9904,9769
9896,9423
9896,9165
9896,9394
9889,9078
9882,9367
9863,9336
9860,9413
9857,8926
9817,8999
9814,9531
9795,9135
9795,9159
9785,9059
9734,8807
9729,9250
9724,8851
9705,8889
9703,8977
9695,8848
9653,8492
9653,8506
9644,9352
9629,7946
9627,8065
9624,8060
9620,8181
9607,8398
9601,8081
9601,8239
9600,9331
9598,9109
9596,8866
9573,8532
9531,8381
9529,8756
9526,8803
9526,8659
9515,8515
9515,8674
9513,8679
9513,8858
9510,9513
9498,8533
9497,9074
9495,8873
9495,9801
9493,8478
9493,8730
9492,8013
9485,8502
9485,8683
9485,7986
9460,8159
9458,8566
9451,8066
9451,8048
9451,8442
9429,9246
9429,8271
9426,7814
9421,8337
9421,7685
9418,7867
9394,7692
9394,8555
9392,8195
9392,8167
9389,8244
9389,8423
9389,8494
9383,7892
9381,8050
9380,8318
10133,9096
10132,9934
10130,9961
10122,10563
10112,9603
10047,10232
10040,9497
10025,10288
10014,9544
9999,9694
9999,9253
9986,10037
9980,9889
9958,9532
9955,10098
9947,9436
9947,9946
9947,9287
9940,9485
9933,9726
9914,9948
9912,10329
9911,9227
9868,9719
9868,9188
9857,9788
9842,9151
9842,9820
9836,8917
9785,9234
9780,9377
9775,9804
9756,9166
9754,9161
9746,8724
9746,10702
9704,8997
9704,9423
9696,8786
9680,8885
9678,10413
9675,9500
9674,9438
9661,8696
9656,9168
9652,10334
9652,9046
9651,9423
9649,8853
9647,8738
9645,9403
9582,8146
9580,8890
9580,10689
9577,8448
9577,8637
9566,8658
9566,11449
9564,9470
9564,9116
9561,8738
9549,9094
9548,9900
9546,8697
9546,8247
9546,8271
9544,8164
9543,8420
9543,8604
9536,8599
9536,9922
9536,8404
9511,8527
9509,8094
9509,8610
9502,7970
9502,8257
9502,13026
9480,8253
9477,8961
9477,7933
9472,8764
9472,9540
9469,8373
9445,7922
9445,8193
9443,8355
9443,9036
9440,8285
9440,9027
9438,8163
9438,9201
10198,10303
10190,13751
10187,10101
10185,12065
10182,10457
10175,10501
10155,10119
10153,10456
10098,10155
10091,10369
10076,9529
10065,9837
10050,9380
10050,9959
10039,9308
10032,9864
10031,9667
10007,9731
10006,9226
9998,9461
9998,9919
9998,9255
9991,9382
9984,9373
9965,9036
9963,9631
9959,8952
9919,9748
9916,8559
9912,8857
9897,9367
9888,8683
9887,8867
9836,9185
9826,8664
9826,8768
9807,9073
9805,8810
9797,9484
9755,8945
9755,9588
9748,8611
9746,8669
9729,9153
9723,8462
9722,8572
9709,8708
9707,8747
9703,8532
9703,8864
9702,8979
9700,8828
9677,8391
9675,8575
9633,8699
9631,8326
9628,8223
9628,8583
9617,8728
9617,8474
9617,8309
9615,8346
9612,8731
9601,8192
9599,8164
9599,8397
9597,8581
9597,8164
9595,8253
9594,8630
9594,8702
9587,8692
9587,8285
9562,8848
9562,8878
9560,8772
9553,8207
9553,8765
9553,8426
9531,8547
9531,8106
9528,8518
9523,7952
9523,7852
9520,8042
9520,8518
9496,7750
9494,8096
9494,7975
9491,8187
9489,8658
9489,7851
10267,9272
10257,11446
10253,10280
10242,10221
10241,10023
10238,9527
10225,10011
10217,9577
10207,9610
10149,9959
10142,9802
10127,10111
10118,9447
10101,9546
10101,9574
10090,10217
10088,9265
10082,9650
10058,9658
10057,9432
10049,9234
10049,9359
10049,9993
10042,9614
10035,9845
10035,9176
10014,9604
10017,9194
9974,9380
9974,8983
9963,9000
9948,9099
9948,9859
9938,8689
9887,9073
9882,8342
9877,8459
9858,8438
9856,8657
9848,8196
9848,8319
9803,8211
9799,8338
9795,9094
9782,8698
9777,9038
9774,9273
9773,8423
9760,8923
9758,9101
9754,8336
9754,8251
9732,8804
9730,8783
9728,8439
9726,8303
9684,8186
9682,8651
9679,7842
9679,8158
9668,8591
9668,8719
9666,8493
9663,8525
9663,8682
9651,8892
9650,8251
9648,8177
9648,8774
9648,8020
9646,7941
9645,8232
9638,8631
9638,8175
9638,10514
9613,8641
9611,8093
9611,8325
9604,8037
9604,7955
9604,8295
9582,8415
9582,7861
9579,8686
9574,7916
9574,8440
9571,7724
9547,8145
9547,7904
9544,7995
9544,8190
9540,7778
10336,9353
10330,10931
10323,9905
10309,10716
10296,10351
10293,9874
10280,10228
10277,9900
10270,10279
10261,9735
10259,10189
10200,9587
10193,10091
10178,9498
10167,10111
10152,9594
10152,9677
10141,9355
10134,9630
10133,9351
10109,9519
10108,9215
10100,9409
10100,9434
10100,9347
10093,9517
10086,9614
10071,9106
10069,9119
10065,9611
10025,9358
10018,9632
10014,8954
9999,9151
9990,9453
9989,8981
9938,9050
9928,8706
9928,9272
9909,8571
9907,9158
9896,8625
9853,8723
9851,8697
9845,8533
9843,8453
9828,8523
9825,9164
9824,8565
9811,8577
9809,9103
9805,8571
9784,8611
9783,9319
9781,8175
9779,8276
9777,8294
9735,8556
9733,8732
9730,8510
9730,8239
9719,8051
9719,8047
9717,8197
9714,8568
9714,8715
9702,8295
9701,7953
9699,8073
9699,8281
9697,8479
9697,8278
9696,8271
9689,8085
9689,7919
9689,8357
9664,8310
9662,8852
9655,8023
9655,8003
9655,7767
9633,7832
9633,7912
9630,7962
9625,7745
9625,7611
9622,7629
9598,8015
9597,7487
9595,7787
9593,7693
9591,8062
10382,9091
10375,10236
10360,10638
10356,9930
10347,10657
10344,9786
10330,10531
10328,9616
10320,9642
10310,10068
10251,9688
10244,10135
10229,9510
10220,9425
10203,10058
10203,9365
10192,9342
10185,10226
10184,9824
10160,9772
10159,9214
10151,9286
10151,9871
10144,9188
10144,9229
10137,9934
10116,9215
10119,9916
10076,9091
10076,9604
10069,8800
10050,9025
10050,9570
10040,8893
9989,8919
9984,9405
9979,10051
9960,8797
9958,9132
9950,9437
9905,8493
9904,8731
9899,8900
9884,8465
9879,8604
9876,8380
9875,8685
9862,9077
9860,8590
9856,8362
9856,8500
9853,8708
9830,9175
9828,8561
9786,8346
9784,8429
9781,8773
9781,9083
9781,8335
9770,8117
9770,8287
9768,8494
9765,8767
9754,7843
9752,7867
9750,7825
9750,8173
9750,8644
9748,8188
9747,8002
9740,8080
9740,8001
9740,8212
9715,8400
9713,8125
9713,7866
9706,8227
9706,7990
9706,8773
9684,7947
9681,7611
9681,7933
9676,7743
9673,8094
9673,8377
9649,7598
9647,7924
9647,7697
9644,7950
9644,7805
9642,8133
9636,7779
10402,9053
10394,9969
10391,10157
10389,9705
10386,10089
10368,9798
10359,9550
10303,9834
10296,9333
10280,10058
10271,10461
10254,9455
10254,10230
10254,9684
10241,10297
10235,9239
10211,9844
10210,9392
10202,9698
10202,9648
10202,9445
10195,10000
10188,9436
10169,9249
10167,9277
10163,9784
10123,9110
10120,9133
10116,9429
10101,9196
10092,9104
10091,9280
10035,8903
10030,8815
10030,9200
10009,9037
10001,9236
10001,9042
9959,8724
9959,8489
9950,8548
9935,8348
9933,8306
9927,8552
9926,9357
9913,8034
9911,8479
9907,8084
9907,8421
9906,8910
9904,8316
9881,8488
9879,8776
9837,8089
9835,8240
9832,8305
9832,8018
9821,8147
9821,8340
9819,8829
9816,7837
9816,8034
9804,8062
9803,8128
9801,8564
9801,8314
9799,7953
9799,7985
9798,8022
9791,8276
9791,8249
9791,7972
9766,8286
9764,7884
9764,8414
9757,8307
9757,8096
9757,8035
9735,7902
9732,7895
9732,7976
9727,8537
9724,8151
9724,7735
9700,7699
9700,8234
9698,8316
9697,7559
9695,8062
9693,7940
9693,7767
9687,7698
10453,9191
10445,10485
10442,9960
10440,9866
10426,10107
10419,9936
10410,10119
10354,9472
10347,9476
10331,9519
10322,9688
10320,9937
10305,9208
10305,9602
10292,9494
10287,9174
10264,9486
10261,9054
10261,9210
10253,9617
10253,9277
10246,9247
10246,9777
10239,9255
10220,9637
10217,9084
10218,9287
10178,9618
10171,9189
10167,9211
10152,8893
10143,9555
10142,9768
10086,9053
10081,8658
10081,9164
10060,8852
10052,8651
10049,9342
10006,8410
10004,8628
9999,8560
9983,8358
9981,8771
9978,8423
9977,8608
9964,8953
9962,8287
9958,8287
9958,9083
9936,8834
9934,8349
9932,8271
9930,8430
9888,8278
9886,8298
9883,8026
9883,8077
9872,8184
9872,8267
9870,8239
9867,8713
9867,8404
9855,8584
9854,8205
9852,8668
9852,8005
9852,7955
9850,8249
9849,7797
9842,8384
9842,8303
9842,7934
9817,8011
9815,8421
9815,8786
9808,8045
9808,8062
9808,7980
9786,8271
9783,7900
9783,7776
9778,7789
9775,7858
9775,8222
9751,8465
9750,8009
9748,7914
9746,7842
9744,7886
9744,8015
9744,8695
10512,9126
10508,10331
10499,10108
10485,10273
10483,9522
10480,9976
10473,10382
10464,9989
10405,9873
10398,9370
10382,9978
10373,9245
10356,9396
10356,9770
10356,9248
10343,9885
10337,9523
10315,9437
10312,9479
10304,9279
10304,9305
10304,9100
10297,9667
10290,9999
10290,9225
10269,9463
10272,9215
10229,9039
10229,9058
10218,9024
10203,9064
10194,8886
10193,9134
10142,8885
10137,8798
10132,8812
10113,8581
10111,8721
10100,8729
10055,8578
10055,8549
10049,8970
10047,9145
10034,8522
10029,8336
10028,8594
10015,9017
10013,8343
10009,8307
9988,8450
9987,8767
9985,8446
9983,8446
9981,8621
9939,8915
9937,8718
9934,8606
9934,8349
9923,9012
9923,8500
9923,8600
9921,8693
9918,8644
9907,8639
9905,8097
9903,8203
9903,8731
9903,8070
9901,8323
9900,7940
9900,8376
9893,8716
9893,8148
9868,7929
9868,8197
9866,8185
9859,7947
9859,7915
9859,7987
9837,7951
9837,8210
9834,7927
9829,7854
9829,7982
9826,8101
9801,8199
9801,8467
9797,7905
9797,7705
9795,7915
9795,8231
9795,8178
10563,9285
10559,9882
10539,9989
10536,10280
10534,9811
10531,10496
10524,9784
10515,10138
10456,9457
10449,9578
10433,9493
10424,9492
10407,9955
10407,9421
10407,9541
10394,9348
10388,9369
10366,9939
10363,9240
10355,9177
10355,9916
10355,9606
10348,9692
10341,9150
10341,9694
10320,9098
10323,9152
10280,9785
10280,9590
10269,9818
10254,9245
10254,9102
10244,9954
10193,8918
10188,8887
10183,8779
10164,8988
10159,9281
10150,8900
10106,8897
10103,9405
10100,8911
10098,8841
10085,9181
10083,8597
10079,8989
10066,9096
10064,9666
10039,8946
10039,8736
10038,8888
10036,9426
10034,8448
10032,8342
9990,8641
9988,8115
9985,8211
9985,8282
9985,8409
9974,8599
9974,8126
9972,8408
9969,8435
9958,8686
9956,8007
9956,8020
9954,8278
9954,8649
9952,7881
9951,8385
9951,8117
9944,8316
9944,8830
9919,8040
9919,7969
9917,8490
9910,8604
9910,7684
9910,7916
9888,8157
9888,8682
9885,8154
9880,8065
9880,7874
9874,8191
9874,7707
9850,7732
9848,7774
9848,7723
9846,7782
9846,8013
9846,7597
10624,9327
10614,10007
10590,9564
10587,10065
10585,9807
10582,9910
10575,10632
10566,10556
10507,9491
10506,9715
10499,10157
10484,9412
10473,9886
10458,9276
10458,9942
10447,9572
10440,9583
10417,9274
10415,9165
10414,9939
10406,9725
10406,9594
10399,9359
10399,9386
10392,9075
10373,9332
10374,9962
10371,9482
10331,9644
10324,9133
10320,9396
10305,9050
10296,8896
10295,9480
10239,9065
10234,9276
10231,9012
10208,8741
10196,8873
10196,8838
10154,8901
10154,9073
10151,8662
10149,8602
10134,8781
10131,9128
10130,8665
10117,8665
10094,9428
10090,8870
10090,8571
10089,8686
10087,9171
10085,8690
10083,8436
10041,8999
10039,9604
10036,8551
10036,8578
10036,9282
10025,8680
10025,8607
10023,8926
10020,8772
10009,8360
10007,8426
10007,8346
10005,9243
10005,8223
10003,8128
10003,8810
10002,8164
9995,8188
9995,8331
9995,8732
9970,8278
9968,8074
9968,8249
9961,9065
9961,8009
9961,8165
9939,8629
9936,8914
9936,8112
9926,7893
9918,8275
9917,7869
9901,8236
9901,8094
9899,8342
9899,8745
9897,7615
10693,9547
10670,10570
10655,10947
10651,10529
10642,10620
10639,10213
10637,10378
10634,9845
10627,10484
10618,9872
10558,10506
10551,10007
10535,10506
10526,10026
10509,10631
10509,9688
10509,9967
10496,10061
10490,10167
10468,9561
10465,9884
10457,9861
10457,10436
10457,9926
10450,9936
10447,9337
10428,9938
10426,9314
10422,9727
10382,9132
10382,9772
10371,9308
10356,9148
10347,9630
10346,9227
10295,9346
10282,9086
10269,8903
10250,9320
10239,8628
10236,8811
10205,9568
10205,8604
10202,8990
10200,8977
10185,8688
10182,8749
10160,9147
10147,8304
10145,8722
10141,9322
10141,9369
10140,8513
10138,9430
10136,9534
10134,8963
10092,8681
10090,8670
10087,8629
10087,8436
10076,9015
10076,9017
10074,8616
10074,8421
10071,8692
10059,8243
10058,8423
10056,8431
10056,8943
10056,8480
10054,8592
10053,8786
10046,8188
10046,8496
10046,9044
10021,7878
10019,8120
10019,8361
10012,8799
10012,8609
9990,8206
9990,8689
9987,7962
9987,8058
9977,8091
9968,8232
9968,7751
9952,7927
9950,7877
9950,8019
9948,8170
9948,8368
10736,9463
10705,10108
10701,10508
10692,10348
10689,10216
10687,10511
10684,10390
10677,10049
10668,9911
10609,9720
10602,9815
10586,9794
10577,9518
10560,9784
10560,9607
10549,9748
10547,9523
10541,9787
10517,10234
10516,10101
10508,10234
10508,10020
10501,9840
10501,9474
10494,10143
10479,9496
10476,9965
10473,9428
10433,9756
10426,9352
10407,9678
10407,9421
10397,9439
10346,9294
10341,9191
10336,9343
10310,9149
10301,9209
10298,9248
10256,8906
10256,9354
10253,8899
10251,9286
10236,9419
10233,8728
10232,9070
10219,8698
10196,8916
10192,8975
10192,8884
10191,8587
10189,8822
10187,8978
10185,8801
10143,9036
10141,9145
10138,8640
10138,8630
10127,8590
10127,8226
10125,8427
10122,8342
10111,9009
10109,8440
10109,8397
10107,8793
10107,8156
10105,8093
10104,8586
10104,8421
10097,8323
10097,8225
10072,8777
10072,8377
10070,8347
10063,8579
10063,8371
10063,8215
10041,8451
10038,8349
10038,8139
10033,7905
10030,7979
10027,8284
10005,7800
10003,8006
10001,7846
9999,8299
9999,8225
9999,7904
9999,8066
9993,7893
10759,9383
10737,9913
10735,10216
10732,9796
10725,9949
10716,10420
10660,9913
10653,10604
10637,9943
10628,10377
10611,10070
10611,10352
10611,10013
10598,10091
10592,9477
10568,9591
10567,9511
10559,9668
10559,9337
10552,9827
10552,9416
10545,9753
10526,9399
10523,9709
10520,9546
10484,9570
10477,10150
10458,9573
10458,9473
10448,9168
10397,9530
10387,9188
10387,9361
10368,9702
10358,8886
10358,9172
10313,8549
10310,8896
10305,9296
10289,8694
10287,8746
10284,9029
10283,8936
10268,8907
10264,8937
10264,8524
10263,8744
10240,8697
10238,8816
10236,8421
10194,8879
10192,8569
10189,8287
10189,8584
10178,9212
10178,8392
10176,8795
10173,8693
10162,8413
10160,8527
10160,9199
10158,8371
10158,8708
10156,8469
10155,8147
10155,8354
10148,8516
10148,8158
10123,8159
10123,8413
10121,8788
10114,8298
10114,8148
10114,8181
10092,7995
10089,8573
10089,8424
10084,8231
10081,8252
10081,8288
10057,9329
10057,8368
10055,8486
10052,8569
10050,8210
10050,8365
10050,8674
10044,8664
10044,8280
10043,8454
10043,8506
10043,7774
10778,9490
10772,10280
10762,10074
10710,10269
10704,9982
10688,10397
10679,10035
10662,10265
10662,9609
10662,10179
10649,9884
10643,10418
10621,9751
10618,10820
10610,9625
10610,9439
10610,9731
10603,10173
10596,10007
10596,9777
10575,9959
10574,9518
10531,9637
10531,9495
10528,9509
10509,9159
10509,9326
10500,9905
10448,9343
10443,10246
10438,9040
10419,9836
10417,8887
10409,9409
10409,8999
10364,9586
10360,8866
10356,9451
10340,9632
10338,9117
10335,9411
10334,9223
10321,8921
10319,9840
10315,8647
10315,9012
10293,9496
10291,9026
10289,9609
10287,8863
10245,8792
10243,8962
10240,9423
10240,8847
10229,9008
10229,9026
10229,8458
10227,8662
10224,9435
10213,8527
10211,8553
10209,9023
10209,8312
10209,8529
10207,8867
10206,8417
10206,8548
10199,9300
10199,8531
10174,8624
10174,8826
10172,8375
10165,8551
10165,8837
10165,8347
10143,8694
10143,8992
10140,8483
10140,8625
10135,9122
10132,8638
10132,8344
10108,7927
10107,8414
10105,8459
10101,8620
10101,8081
10101,8429
10101,8573
10095,8256
10095,8555
10094,9054
10847,9924
10836,10687
10833,10951
10826,10454
10817,10784
10762,10068
10755,10313
10739,9840
10739,10790
10728,10338
10713,10062
10713,10591
10702,10092
10695,10693
10672,9657
10670,10473
10669,10033
10661,9723
10661,10463
10661,9925
10654,10333
10647,9848
10628,10369
10626,10341
10626,9621
10586,9647
10586,9622
10575,10125
10560,9483
10560,10242
10550,9481
10499,9796
10494,9264
10489,9909
10470,9271
10465,9714
10456,9149
10451,9578
10412,9047
10409,9450
10404,10279
10391,9414
10389,9683
10386,8976
10385,9573
10372,8647
10370,8882
10345,9742
10345,9016
10344,9437
10342,9375
10340,9313
10338,9534
10296,8642
10296,8762
10294,8805
10291,8770
10291,8696
10280,8936
10280,8543
10278,9263
10278,8770
10275,8833
10264,9353
10262,8762
10262,8932
10260,9419
10260,8663
10258,9388
10258,8569
10257,8819
10250,9481
10250,8771
10250,9504
10225,8625
10223,8694
10223,9250
10216,8606
10216,9186
10216,8515
10194,8793
10191,8828
10191,8412
10181,8591
10181,8797
10172,8710
10156,8427
10156,8915
10154,8473
10154,8448
10152,8897
10152,8183
10940,9654
10922,11393
10909,10544
10905,10968
10894,10642
10893,10254
10890,10983
10888,10514
10880,11099
10870,10317
10812,10268
10805,10818
10790,9980
10781,10503
10764,9866
10764,11166
10764,10514
10751,11198
10745,10974
10723,10200
10720,11105
10712,11317
10712,10809
10712,10100
10709,10091
10702,10791
10702,11191
10681,11083
10680,9883
10677,10616
10637,10598
10630,10136
10611,9454
10611,9930
10602,10090
10547,10289
10538,9484
10524,9892
10505,9582
10494,9717
10491,9373
10491,9569
10460,9497
10457,9459
10455,10169
10442,9378
10419,10746
10416,10016
10415,9357
10402,10200
10400,9216
10396,8994
10396,9399
10395,9614
10393,9947
10391,9031
10389,10592
10347,9375
10345,9101
10342,10639
10342,9009
10331,9378
10331,9691
10329,8975
10326,9557
10326,9865
10314,8927
10313,9487
10311,9268
10311,9959
10309,8882
10309,9084
10308,9684
10301,8888
10301,9601
10301,8926
10276,9298
10274,9036
10274,8698
10267,9177
10267,9299
10267,9846
10240,9251
10237,9274
10229,9503
10224,8786
10223,9308
10223,8540
10207,8990
10207,9400
10205,9254
10205,8528
10997,10214
10988,11501
10981,11331
10961,11036
10957,11179
10948,11236
10945,10839
10943,11601
10940,11432
10933,11166
10924,11313
10864,11555
10857,11396
10841,11107
10832,11222
10830,11127
10815,10387
10815,10555
10802,11093
10797,11424
10774,11104
10772,10362
10771,10354
10763,11885
10767,11664
10760,10885
10760,10583
10753,10675
10734,10509
10731,11358
10728,10081
10688,12475
10681,10183
10674,9981
10653,10097
10632,10337
10629,10402
10574,9442
10564,10662
10561,9846
10545,9389
10545,10036
10542,9531
10511,9440
10490,9571
10487,9573
10485,10506
10472,9314
10470,10134
10467,9756
10466,9247
10453,9556
10451,9589
10447,9936
10447,9444
10446,9390
10444,9675
10442,9552
10440,9761
10398,9401
10396,9078
10393,9331
10393,9014
10382,9399
10382,9535
10382,10198
10380,10295
10377,10753
10366,10475
10365,10060
10364,14267
10362,10136
10362,10170
10362,9849
10360,9748
10359,9198
10352,10560
10352,9870
10352,13218
10321,9367
10321,8611
10309,9058
10301,8741
10300,9345
10300,8766
10281,8893
10281,15066
10279,9744
10279,9105
10263,8470
10262,9314
10262,8696
11118,10590
11114,12735
11095,12582
11087,11477
11060,12984
11045,11214
11038,11038
11017,10410
11013,10267
11004,10406
11001,10077
10999,10960
10996,10860
10989,10132
10980,10748
10915,10662
10914,10058
10907,10639
10892,10144
10881,9882
10866,10399
10866,10151
10855,10779
10853,9997
10852,10028
10828,10805
10826,10003
10818,10660
10818,10388
10818,9900
10811,10565
10801,9840
10776,9798
10762,9888
10756,10102
10699,10059
10694,9579
10679,10057
10664,9519
10664,10043
10656,9322
10619,9584
10615,9310
10589,9513
10573,9174
10573,9837
10570,9530
10570,9692
10541,10292
10538,9568
10536,9846
10523,9483
10521,9666
10518,9344
10517,9164
10504,9845
10502,9444
10498,9819
10498,9226
10497,10271
10495,9055
10493,9521
10491,9352
10449,9640
10447,9963
10444,9459
10444,10037
10433,9393
10433,9801
10433,9167
10431,9415
10428,8994
10417,9088
10415,9239
10413,8989
10413,9470
10413,8862
10411,9260
10410,8667
10404,9168
10397,8725
10385,8665
10361,9764
10360,8753
10358,9423
10351,8950
10351,9287
10351,9264
10332,8370
10320,9080
10318,8198
10318,8692
11204,10177
11195,11458
11190,11245
11169,10835
11165,11794
11138,11092
11111,10852
11105,11363
11096,11271
11089,10630
11068,11514
11064,10737
11053,10420
11052,10846
11049,11063
11047,10396
11040,10433
11031,10959
10966,10105
10959,10709
10943,10452
10934,10440
10932,10757
10922,10161
10922,9725
10909,10603
10904,10070
10881,9905
10879,10400
10877,9959
10869,10621
10866,9862
10853,9758
10838,10024
10832,9639
10790,9950
10777,9340
10774,10363
10741,9781
10734,9591
10726,9668
10715,9320
10685,9729
10684,9156
10647,9322
10640,9176
10640,9195
10624,9869
10624,9276
10621,9806
10592,9540
10592,9227
10589,9192
10587,9274
10574,10197
10572,9772
10569,9556
10568,9389
10555,9788
10553,9459
10549,9569
10549,9332
10548,9318
10546,8801
10544,9751
10542,9215
10500,8920
10498,9045
10495,9303
10495,9793
10484,8971
10484,9322
10482,9121
10482,9418
10479,8922
10467,9193
10466,8768
10464,8977
10464,9209
10458,8929
10455,9283
10441,8803
10436,9292
10434,8896
10432,8828
10409,9468
10407,8893
10407,8621
10390,8384
10390,8369
10390,8655
10371,8531
11335,10417
11319,11626
11274,11415
11271,10860
11260,11067
11257,11438
11221,11368
11201,10970
11190,10713
11163,10916
11156,10462
11147,10526
11140,11384
11120,11018
11116,10459
11105,11868
11104,10520
11101,10405
11099,11314
11091,11364
11081,10174
11016,10499
11009,10492
10999,9983
10988,10855
10973,10242
10973,10103
10962,10574
10955,10191
10954,10034
10930,10410
10925,9936
10911,9991
10894,10386
10860,9662
10853,10666
10838,9857
10828,9425
10826,9747
10819,9556
10782,10244
10779,9446
10754,9813
10743,9509
10736,9957
10735,9384
10694,10090
10691,9282
10691,9432
10675,9278
10672,9446
10672,9908
10643,9568
10643,10118
10640,9375
10625,9834
10623,8982
10620,9695
10619,9349
10606,9263
10604,9558
10600,10019
10600,9072
10599,9049
10597,9009
10595,9144
10593,9113
10551,9277
10549,10554
10546,9524
10546,8802
10535,9302
10535,9321
10535,8960
10533,9595
10530,8586
10519,9288
10517,8607
10511,8756
10508,8629
10494,8801
10491,9473
10487,8745
10487,9133
10483,8842
10481,9136
10458,8457
10458,8743
10446,9302
10441,8728
10441,9015
10441,9422
11393,10505
11386,12182
11370,11557
11366,11981
11322,11359
11313,11866
11308,12031
11272,12152
11268,11210
11241,11047
11214,11705
11208,11515
11199,11632
11192,10529
11171,10973
11167,10882
11156,10670
11155,10823
11152,11203
11150,10781
11143,10687
11134,11045
11073,10326
11066,10381
11050,10077
11041,10600
11039,10064
11024,10595
11024,10535
11013,10025
11006,10756
10980,10291
10958,10176
10953,10647
10918,10353
10911,10097
10890,10486
10888,10339
10885,10482
10873,9592
10867,9773
10862,10170
10809,10023
10807,9900
10805,9779
10794,9965
10787,10098
10786,10238
10749,9298
10745,10431
10742,9826
10726,9778
10726,9453
10723,9860
10723,9311
10694,9871
10691,9491
10689,9994
10676,10678
10674,9960
10671,9124
10670,9384
10657,9243
10655,9521
10651,8997
10651,9238
10650,9348
10648,9207
10646,8823
10644,9432
10602,8530
10600,8849
10597,9147
10597,9263
10586,9495
10586,9179
10586,9278
10584,8888
10581,9593
10564,9064
10561,9789
10546,8617
10540,9332
10540,8837
10536,9192
10534,8567
10530,8528
10529,8727
10506,9214
10506,9019
10497,8622
10497,8751
11549,10873
11536,12186
11523,12199
11448,11250
11441,12711
11425,11069
11380,12337
11377,11951
11366,11405
11363,10841
11326,11530
11306,11473
11295,11201
11268,11102
11261,10590
11252,11632
11245,11153
11225,10756
11221,10315
11210,11783
11207,11660
11204,10691
11202,11354
11193,11136
11125,10737
11124,10385
11117,10161
11102,10705
11091,10446
11076,10254
11076,11406
11062,10775
11049,10357
11011,10770
10980,10723
10971,9733
10947,10832
10945,10386
10938,9896
10934,10240
10920,9854
10917,9502
10879,9966
10877,9723
10861,10688
10859,9919
10846,10456
10846,9723
10839,10333
10801,9535
10797,10283
10794,9355
10778,9767
10778,9897
10775,10047
10775,9628
10746,9118
10743,9434
10741,9345
10728,9374
10726,9689
10723,9293
10722,9868
10707,9457
10703,9538
10703,9137
10702,9543
10700,9227
10698,9475
10696,8985
10654,9243
10652,8987
10649,9211
10649,8927
10649,9522
10638,8969
10638,9450
10636,9083
10627,9219
10615,8994
10599,9346
10598,8980
10592,9313
10592,8737
10588,9525
10586,8838
10582,8719
10581,9485
10558,8823
10549,9237
10549,8822
10549,9351
11599,10902
11584,12359
11567,12342
11500,12074
11493,11644
11473,11236
11432,12280
11427,12243
11418,11733
11378,11305
11376,11162
11358,11763
11347,11518
11320,11340
11313,11198
11298,11617
11277,11286
11273,11100
11264,11075
11261,11418
11259,11290
11256,11204
11254,10429
11245,10531
11177,10839
11170,11043
11154,10699
11145,10353
11128,10756
11128,11035
11128,10585
11112,11699
11100,11416
11061,10044
11030,9890
11015,10370
10999,9908
10997,10732
10990,9974
10985,9987
10971,10181
10969,9798
10929,10110
10913,10049
10913,9622
10909,9892
10898,9654
10891,10017
10890,9471
10853,9913
10846,9376
10846,9723
10830,9859
10830,10080
10827,9547
10798,9807
10798,9462
10795,9946
10793,9267
10778,9718
10775,9560
10774,10272
10761,9599
10759,9481
10755,9348
10755,9450
10754,9629
10752,9241
10750,9326
10748,9341
10706,9193
10704,9129
10701,9263
10701,9353
10690,9712
10690,9311
10688,9793
10685,9069
10685,9747
10666,9211
10651,9439
10648,9098
10644,9539
10642,8672
10640,9598
10638,8620
10634,9171
10633,8687
10610,8833
10601,9170
10601,8926
10601,9296
11634,10864
11621,12575
11552,11865
11545,12421
11529,11947
11525,11054
11481,11194
11470,11473
11467,11509
11430,11231
11410,10922
11399,10807
11372,11423
11365,11287
11356,11205
11349,10895
11329,11379
11316,11229
11313,10666
11311,10646
11308,11177
11301,11767
11297,11082
11229,10464
11222,10156
11206,10586
11197,10270
11195,10279
11180,10595
11180,10464
11167,10085
11158,10589
11130,10257
11110,9889
11074,10223
11067,10272
11051,9953
11044,10508
11041,9660
11029,10272
11023,9778
11018,9710
10965,9986
10963,9443
10961,9983
10950,9514
10943,9835
10942,9489
10905,9919
10898,9540
10898,10013
10882,9515
10879,9864
10879,9240
10850,9693
10850,9403
10845,9718
10832,9544
10830,9457
10827,9173
10826,9511
10813,9089
10811,9760
10807,9418
10807,10336
10804,9055
10802,9831
10800,9757
10758,8857
10756,9127
10756,9534
10753,8854
10753,9168
10742,8883
10742,9208
10740,9701
10737,9421
10726,9757
10724,9280
10715,9462
10701,9437
10700,9946
10694,9170
10694,9354
10690,9203
10688,9458
10686,8877
10665,9107
10653,8550
10653,8744
10648,9306
10648,8963
11650,10754
11602,12464
11582,12074
11576,12326
11534,11678
11523,11420
11518,11291
11481,11406
11477,11513
11450,11132
11423,10728
11417,10653
11407,11558
11400,11051
11380,11039
11376,11065
11365,12280
11362,11369
11359,11325
11352,10861
11343,10633
11280,11193
11273,11437
11257,10655
11257,10503
11246,11238
11231,10828
11231,10471
11218,10394
11212,10841
11190,10546
11183,10388
11155,9900
11152,10316
11125,10094
11111,12298
11096,11120
11086,11657
11084,10718
11077,11447
11040,11298
11037,11103
11012,11391
11001,10817
10994,15073
10993,11433
10952,10762
10949,11479
10949,10995
10933,9993
10930,17994
10930,10354
10901,10306
10898,10745
10896,15177
10883,10561
10881,17082
10878,9980
10877,10556
10864,17004
10858,10047
10858,10210
10857,12074
10855,10073
10853,10020
10851,10033
10809,9839
10807,9169
10804,9172
10804,9343
10793,9681
10793,10040
10793,10046
10791,10137
10788,9174
10776,9332
10775,9225
10773,9308
10773,10446
10767,11045
10764,10601
10750,15207
10743,9596
10743,14318
10741,9786
10718,9532
10716,10299
10716,13904
10699,9857
10699,9886
10680,9236
10680,9217
11611,11055
11575,12620
11572,12022
11561,11701
11558,12022
11528,12423
11510,11550
11499,11810
11472,11700
11465,11637
11456,11228
11449,11794
11425,11251
11416,11318
11413,11788
11411,11195
11408,10969
11401,10952
11392,11127
11326,11340
11319,11251
11308,10749
11299,10381
11282,10333
11282,10844
11282,10496
11269,10295
11263,10874
11241,10782
11237,10290
11229,10175
11226,10802
11220,10760
11198,11218
11192,10416
11150,10439
11143,11471
11134,10732
11101,10948
11094,10648
11086,10597
11075,10480
11045,10298
11044,10371
11003,10437
11000,10352
11000,10414
10984,10380
10981,10312
10981,10066
10952,9747
10949,10599
10947,10350
10934,10025
10932,10133
10929,10192
10928,9910
10915,9928
10909,10357
10909,10014
10908,9604
10906,9819
10904,9918
10902,9512
10860,9915
10858,9979
10855,9721
10855,9444
10844,9435
10844,9572
10844,9635
10842,9382
10839,9663
10827,10045
10826,9890
10824,9470
10824,9479
10824,9751
10822,9416
10815,9427
10808,10053
10796,9838
10794,9502
10771,9274
10769,9646
10769,9103
10762,9149
10762,9659
10750,9102
10731,9258
10729,9813
10729,9431
11615,10804
11606,11742
11601,12508
11580,12002
11560,12072
11549,12167
11522,11728
11515,12425
11506,12438
11499,11772
11475,11648
11466,11565
11463,11053
11461,11127
11458,10975
11451,11299
11442,11774
11377,11049
11370,11178
11354,11458
11345,12578
11333,11148
11333,11099
11333,10996
11320,11088
11314,10529
11292,10549
11288,10923
11280,10812
11280,10385
11280,11126
11270,11393
11257,11256
11225,10416
11222,10713
11195,10526
11156,10174
11145,11044
11141,10193
11126,9991
11119,11030
11118,10778
11054,10789
11051,9945
11051,10159
11035,10147
11032,9939
11032,9746
11003,10272
11000,10018
10998,9722
10985,9494
10983,9734
10980,9455
10966,9457
10964,10208
10960,9294
10960,9536
10959,9963
10957,9775
10955,9951
10953,10306
10911,9842
10909,9533
10906,10302
10906,9830
10895,10239
10895,9242
10895,9816
10893,9395
10890,9464
10878,9277
10877,9144
10875,10291
10875,9619
10875,9557
10873,9945
10872,10545
10865,9435
10859,9173
10859,9665
10824,9283
10821,9119
10820,9571
10813,8939
10813,9688
10794,9381
10794,9037
10792,9262
10776,9295
10776,9401
10775,9073
11646,11223
11629,12674
11611,11787
11600,11986
11573,11852
11566,12203
11557,11877
11530,11627
11526,11381
11517,11637
11514,11131
11512,11394
11509,11423
11502,11411
11493,11099
11428,10699
11421,10719
11405,10631
11396,11363
11379,11278
11379,11454
11384,10861
11371,10718
11365,10485
11343,10589
11339,10296
11331,10783
11331,11096
11331,10792
11324,10495
11317,10600
11295,10354
11287,10229
11270,10399
11229,10622
11212,10639
11196,10091
11177,10853
11170,10688
11169,10192
11132,9703
11125,9659
11125,9947
11086,9720
11086,9649
11083,10092
11054,9606
11054,9836
11051,9463
11036,9875
11034,9530
11031,10277
11030,10403
11017,9454
11015,9635
11011,10218
11011,9595
11010,9797
11008,9920
11006,10213
11004,9517
10962,10335
10960,10040
10957,9669
10957,9352
10946,10046
10946,9415
10944,9799
10941,9764
10930,9550
10929,9116
10928,9183
10926,9180
10926,9037
10924,9804
10924,9285
10923,9352
10916,9042
10916,9515
10910,9594
10885,9168
10873,9200
10865,9500
10864,9835
10864,9458
10845,9518
10845,10171
10843,9313
10839,8851
10827,9687
10826,9320
10811,9649
11680,10584
11659,12039
11651,11139
11624,10836
11609,10952
11602,11804
11581,11894
11577,10974
11568,10896
11565,11279
11562,11069
11560,11052
11552,11299
11542,11441
11478,11781
11471,11579
11456,11196
11447,11358
11430,11124
11430,11287
11424,11000
11422,10709
11416,11634
11392,11793
11390,10491
11382,10385
11382,10339
11382,10226
11375,11200
11368,12067
11349,10485
11347,10264
11340,10966
11282,10630
11273,11253
11253,10266
11233,10506
11221,9926
11220,10974
11179,10866
11176,10281
11176,10088
11160,10271
11134,9965
11134,10488
11105,10228
11105,9770
11102,10375
11087,9894
11085,9862
11082,10190
11081,10172
11068,9794
11066,9772
11062,9804
11062,9636
11061,9420
11059,10447
11057,10709
11055,9719
11013,9356
11011,10078
11008,9839
11008,9222
10997,9584
10997,9990
10995,10034
10995,9765
10992,9721
10980,9941
10979,9976
10977,10110
10977,10465
10977,9528
10975,9774
10974,10161
10967,11079
10967,9312
10967,9329
10942,9788
10934,9147
10934,9241
10917,9254
10916,9451
10915,9340
10896,9278
10894,9111
10894,9813
10890,9925
10889,9209
10877,9622
10862,9810
11724,11324
11709,12283
11701,12718
11669,12026
11660,12511
11653,11935
11632,12133
11628,12203
11619,11898
11616,11066
11613,11625
11611,11477
11603,11160
11593,10911
11530,10894
11523,11314
11507,11982
11498,10810
11481,11721
11481,11477
11486,11769
11473,11752
11467,11941
11445,11200
11441,11220
11433,11302
11433,10676
11433,11163
11426,10754
11419,10647
11419,10666
11398,10360
11397,10355
11351,10135
11333,10643
11320,10542
11289,10516
11284,10380
11271,10438
11234,10653
11230,10503
11227,10313
11211,10077
11211,9851
11185,10704
11185,10204
11156,9749
11153,10653
11151,10484
11138,10363
11136,9782
11133,10808
11132,10009
11119,10082
11113,9596
11113,9711
11112,10066
11110,9774
11108,9529
11106,9656
11064,9588
11064,9536
11062,9375
11059,10599
11059,9723
11048,10065
11048,9711
11046,9393
11043,11811
11032,10312
11031,9888
11030,9608
11028,9540
11028,10435
11026,9753
11026,9601
11025,9893
11018,10114
11018,10595
11018,9458
10993,9400
10985,10373
10985,9795
10968,9277
10967,9927
10966,9989
10947,9259
10945,9753
10945,9666
10941,9330
10940,9216
10928,9737
11784,11038
11780,11960
11761,12376
11726,12073
11720,12119
11711,11466
11704,12093
11683,12088
11679,11882
11668,12063
11667,12177
11664,12098
11662,12034
11654,11679
11644,11707
11580,12425
11574,11723
11558,11903
11549,11950
11532,11914
11537,11816
11537,11240
11524,11091
11518,11124
11496,11071
11492,11111
11484,11017
11484,11005
11484,10747
11477,10678
11470,11000
11451,11290
11449,11085
11445,11700
11402,11742
11389,11533
11371,11351
11340,10636
11328,10697
11322,10391
11285,10250
11278,11370
11278,11285
11262,11027
11259,10069
11236,10125
11207,10618
11207,10904
11204,10212
11189,10080
11187,10704
11184,10803
11183,10286
11170,10243
11168,9625
11164,10526
11164,10000
11163,9982
11161,9950
11159,9797
11157,10397
11115,9721
11113,9506
11110,10393
11110,10302
11099,9549
11099,9362
11097,9503
11094,10241
11083,9628
11082,9375
11081,9443
11079,9698
11079,10179
11077,9876
11077,9770
11076,10142
11069,10124
11069,9804
11069,9475
11044,9287
11042,9736
11029,9195
11029,10046
11018,10382
10998,9263
10998,9547
10996,9906
10992,9662
10992,9380
10991,10023
10964,9420
11833,11280
11812,11885
11804,12216
11777,12433
11762,11950
11755,12223
11734,12072
11730,11697
11721,11866
11718,11870
11715,11385
11713,12233
11705,11652
11695,11422
11631,11425
11624,11588
11609,11449
11600,11716
11583,11459
11588,11354
11577,11542
11570,11052
11569,11402
11545,11541
11543,11148
11535,11071
11535,10992
11528,10924
11528,10942
11521,11082
11502,10851
11499,10605
11496,10585
11456,10394
11446,10442
11421,10326
11409,10410
11397,10381
11342,10221
11336,10081
11329,10840
11313,10982
11313,10408
11310,10300
11279,10057
11279,10264
11255,10666
11253,10538
11240,9986
11235,10410
11234,10398
11221,10786
11219,9891
11215,9753
11215,9787
11214,10479
11212,9794
11210,9903
11208,9939
11166,9979
11164,9923
11161,10361
11161,9724
11150,9616
11150,10329
11148,9933
11145,9675
11134,9758
11132,10094
11132,9946
11130,9727
11130,9490
11128,10481
11127,9760
11127,9545
11120,9809
11120,9601
11095,9778
11093,9489
11093,9752
11086,10012
11086,10379
11080,9510
11059,9817
11048,10304
11048,9607
11043,9233
11042,9630
11042,9835
11026,9553
11024,8860
11024,9467
11822,10810
11815,11515
11806,11444
11799,12102
11780,12127
11776,11698
11764,11394
11762,11624
11759,11794
11752,11423
11743,11730
11683,11719
11676,12084
11675,11929
11660,11680
11649,11929
11634,11185
11634,11179
11621,10816
11621,10852
11598,11195
11595,10936
11594,11106
11586,10569
11586,11853
11579,11240
11572,11439
11572,11225
11551,11226
11550,11521
11507,11545
11507,10705
11500,11205
11481,11443
11481,11061
11468,10635
11404,10202
11399,10532
11383,10599
11364,9843
11364,10411
11361,10839
11330,10223
11330,9950
11327,10477
11325,10080
11291,9862
11289,10125
11286,10735
11272,10378
11270,10165
11266,9880
11266,10598
11265,10052
11263,9749
11261,10321
11259,10164
11217,10299
11215,9735
11212,9607
11212,9623
11212,9815
11201,9988
11201,12665
11199,9863
11196,10410
11185,9727
11183,10003
11183,9683
11181,9528
11181,9581
11179,9525
11178,9773
11178,10311
11171,10054
11171,9976
11146,9496
11146,9467
11144,10998
11137,9727
11137,10083
11137,10210
11110,9779
11110,10026
11099,10653
11094,9739
11094,9929
11093,10020
11077,9840
11077,9756
11075,10095
11075,9937
11873,10861
11866,12514
11857,12439
11850,11720
11831,11593
11818,11535
11815,11618
11813,11709
11810,11542
11803,11808
11794,12038
11734,10855
11733,10987
11726,11577
11711,11069
11700,11321
11685,11612
11685,10845
11674,11480
11672,11074
11649,11166
11647,11240
11645,10802
11637,10696
11637,10953
11630,11053
11630,11331
11623,10723
11604,10679
11601,10688
11598,11263
11558,10715
11551,11243
11544,10477
11523,10433
11501,10225
11499,11302
11439,11010
11434,10833
11431,10184
11415,9970
11412,10008
11412,10563
11381,10447
11360,10536
11355,10050
11342,10415
11340,10844
11337,10441
11336,10289
11323,10228
11321,9842
11317,9987
11317,10055
11316,10620
11314,9789
11312,10119
11310,9987
11268,9510
11266,11155
11263,10881
11263,10406
11252,9963
11252,9790
11250,9949
11247,10290
11247,10222
11235,10006
11234,9707
11232,9660
11232,9964
11232,10304
11230,10384
11229,10535
11222,9690
11216,9889
11204,9641
11180,9479
11177,10435
11170,10338
11170,9780
11170,10010
11151,9672
11151,9381
11137,10068
11133,9628
11133,9168
11132,9691
11132,9664
11117,9253
11115,9169
11115,9964
11924,10739
11917,11325
11908,11035
11901,11132
11878,11769
11869,11461
11866,11296
11864,11771
11861,12020
11854,12110
11845,12173
11785,11574
11778,11094
11762,11530
11736,10749
11736,10470
11718,10555
11693,10411
11684,11807
11688,12040
11674,10768
11655,10635
11649,10473
11602,10146
11583,10498
11574,10589
11517,10437
11512,10634
11483,10854
11441,10207
11436,10532
11415,9866
11411,10015
11396,9397
11392,10862
11387,9949
11319,9536
11314,9517
