234,1883
234,2220
234,2821
234,2008
262,2882
262,1994
262,2889
262,2942
263,3424
263,3393
263,2929
263,2005
263,2541
263,2079
262,2038
290,2590
286,2261
275,2150
264,2914
259,2523
249,2488
242,2621
238,2719
234,2638
232,2999
226,2915
219,2737
214,2094
210,1901
220,1836
217,1584
217,2387
217,1796
215,1793
245,1930
236,1768
229,1703
225,2406
272,1728
269,1650
268,2440
262,1688
259,1643
256,2346
251,1864
251,1927
295,2449
292,2219
283,2236
277,2678
305,2271
303,2064
298,1753
291,1723
285,1664
276,1656
261,2103
251,1818
242,2527
233,2859
230,1890
249,1693
244,1095
239,1350
234,922
224,904
218,1083
215,1496
211,2910
209,3930
204,3345
202,2680
202,1951
202,2137
201,1978
215,1703
212,1720
204,1597
200,1593
196,1567
223,1540
219,1520
217,1504
221,1483
234,1504
232,1493
229,1459
224,1445
224,1442
224,1789
224,1711
219,1675
213,1631
211,1680
207,1615
205,1638
211,1577
203,1571
201,1502
198,1519
187,1565
183,1465
175,1418
168,1367
163,1126
158,1233
154,1268
151,1251
147,1251
144,1173
138,1117
133,1357
131,1401
128,1567
127,1395
122,1319
121,1296
121,1313
121,1298
121,1293
121,1331
120,1296
117,1234
113,1260
111,1219
109,1212
106,1225
104,1163
104,1163
268,1315
311,1296
305,1230
299,1477
298,1458
298,1676
297,1534
295,1440
289,1669
323,2253
317,2606
314,2583
309,2490
333,2471
327,2459
317,4478
305,4282
296,1567
281,1593
273,1570
264,1246
258,1163
249,1184
253,1153
270,1414
263,1809
250,2761
245,3177
243,3160
237,3019
233,3159
229,2139
227,2122
227,2127
227,2093
227,2156
225,2107
222,2122
230,2170
228,2087
222,2023
219,2010
212,1963
238,1948
237,2063
232,2110
233,1913
249,1883
244,1847
244,1827
244,1828
244,1854
242,1814
234,1770
231,1726
227,1684
225,2069
223,1713
214,1634
219,1999
216,1641
205,1596
198,1588
192,1648
182,3047
180,3295
175,1829
169,1224
161,1151
160,1150
153,1102
147,1069
144,1052
142,1313
139,1227
134,1251
132,1534
132,1219
132,1191
132,1193
132,1220
132,1273
130,1214
127,1464
122,1150
121,1163
119,1118
116,1165
115,1106
114,1109
113,1094
110,1305
263,1567
307,1651
307,1476
307,1659
306,1863
299,2129
293,1853
290,1761
323,1544
320,2696
315,2497
309,2478
305,2961
325,2480
311,2812
303,7114
290,6977
282,3377
273,1654
266,1643
257,1597
254,1593
248,1739
250,1964
261,1850
254,2123
251,2056
247,2008
243,2024
240,2000
233,4538
232,4517
232,2251
232,1535
232,1545
231,1540
230,1535
242,1745
235,1975
234,1968
227,2315
225,2274
222,2241
246,2258
243,2245
242,2269
264,2280
259,2227
257,2233
254,2162
249,2085
249,2085
249,2088
249,3838
248,3826
243,1916
238,1519
236,1510
232,1500
238,1510
236,1727
230,1705
225,1727
222,1819
218,1693
207,1641
198,1680
191,1568
185,3685
184,3666
176,1814
170,1371
163,1371
159,1282
155,1208
150,1296
147,1176
145,1169
141,1238
136,1340
135,1319
135,1347
135,1347
135,1408
135,1404
134,1649
131,1591
126,1512
124,1512
123,1405
120,1544
118,1504
331,1563
325,1778
322,2100
317,1957
310,1639
310,1768
310,1877
309,1781
348,1976
337,1988
334,2141
328,2202
325,2140
353,2312
348,2248
340,2214
338,7530
331,4145
325,2448
309,1581
300,1660
291,1664
283,1612
306,1856
302,1907
295,2106
287,2114
284,2100
278,1968
276,2000
270,1978
259,1846
255,1800
253,1681
249,1716
245,1704
242,1738
253,1792
250,1711
248,4860
248,4915
248,1883
284,1416
283,4955
282,3348
278,1639
299,2161
294,1614
289,1782
284,1808
280,2292
276,1715
270,1687
268,2280
267,1684
264,1724
259,2191
257,1603
264,1616
258,2107
257,1586
257,1578
257,2141
257,1561
256,4947
251,3755
246,1787
244,1258
241,1789
239,1244
238,5201
232,3439
226,2789
224,1469
221,1757
211,1235
207,1199
198,1677
191,1086
185,1112
184,1133
177,1062
169,1060
160,985
159,983
155,923
152,1113
147,1061
145,1099
142,2969
139,1954
135,1698
389,2140
389,1762
389,1835
387,1943
383,1922
375,2586
363,2076
352,2143
391,2535
387,1880
383,8053
379,5906
415,3243
408,4961
404,3990
399,7665
391,3951
390,2767
390,2393
388,2317
384,2311
376,2369
378,2254
396,2199
393,7471
388,4803
381,2869
374,1840
367,1848
358,1661
341,1612
332,1674
319,1814
308,1888
303,1907
296,1967
283,1840
301,1831
295,1860
291,1706
281,1611
275,1724
308,1628
302,1821
296,1882
294,1752
346,1812
345,1743
345,5245
344,4226
342,2091
339,1495
332,1477
321,1422
341,1517
334,1378
330,1360
324,1442
331,1486
330,1506
324,4503
321,4437
316,2300
310,1359
309,4279
309,2515
308,1518
305,1288
297,1260
292,1231
290,4075
285,3983
282,1825
278,1343
268,1137
264,1122
258,1350
243,1315
236,1160
230,1493
222,1456
218,1380
211,1367
201,1440
196,1306
191,2341
188,3561
185,3427
179,2210
179,1398
175,1348
173,1337
410,2137
406,1925
405,2365
405,2069
404,2022
399,2094
393,2278
384,2234
418,2425
407,2327
404,2281
399,2239
435,2456
432,2681
428,2572
421,2296
418,2254
412,2231
403,2414
403,2389
403,2386
401,2407
398,2340
416,2329
412,2338
405,2277
403,2268
397,2293
388,2234
381,2237
371,2441
357,2896
345,1488
329,1531
321,1992
313,2617
332,2807
314,2682
308,2583
302,2625
300,2538
290,2391
322,2418
317,2489
312,2375
311,2367
358,2453
355,2327
352,2296
352,5649
352,3578
350,1876
346,1385
339,1397
353,1350
344,1301
339,1349
336,4765
340,4792
337,2325
335,1399
329,4863
326,3071
321,1621
315,1334
314,1511
314,1342
312,1330
309,1428
302,1475
295,1383
292,1483
288,4012
285,4249
279,2094
272,1431
266,1348
258,1312
245,1280
237,1278
227,1230
220,1210
219,1189
207,1107
200,1265
194,2064
191,2903
189,2953
186,2928
181,1958
179,1500
176,1475
420,1998
410,2101
407,2003
407,1984
407,2138
404,2068
400,2149
436,2047
423,1953
414,2093
406,2224
401,2240
436,2360
432,8709
430,5732
424,3359
418,2188
414,1843
406,1797
404,1929
404,1913
402,2091
407,2436
422,2211
414,2403
408,2330
405,2351
398,2294
390,2279
383,2239
375,2389
364,2367
346,2516
330,2741
322,2805
313,2825
328,2695
312,2565
307,6192
301,4567
299,2291
289,1617
321,5422
316,4092
311,3194
368,1884
359,1855
356,1872
353,5227
353,5226
353,2592
351,1587
348,1396
368,1399
354,1477
350,5020
341,4891
337,2514
341,4684
339,2218
337,2743
333,1994
327,1936
323,1878
321,2121
315,1713
315,1822
315,1681
313,1830
308,1276
302,1246
296,1220
291,1161
289,1122
286,1322
280,1048
274,969
268,893
263,876
248,1084
242,1459
233,1460
227,1428
222,1359
213,1299
205,1180
202,1204
194,1838
193,1656
192,1489
189,1669
183,1516
432,2538
427,2629
421,2117
416,2074
409,2194
408,2098
408,2046
458,2542
454,2192
449,4430
440,2627
473,2466
466,2387
454,3059
448,2347
444,2353
438,2952
435,1932
430,1870
422,2384
419,1977
413,3087
442,2110
441,1859
441,2073
439,2096
435,1816
423,1961
415,1983
409,2853
407,2059
402,2911
393,2407
386,2299
379,2962
369,2683
385,3089
374,2020
361,1501
345,1456
329,1981
357,1345
349,1292
346,1835
341,1259
399,1263
388,1761
380,1345
377,1328
371,1617
365,1400
358,1406
355,2157
384,2168
384,1346
382,1498
379,1432
387,1418
377,1504
364,1222
355,1187
351,1771
347,1770
340,1539
338,1200
336,1299
328,2020
326,1359
322,1246
316,1432
316,1277
316,1122
314,1124
309,1049
301,1790
297,1388
293,879
291,1081
287,1079
281,1118
274,902
267,1011
261,1070
246,789
239,1395
228,718
219,1156
214,748
207,680
199,1023
195,762
194,885
455,2798
446,2279
436,2186
431,2173
425,2132
422,2474
414,2123
459,2072
459,2635
459,2362
457,2346
499,2634
489,9793
474,5556
469,3609
457,2267
449,2193
440,2555
439,2196
436,2147
429,2427
435,8686
454,5849
450,3593
442,2065
442,2350
442,8681
440,4107
426,2777
419,1778
416,2138
409,2301
407,7114
401,5010
392,3002
385,1859
410,1691
396,1637
383,1619
357,1535
340,1465
370,1569
360,1654
349,1610
354,5222
405,5747
402,2961
391,3723
385,2217
380,3986
375,3075
370,1795
361,1596
388,1510
385,1149
385,1263
385,1806
395,1405
391,1334
381,1816
369,1098
363,1157
354,1106
351,1045
343,1011
340,1028
338,1454
335,1627
329,1797
324,1751
319,1390
317,1355
317,1768
316,1483
314,1539
307,1761
301,1107
298,968
293,895
289,956
287,913
277,842
274,834
266,829
252,861
242,844
226,827
219,771
212,762
206,791
200,780
198,1225
466,2686
463,2398
453,2305
443,3149
436,3691
432,3088
424,2323
468,8865
463,4856
460,3225
460,2313
508,9827
505,4439
499,2983
489,7882
475,3547
464,6213
454,3156
448,2354
441,7762
438,4518
450,5073
465,4558
462,5398
454,2892
445,2216
443,2175
443,7208
442,5743
439,3145
426,5307
419,2825
416,5177
409,4476
406,5090
437,2636
426,6656
421,3578
406,3587
381,3500
364,3383
393,3286
379,2577
369,2992
422,6764
413,3780
409,2350
405,1653
403,1679
392,6561
386,4944
381,2774
406,1828
401,1524
397,1632
389,5365
386,5089
399,2769
399,1669
396,5350
392,3096
384,3855
372,1945
367,1666
357,1591
353,1563
348,1660
343,1528
341,1527
339,1571
331,1460
329,1480
325,1530
319,1403
319,5585
320,3954
318,3976
313,3992
304,2696
300,1679
295,3820
293,3763
289,2030
284,1655
273,1619
260,7372
250,4386
231,1825
226,1193
217,1180
213,1935
212,1642
480,2568
473,2713
470,2334
466,2679
457,2484
448,2265
488,3070
483,2654
477,10404
474,5246
464,3567
510,6830
510,3965
510,2509
508,2361
503,2811
490,2364
475,2331
466,2643
457,2315
450,2015
482,2316
479,1968
476,1957
465,7783
461,5825
454,3236
445,2143
443,2401
444,1832
442,1836
438,1848
426,1785
419,7098
415,6697
450,6693
443,3499
435,3059
421,1767
405,1625
438,1609
418,1664
398,1705
382,1911
436,2268
427,2225
418,2186
410,2106
407,5287
404,6622
398,3955
390,1947
412,1478
406,1476
401,1482
397,4948
404,5909
399,3204
399,4224
399,2716
397,1981
392,1803
384,1981
371,1734
367,1710
356,5459
353,5532
345,2722
342,1501
340,1595
334,1522
331,1585
326,1741
320,1636
319,1811
320,1695
318,1587
315,1792
307,1711
300,1757
295,1733
293,4068
289,4216
284,2220
276,1425
264,3941
249,3736
235,1893
222,1258
216,1229
213,3441
207,3226
475,2295
471,2171
467,2211
464,2193
454,5857
442,3287
487,2593
483,2598
474,2565
466,2509
512,2569
510,2541
510,2543
510,2514
505,2499
496,2488
485,2470
472,9157
458,5852
450,3313
459,2471
481,2157
478,2304
468,8451
462,4533
455,3242
446,2259
443,2142
443,2155
443,2120
439,1914
426,2277
419,7890
416,6433
409,3080
445,2117
435,1961
425,1824
415,1746
395,1843
419,1862
404,6601
382,5789
379,2915
427,1801
419,1548
412,1538
407,1502
404,1616
395,1696
388,1873
382,2141
406,2101
401,2124
397,2089
389,2054
399,2046
399,2044
399,5133
396,4461
391,2121
382,3469
371,2061
362,2054
355,2265
351,2035
345,2220
341,2204
340,2330
334,2338
331,2097
326,2114
320,1922
319,2094
319,2160
318,2047
315,2085
307,1921
300,1875
295,1767
293,1828
289,1827
284,1722
276,1890
269,1844
258,1847
236,1681
229,1666
216,1645
213,1551
207,1612
204,1485
474,2466
468,2215
464,2200
454,2064
444,2404
437,2407
483,2435
475,2316
469,2706
462,2806
510,10076
510,5576
508,3322
506,2848
501,2446
487,2654
474,2593
462,2598
452,3250
447,2833
456,2665
478,3302
470,2903
462,3094
458,2834
451,2621
443,8607
443,5339
444,3234
442,2254
429,2245
421,2028
417,1802
410,1827
408,2054
439,2260
430,2364
422,2403
408,2376
383,2260
412,2209
393,6842
379,5072
374,2665
420,1969
413,1905
411,1914
405,1896
401,6005
390,4253
384,2427
379,1728
403,1734
397,6041
390,3716
387,1942
399,1703
399,5582
397,4244
393,2276
386,1627
373,1542
367,1518
357,4936
353,4750
345,2422
343,1409
340,4766
337,3025
331,1592
326,1580
320,1572
319,1562
319,1584
319,1560
316,1651
307,2025
302,2003
297,1944
293,1904
290,1880
284,1849
277,1806
271,1820
261,1790
244,1749
232,1665
221,1649
213,1612
212,1349
204,1253
201,1648
468,2641
466,2408
454,2426
444,2565
437,2347
483,2529
475,2279
469,2420
464,2620
461,2632
510,2682
508,2651
504,2629
501,2636
487,2635
474,2569
462,2546
453,2558
447,2670
441,10179
452,5411
471,3651
463,2355
458,2310
451,8845
444,4804
443,3066
443,2213
442,2246
435,2244
421,2171
417,2180
410,2122
408,2292
441,9106
431,5018
422,3496
408,1996
383,1845
365,7333
393,5316
379,2858
367,1827
422,2033
413,1940
409,1824
405,1874
403,7255
392,5671
385,3211
381,1698
403,1381
397,1410
390,1409
387,1532
386,1546
399,2015
397,2065
394,2041
389,6580
379,3746
368,2133
358,3506
354,2447
350,5987
343,2646
341,3294
339,1995
331,4268
329,2878
325,1834
319,1754
319,1783
319,1808
318,1748
308,1654
302,1687
299,1647
294,1660
292,4154
288,4086
281,2029
276,1527
264,1390
242,1303
235,1227
222,3751
216,3249
213,1711
207,1100
201,1115
198,1044
467,2432
464,2283
454,2307
442,2224
437,7467
483,4168
475,2554
469,2515
462,2274
510,10552
510,5277
508,3145
504,6022
500,3363
487,2421
474,2308
462,2184
452,2109
447,2285
441,2186
478,2408
471,2571
463,2530
458,2528
451,9436
444,5077
443,3359
443,2115
442,1927
435,2029
422,2071
418,1959
412,1978
409,2124
441,2365
431,2787
420,8377
402,4950
382,2754
413,1760
392,1520
379,1478
371,1385
427,1533
415,2145
410,2395
406,2161
404,2329
394,6697
386,5367
381,2578
406,3203
401,2147
397,1950
389,2117
399,2033
399,2099
399,1858
396,2053
392,2101
382,1892
371,1763
363,2974
356,1589
353,1355
345,1317
342,1307
340,1450
336,1611
331,1855
326,1803
320,1784
319,1829
319,3671
319,3627
316,1962
307,1311
302,1283
299,1275
293,1255
290,3802
285,3678
274,1819
262,1457
251,1440
233,1363
226,1306
218,1492
214,3049
212,3044
205,2971
200,1947
470,2569
466,2204
458,2101
448,2021
438,2458
483,2182
477,2315
474,2359
464,8653
510,5503
510,3479
510,2442
508,2273
503,2278
490,2223
475,2179
464,2145
454,2247
448,2460
456,2440
478,2399
475,2408
465,2345
458,8385
453,4947
445,3008
443,2136
443,2013
442,1948
437,2420
426,1869
418,1885
412,1730
409,1743
441,1871
430,2359
414,2651
392,2614
375,2482
409,6361
386,3978
379,2211
376,1576
422,1569
411,1544
409,1504
405,1630
403,1728
392,1963
385,1949
381,1919
403,1916
397,1898
390,1887
387,1865
399,1853
399,9628
397,3012
394,2070
386,1318
375,4838
367,3485
357,1799
353,1413
348,1367
343,4448
340,4404
337,2231
331,1506
326,1480
321,1456
319,1429
319,1632
319,1608
316,1600
307,1556
302,1540
297,1500
293,1497
290,1490
284,3706
277,3662
266,1867
250,1229
236,3505
226,3264
216,1498
213,1099
212,1090
203,1054
200,1188
196,1341
464,2242
454,2111
444,2223
437,2226
433,6831
475,4598
466,2889
462,2603
461,2556
510,2601
508,2601
503,2956
496,9849
480,5034
471,3174
458,2217
450,2192
441,2193
440,2024
451,7619
467,5669
462,3253
454,2057
445,2006
443,1895
443,8032
441,4129
438,2672
426,2017
418,1818
412,1860
409,1811
402,1717
431,1795
421,1912
400,2011
373,6671
363,6362
344,3066
377,1914
366,1684
357,1643
356,2055
409,2275
404,2584
398,6425
388,4162
382,2360
376,1544
371,5747
392,5937
389,3151
386,2013
386,1567
384,6784
395,3096
389,1917
379,1402
367,6557
357,3261
353,3286
348,2962
343,3887
340,3247
337,1797
331,1443
326,5262
320,3737
319,3250
319,1880
317,1451
314,4820
306,3648
300,1444
295,1175
293,1138
290,4494
284,4205
277,1973
271,2839
261,2117
244,1709
232,2075
221,1879
213,1723
212,1461
205,1447
201,1426
197,1389
196,1409
195,1357
192,3423
438,2687
435,2335
430,2112
424,2264
466,2236
461,2252
461,2564
461,2155
459,2152
503,2649
496,2226
485,2166
473,2558
460,8421
452,4975
447,3499
441,2250
437,2111
433,2097
464,9155
458,4615
453,3334
445,2385
443,8581
443,3980
441,2707
437,1943
426,1886
418,8184
415,4841
409,2883
404,2045
397,2231
425,1785
413,1796
396,2205
368,1710
358,1636
340,1604
377,1631
364,1684
357,1662
410,2050
409,6511
405,4201
401,2680
390,1599
384,1450
381,1858
373,1423
397,6171
390,5054
387,2407
386,2985
386,2365
397,1778
395,1753
391,2155
379,1726
369,1671
361,5516
354,4571
350,3477
345,1781
341,1330
340,1309
333,1285
329,4793
326,5668
320,3011
319,1587
319,1395
317,1442
315,1470
307,1358
300,1382
295,1394
293,1313
290,1158
284,1189
277,4722
267,4752
251,1783
236,1386
227,1350
217,1279
213,1242
212,1339
204,1170
200,3184
197,3703
196,2135
456,2385
444,2230
437,2140
433,3048
477,2828
469,2261
464,2334
461,2951
510,2421
509,10401
506,5234
500,3306
490,2285
475,9569
464,3883
454,2487
448,6719
441,3812
437,2400
475,8533
465,3968
458,2528
453,6385
445,3645
443,2297
443,9154
441,3894
438,5116
426,4729
418,2527
412,2407
409,1910
402,7384
433,5221
422,2924
404,1977
384,1659
364,2404
396,1735
379,1491
371,7163
371,5259
417,2755
410,4339
406,2668
404,1848
394,6386
386,3530
381,1941
376,3782
401,2878
395,1718
389,1698
386,1684
399,6061
399,4187
396,2102
392,1989
382,1470
371,1402
362,1390
356,5591
353,4932
345,2026
342,5373
340,2199
334,5282
331,2929
326,3248
320,4423
319,3452
319,3604
318,1899
316,5007
307,2989
302,2902
299,1752
293,3361
290,4693
286,2106
277,1379
267,4472
254,2611
238,1527
228,2008
220,1479
215,1377
212,1371
206,1335
200,1301
198,1304
196,1804
462,3021
451,3087
440,2745
435,2253
480,5254
474,3480
466,7199
462,3891
510,2628
510,2892
508,2387
505,2360
498,10657
487,4768
474,3688
460,2127
452,2875
447,2021
456,8396
478,5318
472,3033
464,2023
458,2533
451,2241
444,1933
443,1912
444,2107
442,1939
438,1903
426,2349
418,1759
412,1710
409,2212
443,1734
431,1691
414,7055
395,5100
382,2661
411,1689
396,2053
382,6730
380,4235
427,4664
418,2060
410,4477
409,2936
405,5689
399,2605
390,5508
382,2254
409,1654
403,5929
397,2963
390,3039
400,5386
399,2677
399,5288
397,2200
394,5808
389,2457
379,5261
368,2523
359,4692
354,2395
350,2967
345,1586
341,1573
339,1641
331,1555
329,3980
325,4564
319,2461
320,4370
320,2225
318,1841
315,1464
307,1413
300,1915
295,4048
293,4250
290,2167
281,1371
265,3871
257,2339
244,1825
230,1243
226,1202
218,1683
214,1164
210,1151
205,3719
200,3167
470,2352
466,2282
458,2697
451,2156
488,2313
483,2334
477,9245
474,4448
517,2606
510,7154
510,4219
512,2633
508,2343
503,2421
493,2941
475,2372
470,2407
457,2920
465,2365
482,2329
479,2304
477,2802
467,2163
462,2171
454,2626
445,1921
444,1849
444,1867
442,1873
438,1834
426,8517
418,5159
456,3015
450,1985
441,2485
421,1737
402,1662
393,1647
422,2153
405,1533
396,1507
445,2136
435,1589
423,1504
417,1476
410,1954
407,1398
404,1512
394,2047
416,1478
411,1446
406,1436
401,1968
392,1412
403,1387
399,1361
399,1552
398,1483
396,1485
391,2022
382,1474
369,1449
362,1212
354,1359
350,1103
345,1268
341,1848
339,1931
331,1895
329,2030
325,1888
319,2573
320,3029
320,3029
318,2528
313,2515
303,2951
299,2426
294,2382
292,2877
286,2894
273,2331
262,2278
252,2763
232,2135
227,2034
221,1932
215,2426
211,1839
205,1799
200,2280
198,1747
467,3074
462,2797
451,2180
488,2116
485,2396
480,2307
474,2107
466,2929
511,2253
510,2305
510,3028
510,2423
503,10199
495,5101
478,3166
470,2215
458,2238
450,2882
482,2887
481,3528
478,2785
468,2360
462,2667
455,2196
446,2277
443,2205
444,8940
444,5196
442,3354
428,1979
419,2367
416,2223
451,2028
447,2129
432,2429
408,2053
399,2108
438,2126
412,1816
402,6295
386,3835
442,2827
428,1637
420,1363
411,1426
409,1377
405,1400
403,1523
392,1697
416,2019
411,2592
406,3608
399,2211
407,1262
403,5615
399,3400
399,1864
398,1393
396,1515
392,1390
382,1378
371,1384
365,1481
356,1590
353,1796
345,1764
342,1730
340,2279
337,2485
331,1926
327,1450
321,1192
320,1490
320,1503
320,1845
318,1819
308,1794
302,1962
299,1647
294,1675
291,2025
283,2097
268,1675
262,1123
244,1367
232,1263
228,1116
221,1088
214,1118
211,1085
206,1137
200,1435
471,3389
467,3693
464,2317
505,3433
494,2778
487,2308
483,2477
527,2265
521,2961
515,2527
512,3174
512,2906
511,2290
508,8913
502,6774
490,4026
475,3761
480,3174
499,2108
491,2087
482,2034
479,2413
476,8001
467,5921
462,2805
454,1935
446,1857
444,1804
444,1811
443,1801
439,1828
426,2205
461,1760
457,1752
448,2264
437,1877
415,1826
461,1875
447,2216
425,1731
416,1645
465,1664
450,1755
438,1695
426,1693
420,2771
411,1438
409,1351
405,1326
434,5308
423,5306
416,2447
411,2025
422,1466
416,1458
407,1417
403,1781
399,1396
399,1391
399,1770
396,1385
392,1517
384,1651
372,1787
367,1563
357,1260
353,1216
348,1703
343,2247
341,2084
339,1443
332,1930
330,1111
326,1989
320,1897
320,1120
320,1104
318,2208
315,1428
307,1334
300,1584
292,1071
282,1096
277,1512
265,1139
253,941
249,944
242,1383
230,875
224,891
219,859
213,772
492,3221
485,4163
474,2496
522,3000
518,2644
515,2360
505,2300
547,2606
540,2341
533,2307
528,2495
520,2287
514,2878
512,3412
512,3302
510,3495
505,3572
513,3662
530,3314
515,3161
500,3227
493,3067
485,2814
481,2726
478,3631
471,2992
463,1903
456,1877
447,2077
444,1798
444,1801
443,2073
484,1940
471,1877
457,1890
445,2133
427,1910
482,1933
459,1838
444,1995
440,1734
489,1900
466,1827
456,2148
442,1955
432,1720
423,1673
418,1962
410,1607
438,1623
435,1966
426,1604
418,1589
428,1575
422,1757
416,1667
412,1542
403,1517
399,1538
399,1656
398,1646
396,1843
391,1657
382,1642
371,1704
362,1735
354,1530
351,1547
345,1678
341,1689
339,1664
334,1619
330,1592
326,1602
320,1540
320,1528
320,1701
318,1728
313,1723
303,1617
294,1745
281,1526
278,1535
265,1495
254,1434
251,1521
243,1346
229,1476
224,1317
219,1277
213,1259
210,1423
482,2417
473,2221
522,2195
518,2175
511,2540
501,2464
488,2285
536,2259
530,2365
526,2637
517,2442
512,2417
512,2371
512,2436
508,2284
502,2259
490,2348
492,2504
506,2454
495,8595
489,5604
482,3007
478,2452
472,2233
463,8862
459,4347
452,2780
445,2160
444,2180
444,2165
442,2183
478,2187
457,2249
441,2092
428,1802
420,1746
402,2291
449,2926
439,1657
425,1614
472,1699
461,1594
446,1527
437,1822
426,1562
418,1530
411,1784
409,1617
436,1501
432,1752
423,1518
414,1453
409,1509
419,1539
412,1546
404,1509
400,1980
399,1675
399,5924
397,3201
393,1881
386,1430
375,1407
367,1428
357,1613
354,1515
348,1494
343,1455
341,1598
339,1953
331,2104
328,1903
322,1720
320,2041
320,1808
320,1699
318,1828
306,1755
293,1639
286,1587
278,1775
265,1492
260,3797
254,3927
250,2814
241,2008
228,1610
224,1724
219,1452
213,1492
210,1506
205,1297
473,2755
471,2244
518,2513
513,2363
501,2615
490,2673
538,2257
533,2226
526,2714
517,9425
514,4825
512,3760
512,2525
510,2209
504,2289
496,2933
485,2470
515,2450
500,2543
493,2565
487,3305
481,6251
478,5655
470,3778
462,2784
459,3065
452,3005
444,2734
444,2678
444,3021
441,2798
461,2709
441,2512
433,2770
421,2589
412,2438
458,2552
448,2550
439,2432
421,2319
472,2610
462,2469
446,2311
438,2299
428,2082
420,2271
411,2154
409,2207
436,2214
434,1933
423,2130
416,5871
427,5782
422,2803
414,1705
407,5826
403,5510
399,3315
399,1408
398,1676
396,2121
391,1456
382,1604
371,6197
362,2779
356,1874
353,1858
345,1869
342,6109
340,5804
336,2670
332,1841
327,1931
321,1838
320,1934
320,1958
319,1874
311,1860
293,1760
287,6462
274,4915
267,2760
264,1668
259,1646
251,1696
248,1636
241,1777
228,5394
224,5313
219,2652
213,1625
211,1752
482,2658
473,2297
522,2222
518,3191
513,2506
502,2517
545,2396
538,12714
533,4881
528,3286
520,2530
514,2626
512,10575
512,4485
510,3679
505,2300
515,2745
530,2944
515,2695
501,2559
493,2568
488,9533
481,4742
478,3568
470,2271
463,2445
459,2432
452,2327
444,2461
444,2399
437,2410
467,2007
446,2077
435,2354
421,2648
414,2573
469,2566
457,2547
442,2524
441,6472
488,5074
472,2802
461,1841
446,1798
437,1744
426,1732
418,1866
411,2012
440,2057
436,2192
432,2149
423,2072
431,2027
427,2005
419,2004
412,1948
405,2015
400,1938
399,1916
399,1922
397,1923
394,5429
386,3951
379,2050
367,1499
357,1455
354,1442
349,1565
343,1726
341,1762
340,1955
332,4520
328,4528
322,1828
320,1528
320,1531
320,1520
313,1507
294,1462
287,1647
274,1826
267,1768
264,1768
259,3864
251,3807
248,2574
241,1299
228,854
224,767
218,851
213,917
210,860
482,2366
473,2276
522,2337
518,2317
511,2305
501,2648
543,2249
538,2394
530,2277
528,2664
519,2317
513,2202
512,2635
512,2191
510,9004
503,5443
510,3284
519,2248
512,2190
499,2294
491,2633
482,2151
479,2138
477,8260
468,5111
463,3073
455,2001
446,2400
444,2158
444,2142
484,2042
470,2495
446,2030
434,2016
420,1871
413,2143
464,1745
451,1845
443,2122
436,1713
482,1685
465,6358
456,4204
441,2468
431,1640
423,1496
417,1503
440,1449
438,5603
435,5046
425,2343
416,5115
428,2309
422,1904
416,1478
410,5706
403,3445
399,1891
399,3660
398,2196
396,2232
391,1868
382,1851
371,1832
362,2175
354,1762
351,5223
345,3532
341,1734
340,1482
334,1444
330,1681
326,4661
320,4842
320,2276
320,1419
318,1385
310,4814
293,3778
286,2695
275,2886
266,2055
263,4119
255,2721
252,2877
242,2144
231,1555
226,1546
219,3886
214,3593
211,1834
206,3726
474,2291
522,2362
518,2321
515,2422
505,2364
492,7153
540,4477
533,2696
526,2414
520,3076
514,2506
512,2468
512,2294
510,9072
505,5609
498,3662
530,2792
516,2135
501,2287
493,9201
487,4642
481,2947
478,2043
470,2503
463,2036
456,2021
452,1859
444,2529
444,7315
444,5287
485,3460
464,4491
444,2491
434,7899
425,3347
412,2122
458,1817
446,7589
436,4204
487,2454
469,4915
460,2815
446,1818
436,1799
423,2116
418,6317
410,4100
440,2252
436,6238
432,2887
420,1683
412,5902
425,2949
419,1780
412,1417
404,5573
399,3203
399,1724
399,3731
397,2482
393,1823
386,1777
373,2025
367,4438
357,3525
353,1750
345,1795
343,1351
340,1354
337,4960
332,4519
327,2033
322,1341
320,1685
320,1374
319,4593
316,4563
307,2217
297,1277
286,1249
279,3795
267,3540
260,1888
253,1250
247,3993
240,3263
228,1519
224,3770
216,2605
212,1738
210,3322
205,3555
473,2451
521,2333
517,2603
509,3515
498,6549
542,3754
536,2574
530,2462
526,2471
517,10412
512,4922
512,3640
512,6280
508,3497
503,2389
491,9928
518,4714
508,2966
499,6042
491,3496
482,2585
478,9264
476,4289
465,3222
462,2102
454,2132
446,2235
444,2537
444,2061
442,2050
481,2512
467,8425
449,5122
431,3191
426,2400
471,7956
452,3748
442,2153
439,7388
486,3508
463,4472
453,2523
438,5741
430,3074
423,1847
415,6332
410,3192
437,3367
435,1776
423,5837
416,2856
427,1662
422,5665
414,2752
407,3621
403,1826
399,5443
399,2712
397,1566
395,1260
391,5351
381,3602
369,2027
361,1317
354,1712
350,4774
345,4196
341,1842
339,3459
331,2388
330,1567
326,1554
320,1950
320,1555
320,1548
318,1549
312,1906
303,1529
296,4197
284,4035
279,1691
269,4095
255,2704
252,1370
243,1356
232,3725
225,3526
219,1748
213,1346
211,1640
205,1271
200,3009
471,2417
518,2260
513,2293
501,2844
490,2240
538,2693
533,9005
526,4665
519,2972
513,2669
512,2269
512,2352
510,8614
504,5102
495,3043
494,2092
513,9241
500,4131
491,2586
482,1936
479,2054
477,8588
467,4365
463,3193
455,2353
446,8418
444,4154
444,5121
442,4727
438,2511
469,8100
460,6358
451,4842
438,2649
418,2556
468,2956
444,2481
430,2427
427,2415
467,2760
452,2322
438,2323
428,2673
420,2238
411,2199
409,2170
405,2503
434,2146
423,2096
415,2406
411,2400
419,2038
412,2024
405,2415
400,2013
399,1988
399,5941
397,3817
393,2301
386,1495
374,1336
367,1320
357,1228
353,5371
348,4970
343,2193
340,5211
337,2736
331,1877
327,1273
322,1329
320,4517
320,3996
319,1841
316,1550
307,1851
302,4388
297,3038
293,2059
287,1473
274,1427
264,4305
252,3743
240,1863
228,3651
226,2457
216,1721
211,1401
210,1378
203,3313
200,2910
196,1908
514,2684
505,2648
494,2381
487,2087
483,2625
527,8738
521,4130
513,3130
512,2550
512,2125
510,8544
506,4607
498,2951
487,2071
473,8083
475,4328
493,2513
488,2328
481,1966
478,1954
470,2139
462,1937
455,1918
452,1907
444,7919
444,4927
444,3320
442,2406
428,1737
461,7419
457,4462
450,2528
445,4721
430,2802
408,1797
450,6830
438,3321
408,1971
462,1464
446,1896
436,5800
423,3331
418,2282
410,1439
407,1407
404,5587
428,3517
418,1824
412,5395
406,2581
401,1551
412,5293
403,2552
399,1545
399,1328
399,1766
396,1257
392,4570
382,4549
371,1883
362,1340
355,4802
351,3064
345,1558
341,3269
340,2526
334,1807
331,1833
326,4454
321,2639
320,1393
320,4245
318,2515
315,1337
307,1166
300,1515
295,1131
293,4141
289,4116
281,1783
268,3744
256,2586
247,1831
229,1410
222,3474
216,3482
213,1639
206,1073
200,1069
198,1417
196,1077
195,1062
505,2774
494,2522
487,2153
483,2739
475,9077
521,4382
513,2633
510,2657
512,2331
510,2405
506,9847
500,5068
487,3150
474,6109
460,5657
494,3197
488,5700
481,3084
478,6108
470,3133
462,2267
458,8718
451,3635
444,4571
444,2504
444,8010
442,3851
428,2227
419,1813
457,7719
451,4412
447,2510
437,4669
417,2415
457,6340
441,3111
414,1900
400,1506
448,1892
440,1432
427,1416
418,1405
410,1389
409,1479
405,1456
399,1577
420,1558
412,1532
406,5675
401,4202
412,2284
404,1432
399,5444
399,3232
399,3044
396,3609
392,2121
383,5215
371,2598
363,2539
356,5046
353,2479
345,1369
341,1217
340,4821
334,3558
331,2636
326,1560
320,1361
320,1303
320,1308
318,1658
315,4303
307,4401
300,2009
295,1308
293,1246
289,1245
282,1569
273,1207
258,1188
243,1135
231,1227
221,1318
216,1296
213,3572
207,3192
200,2125
198,1563
196,1621
195,1531
194,1522
492,2771
487,2575
480,2091
474,2302
518,2169
512,2146
510,2650
512,2175
510,2174
505,2569
496,2134
485,2120
472,2479
458,2038
465,1989
485,8061
481,4958
478,3111
468,2020
462,2392
455,1973
446,1906
443,2340
444,1917
443,1900
439,2515
426,1966
419,1952
416,2386
450,1891
445,1911
435,7176
425,6809
408,3977
440,2434
418,2194
401,1727
388,1688
435,2051
427,5786
419,4328
410,2536
407,1484
404,1475
395,1757
386,1420
411,1426
406,1747
401,1534
392,1630
403,1950
399,5266
399,5542
398,2842
396,3497
391,1762
382,1757
369,1530
362,5236
354,3663
350,1756
345,5210
341,2718
339,1757
331,1396
329,1427
325,1751
319,4135
320,4530
320,2512
318,1526
309,1472
303,4299
299,3779
294,1642
291,1405
288,1599
278,1369
275,4073
264,3921
242,2502
234,1548
222,1502
215,1699
213,1402
206,1407
201,1577
198,1338
196,3156
195,3247
192,3151
186,2075
485,2584
480,2212
474,2113
466,2065
512,2851
510,2264
510,2414
510,2289
504,2377
496,2657
478,2745
471,2299
458,2318
450,2429
459,9210
481,4955
477,3308
468,2444
462,2399
455,2372
446,2331
443,2685
444,2282
443,2306
439,2453
426,2490
419,2366
416,2317
450,2282
445,2518
437,2330
425,2269
415,2370
397,2367
420,2160
406,2107
382,2065
380,2344
427,2357
420,7633
412,3805
407,2979
404,1588
397,1856
390,1832
382,1959
406,1822
401,1668
397,1827
390,2070
399,2063
399,2065
399,2079
396,2091
392,2056
384,2058
371,2118
365,7028
356,3577
353,2328
345,1575
342,1683
340,1593
334,6058
331,4610
326,3785
320,2201
319,1880
320,1762
318,2031
315,1874
307,1862
300,5298
295,5474
293,2912
290,1933
284,2008
277,2035
268,5753
253,4548
237,3482
227,1973
217,1892
213,1829
212,1919
204,3481
200,3447
197,3447
196,1877
194,1697
189,1414
186,1383
483,2790
477,2636
469,2835
464,6195
510,3691
510,5096
509,3026
508,2459
502,2941
490,2459
475,2301
464,2154
454,2495
448,2095
456,2054
478,2069
475,2445
465,2039
461,2041
453,2004
445,2388
443,1985
444,1942
442,7840
438,6366
426,3269
418,2089
412,1979
450,2403
443,2089
433,1963
421,1934
405,2288
383,1823
417,1778
397,1695
382,2061
435,6140
427,4899
418,2675
410,2115
407,1702
404,1672
397,1617
390,1978
412,1558
406,1508
401,1505
397,1924
390,1496
399,1622
399,1635
399,7140
397,4018
393,2286
386,2785
373,2237
367,1917
357,1855
353,1830
348,2167
343,5015
341,3387
339,1728
331,1830
327,4819
325,3063
319,1624
320,1791
320,1416
318,4075
308,4188
302,2065
299,1447
294,4951
290,3239
286,1900
275,1255
262,1238
254,1269
234,4338
226,3778
221,1740
215,1215
213,1589
205,1114
200,1040
198,1027
196,1020
195,2909
192,2913
186,1876
485,2928
480,2054
474,2011
517,2416
512,3071
510,2325
510,2633
510,2492
504,2425
496,10151
480,4512
471,2949
458,2058
452,2278
485,2758
481,2315
478,2238
470,2154
462,2478
455,7861
451,5210
443,2965
444,2546
444,1910
442,1918
428,7587
419,5150
416,2807
451,1981
447,1855
432,1858
408,7102
398,4921
435,2676
409,1727
401,2090
386,1516
441,1504
426,1475
420,1982
411,1382
409,1393
405,1381
403,1463
392,1548
415,6171
411,4004
406,2768
397,1456
405,1458
401,1446
399,5384
399,4779
397,2231
395,1446
391,1450
379,1418
369,1384
361,1333
354,1308
350,1274
345,1347
341,1327
339,1321
331,1298
329,5008
325,4461
319,2378
320,2920
320,1773
318,1495
313,2015
307,1466
300,1399
295,1383
291,1366
280,3841
270,3811
261,1542
246,1854
240,1247
228,4002
224,3872
214,2195
211,1118
210,1107
203,1081
200,1068
197,1029
196,1181
194,1641
189,1120
487,2098
483,2028
477,2534
526,2310
515,2552
510,2080
512,2185
512,2192
508,2738
503,2223
490,2310
475,2741
466,2706
473,2225
491,2206
482,2781
479,2216
477,2181
467,2121
462,2647
454,2092
446,1972
444,2520
444,2081
443,2044
439,7767
426,5545
419,3034
457,1974
441,5668
425,3100
414,2228
395,1971
435,2468
425,1929
406,1901
407,2336
446,1782
436,1764
425,1686
418,2166
411,1590
409,1633
405,2082
401,1561
423,1548
415,1521
411,2092
406,1502
414,1504
407,2031
401,1600
399,1579
399,5908
397,4200
395,2181
391,1425
381,1275
369,5663
362,3926
354,2243
351,1315
345,5393
341,3022
340,1694
334,1308
329,4823
327,3487
321,2644
320,1593
320,1601
318,1601
315,1583
307,1520
300,1499
290,1457
280,1965
276,1453
261,1402
253,1888
247,1377
240,1354
228,1306
224,1269
216,3530
212,3924
210,2282
205,1371
200,1361
197,1801
196,1302
195,1295
501,3020
488,2829
485,2721
530,2146
526,2205
517,2251
513,5710
512,3414
512,2904
510,2380
504,2369
496,2852
478,2304
487,2265
500,8728
491,4991
484,2974
481,4726
478,3090
468,8378
462,3667
456,5211
447,3044
444,2089
444,2056
444,2065
441,2578
471,8797
452,5040
438,2781
427,1937
417,1765
400,1917
445,2386
435,1733
425,1676
409,6834
460,5200
446,2594
436,1698
423,1498
418,1988
410,1382
409,1402
435,1401
432,1401
420,6181
414,4915
409,2279
419,2769
412,1912
404,1611
400,1960
399,4729
399,4860
397,2449
394,1548
388,1546
379,5308
367,3678
358,2039
354,1326
349,4986
343,3226
341,1669
339,1450
331,1887
330,4678
326,3857
320,3024
320,1606
320,1400
318,1399
307,4409
295,4597
286,2121
279,1668
267,1269
262,4219
255,4285
252,1794
241,1381
230,1311
226,1277
219,1261
214,1247
211,1215
206,1506
200,1319
198,3940
196,3880
195,1867
505,2513
490,2208
485,2130
533,2544
526,2202
518,2793
514,2373
512,10941
512,3941
510,3319
504,2276
496,2356
481,2364
514,2910
500,2598
493,9291
485,4637
481,3354
478,2086
470,6932
462,3858
456,2942
447,6636
444,3958
444,5852
444,3484
440,2305
461,2301
439,9230
431,4139
420,2644
410,3731
456,2591
445,8394
435,3434
421,2260
467,8037
460,3736
446,2373
436,5176
423,2885
418,1876
410,9450
409,2816
436,1738
432,1351
420,5738
412,3469
425,3741
419,3649
412,3879
404,4653
399,3252
399,4211
399,2539
397,6060
393,3202
386,4140
373,1944
367,4052
357,2287
353,3774
348,2255
343,2230
341,1903
337,1932
331,1923
328,4743
322,3145
320,1667
320,3672
320,2806
315,3356
302,1952
289,4209
283,3099
270,2261
264,1871
260,5556
253,4308
248,3602
241,3526
228,2041
224,4692
218,4366
213,4642
210,2131
205,4490
200,2370
198,4710
196,4279
195,2989
501,2528
490,2136
538,2616
533,6480
526,3485
517,6895
514,4102
512,5996
512,6366
510,3657
505,6472
496,3406
487,2334
515,6479
501,4049
493,5218
487,2841
481,2139
478,8969
470,4356
462,2517
459,8054
452,3391
444,2205
444,1774
444,7367
433,4031
457,5157
439,3462
427,2041
416,2371
412,2170
459,1888
449,1847
437,2190
433,7384
480,5578
462,3486
448,2050
438,1540
430,1458
423,1563
415,2271
410,1662
438,7329
435,4668
425,2811
416,2926
428,1994
422,1593
416,2019
412,1583
403,1518
399,6573
399,5268
399,2357
397,2711
392,2337
384,1907
372,1896
367,1841
357,1911
353,1783
348,1668
343,1695
341,1132
339,6146
332,4089
328,1968
326,5837
320,2271
320,5548
317,2510
308,3615
296,3327
282,1771
271,1375
269,1766
265,1364
262,1483
254,1345
250,3943
243,3943
238,2470
226,3794
224,2046
215,1387
211,1388
210,3492
204,3222
200,1558
197,2030
517,2629
510,2717
557,2681
543,2229
538,8554
535,4808
528,2676
519,2519
514,11059
512,4411
512,2843
510,2104
522,2750
542,2313
530,2345
516,9383
502,5092
494,3497
488,2198
482,2620
479,2237
473,2093
465,2085
459,2620
454,2136
444,2023
434,2411
462,2451
453,1942
442,1950
422,2268
418,7429
475,5769
469,3509
455,3895
452,2337
513,5505
501,3571
487,4754
469,2504
461,1986
446,2265
438,1973
426,1837
451,7368
442,3319
440,2026
436,2993
453,1952
441,2175
433,1622
427,1666
422,1575
416,2313
412,1435
403,1535
399,1552
399,2207
399,1463
396,1579
392,2035
384,6784
371,3946
367,2027
357,1818
353,1335
346,1269
344,6395
341,3927
338,2111
332,1260
325,6051
312,2799
303,1398
295,1162
286,1144
280,1707
273,1103
270,1082
266,5312
260,5019
256,1973
255,1176
252,1146
249,1817
241,1143
229,3666
224,4438
219,2173
211,1071
208,3419
205,2227
524,3010
522,2835
577,2188
568,2928
557,2366
546,2721
539,2990
531,2563
528,2465
517,2841
512,2921
512,2460
528,2387
552,2485
546,2808
531,2404
517,2362
504,2311
495,2683
488,2378
482,2258
479,9206
471,5165
463,3448
456,2071
448,2256
475,2717
461,2538
454,2106
440,2060
422,1994
418,2401
475,2007
468,1984
455,2376
517,8772
511,4433
497,2826
482,2323
463,4198
452,2832
438,5586
430,3671
451,2707
442,1821
440,1803
436,2021
434,7531
441,3572
432,2058
427,4290
422,2572
412,1818
405,1732
400,1860
399,1852
399,1834
397,1846
394,2198
389,1746
379,1807
367,1805
357,2120
354,6750
349,4934
343,2671
342,2111
338,6561
332,3723
328,2169
322,2200
320,1808
318,1792
313,1767
302,2133
290,1618
277,1478
271,5179
267,5415
263,2502
256,1613
251,1904
245,1439
238,1455
228,1391
224,1687
215,1332
211,1274
210,1768
204,1403
200,1355
197,1327
517,3123
507,2662
549,2367
541,2651
536,2942
531,2417
523,2407
517,2875
512,2495
512,10575
511,5006
508,3546
546,2223
531,2399
517,9648
506,4549
495,2936
488,1993
482,2561
478,2134
472,2123
464,2079
459,2596
452,2110
444,2136
444,2455
487,2099
478,2062
455,2095
440,2375
431,1950
476,1912
469,2299
458,1893
446,1813
505,1848
487,2185
469,1708
460,1666
446,2167
436,1741
423,1678
418,1642
441,2031
440,1613
436,1630
430,1584
438,1503
429,1564
425,6642
417,4026
412,2085
404,1339
399,1414
399,5393
399,4122
396,2255
392,1953
383,1287
371,1496
363,5703
356,3836
353,2199
345,5368
342,2679
340,1935
335,1290
332,1299
327,1268
321,1154
320,1237
320,1245
318,1583
315,1361
305,1465
292,1427
282,1468
278,1275
267,1353
258,1237
253,1695
247,1302
238,1285
226,1258
224,1718
215,1388
211,1388
210,1376
203,1630
200,1313
197,1309
196,1277
507,2491
549,2225
541,2606
536,2102
531,2539
523,2066
517,2290
512,2739
512,2426
511,2296
508,2283
519,2770
533,2348
518,2260
506,2311
496,9055
489,4858
482,3698
478,2116
475,2505
466,2093
462,1988
454,8429
446,4560
444,2805
444,2015
485,2493
481,2064
469,2065
451,2460
435,2401
489,1984
477,1959
454,1896
450,1982
501,1575
486,1555
464,1588
454,1579
441,6168
431,4283
423,3078
417,1755
441,1712
438,1761
435,2014
426,1702
434,1684
428,1639
422,1401
416,1411
412,1544
403,1363
399,1778
399,1364
399,6267
396,5561
392,3000
382,1442
371,5883
363,3285
356,1624
353,1578
345,1327
342,1231
341,1273
335,1205
332,1367
327,1148
321,1228
320,1541
320,1231
318,1308
315,1364
307,1532
302,1356
295,1326
285,1466
277,2199
270,1526
254,877
247,770
240,3285
230,3035
224,1571
216,1092
212,1136
210,1087
205,1054
200,1175
197,1237
196,1312
510,2832
557,2554
542,2147
536,2309
532,2275
528,2405
519,2080
513,2077
512,2664
512,10121
510,4854
520,3754
539,2577
520,2557
513,2280
500,2257
491,2795
482,2562
481,2244
478,2194
469,9350
463,5280
456,3591
447,2156
444,2468
487,2416
486,2123
484,2159
471,2583
461,2380
455,2009
504,2111
487,2333
472,2049
461,2010
505,2002
491,2250
471,1919
464,1873
446,7508
436,4462
425,2768
418,1668
441,1644
440,2052
436,1552
432,6791
439,4807
431,3081
425,1537
419,1547
412,1476
405,1839
400,1572
399,1504
399,1784
397,2009
394,1784
389,1715
379,1689
368,1951
359,1676
354,1564
350,2125
343,2364
342,1859
340,1872
332,2057
330,1905
326,1809
320,1710
320,1609
320,1654
318,1667
313,1610
303,1976
300,1549
292,1618
283,1509
276,1898
264,1504
252,1397
245,1531
240,1893
228,1458
222,1417
214,1404
211,1703
210,1690
203,1484
200,1455
197,1754
517,2609
563,2293
550,2514
542,3141
539,2404
531,2659
528,2604
517,2538
512,2513
512,2931
512,2458
527,2579
547,2487
537,2791
519,2433
513,2462
500,2381
491,2888
482,2455
482,2288
479,2285
469,2691
463,2308
456,2330
447,2315
487,2647
487,2326
487,2340
485,2303
471,2518
461,2053
518,2230
503,3104
485,3060
552,3007
522,2925
509,2922
492,2863
476,2752
461,2665
446,2550
438,2474
457,2447
451,2413
442,2400
440,2328
436,2326
451,2300
441,2272
432,2252
427,2229
419,2231
412,2193
405,2145
400,2156
399,2139
399,2128
397,2100
394,2488
389,2301
379,2673
368,2144
358,2222
354,2567
350,2658
344,2429
342,2605
340,2434
332,2516
330,2601
326,2596
320,2349
320,2396
320,2430
318,2540
308,2357
302,2292
299,2302
291,2279
278,2315
274,2279
258,2144
250,2093
243,2091
230,2084
226,2046
219,1967
213,1903
210,1890
205,2179
200,2125
198,2035
577,2630
568,2322
557,2195
543,2132
539,2380
532,2604
528,2367
519,2199
512,2797
512,2933
512,2562
552,2685
547,2820
534,2796
518,2661
506,2633
499,2835
489,2980
482,2741
479,2849
476,2656
466,2624
459,2608
454,2582
445,2557
487,2744
487,2727
485,2828
478,2665
464,2720
524,2639
515,2610
500,2775
484,2530
542,2521
514,2403
492,2421
476,2499
465,2460
446,2250
437,2354
425,2230
449,2180
441,2306
440,2173
436,2244
448,1644
438,1825
429,1802
422,1962
417,1946
412,1966
404,1933
399,1903
399,1894
399,1918
396,1908
391,1891
382,2142
371,2167
362,2071
354,2022
350,2019
345,1907
341,1906
340,1850
332,1861
330,1857
326,1823
320,1769
320,1770
320,1764
318,2031
308,1733
302,1715
299,1695
293,1925
288,1928
277,1858
264,1793
256,1783
241,1722
228,1614
226,1610
216,1529
211,1719
206,1782
200,2719
198,2649
196,2525
195,1800
194,1380
545,2466
538,2262
533,2742
528,2846
519,2375
513,2380
512,2317
512,2859
508,2541
503,2458
507,2880
518,2861
506,2172
495,2179
488,2746
482,2224
478,2180
470,2144
463,2696
459,2141
452,2122
444,2534
444,2117
444,2074
441,2077
469,2495
461,2049
457,1948
450,1985
443,2483
493,1957
473,1826
448,1800
440,2342
474,1709
450,1639
442,1473
432,1640
422,1542
411,1627
409,2108
405,1576
432,1428
420,1368
414,2058
409,1543
419,1397
412,1324
404,2138
399,1473
399,1474
399,2033
396,1324
392,1408
382,1337
371,1417
362,1375
355,1423
351,2103
345,1475
341,1428
340,1404
333,1453
329,1301
326,1215
320,1899
320,1299
320,1195
318,1171
309,1282
302,1273
299,1241
294,2032
290,1432
288,1359
278,1333
274,1322
262,1285
239,1230
232,1717
220,1160
214,1275
212,1769
206,1193
201,1178
197,1150
196,3053
194,3017
189,1524
186,1695
184,1205
181,1202
521,2367
515,2024
510,1982
512,2981
510,2630
506,2091
501,9909
487,4697
474,2785
460,6705
468,3815
488,2378
481,2279
478,2824
470,2119
462,2185
458,2155
451,2123
444,2098
444,2138
444,2722
442,9610
428,4725
419,2973
457,1812
450,2039
447,2516
437,8315
425,4119
419,3278
457,1761
426,1855
407,1682
454,1841
436,1590
427,1490
420,1674
412,1420
407,1514
404,2109
397,1462
418,1561
412,2162
406,1554
401,1420
397,1441
403,1559
399,5968
399,5172
398,3016
396,1503
391,1558
382,2121
369,1399
362,5877
354,5777
351,2401
345,1446
341,6165
339,1330
331,4761
329,4682
325,2604
319,1465
320,5882
320,3804
318,1682
309,1192
302,1192
299,1937
294,1125
290,1115
288,1948
278,1316
275,1347
267,1290
247,1233
234,1187
225,1159
215,1834
212,1101
206,1180
201,1161
199,1105
196,1119
195,1070
192,3284
186,2942
184,1408
181,1105
180,1117
175,1115
510,2400
510,2030
510,2559
508,2047
503,2053
492,2650
475,2129
466,2276
457,2342
450,2927
482,2271
478,2339
476,2449
465,2838
461,2497
453,2693
445,9828
443,4663
444,3598
442,2065
438,2221
426,2029
418,2099
412,2083
450,2275
441,2485
431,2660
424,8845
412,6188
440,2745
413,1833
393,1754
379,1651
432,6233
422,5710
413,2859
409,2173
405,1455
403,1481
392,1386
385,1294
411,1306
403,1371
397,1514
390,1398
400,6538
399,4515
399,2132
397,2660
393,2387
386,1682
373,1620
367,6223
357,3100
353,1663
345,3216
342,2813
340,1980
336,1859
331,1625
326,2070
320,1616
319,1591
319,1667
318,5336
315,4815
307,3206
300,3136
295,1896
293,1289
290,1269
284,1258
277,4622
267,4458
253,1734
237,1557
227,1111
216,1072
213,1085
212,1072
204,1084
200,1246
197,1180
196,1290
194,3256
189,3206
186,2060
184,1546
181,1747
180,1513
174,1471
174,1693
510,2301
510,2129
508,2003
503,2303
492,2946
475,5078
469,2707
457,2201
450,2543
456,2312
479,2148
477,2138
468,2499
462,2091
454,2064
446,2427
443,2043
443,2051
444,2428
442,2012
428,2000
419,2346
416,1940
410,1938
447,2334
439,1894
417,1865
404,1885
387,1822
418,1769
402,1687
386,1728
386,1619
432,1731
420,2209
411,1597
409,1583
406,2072
403,1516
392,1511
386,1484
411,1476
406,1470
401,1466
397,1469
403,1431
399,1406
399,1925
399,1408
397,1401
392,1916
384,1507
373,1491
367,1455
357,2096
353,1573
348,1546
343,1551
341,2053
339,1532
331,1529
329,1526
325,4884
320,3995
320,1978
320,3753
318,2425
315,1654
307,5100
300,3010
295,1522
290,1296
279,4360
272,3887
257,1638
247,1378
242,1358
230,1277
226,1257
219,1210
213,1186
211,3436
205,3914
200,2338
198,1129
196,1073
195,1515
194,2775
188,2761
186,2354
184,1396
181,1377
521,2869
513,2600
512,1958
512,1960
510,1990
506,2498
501,2116
487,8691
474,4233
478,3342
495,2011
488,2032
482,2397
478,2244
472,2199
463,8882
458,5396
452,3550
445,5356
444,4888
444,2465
442,1958
437,1911
426,8763
458,4316
442,3229
428,2256
417,1702
402,1607
442,1667
432,2369
420,1795
411,1590
454,2059
441,5653
431,5884
423,3164
417,2107
410,3785
407,4099
404,2423
428,1638
418,1583
412,5710
406,3161
417,1743
412,3930
404,3077
399,1696
399,1701
399,2220
397,1704
393,5357
386,3608
373,2097
367,1208
357,1177
353,1661
348,1146
343,1244
341,1207
339,1209
331,4109
330,4571
326,2469
320,1173
320,1187
320,4451
318,3802
313,2627
303,1317
296,1639
285,1097
279,1097
269,4064
257,3470
252,1746
245,1184
240,1174
226,1129
224,1079
215,1075
211,1046
210,1186
204,1821
200,1303
197,1280
196,1266
195,1231
192,1214
186,1200
186,1697
533,3963
526,4427
519,2448
513,2242
512,2309
512,2127
510,2766
504,2502
496,2520
495,3223
514,2881
500,2504
491,2473
485,2733
481,2393
478,2273
468,2247
463,2646
456,2179
447,2157
444,4069
444,2609
444,2260
484,2268
471,2576
454,2594
439,2081
427,2123
421,2467
458,2053
445,3055
435,2316
491,2656
467,2113
460,1676
444,1597
436,2105
423,1983
418,1958
410,1942
440,1925
436,1844
432,2278
420,1536
412,1494
425,1533
419,1454
412,1944
404,1521
399,1418
399,1438
399,2004
397,1452
393,1455
386,1383
373,1356
367,2029
357,2067
353,1506
348,1171
343,1202
341,1108
337,1723
332,1174
328,1059
322,1109
320,1148
320,1092
320,1010
318,1045
308,950
302,902
294,1407
280,1871
276,974
263,884
254,1144
250,1567
243,998
231,1064
224,797
219,851
213,1125
211,1071
205,1933
200,690
198,873
196,784
195,759
194,766
186,750
186,754
533,2537
526,2138
520,2042
514,2511
512,2154
512,2196
510,2217
505,2603
498,2159
530,2467
516,9756
501,4556
493,2989
488,2058
481,2516
478,2231
470,2121
463,2171
459,2659
452,2244
444,2189
444,2057
444,2550
485,1912
472,1884
464,1831
450,2413
433,2083
487,2079
474,2000
452,7652
439,4034
493,2398
476,1799
462,2237
446,1668
438,1633
428,6867
420,4247
411,2322
440,1530
436,1393
434,1837
423,1468
433,1502
427,1431
422,1955
414,1510
409,1354
405,1415
401,1673
401,1562
400,1436
398,1470
393,1889
386,1476
373,1376
366,1464
358,1963
355,1354
349,1392
345,1480
344,1901
337,1419
334,1483
329,1429
323,1888
322,1243
322,1423
320,1392
317,1772
309,1947
302,2880
296,2211
285,1459
279,1178
267,1101
255,1070
249,1091
242,895
232,827
226,1121
220,1287
215,811
212,847
207,754
202,1114
200,705
198,704
197,1080
192,991
186,834
538,2640
536,2567
528,2059
520,2213
514,2217
512,2289
512,2283
510,7016
522,4745
542,3174
530,2218
516,2294
502,9833
494,7927
488,3533
482,2952
478,2252
471,2730
464,2746
459,2183
452,2164
445,2120
444,2752
487,9023
485,5466
480,3191
469,2550
460,2155
508,2014
494,1996
477,2553
469,2043
514,1903
501,1904
486,7981
469,4440
456,2666
441,1699
431,1639
423,1716
449,1715
441,1639
438,7013
435,4330
446,2394
438,1557
428,1895
425,1650
419,1427
414,1372
406,2003
401,1392
401,1411
401,1534
401,6496
396,4310
389,2189
376,1410
371,1688
361,1572
357,1381
349,4702
348,4576
345,2405
340,1703
334,1676
329,1672
324,4451
322,4428
322,2323
321,1658
318,1643
309,1589
304,4202
301,4167
290,2195
279,1795
274,1786
256,1745
249,1738
244,1696
232,2139
228,1568
218,1554
214,1952
212,1444
207,1410
202,1888
199,1340
198,3535
196,2993
192,1638
542,2382
539,2344
532,2956
528,2430
519,2333
512,2222
512,3055
512,2488
525,3064
547,3068
533,2532
518,2435
506,3145
499,2416
489,2442
482,2862
479,9741
476,5317
466,3370
459,2145
454,2261
446,2968
487,2252
487,2649
485,2991
480,2160
467,2097
460,2556
513,2085
500,8778
477,4540
473,2900
514,1748
495,2737
476,8012
466,3364
446,2746
438,1587
426,5143
450,3982
442,2228
440,1701
436,2175
432,1631
441,1640
431,2154
425,1582
422,1571
414,1545
406,1523
401,1482
401,1498
401,5006
399,5478
396,3536
389,1947
376,1656
371,5612
361,3394
357,1769
349,1357
346,1867
345,1328
339,1326
334,1868
329,1437
323,1401
322,4943
322,4444
320,2411
317,1442
309,1915
302,1366
297,4720
295,4750
287,2253
273,1531
264,1481
248,1604
242,1608
230,1571
226,1628
218,1473
213,1492
210,2001
205,1489
202,1332
198,4556
197,3298
194,1556
189,1191
186,1628
536,2859
529,2562
523,3003
517,3384
512,3076
512,2651
511,12399
508,5075
546,3417
533,2559
517,3174
506,2654
496,2603
489,11880
482,4958
478,3395
476,3360
466,7033
462,6868
454,4165
446,6139
444,3325
487,2318
485,2464
481,2472
469,2254
460,2395
453,2276
512,2207
496,2285
471,2154
533,2093
512,2232
487,1969
469,1877
460,2007
446,1866
432,6811
423,4943
449,3114
441,1781
438,1588
435,1706
429,1524
476,1660
467,1764
459,5792
456,4672
451,2859
443,1603
438,5699
437,3455
437,4366
435,3664
433,6994
425,3323
413,2222
404,6473
393,3050
388,1830
383,1569
376,1863
375,6108
370,4657
361,2383
359,1803
355,1645
348,1388
348,1495
348,1646
346,1424
340,1800
331,1583
351,2514
345,5616
339,4566
326,2089
317,1740
302,1497
287,1344
281,1573
268,1333
258,1256
250,1648
245,1530
242,1779
235,1839
230,1626
226,1587
226,1858
220,1658
215,1448
555,3390
551,3130
543,2997
540,2892
530,2570
523,2740
523,2917
523,2889
563,3256
558,2912
548,2805
530,3100
524,2761
511,11055
502,5504
491,3920
491,2567
488,2410
478,2327
471,2686
464,3375
458,3331
494,3343
494,8856
494,5386
492,3464
478,2295
537,2300
531,8669
513,4596
506,3103
563,2165
543,6226
517,4315
503,2652
484,2094
472,2021
453,1938
444,1901
464,1989
460,2167
450,2282
445,7224
501,5592
497,2970
486,4431
480,4123
473,2135
465,1805
458,6618
455,3514
446,4168
440,2212
441,1726
441,1695
439,1712
435,5752
427,4387
414,2407
406,1853
395,2014
390,2103
386,1984
379,1694
377,1982
372,6805
364,4689
361,2618
356,1562
349,1402
349,6269
349,5167
347,4098
364,1921
358,1408
349,1318
334,5934
330,5164
318,3625
303,1671
296,3095
286,2976
275,2232
267,1662
256,3766
251,3551
245,1794
239,1477
232,3654
229,3581
227,1752
226,1414
578,3047
566,2764
557,2684
552,2807
540,2976
532,2808
526,7968
540,4378
567,3037
565,3180
560,3266
553,2900
541,2973
527,2844
512,2687
504,2798
499,2685
491,2620
488,2607
481,2812
471,2789
467,9812
506,5356
494,3669
494,2295
494,2536
492,2826
547,2351
531,2493
516,2288
504,2310
570,2534
545,9908
525,4614
512,3209
497,2084
475,2046
466,2146
453,1925
472,1952
460,1706
454,2105
445,2189
503,2268
499,2455
493,2424
484,2161
474,2366
468,2352
461,2325
455,2299
446,2258
440,1923
441,2212
441,2201
439,2217
434,2223
425,2219
411,2186
405,2176
394,2127
390,2078
381,1928
378,2009
375,6719
367,6008
364,2841
358,1871
351,1478
349,1707
349,6494
347,6048
344,2874
362,6270
349,2820
333,3666
330,2217
313,1711
304,5576
297,3811
288,5263
280,2290
267,1535
256,4837
251,4936
245,2931
239,1637
232,3936
229,3844
227,1518
226,3786
221,3886
565,3238
555,2820
549,2897
540,8065
531,4132
526,6997
523,3984
540,11605
565,4666
559,3204
550,2726
531,12817
524,5046
509,3862
502,7203
492,3822
489,8391
486,4641
475,9974
470,4456
462,2951
498,10577
494,4120
494,6175
492,3084
487,2712
472,10887
520,4654
499,3110
493,2178
548,2478
529,2534
516,8909
499,4928
478,3454
467,5150
453,2761
442,2171
481,8039
474,3903
465,2520
464,1938
460,2246
511,2252
500,8129
490,4503
485,2843
479,1998
475,2147
466,2371
459,2139
459,2108
459,2237
458,2161
474,2103
461,2083
449,7061
438,4344
430,2462
425,4298
418,1872
415,1581
411,1633
404,5185
399,4479
394,2204
388,1897
387,1626
387,1650
385,5728
374,4125
361,2250
348,4111
362,2293
352,1633
339,4768
330,3104
324,1649
314,3637
298,4738
293,2281
284,1606
278,1330
271,1361
266,4175
259,3635
257,1925
255,1907
253,3975
247,3923
241,1641
240,1326
562,2732
554,2731
545,2846
538,2767
537,7900
537,4202
535,2927
572,3104
564,2883
543,2834
536,3319
524,2742
515,2617
504,3057
501,10479
500,5475
491,3626
484,2499
476,7692
468,4817
464,2836
507,2422
506,10279
502,5104
482,3578
458,2618
512,2344
501,2219
483,9384
473,4975
531,3537
519,2497
500,1956
480,1889
470,2225
457,1777
446,1754
438,2144
483,1962
474,7995
471,4944
468,2800
518,1957
507,5245
498,2960
491,2130
488,2182
484,1898
473,1817
468,6309
468,4434
468,2545
465,1998
483,1553
473,1542
458,6225
446,4256
439,2450
434,1906
426,1421
423,1443
421,1491
413,1513
410,1455
404,6172
397,4177
395,2288
395,4188
393,2360
385,1700
368,5929
352,3168
365,1821
353,4966
348,2429
341,3389
334,2305
324,1659
315,5020
303,3015
297,1838
284,1443
279,1426
275,1448
268,4411
264,4281
261,1999
260,1321
254,1281
249,1267
245,1241
242,1234
563,2785
554,3059
549,3212
542,2813
542,2754
541,8446
555,4831
576,3198
563,2999
545,2902
536,2730
523,2936
517,2704
507,2664
503,3291
500,2608
489,2921
483,11246
477,5545
469,4282
468,2866
511,2749
505,2845
487,9409
462,4799
455,3163
499,2352
490,2181
481,2057
474,2188
527,2016
512,1899
491,2066
479,1953
465,1875
456,7124
445,4830
437,2906
476,2085
474,1714
470,1733
468,1834
514,6751
503,4273
497,2667
492,1764
485,1605
478,1823
472,1759
470,1590
470,1806
468,6937
467,5379
481,2781
469,1745
456,1467
442,6059
437,4261
432,4074
426,2146
425,1670
420,1717
412,1631
407,1619
398,1645
395,1560
395,1714
392,1883
381,1671
360,1607
350,1593
335,1527
352,5371
348,5802
342,2321
332,5116
324,2512
315,1519
305,1391
298,1481
286,4801
281,4248
276,2115
270,1662
265,1369
262,1346
261,4150
256,3822
252,1898
247,3999
243,2130
240,1228
557,2610
548,2543
541,3280
541,2734
540,2913
537,2771
548,2712
562,2873
544,2673
535,2566
522,2716
515,2681
506,2455
502,2488
497,2581
487,2398
482,2338
476,2517
467,2310
467,2294
510,2464
498,2323
472,2205
457,2352
445,2113
434,2034
488,2056
474,2616
464,2136
457,2104
506,2473
484,2202
475,7387
463,5090
449,3059
441,1908
435,5172
424,3787
472,2225
469,2285
461,1935
450,1891
499,1943
492,2068
486,1848
480,1851
475,2043
470,1760
470,1790
468,2126
466,1776
461,1806
450,2082
458,1689
444,1675
437,2005
433,1608
426,1752
424,2089
419,1747
412,1710
407,2010
398,1624
395,1632
395,1956
394,5453
385,4803
366,2520
352,1360
341,1312
330,1359
324,1226
340,1339
333,1461
322,1458
309,1556
302,1547
289,1560
284,3675
278,3951
271,2222
266,1252
263,1259
261,1545
259,1214
253,3554
247,3830
243,1866
240,3505
238,1747
230,3162
228,3067
541,2486
540,2517
537,2709
531,5907
519,3313
502,7391
509,3894
522,2918
516,2572
506,2533
502,2507
497,2499
487,2492
481,2479
476,2387
468,2378
467,2566
467,2548
465,2568
453,9755
470,5836
456,3362
448,5604
434,5145
423,2714
408,2036
456,2034
440,8228
420,5665
477,2870
465,1870
453,7319
441,3593
435,2175
424,1789
423,1780
418,1767
463,6556
454,5046
445,2635
439,3236
434,2219
483,1973
473,6446
468,4004
470,2272
469,1645
467,6224
462,3737
451,4088
437,3685
426,4048
438,5346
433,2405
428,5745
424,2941
419,1722
411,5569
408,3464
403,2413
395,1830
395,1616
395,7171
392,3768
379,2355
363,2901
350,2306
340,2249
327,2195
319,2213
313,2158
326,2104
315,2100
302,6085
295,5492
284,2090
278,3975
272,1981
266,2573
263,2652
261,1915
259,3671
255,3609
248,1430
246,3471
241,3459
238,1718
231,1335
228,1332
228,1981
228,1910
227,1321
532,2716
520,2546
502,2423
493,2331
481,2784
475,2485
506,2325
502,2468
498,10817
487,5602
481,3628
475,2693
467,2475
466,10504
467,4886
465,3814
453,2476
442,2598
429,11345
411,4694
445,3601
428,6761
408,3563
401,10312
390,3726
422,5724
411,2825
396,2479
386,2546
441,9228
433,4290
424,3280
421,1848
418,1753
407,2174
400,2072
394,8402
439,4986
432,3175
426,1738
420,8257
468,3667
468,1973
466,1594
465,2066
456,2032
443,2070
433,8170
421,3702
415,2529
407,1562
406,6722
423,3792
416,2292
411,7834
405,3186
396,3903
394,2488
394,2263
392,7064
390,2924
380,1836
372,6993
363,3039
351,1857
337,1681
328,6233
313,4258
303,2252
291,1779
285,1740
289,1716
284,1836
278,2085
272,1966
266,2266
263,5438
261,4327
259,1941
253,3713
248,3108
246,2133
241,2136
238,5036
231,4858
228,2517
228,2010
228,5041
228,4332
226,2016
223,1670
215,1625
497,2916
486,2413
478,2252
465,2173
462,2784
475,2379
492,9944
485,7710
477,4151
469,2860
466,2346
466,7283
465,4051
462,2636
450,2318
441,2836
438,2371
425,2165
412,2619
396,9935
419,5099
400,3616
390,2653
373,5456
368,3334
399,7804
386,3626
378,1972
379,1808
424,7097
423,4877
419,2675
413,2319
404,7422
395,3924
392,2556
386,1724
431,1783
424,1722
419,1678
419,1656
468,1847
466,2073
462,2432
456,2398
442,2391
434,2362
421,2287
415,2178
410,2112
405,2072
405,2089
417,2102
411,2179
406,2147
397,1964
394,1927
394,1924
394,1895
393,1905
381,1849
374,6862
370,1216
362,1186
348,5802
336,3708
324,4227
311,3988
300,1663
289,1363
284,6075
291,3656
284,1617
278,1812
272,4535
266,3608
263,2045
261,4381
259,1988
255,1951
248,3326
246,2466
241,2176
238,1272
231,4482
229,3087
228,1432
228,4345
228,2783
226,1178
224,3989
215,2800
497,2678
486,2322
478,2334
465,2528
464,2829
475,2365
492,8340
485,3859
477,3114
469,10700
466,4672
466,3331
465,8800
461,3903
450,2554
440,2981
437,2166
432,2809
420,9241
437,4837
420,3595
409,4337
390,2544
372,6031
364,3253
396,2321
385,2566
378,2550
375,1980
424,7978
420,4758
417,2702
407,1769
400,6864
394,3274
389,2014
432,2318
426,1784
420,6586
419,3542
419,2178
466,1708
464,2281
458,7278
448,3563
436,2745
423,6222
416,2693
412,1630
405,5909
403,3497
400,1770
411,4541
406,2658
403,1736
394,2035
394,1486
394,1499
392,1516
381,1420
374,5241
370,5175
362,2667
358,1438
354,1286
339,5372
324,4368
311,1935
294,5064
283,2297
271,1464
283,1453
278,1987
271,4028
265,3647
262,2151
261,3766
256,2180
252,1810
247,1257
243,3179
240,3690
238,2128
230,1645
228,1331
228,1321
228,1334
227,1337
226,1315
223,1321
214,1472
210,1467
480,2544
475,2325
465,2372
461,3122
458,2526
487,7282
481,2672
475,2714
467,3148
466,10609
466,5182
464,4217
457,2324
443,7619
439,4938
435,2810
431,6844
426,4305
415,2452
442,2045
426,8612
398,4548
381,3113
365,5425
352,3282
383,2865
376,8354
364,4259
425,2930
419,1725
415,7799
407,3467
397,2064
392,8296
386,3879
381,2340
424,7432
420,3500
419,2052
419,1617
466,8986
462,3464
454,2834
441,1577
434,1477
421,6975
415,4285
410,2182
405,1607
403,2009
397,6568
411,3739
406,2504
397,1504
394,7132
394,5490
394,2809
392,1920
380,5504
374,2755
370,1869
362,1562
359,1651
354,1656
345,1584
341,1710
332,1744
316,1727
301,1796
283,1748
290,1658
278,1827
272,1839
266,1792
264,1798
261,1744
259,1776
253,1685
248,1663
246,1722
241,1665
238,1638
231,1637
229,1830
228,1892
228,1904
228,1820
226,1857
224,1838
216,1757
214,1853
208,1710
478,2477
470,2362
464,2404
461,2374
454,2346
485,2489
478,2338
470,2298
466,2563
466,2601
465,4170
461,2484
449,2759
441,2765
438,2772
432,3409
428,2243
420,2258
408,2553
437,2165
426,2230
405,3403
389,1973
369,2059
395,2211
383,2142
374,2245
370,2266
421,2293
418,2261
409,2228
400,2179
394,2159
389,2168
384,2106
376,2036
422,2123
419,2064
419,2051
418,2061
464,2071
459,2120
448,2032
437,1995
425,1929
417,1986
412,1896
407,1886
403,1501
399,1728
392,1630
408,1703
403,1499
394,1282
394,5217
394,5237
392,2457
380,1619
373,1893
370,1813
363,2492
359,2816
354,2407
346,2383
341,2762
332,2322
316,2280
307,3347
294,2152
283,2102
286,2397
276,1990
269,1947
267,2328
261,1908
259,1896
253,2173
247,1823
243,1839
240,2151
238,1806
231,1733
228,2061
228,1761
228,1732
228,1734
226,3524
224,3547
215,3490
214,1750
208,1391
205,1386
472,2503
464,2406
461,2577
457,2347
459,2399
481,10023
475,5347
466,3467
466,2339
466,2559
464,2775
457,9651
443,5244
440,3317
435,2444
432,2285
426,2231
418,2183
407,2164
436,2213
426,2465
405,2423
389,2290
377,2486
399,2534
383,2365
376,2274
370,2211
425,2165
419,2122
415,2148
404,2114
397,2328
392,2314
386,2312
381,2295
424,2320
420,2312
419,2272
419,2279
466,2282
465,2281
460,2595
451,3997
439,2866
426,2731
420,2638
415,2573
407,1429
404,1359
404,1341
417,1346
411,5304
405,5233
397,2790
394,1661
394,1652
394,1673
393,1646
381,1611
375,1762
371,1739
363,1898
361,1924
357,1913
350,1938
344,1853
336,1861
327,1837
307,1769
311,1745
293,1895
285,2522
278,1800
271,1757
266,1719
262,1687
261,1954
257,1955
252,1906
247,1904
243,1875
240,1827
238,1821
231,1699
228,1712
228,1704
228,1707
228,1705
226,2043
224,2035
221,2035
499,2479
487,2387
479,2282
474,2273
479,2253
502,2395
495,2435
486,2354
481,2359
475,2326
467,2271
466,2441
467,2605
465,2578
461,2785
450,2775
440,2695
435,2663
473,2727
466,2713
456,2680
445,2663
435,2619
414,2552
436,2482
422,2435
403,2284
456,2322
444,2213
437,2205
427,2183
423,2126
419,2111
417,2119
407,2049
448,2288
444,2293
439,2228
432,2200
426,2234
473,2213
468,2199
468,2237
470,2196
467,2207
463,2222
454,2163
439,2173
433,2132
420,2047
436,2025
428,2026
425,1988
423,2002
417,1980
411,1919
405,1900
397,1859
395,1775
395,1785
394,1811
391,1818
380,1910
374,1876
368,1704
362,1880
358,2198
352,2148
337,2143
323,2126
329,2045
311,1977
300,1956
287,1807
282,1792
278,1808
269,1656
265,1621
261,1851
261,1787
255,1822
250,1831
246,1848
243,1798
240,1790
232,1691
229,1733
228,1730
228,1654
228,1735
226,1715
225,1660
516,3172
500,2845
488,2751
479,2554
515,2659
505,2343
502,2365
495,3033
485,2611
481,2545
475,3005
466,2558
467,2478
467,2897
465,2536
452,2493
441,2474
439,2847
474,2431
470,2432
463,2777
444,2385
428,2334
459,2718
438,2218
418,2166
404,2113
456,2429
445,2020
435,1995
424,2340
423,2075
419,2022
415,1999
404,2045
447,2000
442,1946
436,2360
431,1967
475,1923
470,2302
468,1923
468,1908
468,1885
464,2042
456,1886
442,1849
434,2245
421,1753
415,1598
431,1990
426,1670
423,1678
417,1556
411,1705
406,1650
397,1642
394,2035
395,1630
394,1569
391,2038
380,1703
374,1445
370,1468
362,1765
358,1582
353,1563
335,1613
318,1404
328,1510
308,1972
300,1395
288,1384
283,1533
276,1353
271,1316
265,1618
262,1483
261,1447
257,1811
252,1372
247,1366
243,1352
240,1379
238,1317
230,1282
228,1642
228,1285
228,1285
227,1299
226,1268
223,1244
502,2688
496,2352
484,2413
493,2389
506,2307
503,2696
501,2693
491,2598
485,2481
477,3052
470,2475
466,2461
467,2909
466,3135
462,2424
450,2406
441,9859
438,5191
473,3628
463,2118
439,2949
420,2557
409,2179
443,2154
423,2525
416,2306
411,2028
454,2428
443,2024
435,1983
425,1946
423,2326
419,1891
417,1938
407,1850
448,2250
444,1793
439,1793
432,2066
478,1831
471,1745
468,1728
470,2143
468,1659
467,1725
462,1772
451,2117
437,1668
426,1593
420,1599
434,2150
428,1590
424,1638
422,1619
414,2129
411,1686
405,1550
397,1945
395,1452
395,1461
394,1513
391,2153
380,1588
373,1514
361,2014
343,1350
336,1405
325,1498
313,1937
329,1539
320,1471
307,1372
300,1544
289,1303
283,1281
277,1644
271,1378
266,1358
263,1316
261,1872
260,1472
255,1496
249,1787
246,1428
243,1411
240,1399
232,1660
229,1332
228,1310
228,1319
228,1616
227,1317
531,3112
519,2650
502,3010
509,2522
523,2515
516,3196
506,2451
502,10953
500,5152
489,4184
484,2870
478,2989
470,2646
467,3210
467,2547
466,2560
461,2938
482,2542
459,10368
452,5411
440,3960
428,2252
420,2711
463,2311
453,2278
440,2331
426,8671
477,5337
465,3520
453,2071
442,8110
435,3912
425,2475
423,1964
419,2323
466,1948
458,1866
448,2222
444,7516
492,4519
483,2920
478,2034
473,1842
470,1663
470,2555
468,2681
466,3001
461,1412
448,1404
439,1369
446,1362
438,1426
433,1545
428,1667
424,1881
419,2043
412,2018
409,1965
404,1949
396,1881
395,1872
395,1879
385,1866
369,1848
354,1796
340,1792
330,1685
328,1664
322,1611
337,1626
330,1832
318,1767
308,1738
301,1703
289,1668
283,1656
278,1890
271,1814
266,1759
263,1761
261,1720
259,1659
253,1646
248,1610
246,1593
241,1563
238,1524
231,1440
228,1701
228,1750
228,1703
228,1714
533,2610
525,2569
505,2599
514,2435
528,2543
519,2414
506,2680
505,2528
501,2644
492,2675
485,2600
478,2531
471,2518
467,2716
467,2705
456,2706
440,2654
464,2600
451,2563
437,2519
433,2479
426,2435
417,2423
459,2377
448,2336
438,2535
483,2498
475,2419
463,2393
449,2340
441,2334
435,2267
424,2231
423,2203
469,2209
464,2166
454,2139
445,2099
439,2076
487,2125
483,6860
475,5333
471,3191
470,1727
470,7777
468,3912
463,2360
454,1828
440,7247
454,4114
442,2420
436,1783
428,6407
425,4634
423,2612
417,1763
411,1518
406,1666
397,6863
394,3754
385,2140
371,1626
361,5432
343,3487
335,1726
333,1460
328,1476
320,1451
336,4760
332,4671
324,1915
315,1598
305,1562
299,1570
286,1491
281,1484
276,1648
271,4042
265,3960
263,2670
261,3859
259,2398
253,1574
247,1537
246,3737
240,3304
238,2281
231,1677
228,1646
228,1627
228,1631
228,1640
533,2592
525,2644
505,2579
540,2494
528,2504
519,10129
511,4813
505,3106
502,2500
492,2568
485,2566
479,2469
467,2445
452,2640
438,2547
432,2548
417,2744
442,9405
438,5921
435,3684
424,5463
413,5056
464,3188
460,8696
453,4243
440,2561
488,8248
478,3648
465,2480
456,7870
442,3881
437,2249
425,4944
423,2991
470,2576
468,2552
458,6422
448,3881
497,2341
492,1796
484,6233
480,3615
473,5414
470,2144
470,1647
468,1639
466,1648
461,1637
450,1621
458,1866
446,2010
438,5636
433,5689
428,2941
424,1783
420,4149
413,4088
406,3520
393,2069
373,1735
365,1688
353,1681
344,5447
342,5447
336,2770
328,2677
322,3453
320,2576
337,5030
335,2932
331,1662
322,4886
315,2912
302,1882
295,4683
284,2900
277,1910
274,1874
269,1795
265,4149
261,4153
261,2058
255,1677
250,1613
246,3848
243,3818
240,2523
232,2328
230,2308
228,2310
228,2299
228,2299
537,2599
531,2608
534,2431
544,2592
535,2522
522,2520
515,2490
506,2640
502,2628
496,10109
487,5858
482,3638
466,2627
446,6955
436,4154
430,3059
417,2607
443,2551
440,2521
435,2476
424,2446
415,2452
464,2429
460,2391
453,2366
447,2331
488,2512
478,2761
465,2377
453,2328
442,2255
435,2241
424,2177
423,2162
470,2156
466,2148
454,2167
445,2101
495,2099
489,2075
483,2065
477,2051
471,2052
470,2019
470,2017
468,2023
463,6028
454,5927
441,2951
452,1873
441,1582
436,1578
428,1528
424,1658
422,1859
414,5861
412,4269
406,2388
397,1642
395,1642
387,1620
376,1600
365,1581
353,1723
336,4917
331,4830
329,2487
323,1662
336,1631
331,1580
321,1579
308,1523
302,1721
289,1681
284,1955
278,1905
272,1883
266,1828
263,1805
261,1759
259,1739
255,1751
248,1728
246,1723
241,1716
238,1714
231,1665
229,1647
228,1636
228,1631
228,1643
226,1613
525,2706
507,2584
515,2625
528,3387
519,2709
511,2779
505,2550
502,9636
495,5783
485,3712
479,2544
471,2443
467,2572
467,2307
467,10113
464,6197
484,3615
460,2590
453,2166
441,9374
430,4616
420,3096
464,6193
454,3148
440,2398
484,2405
477,2326
465,2283
453,2266
441,2175
435,2129
424,2106
423,7604
470,6092
466,3137
454,1920
447,1751
442,1682
489,1701
483,1687
475,6933
472,4520
470,2742
470,1784
468,4611
464,3463
456,2376
442,1965
436,1976
442,6354
436,4242
431,2501
426,3100
424,2114
417,2112
411,2129
407,2052
398,2129
395,1943
395,1940
394,5607
392,4990
381,2223
368,1582
358,5098
342,3284
336,1664
323,1447
335,1435
326,1429
319,1638
307,1521
299,4485
286,4427
281,2222
276,4123
271,2027
265,1591
262,1604
261,1828
257,1593
252,1573
247,3908
243,3447
240,1811
238,1516
230,3855
228,3556
228,1760
228,1201
227,1200
226,1211
519,2883
502,2531
535,2353
523,2550
516,2459
506,2448
502,2504
498,2476
487,2634
481,2813
476,2548
468,2386
467,2576
467,2553
465,2772
460,2796
491,2774
482,2750
472,2735
458,2684
440,2595
486,2588
461,2420
448,2318
436,2307
482,2245
465,7055
456,6293
445,3191
437,1995
425,6551
423,3793
419,2421
468,2169
458,2119
450,6359
444,4439
492,2657
484,1774
478,1811
471,1808
470,1732
470,1796
468,6078
466,4902
460,2622
448,1930
437,5684
444,3614
437,2060
433,1582
426,1559
424,1560
419,1644
411,1881
408,1856
404,5646
395,5420
395,2613
395,1645
393,1482
381,1436
374,1423
371,5278
363,5220
351,2343
341,5156
349,2557
341,5040
321,2542
308,4841
302,2130
291,4589
283,2881
277,1800
271,1475
265,1456
263,1456
261,1653
259,1886
253,1842
247,4010
246,4067
241,2690
238,1619
231,1587
228,1589
228,3421
228,3422
228,3417
226,2560
224,1511
504,2719
514,2559
528,3034
519,2616
506,2650
503,10183
501,5065
491,3400
485,10670
477,4615
470,3014
467,10407
467,4456
465,2997
461,10397
450,4323
482,5509
476,3063
473,10314
464,4608
445,2934
479,2295
466,2339
447,9215
427,4928
473,3156
459,7300
451,3456
441,5695
431,2871
424,7979
420,4037
417,2340
458,7668
450,3808
444,2220
439,1750
484,1841
478,7377
471,4389
470,2730
470,6454
468,3050
466,1987
460,1967
448,1955
437,1884
425,6813
437,5620
433,2718
426,3283
424,2258
419,1968
411,1919
406,1911
403,6302
395,5196
395,2931
395,1862
393,1778
381,7011
374,3408
370,2016
362,1524
358,1747
353,1594
343,6529
348,5477
329,2642
313,6300
299,2662
286,5771
281,2598
273,1722
266,1535
263,1459
261,4472
260,4592
255,1705
249,4589
246,2069
241,1394
238,1394
231,4243
228,4515
228,1935
228,1361
227,1387
226,1380
223,1546
215,1478
210,1469
480,2682
490,2432
506,2497
502,6120
497,3290
487,10801
481,4735
475,3139
467,10672
467,4289
467,2757
465,2321
453,11303
442,4822
439,3606
433,2312
470,2543
463,2455
446,2381
432,2385
409,2142
436,2263
424,2584
402,2751
400,2697
444,2642
437,2607
424,2518
421,2445
418,2461
410,2423
402,8006
395,4477
439,2659
434,4662
426,4283
422,2293
468,5859
468,3628
466,3801
466,2254
461,6520
448,3275
437,1979
423,6165
416,3198
411,3173
407,2105
424,2118
417,2111
411,5901
405,3969
397,2090
394,1532
394,5764
393,3707
390,1968
380,1485
372,1433
364,5333
362,5282
357,2277
350,1555
337,1548
317,5011
300,4172
288,1873
291,4113
285,3925
278,2134
272,1686
265,4182
262,3820
261,2241
256,4319
250,2514
246,1585
243,3892
240,2580
232,2491
229,1938
228,1851
228,1852
228,1972
226,1847
224,1829
215,1789
214,1766
207,1652
203,1636
196,2975
194,2911
458,2671
460,2119
481,2082
475,2536
466,2187
466,2102
465,9739
461,4420
449,3195
440,2156
435,2442
432,2468
426,2260
417,2219
400,2163
415,2284
390,2347
380,2492
360,2566
352,2566
341,7334
376,5879
362,3176
360,2303
419,2334
415,1993
407,1964
398,6560
394,4288
386,2593
381,1655
376,6308
420,3458
419,2006
419,6185
417,3977
415,3950
460,2189
449,6141
435,3008
426,1714
418,5594
413,2828
407,3725
404,2280
401,1941
396,5437
411,3753
405,2090
397,1402
394,1406
394,5267
394,4228
392,3252
380,1809
374,1509
371,1485
363,1477
361,4896
349,4773
335,2158
323,1410
310,1389
296,1330
285,1409
275,1550
269,1614
279,2044
276,2016
269,1950
265,1936
262,1925
261,1913
255,1802
250,1783
247,1768
243,1765
240,1744
238,1734
230,1670
228,1973
228,1678
228,3236
227,3251
226,2218
223,1662
215,1581
213,1602
207,1563
204,3061
196,2997
194,2996
460,2447
491,2343
485,2428
477,2310
469,2163
466,2273
466,2251
465,2490
461,2337
450,2312
441,9539
434,5679
417,3543
403,2336
395,2086
408,8722
401,4883
390,3036
373,8676
367,7898
399,3332
390,2291
378,8005
372,3631
424,1985
423,1780
419,7369
415,7320
404,3469
397,2308
392,5478
386,3341
431,2443
424,2458
420,2455
419,2423
468,2471
466,2485
464,2454
458,2468
448,2418
437,2391
425,2365
417,2345
412,2289
407,2266
403,7562
420,4734
413,2546
408,3955
403,2167
395,1958
394,1799
394,5983
392,4610
389,2451
370,1709
353,5447
342,3152
331,1837
325,1554
319,5146
313,5062
304,2142
295,3352
285,3185
298,1908
285,2119
280,1852
276,1838
270,1779
265,1753
262,1714
261,1682
257,1614
252,1876
247,1854
243,1826
240,1837
238,1861
231,3805
228,3937
228,1894
228,2493
228,2526
226,2506
224,2517
215,2426
214,1848
208,1786
204,1741
200,1719
479,2261
502,2378
492,2491
485,2285
478,7119
470,4090
466,6764
466,3526
464,2624
450,9812
425,4588
414,3053
401,2082
394,2065
391,2044
421,2031
407,2170
401,2285
389,2488
374,7848
415,4908
401,2976
393,5196
389,3089
437,5083
425,3009
423,4841
420,2836
417,2091
407,2053
400,2055
394,2030
439,1999
434,1995
431,2005
422,1954
468,1958
468,1936
468,1930
467,1927
463,6331
454,4138
439,2454
433,1607
421,1590
415,1579
409,1530
426,1655
424,1665
417,1795
411,1820
406,5023
403,4451
391,2172
384,3677
372,2693
363,3589
347,2832
337,2431
333,6020
330,3380
323,1628
316,4824
313,3317
310,3184
302,2189
315,2040
302,2000
298,1878
285,1869
280,1724
276,1664
270,1866
265,1671
262,1592
261,1604
259,3977
253,3877
247,2470
246,1520
241,1487
238,3530
231,3366
229,1732
228,1361
228,1363
228,1378
226,1361
226,3292
222,3332
214,1618
210,3077
496,2778
516,2294
506,2427
502,2222
500,2217
491,2522
485,2468
473,2246
456,2551
438,2369
432,2583
421,2668
408,2624
400,2582
438,2819
432,2778
425,2773
414,2760
411,2681
407,9620
457,5059
448,3493
436,2097
426,9088
475,4068
463,2412
452,1812
440,2055
435,2060
425,8449
423,5226
469,3445
468,4995
458,4865
450,2629
444,2157
492,2199
487,2161
483,2171
477,1862
472,2128
470,2291
470,7913
468,4540
466,3152
461,1790
453,5294
460,3182
447,2229
441,2211
436,2054
428,2165
426,6491
424,4086
414,2354
396,1524
385,1541
373,1690
353,1739
346,6687
345,6296
342,2836
334,1865
322,1493
321,1523
318,1393
339,1559
337,1662
335,6059
331,5865
322,2362
315,1555
302,5403
295,3713
283,1808
278,1518
274,1517
270,4712
265,4687
262,2082
261,1397
256,1364
252,1374
247,1323
243,1494
240,1486
238,1703
230,1649
228,1653
228,1666
228,1646
227,3679
576,3046
566,2660
545,2653
538,2692
526,2545
519,2502
506,10762
503,4936
502,3737
491,2420
476,2814
454,2696
438,2627
428,2713
456,2593
449,2467
446,2508
439,2629
427,10127
419,5120
473,3665
467,2275
464,2418
530,2381
517,2319
503,2423
483,8404
473,5367
460,3495
448,1994
440,2007
486,2169
475,2102
472,2249
469,2076
462,1935
508,2021
499,2003
492,1789
489,1646
485,1789
477,5318
470,5291
470,3281
470,5253
467,3011
485,1774
476,6777
460,3488
454,2024
441,1817
436,6422
428,3926
425,2290
424,1727
417,1654
412,1654
406,6410
391,4583
380,2171
371,1543
364,1586
349,1442
338,1429
335,1533
355,1616
347,4845
341,4670
336,1943
332,1352
324,1332
317,1334
305,1320
299,4470
288,5341
283,2237
276,1452
271,1449
265,1463
263,4342
261,4136
259,2065
253,1329
247,1332
246,4120
241,3810
238,2053
231,1272
229,1249
228,1249
228,1272
228,1375
578,2987
569,2579
557,2462
542,3169
528,2860
520,2767
513,2882
505,2941
503,2813
496,2771
486,2711
479,2568
476,2659
463,2501
495,2681
481,2645
473,9391
452,5083
438,3547
496,2270
490,2320
483,2346
475,2237
533,2261
521,2195
506,2151
485,2229
477,2237
465,2171
453,2365
441,2565
486,2310
475,2303
474,2521
470,2257
523,2264
510,2257
502,2215
498,2197
491,2191
485,2158
477,2125
471,2109
470,2087
470,2085
470,2130
486,2092
478,7664
463,4434
454,2863
442,1602
436,1451
428,1410
426,1391
424,1493
418,1699
412,1910
406,2173
398,2064
395,2073
387,5394
378,4800
367,3656
353,1807
338,1310
356,4912
352,4735
347,2122
339,1435
332,1423
324,1403
315,1342
305,4332
298,3796
286,1992
280,1370
276,3597
270,3608
265,2730
262,1643
261,1617
255,1571
250,1561
246,1535
243,1537
240,1528
232,1723
230,1708
228,1683
228,1709
228,1681
226,1683
574,2661
559,2585
544,2535
530,2628
521,2501
515,2527
505,2631
503,2449
496,2410
486,2380
479,2555
471,2527
467,2497
467,2721
508,2715
494,2679
469,2648
456,2520
442,2496
492,2728
486,8508
472,5691
468,3789
516,2327
502,2187
482,9713
473,4495
459,2841
448,1908
441,2139
431,2225
475,6913
471,4587
469,2754
458,1871
505,1934
497,1888
492,1948
486,7087
480,4981
473,2894
470,1840
470,1904
468,7272
465,4190
461,2558
469,1735
456,1562
442,1721
437,6677
431,5228
426,2707
424,1792
418,1772
412,6333
406,4046
397,2306
395,1790
395,1816
393,1711
390,1770
374,1762
358,1965
344,1889
340,6311
348,6044
340,2907
333,1524
324,1312
309,1256
302,1383
289,1442
284,1608
278,4282
271,4328
265,2050
263,1651
261,1619
259,1584
253,1549
247,1517
243,1493
240,1745
238,1740
230,1692
228,1644
228,1638
228,1632
227,1673
226,1638
223,1611
214,1570
535,2430
522,2519
515,2295
506,2381
502,7234
496,3988
486,2772
482,2509
476,10242
467,4806
467,3270
467,2313
465,2293
495,2490
483,2336
477,2287
462,2472
446,2420
434,2547
471,2522
451,2428
440,7454
486,6533
476,3232
459,2087
448,1817
441,1750
431,1718
424,1851
420,1980
468,7319
458,5540
450,2912
444,1921
439,1659
484,1686
476,1647
470,1625
470,1605
470,6790
468,5217
465,2760
456,1827
444,1559
434,1518
423,1497
436,6401
428,4877
426,2504
423,1824
417,1640
411,1635
405,1614
397,1556
395,1641
395,1861
394,2102
390,2082
380,2013
372,5468
364,4767
361,2254
348,3533
333,2558
322,2042
328,2036
317,2004
304,1871
296,4010
286,3891
278,2621
272,1602
266,1565
263,1518
261,1508
260,3654
255,3618
249,2395
246,1450
241,1465
238,1432
231,1385
229,1609
228,1578
228,1586
228,1594
226,1592
223,1576
215,1552
214,3186
207,3140
204,2103
506,2239
502,2433
500,2330
489,6360
484,3476
476,2440
469,10253
467,4620
467,3041
465,9714
458,4237
444,5207
439,2872
476,2348
472,2291
463,2248
439,2287
418,8763
458,5326
434,3170
417,2179
404,2029
456,2083
445,2309
435,1999
424,2132
423,2042
419,2292
413,2244
404,2121
445,2437
439,2439
434,2266
431,2333
473,2401
468,2195
468,2433
468,2364
467,7851
463,4058
451,2760
439,1715
426,1806
418,1646
413,1529
428,1395
424,1783
422,1688
414,6843
408,4713
405,2475
396,1676
394,1659
395,1639
393,1555
390,1543
380,1549
372,1575
364,1631
362,1701
357,2012
351,1900
333,1839
316,1832
326,1844
305,1704
296,1686
286,1688
281,1646
276,1934
269,1872
265,4250
261,4039
260,2131
255,2914
250,2866
246,2064
243,1640
240,1652
232,3735
230,3837
228,1945
228,1307
228,3808
227,4023
226,1452
223,1208
214,1192
210,1142
205,1140
203,1257
196,1238
502,2368
500,3149
489,2219
484,2093
477,2102
469,2413
466,8906
467,7549
466,3662
462,2861
450,2043
441,2369
438,2631
473,2388
470,2231
449,2145
423,2177
414,7824
452,6449
425,3079
417,2007
411,1755
457,7782
443,4051
437,2422
425,1612
423,6345
419,3830
417,2206
407,2040
448,1730
444,1692
439,6852
432,4307
478,2452
471,1888
468,1476
470,6490
468,3260
466,2144
461,6496
450,2939
437,1882
425,5678
419,3140
433,2060
428,1506
424,1498
420,2017
413,1476
408,1456
403,2000
396,1543
395,1688
395,2051
393,1683
389,1694
380,1904
372,1629
364,1538
354,1519
340,1773
331,1434
317,1373
324,1657
317,4357
304,4629
297,2410
284,2708
279,1976
276,1600
269,5281
265,3269
261,1728
261,5557
255,3066
250,1677
246,1405
243,1484
240,1457
232,1407
230,1643
228,1510
228,1712
228,1983
227,1737
226,1721
223,2009
215,1706
210,1682
205,1608
203,1690
506,2667
502,2512
499,2364
489,2364
484,2342
476,10504
470,4943
467,3189
467,2602
465,3172
461,2587
450,2528
438,2964
463,2512
448,2401
439,2267
419,2553
406,8916
450,5040
438,3554
417,2017
413,2048
456,2043
448,8141
441,4666
431,3117
424,1837
421,1931
418,2130
409,1907
450,7745
444,5225
439,2998
434,3468
478,2344
473,2040
468,7262
470,4217
469,2648
467,1776
462,1754
451,1764
439,7083
426,4234
420,2263
434,1823
428,1607
424,1606
422,1605
414,1605
411,1561
405,1819
397,1820
395,1622
395,1798
393,1926
390,1794
374,1712
357,1668
344,1651
336,1603
325,1586
319,2217
313,2235
326,5536
315,3237
302,1610
298,1349
285,4405
280,2861
276,1471
270,1220
265,3913
262,3196
261,2123
255,1584
250,1535
246,1686
243,1553
240,1510
238,2168
230,1469
228,1401
228,2013
228,1403
227,1403
226,4238
223,3287
215,1288
210,3271
205,2806
203,1461
506,2949
502,2668
499,2220
489,2641
481,2285
476,2416
468,2729
467,2220
467,2212
462,2948
443,2901
419,2278
455,2286
439,2749
432,2202
425,2198
411,10811
401,5044
441,3796
423,2643
415,6217
465,3187
456,2401
443,2837
437,2269
425,2239
423,2634
419,2166
415,2146
455,2157
447,2650
442,8305
436,3564
431,2814
475,1591
469,1778
468,1615
470,7499
468,4049
463,2194
454,5218
439,3311
433,1681
420,1479
436,1461
428,1561
424,1594
422,1509
414,2161
411,1574
405,7391
395,4373
395,2810
395,1483
385,1310
370,1374
354,1373
340,1191
330,1262
328,1355
322,1475
315,1436
308,1449
318,4760
306,5129
300,2258
289,1321
283,1135
276,4125
271,5342
265,3540
262,1368
261,1059
256,1639
252,1043
247,1021
243,1115
240,1218
232,1342
230,1363
228,1312
228,1308
228,1313
226,1916
226,3663
221,4464
214,2262
208,1186
205,1131
202,1617
195,1086
194,1230
492,2717
485,2247
478,2108
470,2087
466,2714
466,2302
462,2205
447,2751
423,2972
414,2250
400,2279
393,9736
426,5248
414,3713
404,2204
396,8385
386,3758
418,2319
407,5727
395,3100
385,2229
441,1983
431,2432
424,1887
420,1894
417,2364
407,2331
400,7232
394,4314
439,3100
432,1718
426,1555
420,1554
468,2122
468,1551
466,1578
463,6399
459,5775
448,2607
435,1687
421,1920
415,1374
410,1372
405,1353
423,1363
417,1329
411,1427
405,1914
396,1342
394,1457
394,1984
386,5343
374,5635
358,2947
344,1976
331,1208
329,1228
323,1191
317,1349
310,1161
302,1176
289,4582
283,4557
289,1941
284,1263
278,1315
271,1166
265,1273
263,1991
261,1235
259,1251
253,1901
247,1205
243,1199
240,1167
238,1769
230,1146
228,1151
228,3806
228,3586
226,1699
226,1196
221,1170
214,1139
208,1063
205,1069
202,1049
195,1031
194,1858
192,1399
190,1317
187,1833
469,2739
466,2708
466,2151
454,2349
435,2998
419,4771
407,3135
396,2328
393,2821
385,2283
374,2231
366,2716
389,2666
374,2108
368,2130
357,2574
347,2281
379,2035
372,2027
361,2460
367,2229
419,2218
412,2655
402,2146
395,2160
389,2106
384,8998
376,4729
372,3054
419,1729
419,8151
417,3885
415,2197
458,2105
446,8073
433,3625
421,1903
416,2013
410,1613
405,1729
402,2188
397,7823
391,3881
386,2427
396,1983
394,1340
394,1340
389,1341
378,1895
358,1289
347,1302
333,1813
329,1355
324,1477
317,1619
310,1580
302,1555
289,1499
283,2004
272,1443
267,1427
262,1393
257,1871
266,1326
263,1320
261,1280
259,1451
253,1404
247,1363
246,1867
241,1357
238,1345
231,1306
228,1800
228,1280
228,1296
227,1819
226,1292
223,1286
215,1247
210,1220
205,1223
203,1220
196,1687
194,1183
193,1171
191,1158
188,1155
186,1109
182,1062
182,1222
182,1240
453,2742
429,2418
416,2083
406,1959
395,2471
393,2211
385,7822
374,4380
367,2696
358,2030
351,1981
369,1937
360,1899
349,2004
342,2191
337,2167
327,2355
361,2374
357,2675
356,2731
354,2694
400,2744
394,2668
389,2750
384,2649
381,2588
372,2641
369,2521
419,2591
419,2700
416,2611
412,2581
401,2432
437,2498
425,2068
418,2081
415,1995
407,1941
404,1980
402,1965
396,2239
391,1918
385,1916
377,2190
394,1865
394,1865
390,2194
379,1855
358,1783
349,2119
334,1738
329,1633
325,1618
320,1687
313,1569
307,1549
297,1714
285,1660
280,2788
271,2962
264,2698
261,2684
256,2880
265,1921
263,2200
261,1871
258,1966
253,1801
247,1783
243,1889
240,1762
238,1762
231,1709
228,1721
228,1706
228,1691
227,1827
226,1698
223,1685
215,1741
213,1566
207,1482
204,1629
196,1417
194,1429
194,1518
192,1660
190,1419
187,1442
183,1703
182,1634
182,1706
463,2167
449,2358
423,1935
412,2479
403,2044
393,1871
388,1874
377,1981
371,1766
361,2020
351,2686
370,2121
363,1982
351,2339
342,1937
337,2094
329,2355
361,2006
358,1970
356,1988
410,2391
402,1968
395,1954
389,2314
384,1683
381,2183
372,3884
369,3972
419,4050
419,3162
416,2197
412,2197
401,2141
437,2136
424,2027
418,2036
415,2026
407,1984
403,1988
401,1983
394,1955
391,1976
385,1954
396,1952
394,1958
394,2262
392,3608
386,3452
368,3418
351,3546
341,2848
331,2271
325,2714
319,2252
313,2185
306,2292
295,1908
285,1871
279,3401
268,4309
263,2821
261,1698
270,1661
265,1618
262,1541
261,1544
257,1506
252,1461
247,1430
243,1659
240,1599
238,1586
231,1596
228,1566
228,1565
228,1609
228,1570
226,1573
223,1597
215,1518
214,1517
208,1871
204,1776
196,1711
195,1763
194,1706
192,1689
190,1710
187,1700
183,1692
182,1695
182,1697
465,2249
463,2116
444,1977
424,1928
412,2433
406,2053
393,1997
382,2037
372,2042
368,1888
354,2158
373,2265
368,2488
357,2692
347,2666
338,2647
374,2605
362,2565
360,2513
364,2472
417,2485
407,2453
398,2436
394,2406
389,2398
382,2363
376,2343
370,2274
419,2335
419,2336
418,2313
416,2336
460,2377
449,2330
437,2287
426,2218
418,2215
415,2592
407,2157
404,2155
401,2144
396,2129
392,2131
405,2116
396,2052
394,2077
394,2050
393,2065
391,2079
377,1983
362,1944
350,1866
341,1798
328,2096
323,1756
315,1711
311,1707
300,1654
288,1615
283,1597
272,1518
267,1706
278,1719
274,1696
269,1652
265,1627
262,1948
261,1599
256,1574
252,1591
247,1539
243,1543
240,1503
238,1761
231,1472
228,1444
228,1671
228,1743
228,1700
226,1691
225,1738
221,1696
214,1741
208,1605
205,1625
203,1575
196,1538
194,1517
193,1515
191,1514
188,1499
187,1548
469,2248
466,2147
466,2135
464,2399
459,2197
435,2135
415,2096
409,2030
396,2132
388,2243
379,2372
407,2551
399,2509
386,2482
370,2333
363,2287
396,2297
386,2265
378,2202
379,2184
424,2314
423,2103
419,2092
413,2045
404,1977
395,1969
392,1936
386,1948
431,1946
424,2126
420,2119
419,2093
468,2127
466,2127
463,2146
456,2128
448,2071
435,2279
422,1994
416,1957
412,1969
405,1881
405,1899
419,1888
411,1874
408,1831
403,1808
395,1825
394,2414
394,2178
393,2326
385,1167
368,1501
352,1354
342,1532
331,1397
324,1436
319,1753
312,2922
305,3678
295,3527
285,3664
298,3467
285,2740
280,2230
276,2102
271,2075
265,2131
262,2118
261,2015
258,2091
253,1968
247,2002
243,1766
240,2352
238,3119
231,3184
228,2139
228,1621
228,1614
228,1656
226,1676
224,1612
215,3951
214,3346
208,1624
204,1489
200,1296
195,1290
194,1296
193,1276
190,1270
478,2793
475,2482
466,2788
466,2686
467,2303
465,2183
446,2475
425,2281
413,2285
407,2266
433,2621
423,2210
408,2152
403,2689
389,2537
371,2230
413,2239
401,2283
391,2243
442,2258
435,2294
425,2295
423,2187
419,1995
415,2227
407,2061
397,2033
442,1987
436,2073
431,1869
424,1737
420,1976
468,2009
468,1879
466,2025
465,2182
459,2065
448,1931
435,2141
422,1908
416,1811
411,1973
407,2082
424,1867
419,2717
411,2245
406,2235
403,2227
394,2216
394,1345
395,1404
393,1484
381,1365
366,1319
354,1557
343,1449
333,1720
323,1747
314,1569
310,1792
300,1753
286,1887
300,1704
289,1621
283,1554
277,1686
271,1757
265,1482
263,1458
261,1696
259,1513
253,1492
248,1639
246,1391
241,1483
238,1624
231,1511
229,1380
228,1440
228,1686
228,1466
226,1486
224,1751
215,1457
214,1474
208,1455
204,1522
200,1390
195,1524
194,2919
192,2477
190,2494
478,2836
470,2071
466,2050
466,2041
466,2757
464,2246
450,2141
439,9304
425,4216
408,2598
442,9718
427,3730
407,5014
399,2919
390,9814
422,4190
411,2307
396,1640
386,2406
441,1962
435,1979
424,1900
421,1742
418,1790
412,1678
404,2134
395,1715
439,1720
434,2407
431,2069
424,2028
468,2320
468,1980
468,1920
465,2094
463,2292
454,1934
439,7852
431,3653
420,2345
415,1488
407,1525
425,2057
422,1509
414,1398
411,1979
405,1594
396,1271
394,1352
394,5452
393,4835
390,2278
380,1921
372,1508
363,1468
353,2058
339,1639
330,1581
317,1600
305,1843
297,1537
304,1484
299,1817
284,1419
279,1354
276,1346
269,1311
265,4574
261,4534
261,2251
255,1299
250,1331
246,4493
243,4197
240,1770
232,1206
230,1579
228,1227
228,1258
228,1549
226,1160
226,1439
221,3181
214,2964
209,2669
205,1882
203,2215
196,2062
194,2867
193,1932
190,1763
188,1717
475,2699
466,2517
466,2502
466,2204
465,2582
453,2570
443,2317
439,2551
433,2372
431,2297
461,2283
441,8921
418,6965
405,3522
382,2345
417,2108
404,1924
396,2130
390,1915
437,1854
425,1757
423,1802
419,1703
417,1837
407,2889
398,1803
394,1756
436,1929
431,1756
424,1733
420,2142
468,1862
468,1708
466,1865
465,6402
460,4221
448,2675
437,1643
423,1435
416,1428
412,1476
409,1382
424,1482
419,1460
412,1651
408,1723
403,1697
395,1845
394,1623
395,1599
393,1598
388,1594
379,1558
372,1540
364,1636
362,1493
357,5316
352,4399
341,2064
325,1217
308,1187
313,1360
300,1180
287,3797
282,4028
278,1905
271,1283
265,1515
262,1446
261,2360
256,3916
252,3655
247,1896
243,1402
240,1342
238,1145
231,1260
228,1297
228,1473
228,3134
228,2905
226,2612
224,2518
215,4348
214,1755
208,1391
204,1543
200,1367
195,1327
194,1420
193,1295
190,1276
481,2315
475,2181
466,2134
467,2267
467,2375
465,2199
458,8752
443,6773
440,3721
476,2457
473,2238
465,2430
455,2184
441,2104
419,2053
453,8035
432,6309
411,3276
405,4144
451,2806
444,2183
433,2087
424,2009
421,1992
418,2123
412,2332
404,2319
445,2310
442,2337
436,6206
431,5179
475,4502
470,2384
468,1846
470,1853
468,1855
465,1837
459,1843
448,1827
437,1920
425,2124
419,2061
433,2056
428,2038
424,2004
421,2015
414,1995
411,1981
405,1960
397,1922
395,1881
395,1867
394,1877
391,1886
380,4948
374,5058
370,2536
362,1576
359,1592
346,1521
330,1503
344,4550
327,4560
310,2344
303,1874
291,1830
286,1839
278,4049
272,4030
266,2702
263,1739
261,1715
260,2138
255,2246
250,2272
246,2093
243,2171
240,2091
232,1718
230,1680
228,1749
228,1714
228,1687
227,1674
226,1752
223,3986
215,3755
211,1978
207,3682
204,2681
196,1603
194,3493
500,2636
491,2537
485,2238
478,2248
470,2250
467,9411
467,4687
465,3102
461,2409
493,8925
482,5007
478,3216
462,2221
442,2236
430,2217
470,2183
451,2108
439,2249
485,2380
476,2311
460,2497
448,2477
441,2365
433,2302
424,2189
421,2175
469,2202
462,2115
452,2106
445,2096
439,2040
486,2029
483,2063
473,5953
470,5133
470,2608
470,1940
467,1924
463,1963
453,1886
439,5728
452,4499
441,2442
436,4158
428,2468
425,1803
422,1792
414,1786
411,1797
406,1739
397,1659
395,5012
395,4940
393,2182
390,3748
380,2812
364,1904
349,1825
342,4599
330,4687
340,2042
333,1451
324,1445
316,1417
302,1317
289,4208
284,4105
278,2354
272,1607
266,1523
263,1482
261,1455
260,1422
255,1385
249,1570
246,1569
241,1553
238,1570
231,1504
229,1492
228,1505
228,1491
228,1490
226,1503
224,1488
215,1422
214,1435
208,1425
204,1390
196,1647
194,1654
194,1644
491,2417
484,2245
477,2188
470,2199
467,2150
467,2193
465,2109
461,2111
440,2106
460,2017
451,2143
441,2748
425,3235
415,3251
460,3215
448,3247
433,3130
415,2599
465,2574
456,2554
445,2484
437,2442
425,2445
423,2343
419,6095
417,5064
458,2653
448,4540
444,2870
436,1994
483,1993
476,1978
470,1979
470,1942
470,1963
468,6292
465,4971
456,2584
447,1646
435,1446
423,1417
436,5614
431,4729
426,2317
424,5671
417,2718
411,1680
406,1665
397,1607
395,4562
395,4527
394,2393
389,1476
370,4982
354,3068
346,3218
331,4549
325,2207
321,1535
313,1513
324,1484
317,1462
305,1409
299,1410
288,1547
281,1783
276,3839
271,3783
265,1904
263,1281
261,1282
258,1271
253,1258
247,1667
243,1944
240,1870
238,1863
231,1852
228,2988
228,3101
228,2950
228,2067
226,1579
223,1605
215,1529
214,1502
207,1498
204,1458
196,1378
194,1389
194,1374
192,1620
485,2263
477,2157
470,2358
467,2066
467,2115
459,2174
442,2144
421,2012
412,2158
440,2233
433,2401
428,2563
418,2592
404,2540
449,2519
438,2478
419,2384
418,2323
463,2292
453,2234
441,2227
435,2218
424,2167
423,2152
419,2138
413,2125
454,2150
445,2115
442,2095
436,2042
483,2080
475,2068
470,2006
470,2026
470,2025
468,6603
464,4009
456,2493
447,1629
435,5649
423,3947
437,2199
432,2091
426,2096
424,2141
419,2177
411,2228
408,2110
404,7476
395,3270
389,2476
380,1702
369,1955
354,6980
340,3642
333,2174
330,1414
327,1928
319,1822
313,1288
330,1799
319,1958
309,3269
302,3391
289,3305
284,2449
278,1913
272,1893
266,1822
263,1779
261,1815
260,1680
255,1571
250,1620
246,1584
243,1313
240,1309
232,1302
230,3926
228,3438
228,2364
228,1417
227,1423
226,1440
223,1408
214,1352
210,1356
205,1534
203,1527
196,1495
194,1454
194,1458
487,2494
481,2176
476,2191
457,2101
439,2104
434,2226
424,9464
408,5064
441,3183
435,6284
432,3370
422,2598
411,2583
406,9483
457,4480
445,2826
435,1978
423,2001
466,2064
456,2216
445,2043
437,2056
425,2026
423,2192
420,2282
467,2294
458,2032
450,1968
444,1950
439,2191
484,7157
478,5170
471,2823
470,1788
470,1496
468,1625
466,1575
461,6932
450,4700
437,2657
427,1687
438,1548
433,1527
428,6353
424,4878
419,2518
412,1618
407,1489
394,1457
374,1364
365,2251
354,2544
344,2485
341,2716
335,2370
332,4716
325,2924
319,1654
316,1601
313,4408
330,3051
318,4487
308,2866
302,1807
289,1446
284,1786
276,1457
272,1386
266,1794
263,1303
261,4498
260,5062
255,1796
249,1150
246,1529
241,1140
238,1129
231,3914
229,3763
228,1869
228,1595
228,1234
226,1247
224,1553
220,1220
214,1197
208,1151
204,1235
200,1147
195,1443
194,1102
192,1080
485,2271
472,2202
455,2217
438,2533
432,2083
418,2535
408,8484
400,4551
436,3049
427,2109
416,2049
411,2021
409,2006
458,2038
448,2005
437,2361
419,1887
473,1814
460,2207
449,6825
440,4977
433,3032
424,1761
421,1564
418,2129
461,1626
452,1599
445,2013
439,1567
486,1495
483,1963
473,1610
468,2073
470,2406
469,2374
467,2360
462,2393
451,2363
437,2284
426,2271
438,2253
433,2252
428,2186
424,2182
419,2132
412,2129
408,2146
402,2104
384,2688
372,2438
365,1572
354,1318
338,1140
335,1154
332,1096
329,1079
321,1094
315,1282
312,1164
327,1211
318,1935
305,1441
299,1310
288,1510
281,1581
276,1660
271,1947
265,1473
262,1525
261,1495
256,1466
252,856
247,1283
243,794
240,798
232,1193
230,886
228,900
228,1426
228,892
226,776
226,1528
221,1241
214,1170
208,1688
205,1235
203,1122
195,1200
194,870
193,970
190,1298
187,842
470,2887
466,2581
460,2617
450,2316
431,2459
419,2445
403,2379
397,2463
433,2696
424,2144
411,3136
404,2686
396,2004
435,2230
418,2150
406,2329
400,1961
448,1816
441,1830
431,1871
424,1994
420,2040
417,1820
407,1763
400,2242
444,2718
439,3053
432,1823
426,1953
470,1734
468,1639
468,1814
468,2193
465,2782
456,2499
444,1891
434,1805
421,1766
415,1738
409,2142
426,1752
423,1500
417,1640
411,1322
405,1241
396,4890
394,4903
394,2581
393,1630
381,1555
360,1541
350,1510
337,1607
328,1800
324,1976
316,1955
311,4010
298,3962
288,2744
301,1703
289,3683
283,3641
276,1878
271,1491
265,1449
263,1425
261,1417
257,1656
252,1631
247,3137
243,3138
240,3084
232,2078
230,1631
228,1577
228,1569
228,1589
226,1567
225,1583
221,1579
214,1568
208,1514
204,1508
196,1460
194,1720
194,1765
192,2675
190,2716
187,2716
182,2635
182,3081
182,1857
464,2569
458,2163
443,2056
438,2070
422,2048
406,2199
396,2668
377,3595
401,2712
390,2250
373,2578
366,2057
351,1954
385,1810
378,2451
368,3044
368,1964
420,1816
417,8070
407,6541
398,3308
394,2008
386,2065
381,2262
374,7927
420,3970
419,3045
419,1796
417,1948
461,2002
452,2345
437,7901
426,3980
419,3434
413,1644
407,5634
403,3590
400,2482
392,2275
389,2309
403,2738
394,2171
394,2215
394,7405
392,3332
380,1880
373,1503
370,2189
362,6749
358,4296
351,2761
335,4713
317,2665
305,4988
289,3522
274,2078
269,5824
264,3913
257,2416
266,1862
263,1849
261,2009
259,1726
253,1722
247,1700
243,1910
240,1685
236,1725
230,1628
228,4627
228,4546
228,2719
226,3596
225,2514
221,2043
214,1983
208,1796
204,1256
196,1208
194,1194
194,4012
192,3827
190,2716
187,4261
183,2546
182,1606
182,4154
182,3781
180,1979
174,3922
173,2566
170,1457
430,2415
426,2279
415,2100
406,2039
395,2132
377,2010
356,1860
366,2204
354,2277
343,2124
335,2547
323,2284
322,2211
357,2427
355,8214
345,5898
400,3840
394,2053
389,1997
382,1997
376,8151
370,4463
369,2698
369,2120
417,1963
415,2001
411,7779
400,4243
388,2620
424,2010
415,1831
410,1915
407,2147
403,1769
401,1869
393,2202
388,2034
383,2033
375,2107
403,6877
403,5014
401,2858
398,1698
388,6488
380,3412
372,2286
370,1739
365,2076
360,1776
352,1749
344,1636
336,1897
317,1804
308,2047
289,1941
282,1880
275,5435
267,4886
264,2490
274,2007
273,1803
265,1761
258,4973
254,4414
249,1964
246,1721
242,1672
234,1566
232,4533
232,4503
232,2398
231,1878
230,1867
227,2143
219,1813
214,1786
209,2066
207,1731
200,1636
198,2011
198,1646
194,1652
192,1899
189,1599
185,4150
184,4120
184,2726
184,1995
183,1954
179,2229
175,1929
172,1901
432,2155
428,1983
419,2169
409,1975
402,1948
391,2430
371,8967
386,4938
366,3400
348,2437
343,8228
332,4086
364,2438
359,1952
357,1813
349,1639
403,1622
394,1669
389,1992
384,2000
381,1970
372,2119
369,1934
369,2282
419,2132
416,2443
412,2270
403,7022
437,4139
429,2289
418,1667
413,6314
407,3198
404,2067
402,1727
396,1654
391,1562
385,1714
376,1650
403,6377
403,5513
402,2673
399,4499
388,2089
382,5779
378,2959
370,1691
367,1547
362,1373
353,1270
346,5195
339,4365
321,2043
320,5191
301,2175
285,1490
278,1458
269,1542
278,4149
276,4420
273,2003
269,1364
261,1395
255,4073
252,3978
247,2014
242,1558
235,1474
233,1302
232,3841
232,3873
232,1997
230,3961
228,2787
225,1627
218,3483
212,3505
209,2144
206,1643
199,3429
198,3283
197,3186
192,1705
190,1569
188,1444
184,1305
184,1309
184,1387
184,1383
182,3353
176,3089
175,3138
435,2627
432,2342
427,2031
416,2041
408,2374
399,2072
390,2092
403,2386
384,1967
364,1993
348,2234
343,7467
371,6888
364,3633
359,2248
364,1932
411,1932
403,6656
394,4970
389,2633
384,2127
381,1763
374,1736
369,6269
419,4850
419,2518
417,2079
413,5906
454,3659
440,2427
432,1912
421,6071
416,4130
411,2465
405,1657
403,1641
399,1921
391,1571
399,1585
412,1978
403,5251
403,4975
403,4108
401,2026
396,1622
384,1838
381,1501
373,1469
371,1887
365,1586
359,1718
352,1719
344,1751
344,1694
327,1654
312,4458
293,4660
282,3449
293,1776
284,1564
278,1504
274,1711
273,1457
269,4144
261,3828
255,2453
252,3949
247,2195
242,1529
235,1483
233,1835
232,1444
232,3713
232,3689
230,2277
229,1775
225,2092
218,1711
212,1725
209,2189
207,2003
200,1614
198,3431
197,2948
192,3215
190,2521
188,1329
184,1282
184,1278
184,2764
184,2764
183,3157
451,2462
441,2361
436,2270
433,2682
428,2641
419,2732
446,2346
438,2456
428,2952
406,2625
384,2423
366,2370
396,2538
382,2161
375,2258
371,2703
426,2465
420,2382
416,2693
408,2322
397,2319
393,2253
389,2320
382,2235
426,2226
420,2688
419,4787
419,7433
467,4763
465,2821
460,2034
451,2201
439,1937
426,1786
418,1798
415,1786
407,1835
404,7616
416,4972
427,2739
422,3381
415,2423
406,1812
403,1822
403,1809
403,1887
402,1821
390,1742
383,2192
379,5967
372,5386
370,2730
372,1784
366,1748
359,1995
352,1749
342,1689
319,1605
348,1871
334,1696
322,1471
342,1793
335,1383
330,1491
326,4838
323,4604
317,2267
311,1529
305,1557
302,1524
297,1511
292,1912
285,2020
283,2006
282,5434
282,4402
282,2230
279,1790
278,1631
272,1677
262,5206
256,5144
249,2692
247,1144
240,1395
237,3433
236,3769
232,2710
230,1472
227,1458
223,5401
222,4395
487,3129
486,3035
482,2916
470,3274
460,2875
456,2648
491,2715
487,2885
477,2595
463,2556
455,2678
444,2466
468,2446
442,2511
424,2421
472,2455
457,2495
450,2252
438,2228
436,2350
430,2295
427,2279
417,2406
458,2242
452,2216
448,2605
443,2180
440,2172
482,2345
477,2164
477,2164
479,6862
477,1912
472,1945
463,7549
450,6279
442,3117
429,2062
456,1709
451,1693
447,1669
444,1849
436,1938
428,6269
424,4833
418,2666
410,1897
410,4383
410,3285
408,2259
403,1926
392,1934
396,1899
389,1881
386,1863
378,1855
373,5534
425,5565
410,2907
390,1755
368,1466
384,1466
360,1400
353,1482
345,1645
339,1780
332,4496
331,4476
327,2307
324,1872
313,1888
308,1816
306,1817
299,1748
294,1730
287,1687
285,1665
284,1649
284,1654
284,1647
282,1933
280,1919
276,1899
264,1901
258,1844
252,1858
249,1841
243,1797
239,3452
238,3527
234,3449
231,1924
499,3012
491,2812
488,2894
488,2975
487,2921
483,2795
514,11265
503,6164
498,4051
492,2853
486,2777
537,10716
509,5301
486,3692
475,2554
506,2545
493,2792
481,2661
469,2411
454,2232
447,2354
438,2430
435,7812
482,6507
479,3438
469,4292
457,2562
505,2286
501,2282
493,2264
489,2250
482,2233
479,2184
479,7233
478,6487
476,3230
471,2175
477,7163
484,3840
470,2381
463,5099
456,3021
448,2236
445,6587
443,4552
434,4380
429,4394
422,3230
413,2676
410,2919
410,2854
410,2682
417,7851
405,3397
399,2620
395,2057
384,2136
437,1913
417,1884
408,2111
388,1893
408,1726
397,1982
380,6916
369,3646
355,2155
350,1649
343,6449
337,3512
332,4464
329,2949
326,1942
320,4390
312,2668
307,1952
301,2037
298,1913
294,1871
287,1975
284,1805
284,1618
284,2073
284,3504
281,3496
278,3548
273,1950
262,1553
255,1526
251,1492
249,1500
241,3542
239,3351
519,3086
506,2753
503,2847
497,2876
489,7578
488,4145
531,3053
529,3443
523,3034
506,2970
487,2706
532,3003
527,2615
503,2537
495,2838
547,2397
533,2373
517,2719
495,2269
482,2235
469,2564
460,2149
453,2129
495,2494
488,2095
485,2300
481,2652
529,2275
519,2244
507,2472
504,1976
497,1952
494,2430
486,7991
479,4764
479,3494
479,2039
494,1936
516,2585
508,2031
494,8510
485,4701
471,2721
463,1818
458,1794
455,1828
452,7855
442,4128
436,3035
430,1801
426,1647
426,1981
426,1745
426,2317
423,3635
402,6029
385,4390
439,2556
428,1653
414,1617
412,1965
436,1600
428,1722
411,1895
398,1806
388,1959
374,2073
366,1900
358,1847
350,1809
345,1740
343,1736
339,4912
336,4819
327,2417
320,2457
316,1975
311,1949
306,1946
299,1867
297,1857
296,1871
296,2098
296,2180
293,1877
290,2021
281,4249
274,4228
267,2166
262,1388
259,3746
253,4061
533,3292
522,2928
512,2927
505,3252
498,3245
537,3240
537,3317
535,3104
519,3087
493,3033
480,2948
530,2944
515,2846
506,2590
567,2715
554,3153
536,3301
522,3128
500,2920
487,3068
474,9695
464,4607
505,4633
494,4554
491,3733
487,3143
484,3126
530,3087
517,3020
510,3008
509,2915
499,2960
492,2869
486,2855
484,2844
484,2866
482,2861
496,7552
514,4550
505,2734
491,1992
476,6910
468,3609
463,2223
459,5079
457,3210
447,4952
441,2904
435,2156
425,2110
422,6254
431,3875
427,2342
416,1805
393,2018
383,1800
369,1939
422,1923
418,1844
407,2059
438,2062
430,2068
415,6431
402,5162
392,2693
378,1987
371,1935
362,5890
355,4217
349,1926
347,5561
343,3529
341,2003
331,1635
326,1633
322,4659
317,4835
312,2647
304,1759
302,1676
300,1642
300,1743
300,1725
299,1683
297,1647
292,1626
281,1556
277,1624
270,1734
266,1690
259,1697
256,1570
535,3628
525,3009
516,3205
509,3212
501,2875
528,2886
512,12446
506,5576
491,4197
472,2758
522,2783
519,2932
513,3415
500,2850
564,2972
555,2860
542,10862
527,5424
506,3688
494,2507
482,2745
470,9955
512,4898
506,3220
496,2186
493,2327
547,2267
537,2127
523,8148
515,5207
512,3235
505,2172
497,2184
492,2141
487,2061
487,2024
486,2178
527,2305
522,2589
509,2577
497,2543
483,2485
474,2443
468,2453
462,7199
460,4672
452,2743
444,1931
438,1964
433,1930
415,1891
409,1898
401,1937
392,2198
375,2376
372,2357
428,2341
422,2265
411,2245
402,2201
435,5501
425,5201
412,2341
396,1697
387,1667
372,4933
366,4814
359,2379
353,1522
349,1485
345,5025
343,4849
333,2427
327,1411
324,1402
317,4109
312,4128
305,2154
303,3941
302,2478
302,1710
302,1731
299,4366
296,3922
286,2031
280,1597
273,1572
268,1544
261,1501
259,5165
256,5342
254,2449
518,3153
511,2636
499,2645
483,3605
470,3109
506,3158
485,3178
471,2975
464,2992
461,12717
510,5459
494,3582
490,2946
490,2732
541,3174
527,2855
505,2710
492,2737
479,2607
469,10093
458,4679
447,3540
495,5524
492,6412
488,3528
478,2542
523,2524
514,2335
510,2289
504,2433
498,2311
491,2396
488,2294
488,2330
486,2631
483,2672
494,2534
510,2548
497,2463
481,2485
474,2439
468,2489
463,8155
460,4615
453,3328
445,1889
439,2111
422,1965
408,7694
399,4401
392,2803
387,1770
375,2081
373,2034
370,6074
358,6650
406,5916
403,3688
398,2135
395,1394
415,1457
399,1600
390,1592
375,1287
367,1352
359,1903
355,1563
350,2032
347,2185
344,1781
335,1623
328,1968
324,1611
319,1618
316,1611
306,4696
304,4715
302,1892
302,3115
302,2335
300,1887
298,2394
293,1885
282,1808
275,2227
269,1822
267,1762
261,1989
257,1700
255,1835
249,1609
247,1689
500,2875
479,2591
468,3214
462,2971
445,2687
469,2952
465,11023
462,5267
451,3558
440,2830
491,2679
486,2573
476,10079
471,5771
508,3470
498,6193
484,3506
472,2737
461,2556
454,2517
446,2774
443,2453
490,9616
480,4936
468,3375
461,5076
510,2999
502,2686
496,2378
493,2360
488,2653
488,8973
486,4490
484,3521
478,2281
467,2273
471,2179
481,2099
474,2109
468,2005
463,1949
460,2298
450,1945
444,2116
438,2338
425,7952
413,4818
399,3138
391,2124
377,1846
376,1855
371,1815
369,2234
358,1705
349,1978
346,2461
396,2102
386,7053
369,4844
367,2981
379,1594
371,1706
362,6138
356,3886
350,4150
349,1723
345,1690
340,4331
331,3113
325,2011
319,1883
316,1480
312,1471
304,1804
302,1474
302,1482
302,1493
300,1864
298,1431
292,1406
282,1286
273,1541
269,1203
266,1321
259,1611
257,1207
254,1202
249,1181
246,1263
242,787
241,772
236,768
468,2512
458,2542
438,2928
424,2231
463,2506
458,6531
444,3725
433,2477
429,2563
420,2559
460,2664
440,2229
424,2169
479,2145
467,2550
458,2089
447,2054
444,2030
440,2376
437,1946
427,1946
464,1946
459,7686
454,6379
449,3544
442,2101
487,2501
486,2165
486,2101
486,2016
481,2514
472,2075
457,1901
450,2595
437,2243
431,1857
464,1835
460,6859
457,4774
447,2749
440,1736
434,1886
426,1656
418,1614
407,3911
397,2106
384,1495
368,1421
362,1398
358,6027
363,5972
351,2650
345,2262
340,1555
331,1510
317,1461
358,1512
344,1341
336,1335
360,1882
356,1285
350,1271
347,1898
344,1342
338,1338
330,1312
325,1334
319,1304
316,1282
312,1824
304,1369
302,1339
302,1850
302,1336
301,1338
298,1335
294,1354
282,1302
276,1293
269,1972
267,1394
261,1368
257,1626
255,968
249,918
247,998
245,1338
241,2625
241,3155
239,2630
233,2685
225,2615
443,3233
426,2449
420,2237
416,2992
444,2583
431,2383
424,3312
413,2803
395,2571
434,3120
423,2943
409,2404
400,2557
456,2915
446,2517
443,2536
439,2351
431,2755
422,2329
412,2243
407,2568
452,1908
449,1924
440,1873
437,2342
486,1885
485,1901
483,2362
478,1865
469,1839
455,1788
444,2270
434,1706
428,1676
423,1689
419,2172
453,1757
445,1725
440,2204
434,1672
425,1636
425,1604
425,1766
423,1757
403,1650
387,2132
378,1582
368,1542
356,1655
348,1595
349,1574
344,1550
331,2033
317,1443
312,1425
344,1398
336,1374
328,1375
330,1344
350,1899
347,4195
344,4194
338,2070
330,1839
325,1309
319,1299
316,1299
312,1282
304,1276
302,1428
302,1890
302,1422
301,1401
298,1390
294,1957
283,1318
276,1243
270,1222
267,1235
261,1192
257,1185
256,1325
251,1314
247,1307
245,1827
241,1260
241,1265
241,1467
241,1454
239,1450
231,1371
228,1869
449,2386
436,2337
429,2304
409,2418
429,2754
421,2363
404,9616
396,5819
380,3746
416,2186
404,2252
395,2747
391,2929
444,8578
440,4493
437,3404
427,1967
416,2140
411,2200
407,2731
400,2125
444,1870
438,1850
437,2480
437,1972
484,1997
482,2490
476,2498
467,1987
455,1941
440,2306
433,1890
428,1833
422,1852
419,2284
426,1842
444,1831
440,1840
434,1987
425,1739
425,6718
425,5656
423,2902
413,1877
407,6809
402,3308
394,1990
385,4991
368,3829
355,2244
355,1902
336,1858
324,1776
318,1720
306,1656
344,2219
331,1600
325,1576
325,2086
349,1570
345,1546
343,1542
333,1507
327,1466
324,1458
317,1972
312,1402
305,1418
303,1895
302,1388
302,1385
302,1395
300,1576
298,1555
292,1533
282,2013
275,1444
269,1411
267,1930
261,1387
257,1359
255,1354
249,2285
247,1499
245,1468
241,2185
241,1335
241,1342
241,1446
240,1350
235,1323
229,1260
466,3302
463,3165
455,2853
474,2326
450,2555
439,2816
421,3145
397,3127
388,10088
420,5403
409,3983
400,2070
400,2216
446,9951
443,4590
439,2789
432,2463
424,2333
412,8563
409,4107
454,2659
449,1832
442,6455
438,4749
437,2668
486,2165
484,2615
481,2137
477,2147
467,2643
454,2096
440,2066
433,2533
428,2534
423,2017
434,2021
453,2515
445,7925
440,4364
434,3197
426,1724
425,7568
425,3410
424,2120
421,1606
411,2318
403,7490
396,3915
389,2690
384,1651
366,1812
357,2361
342,1700
333,1636
321,2068
361,1545
342,1455
336,1441
360,1638
356,1314
350,1374
349,1305
345,1391
340,1344
331,1392
325,1236
322,1222
317,1211
312,1215
305,1177
303,1185
302,1287
302,1282
302,1290
299,1290
297,1278
292,1285
281,1237
273,1210
269,1823
267,1213
259,1142
257,1143
255,1262
249,1250
247,1221
245,1244
241,1196
241,1195
241,1184
241,1176
239,1173
483,3238
472,2581
454,3051
481,3487
469,3018
452,3265
431,2782
423,2921
414,11060
445,5611
432,3280
418,2190
470,2962
463,2848
456,2287
446,2938
443,2847
439,2366
433,3181
424,9194
462,4932
459,3867
454,2055
449,2468
442,2089
488,2540
486,2067
486,2104
486,9226
483,4470
477,3663
467,2430
455,1969
442,8051
434,4466
469,2427
464,1689
460,7936
456,3311
446,2077
440,1664
436,1928
427,1927
426,1897
426,2388
424,1869
421,1849
407,2276
391,1729
386,1766
377,2337
365,1808
356,1736
348,2372
393,1730
381,1773
366,2295
359,1718
377,1575
370,2258
362,1441
356,1496
351,2022
349,1361
345,1388
342,1957
333,1338
327,1371
324,1542
319,1442
314,1467
306,1419
303,1371
302,1408
302,1372
302,2226
301,1462
298,1491
294,2173
283,1433
276,1418
272,1990
268,1265
261,1519
258,1952
256,1444
254,1387
249,1355
246,1820
242,1436
241,1425
241,1940
498,2876
485,2710
458,2598
487,2466
471,2775
462,2502
456,2402
447,2536
492,3092
480,2490
466,2518
457,2780
504,2273
488,2193
479,2697
467,2367
458,9729
447,5504
444,3524
441,2294
488,2197
478,2824
468,2422
461,2309
510,2707
504,2343
501,2259
493,2085
488,8756
488,4585
488,3687
485,2557
481,2229
472,2096
476,8990
494,4323
480,2480
472,1715
467,2848
463,2227
460,1892
452,2714
444,2117
441,1792
435,2373
425,2276
416,1757
401,2629
391,2095
389,1645
375,2179
371,1727
369,1623
364,2298
408,1718
401,1618
397,2151
393,1557
413,1642
396,2160
387,1430
374,1452
367,1900
360,1337
355,1277
350,1240
347,1318
344,1359
336,1289
330,1372
325,1277
319,1268
316,1464
312,1360
305,1314
302,1907
302,1310
302,1306
302,1965
299,1376
295,1278
284,2078
280,3532
273,4647
268,2648
261,1259
259,1268
256,1903
254,1253
249,1217
246,1763
239,1178
471,3651
465,3179
455,2726
478,2636
469,2452
463,3340
459,2760
450,3122
496,3913
491,2728
486,2747
483,3599
532,2947
510,3876
500,2746
488,2186
476,2136
462,2386
456,2896
446,2227
495,2305
491,2798
486,2221
478,2230
519,2681
514,2164
507,2152
503,2670
496,8888
490,3868
488,3447
488,1912
486,2170
483,2891
494,2206
510,2138
498,2592
482,2095
475,2193
469,1896
464,1960
460,1957
454,1956
444,2284
430,1849
410,1792
394,2280
383,1742
384,1780
381,2206
378,1743
369,1594
356,1532
356,2263
407,1636
404,1516
401,2183
402,1508
424,1484
413,1486
395,1678
381,1455
371,1614
365,1676
359,1528
354,1514
350,2093
346,1500
344,1445
333,1397
328,1298
324,1353
319,1364
316,2079
306,1460
304,1369
302,1915
302,1405
302,1351
301,1417
298,1907
294,1358
283,1362
276,1844
272,1532
268,1433
261,1383
257,1581
256,1524
249,1483
239,1996
233,1522
459,2957
439,3273
478,2863
475,3568
468,3236
454,2663
446,2804
440,3314
496,2784
494,2774
491,3236
557,3306
544,2800
529,2640
508,3161
496,2659
485,2554
470,3059
461,2558
507,2520
497,3033
495,2474
491,2498
484,3185
530,3082
517,2363
512,2882
509,2943
503,2356
495,2278
490,2779
488,2287
488,2279
486,2775
500,9335
518,5256
510,3097
496,2142
481,2121
474,8735
469,4156
462,2408
451,1699
428,2628
412,2086
401,1987
384,2601
374,1904
382,2042
378,2523
365,1949
359,1859
351,7650
351,4980
407,2603
406,2266
404,1719
441,1764
434,2371
424,1681
411,1599
394,1945
380,1459
371,1384
365,1335
359,1420
354,1326
350,1299
346,1338
344,5973
335,5526
328,2196
324,1542
319,1434
316,1439
310,1375
304,5567
302,4537
302,2059
302,1537
301,2106
299,1505
294,1525
283,1957
276,1519
272,1435
268,1436
261,1508
253,2389
246,3145
239,3007
228,2901
450,3077
440,2809
476,2366
473,2852
463,2611
448,2800
442,2555
496,2503
496,2861
496,3140
494,2752
566,2939
557,2512
543,2431
525,2500
506,2483
494,2290
482,2341
470,2268
512,2722
507,3433
497,2893
494,2855
549,3374
541,2860
530,8491
517,4567
513,2691
507,2017
503,2808
495,2151
489,8164
488,5071
488,2892
530,1983
526,2573
518,2050
503,2080
494,2775
480,1955
472,2113
467,2830
462,2026
449,2094
425,2173
412,1942
398,2012
378,2462
383,1808
382,1813
379,1810
369,1614
356,1646
409,2185
407,1507
407,1540
405,2109
443,1623
439,1529
431,2057
417,1484
399,1422
391,1388
378,2061
369,1198
359,6088
356,5127
350,2197
349,1392
345,1257
340,1272
331,1245
325,1262
322,1312
317,1210
312,1216
305,1830
302,1218
302,1060
302,1708
302,1288
299,1279
295,1961
283,1363
280,1355
272,1356
268,1355
261,3527
258,4014
256,1851
247,1284
239,1262
475,2817
454,3091
480,3012
478,3487
474,2527
469,2635
457,2454
504,2698
499,3138
496,2417
500,2421
564,2904
554,2445
540,2392
527,2895
505,2364
489,2277
477,2225
465,9691
509,5023
498,3661
495,5291
491,2812
546,2269
534,2813
523,2156
517,2199
513,2862
504,8451
498,4274
491,3341
488,1944
488,2181
503,8269
527,4531
521,2733
510,1946
497,2562
481,2016
474,1941
468,2490
464,1931
461,7633
453,4540
443,3231
428,1791
410,1799
393,2543
396,1712
387,6842
381,5917
374,2761
369,1809
421,2177
411,1589
405,1581
409,1577
437,1614
427,1556
416,1535
399,2060
390,1451
375,1387
367,1989
359,1564
356,1507
350,5346
347,5204
344,2555
336,1978
330,1248
325,1241
319,1722
316,1208
312,1198
304,4482
302,4033
302,2175
302,2027
301,1481
298,1477
294,1978
282,1410
276,1426
269,1908
267,1334
261,1304
257,1808
255,1262
249,1239
247,1775
245,1226
487,2717
471,2578
508,2652
496,2767
475,3349
467,2692
462,2593
517,3201
504,2624
491,2567
494,3111
547,2516
532,10414
509,5053
500,3909
487,2362
476,2395
463,2387
456,2780
497,2151
495,2149
490,2645
483,2121
530,2147
516,9431
510,4854
506,3594
503,2724
493,2286
488,2186
488,2689
488,2156
485,2193
497,2805
512,8464
500,5006
486,3305
476,1905
470,2045
464,2593
460,1906
454,1923
446,2504
441,1852
435,1799
426,2376
417,1635
415,1735
405,2249
389,1656
375,1642
371,2141
368,1563
421,1591
406,2107
399,1545
430,1545
416,2091
399,1458
391,5674
375,4671
368,3634
360,3946
355,2393
350,1590
347,6282
344,3378
335,1697
328,1290
324,1808
319,1255
314,1218
306,5047
303,4912
302,2246
302,1899
302,3947
299,2781
297,2059
292,3860
280,2621
273,3412
268,1658
261,4528
258,2903
256,1370
254,4437
249,3256
246,1587
242,1289
241,4401
241,3679
494,2853
518,2641
495,2847
484,2837
467,7327
459,4100
451,7323
492,6964
480,4066
466,3083
514,2323
502,2301
488,10008
476,4849
463,2952
456,2667
446,2091
444,2103
490,8654
483,5147
474,2971
462,2004
457,2467
504,2290
501,1948
491,1900
488,1875
488,1866
487,1875
485,7947
479,5369
468,3488
455,2021
484,2356
475,1730
469,1740
463,7285
460,4826
452,2748
444,1907
438,1789
433,1709
426,6981
426,4806
425,2644
423,1800
409,2183
404,1615
388,1578
377,1558
367,1564
354,1483
402,1473
393,1974
382,1536
362,5783
386,5011
372,2271
365,1569
357,1509
351,4643
349,4289
345,2000
343,1941
333,4176
327,2757
324,1531
317,1345
312,1304
305,4546
303,4337
302,1780
302,3543
302,2799
299,1795
296,1778
285,2317
280,1696
273,1644
268,2221
261,1599
259,1587
256,2099
254,1564
249,1533
246,2094
242,1482
241,3704
241,3724
241,2212
240,1386
235,1936
473,2827
497,2427
481,3237
470,3047
452,2637
433,2313
476,3316
463,2716
445,2549
432,2980
482,2525
470,2394
463,2732
453,2381
446,2266
443,2742
439,2304
429,2168
468,9147
461,4720
457,3788
450,2141
496,2669
491,2168
486,2207
488,2720
486,2191
484,2202
479,2738
467,2093
455,2157
442,2662
449,2058
469,2118
464,2558
460,2103
452,1990
444,1950
440,2013
434,1950
425,1956
426,2392
426,1912
424,1836
412,2399
405,1880
401,1865
396,2273
382,1671
368,1678
357,2345
345,1704
386,1769
370,2200
362,1573
350,1468
370,2251
360,1479
356,1414
350,2010
347,1508
344,1382
339,2070
331,1397
325,1343
319,1845
316,1332
312,1292
305,1893
302,1391
302,1392
302,4964
302,4039
299,1981
295,2203
283,1624
280,1628
272,2078
268,1567
261,1563
258,2057
256,1618
254,1541
249,1982
246,1580
242,1559
241,2000
241,1501
241,1506
240,4382
235,3886
230,1944
469,2760
502,2777
481,2589
464,2610
448,3053
426,2434
466,2634
446,3049
436,2442
429,2415
472,2936
463,2475
456,2310
446,2790
444,2361
440,2317
433,2211
424,2325
462,2249
459,9811
452,4911
449,3170
493,2020
487,2602
486,2134
488,8543
486,4204
482,2616
474,1888
460,2268
451,2394
438,2240
446,2659
467,2518
463,2103
460,2117
450,2032
444,1993
438,2083
428,1916
426,1889
426,1920
426,1873
424,1887
412,1865
405,1817
401,1794
403,1731
390,5564
373,4945
360,3954
350,2081
386,3969
372,2832
364,2020
356,1870
371,4869
363,3674
356,1795
351,1480
349,1567
345,1459
343,1455
333,1532
327,1620
324,1673
319,4488
314,4461
306,3164
303,1628
302,1732
302,1579
302,1578
300,1860
298,1546
292,1554
282,3885
276,3709
269,1943
267,1640
261,1519
257,1527
256,3445
251,3436
247,1826
246,1527
242,1449
241,1429
241,1419
241,1462
240,1421
235,1399
514,2873
507,2918
500,2543
479,2956
461,2574
448,10406
479,5165
464,3472
445,2380
441,2592
484,2508
472,2540
463,8823
456,5058
446,3174
443,2315
439,2250
481,8354
474,4387
462,2892
457,2070
452,2036
501,2025
493,2429
487,1929
488,7790
488,5389
486,3240
481,2108
473,2090
459,2257
451,2105
454,2350
472,1848
464,1734
463,1848
459,2171
450,2045
444,2038
438,2191
429,1885
426,1892
426,1971
426,1867
424,1909
412,2545
414,2828
410,2828
397,3039
386,2759
370,2752
358,3051
400,3295
386,3353
372,3677
397,3691
379,3135
371,3033
363,3222
357,2904
351,6231
349,3681
345,2189
343,1698
333,1647
327,2022
324,5774
319,4470
314,2609
306,5368
303,2219
302,3610
302,2980
302,4064
300,2619
298,2666
294,5746
282,3037
276,2301
269,1869
267,1835
261,1801
257,1813
256,1816
252,1835
249,2289
246,4875
242,5073
241,2960
241,1776
241,1777
240,1701
526,3441
515,3140
501,2465
484,3831
472,3105
461,3552
490,2936
476,3081
466,2896
510,3359
498,2975
487,2752
476,3194
463,2606
456,2594
446,3022
444,10119
491,5232
486,3286
474,3003
464,6438
459,3538
507,3137
501,2559
494,9659
490,3710
488,3319
488,2017
486,2247
483,9898
477,4173
467,2744
497,1918
482,2739
475,2175
469,2239
463,2759
460,2253
452,2261
445,2687
441,2393
435,8575
427,4449
426,3038
426,1725
424,8238
428,3380
419,2037
405,1616
388,7948
379,3894
427,5373
412,2898
401,2017
391,1901
417,1861
396,2256
387,1754
374,1661
367,1992
360,1386
355,1361
350,1445
347,1603
344,1583
336,5129
330,4557
325,2357
319,1449
316,1969
312,1437
305,1395
302,1880
302,1383
302,1380
302,1377
299,1902
296,1370
285,1332
280,1333
273,4456
268,4417
265,2165
259,4305
257,2013
254,1387
249,1353
246,1898
244,1330
241,1331
241,1846
241,1328
541,2916
528,2858
506,2573
488,3156
480,2615
532,2533
506,3341
490,2651
486,2439
534,10882
512,5497
500,3398
488,2881
476,2414
464,2091
456,2596
446,8795
495,4644
491,3532
486,2048
474,1951
517,2456
512,1932
507,1843
503,2546
495,1977
489,1709
488,7521
488,4911
486,2828
481,2507
490,1799
502,1875
494,2470
480,1735
472,1742
464,6925
461,4851
459,2660
449,1802
444,1636
438,1582
428,1549
426,1558
426,1526
424,1537
430,1688
417,1606
400,1578
382,1555
377,1535
418,1535
408,1649
400,1597
397,2103
406,1563
394,1516
379,5265
372,5854
363,5481
357,3112
351,1692
349,3349
345,2754
342,1750
331,1626
325,4399
322,4285
316,1846
312,1389
305,1337
302,1356
302,1857
302,1801
301,1695
299,1790
294,1891
283,1841
276,1579
269,3745
267,3674
261,2605
257,1557
255,1546
249,3603
247,3366
245,1817
241,1181
241,3187
241,3177
241,1714
235,1555
512,2548
493,2546
478,2386
471,2781
450,2409
488,2661
477,2402
466,9723
453,4893
498,3445
487,2256
476,2209
463,2299
456,2228
446,2339
444,2466
440,2115
484,2224
474,2233
462,2170
459,8047
507,5018
501,3120
493,2162
489,2016
488,2065
488,1989
486,1971
482,2102
474,1986
460,7491
469,5601
480,3059
472,1928
467,1618
463,1748
460,1583
450,1563
444,1758
439,1829
429,1724
426,1989
426,1845
425,1851
423,6135
421,5904
410,2822
398,1917
379,1837
373,1577
358,5562
403,4348
395,2299
385,1562
372,5249
391,3217
377,1801
368,4817
360,2915
356,1750
350,1423
349,4472
344,4452
339,1841
331,1341
325,1311
319,4128
316,4084
312,2258
305,1556
302,3923
302,4092
302,1759
301,3933
299,2715
295,1662
283,3731
277,2578
272,3686
268,1942
261,1518
257,3378
256,3561
252,1919
249,1468
246,1440
242,1532
241,1425
241,1429
241,1416
240,1937
235,2693
506,2882
489,2439
478,3003
468,3480
443,3253
484,2327
471,3286
452,3106
504,2571
488,10511
479,5113
465,3443
456,5938
447,4935
444,4917
440,3743
486,8212
474,3442
462,3425
459,3894
452,8059
501,4662
493,2713
486,4840
488,2504
488,6217
485,4017
481,2205
469,2154
457,9508
444,4148
476,2728
470,1820
464,2520
460,8739
453,3559
444,3379
440,1777
434,2084
426,2050
426,8220
426,4783
424,3290
412,5313
405,3064
410,6416
393,3901
379,2659
366,7687
353,4099
341,3976
382,2377
366,5574
356,3814
372,2341
365,6887
357,3053
351,3401
349,2013
345,6504
342,3525
331,2119
325,1572
322,6310
316,4082
312,2089
304,2105
302,1624
302,1570
302,1506
301,2116
298,5333
293,4722
282,2809
275,1653
269,5137
267,3313
259,4357
257,2285
255,1638
249,5296
246,3953
245,2128
241,1746
241,1733
241,2207
241,4802
236,5043
230,2043
228,4626
223,2417
222,1684
473,3378
449,2978
441,2869
417,2533
446,2656
438,2684
425,3104
415,10766
463,4637
456,3162
446,2824
444,2312
440,2311
435,9970
424,4803
414,3294
459,1964
454,8975
449,4329
442,2184
488,1906
486,1853
486,2419
484,1859
483,1850
478,1827
467,2369
455,1775
440,7630
433,4569
428,3159
464,6692
460,3071
453,2484
445,1722
440,1701
434,1704
426,6930
425,4701
426,2512
424,1771
420,2153
411,1591
403,1547
396,1507
398,2034
381,5620
366,5938
356,3182
340,2266
382,1553
366,1495
358,1454
346,1392
367,1372
360,1311
354,1258
350,1245
347,1338
344,1331
335,1807
328,1358
324,1358
319,1358
316,1995
312,1459
304,1418
302,1913
302,1388
302,4104
301,4185
298,1907
294,1333
283,1273
276,1241
270,1236
267,1429
261,1982
257,1433
256,1470
252,1938
249,1452
246,1382
242,1329
241,1407
241,1354
241,1315
240,1814
235,1326
229,1272
225,1810
221,1282
473,3028
461,3007
444,2208
425,2231
463,2292
444,2110
431,2235
423,2797
470,2857
463,2255
453,2292
446,8424
443,5239
439,3051
429,1990
418,2716
461,2046
457,2150
452,2124
449,2655
491,2006
486,2037
486,1762
488,2361
485,1770
481,1745
469,1724
457,2249
444,1680
437,1648
446,1640
464,2145
461,1591
458,1609
447,1597
443,2121
437,1573
427,1561
426,1508
426,2299
424,2802
421,3261
411,3582
405,3420
400,3271
395,3478
378,3499
367,3163
356,3147
342,3276
384,3020
370,3047
361,3073
348,2843
368,2733
360,2705
356,2728
350,2731
349,2651
344,2481
340,2707
331,2517
325,2387
322,2468
316,2448
312,2422
305,2413
302,2198
302,1843
302,2330
302,2314
299,2822
296,2323
285,2246
280,2732
273,3134
268,980
265,2672
259,2487
257,1572
255,1573
249,1572
246,1773
245,1648
241,1680
241,2238
241,2952
241,3107
236,3029
230,3031
228,2946
222,4643
480,2854
467,2460
447,2878
431,2770
468,11065
452,4417
440,3359
431,2691
479,2706
465,2537
458,2348
447,2630
444,2269
440,9238
437,4869
427,3668
466,2251
461,2308
457,2492
450,2248
496,2188
489,2471
486,2331
488,2202
486,2159
484,2534
479,2351
467,2287
455,8403
442,4417
450,3272
469,2107
464,2154
460,1969
456,2042
446,2141
440,7836
434,4495
427,3530
426,1797
426,1974
424,7589
421,4316
411,2646
412,1894
398,1987
385,1989
373,1951
363,1892
349,1898
393,1985
382,2497
369,2067
390,1981
375,2295
368,1870
360,1830
356,1847
350,1873
347,5866
344,5447
340,2860
331,1668
325,1476
322,1859
317,1425
312,1462
305,1221
302,1527
302,1526
302,4178
302,3712
299,1556
296,1151
292,3756
280,4822
273,5042
269,3097
267,1674
259,1675
257,4863
255,4882
249,2262
247,1626
245,5464
241,3163
241,1917
241,3827
241,2835
239,1856
231,1534
225,1988
484,2378
477,2491
460,2689
439,2343
484,2404
474,2989
463,2650
504,2587
489,3202
479,2640
469,2461
463,3039
453,2486
446,2406
441,2801
490,2851
478,2466
468,2416
461,10090
457,4392
504,3589
498,2697
491,2140
488,2185
488,2248
488,2836
485,2262
481,2341
469,9479
457,3969
486,3573
479,2344
472,2260
464,2102
461,2088
458,2675
449,2104
444,1957
438,2552
428,2091
426,1883
426,2437
425,1979
422,7804
418,4212
402,2570
387,1632
377,2298
365,1723
412,1720
402,2201
393,1754
381,1647
399,2253
391,1747
377,1678
370,2190
360,1592
356,1589
350,2197
349,1752
345,1683
340,1739
331,1665
325,6191
322,4137
317,3747
312,2043
305,1768
303,1727
302,1699
302,1692
302,1733
299,1766
296,1692
292,1744
280,1674
273,1645
269,1637
266,5201
259,4623
257,3206
255,1760
249,2056
247,1485
245,1493
241,2017
241,1477
241,1507
241,2104
233,1613
222,1600
485,2708
471,2418
459,2280
505,3163
492,2909
482,3017
466,9079
514,4345
502,3080
488,3306
477,3218
464,2563
456,11146
446,4517
444,3669
491,2257
486,2172
474,2144
462,2059
512,2250
507,8143
501,7866
495,3533
489,2694
488,2011
488,1895
486,1944
481,7812
472,5086
474,2953
493,1950
479,2143
472,1825
464,1633
461,6962
458,4624
447,2567
443,2154
437,1598
428,1577
426,5960
426,4507
424,2766
414,1779
403,1694
389,1562
379,5174
368,4222
359,2061
408,1691
400,1630
386,1573
375,1837
394,1517
379,1497
372,1931
363,1607
357,1597
351,1847
349,1554
345,1497
342,4491
331,4002
326,2008
322,1452
317,1449
312,1417
305,1394
302,1384
302,1375
302,4004
301,3665
299,2338
295,1600
283,1494
276,1468
270,1440
267,1721
261,1412
257,1401
256,1704
251,1364
247,1335
245,1608
241,1279
241,1464
241,1787
241,1511
234,1447
222,1679
219,1427
212,1405
456,2246
446,2341
433,2158
478,2093
464,2434
444,2059
441,2005
484,10137
472,4675
463,2942
456,2025
446,2314
443,8138
439,4672
431,3209
472,2186
462,1968
457,7855
452,4260
501,2822
491,1811
486,7465
488,3737
487,2298
485,1799
480,2169
469,1825
455,1830
444,2072
450,1766
469,7046
464,5611
460,2793
453,3738
445,5225
440,2554
434,1894
426,2158
426,1860
426,1834
424,2178
412,6444
399,4876
388,2812
380,1647
374,1619
358,1923
348,1577
344,5769
385,5351
366,2429
358,1627
350,1724
368,1504
360,1464
356,1608
350,1393
347,1407
344,1577
336,4165
330,4310
325,2203
319,1509
316,1492
306,1455
304,1426
302,1410
302,1423
302,1417
301,1640
298,1595
293,1569
282,1648
275,1496
269,4064
267,4572
259,2319
257,1128
255,4176
249,3318
247,2925
245,4362
241,2162
241,3838
241,2613
241,1625
236,3221
230,3777
228,3489
218,1819
213,3807
209,2646
435,2264
426,2211
415,2226
446,2477
434,2130
420,2433
472,2068
463,2143
456,2314
446,2211
443,8022
439,5282
430,3357
422,2179
462,2178
457,2008
452,1969
449,2077
440,1927
486,1908
486,2184
485,2073
485,2063
480,2196
468,2026
455,6983
444,5216
434,2902
428,1872
438,1868
460,1694
452,1676
444,6769
440,6408
434,2889
425,2143
425,1574
426,1551
424,1760
412,1533
405,1515
401,1823
389,2149
385,2012
368,6699
357,4472
342,2614
333,2001
321,6096
361,3510
341,4433
335,2192
360,1583
354,5651
350,3291
346,1860
343,5162
333,2582
328,1794
324,5140
319,3392
314,1828
305,4791
303,3155
302,1715
302,1705
302,4512
299,3701
296,2187
285,4388
280,2690
273,1699
268,1615
261,1525
258,4212
256,3941
252,1995
247,1566
245,3860
241,3875
241,2232
241,1524
241,1420
236,1405
230,1381
228,1327
223,1298
222,3632
217,3429
204,2534
200,2028
194,1978
399,2849
388,2687
420,2031
409,2063
400,5296
390,5597
444,2456
440,9225
437,5487
427,3748
416,2451
411,2167
404,2179
399,8639
442,4838
437,2726
437,5821
437,3030
483,2466
479,2668
467,2444
455,8339
444,3508
434,2720
428,5367
423,2988
419,2405
414,2224
406,7613
438,4032
428,2677
425,5973
425,3051
423,5398
420,2724
410,7134
402,3237
396,2192
392,1900
385,6619
375,3607
370,2383
351,1756
333,1845
322,5712
304,3962
296,2157
291,1563
321,1469
319,1403
314,1654
311,5059
331,4336
325,1972
319,1140
316,4337
312,3952
304,2192
302,4160
302,2036
302,1415
300,1424
297,3858
292,3819
280,2071
273,3522
268,2399
265,2598
259,1925
256,3345
254,2316
249,1450
246,1429
242,1411
241,3172
241,3644
241,2502
240,1685
235,1593
229,1612
225,3656
223,3565
221,1868
218,1213
211,1250
208,1303
205,2843
193,2741
183,2645
173,1802
167,1349
162,1323
350,2128
344,1987
380,1942
377,1913
367,7407
363,3657
412,3747
407,2302
402,7730
399,4446
390,2632
387,2187
387,7540
387,4848
434,2838
430,2234
422,7636
409,4471
449,4920
436,2614
429,7267
423,3697
422,2337
418,2081
412,1999
406,7137
401,5283
392,3034
399,5285
425,6206
425,3070
423,2281
411,6909
405,4015
401,2350
393,6633
391,4002
386,2100
379,6394
373,3837
365,3860
355,2326
330,2258
318,2036
303,5138
296,4774
291,2350
283,1560
320,1677
315,1690
313,4164
311,4335
330,2184
325,1499
319,4289
316,4669
312,3095
305,3779
302,1870
302,4069
302,2564
302,3659
299,2936
297,3602
292,1847
281,1305
274,3509
269,3409
267,1877
261,1231
257,3335
256,3302
252,1725
247,1220
246,1183
242,3150
241,3034
241,2150
241,1345
240,1475
235,1416
230,1441
228,3089
223,3306
222,2266
219,1347
212,1283
211,1253
202,1274
188,1279
183,1261
170,1174
374,1933
364,1972
396,1727
384,2023
381,1909
385,1779
437,1818
427,1977
418,1822
411,2108
407,2083
402,2154
399,2318
390,2322
437,2439
437,2485
437,2526
434,2435
479,2432
470,2407
456,2492
451,2397
438,2286
431,2403
423,2206
422,2239
418,2217
412,2180
418,1862
438,6644
428,5697
425,2858
425,1905
425,5817
423,3853
411,5173
405,4662
401,2253
394,1883
390,6281
385,4460
366,2366
360,6719
346,3465
327,4379
318,4950
306,3360
300,3708
335,4998
325,2460
319,4562
323,2357
345,1610
343,1570
333,4814
327,4682
324,2106
319,1335
314,4608
306,3011
303,2967
302,2406
302,1944
302,4426
301,4305
298,1838
294,4444
283,2661
276,1407
270,1191
267,3895
261,4088
257,3918
256,1545
252,3419
249,3316
246,3658
242,1867
241,3264
241,2328
241,3257
240,2315
235,1742
230,1677
228,3103
223,3124
222,2128
216,1339
203,1323
201,1311
192,3276
178,3114
394,2439
382,2187
418,1978
402,2037
395,2116
447,2041
444,1978
440,1910
437,3408
427,1908
418,7516
411,5089
407,2999
452,5629
446,3274
440,2477
437,7260
437,4047
486,2532
483,7345
479,3597
472,2349
459,2325
451,2410
438,2299
431,2227
426,2084
422,2210
460,1912
452,2225
444,2248
440,2174
434,2134
426,1992
425,2247
425,2119
424,2057
420,1982
411,1962
403,2013
396,2167
384,2125
377,2136
366,2299
353,2092
341,2228
333,2121
321,1998
362,2180
344,1967
338,2027
360,1849
356,2052
350,1981
349,5109
345,4714
342,2202
333,1631
327,1524
324,1587
319,1366
314,4070
306,3877
303,2657
302,1644
302,1635
302,1651
301,3730
298,3689
294,2589
283,3549
279,1899
272,1518
268,1486
261,3309
259,3286
257,2290
254,1760
249,1746
246,3140
245,3162
241,2378
241,1762
241,3061
241,3073
239,2136
231,1601
226,2962
216,2882
213,1996
206,1927
198,1874
431,2488
475,2490
463,2302
443,2059
432,2216
482,2159
470,2042
463,1996
456,2328
446,2267
443,2371
439,8533
432,5615
474,3643
462,2161
459,2096
454,2070
501,2132
493,2076
488,2273
486,2308
488,2188
486,2485
483,2454
477,2348
467,2221
455,2384
440,2251
475,2138
469,2232
464,2231
460,2142
456,2237
446,2244
440,2230
436,2207
428,2086
426,2326
426,2118
424,6701
419,5059
400,2630
391,5839
383,2618
369,1935
364,1829
356,1789
405,1805
398,5416
382,5308
375,2778
393,4990
379,2217
372,4773
365,3032
357,1748
354,4582
350,2915
347,1970
344,1918
336,1900
330,1823
325,1836
319,1793
316,4052
312,4050
305,2111
303,1698
302,3844
302,3828
302,2062
300,1696
298,3845
293,3820
282,2005
276,3686
270,2516
268,1928
261,1918
258,1854
256,1876
254,1884
249,1797
246,1798
245,3327
241,3313
241,2317
236,1761
231,1766
226,1771
214,3140
206,3106
463,2558
517,2376
502,2302
490,2492
492,2434
542,6992
528,3973
507,2617
496,8751
484,4570
472,2902
463,6325
456,3648
497,6110
495,3164
491,8103
486,4202
530,2593
519,5909
512,3171
510,2307
503,2271
496,7490
490,4070
488,2734
488,2099
486,2172
501,2296
523,7411
511,4633
498,2899
486,1891
476,1700
469,1675
464,1688
461,1794
455,1918
447,2017
441,2257
435,6270
425,5403
414,2695
409,4571
400,2766
386,2276
376,5514
371,3769
428,2031
422,5319
408,3018
407,1916
435,4951
424,3445
413,2711
394,2559
381,2997
372,5735
365,3221
357,1823
351,6429
349,3171
346,1962
343,2156
333,1557
328,6006
324,4678
319,2248
314,5848
306,4403
304,2536
302,5576
302,2751
302,2444
301,1992
298,1909
293,5521
282,3066
276,2125
269,1761
267,4821
261,3271
257,2509
256,1200
251,1206
247,1182
245,1183
241,1181
238,1177
233,1202
230,1319
221,2338
210,1252
464,2573
520,2559
516,2363
500,3060
495,2291
553,2917
540,2456
519,2494
504,2921
488,2394
479,2347
467,2812
508,2126
498,2356
495,2260
491,2829
488,2947
534,2909
521,2884
514,2802
513,2759
504,2790
498,2698
491,2645
488,2646
488,2648
486,2646
500,2673
521,2624
510,2610
497,2586
482,2522
475,2487
469,2476
463,2447
461,2391
453,2398
445,2354
441,2299
435,2324
426,2247
426,2186
415,2236
405,2175
389,2081
375,5356
371,4747
427,2379
421,4044
407,2972
439,2015
431,2039
417,1972
401,1875
392,1902
379,1830
370,1742
360,1766
356,1727
350,1684
349,1714
345,1934
340,1838
331,1759
325,1738
322,1718
317,1737
312,1690
305,1623
302,1644
302,1877
302,1866
302,1916
299,1858
295,1849
284,1881
280,1782
272,1742
268,1747
261,1655
258,1638
256,1632
254,1599
249,1564
246,1586
242,1522
241,1493
239,1537
233,1495
229,1472
221,1468
208,1587
463,2325
519,2534
507,2253
495,2360
556,2418
541,9293
527,4855
506,3272
493,4453
479,2880
470,2521
463,2481
504,3059
497,3081
492,2941
490,2835
478,2927
523,2784
515,2881
510,2910
504,2699
498,2694
493,2665
488,2810
488,2616
486,2641
484,2843
523,2635
511,2601
498,2677
484,2471
476,2426
469,2483
464,2424
460,2402
453,2348
445,2508
441,2305
435,2273
426,2409
426,2223
429,2079
420,1936
397,7027
388,4302
374,2259
427,1876
422,2025
413,6897
401,3238
432,2100
417,1680
402,1742
392,6256
379,3874
370,2029
360,1591
356,1536
350,5087
349,4233
345,2094
340,1409
331,1295
325,1458
322,1394
317,1333
312,1510
305,1277
302,4471
302,4576
302,1928
302,1401
299,1428
296,1483
285,1303
280,1370
273,1594
268,1481
265,1512
259,1656
257,1514
254,1503
249,1696
246,1416
242,1517
241,1618
241,1458
241,1474
236,1487
226,1336
219,1427
209,1372
521,2707
514,2544
503,2525
495,2464
550,2564
532,2483
514,2450
502,10428
488,4580
477,3077
465,2150
456,2320
498,9308
495,4021
491,2594
486,2009
534,2393
521,9348
514,4140
510,2652
503,2265
496,2077
490,2033
488,2342
488,2153
486,2010
500,2195
521,2122
510,1962
498,2016
482,2381
475,1909
469,7924
464,4431
460,2852
453,1734
445,1816
441,1789
435,7505
426,4015
426,2878
428,1765
414,1735
401,1876
388,1565
373,6825
427,5362
424,2995
413,1867
408,1491
433,1827
419,1505
404,1442
393,1459
379,1526
372,1317
363,1378
357,1809
351,1551
349,1729
345,1693
342,1683
333,1621
326,1595
324,1918
317,1582
312,1561
305,1503
303,1832
302,1505
302,1486
302,1499
299,1515
296,1485
291,1483
280,1399
273,1356
269,1331
265,1561
259,1238
257,1387
254,1407
249,1396
246,1384
242,1358
241,1605
241,1357
238,1345
233,1584
225,1306
214,1294
206,1272
519,2215
512,2197
500,2382
492,2204
544,2155
529,5297
508,3266
496,2430
484,2789
472,2454
463,2393
456,2335
497,2607
494,2273
490,2281
481,2465
528,2199
516,2203
510,2130
506,2456
503,2126
493,2071
488,2340
488,2037
487,2013
485,2299
497,2006
512,1981
498,2071
486,2162
476,1880
469,1858
464,2141
460,1862
454,1824
446,2114
441,2005
435,1747
426,1707
426,2381
435,1877
424,1876
401,2114
389,1765
379,1723
368,1668
422,1798
411,1695
405,1658
398,1923
417,1596
400,1537
391,1807
377,1449
368,1420
360,1383
356,1533
350,1606
347,1618
344,1694
336,1607
330,1545
325,1879
319,1541
316,1519
306,1491
304,1794
302,1469
302,1483
302,1773
300,1477
298,1489
292,1454
282,1432
274,1400
269,1707
267,1844
259,1525
257,1540
255,1818
249,1480
246,1467
242,1427
241,1429
241,1431
241,1426
240,1614
232,1412
220,1402
215,1677
208,1347
202,1317
499,2792
485,2119
474,2205
527,2089
505,2103
489,1962
479,2005
467,2550
458,2171
447,2138
444,2481
491,2309
488,2259
478,2560
466,2267
461,2181
507,2503
501,2259
494,2164
490,2130
488,2438
488,2139
486,2124
482,2415
474,2090
460,2073
468,2506
480,2208
472,2156
464,2433
461,2197
459,2092
449,2125
444,2446
438,2036
428,2008
426,2283
426,1976
424,2198
421,2448
418,2144
401,2105
383,2305
377,2102
364,2012
352,1956
399,1977
386,1925
373,1872
394,2035
379,1811
371,1815
362,1923
356,1816
350,1823
349,1916
345,1640
340,1668
331,1670
325,1415
319,1633
316,2146
312,1491
304,1365
302,1258
302,1565
302,1531
301,1501
298,1918
292,1729
282,1672
274,1999
269,1574
266,1573
259,1771
257,1575
254,1563
249,1761
246,1506
242,1522
241,1411
241,1534
241,1440
240,1410
235,1419
229,1361
225,1345
218,1362
212,1313
206,1344
194,1283
189,1245
446,2447
438,2097
426,2390
476,2737
463,1947
456,2237
446,1895
444,1902
440,2438
433,2112
424,2102
462,2494
457,2222
452,2187
449,2170
493,2457
486,2343
486,2328
486,2671
485,2354
481,2325
469,2615
457,2275
444,2259
435,2235
429,2496
464,2173
460,2159
456,2480
446,2146
440,2092
434,2107
426,2320
425,2079
426,2065
424,2204
419,2022
407,1966
402,1905
394,2266
396,2099
381,1975
360,1726
354,1926
336,1849
370,1981
363,2059
348,1857
338,1752
360,2111
356,1748
350,1608
347,1713
344,1707
338,1465
330,1517
325,1527
319,1384
316,1386
310,2271
304,1365
302,1333
302,1363
302,1551
301,1529
298,1561
293,1849
282,1388
275,1384
269,1381
267,1647
261,1302
257,1448
255,1441
249,1419
247,1420
245,1402
241,1362
241,1410
241,1425
241,1362
236,1343
230,1391
228,1310
223,1480
222,1766
219,1482
207,1418
201,1377
196,1391
178,1367
174,1325
422,2754
411,1998
407,2070
456,5628
446,3112
443,2293
439,1988
432,1914
424,2233
412,2335
407,2211
452,2165
449,2443
442,2161
437,2295
486,2629
486,2360
484,2306
481,2322
472,2603
459,2262
451,2187
438,2156
431,2410
423,2134
437,2105
459,7894
450,4496
444,2584
437,1790
428,1975
425,1947
425,1854
425,1839
422,2015
411,1684
405,1781
401,1790
393,2156
389,1986
388,1888
370,2225
355,2087
343,1972
322,1938
363,2127
348,1819
342,1652
338,1535
356,1872
350,1436
349,1412
345,1508
342,1492
331,1334
326,1293
322,1688
317,1437
312,1412
305,1398
303,1417
302,1371
302,1675
302,1551
299,1553
296,1572
292,1825
280,1458
273,1445
269,1443
266,1687
259,1377
257,1373
255,1657
249,1339
247,1329
245,1252
241,1430
241,1432
241,1395
241,1697
239,1396
231,1369
228,1358
225,1342
223,1317
221,1323
213,1681
202,1265
199,1268
184,1232
176,1187
426,2161
418,1836
413,2076
458,1811
453,1860
446,2148
441,1973
439,1773
427,1945
418,2008
411,1991
457,2027
452,2221
444,1962
440,1950
486,2266
486,1974
486,1953
485,2023
481,1994
469,1887
457,1875
446,2146
437,1827
431,1806
438,2130
461,1764
458,1784
449,2219
444,1956
437,1897
427,1872
425,1850
426,1825
425,1857
422,2133
411,1782
405,1734
401,2057
402,1670
398,1654
382,1799
364,1842
355,1708
340,1687
371,1701
363,1579
348,1551
348,1852
360,1467
356,1596
350,1839
349,1552
345,1519
342,1515
331,1538
326,1475
322,1447
317,1851
312,1424
305,1387
303,1689
302,1540
302,1534
302,1887
299,1588
298,1538
292,1519
282,3999
275,3452
269,1933
267,1862
261,1697
257,1461
255,1272
249,834
247,830
245,768
241,911
241,788
241,939
241,1040
240,1183
235,1272
229,1257
225,1237
223,1247
221,1228
213,1219
202,1196
199,1199
188,1149
444,2386
432,2272
484,2223
470,2532
463,2125
454,1955
446,1935
443,2190
439,2336
430,2249
472,2754
462,2251
457,2235
452,2713
449,8661
493,4383
486,3621
486,1784
488,2052
486,2135
481,2710
472,2052
459,2113
451,2610
438,2026
472,1983
464,2513
463,1969
459,1962
450,1874
444,2333
438,1859
428,1844
426,2221
426,1765
426,1767
424,1762
412,1713
405,1776
410,1659
403,2158
395,1600
381,6639
360,4473
410,2322
388,1437
372,1384
364,1300
383,1338
371,1295
363,2047
357,1302
351,1346
349,2113
345,1550
343,1515
333,2141
327,1488
324,1463
319,1983
314,1438
306,1339
303,1403
302,1364
302,1295
302,1498
300,1574
298,1486
293,1564
282,1455
276,1476
269,1412
267,1962
261,1318
257,1286
256,1905
252,1238
249,1258
246,1821
242,1181
241,1164
241,1149
241,1158
240,1164
235,1131
229,1115
227,1105
223,1095
217,1579
210,1078
202,1042
192,1485
465,3026
446,2069
500,1943
487,2313
472,2160
463,2669
456,2425
446,2328
444,2427
440,3037
486,2426
474,2400
462,2919
459,2249
507,2279
501,2884
493,2198
488,2221
488,2825
488,2208
486,2245
483,2697
477,2192
467,2143
454,2113
482,2740
475,2096
469,2066
464,2522
460,7835
453,4193
445,3420
440,1693
435,1971
427,2387
426,1855
426,1879
424,1758
421,2383
420,1875
412,1829
402,2390
390,1705
373,1692
423,2189
404,1841
393,1779
389,2172
402,1647
394,1611
375,1365
368,1553
360,1568
356,1363
350,1461
349,1529
345,1445
342,2068
331,1592
326,1536
324,2176
317,1388
312,1429
305,1814
303,1379
302,1301
302,4897
302,3902
300,1981
298,1441
294,1953
282,1513
276,1365
270,1389
267,1311
261,1275
258,1758
256,1287
254,1288
249,1826
246,1159
242,1134
241,1712
241,1164
241,1135
241,1637
236,1102
230,1074
225,1611
216,1042
214,1172
206,1694
495,2627
491,2234
542,2143
528,2282
504,2541
489,2236
479,2080
469,2982
463,2426
453,2376
497,2948
494,2394
490,2379
481,2301
528,2871
516,2288
510,2291
507,2207
503,2297
495,2252
489,2836
488,2159
488,2174
486,2791
499,2196
518,8640
510,5094
497,3656
482,1992
475,2516
469,2003
464,1961
461,2437
455,1905
447,1937
441,8740
437,4339
428,3484
426,2318
435,1827
433,1660
430,2154
414,1630
401,1532
448,2042
439,1466
424,1394
418,1918
441,1338
433,5722
416,4735
400,2197
392,1490
379,1274
370,1269
362,1238
356,1218
351,1298
349,1270
345,1295
343,1255
333,4921
327,4928
324,1935
319,1415
314,1946
306,1332
303,1338
302,1325
302,1306
302,4489
301,4630
298,2228
294,1490
283,2068
276,1436
272,1636
268,1095
261,1535
258,2076
256,3665
254,3647
249,3507
246,2531
242,1519
241,1515
241,1497
241,1482
241,1502
233,1475
221,1649
217,1649
531,2624
521,2462
577,2669
563,2512
549,2741
532,2451
512,2264
500,2718
488,2746
527,2559
516,2485
507,2483
498,2705
495,2710
550,2655
546,2725
534,2598
525,2550
517,2511
513,2479
504,9171
498,4500
491,3422
488,2040
505,2297
530,2418
529,2328
524,2495
512,2462
500,2338
486,3015
477,2738
471,2645
465,2538
461,2901
459,2595
448,2327
445,2496
448,6468
437,4003
435,2675
435,4686
432,2871
421,2406
466,2554
452,2275
439,2197
468,2414
463,2265
453,2041
444,2090
433,2182
418,1873
404,2106
394,1998
380,1724
373,1716
366,2006
358,1840
355,1498
351,1552
347,1794
345,1624
337,1816
330,1492
325,1518
319,1914
316,1666
312,1586
305,1818
302,4773
302,5148
302,2117
302,1402
299,1503
296,1284
286,1444
280,1326
273,1319
269,1601
266,1258
259,1223
257,1242
255,1309
249,1455
246,1385
242,3415
241,3436
241,1797
236,1270
231,952
223,964
536,3004
601,2511
596,2402
585,2686
572,2852
557,2379
544,2757
529,2937
508,2818
547,2625
535,3158
523,2598
514,2672
505,2843
556,2764
553,2482
548,2646
542,2566
527,2551
518,2417
513,2667
506,2438
498,2341
493,2523
532,2496
532,2449
531,2670
528,2496
523,2384
510,3394
498,2157
484,1952
476,1879
470,1773
464,7291
461,5034
453,3012
445,2051
451,1710
444,1624
435,1658
433,1721
423,6557
475,5572
458,2884
440,3467
430,3353
467,3878
460,3227
446,2573
436,2144
426,2619
414,2099
398,2025
390,2456
375,1898
368,1871
361,1839
355,5173
351,4819
347,3999
344,2241
334,1344
328,1311
324,1288
319,4208
312,4674
305,2108
303,1310
302,1270
302,1263
302,4425
299,4409
296,2065
285,3746
280,1991
273,3261
268,2692
261,2601
258,1983
256,3463
252,2289
249,1432
246,1428
242,1763
241,1409
239,1424
234,1398
229,1385
221,1327
210,1275
205,1209
525,3082
580,5231
565,3536
553,4698
540,3131
526,3056
504,3848
488,3106
479,2837
518,2701
509,2513
498,2766
495,2834
550,2224
546,2226
534,2729
525,3692
517,2869
510,4068
503,2141
496,2519
490,2851
488,2436
505,2670
530,2350
527,4072
518,2309
510,2341
496,2755
480,2150
474,2165
467,2150
464,2564
461,2083
451,2051
445,2547
439,2050
429,1974
469,2453
469,1989
459,2019
444,2391
427,1980
479,1878
461,2240
457,1851
456,2020
479,2404
464,1956
453,1953
441,2152
424,1906
414,1835
398,1828
389,2277
382,1789
376,1766
370,2157
367,1719
383,1724
372,1928
362,1583
356,1233
351,1269
344,1509
336,1342
330,1230
328,1277
328,1250
328,1224
326,1335
324,1229
318,1211
308,1521
299,2529
293,1340
289,1738
281,1317
279,1297
277,1145
269,1307
265,1119
263,1140
257,1038
257,963
257,916
252,910
242,898
235,971
225,904
220,1318
218,1177
515,3159
568,2718
554,2553
539,3142
516,7489
507,4120
495,2753
482,2732
469,2520
512,2500
502,9659
500,5194
496,3335
546,6120
535,3406
521,6375
519,3321
513,4851
506,2877
497,8373
491,3904
490,2449
490,8311
505,3899
527,2539
519,2168
504,2046
496,7792
482,4905
474,3098
466,5673
464,2794
462,2137
452,7289
447,4218
439,2550
429,1863
470,2231
470,2180
460,2064
446,1877
430,1996
417,1759
461,1768
458,1749
449,1728
445,1695
465,1526
454,1496
441,1742
425,2523
415,2095
399,3195
390,2964
382,1385
376,1353
371,1376
368,1238
365,1388
373,1446
363,1263
357,1235
352,1417
344,1390
336,1451
332,1551
328,1256
328,1188
328,1406
326,1427
324,1189
319,1236
308,1167
301,1241
293,1704
289,2161
283,1655
279,1651
277,2341
269,1654
267,1543
263,1186
257,1239
257,1460
257,1220
252,1026
242,1234
235,1904
225,2489
220,2346
218,2391
212,2425
568,2632
553,3004
539,2670
516,2459
507,2414
494,2494
482,2471
469,2447
512,2580
502,2395
500,2226
495,2556
488,2644
535,2476
520,2345
514,8744
509,5253
506,3482
495,2529
490,2451
490,2400
490,2281
487,2406
499,2626
514,2245
502,2308
488,2395
478,2366
472,7796
466,6126
462,3273
457,5272
448,5049
443,2748
436,1900
428,1803
427,1814
468,2633
457,2313
434,6852
423,4521
407,3164
400,1700
454,1595
444,1583
434,5874
459,4967
445,2450
427,2072
419,1451
402,1542
394,1567
382,2073
377,1422
371,1382
368,1343
365,1344
358,1308
348,1448
358,2044
352,1496
346,1506
342,1466
332,1419
328,1370
328,1384
328,1968
327,1388
324,1352
320,1391
308,1856
302,1383
293,1281
289,1110
283,1694
279,1174
277,1306
269,1434
267,3379
263,3369
257,1735
257,3758
257,2261
254,1421
245,1410
238,1891
228,1353
220,1300
218,1282
216,3398
208,2723
205,1914
539,3479
521,3239
507,3325
495,2680
482,2469
470,10861
461,5471
451,3552
500,2594
496,2799
489,3306
479,2883
521,2791
516,11814
508,5101
504,3231
497,2287
490,2502
490,11027
490,4693
487,3403
483,2201
472,10975
502,4562
488,3075
481,2070
472,10544
466,4253
462,7064
459,3896
449,3095
443,9632
436,4217
428,2888
427,7796
427,3689
425,2668
454,3010
432,2222
420,2197
406,2119
398,8974
445,4356
434,3728
426,1827
416,8057
459,3424
449,2494
434,7782
424,3260
412,2277
407,1838
400,7354
399,4044
425,2181
418,1585
408,2223
402,1772
412,7047
406,3411
402,2588
392,1406
388,1726
388,1754
387,6593
384,3943
380,2353
370,1817
360,2322
351,6335
345,3993
341,2627
333,1588
331,6124
329,4350
321,2665
317,4064
311,2453
309,1837
309,2336
308,5182
304,4447
297,5516
288,4114
276,3750
272,5066
261,2662
249,5129
243,2595
237,5127
226,2847
220,1746
511,2667
501,2584
489,2533
480,2454
468,2285
465,2375
461,2317
458,2361
499,3014
488,2498
481,2463
477,3031
523,9451
515,5984
509,3271
506,5691
506,3181
506,2878
502,2457
497,2379
487,2940
470,2534
481,2508
494,10469
487,4119
479,3532
476,1996
473,3016
464,2347
458,2351
452,3160
442,2038
440,1895
440,2517
438,2024
434,7639
420,6310
444,3038
426,1915
422,2409
402,1790
391,6810
437,4396
426,2508
409,4599
400,4573
441,2661
433,1691
424,6124
416,3741
408,1975
406,1501
402,5737
398,3514
420,1879
411,4227
406,3310
400,1910
409,1863
400,2332
395,5993
395,3853
395,1731
393,1408
388,1793
381,1743
367,2105
362,1720
352,1595
348,2148
340,1648
337,6103
335,4171
331,2097
326,1547
321,5366
315,2572
314,1712
314,5034
312,2801
309,1683
302,5040
292,3075
280,3168
275,1910
265,4498
253,2208
248,4436
241,3165
235,1523
221,4268
219,2809
501,2885
493,2472
486,3074
475,7238
469,3417
464,2459
462,3104
450,3214
490,2568
483,2568
479,3178
471,2549
517,2421
509,3026
506,3033
508,2426
506,2507
502,2971
497,2545
483,10072
471,5442
459,3491
465,2261
485,2360
479,2945
475,2320
467,2441
459,2822
455,2318
448,2211
441,2109
441,2782
441,2238
439,2145
425,8769
410,4908
438,3098
425,1907
415,8364
399,3575
387,2253
382,1943
422,1985
400,1906
393,2335
442,1830
432,1817
419,1783
414,2379
406,1784
405,1797
401,2298
397,1678
416,1654
408,1549
405,1609
399,1590
393,1517
400,6988
395,4210
395,2359
395,4986
393,2389
388,5428
380,3145
366,4506
360,2606
351,1607
348,5628
340,3647
337,1847
335,2032
329,1481
326,1514
321,6407
315,3787
314,2084
314,1413
312,5930
309,2983
300,5438
286,3967
277,1848
273,4550
260,3715
253,4015
248,2036
242,1689
233,4686
223,3908
219,1781
211,2889
493,2757
486,2565
476,2664
469,3522
466,2655
462,3320
454,2926
494,11241
484,5088
479,3779
473,6282
470,7153
513,4142
506,2761
506,2577
508,2954
506,3008
499,2436
489,2407
473,2725
467,2331
455,2252
488,8438
479,5066
476,3181
474,2086
465,2535
459,2140
451,8021
443,4938
441,3285
441,2140
440,2027
437,2207
415,1921
394,1887
429,1839
417,2180
407,1755
397,1698
386,1818
432,1881
418,1763
399,1709
393,2127
443,1642
433,1631
422,1610
415,1589
407,1667
406,1678
402,2042
398,1633
420,1630
411,5321
408,5213
400,2760
409,1668
402,1752
397,1301
396,5023
396,4579
394,2296
391,1576
387,4941
376,3106
365,1754
357,1320
350,1693
346,1301
341,1277
337,1264
335,1372
329,1512
325,1644
321,4218
316,3987
316,2158
316,1553
314,3960
306,2804
290,2026
282,1681
269,3841
264,3742
261,1897
254,1503
248,1465
242,3281
235,3218
225,1636
221,2911
508,2580
494,2511
487,2808
477,2869
470,2326
467,2409
463,5149
505,3562
495,2949
485,2509
480,2471
526,2892
523,2480
512,2435
509,2774
509,2393
508,8949
505,5405
499,3377
487,2335
473,2657
478,2124
493,2250
487,2700
480,2167
476,2190
472,2487
462,2167
456,2074
449,2557
443,2111
442,2039
442,2670
433,2145
415,1889
396,1893
429,2234
413,1782
410,1786
400,2137
390,1726
433,1912
419,2227
404,1720
402,1706
444,2076
435,1641
423,1620
416,1976
408,1540
407,5561
403,5275
399,2523
418,4952
410,2536
407,5036
399,2739
410,3953
402,2085
397,5059
397,2842
397,1606
394,5014
390,3327
380,1783
368,4778
359,3138
352,1645
348,1422
342,1768
338,1372
337,4383
330,4235
326,1989
322,1482
317,1735
317,1404
317,3955
315,3951
303,1823
288,3811
282,2155
272,1525
262,1455
258,3389
251,3200
248,2206
238,1363
226,1323
222,2864
214,2970
209,2937
488,2629
478,2276
471,2161
468,2622
464,3522
454,2489
442,2913
485,2703
481,2547
473,3004
467,2797
511,2539
508,2754
508,2929
508,3329
503,9959
496,4984
485,3392
471,6125
457,3245
449,2283
458,2111
480,2110
476,8286
467,5062
461,2993
453,2458
444,2003
442,1984
443,1961
441,2260
437,1900
423,1886
406,2131
388,1786
383,1875
405,7036
393,5749
385,2830
373,1870
359,6468
395,3938
381,2136
372,1602
366,1834
417,1554
409,1562
406,5549
403,5622
394,2623
385,1652
380,1806
375,1437
398,5257
391,5221
388,2691
385,1532
398,1331
396,5131
394,3802
390,1964
378,1445
367,1258
359,1499
352,1332
348,1305
341,1371
339,1493
337,4505
329,4477
327,2592
323,3108
317,2194
317,1471
317,1490
316,1466
307,1435
301,1424
298,1434
289,1448
279,1377
272,3844
257,3793
249,2127
241,1237
229,3158
225,3521
217,1635
211,1095
209,1096
204,3298
199,2768
469,3039
465,2680
456,2310
447,2203
437,2201
432,2228
476,2262
468,2142
463,2164
460,2751
460,10014
507,5088
503,3819
498,5888
486,3235
474,2488
460,9383
452,4563
447,2857
440,6638
437,6243
444,3275
462,2329
455,2340
446,2682
443,8933
443,4754
442,3482
438,2042
426,2109
418,1981
412,2237
409,2031
398,7970
383,5260
401,2816
390,3344
365,2365
356,2330
342,1993
335,1960
363,2199
355,1920
347,1867
409,6727
405,5261
399,2481
390,5543
382,2917
376,1987
371,2000
365,1954
389,2150
386,1925
386,1906
384,6257
382,4972
389,2579
379,1889
367,5837
357,3378
353,2090
345,2090
342,1636
340,5597
334,4962
329,2551
325,1634
319,1510
319,1910
319,1491
317,5323
307,5504
301,2587
298,1748
293,1602
290,1847
284,4511
276,4439
269,2040
252,2544
237,3928
227,3995
215,2871
212,1438
206,1397
201,1374
197,1492
196,1291
194,2971
188,3144
186,2962
430,2818
424,2453
416,1938
411,2283
411,2165
411,2141
457,2864
451,2685
440,2579
425,2903
462,2725
451,9790
445,5643
438,3252
437,2407
432,2375
424,1994
418,2479
410,2123
407,2164
407,8996
441,4979
437,3322
425,2077
417,2399
411,2298
408,8236
401,4525
392,3044
386,1905
374,1940
358,1979
348,7744
333,4567
317,2374
326,1938
318,1854
311,6428
304,5607
303,4553
332,2108
324,1679
319,1558
314,1922
369,1593
362,1467
357,1383
356,1591
356,1649
355,1562
352,2114
346,1862
359,1688
354,1916
344,1617
341,1572
345,1727
341,1912
340,1546
334,1632
329,1819
325,1500
319,1604
319,1490
319,1764
317,4486
312,4297
302,2234
298,1382
294,4324
291,2687
288,1348
281,1303
275,3963
267,3737
254,1447
247,1223
236,1244
230,1181
225,1162
219,1549
208,1354
203,1359
198,3002
195,2678
194,2636
189,2161
186,978
184,982
181,964
176,1074
174,1219
411,2116
411,2102
411,2033
408,1956
403,2292
395,2250
426,2082
417,2336
411,2113
406,2129
439,2419
436,8015
434,6050
430,3591
424,4227
418,2538
415,6023
407,3732
407,2498
407,2521
415,2844
434,2448
420,2426
416,2716
411,2378
408,2389
401,2618
394,2411
386,2865
381,3996
370,3319
352,3078
341,3600
329,2829
318,1616
338,1485
324,1497
311,1360
310,1468
303,5463
339,5707
330,3126
323,1910
326,1664
376,1685
369,2007
362,1645
359,1619
356,1936
356,1588
356,1575
354,1922
379,1551
371,1499
360,1740
354,4554
358,4754
354,2732
350,1450
345,4586
341,3218
340,1638
334,1364
331,1347
326,4106
321,4115
319,3227
319,1541
319,4010
317,2784
313,1917
306,1746
299,5809
298,4146
293,1888
290,5421
288,3243
281,1942
276,5129
269,3816
263,2185
250,1762
242,1860
232,4974
220,4805
217,2402
207,4540
201,3076
201,2373
197,2120
196,4518
195,4412
451,2548
440,2221
437,2566
433,2193
425,2230
419,2825
464,2884
461,10144
461,4298
461,5965
508,5273
502,2903
496,2956
487,8600
474,4340
464,3158
454,2082
450,2016
441,2062
440,2388
452,2139
470,4154
462,2542
458,2077
451,2247
445,2131
443,2619
443,2261
443,2031
441,2563
428,2075
420,1939
417,1907
412,2026
450,1869
443,1873
434,2246
415,1797
397,1746
387,2097
418,6406
402,5855
392,3562
388,1714
436,1512
423,1910
418,1470
411,2509
409,1483
406,1368
404,1365
427,1352
420,5235
414,5165
411,2578
406,2045
416,1448
412,1473
404,1682
400,1985
399,1774
399,1565
398,1793
396,1225
392,1198
386,1200
378,1394
368,1362
361,1386
354,1476
353,1454
345,1331
343,1738
341,1455
340,1315
334,1798
332,1399
327,1268
322,1263
320,1480
320,1350
320,1398
318,1856
310,1413
293,1372
287,1695
274,1307
268,1091
267,1326
263,1585
256,1463
251,4501
579,3289
560,3154
541,2866
528,3453
515,2911
553,2725
542,3519
533,3016
525,2820
522,3307
577,2981
571,2736
558,3308
549,3302
541,2722
536,2643
528,3063
519,2576
514,2627
512,3047
556,2490
554,2557
548,2934
540,2543
523,2447
514,2366
500,2887
491,2446
486,2289
482,2696
479,2431
469,2237
463,2667
456,2320
492,2215
483,9003
474,4891
459,3304
450,2091
429,2511
478,1944
476,1965
471,2341
531,2039
520,1931
512,1961
500,2334
485,1777
466,1844
458,7375
444,4791
463,2844
454,1684
449,2002
441,6576
440,3213
454,2242
448,1405
438,1478
429,1451
422,1926
417,1477
412,1432
404,1453
399,1394
399,1432
399,1553
397,1893
392,1523
385,1543
373,1797
367,1503
357,1474
353,1382
346,1739
344,1507
341,1344
338,1499
332,4921
328,3822
316,1966
305,1894
300,1546
287,1487
280,1612
273,1451
272,1399
266,1378
259,1640
256,1295
255,1292
252,1301
581,3438
560,3298
541,3097
528,3530
515,6829
551,3554
540,2882
533,11426
525,4970
581,3692
577,3142
571,2726
558,2754
549,3281
541,2404
536,10478
528,5337
519,3369
514,2324
512,3070
556,2485
554,9550
548,5192
540,3274
528,6374
515,3642
500,6666
493,3776
486,6668
482,3182
479,2166
464,2874
444,2042
429,7894
455,4875
437,2549
431,1724
429,7241
425,4431
469,2372
457,5277
450,2476
457,6779
523,3667
520,1889
511,6819
499,3240
484,1959
466,1501
455,1521
441,5755
462,4431
453,2374
448,2099
441,1425
457,1435
454,6088
444,4188
436,2297
428,1534
422,1434
416,1353
412,5776
403,3519
399,2173
399,1455
399,5705
396,2784
392,1709
382,1430
371,1389
362,5205
356,4387
353,2087
346,1955
343,4292
341,2816
331,1579
319,1904
309,1375
295,1293
286,1827
282,1266
279,1249
278,4434
267,4372
261,2076
259,4145
258,3314
256,1736
254,1430
251,1405
572,3712
555,3512
536,3319
522,2693
507,3257
546,2706
539,9902
530,5376
524,3433
578,2546
575,3194
561,2646
553,2683
543,3175
539,2715
529,2636
523,3109
515,2510
512,2504
529,2946
554,2583
550,9832
544,5555
530,3904
516,2381
501,2894
493,2388
488,2334
482,2842
479,2328
471,9019
463,5411
447,3126
427,5329
460,3222
450,2147
436,2176
427,2618
421,2042
476,2082
465,2505
455,7783
455,5482
517,3113
511,2015
497,5883
482,3704
463,2025
452,1859
438,2558
428,1670
451,6892
442,4792
440,2586
436,1673
453,2306
441,1645
432,1602
427,2224
419,1533
412,1600
404,2035
399,5975
399,6032
399,5691
397,3493
392,2286
384,1677
371,1523
362,1512
356,1579
351,1481
345,1476
342,1763
340,5125
332,5110
330,2249
326,3745
320,2769
315,1943
306,1818
299,1891
281,4709
273,4437
271,2169
266,1700
263,4288
255,4310
251,2256
244,1751
238,4029
226,3920
515,2879
505,2701
494,2885
485,2518
474,2803
522,2556
518,2682
513,10580
501,5110
542,3693
536,2713
529,2527
528,10043
517,4722
512,3043
512,2412
510,2672
506,2663
498,2732
504,2725
515,2282
500,2218
491,2332
482,2161
479,2145
476,2290
465,8609
459,4986
452,3303
445,4493
444,2629
444,2242
441,2208
461,2035
439,2128
431,7555
420,5001
406,3203
396,2221
442,1839
430,1837
414,2051
462,1700
446,1649
437,2007
425,1719
418,1690
410,1841
407,1826
404,5765
426,4891
416,2480
411,1710
406,1717
399,1908
407,1660
400,1632
399,1732
399,1611
397,1618
393,1734
386,1634
372,1568
367,1519
356,1649
353,4732
345,4636
341,2415
340,1460
334,1433
329,1661
325,1472
319,1413
320,1443
320,1523
318,1533
309,1634
302,1447
299,1434
290,1442
278,1346
272,1421
255,3441
250,3302
242,2278
230,3256
226,1671
218,1687
212,1304
210,978
205,680
200,707
470,2285
466,2229
459,2800
451,2137
488,7230
483,3989
477,2394
474,2194
466,2872
511,2272
510,2158
510,2683
510,2179
503,8970
493,5636
476,3620
470,2331
458,2551
450,1988
482,1942
479,2430
477,1941
468,1901
462,2363
454,1874
445,7806
443,5059
444,3083
443,2007
439,5473
426,3962
419,2267
416,5162
441,3801
426,2193
414,1887
396,2212
381,2083
422,2104
406,2657
396,2574
378,2983
432,2946
423,2911
418,2913
410,2710
407,2354
404,2307
398,2287
390,2255
412,2230
406,2227
401,2234
397,2177
404,2135
399,2114
399,2116
399,2141
397,2123
392,2097
384,2099
371,2049
367,2020
356,2013
353,1998
345,1955
342,4252
340,4247
336,1950
331,1537
326,1519
320,1512
319,1509
320,4001
319,3969
316,2148
307,1411
302,1423
297,1381
293,1370
287,3672
273,3616
264,2452
251,1834
240,3406
230,3256
226,1654
217,1380
211,1315
210,1307
204,1240
200,1458
470,2514
466,2301
456,2117
444,2295
487,2400
483,2117
477,6686
469,3735
515,2537
510,2558
510,2544
511,9479
508,5058
501,3605
488,2230
474,2207
462,2434
453,2200
462,2306
482,2301
478,2298
470,2454
462,8563
458,5336
451,3595
443,2163
443,2139
444,2051
442,8628
428,5113
419,3052
416,1975
410,7680
443,4171
425,2474
403,5578
395,3392
375,2434
406,7097
400,4335
384,2507
380,1920
423,1904
418,1893
410,1856
407,1793
404,2193
397,2145
388,2158
382,2365
406,2395
401,2306
397,1995
389,2223
399,2236
399,2036
398,2345
396,6105
391,4671
382,2059
369,1837
362,4872
354,4785
350,2500
345,1527
341,1337
339,1351
331,1306
329,1309
325,1768
319,1365
319,1376
320,4427
318,4424
308,2081
302,1520
299,1521
293,1861
287,1488
276,1463
264,1434
251,1460
240,1415
230,1397
226,1375
217,1606
211,1363
210,3526
203,3483
200,2521
196,1388
195,1372
454,3317
444,2622
437,2129
433,2373
475,2900
469,2662
462,2499
461,9348
510,2400
508,2532
503,2432
498,2453
487,2613
472,2509
458,2515
450,8439
444,6417
440,3654
451,2355
468,2183
462,2172
454,2124
445,2083
443,2227
443,2414
441,2389
438,2591
426,7354
418,6147
412,3167
409,2363
400,2074
384,6944
402,5248
390,2846
368,1911
356,1842
342,1757
379,1782
367,1932
355,2034
355,2189
409,2583
405,5694
401,5085
390,2439
382,1790
376,1815
371,1799
367,1732
389,1756
386,1962
386,1937
385,5309
396,5319
391,2754
381,1687
369,1639
361,1630
354,1587
350,1763
343,1702
341,1887
339,1940
331,1905
327,4643
325,4725
319,2420
319,1717
319,1697
317,1702
307,1648
302,1602
299,4217
293,4157
290,2887
286,1794
277,1759
271,1713
254,1640
238,1639
228,1557
218,3403
214,3413
212,3350
206,2325
200,1755
197,1690
196,1723
195,1670
191,1676
186,2997
433,2235
427,2185
424,2048
464,2091
461,2323
461,2324
461,2332
457,2250
501,2294
489,2262
473,8814
466,7003
457,3764
450,2532
441,2178
438,2171
435,2191
427,2159
435,2145
454,2233
445,2433
443,2398
443,7724
441,5407
437,3282
425,2148
418,1956
412,1879
409,1859
404,2031
395,2176
386,2107
407,2315
384,2251
367,2171
352,2346
337,2288
329,2215
364,2211
356,2197
347,5552
407,5569
404,3036
395,1786
388,5392
382,3591
376,1993
371,5245
367,3495
389,4033
386,4937
386,3687
386,1989
383,1765
392,1748
382,1722
371,1903
362,1840
356,1844
353,4914
345,4615
341,2304
340,1732
334,1723
331,4544
326,4509
320,2421
319,1669
319,4419
317,4399
314,2200
306,1533
300,1482
295,1454
293,3816
290,3790
284,2622
277,1568
267,1569
251,1520
238,1466
227,1416
217,1352
213,1557
212,1876
205,1772
200,1699
197,2703
196,2697
194,2649
191,1874
186,2625
433,2232
427,2186
424,2047
464,1983
461,2126
461,2398
461,2239
506,6558
501,4080
489,2533
473,8266
466,4160
457,2574
450,2039
441,2084
438,2090
435,2133
427,2221
462,2425
454,2429
445,2579
443,2575
443,2611
442,2561
437,2566
425,2525
419,2433
415,2406
409,2430
405,2352
397,2644
386,6648
405,5708
384,2844
367,2053
351,1936
338,1874
373,5507
364,5389
357,2813
347,1961
407,5145
404,3492
398,1917
390,1605
382,4850
376,4720
371,2198
367,3564
390,2765
386,4540
386,2449
386,1709
397,4550
393,3223
386,1709
373,1675
367,1663
357,4364
353,4399
348,2327
343,4161
341,2526
337,1544
331,1525
327,1509
321,1440
319,1442
319,3840
319,3836
317,2594
307,1626
302,1587
299,1574
294,3567
290,3587
288,2477
278,1525
271,3488
254,3487
240,1747
228,1407
221,1371
216,1344
213,1512
206,1464
200,1560
198,1639
196,2650
195,2658
194,2635
188,2611
437,2382
433,2077
424,2107
466,2996
462,2098
461,2088
461,2053
508,2534
503,2474
498,2246
487,2490
474,2341
460,2243
452,2126
447,2297
440,3734
437,1975
444,2214
462,2202
458,2353
451,1967
443,2167
443,2016
443,2304
441,2302
428,2228
421,2481
417,2354
410,2025
408,1966
400,1864
388,1993
410,1798
387,1801
371,1739
356,1634
342,1589
379,1527
367,1780
357,2435
355,1610
409,1627
405,1760
403,1558
392,1416
385,1434
381,1356
373,1674
367,1672
390,1521
387,1611
386,1425
386,1311
397,2029
394,2325
389,1442
379,1403
368,1160
358,1194
354,1295
350,1231
343,1236
341,1241
339,1234
331,1242
329,1175
325,1112
319,1354
319,1320
319,1258
317,1951
308,1445
302,1127
299,1021
294,989
290,1284
288,915
276,1511
269,891
254,936
239,1276
228,1045
221,1872
215,809
213,747
205,718
200,672
198,678
196,734
195,965
194,643
186,672
437,2372
430,2263
424,2205
466,2254
462,2088
461,2057
461,2102
508,2230
503,2165
496,2149
487,2204
472,2536
459,2237
452,2439
447,2538
440,2694
437,2469
444,2511
462,2676
458,2532
451,2381
443,2241
443,2039
443,2251
441,2404
428,2484
420,2599
417,2980
410,2685
407,2563
400,2041
423,2050
409,1617
387,1682
371,1550
356,3490
342,2378
379,1428
367,1417
357,1823
355,1487
409,1527
405,1426
403,1494
392,1338
385,1472
381,1493
373,1508
397,1374
390,1325
387,1374
386,1649
386,1922
397,2313
394,2652
390,1437
379,1363
369,1257
359,1234
354,1626
350,2103
343,3309
341,2279
339,2040
331,1670
329,1653
325,1675
319,4172
319,4256
319,2276
317,1566
313,1880
303,1474
299,4226
295,4282
292,2199
289,1433
282,1416
271,1397
256,1569
242,3570
229,3510
221,2619
216,1859
213,2005
206,2011
200,1713
198,1708
196,1611
195,1567
194,1535
189,1557
437,2423
433,2296
475,2375
469,1934
464,2365
461,4535
461,2683
509,2361
506,2571
500,2321
490,2280
475,2221
464,8558
454,5472
448,3289
441,2155
437,6221
476,4172
465,2534
461,2065
454,8016
445,4749
443,2728
443,5388
442,3060
438,7730
426,3667
419,2308
416,2180
409,1823
405,1844
435,7379
415,4832
395,2640
384,1821
362,1583
352,1890
384,1547
377,1538
364,6362
418,4934
410,2410
409,1794
405,1740
401,5835
392,3711
384,1995
381,4400
403,2590
397,2014
390,2061
387,1930
386,2201
399,1956
397,1893
395,1899
391,2173
379,1937
369,1845
362,1831
354,2101
351,1786
345,1797
341,1759
340,2076
334,1719
331,1698
326,1666
320,1897
319,2929
319,2510
319,1232
316,1315
307,1198
302,4052
299,4272
293,2406
290,1472
286,1387
273,1319
261,1296
253,1396
234,1342
227,1589
221,3432
216,3133
213,3102
206,1599
200,1366
198,1282
196,1282
196,1264
456,2616
444,2300
488,2118
483,2278
477,2587
474,2233
517,2561
510,2651
510,2115
510,2209
510,2484
504,2468
496,2488
478,2735
471,2441
458,2343
450,2334
485,2320
481,8159
478,5112
470,3012
462,2050
455,1879
446,2375
443,1975
444,1931
444,2406
442,1879
428,1823
419,1815
416,2065
451,7151
447,5868
438,2849
416,1822
401,1623
441,2001
415,1523
400,1476
393,6000
441,5991
429,2708
418,1672
411,1480
409,1359
405,1367
401,1415
392,5138
414,5120
409,2571
403,1629
397,1638
405,1911
400,1560
399,1569
399,1828
397,1599
393,1563
386,1751
375,1549
367,1510
357,1496
353,1522
348,1482
343,1598
341,1900
337,1643
331,1566
327,1885
321,1550
319,4756
320,4586
319,2079
317,1572
308,1520
302,1543
299,1499
293,1451
290,1712
286,3909
277,4314
268,2296
254,1654
238,1580
228,1941
218,1528
214,1456
212,1776
206,1414
200,1369
197,3417
196,3031
456,2490
444,2269
487,2253
483,2817
475,2406
469,2255
513,2771
510,2926
510,2418
510,2409
505,2808
498,2342
487,2320
472,2458
458,2248
450,2197
456,2480
481,2453
477,2498
467,2291
462,2476
454,2238
445,2198
443,2371
444,2143
442,2147
435,2147
421,7336
417,5569
410,3071
407,2331
439,1941
426,1871
419,1845
408,6934
380,6262
409,3298
389,4928
374,2319
371,1756
417,1751
412,5894
406,4318
403,2210
392,2001
385,1591
379,1575
373,1664
397,1635
390,1650
386,1815
386,2137
399,1781
396,1833
391,2120
381,1718
369,1673
359,1901
354,1602
348,1566
343,1841
340,1655
336,1547
331,1505
326,2199
319,2176
319,2167
319,2169
317,2207
307,2158
302,2058
299,2048
293,2805
290,3064
284,2559
276,2004
269,1973
254,2250
246,1956
236,1836
229,1784
224,2114
214,1720
205,1666
199,1606
196,1864
194,1533
189,1526
186,1511
184,1557
180,1505
175,1481
412,2085
461,2249
461,2094
459,2309
453,2215
446,2252
476,2382
469,2023
456,2194
450,2316
443,8489
440,5224
436,3572
430,2159
424,1976
417,1984
420,2188
443,2091
443,2051
442,2087
438,2066
425,2007
418,2280
415,2142
409,2075
405,7637
397,5272
388,3003
381,2052
370,2022
387,1723
374,1652
360,6211
346,6172
340,2781
328,2238
355,1857
345,1849
343,2238
394,2093
386,1767
381,1753
376,2042
369,1717
362,1680
357,1692
356,1792
386,1861
384,1874
382,2284
377,1873
366,1816
368,2047
358,1868
354,1723
349,1709
343,2308
341,1701
337,1694
331,1688
326,1922
321,1623
319,1644
319,1942
317,1629
314,1601
306,1572
299,2084
294,1642
292,1548
289,1513
282,1794
276,1684
268,1661
254,1892
247,1549
236,1481
229,1659
225,1727
218,1577
211,1583
207,1908
200,1503
195,1409
191,1654
186,1353
184,1561
181,1554
176,2019
174,1500
174,1496
174,1840
410,2318
454,2054
448,2032
437,2035
424,2037
412,2398
450,1983
444,8601
438,4906
437,2975
432,2035
424,1913
418,8005
410,5123
407,2998
407,2131
443,2354
440,2003
427,2090
418,2005
415,2032
408,2045
404,1998
397,2162
388,2067
381,2075
371,2086
352,2357
341,2103
329,2112
347,2033
340,2104
330,1944
322,1862
314,1938
350,1784
334,1880
324,1796
320,1937
376,1810
371,1800
362,1791
359,1948
356,1724
356,1741
356,1755
354,1752
378,1771
369,1763
356,1678
349,1680
354,1890
351,1680
345,1745
341,1847
340,1568
333,1843
329,1265
325,1919
319,2755
319,3106
319,2842
317,3198
313,3053
306,2407
299,1652
294,1787
292,1713
288,1754
282,1556
276,1639
269,1538
262,1483
247,1417
237,1383
230,1529
225,1537
219,1516
211,1474
207,1631
202,1620
198,1625
194,1473
189,1520
186,1461
184,1471
181,1500
176,1454
174,1336
174,1287
174,1736
174,1869
406,2415
451,1978
438,2140
425,1891
415,1835
451,8199
445,4425
439,2710
437,1948
432,2214
425,1938
421,1896
415,1893
408,1836
407,2252
417,2122
441,2157
434,2138
420,2357
416,2092
409,2001
407,1985
399,2292
391,2054
386,1916
374,1880
357,1813
348,2659
333,2392
324,2329
342,2280
333,2447
322,2228
319,2163
313,2095
343,2464
328,2059
320,1984
324,1976
373,2333
367,1953
360,2052
356,2469
356,2014
356,1845
355,1558
351,1932
371,2016
358,2135
350,1859
344,1824
353,1913
345,2128
341,1861
340,1805
334,1340
331,1320
326,1641
319,1835
319,1556
319,1570
317,1737
312,1554
302,1515
298,1488
294,1554
291,1459
288,1434
280,1429
276,1395
267,1581
253,1558
246,1298
236,1260
229,1389
225,1755
218,1357
211,1482
207,1313
202,1511
198,1463
192,1183
186,1146
184,1259
181,1551
180,1969
174,3247
174,3081
174,3358
174,3377
173,1801
172,1493
395,2127
425,1923
417,1861
409,1675
404,1843
439,2324
435,2263
433,2317
427,2399
424,2200
417,8625
409,5663
407,3522
407,2113
406,2245
414,2336
427,2227
418,1934
415,1880
409,2117
405,2338
399,2840
391,2184
386,2296
374,2192
359,2399
349,2390
333,2095
325,1988
346,2589
340,1998
326,2006
320,2050
311,2111
308,1930
335,1809
328,1996
320,1685
324,2902
373,1519
367,1505
360,1625
357,2376
356,3156
356,3189
355,3186
353,3190
378,3185
368,2469
356,2426
349,2351
355,2341
353,2331
345,2300
342,2273
340,2310
337,2273
331,2231
327,2201
325,2196
319,2136
319,2183
319,2144
317,2138
313,2133
306,2065
299,2012
294,1985
292,2015
290,2000
286,1981
277,1955
275,1960
267,1924
254,1890
247,1882
236,1807
230,1784
222,1748
216,1727
210,1647
201,1590
199,1837
196,1895
195,1816
194,1811
189,1791
186,1812
184,1787
181,1762
180,1778
175,1730
461,2295
461,2162
461,2154
459,2224
455,2264
499,2286
488,2239
473,2376
466,2426
457,2448
450,2211
444,2334
440,2418
437,2755
432,2733
438,2698
461,2685
454,2650
445,2605
443,2571
443,2564
443,2613
441,2594
435,2505
426,2429
418,2423
412,2364
409,2342
406,2349
435,2342
417,2282
399,2266
390,2211
372,2159
357,2045
396,2057
382,1988
373,1950
425,1934
420,1861
411,1802
409,1783
406,1746
404,1747
397,1690
390,1666
412,1878
409,1858
403,1847
399,1820
392,1806
403,1782
399,1797
399,1776
399,1778
397,1788
393,1770
389,1753
379,1744
369,1688
362,1660
355,1638
353,1630
345,1584
343,1798
341,1806
339,1763
331,1743
329,1711
326,1666
321,1656
320,1626
320,1623
319,1876
316,1883
299,1837
290,1814
279,1792
269,1731
267,1725
264,1734
259,1758
251,1644
249,1632
241,1637
232,1575
226,1552
224,1574
216,1791
212,1792
210,1800
205,1918
525,2623
522,2416
518,2898
515,2631
561,2475
549,2506
541,2333
536,2780
531,2431
528,2325
519,2699
512,2335
512,2374
512,2820
510,2605
548,2695
540,2816
528,2855
515,2508
501,2709
494,2761
488,2358
482,2450
479,2568
473,2313
465,2333
459,2374
451,2192
434,2005
461,2161
455,1937
442,1930
428,2027
421,2099
477,1997
466,2343
455,2087
450,1925
520,2149
514,1907
506,1897
490,1939
474,2088
462,1732
451,1667
438,1691
461,1746
453,1719
448,1844
441,2500
457,2912
454,2913
448,2891
438,2860
431,2826
425,2802
419,2751
412,2723
405,2652
401,2638
399,2619
399,2606
398,2600
396,2608
391,2589
382,2560
371,2501
365,2465
356,2431
354,2380
346,2293
344,2294
342,2311
340,2279
329,2262
317,2232
309,2183
294,2114
286,2043
282,2023
279,2004
278,2011
267,1966
261,1883
259,1915
258,1898
256,1866
255,1895
252,1866
250,1834
242,1835
237,1782
582,2787
567,3126
554,2938
545,2486
598,2801
591,2587
583,2520
586,2828
580,2545
565,2495
553,2757
543,2429
539,2418
529,2372
541,2396
559,2350
556,2337
556,2628
554,2284
550,2298
545,2589
530,2284
518,2163
505,2419
495,2169
489,2089
483,2087
479,2780
470,3488
501,3531
484,3467
467,3380
448,3315
437,3230
493,3277
489,3221
481,3214
475,3180
536,3183
530,3138
524,3047
520,3060
514,3050
505,3010
487,2937
469,2843
491,2819
477,2727
466,2698
453,2618
469,2579
460,2490
459,2461
456,2401
449,2392
438,2344
429,2334
422,2263
417,2245
412,2222
404,2220
399,2198
399,2162
399,2240
396,2814
392,2146
383,2598
371,2074
363,1988
357,1991
352,2454
346,1918
342,1925
341,2454
335,1876
330,1882
327,2349
315,1347
306,1309
301,1361
289,1766
279,1140
273,1090
270,1776
268,1142
261,1177
256,1183
252,1331
250,1329
241,1274
229,1284
225,1195
566,2977
553,3287
542,2614
533,2658
584,2528
581,2474
577,2754
575,2723
561,2656
547,2652
541,2651
532,2592
528,2580
519,2557
530,2524
556,2550
556,2573
552,2523
547,2525
536,2534
518,2523
506,2414
500,2542
490,2626
483,2433
479,2448
476,2416
466,2420
506,2529
497,2199
489,2227
480,2384
469,2356
458,2431
512,7926
489,4609
476,3054
551,1976
545,2053
525,2023
514,2177
505,1930
487,1911
469,1824
460,1885
476,1699
467,1653
454,1798
449,1624
441,2052
459,1596
454,1905
447,3099
436,3124
428,3284
422,3090
416,3026
412,3032
403,2986
399,2944
399,2374
398,2503
395,2389
391,2374
379,2336
369,2258
359,2251
354,2738
351,1471
344,1378
342,1402
340,1076
332,1195
328,1071
322,1071
320,1059
320,1267
319,1889
310,2157
293,2103
285,2024
272,2154
267,1904
263,1913
255,2048
252,1831
241,1789
230,1691
225,1657
219,1611
213,3220
210,3047
533,2396
524,2413
521,2348
517,2698
565,5448
554,3117
541,2336
539,2498
529,2243
523,2335
515,2478
512,2230
512,2194
510,2229
549,2308
541,2162
528,2104
514,2285
500,2034
491,2093
482,2234
479,8134
477,5022
466,3279
462,2142
454,1791
445,1907
444,1948
487,1875
485,1839
471,7226
461,6951
450,3481
496,2361
483,2152
468,1706
445,1684
500,2132
486,1612
466,1586
446,1545
438,1625
426,1604
418,1513
410,1502
440,1534
435,1628
428,1944
416,1573
427,5165
422,5053
414,2533
407,1595
400,1397
399,1410
399,1403
397,1408
392,1813
384,1364
371,1341
362,1301
354,1779
350,1326
345,1320
341,1426
339,1420
331,1406
329,1405
326,1707
320,1334
320,1344
320,1329
317,1330
307,1286
302,1284
299,1636
293,1237
290,1235
285,1195
273,1316
259,1255
249,1234
233,1641
226,1284
216,1245
213,1687
212,1420
203,1336
198,1309
196,1276
195,2478
194,2537
492,2121
487,2061
480,2071
526,2667
518,2198
512,2174
510,2541
512,2378
510,2361
504,2825
496,2326
477,2328
470,2574
473,2636
491,2180
482,2119
479,2536
476,2214
465,2091
461,2472
453,2205
444,2065
444,2033
444,2141
442,1873
435,1862
421,2244
417,1803
451,1723
447,2150
437,1721
425,1642
419,1625
455,6602
422,6013
405,3242
390,2161
435,1498
427,1452
417,1420
412,1772
406,1357
403,1394
392,1901
385,1487
411,1496
403,1620
397,1625
390,1587
399,1592
399,1958
399,1601
396,1582
391,4817
382,4532
369,2044
361,1485
354,4648
350,3133
343,3461
341,2287
337,1707
331,1660
326,1634
320,4149
319,4177
319,2002
317,1907
313,1528
303,1497
299,1451
294,1439
290,1422
286,1384
277,1691
271,1356
263,1342
247,1591
236,1226
230,1225
222,1199
210,1151
205,1259
198,1213
196,1599
194,1289
189,1265
186,1266
184,1234
181,1235
175,1206
174,1556
461,2227
461,2050
459,2243
502,2266
494,2171
476,2050
470,2517
458,2283
450,2154
441,2002
438,2316
436,1911
429,1945
436,7721
454,6000
445,3258
443,2110
443,1952
441,2573
437,2059
425,1908
418,1894
412,2334
409,1878
402,1797
395,1748
387,2147
378,6524
405,6317
384,3001
365,2284
355,5644
344,3348
376,2023
358,2065
350,1671
351,1644
403,5151
392,4807
385,2201
379,1574
373,4891
367,3412
360,1672
357,1278
386,4605
386,4058
384,1944
379,1474
384,4579
372,3685
367,1943
356,4193
353,2665
345,1871
341,4080
340,2617
334,1513
329,1836
326,1494
319,1467
319,4056
319,4046
317,2116
312,1435
302,1344
298,1335
294,1271
290,1265
288,3372
278,3402
274,2332
267,1429
250,1175
242,3215
233,3179
226,2034
224,1575
215,1533
209,1756
201,1463
198,1458
194,2560
189,2650
186,2472
184,1740
181,1737
175,1886
174,1673
174,1688
174,1687
174,2514
453,2637
443,2049
426,1889
467,2221
455,1975
448,2004
441,1942
437,7722
435,5228
426,3100
421,2095
415,2336
407,1891
417,7383
443,5091
441,3297
427,1944
418,1777
415,6744
408,4246
403,2443
395,1827
387,1854
378,2168
369,6142
349,5439
333,4325
355,2180
342,1637
333,1577
322,1947
319,1577
310,5007
335,4892
326,2650
320,1502
376,1507
369,1481
362,1853
357,1432
356,4328
356,4451
355,2591
352,1398
373,4310
365,3176
354,1917
345,1313
341,4076
348,3275
343,4019
340,1691
337,1244
331,1230
326,1587
321,1202
319,3741
319,3803
318,2516
315,1368
306,3568
299,3659
294,1867
292,1316
289,1298
283,1278
276,1247
270,1454
263,1830
248,1717
239,1695
230,1654
225,1638
219,1618
211,1572
207,1557
202,1548
198,1521
194,2538
188,2607
186,2440
184,2437
180,1877
175,2285
174,2312
174,2311
174,1817
174,1625
172,2455
170,2473
164,2206
162,1550
412,1780
406,1771
401,2067
438,2226
435,1904
429,1848
424,7310
418,5471
410,3082
407,1982
407,1992
406,2566
404,1948
427,1984
418,1916
415,2465
408,6868
404,6315
397,3638
387,2490
382,6588
372,3743
352,2047
342,2127
331,1677
321,1636
313,1623
332,5636
322,5487
319,2915
311,4166
303,2744
328,5004
320,3076
314,1881
309,1947
367,1624
360,1620
356,4973
356,5028
356,2226
355,4981
351,2723
345,3801
359,2704
354,1827
344,1847
341,4648
345,3673
342,1977
340,4537
336,2927
331,1622
326,4350
320,2824
319,1891
319,1534
318,1524
315,1538
306,3948
301,3965
296,2108
292,1717
289,1778
284,1708
276,3993
270,3973
263,2229
250,1588
242,1550
232,1492
225,3366
224,3306
216,2255
211,1725
203,1774
202,1643
195,1624
191,1597
186,1823
184,1597
181,1560
180,1555
174,1535
174,1467
174,1470
174,1477
173,1746
172,1473
169,1465
163,1395
158,1642
411,1991
406,2078
439,1999
435,1976
433,2440
427,1916
424,1895
417,2012
409,2300
407,1900
407,6867
405,6679
411,3660
425,2400
417,2078
411,2059
408,2429
403,2003
394,1975
387,2012
380,2329
370,1890
352,1814
340,1764
327,1733
317,5833
313,5874
328,2784
320,2385
314,1859
311,1808
296,1755
324,2277
320,1710
314,5614
316,5638
367,2985
359,1669
356,5516
356,3287
356,2445
354,1635
351,1612
343,1621
358,2035
352,3012
344,3182
341,4319
345,6260
342,3480
340,2240
337,6427
331,3789
327,2109
321,4275
319,3203
319,2601
319,2542
317,2547
307,2447
301,2375
298,2339
293,5045
291,5086
288,2722
281,1843
276,4849
269,4600
262,2540
247,2028
239,2103
230,1943
225,1940
224,1927
215,4487
211,4253
203,4196
202,2224
196,4093
192,3985
186,2723
186,3988
182,2724
180,3815
175,2623
174,2062
174,1976
174,3753
174,3755
172,3751
172,2666
169,3760
425,1793
417,2111
451,1944
446,7415
439,6795
437,3773
435,2627
427,1776
421,1825
417,2772
409,2097
407,2023
417,2899
441,8634
437,5538
425,3406
417,1969
411,6279
408,4121
403,2589
395,6126
388,3995
381,5046
370,2713
351,2625
339,2080
359,7359
346,4271
340,4655
328,2513
320,6808
309,6470
347,3624
333,2400
326,2040
327,2040
376,2036
371,1988
367,2021
359,2236
356,2164
356,2168
356,2412
383,2431
379,2485
370,6084
358,4414
352,3896
356,2368
353,1937
345,1903
342,2001
340,5728
336,5403
331,2490
326,5414
320,3539
319,2112
319,5356
318,3378
315,1981
306,4031
301,3793
298,2788
292,2770
289,3883
286,3849
277,1582
274,1318
266,3628
251,3448
244,1783
235,1208
227,3169
224,3084
217,2123
211,1350
205,1314
198,2982
195,3016
192,2779
186,1438
186,1566
182,1447
180,1407
175,1466
174,1398
174,1398
174,1439
174,1454
172,1393
171,1429
437,2195
425,1966
458,1950
450,1837
445,2269
441,2180
437,1894
432,8010
425,4751
421,2777
415,2126
408,2293
443,2187
443,2180
441,2298
437,2188
425,2131
417,2235
411,2109
408,7444
404,5657
395,3038
388,1911
381,6836
370,4168
352,2408
374,1780
361,1843
347,1731
340,1670
330,1904
315,5595
350,5720
344,2499
339,1733
390,1728
384,1847
379,1699
373,1672
367,1798
360,1640
357,1609
356,1992
386,1858
384,1829
382,1923
378,1866
368,1780
369,1739
362,1818
355,1606
351,1625
345,1711
341,1590
340,1582
336,1670
331,1544
326,1532
321,1546
319,1521
319,1521
319,1543
317,1541
307,4112
301,4218
298,2031
294,3891
292,2128
289,1438
282,1416
276,3774
269,3669
262,1959
248,1524
241,1537
231,1448
222,1405
216,1424
210,3080
201,3045
199,2876
196,1536
195,1461
192,1386
186,2449
186,2531
184,2490
181,2430
176,1748
174,1292
174,1312
174,1292
461,2389
506,2218
501,1892
490,2009
473,2084
470,2099
458,2017
450,2093
441,2225
440,2025
437,1976
430,2170
462,1932
455,2081
451,2329
443,2003
443,1988
443,2304
441,1993
427,1948
421,2104
417,1938
410,2006
408,2146
402,2018
393,1969
424,2381
414,2219
405,3172
381,3077
362,2910
387,2914
374,2947
364,6571
363,4160
412,2412
407,1819
404,1824
398,1923
390,1778
382,2018
379,6156
373,5885
397,2662
390,5869
387,2957
386,1867
399,6032
397,3225
395,2313
391,1876
379,5766
369,3884
362,2128
354,5858
351,2835
345,2073
341,2007
340,5364
334,3462
331,2018
326,1625
320,1686
319,5299
319,5149
318,2223
316,5102
307,2769
302,1799
299,1826
293,4701
290,4758
286,2467
278,4728
274,3582
267,2122
249,2023
235,1987
227,1947
216,1430
213,1114
207,1033
201,1120
199,2564
196,2504
195,2513
194,1774
189,1353
186,1327
184,1923
181,1909
180,2610
466,2076
511,2076
510,2167
510,2082
510,2134
504,2295
496,2145
478,2043
471,2574
458,2818
452,8362
461,5523
481,3385
478,2206
470,1990
462,2056
458,2026
451,2169
443,2031
444,1945
444,2097
442,2071
435,2027
421,1959
418,2108
412,2055
450,2062
441,2148
432,2021
424,1949
405,2139
439,2123
417,2026
398,1938
388,1904
435,5546
427,4552
420,2414
410,1671
407,1641
404,5294
399,3511
390,1855
412,1572
409,1405
403,1389
397,1590
404,1342
400,1458
399,1638
399,1607
397,1587
395,1594
390,4661
379,4157
369,3273
361,1724
354,1419
350,1413
345,1528
341,4250
340,4338
334,2129
331,3017
326,2224
321,3848
320,2001
320,2850
318,2115
315,3786
307,2563
302,1322
299,3512
293,2420
290,1509
286,1585
273,3303
261,3275
252,1808
231,3035
226,3143
221,2223
215,1334
213,2842
205,2747
200,1934
198,1400
196,1432
195,1456
194,1342
189,1381
186,1348
483,2551
527,2237
521,2298
515,2094
512,2523
512,2079
511,2165
508,2312
502,2136
490,2461
475,2258
480,2197
499,7989
491,6249
482,3451
479,2240
477,2278
467,1951
462,7974
455,4962
447,3055
444,2117
444,1961
443,1984
441,7497
471,5055
461,3015
457,2041
450,1824
443,1787
425,1849
462,1906
451,1868
427,1979
473,2059
464,2019
450,5849
437,5669
426,2821
418,1766
411,1508
409,1511
436,1510
434,1620
423,1595
415,1768
411,1916
422,1910
414,2149
407,2102
401,2043
399,2033
399,2042
397,2018
395,2029
391,2011
381,1958
369,1904
362,1898
354,1887
351,1845
345,1828
341,4104
340,5716
334,2256
332,1504
327,1479
321,1468
320,3935
320,3928
319,2109
316,1455
307,3776
302,3728
299,1996
291,1360
284,1334
273,1351
263,1414
251,3397
243,3336
231,3278
227,3188
219,1706
214,2319
211,2322
206,2227
200,2206
198,2807
196,2802
195,2837
194,1875
494,2525
541,2214
536,2621
527,2129
523,2303
517,2146
512,2172
512,2247
511,2290
508,8695
502,5460
531,3462
517,2296
506,2128
495,2153
488,2202
482,8055
478,6050
472,3378
464,2183
459,2007
452,1993
445,7452
444,4898
444,2895
485,2123
478,2177
464,2494
459,2468
446,2452
495,8409
477,4448
464,3229
441,1797
493,1999
476,1975
466,2063
446,2021
438,2130
426,2027
420,6868
411,4631
440,2786
436,1774
432,2002
423,1954
431,1830
425,1934
419,1931
412,6303
404,5511
400,2902
399,1960
399,1840
397,1735
393,6014
385,4217
372,2306
367,1905
356,1811
353,1846
345,1752
342,1973
340,2109
334,2260
332,2170
327,2131
321,2218
320,2201
320,2275
318,2105
314,2141
306,2203
300,2104
295,2020
289,2077
279,1971
268,2035
256,1957
243,3586
231,3296
227,3471
221,2204
213,1305
210,1246
205,1587
200,1162
198,1137
196,2739
195,2528
191,2477
186,1901
536,2206
529,2143
526,2085
517,2950
512,2869
512,2292
511,2316
508,8692
502,4693
488,2963
491,2089
504,2801
495,2210
488,2299
482,2844
478,2313
470,2190
462,2284
458,2334
452,7754
444,4891
444,3328
444,2130
442,1998
428,2286
461,1906
457,1915
450,1869
439,7146
422,4906
459,2867
446,2304
423,1745
412,1671
458,2062
445,1664
431,1571
423,1537
415,1934
409,1436
405,1499
403,2070
423,1567
415,1553
411,2190
403,1524
412,1481
404,1869
400,1449
399,1444
399,1876
397,1431
392,1433
384,4904
371,4659
363,2142
356,1434
351,1455
345,1449
341,1433
340,1436
331,1393
329,1390
325,1806
320,1353
320,4217
320,4366
318,1952
308,1495
302,1480
299,4098
293,3893
290,1713
283,3140
266,2258
258,2160
244,2138
230,2295
226,1972
217,1919
213,2145
210,3206
204,3037
200,2292
197,1564
196,1557
194,1525
189,1791
186,1499
184,1476
181,1441
176,1436
513,2441
510,2723
510,2527
510,2037
505,2710
498,2007
487,2078
472,2774
459,2558
452,2443
459,2411
481,2478
478,8042
468,5143
462,3170
454,2152
446,1992
443,2191
444,1995
442,7282
438,4784
426,2769
418,1922
412,1896
409,1742
432,1757
413,2064
401,1899
384,2084
363,1988
402,1921
386,1590
379,1600
370,1517
418,1762
410,1759
409,1707
405,1710
399,1773
390,1668
382,1673
376,1744
401,1668
397,1637
389,1600
386,4838
399,4878
397,2541
394,1503
386,1249
372,1160
365,1171
355,1269
350,1366
343,1439
340,1602
334,1719
329,4173
325,4243
319,1793
319,3093
317,2323
306,1845
299,1839
294,1815
290,1775
282,1720
274,1739
263,1699
246,1588
232,3382
225,3298
217,3171
207,1646
202,1294
194,1153
186,1153
184,1332
180,1294
174,1503
174,1527
174,2463
172,2551
167,2476
158,1578
154,1201
149,1268
147,1221
143,1175
139,1222
139,1165
132,1110
372,1477
