9964,1696
9835,2009
9560,1993
9524,2231
9400,2301
9369,2503
9078,1954
8309,1919
8053,2299
7476,1518
7252,1589
6948,1440
6336,1263
6176,1469
5960,1340
5808,3768
5552,3931
5496,2097
5412,1280
5156,1186
4788,1167
4660,1057
4460,1112
4668,1309
4444,2202
4408,1885
4252,1306
4180,1297
3679,1256
3647,2271
3543,1522
3535,2735
3495,2528
3437,1461
3176,1116
3144,1122
2871,825
2807,837
2719,1154
2695,843
2379,957
2347,1286
2283,1536
2251,1519
2251,1487
2143,1801
2135,2066
2135,1452
2099,1356
2099,1602
2067,1311
2067,1338
1907,1346
1907,1234
1891,1170
1883,1298
1803,1180
1803,1728
1779,1301
1779,964
1779,876
1699,1724
1691,1779
1683,1691
1683,1661
1683,1225
1651,1248
1651,1135
1635,1263
1635,953
1635,1345
1348,1226
1348,1202
1344,1189
1344,1287
1344,1215
1316,1565
1316,1130
1316,1020
1308,1272
1308,1097
1278,1044
1278,1128
1277,1217
1244,990
1244,1005
1244,1249
1244,1049
1147,1050
1131,956
1131,950
1099,968
1099,931
1099,879
1099,901
933,885
933,780
933,812
933,825
909,719
909,794
901,832
901,757
869,814
869,714
869,747
869,766
861,708
861,651
861,762
861,601
805,647
805,633
805,632
805,640
805,580
773,595
773,642
773,502
773,499
773,630
773,591
741,534
741,572
741,499
741,489
741,544
737,497
737,480
4389,815
4333,869
4309,705
4036,845
4024,2938
4024,3121
4004,1636
3972,1414
3972,1349
3896,2754
3888,2876
3852,2409
3852,1446
3848,1394
3780,1269
3780,1350
3712,1341
3518,1433
3486,1214
3486,1385
3197,1411
3133,1239
3133,1222
3037,1221
3013,1168
3013,2865
2643,2641
2611,1744
2547,1137
2547,1052
2515,1085
2515,1104
2395,2452
2387,2492
2387,1670
2351,1244
2319,2252
2319,2198
2147,1480
2147,1137
2131,1221
2035,1016
2035,969
2011,1149
2011,950
1923,903
1915,1117
1907,929
1907,951
1875,859
1875,866
1859,856
1859,1004
1538,781
1538,901
1534,1090
1534,772
1534,822
1506,984
1506,1170
1498,1129
1498,1157
1464,1107
1463,1103
1463,1067
1430,1067
1430,1101
1332,946
1316,950
1316,944
1284,910
1284,934
1284,965
1092,824
1092,791
1068,772
1068,771
1060,794
1028,756
1028,767
1028,752
1020,733
1020,709
1020,716
1020,716
960,663
960,721
960,687
928,627
928,631
928,650
928,635
4892,781
4860,829
4828,782
4824,1059
4648,1977
4592,1320
4592,1156
4568,1165
4171,1186
4159,1304
4139,1620
4107,1973
4031,2912
4023,2864
3987,2013
3983,1570
3915,1517
3915,1564
3847,1485
3653,1429
3621,1408
3364,1340
3332,1308
3268,1284
3172,1250
3148,1240
3148,1480
2771,1343
2739,1413
2739,1323
2675,1291
2643,1406
2643,1264
2523,1245
2515,1240
2515,1803
2479,1810
2447,1771
2447,1767
2275,1626
2275,1634
2259,1614
2251,1590
2163,1528
2139,1520
2139,1511
2051,1458
2043,1451
2035,1366
2035,1356
2003,1338
2003,1351
1987,1276
1987,1378
1656,1159
1656,1224
1652,1216
1652,1227
1652,1222
1624,1279
1624,1228
1616,1257
1616,1226
1582,1179
1581,1163
1581,1241
1548,1170
1548,1157
1450,1074
1450,1071
1434,1048
1402,1046
1402,1024
1402,1027
1209,947
1209,914
1209,978
1185,888
1177,873
1177,829
1145,849
1145,837
1145,830
1137,825
1137,831
1137,822
1077,765
1077,729
1077,755
1045,710
1045,718
1045,706
5077,839
5009,960
4977,986
4945,1116
4941,2731
4781,1547
4765,3399
4709,2607
4685,3516
4286,2402
4274,1600
4254,1589
4222,1544
4146,1533
4138,1503
4102,1684
4098,1702
4030,1676
4030,1627
3962,1575
3768,2766
3736,2696
3479,2559
3447,1938
3383,1434
3287,1399
3263,1387
3263,1372
2886,1271
2854,1218
2854,2097
2790,2071
2758,2030
2638,1955
2638,1969
2630,1954
2630,1944
2594,1929
2562,1845
2562,1866
2390,1747
2390,1739
2366,1682
2278,1645
2278,1649
2254,1557
2254,1526
2166,1399
2158,1540
2150,1590
2150,1552
2118,1506
2118,1552
2102,1498
2102,1507
1770,1002
1770,999
1766,979
1766,976
1738,912
1738,960
1730,990
1730,948
1730,901
1696,939
1695,933
1662,911
1662,905
1662,923
1564,819
1548,823
1516,738
1516,822
1516,817
1323,751
1323,868
1323,939
1299,910
1291,1001
1291,997
1259,958
1259,843
1259,949
1251,956
1251,828
1251,935
1191,870
1191,890
1191,885
1191,827
1159,739
1159,738
5247,882
5123,974
5091,1002
5059,1024
5055,1255
4911,1119
4879,3590
4823,3561
4807,2094
4400,1442
4388,1430
4368,1415
4336,3248
4336,3291
4260,3254
4252,1695
4216,1348
4212,1204
4144,1224
4140,1289
4076,1485
3882,2800
3850,2704
3593,2480
3497,1744
3497,1380
3401,1334
3377,2349
3377,2364
3000,2191
2968,1510
2904,1524
2904,1513
2872,2042
2752,1992
2752,1984
2744,1937
2744,2033
2708,1642
2676,1437
2676,1425
2504,1355
2504,1348
2488,1345
2392,1442
2392,1299
2368,1294
2368,1433
2280,964
2272,1003
2264,514
2264,938
2232,454
2232,630
2216,481
2216,1553
1884,1359
1884,1358
1880,1236
1880,1343
1880,1373
1852,1342
1852,1354
1844,1303
1844,1318
1810,1260
1810,1284
1809,1272
1776,1206
1776,1268
1678,1080
1678,1141
1662,1145
1630,1086
1630,1109
1630,1101
1437,947
1437,1289
1437,996
1413,964
1405,941
1405,952
1373,912
1373,890
1373,919
1365,870
1365,892
1365,881
1305,825
1305,808
1305,858
1305,821
5585,977
5537,1020
5457,1078
5441,1153
5249,1325
5217,3998
5185,2700
5181,1904
5021,3651
5005,2739
4949,3532
4925,2705
4514,3491
4502,1970
4482,3522
4450,2350
4374,3330
4366,2470
4330,3237
4330,2389
4326,2421
4258,3175
4254,2026
3996,1382
3996,2888
3964,2759
3675,1490
3611,2633
3611,1895
3515,1441
3491,2550
3114,2498
3114,1706
3082,1695
3018,1645
3018,1520
2986,1599
2866,1567
2866,1498
2858,1541
2822,1529
2822,1554
2790,1508
2790,1517
2618,1868
2618,1903
2594,1867
2506,1358
2506,1847
2482,1853
2482,1314
2394,1266
2386,1279
2378,1706
2378,1780
2346,1636
2346,1679
2330,1240
2330,1222
1998,1078
1998,1104
1994,1028
1994,1033
1994,1026
1966,1034
1966,1017
1958,989
1958,1008
1924,990
1924,975
1923,991
1890,945
1890,1006
1890,964
1792,1205
1776,1225
1744,1201
1744,1201
1744,1214
1551,1126
1551,1065
1551,1131
1527,1115
1527,1086
1519,1083
1487,1008
1487,1051
1487,1036
1479,1085
1479,1034
1479,1034
1479,1000
14748,2359
14492,4155
14100,2623
13780,3153
13588,4880
13340,3429
13260,6571
12796,3918
12692,3298
12600,3193
12432,9045
12048,4087
11920,3267
11764,2574
11636,2949
11049,8086
10993,4018
10897,3075
10785,2615
10593,2392
10585,2759
10541,2498
10437,2450
10409,2582
10293,2328
10091,7299
9899,4631
9289,2790
9065,4387
8600,3934
8784,2805
8736,5239
8456,3125
8392,2422
8312,2365
7623,6189
7479,3923
7263,4074
7247,3707
7151,2444
6859,2100
6827,2069
6787,2021
6771,2226
6679,5376
6455,4536
6423,2477
6043,3531
6011,2734
5899,1953
5707,1873
5659,1845
5579,1694
5563,4349
5363,4009
5331,2321
5299,1739
5295,1754
5155,1695
5123,3958
5067,3673
5051,2678
4521,1719
4509,3587
4489,3467
4489,1926
4457,3512
4385,2460
4377,3264
4341,2408
4337,2338
4275,1810
4275,1854
4207,3236
4014,2932
3982,2004
3740,1318
3708,1377
3644,1359
3556,1317
3532,1298
3532,1475
3189,1541
3157,1518
3157,1544
3093,1519
3061,1470
3061,1465
2953,1434
2945,1417
2945,1422
2909,1412
17397,3231
16725,4191
15757,3248
15517,3437
15229,6167
15069,4113
14661,3699
14501,3267
14245,3508
14173,9694
13693,4508
13581,3521
13481,2779
13313,3329
12905,9230
12777,4146
12605,3196
12477,4776
11708,3368
11676,2949
11576,2909
11464,8245
11252,3600
11216,3025
11200,2293
11088,2573
11060,2645
10938,2606
10735,7624
10543,4062
10454,3325
10230,2605
9701,2498
9317,2351
9269,2370
8973,2498
8909,7189
8148,3845
8116,2681
7972,5546
7732,2659
7716,2215
7612,5736
7312,3067
7280,3475
7240,5723
7224,3079
7124,2185
6900,5283
6836,3012
6460,2162
6332,4938
6284,3142
6108,3457
6060,2289
5980,4568
5964,2795
5748,1886
5716,4377
5684,2615
5680,1651
5520,1596
5504,4165
5448,4144
5424,2298
4854,2770
4842,2079
4822,1693
4790,3619
4714,2547
4706,1700
4670,1712
4666,1614
4598,1542
4598,1498
4530,1390
4336,1014
4304,1001
4047,955
4015,914
3951,974
3855,1203
3831,1705
3831,2087
3460,1980
3428,1871
3364,1820
3364,1783
3332,1760
3212,1695
3212,1692
3204,1708
17956,3197
17676,3884
17004,3176
16748,3724
15772,3534
15484,3518
15300,8200
14908,4413
14748,3490
14492,3266
14420,3321
13844,3308
13732,3159
13616,3148
13192,3043
13032,3018
12876,3001
12748,3034
11953,2840
11897,2832
11889,2854
11765,2762
11677,2755
11465,2757
11421,2702
11321,2668
11293,2724
11155,2638
11151,2642
11376,2913
10735,2728
10479,2703
9917,2491
9725,7850
9485,4564
9221,2848
9125,2334
9045,2398
8313,2277
8169,2235
8137,2154
7913,2125
7809,1990
7761,2153
7477,2021
7437,1825
7421,2112
7325,2059
7097,5544
7065,5429
6653,2847
6621,1943
6509,1726
6301,1688
6253,4798
6173,3984
6157,3118
5941,1920
5909,1671
5877,1611
5873,1581
5713,1604
5697,1568
5641,1647
5625,1850
5037,1688
5025,3863
5005,3933
4973,2175
4897,1566
4897,1602
4889,1578
4853,3678
4849,3778
4781,2122
4777,1557
4713,1480
4519,1439
4487,1428
4230,1451
4198,1632
4134,1603
4038,1759
4014,1666
4014,1784
3637,1632
3605,1576
3605,1593
3541,1556
3509,1509
3509,1521
3389,1478
18361,3203
18289,4068
18129,3514
17253,3278
17029,3707
16197,3370
15925,3605
15605,3542
15485,8462
15093,4076
14933,3211
14613,2978
14133,7900
14029,3784
13917,2874
13801,2708
13377,3058
13217,3009
13061,3150
12933,2845
12122,2860
12098,2826
12058,2718
11934,2711
11846,2832
11634,2660
11606,2684
11490,8896
11462,3985
12131,3208
12000,2685
11545,2823
10936,2721
10648,2724
10616,2571
9894,2478
9702,2394
9390,8363
9358,4261
9278,2835
8513,1997
8353,2087
8305,7264
8097,3296
7977,2053
7929,4265
7677,3007
7645,4851
7589,3048
7493,2292
7489,2072
7265,2087
6821,1949
6789,1986
6693,5635
6645,5220
6469,2606
6421,1813
6341,1962
6325,1939
6109,1753
6077,1783
6041,1875
5897,4554
5865,4862
5809,2356
5793,1821
5785,4439
5204,3369
5192,1767
5172,1545
5140,1406
5064,1613
5056,1489
5020,1977
5016,2249
4948,2640
4948,2867
4880,2443
4686,2470
4654,1883
4397,3511
4365,2218
4301,1347
4205,1326
4181,1511
4181,1327
3804,1270
3772,1575
3708,1222
3708,1335
3676,1579
18952,3495
18832,5436
18656,4135
18376,4472
18288,3997
17424,3840
17168,7632
16136,3877
15848,7592
15688,4567
15272,3913
15112,3566
14856,3892
14784,3817
14296,3163
14096,9295
13980,4143
13556,3182
13396,3045
13240,3461
13112,3282
12288,3083
12232,3085
12224,3192
12100,2897
12012,3070
11800,3427
11756,3010
11656,2630
12313,3661
12171,2754
11967,2843
11711,3471
11070,2963
10814,2761
10252,2654
9868,2965
9820,2548
9524,2435
9460,2418
8679,8177
8647,4104
8503,2973
8263,2589
8247,2274
8095,2250
7843,1927
7811,1971
7771,2492
7659,2715
7655,2753
7431,2565
7367,2641
6955,2348
6859,2358
6811,2576
6635,2324
6587,5956
6507,3723
6491,1886
6243,1614
6211,5315
6207,4050
6063,2058
6031,1966
5975,1540
5959,5422
5370,2660
5370,1609
5358,4560
5338,2534
5306,1807
5230,1523
5222,1509
5186,1346
5182,3818
5182,4352
5114,2595
5046,1506
4852,3999
4820,3012
4820,1403
4531,1020
4467,1010
4371,993
4347,987
4347,1072
3970,1053
3938,1072
3938,1138
3874,1106
3842,1077
19326,3794
19006,5152
18838,4390
18750,3902
18530,4698
17654,4412
17430,4210
16542,4410
16270,3565
15950,7879
15830,4359
15310,3555
15038,3622
14958,3714
14478,3926
14374,7519
14262,4541
14146,3777
13674,3564
13546,3419
13406,3283
13278,3659
12454,2990
12398,2987
12298,2657
12186,3137
11974,2902
11966,2901
11922,3194
12495,2887
12463,3182
12337,3577
12133,3195
11268,2897
11172,2877
10948,2965
10418,2690
10034,2585
9986,2608
9690,2701
9626,8091
8845,3852
8813,2851
8669,1901
8429,2346
8413,2656
8309,2306
8009,6335
7977,3629
7937,2732
7825,1883
7821,2053
7597,2539
7533,1950
7153,2000
7025,1676
6977,2085
6801,1627
6753,1606
6673,1593
6657,2076
6441,1671
6409,1672
6377,2059
6373,1645
6213,1611
6197,1614
6141,1850
6117,1561
5536,1474
5524,1820
5504,1462
5472,1444
5396,1419
5388,3962
5388,4479
5352,2472
5348,1388
5280,1339
5276,1450
5018,3609
5018,3820
4986,1777
4729,2720
4633,1950
4633,3373
4537,2475
4513,1386
4136,1270
4136,3105
4104,3372
4040,1379
20196,3720
19804,4955
19296,4993
19176,5216
18944,4428
18720,5125
18440,4892
17768,4690
16720,4254
16480,4515
16192,3825
16008,3877
15616,4470
15456,4060
15136,3978
14656,4207
14552,3908
14440,3176
14324,3505
13900,3713
13740,10300
13584,4077
13456,3555
12620,3005
12564,6134
12464,3655
12352,3483
12140,3238
12825,7670
12781,4490
12661,3490
12629,6354
12503,4212
12299,3670
11434,7687
11338,4014
11114,3069
10584,5764
10200,3091
10152,2837
9856,2652
9792,7994
9011,3799
8979,2371
8803,2069
8595,2639
8579,2102
8427,2108
8175,2069
8143,6521
8087,4042
7991,2591
7987,4360
7763,2831
7319,2060
7287,2076
7191,2004
7143,2308
6967,1931
6919,1899
6839,1861
6607,2171
6575,1734
6543,1757
6539,2140
6395,1744
6363,1556
6307,1688
6291,1463
5702,1576
5690,4470
5670,4448
5670,2203
5638,4638
5562,2601
5554,1653
5518,1487
5514,1342
5446,1473
5442,1414
5378,1730
5184,1356
5152,1345
4895,1264
4863,1333
4799,1401
4703,1366
4679,1226
4679,1359
4302,1251
4270,3580
4206,3028
20378,3823
20098,5634
19462,4633
19350,5431
19166,5589
19094,5567
18798,5603
17998,4767
17678,8980
16870,4182
16614,3482
16198,3824
15846,7569
15654,4335
15366,7755
15294,4912
14806,4163
14694,7777
14594,4605
14426,3318
14018,3769
13890,3335
13718,7688
13590,4544
12762,3185
12722,5861
12598,3766
12518,6564
12999,4267
12963,7830
12839,4809
12827,3993
12795,6446
12665,4423
12401,3727
11600,6786
11312,3890
11280,3533
10558,9124
10366,4408
10054,2829
10022,3144
9942,2816
9177,2595
9145,7946
8969,4236
8761,2640
8745,5367
8593,3349
8341,2259
8309,2122
8253,7085
8157,4150
8153,2673
7929,1938
7865,5069
7453,2606
7357,2046
7309,4910
7133,2524
7085,6214
7005,2857
6989,2466
6773,1622
6741,5870
6709,3000
6705,2114
6545,5646
6529,3452
6473,1898
6449,5523
5868,3016
5856,3230
5836,1951
5804,1903
5728,1903
5720,1797
5684,1880
5684,4308
5680,4651
5612,2090
5608,1682
5350,1539
5318,4663
5318,3363
5029,1718
4965,1397
4869,1882
4869,3611
4845,4132
4468,2088
4468,1228
21200,4004
20824,6014
20680,5258
20224,5804
19628,5114
19508,10424
19276,5748
19052,4826
18772,5227
18100,4599
17844,4955
16812,9013
16524,4657
16364,4553
15948,8824
15788,4897
15532,4177
15460,4161
14972,3674
14772,7239
14656,4714
14232,7603
14072,4591
13916,4008
13788,3669
12952,3489
12928,10797
12888,4742
13465,4438
13377,4194
13157,4422
13113,3629
13005,3761
12977,11313
12835,4465
12830,4095
12375,3584
11734,6027
11478,3673
10916,3441
10724,2797
10484,9539
10220,3912
10124,3358
10044,6376
9311,3316
9183,4967
9135,2943
8911,7944
8807,3407
8759,2350
8475,1988
8435,2677
8419,7529
8323,3578
8095,2982
8063,1965
7651,2090
7619,2036
7507,6607
7299,4250
7251,2274
7171,2366
7155,1776
6939,1741
6907,2231
6875,1715
6871,1822
6711,1793
6695,2335
6639,1774
6623,1729
6034,2159
6022,1606
6002,1631
5970,2119
5894,1572
5894,1560
5886,1557
5850,4633
5846,4624
5778,2196
5774,2086
5710,1507
5516,1443
5484,1951
5227,1352
5131,1318
5131,1318
5035,1329
5011,1358
5011,1338
22134,4735
21702,5569
20990,4885
20862,4938
20518,4537
19794,5082
19682,5261
19498,5568
19426,9384
19130,5348
18330,4807
18010,4996
17202,4656
16946,4464
16530,4488
16178,7326
15986,4728
15714,4235
15634,4231
15138,3942
15026,4140
14926,4157
14758,3188
14350,3646
14222,3960
14050,3151
13922,3477
13118,3632
13779,3737
13679,3622
13551,4191
13339,3880
13323,3767
13279,3776
13159,3702
13127,3107
13001,3395
12797,3573
12541,2914
11900,3114
11644,3434
11082,3030
10698,2822
10650,2796
10386,2867
10290,2709
10210,2663
9477,2712
9333,2408
9301,2420
9077,2580
8973,2312
8925,2275
8641,2220
8601,2019
8585,2142
8489,2103
8261,2633
8229,2163
7817,2090
7785,2444
7673,2004
7641,1991
7465,2559
7417,1936
7337,1861
7105,1762
7073,1730
7041,1750
7037,1729
6893,2290
6861,1647
6805,6642
6805,4210
6781,2627
6200,1512
6188,4656
6168,2600
6136,1949
6060,2481
6052,1803
6016,1924
6016,1928
6012,2437
5944,1915
5940,1972
5682,2282
5682,1569
5650,1811
5361,1542
5297,2186
5201,1435
24165,5109
23949,8503
22588,5773
22044,6440
21740,6039
21252,5238
20908,4439
20652,4638
19976,4290
19808,5119
19720,5085
19424,5529
18624,5258
18304,4662
17496,4616
16984,4815
16824,4220
16408,4049
16248,4513
15928,4364
15448,3800
15344,4327
15232,4651
15052,3791
14644,4236
14516,4443
14344,3738
14941,4238
13985,4455
13937,4585
13797,3956
13709,4302
13489,4337
13445,3764
13325,4316
13293,4331
13163,3736
12899,3541
12098,3982
11810,3817
11248,3153
11056,9328
10816,4696
10520,3267
10456,6586
9675,3679
9643,3214
9467,2680
9259,2708
9139,3272
9091,3038
8807,2450
8767,2457
8751,2700
8651,2408
8427,2378
7983,2188
7951,2580
7839,5920
7807,4343
7583,2932
7503,1890
7487,1866
7271,1846
7239,2136
7203,1766
7059,1775
7027,2100
6971,4825
6955,4984
6366,2350
6354,2149
6334,1649
6302,1660
6226,1997
6218,1661
6182,1624
6178,1654
6110,1952
6106,4412
6042,4451
5848,2222
5816,1839
5559,1424
5463,1348
5367,1340
5367,3422
5343,3599
4966,1824
4934,1430
4934,1324
4870,1424
20754,4210
20126,5628
20014,5414
19830,5398
19550,5219
19462,5312
18598,5346
18342,4879
17310,5132
17022,5169
16838,4533
16446,4251
16046,4754
15966,4824
15486,4458
15382,4781
15258,4280
15090,3647
14682,3562
14554,4235
14382,3817
14254,3376
13426,10115
13386,4543
13262,3622
13174,2799
12962,3922
13611,3342
13491,3321
13459,4058
13329,4034
13065,3386
12264,3268
11976,3811
11414,3232
11222,3026
10982,3497
10718,2927
10622,2855
9841,3089
9809,2752
9665,2590
9425,3061
9409,3238
9257,2561
9005,2478
8973,8473
8917,3614
8821,3436
8817,2451
8561,2368
8149,2175
8117,2154
8005,2598
7973,2137
7749,1863
7669,2219
7653,1799
7437,1825
7405,1873
7373,2181
7369,1733
7209,1690
7193,5179
7137,4992
7113,2551
6532,1777
6520,1907
6500,1485
6468,1446
6392,1635
6384,1529
6348,1527
6344,1601
6344,1401
6276,1538
6208,1499
6014,1714
5982,1435
5982,1422
5693,1329
5629,1273
5533,1355
5533,1355
5509,1733
5132,1309
5100,1381
5100,1362
5036,1618
5004,1318
5004,1328
4884,1678
19856,4040
19784,4851
19624,4382
18748,5543
18524,5071
17676,4764
17420,5074
17100,4621
16652,3697
16460,4084
16188,4354
16100,4254
15612,4038
15500,3915
15400,4122
15232,3388
14824,3740
14696,4022
14524,3668
14396,3393
13592,3585
13552,3614
13428,3256
13340,3315
13128,3616
13084,3396
12984,3031
13641,3602
13499,3941
13494,4028
13039,3363
12398,3320
12142,3542
11580,2851
11196,3036
11148,3391
10852,3020
10788,2562
10007,8638
9975,4348
9799,3112
9591,2368
9575,2826
9423,2844
9171,2312
9139,2325
9083,2736
8987,2225
8983,2303
8759,2606
8315,1887
8283,2005
8187,1836
8139,2342
7963,1926
7915,1999
7819,2346
7603,1710
7571,1856
7539,1920
7535,1839
7391,1852
7359,1956
7303,2149
7287,1580
6698,1648
6686,1670
6666,2120
6666,1635
6634,1616
6558,1969
6550,1472
6514,1604
6510,1617
6442,1977
6438,1588
6374,1588
6180,1905
6148,1332
5891,1408
5859,1397
5795,1307
5699,1411
5675,1403
5675,1733
5298,1284
5266,1263
5266,1270
5202,1196
5170,1308
5170,1319
5050,1599
20022,4597
19950,5678
19790,5587
18914,4843
18690,5256
17842,4556
17586,5099
17266,4877
16818,4192
16626,4087
16354,4580
16274,4668
15794,3963
15690,3771
15578,4463
15398,4415
14990,3760
14862,3530
14690,4097
14562,3789
13782,3348
13726,3961
13626,11463
13514,4266
13302,3276
13266,3508
13943,3947
13823,3614
13791,3974
13661,4198
13397,3541
12596,3753
12500,3563
12276,3102
11554,3004
11362,3335
11050,3226
11018,2794
10938,2761
10173,2926
10013,2587
9965,2554
9757,2438
9637,2765
9589,2438
9337,2363
9265,2306
9249,2743
9153,2335
9149,2314
8893,2230
8481,2518
8449,2103
8337,2067
8305,2042
8081,2170
8001,1957
7985,1926
7769,2269
7737,1943
7705,1861
7701,1862
7541,2198
7525,1811
7469,1705
7445,1772
6864,1972
6852,1648
6832,1655
6800,1616
6724,1557
6716,1616
6716,1588
6680,1613
6676,1623
6608,1657
6604,1661
6346,1999
6346,1375
6314,1636
6025,1397
5961,1791
5865,1432
5865,1469
5841,1377
5464,1711
5464,1422
5432,1267
5368,1321
5336,1834
5336,1407
5216,1332
20268,4565
20196,5293
19968,4966
19700,5272
18868,5002
18036,4339
17796,4988
17444,4691
17324,4071
16932,3939
16772,4691
16452,4314
15972,3783
15868,4520
15756,4702
15640,4291
15216,3794
15056,4433
14900,4243
14772,3728
13948,3816
13892,4142
13792,4032
13680,3382
13672,3604
13460,3829
14109,3732
13989,3606
13973,3938
13831,4104
13627,3464
13371,3328
12730,3744
12474,3548
11912,3052
11720,3126
11480,3301
11216,2927
11120,2789
11040,2985
10307,3049
10163,2638
9923,2468
9907,2912
9803,2479
9503,2467
9471,2479
9431,2621
9415,2520
9315,2429
9091,2609
9027,2293
8647,2144
8615,2103
8471,2542
8295,2131
8247,1987
8167,2044
8151,2506
7935,1967
7903,1909
7871,2367
7867,1898
7707,1836
7691,1867
7635,2518
7611,1874
7030,1683
7018,2149
6998,1677
6966,1686
6890,1716
6882,1927
6846,1629
6846,1722
6842,2132
6774,1843
6770,1688
6512,1592
6480,1569
6480,1597
6191,1502
6127,2018
6031,1602
6031,1613
6007,1593
5630,1385
5630,1467
5598,1436
5534,1788
5502,1298
5502,1390
20658,4712
20442,5634
20370,5091
20134,4601
19866,4657
19034,4589
18202,4438
17962,4715
17610,4273
17490,4468
17098,4457
16938,4181
16618,4000
16138,4206
16034,4209
15922,3954
15806,4336
15382,4108
15222,3841
15066,3835
14938,4025
14114,3289
14058,3562
13958,3868
13846,3134
13634,3462
14319,4274
14275,3966
14155,3766
14123,3513
13997,3894
13793,3357
12928,3305
12832,3759
12608,3496
12078,3383
11694,3256
11646,3288
11350,2777
11286,2942
10505,3089
10473,2925
10297,2752
10089,2650
10073,2926
9921,2395
9669,2362
9637,2763
9581,2238
9485,2473
9481,2842
9257,2303
8813,2255
8781,2220
8685,2513
8637,2120
8461,2103
8413,2482
8317,1829
8101,1940
8069,2533
8037,2525
8033,2082
7889,2076
7857,2410
7801,2241
7785,1976
7196,2259
7184,2048
7164,2065
7132,1955
7132,2082
7056,2074
7048,1948
7012,1820
7008,1775
6940,1751
6936,1793
6872,1729
6678,1637
6646,1751
6389,1579
6293,1659
6293,1655
6197,1521
6173,1576
6173,1927
5796,1301
5764,1332
5700,1797
5700,1360
5668,1436
20944,4308
20832,6281
20648,4758
20368,4866
20280,5482
19480,5193
19160,4672
18352,4827
17840,4338
17680,4574
17328,4481
17136,4412
16848,4344
16776,4398
16288,4382
16176,4216
16076,4262
15908,4464
15500,3796
15372,4034
15200,4171
15072,3999
14256,3736
14216,4096
14092,4113
14004,3706
14485,4514
14457,4469
14333,3946
14305,3982
14163,4328
14158,4016
13703,3668
13062,3954
12806,4224
12244,3210
11860,3960
11812,3992
11516,3070
11452,3796
10671,3736
10639,3149
10463,3261
10255,3442
10135,10714
10087,4000
9803,2554
9763,2750
9747,3012
9647,3086
9423,3381
9359,2615
8979,2417
8851,3029
8803,2608
8627,2491
8579,3180
8499,2623
8483,2249
8235,2610
8203,2346
8199,2191
8055,2268
8023,2835
7967,2333
7951,2406
7362,2540
7350,2239
7330,2152
7298,2155
7222,2527
7222,2168
7214,2154
7178,2534
7174,2434
7106,1846
7102,1926
7038,2327
6844,1863
6812,1776
6555,1985
6523,2242
6459,1683
6363,1572
6339,1591
6339,1872
5962,1650
5930,1582
5930,1939
5866,1491
5834,1580
5834,1544
20942,4504
20774,7263
20686,5634
20390,5614
19590,4897
19270,4947
18518,4509
18262,5500
17846,3962
17494,4813
17302,4848
17014,4700
16942,4338
16454,4569
16342,4644
16242,4045
16074,4509
15554,4482
15398,4031
15270,3942
14446,4542
14390,4052
14382,3772
14258,4494
14170,4010
14651,4462
14607,4937
14487,4450
14471,4276
14329,4160
14125,4302
13869,4173
13164,3796
12940,4071
12410,3820
12026,3446
11978,3300
11682,4145
11602,3571
10837,3184
10805,3726
10629,3453
10421,2807
10301,3205
10253,3117
10001,2809
9929,3179
9913,2797
9817,9367
9589,3725
9557,2912
9145,2653
9113,2739
8969,2561
8793,2540
8745,3149
8665,2520
8649,2373
8433,2571
8401,2940
8369,2502
8365,2633
8205,2742
8189,2507
8133,2315
8109,2098
7528,2441
7516,2130
7496,2030
7464,2073
7388,2535
7380,1982
7344,2063
7340,2220
7272,1964
7272,2032
7204,6378
7010,4624
6978,2947
6721,2142
6625,1756
6625,2269
6529,1632
6505,1725
6128,1615
6128,1758
6096,1578
6032,1551
6032,2063
6000,1593
5880,1547
5880,5131
20796,5063
20632,6142
20352,5312
19680,4582
19424,4351
18448,4784
18160,5139
17976,4666
17584,5026
17424,4966
17168,4483
16624,4453
16520,4828
16408,4615
16292,4473
15868,4510
15708,4522
15552,4124
15424,4361
14612,4124
14556,4121
14456,3608
14344,3648
14336,4518
14124,4297
14773,6426
14653,5040
14637,4864
14495,4413
14291,3925
14035,4242
13394,3919
13106,3544
12576,3903
12192,3765
12144,3275
11848,3220
11784,3774
11003,2995
10971,3413
10827,2948
10587,3322
10571,3205
10419,2904
10167,3239
10135,2908
10095,2720
9983,2865
9979,3189
9755,2768
9691,2588
9279,2925
9183,2669
9135,2598
8959,2459
8911,2927
8831,2271
8815,2315
8599,3100
8535,2829
8531,2475
8387,2440
8355,2810
8299,2422
8283,2232
7694,2802
7694,2091
7682,2137
7662,2097
7630,2570
7554,2278
7546,2036
7510,2533
7506,2263
7438,2102
7438,2203
7370,2488
7176,2136
7144,1803
6887,2337
6855,1769
6791,1703
6695,1666
6671,2403
6671,1713
6294,1579
6262,1804
6262,2227
6198,1614
6166,1622
6166,1536
6046,1493
21018,4840
20946,5666
20710,5353
19910,6056
19686,5728
18838,5359
18582,5265
18262,5329
17814,5134
17622,5444
17350,4817
17270,4099
16774,4893
16662,3681
16562,3729
16394,4023
15986,4697
15858,3946
15686,3593
15558,4064
14754,4293
14714,3432
14590,3800
14510,4548
14298,3608
14955,3874
14831,4516
14819,3901
14787,3846
14657,4707
14393,4744
13592,4193
13304,5426
13272,5371
12550,4020
12358,4762
12046,3957
12014,3372
11934,3416
11169,3189
11009,4157
10961,3657
10753,2876
10633,3129
10585,2850
10333,3849
10261,3598
10245,3671
10149,2842
10145,3275
9889,3423
9477,3082
9445,2869
9333,3044
9301,2985
9077,2823
8997,2972
8981,2879
8765,2550
8733,2362
8701,2425
8697,2631
8553,2546
8521,2544
8465,2809
8449,2659
7860,2544
7848,2901
7828,2437
7796,2434
7720,2345
7720,1812
7712,2056
7676,1989
7672,1980
7604,1974
7600,2002
7536,2091
7342,2705
7310,2515
7053,2328
6957,1663
6957,2100
6861,1864
6837,1896
6460,1827
6460,2280
6428,1605
6364,1835
6364,1480
6332,1587
6212,1357
21400,6365
21248,7096
20976,7096
20888,6880
20024,7275
19768,6554
18792,6098
18504,7035
18344,7683
17992,4690
17768,4468
17512,4239
17440,4995
16952,4884
16840,4876
16740,4810
16212,4750
16052,4250
15896,4739
15768,4535
15736,4583
14920,5496
14880,5463
14756,5033
14668,3866
15149,4491
15121,4841
14997,4654
14969,5051
14827,4183
14822,6944
14367,3821
13758,3826
13470,4580
12908,3359
12716,3636
12476,3917
12212,3208
12116,3281
12036,3109
11303,2959
11159,2885
11127,2900
10903,2772
10799,2788
10751,2706
10467,2624
10427,2673
10411,2622
10311,2574
10087,2367
10023,2505
9643,2473
9611,2430
9467,2366
9291,7635
9243,4468
9163,3126
9147,2175
8931,2351
8899,2384
8867,2519
8863,2281
8703,2047
8687,2113
8631,2106
8607,2037
8026,6740
8014,4112
7994,2866
7962,1894
7886,5116
7878,3808
7842,2385
7838,1993
7838,1999
7770,2362
7702,1990
7508,1940
7476,2710
7219,1854
7187,1708
7123,1782
7027,2021
7003,1757
7003,1767
6626,1625
6594,1812
6594,1629
6530,1585
6498,1592
6378,1753
21606,5639
21422,6934
21350,6469
21054,6946
20254,5943
19934,5955
19182,5537
18670,5591
18510,5111
18158,5792
17966,5566
17678,4881
17606,5057
17118,5328
17006,5028
16906,4760
16738,5238
16330,4576
16202,5627
16030,6267
15902,4206
15086,6034
15046,4833
14922,4535
15535,4400
15315,4265
15271,9424
15163,4671
15135,3903
14993,3910
14988,4969
14533,3791
13892,3772
13636,7901
13074,4300
12882,3364
12642,3686
12378,3694
12282,3134
12202,3233
11469,3313
11325,2909
11085,3332
11069,3276
10965,2988
10665,2700
10633,2826
10593,3220
10481,2777
10477,2683
10253,3028
10189,2645
9777,2667
9681,2850
9633,2423
9457,2414
9409,2679
9329,2720
9097,2355
9065,2298
9033,2654
9029,2217
8885,2181
8853,2612
8797,2232
8781,2176
8192,2391
8180,2296
8160,1927
8128,1983
8052,2293
8052,2006
8044,1986
8008,2333
8004,1939
7936,1934
7932,2376
7674,2198
7674,1852
7642,1959
7385,1944
7289,1720
7193,1674
7193,1950
7169,1719
6792,1552
6792,1911
6760,1652
6696,1470
6664,1598
6664,1386
6544,1570
21596,4960
21524,6171
21296,5733
20420,5409
20196,5033
19364,4609
19092,5053
18772,5408
18324,5181
18132,5262
17860,5160
17780,4914
17284,4696
17172,4938
17072,5056
16904,4564
16496,4275
16368,4103
16196,3922
16068,3949
15252,3996
15212,3886
15088,3538
15000,3701
15489,4131
15453,4086
15329,9184
15301,4823
15159,4076
15154,3676
14699,3761
14058,3750
13802,3521
13240,3403
13048,3531
12808,3243
12544,10764
12448,4702
12368,3751
11635,2670
11491,2778
11251,3212
11235,9368
11131,4309
10831,3180
10799,2514
10759,2720
10647,2905
10643,2865
10419,2909
10355,3162
9943,2992
9847,2736
9799,2593
9623,3080
9575,2708
9495,2495
9263,2747
9231,2553
9199,2492
9195,2774
9051,2630
9019,2368
8963,7952
8947,3951
8358,2709
8346,1838
8326,2555
8294,2208
8218,2115
8210,2483
8210,2175
8174,2067
8170,2539
8102,2108
8098,1963
7840,1838
7808,2248
7808,1916
7519,1753
7455,6559
7359,3629
7359,2562
7335,1683
6958,1570
6926,1628
6926,2015
6862,1527
6830,1570
6830,1892
6710,1524
6702,1582
21578,5234
21374,6403
20510,5549
20254,5383
19502,4891
18990,4902
18830,4695
18414,4639
18254,5104
17998,5108
17926,4612
17350,4487
17238,5064
17122,4773
16698,4381
16538,4847
16382,4572
16254,4574
15442,4019
15386,4372
15286,4248
15174,3940
14962,3911
14926,4179
15603,5221
15483,4163
15451,4723
15321,4334
15057,4110
14256,3794
13968,3695
13936,3684
13214,3379
12974,3264
12710,3295
12614,3393
12534,3135
11801,3036
11657,3032
11417,2840
11401,2791
11297,2958
10997,2993
10965,2679
10925,2693
10813,2769
10809,2730
10585,2611
10141,2421
10109,2445
9997,2374
9965,2385
9789,2397
9661,2267
9645,2239
9429,2158
9397,2456
9365,2162
9361,2111
9201,2117
9185,2046
9129,2044
9105,2178
8524,1938
8512,7218
8492,4241
8460,2748
8384,1903
8376,2150
8340,2121
8336,1882
8336,1902
8268,1922
8200,1818
8006,1710
7974,1719
7717,6111
7685,3911
7621,2480
7525,1753
7501,1691
7501,1759
7124,1614
7092,1780
7028,1634
7028,1605
6996,1877
6876,1557
6876,1588
6868,1703
6868,1553
6832,1572
20616,4797
20296,5757
19644,4940
19388,5075
18972,4602
18620,4596
18428,4958
18156,4712
18068,4701
17580,4235
17468,4387
17368,4444
17200,4533
16792,4127
16664,4151
16492,4128
16364,3956
15584,3852
15544,3857
15420,4123
15340,3685
15128,3788
15092,3869
15661,3930
15649,3877
15617,4099
15487,10414
15223,4930
14422,4090
14134,3489
14102,3713
13380,3453
13188,3532
12876,3503
12844,3169
12764,3288
11999,10345
11967,4387
11791,3568
11583,2622
11567,3217
11415,7325
11163,3996
11131,2931
11075,2616
10979,8767
10975,6931
10751,3799
10307,2927
10275,3069
10179,3130
10131,2868
9955,2875
9907,10205
9827,4186
9811,3039
9595,6437
9563,3997
9527,2799
9383,2564
9351,2655
9351,2852
9295,2128
9271,2534
8690,7148
8678,4492
8658,2943
8626,2170
8550,2684
8542,2410
8506,2424
8502,2899
8502,2584
8434,2406
8366,2195
8172,2552
8140,2430
8140,2078
7851,2057
7787,2409
7691,2111
7691,2043
7667,2458
7290,2190
7258,1798
7258,1846
7194,1889
7162,1552
7162,1567
7042,1688
7034,1919
7034,1679
21774,5175
21506,5684
20674,5140
19842,4869
19570,6266
19250,5092
19130,5149
18738,5624
18338,5262
18258,5193
17778,5218
17674,5224
17562,5025
17446,5032
17022,4858
16862,4433
16706,4711
16578,4681
15774,4646
15718,4236
15618,4405
15506,4580
15294,3989
15951,4638
15935,5214
15815,4799
15783,4364
15657,4950
15389,4413
14588,4078
14492,13548
14268,4598
13738,3830
13354,3267
13306,4016
13010,3420
12946,3608
12165,3682
12133,3339
11957,3288
11749,11318
11733,4482
11581,3557
11329,2900
11297,3505
11241,3213
11145,2822
11141,3562
10917,10054
10473,4254
10441,3019
10345,2327
10297,2745
10121,3002
10073,2463
9993,2351
9761,2791
9729,2625
9697,2437
9693,2500
9549,2815
9517,2588
9461,2354
9445,2488
8856,2016
8844,2279
8824,2246
8824,2008
8792,2155
8716,1906
8708,2195
8672,2117
8668,2102
8600,2583
8596,2055
8532,2025
8338,2574
8306,1993
8049,1891
8017,2245
7953,1787
7857,6402
7833,4696
7833,2844
7456,1683
7424,1760
7360,2126
7360,1481
7328,1970
7208,1915
7208,1534
7200,1592
21952,5064
21864,6208
21000,5657
20744,5902
19768,5693
19480,5401
19320,4964
18904,5538
18744,5298
18488,9995
18416,5191
17928,4789
17728,4365
17612,4361
17188,4936
17028,4472
16872,4434
16744,4775
15940,4621
15884,3845
15876,3944
15752,4202
15664,3897
16145,4070
16101,10828
15981,5536
15965,4477
15823,4682
15619,7998
15363,4617
14722,3682
14466,3915
13904,6649
13520,4167
13472,3795
13176,3387
13112,4034
12331,3539
12299,3467
12155,3356
11915,3466
11899,3416
11747,3266
11495,3098
11463,3223
11423,3253
11311,3051
11307,3153
11083,3044
11019,2732
10607,3190
10511,3305
10463,2915
10287,3155
10239,3636
10159,2783
9927,2916
9895,2719
9863,2540
9859,2218
9715,2278
9683,8479
9627,4404
9611,2817
9022,2114
9010,1986
8990,2097
8958,2358
8958,2050
8882,2001
8874,2379
8838,2010
8834,2047
8766,2355
8762,2071
8698,1899
8504,1914
8472,2002
8215,1810
8119,1759
8119,2009
8023,1725
7999,6485
7622,3853
7622,2425
7590,1715
7526,1538
7526,1886
7494,1553
7374,1492
7374,1684
7366,5523
22118,5379
21838,6489
21166,5880
20174,5367
19934,5113
19582,4957
19462,5309
19070,5125
18910,5167
18590,5144
18110,9708
18006,5195
17894,4643
17778,4366
17354,4511
17194,4609
17038,4512
16910,4461
16106,4450
16050,4277
15950,3813
15838,4099
15626,4211
16283,4194
16267,4340
16147,4600
16115,4176
15989,4271
15721,4300
14920,3955
14824,3754
14600,3967
13878,3897
13686,3454
13374,3485
13342,3704
13262,11700
12497,4528
12337,3577
12289,2901
12081,3297
11961,3174
11913,3313
11661,2965
11589,3048
11573,3354
11477,2949
11249,2806
11217,3313
10805,2759
10773,2629
10661,2775
10453,2758
10405,2536
10325,2514
10309,2928
10093,2428
10061,2581
10029,3087
10025,2767
9865,2751
9849,10415
9793,4291
9769,2639
9188,2431
9176,2447
9156,2215
9124,2230
9048,2478
9040,2459
9004,2385
9000,2519
9000,2519
8932,2459
8864,2679
8670,2500
8638,2034
8381,2171
8349,1884
8285,1962
8189,1794
8165,2366
8165,2110
7788,1640
7756,1769
7692,1743
7692,1603
7660,1756
7540,1890
7540,1547
7532,1569
7496,2193
22176,5628
21312,6263
21056,5788
20096,5550
19808,5094
19648,6027
19232,5850
19072,5128
18816,5331
18744,5109
18168,5101
18056,5269
17940,5504
17516,5042
17356,4800
17200,5234
17072,5105
16272,4466
16216,4468
16116,4574
16004,3909
15996,4768
16477,5145
16433,16472
16313,6652
16281,4435
16155,4338
15887,5031
15086,4410
14990,4193
14766,3904
14044,4021
13852,3927
13540,3558
13508,3437
13428,3711
12663,3727
12503,3262
12455,3411
12247,3652
12127,3077
12079,3073
11827,3475
11755,3482
11739,10914
11643,4966
11639,3337
11383,3286
10971,2921
10939,2945
10827,3240
10795,3362
10571,2797
10491,2851
10475,9729
10259,4024
10227,3280
10195,2564
10191,2939
10047,2829
10015,2646
9959,2613
9943,2868
9354,7288
9342,4118
9322,2783
9290,2060
9214,2405
9214,2208
9206,2394
9170,2799
9166,2515
9098,2410
9094,2230
8836,2440
8836,2527
8804,2145
8547,2024
8451,2225
8451,7230
8355,3749
8331,2858
7954,3633
7954,2501
7922,4305
7858,2530
7858,2381
7826,1977
7706,1871
7706,2031
7698,2014
7662,1907
22342,5559
21478,6771
21222,6722
20262,5370
19974,4898
19814,4770
19398,4938
19238,5817
18982,4810
18910,5255
18422,5194
18222,5359
18106,5233
17682,4743
17522,4355
17366,4874
17238,5034
16438,4519
16382,5230
16374,4427
16250,5093
16162,4725
16643,5706
16599,5691
16491,5138
16463,5408
16321,5785
16117,5149
15861,5100
15220,4732
14964,4747
14402,4343
14018,4529
13970,4620
13674,4625
13610,7578
12829,4299
12797,3842
12653,3725
12413,3496
12397,3414
12245,3760
11993,3430
11961,3313
11905,3474
11809,3609
11805,3251
11581,3146
11517,3431
11105,3139
11009,2938
10961,3338
10785,2961
10737,2974
10657,3187
10425,2912
10393,2511
10361,3024
10357,2910
10213,2742
10181,2437
10125,2788
10109,2683
9520,2475
9508,2897
9488,2668
9456,2412
9456,2443
9380,8051
9372,4550
9336,2846
9332,2719
9264,2472
9260,2355
9002,7296
9002,4185
8970,2620
8713,2016
8617,2308
8617,2062
8521,6572
8497,3615
8120,2369
8120,1823
8088,2150
8024,1778
8024,1865
7992,1929
7872,1807
7872,5942
7864,3934
7828,2802
21804,5444
21388,6226
20656,5561
20416,5465
20064,5986
19944,5390
19552,6087
19152,5473
19072,5330
18592,5349
18488,5485
18376,5175
18260,5253
17836,9297
17660,5401
17488,4582
17392,4852
16604,4677
16548,4444
16448,8721
16336,4977
16124,4498
16781,9028
16765,5301
16645,4771
16613,4470
16483,4932
16219,4740
15418,8228
15130,5072
15098,8641
14376,4931
14184,3738
13872,3720
13840,3899
13760,3734
12995,3598
12835,3665
12787,3526
12579,3392
12459,3328
12411,3480
12127,11220
12087,4472
12071,3077
11975,2933
11747,2949
11715,3329
11303,3610
11271,2847
11159,2874
10951,2957
10903,2985
10823,2767
10807,3170
10591,3054
10559,2725
10527,9168
10523,3812
10363,2710
10347,6558
10291,3672
10267,3002
9686,2862
9674,6056
9654,3286
9622,2593
9546,6032
9538,3289
9502,2560
9498,2237
9430,5404
9430,3113
9362,2584
9168,2152
9136,2501
8879,7298
8847,3470
8783,2685
8687,1772
8663,2103
8663,2159
8286,2205
8254,2208
8190,2115
8190,5821
8158,3516
8038,2341
8038,1963
8030,1827
7994,2187
7994,1991
21522,5250
21330,6546
20582,6204
20294,6287
20110,5150
19718,5249
19558,5147
19238,5721
18758,5120
18654,5216
18542,5234
18426,5150
18002,5162
17842,5046
17686,4792
17558,11865
16770,4397
16714,3937
16614,4529
16502,4230
16290,4696
16947,5716
16823,4654
16811,5651
16779,5136
16649,4379
16385,4687
15584,4269
15296,4421
15264,4554
14542,4151
14350,4175
14038,4237
13942,4174
13862,3651
13161,3725
13001,8937
12953,4661
12729,3672
12625,3636
12577,3417
12293,3319
12253,3724
12237,3879
12137,10381
11913,4420
11849,3320
11469,2828
11341,3189
11293,2940
11117,3127
11069,9201
10989,4316
10973,3314
10757,6144
10725,3833
10689,2743
10545,7293
10513,3779
10457,2753
10441,6005
9852,3268
9840,4920
9820,3057
9820,2446
9788,2506
9712,2279
9704,7738
9668,4142
9664,3105
9596,2348
9592,2384
9528,2272
9334,2479
9302,2163
9045,2061
8949,2173
8949,6879
8853,3931
8829,2727
8452,4036
8452,2358
8420,2264
8356,2178
8324,2473
8324,2190
8204,2128
8196,2462
8196,2152
8160,2074
8160,2108
8128,2375
20924,4951
20668,5405
20348,5204
20228,6005
19708,5603
19436,5260
19356,5148
18876,5276
18772,5197
18648,5533
18480,5405
18072,5274
17944,5425
17772,5668
17644,4879
16912,5018
16872,4887
16780,8603
16668,5005
16456,4762
16420,4632
16989,5016
16977,5608
16945,4910
16815,5296
16551,5167
15750,4405
15462,4693
15430,4811
14708,4064
14516,9156
14204,4698
14172,4850
14092,4121
13327,4452
13167,3865
13119,3756
12895,3907
12791,4043
12743,4079
12459,3514
12419,3719
12403,4412
12307,4151
12079,3485
12047,3762
11635,3607
11603,3354
11491,3394
11283,3496
11235,3633
11155,3096
11139,3404
10923,3618
10891,3169
10859,2760
10855,3143
10695,2883
10679,2702
10623,2870
10599,2801
10018,2705
10006,2508
9986,2598
9954,2797
9878,2475
9870,2449
9834,2401
9834,2693
9830,2708
9762,2453
9694,2821
9500,8294
9468,4284
9468,2494
9179,2158
9115,2269
9019,5789
9019,3142
8995,2774
8618,1835
8586,2025
8586,2398
8522,2068
8490,1925
8490,2364
8370,1976
8362,1891
8362,2013
8326,1833
8294,1868
8294,2132
21090,6631
20834,6375
20514,6225
20066,6391
19874,5677
19602,5421
19522,5654
19042,5101
18914,4528
18814,4904
18646,5080
18238,5548
18110,4807
17938,5441
17810,5302
17078,4760
17038,4317
16914,5193
16834,4657
16622,4740
16586,4644
17155,5505
17127,4780
17111,5716
16981,5376
16525,5282
15916,4160
15628,4810
15596,4488
14874,3870
14634,4496
14370,4603
14274,4210
14194,9229
13461,4301
13333,3659
13285,3591
13061,8304
12957,4226
12657,3482
12625,7624
12585,4473
12569,3542
12469,7490
12245,4345
12181,3577
11801,3211
11673,3040
11625,3417
11449,3185
11401,3128
11321,3473
11305,3270
11089,3087
11025,2937
11021,3247
10877,9367
10845,4696
10789,3033
10773,3019
10184,2678
10172,2632
10152,8907
10120,4004
10120,2768
10044,5684
10036,3661
10000,4708
9996,3397
9928,3141
9924,9045
9666,3352
9666,2738
9634,2370
9377,5989
9281,3681
9185,2698
9185,2286
9161,2316
8784,2569
8784,2455
8752,2201
8688,2290
8656,2199
8656,2098
8536,2147
8528,2511
8528,6362
8492,4047
8492,2912
8460,1976
8288,1878
20840,5178
20632,5346
20512,6911
20016,6712
19744,5475
19664,5809
19208,6031
19080,5160
18980,6568
18812,6016
18404,5954
18276,5426
18104,5911
17976,7605
17244,4897
17204,4781
17080,4753
17000,4968
16788,4647
16752,4944
16636,4812
17293,5045
17277,5223
17147,5210
16691,5074
16082,4625
15794,4878
15762,4726
15040,4678
14800,4345
14536,4295
14440,4525
14360,4109
13627,9927
13499,4465
13451,4073
13227,3829
13123,3561
13075,3778
12791,4836
12751,3615
12735,3487
12635,3657
12411,3639
12347,3396
11967,3265
11839,3515
11791,3261
11615,3250
11567,3740
11487,3484
11471,3570
11255,3463
11223,3538
11191,4415
11043,3295
11011,2918
10955,2892
10939,2886
10350,2700
10338,2691
10338,2687
10318,2712
10286,2689
10210,2651
10202,2576
10166,2638
10162,2617
10094,2570
10090,2612
10026,8009
9832,4344
9800,3283
9543,2294
9447,2323
9447,2660
9351,7168
9327,4010
8950,2828
8950,4716
8918,2846
8854,2050
8854,2292
8822,2392
8702,1952
8694,1973
8694,1941
8658,1951
8658,1929
8626,6078
8454,4217
8454,2745
20750,5160
20630,6750
20182,6372
19910,5823
19830,5686
19374,5423
19246,5385
19146,6045
18978,5811
18570,5708
18442,5793
18270,5568
18142,5374
17410,5345
17370,5575
17246,4909
17158,8095
16946,4916
16918,4775
16802,4526
17459,5130
17317,5347
17312,5050
16857,5271
16216,5505
15960,5035
15398,4359
15206,4607
14966,4623
14670,8481
14606,4787
14526,4306
13793,4001
13649,4067
13409,3830
13393,4010
13241,3813
12989,3634
12957,3866
12901,11718
12805,4931
12801,4130
12577,3962
12133,3894
12101,3402
12005,3507
11957,3580
11781,3840
11733,3407
11637,3073
11421,2879
11389,3347
11357,3298
11353,3078
11209,3237
11177,3240
11121,3267
11105,3226
10516,2827
10504,3294
10484,3409
10452,3000
10376,2683
10368,3215
10368,3230
10332,2963
10328,3041
10260,2997
10256,2999
9998,2623
9966,8332
9966,4628
9677,2703
9613,2094
9517,2257
9517,2705
9493,2755
9116,2372
9084,2365
9084,2659
9020,2481
8988,2276
8988,2365
8868,2327
8860,2429
8860,2389
8824,2297
8792,2508
8792,2503
8620,2283
8620,2134
8596,2213
20516,5168
20324,6151
20036,6268
19964,6214
19524,6137
19412,5797
19312,5757
19144,5640
18736,11200
18608,5794
18436,4813
18308,5259
17576,4985
17536,4945
17412,4945
17324,5214
17112,4939
17084,4740
16968,9587
16940,5584
17483,5338
17478,5393
17023,5015
16382,4769
16126,4725
15564,5155
15372,4752
15132,4306
14868,4491
14772,4787
14692,4212
13959,4135
13815,4256
13575,4191
13559,3886
13455,4020
13155,3980
13123,3695
13083,4162
12971,4196
12967,3650
12743,3713
12679,3700
12267,3576
12171,3571
12123,3525
11947,3700
11899,3475
11819,3706
11587,10320
11555,5032
11523,3071
11519,2875
11375,3431
11343,3308
11287,3304
11271,3338
10682,2875
10670,2874
10650,3076
10618,3053
10542,2869
10542,3025
10534,3109
10498,2768
10494,2800
10426,3055
10422,2811
10164,2741
10164,3077
10132,2763
9875,2666
9779,8461
9779,3727
9683,2551
9659,2159
9282,2470
9282,2675
9250,2283
9186,2302
9186,2632
9154,2379
9034,2301
9034,2596
9026,2357
8990,2236
8990,2280
8958,7538
8786,3814
8786,2885
8770,1840
8762,2351
20418,5045
20082,6204
20002,5685
19694,5617
19590,6417
19478,5965
19362,5840
18938,5622
18778,5581
18622,10625
18494,5835
17766,5273
17710,4873
17610,5160
17498,4724
17286,5199
17250,5272
17234,4856
17122,5241
17094,5042
17649,5401
17381,4989
16580,5384
16484,4902
16260,4982
15730,4396
15346,4549
15034,4785
15002,9693
14922,5258
14157,4052
14125,4077
13949,4023
13741,3859
13621,4078
13573,3828
13321,3993
13249,3837
13233,11942
13137,4921
13133,3978
12877,3108
12465,3463
12433,3463
12321,10960
12289,4344
12113,3641
11985,3078
11969,3118
11753,3192
11721,3194
11689,10773
11685,4682
11525,3304
11509,2940
11453,3338
11429,10343
10848,4189
10836,2991
10816,2679
10784,2883
10708,2980
10700,3100
10664,3030
10664,3172
10660,3173
10592,2978
10588,2922
10330,2921
10298,2741
10298,2978
10009,2749
9945,2656
9849,2508
9849,2750
9825,2753
9448,2587
9416,2548
9416,2321
9352,2423
9320,2508
9320,2499
9200,2382
9192,2351
9192,2458
9156,2277
9124,2272
9124,2225
8952,2225
8952,2074
8928,2020
8840,1931
20520,5107
20248,6076
20160,6538
19844,5936
19732,5619
19632,5578
19464,5463
19056,5530
18928,5181
18756,10772
18628,6000
17908,5341
17868,5140
17744,5302
17656,5220
17444,5038
17416,5052
17300,5086
17272,4923
17134,4829
17810,5625
17355,5327
16714,4939
16458,5037
15896,10031
15704,5304
15464,3945
15200,9577
15104,5203
15024,3837
14291,3872
14147,8256
13907,4837
13891,3864
13787,8051
13487,4740
13455,3733
13415,3706
13303,3877
13299,3880
13075,3585
13011,3635
12599,3485
12503,3452
12455,3405
12279,10841
12231,4887
12151,3638
11919,3042
11887,3406
11855,3394
11851,10498
11707,4132
11675,3647
11619,2814
11603,8271
11014,4025
11002,2784
10982,2539
10950,3357
10874,10227
10866,4172
10866,3332
10830,2698
10826,3261
10758,3005
10754,3035
10496,9346
10496,4352
10464,2844
10175,2264
10111,2762
10015,2773
10015,2730
9991,2811
9614,2599
9582,2382
9582,2744
9518,2352
9486,2588
9486,2705
9366,2273
9358,2465
9358,2389
9322,2293
9290,7687
9290,4142
9118,2597
9118,2059
9094,2069
9006,2384
9006,7314
20342,5033
20270,5911
20010,5585
19898,5191
19798,5857
19630,5186
19222,5476
19094,5728
18922,11096
18794,5907
18074,4664
18034,4990
17910,5007
17822,5875
17610,4954
17566,5029
17466,5097
17438,5070
17300,5012
17777,5550
17521,5089
16880,5132
16592,5101
16062,4892
15678,4767
15630,4688
15334,4748
15270,4783
14489,11621
14457,5072
14281,3940
14073,3945
13953,4187
13905,4079
13653,13064
13581,4830
13565,3864
13469,3613
13465,8324
13209,4466
12797,3600
12765,8042
12653,4398
12445,3390
12397,3536
12317,3586
12301,3292
12085,12698
12053,4631
12021,3379
12017,2924
11857,6674
11841,4050
11785,3266
11761,7873
11180,3903
11168,3196
11148,2724
11116,3166
11040,3020
11032,9951
10996,4201
10992,3379
10924,6096
10920,3625
10856,3052
10662,3159
10630,10819
10373,4006
10277,2740
10277,2320
10181,2700
10157,6841
9780,3849
9780,2862
9748,6351
9684,3594
9652,2650
9652,2616
9532,2941
9524,2528
9524,8011
9488,3657
9456,2911
9456,1969
9284,5982
9284,3430
9260,2700
9172,6003
9172,3316
9148,2529
9148,2430
20124,4878
20012,6107
19912,5405
19744,6114
19336,5586
19208,6180
19036,5801
18908,5704
18240,5255
18200,5739
18076,5658
17988,5513
17784,5076
17748,10872
17632,5418
17620,5125
17592,5224
17462,10042
17263,5385
17078,5109
16790,5191
16758,5350
16036,4759
15844,9594
15532,5004
15500,4224
15420,4412
14655,4457
14495,4253
14447,4887
14239,4098
14119,4138
14071,3877
13819,3891
13747,4093
13731,3839
13635,3855
13407,4109
13375,3736
12963,3509
12931,3731
12819,3631
12611,3642
12563,12387
12483,4408
12467,3241
12251,3271
12219,3463
12187,3257
12183,3295
12023,3539
11951,3632
11935,3205
11346,11469
11334,4388
11314,3398
11282,2853
11282,2959
11206,2927
11198,3135
11162,3055
11158,11353
11090,4543
11086,3263
10828,2831
10796,2911
10796,3092
10507,2731
10443,2832
10347,2895
10323,2685
10323,2654
9946,2614
9914,2718
9850,2453
9850,2698
9818,2642
9698,2483
9698,2451
9690,2503
9654,2404
9654,2531
9622,2512
9450,2586
9450,2336
9434,2397
9338,2595
9338,2296
9314,2282
9314,8385
9226,4006
9210,2734
19946,5098
19538,5807
19378,5740
19222,5609
19094,4943
18430,4725
18374,4697
18274,5313
18162,5193
17950,5453
17914,5147
17798,5090
17770,5165
17758,5164
17628,4939
17237,5045
16596,4903
16404,9087
15842,4936
16010,4995
15962,4566
15666,4513
15602,4487
14821,4631
14789,4507
14613,4190
14405,4006
14285,13710
14237,5333
13953,3925
13913,3855
13801,3829
13797,3861
13573,4198
13129,4010
13097,3625
12985,12379
12953,4793
12729,3371
12649,3630
12633,3444
12417,3434
12385,3553
12353,3303
12205,3359
12173,3400
12117,3502
12101,3467
11512,3147
11500,12045
11480,4715
11448,3068
11372,3169
11364,3337
11328,7203
11324,3848
11256,3253
11252,3151
11188,11358
10994,3902
10962,2773
10705,2611
10609,2773
10609,2898
10513,2882
10489,2712
10112,2604
10112,9777
10080,3957
10016,2673
10016,2262
9984,2709
9864,2470
9864,3063
9856,7861
9820,5202
9820,3231
9788,2467
9788,5395
9616,3240
9600,4700
9592,2889
9504,5193
9504,3186
9480,2360
9480,5542
9392,3448
9384,2554
9376,2248
9376,2209
9344,8403
9344,3738
19220,4985
19092,6296
18572,5660
18532,4833
18408,4905
18320,5254
18116,4926
18080,4987
17964,4970
17936,5173
17924,5106
17794,5389
17403,4634
16794,5002
16570,4763
16538,4656
15880,4469
15688,4734
15864,4894
15832,4619
15752,4997
14987,10305
14827,5408
14779,3907
14571,4275
14451,4055
14403,8860
14151,5307
14079,4133
14063,3694
13967,3804
13963,4288
13707,3941
13295,3424
13263,3798
13151,4157
13119,7341
12943,4709
12815,3504
12799,3476
12583,3258
12551,3955
12519,3817
12515,3363
12371,7903
12339,4774
12283,3356
12267,7410
11678,4684
11666,3194
11646,7017
11614,4374
11614,3452
11538,3226
11530,3772
11494,3307
11490,3047
11422,3218
11418,3343
11354,2888
11160,2902
11128,3205
10871,2989
10839,2840
10775,3032
10679,3128
10655,2787
10655,2970
10278,9320
10246,2511
10246,2265
10182,9077
10150,4583
10150,3159
10030,2802
10022,2695
10022,2483
9986,2970
9954,3150
9954,2457
9782,2484
9782,2946
9766,2645
9758,2427
9670,8337
9646,3539
9646,2630
9558,5358
9550,3536
9542,2481
9542,2456
9510,2725
19622,4798
19466,6685
19338,5149
18762,4850
18706,5037
18606,5427
18574,5257
18486,5147
18274,5603
18230,5819
18130,5718
18102,5545
17964,5629
17960,5575
17569,5267
16928,5138
16736,5041
16174,4823
16534,5031
16294,5006
16030,10293
15934,5554
15918,5004
15153,4548
14993,4521
14945,4468
14737,4410
14617,4383
14569,4604
14317,4771
14245,4785
14229,3762
14133,4717
14129,4430
13905,3848
13461,10144
13429,4932
13333,3501
13285,3746
13109,7904
13061,4154
12981,3625
12965,3529
12749,3951
12685,8119
12681,4756
12537,4085
12505,3847
12449,3456
12449,3608
12425,9293
11844,4672
11832,3256
11812,3704
11780,3517
11704,3064
11696,3321
11660,3706
11656,3055
11656,3432
11588,3811
11520,3528
11326,3016
11294,2979
11294,3260
11005,2678
10941,2880
10845,3274
10845,3068
10821,9194
10444,4369
10444,2961
10412,2405
10348,2665
10316,3225
10316,2551
10196,2718
10196,3028
10188,2892
10152,2669
10152,3064
10120,2787
9948,2478
9948,2330
9932,7609
9924,4070
9836,2755
9836,2650
9812,2392
9724,2468
9716,3194
9708,2539
20444,5147
20036,5779
19876,5879
19720,5744
19592,6277
18928,5534
18872,5688
18772,5764
18660,6235
18652,5272
18440,6172
18396,5829
18284,5314
18268,6085
18130,5958
17927,5025
17735,5864
17094,5501
17422,5795
16892,5739
16508,5452
16460,5400
16164,4713
16100,5413
15319,4964
15287,4686
15143,5110
14903,4822
14887,4107
14735,4944
14483,4697
14451,4226
14395,4784
14299,4411
14295,4056
14071,4142
14007,4418
13595,3659
13499,3858
13451,8741
13275,4700
13227,3664
13147,7106
13131,4134
12883,3684
12851,6915
12847,4548
12703,3394
12671,4119
12615,4135
12599,3487
12010,4143
11998,3705
11998,3469
11978,3265
11946,8360
11870,4445
11862,3179
11826,5940
11822,3475
11754,3323
11754,3859
11686,3277
11492,10061
11460,4739
11203,3191
11171,2736
11107,3610
11011,3537
10987,2939
10987,3347
10610,3013
10578,2675
10578,2667
10514,2960
10482,2596
10362,8391
10362,4354
10354,2994
10354,2399
10318,2957
10286,2746
10286,2728
10114,3117
10114,2324
10090,2270
10002,2837
10002,2236
9978,2306
9978,2251
9890,2755
9882,2274
20734,5816
20566,6070
20158,6476
20030,6221
19858,5727
19730,5874
19070,5847
19030,5940
18938,5884
18826,5473
18614,6114
18578,6156
18562,5380
18450,6200
18422,5780
18292,5467
18093,5525
17292,5459
17812,5155
17588,6123
17058,5532
16674,5406
16626,5049
16330,5440
16266,5363
15485,4458
15453,5155
15277,4992
15069,4198
15053,4273
14901,4826
14649,4886
14617,4562
14577,4864
14465,4735
14461,4063
14237,4797
14173,4721
13793,3881
13665,9251
13617,4265
13441,4173
13393,3705
13313,4286
13297,4197
13081,3494
13049,3770
13017,4094
13013,8523
12853,4723
12837,4161
12781,3151
12757,3691
12176,3942
12164,3859
12144,3441
12112,3986
12036,3616
12028,10091
11992,4820
11988,3243
11988,3057
11920,3369
11852,3635
11658,3558
11626,3302
11626,3710
11337,3522
11273,3197
11177,2989
11177,3340
11153,2892
10776,2599
10744,3350
10744,2838
10680,2858
10648,2960
10648,3208
10528,2851
10520,2877
10520,3357
10484,2469
10484,2591
10452,3038
10280,2888
10280,6329
10264,2584
10256,2746
10168,2628
10168,2577
10144,2555
10144,2671
21120,6707
20920,7593
20804,6477
20380,6617
20220,7226
20064,5729
19936,5556
19260,5247
19204,5198
19104,6849
18992,6684
18984,5106
18772,5086
18728,5080
18616,5188
18600,5228
18462,5741
18939,5753
18683,5946
17978,5345
17754,5646
17224,5533
16840,8269
16792,6670
16496,4420
16432,4489
15651,4482
15619,4384
15443,4712
15235,4378
15219,4418
15067,4621
14815,4336
14783,6649
14727,3989
14631,4448
14627,4162
14403,4059
13959,3917
13927,3935
13831,4091
13783,3873
13607,3855
13559,3918
13463,3781
13247,3728
13215,5513
13183,3806
13179,3859
13035,3987
13003,3601
12947,3727
12931,3439
12342,3319
12330,3364
12310,3270
12278,3206
12202,3242
12194,3381
12194,4183
12158,5435
12154,3512
12086,3400
12082,3279
11824,3404
11792,3469
11792,3276
11503,3111
11439,3418
11343,2952
11343,3044
11319,3273
10942,3149
10910,2939
10910,2876
10846,3819
10814,5520
10814,3580
10694,3315
10686,3234
10686,2928
10650,2782
10618,3095
10618,3098
10446,3131
10430,3464
10422,3521
10334,4075
10334,4372
10310,3463
10310,2894
10222,2824
21078,5486
20962,6276
20538,5989
20378,5828
20222,6335
20094,6514
19426,6187
19370,6468
19270,5740
19158,11660
19150,6556
18938,5544
18894,5363
18782,5421
18754,5868
18628,11798
18425,6066
18240,5525
18144,5908
17920,5830
17198,5358
17006,5150
16694,4756
16662,8953
16582,5595
15817,4780
15657,4969
15609,5040
15401,4852
15281,4238
15233,9518
14949,5162
14909,4229
14893,4175
14793,4247
14569,4393
14505,10408
14125,5057
13997,4110
13949,8868
13773,4950
13725,3944
13645,4068
13629,3973
13413,3979
13349,4093
13345,3971
13201,3840
13169,3681
13113,3514
13097,3631
12508,3403
12496,3293
12476,3339
12444,3521
12368,3642
12360,4571
12360,4587
12324,5390
12320,4943
12252,3770
12248,4146
11990,3540
11958,3549
11958,6377
11669,3412
11605,3988
11509,4161
11485,3975
11485,3167
11108,3015
11076,3209
11012,3261
11012,3136
10980,2980
10860,2969
10860,3056
10852,2833
10816,2830
10816,2783
10784,2951
10612,3023
10612,3605
10596,3259
10588,4575
10500,2567
10476,2627
10476,2631
10388,2496
10380,3473
10372,2978
10372,2741
20564,5504
20436,5868
20264,5852
20136,5542
19568,5987
19528,5471
19404,5699
19316,6137
19104,11966
19060,5950
18948,5342
18932,5166
18794,5115
18591,5061
18399,5779
17758,5152
17534,4840
17556,5726
17172,5782
16860,5628
16828,5094
16748,5390
15983,5077
15823,4501
15775,4392
15567,4861
15447,4797
15399,4359
15115,4749
15075,4865
15059,4183
14959,4656
14735,4518
14671,4238
14291,3856
14163,11464
14115,4908
13939,3927
13891,3615
13811,3975
13795,3736
13547,8509
13515,4458
13511,3377
13367,3246
13335,3518
13279,3507
13263,3402
12674,3451
12662,3310
12642,3226
12610,3350
12534,3278
12526,3104
12490,3151
12486,3416
12486,3151
12418,10923
12350,4765
12156,3389
12124,2734
11867,2971
11771,2944
11771,2866
11675,2925
11651,2803
11274,8303
11274,4179
11242,3112
11178,2369
11146,2549
11146,2846
11026,2525
11018,2502
11018,2862
10982,8589
10950,3872
10950,3140
10778,2303
10762,2550
10754,2649
10666,2698
10666,9085
10642,3761
10554,3289
10546,2599
10538,2317
10538,2310
10506,2466
10506,2388
10490,2290
10490,2248
19758,5067
19702,5634
19602,5829
19490,5962
19278,5879
19242,5915
19226,5815
19114,5779
19086,6135
18956,5651
18757,5469
17956,5590
17732,5267
17700,5114
17042,4573
16802,5120
16570,5066
16930,12072
16850,5713
16117,5410
15973,5190
15733,5272
15717,4888
15613,4988
15313,4164
15281,4643
15241,4761
15129,4730
15125,4759
14901,5038
14457,4657
14425,9637
14313,4604
14281,4069
14105,4188
13977,4112
13961,4204
13745,4060
13713,4191
13681,4043
13677,4072
13517,3605
13501,3865
13445,4153
13421,4064
12840,3772
12828,3962
12808,3899
12776,3790
12700,8759
12692,3965
12656,3553
12652,3452
12584,3675
12580,3602
12516,3432
12322,3516
12290,3594
12033,3349
11937,7327
11937,3550
11841,3241
11817,2995
11440,2875
11440,3155
11408,3353
11344,2934
11312,2695
11312,3192
11192,3145
11184,2991
11184,2764
11148,2976
11116,3028
11116,2784
10944,2623
10944,3045
10920,2586
10832,2551
10832,2539
10808,2726
10808,2525
10720,2639
10704,2614
10704,2798
10672,2353
10672,8029
10656,3397
10656,2435
10324,2119
10324,2663
10320,5642
19544,5877
19400,5992
19392,6455
19348,6354
19236,5338
19220,6343
19092,6039
18889,6191
18697,5820
18056,5662
17832,5292
17302,5403
16982,4982
16934,4975
16670,5107
16606,5197
16281,5155
16249,4880
16105,4853
15865,4806
15849,4257
15745,4737
15445,4654
15413,4975
15373,4385
15357,4427
15257,4651
15033,4419
14969,4404
14589,4396
14557,4147
14413,3897
14237,4179
14189,4416
14109,3753
14093,3997
13877,4373
13845,3713
13813,3773
13809,4180
13649,3856
13633,3847
13577,3940
13553,4145
12972,3559
12960,3416
12940,3620
12908,3460
12832,3528
12832,8001
12824,4199
12788,3251
12784,3342
12716,3879
12712,3437
12648,7556
12454,4235
12422,3289
12165,3079
12133,3421
12069,3314
11973,9763
11949,4021
11949,3551
11572,2790
11540,3377
11540,3260
11476,2966
11444,3016
11444,10209
11324,4297
11316,2947
11316,2720
11280,6676
11280,3462
11248,2413
11076,2687
11076,2950
11060,2764
11052,3127
10964,2933
10964,2787
10940,2812
10940,2990
10852,2794
10844,2642
10836,2720
10836,2850
10804,2505
10804,2714
10788,2848
10788,2909
20032,5485
20000,6901
19900,6159
19788,6747
19576,5690
19568,5804
19524,5522
19412,5313
19396,6149
19258,6373
19254,6085
18863,6163
18222,5533
18030,5542
17468,5367
17340,5663
17636,5972
17324,5352
17292,5645
17212,10371
16447,5434
16415,4972
16239,5122
16031,5533
16015,4960
15911,4931
15611,4833
15579,4643
15539,4743
15523,4566
15427,4646
15199,4834
15167,4998
14755,4677
14723,4844
14611,4076
14579,4596
14403,4680
14355,4306
14275,3919
14259,4675
14043,4205
14011,4091
13979,4178
13975,4068
13815,3596
13799,3835
13743,4217
13727,3919
13138,3567
13126,4025
13126,3737
13106,3513
13074,11612
12998,4437
12990,3859
12954,3484
12954,3928
12950,3487
12882,3889
12878,3712
12620,3364
12620,11561
12588,4915
12331,3786
12299,3118
12235,6020
12139,4125
12115,3309
12115,3280
11738,3383
11706,3249
11706,9441
11642,3279
11610,3191
11610,2579
11490,7621
11482,4047
11482,6664
11446,3485
11446,5955
11414,3734
11242,2790
11242,2620
11226,2652
11218,3034
11130,2606
11130,2495
11106,8545
11106,4184
11018,3022
11010,2480
21834,6044
21674,7049
21282,6635
21154,6431
20982,6263
20854,6037
20198,6279
20158,7029
20066,5813
19954,6340
19742,6115
19706,5795
19690,6314
19578,6170
19550,6192
19424,5651
19837,6361
19036,5831
18940,6170
18716,6056
18186,5715
17802,5203
17754,5540
17458,5571
17394,5168
17314,4976
16581,5287
16437,5054
16197,4827
16181,4918
16077,4882
15777,4692
15745,4745
15705,4592
15689,4602
15589,4189
15365,4539
15333,4505
14921,4154
14889,4208
14777,4342
14745,4308
14521,3764
14441,3976
14425,9586
14209,4995
14177,4032
14145,3936
14141,3718
13997,3927
13965,4103
13909,3889
13893,3780
13304,3903
13292,3745
13272,3458
13240,3660
13240,3681
13164,3722
13156,3920
13120,3865
13116,3745
13048,3534
13048,10852
12980,4749
12786,3744
12754,3221
12497,3525
12465,3390
12401,10385
12305,4552
12281,3507
12281,3233
11904,3624
11872,3480
11872,3144
11808,3298
11776,3479
11776,9547
11656,4495
11648,2785
11648,2784
11612,5254
11580,3490
11580,3532
11408,7105
11408,3898
11392,3075
11384,2624
11296,3013
11272,3174
11272,2923
22264,6458
22160,7271
22036,6808
21868,6566
21460,6413
21332,6211
21160,6399
21032,5977
20364,5591
20332,5801
20232,6132
20120,6238
19908,5936
19872,5966
19856,6154
20429,6415
20397,6452
20267,6682
20003,5973
19202,6008
19106,5983
18882,5630
18160,5735
17968,5599
17656,5152
17624,5325
17544,5274
16779,5296
16619,4708
16571,5378
16363,5009
16243,4607
16195,5218
15943,4777
15871,5013
15855,4532
15759,5208
15755,5125
15499,4425
15087,4752
15055,4841
14943,4558
14911,9267
14687,4928
14607,4278
14591,3962
14375,4267
14343,4241
14311,4221
14307,3934
14147,4255
14131,4191
14075,4042
14051,9422
13470,4214
13458,3824
13438,3381
13406,3836
13330,4021
13322,3509
13322,9210
13286,4837
13282,3736
13214,3419
13210,3913
12952,3807
12952,3598
12920,4003
12631,3827
12567,10522
12471,4143
12471,3726
12447,3198
12070,2994
12038,3575
12038,3473
11974,3130
11942,3152
11942,3731
11822,2921
11814,3056
11814,3557
11778,3196
11778,3102
11746,3522
11574,3052
11574,3053
11558,3180
11550,3257
11462,2885
11462,3395
11438,2926
22430,6291
22326,7072
22214,6807
22098,6649
21674,6722
21514,6315
21358,7016
21230,6865
20554,6329
20498,6745
20398,6571
20286,6585
20278,6637
20066,6135
20022,5667
20595,6074
20579,6236
20437,5921
20233,6481
19977,6067
19272,6493
19048,6038
18518,5574
18134,11189
18086,5810
17790,4838
17726,5561
16945,5293
16913,5171
16769,5300
16529,5055
16513,5366
16361,5097
16109,4540
16077,4885
16037,4950
15925,5154
15921,4328
15697,4318
15633,4487
15221,5162
15125,4359
15077,4388
14901,4472
14853,4671
14773,3813
14757,4129
14541,4035
14509,3810
14473,3745
14329,3844
14297,3991
14241,10811
14225,4940
14217,3738
13636,3646
13624,3771
13604,4188
13572,3865
13496,3587
13488,3688
13452,3958
13448,3619
13380,3503
13380,10626
13312,4760
13118,4132
13086,3407
12829,3884
12797,3335
12733,3301
12637,7551
12613,4083
12613,2866
12236,3100
12204,7941
12204,4134
12140,3104
12108,6787
12108,3802
11988,3114
11980,3181
11980,3148
11944,9816
11912,3915
11912,3223
11740,2592
11740,2906
11724,7239
11716,3455
11628,2629
11604,2584
22900,6529
22648,7095
22544,7143
22432,6895
22316,7350
21892,7159
21732,6651
21576,6617
21448,6712
20720,6236
20664,6306
20564,5775
20452,5784
20240,5656
20232,5819
20881,6488
20761,6356
20729,14909
20603,6749
20399,6952
19534,6301
19438,6309
19214,6287
18684,6236
18300,5025
18252,4979
17956,5104
17892,5020
17111,5168
17079,5510
16903,5185
16695,4765
16679,11409
16527,4711
16275,4388
16243,4954
16203,5106
16091,4831
16087,10278
15863,5443
15799,4463
15387,4192
15291,4860
15243,4498
15067,4305
15019,4670
14939,4393
14923,4327
14707,4511
14675,4622
14643,4350
14639,4226
14479,4259
14463,4353
14407,4096
14383,4212
13802,4215
13790,4154
13770,3953
13738,4272
13662,4149
13654,3659
13618,4333
13614,4243
13614,3847
13546,4077
13478,3990
13284,3878
13252,9111
13252,4457
12963,3954
12899,4062
12803,3457
12803,3386
12779,3321
12402,3174
12402,3454
12370,3171
12306,3122
12306,3292
12274,3079
12154,3020
12154,3192
12146,3127
12110,3179
12110,3030
12078,3182
12078,2998
11906,2932
11906,3061
11882,2814
11794,2910
23474,7083
23202,7529
23114,7097
22798,6597
22686,6487
22586,6562
22418,6496
22010,6240
21882,6200
21710,6283
21582,6145
20862,6070
20822,6755
20698,6591
20618,6703
21099,7121
21063,6650
20939,6624
20927,6617
20895,7508
20765,6518
20309,13691
19700,6741
19412,6104
19380,5615
18658,5310
18466,5519
18154,6150
18122,5719
18042,5707
17277,5247
17117,5337
17069,5530
16861,5168
16741,5259
16693,5067
16441,4962
16369,4976
16353,4830
16257,4731
16029,4543
15997,4903
15585,10315
15553,5277
15441,4486
15233,4691
15185,4367
15105,4525
15089,4384
14873,4432
14841,4541
14809,4642
14805,9210
14645,4680
14629,9774
14573,4450
14549,4023
13968,4074
13956,4263
13936,3908
13904,4022
13828,3969
13820,3886
13784,3791
13780,4019
13780,3763
13712,3827
13644,4209
13450,3967
13418,3884
13161,4091
13129,3789
13065,3430
12969,3877
12945,3806
12945,3659
12568,3287
12536,3593
12472,3476
12472,3232
12440,3425
12320,3403
12320,3174
12312,3117
12276,3550
12276,3106
12244,3131
12244,3481
12072,3293
12056,3024
12048,3349
11960,3306
23496,7118
23352,8782
23280,7545
22876,7053
22764,6790
22648,6874
22224,6982
22064,6605
21908,6697
21780,7206
21052,6181
20996,6467
20896,6215
20864,6612
21477,6596
21257,6415
21213,6301
21093,6748
21077,6972
20935,6679
20731,6448
20475,5868
19834,5822
19546,5899
19016,6035
18632,5309
18584,5332
18288,5248
18224,5591
17443,5243
17411,5259
17267,5532
17027,5091
17011,11014
16859,5337
16607,4893
16575,5108
16535,5507
16423,4929
16419,5026
16195,5172
16131,4671
15751,4869
15623,4809
15575,4666
15399,4717
15351,4865
15271,4432
15255,4644
15039,4662
15007,4481
14975,4697
14971,9040
14811,4727
14795,4594
14739,5042
14715,4148
14134,4302
14122,4552
14102,3925
14070,4045
13994,4330
13986,3928
13950,4098
13950,4318
13946,3879
13878,3806
13874,3980
13616,4005
13616,3906
13584,4131
13327,3794
13231,3737
13231,3875
13135,3662
13111,3468
12734,3458
12734,3433
12702,3471
12638,3359
12638,3478
12606,3346
12486,3150
12486,3321
12478,3474
12478,3351
12442,3180
12410,3371
12410,3293
12238,2954
12238,8222
12222,4131
24134,7163
23942,7988
23670,7621
23590,7709
23158,7413
23054,7012
22942,7089
22826,7126
22402,6738
22242,6746
22086,6645
21958,6509
21218,6375
21162,6565
21779,7198
21651,6835
21643,6728
21423,6487
21379,6620
21271,6789
21243,6910
21101,7143
21096,7132
20641,7290
20032,6725
19744,6047
19712,6770
18990,6238
18798,5785
18486,5756
18454,6048
18374,5537
17609,5567
17577,5747
17401,5214
17193,5567
17177,5748
17025,5161
16773,5377
16741,5531
16701,5188
16589,4956
16585,5058
16361,5103
16297,4753
15917,4713
15885,5486
15741,4344
15565,4608
15517,4728
15437,4591
15421,4280
15205,4528
15173,4560
15141,4180
15137,11255
14993,5223
14961,4319
14905,3845
14889,4261
14300,3899
14288,7412
14288,4829
14268,4432
14236,8882
14160,4451
14152,4060
14116,3837
14116,3832
14112,4221
14044,4159
14040,3893
13782,4288
13782,9590
13750,4585
13493,3921
13397,3957
13397,3583
13301,3809
13277,3955
13277,3633
12900,3401
12868,3935
12868,3491
12804,3413
12772,3430
12772,3618
12652,3259
12644,10635
12644,4150
12608,3709
12608,3298
26040,8072
25436,9272
25196,9141
24844,8680
24724,7804
24332,8358
24172,8497
23852,9043
23372,9360
23268,7256
23156,7211
23040,7356
22616,7046
22456,6997
23041,7511
22913,7438
22109,6973
22045,7313
21945,8384
21817,7881
21809,7907
21589,8419
21545,7347
21425,7352
21409,7334
21267,6735
21063,7010
20807,7404
20166,7517
19878,6708
19348,6650
18964,6993
18916,6849
18620,5634
18556,5989
17775,5688
17743,5547
17599,6245
17359,5747
17343,5582
17239,5409
16939,5533
16907,5518
16867,5857
16755,5472
16751,5336
16527,5054
16463,4678
16083,4635
15955,4560
15907,4937
15731,4903
15683,4689
15603,4365
15587,4982
15371,4574
15339,4716
15307,4922
15303,4925
15143,4760
15127,4756
15071,4702
15047,4647
14466,4059
14454,4402
14434,4605
14402,4260
14326,4404
14318,4335
14282,4272
14282,3882
14278,4469
14210,4125
14206,4181
13948,4215
13948,9512
13916,5024
13659,3731
13563,7466
13563,4306
13467,3621
13443,7051
13066,4220
13066,3654
13034,3788
12970,3476
12970,3444
12938,3840
12818,3528
12818,3459
12810,3595
12774,3574
27454,8819
26590,12182
26334,10189
25598,9957
25086,10176
24926,8727
24574,8574
24382,8648
24094,7878
24022,7973
23534,8399
23422,7874
23322,7948
23923,9291
23499,8164
23363,8449
23187,7900
23043,8045
22251,7609
22203,7424
22079,8066
21983,7129
21763,7057
21727,7062
21603,6977
21591,7067
21559,7236
21429,7458
21165,7173
20364,6540
20076,6590
20044,6306
19322,5996
19130,6180
18818,5741
18786,6002
18706,5827
17941,5628
17909,6208
17733,5500
17525,5928
17509,5941
17357,5735
17105,5737
17073,5720
17017,5265
16921,5746
16917,5840
16693,5651
16629,5660
16217,5346
16121,5243
16073,4717
15897,5251
15849,5373
15769,4751
15753,5310
15537,5320
15505,9873
15473,5182
15469,5101
15309,4695
15293,5073
15237,5020
15213,4222
14632,8523
14620,4755
14600,4754
14568,4239
14492,4672
14484,4731
14484,4338
14448,4914
14444,5150
14376,4055
14372,4835
14308,4991
14114,3930
14082,4050
13825,4183
13729,4242
13729,3750
13633,3459
13609,8834
13609,5020
13232,3552
13200,3154
13200,3754
13136,3317
13104,3467
13104,8043
12984,3853
28036,9170
27964,11705
27736,9433
27468,10225
26636,9403
25804,8922
25532,8353
25212,8561
25092,8655
24572,8592
24300,7958
24220,7932
23740,7553
24409,8150
24285,8400
24113,8976
23689,7961
23561,8608
23377,8180
23233,7971
22417,7666
22377,7435
22277,7645
22149,7455
21937,7176
21893,7030
21769,6947
21757,7056
21725,6854
21595,6936
21331,6759
20530,6449
20242,6315
20210,6295
19488,6272
19296,5751
18984,5438
18952,5787
18872,6146
18107,5969
17947,5569
17899,6158
17691,5588
17571,5797
17523,5949
17271,5734
17199,5936
17183,5337
17087,5385
16859,5194
16827,5127
16415,4871
16383,5110
16271,5018
16239,9541
16015,4903
15935,4279
15919,4764
15703,4614
15671,4687
15639,4705
15635,4755
15475,4664
15459,9051
15403,4817
15379,4096
14798,4353
14786,4240
14766,4213
14734,10035
14658,4855
14650,4039
14614,4149
14614,4154
14610,4328
14542,4223
14538,4294
14280,4038
14248,4004
14248,3924
13959,3987
13895,3778
13799,3876
13799,3793
13775,3766
13398,3549
13366,3480
13366,3677
13302,10899
13270,4499
13270,3538
13150,3332
28122,8721
28050,9765
27890,9621
27014,8967
26790,9220
25942,8302
25686,7965
25270,9173
24918,8853
24726,7704
24438,8104
24366,7748
23878,7594
24539,7719
24435,7751
24267,7582
23731,7842
23563,7349
23435,7654
22607,7428
22543,7279
22443,7094
22395,6876
22307,6757
22087,6712
22043,6591
21923,6504
21891,6554
21765,6473
21497,6319
20696,6149
20600,6083
20376,5980
19654,6068
19462,5971
19150,5775
19118,5783
19038,5681
18273,5683
18113,5350
18065,5324
17841,5224
17737,11563
17437,5552
17405,4637
17365,4922
17253,10627
17249,5535
17025,4939
16961,4779
16549,4871
16453,4887
16405,4734
16229,4796
16101,4658
16085,4477
15869,4506
15837,10073
15805,5016
15801,4518
15641,9991
15625,5029
15569,4125
15545,9965
14964,4711
14952,3880
14932,9590
14900,4775
14824,3895
14816,4185
14780,8921
14776,4734
14708,3699
14704,4222
14446,4042
14414,10636
14414,4745
14125,3791
14061,3968
13965,3865
13941,3916
13941,3831
13564,3741
13532,3709
13468,11213
13468,4531
13436,3671
13316,8091
13308,4344
13308,3420
13272,7823
13240,4161
26416,8356
26084,8584
25572,8224
25412,8011
25060,7956
24836,8095
24580,7831
24036,7789
23932,7710
23820,7728
23704,7397
23280,7323
23104,7229
23673,7669
23529,7515
22749,7780
22701,7010
22577,8041
22473,7886
22253,7625
22209,7982
22089,7386
22057,7349
21931,7426
21663,7098
20862,6781
20574,6308
20542,6334
19820,5941
19580,6321
19316,6503
19220,6418
18439,5858
18407,5918
18231,5220
18023,5875
17903,11446
17855,6131
17571,5280
17531,5182
17515,5035
17415,5367
17191,5272
17127,4997
16715,5609
16603,4876
16571,9321
16347,5117
16267,4521
16251,4490
16035,4699
16003,4602
15971,4675
15967,4892
15791,4675
15735,4667
15719,4686
15130,4323
15118,4145
15098,4478
15066,4466
14990,4300
14982,3973
14946,4313
14946,9873
14942,4915
14874,3973
14806,3863
14612,3772
14580,4158
14323,9272
14291,4793
14227,3753
14131,3808
14107,3720
14107,9655
13730,4653
13698,3664
13634,3229
13634,7437
13602,4276
13482,3551
13482,3663
13474,8054
13438,4394
13438,3651
13406,3485
13234,3487
13234,3378
13218,3419
13210,11176
13122,4249
24530,7354
24450,9044
24142,7958
24038,8012
23926,7933
23746,7659
23338,7558
23210,7348
23038,7189
22910,7589
22190,6959
22150,6945
22743,7677
22647,7899
22427,7953
22391,7850
22267,7596
22239,7742
22223,6933
22092,7054
21637,6972
21028,7383
20740,6821
20178,6693
19986,6310
19746,6321
19482,6254
19386,6519
19306,6172
18573,5728
18429,5585
18189,5918
18173,5696
18021,5631
17769,5334
17737,5334
17681,5589
17585,5719
17581,5664
17325,5354
16913,4903
16881,5363
16769,5253
16737,5235
16513,5156
16433,5096
16417,5185
16201,4937
16169,5089
16137,4781
16133,10010
15973,5078
15957,4672
15885,4789
15296,4535
15284,8216
15264,5053
15264,4463
15232,4660
15156,4551
15148,4401
15112,4419
15108,4076
15040,4216
15036,9757
14778,4989
14746,4205
14746,4109
14457,4140
14393,3960
14297,4046
14273,4271
14273,3936
13896,3822
13864,3731
13800,3814
13800,3851
13768,3876
13648,4013
13648,11546
13640,4636
13604,3653
13604,3299
13572,3746
13400,3843
13400,8239
13384,4137
13288,3226
13288,3096
13264,3398
13264,3406
13176,3381
24120,7024
24028,7931
23860,7558
23452,7324
23324,7297
23152,7064
23024,7524
22356,7105
22316,7059
22192,6602
22104,6590
21892,6457
22541,6961
22433,6861
22405,6819
22263,6843
22059,6633
21803,6617
21162,6526
20874,6101
20344,5922
19960,5756
19912,5902
19616,5977
19552,6181
18771,5763
18739,5828
18563,5921
18355,6175
18235,5711
18187,5811
17935,5576
17863,5534
17847,5535
17751,5863
17747,5559
17491,5352
17079,4993
17047,10420
16935,5432
16727,4945
16679,4894
16599,4913
16583,5031
16367,4717
16335,4966
16303,4715
16299,4764
16139,4700
16123,4905
16067,4827
16043,4610
15462,4608
15450,4409
15430,8986
15398,5103
15322,4227
15314,4261
15278,4337
15274,4365
15206,4320
15202,4389
14944,4142
14944,4229
14912,4174
14623,3939
14559,3838
14463,4061
14463,4003
14439,3872
14062,3847
14030,3796
14030,3675
13966,3756
13934,3870
13934,3531
13814,11807
13806,4806
13770,3564
13770,3272
13738,3672
13738,3921
13566,8675
13550,4346
13542,3598
13454,3540
13454,3474
13430,3664
13342,11045
13334,4684
13326,3633
13326,3370
23630,6921
23470,8592
23314,7966
23186,8014
22546,7473
22490,7720
22390,7307
22278,7263
22066,7057
22030,7248
22014,6893
21902,6542
22555,7205
22425,7037
22161,6763
21360,6571
21072,6298
21040,6206
20318,6139
20126,5853
19814,5854
19782,6085
19702,6087
18937,6214
18777,6330
18729,6041
18505,12292
18401,6356
18353,5366
18069,5592
18029,5615
18013,5404
17917,5217
17689,5310
17657,5343
17245,5006
17213,5014
17069,5285
16893,5127
16845,5337
16765,4878
16749,10763
16533,5316
16501,4982
16469,4673
16465,5480
16289,4666
16233,4628
16217,4612
15628,4504
15628,4427
15616,4743
15596,4607
15564,4601
15488,4673
15480,4501
15444,4547
15440,4676
15372,4556
15368,4508
15304,4457
15110,4360
15078,4223
14821,3967
14725,4199
14725,4013
14629,3994
14605,4107
14228,3987
14228,3763
14196,3628
14132,3798
14100,3699
14100,3692
13980,3772
13972,3740
13972,3651
13936,3700
13904,3746
13904,3711
13732,3435
13732,3586
13708,3701
13620,3508
13620,3483
13596,3691
13596,3537
13508,3313
13500,3384
13492,3400
13460,3324
13460,3587
23400,7451
23272,8444
22712,7371
22656,7437
22648,7364
22524,7104
22436,7285
22224,7333
22180,6945
22080,7045
22052,7030
21914,7009
22590,7489
22135,7426
21494,7246
21238,7033
20676,6244
20484,6626
20244,6285
19980,6201
19884,6176
19804,6242
19071,5896
18927,5737
18895,5744
18671,5882
18567,5708
18267,6164
18235,5937
18195,5915
18179,5444
18079,5948
17855,5708
17791,5809
17411,5341
17379,5520
17235,5473
17059,5470
17011,5089
16931,5413
16915,5453
16699,5416
16667,4769
16635,5294
16631,5227
16471,5198
16455,4715
16399,5106
16375,5181
15794,4946
15782,4579
15762,4859
15730,5079
15654,4958
15646,4561
15610,4837
15610,4941
15606,4888
15538,4444
15534,4951
15276,4773
15244,4383
15244,4332
14955,4264
14891,4516
14795,4047
14795,4174
14771,4432
14394,4358
14394,3991
14362,3916
14298,4194
14266,4239
14266,3954
14146,3832
14146,3689
14138,4197
14102,4242
14102,3698
14070,3740
13898,4004
13898,4084
13882,3677
13874,3578
13786,4222
13786,4080
13762,3588
13762,3643
13666,4045
13658,3949
13658,3465
13626,3441
23738,7501
23582,8387
23454,7645
22878,7647
22854,7783
22814,7692
22690,8008
22602,8165
22390,8364
22346,8481
22246,7536
22903,7659
22761,7695
22756,7608
22301,7357
21660,7488
21404,7282
20842,7001
20650,6957
20410,6672
20146,6468
20050,6397
19970,5758
19237,6059
19109,5884
19061,6096
18837,6049
18733,6049
18685,6151
18401,6709
18361,6498
18345,6533
18249,6075
18021,5631
17989,6249
17577,6087
17545,6213
17433,6014
17401,12180
17177,6227
17097,4937
17081,6007
16865,5846
16833,4913
16801,10927
16797,6268
16653,5452
16621,5489
16565,5577
16549,5683
15960,4810
15948,5358
15928,5278
15896,5243
15896,4771
15820,5230
15812,4934
15776,4938
15772,5254
15704,5252
15700,4847
15636,4357
15442,4921
15410,4815
15153,4522
15121,4912
15057,4978
14961,4071
14937,4864
14937,4904
14560,4109
14528,4036
14528,4792
14464,4049
14432,3947
14432,8644
14312,4704
14304,3507
14304,3941
14268,4480
14236,4159
14236,4246
14064,4608
14064,4598
14048,4061
13952,4410
13952,4333
13928,3791
13928,3920
13840,4198
13832,4341
13824,3668
24496,7975
24104,8830
23976,9006
23804,8350
23708,7972
23044,7838
22988,7703
22888,7455
22776,7367
22564,7357
22556,7312
23205,8220
23085,8571
23053,8495
22927,8008
22723,8752
21858,7268
21762,7782
21538,7334
21008,6284
20624,6840
20576,6963
20280,6412
20216,6726
19435,6137
19403,6740
19259,6742
19019,6413
19003,6233
18899,6552
18599,6162
18567,5899
18527,6297
18511,6177
18411,6067
18187,5770
18123,6079
17743,5740
17711,5364
17567,5918
17391,6133
17343,6052
17263,5060
17247,5974
17031,6107
16999,5360
16967,5363
16963,5676
16803,5698
16787,5322
16731,5771
16715,5777
16126,5502
16114,4781
16094,5299
16062,5338
15986,5039
15986,5356
15978,5341
15942,4871
15938,5274
15870,10141
15866,5651
15802,5113
15608,5273
15576,4769
15319,4188
15287,4639
15223,4470
15127,4073
15103,4812
15103,4886
14726,4324
14694,4223
14694,4576
14630,4138
14598,3956
14598,4318
14478,4518
14470,4197
14470,4478
14434,4487
14434,3759
14402,4031
14230,4254
14230,4060
14214,3869
14206,4247
14118,4053
14118,3851
14094,4262
14006,3995
24974,8035
24870,9845
24754,8809
24330,8774
24170,8449
24014,7808
23886,8890
23210,7831
23154,9011
23146,7750
23022,8195
23635,8458
23415,8155
23387,7644
23263,8792
23235,8120
23093,8460
23088,7825
22633,8389
22024,6628
21736,6853
21174,6459
20982,7026
20742,7327
20478,6662
20446,6754
20366,6674
19601,6175
19441,5755
19393,5822
19185,5805
19065,5675
19017,5265
18765,5191
18693,5865
18677,6127
18581,5676
18577,6530
18353,5651
17909,6028
17877,5365
17781,5551
17733,5367
17557,6097
17509,5615
17429,5455
17413,5505
17197,5151
17165,5593
17133,4944
17129,5309
16969,5136
16953,5311
16897,4985
16873,5268
16292,4750
16280,4763
16260,4582
16228,5207
16152,4909
16144,4793
16108,5005
16108,5156
16104,4978
16036,4753
16032,4945
15774,4843
15774,4537
15742,5058
15485,4525
15389,5138
15389,4466
15293,4606
15269,4735
14892,4076
14892,4040
14860,4402
14796,4355
14796,4091
14764,4247
14644,4161
14644,3903
14636,3880
14636,4165
14600,4514
14568,3860
14568,3949
14396,4095
14396,3826
14372,4196
14284,4183
14284,4103
25620,8206
25548,8969
25288,8442
25176,9783
25076,8727
24908,8793
24500,8888
24372,8278
24200,8705
24072,8625
24077,8184
24037,7843
23937,8867
23809,8226
23597,8380
23553,8066
23537,9250
23417,7554
23385,7591
23259,7507
22991,7299
22190,7227
22094,7235
21870,7223
21340,6861
20956,6396
20908,6495
20612,6782
20548,6676
19767,5865
19735,6547
19591,6500
19351,6271
19335,6451
19231,6064
18931,6686
18899,5758
18859,5949
18747,6201
18743,5702
18519,5754
18455,6308
18075,5542
17947,6042
17899,5988
17723,5797
17675,5330
17595,5767
17579,5706
17363,4889
17331,5793
17299,5831
17295,5486
17135,5307
17119,5343
17063,5252
17039,5110
16458,5411
16446,5513
16426,4738
16394,5181
16318,5075
16310,4905
16274,4967
16270,5141
16202,5343
16202,4774
16134,5297
15940,5293
15908,5135
15651,4570
15619,5094
15555,4618
15459,4296
15435,4672
15435,4969
15058,4368
15026,4258
14962,4755
14962,4267
14930,4334
14810,4529
14810,4591
14802,3971
14766,4111
14766,4626
14734,4214
14734,4277
14562,4317
14546,4385
14538,4165
14450,4515
25986,8436
25842,9638
25770,9404
25454,8672
25342,9056
25242,8308
24714,8065
24554,8155
24398,8390
24270,9031
24963,8819
24243,9423
24195,9285
24055,8752
23967,8187
23747,9165
23703,9529
23595,9054
23567,9192
23425,8957
23420,8484
22965,7995
22324,8336
22068,7487
21506,7760
21314,6690
21074,7652
20810,7347
20714,6788
20634,7084
19901,7122
19757,6736
19517,6544
19501,6567
19397,6189
19097,6458
19065,6455
19025,5988
18913,6414
18909,6434
18685,5957
18621,6939
18241,5934
18113,5929
18065,5603
17889,5623
17841,5989
17761,5695
17745,5660
17529,5357
17497,5344
17465,5239
17461,5735
17301,5252
17285,5471
17229,5482
17205,5644
16624,5170
16612,4508
16592,4573
16560,4437
16484,4694
16476,5245
16440,5307
16436,5278
16368,4761
16368,5427
16300,5407
16106,4993
16074,4477
15817,4850
15785,4778
15721,4535
15625,4461
15601,4657
15601,4039
15224,4228
15192,4506
15192,4487
15128,4205
15096,4417
15096,3972
14976,4105
14968,4320
14968,4613
14932,3995
14900,4358
14900,4751
14728,4137
14728,4436
14704,4268
14616,4728
26296,8393
26024,9617
25936,9059
25620,9482
25508,8547
25408,8336
25240,8669
24832,8078
24704,7932
24532,7901
25129,8423
24409,8521
24361,8297
24237,8620
24133,8147
23913,8100
23885,7900
23761,7902
23733,7684
23591,7744
23586,7819
23131,7662
22490,7486
22234,7326
21672,7151
21480,7129
21240,6848
20976,6580
20880,6118
20800,6375
20067,6028
19923,5878
19683,6026
19667,5855
19563,5810
19263,5920
19231,5932
19191,6728
19079,5637
19075,5971
18851,6004
18787,6246
18375,6020
18279,5848
18231,6223
18055,5242
18007,5555
17927,5603
17911,5347
17695,5415
17631,5442
17627,5448
17483,4894
17451,5467
17395,5424
17379,5286
16790,5085
16778,5281
16758,5182
16758,4888
16726,5100
16650,5122
16642,5019
16606,5037
16602,5477
16534,5142
16530,5049
16466,4902
16272,4956
16240,5170
15983,4779
15887,4541
15887,5030
15791,4799
15767,4502
15390,4634
15390,4536
15358,4687
15294,4228
15294,4168
15262,4442
15142,4384
15134,4266
15134,4166
15098,4385
15098,4648
15066,4149
14894,4015
14894,4401
14878,4252
14870,4149
14782,4035
26190,8114
26110,10418
25802,9003
25698,8351
25574,8454
25406,8512
24998,8334
24870,8329
24698,7843
24570,9078
24575,7852
24527,7909
24403,7807
24307,7918
24087,8110
24051,8171
23927,8186
23899,8039
23883,8087
23752,7984
23297,7730
22688,7417
22400,7226
21838,6911
21646,6945
21406,7311
21142,6928
21046,6957
20966,6780
20233,6497
20089,6326
19849,6314
19833,6214
19729,6111
19429,6170
19397,5906
19357,6350
19245,5894
19241,5856
19017,6243
18573,5564
18541,5771
18445,5583
18397,5727
18221,5673
18173,5788
18077,11906
17861,5701
17829,4801
17797,5105
17793,5258
17633,5784
17617,5149
17561,5318
17537,5411
16956,4920
16944,4978
16924,5167
16892,5071
16816,4968
16808,5099
16772,5155
16768,5010
16768,4904
16700,4892
16632,4988
16438,4600
16406,4659
16149,4503
16117,4945
16053,4714
15957,4666
15933,4624
15556,4531
15556,4535
15524,4420
15460,4410
15460,4490
15428,4306
15308,4297
15300,4204
15300,4365
15264,4453
15232,4155
15232,4313
15060,4222
15060,3984
15044,4236
14948,4145
14948,4035
14924,4209
14924,4283
25900,8116
25788,9557
25688,9751
25520,8946
25000,8217
24844,8422
24716,8560
24040,7469
23984,7519
24693,8328
24553,8432
24465,8558
24245,8224
24201,8622
24081,8599
24065,8661
23923,8278
23719,8348
22854,7661
22758,7513
22534,7886
21812,7338
21620,7249
21308,6960
21276,6865
21196,6514
20431,6179
20271,5959
20223,5860
19999,5894
19895,5742
19847,5820
19563,5628
19523,6243
19507,6205
19407,6013
19183,5853
19119,5874
18707,5811
18611,5901
18563,6007
18387,5714
18339,5718
18243,5726
18027,5527
17995,5604
17963,5566
17959,5591
17799,5265
17783,5649
17727,5309
17703,5350
17122,5288
17110,4989
17090,5123
17058,5056
16982,5215
16974,5188
16938,5286
16934,5127
16866,5214
16862,5300
16798,5033
16604,5155
16572,5139
16315,4666
16219,4479
16123,4436
16123,8760
16099,5205
15722,4587
15690,8594
15690,5121
15626,4176
15594,4210
15474,4136
15474,4192
15466,4116
15430,4303
15430,4354
15398,4130
15226,3984
15226,4149
15210,4084
15202,4013
15114,3991
15090,3880
15090,3883
15002,3966
14994,3787
14986,3847
14986,3896
25066,7882
24910,9766
24782,8453
24206,8028
24150,7723
24050,7856
23938,7570
23726,7578
23690,7855
24367,8757
24247,8074
24215,8452
24085,8163
23629,7878
23020,7654
22732,7502
22170,6998
21978,6895
21738,6815
21474,6695
21378,6653
20597,6489
20565,6479
20389,6614
20181,6265
20061,6329
20013,6324
19761,6217
19689,6162
19673,6312
19577,6336
19349,5971
19285,12598
18905,6239
18777,5385
18729,5407
18553,5511
18505,5477
18409,5638
18193,5398
18161,5416
18129,5301
18125,5282
17965,5216
17949,5236
17893,5178
17288,4907
17276,4960
17256,4940
17224,4798
17148,5174
17140,4987
17104,4848
17100,5257
17100,4956
17032,4857
16964,4898
16770,5066
16738,7678
16481,7926
16385,6998
16289,4750
16289,4550
16265,4407
15888,4546
15856,4331
15792,5097
15792,4699
15760,4315
15640,4462
15632,4533
15632,4266
15596,4448
15564,4533
15392,4145
15392,3990
15376,4467
15280,4267
15280,3975
15256,4430
15256,4316
15160,3988
15152,4384
15152,4318
15120,4027
15120,4375
15104,4370
14772,3992
14772,3723
14768,4136
14768,3801
14740,3775
23760,7608
23660,8283
23644,7906
23540,8697
23337,7538
22536,7869
22504,7697
22280,7813
21750,7296
21918,7445
21606,7551
21574,7478
21494,6937
20729,7017
20569,6767
20521,6767
20313,6738
20193,6646
20145,6742
19861,6518
19821,6447
19805,6340
19705,6507
19481,6596
19417,6061
19037,6153
18909,6099
18861,6323
18685,5975
18637,6323
18557,6292
18541,6288
18325,6089
18261,5758
18257,6151
18113,5735
18081,6141
18025,5816
18009,5967
17420,5930
17408,5114
17388,5315
17356,5781
17280,5884
17272,5275
17272,5688
17236,5163
17232,5225
17164,5119
17160,5154
16902,4737
16870,5439
16870,5335
16581,4609
16517,5350
16421,5319
16397,4942
16397,5272
16020,4901
15988,5018
15924,4892
15924,5021
15892,4654
15772,4443
15772,5111
15764,4717
15728,4554
15728,4442
15696,4940
15524,4665
15524,4260
15508,4764
15500,4681
15412,4253
15388,4726
15388,4732
15300,4137
15292,4684
15284,4511
15284,4034
15252,4083
15252,4533
15236,4459
15236,4102
14904,4376
14904,4138
14900,4605
14900,4393
14872,4061
14872,4604
14864,4368
14864,4052
23662,7537
23459,7712
23267,8644
22626,7281
22434,7809
21872,7427
21744,7362
21504,7138
21272,7187
21632,7267
21552,7151
20819,7125
20691,6645
20643,6722
20419,5960
20315,6044
20267,6188
20015,5987
19943,5791
19927,6131
19831,6072
19827,6556
19603,5585
19539,5757
19127,5898
19031,5481
18983,5350
18807,5856
18759,5649
18679,5553
18663,5871
18447,6189
18415,5473
18383,5775
18379,5257
18235,5317
18203,5583
18147,5306
18131,5495
17542,5208
17530,5265
17530,5289
17510,5308
17478,5201
17402,5325
17394,5299
17358,4745
17358,5079
17354,5163
17286,4981
17282,5108
17218,5303
17024,4903
16992,5132
16735,5012
16703,4872
16639,4737
16543,5007
16543,4891
16519,4653
16142,4617
16142,4831
16110,4543
16046,4621
16046,4579
16014,4259
16014,4587
15894,4485
15886,4695
15886,4387
15850,4702
15850,4475
15818,4290
15818,4654
15646,4344
15646,4077
15630,4347
15622,4437
15534,4098
15534,4336
15510,4294
15510,4242
15422,4603
15414,4505
15406,3896
15406,4274
15374,4315
15374,7968
15358,4730
15358,4228
15026,4036
15026,4100
24506,7861
24406,9287
24326,8268
24114,8063
24078,8819
24062,7860
23950,8032
23922,8257
24481,8547
24277,8535
24021,8218
23380,7513
23124,7466
22562,7673
22370,8107
22130,7988
21866,7229
21834,7477
21754,7114
20989,7003
20829,7471
20781,6789
20573,6745
20557,6739
20405,6710
20153,6929
20121,6739
20081,6699
19969,7071
19965,6702
19741,6528
19677,6829
19297,6548
19265,6147
19153,6217
19121,6350
18897,5915
18817,5930
18801,6122
18585,5857
18553,6604
18521,6291
18517,6383
18373,5536
18357,5864
18341,5785
18285,5726
18261,5185
17680,4710
17668,5601
17648,5335
17616,5425
17540,4974
17532,5228
17532,5285
17496,5153
17492,5320
17424,5123
17420,5390
17356,5417
17162,5124
17130,5092
16873,4793
16841,4976
16777,4818
16681,5256
16657,4930
16657,4950
16280,4790
16248,4500
16248,4735
16184,4694
16152,4651
16152,4607
16032,4309
16024,4326
16024,4369
15988,4468
15956,4215
15956,4565
15784,4229
15768,4011
15760,4095
15672,4332
15672,4275
15648,4122
15648,4029
15560,3988
15544,4213
15544,4150
15512,3645
15512,3969
25420,8184
25292,9373
24764,8530
24708,8701
24608,8084
24496,8498
24284,9067
24276,8132
24925,8976
24805,8300
24773,8260
24647,8412
24379,8935
23578,8396
23482,7812
23258,7931
22536,7080
22344,7212
22032,7047
22000,7048
21920,6985
21155,6530
20995,6395
20947,6384
20739,6310
20619,6825
20571,6278
20287,6020
20247,6206
20231,5902
20135,6110
19907,5999
19875,5950
19463,5581
19431,5489
19319,5659
19287,5768
19063,6026
18983,6209
18967,5579
18751,6194
18719,5999
18687,5447
18683,5882
18539,5825
18507,5727
18451,5692
18435,6008
17846,5495
17834,5473
17834,5554
17814,5473
17782,5494
17706,5305
17698,11565
17662,5678
17658,5417
17658,5102
17590,5463
17586,5205
17328,5285
17328,5217
17296,6044
17039,5169
16943,4613
16943,4798
16847,4868
16823,5158
16823,4995
16446,4811
16414,5176
16414,4962
16350,4950
16318,5192
16318,4534
16198,4816
16190,4328
16190,4606
16154,4795
16154,4740
16122,4908
16122,4721
15950,4656
15934,4701
15926,4158
15838,4688
15838,4392
15814,4579
15814,4548
15726,4448
15718,4502
15710,4181
26446,9894
26038,10391
25878,10192
25722,10069
25594,9955
24930,10026
24874,9684
24774,10000
25363,9762
25151,10294
25135,10215
25091,9855
24971,9690
24939,9431
24813,10135
24609,10070
23744,9747
23648,8899
23424,9038
22894,8920
22510,8234
22462,8462
22166,8235
22102,8395
21321,7725
21289,7720
21113,7517
20905,7676
20889,7809
20737,7836
20485,7344
20453,6708
20397,7255
20301,6907
20297,6995
20073,6843
19629,5854
19597,5884
19485,6289
19453,6330
19277,6262
19229,6263
19133,6099
18917,6440
18885,6195
18853,6001
18849,6335
18705,6011
18673,5709
18617,6023
18601,5872
18012,5692
18000,5674
17980,5618
17948,5894
17872,5852
17872,5308
17864,5395
17828,5241
17824,5004
17756,5858
17752,5307
17494,4880
17494,5522
17462,5710
17205,4849
17109,5112
17109,5325
17013,5048
16989,5120
16612,5272
16612,10048
16580,5359
16516,4685
16516,4987
16484,4763
16364,10279
16364,5010
16356,4258
16320,4218
16320,4660
16288,4828
16116,4532
16116,5022
16100,5040
16092,4687
16004,4417
16004,4826
15980,4338
15980,4910
15892,4589
15884,4290
26612,9188
26204,10196
26044,9184
26028,9160
25856,8863
25728,8884
25072,8812
25749,9004
25625,8733
25521,8905
25309,9166
25273,9249
25149,8719
25137,8778
25105,8560
24975,9079
24711,8642
23910,8210
23814,8100
23590,8032
23060,7497
22676,7289
22628,7143
22332,7095
22268,7081
21487,7070
21455,7385
21311,7208
21071,7188
21055,7174
20951,6722
20651,7473
20619,7051
20579,6595
20563,6056
20463,6159
20239,6734
20207,6827
19795,5823
19763,6427
19651,5716
19619,6629
19395,5485
19315,5428
19299,6334
19083,5488
19051,6210
19019,6200
19015,5954
18871,6202
18839,6262
18783,6418
18767,5750
18759,6412
18178,5629
18166,5517
18146,6145
18114,5726
18038,5137
18030,5461
18030,5518
17994,5804
17990,5750
17922,5984
17918,5860
17854,5161
17660,5194
17628,4621
17371,4500
17339,4618
17275,5272
17179,4712
17179,5248
17155,5170
16778,5000
16778,5068
16746,9412
16682,5213
16682,4733
16650,4948
16530,4533
16530,5051
16522,5326
16522,4625
16486,4849
16454,5236
16454,4636
16282,4655
16282,4813
16266,4959
16258,4644
16170,4954
27706,9068
27562,11081
27490,10767
27174,10232
27062,10046
26962,10024
26794,9435
27139,10314
27003,10065
26827,10005
26683,10370
25963,9566
25915,9106
25791,9413
25687,9396
25475,9170
25439,8984
25315,9273
25287,9329
25271,9197
25141,8817
24685,8711
24076,8003
23788,8256
23756,8404
23034,7798
22842,7777
22530,7526
22498,7452
22418,7712
21653,7215
21493,7194
21445,7221
21237,7431
21117,6601
21069,6667
20817,6598
20745,6609
20729,6496
20633,6505
20629,6799
20373,6617
19961,6490
19929,6441
19817,6347
19785,6352
19609,6469
19481,6590
19465,6414
19249,6171
19217,6691
19185,6037
19181,6514
19037,5795
19005,6027
18949,6165
18933,6448
18344,5633
18332,6120
18312,5482
18312,5584
18280,6284
18204,6007
18196,5641
18160,6006
18156,5926
18088,5750
18088,5511
18020,5250
17826,4948
17794,4990
17537,5067
17505,4792
17441,4803
17345,4608
17321,5223
17321,4866
16944,4956
16912,5383
16912,4639
16848,4946
16816,4672
16816,4896
16696,4484
16688,4957
16688,4802
16652,4958
16620,4903
16620,4879
16448,11561
16448,5248
16432,4480
28344,9495
28152,10674
27880,10253
27800,10414
27368,9487
27240,9656
27140,9750
27741,10364
27317,10513
27189,10826
27005,10851
26861,10001
26129,10010
26081,10130
25989,9698
25861,9755
25641,9054
25605,9483
25481,9234
25469,8496
25437,8629
25307,8876
25043,8917
24242,8603
23954,8381
23922,7874
23200,8221
23008,7399
22696,7266
22664,7905
22584,7884
21819,7184
21659,7414
21611,7298
21403,7389
21283,6886
21235,6482
20983,6266
20911,6474
20895,6235
20799,6139
20795,6366
20539,6098
20127,5834
20095,5938
19983,5883
19951,6215
19727,6071
19647,6291
19631,6106
19415,6452
19383,6538
19351,6243
19347,6312
19203,6404
19171,5901
19115,6229
19099,6319
18510,6192
18498,5989
18478,6031
18446,6026
18370,5946
18362,5731
18362,5378
18326,6097
18322,5862
18254,5787
18250,5938
17992,5747
17992,5385
17960,5669
17703,5445
17607,5402
17607,5275
17511,5450
17487,5461
17110,5438
17110,5002
17078,5178
17014,5199
17014,4943
16982,5140
16862,5132
16862,4932
16854,5026
16818,5227
16818,4823
16786,5050
16614,4904
16614,4968
16598,4980
28750,10262
28454,10391
28294,10132
28038,10036
27966,10041
27518,9749
27318,9323
27971,9886
27547,10304
27371,9561
27203,9631
27075,10975
26319,10964
26295,9976
26247,10098
26107,10071
26019,10010
25799,9604
25771,9766
25647,9200
25619,9132
25477,8539
25472,8642
25017,8467
24408,8699
24120,8464
23558,8156
23366,7802
23126,7717
22862,7340
22766,7653
22750,7932
21985,7000
21825,6810
21777,6765
21569,6738
21449,6580
21401,6559
21149,6496
21077,6475
21061,6534
20965,6695
20961,6573
20705,6335
20293,6911
20261,6641
20149,13547
20117,6513
19893,5587
19813,5662
19797,5829
19581,5489
19549,5937
19517,5768
19513,6282
19353,6069
19337,6223
19281,5922
19257,12339
18676,5882
18664,5371
18644,5302
18612,5632
18536,5771
18528,5368
18492,5597
18488,5354
18420,5604
18416,5632
18158,5511
18158,5582
18126,5642
17837,5351
17773,5599
17677,5438
17653,5293
17653,5369
17276,5304
17244,5101
17180,5151
17180,5102
17148,5092
17028,5081
17028,5134
17020,5045
16984,5145
16952,5186
16952,4989
16780,4985
16780,5012
16756,4870
16668,4753
28204,9603
28060,10344
27688,9725
27584,10293
27472,10476
27292,10184
27637,10977
27501,10022
27325,9662
27181,9544
26421,9493
26321,10208
26193,9791
25981,9722
25937,10199
25813,10292
25785,9668
25769,9925
25638,10012
25183,9887
24542,8946
24254,8949
23724,7684
23340,7710
23028,7672
22932,7689
22852,7862
22119,7529
21975,7372
21735,7357
21615,7328
21567,7129
21283,6825
21243,6657
21131,6525
21127,6412
20903,6357
20459,6220
20427,5928
20315,5851
20107,5840
20059,5875
19979,5806
19747,5933
19715,5929
19683,6004
19679,6349
19519,6223
19447,6309
19431,6446
18842,5895
18830,5918
18810,5862
18778,5760
18702,5828
18694,5870
18658,5729
18654,5654
18586,5963
18582,11959
18324,5937
18292,5334
18292,5554
18003,5522
17939,5500
17843,5256
17819,5317
17442,5375
17442,5131
17410,5249
17346,5201
17314,10771
17314,5580
17194,4820
17186,4822
17150,4968
17150,5229
17118,10612
16946,5407
16946,4488
16930,4869
16834,4694
16834,4737
16810,4668
16810,4937
16714,4935
16706,10240
16706,5037
16674,4443
16674,5065
16658,4731
16658,4726
25876,8328
25848,9919
25724,9219
25636,9842
25424,9325
25380,9000
25953,9797
25937,10202
25795,9232
25591,9123
24726,9249
24630,8951
24406,8598
23684,8639
23492,8504
23180,8471
23084,8949
23004,8033
22271,7692
22127,7559
21887,7172
21871,7150
21719,7082
21467,7021
21435,7187
21379,7391
21283,7418
21279,7670
21023,7079
20611,7214
20579,7119
20435,7094
20259,6958
20211,7018
20131,6888
20115,6719
19867,6559
19835,6067
19831,5939
19687,5512
19655,5971
19599,5894
19575,5864
18994,5817
18982,5231
18962,5248
18930,5783
18854,6160
18846,12517
18810,6261
18806,5573
18738,5582
18734,6071
18476,5118
18444,5438
18187,5503
18155,5815
18091,5674
17995,5515
17971,5276
17594,5232
17562,10312
17562,5586
17498,4815
17466,4606
17346,4649
17346,5080
17338,5084
17302,4592
17270,5052
17270,5040
17098,4617
17082,4903
17074,4594
16986,4405
16962,4895
16962,4907
16874,5035
16866,4892
16858,9865
16826,5564
16826,4497
16810,4833
16810,4361
16478,4726
16478,4385
16474,4626
16474,4845
16446,4486
16438,4426
16438,4765
16404,9363
25218,8543
24831,8811
24190,8410
23966,8424
23436,8018
23116,8240
23556,8140
23260,7894
23180,7866
22423,7884
22263,7579
22215,7971
22007,7603
21887,7776
21839,7316
21555,7170
21515,7419
21499,7692
21399,7292
21175,6970
21111,7039
20699,7205
20603,6445
20555,7156
20379,6701
20331,6566
20235,6171
20019,6551
19987,6607
19955,6751
19951,6533
19791,6451
19775,6487
19719,6026
19695,6413
19114,6445
19102,5708
19082,6248
19050,6157
18974,5780
18966,6062
18930,6067
18926,5557
18858,6001
18854,5920
18790,5658
18596,5838
18564,12093
18307,5887
18211,5342
18211,5274
18115,5358
18091,5801
17714,5363
17714,5123
17682,5306
17618,5499
17618,5410
17586,5113
17466,5118
17466,13216
17458,5568
17422,4501
17422,4683
17390,4742
17390,5069
17218,9797
17202,5095
17194,4631
17106,4860
17106,4892
17082,5187
17082,5048
16994,4977
16986,4623
16978,5204
16978,4844
16946,4749
16946,9253
16930,5297
16930,4840
16930,4774
16598,4695
16598,4796
16594,4509
16594,4595
16566,4679
16566,4826
16566,4451
16558,4575
16558,9471
16524,4847
25338,8043
25143,8931
24342,8354
24310,8079
24086,7935
23556,7852
23916,8244
23676,8322
23412,8092
23380,8409
23300,7528
22543,7369
22511,7188
22367,7306
22127,7543
22111,7536
22007,7120
21959,7122
21707,7158
21675,6837
21635,6935
21523,6703
21519,6881
21295,7058
21263,6583
20851,6576
20819,6741
20723,6541
20675,6564
20499,7008
20451,6462
20451,6495
20371,6844
20355,6796
20139,6150
20107,6764
20075,6592
20071,13461
19927,6459
19911,5618
19895,5746
19839,5725
19823,5911
19234,5830
19234,5702
19222,5730
19202,6061
19170,6064
19170,6163
19094,6134
19086,5653
19086,5608
19050,6078
19046,6063
19046,6325
18978,5784
18974,6099
18910,6196
18716,5840
18716,5451
18684,5726
18427,5563
18395,10957
18331,5687
18331,5310
18235,5274
18211,5487
18211,5501
17834,5297
17834,5556
17802,5234
17802,10509
17738,5503
17738,4917
17706,5249
17706,5125
17586,5360
17586,5255
17578,5039
17578,5334
17578,5251
17542,5197
17542,5149
17510,5411
17510,5082
17338,5193
17338,5263
17322,5182
17314,5098
17226,4987
17226,4997
17202,5198
28498,9663
28246,11158
28142,11550
28030,10756
27914,10673
28243,12313
28083,10624
27915,11596
27787,10179
27043,9635
26979,9807
26879,9845
26751,10114
26539,10118
26495,10724
26479,10374
26359,9940
26327,10047
26201,9355
25933,9184
25132,8554
25036,8483
24812,9211
24282,8648
23898,8304
23586,8200
23554,7631
23474,8031
22709,7391
22677,7205
22501,7248
22293,7004
22173,6811
22125,6872
21873,6712
21801,6805
21785,6671
21689,6605
21685,6655
21429,6488
21017,6335
20985,6380
20873,6164
20841,6295
20665,6212
20537,6049
20521,6252
20305,6092
20273,6061
20241,6104
20237,6218
20093,6359
20061,6355
20005,6522
19989,6335
19400,12234
19388,6492
19368,5718
19336,5475
19260,5591
19252,5902
19252,5910
19216,6294
19212,6238
19144,12098
19140,6076
18882,5241
18850,5532
18850,5607
18561,5789
18497,5880
18401,5566
18401,5613
18377,11352
18000,5698
17968,4994
17968,5062
17904,4920
17872,5254
17752,5058
17752,4894
17744,5232
17708,10660
17708,5375
17676,4774
17504,4677
17504,5026
17488,4966
17480,5258
17392,9604
17368,5173
17368,4874
28344,9582
28232,10607
28132,10170
27964,10207
27444,9917
28029,10070
27901,10108
27209,9955
27145,9648
27045,9554
26917,10186
26705,9883
26661,9387
26537,9272
26509,9688
26493,9661
26362,9173
25907,8839
25266,8756
24978,8967
24448,8476
24064,8586
23752,7706
23720,7958
23640,7688
22875,7248
22715,7109
22667,7112
22443,6979
22339,6995
22039,8475
22007,8106
21951,7742
21855,8263
21627,7263
21595,7653
21183,6966
21151,7383
21007,7092
20831,6903
20783,6862
20703,6826
20471,7371
20439,7893
20407,7084
20403,7176
20259,6593
20227,7168
20171,6964
20147,7022
19566,6642
19554,6489
19534,6246
19502,6108
19426,6318
19418,6000
19382,5918
19378,6055
19310,5989
19310,6015
19242,5387
19048,5388
19016,5838
18759,6171
18663,5819
18663,5848
18567,6215
18543,5583
18166,5959
18166,6194
18134,5911
18070,5454
18070,5721
18038,5815
17918,5134
17910,6037
17910,5846
17874,5605
17842,5276
17842,5844
17670,5577
17670,5691
17646,5322
17558,5643
17558,5030
17534,5699
17534,5463
17446,5585
17438,4831
17430,5681
17398,5478
17398,5530
27306,9637
27178,11292
26650,10537
26594,10444
26494,10199
27083,10373
26871,10926
26827,11181
26811,10379
26691,10798
26659,10948
26529,10299
26265,10420
25464,10347
25176,9823
25144,9011
24422,9278
24182,9258
23918,8977
23822,8281
23742,8398
23009,9185
22865,8260
22625,8956
22609,7651
22505,8196
22205,7512
22173,6849
22133,7760
22021,7926
22017,8038
21793,7932
21349,7705
21317,7145
21205,7312
21173,8328
20997,6899
20869,6804
20853,6666
20637,6603
20605,6532
20573,6561
20569,6734
20409,6508
20393,6523
20337,6559
20313,5806
19732,6149
19720,6291
19700,5847
19668,5858
19592,5703
19584,5506
19548,5563
19544,5483
19544,5926
19476,6084
19408,6288
19214,5992
19182,5933
18925,6171
18893,6088
18829,5785
18733,5644
18709,5827
18332,5459
18332,5579
18300,5566
18236,5137
18236,5581
18204,5603
18084,5480
18084,5491
18076,5315
18040,5327
18040,5296
18008,5299
17836,5239
17836,5481
17820,5491
17724,5296
17724,5467
17700,5355
17700,5048
17612,5425
17604,5270
17596,5398
17564,10755
17564,5604
17548,5279
17548,5090
17216,5117
26732,9749
26632,10237
26520,10604
26308,10136
26993,10599
26949,10574
26829,10201
26797,10403
26671,10509
26403,10712
25602,9506
25506,9963
25282,9719
24560,8493
24368,8295
24056,9051
24024,8865
23944,8496
23179,8023
23019,7891
22971,7706
22763,7569
22643,7472
22595,7454
22311,7525
22271,7433
22255,7904
22159,7636
21931,7914
21899,7324
21487,7487
21455,6875
21311,7043
21135,7023
21087,6616
21007,6997
20991,7035
20775,6530
20743,6738
20711,6673
20563,6052
20531,6619
20475,6587
20459,6684
19870,6134
19858,6393
19838,6493
19806,6218
19806,6264
19730,6261
19722,6556
19686,5911
19682,6164
19614,6230
19610,6243
19352,6054
19352,6298
19320,6097
19031,5531
18967,5973
18871,5710
18871,5461
18847,5782
18470,5732
18438,5485
18438,5287
18374,5562
18342,5436
18342,5397
18222,5445
18214,5466
18178,10774
18178,5816
18146,5109
18146,5620
17974,5490
17958,5470
17950,10947
17862,5717
17862,4906
17838,5217
17750,5014
17742,5334
17734,4877
17734,5175
17702,5169
17702,5208
17686,4679
17686,5318
17354,4957
17354,4580
17350,4923
26574,9148
26430,10334
26394,9751
26278,9336
26951,10399
26919,10344
26799,10217
26343,10084
25734,9667
25446,8960
24884,8684
24692,8918
24452,8687
24188,8665
24092,8494
24012,8275
23279,8236
23135,8028
22895,7973
22879,7865
22727,7889
22475,7636
22443,7628
22387,7664
22291,7017
22287,7333
22031,7237
21619,6987
21587,6913
21475,7174
21443,7038
21219,7126
21139,7191
21123,7018
20907,6972
20875,6946
20843,6868
20839,7089
20679,6610
20663,7268
20607,6957
20583,6772
20002,6399
19990,6249
19970,6099
19938,5999
19862,5543
19854,5833
19818,5889
19814,6034
19746,6194
19742,6100
19678,5485
19484,5794
19452,5834
19195,5830
19099,5854
19099,6059
19003,5859
18979,12532
18602,5975
18602,5420
18570,5093
18506,4953
18474,4951
18474,5473
18354,5852
18346,5834
18346,5837
18310,5542
18278,5861
18278,5941
18106,5250
18106,5309
18082,5863
17994,5618
17994,5213
17970,11465
17970,5856
17882,5164
17866,5392
17866,5293
17834,5521
17834,5137
17818,5470
17818,5604
17486,5263
17486,4991
17482,5483
17482,5474
17454,5055
17454,5345
26374,9692
26362,10392
26334,10101
26244,10722
26661,11209
25860,10002
25572,10441
25540,9624
24818,8743
24578,9061
24314,9065
24218,9054
24138,8677
23405,8001
23261,9018
23021,8406
23005,8363
22901,8160
22601,7705
22569,7586
22529,7600
22417,7817
22413,8073
22189,7950
21745,7976
21713,7262
21601,7672
21569,7460
21393,7015
21265,6828
21249,6773
21033,6579
21001,6607
20969,6563
20965,6690
20805,6569
20789,6526
20733,6733
20709,7464
20128,6940
20116,7352
20096,7007
20064,7016
19988,6993
19980,7063
19944,6845
19940,6708
19872,6296
19868,6395
19804,6323
19610,5447
19578,5867
19321,5847
19225,5690
19129,5798
19129,5829
19105,5790
18728,4993
18696,5533
18696,5641
18632,6025
18600,5731
18600,5640
18480,5701
18472,5717
18472,5588
18436,5310
18404,5732
18404,5675
18232,5168
18232,5565
18208,5524
18120,5180
18120,5458
18096,5521
18096,11126
18008,5812
17992,5182
17992,5188
17960,4944
17960,5380
17944,5351
17944,5061
17612,5649
17612,5401
17608,4908
17608,5722
17580,11285
17580,5369
17580,4771
17572,4812
17572,5163
26370,8637
26167,9514
25366,9089
25334,8723
25662,9390
24940,8662
24748,8404
24436,8099
24404,8285
24324,8532
23559,8203
23527,7998
23351,8263
23143,7644
23023,7888
22975,7421
22723,7052
22651,7095
22635,7554
22539,6941
22535,7038
22279,6937
21867,6814
21835,6888
21723,7304
21691,7128
21467,7052
21387,6937
21371,6789
21155,6580
21123,6578
21091,6252
21087,6233
20927,6092
20911,6048
20855,6031
20831,6004
20250,6052
20238,5942
20218,5731
20186,5803
20110,5977
20102,6063
20066,6072
20066,6141
20062,6178
19994,6070
19990,6315
19732,5981
19700,6205
19700,5787
19411,5986
19347,5699
19251,5737
19251,5598
19227,5756
18850,5522
18818,5570
18818,5477
18754,5408
18722,5341
18722,5583
18602,5443
18594,5442
18594,5361
18558,5358
18526,5334
18526,5589
18354,5277
18354,5247
18338,5936
18242,4877
18242,11436
18218,5429
18218,4919
18130,5087
18122,5031
18114,5268
18114,4987
18082,5089
18082,5054
18066,5030
18066,5033
17734,5110
17734,4930
17730,4954
17730,5094
17702,11046
17702,5541
17694,4736
17694,4787
17694,4890
26474,8804
26087,9952
25478,8613
25806,8996
25244,8916
25052,8728
24812,8455
24548,8133
24452,8663
24372,8459
23647,8213
23519,7828
23471,8010
23247,7764
23143,7495
23095,7414
22811,7339
22771,7541
22755,7361
22655,7358
22431,6999
22367,6926
21987,6704
21859,7158
21811,6620
21635,6558
21587,6511
21507,6411
21491,6645
21275,6551
21243,6523
21211,6799
21207,6529
21047,6429
21031,6548
20975,6434
20951,6445
20370,6362
20358,6060
20338,6058
20306,6055
20230,5918
20222,5959
20186,5940
20182,5933
20114,5881
20114,5888
20046,5949
19852,5743
19820,5751
19563,5640
19531,5648
19467,5577
19371,5555
19347,5481
19347,5527
18970,5309
18938,5350
18874,5265
18874,5540
18842,11187
18722,6041
18722,4965
18714,5784
18678,5556
18678,5332
18646,5367
18646,5359
18474,5225
18458,5385
18450,5234
18362,5149
18362,5256
18338,5265
18250,5109
18242,5127
18234,5112
18234,4958
18202,4987
18202,5010
18186,5051
18186,5148
17854,4926
17854,4863
17850,4920
17850,5043
17822,4936
17822,4879
17822,5020
17814,5097
17814,5098
17780,4984
26399,8855
25598,9329
25566,8795
25894,9471
25364,8853
24980,8838
24932,8552
24636,8471
24572,8735
23799,8350
23767,8296
23591,8177
23383,7431
23367,8291
23215,8242
22963,8202
22931,7734
22875,7856
22779,7500
22775,8002
22551,7388
22107,7308
22075,7333
21963,7236
21931,7708
21755,7216
21707,7010
21611,6948
21395,6804
21363,6998
21331,6692
21327,7000
21183,6866
21151,6854
21095,6537
21079,6590
20490,6040
20478,5911
20458,6324
20426,6123
20350,5840
20350,5902
20342,5929
20306,5902
20302,6068
20234,5996
20230,6421
19972,6156
19972,6034
19940,6091
19683,6237
19587,6087
19587,6130
19491,5945
19467,5767
19090,6062
19090,5717
19058,11823
18994,5893
18994,5180
18962,5407
18842,5275
18842,5590
18834,5636
18798,5532
18798,5620
18766,11587
18594,5689
18594,5008
18578,5312
18570,5583
18482,5501
18482,5339
18458,5409
18458,5388
18362,5190
18354,10456
18354,5853
18322,5343
18322,4939
18306,5330
18306,5806
17974,5097
17974,5391
17974,5108
17970,10208
17970,5346
17942,4869
17942,4682
17934,4796
17934,5155
17900,5006
26714,9030
26327,9979
25686,8879
26046,9217
25484,8799
25292,8906
25052,8736
24788,8754
24692,8285
24612,8412
23887,7936
23743,8033
23503,7919
23487,8132
23383,7798
23083,7743
23051,7773
23011,7842
22899,7630
22895,7397
22671,7415
22607,7390
22227,6879
22099,6758
22051,6800
21875,6665
21827,6626
21747,6782
21731,6844
21515,6602
21483,6557
21451,6451
21447,6334
21271,6443
21215,6263
21215,6327
21191,6361
20610,5984
20598,5892
20578,6108
20546,6245
20470,6309
20462,6446
20426,6302
20422,6958
20354,5861
20354,6473
20286,6036
20092,6305
20060,6229
19803,6445
19771,6407
19707,6019
19611,5944
19587,11866
19587,6276
19210,5334
19178,5376
19178,5234
19114,5863
19082,11779
19082,6200
18962,5249
18954,5433
18954,5043
18918,5629
18886,5623
18886,5691
18714,5494
18714,5744
18690,5675
18602,5274
18602,5353
18578,5654
18578,5303
18490,11095
18482,5715
18474,5006
18474,5268
18442,5540
18442,5201
18426,5582
18426,5318
18094,5235
18094,4987
18090,5278
18090,5126
18062,10535
18062,5413
18054,5171
18054,4985
18054,5247
26834,9020
26639,10166
26454,9882
26166,9520
26134,9791
25412,9091
25220,9206
24908,9182
24876,8996
24796,8401
24039,8129
24007,8569
23831,8459
23623,8040
23503,7821
23455,8459
23203,7523
23171,7649
23115,7485
23019,7630
23015,7671
22791,7697
22347,7464
22315,7831
22219,7876
22171,7360
21995,6880
21947,6997
21867,7126
21851,7020
21603,6923
21571,6950
21567,6640
21423,6840
21391,6885
21335,6753
21319,6682
20730,6324
20730,6483
20718,6435
20698,6393
20666,6420
20590,6442
20582,6352
20546,6475
20542,13483
20542,6815
20474,6046
20406,5960
20212,6346
20180,5815
20180,5824
19891,5584
19827,5715
19731,5748
19731,5697
19707,5613
19330,5746
19330,5816
19298,5708
19234,12242
19202,6112
19202,5174
19082,5255
19082,5351
19074,5567
19038,5434
19038,11375
19006,5838
19006,5182
18834,5196
18818,5195
18810,5288
18722,5359
18722,5327
18698,5225
18698,11034
18610,5734
18602,5003
18594,5252
18594,5550
18562,5148
18562,5217
18546,5330
18546,5255
18214,4959
18214,5085
18210,5165
18210,10500
18182,5625
18182,4883
18182,4881
27090,9394
27074,10405
27657,10940
27453,9994
27197,10862
26556,10006
26300,9326
25738,9127
25354,9227
25306,9494
25010,8798
24946,8903
24866,8994
24133,8261
23989,8289
23749,7924
23733,8555
23629,7799
23329,7743
23297,7988
23257,8049
23145,7951
23141,7760
22917,7796
22853,7566
22473,7391
22345,7553
22297,7478
22121,7004
22073,7626
21993,7027
21977,6945
21761,6739
21729,7028
21697,6740
21693,6618
21533,6589
21517,6550
21461,6462
21437,6583
20856,6402
20844,6193
20824,6113
20792,6216
20716,6185
20708,6205
20672,6455
20672,6524
20668,6601
20600,6460
20596,6610
20338,6316
20306,6349
20306,6548
20017,5991
19953,12717
19857,6294
19857,5596
19833,5666
19456,5487
19456,5578
19424,5478
19360,6227
19328,6184
19328,5811
19208,5926
19208,6171
19200,5968
19164,5515
19164,5505
19132,5501
18960,5535
18960,5336
18944,5741
18936,5509
18848,5448
18848,5125
18824,5654
18824,5995
18736,5391
18728,5960
18720,5460
18720,5764
18688,4961
18688,5467
18672,5562
18672,5619
18340,5591
18340,11079
18336,5141
18336,4877
18308,5136
27344,9504
27240,9949
27913,11001
27881,11816
27789,10451
27521,11010
26720,11065
26624,10101
26400,9820
25870,9928
25486,9883
25438,10085
25142,9533
25078,9017
24998,9173
24265,8665
24121,8378
24089,8429
23865,8105
23761,8593
23713,9029
23429,9151
23389,7941
23373,7946
23277,7777
23273,8179
23017,8329
22605,7909
22573,7687
22477,7574
22429,7461
22253,7107
22205,7216
22125,7060
22109,6987
21893,7013
21861,6971
21829,7105
21825,7341
21665,7220
21649,7542
21593,7407
21577,7303
20988,6980
20976,6957
20956,6929
20924,6934
20924,7002
20848,6888
20840,6900
20804,7077
20800,6895
20800,6865
20732,6379
20664,6664
20470,6535
20438,6170
20438,5821
20181,5946
20085,6040
20085,5855
19989,5724
19965,5552
19965,5993
19588,5839
19556,5699
19556,5543
19492,5940
19460,5585
19460,12881
19340,6208
19340,5515
19332,5614
19296,5604
19296,5585
19264,5464
19264,5812
19092,5473
19092,5668
19068,11647
18980,5890
18980,5545
18956,5459
18956,5389
18868,5437
18860,5930
18852,5656
18852,5574
18820,11417
18820,5617
18804,5274
18804,5813
28072,9848
28016,11126
28633,11746
28505,11526
28497,11516
28277,10999
28233,10882
28113,10853
28097,10865
27955,10748
27751,10640
27495,10114
26854,9718
26598,10197
26036,9622
25844,9241
25604,10465
25340,9758
25244,10443
25164,9574
24431,9251
24287,9354
24047,8902
24031,9458
23927,9128
23627,8825
23595,8770
23555,8886
23539,8649
23439,8229
23215,9103
23183,8502
22771,8393
22739,8657
22627,7789
22419,8118
22371,8090
22291,8014
22275,7819
22059,7614
22027,7239
21995,7264
21991,7274
21847,7298
21815,7146
21759,7283
21743,6970
21154,6854
21142,6739
21122,6856
21090,6911
21090,7108
21014,6596
21006,6510
20970,6480
20966,6357
20898,6181
20894,6245
20830,7306
20636,6607
20604,6638
20347,6820
20315,6369
20251,5908
20155,6507
20131,6296
20131,6239
19754,6228
19722,6051
19722,6003
19658,5650
19626,5806
19626,6281
19506,6245
19498,5770
19498,5937
19462,6041
19462,6310
19430,6016
19258,5961
19258,5723
19242,5902
19234,5488
19146,5516
19146,5473
19122,5592
19122,5544
19034,5371
19026,5436
19018,5616
19018,5610
18986,5495
29002,10952
29635,13652
29491,12223
28939,11483
28891,11462
28767,11544
28671,12093
28451,11083
28415,11534
28399,11483
28279,11303
28247,10856
28121,11372
27917,10889
27052,10038
26956,10225
26732,10083
26202,9671
25818,9391
25770,9616
25506,9189
25410,9336
25330,9346
24597,9235
24469,9040
24421,8397
24197,8175
24093,8268
24045,8762
23793,8262
23721,8128
23705,8348
23609,8110
23605,8070
23381,7739
22937,7644
22905,7816
22809,7986
22761,7734
22585,8058
22537,7498
22457,7660
22441,7418
22225,7542
22193,7140
22161,7287
22157,7033
21997,7002
21981,7055
21925,6913
21909,6932
21320,6589
21308,6598
21308,6596
21288,6720
21256,6546
21180,6470
21172,6505
21136,6850
21136,6518
21132,6620
21064,6471
21060,6567
20802,5888
20802,6462
20770,6253
20513,6051
20481,5709
20417,5988
20321,6145
20297,5971
20297,6097
19920,5878
19920,5519
19888,6048
19824,5917
19824,6292
19792,6099
19672,5586
19672,5860
19664,6135
19664,6047
19628,5968
19628,6189
19596,5954
19424,5251
19424,5542
19408,5731
19400,5666
19312,5928
19312,5927
19288,5623
30544,11009
31097,13282
30977,13269
30873,12726
30705,13913
30281,14197
30145,12914
29969,12447
29825,11980
29105,11278
29057,13310
28933,15817
28829,12493
28609,11548
28581,11114
28457,11946
28429,12430
28287,11613
28282,10808
27827,10574
27186,9840
26930,9750
26368,9597
26176,9673
25936,9350
25672,9728
25576,9419
25496,9208
24763,10806
24619,8980
24379,8407
24363,8332
24259,9705
23959,8524
23927,12123
23887,8705
23775,8922
23771,8359
23547,7703
23483,8174
23071,8049
22975,8050
22927,8351
22751,8234
22703,10121
22623,7999
22607,7255
22391,7595
22327,7789
22323,7845
22179,7826
22147,7841
22091,8977
22075,7346
21486,7010
21474,8254
21454,10928
21454,6761
21422,7084
21346,6757
21338,6578
21302,6953
21298,6825
21230,6793
21226,6477
21162,6731
20968,6474
20936,6752
20679,6586
20583,6492
20583,9004
20487,6759
20463,6747
20086,6777
20086,7066
20054,6644
19990,6388
19990,5836
19958,6063
19838,6951
19838,8033
19830,6023
19794,5887
19794,5547
19762,5970
19590,5801
19590,5752
19574,5736
19566,5417
19478,5695
19454,5692
19454,5677
30446,12321
31091,14406
30991,13919
30819,13965
30395,13637
30259,16217
30083,13068
29939,17721
29271,13249
29223,13490
29099,14279
28995,12306
28775,12764
28731,13250
28623,13049
28595,13084
28453,11910
28249,11892
27993,15944
27352,12251
27064,10456
26534,11239
26150,10288
26102,10427
25806,10404
25742,9059
24961,8601
24929,9039
24753,8887
24545,8396
24425,8292
24377,8184
24125,8289
24053,8393
24037,8754
23941,8478
23713,7984
23649,8027
23269,7531
23141,7738
23093,7647
22917,7649
22869,7925
22789,8095
22773,7553
22525,7556
22493,7588
22489,7574
22345,7171
22313,7483
22257,7355
22241,7499
21652,7006
21640,6556
21620,6796
21588,6502
21512,6448
21504,6475
21468,6404
21464,6388
21396,6459
21396,6374
21328,6531
21134,6509
21102,6190
20845,6069
20749,5919
20749,6072
20653,6320
20629,5927
20252,5710
20220,5944
20220,5812
20156,6120
20124,6095
20124,6665
20004,5932
19996,6459
19960,6273
19960,6059
19928,6256
19756,6110
19756,6231
19740,6146
19732,5835
19644,5975
19620,5768
19620,5953
19532,5799
19524,5535
19516,5883
19484,5884
29596,11037
30181,12591
30053,12010
29461,11472
29389,12197
29265,12580
29161,12154
28941,11784
28897,11983
28789,11583
28761,12603
28619,11190
28415,11604
27550,11436
27454,11216
27230,10146
26508,10877
26316,9875
26004,9548
25908,9289
25828,9273
25095,9512
24951,8903
24711,8582
24695,8665
24591,8918
24291,8851
24259,8473
24203,8198
24107,8151
24103,8435
23847,8624
23435,8228
23403,8050
23291,8147
23083,7606
23035,7521
22955,7479
22939,7629
22723,7985
22659,7987
22655,7626
22511,8141
22479,7263
22423,7742
22399,7138
21818,6902
21806,6876
21786,6882
21754,6720
21678,6827
21670,6713
21634,6415
21630,6984
21562,7087
21558,6496
21300,6798
21268,6751
21268,6659
20979,6184
20915,6502
20819,6280
20795,6243
20418,5696
20418,6002
20386,5934
20322,5945
20290,5882
20290,5923
20170,5522
20162,5980
20126,5860
20126,5902
20094,5860
19922,5999
19922,6030
19898,6116
19810,5942
19810,6511
19786,5812
19786,6022
19690,6078
19682,6327
19682,5782
19650,6581
19650,6280
19634,6203
19634,5945
19302,5969
19302,5940
19298,5800
19298,5604
29043,11219
28999,12663
28879,11751
28863,11875
28751,12298
28547,11452
28291,11734
27650,10859
27362,11266
26832,10103
26448,9774
26400,10053
26104,9680
26040,9325
25259,9466
25227,8706
25051,8495
24843,8644
24723,9463
24675,8814
24423,8394
24351,8288
24335,8631
24239,8555
24235,9328
23979,8359
23567,7891
23535,7841
23423,7860
23391,7797
23167,8005
23087,7835
23071,7568
22855,7742
22823,7366
22791,7408
22787,7577
22627,7463
22611,7390
22555,7057
22531,7157
21950,6781
21938,6696
21918,7043
21886,6713
21810,6790
21802,7384
21766,7473
21762,7570
21762,7277
21694,6917
21626,6777
21432,6499
21400,6728
21143,7106
21111,7160
21047,6852
20951,6995
20927,7097
20927,6734
20550,6785
20518,6777
20454,6419
20454,6545
20422,6209
20302,6265
20302,5748
20294,6067
20258,6015
20258,5923
20226,5804
20226,5914
20054,6183
20038,5686
20030,5781
19942,5791
19942,5538
19918,5699
19830,5413
19822,5607
19814,5559
19814,5591
19782,5464
19782,5542
19766,5445
19766,5528
19434,5285
19434,5698
19430,5618
19430,5286
19402,5208
19402,5247
29007,10932
28995,12376
28963,11595
28873,11930
28417,11137
27808,10845
27520,10966
26958,10418
26766,10163
26526,10695
26262,10521
26166,10881
26086,9712
25353,9323
25209,9140
24969,9662
24953,8761
24801,8663
24549,8329
24517,9089
24461,8882
24365,8745
24361,8776
24105,8472
23693,8316
23661,8181
23549,7871
23341,8406
23293,8384
23213,7809
23197,8414
22981,8071
22949,7437
22917,7518
22769,7342
22737,7605
22681,7502
22665,8215
22076,7518
22064,7319
22044,7278
22012,7663
21936,7402
21928,7319
21892,6839
21892,7006
21888,6920
21820,6977
21752,6797
21558,6874
21526,6611
21269,6480
21173,6095
21173,6372
21077,6282
21053,6397
20676,5749
20676,6129
20644,6236
20580,6313
20548,5725
20548,6058
20428,5949
20420,5994
20384,5964
20384,5766
20352,5899
20180,6277
20180,5555
20164,6346
20156,6197
20068,5919
20044,6452
20044,6116
19956,6133
19948,6222
19940,5758
19908,6385
19908,6195
19892,5866
19892,6235
19560,6177
19560,6007
19556,6060
19556,6162
19528,12039
19528,6354
19520,5551
19520,5369
19486,5462
19485,5496
19452,5731
27440,9951
27408,11550
26830,10025
26638,10036
26326,9683
26294,9641
26214,9595
25493,9515
25333,8967
25285,8908
25061,9242
24957,8997
24909,8664
24625,8543
24585,8787
24569,9274
24469,8821
24245,8340
24181,8503
23801,8448
23769,8410
23625,8421
23449,7899
23401,8276
23321,7846
23305,7758
23089,7748
23057,7915
23021,8257
22877,7747
22845,7561
22789,7560
22773,7441
22190,7306
22178,7157
22158,7491
22158,7500
22126,7448
22050,7439
22042,7651
22006,7225
22002,7085
21934,7193
21930,7435
21672,6907
21672,7176
21640,6987
21383,6254
21287,6628
21191,6457
21191,6481
21167,6458
20790,6220
20758,6505
20758,5830
20694,6105
20662,6124
20662,6111
20542,6058
20534,6051
20534,6181
20498,6069
20466,6120
20466,6050
20294,5560
20278,6119
20270,5944
20182,5908
20182,5892
20158,5820
20158,5974
20070,5888
20054,6106
20054,6205
20022,6083
20022,6338
20006,6301
20006,6340
19674,5760
19674,6121
19670,6173
19670,6268
19642,6435
19642,7784
19634,8619
19634,6372
19634,6060
19600,6201
19599,5862
19566,6020
19566,5843
19468,6146
26896,9957
26656,11188
26392,11072
26296,10469
26216,11386
25575,9230
25431,8917
25399,9175
25175,9579
25071,8458
24771,8296
24739,8788
24699,8688
24587,8595
24583,8170
24359,7989
24295,8020
23883,8090
23787,8082
23739,8045
23563,7981
23515,8092
23435,7770
23419,7728
23171,8188
23139,7819
23135,8271
22991,8119
22959,7760
22903,7816
22887,7785
22304,7616
22292,7351
22272,7505
22240,7477
22164,7855
22164,7501
22156,7500
22120,7412
22116,7407
22048,8053
22044,7184
21980,7159
21786,7059
21754,7096
21497,6827
21401,6822
21401,6776
21305,6662
21281,6702
21281,6872
20904,6493
20872,6381
20808,6533
20808,6543
20776,6380
20776,6472
20656,5856
20648,6321
20648,6393
20612,6252
20580,6325
20580,6308
20408,6307
20408,5834
20392,6467
20296,6208
20296,5810
20272,6457
20272,6661
20184,6261
20176,5720
20168,6260
20168,6368
20136,5951
20136,5392
20120,5984
20120,6146
19788,5236
19788,5833
19784,5779
19784,5846
19756,5778
19756,5396
19756,6049
19748,6180
19748,5325
19714,5734
19713,5805
19680,5739
19680,6182
19680,5712
27202,10340
26818,12180
26770,10730
26474,10085
26410,11193
25721,10157
25689,10163
25513,10284
25305,9727
25289,9341
25137,9544
24885,9054
24853,9134
24797,9130
24701,9190
24697,8741
24473,9454
24029,9206
23997,8910
23901,8342
23853,8959
23677,8561
23629,8862
23549,8615
23533,8042
23285,7786
23253,7967
23249,8631
23105,8064
23073,8110
23017,7618
23001,7548
22418,6784
22406,7692
22406,7454
22386,7696
22354,7728
22278,7691
22270,7855
22234,7563
22230,7460
22162,7190
22162,7287
22094,6979
21900,7044
21868,7157
21611,7107
21579,7287
21515,7806
21419,7035
21395,7109
21395,7019
21018,6887
20986,7077
20986,7205
20922,6675
20890,6628
20890,7588
20770,6635
20762,6545
20762,6427
20726,6294
20694,6460
20694,6703
20522,5648
20522,6385
20506,6560
20410,6306
20410,6370
20386,6624
20386,6535
20298,6603
20290,6565
20282,6303
20282,6557
20250,6548
20250,6328
20234,6461
20234,6319
19902,6252
19902,6023
19898,6287
19898,6472
19870,6438
19870,6034
19870,6227
19862,6288
19862,6473
19828,5898
19827,6350
19827,6233
19794,6272
27622,10295
27364,10992
26980,10200
26932,10893
26636,10048
26572,10422
26492,10591
25803,11061
25659,10056
25419,9675
25403,9498
25299,9375
24999,8934
24967,9210
24927,9333
24911,8685
24811,9066
24587,8706
24555,8701
24143,8390
24111,8412
23999,8573
23791,9086
23743,8259
23663,7907
23647,8002
23431,7896
23399,8850
23367,8159
23363,8197
23219,7986
23187,7626
23131,7606
23115,7721
22532,7458
22520,7705
22500,7855
22468,7807
22468,7364
22392,7514
22384,7509
22348,7262
22344,7128
22276,7111
22276,7088
22208,7438
22014,7702
21982,7349
21725,7234
21693,7281
21629,6805
21533,7652
21533,7406
21509,7253
21132,6938
21100,7072
21100,6998
21036,6926
21004,7010
21004,7052
20884,7117
20884,7452
20876,6726
20840,6954
20840,7030
20808,6834
20808,6986
20636,6713
20620,6431
20612,6796
20524,6513
20524,6793
20500,6538
20500,6548
20412,6491
20404,5989
20396,6600
20396,6585
20364,6481
20364,6428
20348,6220
20348,6315
20016,5998
20016,5483
20012,5982
20012,6099
20012,5872
19984,5458
19984,6004
19976,5970
19976,5257
19942,5872
29436,11827
28985,13349
28376,12122
28088,11478
27526,10983
27334,11467
27094,11108
26830,10864
26734,10571
26654,10519
25929,9973
25785,9804
25545,9315
25529,9375
25425,9179
25125,9067
25093,9569
25053,8848
25037,9015
24937,9104
24713,9323
24649,8640
24269,8857
24141,8607
24093,8650
23917,8369
23869,8115
23789,8370
23773,8567
23557,8952
23525,8832
23493,8631
23345,9100
23313,8840
23257,8962
23241,8524
22652,7950
22652,8133
22640,8538
22620,8990
22588,8222
22512,9088
22504,7936
22468,7970
22464,7800
22396,7813
22392,7682
22328,7566
22134,7407
22102,7335
21845,7165
21749,7282
21749,6967
21653,7051
21629,6973
21252,6584
21252,6650
21220,6549
21156,6617
21156,6788
21124,6118
21004,6696
21004,6882
20996,6589
20960,6634
20960,6773
20928,6886
20928,6630
20756,7048
20740,7012
20732,6690
20644,6763
20644,6212
20620,6628
20620,6489
20524,6702
20516,5925
20516,6758
20484,6664
20484,6607
20468,6222
20468,6649
20136,6418
20136,6284
20132,6266
20132,5652
20132,6367
20104,6066
20104,5989
20096,5445
20096,5889
20062,5929
29361,11836
29105,12541
28464,11691
28176,12281
27646,11200
27262,10712
27214,12051
26918,11488
26854,10570
26081,9957
26049,9789
25873,9990
25665,9624
25649,9884
25497,9542
25245,9064
25213,9296
25157,9724
25061,9651
25057,9516
24833,9769
24389,8972
24357,8578
24261,8468
24213,9010
24037,9420
23989,8519
23909,8675
23677,8401
23645,9164
23613,8561
23609,8151
23465,8466
23433,7976
23377,8312
23361,8427
22772,8454
22760,7665
22740,7704
22708,7491
22708,7992
22632,8572
22624,7895
22588,7890
22584,7396
22516,7584
22512,7423
22448,7391
22254,7524
22222,7774
21965,7426
21869,7460
21869,7393
21773,7247
21749,7117
21372,7024
21372,6837
21340,6943
21276,6682
21276,6671
21244,6045
21124,6628
21124,6756
21116,7029
21080,7135
21080,7075
21048,7014
20876,6962
20876,6706
20860,6910
20852,6974
20764,6101
20764,6750
20740,6590
20652,6344
20644,6624
20636,6614
20636,6564
20604,6256
20604,6981
20588,6657
20588,6464
20256,5613
20256,6023
20252,6022
20252,6270
20252,6328
20224,6347
20224,6263
20216,5705
20216,6156
20182,6075
29481,11981
29225,13172
28584,12001
28296,12242
27766,10819
27382,11582
27334,11732
27038,11153
26974,10815
26201,10113
26169,9999
26025,10173
25785,9921
25769,9547
25617,9919
25365,9255
25333,13963
25293,9442
25181,9304
25177,9245
24953,9030
24889,9540
24477,8775
24381,9096
24333,8508
24157,8654
24109,8468
24029,8565
24013,8395
23797,9036
23733,8045
23729,8181
23585,8549
23553,8533
23497,8500
23481,7963
22892,7846
22880,7658
22880,7586
22860,8081
22828,8069
22752,7836
22744,7631
22708,7476
22704,7693
22636,7563
22636,7489
22568,7648
22374,7526
22342,7684
22085,7231
22053,7521
21989,7136
21893,7022
21869,7117
21869,6884
21492,6782
21460,6677
21460,6576
21396,6521
21364,6640
21364,6583
21244,5997
21236,6462
21236,6643
21200,5993
21168,6492
21168,6396
20996,5826
20996,6330
20972,6505
20884,6195
20884,6231
20860,6223
20860,6172
20772,6233
20764,6126
20756,6203
20756,5874
20724,6171
20724,6217
20708,5753
20708,6442
20376,6240
20376,5997
20372,5993
20372,5992
20344,5967
20344,5957
20344,6137
20336,5946
20336,5881
29815,12140
29547,12872
28746,11911
28650,12299
28426,12480
27896,12856
27512,11711
27464,12940
27168,12583
27104,11232
26323,10241
26291,10149
26115,9786
25907,9911
25891,9773
25739,9734
25487,9502
25455,9827
25415,9374
25303,9444
25299,9540
25075,9456
25011,9031
24599,9088
24503,9357
24455,9798
24279,9846
24231,9248
24151,9311
24135,8506
23919,8588
23887,9085
23855,8837
23851,8715
23691,8980
23675,9433
23619,9865
23595,9232
23014,8335
23002,8396
22982,8945
22950,8598
22874,7655
22866,7865
22830,8273
22826,8183
22758,8856
22754,8493
22690,8286
22496,8000
22464,8173
22207,7964
22111,7686
22111,7843
22015,7980
21991,8632
21614,7444
21614,7633
21582,7092
21518,6874
21518,7379
21486,7104
21366,6634
21358,6693
21358,6787
21322,6424
21322,7000
21290,7196
21118,7633
21118,7113
21102,6907
21006,6998
21006,6790
20982,7060
20982,6874
20894,6435
20886,6546
20878,6765
20878,6874
20846,7084
20846,6611
20830,6656
20830,6260
20498,6453
20498,6382
20494,6255
20494,5832
20466,6425
20466,6206
20458,6501
20458,6378
20424,6008
29723,12029
29467,13027
28762,12316
28538,12287
28008,12102
27624,11543
27312,11389
27280,11470
27200,10613
26443,10766
26283,10355
26235,9955
26011,9744
25907,9621
25859,9798
25575,9597
25535,9658
25519,9727
25419,9777
25195,9142
25131,9623
24719,9222
24623,8797
24575,8711
24399,8597
24351,9058
24255,8777
24039,8192
24007,8222
23975,8350
23971,8834
23811,9140
23795,8009
23739,8182
23715,8391
23134,8177
23122,7920
23102,7963
23070,8139
22994,7735
22986,7621
22950,7800
22946,7910
22878,7961
22874,8048
22616,7420
22616,8005
22584,7431
22295,7065
22231,7085
22135,7162
22111,7268
22111,7171
21734,7315
21702,7259
21638,7105
21638,7250
21606,6924
21486,7006
21486,7129
21478,7988
21442,6687
21410,6550
21410,7067
21238,6976
21238,6989
21214,6836
21126,7030
21126,7100
21102,6881
21014,6969
21006,6704
20998,6534
20998,6420
20966,6840
20966,6980
20950,6149
20950,6596
20618,6434
20618,5776
20614,6065
20614,6082
20586,6260
20586,6183
20578,6097
20578,6061
20544,6200
20543,5662
20543,6054
20510,5987
20510,5975
20412,6132
27568,10227
27520,10786
27256,11124
27192,11040
26551,10358
26519,10466
26343,10564
26135,10251
26015,9990
25967,9612
25715,9214
25643,9166
25627,9642
25531,9720
25527,9171
25271,9541
24859,9377
24827,8932
24715,8863
24507,8624
24459,8803
24379,8671
24363,8329
24147,8266
24115,8209
24083,8659
24079,8438
23919,8156
23903,8347
23847,8420
23823,8210
23248,8090
23236,8027
23216,7939
23184,7756
23108,8067
23100,7876
23064,8242
23060,8288
22992,8493
22988,7603
22924,8125
22730,7424
22698,7305
22441,7233
22345,7455
22345,7370
22249,7394
22225,7435
21848,7045
21848,7622
21816,7159
21752,6905
21720,7180
21720,7095
21600,6726
21592,7157
21592,6207
21556,6643
21524,6647
21524,6549
21352,6411
21336,6565
21328,6597
21240,6539
21240,6567
21216,6509
21216,6680
21120,6612
21112,6428
21112,6596
21080,6517
21080,6473
21064,6477
21064,6540
20732,6235
20732,6209
20728,6108
20728,5839
20700,6058
20700,5981
20692,6028
20692,5688
20692,6158
20658,6173
20657,6149
20624,5701
20624,6128
20526,5907
20510,5859
20510,5373
20478,6214
27234,10188
26665,10969
26633,11123
26457,10707
26249,10363
26129,10361
26081,10166
25829,10070
25757,10090
25741,10953
25645,10135
25641,10228
25385,10203
24973,9573
24941,9611
24829,9935
24797,9669
24573,9351
24493,9835
24477,9539
24261,9653
24229,9527
24197,10022
24193,9472
24033,8949
24017,9029
23961,9106
23937,9668
23362,8385
23350,8377
23330,8578
23298,9554
23222,8670
23214,8427
23178,8293
23174,8327
23174,8703
23106,8291
23038,7812
22844,8353
22812,7912
22555,7375
22523,7532
22459,7849
22363,7335
22339,7420
22339,7669
21962,7256
21930,7064
21866,7069
21866,7065
21834,7028
21714,6838
21714,7392
21706,7546
21670,7314
21670,6728
21638,7152
21466,7203
21466,7657
21450,7157
21442,7211
21354,6911
21354,6984
21330,7448
21242,7037
21234,7269
21226,7450
21226,7810
21194,7454
21194,7295
21178,6935
21178,7468
20846,7260
20846,6683
20842,6751
20842,6749
20814,6596
20814,6539
20806,6609
20806,6476
20806,6698
20772,6524
20771,6657
20738,6880
20738,6971
20640,7062
20640,6911
20624,7222
20592,7050
20592,7110
20592,7086
26667,9254
26523,10054
26283,9333
26267,9775
26163,9389
25863,9017
25831,8905
25791,9392
25679,9318
25675,8741
25451,9083
25387,9034
24975,8632
24879,8830
24831,9253
24655,9451
24607,9829
24527,9193
24295,8983
24263,9944
24231,10044
24227,9092
24083,9069
24051,9627
23995,9216
23979,8938
23476,9004
23464,9044
23444,8507
23412,8482
23336,8555
23336,8994
23328,8206
23292,7954
23288,7864
23220,7818
23216,7958
22958,8323
22958,8151
22926,7717
22669,8424
22573,8475
22573,7935
22477,8367
22453,8510
22076,7725
22076,7999
22044,7684
21980,7528
21980,7770
21948,8300
21828,7969
21828,7896
21820,7513
21784,7654
21784,7412
21752,7221
21580,7209
21580,7429
21564,7672
21556,7533
21468,7608
21468,7549
21444,7203
21356,7193
21348,7214
21340,6903
21340,6898
21308,6874
21308,7111
21292,7330
21292,7317
20960,7201
20960,7154
20956,7345
20956,6858
20928,7177
20928,7204
20928,6814
20920,6467
20920,7013
20886,6825
20885,6565
20885,6744
20852,6718
20852,6944
20754,7102
20738,6726
20738,6104
20706,6656
20706,6439
20513,6264
26781,9717
26637,10396
26397,10255
26381,10237
26229,9861
25977,9647
25945,10254
25889,9781
25793,9280
25789,9815
25565,9272
25121,8876
25089,9688
24993,9077
24945,9309
24769,9093
24721,9350
24625,8790
24409,8672
24377,9265
24345,9379
24341,8853
24197,8266
24165,8662
24109,9025
24093,8547
23590,7914
23578,8285
23558,7782
23526,8142
23450,8955
23442,8103
23442,8059
23406,7796
23402,7771
23334,7866
23330,7990
23072,8096
23072,7820
23040,8207
22751,7389
22687,7454
22591,7407
22591,7533
22567,7643
22190,7638
22158,7557
22158,7248
22094,7139
22062,6770
22062,7451
21942,6851
21934,6511
21934,7060
21898,6954
21866,6954
21866,6925
21694,6788
21694,6903
21670,7134
21582,6765
21582,6748
21558,6879
21558,6270
21470,6194
21462,6581
21454,6109
21454,6180
21422,6062
21422,6157
21406,6130
21406,5996
21074,5937
21074,6091
21070,5794
21070,5868
21042,6031
21042,5990
21034,5964
21034,5910
21000,5855
21000,5876
20999,6068
20966,6210
20966,6851
20868,6402
20868,6442
20852,6561
20820,6516
20820,6407
20820,6024
20627,6080
26687,9219
26511,10570
26495,10180
26391,9487
26091,9493
26059,9678
26019,9039
25907,9038
25903,9927
25679,9399
25615,9396
25203,9453
25107,8868
25059,8839
24883,8276
24835,9154
24755,9362
24739,9660
24491,9213
24459,8710
24455,8594
24311,8160
24279,8328
24223,8284
24207,7874
23704,7783
23692,7539
23672,7558
23640,8023
23640,8194
23564,7878
23556,7870
23520,7540
23516,8278
23448,7706
23444,7576
23186,7503
23186,7695
23154,7448
22897,7783
22801,7743
22801,7525
22705,7538
22681,7513
22304,6959
22304,7190
22272,7335
22208,6763
22176,6734
22176,6949
22056,6536
22048,6799
22048,6874
22012,6580
22012,6659
21980,6885
21808,6822
21808,6916
21792,6810
21784,6433
21696,6423
21672,6354
21672,6184
21584,6340
21576,6285
21568,6154
21568,6274
21536,6185
21536,6373
21520,6226
21520,6204
21188,6190
21188,6264
21184,5902
21184,6388
21156,6190
21156,6070
21148,6023
21148,6176
21148,6252
21114,6152
21113,6186
21080,6542
21080,6454
21080,6477
20982,6412
20966,6442
20934,6445
20934,6197
20934,6323
20741,6186
20741,6411
26769,9487
26625,11080
26505,9735
26457,9839
26205,9334
26133,9719
26117,9658
26021,9266
25793,9685
25761,9260
25349,8864
25317,8620
25205,8582
25173,8544
24949,8761
24869,8547
24853,8362
24637,8555
24605,8127
24573,8229
24569,8110
24425,8676
24393,8215
24337,8624
24321,8198
23818,7755
23806,7697
23786,7854
23754,8085
23678,7801
23678,7897
23670,7710
23634,7806
23630,7638
23562,7438
23558,7679
23494,7584
23300,7465
23268,7424
23011,8228
22915,7839
22915,8041
22819,7442
22795,7312
22418,7019
22418,6789
22386,6835
22322,6730
22322,6666
22290,6807
22170,6558
22170,6938
22162,6906
22162,7052
22126,6836
22094,6845
22094,6925
21922,6743
21922,6707
21906,6371
21810,6169
21810,6269
21786,6213
21786,6249
21698,6169
21690,6221
21682,6176
21682,6181
21650,6183
21650,6163
21634,6171
21634,6203
21302,5886
21302,5962
21298,6286
21298,6206
21298,6208
21270,6230
21270,6480
21262,6574
21262,6534
21228,6511
21228,6596
21227,6576
21194,6474
21194,6783
21194,6470
21096,6742
21080,6232
21048,6554
21048,6354
21048,6455
27235,9570
27203,10823
27027,10767
26819,10431
26803,9891
26699,10330
26399,10423
26367,10330
26327,9315
26311,9784
26211,9135
25987,9059
25955,9542
25543,9649
25511,8877
25399,8974
25367,9251
25191,9464
25143,8588
25063,9256
25047,8845
24831,8870
24799,8808
24767,8249
24763,8805
24603,8520
24587,8923
24531,8565
24507,8185
23932,7887
23920,7714
23900,8200
23868,8097
23868,8092
23792,7614
23784,7719
23748,8108
23744,8194
23744,8293
23676,7976
23672,7758
23414,7440
23414,7708
23382,7537
23125,7170
23093,7346
23029,7559
22933,7648
22933,7709
22909,7568
22532,7280
22532,7570
22500,7120
22436,7096
22436,6946
22404,7159
22404,7395
22284,6619
22276,7150
22276,6701
22240,6621
22240,6632
22208,6584
22208,6600
22036,6469
22036,6591
22020,7328
22012,7224
21924,6917
21924,7044
21900,7033
21900,6987
21812,6780
21804,6671
21796,6898
21796,6733
21764,7032
21764,7159
21748,7144
21748,6764
21748,7205
21416,6719
21416,6120
21412,6337
21412,6460
21384,6714
21384,6890
21384,6755
21376,6574
21376,6739
21342,6838
21342,6568
30001,11332
29680,12845
29392,11445
28878,11392
28686,12044
28446,11069
28182,11081
28086,10618
28070,10841
27349,10234
27189,10226
27141,9818
26933,10117
26813,9638
26765,9458
26513,9846
26441,9792
26425,10135
26329,10024
26325,9560
26069,9330
25657,8811
25625,9106
25513,9232
25481,8881
25305,8514
25257,8538
25161,8716
24945,9046
24913,8827
24881,8383
24877,8762
24733,8456
24701,8764
24645,8545
24629,8390
24046,8036
24034,7653
24014,7978
24014,8195
23982,8163
23906,8267
23898,7816
23862,7610
23858,7884
23790,9161
23786,8113
23722,8175
23528,7533
23496,7757
23239,7352
23143,7213
23143,7287
23047,7291
23023,7317
22646,7158
22646,7228
22614,7231
22550,7044
22550,6987
22518,7043
22398,6872
22398,7008
22390,7237
22354,7047
22354,7126
22322,6972
22150,7166
22150,7141
22134,6922
22126,6890
22038,6803
22014,6924
22014,7160
21926,6850
21918,6863
21910,6813
21910,6355
21878,6873
21878,6793
21862,6404
21862,6400
21530,6125
21530,6084
21526,6327
21526,6069
21498,6333
21498,6096
21490,6445
21490,6818
21490,6221
21456,6409
30115,11408
29762,13438
29506,13035
28992,12421
28800,12407
28560,12241
28264,11261
28200,10511
27463,10942
27431,10487
27255,10531
27047,10412
26927,9912
26879,10848
26627,10661
26555,9734
26539,9955
26443,9472
26215,9204
26183,9821
25771,9966
25739,9506
25595,8899
25419,9219
25371,9293
25291,8471
25275,8479
25027,8352
24995,8977
24991,8889
24847,8284
24815,8276
24759,8284
24743,8515
24160,8726
24148,9074
24128,8377
24096,8586
24020,8431
24012,8434
23976,8640
23972,8441
23904,8880
23904,8362
23836,7765
23642,8140
23610,7960
23353,7873
23257,7719
23257,7305
23161,7559
23137,7365
22760,7547
22760,7526
22728,7678
22664,7938
22632,7028
22632,7481
22512,7493
22504,7492
22504,7429
22468,7509
22436,7607
22436,7061
22264,6916
22264,6591
22240,6492
22152,6414
22152,6387
22128,6413
22128,6484
22032,6447
22024,6416
22024,6296
21992,6370
21992,6500
21976,6588
21976,6650
21644,6795
21644,6418
21640,6442
21640,6480
21612,6447
21612,7033
21604,6975
21604,6689
21604,6418
21570,6549
21569,6311
21536,6255
21536,6193
21438,6371
28594,10561
28546,10802
28282,11290
28218,11098
27577,10493
27545,10909
27369,10500
27161,10038
27041,9948
26993,9994
26709,9532
26669,9998
26653,9861
26553,9563
26329,9406
26265,9677
25853,9550
25757,9910
25709,10271
25533,9996
25485,9524
25389,9684
25173,9060
25141,8557
25109,8535
25105,8551
24945,8892
24929,8747
24873,8650
24849,8563
24274,8117
24262,8531
24242,8371
24210,8572
24134,8356
24126,8461
24090,8672
24086,8975
24018,8379
24018,7860
23950,8307
23756,7777
23724,7381
23467,7565
23371,7716
23371,8062
23275,7792
23251,8031
22874,7321
22874,7334
22842,7215
22778,7387
22746,7429
22746,7403
22626,7339
22618,6968
22618,7325
22582,7223
22550,7315
22550,7326
22378,6861
22378,7148
22354,7232
22266,7104
22266,7473
22242,7331
22242,7256
22154,7154
22146,7262
22138,7347
22106,6595
22106,6417
22090,6779
22090,6968
21758,6550
21758,6569
21754,6547
21754,6568
21726,6465
21726,6450
21726,6459
21718,6430
21718,6572
21684,6431
21683,6329
21650,6234
21650,6220
21552,6216
21552,5980
21536,5975
21504,6214
21504,6222
27691,9930
27659,11321
27483,10525
27275,10282
27155,10171
27107,10401
26855,10241
26783,10042
26767,10133
26671,9726
26443,9618
26379,9725
25999,9564
25871,9158
25823,8911
25647,9261
25599,9417
25519,9508
25503,9478
25255,10197
25223,9774
25219,9275
25075,9136
25043,9484
24987,8625
24971,8826
24388,8694
24376,8219
24356,8664
24324,9277
24248,8436
24240,8079
24204,7779
24204,8120
24200,8350
24132,8962
24128,8670
23870,8231
23838,7743
23838,7666
23549,7655
23485,8019
23389,7704
23365,7751
23365,7390
22988,7258
22956,7556
22956,7010
22892,7202
22860,7117
22740,6912
22740,6988
22732,7241
22696,7238
22696,7268
22664,7552
22664,6993
22492,7238
22476,7347
22468,7133
22380,6954
22380,7023
22356,7005
22268,7169
22260,6858
22252,6672
22252,7278
22220,6684
22220,6559
22204,6602
22204,6493
21872,6441
21872,6261
21868,6161
21868,6318
21840,6233
21840,6220
21832,6256
21832,6996
21798,6809
21798,6778
21797,6646
21764,6777
21764,6697
21666,6602
21666,6679
21650,6574
21618,6688
21618,6676
21425,6530
21425,6410
21425,6297
27253,9642
27237,10269
27085,10221
26889,10204
26857,10037
26801,9789
26705,9915
26701,9910
26445,9200
26033,9828
26001,9581
25889,9402
25857,9231
25633,9118
25553,9369
25537,8818
25321,8578
25289,8829
25257,9245
25253,8873
25093,8514
25077,8543
25021,8769
24997,8820
24502,8868
24490,8226
24470,11853
24438,10561
24362,8625
24354,8031
24318,7894
24314,8469
24246,8416
24242,8285
24178,8711
23984,7629
23952,8311
23695,7745
23599,7769
23599,8118
23503,7993
23479,7803
23102,7090
23102,7222
23070,7180
23006,7007
22974,6946
22974,7015
22854,7084
22846,7255
22846,7316
22810,7482
22810,7443
22778,7359
22606,7164
22606,7613
22590,7095
22582,7111
22494,7081
22470,6652
22470,7097
22382,7075
22374,6695
22366,6679
22366,6708
22334,6683
22334,6528
22318,6538
22318,6863
21986,6646
21986,6567
21982,6570
21982,6782
21954,7097
21954,6967
21946,6731
21946,6722
21946,6799
21912,7024
21911,6648
21878,6686
21878,6703
21878,6773
21780,6427
21764,6560
21732,6808
21732,6385
21732,6302
21539,6174
21539,6267
21539,6195
21515,6261
27239,9566
27191,10590
26971,10232
26931,9989
26915,10684
26815,10252
26591,9858
26559,10057
26147,9481
26115,9109
25971,9201
25795,9295
25747,9114
25667,8812
25651,9467
25435,9213
25403,9038
25371,8565
25367,8681
25207,9155
25191,9120
25135,8438
25111,8449
24616,8210
24604,8681
24584,8652
24552,8689
24476,8107
24468,8013
24432,8066
24428,8678
24428,8549
24360,8392
24292,8024
24098,7711
24066,7727
24066,8169
23777,8166
23713,8230
23617,7569
23593,7907
23593,7648
23216,7059
23184,7134
23184,7426
23120,7514
23088,7627
23088,7811
22968,7497
22960,7465
22960,7711
22924,7063
22892,7288
22892,7401
22720,6804
22720,6830
22704,6811
22608,6787
22608,6660
22584,6858
22584,7036
22496,7023
22488,7298
22480,7163
22480,7489
22448,7184
22448,7119
22432,7213
22432,7330
22100,7157
22100,7028
22096,7001
22096,6894
22068,7023
22068,7314
22060,6815
22060,7040
22060,7109
22026,6667
22025,6763
21992,6600
21992,6539
21992,6532
21894,6481
21878,6556
21846,6127
21846,6374
21846,6149
21653,6224
21653,6122
21653,6232
21629,6023
27465,9813
27313,10993
27117,10916
27085,9992
27045,9873
26933,9880
26929,9865
26705,9738
26641,9560
26261,9601
26133,8959
26085,8977
25909,9484
25861,9709
25781,9369
25765,9404
25549,9691
25517,9398
25485,9081
25481,9692
25321,9631
25305,9108
25249,8614
25233,8724
24730,8688
24718,8713
24698,8380
24666,8370
24590,8020
24590,8988
24582,8633
24546,8267
24542,8088
24474,8006
24470,8200
24212,8171
24212,8393
24180,8544
23923,7742
23827,7735
23827,7480
23731,7499
23707,7742
23330,7509
23330,7585
23298,7743
23234,7620
23234,7459
23202,7218
23082,7658
23082,7335
23074,7021
23038,7486
23038,7440
23006,7505
22834,7922
22834,7855
22818,8018
22810,7982
22722,7056
22698,7034
22698,7708
22610,7026
22602,7294
22594,7001
22594,7042
22562,6572
22562,6882
22546,6621
22546,6956
22214,6801
22214,6807
22210,6923
22210,7117
22182,6881
22182,6918
22182,6983
22174,7143
22174,6947
22140,6878
22139,6840
22106,6872
22106,6740
22106,7037
22008,6991
21992,7150
21960,6844
21960,6832
21960,6756
21767,6294
21767,6510
21767,6756
27595,10253
27579,10227
27427,10302
27231,10558
27199,10047
27143,9829
27047,9888
27043,10512
26819,9572
26375,9768
26343,9751
26247,9310
26199,9236
26023,9668
25975,9349
25895,9167
25879,9321
25631,9306
25599,8782
25595,9112
25451,8710
25419,8966
25363,8953
25347,8686
24844,8332
24844,8469
24832,8657
24812,8497
24780,8396
24704,8289
24696,8353
24660,8160
24656,8619
24656,8526
24588,8559
24520,8617
24326,8307
24294,8652
24294,8563
24005,8451
23941,8452
23845,8082
23845,8233
23821,8262
23444,7676
23444,8058
23412,7729
23348,7524
23316,7712
23316,7501
23196,7333
23196,7268
23188,7682
23152,7619
23152,7403
23120,7604
23120,7696
22948,7620
22932,7813
22924,7588
22836,7550
22836,7562
22812,7333
22812,7443
22724,7418
22716,7283
22708,7416
22708,6835
22676,6675
22676,6667
22660,6651
22660,6800
22328,6599
22328,6498
22324,6560
22324,6539
22324,6566
22296,6649
22296,6519
22288,6638
22288,6730
22254,6598
22254,6755
22253,6590
22220,6672
22220,6599
22220,6710
22122,6569
22106,6480
22074,6461
22074,6334
22074,6485
28261,10237
28229,10986
28053,10866
27845,10848
27829,10513
27725,11009
27425,10020
27393,10314
27353,10412
27337,10037
27237,9873
27013,9887
26949,9775
26569,9513
26537,9865
26425,9668
26393,9285
26169,9540
26089,9335
26073,9414
25857,8765
25825,9278
25793,9087
25789,9581
25645,8692
25613,8663
25557,9049
25557,8976
25533,8645
24958,8351
24946,8266
24926,8563
24894,8710
24818,8878
24810,8170
24810,8266
24774,8087
24770,8584
24702,8385
24698,8603
24634,8141
24440,7895
24408,8165
24151,8063
24119,8129
24055,8095
23959,7744
23959,8404
23935,8113
23558,7981
23558,8046
23526,7809
23462,7531
23462,8039
23430,7425
23430,7488
23310,7429
23302,7224
23302,7054
23266,7696
23266,7915
23234,7853
23234,7914
23062,7860
23046,7733
23038,7789
22950,7408
22950,7761
22926,7347
22926,6883
22838,6856
22830,6733
22830,6828
22822,6779
22822,6807
22790,7185
22790,7342
22774,7248
22774,7202
22442,7172
22442,7116
22442,7178
22438,7113
22438,7007
22410,6876
22410,6812
22410,6956
22402,6918
22402,6646
22402,7246
22368,6912
22367,6879
30706,11941
30610,12633
30386,12604
29904,12250
29520,12025
29472,11859
29176,12618
29112,12693
28375,12172
28343,12022
28167,11418
27959,11064
27943,11400
27791,11826
27539,10916
27507,11024
27451,10731
27355,10097
27351,10475
27127,10254
27063,9724
26651,9992
26555,9750
26507,9274
26331,9584
26283,9619
26203,9815
26187,9874
25971,9791
25939,9835
25903,9602
25759,9999
25727,9908
25671,9311
25671,9486
25647,10137
25072,8794
25060,8440
25040,8555
25008,8494
24932,8845
24924,9202
24888,8324
24884,8230
24884,8505
24816,8720
24748,8528
24554,8721
24522,8327
24265,8066
24233,7954
24169,8108
24073,7784
24049,7999
24049,7777
23672,7670
23640,7560
23640,7285
23576,7697
23544,7853
23544,7881
23424,7613
23416,7629
23416,7340
23380,7637
23348,7293
23348,7314
23176,7031
23176,7117
23152,7334
23064,7745
23064,7376
23040,7479
23040,7442
22952,7374
22944,7033
22936,7259
22936,7223
22904,7069
22904,7072
22888,7112
22888,6846
22556,6712
22556,6819
22552,7209
22552,7307
22524,7156
22524,7049
22516,7100
22516,7118
22482,7424
22482,6937
31141,12272
30788,13267
30532,12750
30018,11977
29634,12298
29586,11878
29290,11453
29226,11531
28489,10880
28457,10911
28313,11058
28073,10853
28057,10343
27905,10672
27653,10479
27621,9995
27565,10255
27469,10489
27465,9969
27241,10380
26797,9841
26765,9494
26653,9759
26621,9748
26445,9227
26317,9183
26301,9829
26085,9483
26053,8897
26021,9239
26017,9490
25857,9349
25841,9664
25785,9676
25761,8690
25186,9189
25174,9263
25154,9372
25122,8485
25046,8678
25038,8524
25002,9033
24998,9020
24930,8342
24930,8833
24862,9212
24668,9155
24636,8993
24379,8601
24283,8188
24283,8497
24187,8672
24163,8495
23786,7970
23786,8188
23754,7886
23690,7744
23690,8148
23658,8413
23538,8071
23530,7198
23530,7715
23494,7528
23494,7521
23462,7604
23290,7628
23290,8026
23274,8214
23178,7209
23178,7242
23154,7374
23154,7079
23066,6965
23058,7414
23050,7288
23050,7341
23018,7335
23018,7545
23002,7592
23002,7606
22670,7539
22670,7500
22666,7227
22666,7613
22638,7156
22638,7229
22630,7108
22630,7036
22596,7182
22595,7589
22595,7140
22562,7257
30358,11840
30132,12476
29748,12146
29700,12211
29404,12028
29324,12571
28603,11298
28443,11177
28395,10777
28187,10572
28067,11078
28019,10534
27735,10886
27695,10655
27679,10496
27579,10375
27355,10213
27291,9767
26911,9854
26783,9897
26735,9565
26559,9700
26511,9863
26431,9597
26199,9135
26167,9336
26135,9178
26131,8974
25987,12525
25955,9311
25899,9016
25883,9026
25300,8946
25288,8797
25268,8552
25236,8778
25160,8516
25152,9143
25152,8453
25116,8911
25112,9061
25044,8886
25040,8864
24782,8159
24782,8067
24750,8104
24493,8684
24397,8520
24397,8428
24301,7824
24277,7991
23900,7494
23900,7860
23868,8129
23804,8029
23804,7677
23772,7706
23652,7420
23652,7825
23644,7340
23608,7481
23608,7729
23576,8301
23404,8358
23404,7712
23388,7748
23380,7295
23292,7170
23268,7100
23268,7450
23180,7373
23172,7951
23164,7363
23164,7649
23132,7692
23132,7306
23116,7473
23116,7225
22784,6791
22784,6666
22780,6948
22780,6660
22752,7064
22752,7564
22744,7534
22744,7355
22744,7533
22710,7443
22709,7721
22676,7137
22676,7256
22578,8938
30006,16470
29766,13664
29502,12891
29406,12906
29326,12718
28685,12410
28541,15948
28301,13921
28285,12157
28133,12210
27881,12057
27849,11803
27793,12208
27697,12178
27693,11473
27437,17181
27025,10809
26993,11153
26881,10649
26673,10904
26625,12901
26545,11049
26529,9984
26313,10815
26281,10059
26249,12419
26245,10114
26069,9527
26013,9711
25997,9670
25414,9297
25402,9274
25382,8803
25350,9194
25274,8920
25274,8578
25266,8781
25230,9090
25226,8843
25158,8578
25154,8470
24896,9122
24864,8649
24864,8494
24575,8105
24511,8007
24415,8278
24415,8750
24391,8136
24014,7642
23982,7748
23982,7720
23918,7739
23886,7916
23766,7880
23766,7781
23758,7906
23722,7654
23722,7421
23690,7570
23690,7662
23518,7479
23502,7691
23494,7489
23406,7521
23406,7321
23382,7446
23294,7146
23286,7236
23278,7248
23278,7591
23246,7524
23246,7906
23230,9506
23230,7903
22898,8030
22898,7748
22894,7399
22894,7365
22866,7423
22866,7591
22858,8059
22858,7643
22824,7469
22824,7083
22823,7269
22790,10040
22790,9761
22692,8310
22676,7543
22676,7082
22644,7162
29400,11249
28831,12493
28799,11505
28623,11707
28415,11125
28399,12048
28247,11319
27995,11449
27963,11096
27907,10782
27811,10948
27807,10726
27551,10572
27139,10205
27107,10182
26995,10034
26963,10335
26739,9630
26659,9718
26643,10020
26427,9344
26395,9437
26363,10066
26359,9444
26199,9237
26183,9977
26127,9751
26103,9163
25528,9259
25516,9032
25496,8702
25464,8629
25388,8786
25380,9031
25344,9006
25340,8730
25272,8640
25272,9154
25204,9149
25010,8329
24978,8432
24721,8327
24625,8339
24625,8496
24529,7931
24505,7955
24128,7716
24128,8235
24096,8124
24032,8222
24032,7912
24000,7933
23880,7551
23880,7640
23872,8165
23836,7992
23836,7881
23804,7963
23632,7385
23632,7571
23616,7363
23520,7525
23520,7657
23496,7892
23496,7682
23408,7521
23400,7505
23392,7398
23392,7234
23360,7197
23344,7255
23344,7566
23012,7617
23012,7493
23008,6984
23008,7420
23008,7434
22980,7430
22980,7823
22972,7163
22972,7640
22938,7439
22937,6943
22904,6966
22904,7282
22904,7325
22806,7810
22790,7512
22758,7171
22758,6871
22758,7018
22565,6876
28625,10683
28449,12272
28433,11002
28329,12343
28029,10675
27997,11681
27957,11289
27845,11056
27841,10767
27617,10829
27173,10941
27141,10622
27045,10829
26997,10357
26821,9932
26693,10241
26677,10229
26461,9697
26429,9754
26397,9958
26393,9509
26233,9416
26217,9550
26161,9164
26137,9121
25642,9471
25630,9204
25610,8853
25578,9422
25502,8957
25494,8675
25458,9178
25454,9417
25454,9291
25386,9129
25318,9296
25124,8642
25092,8509
25092,8709
24803,8861
24739,8976
24643,8475
24619,8430
24619,8575
24242,8405
24210,8911
24210,7802
24146,8203
24114,8238
24114,7865
23994,7863
23986,7710
23986,9391
23950,8048
23918,7692
23918,7684
23746,8018
23730,7789
23722,7681
23634,7946
23634,7958
23610,7717
23610,7315
23522,7513
23514,7460
23506,7627
23506,7306
23474,7314
23474,7705
23458,7686
23458,7462
23126,7964
23126,7170
23122,7296
23122,7179
23094,7534
23094,7410
23086,7973
23086,7279
23052,8140
23052,7122
23051,7085
23018,7611
23018,7771
22920,7192
22920,7694
22904,7171
22872,7002
22872,6907
22872,7230
22679,7413
22679,7365
28507,10821
28491,12210
28339,11762
28143,11053
28111,11512
28055,11253
27959,11174
27955,11427
27731,10843
27287,10212
27255,10522
27159,10903
27111,10183
26935,10343
26887,10214
26791,9596
26575,10067
26543,9419
26511,9505
26507,9711
26347,9293
26331,9507
26275,9885
26251,9517
25756,8853
25744,9035
25724,9283
25692,9016
25616,8906
25608,9703
25572,9082
25568,9666
25568,9389
25500,9436
25432,8812
25238,8832
25206,9241
24949,8662
24917,8725
24853,9075
24757,8990
24733,8696
24733,8220
24356,8159
24324,8211
24324,8463
24260,8176
24228,7995
24108,7904
24108,7926
24100,8370
24100,8488
24064,8255
24032,7941
24032,7857
23860,7735
23860,7983
23836,8573
23748,7932
23748,7767
23724,7553
23724,7575
23636,7571
23628,7801
23620,7924
23620,7776
23588,7499
23588,7512
23572,7509
23572,7680
23240,7468
23240,7750
23236,7548
23236,7807
23208,7167
23208,7312
23200,7116
23200,7167
23200,6840
23166,7221
23165,7809
23132,7348
23132,7396
23132,6968
23034,6939
23018,7015
22986,6781
22986,7070
22986,7353
22793,7513
22793,6733
22793,6892
28621,10571
28501,11099
28453,10820
28257,10868
28185,10599
28169,10621
28073,10717
28069,10718
27813,10571
27401,10182
27369,9995
27257,11048
27225,9897
27049,9777
26921,10026
26905,9530
26689,9390
26657,10181
26625,9664
26621,9274
26477,9814
26445,9946
26389,9229
26373,9277
25870,9204
25858,9007
25838,9188
25838,8968
25806,9874
25730,8900
25722,8755
25686,8811
25682,9009
25614,9220
25614,8847
25546,8660
25352,9153
25320,8568
25063,8522
25031,8560
24967,8442
24871,8361
24847,8312
24847,8487
24470,7919
24438,7879
24438,8571
24374,8277
24342,8135
24222,7908
24222,7600
24214,7678
24214,8057
24178,8278
24146,7840
24146,7988
23974,7636
23958,7528
23950,7781
23862,7666
23862,8032
23838,7868
23838,8017
23750,7540
23742,7751
23734,7525
23702,7157
23702,7383
23686,7812
23686,7841
23354,7346
23354,7391
23354,7551
23350,7271
23350,7583
23322,7079
23322,7054
23314,7102
23314,6986
23280,7016
23279,7594
23279,7626
23246,7473
23246,7656
23148,7273
23132,7009
23132,7049
23100,7004
23100,6917
22907,6659
22907,6700
22907,6631
28735,11013
28719,11430
28567,11591
28371,11159
28339,11099
28299,11464
28187,10951
28183,11282
27959,10539
27895,10646
27483,10576
27387,10133
27339,10142
27163,10449
27115,10060
27035,9720
27019,10226
26771,9758
26739,9654
26735,9660
26591,9859
26559,9186
26503,9539
26487,10097
25984,9022
25972,9216
25952,9296
25952,9658
25920,8967
25844,9112
25836,9238
25800,9366
25796,8661
25728,8849
25724,9126
25660,9149
25466,8621
25434,8543
25177,8501
25081,8725
25081,8595
24985,8061
24961,8249
24584,7949
24584,8557
24552,8307
24488,8542
24488,8105
24456,8108
24336,8109
24336,8367
24328,8702
24292,8459
24292,7828
24260,7687
24260,7743
24088,8037
24072,8281
24064,8178
23976,8227
23976,7457
23952,7480
23952,7848
23856,7741
23848,7814
23848,7999
23816,7539
23816,7610
23800,7277
23800,7339
23468,7250
23468,7602
23464,7689
23464,7608
23464,7601
23436,7330
23436,7596
23428,7381
23428,7058
23394,7352
23393,7444
23393,7463
23360,7375
23360,7561
23262,7708
23246,7084
23246,7721
23214,7429
23214,7422
23021,7431
23021,7661
23021,7151
28849,10885
28833,11406
28729,10964
28485,11226
28453,11510
28413,11173
28301,10877
28297,10823
28073,10954
28009,10733
27629,10684
27597,10155
27453,10190
27277,10708
27229,9765
27149,9845
27133,10230
26917,9594
26885,9716
26853,10394
26849,10190
26689,10623
26673,10806
26617,9899
26593,9987
26098,9671
26086,9517
26066,10080
26034,9925
25958,9563
25958,9559
25950,10069
25914,9804
25910,9343
25842,9625
25838,9884
25774,8824
25580,8716
25548,9304
25291,8691
25259,8543
25195,8423
25099,9049
25075,8718
25075,8627
24698,8087
24666,8144
24666,7940
24602,8422
24570,8564
24570,8371
24450,8066
24442,8019
24442,7940
24406,8131
24406,8267
24374,8148
24202,7902
24202,7608
24186,7782
24178,7902
24090,8032
24090,7872
24066,7663
23978,8298
23970,7575
23962,7617
23962,7709
23930,8176
23930,8556
23914,7881
23914,7479
23914,7601
23582,7525
23582,7691
23578,7710
23578,8021
23550,7290
23550,7154
23542,7432
23542,7079
23542,7080
23508,7199
23507,7380
23474,7679
23474,7413
23474,8076
23376,7197
23360,7736
23328,7283
23328,7158
23328,7020
29515,11157
29483,11482
29307,11845
29099,11426
29083,12031
28931,11993
28679,10922
28647,11464
28591,11569
28495,10916
28491,10723
28267,11068
28203,10842
27791,10072
27695,10369
27647,10425
27471,10133
27423,10183
27343,10271
27327,9888
27111,10274
27079,9641
27047,9707
27043,10051
26883,9769
26867,9640
26811,10059
26787,9740
26212,9291
26200,9259
26180,9969
26148,9131
26072,9034
26064,9394
26028,9371
26028,9049
26024,9078
25956,9401
25952,9213
25694,8680
25694,9200
25662,9711
25405,8792
25309,8448
25309,8969
25213,9024
25189,8654
24812,8545
24812,8879
24780,8951
24716,8778
24716,8475
24684,8433
24564,8018
24564,8025
24556,8377
24556,8463
24520,7911
24488,8390
24488,7819
24316,7689
24316,7926
24300,8072
24292,8213
24204,8150
24180,8077
24180,8156
24092,8396
24084,8025
24076,7662
24076,7808
24044,8009
24044,7543
24028,7565
24028,7812
24028,7666
23696,7576
23696,7717
23692,7814
23692,7703
23664,7659
23664,8007
23656,8520
23656,8047
23656,7852
23622,8250
23621,7774
23588,7555
23588,7903
23588,8035
23490,7891
23474,7955
30470,11882
30334,13331
30270,12998
29629,11680
29597,11965
29453,11621
29213,11968
29197,11548
29093,11810
28793,11513
28761,11279
28721,12367
28609,11181
28605,11723
28381,11255
28317,11237
27937,10404
27905,10725
27761,10692
27585,9978
27537,10586
27457,10459
27441,9963
27225,10177
27193,9852
27161,10040
27157,10263
26997,9930
26981,9855
26925,10532
26909,9822
26326,9424
26314,9341
26294,9449
26262,9331
26186,9272
26186,9510
26178,8954
26142,8970
26138,9432
26070,9336
26066,8946
26002,9854
25808,9158
25776,9209
25519,9074
25487,8634
25423,8458
25327,9043
25303,8690
25303,8476
24926,8354
24894,8359
24894,8797
24830,8362
24798,8197
24798,8104
24678,8044
24670,9000
24670,8359
24634,7946
24634,8181
24602,8259
24430,7830
24430,8040
24414,8239
24406,7945
24318,7789
24318,7930
24294,7860
24294,8204
24198,8074
24190,7945
24190,7761
24158,7862
24158,8169
24142,8352
24142,8262
23810,7662
23810,7584
23810,7482
23806,7676
23806,7975
23778,7889
23778,7801
23770,7484
23770,7768
23736,7253
23735,8108
23735,7919
23702,7571
23702,7722
31224,12420
30840,13887
30792,13249
30496,12781
30432,12779
29743,12607
29711,12359
29535,12061
29327,12045
29207,12051
29159,12037
28907,11682
28835,11954
28819,11477
28723,11611
28495,11080
28463,11574
28051,11203
28019,10812
27907,10960
27699,10452
27651,11069
27571,10294
27555,10453
27339,10491
27307,10261
27275,9836
27271,10297
27111,9765
27039,10173
27023,9765
26440,9150
26428,10069
26408,9419
26408,10004
26376,10645
26300,9564
26292,9327
26256,9586
26252,9555
26184,9065
26180,9231
25922,9287
25922,9530
25890,8730
25601,8665
25537,9753
25441,8813
25441,8560
25417,8443
25040,9045
25008,9135
25008,9065
24944,8848
24912,9261
24912,9331
24792,8451
24784,7985
24784,8189
24748,8924
24716,8843
24716,8219
24544,7900
24544,8313
24520,9049
24432,8178
24432,7998
24408,7822
24408,7616
24320,7860
24312,8398
24304,9513
24304,7937
24272,7507
24272,7647
24256,8206
24256,8013
23924,7763
23924,7569
23920,7642
23920,7689
23892,7878
23892,7983
23884,8052
23884,7463
23850,7340
23850,7873
23849,8141
23816,8254
23816,7746
23718,7479
23718,7324
30826,12226
30594,13343
30498,13559
30418,12903
29825,13485
29681,13603
29649,12445
29425,11766
29321,12360
29273,12555
28989,12225
28949,12288
28933,12159
28833,12432
28609,11966
28545,12200
28165,11765
28133,11604
27989,11367
27813,11058
27765,10975
27685,11310
27669,10649
27453,10556
27421,10486
27389,10614
27385,10657
27225,10572
27209,10517
27153,11007
27129,10140
26554,10089
26542,10138
26522,9969
26490,9840
26414,10352
26406,9749
26370,9732
26370,10072
26366,9700
26298,9710
26294,10137
26036,9709
26004,9509
26004,9932
25715,9982
25651,9112
25555,8794
25555,9002
25531,9187
25154,8263
25154,8148
25122,8199
25058,9049
25058,9552
25026,8212
24906,8539
24906,9051
24898,9108
24862,8396
24862,8157
24830,8135
24830,8275
24658,8285
24642,8298
24634,8048
24546,7807
24546,8049
24522,7797
24522,8288
24434,8147
24426,8095
24418,8205
24418,7665
24386,7829
24386,8023
24370,8136
24370,7945
24038,7986
24038,7796
24034,7401
24034,7565
24006,7774
24006,7553
23998,7690
23998,7557
23998,7974
23964,7360
23963,7193
23930,7642
23930,7883
23930,8076
31260,12693
31068,12851
30756,13424
30724,13038
30644,13218
29971,12092
29811,13091
29763,13191
29555,12545
29435,12945
29387,13176
29135,12628
29063,12414
29047,12469
28951,12560
28723,12035
28691,12519
28279,11670
28247,11123
28135,11519
28103,11140
27879,10670
27799,11815
27783,10761
27567,10256
27535,10043
27503,10186
27499,10060
27339,10014
27323,9860
27267,10047
27243,10526
26668,10075
26656,10264
26636,9878
26604,9428
26528,9616
26520,9650
26484,9975
26480,9946
26480,9778
26412,9239
26344,9149
26150,9381
26118,9313
26118,9522
25829,9005
25765,8904
25669,8816
25669,8685
25645,8584
25268,8754
25268,8652
25236,8306
25172,8293
25172,8306
25140,8621
25020,8415
25020,8323
25012,8201
25012,8192
24976,8426
24944,8694
24944,8640
24772,7872
24772,7926
24756,7998
24748,8576
24660,8458
24660,8307
24636,7827
24636,7959
24548,8431
24540,8508
24532,8141
24532,7768
24500,7938
24500,7952
24484,8367
24484,8279
24152,7941
24152,8100
24148,7596
24148,7544
24120,7661
24120,7882
24120,7712
24112,7785
24112,7551
24078,7562
24077,7522
24077,7462
32224,13423
32000,14766
31614,14318
31230,13227
31182,13811
30886,13895
30822,14298
30085,13536
30053,12269
29877,12104
29669,12418
29549,12442
29501,12265
29249,12475
29177,12872
29161,12982
29065,12450
28837,11986
28805,12313
28393,11880
28361,11863
28249,10999
28041,10512
27993,10507
27913,10958
27897,10481
27681,10888
27649,10466
27617,10539
27613,10652
27453,10235
27437,10496
27381,10434
27357,10167
26782,10166
26770,9737
26750,9715
26718,9894
26642,9393
26634,9689
26598,9955
26594,9845
26526,9747
26522,10337
26264,9215
26264,9121
26232,9594
25975,9351
25879,8714
25783,8805
25783,9569
25759,8655
25382,8257
25350,8817
25350,8907
25286,8834
25254,8311
25254,8492
25134,8608
25126,8830
25126,8443
25090,8970
25058,8813
25058,8942
24886,8440
24870,8017
24862,8230
24774,8395
24774,8347
24750,8387
24662,7847
24654,7963
24646,8056
24646,8571
24614,8550
24614,8221
24598,7951
24598,8245
24266,8411
24266,8199
24262,7753
24262,7975
24234,7676
24234,7722
24226,8123
24226,8362
24192,7509
24191,7798
24191,7570
24158,7398
24158,7789
24060,7757
31216,12655
30936,13750
30904,14004
30824,13858
30199,13565
30039,13098
29991,13158
29767,13093
29663,13133
29615,12849
29331,12749
29291,12431
29179,12655
29175,12113
28951,11501
28507,11116
28475,11749
28363,10979
28331,11534
28107,10587
28027,10543
28011,10568
27795,10334
27763,10284
27731,10425
27727,10179
27567,10010
27551,10222
27479,9910
26896,9569
26884,9742
26864,10089
26832,10117
26832,9698
26756,9445
26748,10055
26712,10261
26708,10333
26640,9935
26636,10777
26378,9868
26346,9862
26346,9905
26057,9573
25993,9278
25897,9161
25873,9159
25873,8715
25496,8547
25464,8573
25400,8636
25400,8682
25368,8361
25248,8225
25248,8421
25240,8519
25204,8903
25204,8228
25172,8180
25000,8539
25000,8811
24984,8130
24976,8247
24888,7868
24864,8262
24864,8452
24776,8411
24768,7998
24760,8515
24760,8915
24728,8996
24728,7977
24712,7969
24712,8152
24380,7682
24380,8365
24376,8395
24376,8354
24348,8277
24348,7736
24340,7681
24340,7877
24340,7909
24306,7893
24305,7788
24272,8003
24272,7684
24174,7374
24174,7722
24158,7774
24126,7953
24126,8073
30746,12038
30281,12902
30137,12000
29897,12785
29881,12289
29777,12540
29477,12266
29445,12435
29405,12111
29293,12826
29289,12636
29065,12476
29001,12503
28589,12152
28493,11652
28445,11057
28269,10700
28221,11109
28141,10723
28125,11011
27877,11798
27845,11455
27841,10511
27697,10035
27665,10251
27609,10440
27593,10130
27010,10279
26998,10585
26978,10163
26946,10729
26870,9626
26870,9620
26862,10124
26826,9361
26822,9866
26754,9921
26750,9477
26492,9463
26492,9963
26460,9423
26171,9108
26107,9515
26011,9243
26011,8840
25987,9290
25610,8971
25578,8807
25578,8872
25514,8798
25482,9235
25482,8680
25362,8359
25354,8650
25318,8905
25318,8719
25286,8451
25286,8297
25114,8644
25098,8523
25090,8206
25002,7921
25002,8009
24978,8713
24890,8547
24882,7958
24874,8145
24874,7879
24842,8213
24842,8429
24826,8540
24826,7845
24494,7751
24494,7595
24490,8117
24490,8123
24462,8388
24462,7653
24454,7963
24454,7897
24420,7698
24419,7952
24386,8133
24386,8352
24386,7999
24288,7845
24272,7511
24240,7645
24240,8343
24240,7753
24047,7724
24047,7410
29875,11362
29859,12714
29707,11942
29511,11951
29439,11881
29423,11854
29327,11812
29099,11628
29067,11424
28655,11335
28623,10807
28479,11208
28303,10798
28255,10444
28175,11031
28159,10626
27911,10209
27879,10449
27875,10797
27715,11259
27699,10806
27643,10519
27619,11071
27124,9624
27112,10118
27092,10654
27060,10148
26984,10572
26976,10594
26940,9355
26936,9909
26868,9542
26864,9311
26606,10135
26574,9596
26317,8918
26285,9137
26221,9316
26125,8818
26101,9340
25724,9869
25724,9855
25692,8720
25628,8757
25596,9262
25476,9153
25476,8328
25468,8586
25432,8632
25432,8649
25400,8468
25228,8247
25228,8420
25212,8805
25116,8756
25116,8130
25092,8219
25092,9209
25004,8465
24988,8666
24988,8659
24956,8556
24956,8494
24940,8235
24940,8879
24608,8313
24608,8323
24604,8351
24604,8963
24576,8804
24576,8173
24568,7689
24568,8141
24534,8718
24533,8256
24533,7780
24500,8182
24500,7722
24402,7641
24386,8003
24354,8023
24354,8261
24354,7763
24161,7544
24161,7475
24137,7475
24137,7792
24129,8033
24097,7944
24097,7533
24097,7539
24089,7720
29145,10803
29081,11851
28745,11270
28617,11628
28569,11021
28393,11059
28345,11356
28265,10908
28249,11321
28001,10984
27969,10434
27965,10771
27821,10126
27789,10737
27733,10388
27709,10192
27238,10229
27226,9725
27206,9691
27174,10374
27098,9713
27090,9714
27054,10346
27050,9559
26982,9393
26978,10188
26914,9702
26720,9387
26688,10099
26431,9640
26335,9012
26239,9114
26239,9425
26215,8875
25838,8821
25806,9181
25806,9318
25742,8767
25710,8565
25590,8971
25590,8819
25582,8474
25546,8469
25546,8883
25514,9055
25342,8340
25342,8358
25318,8402
25230,8818
25230,8902
25206,8384
25206,8351
25110,8575
25102,8710
25102,8390
25070,8177
25070,8130
25054,8213
25054,8514
24722,8164
24722,8056
24718,7895
24718,7835
24690,7959
24690,8216
24682,8685
24682,7825
24648,7886
24647,8183
24614,8410
24614,8238
24516,7736
24500,7868
24468,7551
24468,7904
24468,8232
24275,8210
24275,7706
24251,7799
24251,7543
24243,7877
24211,8130
24211,7952
24211,7709
24203,8147
24203,7464
24203,7625
24143,8365
24143,7859
24143,7878
24111,7767
24111,7253
28215,10153
28075,11353
28043,10730
28011,10782
28007,10643
27863,11105
27831,10880
27775,10379
27759,10569
27352,10440
27340,9681
27320,10100
27288,10489
27288,9852
27212,10193
27204,9989
27168,9709
27164,9940
27096,11155
27092,9806
27028,10019
26834,9847
26802,9495
26545,9621
26513,9687
26449,9053
26353,8985
26329,9498
26329,9279
25952,8683
25920,9104
25920,9189
25856,8640
25824,8596
25824,9023
25704,9245
25696,8884
25696,8989
25660,8791
25628,9046
25628,8748
25456,8826
25456,8653
25440,8878
25432,8741
25344,8339
25320,8243
25320,8648
25232,8564
25224,8412
25216,8419
25216,8473
25184,8564
25184,9259
25168,8043
25168,8312
24836,8037
24836,8385
24836,8445
24832,7907
24832,8073
24804,7871
24804,7965
24796,8390
24796,8105
24796,7854
24762,7870
24761,7846
24728,7820
24728,8341
24728,8177
24630,7781
24614,7969
24614,7672
24582,7689
24582,7939
24582,8017
24389,8088
24389,7635
24389,7489
24365,10546
24357,8426
24357,8147
24325,7629
24325,7725
24325,7686
24317,7913
24317,8582
24317,7945
24317,9699
24257,8235
24257,7665
28689,11581
28657,12727
28545,12801
28497,12272
28417,12615
28401,15294
28201,11346
28169,11606
28137,11367
28133,11276
27989,11626
27957,11160
27901,11833
27901,15259
27877,14799
27466,11052
27454,11098
27434,10863
27434,11279
27402,11218
27326,11791
27318,10325
27282,10944
27282,10471
27278,12833
27210,10762
27210,15566
27142,10465
26948,10455
26948,10677
26916,9918
26659,9661
26627,9622
26563,9817
26467,9730
26467,9596
26443,9794
26443,9651
26066,9363
26034,9461
26034,9425
25970,8903
25970,8928
25938,9454
25938,8889
25818,8805
25818,9216
25810,9102
25810,8838
25774,8755
25774,9349
25742,9711
25742,8626
25570,9233
25570,9301
25554,8612
25546,8805
25458,9480
25458,8944
25458,8754
25434,9344
25434,9273
25346,8580
25338,8962
25330,8771
25330,8498
25330,8411
25298,9467
25298,9374
25282,9104
25282,9505
25282,9272
24950,8708
24950,9047
24950,8643
24946,8331
24946,9164
24918,9016
24918,8504
24918,14074
24910,10101
24910,10375
24910,8962
24876,9195
24876,8939
24875,12510
24842,8660
24842,9029
24842,9177
24744,8875
24744,9225
24728,9677
31724,14027
31588,14044
31524,15622
30883,13231
30851,13546
30707,14052
30467,13683
30451,13463
30347,13217
30047,12687
30015,13718
29975,12810
29863,13012
29859,12937
29635,12939
29571,13268
29191,12182
29159,12168
29015,12043
28839,12137
28791,12221
28711,11718
28695,11741
28479,11637
28447,11704
28415,11626
28411,11563
28251,11642
28235,11593
28179,11699
28155,11737
27580,10890
27568,10984
27548,10779
27516,10545
27440,10758
27432,11109
27432,10401
27396,11042
27392,10854
27324,10745
27320,10760
27256,10486
27062,10647
27030,9765
26773,10616
26677,10550
26677,9789
26581,10514
26557,9456
26557,10297
26180,10241
26148,9088
26084,9752
26084,9777
26052,9057
26052,9499
25932,9628
25924,9047
25924,9733
25888,9740
25856,9202
25856,9085
25684,9698
25684,8778
25668,9357
25660,9156
25572,8720
25548,8718
25548,9189
25460,8505
25452,8611
25444,9550
25444,9602
25412,8868
25412,9261
25396,8914
25396,8505
25396,8581
25064,8838
25064,8826
25060,8274
25060,8325
25032,8772
25032,8830
25024,8312
25024,8546
25024,9024
24990,9553
24989,8710
24956,8700
24956,9765
32752,14535
32526,15847
32142,15160
32094,14421
31798,14230
31734,14554
30997,14181
30965,13982
30789,13351
30581,13706
30565,13285
30413,13442
30161,13122
30129,13668
30073,13373
29977,12520
29973,12898
29749,13369
29305,12482
29273,12840
29177,11667
29129,12688
28953,12432
28905,12188
28825,12474
28593,12000
28561,12514
28529,11605
28525,12816
28381,12916
28349,11406
28293,11976
28277,11597
27694,11830
27682,11305
27662,11532
27662,11270
27630,11412
27554,12032
27546,10646
27510,11613
27506,10713
27438,12273
27434,11613
27370,10921
27176,11240
27144,11107
26887,10230
26791,10326
26791,10809
26695,10707
26671,10109
26294,9683
26294,10197
26262,10124
26198,10097
26198,9905
26166,9425
26046,9358
26046,10484
26038,9759
26002,10649
26002,9502
25970,9819
25970,10250
25798,9698
25782,10309
25774,9954
25686,8872
25686,9787
25662,8901
25662,9226
25574,10111
25558,8806
25558,9387
25526,9403
25526,8822
25510,9014
25510,9674
25178,8530
25178,8856
25178,9221
25174,8548
25174,8610
25146,9081
25146,8721
25138,9169
25138,10070
25104,9095
25104,9221
25103,9202
25070,8401
32898,14984
32640,16051
32448,15680
32208,15614
31944,16754
31848,15687
31768,15247
31079,13896
30935,14030
30903,13822
30679,13902
30575,13477
30527,13133
30243,13936
30203,13186
30187,13521
30087,13348
29863,13518
29799,12680
29419,12468
29387,12699
29243,12564
29067,12524
29019,12580
28939,12203
28923,11961
28707,12171
28675,11412
28643,12001
28639,11729
28479,11573
28463,11209
28407,11572
28383,11196
27808,10930
27796,11160
27776,11326
27744,11085
27668,11313
27660,10561
27660,11437
27624,11018
27620,10754
27552,10688
27548,11041
27290,10829
27290,10353
27258,10543
27001,10318
26905,9960
26905,10048
26809,9643
26785,10562
26408,9937
26408,9944
26376,9786
26312,9334
26312,9667
26280,9676
26160,9204
26160,11249
26152,9974
26116,10314
26116,10674
26084,10084
25912,9206
25912,8448
25896,8781
25888,9981
25800,9215
25776,9349
25776,9180
25688,9469
25680,9305
25672,9066
25672,9143
25640,8730
25640,9172
25624,8939
25624,9887
25292,9379
25292,9087
25288,8913
25288,9513
25260,8975
25260,9192
25260,9555
25252,9231
25252,9043
25218,8769
25217,9077
25184,8895
33364,15101
33140,18069
32562,16739
32370,16010
32058,16531
32026,16037
31946,16079
31225,15591
31065,16518
31017,15298
30809,15444
30689,15207
30641,14859
30389,13652
30317,13510
30301,13451
30205,13548
29977,12898
29945,14003
29533,13059
29501,13478
29389,13316
29181,12719
29133,11898
29053,12533
29037,11957
28821,11980
28789,12508
28757,12424
28753,12101
28593,11801
28577,11665
28521,11985
28497,11222
27922,11525
27910,10696
27890,11486
27858,10948
27782,10854
27774,10841
27738,10523
27734,10593
27734,10867
27666,10556
27598,11472
27404,10786
27372,10975
27115,10324
27083,11154
27019,10295
26923,10087
26899,10618
26899,10453
26522,9900
26490,9895
26426,9319
26426,9843
26394,10125
26274,9957
26274,9707
26266,9637
26230,9123
26230,9577
26198,9082
26198,9122
26026,9316
26010,8998
26002,8906
25914,9356
25914,9330
25890,8963
25802,9977
25794,9687
25786,8817
25786,9269
25754,9119
25754,8917
25738,8916
25738,9268
25406,8558
25406,9164
25402,9423
25402,9237
25374,8861
25374,8491
25374,9218
25366,9400
25366,8944
25332,9019
25331,8937
25298,8457
25298,8878
33094,14978
32676,15961
32484,15591
32172,14814
32140,14397
32060,13737
31339,13885
31179,13968
31131,15071
30923,14342
30803,14320
30755,13777
30471,13822
30431,13715
30415,13589
30319,13421
30091,12719
30059,12693
29647,13221
29615,13236
29503,12812
29295,12280
29247,12892
29167,13862
29151,13153
28935,12130
28903,12836
28871,13630
28867,12615
28707,12934
28691,12252
28635,12100
28611,12350
28036,11512
28024,11627
28004,11835
27972,12574
27896,12039
27888,13084
27852,12528
27852,12671
27848,12127
27780,12718
27776,12092
27518,11156
27518,10606
27486,11563
27197,10446
27133,10291
27037,10283
27037,11417
27013,10708
26636,9853
26636,10511
26604,10551
26540,10260
26508,10123
26508,9919
26388,9706
26380,9993
26380,9605
26344,10083
26344,9968
26312,10081
26140,10092
26140,9801
26124,9276
26116,10137
26028,9108
26028,9434
26004,9498
25916,9514
25908,9246
25900,9432
25900,9154
25868,9187
25868,9546
25852,9338
25852,9259
25520,9404
25520,9008
25516,9358
25516,9429
25516,9934
25488,9091
25488,9889
25480,8962
25480,9651
25446,8795
25445,9474
25445,8630
25412,8748
33240,14901
32982,15857
32790,15641
32550,14818
32286,14592
32190,15063
32110,14495
31421,14225
31277,14165
31245,14013
31021,14233
30917,13765
30869,13796
30585,13795
30545,13250
30529,13390
30429,13006
30205,13109
30173,13323
29761,12418
29729,12715
29617,12728
29409,12802
29361,12606
29281,12429
29265,12498
29049,12365
29017,13927
28985,12042
28981,12471
28837,11464
28805,12811
28749,12108
28733,11527
28150,11440
28150,11247
28138,11186
28118,12287
28086,11084
28010,12041
28002,11305
27966,10883
27966,10759
27962,11715
27894,10579
27890,10963
27632,10915
27632,11003
27600,10512
27343,10259
27247,10772
27247,10342
27151,10401
27127,10068
27127,9858
26750,10355
26718,10042
26718,9657
26654,10008
26622,9435
26622,9856
26502,9540
26502,9645
26494,9704
26458,9504
26458,9429
26426,9827
26426,9702
26254,9679
26254,9965
26238,9687
26230,9777
26142,9753
26118,9379
26118,9629
26030,9645
26030,9413
26022,9453
26014,9903
26014,9738
25982,9331
25982,9546
25966,9761
25966,9376
25634,9214
25634,9444
25634,9141
25630,8910
25630,9543
25602,8825
25602,8685
25602,8985
35195,16271
35163,17598
35077,17164
34873,16990
34008,16778
33912,16001
33688,16185
33158,16036
32774,15923
32726,14739
32430,15566
32366,14717
31585,14869
31553,15453
31409,15570
31169,16045
31153,15433
31049,15517
30749,15481
30717,15069
30677,14983
30661,14743
30561,14763
30337,14303
30273,14274
29893,14219
29765,14084
29717,13832
29541,13818
29493,13650
29413,13716
29397,13274
29181,12451
29149,12664
29117,11905
29113,12750
28953,12211
28937,12618
28881,13096
28857,11964
28276,12071
28264,11371
28244,11675
28212,11503
28136,11438
28128,11025
28092,12177
28088,11548
28020,11656
28020,11093
27952,11442
27758,10863
27726,11351
27469,10779
27437,10511
27373,10298
27277,10765
27253,10495
27253,10645
26876,10529
26844,10261
26844,9762
26780,10134
26748,9441
26748,10480
26628,10045
26620,9341
26620,9881
26584,9274
26552,9425
26552,10135
26380,9247
26380,11141
26356,9658
26268,9685
26268,9954
26244,9087
26244,9766
26156,9419
26148,9007
26140,10356
26140,9352
26108,9076
26108,9473
26092,8867
26092,9078
25760,8787
25760,8732
25756,9751
25756,8771
25728,8840
25728,9875
35333,17026
35321,21472
35289,17757
35199,17631
34935,17975
34134,16900
33846,16681
33814,16021
33092,15909
32900,15537
32588,15712
32556,15696
32476,15462
31711,14947
31551,14310
31503,14233
31295,14407
31175,13682
31127,14061
30875,14147
30803,13619
30787,13390
30691,13939
30463,13214
30431,13421
30019,12955
29987,12871
29875,12652
29843,12804
29619,13023
29539,12860
29523,13246
29307,12976
29275,12207
29243,12448
29239,12791
29079,12121
29063,12335
29007,12390
28991,12726
28402,11931
28390,12028
28370,11815
28338,11616
28262,11525
28254,11588
28254,11668
28218,11303
28214,10958
28146,11675
28142,10978
27884,11460
27884,11432
27852,10905
27595,11538
27499,10726
27499,10251
27403,11157
27379,10730
27002,10039
27002,10641
26970,10597
26906,10735
26906,9849
26874,10095
26754,10207
26754,9583
26746,11386
26710,9715
26710,10560
26678,10165
26506,9821
26506,9736
26490,9916
26482,9880
26394,9402
26394,9776
26370,9763
26370,9874
26274,9737
26266,9129
26266,9704
26234,9614
26234,9247
26218,9726
26218,9601
25886,9316
25886,9751
25886,8953
25882,9751
25882,9105
25854,8431
35567,16918
35471,20239
35443,18734
35335,18048
35330,17644
34875,17997
34234,16715
33978,16713
33416,16488
33032,17126
32984,15714
32688,15705
32624,16125
32544,15342
31811,15231
31667,14910
31427,14428
31411,14277
31307,14623
31007,14101
30975,14234
30935,14210
30823,13975
30819,13733
30595,13562
30531,13015
30119,13569
30023,13369
29975,13241
29799,13145
29751,13502
29671,13003
29655,12866
29407,12222
29375,12419
29371,11947
29227,12692
29195,12868
29139,11903
29123,12323
28534,11149
28522,11760
28502,12440
28470,12368
28470,12139
28394,11815
28386,12128
28350,11649
28346,11932
28278,11419
28274,11774
28210,11228
28016,12019
27984,11040
27727,12043
27631,11096
27631,11699
27535,11442
27511,11357
27134,11607
27134,10601
27102,11226
27038,10898
27038,11031
27006,10855
26886,10010
26886,10499
26878,10706
26842,10797
26842,9916
26810,9915
26638,10830
26638,10196
26622,10185
26614,9574
26526,10108
26502,10302
26502,9630
26414,9946
26406,10486
26398,9889
26398,9692
26366,9478
26366,9475
26350,10359
26350,10211
26018,9714
26018,9523
26014,9389
26014,10393
25986,9640
25986,9283
35699,17146
35591,19199
35559,18267
35463,17872
35199,17387
34398,16926
34302,16756
34078,16805
33356,17083
33164,16406
32852,16963
32820,14952
32740,14721
31975,14738
31815,14832
31767,14675
31559,14085
31439,14759
31391,14297
31139,13796
31067,14028
31051,14415
30955,13516
30951,13829
30695,13468
30283,13098
30251,12831
30139,13484
30107,13130
29883,13055
29803,12728
29787,12991
29571,12532
29539,11839
29507,12847
29503,12787
29343,12210
29327,12703
29271,12918
29247,12410
28666,11826
28654,11356
28634,11717
28602,11364
28526,11594
28518,13470
28518,12952
28482,11834
28478,12383
28410,11786
28406,11935
28148,11391
28148,11231
28116,12587
27827,11151
27763,11214
27667,11087
27667,11120
27643,10816
27266,10435
27234,10696
27234,10163
27170,9985
27138,11105
27138,10325
27018,10318
27010,10340
27010,10011
26974,10151
26974,9734
26942,10649
26770,9712
26770,9510
26754,10468
26746,9856
26658,9917
26634,9539
26634,9399
26546,10297
26538,9434
26530,9366
26530,9620
26498,9869
26498,9879
26482,9701
26482,9192
26150,9286
26150,9702
26146,9405
26146,9922
26118,9354
26118,9026
53798,32386
53730,34520
53614,34166
53438,33607
52020,32732
50099,31246
49075,30005
48787,29252
47281,27945
46561,27157
45921,27439
45593,26567
45265,26955
43860,25255
43508,24761
43204,24954
42636,23966
42308,23407
41652,23460
41540,23728
41364,22392
41104,22689
41016,22077
40184,22386
39928,22252
38968,20564
38696,20843
38544,20270
38160,19575
38000,19446
38581,20171
38037,20361
37933,19993
37829,20550
37709,19610
37293,19207
37133,18638
36981,18641
36853,19491
35946,19275
35882,18207
35786,18161
35658,18622
35466,18092
35422,17621
35306,17996
35294,18322
35262,18655
35142,19547
34687,18295
34109,18502
33821,18853
33789,18336
33132,17506
32908,16446
32660,15214
32564,16019
32484,16230
31795,15893
31667,15644
31619,15194
31419,14743
31323,14592
31031,14385
30999,14365
30959,14532
30943,13978
30851,13789
30627,13736
30563,13819
30215,13513
30087,13485
30039,12830
29879,13672
29831,13528
29751,12663
29735,12274
29535,12741
29471,13019
29467,12528
29327,12401
29295,12626
29239,12413
29223,13066
28693,12732
28681,12946
28661,12113
28629,12102
28629,12060
28557,11654
28549,11630
28513,11749
55201,34700
55081,36686
53903,35220
51598,32906
51086,32331
50222,31653
49164,30002
47964,29665
47196,28997
47020,29206
46740,28288
45167,26640
44623,26412
44351,28877
43831,25587
43487,24806
43231,25105
42647,24074
42399,24408
42311,24054
42091,23762
41215,23008
40991,22679
40095,21484
39839,22252
39423,21268
39079,20967
38887,20358
38599,21326
38527,20589
38828,20805
38708,20992
38604,20817
38436,20224
37900,19735
37732,19937
37604,20233
36641,19157
36577,19265
36477,19106
36429,18482
36341,18083
36121,18682
36077,18307
35957,18643
35941,18250
35803,17777
35599,18557
34734,17715
34638,16743
34414,17306
33885,16625
33501,16340
33453,15784
33157,15399
33093,16408
32332,15843
32300,15536
32124,14748
31916,15287
31796,14999
31748,14484
31496,14608
31424,14745
31408,14356
31312,14842
31084,14040
31052,13776
30644,13656
30612,13423
30500,13381
30292,12911
30244,13003
30164,13154
30148,13237
29932,12326
29900,13566
29868,13362
29864,12842
29704,12695
29688,12653
29632,12960
29608,13106
29038,12304
29026,12185
29006,12403
28974,11829
28898,12144
28890,11738
28854,11929
28850,11989
28782,11833
55123,34153
53454,34448
51852,32113
50764,31718
49595,34244
48795,33516
48139,31255
47459,29660
47107,28279
46779,29466
45284,26516
44852,26488
44596,28768
44012,27870
43668,27032
42944,24374
42832,24515
42648,24765
42576,24469
42280,24159
41480,23138
41160,23642
40352,22196
39840,21817
39680,22343
39328,23023
39136,22971
38848,22976
38776,22068
39069,23568
38949,22900
38845,23162
38677,23157
38253,21967
38117,21879
37941,21955
37797,19393
36844,18694
36796,20794
36672,21276
36568,19708
36348,19516
36320,18339
36196,18903
36168,17758
36152,18623
36021,17649
35566,17705
34957,16828
34669,17098
34107,16364
33915,16136
33675,16666
33411,16228
33315,15561
33235,15328
32503,14904
32375,15157
32327,14675
32103,14709
31999,14758
31951,14849
31667,14561
31627,14386
31611,14039
31511,13974
31287,13972
31223,13525
30843,13846
30811,14094
30667,13042
30491,13442
30443,13296
30363,12904
30347,12938
30131,13345
30099,13087
30067,12650
30063,12603
29903,12597
29887,12496
29831,13247
29807,12971
29227,12303
29215,12245
29195,12407
29163,11721
29087,12243
29079,12042
29043,12235
29039,12474
29039,11601
55569,35309
53643,35233
52041,33197
50985,33804
50697,31751
49080,30592
48456,30451
47680,28939
47504,28547
47224,28216
45627,26734
45083,26129
44779,26543
44195,25456
43947,25235
43691,24612
43015,23722
42847,24460
42759,23726
42539,24647
41663,23178
41439,22948
40535,21935
40279,21857
39863,21828
39511,21196
39319,20530
39031,20915
38959,20193
39252,21017
39132,20410
39028,20950
38860,20850
38436,19751
38300,19256
38028,19581
37980,20153
37019,19593
36971,19315
36831,18569
36743,18291
36523,18433
36479,18071
36359,18621
36343,18030
36201,18160
35997,18804
35132,16799
35036,17456
34812,17863
34090,16644
33898,17874
33586,16951
33554,17228
33474,17978
32709,16696
32549,16717
32501,16546
32277,16212
32173,14543
32125,15126
31841,14994
31801,14240
31689,14048
31685,14584
31461,13950
31397,13935
30985,13617
30889,13545
30841,13671
30665,12909
30537,12915
30521,13667
30305,13005
30273,12980
30241,12775
30237,13241
30077,13206
30061,12676
30005,12181
29981,13081
29400,12624
29388,12332
29368,12941
29336,12380
29260,12450
29252,12050
29216,12684
29212,12331
29144,12081
29076,12396
28882,11427
50710,30989
49909,34446
49109,33754
48421,33708
47645,33058
47405,31795
45884,30252
45564,27550
44940,27022
44356,25411
44012,25433
43852,25039
43176,23789
42992,24949
42712,23731
42432,24317
41600,23449
40712,23265
40440,21119
40120,22720
39672,21286
39448,20294
39192,21056
39120,21441
38544,19915
38432,19476
38252,19811
37844,19828
37716,20255
38285,21027
37209,18641
37145,18605
37045,18507
36917,19024
36697,19039
36661,18702
36537,19136
36509,19713
36367,18199
36163,18276
35298,17326
35202,17369
34978,16877
34256,16724
34016,16496
33752,16818
33656,16276
32875,15425
32843,15370
32667,14864
32459,14895
32339,15004
32291,14442
32007,14335
31967,14387
31951,14672
31851,14107
31627,14144
31183,13751
31151,13870
31039,13567
30831,13339
30783,13722
30703,12909
30687,13351
30471,14346
30407,14943
30403,14859
30259,15729
30227,13776
30171,12812
30147,13407
29566,12806
29534,12632
29502,12260
29426,12637
29418,12813
29382,13008
29378,12168
29310,13707
29306,12654
29242,12605
29048,11895
29016,12327
28727,11389
28663,11831
28567,12764
28543,11158
28166,11557
28166,11147
28134,11116
28070,11396
44050,24466
43794,26203
43214,25520
43046,24642
42958,24621
42738,23621
41862,24493
41638,23092
40734,22977
40478,22412
40158,22276
39710,22212
39518,21218
39246,21479
39158,21512
38670,20754
38558,20285
38458,20797
38290,20653
37882,19931
37754,19496
37582,19846
37454,19582
36626,18612
36586,19219
36462,18782
36374,18051
36162,18331
36134,18685
36703,18165
36675,18947
36533,18746
36528,18719
36073,18050
35432,16911
35176,17462
34614,16727
34422,16501
34182,16434
33918,16529
33822,15924
33742,16490
33009,15770
32865,15528
32625,14717
32609,14879
32505,15014
32205,15302
32173,14632
32133,14667
32021,14897
32017,15053
31793,14976
31729,13529
31349,13242
31221,13490
31173,13751
30997,13612
30949,13847
30869,13271
30853,13894
30637,13044
30605,13477
30573,13503
30569,13309
30409,12819
30393,12559
30337,13009
30313,13414
29732,12024
29720,12242
29700,12596
29668,11983
29592,12691
29584,12741
29548,12835
29544,12752
29544,12169
29476,12636
29408,14124
29214,12839
29182,11864
29182,12388
28893,12350
28829,12418
28733,11976
28733,11618
28709,11594
28332,11147
28300,11650
28300,11848
28236,10593
44216,24275
43960,25427
43460,24699
43212,25847
43124,26022
42904,27254
42028,24605
41804,24160
40900,22707
40644,21883
40324,21363
39876,21928
39684,21098
39412,20544
39332,21062
38836,20719
38724,22197
38624,20688
38456,20783
38048,19156
37920,19449
37748,18841
37620,18860
36792,18899
36752,19151
36628,19148
36540,19840
36328,20349
36993,21555
36869,19213
36841,19056
36699,19581
36694,18497
36239,18385
35598,17621
35342,17626
34780,16772
34588,17246
34348,16846
34084,17896
33988,16439
33908,16384
33175,15576
33031,15165
32791,15063
32775,15864
32671,15170
32371,15142
32339,14476
32299,14668
32187,14975
32183,15060
31959,14804
31895,14504
31483,14143
31387,14038
31339,14023
31163,13734
31115,13755
31035,13608
30803,13691
30771,13762
30739,13038
30735,12946
30591,13608
30559,13385
30503,13295
30487,13404
29898,12280
29886,13088
29866,12842
29834,12846
29758,12873
29750,12440
29750,12183
29714,12693
29710,12745
29642,12366
29638,12640
29380,12749
29348,12253
29348,12790
29059,12180
28995,11910
28899,11251
28899,12465
28875,11350
28498,11645
28466,11365
28466,11520
28402,11255
28370,11355
43854,23844
43534,25918
43350,24684
43070,24889
42982,24281
42118,23860
41862,23159
40830,23139
40542,22151
40358,21850
39966,21771
39806,21504
39486,20797
39006,20938
38902,20076
38790,20177
38674,19348
38202,20063
38074,20023
37902,19679
37774,19348
36958,19110
36918,18467
36794,18319
36706,18323
36502,17962
36466,18004
36350,18297
37007,19555
36865,19379
36860,26071
36405,18398
35764,17304
35476,17219
34946,17019
34562,16685
34514,17333
34218,16337
34154,16830
33373,16974
33213,15763
33165,15600
32957,15678
32837,15192
32789,15147
32505,15258
32465,15006
32449,15377
32349,15054
32125,14860
32061,14797
31649,13972
31553,14669
31505,14075
31329,13743
31201,13936
31185,13847
30969,13852
30937,13162
30905,13617
30901,14002
30741,14502
30725,14856
30653,14874
30064,13242
30052,12842
30032,12862
30000,12718
29924,12588
29916,13205
29880,12734
29880,13444
29876,13612
29808,14041
29740,13352
29546,12883
29514,12215
29257,12837
29161,11633
29161,11944
29065,12646
29041,12482
28664,11599
28632,11272
28632,12002
28568,10876
28536,11577
28416,11023
28416,12073
28408,10950
28372,11799
28372,10891
41900,22422
41200,23371
40960,22124
40608,22086
40488,22503
39968,20687
39696,20663
39616,21094
39120,20318
39008,20098
38908,20342
38740,20686
38220,19784
38064,19512
37936,19211
37148,18235
37092,18472
36992,18425
36880,18775
36872,18826
36660,19085
36616,18847
36504,17916
36476,18128
36350,17933
36147,17578
35346,18654
35314,17368
35642,17825
34920,16694
34728,16479
34416,17346
34384,18442
34304,17798
33539,17842
33379,16783
33331,16962
33107,15819
33003,16239
32703,14665
32671,14757
32631,14760
32519,15029
32515,15105
32291,14715
32227,14857
31815,14393
31719,13992
31671,14137
31495,13873
31447,14453
31351,14559
31135,14853
31103,14785
31071,15244
31067,14764
30907,14666
30891,14874
30835,13823
30811,13027
30230,12449
30218,12966
30198,12759
30166,12773
30090,12374
30082,12357
30046,12858
30042,12396
29974,12859
29970,12555
29906,12866
29712,12523
29680,12261
29423,12647
29327,11335
29231,11824
29231,11294
29207,11947
28830,11012
28798,11913
28798,11540
28734,11735
28702,11711
28702,11272
28582,11579
28574,11462
28574,11833
28538,12123
28506,12018
28506,12647
28334,11377
28318,11956
40494,20990
40174,23314
40014,22877
39758,22970
39686,23473
39150,22786
39038,20786
38922,20613
38498,20697
38338,19966
38182,19613
38054,19633
37314,20011
37258,18701
37158,19122
37046,18761
37038,18159
36826,17934
36782,18105
36670,18652
36642,17989
36516,18184
36313,17892
35512,17425
35480,17027
35256,16825
34726,16561
34894,16872
34846,16643
34550,17457
34486,17155
33705,16547
33673,15701
33497,15969
33289,15569
33169,15954
33121,15354
32869,15629
32797,15326
32781,14968
32685,15054
32681,14834
32425,15233
32013,14764
31981,14287
31869,14499
31837,14507
31613,14231
31533,14038
31517,14376
31301,13636
31269,13595
31237,13928
31233,13745
31073,13757
31057,13740
31001,13185
30977,13417
30396,13288
30384,12988
30364,12786
30332,13165
30256,13027
30248,12755
30212,13181
30208,13831
30208,13198
30140,13564
30072,12708
29878,12584
29846,12958
29846,12453
29557,12521
29493,12447
29397,12203
29397,11431
29373,11877
28996,11825
28964,11489
28964,11930
28900,11004
28868,11874
28868,11429
28748,11610
28740,11463
28740,11817
28704,12339
28672,12262
28672,12160
28500,11610
28500,11332
28484,11422
40572,21340
40204,26338
39932,23900
39852,22959
39420,22650
39316,24792
39204,27125
39088,22220
38664,22426
38504,20853
38348,20561
38220,20995
37480,21072
37424,20009
37324,21198
37212,19143
37000,19560
36992,20297
36948,23928
36836,20558
36808,19904
36682,19771
36479,19050
35678,22732
35646,18270
35422,18946
34892,16887
35060,17213
35012,18062
34716,17592
34652,25653
33871,18116
33839,17577
33663,17100
33455,16864
33439,16463
33287,15616
33035,16182
33003,20992
32947,16570
32851,15718
32847,15634
32623,15226
32179,19528
32147,15817
32051,15845
32003,14306
31827,14159
31779,14242
31699,18557
31683,15155
31435,14129
31403,13980
31399,13662
31255,14139
31223,15541
31167,15837
31151,14403
30562,14428
30550,17101
30550,13381
30530,12907
30498,13538
30422,13516
30414,13898
30378,12882
30374,12773
30306,13014
30306,13104
30238,12230
30044,12534
30012,12422
29755,12742
29723,12236
29659,12114
29563,12206
29539,11427
29539,12287
29162,11180
29130,11977
29130,11613
29066,11954
29034,11937
29034,11771
28914,11524
28906,11720
28906,11898
28870,11410
28838,11456
28838,11057
28666,11086
28666,11751
40962,21033
40586,22276
40394,21595
40122,21214
40042,21392
39586,20583
39482,20486
39358,20648
39190,20684
38782,20312
38654,19176
38482,18808
38354,18724
37622,18809
37590,18479
37490,18298
37378,18179
37166,18613
37130,18501
37114,18932
37002,18236
36974,18258
36844,18355
36645,17020
35844,16913
35812,17386
35588,16927
35418,18151
35226,16436
34914,16320
34882,16173
34802,15991
34037,15549
34005,15613
33829,15178
33621,14861
33501,14927
33453,15223
33201,15000
33129,15026
33113,14750
33017,14589
33013,15104
32757,14077
32345,14354
32313,15295
32201,15362
32169,14561
31993,14618
31865,14513
31849,14606
31633,14367
31601,14333
31569,13776
31565,13852
31421,13172
31389,12862
31333,13212
31317,14259
30728,12498
30716,13060
30696,12707
30664,12537
30588,12554
30580,12752
30580,12216
30544,12604
30540,12612
30472,12457
30468,13209
30210,14150
30210,11841
30178,11965
29921,11641
29825,11887
29729,11299
29729,11576
29705,11689
29328,11473
29328,11363
29296,11391
29232,11343
29232,11656
29200,12032
29080,11919
29080,11865
29072,12332
29036,11384
29036,11069
29004,10737
28832,11141
28832,12178
41128,20388
41008,21897
40688,20795
40288,22191
40208,22863
39752,22783
39648,19875
39536,19999
39420,20247
38996,20482
38836,20071
38680,19088
38552,19407
37812,18206
37756,18618
37656,17994
37544,17891
37332,17743
37296,17585
37280,17849
37168,17338
37140,17261
37010,17547
36811,17817
36010,16814
35786,16538
35754,17049
35584,16613
35392,17234
35080,17144
35048,16208
34968,16056
34203,15360
34043,15221
33995,16002
33771,15270
33667,15987
33619,15096
33335,14795
33295,15072
33279,15166
33179,15027
32955,15455
32891,14625
32511,13624
32479,13700
32335,13418
32159,14251
32111,14286
32031,13373
32015,13006
31799,13665
31767,13777
31735,13360
31731,13911
31571,13529
31499,12762
31499,12791
31475,13186
30894,13328
30882,12572
30862,12391
30830,12716
30754,12331
30746,12735
30710,12621
30706,13142
30638,12643
30638,12237
30570,12526
30376,11949
30344,12464
30087,12250
30055,12012
29991,12410
29895,11714
29871,11481
29871,12083
29494,11401
29462,11722
29398,11133
29398,11348
29366,11371
29246,11539
29246,11462
29238,11703
29238,11958
29202,12655
29170,11016
29170,11460
28998,11793
28982,11124
41158,20460
40902,21998
40710,21514
40422,21464
40350,20619
39902,21906
39790,20751
39690,19815
39522,19793
39114,19589
38986,19702
38814,19564
38686,19406
37954,18328
37914,18124
37790,18193
37702,18050
37498,17868
37462,19116
37346,18971
37318,17715
37306,17277
37176,17685
36785,17458
36176,17990
35952,17613
36472,17686
35750,16713
35558,17938
35246,18202
35214,16900
35134,16788
34369,15690
34209,15385
34161,15563
33937,15518
33833,15265
33785,15895
33533,15922
33461,16088
33445,14712
33349,15216
33121,14646
33089,14189
32677,14448
32645,13737
32533,14792
32501,14134
32277,13953
32197,14118
32181,14246
31965,13598
31933,13541
31901,13652
31897,13957
31753,13144
31721,14307
31665,14121
31649,14072
31060,13640
31048,13318
31028,13435
30996,13827
30920,12529
30920,12239
30912,12512
30876,12548
30872,12701
30804,12610
30800,12684
30736,12245
30542,12172
30510,12433
30253,11797
30157,12124
30157,11874
30061,12109
30037,12435
30037,12090
29660,12096
29628,11412
29564,11421
29564,12128
29532,11329
29412,11712
29412,11256
29404,11449
29404,11258
29368,11803
29336,11182
29336,11668
29164,11033
41716,21092
41412,22867
41084,22342
40892,20757
40604,22915
40532,21687
40068,20393
39956,20533
39856,20568
39688,20866
39280,19435
39152,19733
38980,18982
38852,19312
38120,18527
38080,18567
37956,18723
37868,19042
37664,19010
37628,18802
37512,17979
37484,18189
37472,18058
37342,18407
36951,17904
36342,16836
36670,18219
36108,17719
35916,17389
35676,16940
35412,16972
35316,16467
35236,16087
34503,15826
34375,16260
34327,15666
34103,15781
33999,15813
33951,14978
33667,15237
33627,14841
33611,15271
33511,15503
33287,14883
33255,15368
32843,14113
32811,14448
32667,14634
32491,13749
32443,14290
32363,14086
32347,14153
32131,14338
32099,15038
32067,13827
32063,13535
31903,13397
31887,13261
31831,13116
31807,13006
31226,13159
31214,13633
31194,12820
31162,12993
31086,12901
31078,12848
31042,13802
31042,13015
31038,12812
30970,12551
30966,12571
30708,12433
30676,12283
30676,12670
30387,11925
30323,12184
30227,11633
30227,12654
30203,11959
29826,11509
29794,11412
29794,11787
29730,11398
29698,11617
29698,11812
29578,12078
29570,11276
29570,11643
29534,11224
29534,11759
29502,11430
29330,11615
41882,21011
41674,22441
41554,21797
41186,22083
40786,21344
40706,20309
40250,20177
40146,20413
40034,21404
39918,21770
39494,21212
39334,21871
39178,21876
39050,21037
38310,19134
38254,18793
38154,20439
38042,20749
37830,19037
37822,18827
37778,18336
37666,19982
37638,19591
37512,20150
37309,19436
36508,18088
37028,18186
36804,18386
36274,19088
35890,17461
35842,17198
35546,16914
35482,16377
34701,16060
34669,17239
34493,16090
34285,15362
34269,16027
34117,15221
33865,15038
33833,15482
33793,15046
33681,15448
33677,15131
33453,14586
33389,15775
32977,14666
32881,14948
32833,14667
32657,14013
32609,14879
32529,14138
32513,14854
32297,14505
32265,14999
32233,14248
32229,14182
32069,13148
32053,14029
31997,17464
31973,13654
31392,13502
31380,12971
31360,13607
31328,13301
31252,13816
31244,14002
31208,13444
31204,13548
31204,13601
31136,13640
31132,13955
30874,14110
30842,12656
30842,13927
30553,13372
30489,13053
30393,12807
30393,12801
30369,12571
29992,11806
29992,12432
29960,12003
29896,11875
29896,11765
29864,12030
29744,11897
29744,11872
29736,11489
29700,11961
29700,11816
29668,11794
42844,22066
42288,22732
42000,23357
41816,24605
41424,21935
41264,21837
41008,21047
40464,20863
40360,20655
40248,20701
40132,20138
39708,20070
39548,19925
39392,20246
39264,21648
38476,20624
38420,20134
38320,20714
38208,19245
37996,19437
37988,18652
37944,19081
37832,18294
37804,18227
37678,18181
37475,19274
37290,19593
37194,20036
36970,17549
36440,17270
36056,17016
35744,17188
35712,17191
35632,16755
34867,16333
34835,17555
34659,15559
34451,15650
34331,15659
34283,15550
34031,15760
33959,15795
33943,15450
33847,15585
33619,15193
33587,15114
33175,16217
33143,15397
33031,16255
32823,14141
32775,14062
32695,14020
32679,14562
32463,14901
32431,14560
32399,14289
32395,13731
32235,14367
32219,15997
32163,13899
32139,13918
31558,13098
31546,13085
31526,12905
31494,14382
31418,13152
31410,13538
31374,14096
31370,12838
31370,12856
31302,13249
31234,13399
31040,13288
31008,13149
30751,12920
30719,12700
30655,12683
30559,12408
30535,12145
30535,12440
30158,12211
30126,12017
30126,12488
30062,12099
30030,12420
30030,12016
29910,12114
29902,12077
29902,11838
29866,11899
29834,12772
29834,12048
42630,22686
42374,23574
41958,23001
41606,22698
41414,23480
41142,21757
41054,22191
40566,21676
40454,21677
40354,21595
40186,21011
39778,20196
39650,20161
39478,20147
39350,20308
38618,19882
38578,19585
38454,19207
38366,18634
38162,18716
38126,18951
38010,18722
37982,19976
37970,19211
37840,19390
38065,19243
37456,18605
37168,18315
37136,18375
36414,17955
36222,18027
35910,17437
35878,17646
35798,17836
35033,16853
34873,16869
34825,16521
34601,16687
34497,16303
34449,15901
34165,16418
34125,15799
34109,16134
34013,16045
33785,16324
33753,15698
33341,15144
33309,16159
33197,15383
33165,15498
32941,14700
32861,15007
32845,17021
32629,14388
32597,14293
32565,14354
32561,14772
32401,14090
32385,14259
32329,14061
32313,14625
31724,13394
31712,13670
31692,13516
31660,13196
31584,13232
31584,13374
31576,13084
31540,13806
31536,13106
31468,13315
31464,13115
31206,12750
31206,13040
31174,12860
30917,12926
30821,12185
30821,12712
30725,12613
30701,12583
30324,12065
30324,12116
30292,11981
30228,12053
30228,12095
30196,13025
30076,12585
30076,12272
30068,13646
30032,12198
30032,12193
30000,12292
43176,22747
42844,25051
42332,23127
42172,25104
41820,22195
41596,23291
41340,22203
41268,22912
40780,23329
40668,22064
40568,22310
40400,24086
39992,24307
39864,23093
39692,21314
39564,25325
38784,21155
38744,19103
38620,19560
38532,19415
38320,19583
38292,19520
38176,18638
38148,18938
38010,18609
38686,19570
38231,19184
37622,18198
37334,18224
36772,18047
36580,17324
36340,17414
36076,17281
35980,17165
35900,16457
35167,16314
35039,17055
34991,16252
34767,16734
34663,16357
34615,16717
34331,16228
34291,15705
34275,16633
34175,16905
33951,15613
33887,16056
33507,15883
33475,15426
33331,15351
33155,14825
33107,14642
33027,14623
33011,15055
32795,14677
32763,14915
32731,14465
32727,15008
32567,14511
32551,14597
32495,14654
32471,14089
31890,13881
31878,13965
31858,13876
31826,14072
31750,14164
31742,13272
31706,13737
31706,12962
31702,13029
31634,13223
31630,13257
31372,12649
31340,13733
31340,13251
31051,12872
30987,12790
30891,13364
30891,12480
30867,12502
30490,12344
30490,12044
30458,12729
30394,12353
30362,12123
30362,12161
30242,11974
30234,12313
30234,11470
30198,12339
30198,11684
43726,23607
43026,24790
42786,23782
42434,23766
42314,23435
41922,23386
41762,22826
41442,23880
40962,21837
40858,22363
40746,21946
40630,21505
40206,21759
40046,21359
39890,20771
39762,20484
38974,20240
38918,20461
38818,20064
38706,19747
38698,19436
38486,19864
38442,19821
38330,19311
38314,18759
38857,19720
38653,19371
38397,18873
37692,18260
37468,18024
36938,18205
36554,17741
36506,17986
36210,18833
36146,17270
35365,19089
35333,17329
35189,17053
34949,16618
34933,16492
34781,15864
34529,15861
34497,15956
34457,16092
34345,15618
34341,15412
34117,15973
34053,15737
33641,15276
33545,15264
33497,14944
33321,15006
33273,14572
33193,14934
33177,14291
32961,14509
32897,14435
32893,14396
32749,14039
32717,14439
32661,14660
32645,14419
32056,13698
32056,13376
32044,13806
32024,13260
31992,13443
31916,13657
31908,14600
31872,13845
31868,13748
31800,13256
31800,13159
31732,13433
31538,12964
31506,12612
31249,13582
31217,12926
31153,13174
31057,12548
31033,13808
31033,12944
30656,12650
30624,12267
30560,12360
30560,12937
30528,12675
30408,12831
30408,12551
30400,12441
30400,12049
30364,12040
44148,24803
43828,29282
43176,28313
42664,24540
42504,25216
42152,24839
41960,23993
41672,23612
41600,23926
41112,26518
41000,23892
40900,24516
40732,23600
40324,22805
40196,22868
40024,22662
39896,21779
39116,22268
39076,21273
38952,21004
38864,21249
38652,20872
38624,22765
38508,20829
39165,21461
39149,20357
39018,20741
38563,20324
37954,20023
37666,20150
37104,19491
36912,19178
36672,19172
36408,25791
36312,18143
36232,19520
35531,18191
35371,17386
35323,16893
35099,16945
34995,27748
34947,17001
34663,16895
34623,17269
34607,17683
34511,17904
34283,17478
34251,18193
33839,15340
33807,15492
33695,15069
33487,15124
33439,14900
33359,15876
33343,15390
33127,14701
33095,14863
33063,14610
33059,14979
32899,14822
32883,14320
32827,14237
32803,15129
32222,14306
32210,13818
32190,14022
32158,14082
32082,14016
32074,13599
32074,14223
32038,13942
32034,13701
31966,14004
31962,14306
31704,13401
31704,13204
31672,13054
31383,13790
31319,13978
31223,13977
31223,13913
31199,14061
30822,13392
30822,13883
30790,13080
30726,16661
30726,13108
30694,12799
30574,16082
30574,13768
30566,12904
30530,13022
45018,24908
44346,25561
43370,24602
43130,23700
42842,23521
42658,23786
42266,23360
42106,23278
41850,24831
41778,22992
41202,22540
41090,21976
40974,22372
40550,22234
40390,21382
40234,21824
40106,21854
39306,20587
39250,20988
39242,20427
39118,20777
39030,19781
38818,19611
38774,19784
39359,20910
39331,20656
39189,20354
39184,20279
38729,20203
38088,19799
37832,19479
37270,18570
37078,18440
36838,18112
36574,18857
36478,17885
36398,18273
35665,17187
35537,17237
35489,17456
35265,16790
35161,17116
35113,16930
34829,16464
34789,16487
34773,16894
34677,17802
34449,16218
34417,16212
34005,15410
33973,15631
33861,15678
33829,15334
33605,15735
33525,15183
33509,14880
33293,15099
33261,15051
33229,15109
33225,14864
33081,14935
33049,14637
32993,14631
32977,14633
32388,14940
32376,14362
32356,14725
32324,15032
32324,15527
32248,14414
32240,15582
32204,14584
32200,15073
32132,14785
32132,13676
32064,13935
31870,14106
31838,13580
31581,13168
31549,13434
31485,13033
31389,13772
31365,13266
31365,13116
30988,13642
30956,13152
30956,13075
30892,12996
30860,12885
30860,13493
30740,12607
30732,12324
45624,25110
45480,27491
45212,27383
44540,25402
43548,25284
43308,25187
42956,23408
42836,25789
42444,23602
42284,24264
41964,23051
41484,23655
41380,21937
41268,22670
41152,21563
40728,21222
40568,22101
40412,21197
40284,20650
39472,20122
39416,20572
39316,19981
39204,19808
39196,20189
39677,20926
39633,21077
39513,20811
39497,21768
39355,21055
39151,19926
38895,19852
38254,19750
37998,19567
37436,18871
37244,18596
37004,18589
36740,18712
36644,17836
36564,19750
35831,17575
35687,17737
35447,17269
35431,16832
35327,16847
35027,16689
34995,16025
34955,16433
34939,16307
34839,15813
34615,16083
34551,15803
34171,15800
34139,15435
33995,15391
33819,15315
33771,14967
33691,15308
33675,15124
33459,16005
33427,15531
33395,16186
33391,15762
33231,15688
33215,15620
33159,15259
33135,16257
32554,15018
32542,14781
32522,14726
32490,14816
32414,14442
32406,14298
32370,14499
32370,14467
32366,15473
32298,14680
32294,14220
32036,13392
32036,13390
32004,13870
31715,13380
31651,13233
31651,13148
31555,12920
31531,12863
31154,12717
31154,12540
31122,13704
31058,13703
31058,13053
31026,13267
30906,13189
46094,25133
45942,26218
45670,25637
45582,24826
44718,24916
44462,24208
43486,23649
43198,23195
43038,23167
42622,22257
42462,22963
42206,23703
42134,21853
41646,21725
41446,21400
41330,20962
40906,20991
40746,21124
40590,20699
40462,20157
39638,19314
39614,19985
39574,19983
39450,19491
40063,20858
39843,19966
39799,19581
39691,19690
39663,20083
39521,20514
39516,20049
39061,19191
38420,18856
38164,18660
37602,17586
37410,17959
37170,17594
36906,17238
36810,17619
36730,17325
35997,16666
35869,16487
35821,16722
35597,16290
35493,16560
35445,17005
35161,15718
35121,15932
35105,16117
35009,15604
34781,16250
34749,15785
34337,15245
34305,15312
34193,15547
33985,14751
33937,15561
33857,14554
33841,14725
33625,14681
33593,14860
33561,14654
33557,14595
33413,14320
33381,14879
33325,14013
33309,14906
32720,13646
32708,13866
32688,13869
32656,14631
32580,14034
32580,13989
32572,13673
32536,13777
32532,13933
32464,14003
32460,13562
32396,13669
32202,13998
32170,13736
31913,13477
31881,13714
31817,13564
31721,12877
31697,12546
31697,12537
31320,12387
31288,12531
31288,12644
31224,12571
31192,12411
46676,25541
46356,27046
46188,26642
46100,25973
45804,28460
45004,27504
44780,25143
43876,24465
43620,24544
43204,24053
42852,23339
42660,23033
42388,22881
42300,23748
41812,23202
41700,23848
41600,21975
41432,22292
41024,22220
40896,21306
40724,21110
40596,21679
39780,20895
40457,21086
40333,21143
40237,21442
40017,21480
39981,20641
39857,20437
39845,20909
39813,21570
39683,20266
39419,20816
38618,20122
38330,19763
38298,20322
37576,18273
37384,18458
37072,18646
37040,17962
36960,18234
36195,17561
36035,17139
35987,17075
35779,17601
35659,17798
35611,17690
35359,17162
35287,16867
35271,16950
35175,16260
34947,16169
34915,16807
34503,15985
34471,15898
34359,15805
34327,16300
34103,15454
34023,15400
34007,15559
33791,15600
33759,15186
33727,15779
33723,15612
33563,14810
33547,14640
33491,14817
33467,14648
32886,13991
32874,13990
32854,14867
32822,13905
32746,13781
32738,14797
32738,13963
32702,13650
32698,13803
32630,13968
32626,13803
32368,13585
32368,13433
32336,13776
32047,13093
31983,13272
31887,13432
31887,13019
31863,13924
31486,13653
31454,13535
31454,13755
31390,13632
31358,12667
46986,26080
46602,29400
46354,26333
46282,29271
46046,29139
45778,25633
44946,24447
44058,24217
43786,23578
43466,26430
43346,25569
42826,23926
42554,23248
42474,23454
41994,21993
41890,22862
41778,21970
41598,21686
41190,21971
41062,21769
40890,20792
40762,21503
39970,20536
40631,21063
40531,21484
40403,21869
40191,23180
40147,20563
40131,21177
40011,21183
39979,24236
39849,24174
39585,25326
38784,21593
38496,21783
38464,21201
37742,18473
37550,17914
37238,18177
37206,17560
37126,18752
36361,17469
36201,16865
36153,17919
35945,17347
35825,18962
35777,16839
35525,16597
35453,16311
35437,16681
35341,16971
35337,24383
35081,16302
34669,15876
34637,15746
34525,16005
34493,15475
34269,15035
34189,15725
34173,15665
33957,14997
33925,15170
33893,15181
33889,15340
33729,15602
33713,14577
33657,15485
33633,15028
33052,14462
33040,14195
33020,14267
32988,14217
32912,14552
32904,14071
32904,14385
32868,14632
32864,14530
32796,13818
32792,13765
32534,13869
32534,14068
32502,13660
32213,15039
32149,13369
32053,13244
32053,13084
32029,13227
31652,12979
31652,13026
31620,13266
31556,12641
31524,12854
47152,26120
46768,27711
46520,28064
46448,26482
46212,27204
45944,26880
45112,25646
44224,24251
43952,24398
43632,24050
43512,24546
43120,24009
42720,23198
42640,24429
42160,24711
42056,23530
41944,22830
41828,22667
41404,21645
41228,22125
41056,21985
40960,21233
40136,21033
40797,21850
40697,21493
40569,21211
40357,21286
40313,21812
40297,20467
40177,20579
40145,22292
40015,20575
39751,20713
38950,19335
38854,19534
38630,20196
37908,19187
37716,19067
37404,18819
37372,18186
37292,18160
36527,17915
36495,17310
36319,17058
36111,17667
35991,16823
35943,17200
35691,16973
35619,16949
35603,16552
35507,16175
35503,16357
35247,15807
34835,15878
34803,15738
34691,16248
34659,16108
34483,15945
34355,15418
34339,15678
34123,15610
34091,15709
34059,15460
34055,15067
33911,15419
33879,15725
33823,15138
33807,15711
33218,14514
33206,14677
33186,14634
33154,14831
33078,14434
33078,14633
33070,14574
33034,14865
33030,14401
32962,14568
32958,14607
32700,13999
32700,14529
32668,14246
32411,14064
32315,13433
32315,13653
32219,13926
32195,13649
31818,13558
31818,13533
31786,14330
31722,13999
31722,14518
47318,26589
46934,27920
46846,27025
46614,27350
46390,26723
46110,26607
45438,25887
44390,24933
44150,24339
43862,26761
43678,25101
43286,23494
43126,24682
42870,23350
42326,24361
42222,22116
42110,22712
41994,22709
41570,21437
41410,22018
41254,21618
41126,20918
41027,21418
40963,21625
40863,21474
40815,21429
40727,21760
40507,21303
40463,20879
40355,21038
40327,21192
40185,23025
39981,19846
39725,19808
39084,19538
38828,19562
38266,19245
38074,19049
37834,18277
37570,17892
37474,18145
37394,18225
36661,17462
36517,17309
36277,16971
36261,16819
36157,17156
35857,16856
35825,17165
35785,16157
35769,16494
35669,16097
35445,16273
35381,15915
35001,15908
34969,15914
34825,16424
34649,16349
34601,15366
34521,16573
34505,15465
34289,15111
34257,15755
34225,16040
34221,15385
34061,16912
34045,16028
33989,15032
33965,15087
33384,14884
33372,14409
33352,14464
33320,14381
33244,15488
33236,14707
33200,14181
33196,14266
33196,14476
33128,14022
33060,14283
32866,14058
32834,14008
32834,13957
32545,13843
32481,13487
32385,13501
32385,14241
32361,13471
31984,13506
31952,13414
31952,12910
31888,13901
47868,27133
47612,28577
47032,27481
46864,27336
46776,26990
46556,26818
45680,25894
45456,26080
44552,24693
44296,24610
43976,24318
43528,23626
43336,24257
43064,23088
42984,23324
42488,22646
42376,22229
42276,23178
42108,22158
41700,22076
41572,22297
41400,21848
41997,22787
41169,21822
41121,21705
40997,21869
40901,21838
40681,21088
40645,20931
40521,21817
40509,22903
40477,20576
40347,20989
40083,20731
39282,20113
38994,19352
38962,19228
38240,18912
38048,18394
37736,18975
37704,18665
37624,19016
36859,19740
36699,18991
36651,17913
36443,17903
36323,17193
36275,17207
36023,17420
35951,17059
35935,17460
35839,17120
35835,17030
35579,16815
35167,16592
35135,16005
35023,15642
34991,16037
34767,16151
34687,15660
34671,16225
34455,16014
34423,15218
34391,15731
34387,15318
34243,15342
34211,15452
34155,15051
34139,15107
33550,14627
33538,15151
33518,14937
33486,14855
33410,14340
33410,14603
33402,14407
33366,14376
33362,14537
33294,14352
33290,15677
33032,15599
33032,15580
33000,14414
32743,13893
32647,14062
32647,13483
32551,13645
32527,13890
32150,13061
32150,13349
32118,13467
32054,13064
48210,27320
47818,28388
47310,27810
47190,28157
46958,28428
46734,29484
46454,28771
45782,28859
45526,27465
44494,25470
44206,24782
44046,25375
43630,24604
43470,23917
43214,25286
43142,23219
42654,22960
42542,23022
42338,22959
41914,22756
41754,22105
41598,22134
42307,23106
42163,22424
41335,22223
41287,22020
41163,21522
41059,21817
40839,21189
40811,20894
40687,21293
40659,21321
40643,20718
40512,20592
40057,20572
39448,20232
39160,19525
39128,19976
38406,18834
38214,18623
37902,18199
37870,19460
37790,18868
37025,17987
36865,18338
36817,17797
36609,17639
36489,17299
36441,17451
36189,17334
36117,17441
36101,17563
36005,17537
36001,17627
35745,16877
35333,16493
35301,16089
35189,16440
35157,17261
34981,17160
34933,16543
34837,16978
34621,15855
34589,16254
34557,16114
34553,15959
34409,15313
34377,15954
34321,15168
34305,15482
33716,15166
33704,14679
33684,14998
33652,14885
33652,16022
33576,16699
33568,15868
33532,15968
33528,15256
33460,14950
33456,14952
33392,15591
33198,15726
33166,13961
32909,13878
32813,13816
32813,13653
32717,13780
32693,13638
32693,13830
32316,13234
32284,13282
48648,27768
48504,29169
48176,29223
47476,30763
47356,28420
47180,28143
46900,27226
46812,27008
45948,26913
45692,26636
44884,26218
44372,24734
44212,25970
43860,24036
43636,24601
43380,24137
43308,24562
42820,23503
42708,24264
42608,23241
42080,24592
41920,22257
42505,25651
42377,25192
42329,26318
41501,22785
41453,22510
41313,21833
41225,21841
41005,23131
40977,22411
40853,23003
40825,21062
40809,21424
40678,21396
40223,20046
39614,19782
39326,20449
39294,19894
38572,19704
38380,19269
38068,19402
38036,19651
37956,20108
37191,19312
37031,19075
36983,17812
36775,17526
36655,17261
36607,17277
36355,17348
36283,16878
36267,16955
36171,16897
36167,16424
35911,16342
35499,15904
35467,17089
35355,16842
35323,17023
35147,16767
35019,16711
35003,15984
34787,16393
34755,15325
34723,15622
34719,15355
34575,15257
34543,15975
34487,16343
34471,15652
33882,14689
33870,15460
33850,14903
33818,15411
33818,14730
33742,14714
33734,15203
33698,15294
33694,14506
33626,15389
33622,14847
33558,14387
33364,15028
33332,14291
33075,14095
33043,14041
32979,14295
32883,13901
32859,14117
32859,14047
32482,13578
49438,28340
48838,32167
48710,29741
48366,28238
47642,30745
47530,29706
47346,28718
47066,29156
46978,29999
46114,28549
45858,28167
45050,27262
44538,25202
44378,24993
43962,23847
43802,24721
43546,23768
43474,24093
42986,23221
42786,24039
42670,22762
43015,23932
42839,23075
42671,25588
42543,24331
41691,23499
41627,23709
41527,23670
41479,24094
41391,21964
41171,22197
41127,23345
41007,23076
40991,22919
40849,21509
40645,20872
40389,21126
39684,20442
39460,19871
38930,19503
38546,19479
38498,19266
38202,20695
38138,19179
37357,19356
37325,18028
37149,18366
36941,17419
36821,17298
36773,17432
36521,17472
36449,17375
36433,17826
36337,17372
36333,16898
36077,17467
35665,17183
35633,16872
35521,16805
35489,17119
35265,16645
35185,16585
35169,16485
34953,15815
34921,16145
34889,15708
34885,15908
34725,15851
34709,16388
34653,15826
34629,15672
34048,15099
34036,15264
34016,15183
33984,15715
33908,15536
33900,14934
33864,14802
33860,14908
33860,15843
33792,15103
33724,14711
33530,14926
33498,14792
33498,15447
33209,14598
33145,14390
33049,14019
33025,14502
33025,14132
32648,13669
32616,13780
49188,28085
48852,30025
48508,29152
48348,31105
47696,29104
47512,30025
47440,28520
47144,26839
46344,26548
46024,26884
45216,25093
44704,25160
44544,24798
44192,24377
43968,24216
43712,23183
43640,23759
43152,23042
43040,26327
42836,25081
42412,24621
43005,25318
42837,24511
42709,23062
41857,23286
41793,23660
41693,24391
41645,23758
41557,22187
41337,22677
41293,23236
41173,23944
41157,21416
41015,21427
40811,21974
39946,20360
39850,19701
39626,19876
39096,19818
38712,19259
38400,19256
38368,19319
38288,19302
37523,19267
37491,18325
37315,18054
37107,17478
36987,18218
36939,17402
36687,17163
36615,17145
36599,17624
36503,16636
36275,17385
36243,16886
35831,16875
35799,17054
35655,18067
35479,16717
35431,16570
35351,17425
35335,17538
35119,16631
35087,16751
35055,16567
34907,16134
34875,16526
34819,16845
34803,16095
34214,15297
34202,15472
34182,15196
34150,15260
34150,15517
34074,14931
34066,15391
34030,15255
34026,15043
33958,15036
33954,14787
33696,15552
33696,15011
33664,14565
33375,15506
33311,15587
33215,14923
33215,14201
33191,14278
32814,14125
32782,14178
32782,13558
32718,15053
48698,27605
48442,31425
47862,28877
47694,30336
47606,30562
47386,31095
46510,27479
46286,26517
45382,25182
45126,26096
44710,25097
44358,24946
44166,25150
43894,23964
43806,24345
43318,23745
43206,23962
43106,23696
42938,23401
42530,22776
42402,22612
42971,24094
42827,23027
41999,23107
41951,22241
41811,22242
41723,24685
41503,21887
41459,22034
41351,21451
41323,21893
41181,22052
40977,21493
40721,21174
40080,20438
39792,20238
39262,19856
38878,19472
38830,19142
38534,18829
38470,18853
37689,19281
37657,18778
37481,18271
37273,18344
37257,17880
37105,17774
36853,17887
36821,17734
36765,17448
36669,17940
36665,17850
36409,17253
35997,17081
35965,16997
35853,16850
35821,16872
35597,16466
35517,16359
35501,16100
35285,16351
35253,15599
35221,16367
35217,16089
35057,16039
35041,16406
34985,16626
34961,16603
34380,15963
34368,15606
34348,15051
34316,15043
34240,15356
34232,15438
34196,14923
34192,15120
34192,15010
34124,15440
34056,15106
33862,14683
33830,14693
33573,15341
33541,15771
33477,15890
33381,15070
33357,15158
33357,15266
32980,14703
32948,15240
32884,13709
32884,14241
32852,14277
48128,27162
48008,28610
47832,28536
47552,28613
47464,27790
46600,26769
46344,27073
45312,25985
45024,25149
44840,25339
44448,24915
44288,24065
44032,25651
43488,23674
43384,24422
43272,23698
43156,24059
42732,22778
42572,23319
42416,22518
42288,22353
42189,22907
42125,22281
42025,22756
41897,22989
41685,23121
41641,23990
41517,21865
41505,21735
41473,22251
41343,21724
41079,23007
40278,22350
39990,20097
39958,19970
39236,19772
39044,19635
38732,19440
38636,18881
38556,19577
37855,18553
37695,17999
37647,18435
37423,17529
37319,17994
37019,17344
36987,17477
36947,17220
36931,17439
36831,17333
36607,17157
36543,17261
36163,16951
36035,16531
35987,17583
35811,16818
35763,17292
35683,16621
35667,16339
35451,16101
35387,15803
35383,15945
35239,15950
35207,16098
35151,15572
35135,16075
34546,15766
34534,15393
34514,15171
34482,15272
34482,15266
34406,15575
34398,15238
34362,14890
34358,15008
34290,14929
34286,15400
34222,15100
34028,14499
33996,14823
33739,14346
33643,14842
33643,14692
33547,14563
33523,14151
33146,14059
33146,13838
33114,14116
33050,13872
33050,14367
33018,14229
32898,13798
48086,27149
47878,28467
47662,28052
47382,28061
46710,27062
45718,25642
45478,26084
45126,25066
45006,24786
44614,24759
44214,23988
44134,24435
43654,23386
43550,23864
43438,25394
43322,23973
42898,22740
42722,23370
42550,22335
42422,22908
42355,23143
42291,22394
42191,23245
42063,22328
41843,22346
41807,22880
41683,21884
41671,22873
41639,22668
41509,21748
41053,25303
40444,21284
40156,22383
40124,20066
39402,19673
39162,19685
38898,19396
38802,18573
38722,19203
37989,18315
37845,18395
37813,18202
37589,17985
37485,17897
37185,17510
37153,17412
37113,17484
37001,17252
36997,17833
36773,17115
36709,17288
36297,17145
36201,17046
36153,17110
35977,16696
35929,17074
35849,16971
35617,16652
35585,16635
35553,17275
35549,17038
35405,15967
35373,17186
35317,17202
35301,15997
34712,15919
34700,15546
34680,15953
34648,15458
34572,15035
34564,15533
34564,15539
34528,16337
34524,16949
34456,15844
34452,15308
34194,15109
34194,14820
34162,15091
33873,15075
33809,15026
33713,14781
33713,14816
33689,14387
33312,15670
33280,14439
33280,14344
33216,14297
33184,14499
33184,13925
33064,14384
33056,13927
47932,27113
47728,28745
46928,27786
46608,27997
45856,27152
45600,30160
45184,27219
44832,26632
44640,25485
44352,25580
44280,30100
43792,31946
43680,24640
43580,26718
43052,23907
42892,23728
42736,23956
42608,23189
41796,22955
41740,23124
42357,28091
42309,24096
42221,30984
42001,22489
41957,22202
41837,22025
41821,22896
41679,22236
41475,23949
40610,22593
40514,20905
40290,21848
39760,21356
39376,21165
39064,21194
39032,21336
38952,20470
38187,20649
38027,18459
37979,18279
37771,18417
37651,18049
37603,17899
37319,18271
37279,18035
37263,18128
37163,18658
36939,17345
36875,17432
36495,17997
36367,17427
36319,17008
36143,17108
36095,16953
36015,17222
35999,16437
35751,16586
35719,16441
35715,16849
35571,16262
35539,15836
35483,16364
35467,16178
34878,16248
34866,16181
34846,16208
34814,15432
34738,15791
34730,15581
34694,15559
34690,15526
34690,15995
34622,15025
34554,15643
34360,15650
34328,15409
34071,16226
33975,14793
33975,14508
33879,14813
33855,14671
33478,14320
33478,15064
33446,14960
33382,14928
33350,15683
33350,14959
33230,14756
33222,13911
33222,13763
33186,14648
33154,14681
46330,25883
45998,26556
45486,25746
45326,25302
44910,24568
44750,24937
44494,24153
44422,25544
43846,24438
43734,25060
43618,24503
43194,27236
43034,25640
42878,25310
42750,27233
41962,24675
41906,23583
41806,24242
41694,22825
41482,22882
42167,24074
42123,24059
42003,23298
41971,22590
41845,22574
41577,22979
40776,20890
40680,21403
40456,22495
39926,19928
39542,20443
39230,21317
39198,21021
39118,21094
38353,20604
38321,19058
38145,19031
37937,18798
37817,17954
37769,17660
37517,17784
37445,18105
37429,17392
37333,17882
37105,17342
37073,17086
36661,18180
36629,17211
36517,17069
36309,17520
36261,16951
36181,16740
36165,16912
35949,17279
35917,16385
35885,16639
35881,16029
35721,16044
35705,15996
35649,16617
35625,16420
35044,16018
35032,15513
35012,15577
34980,15385
34904,15736
34896,15688
34860,15411
34856,15932
34788,15895
34784,16017
34720,16670
34526,16093
34494,15268
34237,15219
34141,15141
34141,15674
34045,15051
34021,14629
33644,14347
33644,14758
33612,14854
33548,14183
33516,13977
33516,14239
33396,13993
33388,14230
33388,15398
33352,15538
33320,14571
33320,14667
33148,13634
45700,25410
45396,27966
45068,26567
44876,25973
44588,26178
44516,26194
44052,24693
43940,25636
43840,25799
43312,24558
43152,25844
42996,23674
42868,24576
42128,23088
42072,23717
41972,23158
41860,23127
41852,22527
41640,22400
42289,22585
42169,23951
42137,24037
42011,22697
41743,23038
40942,21448
40654,21888
40622,21026
39900,20892
39708,20843
39396,20040
39300,21029
39220,20408
38487,19196
38343,18714
38103,18819
38087,18794
37983,18510
37683,18800
37651,18798
37611,18939
37499,18179
37495,18993
37271,18089
36827,17526
36795,17428
36683,17717
36651,17294
36427,17201
36347,16851
36331,17014
36115,17027
36083,16781
36051,17066
36047,17098
35871,16741
35815,16588
35799,16696
35210,16097
35198,16118
35178,16536
35146,16605
35070,17003
35062,17509
35062,16630
35026,16862
35022,16890
34954,17300
34886,16547
34692,16668
34660,15878
34660,15570
34371,15524
34307,15530
34211,15618
34187,16420
34187,15766
33810,15394
33778,15145
33714,15351
33714,15132
33682,15105
33562,14869
33562,14796
33554,14591
33518,15201
33518,15381
33486,15011
33314,14804
33314,14514
33298,14198
33290,14299
33202,14360
44610,25004
44530,26293
44222,27966
44094,24976
43994,25687
43826,24674
43418,24084
43290,24513
43118,23871
42990,24482
42270,23477
42230,23368
42106,22266
42018,23239
41806,21911
41762,22285
41650,22792
41622,21890
41496,22079
41909,22526
41108,22258
41012,22402
40788,21397
40066,21331
39874,20991
39562,20710
39466,20826
39386,20921
38653,19976
38509,19703
38269,19178
38253,18961
38149,19531
37849,19060
37817,19722
37761,18420
37665,17980
37661,18777
37405,18715
36993,17955
36961,17699
36849,18328
36641,17642
36593,18556
36513,18330
36497,17776
36281,17683
36249,17990
36217,17445
36213,17910
36037,17472
35981,17526
35965,17341
35376,16927
35364,16245
35344,17736
35312,16490
35236,16822
35228,16167
35228,16177
35192,16542
35188,15990
35120,16361
35052,16409
34858,15591
34826,15589
34569,15908
34537,16019
34473,15420
34377,15863
34353,14798
33976,15194
33976,15062
33944,14875
33880,15179
33880,14819
33848,14615
33728,14650
33720,14596
33720,14899
33684,14704
33652,14461
33652,14751
33480,14571
33480,15069
33456,14580
33368,14542
33368,14709
33344,14364
33344,14669
33248,16046
33240,14021
43976,23728
43568,27177
43408,24990
43252,25530
43124,24466
42460,23564
42404,23993
42304,23965
42192,23164
41980,23816
41972,23459
41928,22474
41816,23178
41800,22665
41662,22578
41459,22252
41267,22275
40626,21662
40434,21954
40424,21478
40232,21683
39992,20376
39728,21121
39632,20465
39616,20682
38851,19749
38691,19915
38643,19901
38435,19420
38315,18856
38267,20065
38015,19201
37983,19166
37943,18668
37831,18993
37827,18978
37603,19237
37539,18953
37159,18071
37127,18271
37015,17648
36983,17471
36807,17316
36679,17491
36663,17354
36447,16780
36415,16925
36415,16506
36383,16438
36379,16953
36219,16613
36203,16213
36147,16891
36123,16314
35542,15849
35530,16216
35510,16440
35510,16089
35478,15652
35402,16139
35394,15749
35358,16193
35358,15511
35354,15982
35286,15891
35282,17817
35218,17026
35024,17622
34992,15602
34735,15677
34703,15448
34639,15065
34543,14633
34543,15162
34519,15042
34519,15029
34142,14448
34110,14547
34110,14570
34046,14208
34014,14195
34014,14650
33894,14512
33894,14178
33886,14129
33886,14164
33850,14453
33850,13974
33818,13913
33818,14095
33646,14168
33646,14156
45942,25240
