1192,2505
1164,2328
2658,3350
2638,2576
2606,4776
2590,4905
2568,5194
2488,7712
2296,4127
2168,3156
2024,6691
1944,6432
1880,3778
1840,3081
1736,3300
1672,3180
1608,2955
1576,2829
1520,2864
1488,3089
1456,3252
1440,3519
1356,2368
1649,2242
1569,2391
1529,1685
1457,7287
1425,7492
1385,5839
1361,3020
1309,2971
1293,4372
1253,4852
1221,3329
1197,2211
1193,2099
1165,4938
1141,4239
1137,3242
1121,2848
1117,2352
1109,2259
1107,4956
1031,3626
999,3909
935,3822
919,1907
855,1851
1929,3054
1865,5146
1833,3232
1737,2249
1689,2276
1625,1987
1585,4492
1537,4626
1521,3930
1489,2294
1465,2489
1445,3095
1441,3195
1357,2916
1309,2808
1245,3442
1229,3308
1205,3325
1157,1882
1141,1544
1117,1436
1418,1495
1378,3315
1362,3191
1358,3189
1310,2163
1294,2724
1262,2277
1254,2667
1222,2330
1214,2350
1198,2544
1194,2485
1166,3402
1158,3559
1142,2589
1138,1902
1122,1779
1118,1927
1110,1780
1110,1732
1108,1922
1032,1612
1000,1583
936,1530
920,1744
920,1505
856,1444
840,1450
808,1336
808,1484
800,1571
744,1311
728,1289
728,1273
696,1657
688,1716
688,1654
656,1767
648,1617
648,1554
632,1550
632,1663
628,2333
580,2155
580,1772
564,1399
564,1455
532,1351
524,1371
524,1371
492,1247
492,1316
484,1312
484,1250
468,1315
468,530
464,1179
464,1374
436,1112
436,1099
1544,848
1536,1253
1492,1402
1484,1239
1464,1236
1460,1509
1424,1178
1424,2157
1416,1328
1396,2152
1392,5616
2864,5669
2844,4341
2826,2608
2822,2881
2814,3040
2718,6328
2558,7352
2414,3870
2382,3597
2318,6498
2214,3246
2134,2412
2118,2289
2046,3594
2022,3701
2014,8462
1902,3633
1854,7831
1782,3635
1766,5248
2183,7044
2107,1932
2091,2323
2059,3864
2015,2822
2007,2955
1991,1983
1891,2078
1859,2573
1795,2088
1779,5298
1691,3849
1659,3560
1651,1929
1583,3126
1567,2172
1527,4909
1491,2363
1483,1582
1467,5121
1463,3249
1391,2619
1359,1241
1351,3363
1315,3006
1307,2016
1291,2671
1287,2056
1253,2702
1245,3308
1229,1959
1225,2526
1207,3838
1203,1728
1195,1338
1193,3904
1107,2663
1075,2609
1011,1660
995,2661
923,2631
907,3158
907,2373
875,1374
867,1345
799,1696
783,1863
751,1762
751,1182
743,1721
707,1162
699,1123
699,1585
683,1570
679,1523
623,1198
623,1357
607,1014
575,1257
575,1178
567,1151
1839,1517
1823,1275
1783,1011
1731,1821
1723,1763
1703,1590
1699,1931
1617,1452
1577,1387
1569,1587
3147,3671
3115,3051
3079,3809
3063,3209
3005,3835
2973,3751
2937,4458
2921,3229
2887,3641
2871,2980
2853,3816
2845,3661
2679,2728
2551,2679
2407,3410
2343,2629
2239,2302
2159,3400
2087,2942
2047,4975
2039,4346
2404,4188
2324,2921
2252,2226
2204,2382
2196,3913
2112,4204
2080,3040
2036,2008
2028,1989
2008,2245
1906,1825
1810,1781
1794,1766
1722,1793
1674,1697
1666,1667
1598,1924
1582,1586
1542,1592
1506,2205
1498,1883
1482,1842
1420,1801
1404,1876
1372,1763
1364,1772
1328,2017
1320,1972
1304,1685
1300,1702
1266,1622
1258,1615
1242,1595
1238,1937
1220,1550
1216,1529
1208,1859
1206,1537
1116,1402
1084,1396
1020,1999
1004,1934
932,1784
916,1927
884,1798
884,1783
876,2225
808,1651
792,1690
760,2081
760,1549
752,1535
716,1794
708,1472
708,1488
692,1578
688,1400
630,1379
630,1353
614,1326
582,1312
1970,1434
1922,1426
1846,1082
1830,985
1790,1620
1738,1431
1730,1432
1710,5096
1706,4695
1640,4880
3270,4450
3230,4466
3170,4362
3130,4319
3094,4250
3070,5828
3012,3214
2980,2260
2944,2235
2928,2280
2894,2157
2878,2474
2860,2798
2852,2760
2747,2679
2587,5093
2443,5333
2363,3463
2243,4612
2211,3337
2147,2467
2596,4744
2564,4708
2440,3224
2344,4424
2328,3140
2240,2394
2208,4191
2132,4021
2116,2925
2076,2766
2040,2769
2016,3725
2012,3671
1910,3581
1814,3440
1798,2470
1710,2398
1678,3380
1670,3244
1602,3149
1554,3031
1546,3445
1510,3041
1502,3014
1486,2981
1424,2837
1408,2824
1376,2825
1368,2766
1332,2691
1324,2844
1308,2749
1304,2751
1270,2951
1262,2608
1246,2582
1242,2151
1224,1848
1220,1844
1212,2114
1210,1845
1119,1734
1087,1970
1023,1593
1007,1591
935,1820
919,1477
887,1470
887,1760
879,1387
811,1301
795,1592
763,1282
755,1269
755,1528
719,1179
711,1171
695,1231
695,1149
691,1154
633,1302
2173,1260
2077,1858
1989,1366
1973,2065
1925,4034
1849,2453
1833,2662
1785,2772
1741,2448
1733,7897
3511,9347
3425,4126
3345,2220
3273,2355
3225,2698
3157,2438
3125,2742
3089,1912
3031,6132
2991,6224
2955,3637
2935,2335
2905,2415
2885,2268
2867,6137
2857,6148
2750,2804
2590,3960
2446,2722
2366,2650
2246,2648
2703,2718
2687,2708
2599,2985
2559,2680
2411,2462
2347,2632
2259,2607
2211,2274
2203,2249
2119,2462
2079,2147
2043,2074
2019,2343
2015,1960
1881,1968
1817,2154
1801,1835
1713,1806
1681,2155
1605,1726
1589,1734
1557,2157
1549,1712
1505,1626
1489,1961
1485,1577
1427,1599
1379,1852
1371,1525
1335,2753
1327,3093
1311,2560
1307,2653
1273,2932
1265,2558
1249,2512
1245,3096
1227,2470
1223,2460
1215,2860
1213,2410
1122,2288
1090,2666
1026,2175
1010,2094
938,2353
922,2008
890,1889
882,2236
882,1955
814,1773
798,1764
766,2050
758,1669
758,1670
722,1611
714,1638
698,1688
698,1575
694,1601
636,1416
2096,1379
2080,1437
1976,1533
1936,2100
1928,1736
1836,1573
1796,1619
1788,1552
1744,2000
1716,2341
3502,3266
3396,6786
3332,6395
3260,3692
3176,2555
3136,2545
3100,2612
3080,2478
3034,2453
2986,2592
2950,2292
2934,2364
2900,2526
2884,2264
2866,2306
2858,2554
2689,2543
2593,2375
2449,3708
2369,3284
2802,3082
2706,3210
2690,3412
2602,3368
2562,3406
2414,3629
2350,3469
2262,3218
2246,3808
2206,3405
2122,3055
2090,2973
2046,5960
2038,5651
2018,3094
1916,2687
1884,2542
1804,2118
1732,2397
1684,2226
1676,2311
1608,2222
1592,2231
1552,2784
1516,2366
1508,2333
1492,2670
1430,4799
1414,4948
1382,4723
1374,3278
1338,2700
1330,2446
1310,2663
1276,2517
1268,2494
1252,2332
1248,2559
1230,2599
1226,2202
1218,2470
1216,2377
1125,2241
1093,2200
1029,2085
1029,2283
1013,2061
941,1803
925,1898
893,1827
885,1852
817,1703
817,1720
801,1575
769,1684
761,1816
725,1832
725,1806
717,1718
701,1679
697,1853
697,1673
2179,4252
2099,3297
2083,2812
1979,3487
1939,3273
1931,3525
1839,4102
1799,3447
1791,3783
3561,4192
3525,4048
3505,4193
3399,4156
3335,11828
3263,7380
3179,5711
3139,3889
3103,3749
3083,4078
3021,3535
2989,3273
2953,4318
2937,3996
2903,3457
2887,3646
2869,3833
2861,3371
2692,4067
2564,2997
2452,3127
2957,3638
2805,3286
2709,3244
2621,3950
2605,3253
2565,3201
2417,3470
2353,3841
2265,3448
2249,3284
2209,3039
2125,2804
2093,3306
2049,3427
2041,2993
2021,3144
1919,3292
1887,3223
1807,3100
1735,2866
1687,3077
1679,5001
1611,4770
1595,4514
1555,4738
3357,6207
3325,6009
3293,3731
3215,3143
3135,2732
3055,2698
3023,2913
2963,2604
2931,2567
2887,3086
2845,2436
2805,2449
2773,2714
2753,2353
2727,2370
2707,2633
2691,2333
2681,5864
2586,5446
2426,2735
2298,2471
2803,2427
2787,2287
2635,2532
2555,2163
2475,2072
2443,2361
2327,1970
2231,1930
2215,2480
2135,2113
2103,2112
2035,2312
1987,1952
1979,1957
1939,1881
1923,2068
3138,4453
2944,4283
2832,3707
2704,4052
2672,3800
2616,4040
2516,3454
2484,3735
2428,11833
4218,8191
4170,5612
4118,4531
4098,4062
3988,4229
3836,4290
3788,12168
3724,7083
3668,4887
3624,3783
3604,4029
3542,3973
3502,3909
3458,3884
3438,3936
3402,3804
3382,3850
3360,3770
3350,3726
3165,3634
3005,3448
3430,3571
3334,3492
3158,3346
3078,3303
2974,9812
2918,7811
2862,4447
2754,3571
2658,3139
2570,3346
2514,3350
2434,2992
2418,7957
2370,7708
2326,3709
2298,2761
2294,3160
2152,2698
2072,2531
2056,2812
1952,2560
1912,2582
1832,2775
1816,2850
1776,2951
3630,4279
3538,4013
3494,3597
3478,3922
3380,3771
3260,3371
3220,3349
3144,3678
3112,3317
3076,3214
3060,3500
2980,3172
2944,3082
2924,3347
2894,3000
2874,3039
2856,3242
2846,2976
2743,2805
2583,3010
2439,2681
2944,2797
2792,2952
2696,2670
2680,2579
2592,2864
2552,2609
2408,2351
2344,2648
2256,2290
2208,2274
2200,2296
2116,2257
2084,2188
2040,2074
2032,2277
2012,2030
3097,4163
2921,3916
2889,4053
2753,5093
2697,4253
2589,3658
2557,4211
2501,4247
2485,3819
4239,4607
4187,4693
4167,4234
4055,13843
3903,7820
3855,5578
3771,4295
3731,4294
3687,3967
3667,3833
3569,4033
3525,3707
3501,3923
3467,3956
3443,3687
3421,3594
3409,3797
3282,3484
3090,3322
2914,3577
3403,3560
3235,3219
3123,3515
3107,3201
3003,3074
2955,3438
2791,3351
2711,2990
2607,3399
2551,3555
2543,2995
2451,3163
2411,3335
2359,2977
2351,2942
2327,3222
2215,2924
2103,2995
2087,2975
1983,3117
1943,2791
1935,2742
1843,2945
1803,2884
1795,3057
1751,3334
3529,4017
3509,3718
3403,3949
3339,3832
3267,3482
3183,3417
3143,3679
3107,3697
3087,3316
3025,3521
2993,3498
2957,3207
2941,3102
2907,3396
2891,3400
2873,3009
2865,3019
2698,3234
2570,2779
2458,2697
2963,3126
2811,2683
2715,2703
2627,2956
2611,2857
2571,2460
2423,2363
2359,2550
2271,2272
2255,2270
2215,2479
2131,2165
2099,2044
2055,2560
2047,2271
2027,2202
1925,2085
3044,4321
2900,4219
2796,4098
2764,4721
2692,4043
2600,4270
2568,4523
2496,3977
2444,4115
4242,4783
4198,4302
4096,4604
4000,14059
3912,7096
3856,5591
3780,4351
3740,4021
3696,3886
3676,4109
3578,12453
3534,6541
3510,5075
3476,3816
3452,3668
3430,3951
3418,11704
3290,7570
3226,5283
3066,4028
3491,3415
3395,3800
3211,3822
3115,3196
3027,3569
2971,10286
2831,7654
2799,4699
2703,3465
2615,3132
2559,3402
2475,3294
2459,8933
2411,7988
2367,4498
2339,3040
2335,3031
2221,3245
2109,2843
2093,2860
1989,3013
1949,2844
1941,2834
1849,3054
1809,2959
3663,3693
3595,3922
3535,3545
3515,3524
3441,3749
3345,3359
3273,3359
3241,3600
3149,3270
3113,3262
3093,3468
3047,3448
3007,3153
2971,3389
2951,3493
2921,3094
2901,3288
2883,3245
2873,2955
2766,2859
2606,2979
3063,2828
2967,2777
2951,3056
2783,2669
2703,2618
2631,2841
2583,2608
2459,2441
2427,2664
2347,2416
2259,2320
2227,2716
2151,3031
2135,2436
2095,2382
2059,2608
2035,2364
3250,4535
3112,4216
2936,4003
2904,4670
2800,4567
2712,4952
2696,4685
2604,4350
4418,5205
4370,5150
4286,4950
4246,5199
4202,4957
4100,4520
4004,4610
3904,13867
3860,7398
3784,5663
3744,4676
3700,4594
3630,4178
3582,4229
3538,4519
3514,4256
3480,4243
3456,4457
3434,4247
3422,3818
3293,3855
3734,3976
3526,3660
3494,3737
3398,3833
3214,3601
3118,3409
3030,3545
2974,3391
2834,3187
2802,3373
2706,3481
2602,3280
2562,3238
2478,3274
2462,2982
2414,3219
2370,3525
2342,3638
2338,3632
2192,3359
2112,2999
2096,3061
1992,2970
1952,2971
1944,3221
3786,2765
3714,3191
3666,3251
3598,2593
3538,3111
3518,4816
3412,2638
3348,3146
3276,4355
3244,2560
3152,2853
3116,2605
3096,2841
3050,2590
3010,2824
2974,3614
2954,3218
2924,3003
2904,3048
2886,3158
2876,2912
3434,3914
3242,3178
3066,2765
2970,4719
2954,2571
2786,2465
2706,2598
2618,2359
2586,2339
2462,2668
2366,2202
2350,2366
2262,4005
2230,2590
2154,2652
2138,3835
2098,2431
3305,4856
3261,5063
3253,4675
3051,5156
2939,4903
2907,5036
2771,4707
2715,4667
4705,5633
4509,5123
4405,5124
4365,5204
4273,5033
4213,5184
4189,5160
4071,4632
3991,4731
3903,4790
3803,4516
3755,4483
3711,4790
3687,4455
3633,4269
3585,4538
3541,4219
3517,4177
3483,4530
3459,3931
3437,3984
4154,4527
3961,4352
3737,3972
3529,4028
3417,3853
3401,3634
3217,3840
3121,3358
3017,3362
2977,3722
2837,3274
2805,3157
2709,3630
2605,3228
2565,3175
2481,3459
2465,3074
2417,3777
2373,4595
2345,4227
2341,4742
2195,3838
2115,3235
2099,3723
1995,3938
3985,4462
3953,4736
3789,4870
3717,5204
3669,3892
3601,3643
3541,4158
3521,4382
3415,3640
3351,4949
3279,4018
3247,3773
3155,3795
3119,3925
3099,3687
3053,3414
3013,3874
2977,3343
2957,3338
2927,4129
2907,3218
3620,3951
3608,3927
3437,3244
3245,3844
3069,3514
2973,3067
2957,3636
2789,2909
2709,2903
2621,3513
2589,3716
2465,2779
2433,2683
2353,3139
2265,2914
2233,3374
2157,3103
3432,5213
3360,4526
3308,4433
3264,6119
3256,10862
3054,6879
2942,5328
2910,5835
4852,5813
4748,5956
4708,5320
4512,5806
4424,5471
4368,6268
4292,6100
4216,6193
4192,4847
4106,5447
3994,5074
3906,4571
3866,5051
3758,4908
3714,4368
3690,4886
3636,4972
3588,4294
3544,4740
3520,4704
4225,4363
4197,5041
4171,4750
4157,4320
3964,4893
3740,4528
3532,3942
3500,4507
3404,4331
3220,3900
3124,4260
3036,4202
2980,4096
2840,3938
2808,4048
2712,12471
2608,6367
2568,4941
2484,3196
2468,3970
2420,3867
2376,3172
2348,3550
2344,3615
2230,3566
2118,3670
4260,4227
4124,3649
4004,3862
3956,4056
3840,3093
3720,12048
3680,5786
3604,3602
3572,3289
3524,3254
3450,2840
3354,3796
3282,2901
3250,2681
3182,3122
3122,2775
3102,2563
3056,3354
3016,2938
2980,2461
3707,3332
3669,2884
3645,2571
3623,2872
3611,2570
3440,2387
3248,2751
3072,2083
3040,2284
2960,2826
2792,2213
2712,2343
2640,2729
2592,2177
2468,2299
2436,2775
2356,2261
2268,2156
3575,5487
3467,5710
3435,5303
3363,6494
3311,5039
3267,5105
3259,5959
5487,6411
5183,5620
5071,6397
4919,6055
4767,5432
4711,5907
4579,5733
4427,5237
4379,5911
4295,5648
4255,5165
4195,5562
4109,5402
4013,4913
3909,5151
3869,4787
3793,4373
3753,4822
3709,4633
3689,4193
3591,4619
4298,4143
4270,4267
4228,4677
4200,4036
4174,4203
4170,4452
4158,3867
3903,4488
3711,4213
3503,3626
3407,4229
3255,3930
3143,3340
3039,3809
2983,3749
2975,3310
2811,3759
2731,3565
2627,3068
2571,3539
2563,2909
2471,2890
2431,3406
2379,2790
2371,2785
4797,3761
4663,3471
4471,5433
4279,11956
4159,3421
4063,2874
3967,2681
3875,2917
3779,3004
3707,3121
3623,2864
3583,2991
3539,3139
3523,3318
3421,3549
3301,3437
3261,3440
3201,3404
3161,3401
3117,3314
3101,3293
3810,3473
3770,3452
3726,3436
3706,3359
3664,3335
3644,3352
3622,3340
3612,3286
3379,3080
3251,3052
3075,2959
2979,2837
2827,2832
2731,2710
2715,2925
2627,2847
2587,3101
2471,3064
3802,5342
3666,5766
3634,5599
3562,5530
3470,5614
3382,5364
3366,5374
5768,6236
5716,5951
5554,5816
5330,6155
5090,5482
4954,5428
4842,5447
4722,5141
4614,5062
4502,5192
4414,5134
4314,4775
4266,4759
4214,4748
4194,4665
4016,4559
3928,4416
3880,4400
3812,4366
3756,4330
3712,4225
4475,4408
4393,4342
4345,4281
4293,4268
4269,4214
4223,4168
4199,4109
4173,4061
4161,4094
3906,3934
3714,3893
3506,3770
3410,3652
3258,3566
3146,3996
3042,3692
3026,3756
2978,3630
2814,3663
2734,3657
2630,3591
2574,3746
2566,3676
2474,3575
2434,3522
4884,4306
4836,4219
4788,4247
4602,4082
4362,3910
4282,3853
4130,3762
4010,3648
3970,9514
3846,6393
3726,3993
3686,9064
3610,4699
3578,3293
3530,8633
3456,5427
3376,3493
3288,3064
3256,3072
3188,2993
3156,2923
3891,3075
3829,2998
3781,3180
3737,3169
3713,3134
3675,3076
3651,3083
3629,3120
3617,3086
3446,7555
3254,6870
3078,3274
3046,2862
2966,6694
2798,5890
2718,3002
2646,2589
2598,2560
3981,5878
3805,6780
3773,5788
3637,6333
3581,5986
3473,14341
3441,7337
5887,6955
5803,6682
5727,12608
5699,7446
5365,6159
5157,6017
4957,6105
4845,5584
4757,5651
4617,5702
4505,5512
4417,5306
4317,5492
4269,5349
4217,5316
4197,5365
4083,5047
3931,4944
3883,4919
3815,4830
3759,4700
4502,4953
4478,5044
4396,4832
4348,4711
4296,4840
4253,4717
4206,4749
4180,13872
4176,8528
4164,5576
3909,4364
3717,4421
3509,4161
3413,3980
3229,11459
3149,7643
3045,5136
2989,3679
2849,3661
2817,3591
2721,9928
2617,7781
2577,4566
2493,3786
2477,3702
4947,4415
4871,4395
4811,4340
4787,4329
4509,4147
4365,4050
4269,4009
4085,3795
3997,3845
3965,3859
3801,3597
3713,3575
3681,9275
3589,7857
3553,4425
3533,3410
3427,3364
3363,3281
3267,3240
3207,3200
3962,3343
3918,3344
3894,3284
3816,3234
3776,8393
3732,7154
3712,4040
3670,3108
3650,3038
3628,3038
3618,3027
3385,2882
3225,7403
3049,7052
2985,3661
2833,2844
2737,6527
2649,6343
2633,3636
4140,6256
3920,5409
3808,5979
3672,5422
3584,5941
3568,10757
3444,6810
5922,6793
5822,6237
5766,6511
5706,6238
5496,6241
5192,6111
5080,5904
4928,5937
4776,5550
4720,5507
4524,16284
4436,8070
4380,6054
4304,5135
4228,10353
4204,6479
4086,4908
4006,5035
3918,4669
3818,4653
4565,5260
4513,4813
4485,4883
4399,4796
4351,4540
4299,4491
4275,13845
4229,8296
4205,5784
4179,7934
4167,5261
3912,4333
3720,4197
3512,4075
3416,4023
3232,3857
3152,3828
3048,3658
2992,3641
2852,3689
2820,3813
2724,3671
2620,3878
2580,3699
2496,9303
4961,11005
4950,5455
4874,4059
4814,3410
4790,11252
4512,5776
4336,4069
4168,3343
4072,3266
4000,3215
3884,9575
3788,7995
3716,4637
3632,3464
3584,3148
3548,8792
3532,6894
3382,3919
3310,3198
3262,3144
3194,8037
3957,7486
3913,4118
3835,3201
3787,3112
3743,8106
3719,7232
3681,3984
3657,2995
3635,2939
3623,7879
3452,6117
3260,3376
3084,5175
2988,3963
2836,4825
2804,4847
2724,3709
2636,3618
2596,3522
3987,5960
3811,5358
3675,5426
3643,6108
3571,5818
3479,5943
5925,6459
5825,6626
5769,6755
5709,6742
5563,6223
5339,6425
5099,6222
4931,16871
4779,7567
4731,6156
4591,5866
4439,5508
4391,5767
4307,4980
4267,4956
4207,5094
4121,4929
4009,4879
3921,14597
3881,7918
3805,5743
4516,4972
4488,10491
4418,6584
4362,4885
4310,4544
4282,4499
4232,13791
4208,6795
4182,5274
4172,4337
3979,4365
3755,4303
3547,4174
3435,11886
3267,7062
3155,5003
3139,3906
3035,10915
2987,5845
2823,4082
2743,3736
2639,3634
2623,3620
2575,3578
2483,3479
4977,11894
4893,7840
4845,5095
4797,3878
4611,3489
4444,3562
4291,3549
4139,3408
4019,3159
3977,3285
3855,3386
3735,3369
3695,3494
3619,3403
3587,3424
3539,3599
3465,3540
3369,3488
3297,3405
3265,3356
3173,3276
3924,3475
3900,3477
3838,3405
3790,3523
3746,3963
3722,4643
3676,4421
3656,3482
3634,3800
3626,3426
3455,2667
3263,3762
3087,3141
2991,2225
2839,7192
2743,7054
2727,3941
2639,2857
2599,6817
3926,6153
3814,5236
3678,7052
3646,5552
3574,6036
3450,6318
5928,7216
5828,6908
5772,6804
5712,6380
5502,6645
5342,6642
5102,6511
4934,6319
4782,6247
4734,6132
4594,6187
4442,5961
4394,16064
4310,7716
4270,6222
4210,5656
4124,5353
4028,5633
3924,14656
3884,7233
3808,5877
4519,5410
4491,5155
4421,5329
4365,4951
4313,4719
4285,5102
4243,14667
4215,7800
4189,5987
4175,5013
3982,4406
3758,4470
3550,4757
3438,4771
3270,4305
3238,4701
3142,4242
3038,3842
2990,4321
2858,4213
2746,3678
2642,3454
2626,4058
2578,3389
2502,3494
4996,4390
4948,4136
4856,3849
4812,5059
4678,3749
4486,3719
4294,4246
4142,3865
4078,3520
3982,3974
3858,3667
3794,3484
3698,11328
3622,7902
3590,5120
3554,3597
3468,10532
3388,6551
3300,3877
3268,4472
3200,10192
3963,5992
3903,3792
3841,3220
3793,3125
3749,3203
3725,10301
3687,7143
3663,4576
3641,3432
3629,9540
3458,5040
3266,5793
3090,4045
2994,8536
2978,5539
2810,3177
2730,8092
2642,5281
2610,3140
3993,6024
3817,5728
3785,5929
3649,5524
3577,6643
3485,6186
5947,7303
5891,6825
5783,6421
5731,7104
5569,6646
5345,6378
5169,6550
4969,6247
4857,6099
4737,5806
4629,6290
4517,5962
4429,5587
4329,6085
4281,5929
4229,5306
4209,5993
4031,16466
3943,7202
3895,6189
4614,5703
4566,5441
4514,5194
4490,5738
4408,5705
4316,5119
4288,5540
4246,14831
4218,7867
4192,6098
4178,5338
3985,5068
3921,4361
3729,13918
3521,7297
3425,5242
3241,4041
3161,4541
3057,4190
3001,3934
2861,4439
2829,4357
2733,3685
2645,4112
2589,4104
2505,3550
5055,4727
4959,4567
4883,3894
4823,3895
4799,4430
4521,4164
4377,3740
4281,3577
4097,11880
4009,7353
3977,5234
3813,3922
3741,3373
3693,3346
3625,3657
3565,10736
3545,6820
3439,4742
3375,3576
3303,3077
4022,3182
3974,10632
3930,6696
3906,4250
3828,2950
3788,3776
3744,3156
3724,2843
3682,3344
3662,2811
3640,2726
3630,2821
3397,3078
3237,2586
3061,2505
2997,2991
2845,2995
2749,2570
2661,2521
2645,3014
4152,6252
3932,6559
3788,5700
3684,6689
3596,6296
3580,6021
6038,7640
5934,7477
5834,7612
5778,10003
5718,7121
5508,7242
5204,6764
5092,6840
4876,6109
4788,9021
4732,6575
4536,6854
4448,6568
4392,6434
4284,6737
4240,15890
4212,7329
4098,6424
4018,5281
3898,5919
4633,5958
4577,5348
4517,15762
4493,7288
4411,6323
4363,5572
4291,5463
4249,5059
4221,6602
4195,5260
4181,5023
3988,4646
3764,5082
3556,4613
3444,15729
3428,6780
3244,5449
3148,4347
3044,4985
2996,4687
2864,3843
2752,5304
2648,4268
2632,4235
2584,4604
5074,4866
4986,4805
4902,4603
4854,4931
4806,16515
4620,6721
4380,4006
4284,4607
4100,7314
4028,5479
3980,4711
3816,4149
3728,3833
3696,4329
3604,4295
3568,4248
3544,3623
3442,3836
3322,4059
3282,3479
3222,4109
3969,3343
3925,3444
3905,4967
3831,3693
3791,4768
3747,3381
3693,3856
3669,3176
3647,3339
3635,3627
3464,3414
3400,4255
3240,2938
3064,3515
2984,2487
2816,8016
2736,7930
2664,3810
2616,2753
2492,3153
3823,5882
3791,6043
3655,5963
3599,6801
3491,6334
5953,6875
5897,7006
5789,6918
5737,6696
5575,6967
5351,6688
5175,6428
4975,6542
4863,5953
4743,5753
4635,5925
4523,5753
4403,5540
4335,5137
4279,5282
4235,5203
4215,5185
4037,5083
3949,4963
3893,4863
3817,4809
4572,5011
4520,4765
4430,15114
4374,8432
4322,5672
4294,4964
4252,4937
4224,5103
4198,4835
4184,4581
3991,4411
3767,4264
3559,4961
3447,4641
3431,4614
3247,5113
3151,4823
3047,4245
3007,4563
2867,4497
2755,4048
2651,4289
2635,4265
2587,3931
2511,3764
5005,5307
4957,4473
4865,4255
4821,5229
4687,4243
4495,4217
4303,13295
4151,5841
4087,4037
3991,3596
3867,3838
3803,3782
3707,4097
3647,4052
3599,3208
3563,3304
3477,3782
3397,3054
3325,2997
3277,3513
3209,2915
3972,3235
3928,11470
3908,6486
3802,4779
3758,3261
3734,3193
3696,3029
3672,10657
3650,5504
3638,3830
3467,2505
3275,3277
3243,2816
3067,2722
2987,3423
2819,2671
2739,2569
2667,3103
2619,2884
2495,2528
3938,6448
3794,5362
3658,6601
3602,6421
3494,6908
6028,7247
5908,7897
5824,6736
5748,6866
5720,7664
5386,6307
5210,6108
5098,7677
4882,8382
4778,5858
4738,7074
4542,7726
4454,5542
4398,6435
4322,6265
4246,6780
4222,6150
4104,6795
4024,7639
3936,19987
3836,9487
4583,4659
4531,5532
4503,5322
4433,5128
4377,5442
4317,5144
4293,4945
4247,5226
4223,5018
4197,5190
4186,4677
3994,5033
3770,4877
3562,4212
3450,4119
3282,4449
3170,3950
3154,3899
3050,4250
3002,4168
2838,3641
2758,3603
2654,11957
2638,7141
2590,5327
5080,4888
4992,4469
4908,4083
4860,4279
4812,4132
4626,3779
4386,3689
4306,3915
4154,3877
4034,3912
3986,4273
3870,3803
3750,4497
3710,4453
3634,4704
3602,4388
3554,4447
3480,11131
3384,5742
3312,4418
4099,3687
3983,3850
3939,3675
3915,3526
3853,3466
3797,3453
3753,4125
3733,3656
3691,3593
3671,3796
3649,3781
3639,3595
3406,3232
3246,3549
3070,2964
3006,9268
2854,7247
2758,4013
2670,3030
2622,3098
2614,3130
3941,6238
3797,7462
3693,5658
3605,7256
3497,6794
6031,7794
5911,7512
5827,7434
5751,7461
5723,7214
5389,7007
5181,7026
4981,6513
4869,6293
4781,6557
4641,15660
4529,7624
4441,6711
4341,6216
4293,6048
4241,5535
4221,5845
4043,16030
3955,8051
3899,5949
4626,6263
4578,5305
4506,6054
4436,5908
4380,5775
4328,4863
4300,15152
4258,7363
4230,6076
4204,5369
4190,5490
3997,4775
3773,14106
3565,6986
3453,4852
3285,4850
3173,4673
3157,4005
3053,4716
3005,4578
2841,4163
2761,3784
2657,4181
2601,3483
2593,3385
2501,4313
4995,15087
4911,8011
4863,5111
4815,4495
4629,3855
4389,4313
4293,3678
4157,3695
4037,4155
3989,3783
3873,3419
3753,3698
3707,3882
3637,3473
3605,3743
3557,3706
3483,3318
3387,3180
3315,3464
3283,3211
4018,3405
3942,3487
3918,3305
3856,3182
3808,3319
3764,3023
3740,3068
3702,3253
3678,2961
3656,2967
3644,3153
3473,2790
3281,2746
3105,2902
3009,2616
2993,2633
2825,2741
2745,4192
2657,3143
2625,9220
2501,7643
3832,5837
3800,5624
3664,6472
3608,5992
6114,6631
5962,6824
5906,6603
5798,6256
5746,7068
5726,6429
5392,6433
5184,6381
4984,6553
4872,5800
4784,5780
4644,5760
4532,5720
4444,5392
4344,5497
4296,5286
4244,5154
4224,4796
4110,5022
3958,4857
3910,4609
4645,4978
4581,4983
4529,4823
4505,4571
4423,4846
4375,15729
4323,7333
4280,5729
4233,4833
4207,4569
4193,4351
4191,4642
3936,4468
3744,4064
3536,13301
3440,7072
3256,4798
3176,3545
3072,8491
3016,6099
2876,4115
2844,4040
2748,3969
2644,3634
2604,3686
5166,4660
5070,4315
4974,4121
4898,4507
4838,12690
4814,6324
4536,4745
4360,3585
4192,8354
4112,4805
4024,4106
3908,3661
3828,3446
3740,3740
3708,3600
3616,3253
3580,3279
3556,3458
3454,3119
3334,2952
3294,3375
4037,3420
3989,3166
3937,9220
3917,6546
3843,3868
3803,2951
3759,3012
3739,2771
3697,2753
3677,3059
3655,2861
3645,2952
3412,4117
3252,9741
3076,7113
2996,5781
2860,3517
2764,2565
2676,2588
2628,2897
2620,2459
3947,5640
3803,5351
3699,5215
3611,4828
6249,7224
6045,6772
5917,6658
5833,12064
5757,7854
5733,6497
5523,9982
5219,6984
5107,6223
4891,5977
4787,5353
4747,5889
4551,5763
4463,5185
4407,5701
4299,5480
4255,5122
4231,5435
4113,5268
4033,4795
3913,5218
4648,5454
4592,4701
4540,5291
4508,5285
4426,15025
4378,7641
4326,5353
4302,4346
4256,5054
4232,5066
4206,4634
4194,4557
3939,4679
3747,12856
3539,6481
3443,5346
3259,3868
3179,3889
3075,4370
3019,4181
2879,10879
2847,7680
2751,4979
2647,3653
2607,3386
5169,4228
5073,3939
4977,3874
4901,4122
4841,3594
4817,3731
4539,4014
4363,3823
4195,3452
4099,3792
4027,3656
3911,3275
3815,3232
3743,3497
3659,3005
3619,3105
3575,3407
3559,2942
3409,2949
3337,3331
3293,3186
4024,3014
3984,3387
3940,3244
3862,2878
3814,2868
3770,3135
3746,2834
3708,2814
3684,3087
3662,2765
3650,2744
3479,3101
3287,2558
3111,7714
3015,7361
2863,3806
2831,2705
2751,2785
2663,2398
2623,2355
2507,2618
3838,5048
3702,4512
3670,5545
3598,5293
6056,6723
5952,6468
5852,6431
5796,6038
5736,6335
5526,5854
5366,5662
5126,5406
4958,5464
4806,5170
4758,5004
4618,5211
4466,5028
4418,4789
4334,5033
4294,4842
4234,4588
4148,4818
4036,4645
3948,4334
3908,4671
4595,4589
4543,4340
4515,4727
4445,4456
4389,13502
4337,7107
4305,5486
4259,3987
4235,4181
4209,4509
4197,4593
3942,4085
3782,4344
3574,4132
3462,3723
3294,4060
3182,3917
3078,3329
3062,3730
3014,3578
2850,3236
2770,3088
2666,3303
2610,3007
2602,9255
5092,9652
5004,5341
4920,3511
4872,3687
4824,3469
4638,3436
4398,3633
4302,2976
4166,3030
4046,3364
3998,3239
3882,2862
3762,2795
3714,3093
3646,2709
3586,2686
3566,8993
3492,7924
3396,4534
3324,3423
4043,2822
3995,2890
3951,3100
3927,3171
3865,2797
3809,2797
3765,3121
3745,2613
3703,2734
3683,3104
3661,2584
3651,2699
3418,2938
3258,2829
3114,2410
3018,2382
2866,2626
2770,6733
2682,6514
2666,3856
2626,2971
2478,2851
3841,5793
3705,5082
3617,5081
3601,6096
6059,6803
5955,6226
5855,6380
5799,6186
5739,15718
5529,7701
5225,6392
5113,5339
4961,6017
4809,5531
4753,15798
4621,7512
4469,6021
4413,9706
4337,6310
4261,5163
4237,4517
4151,14003
4039,6985
3951,5187
4730,4916
4598,4786
4546,14361
4518,7128
4448,5506
4392,7593
4332,5226
4308,9199
4262,8699
4238,5145
4212,4688
4200,13143
3945,6340
3785,4746
3577,4000
3465,3586
3297,11207
3185,6233
3169,4213
3065,3652
3017,3786
2853,3447
2773,10090
2669,7179
2613,4246
5259,4394
5095,3525
5007,11932
4923,5278
4875,3975
4827,3293
4641,3984
4401,10460
4305,5858
4169,4416
4049,2862
4001,3788
3885,9640
3765,5788
3717,4039
3649,3382
3589,3064
3569,9153
3463,5823
3399,3600
3327,8091
4046,4264
3998,3264
3954,3399
3930,8828
3868,5520
3812,3627
3768,8366
3748,4933
3706,5225
3686,5821
3664,3807
3654,5948
3421,4368
3261,7647
3085,3967
3021,2646
2869,6976
2773,4462
2685,2799
2637,6622
2629,4139
2481,3000
3812,5837
3708,5590
3620,5232
6158,7614
6046,6261
5926,6614
5842,6569
5766,6750
5738,6507
5404,6414
5196,5697
5116,6116
4900,5905
4796,5349
4656,5768
4560,5797
4456,5164
4416,5668
4308,5506
4256,5006
4236,5491
4122,5480
3970,4805
3922,5148
4641,5308
4593,4964
4541,5145
4517,5148
4435,4613
4343,4778
4315,5022
4273,5347
4245,5012
4219,4985
4205,4833
4012,4624
3788,4666
3580,4548
3468,4122
3452,4415
3268,4148
3172,4021
3068,4043
3020,4022
2888,3739
2776,3839
2672,3796
2656,3658
2608,3707
5098,4381
5010,4134
4926,4175
4878,4269
4830,4159
4644,4214
4404,3940
4308,3578
4172,3979
4052,3694
4004,3633
3840,3714
3768,3463
3720,3506
3652,3775
3592,3315
3568,3170
3466,3505
3402,3457
3306,3145
3246,3373
4001,10731
3949,6090
3929,5156
3855,3022
3815,2741
3755,3220
3717,3052
3693,2953
3671,2713
3659,3178
3488,2616
3296,2583
3120,2954
3024,2673
3008,2589
2840,2973
2760,3028
2672,8412
2632,6235
2516,3915
2420,2701
2332,2631
3679,5463
3607,5734
3515,5052
5961,6945
5861,6549
5805,6521
5745,6301
5535,6112
5375,6086
5135,5333
4967,19035
4815,7276
4759,5989
4627,5172
4475,5186
4419,5121
4343,4856
4267,15861
4243,6822
4125,5353
4045,4493
3957,4613
3857,4287
3809,4075
4552,4638
4520,4508
4438,4190
4390,4326
4338,4508
4314,14632
4268,6882
4244,5277
4218,3811
4206,3927
3951,4019
3759,3884
3551,3694
3455,3809
3271,3610
3175,3396
3087,3287
3031,3307
2891,2984
2859,3196
2763,3299
2659,4919
2619,2963
2535,8528
2479,12246
4981,6307
4889,5324
4845,3794
4711,9825
4519,4638
4327,3176
4207,3068
4111,9270
4015,7252
3891,3373
3827,2723
3731,2725
3671,8724
3623,7648
3587,3930
3501,2882
3421,3050
3333,2491
3301,2518
3233,2443
3173,2833
3936,2538
3874,2451
3826,7643
3782,6369
3758,3378
3712,3147
3692,3080
3670,2586
3660,2595
3427,2963
3299,2362
3123,2391
3027,2325
2875,2762
2779,2246
2691,6364
2675,6384
2635,3083
2487,2319
2407,2302
2335,2757
2287,2209
3610,5128
3486,5361
3430,5722
5848,5681
5772,6443
5748,6360
5538,15063
5234,7335
5122,6430
4906,6032
4802,5296
4762,5801
4566,5584
4478,16041
4422,7739
4314,5913
4270,5683
4242,4588
4128,5495
4048,4970
3928,4850
3860,4726
3812,4821
4547,5051
4523,4562
4441,4478
4393,4866
4341,4645
4317,4312
4271,14328
4247,7312
4221,5811
4209,4281
3954,9128
3762,5678
3554,8354
3458,5271
3274,9299
3194,5135
3090,3871
3034,8407
2894,5366
2862,3901
2766,3650
2662,4074
2622,3929
2538,3447
2522,3448
2474,3894
4916,4405
4856,3969
4832,3977
4554,4206
4378,4074
4210,3696
4114,3568
4042,4029
3926,10797
3830,6113
3758,6619
3674,4209
3634,3478
3590,2918
3574,2995
3424,2895
3352,3286
3312,2756
3236,2777
3204,2794
3955,3308
3935,2781
3829,2805
3785,2761
3761,3155
3723,8781
3699,4718
3677,2667
3665,3135
3494,2578
3302,2352
3126,7788
3030,7094
3014,3479
2846,2646
2766,7219
2678,4480
2646,4700
2522,3633
2426,2963
2338,3430
2322,2825
2282,2851
3521,4771
3433,5338
3425,4601
5819,6712
5767,6171
5605,5614
5381,6197
5141,5919
4973,5756
4821,5366
4773,5845
4633,5383
4481,15400
4433,7175
4349,6023
4309,9693
4249,6090
4163,4577
4051,5155
3963,4751
3923,4222
3815,14497
3771,7278
4530,6222
4460,5087
4396,4780
4344,4903
4320,4405
4274,4892
4250,4646
4224,4323
4212,4104
3957,4519
3765,4501
3557,3872
3461,4147
3309,4200
3197,3448
3093,11650
3037,7314
3029,4402
2865,3362
2769,3785
2681,3617
2625,9865
2541,7008
2525,4525
2477,3118
4919,3835
4859,4187
4835,3673
4557,3610
4381,4019
4213,3855
4117,3381
4045,3266
3929,3723
3833,3116
3737,3153
3677,3629
3629,3487
3593,3034
3507,2987
3427,3394
3339,8913
3307,7164
3239,4290
3179,3224
3159,2741
3880,8868
3832,5355
3788,3396
3760,2787
3718,3274
3698,8549
3676,6226
3666,3370
3433,3120
3273,2488
3097,2479
3017,2964
2881,2845
2785,2342
2697,2315
2649,2766
2525,2161
2493,2338
2413,2756
2325,2711
2293,6403
2217,6280
2169,3946
3420,4954
3352,5036
5770,5513
5608,6492
5384,5348
5144,9512
4976,6456
4824,5441
4776,5380
4636,15891
4484,7436
4436,5680
4352,5017
4276,5310
4252,5244
4134,4623
4054,4413
3934,4920
3866,4888
3818,4379
3766,4168
3746,4806
3680,4582
4399,4046
4347,4779
4285,4602
4257,13768
4231,7557
4217,5595
4024,4628
3800,4333
3592,3989
3480,4195
3312,4013
3200,11343
3184,6880
3080,4832
3032,3801
2868,3325
2788,3168
2684,3050
2628,9714
2620,8401
2528,4960
2480,4097
2436,3462
2408,2768
2404,2769
4560,3754
4384,11183
4216,6783
4120,4899
4048,3489
3932,3114
3836,10032
3740,4960
3680,3428
3632,2914
3596,10293
3510,5935
3430,3473
3342,2541
3310,3125
3242,2611
3210,2617
3162,8539
3116,6550
3076,4052
3040,3138
3767,2803
3729,8894
3705,5139
3683,3299
3671,2787
3500,8469
3308,4895
3132,3008
3036,2514
2884,2876
2852,2427
2772,2368
2684,2824
2644,2309
2528,2257
2432,2744
2344,2201
2328,2382
2288,2889
2220,2296
2172,2345
2128,2267
2120,2768
3327,5270
3181,4861
5387,5604
5147,5928
4979,5976
4827,5772
4779,5782
4639,5018
4487,5340
4439,5386
4355,4756
4315,5461
4255,5157
4169,4582
4073,5348
3969,5033
3929,5006
3853,4231
3777,4944
3753,4561
3699,4165
3651,13831
3607,7341
4330,5403
4288,4007
4260,4599
4234,4635
4220,4348
4027,4487
3803,4157
3595,3923
3483,12519
3315,6793
3203,4805
3187,3311
3083,3302
3035,3777
2871,3140
2791,3125
2687,3739
2671,3492
2623,3231
2531,2893
2491,3146
2439,2920
2431,8946
2407,8407
2293,3906
4419,3748
4339,4203
4187,3990
4067,3503
4019,3495
3903,3793
3783,2740
3743,2609
3667,3095
3635,4155
3587,3119
3513,3029
3417,3036
3345,2923
3313,2822
3221,3801
3185,3988
3165,2777
3119,4102
3079,3305
3794,2865
3766,3069
3724,2927
3704,2779
3682,2791
3672,2920
3503,2677
3311,2576
3135,3466
3039,2465
2887,2579
2791,2611
2775,3647
2687,2517
2647,2885
2499,3209
2435,2338
2347,2316
2331,7767
2291,7880
2207,3511
2175,5184
2131,3070
2123,3136
3322,4433
3184,4047
5390,4575
5150,5572
4982,5068
4830,5144
4782,5042
4642,12242
4490,6993
4442,9257
4358,6069
4318,5019
4258,15340
4172,6193
4076,6098
3972,4856
3932,4575
3856,4948
3816,4655
3756,14922
3702,6805
3654,5406
4361,4549
4333,10183
4291,6484
4263,4919
4237,4617
4223,4543
4030,14615
3806,5907
3598,5202
3486,4267
3470,3778
3286,13318
3190,5982
3086,4521
3046,3377
2906,3723
2794,4570
2778,3349
2674,11694
2626,6382
2550,4610
2494,3228
2486,3752
2434,3453
2414,4484
2296,3703
4566,4198
4390,4217
4222,4203
4126,12267
4054,6166
3938,4812
3842,7220
3770,4650
3686,3320
3646,3578
3602,3266
3586,3260
3484,3429
3364,3364
3324,3129
3264,3537
3216,10070
3180,6405
3164,4334
3106,6383
3833,3966
3789,3610
3769,4029
3727,3322
3707,3328
3685,3644
3675,3610
3442,3122
3282,3341
3106,3040
3026,2817
2858,2848
2794,3241
2706,2639
2658,2533
2650,3042
2502,2961
2422,2753
2350,2708
2302,2985
2226,2639
2210,2578
2170,2685
2134,2704
3333,4241
5759,6063
5425,6929
5249,8872
5137,8607
4921,4936
4817,7089
4777,7518
4581,11974
4477,6799
4437,7429
4329,6870
4285,4713
4257,4837
4143,4605
4063,4753
3943,4206
3875,4269
3827,6141
3775,6349
3755,4033
3689,4988
4408,4358
4356,4311
4332,4178
4286,5152
4262,4832
4236,3979
4224,4071
3969,4225
3777,4607
3569,18538
3473,7674
3289,3808
3193,3137
3105,3124
3049,3175
2909,4038
2877,3269
2781,3491
2677,4420
2637,4220
2553,3661
2537,3737
2489,4168
2437,4019
2417,3563
4729,4823
4569,4647
4393,3969
4225,4019
4129,4447
4033,4298
3941,3665
3845,3651
3749,9462
3689,6371
3641,3667
3605,2889
3519,3231
3439,3120
3367,2694
3319,8554
3251,7020
3219,5324
3171,3164
3125,3198
3085,3083
3800,2775
3776,2762
3738,3158
3714,2699
3692,2704
3680,3102
3509,2568
3317,2527
3141,2920
3045,2416
2893,2383
2797,2331
2781,2789
2693,7048
2653,6929
2505,3724
2441,2550
2353,2520
2305,2948
2297,2454
2213,2342
2181,6120
2137,5445
2129,3168
3328,4616
5556,5537
5252,5382
5140,11006
4924,6577
4836,4768
4780,5598
4584,5429
4496,5216
4440,14582
4364,7441
4288,5816
4264,4477
4146,4652
4066,4901
3946,4741
3878,4460
3830,4707
3778,4656
3758,4121
3692,4076
3652,4573
4359,14363
4335,6593
4289,5641
4265,4784
4239,4927
4227,4191
3972,4542
3780,4342
3572,3639
3476,11754
3292,6911
3196,4814
3108,3136
3052,3420
2912,3812
2800,3765
2784,3050
2680,3051
2640,3525
2556,2868
2500,2992
2492,9287
2440,7705
2420,4061
2302,3255
4540,11482
4348,5777
4228,3694
4132,2899
4036,3373
3912,2869
3848,2881
3752,9509
3692,6337
3644,3555
3608,2792
3522,3357
3442,3736
3354,3188
3322,3176
3254,8288
3194,8338
3174,3599
3128,3069
3088,7668
3052,7833
3775,3910
3733,2736
3713,4314
3691,2884
3681,2408
3448,2956
3288,2723
3112,3128
3048,8648
2896,7410
2800,3621
2712,2693
2664,8093
2656,5397
2508,2929
2428,2836
2356,2751
2308,2263
2232,2266
2216,2781
2176,2350
2140,6490
2116,6566
2112,4413
3129,4606
5223,4925
5023,5444
4911,6448
4823,5677
4683,5548
4571,4985
4483,5562
4383,5357
4327,4987
4283,5418
4181,5327
4085,5024
3997,4584
3941,4843
3865,15850
3825,7269
3765,5849
3711,4847
3663,4205
3619,4096
4342,15434
4300,7176
4272,5778
4246,4685
4232,4767
4039,4105
3815,13835
3607,6347
3495,4399
3327,3564
3215,3984
3111,10732
3095,6482
3047,4568
2883,3675
2787,3344
2699,3275
2643,3483
2635,3194
2543,3145
2495,3354
2451,3035
2423,2971
2419,3502
2273,3296
2193,2946
4335,4058
4151,3901
4063,3595
3947,3459
3867,3760
3779,3256
3695,3301
3655,9208
3611,6259
3595,3798
3445,3065
3373,8654
3333,5801
3257,3536
3225,3002
3189,3180
3131,2839
3091,2795
3055,3093
3035,2688
3744,2949
3720,2881
3698,3229
3686,2847
3515,2762
3323,3004
3147,2914
3051,7625
3035,7449
2867,3945
2787,2649
2699,2383
2667,2530
2543,2659
2447,2263
2431,2263
2343,2761
2303,2473
2235,2432
2187,2907
2179,2925
2135,2552
2119,2544
2013,2855
1981,2437
3004,4475
5026,4821
4914,4980
4794,5765
4686,5180
4574,5453
4454,5240
4386,5050
4330,5459
4286,5119
4266,5157
4088,4798
4000,4894
3944,4727
3868,4527
3828,4864
3784,4762
3764,4210
3666,4269
3622,4582
3598,4588
4303,4932
4275,4961
4249,4546
4235,3962
4042,3950
3818,4349
3610,4176
3578,3985
3482,3912
3298,4109
3202,4012
3114,3569
3058,4039
2918,3757
2806,3415
2790,3287
2686,9913
2646,7522
2562,4314
2546,3324
2498,3605
2446,3114
2426,3185
2422,3643
2276,3367
4402,3646
4234,3566
4138,3773
4066,3401
3950,3348
3870,3669
3782,9838
3698,6799
3658,4399
3614,3523
3598,3214
3496,2818
3376,8754
3336,6703
3276,3833
3228,2864
3192,3050
3176,2973
3118,2562
3086,2574
3050,2882
3781,2528
3739,8520
3719,7603
3697,4150
3687,3011
3454,2671
3294,7806
3118,4715
3038,2962
2902,2822
2806,2832
2718,2326
2670,2318
2662,6803
2514,6250
2434,3530
2362,3273
2314,2839
2306,2946
2222,2821
2190,3154
2146,5619
2138,5871
2118,3364
2016,3919
5261,5653
5149,4707
4997,6229
4845,10694
4789,6967
4657,5462
4505,5064
4457,5366
4373,5397
4333,4860
4273,5132
4187,5037
4075,5072
3987,15092
3947,7536
3839,5414
3795,4357
3771,9410
3717,5989
3669,8412
3625,5603
4348,4989
4306,4942
4278,4431
4252,4938
4238,4871
4045,4111
3821,4140
3613,4490
3501,4426
3333,3765
3301,4248
3205,4113
3101,3593
3053,3475
2921,3904
2809,3337
2705,3263
2689,3758
2641,3661
2565,3107
2509,3007
2501,9937
2449,8351
2429,4531
2311,3820
4549,4127
4405,3569
4237,10584
4141,5334
4045,3525
3953,2853
3857,3568
3785,3563
3701,3067
3661,3099
3617,3224
3601,2778
3494,2701
3379,9089
3339,6869
3279,3989
3231,2855
3195,3152
3179,2651
3121,2611
3089,8515
3804,6868
3784,3670
3742,2886
3722,3341
3700,2806
3690,3009
3457,3211
3297,2553
3121,7956
3057,7470
2905,4083
2809,2623
2721,2358
2705,2852
2665,7316
2517,6056
2453,3511
2365,3117
2317,2542
2309,2591
2225,2989
2193,2516
2149,2443
2141,2973
2121,2862
5568,6137
5264,5938
5168,5550
5000,5512
4848,5840
4796,5885
4660,5084
4508,5822
4460,5584
4376,5191
4336,16090
4276,7761
4190,6142
4094,4621
3990,5163
3950,5285
3874,4674
3798,5257
3774,5001
3720,14681
3672,7367
4379,5917
4351,4913
4309,10276
4281,6571
4255,5032
4241,4418
4048,4352
3824,4748
3616,4618
3504,3969
3488,13079
3304,7641
3208,5020
3104,6682
3064,4790
2924,3954
2812,3432
2796,3329
2692,3694
2652,3760
2568,3250
2512,3138
2504,3801
2460,3625
2432,3071
4862,4197
4584,3952
4408,3364
4240,3392
4160,3834
4072,3807
3956,3207
3876,3148
3788,10596
3756,6910
3664,4335
3628,2923
3604,3363
3502,2782
3438,2659
3342,2665
3282,3419
3242,2779
3206,8723
3182,8125
3124,4718
3851,5879
3807,3535
3787,2936
3745,3398
3725,2848
3703,2838
3693,2839
3460,3141
3300,2631
3156,2567
3060,7818
2908,7067
2812,3964
2746,2554
2708,2541
2668,3061
2520,2947
2456,2429
2368,2343
2352,6833
2312,6520
2244,3445
2196,2824
2188,6385
2144,6231
5797,5951
5635,6088
5411,5686
5171,6096
5003,5970
4923,10505
4803,6748
4663,5733
4583,5596
4463,5091
4379,4853
4339,15504
4279,7486
4193,5990
4097,9430
3993,6073
3953,8099
3877,9215
3801,5968
3777,5081
4490,13433
4434,6746
4382,5359
4350,9196
4304,5919
4280,4563
4254,13132
4242,6651
3987,4579
3795,8675
3587,5467
3507,9160
3339,4932
3227,4016
3123,4273
3067,11802
3059,6331
2895,3981
2799,3773
2711,3539
2655,3417
2571,4103
2555,3948
2507,11930
2463,5602
2435,5080
4865,7999
4587,4418
4411,10606
4243,5503
4147,8800
4075,4422
3959,4651
3863,4171
3791,3583
3707,3364
3659,3828
3623,11941
3537,5527
3457,8032
3385,4193
3337,3500
3269,10556
3237,5611
3201,4291
3143,3241
3862,10790
3818,5197
3794,3920
3756,3326
3732,2853
3710,10127
3698,8351
3527,3164
3335,2234
3159,7860
3063,4805
2911,6085
2879,4513
2799,3545
2711,2755
2671,7214
2555,6564
2459,3499
2371,8570
2355,4449
2315,7894
2247,4265
2199,7205
2155,3228
2147,2544
2127,7540
5574,5752
5414,5422
5174,6466
5006,5248
4854,11224
4806,7275
4666,6205
4514,5539
4466,5289
4382,5433
4342,5212
4282,16229
4196,6836
4084,6060
3996,5015
3956,4425
3848,15249
3804,6827
3780,5382
3726,9909
4437,6595
4377,9132
4353,5373
4307,5823
4283,4694
4257,4763
4245,14892
3990,6230
3798,5320
3622,8493
3510,5100
3342,10411
3230,5851
3126,7349
3110,9019
3062,7961
2898,4998
2818,8952
2714,5465
2658,4361
2650,11913
2558,5346
2518,3762
2466,11135
2458,5755
4872,4280
4686,12429
4446,4796
4350,6669
4166,8349
4094,5250
4046,4065
3882,3498
3810,12372
3762,5163
3694,4127
3634,3311
3614,3322
3508,3327
3444,11545
3372,5649
3288,7010
3248,4172
3212,7197
3192,4967
3130,3707
3857,4126
3813,11253
3793,4854
3751,3284
3731,10711
3709,4601
3699,3244
3466,9914
3306,4830
3130,3045
3066,3307
2914,3107
2818,3669
2730,9046
2714,6275
2674,3909
2526,8466
2462,4228
2374,5956
2326,5388
2318,4348
2234,4250
2202,3063
2158,7702
2150,6098
2130,5420
5577,6265
5417,5916
5177,6435
5009,4791
4857,6881
4809,11568
4669,7176
4589,5798
4469,11080
4401,6937
4345,5046
4301,5561
4199,5267
4103,16713
4015,7179
3959,5822
3883,5151
3843,5146
3799,5234
3779,5057
4480,17359
4388,7620
4360,5655
4318,5238
4290,9110
4264,6301
4260,9621
4248,6180
3993,4356
3801,13553
3593,5422
3497,5156
3345,10178
3233,6124
3129,4741
3073,11680
3065,6318
2901,4596
2821,11726
2717,5513
2661,8592
2653,4641
2561,4071
2521,11688
2469,6102
4923,6790
4875,5699
4753,3977
4561,3846
4369,4634
4217,4284
4153,12437
4057,5335
3965,4975
3869,4268
3797,3291
3713,3330
3673,12954
3629,5545
3613,4737
3511,2729
3391,3104
3351,3718
3291,3058
3251,2690
3207,10086
3974,6668
3900,4361
3860,3343
3816,3319
3796,3859
3754,3844
3734,3004
3712,3304
3702,11023
3469,5664
3309,3290
3165,9018
3069,4521
2917,3713
2821,8689
2805,4452
2717,3278
2677,8360
2529,4730
2465,3095
2377,8652
2361,4425
2321,3248
2253,2635
2205,7642
2197,4878
5858,5807
5806,5557
5644,5893
5420,5966
5180,6242
5044,5746
4932,5532
4812,15835
4704,6861
4592,6236
4504,5207
4404,5698
4356,5778
4304,5533
4284,4951
4106,5096
4018,5098
3970,4650
3902,4849
3846,4883
4589,5028
4565,5323
4483,5034
4435,4903
4383,4600
4359,4722
4313,17517
4289,6813
4263,5612
4251,5063
3996,5676
3804,13006
3596,5859
3516,4761
3348,4448
3236,3824
3132,4845
3116,4298
3068,3914
2904,3597
2824,4091
2720,4513
2704,4211
2656,8862
2580,7514
5074,6235
5026,3587
4934,11081
4890,5437
4756,3901
4564,3500
4372,3808
4220,3742
4156,10942
4060,5918
3952,6812
3872,4002
3776,3330
3716,3360
3668,3325
3632,9750
3616,7398
3466,4447
3394,3345
3354,9184
4081,6043
4041,3906
3997,3045
3977,2912
3903,3138
3863,3248
3803,2775
3765,10098
3741,6537
3719,4131
3707,3064
3695,3074
3472,2960
3312,2646
3136,2565
3056,2816
2888,2625
2808,8456
2736,7954
2688,4238
2564,2798
2532,2775
2452,3091
2364,6040
2332,2413
2256,2251
2240,2833
5977,6119
5893,5619
5817,5976
5789,6831
5455,6534
5247,5985
5047,5975
4951,15770
4847,7269
4707,6273
4595,5582
4507,5320
4407,5213
4359,5249
4307,5144
4287,5111
4109,4983
4021,4913
3973,4830
4692,5070
4644,5010
4592,5028
4568,4906
4446,4875
4394,4730
4366,4703
4324,4607
4296,4608
4270,4567
4256,4567
4063,4471
3839,4272
3631,4175
3519,4076
3503,13208
3319,7071
3223,5383
3119,3958
3071,12201
2939,6280
2827,4290
2723,11427
2707,6307
2659,4103
2583,3533
5061,13555
4977,6077
4929,5004
4881,7426
4695,4570
4567,3836
4375,3701
4223,11874
4103,6360
4055,4490
3939,3231
3819,3422
3771,3326
3703,3370
3643,3263
3623,3225
3517,3328
3453,10306
3381,8390
3297,4703
4052,10056
4008,5153
3980,3745
3906,10200
3866,5506
3822,3639
3802,3053
3760,3017
3740,9991
3718,6002
3708,3865
3475,2681
3315,9171
3139,6114
3059,3582
2891,2826
2811,2744
2739,2723
2691,8185
2567,7937
2471,4311
2455,7694
2367,3769
2327,2964
2259,6104
2211,6096
2203,3568
5864,5793
5812,6257
5650,6007
5426,5982
5186,9718
5018,6577
4866,5802
4818,5721
4678,5493
4526,5220
4478,5109
4394,5020
4354,5019
4294,4988
4208,4867
4096,4729
4008,4784
3908,14218
3860,7428
4603,5988
4571,4797
4489,13944
4441,6639
4389,5228
4365,8407
4319,5451
4295,4606
4269,4554
4257,4608
4002,13176
3810,7117
3602,6400
3506,4999
3322,7628
3226,6735
3138,6669
3082,5926
2942,6114
2830,5744
2814,6122
2710,5497
2662,5788
2586,5515
2530,4351
5032,6996
4940,5402
4896,4274
4762,6362
4570,5941
4378,5930
4226,5762
4106,6015
4058,5545
3942,5091
3822,5283
3774,4516
3706,3697
3646,3504
3626,4169
3520,3532
3456,3298
3360,3838
3300,3728
3260,3941
3216,3425
3983,6488
3909,3749
3869,3175
3825,3065
3771,3540
3747,3144
3725,3057
3713,3068
3542,3781
3350,2941
3174,5421
3142,2866
3062,4053
2894,2834
2814,2597
2726,3151
2686,3120
2570,2529
2474,2519
2386,2625
2370,2633
2330,2247
2246,3543
2214,2009
2170,3260
2162,2669
2142,2452
5589,6148
5285,6524
5173,6049
5021,6851
4869,5970
4813,6600
4617,6063
4529,5935
4473,8061
4397,7893
4321,11737
4297,5122
4179,5112
4099,5073
3979,5019
3911,4834
3863,4795
3811,4726
3791,4684
4492,5156
4444,5087
4392,4817
4368,7188
4322,7445
4276,9025
4262,4575
4069,4825
4005,4920
3813,4488
3605,4399
3509,4725
3325,4394
3229,4802
3125,4656
3085,7677
2945,4397
2833,4738
2817,4660
2713,3664
2665,4964
2589,5606
2533,4132
2525,6266
2473,3824
4899,12187
4765,6469
4573,4682
4381,3161
4229,3841
4109,3349
4069,3300
3945,3796
3825,3665
3785,3137
3709,3109
3677,3561
3629,3591
3555,3041
3459,2955
3387,3294
3303,2867
3263,2823
3227,2810
3207,9636
3145,8540
3872,5254
3828,3930
3808,3429
3766,2864
3746,2868
3724,3345
3714,2829
3481,8933
3321,7001
3145,4168
3065,2808
2897,2721
2833,3200
2745,8029
2697,6913
2573,3860
2541,3185
2461,2706
2373,2760
2341,3351
2265,2875
2249,2740
2209,3379
2165,2783
2149,2685
2145,3057
2011,2987
5256,6136
5056,6296
4944,5351
4856,6105
4716,5972
4604,8691
4516,8806
4416,5333
4368,5596
4316,5445
4296,5164
4118,5613
4030,5323
3982,4989
3898,5029
3858,5484
3814,5119
3794,4688
4495,5208
4447,5066
4375,5071
4333,7189
4305,6658
4279,7981
4265,5381
4072,5441
4008,4665
3816,4554
3608,4613
3512,4340
3328,6578
3232,3528
3144,3556
3088,3510
2948,3362
2916,3553
2820,3362
2716,3577
2676,3715
2592,3700
2561,3730
2528,3793
2476,3661
2456,3582
4886,4364
4608,4134
4432,4055
4264,4034
4168,4022
4096,3877
3980,3903
3884,3845
3812,3700
3728,3676
3688,3650
3644,3526
3628,3642
3478,3368
3406,3338
3366,3296
3290,3208
3258,3194
3222,3185
3206,3119
3883,3274
3839,3310
3815,3239
3777,3158
3753,3206
3731,3193
3719,3170
3548,3084
3356,3017
3180,2920
3148,2923
3068,2784
2900,2997
2820,3273
2732,3102
2700,3164
2576,3056
2480,2930
2464,2980
2376,2906
2336,2775
2268,3181
2220,3137
2212,3102
2168,3086
2152,3040
2046,2883
2014,2891
5195,4778
5059,4877
4947,4675
4827,5330
4687,4941
4607,5035
4487,13431
4419,7184
4363,5287
4319,4617
4217,4548
4121,4984
4017,4824
3977,4476
3901,4608
3825,4597
3801,12169
3747,7982
4458,5931
4398,4356
4374,4320
4328,12400
4304,7126
4278,5231
4266,4164
4011,4131
3819,4132
3611,4088
3515,4098
3363,3897
3251,3593
3147,9859
3091,8917
2951,4932
2919,3735
2823,3378
2719,3307
2679,3201
2595,3171
2579,3179
2531,3207
2479,3387
2459,3352
4771,4324
4579,4304
4387,4207
4267,4116
4171,4055
4075,3985
3951,3896
3887,3810
3791,3613
3715,3682
3683,3694
3635,3590
3561,3519
3465,3477
3393,3425
3309,3335
3269,3302
3233,3277
3209,3234
3151,3170
3119,3170
3834,3364
3814,3269
3772,3189
3734,3142
3722,3168
3551,3097
3359,2956
3183,2876
3151,2909
3071,2828
2903,2741
2823,2716
2735,2643
2695,2632
2579,2551
2483,2567
2395,2862
2379,2432
2339,2562
2255,2913
2223,2871
2179,2810
2171,3252
2151,3201
2049,3090
1953,2984
1937,2866
1849,2893
4862,4295
4822,6750
4626,4363
4522,4716
4482,4506
4374,4214
4330,4207
4302,4230
4188,4480
4108,13052
3988,7022
3920,5281
3872,3974
3820,3916
3800,13243
3734,7202
3694,5291
3650,3647
4377,4121
4331,3931
4307,3818
4281,4106
4269,4044
4014,3607
3822,3652
3614,3540
3518,11543
3366,8375
3254,5336
3150,3225
3094,3411
3086,3325
2922,3199
2826,3257
2738,3128
2682,3237
2598,3411
2582,3532
2534,3861
2490,3825
2462,3795
2458,3815
2344,3695
4470,4393
4374,4261
4190,4243
4118,4347
4070,4750
3906,5131
3834,5090
3786,4472
3718,4980
3658,4843
3638,4385
3532,3646
3468,4095
3396,4073
3312,3528
3272,4006
3236,3913
3216,3424
3154,3371
3122,3838
3086,3351
3817,3561
3775,3944
3755,3440
3733,3423
3723,3910
3490,3803
3330,3233
3154,3622
3090,3554
2938,2979
2842,2975
2754,3343
2738,2869
2698,2846
2550,3201
2486,3190
2398,2659
2350,2640
2342,3138
2258,2576
2226,2579
2182,3005
2174,2491
2154,2930
2052,2908
1956,1783
1940,2256
1868,2032
4881,5122
4825,4590
4693,4738
4541,4559
4485,4217
4409,5042
4333,13319
4309,6535
4191,5314
4111,4655
4023,4666
3923,13297
3875,6780
3831,5230
3807,3910
3737,4037
3697,4497
3653,3796
4380,4234
4334,4710
4310,4482
4284,4152
4272,4639
4017,4360
3825,3744
3617,3776
3521,4124
3337,11518
3257,8090
3153,5300
3097,3934
2957,3371
2925,3344
2829,10876
2725,6606
2685,4105
2601,3894
2585,3708
2537,3302
2493,3238
2465,3671
2461,3141
2315,3081
4441,4128
4273,3936
4177,3443
4081,3334
3989,3762
3893,3230
3797,3226
3737,3733
3689,3562
3653,3104
3567,3035
3487,3482
3399,2855
3367,2938
3299,3432
3239,3285
3219,2833
3173,2769
3133,3227
3097,2750
3785,2858
3778,3399
3758,3282
3736,2761
3726,2742
3493,3274
3333,2578
3157,2498
3093,3130
2941,2442
2845,2428
2757,2385
2709,2865
2701,2359
2553,2292
2473,2656
2385,2170
2353,2322
2277,2757
2261,2843
2221,2386
2177,2276
2161,2823
2055,2270
2023,2158
1943,2165
1871,2896
1855,2212
1815,2246
4696,5048
4616,4644
4496,5314
4412,5037
4372,4716
4312,4771
4226,5046
4114,13412
4026,7397
3926,5846
3878,4855
3834,4402
3806,4974
3740,13484
3700,7129
3656,5456
3636,4601
4317,5031
4291,4765
4277,4528
4084,4363
3860,4260
3652,4665
3540,4771
3372,4471
3340,4498
3244,4579
3140,4360
3092,4200
2928,3923
2848,4239
2744,4056
2688,3826
2604,4613
2588,5542
2540,4785
2496,5686
2468,5926
2464,6769
2318,5480
2238,5241
2134,6049
2118,4746
4084,5868
3960,5911
3896,4667
3800,4262
3724,4119
3692,3776
3644,3758
3570,4058
3474,4023
3402,3678
3318,4717
3278,4221
3242,3885
3218,3678
3160,4161
3128,4508
3092,3993
3076,3782
3042,3776
3012,3886
3731,3793
3560,3990
3368,4035
3336,3634
3160,3380
3080,3781
2912,3832
2832,3016
2744,3752
2712,3386
2588,3010
2492,2847
2404,3889
2388,3251
2348,2996
2280,3094
2232,3190
2224,2625
2180,2631
2160,3286
2058,2710
2026,2967
1946,2515
1874,2963
1826,2595
1818,2598
1750,3021
1702,3319
1694,2991
4415,4579
4339,4555
4315,4248
4197,4649
4117,4785
4029,5091
3929,5846
3881,4829
3837,5441
3809,5291
3743,4515
3703,4378
3659,5128
3639,4971
3601,4374
3581,5147
3559,6137
4278,5058
4023,4767
3831,4767
3623,4703
3527,5645
3343,4490
3247,3978
3159,3719
3103,4488
2963,4204
2931,3908
2835,3626
2731,4180
2691,4536
2607,3439
2551,3925
2543,4621
2491,3706
2471,3283
2353,3977
2321,3516
2241,3670
2137,3524
2121,3415
2073,3251
3995,3600
3899,3552
3827,3929
3743,3781
3695,4359
3659,3359
3643,4352
3493,4360
3421,3968
3381,3195
3305,3637
3273,3211
3237,3105
3221,3172
3139,3264
3103,3818
3083,3340
3053,3750
3033,3397
3015,3765
3005,3745
3563,3759
3371,3700
3195,3737
3163,3581
3083,3583
2915,3780
2835,3319
2747,3312
2715,3231
2591,3508
2495,3891
2479,3155
2391,3386
2359,3787
2283,3440
2235,3539
2227,3343
2183,2884
2167,3259
2163,3256
2029,3129
1965,3376
1877,3460
1861,2842
1829,2932
1753,3033
1737,2973
1705,2898
1661,3217
4386,4641
4334,4058
4314,5400
4136,5311
4048,5761
4000,6962
3916,5307
3876,4960
3832,5384
3812,5320
3746,5096
3670,5097
3646,5010
3612,5009
3588,4432
3566,4443
3554,4858
4090,4941
4026,4623
3834,4406
3626,4766
3530,4701
3346,4030
3266,4925
3162,4523
3106,4242
2966,5426
2934,4729
2838,4827
2750,4215
2694,3808
2610,4178
2594,3818
2546,3632
2502,4170
2474,4090
2470,4137
2356,3407
2244,4088
2228,3981
2140,3689
2084,3630
4090,4857
3966,3981
3902,4106
3806,3998
3746,4146
3698,3451
3662,3737
3646,4080
3496,3095
3424,3629
3384,3479
3324,3147
3284,2978
3248,3536
3228,2995
3166,2917
3134,4021
3106,3607
3086,3358
3056,3976
3036,3494
3749,3510
3737,3624
3566,3657
3374,3075
3198,3303
3166,3517
3086,3504
2918,3404
2838,3328
2766,2969
2718,2989
2594,3260
2562,2500
2482,9013
2394,7072
2362,3793
2286,2853
2270,3221
2230,3163
2194,2792
2170,3235
2166,3314
2064,2685
1968,2319
1952,3940
1864,6841
1832,5981
1824,4751
1740,2671
4553,7372
4497,5444
4421,7186
4345,7254
4321,5265
4203,5987
4123,7271
4035,7242
3935,6949
3887,7213
3843,5094
3819,6983
3749,5902
3709,6968
3665,6501
3645,6776
3607,6688
4322,5170
4296,7011
4284,6900
4029,4855
3837,5019
3629,4499
3533,4358
3381,5561
3269,4642
3165,3804
3109,5072
3101,4362
2937,5360
2841,15908
2753,5995
2697,6438
2613,5026
2597,5045
2549,4860
2505,4848
2477,4674
2473,4718
2327,3330
2247,4160
2231,3565
4205,5617
4117,4907
4085,5207
3921,3095
3833,4509
3801,3723
3709,4895
3673,3656
3649,4634
3547,4730
3483,4060
3387,4198
3327,3178
3287,14188
3251,5279
3231,5659
3169,5836
3137,5340
3101,4609
3085,4681
3790,5189
3770,4689
3748,5316
3738,11306
3569,5465
3377,3821
3201,4057
3105,3565
2953,3085
2921,3892
2841,3660
2753,3529
2721,3634
2597,3153
2501,2858
2485,2754
2397,3470
2365,3003
2289,2863
2273,2954
2233,2249
2197,2277
2173,2226
2169,2690
2035,5704
1971,5601
1955,5530
1867,3760
1835,2692
1827,3002
4708,5655
4556,6462
4508,5553
4424,5723
4384,4955
4324,10354
4238,6790
4142,5083
4038,5717
3998,5616
3922,4848
3882,5298
3838,5229
3818,4663
3752,5099
3676,5036
4399,4700
4357,4717
4349,5202
4325,5107
4299,14013
4287,7543
4032,5994
3840,4378
3632,4317
3552,4833
3384,4851
3272,4150
3168,4393
3152,12560
3104,7361
2940,5271
2860,4029
2756,3700
2740,4066
2692,3921
2616,3377
2560,3318
2552,3703
2500,3272
2480,3221
4792,4113
4632,3663
4456,3614
4288,3970
4208,3467
4120,3377
4013,3791
3924,3293
3844,3244
3804,3716
3736,3676
3676,3119
3656,3629
3582,3562
3486,3009
3414,3475
3382,3452
3314,2886
3282,2948
3246,3339
3188,2794
3907,2982
3863,3225
3839,3823
3801,3721
3777,3906
3773,4230
3751,4166
3741,3840
3508,4506
3348,3998
3172,3565
3108,4330
2956,3744
2860,3364
2772,4106
2756,3072
2716,3513
2600,3774
2504,3070
2416,3220
2400,3491
2360,3002
2292,2802
2244,2898
2236,3465
2192,2723
2176,2849
2172,3994
2038,3152
1974,2783
5083,6246
4987,5313
4883,6264
4743,6369
4647,5775
4543,5135
4443,5566
4395,7389
4343,5533
4323,4918
4209,5068
4057,5964
4009,5009
3925,15120
3885,8341
3841,6303
4604,9886
4522,6267
4430,4824
4402,4777
4360,5258
4332,6816
4306,5249
4292,4547
4099,4784
3875,6466
3667,5093
3635,4189
3539,4245
3355,4783
3259,4081
3155,3815
3115,4094
2975,4272
2863,3758
2847,3730
2743,4106
2695,3736
2619,3523
2563,3536
2555,4254
4973,4398
4929,4555
4795,4039
4603,4820
4411,3693
4259,3819
4139,5477
4099,3957
3975,3421
3855,3856
3815,4649
3739,3395
3707,3326
3659,14376
3585,5456
3489,4284
3417,3657
3385,4213
3293,3398
3257,2909
3237,3216
3958,12274
3902,6439
3858,5235
3838,4648
3796,9043
3776,4679
3754,3767
3744,3077
3511,2823
3351,10483
3175,6043
3111,4049
2959,2794
2863,3249
2775,3074
2727,2776
2719,3318
2571,3158
2491,2552
2419,2956
2371,6468
2363,7034
2279,4377
2239,3181
2203,2659
2179,2734
2175,3050
2073,2526
1977,2458
1961,2877
4990,5691
4902,4465
4846,6460
4650,5477
4562,5790
4506,6001
4430,5912
4354,5647
4330,5849
4212,15122
4132,7274
4044,6099
3944,5133
3896,4743
3852,5362
3828,5331
4541,5060
4477,5247
4425,5095
4401,5464
4355,4734
4331,4908
4305,6246
4293,4815
4038,5091
3846,4639
3670,4931
3558,4178
3390,4522
3278,5696
3174,4005
3158,17575
3110,5794
2946,4875
2866,3462
2762,4715
2706,3994
2698,3759
2606,4632
2566,4352
2514,3587
4968,4571
4920,6085
4734,4172
4494,13810
4398,8403
4214,4026
4142,3197
4094,3796
3930,4028
3858,3616
3810,3427
3742,3905
3682,4224
3662,3302
3556,3666
3492,4439
3408,3750
3336,3467
3296,3712
3260,3946
3236,3487
3945,3358
3905,3406
3861,3717
3841,3470
3799,3337
3779,3912
3757,3459
3747,3035
3514,3499
3354,3973
3178,2923
3098,10449
2962,6203
2866,4315
2778,3098
2730,3111
2606,3525
2574,3058
2494,2941
2406,3018
2374,2897
2298,2929
2282,3462
2242,2573
2206,2537
2182,2709
2178,3480
2044,2595
1980,2546
1892,3606
4977,6319
4889,5307
4749,6800
4637,6253
4517,6360
4449,6583
4393,5167
4349,5426
4247,6882
4151,5514
4047,5759
4007,6024
3931,5669
3855,4761
3831,4945
4544,7320
4488,5690
4432,4888
4404,5346
4358,5583
4334,4809
4308,5151
4296,4970
4041,5041
3849,4607
3641,4837
3545,5324
3361,4371
3281,4417
3177,5196
3121,4103
2981,3994
2949,5168
2853,4267
2749,3790
2709,4089
2625,4542
2569,3657
2561,3808
2509,4470
2489,3766
4801,4018
4609,4214
4417,4306
4265,3790
4201,4370
4105,4507
3981,3645
3861,3602
3821,3965
3745,4533
3713,3598
3665,3815
3591,3847
3495,10981
3423,8583
3391,6008
3299,2819
3263,3127
3243,3639
3181,3888
3908,3218
3864,3741
3844,3768
3802,9877
3782,7081
3760,4520
3750,3797
3517,3391
3357,3432
3181,3736
3101,3233
2933,3047
2869,10703
2781,6383
2733,3784
2609,3278
2577,4060
2497,3228
2409,2904
2377,3467
2301,2776
2285,8652
2245,7618
2201,3826
2185,2709
2079,2828
2047,3441
1983,2614
1895,2753
1879,3235
1839,2567
4752,5011
4640,5310
4520,6081
4452,4319
4396,5027
4352,5057
4332,5219
4154,5387
4066,5071
4018,4809
3934,5022
3894,4773
3850,4813
3830,15393
3764,7723
4483,5986
4411,4963
4369,4790
4341,5005
4315,4726
4311,4922
4299,4350
4044,4366
3852,4366
3644,12636
3548,8076
3364,5557
3284,7424
3180,4610
3124,10933
3116,6183
2952,7655
2856,4600
2768,3869
2712,10289
2704,6514
2612,4154
2572,9866
2520,5629
2512,3798
4926,4542
4740,12071
4500,5844
4420,4178
4268,3305
4148,3510
4104,11423
3984,6722
3864,4411
3824,3304
3748,3263
3716,3161
3680,3220
3594,3153
3514,3105
3442,3023
3394,9016
3326,8690
3294,4493
3258,3318
3242,3371
3935,3510
3875,3625
3851,3386
3813,3461
3789,3646
3767,3854
3763,4436
3753,3746
3520,3633
3360,10119
3184,5617
3104,5927
2968,3749
2872,3472
2784,2903
2768,3015
2728,2933
2580,3067
2516,2864
2428,8571
2380,6149
2372,3705
2288,2828
2256,2990
2212,2928
2204,2819
2184,2949
2082,2805
2050,2906
1970,3116
1898,3225
4911,4965
4863,5224
4723,4916
4571,5881
4523,5514
4439,5515
4399,5355
4339,5408
4253,5395
4141,5220
4053,5151
4013,5113
3905,4883
3861,5117
3837,5114
4550,4991
4494,4909
4442,5143
4410,4960
4364,14698
4340,8365
4314,5916
4302,4672
4047,4905
3887,4611
3679,4518
3567,4672
3399,12312
3287,7231
3183,5185
3167,4116
3119,4254
2955,4085
2875,4096
2771,10725
2715,7919
2707,5131
2615,3896
2575,3613
2523,3414
4977,4102
4929,4080
4743,3968
4503,3844
4407,11538
4223,6911
4151,4926
4103,3659
3939,3643
3867,3371
3819,3451
3751,3410
3691,3344
3671,3538
3565,3459
3501,3395
3405,3555
3345,3518
3305,3466
3269,3665
3245,3696
3954,3902
3914,3763
3870,3756
3850,9407
3808,7475
3788,4432
3766,3255
3756,3221
3523,3139
3363,3031
3187,3010
3107,3070
2939,7905
2875,7915
2787,4335
2739,7509
2615,4261
2583,7264
2503,3916
2415,3017
2383,3304
2307,2920
2291,2909
2251,6654
2215,6524
2191,4779
2187,4738
2053,3598
1989,3529
1901,3399
1885,3392
4898,5207
4758,4948
4662,4964
4558,4866
4458,5270
4410,5059
4358,5226
4338,5623
4224,5492
4072,5442
4024,5281
3940,5122
3900,5101
3856,4772
3836,5325
4537,5150
4445,5048
4417,5093
4375,4963
4347,4772
4321,5004
4307,4910
4114,4736
3890,4485
3682,4598
3570,4626
3554,4248
3370,4452
3274,4211
3170,4024
3122,4233
2990,4060
2878,3946
2774,4052
2758,4678
2710,12448
2634,6717
2578,5492
2526,3558
2518,4622
4932,4476
4746,4139
4618,3965
4426,4423
4274,14898
4154,6228
4106,4367
3990,4397
3870,4195
3822,4174
3754,4910
3694,4117
3674,4661
3600,3937
3504,3618
3432,12472
3348,5833
3308,4346
3272,3400
3252,8281
3957,6072
3917,3998
3873,11732
3853,5036
3811,3875
3791,8707
3769,5710
3759,3580
3526,7161
3366,6296
3190,8612
3110,4826
2974,3578
2878,2883
2790,2841
2742,3292
2734,2773
2586,3281
2506,4037
2434,9472
2386,7701
2310,4359
2294,3675
2254,3177
2218,3051
2194,3647
2190,3424
2056,2954
1992,3139
1976,3236
1888,2815
1856,3302
4761,5813
4665,4954
4561,5527
4461,4625
4413,6186
4361,6658
4341,5409
4163,5696
4075,5595
4019,5111
3943,5536
3903,5626
3843,5311
3789,4754
4500,5454
4448,5179
4420,4649
4378,5378
4346,5068
4320,4581
4308,15766
4053,7590
3861,5938
3653,4429
3573,5094
3405,4861
3293,4351
3189,4893
3133,4662
2993,4109
2961,4571
2865,4440
2761,3955
2721,3857
2637,4491
2581,3630
2573,3762
2521,3974
2501,3867
2383,3363
4621,4546
4429,4219
4277,3590
4157,3668
4109,4018
3945,3469
3873,3524
3825,3997
3733,3886
3697,3400
3673,3924
3571,3758
3451,3155
3411,10609
3335,7877
3303,4508
3267,5670
3209,4180
3169,3820
3133,3370
3860,10913
3822,6093
3798,3873
3776,6033
3762,4586
3529,3181
3369,3219
3225,3598
3129,3030
2977,3014
2881,3467
2793,3371
2745,2898
2737,8420
2589,7837
2509,4052
2421,2945
2389,3181
2313,7702
2265,5667
2257,4061
2213,3064
2197,7456
2091,5084
2059,3340
1979,2877
1907,3345
1859,3308
1851,6779
1783,6716
1735,3776
1727,2699
4448,5133
4372,4449
4348,7617
4230,4753
4150,5544
4062,5442
3962,5377
3914,4900
3870,5491
3842,5125
3776,4917
3736,4697
3692,4965
3672,4781
4373,4781
4349,5221
4323,4887
4311,4520
4056,4965
3864,4754
3656,4118
3560,4206
3376,4497
3280,12521
3192,7122
3136,5225
2996,4037
2884,3862
2868,4514
2764,4165
2716,3769
2640,10490
2584,7055
2576,4477
2524,3660
2504,3951
2386,9892
2354,6176
2258,6017
4280,4960
4160,3896
4120,11133
3996,5322
3876,3689
3828,7617
3760,4740
3700,3830
3680,3550
3574,3829
3510,3710
3414,3299
3354,9482
3314,6957
3270,4136
3254,3318
3196,3420
3164,3306
3128,2937
3086,2915
3066,3240
3779,3032
3767,2930
3596,3290
3404,2842
3228,2800
3196,3211
3116,2662
2948,2669
2868,3056
2780,8055
2748,7665
2624,4308
2528,3150
2440,2698
2424,2612
2384,3790
2316,4107
2268,3782
2224,3874
2216,4006
2196,3593
2094,3562
2062,3851
1982,3765
1910,3360
1862,3582
1854,3740
1786,3261
1738,3198
1730,6128
1694,5627
1678,3222
4351,5184
4265,4624
4153,4994
4065,5069
4025,4484
3917,4681
3873,4892
3849,4876
3795,4999
3747,4810
3695,4693
3675,4439
3637,4860
3617,4821
4326,4549
4314,5075
4059,4930
3871,4560
3691,4273
3579,4452
3411,13117
3299,7871
3195,5623
3179,4370
3131,3913
2967,3774
2871,4104
2783,3995
2727,3613
2719,3605
2627,3742
2579,3522
2535,3357
2507,3788
2503,3667
2357,3259
2277,9933
2261,8977
2157,5063
4147,4336
4031,11569
3951,5438
3863,3752
3831,3220
3739,3792
3695,3383
3679,3498
3577,3705
3457,3229
3417,3224
3341,10365
3309,7072
3273,4275
3257,3697
3175,3285
3139,9325
3119,6203
3089,4101
3069,3045
3051,3154
3770,3535
3599,3047
3407,3060
3231,3235
3135,3092
2983,2847
2887,3266
2871,8498
2783,8728
2743,8515
2595,4811
2531,3088
2443,2684
2395,3019
2387,2622
2303,2563
2271,2632
2227,3022
2219,2481
2199,2582
2097,2979
2001,2496
1985,2776
1897,2867
1865,2601
1789,2649
1773,3095
1741,2886
1697,2731
1689,7139
1673,7352
1669,4036
4172,5423
4084,5441
4028,5861
3952,4649
3912,4416
3868,4688
3798,5073
3750,5080
3706,4485
3682,14760
3648,7558
3624,6050
3602,4509
3590,5127
4126,15208
3902,6553
3694,5376
3582,4922
3414,4171
3302,4019
3198,4531
3182,4372
3134,3819
2970,4249
2874,3998
2786,3531
2730,3557
2722,4054
2630,3800
2582,3387
2538,3372
2510,3753
2506,3218
2360,3202
2280,3588
2264,3572
2160,3036
2120,3013
2036,3489
3954,3465
3866,3515
3782,3975
3742,3880
3698,3302
3682,3385
3532,3720
3460,3159
3420,3216
3344,3707
3312,3624
3276,3178
3218,3079
3178,3543
3142,2989
3122,3028
3092,9839
3072,7500
3054,4238
3044,3653
3602,3479
3410,2977
3234,9075
3138,5505
2986,3419
2890,2884
2874,8518
2786,4994
2746,3266
2598,3222
2534,3145
2446,2635
2398,2595
2390,7672
2306,7105
2266,3496
2230,7330
2206,3615
2202,2964
2068,7045
2004,4670
1988,4718
1900,3577
1868,3550
1792,2999
1776,6443
1744,6422
1700,3374
1692,6376
1676,4346
1672,3441
1598,2840
1566,2844
4031,5064
3955,4511
3915,5231
3855,4508
3801,4763
3753,5224
3709,15036
3685,7446
3651,6218
3623,5150
3601,13286
3591,6757
3400,4798
3905,5035
3697,4687
3585,13433
3417,6909
3305,5445
3201,4884
3145,3967
3137,12886
2973,7087
2877,5224
2789,3596
2733,3850
2649,4025
2633,3938
2585,10833
2541,7740
2513,5244
2509,4054
2363,3299
2283,3347
2179,3753
2163,3594
2115,3131
2039,3132
2023,3079
3845,3952
3785,10931
3737,6916
3689,5083
3615,3763
3535,3209
3447,3145
3415,10754
3323,6818
3287,4258
3267,3105
3221,3492
3173,3004
3137,3043
3121,3019
3087,3465
3071,9262
3053,7402
3045,4569
2876,3572
2748,2761
3205,2892
3125,3245
2957,2666
2877,2703
2805,2684
2757,2578
2633,8104
2537,7879
2521,4740
2433,4792
2393,4058
2325,3531
2277,2976
2269,3012
2225,7324
2209,7233
2103,3460
2071,2582
1991,3057
1919,6153
1871,6764
1863,3971
1779,6498
1747,4384
1739,2977
1695,6338
1679,5385
1675,2879
1617,2758
1569,5628
1561,5078
1525,3089
1517,3137
3874,4371
3854,4656
3788,4914
3748,9052
3688,5952
3654,4547
3630,9908
3608,6406
3596,4788
3467,4583
3275,4903
3099,4445
3067,4101
3572,13955
3388,6858
3292,4871
3188,3960
3148,4563
3008,3816
2896,3940
2880,4347
2776,4189
2728,3862
2652,4271
2596,4160
2588,3551
2536,3459
2516,4091
2398,3450
2366,3413
2270,3880
2182,3867
2126,3257
2118,3374
2042,3600
1986,3025
1978,3147
1934,3548
3740,3604
3692,10902
3618,7700
3522,4550
3450,3306
3418,7813
3326,5141
3290,3654
3270,3709
3224,4050
3176,3561
3140,3615
3124,4053
3090,3504
3074,3556
3056,4062
3048,3955
2879,3452
2751,3336
2607,3751
2543,3158
2992,3310
2896,3749
2808,3625
2760,3145
2636,3106
2604,3502
2524,2930
2436,2988
2404,3395
2328,2793
2312,2859
2272,2819
2236,3237
2212,2740
2162,2693
2074,3068
2010,2570
1922,2515
1906,3201
1866,3151
1798,2636
1782,2627
1742,3043
1706,2561
1698,2581
1682,3024
1620,2437
1604,2504
1572,2979
1564,2961
1528,2637
1504,2626
1500,3060
3807,4961
3759,4977
3707,4471
3687,4803
3649,4948
3629,4954
3607,4368
3597,5111
3406,4882
3246,4542
3070,3872
2992,4014
2870,4425
3311,4386
3207,3902
3151,3989
3143,4347
2979,11832
2883,8262
2795,5668
2739,4121
2655,3648
2639,3870
2591,4243
2547,3922
2519,10741
2515,7175
2369,4984
2289,3891
2185,3457
2169,3951
2121,3814
2045,3227
2029,3300
1981,3775
1937,3635
1929,3260
1909,3662
3621,4043
3541,3478
3453,3503
3421,3974
3353,3845
3293,3430
3273,3904
3227,3742
3187,9653
3151,6559
3127,4465
3093,3139
3077,9416
3059,5475
3051,3901
2882,2972
2754,3008
2610,3476
2562,8444
2442,7267
2362,4153
2811,3601
2763,3011
2639,2980
2607,3478
2527,3360
2439,2793
2407,2893
2331,3257
2315,7670
2275,7525
2231,4093
2215,3157
2109,2637
2077,7187
2013,6275
1925,2992
1909,2493
1869,2454
1801,6528
1785,6399
1745,3119
1709,3141
1701,5840
1681,5837
1623,3395
1607,5732
1575,4099
1567,3266
1531,2057
1507,2047
1503,2165
1469,2393
1461,2965
3718,3953
3690,3820
3652,3606
3632,4573
3610,4217
3600,4891
3409,4781
3281,4118
3105,13114
3009,6433
2873,4947
2777,3593
3210,4061
3194,4503
3146,4307
2982,3886
2902,3869
2798,4155
2742,11201
2734,7663
2642,5379
2602,4175
2550,3442
2542,3555
2518,11125
2404,7727
2292,4440
2276,3615
2172,10251
2132,5503
2124,3817
2032,9310
1992,5141
1984,3521
1940,3702
1912,3619
1908,8950
1842,6056
3528,4786
3432,3699
3372,10279
3332,5947
3288,4184
3272,3130
3214,9852
3182,5027
3146,3597
3130,10229
3084,5110
3066,3549
3056,3540
2949,2887
2789,9071
2757,6513
2613,4094
2549,2974
2413,8310
2349,5405
2798,3541
2766,8461
2642,5103
2546,3051
2458,7938
2442,4927
2402,7124
2334,4023
2286,5728
2242,6903
2234,3900
2214,7689
2112,3988
2016,7122
2000,4060
1928,2870
1880,2791
1872,6781
1788,5831
1756,3046
1748,5044
1712,5894
1688,4105
1684,2974
1626,3377
1610,5667
1570,6142
1534,3817
1526,2788
1510,2792
1506,3246
1472,3201
1464,2735
1444,2740
3663,4069
3639,4034
3617,3739
3605,8861
3476,5590
3284,4066
3108,4759
3012,13075
2876,6969
2844,4683
2764,4390
2676,4404
3149,4108
3017,4499
2905,4474
2801,3960
2745,3751
2737,11762
2645,7059
2605,4630
2553,4111
2545,10727
2521,6175
2407,4318
2295,3756
2279,3167
2175,3211
2135,3603
2051,3046
2035,9300
1995,8256
1987,4935
1935,6539
1915,4664
1911,6917
1829,5274
1789,3474
3435,10723
3359,6175
3327,3901
3291,2900
3275,3788
3193,3698
3157,3229
3137,2994
3107,10027
3087,7809
3069,4368
3059,3721
2952,3536
2792,2716
2648,8687
2568,7458
2552,3850
2416,3085
2352,3542
2280,8421
2256,6609
2645,5381
2549,3726
2533,2872
2445,7899
2405,5740
2337,3629
2289,7520
2281,4187
2237,3575
2221,3477
2115,7301
2083,5154
2019,6989
1931,4197
1915,2730
1883,6813
1807,6225
1791,3415
1759,2400
1715,2345
1707,2877
1691,5926
1687,6403
1629,3867
1581,2516
1573,2476
1537,2460
1529,2916
1513,2476
1509,2455
1475,5942
1467,5941
1451,4923
1447,3082
3658,4070
3638,4066
3616,3820
3606,5733
3415,4908
3255,4014
3079,4788
2999,4744
2879,3988
2783,4116
2695,4508
2647,4224
3152,3955
2988,3964
2892,4367
2804,4268
2748,3677
2740,3722
2648,4178
2608,4152
2556,3585
2548,3374
2524,3680
2410,3111
2298,3112
2282,3622
2194,3404
2138,2958
2130,2942
2054,3318
1998,2754
1990,2909
1946,3386
1938,3347
1914,2963
1848,2909
1832,3282
3462,3387
3430,3455
3362,3873
3302,3749
3282,3247
3236,3285
3196,3674
3160,3162
3140,3231
3110,3660
3090,3591
3072,3110
3062,3100
2955,3415
2795,2881
2651,2873
2571,2854
2451,3232
2419,2754
2355,2684
2283,3123
2764,2712
2648,2742
2552,2690
2464,3092
2448,2609
2408,2607
2340,3084
2292,2498
2284,2544
2240,2510
2224,2962
2118,2446
2086,2571
2006,3046
1934,2963
1918,2469
1878,2502
1810,6554
1794,5876
1754,3343
1718,3104
1710,3050
1694,2570
1632,2512
1616,2996
1584,2494
1576,2473
1540,2435
1532,2903
1516,2409
1478,2413
1470,2887
1454,2371
1450,2369
3669,4019
3645,4442
3623,3917
3611,3848
3482,3813
3290,4352
3114,4258
3082,4667
3002,4552
2850,3889
2770,4394
2682,4097
3163,11797
3023,7002
2911,5204
2895,4174
2791,10856
2743,11085
2667,5845
2611,6159
2603,3805
2551,3803
2531,3735
2413,3382
2381,3329
2285,3619
2197,3449
2181,3233
2133,3175
2057,3447
2041,3283
1993,3269
1949,3501
1941,8715
1921,8349
1851,4515
1835,3445
3465,3646
3433,3629
3365,3771
3333,3791
3285,3476
3239,3381
3199,3656
3163,3463
3143,3323
3113,9086
3093,7739
3075,4206
3065,3328
2958,3466
2798,3301
2654,8413
2574,7325
2454,3977
2374,2876
2358,2863
2807,3287
2767,3289
2651,2838
2555,2757
2467,3071
2451,2706
2411,2926
2327,3196
2295,3176
2251,2833
2243,7147
2223,7194
2121,3838
2025,2752
2009,2946
1937,6528
1889,6469
1881,3552
1813,3256
1765,2932
1757,2912
1721,3216
1697,3233
1693,2908
1635,2823
1619,3106
1587,2986
1543,2769
1535,2725
1519,3025
1515,2725
1481,5822
1473,5651
1457,4441
1453,3101
3664,4219
3644,5289
3622,4224
3612,6535
3421,3641
3261,4158
3085,5541
3005,4102
2885,3886
2789,3859
2701,3897
3166,4453
3158,12127
2994,7408
2898,5242
2810,3539
2754,3892
2670,3364
2654,3395
2606,3838
2562,3790
2534,3396
2530,3302
2384,3423
2304,2924
2200,2939
2184,2935
2144,3290
2060,2837
2044,2935
2004,3256
1952,3253
1944,3106
1924,3064
1920,3498
1838,3276
1798,2816
3444,3481
3368,3650
3336,3167
3300,3179
3284,3571
3202,3460
3166,3030
3146,8917
3116,7821
3096,4411
3078,3162
3068,2938
2961,8556
2801,5056
2657,3157
2577,2809
2457,2899
2425,2519
2361,2562
2289,2840
2770,2559
2654,2535
2558,2492
2470,2843
2454,2402
2414,7011
2330,6976
2298,4046
2254,2686
2246,2771
2226,3081
2124,2611
2028,2598
2012,6144
1940,6014
1892,3324
1884,2783
1800,3031
1768,3085
1760,5343
1724,5536
1700,3360
1696,2663
1638,2493
1622,5323
1582,5172
1546,3608
1538,2840
1522,3055
1518,2753
1484,2712
1476,3926
1460,5136
1438,5087
1434,5183
3629,3688
3617,3279
3488,3097
3296,3335
3120,3121
3088,4253
3008,3340
2856,12703
2776,5776
2688,7191
2648,4426
3029,4309
2917,3945
2813,3877
2797,3905
2749,3879
2657,3775
2617,3788
2565,3674
2557,4602
2533,10822
2419,6417
2307,4330
2291,3424
2187,3361
2147,3357
2139,3396
2047,3795
2007,3183
1999,3425
1947,4073
1927,9085
1923,9044
1841,4704
1801,3695
1793,3685
3371,4365
3339,4214
3291,4660
3245,4100
3205,4884
3169,4120
3149,4497
3111,4051
3095,4076
3077,4482
3069,4607
2900,4277
2772,3900
2628,4127
2564,3722
2428,3742
2380,3604
2308,3494
2268,4095
2176,8401
2096,9714
2545,4530
2457,3133
2417,3094
2349,3293
2301,8506
2257,7815
2249,4424
2229,3641
2127,3596
2031,3534
2015,7820
1927,6926
1895,3467
1887,3318
1803,3521
1771,3207
1727,7279
1719,7168
1703,4198
1699,4391
1625,4243
1593,4007
1585,4045
1549,4058
1525,4134
1521,4071
1487,3902
1479,3891
1463,3794
1459,3934
1441,4193
1437,3738
1429,3713
1427,3838
1336,3708
3267,3476
3091,3251
3011,3051
2859,3362
2779,2985
2691,3044
2659,3192
2551,10527
2455,7104
2439,4450
2351,3331
2752,3528
2676,3284
2620,3317
2568,3333
2560,3161
2536,3101
2422,3291
2310,3225
2294,3156
2206,3191
2150,8470
2142,8941
2050,4636
2010,2997
2002,3133
1958,2961
1930,2902
1926,2860
1860,3022
1844,2912
1796,3009
1752,2977
1744,3099
1724,3439
1720,3222
3232,3857
3172,3827
3152,3725
3122,8612
3102,5915
3084,3860
3074,2750
2967,2865
2807,3629
2663,3129
2583,3633
2463,8148
2383,9932
2311,7751
2295,5120
2263,3354
2147,3099
2083,3048
2027,2931
1987,8946
1979,7498
2336,4759
2296,3293
2260,3031
2236,2953
2232,3527
2098,2875
2034,2846
1946,3197
1930,3346
1898,6904
1822,7013
1806,5138
1774,4299
1730,3533
1722,3568
1706,3811
1644,3990
1628,2735
1596,2729
1588,3084
1552,3336
1528,3941
1524,4107
1490,3708
1482,3708
1466,3711
1462,3869
1444,3718
1440,3653
1432,3587
1430,4062
1339,3603
1307,3515
1243,3958
1227,3927
2894,2959
2798,2788
2710,2759
2694,3168
2654,5763
2522,3556
2458,3400
2370,3365
2354,3263
2314,3345
2679,3638
2623,3747
2615,3743
2563,3771
2543,3658
2425,3671
2393,3632
2313,3598
2209,3410
2193,3740
2153,3719
2069,7934
2053,7993
2013,4542
2005,5871
1953,4509
1933,4508
1929,4515
1863,4367
1847,4379
1807,4309
1799,4274
1747,4219
1727,4095
1723,4155
1685,4087
3211,4733
3175,4696
3155,4785
3125,4728
3105,4616
3087,4698
3077,4932
3075,4993
2906,4493
2778,4588
2634,4519
2570,5447
2466,5406
2386,3998
2314,3940
2298,3913
2266,3858
2182,3797
2102,6552
2030,6196
2463,6088
2423,3211
2355,4798
2307,4750
2299,3734
2263,3684
2239,4209
2235,4335
2133,4405
2037,4250
2021,7069
1949,5236
1901,3481
1893,3227
1825,3088
1809,3251
1769,3257
1733,3171
1725,3255
1709,3104
1705,3124
1647,2792
1631,2955
1591,3267
1555,2933
1547,3368
1531,2998
1527,2949
1493,3404
1485,3040
1469,3313
1465,2665
1447,2758
1443,2933
1443,2641
1435,2991
3624,3375
3433,3418
3305,3230
3129,3714
3033,3364
2897,3356
2865,10608
2785,9170
2697,5355
2665,6207
3038,4608
3006,3468
2910,3496
2822,3783
2766,3705
2758,3400
2666,3253
2626,3614
2574,3104
2566,3232
2542,3595
2428,8902
2396,8671
2300,4994
2212,3480
2196,2923
2156,2952
2072,8073
2056,7297
2016,3771
2008,3367
1964,2913
1936,2948
1932,7615
1866,6767
3568,4145
3480,3307
3448,3654
3380,3147
3348,3222
3312,3550
3296,3074
3238,3112
3206,3484
3170,3397
3154,3057
3120,3428
3104,8574
3086,5520
3078,3678
2973,5996
2813,4387
2669,7834
2589,4317
2469,4226
2437,2555
2910,2622
2822,2811
2790,2304
2666,2217
2570,2625
2554,2307
2466,2376
2434,2773
2358,2598
2342,2586
2302,2856
2266,2552
2242,2503
2238,2879
2104,2837
2040,2609
2024,2577
1936,6040
1904,5867
1896,4496
1828,3247
1780,2847
1772,6418
1736,5687
1728,3234
1708,2393
1650,2898
1634,2891
1602,2339
1594,2347
1558,5671
1550,5110
1534,3864
1530,3546
1496,2954
1488,3010
3737,3639
3717,3639
3679,4915
3659,3668
3637,4310
3627,4065
3436,4224
3276,4164
3132,3751
3036,11334
3453,8254
3341,4972
3325,3814
3221,3889
3173,3219
3041,3346
2929,10567
2913,7415
2809,4340
2769,3897
2685,3218
2669,3200
2621,3555
2577,2959
2549,3091
2545,3494
2399,3322
2319,2999
2303,3456
2199,2995
2159,2959
2151,3510
2075,3341
2019,2996
2011,3334
3821,3375
3773,3437
3737,3784
3721,3679
3571,3315
3499,3680
3459,3536
3399,3198
3359,3572
3315,3477
3299,3188
3241,3488
3209,3361
3173,3069
3157,8619
3123,8000
3107,4507
3093,3152
3083,3292
2976,8198
2816,5673
3273,5638
3177,6007
3161,3853
2993,7940
2913,4186
2841,2896
2793,2858
2669,3046
2637,2805
2557,7262
2485,7047
2437,3323
2429,2656
2345,7055
2313,6186
2269,3253
2261,5114
2241,5068
2139,3748
2107,3513
2027,3392
1955,3054
1939,3040
1899,3383
1831,2980
1815,6069
1783,6106
1739,4120
1731,2915
1715,3029
1711,3163
1653,2828
1605,2788
1597,3117
1561,2753
1553,2766
3918,4083
3894,3826
3824,3982
3784,4486
3740,4489
3720,3733
3682,4203
3662,4237
3640,3818
3632,3959
4168,4490
3944,3955
3736,3859
3624,12604
3456,7397
3424,5317
3328,7537
3224,6967
3184,4293
3044,3878
2932,3766
2916,3254
2812,10263
2772,6624
2688,4129
2672,3469
2624,3817
2580,3670
2552,3342
2548,3341
2402,3524
2322,3139
2306,3146
2202,3381
2162,2940
4160,3548
3996,3777
3924,3296
3876,3359
3808,3670
3748,3131
3728,3227
3654,3562
3558,3009
3486,9125
3454,5994
3386,3977
3340,2995
3306,3367
3260,3249
3220,2905
3184,2926
3164,3230
3134,2777
3114,2832
3096,3131
3815,2898
3689,2873
3580,3295
3420,2734
3244,2789
3164,3095
3028,3006
2932,2626
2844,2578
2796,2932
2788,2547
2640,7411
2576,7234
2488,3469
2440,2909
2432,3220
2348,3197
2316,2825
2308,2810
2264,6812
2248,6634
2142,3581
2110,2999
2046,2609
1958,2594
1942,6286
1910,6104
1834,3902
1818,2837
1786,3120
1778,2760
1734,2762
1718,2723
1714,3081
1656,2706
1640,2684
4113,4350
4013,7314
3965,7178
3921,4753
3897,4071
3843,13185
3795,6167
3751,4561
3727,10815
4432,6655
4404,4976
4378,9257
4364,5937
4171,4747
3947,4092
3739,13405
3627,6477
3459,4382
3427,3609
3331,4082
3227,12194
3187,6306
3047,4635
2935,10918
2919,5277
2815,3788
2775,3834
2691,3735
2635,3205
2627,9948
2575,7094
2555,4207
2551,8545
2405,4794
2325,3897
4363,3677
4267,3681
4195,4080
4079,10649
3983,6005
3911,4716
3827,3489
3779,3275
3743,3016
3657,3001
3577,10414
3505,6484
3457,3883
3389,9210
3329,5074
3309,3307
3263,9233
3223,5607
3187,3757
3163,2814
3868,2915
3848,2884
3826,3282
3816,2925
3583,2784
3423,9430
3247,7505
3167,3825
3031,5682
2935,3835
2847,2913
2799,2870
2675,3312
2643,3262
2563,7700
2475,7060
2443,3961
2367,2676
2351,7677
2311,7790
2275,4988
2251,3497
2247,3019
2113,7211
2049,6929
1961,3878
1945,6843
1913,4218
1837,3113
1821,6751
1789,6661
1745,3715
1737,3071
1721,3050
1717,6499
1643,6494
1611,3585
4084,4162
4000,3733
3960,3701
3916,3914
3896,5367
3798,3977
3754,4035
3730,3816
3696,4196
4407,4380
4381,13598
4367,7512
4174,5420
3950,4095
3742,3985
3630,4473
3614,4255
3430,11100
3334,8770
3230,5395
3190,3825
3050,3498
2938,3942
2922,11163
2818,6616
2770,6956
2694,4438
2638,3174
2630,3817
2578,3634
2558,3076
2440,3237
2408,3574
2312,3048
4334,11628
4270,7407
4174,5052
4050,3275
3986,3852
3890,3448
3830,2937
3782,3483
3746,10657
3660,6426
3580,4474
3492,3118
3460,2973
3392,3143
3360,3605
3312,3340
3266,3258
3226,3570
3190,3360
3170,3271
3140,3475
3855,3644
3833,3289
3821,3244
3650,3550
3458,5661
3282,3130
3186,3240
3034,3137
3002,7586
2922,6555
2834,3526
2794,2739
2678,3065
2582,6991
2494,7275
2478,3689
2438,7800
2370,4309
2322,8737
2314,3943
2270,2898
2254,3178
2148,7951
2116,5562
2052,3467
1964,2538
1948,2470
1908,7077
1840,6709
1824,3439
1792,7411
1748,4032
1740,3149
1724,3090
1720,6913
1646,6513
1614,3708
4087,5002
4019,4250
3963,5247
3919,4620
3899,3989
3833,4346
3793,4641
3749,4707
3729,13437
4430,7807
4406,5387
4380,4924
4368,4163
4113,13433
3921,5638
3713,4277
3617,4959
3465,4119
3353,3858
3249,12400
3233,6975
3185,4926
3021,3759
2941,11280
2837,6644
2781,4045
2773,8150
2681,5853
2641,7978
2589,4804
2581,3630
2557,3727
2443,3510
2411,3255
4489,12796
4337,5944
4273,4264
4177,3281
4085,3261
3989,3120
3893,3212
3833,3883
3793,3497
3749,10084
3733,6022
3583,6568
3511,6372
3471,4058
3411,3749
3363,8415
3327,5585
3311,3845
3253,3706
3221,2815
3185,2848
3916,3539
3874,3348
3854,2936
3832,2910
3822,3394
3589,8153
3429,6905
3253,4057
3189,3368
3037,2790
2941,2747
2853,3296
2837,3218
2797,7135
2649,6873
2585,4380
2497,2804
2481,2899
2441,2889
2373,3273
2325,2818
2317,2815
2273,3254
2257,2702
2151,2692
2119,2699
2039,6144
1967,6098
1951,5038
1911,3830
1843,2859
1827,2958
1795,3379
1751,3797
1743,2901
1727,2865
1723,3236
4290,4315
4138,6631
4090,4720
4022,4723
3966,4457
3922,4274
3902,5093
3836,4398
3796,4261
4503,5027
4479,4376
4433,4896
4409,4786
4383,4409
4371,4813
4116,4661
3924,4229
3716,13952
3620,6846
3436,5136
3356,3704
3252,4170
3196,4424
3056,3642
3024,4431
2928,4395
2824,3471
2784,3809
2700,3866
2644,3404
2636,3852
2584,3634
2564,3439
2446,3223
4684,12743
4492,6785
4340,5176
4220,4162
4180,3584
4056,3213
3936,3290
3896,11447
3820,6328
3760,4790
3740,3566
3634,3475
3570,10419
3474,7178
3414,4517
3374,2719
3330,3693
3314,3005
3256,3702
3224,3560
3923,3050
3885,3651
3861,3762
3839,2963
3827,11687
3656,6166
3464,3475
3288,5388
3192,3773
3040,3063
3008,3720
2928,3339
2840,2978
2800,3600
2652,3159
2588,2857
2500,3196
2452,2894
2444,2734
2360,9115
2328,7023
2284,4177
2260,6256
2256,6229
2122,4182
2058,6172
2042,4436
1954,3063
1922,8544
1846,4345
1830,3106
1798,3485
1754,3199
1746,2909
1730,3541
1726,7707
1652,5214
1620,6229
4085,4531
4009,4278
3969,4223
3925,5319
3855,4887
3807,8215
3763,4940
3739,12945
4444,6220
4416,4567
4390,11259
4376,6537
4183,4629
3959,4204
3751,13678
3639,6371
3471,4425
3439,8820
3343,5435
3239,3983
3191,12044
3059,6304
2947,4053
2843,10502
2827,5629
2779,3660
2703,10995
2647,5526
2595,3764
2587,10735
2563,5346
2449,3646
2417,9794
2429,5094
4343,4008
4223,3955
4175,11602
4059,6188
3939,4584
3899,7425
3823,4185
3791,3420
3743,10826
3669,6257
3573,4303
3501,7013
3469,3991
3377,3215
3341,3625
3321,9530
3275,5996
3235,3967
3191,7047
3175,4075
3880,3955
3860,9843
3838,5697
3828,4033
3659,7098
3467,4012
3291,3963
3195,4013
3043,8602
2947,5335
2931,3869
2843,2964
2803,2947
2687,3269
2591,7905
2503,7249
2487,3990
2447,7573
2379,3586
2331,3340
2323,2967
2279,2934
2263,3328
2157,6464
2125,6758
2045,3654
1973,3228
1957,2733
1917,6761
1849,6546
1833,3263
1801,2676
1757,6403
1749,6398
1733,3946
1729,3015
1655,5730
1623,6194
4096,4228
4028,3697
3972,4130
3928,3796
3908,4601
3842,7384
3802,5100
3758,9914
4485,6708
4439,4910
4415,10323
4389,6684
4377,4953
4122,9790
3930,6331
3722,4631
3626,11610
3474,6278
3362,4652
3258,8684
3202,5509
3194,4353
3030,11078
2934,6531
2846,4575
2790,3742
2782,3454
2690,3873
2650,11806
2598,6645
2590,5173
2566,4450
2452,3452
4578,15021
4482,5693
4346,4938
4226,3258
4178,4076
4062,3913
3942,5075
3902,4750
3826,3638
3794,4748
3746,4089
3672,4371
3592,3885
3504,4016
3472,4217
3404,4318
3344,3832
3324,4196
3278,3787
3238,3844
3202,3407
3929,3135
3891,3614
3867,11484
3845,6015
3833,6345
3662,6581
3470,4166
3294,4418
3262,3965
3182,3546
3014,3295
2934,9477
2862,6186
2814,3593
2690,6853
2658,3839
2578,8742
2490,4741
2458,3608
2382,2662
2366,3329
2326,3104
2290,2863
2266,2823
2262,3207
2128,2306
2064,2604
2048,4121
1960,4718
1928,5038
1920,4967
1836,4992
1804,3651
1796,7502
1760,3995
1736,7161
1732,4054
1674,3359
4219,4337
4131,6126
4091,4783
3983,4358
3939,4673
3915,4839
3861,4942
3813,4426
4520,5462
4492,4999
4450,4489
4422,5089
4396,4885
4382,4505
4189,5235
3965,4643
3757,4352
3645,4733
3477,4326
3445,4198
3349,4017
3245,4365
3205,3761
3065,3738
2953,4093
2937,3797
2833,3712
2793,4048
2709,4534
2653,3542
2645,4013
2601,10557
2573,7399
5003,5827
4725,4325
4549,4001
4381,3740
4301,12916
4213,6045
4181,4970
4017,3766
3929,4097
3897,3348
3829,3919
3769,3845
3749,3424
3643,3919
3579,4073
3507,3442
3475,3745
3383,3901
3347,3259
3327,3376
3281,3723
4000,3156
3956,3401
3932,3812
3894,3751
3870,11137
3848,6161
3836,4525
3665,2932
3473,7821
3297,4949
3201,3770
3185,3191
3017,3701
2937,9446
2849,5608
2817,3870
2693,8477
2597,4457
2581,3679
2493,8170
2453,4336
2385,3065
2337,3390
2329,3045
2285,7238
2269,7274
2163,3409
2131,7003
2067,4023
1979,6218
1963,3682
1931,2662
1855,6475
1839,6046
1807,2953
1763,3109
1755,2576
1739,6298
4416,5132
4302,4743
4150,4684
4102,4777
4034,8565
3978,5682
3934,5069
4697,5568
4615,5010
4567,4534
4515,5198
4491,4840
4445,4675
4421,5094
4395,4814
4383,4561
4128,4930
3936,13724
3728,7514
3632,5598
3448,4363
3368,4363
3264,12157
3208,6851
3068,4683
3036,4009
2940,4132
2852,3954
2796,11077
2712,7697
2696,4942
2648,4031
2604,4137
5030,4139
5006,4720
4728,4408
4552,3767
4488,12075
4304,6269
4216,4353
4184,3844
4020,3976
3932,10733
3900,6744
3808,7024
3772,4205
3748,3832
3646,3877
3582,3294
3486,3647
3426,3069
3386,3131
3350,3577
4109,10219
4035,9669
3995,9768
3951,5750
3931,3940
3889,4120
3869,3547
3847,3739
3837,3924
3604,11615
3444,5392
3268,4762
3188,3808
3052,3448
2956,3521
2868,11049
2820,6215
2812,4274
2664,3372
2584,9928
2512,5533
2464,4190
2388,6565
2372,4977
2332,4290
2296,4148
2272,4962
2268,4057
2134,3446
2070,3411
1982,4404
1966,3739
1926,3277
1858,3841
1842,3300
1802,3259
1766,3603
1758,3189
1742,3607
4337,5199
4241,5969
4137,4713
4097,5945
3989,5429
3945,5505
3921,5199
4634,5600
4578,7579
4518,5127
4494,5467
4448,15784
4424,6888
4398,6076
4386,5597
4131,5040
3939,14136
3731,6191
3635,5340
3451,9752
3371,5865
3267,4710
3211,4583
3071,4549
3039,4090
2943,4472
2839,4442
2799,4694
2715,4484
2659,12638
2651,6342
2599,5325
5025,7592
4891,4739
4699,3931
4507,4378
4355,4562
4235,4665
4195,14747
4071,5831
3951,4389
3911,3399
3835,4390
3803,4110
3755,12789
3681,8107
3585,3736
3513,3234
3429,4025
3389,4062
3353,3488
3333,3290
3271,4084
3998,3967
3954,3326
3934,11917
3892,5935
3872,5149
3850,3168
3840,4979
3607,3372
3447,3298
3271,4068
3191,3833
3023,2855
2959,3715
2871,3437
2823,2996
2699,11028
2667,7311
2587,4362
2499,3251
2467,3262
2391,2881
2375,9659
2335,5920
2299,4273
2275,3188
2271,3261
2137,9852
2073,7085
1985,4025
1969,3457
1937,2984
1861,8287
1845,7695
1813,4172
1769,7756
1761,4151
1745,3256
1741,3607
1667,3816
4156,5211
4108,4681
4024,4423
3984,6124
3940,5303
3920,6049
3822,4801
4529,7365
4501,5510
4459,5045
4431,7213
4405,5355
4391,5001
4198,5748
3974,5223
3766,4752
3654,5985
3638,14729
3454,6419
3358,5469
3254,4503
3214,4667
3074,13481
2962,6356
2858,5337
2842,3569
2794,4369
2718,4806
2662,3602
2654,4723
2602,4208
2582,3714
4894,4210
4702,4514
4510,3989
4358,4032
4238,4315
4198,4240
4074,3805
3954,13320
3914,5922
3838,5147
3806,3423
3758,4822
3684,12137
3588,5539
3516,4628
3484,3294
3398,3747
3356,11763
3336,5633
3290,4100
3250,3432
3965,4157
3937,4236
3895,3311
3875,3996
3853,3581
3843,11756
3610,6138
3450,4568
3306,3141
3210,3661
3058,4656
2962,3154
2874,2988
2858,10430
2818,7290
2670,4514
2590,3519
2518,3049
2470,9496
2462,6727
2378,4118
2338,3049
2302,2969
2278,3578
2274,3281
2172,2853
2076,3472
2060,3182
1972,2748
1940,2967
1932,3304
1848,2834
1816,3015
1808,3203
1764,3191
1748,2801
1744,2831
1686,3114
1638,2711
4111,5120
4043,4819
3987,4846
3943,4612
3923,5189
3857,5037
3817,5394
4504,7377
4462,5148
4434,5172
4408,5061
4394,4977
4201,4909
3977,4712
3769,4822
3737,4682
3641,4454
3457,4423
3361,4405
3257,4198
3217,4095
3077,4173
2965,3952
2861,4174
2845,12404
2797,6993
2721,5200
2665,3785
2657,3727
2605,3538
2585,3821
2467,3695
4705,3968
4513,4129
4361,4063
4241,3779
4193,4227
4077,3814
3957,3619
3909,3537
3841,3655
3781,3482
3761,11854
3655,6550
3591,4779
3519,3304
3435,3440
3395,3267
3359,3442
3335,3844
3277,3180
3245,3270
3960,3686
3940,3513
3898,3450
3878,3467
3856,3436
3846,3403
3613,3684
3453,3845
3277,4313
3197,4197
3029,3633
2949,3546
2861,3975
2829,3621
2705,3403
2609,3807
2593,3281
2505,3253
2465,3730
2397,3188
2349,3194
2305,3677
2297,3648
2277,3106
2175,3545
2079,3514
2063,2975
1991,2926
1943,3520
1935,2889
1851,2807
1819,3286
1811,2795
1767,2796
1751,3174
1747,2753
1689,2718
1641,3407
1633,3194
1597,3121
3990,5214
3946,4733
3926,5164
3828,5191
3784,4590
3760,5469
4465,5876
4437,4971
4411,5455
4397,5326
4204,4888
3980,5200
3772,5153
3660,4565
3492,4292
3380,4935
3276,4375
3220,4565
3080,4656
3048,4867
2952,4223
2848,4601
2808,4566
2724,4129
2668,4362
2660,4066
2608,3624
2588,4060
2470,3912
2358,3337
2342,3333
2254,3706
4244,3738
4196,3759
4032,4027
3944,3556
3912,3536
3820,3908
3776,3441
3760,3392
3610,3813
3538,3399
3490,3260
3422,3722
3362,3691
3342,3142
3296,3620
3248,3631
3212,10002
3196,7848
3162,4804
3132,3394
3851,3835
3680,3706
3488,3198
3312,9573
3216,6658
3064,3923
2968,3145
2880,3523
2832,3003
2824,2995
2676,3359
2596,3288
2508,4068
2472,5645
2400,4820
2352,4749
2308,4605
2300,5212
2280,4774
2178,4863
2082,4700
2066,4384
1978,4632
1946,4974
1870,4351
1854,4621
1814,3883
1778,3586
1754,3614
1750,3538
1692,3507
1676,3940
1636,3995
1600,3999
1592,4053
1576,3882
1538,4253
1530,3964
1514,3725
1510,3810
3729,3906
3705,4396
3683,4466
3671,4488
3542,4662
3350,4290
3775,4575
3663,4385
3495,4362
3383,4359
3367,4223
3263,4102
3215,4306
3051,3996
2971,3904
2867,3830
2811,3751
2803,3907
2711,3879
2671,3759
2619,3877
2611,3807
2587,3686
2473,3964
2361,3893
2345,3701
2241,3952
2201,4015
2193,3835
2101,3875
2061,3880
3915,4529
3847,4432
3787,4386
3767,4406
3661,4337
3597,4277
3501,4195
3441,4143
3401,4111
3357,3973
3341,4099
3283,4012
3251,3967
3215,3988
3199,3906
3165,3747
3149,3940
3131,3825
3123,3846
2954,3779
2826,3708
3283,3757
3203,3700
3035,3567
2971,3575
2883,3430
2835,3474
2711,3456
2679,3404
2599,3436
2527,3334
2479,3285
2403,3210
2387,3254
2347,3478
2311,3443
2287,3369
2283,3736
2149,3587
2085,3542
2069,3493
1981,3421
1949,3405
1941,3396
1857,3306
1825,3328
1817,3310
1781,3233
1757,3561
1753,3218
1695,3143
1679,3145
1647,3135
1603,3104
1595,3063
1579,3463
1575,3445
1541,3418
1533,3390
1517,3411
1513,3408
3724,4362
3704,4739
3682,3943
3672,4628
3481,4372
3321,4321
3746,4648
3666,4880
3498,4497
3386,5776
3282,5578
3226,5247
3218,5375
3054,4897
2958,4569
2854,5673
2814,4940
2730,4830
2714,4324
2666,4628
2622,4690
2594,4018
2476,3977
2444,4428
2364,4316
2260,3636
2244,4024
2196,3821
2120,3412
2104,3396
2056,3744
3850,4148
3818,3728
3770,4244
3696,4141
3600,3612
3528,3607
3444,4068
3404,3497
3368,3456
3344,3949
3286,3923
3254,3357
3218,3354
3202,3803
3168,3360
3152,3258
3134,3814
3126,3770
2957,3217
2829,3148
2685,3549
3206,3183
3038,3102
2958,3433
2870,3080
2838,3034
2714,3454
2618,2892
2602,2905
2514,2792
2474,3280
2406,2756
2358,2727
2350,3350
2306,2731
2290,2817
2184,3170
2152,2699
2072,2620
2000,3271
1952,2734
1944,2774
1876,3251
1828,3130
1820,2676
1784,2654
1776,3136
1756,2682
1698,2557
1682,3029
1650,2557
1606,2552
1598,3046
1582,3187
1578,2718
1544,2704
1536,3175
1520,2588
1516,2659
1498,3121
1494,2620
3685,4505
3675,4735
3484,4676
3324,4787
3148,4833
3068,3921
3469,4314
3389,4824
3285,4122
3229,4156
3089,4659
3057,4455
2961,3996
2857,3995
2817,4487
2733,4303
2677,3846
2669,4454
2617,4137
2597,3733
2479,3587
2447,4202
2351,3915
2263,3539
2247,3370
2199,3842
2123,3364
2107,3175
2059,3640
2015,3554
2007,2960
3773,3441
3699,3861
3603,3300
3531,3264
3499,3802
3407,3643
3371,3223
3351,3225
3289,3594
3257,3091
3221,3132
3205,3648
3171,3596
3155,3075
3137,3068
3129,3484
2960,2916
2832,2954
2688,2866
2624,3344
3041,2854
2961,2884
2889,3335
2841,2785
2717,2812
2621,2704
2605,3226
2517,2712
2485,2743
2409,3263
2361,3115
2353,2562
2309,2657
2293,3165
2187,2637
2155,2647
2075,2534
2003,2906
1987,2588
1947,2692
1879,2666
1863,3284
1823,2787
1787,2748
1779,3234
1763,3215
1701,2574
1685,2690
1653,3140
1645,3114
1609,2607
1601,2614
1581,3030
1547,2745
1539,2781
1523,2758
1519,3202
1501,2722
1497,2737
1489,2751
1487,3204
3551,4740
3359,4376
3183,4170
3087,4514
2951,5170
3392,4541
3376,4835
3272,4375
3224,4293
3092,4930
2980,4501
2876,3918
2860,4283
2812,4173
2720,3610
2680,3736
2628,4010
2620,3492
2596,3671
2482,3959
2370,3716
2354,3432
2266,3776
2210,3699
2202,3328
2126,3239
2070,3642
2062,3367
2018,3278
1990,3643
3776,4146
3670,3810
3606,3857
3534,4151
3450,3619
3410,3715
3374,3973
3350,3922
3292,3545
3260,3578
3224,3898
3208,3494
3174,3431
3158,3797
3140,3667
3132,3364
2963,3291
2835,3566
2691,3188
2627,3123
2491,3420
2964,3444
2892,3145
2844,3061
2720,3320
2688,2973
2608,2970
2520,3285
2488,3199
2412,2829
2364,3205
2356,3239
2312,2898
2296,2893
2190,3178
2158,2936
2078,2858
2006,3178
1990,3240
1950,2782
1882,2723
1866,3056
1826,2922
1790,2832
1782,2856
1762,3244
1704,2773
1688,2771
1656,3146
1648,2689
1604,2684
1588,2659
1584,3032
1550,2581
1542,2581
1526,2993
1522,3043
1504,2543
1500,2559
1492,2868
1490,2865
1399,2717
3330,3807
3154,3864
3090,4576
2954,3999
2858,4169
3291,4741
3235,5269
3227,4140
3063,3963
2967,4291
2879,4239
2823,3808
2815,3799
2723,4118
2683,4047
2631,3644
2623,3660
2599,4015
2485,3921
2373,3460
2357,3466
2253,3797
2213,3756
2205,3365
2113,3282
2073,10785
2065,8034
2021,4652
1993,3601
1989,3704
3673,4102
3609,3825
3537,3655
3453,3972
3413,3991
3377,3603
3357,3513
3295,3858
3263,3847
3227,3421
3211,3472
3177,3809
3161,3788
3143,3351
3135,3338
2966,3728
2838,3679
2694,3138
2646,3089
2526,3408
2446,3435
2895,10166
2879,8113
2839,4885
2691,3196
2627,2952
2539,2926
2491,3277
2483,3071
2399,2826
2367,9694
2323,7776
2315,4758
2295,3495
2193,3339
2097,3645
2081,4256
2009,3210
1961,3550
1953,4057
1885,3215
1837,3115
1829,3748
1793,4239
1769,3072
1765,3061
1707,3366
1691,3438
1659,2987
1651,3210
1607,3126
1591,7100
1587,5913
1553,5414
1545,4213
1529,5619
1525,3300
1507,3479
1503,4346
1495,5590
1493,3313
1402,3360
3365,4737
3189,4111
3093,4664
2957,4191
2861,4436
3382,8020
3278,5073
3230,5105
3098,5078
2986,4783
2882,4216
2866,4222
2818,4128
2742,4076
2686,4029
2678,4053
2626,8373
2606,4561
2488,4294
2456,4669
2360,4288
2272,4273
2256,4097
2208,4451
2132,4238
2116,3841
2068,3602
2024,4194
2016,5427
1996,3778
3708,4813
3628,5810
3556,5946
3508,5561
3440,5208
3408,5231
3372,5361
3356,5266
3298,5221
3238,5106
3218,5065
3188,4996
3168,5005
3150,4920
3140,6384
3033,4450
2969,3632
2841,4103
2697,4173
2633,3625
2497,3750
2986,4009
2898,4404
2850,3499
2842,4139
2694,3863
2614,3309
2542,3483
2494,3218
2486,4333
2402,3632
2370,4385
2326,3112
2318,2792
2298,2938
2196,3118
2100,2839
2084,2803
2012,3376
1964,3323
1956,2741
1888,2983
1840,3379
1832,7159
1796,4274
1788,4098
1768,4239
1710,3626
1694,3957
1662,3938
1654,3509
1618,3414
1594,3668
1590,3451
1556,3324
1548,3704
1532,3279
1528,3265
1510,3859
1506,4543
1498,2687
1496,2762
3560,4939
3368,4491
3192,3896
3096,4362
3513,4438
3481,4188
3385,9184
3281,5563
3241,4421
3101,4000
2989,3996
2973,3939
2869,3935
2821,3709
2745,4370
2689,4251
2681,3604
2629,3730
2609,3745
2491,3520
2459,3452
2363,3579
2275,3779
2259,3779
2211,3864
2135,3972
2119,3811
2071,3716
2027,3954
2019,3650
3797,4196
3781,4196
3631,4206
3559,4227
3519,3963
3443,4100
3411,4224
3375,3472
3359,3943
3277,3888
3241,4026
3221,3794
3191,4013
3171,4127
3153,3933
3143,4415
3036,3887
2876,3709
2844,3330
2700,3662
3221,3619
3053,3153
2973,3411
2901,3254
2853,3241
2729,4263
2697,6980
2617,5574
2529,3419
2497,3574
2421,3899
2405,3116
2365,3129
2329,3589
2305,4576
2301,4249
2167,2675
2103,2852
2015,2543
1999,2605
1967,2949
1891,2826
1875,2570
1843,2859
1799,3124
1791,2470
1775,2751
1771,3021
1713,2493
1665,2344
1657,2610
1621,2806
1613,2284
1597,2498
1593,2589
1559,2204
1551,2197
1535,2845
1531,2928
1513,2252
1509,2422
1501,3593
3690,4258
3499,3968
3339,4666
3163,3869
3668,4789
3484,4866
3404,4519
3300,4879
3244,4658
3104,4199
3072,4703
2976,4717
2888,4016
2832,4086
2748,4497
2732,3946
2684,3973
2640,4360
2612,4200
2608,3973
2462,4076
2382,4042
2366,3474
2262,9408
2222,8605
2214,4688
2122,3880
2082,4136
2074,3651
3844,4305
3808,4585
3784,4459
3682,4167
3618,4471
3522,4279
3462,4008
3422,4082
3386,4237
3362,4048
3304,3906
3272,4143
3236,3682
3220,3818
3186,4156
3170,4028
3152,3760
3144,4123
2975,3872
2847,3546
2703,3655
3224,3920
3088,3511
2992,3508
2904,3730
2856,3267
2848,3398
2700,3643
2620,3490
2548,3359
2500,3721
2492,8891
2408,6905
2376,4165
2332,3603
2324,3096
2304,3026
2202,3293
2106,2954
2090,2937
2010,3208
1970,2766
1962,2983
1894,3311
1846,3327
1838,2908
1802,2975
1778,3268
1774,2896
1716,2853
1700,3167
1668,3023
1660,2979
1616,3316
1600,2904
1596,2933
1562,6975
1554,6911
1538,4317
1534,3713
1516,3707
1512,3336
1504,3628
3695,4218
3566,3909
3374,4254
3198,4573
3687,4732
3519,4739
3487,4403
3391,4429
3287,4395
3239,4405
3107,4120
2995,4307
2891,4129
2875,4045
2827,4047
2751,4151
2695,3950
2687,4210
2635,4059
2615,3870
2497,3676
2465,3775
2385,3534
2281,3547
2265,3651
2225,3775
2141,3400
2125,3537
2085,3578
3887,3974
3847,4095
3803,4175
3787,3910
3685,4050
3565,11628
3525,6843
3465,5188
3425,3719
3381,3625
3365,3745
3307,3779
3275,3747
3239,3527
3223,3715
3189,3584
3173,3552
3155,3632
3147,3572
2978,3344
2882,3294
3339,3505
3243,3583
3091,10082
2995,7687
2979,5094
2891,3492
2851,3002
2735,3179
2639,3113
2551,8069
2535,8314
2495,4346
2427,3222
2379,3147
2371,7860
2327,8791
2311,8201
2307,5245
2173,3730
2109,3486
2021,3341
2005,3598
1973,3305
1897,3295
1881,3544
1849,3250
1841,3259
1797,3452
1781,3462
1777,3144
1719,3083
1703,3370
1671,3064
1663,3024
1619,3247
1603,3072
1599,7159
1565,6280
1557,6292
1541,3008
1537,2726
1519,2993
3732,5107
3710,4688
3698,4514
3569,5281
4010,4786
3978,4666
3770,4954
3674,4926
3490,4553
3410,4232
3306,4642
3250,4900
3110,4263
3078,4390
2982,4652
2894,4295
2838,3967
2754,4393
2738,4285
2690,3844
2646,4216
2618,4230
2614,10992
2500,9384
2388,5606
2372,4243
2268,3645
2228,4003
2220,3931
4062,4041
3990,11679
3942,7199
3874,5324
3814,3406
3794,11411
3720,5715
3624,3954
3552,3395
3520,3818
3428,3722
3392,3316
3372,3400
3326,10665
3286,7620
3250,4589
3230,3822
3200,3591
3180,3253
3162,3233
3881,11864
3710,6375
3518,4117
3342,3005
3310,3547
3230,3184
3062,3085
2982,3403
2910,3277
2862,9939
2738,9122
2706,4936
2626,3349
2538,3128
2506,3399
2430,9532
2414,6949
2374,4241
2338,3324
2314,2956
2310,2955
2208,3123
2112,2857
2096,2895
2008,3029
1976,3373
1968,2901
1900,3444
1852,3382
1844,3068
1808,3386
1800,3330
1780,3028
1722,2962
1706,3293
1674,2970
1666,2960
1630,3344
1622,3169
1602,3133
1568,3290
1560,3159
1544,3066
3793,4754
3759,3927
3735,4319
4444,5229
4430,5150
4237,4804
4013,4873
3805,4738
3693,4568
3525,4495
3493,4604
3397,4283
3293,4400
3245,4458
3113,4235
3001,4022
2897,4235
2881,4297
2833,3802
2741,4146
2701,4022
2649,12110
2641,7358
2617,5363
2503,3612
2391,3933
2375,3838
2271,3554
2231,3596
4229,4259
4065,3971
3977,3871
3945,12902
3853,7334
3817,5435
3793,3837
3691,3861
3571,3421
3531,3383
3471,3690
3423,3580
3387,3310
3371,3291
3313,3666
3253,3589
3233,3417
3203,3207
3183,3618
3165,3297
3884,3290
3713,3302
3521,3700
3345,3180
3313,3068
3233,9082
3065,8958
2985,4832
2897,3544
2865,3544
2741,3467
2645,3127
2629,3105
2541,3360
2501,3469
2433,3007
2385,2942
2377,9763
2333,8590
2317,4554
2211,3191
2179,3077
2099,2842
2027,2866
2011,8671
1971,7996
1903,3955
1887,2963
1847,3206
1811,3181
1803,2719
1787,2661
1725,3194
1709,3351
1677,3083
1669,2802
1633,3316
1625,2995
1605,2999
1571,3222
1563,3155
1547,2910
1543,3526
3762,4355
3738,4875
3716,3955
4433,5532
4240,5236
4016,4624
3808,4665
3696,4854
3680,15010
3496,6628
3400,5558
3296,4689
3256,4418
3116,4120
3004,4389
2988,13607
2884,6787
2836,5323
2760,4014
2704,4206
2696,3894
2644,3811
2624,3986
2620,3942
2474,3875
2394,3915
2290,3696
2274,3590
4264,3901
4148,4280
4052,4500
3980,4168
3896,3831
3856,4119
3812,4104
3796,4163
3694,3797
3574,3820
3534,3933
3474,3497
3434,3518
3390,4218
3374,3384
3316,3253
3284,3428
3248,3912
3232,3336
3198,4994
3182,3078
3895,3262
3885,3642
3652,5291
3492,3100
3316,2992
3252,3126
3100,4767
3004,3365
2916,2971
2900,2982
2860,5003
2712,2886
2648,3099
2560,2977
2544,2962
2504,2927
2420,3571
2388,5147
2344,5167
2336,6371
2320,5685
2214,6214
2182,6036
2102,5377
2030,5871
2014,5372
1974,5266
1906,5103
1890,5079
1850,5100
1814,5279
1806,5107
1790,5275
1786,4998
1712,5765
1680,4981
1672,5617
1636,4810
1628,5767
1612,5967
1608,4793
1574,4826
1566,5032
3815,4532
3765,4164
3741,4658
4450,5076
4446,4958
4434,4849
4179,5141
3987,5149
3779,4880
3683,13825
3499,8042
3419,5829
3315,4446
3259,4506
3119,4347
3087,4446
2991,4251
2903,11831
2847,8189
2763,5520
2747,4069
2699,8400
2655,6153
2627,4941
2623,4353
2477,4250
2397,4134
2381,4174
4355,4749
4267,4714
4235,4686
4071,4549
3983,4480
3951,4441
3859,4225
3823,4312
3799,4228
3697,4120
3633,10862
3537,7428
3477,4928
3437,7436
3401,4382
3377,3749
3319,10134
3287,6558
3251,4517
3235,7935
3201,4746
3920,11139
3898,5491
3888,4112
3655,3452
3495,11010
3319,5752
3255,4386
3103,3177
3007,10440
2919,5903
2903,4151
2863,3510
2715,10027
2651,5585
2563,4127
2515,10033
2507,5426
2423,3864
2391,9554
2347,5658
2339,4061
2319,8980
2217,5407
2121,3896
2105,3390
2033,3389
1985,8617
1977,7127
1909,4043
1861,3107
1853,2976
1817,3081
1809,3094
1789,8430
1731,7020
1715,6884
1683,7813
1675,3928
1639,2804
1615,2861
1611,3171
1577,3054
1569,2824
3826,5142
3802,4257
4472,4079
4479,5384
4453,4806
4439,5298
4246,5067
4022,4825
3814,13965
3782,7045
3686,9286
3502,5798
3406,4677
3318,4749
3262,4634
3122,4815
3090,4578
2994,4125
2890,12466
2850,7537
2766,5064
2750,3886
2702,4091
2658,4104
2630,3649
2626,3965
2512,3398
2400,10545
4542,9184
4358,5289
4286,4201
4238,11751
4122,5732
4002,7113
3962,4847
3886,4055
3854,11527
3806,6042
3732,4402
3652,3675
3564,11180
3532,6215
3464,4245
3432,3609
3396,4078
3380,3743
3322,10462
3262,6767
3989,4644
3951,7384
3943,4616
3923,3785
3901,3454
3891,10697
3658,6428
3498,4039
3322,2991
3242,10027
3106,6139
3010,4249
2922,6942
2906,4351
2866,3518
2718,3797
2654,3600
2566,8531
2518,7535
2510,6056
2426,3528
2394,2937
2350,8209
2342,5210
2322,3460
2220,8017
2124,5137
2108,3328
2036,7635
1988,5020
1980,3207
1912,7549
1864,5115
1856,3053
1820,7277
1812,4852
1792,3368
1734,3030
1718,3041
1686,6976
1678,6884
1642,3781
1626,3255
1614,3218
3921,5175
3873,4725
4580,4289
4552,5555
4510,5400
4482,4900
4456,4748
4442,5248
4249,13942
4025,7132
3817,5628
3705,4661
3537,4925
3425,4776
3321,4475
3305,4490
3257,12293
3093,7882
3013,5619
2909,8443
2853,7697
2845,5039
2753,14297
2713,5682
2661,6976
2633,4341
2629,9784
4881,6916
4641,4463
4545,4285
4361,4632
4273,11842
4199,6474
4077,5015
3989,8292
3957,4889
3865,4294
3821,4346
3805,3969
3703,3749
3583,4125
3543,3478
3467,3583
3435,4022
3399,4108
3383,3581
3301,4211
3265,9720
3992,8962
3954,5420
3930,3974
3908,8134
3896,5520
3725,5739
3533,3762
3357,3504
3261,3844
3109,8992
3013,6171
2997,4202
2909,8698
2869,4980
2721,6123
2657,4061
2569,8060
2521,5952
2513,6541
2429,3916
2389,3140
2353,7666
2329,6740
2325,3799
2191,3094
2127,7198
2039,6291
2023,3562
1991,3636
1915,6924
1899,7010
1859,4269
1823,2972
1815,3072
1799,6809
1737,6784
1721,3664
1689,3000
1681,3301
1637,2948
1621,2917
1617,6401
1583,7788
1575,3285
3824,4879
3804,5049
4505,5116
4481,5819
4455,5143
4443,11394
4188,6744
3996,4937
3788,4956
3692,4826
3508,4252
3412,4300
3308,4566
3268,4235
3128,4091
3016,4454
2912,4243
2896,3907
2848,4229
2756,10951
2716,7915
2664,5478
2656,7777
2632,4791
2518,3994
2406,4190
2390,9726
4364,8355
4276,5508
4160,8040
4064,4792
3992,4320
3908,10744
3860,6521
3824,4728
3738,8541
3658,5076
3570,4294
3538,10145
3446,7247
3410,6801
3390,3886
3328,3499
3296,3471
3260,4124
3244,3653
3198,3601
3180,3827
3899,3987
3728,3660
3536,4019
3360,3919
3264,3417
3112,4223
3016,3788
2928,10367
2880,6856
2872,5376
2724,3328
2644,3095
2556,3604
2524,3654
2448,2993
2400,3820
2392,3747
2348,2968
2328,3590
2226,3629
2130,3543
2114,3395
2026,2817
1994,8794
1918,8396
1902,4515
1870,3900
1826,3623
1818,3425
1802,3083
1740,9088
1724,7411
1692,6025
1684,3963
1640,7202
1624,5074
1620,3526
1586,7861
1578,5545
1562,3936
1558,6398
1540,5107
1536,4666
1528,3643
3717,4713
3526,3889
3999,4310
3791,5837
3695,4350
3511,11527
3431,6811
3327,7578
3271,4595
3131,4096
3099,11479
3003,6293
2899,4167
2859,10845
2775,6119
2759,7288
2711,4435
2667,10899
2639,6111
2635,4335
2489,10280
2409,5621
2305,3978
2289,10118
2241,5478
2165,3864
2149,9739
3971,7178
3911,4735
3863,3656
3827,3672
3741,4050
3661,3832
3581,3363
3541,3440
3473,10078
3441,6939
3393,4196
3347,8532
3307,4798
3271,6997
3251,4862
3213,9331
3197,5112
3179,3935
3171,5299
3002,3295
2874,9325
3363,6054
3267,4070
3115,9255
3019,5238
2931,3838
2883,9417
2875,4633
2727,3190
2647,2888
2575,3307
2527,2836
2451,8098
2435,7921
2395,4423
2359,2926
2335,7167
2331,5564
2197,3774
2133,2918
2045,2880
2029,2889
1989,7083
1921,6319
1905,3712
1865,6806
1829,4121
1821,6191
1805,3627
1743,5015
1727,4100
1695,3508
1687,3506
1643,5792
1627,5798
1623,3667
1589,2766
1581,2766
1565,3149
1561,2748
1543,2695
1539,2708
1531,3213
1529,2737
1438,5938
3369,4170
3794,4302
3698,3503
3514,4306
3418,4799
3314,4836
3274,4182
3134,3982
3022,12600
2918,7383
2902,4880
2854,3558
2762,4404
2722,4119
2670,11214
2662,7257
2638,5068
2524,4601
2412,18919
2396,7604
2292,6377
2252,5428
2168,3279
2152,10658
2112,7234
2060,4010
2052,3418
3830,3621
3744,4534
3664,4395
3576,3880
3544,3476
3452,3837
3416,11936
3392,7270
3334,5292
3302,4026
3266,3798
3224,3297
3204,13390
3186,5820
3176,4542
3069,3135
2909,8234
2765,7572
2685,7157
2565,4946
3022,4052
3006,4167
2918,3529
2878,4007
2730,3847
2650,3579
2578,3773
2530,3791
2454,10796
2438,5900
2398,4876
2362,3037
2338,2912
2334,10259
2200,5428
2136,4135
2048,6877
2032,4778
2000,4867
1924,4419
1908,3920
1868,9316
1832,5944
1824,5413
1808,8620
1746,4548
1730,3945
1698,3898
1690,3756
1654,4303
1630,3889
1626,4165
1592,4009
1584,3793
1568,3410
1564,3767
1546,4422
1542,3787
1534,3865
1532,3798
1441,4082
1409,7961
1345,8654
1329,4762
1257,6747
2900,4001
3333,4004
3277,3920
3137,8372
3105,4960
3009,3918
2905,3997
2865,3773
2781,11771
2765,7781
2717,5009
2673,7786
2645,4755
2641,4009
2495,3947
2415,10816
2311,7291
2295,4660
2255,6749
2171,4920
2155,4334
2115,4269
2063,3999
2055,3973
2035,9761
2031,6898
3667,4757
3595,10359
3547,5333
3479,3624
3447,3269
3411,3148
3353,9849
3313,7560
3277,4547
3257,3397
3227,9799
3207,6065
3189,5760
3179,3917
3072,3418
2912,3481
2768,3254
2688,3228
2568,3221
2488,3098
2472,3094
2921,3300
2881,3148
2733,3077
2669,3154
2581,3227
2533,3214
2525,3278
2441,3194
2409,3150
2365,3103
2357,3397
2337,3448
2235,3742
2139,3946
2123,3801
2035,3664
2003,3930
1995,3260
1911,3133
1879,2781
1871,2388
1827,2522
1811,2677
1807,8702
1749,4731
1701,7668
1693,4082
1657,3121
1649,3078
1633,7562
1629,6926
1595,3371
1571,7291
1567,3626
1549,5518
1545,4985
1537,6356
1535,6005
1444,3122
1412,2796
1348,6496
1348,6604
1332,3774
1260,6355
1244,5976
2815,3493
3280,3527
3140,3906
3108,3198
3012,12314
2908,5916
2868,4009
2784,3449
2768,11849
2720,5971
2676,3959
2648,3428
2644,11642
2498,5868
2418,3965
2402,8193
2298,4975
2258,4362
2250,10400
2158,5708
2118,6846
2110,4043
2058,9750
2038,5461
2034,9323
1968,4837
3654,8806
3558,8606
3498,4863
3458,3783
3422,11889
3398,5361
3340,3461
3308,11146
3272,8980
3256,5727
3222,3186
3206,13156
3188,5408
3180,3141
3011,2769
2883,10310
2739,6349
2691,4115
2571,8173
2491,4738
2419,3993
2924,3989
2884,3589
2736,3164
2672,3702
2584,3799
2536,3868
2528,3349
2444,3916
2412,3702
2368,3054
2360,10757
2340,7658
2238,4046
2142,4110
2126,3503
2054,2979
2006,2986
1998,3426
1930,3028
1882,3219
1874,3795
1838,3061
1830,3017
1810,3694
1752,2977
1736,7829
1704,7873
1696,4215
1660,2739
1636,6083
1632,6127
1598,7512
1590,4384
1574,3406
1570,3284
1552,2639
1548,2697
1540,2999
1538,2487
1447,2752
1415,3869
1351,3759
1335,4107
1263,3256
1263,3237
2890,3778
3323,3326
3275,3690
3143,3731
3031,3450
2927,5844
2911,3693
2863,3120
2771,2903
2731,3513
2679,3367
2671,3367
2647,4077
2533,4487
2421,4292
2405,4386
2301,9235
2261,8373
2253,4469
2161,3414
2121,3295
2069,3340
2061,3344
2041,3434
2037,4464
1955,4959
3601,6211
3553,6458
3485,6758
3453,3763
3405,3513
3359,4035
3319,12506
3283,8611
3263,5873
3225,4787
3209,7423
3191,3918
3183,3840
3014,3410
2886,3731
2742,16430
2678,4753
2542,5426
2494,4183
2422,9578
2895,4416
2771,3504
2675,3445
2659,10067
2571,6248
2531,3407
2463,8629
2415,4801
2371,3408
2363,2629
2343,3047
2241,2613
2145,2744
2129,3009
2041,3064
2009,7780
1933,7904
1917,4219
1885,8042
1841,4621
1833,3533
1817,12281
1755,4931
1739,3388
1707,7944
1699,4482
1663,3382
1639,7548
1635,5869
1601,4326
1593,7440
1577,5575
1573,3906
1555,7160
1551,4086
1543,7485
1541,4374
1450,2500
1418,2971
1354,2162
1338,2655
1266,7243
1250,7194
1218,4285
1210,6839
1142,8197
3114,3395
3018,3320
2914,3205
2874,3726
2790,8148
2774,5937
2726,9462
2682,4991
2654,3790
2650,9663
2504,5515
2424,4352
2408,3928
2304,3537
2264,3814
2256,3731
2164,3415
2124,3684
2116,8517
2072,8222
2044,4913
2040,3601
1974,3547
1958,3769
1918,3490
1866,3412
3464,4206
3428,3898
3408,4129
3362,3958
3322,3818
3278,4052
3262,4004
3228,3767
3212,8613
3196,5635
3188,3677
3081,3151
2921,8497
2777,5555
2697,3665
2577,3076
2545,3061
2481,3348
2409,7519
2385,7570
2774,4236
2678,3314
2662,3268
2574,3446
2538,3354
2466,3120
2418,7122
2410,7058
2374,3948
2350,5691
2346,4107
2212,3392
2148,3601
2132,3535
2044,3354
2012,3461
2004,3265
1920,3251
1888,8423
1880,7879
1844,3331
1820,2718
1816,3315
1758,2835
1742,2735
1710,3788
1702,2982
1658,7265
1642,6574
1638,4690
1604,4039
1596,4067
1580,3416
1576,4010
1558,3625
1554,3244
1546,3079
1544,3741
1453,3270
1453,3881
1421,3987
1357,3110
1341,3861
1269,3837
1253,3014
1221,2875
3289,4227
3281,3229
3117,3420
3037,3372
2933,4142
2877,5045
2869,4274
2777,11392
2737,6253
2685,4486
2677,3613
2653,5090
2539,3519
2507,3587
2411,3962
2323,3692
2267,4039
2259,4092
2183,3580
2167,3464
2119,4002
2075,3539
2067,11409
2047,8052
1977,5122
3679,4444
3607,4728
3559,3985
3491,3630
3459,4395
3423,3400
3407,3355
3349,4271
3289,3751
3269,3280
3239,9158
3219,8851
3201,5718
3191,4241
3189,3314
3020,3412
2892,11637
2748,8336
2684,4667
2548,3301
2500,3028
2949,3069
2901,3499
2893,3157
2745,3131
2665,3827
2593,4506
2545,4276
2537,4518
2453,4623
2421,4171
2377,4493
2369,4221
2349,4170
2247,4783
2151,4514
2135,4090
2063,4756
2015,4853
2007,4038
1939,4462
1891,4590
1883,3957
1847,4283
1839,4555
1823,3763
1761,3998
1745,4754
1713,3799
1705,4217
1669,8106
1661,4881
1645,3284
1641,3441
1599,3016
1583,2706
1579,3567
1561,2953
1557,3093
1549,3675
1547,7594
1456,6526
1456,3863
1424,3019
1360,2916
1344,3223
1272,2909
3436,3521
3348,3189
3292,4084
3152,4671
3120,3585
3024,3345
2920,10243
2880,6328
2796,6948
2780,4355
2732,13173
2688,5446
2660,4014
2656,3422
2510,3373
2430,3476
2414,3413
2310,3230
2270,3302
2262,3426
2170,3265
2130,3872
2122,3333
2078,8995
2050,8118
3836,4832
3730,3828
3666,3641
3594,3365
3510,3390
3470,3573
3434,3240
3414,3318
3368,3386
3328,3135
3284,3209
3268,3355
3234,3171
3218,3227
3204,3270
3194,3134
3087,3058
2927,3717
2783,2998
2703,2933
2583,8333
3104,8492
3024,4730
2936,3409
2904,2924
2780,2914
2684,2957
2668,2811
2580,2938
2548,2722
2472,2870
2424,3429
2416,7435
2372,7446
2356,4232
2352,3099
2218,3125
2154,3225
2066,7007
2050,6973
2018,3973
2010,2927
1926,2916
1894,3047
1886,2790
1842,2839
1826,2990
1822,2824
1764,3038
1748,3258
1716,3009
1708,2997
1664,3158
1648,2984
1644,3082
1610,3075
1602,2931
1586,2915
1582,3087
1564,2912
1560,2900
1552,3046
1550,2935
1459,2824
1427,2990
1427,2850
1363,3421
3719,3980
3535,3711
3455,4008
3351,4028
3295,3530
3287,3646
3123,4450
3027,3447
2939,3484
2883,3573
2875,9866
2783,9142
2743,5227
2691,3850
2683,3637
2663,3674
2545,3485
2513,3663
2417,4555
2329,3335
2313,3526
2273,3447
2189,3249
2173,3373
2133,3331
3987,3645
3895,3743
3859,10616
3839,7291
3733,4874
3669,3380
3597,7450
3565,5482
3473,4231
3437,3693
3417,3851
3371,3737
3331,3621
3295,3946
3275,9593
3245,7483
3225,7549
3207,3179
3203,3123
3195,3185
3691,3985
3531,3072
3355,3428
3291,4662
3139,3025
3043,8649
2955,8179
2939,4913
2899,3169
2751,2680
2687,2703
2599,3243
2583,8979
2543,7457
2459,5818
2427,3178
2383,2611
2375,3602
2355,3655
2253,3444
2221,3477
2141,2586
2069,4161
2053,2718
2013,8589
1945,8523
1929,4269
1889,2908
1853,7689
1845,5279
1829,3258
1825,2877
1751,2923
1719,6372
1711,6514
1675,4985
1667,3286
1651,3362
1647,4412
1613,2993
1605,5143
1589,4532
1585,3037
1567,3293
1563,2931
1555,2960
1553,3641
4218,3996
4026,4094
3818,4206
3722,4139
3570,3731
3458,4431
3354,11133
3338,8517
3290,4690
3126,5815
3046,3786
2942,3784
2886,10399
2878,7223
2786,4673
2746,7860
2694,4928
2686,4051
2666,3955
2548,4093
2516,3960
2420,3636
2332,3701
2316,3807
4282,4340
4190,4360
4094,4232
4013,4023
3938,4187
3898,4061
3854,3931
3838,4121
3688,3929
3616,3793
3576,3926
3516,3629
3468,3703
3432,3844
3416,3583
3358,3623
3326,3746
3290,3503
3274,3582
3240,3788
3224,3551
3937,3696
3927,3816
3694,3568
3534,3672
3358,3605
3294,3416
3142,3402
3046,3439
2958,3249
2942,3576
2902,3213
2754,3179
2690,3304
2602,3033
2554,3076
2546,3218
2462,2972
2430,2987
2386,3327
2378,3107
2358,3160
2256,3241
2224,3093
2144,3070
2072,3206
2024,2979
2016,3570
1948,4150
1900,3723
1892,4144
1856,4088
1848,3714
1828,4033
1770,3682
1754,3627
1722,3985
1714,3579
1678,3543
1670,6874
1650,6740
1616,4051
1608,3225
1592,2837
1588,6172
1570,5790
1566,4270
1558,3352
4478,4629
4285,4292
4061,4996
3853,4245
3741,3976
3573,4397
3541,4574
3445,4042
3341,4421
3293,4447
3161,3867
3049,4307
2945,4340
2929,3911
2881,4012
2805,3744
2749,3666
2741,3919
2689,3689
2669,3572
2551,10489
2519,7888
2423,4836
2335,3788
4381,11540
4285,5857
4161,4580
4097,3111
4001,3871
3925,10755
3893,5985
3857,4457
3771,8169
3691,5288
3603,3941
3571,9990
3503,5748
3471,4050
3423,9832
3377,5694
3337,3845
3301,9540
3281,5505
3251,3773
3231,9326
3944,5659
3932,3874
3761,9727
3569,5456
3393,3645
3297,9057
3145,5108
3113,3719
3033,8752
2945,4974
2905,3586
2789,2912
2693,8237
2605,6323
2589,6089
2549,3818
2481,3468
2433,7645
2425,5416
2381,3677
2365,3319
2259,3436
2227,3110
2147,7279
2075,7270
2059,3756
2019,2811
1951,6293
1935,5933
1895,3632
1859,3383
1851,3008
1835,3096
1773,3331
1757,2943
1725,2995
1717,5970
1681,5850
1673,4507
1653,3730
1619,3157
1611,3443
1595,3506
1591,3098
1573,3590
1569,3080
1561,3038
4481,4801
4288,4551
4064,4124
3856,4415
3744,4472
3728,3831
3544,4330
3448,4068
3344,4571
3304,4361
3164,3984
3052,4244
3036,4689
2932,11502
2884,7712
2808,5318
2752,3336
2744,4213
2692,4094
2672,9825
2554,6406
2522,4375
2442,3562
2338,3856
4384,3876
4288,3912
4196,4200
4100,3874
4028,3789
3944,4107
3904,3976
3860,3665
3844,4033
3694,3472
3622,3442
3582,4065
3506,3659
3474,3513
3438,4291
3422,3325
3364,3356
3332,3687
3296,3208
3280,9642
3261,7351
3965,4590
3943,3857
3933,3597
3700,3141
3540,9900
3364,6024
3284,3778
3116,3543
3052,3469
2964,3061
2916,3426
2908,3398
2760,2951
2680,3321
2608,3260
2560,2871
2552,3280
2468,3192
2432,2807
2392,2861
2384,3126
2364,2756
2262,3109
2166,3174
2150,2803
2078,2769
2030,3075
2022,2714
1954,2753
1906,3233
1898,2856
1862,6888
1854,6752
1834,3740
1776,3232
1760,2889
1728,2894
1720,6801
1684,6448
1668,3649
1656,3288
1622,2802
1614,2800
1598,6444
1594,6468
1576,3875
1572,4953
4498,4201
4484,4703
4291,4871
4067,4706
3859,4192
3747,4266
3579,4708
3547,4280
3451,13120
3347,6961
3299,4867
3167,3799
3055,4281
2951,3708
2935,4225
2887,4254
2811,3724
2755,4179
2747,4229
2695,11019
2675,8626
2557,5279
2525,3763
2429,4002
4483,4024
4387,3712
4291,12125
4199,6515
4103,4503
4007,3970
3947,11076
3899,5919
3863,4369
3777,3721
3697,3490
3625,3920
3577,10716
3509,6733
3477,4868
3441,6981
3383,4604
3343,10342
3307,5457
3287,3799
3996,10763
3972,5898
3950,4272
3938,10469
3767,5735
3575,4088
3399,9873
3367,5600
3287,3888
3119,9140
3039,5357
2951,3782
2919,8818
2795,5113
2699,4840
2683,3513
2595,3535
2563,3860
2487,3530
2471,3430
2431,3791
2395,7959
2371,7274
2367,4111
2233,3295
2169,2909
2081,2872
2065,7392
2033,6834
1957,3492
1941,7207
1909,5011
1883,3446
1857,7026
1841,4900
1837,3409
1779,5247
1731,5111
1723,3919
1687,3722
1679,3607
1663,3258
1659,3283
1625,3625
1617,6583
1601,6671
1597,4133
1579,6440
4523,4315
4497,5864
4485,4635
4230,5145
4038,4381
3830,4826
3734,14171
3582,7068
3470,5545
3366,7866
3310,4648
3302,11641
3138,5645
3042,4144
2954,12326
2898,6548
2890,4293
2798,10776
2754,5418
2706,6375
2698,4635
2674,10867
2560,6024
4686,7767
4590,4655
4406,4357
4334,4102
4286,3699
4122,4015
4050,12035
4002,6645
3934,4936
3874,3860
3854,3364
3748,3940
3684,3870
3612,3330
3528,3899
3488,10362
3452,7728
3432,5156
3370,6100
3338,6139
3302,4516
4033,10524
3991,5740
3971,4182
3949,9527
3939,5222
3706,3783
3546,3055
3402,3128
3306,3514
3154,2918
3058,3473
2970,3619
2954,8882
2914,7426
2766,4421
2702,3071
2614,3566
2566,3014
2558,8292
2474,7139
2442,4138
2398,2943
2390,3468
2370,7927
2268,6538
2172,3992
2156,3079
2084,7454
2036,5704
2028,3441
1960,2987
1912,3491
1904,7055
1868,6993
1860,3916
1840,6984
1782,4891
1766,3296
1734,6793
1726,4768
1682,6760
1666,3689
1662,5111
1628,5079
1620,4437
1604,3269
1600,3484
1582,6468
4526,4878
4500,4817
4488,4963
4264,4607
4073,5712
3865,9242
3753,5001
3585,4831
3473,13443
3369,6855
3353,4642
3305,9152
3141,5769
3045,4252
2957,12482
2901,6150
2817,4365
2801,8564
2753,5396
2709,8527
2681,5543
2677,4404
2531,10735
4657,7507
4489,5258
4393,4463
4321,3824
4205,4267
4109,4569
4013,3939
3953,4002
3905,4630
3869,3864
3783,3914
3703,4660
3615,4693
3583,3657
3515,4502
3455,3788
3435,3798
3389,4275
3349,4474
3305,3655
3289,3979
3994,12395
3974,5375
3952,5132
3942,4698
3709,3415
3549,3802
3373,3398
3293,3351
3125,3689
3045,4470
2973,3230
2925,2960
2801,10237
2705,8113
2689,4987
2601,3736
2561,3134
2493,3008
2445,9798
2437,6478
2393,4255
2373,3934
2271,3420
2175,3403
2159,3416
2087,2894
2039,3042
2031,3169
1947,2838
1915,8219
1907,8330
1863,3266
1847,3272
1843,7773
1785,4849
1769,3910
1729,3583
1693,3254
1685,3757
1669,3428
1665,3471
1631,3836
1623,3572
1607,3368
1585,3843
1581,3656
1573,3173
1571,3677
4300,5412
4076,4538
3868,5034
3836,4778
3740,9143
3556,5678
3460,4220
3356,5669
3316,13202
3176,8367
3064,5865
2960,4632
2944,4049
2896,13176
2820,6551
2764,4438
2756,4525
2704,4173
2680,3763
2566,12668
2534,6806
2438,4664
2350,8247
4340,5618
4292,12956
4176,6448
4056,4478
4008,11074
3940,6905
3880,4436
3860,11535
3754,6182
3690,4099
3618,9993
3534,5635
3494,5481
3458,13649
3434,5889
3376,5056
3344,3811
3308,6110
3292,5370
3258,5379
3977,5699
3955,4504
3945,3441
3712,3668
3552,3672
3376,4400
3296,3889
3128,4476
3048,3323
2976,4093
2928,3701
2804,3373
2772,3553
2692,3490
2604,3485
2572,3136
2496,3353
2448,3923
2440,3169
2396,3398
2380,3349
2274,3157
2242,3377
2162,4177
2090,3768
2074,3148
2034,3462
1966,3710
1950,3088
1910,2829
1874,3246
1866,3013
1850,2960
1788,3298
1772,2965
1740,2802
1732,3471
1696,5647
1672,2771
1668,2595
1634,2748
1626,2517
1610,2506
1606,2786
1588,3055
1584,2446
1576,3468
1574,3466
1483,2559
4079,5221
3871,4439
3759,5244
3591,4476
3479,5604
3463,6067
3359,4354
3311,4577
3179,4386
3067,4373
2963,4703
2947,4416
2899,4300
2823,5873
2767,5374
2715,5437
2707,4806
2687,4161
2569,5955
2537,5692
2441,5545
2353,5536
4399,4592
4303,5270
4179,6300
4115,4300
4019,4194
3959,4495
3911,5495
3875,4096
3789,6071
3709,5729
3637,4078
3589,6752
3521,3568
3489,3247
3452,9719
3395,6496
3355,6274
3319,6105
3299,4467
3269,3457
3249,3433
3962,9777
3950,6848
3779,4235
3587,3412
3411,3301
3379,3063
3299,8241
3131,8006
3051,4130
2963,3305
2931,3496
2807,3163
2711,3208
2695,3390
2607,7366
2575,7397
2499,4397
2451,3585
2443,3302
2399,3213
2383,7429
2379,6980
2245,3525
2181,5955
2093,4337
2077,3621
2045,7080
1969,6137
1953,3407
1921,5542
1877,5266
1869,4035
1853,3762
1849,3769
1791,3341
1743,3738
1735,3655
1699,3291
1691,3314
1675,3618
1671,3304
1637,3346
1629,3636
1613,3235
1609,3418
1591,3609
1587,2553
1579,2694
1577,2901
4242,4440
4050,4348
3842,4380
3746,4620
3594,4234
3482,4250
3378,11965
3322,7508
3314,8209
3150,5150
3054,4037
2966,4107
2910,4462
2826,4000
2810,4071
2762,4137
2718,3905
2690,3781
2686,4199
2540,3799
2460,4301
2444,3997
4418,4045
4330,4062
4298,20817
4134,9268
4046,3853
4014,3565
3922,3866
3886,4068
3862,4082
3760,10235
3696,6547
3600,6771
3540,4230
3500,3955
3456,3809
3440,3897
3382,3870
3350,3770
3314,3614
3298,3757
3264,3725
3983,3759
3961,3898
3951,3818
3718,3575
3558,3725
3382,3591
3302,3422
3166,3445
3070,3426
2982,3298
2934,3410
2926,3351
2778,3244
2698,3311
2626,3195
2578,3027
2502,3636
2486,3362
2446,3515
2410,3401
2386,4171
2382,2999
2248,3312
2184,5231
2168,2965
2080,3046
2048,3983
2040,2938
1956,2903
1924,2986
1916,2709
1872,3215
1856,2916
1852,2919
1794,6475
1778,6359
1738,4921
1702,4000
1694,6141
1678,5490
1674,3343
1640,2822
1632,6095
1616,10535
1612,3408
1594,4922
1590,6777
1582,3242
1580,3411
4245,4579
4053,4884
3845,5650
3749,6071
3597,4232
3485,4644
3381,6414
3325,4601
3317,4581
3153,4352
3057,11319
2969,10448
2913,5637
2829,4023
2813,5440
2765,5041
2721,4218
2693,5011
2689,5831
2543,3906
2463,3637
2359,3485
4421,4566
4333,4103
4217,3834
4137,3913
4049,4834
3965,3745
3925,11131
3881,7625
3865,5660
3763,3698
3643,3941
3603,3702
3543,3807
3495,5519
3459,3995
3443,4071
3385,5282
3353,3363
3305,3421
3275,3213
3255,3203
3968,3535
3956,3341
3785,3232
3593,3362
3561,3170
3385,3289
3305,4878
3137,3042
3057,3214
2969,3302
2937,3427
2813,3106
2717,4851
2701,3345
2613,3336
2573,4029
2505,2812
2457,3367
2449,3138
2405,2755
2389,3064
2283,3176
2251,2939
2171,3345
2099,3011
2083,3280
2043,3550
1975,3547
1959,3177
1919,3430
1883,3260
1875,3145
1859,3385
1797,3142
1781,3072
1749,3277
1741,6604
1705,6625
1681,5017
1677,3816
1643,3239
1635,3507
1619,3188
1615,6351
1597,6368
1593,4629
1585,4002
1583,4113
1492,3557
4056,4067
3880,4436
3768,4136
3600,3796
3488,4433
3384,3954
3328,4561
3320,4569
3156,3973
3060,11913
2972,7872
2916,5216
2832,4530
2816,4234
2768,3798
2724,4146
2696,4161
2692,3744
2546,10676
2466,7912
2362,4744
2346,4041
4336,4472
4220,4609
4124,4673
4052,4864
3968,4385
3920,4599
3884,4494
3798,11679
3718,6051
3646,4982
3598,3552
3530,4158
3498,3791
3450,3521
3404,3905
3364,3600
3328,9718
3304,8362
3270,6932
3254,4184
3967,4125
3957,4111
3724,3693
3564,9617
3388,7569
3308,4307
3172,3439
3076,3470
2988,3113
2940,3088
2816,3341
2784,3042
2704,2948
2616,3208
2584,2919
2508,2805
2492,3974
2452,2991
2408,2966
2392,3226
2286,3065
2254,2989
2190,3341
2102,3209
2086,3111
2046,3348
1978,3375
1962,6870
1922,8606
1886,4051
1878,3134
1858,3132
1800,5034
1784,3857
1752,3934
1744,4698
1700,4056
1684,3889
1680,4552
1646,3893
1638,3835
1622,4021
1618,8142
1600,8963
1596,4785
1588,3641
1586,3746
1495,3678
1463,3872
1399,3922
3755,4574
3571,3961
3475,3617
3387,5969
3331,5580
3191,4556
3079,4400
3063,4379
2959,4297
2911,13359
2835,10929
2779,7367
2771,5376
2719,4638
2699,4008
2581,4157
2549,4137
2453,3711
2365,4012
2309,4103
2301,10693
4191,10235
4071,5815
4031,4355
3955,4600
3895,4434
3875,11915
3769,6004
3705,4953
3633,3685
3549,4387
3509,4422
3473,3894
3449,4154
3391,3939
3359,3649
3323,3640
3307,4387
3261,3583
3243,3520
3233,4160
3126,4029
3599,3523
3423,4161
3391,3758
3311,3563
3143,4023
3063,3844
2975,3269
2935,3197
2819,3483
2723,2958
2635,2897
2619,3336
2579,3046
2495,10086
2463,7070
2419,4165
2411,3167
2391,9569
2257,5629
2193,3702
2177,3589
2089,3632
2057,3183
1981,3118
1965,3590
1933,3090
1889,8570
1881,7962
1865,4127
1803,6136
1787,7194
1755,4849
1747,2786
1703,6404
1687,5029
1683,3988
1649,3639
1641,3361
1625,3743
1621,3505
1603,3462
1599,3964
1589,4273
1498,3504
1466,3162
1402,3613
1386,3313
1386,3121
1314,3574
1298,3655
3374,4033
3326,4491
3162,4654
3082,7932
2978,5132
2922,3817
2914,4701
2822,12341
2774,6864
2730,4997
2702,4161
2698,3860
2552,3997
2472,4143
2368,4234
2352,3983
2304,3553
2228,3911
2212,3909
2164,3355
2120,10226
3926,10165
3878,5931
3804,3967
3708,8236
3636,5370
3552,8565
3512,5491
3468,4293
3452,3629
3394,3556
3362,4067
3314,4026
3284,3488
3264,4002
3246,3972
3236,3442
3129,10985
2969,7007
2825,4390
2745,3257
2625,3688
3082,10485
2994,6417
2946,3887
2822,7157
2790,4511
2710,3563
2622,9815
2582,5680
2514,3457
2466,3150
2422,9422
2414,6050
2394,5831
2292,4104
2196,3709
2180,3198
2092,3137
2060,3552
1984,3088
1968,3054
1936,3413
1892,2898
1884,2990
1868,3516
1806,3474
1790,2920
1758,7709
1714,7479
1706,3766
1690,3186
1686,3685
1652,3137
1644,3138
1624,3573
1606,3101
1602,3092
1594,3527
1592,7365
1501,7163
1469,4182
1405,2918
1389,2961
1317,6852
1301,6370
1269,3808
1261,5223
1261,5266
1193,3709
1177,4168
1145,4145
2917,4043
2841,3794
2785,4432
2777,3901
2725,3500
2705,4313
2587,4118
2555,11234
2459,7841
2371,5244
2315,3373
2307,4073
2231,4168
2175,3539
2167,4033
2123,4001
2095,3439
2091,3239
2025,3682
2009,3220
1961,3135
3555,3993
3515,11840
3471,7850
3455,5375
3397,3982
3365,3635
3317,4019
3287,4762
3267,3906
3249,3519
3239,4107
3132,3726
2972,3416
2828,3944
2748,11224
2628,6642
2596,4612
2532,3575
2460,3390
2428,3502
2793,11517
2729,6378
2641,4267
2593,3723
2585,3076
2501,3295
2469,3480
2425,3303
2417,2991
2397,3669
2295,3458
2199,3117
2183,3086
2095,3325
2063,2998
2055,3336
1971,3516
1939,3279
1931,3436
1887,3531
1871,3485
1867,3115
1809,3145
1793,3336
1753,8584
1717,8420
1709,4537
1693,3292
1689,3154
1655,3590
1647,8842
1631,7008
1609,4219
1605,3366
1597,3172
1595,2973
1504,3504
1472,3488
1472,2965
1408,3318
1392,3203
1320,3049
1304,3300
1272,3462
1264,3276
1196,3150
1180,3325
1180,3217
1148,3086
1140,3597
1104,7738
2788,3640
2780,3862
2728,3283
2708,3660
2590,3340
2558,3580
2462,3458
2374,3156
2318,10905
2310,6938
2234,4465
2178,4062
2170,4175
2126,4096
2098,3620
2094,4022
2028,3904
2012,3634
1972,3834
1920,3791
1912,3433
3482,4104
3458,4359
3400,3857
3368,3937
3332,4348
3316,4106
3282,3876
3266,4190
3242,4180
3230,3915
3071,4055
2943,3775
2799,3631
2735,4383
2599,4345
2535,3756
2463,3738
2439,4122
2347,3638
2267,3552
2644,4099
2628,3650
2588,4126
2520,3529
2472,3514
2428,3967
2420,3491
2400,3503
2298,3959
2202,3336
2186,3309
2114,3791
2066,7856
2058,7264
1974,4092
1942,3289
1934,2801
1898,2789
1874,3270
1870,7487
1812,7403
1796,4290
1760,3080
1720,2977
1712,3493
1696,2952
1692,2940
1658,3327
1650,2914
1634,2903
1630,3330
1612,2881
1608,2864
1600,3340
1598,2843
1507,2799
1475,3327
1411,6088
1395,6638
1323,4099
1307,3545
1275,2996
1267,3521
1267,3541
1199,2932
1183,2931
1151,3426
1143,2930
1107,2884
1107,3425
1099,2885
2739,2955
2711,3065
2707,3383
2561,3992
2481,3582
2465,3458
2361,2913
2321,9565
2313,7939
2221,4437
2181,3447
2173,3736
2121,3725
2101,3173
2097,3688
2031,3570
2015,3125
1967,3089
1923,3526
1915,3009
3485,3383
3461,3848
3403,3816
3371,3332
3335,3314
3319,10224
3285,7569
3269,4542
3251,3958
3243,3703
3074,3168
2946,3144
2802,3592
2754,3109
2634,3003
2554,3370
2482,2943
2442,2902
2434,3383
2318,3354
2254,2804
2647,3501
2599,3535
2591,2985
2507,3446
2475,3399
2431,8058
2423,7175
2403,4356
2301,3048
2205,3084
2189,3467
2117,3146
2069,8071
2061,7520
1993,7365
1961,5598
1937,4111
1901,3639
1893,3101
1877,3127
1873,3562
1799,3044
1767,3034
1759,3515
1723,2982
1715,3009
1699,3507
1695,2955
1661,2956
1653,3469
1637,3465
1633,2940
1615,3445
1611,3407
1603,2920
1601,2906
1510,3388
1510,2860
1478,2880
1414,3414
1398,2819
1326,2771
1310,3213
1310,2792
1278,2740
1270,3184
1202,2692
1186,2678
1186,2707
1154,3110
1146,2655
2926,3882
2834,3060
2794,2803
2742,3749
2734,3668
2710,3652
2596,4303
2564,4067
2468,3581
2380,4201
2364,4337
2324,3426
2240,4306
2224,4263
2184,3759
2176,3404
2132,4273
2104,3503
2100,3475
2034,4020
3736,10834
3664,7330
3624,5371
3548,4015
3516,3792
3480,3575
3464,10820
3406,6680
3374,4828
3346,3993
3326,3529
3296,3377
3276,4194
3258,4163
3248,9873
3246,8461
3077,5090
2949,4786
2837,9835
2757,9043
2637,4828
3158,3543
3078,3719
3006,3547
2958,3350
2950,3272
2802,3411
2738,3174
2650,3478
2634,8461
2594,4709
2526,3746
2510,3531
2470,9985
2434,6214
2426,4524
2406,7865
2304,5770
2272,4786
2208,3913
2120,3470
2104,4406
2072,4496
2064,3756
1980,4060
1948,3918
1940,3658
1904,4029
1896,4507
1876,3298
1818,3710
1802,3909
1770,3297
1762,3842
1726,4127
1718,3441
1702,3824
1664,3756
1656,3978
1640,3184
1636,3627
1618,3624
1614,3172
1606,3457
1604,3609
1513,3148
1481,3519
1481,3524
1417,3076
1401,3594
1329,3566
1313,3142
3405,4369
3349,3873
3209,3770
3177,5263
3081,4627
2993,5066
2937,4315
2853,4034
2837,4875
2789,12352
2745,6677
2737,5307
2713,4336
2599,3848
2487,4755
2471,11880
2383,6907
2327,5488
2319,4399
2243,4216
4089,4458
4049,18081
3973,5908
3941,4933
3905,4175
3819,4161
3739,3994
3667,11897
3619,6292
3551,5017
3519,4009
3483,3592
3467,4798
3409,3896
3377,3753
3341,3465
3325,3798
3291,3655
3275,3324
3257,3299
3978,10512
3745,8918
3585,5230
3409,3860
3345,9854
3193,5292
3097,3915
3009,3595
2993,3340
2953,8746
2805,6920
2741,3993
2653,3485
2605,3444
2597,3308
2513,3406
2481,3404
2437,3178
2413,3838
2409,3306
2275,3137
2211,3025
2195,3164
2107,2958
2075,2963
1999,3358
1983,3224
1951,3741
1907,3033
1899,3164
1883,2953
1879,2998
1805,3144
1773,3071
1765,2939
1729,3151
1721,4451
1705,4207
1667,4144
1659,4431
1643,4126
1639,4174
1621,4298
1617,4086
1609,4181
1607,4401
1516,3609
1484,2460
1420,2390
1404,2986
1332,4749
1316,5292
3408,3717
3392,3587
3344,3322
3180,3430
3084,4089
2996,3837
2940,3864
2932,10685
2840,7346
2792,4842
2748,3921
2720,4004
2716,3999
2570,3866
2490,3841
2386,3654
2370,3688
2330,3748
2246,3683
4148,4430
4076,4286
3992,4326
3952,4302
3908,4165
3892,4222
3742,4172
3670,4063
3630,4069
3554,4067
3522,4061
3486,3900
3470,4006
3412,3922
3352,3876
3332,3882
3302,3918
3282,3839
3264,3827
3254,3868
3252,3750
3748,3895
3588,3799
3412,3665
3332,3654
3164,3644
3100,3589
3012,3496
2964,3507
2956,3541
2808,3563
2728,3482
2656,3471
2608,3766
2600,3713
2516,3686
2484,3658
2440,3657
2432,3712
2412,3581
2310,3777
2214,3441
2198,3431
2126,3434
2078,3402
2070,3391
2002,5469
1986,5953
1946,5830
1910,4589
1902,3755
1886,3745
1824,3782
1808,3623
1776,3563
1768,3788
1732,3849
1724,3573
1708,3596
1704,3792
1670,3482
1662,3516
1646,3651
1642,3454
1624,3460
1620,3608
1612,3510
1610,3411
1519,3425
1487,3405
1423,3319
1407,3299
1335,2431
3515,3755
3499,3616
3395,3681
3347,4451
3215,4210
3103,3988
3087,4042
2983,4111
2935,3805
2859,3861
2803,3817
2795,3689
2751,3900
2723,3914
2719,3840
2573,3803
2493,3860
2477,3910
2373,3904
4363,4375
4331,4410
4167,4302
4095,4243
4047,4196
3979,4394
3919,4543
3899,4093
3825,4040
3729,4078
3657,4003
3625,4013
3557,4007
3497,3888
3477,3949
3431,3820
3391,3783
3355,3843
3335,3894
3305,3902
3285,3827
3998,3953
3986,3960
3815,3829
3623,3801
3501,3769
3415,3886
3335,4032
3167,3757
3087,3725
3015,3686
2967,3651
2843,3613
2811,3616
2731,3594
2659,3765
2611,3748
2535,3681
2519,3722
2479,3680
2443,3660
2435,3639
2415,3592
2313,3562
2217,3593
2201,3478
2129,3404
2081,3426
2073,3396
2005,3315
1973,3751
1949,3568
1913,3540
1905,3558
1889,3524
1827,3515
1811,3541
1779,3400
1771,3425
1735,3440
1727,3389
1711,3387
1707,3450
1673,3688
1665,3662
1649,3713
1645,3672
1627,3661
1623,3665
1615,3658
1613,3660
1522,3574
1490,3565
3878,4292
3798,3970
3630,3607
3518,4107
3414,3902
3398,4041
3350,4015
3186,4109
3106,4237
3002,4194
2946,4088
2938,4193
2846,3933
2806,3798
2754,3916
2746,3902
2722,3884
2608,3979
2496,4095
4638,4762
4502,4676
4382,4648
4334,4618
4218,4558
4098,4518
4050,4450
3982,4366
3922,4333
3902,4367
3828,4290
3732,4193
3660,4196
3628,4197
3536,4199
3500,4105
3480,4083
3434,4024
3394,4092
3350,3973
3334,4054
4039,4141
4019,4367
3997,4086
3987,4102
3754,3988
3626,3934
3450,3869
3354,3856
3202,3781
3106,3744
3090,3746
3002,3722
2962,3652
2814,3570
2750,3538
2662,3513
2646,3460
2606,3529
2522,3467
2490,3320
2446,3613
2438,3523
2418,3471
2316,3791
2284,3751
2204,3711
2132,3580
2084,7381
2076,5528
2008,5518
1960,4479
1952,3649
1916,4010
1908,4059
1888,3698
1830,3759
1814,3769
1782,3540
1774,3768
1738,3779
1730,4630
1710,2810
1676,3039
1668,2843
1652,3149
1648,2727
1630,2503
1626,2467
1618,2595
1616,2730
1525,3058
1493,3309
3913,3923
3801,4036
3785,3957
3601,4965
3505,5495
3401,4219
3361,4569
3221,3982
3109,4127
3093,4085
2989,4101
2949,3886
2865,4133
2849,3855
2801,3706
2757,3783
2729,3784
2725,3608
2579,3722
4705,4398
4641,4181
4457,4319
4369,4268
4337,3997
4173,4078
4101,4024
4053,3897
3985,4040
3925,4218
3905,3871
3799,3721
3735,3897
3663,3714
3631,3669
3539,3765
3503,3789
3483,3568
3437,3592
3397,3710
4112,3583
4088,3615
4050,3880
4026,3762
4004,3564
3992,3734
3821,3633
3629,3383
3597,3456
3421,3422
3341,3296
3173,3269
3109,3350
3021,3217
2973,3170
2965,3265
2817,3425
2737,3180
2665,3254
2617,3439
2609,3422
2525,3211
2493,3236
2449,3329
2441,3170
2425,3187
2319,3562
2287,3092
2207,3039
2135,3163
2119,3111
2087,3530
2011,3461
1995,3284
1963,2811
1955,2984
1911,3089
1895,2964
1891,2972
1833,3084
1817,2879
1785,3003
1777,2974
1741,2908
1717,2990
1713,3080
1679,3171
1671,3030
1655,3208
1651,3336
1633,3106
1633,3012
1629,3133
4551,4404
4539,4289
4284,4169
4092,4968
3916,5144
3804,4578
3636,4556
3524,4507
3508,4540
3404,5043
3356,4853
3224,4382
3112,4766
3096,4698
2992,4264
2944,4635
2868,4579
2812,4109
5314,5274
5246,5084
5186,4722
5162,5006
4884,4492
4708,4430
4644,4815
4460,4088
4372,4277
4340,4641
4176,4299
4104,4192
4056,4581
3988,4114
3928,4463
3908,4330
3834,3963
3738,3925
3666,4254
3634,3906
3566,3868
4293,4403
4269,3994
4207,3960
4159,4283
4115,3900
4091,4308
4053,4248
4029,3829
4007,3838
3995,4168
3824,3532
3632,3548
3600,3861
3424,3384
3344,3435
3176,3735
3096,3291
3024,3216
2976,3559
2852,3206
2820,3131
2740,3449
2652,3082
2620,3044
2544,3391
2528,2999
2488,2958
2452,3341
2428,2911
2424,2942
2290,3271
2226,2859
2210,2819
2122,3226
2090,2793
2082,2774
1998,3119
1966,2699
1958,2698
1914,3034
1898,2773
1894,2767
1836,3137
1820,2789
1788,2751
1744,3019
1736,2887
1720,2832
1716,3152
1682,2789
1674,2836
1658,3140
1654,2999
4604,5233
4580,5073
4554,6297
4542,5460
4287,5078
4095,5583
3887,5455
3807,4958
3639,5227
3527,5046
3423,4365
3367,4693
3359,4701
3195,4102
3099,4488
3011,4421
2955,3924
2871,3865
5421,4452
5325,4387
5249,4338
5189,4341
5165,4260
4887,4144
4711,4104
4543,4159
4447,4148
4351,4032
4259,4010
4163,3978
4067,3908
4007,3868
3959,3833
3923,3821
3837,3748
3757,3734
3669,3715
3637,3834
3569,3822
4296,3916
4272,3939
4210,3861
4154,3901
4110,4283
4090,4063
4048,3569
4028,4017
4006,3769
3996,3799
3763,4087
3603,3585
3427,3526
3347,3878
3179,3291
3099,3371
3027,3791
2979,3897
2855,3176
2759,3231
2743,3588
2655,3123
2615,3127
2547,3452
2499,3074
2491,3029
2447,3281
2431,2868
2325,2912
2293,3207
2213,2883
2141,2843
2093,3297
2085,2878
2017,2781
1969,3311
1961,2741
1925,2695
1901,3070
1897,3109
1839,2784
1823,3206
1791,3174
1747,2875
1739,2847
1723,3224
1719,2850
1685,3063
1677,3205
1661,2783
1657,2780
1635,3180
1627,2745
4547,5417
4354,4632
4130,4171
3922,4546
3890,4619
3794,5127
3610,5079
3514,4652
3410,5088
3362,5097
3230,4449
3118,4860
3014,4812
2998,4309
2950,4749
2858,4706
2818,4247
2766,4748
5220,4992
5172,4600
4986,5020
4746,5085
4650,4495
4466,4755
4378,4785
4262,13883
4182,6771
4094,5562
4010,3812
3970,4367
3926,4612
3840,3964
3760,4523
3672,4421
3640,3985
3572,4422
3512,5112
3492,3605
4213,5587
4157,5403
4113,4133
4093,5181
4051,5294
4031,3972
4009,4843
3999,5293
3766,3868
3606,4506
3430,5595
3350,3718
3182,4559
3102,5497
3014,3632
2974,4077
2826,5313
2762,3585
2674,4052
2626,5193
2584,3750
2534,3961
2494,4595
2458,3169
2434,3997
2328,4457
2296,3367
2216,3617
2144,4332
2128,3510
2088,3642
2020,4621
1972,3088
1964,3441
1928,4142
1904,3407
1900,3426
1842,3669
1826,2933
1786,3240
1750,3865
1742,2811
1726,3314
1722,2795
1680,2803
1664,3131
1660,4270
1642,3252
1638,3216
1630,3493
1628,2724
1537,3208
1505,3920
1441,4752
3813,4688
3645,3749
3533,3751
3429,4934
3373,5000
3365,5008
3201,4778
3105,4522
3001,4744
2961,13869
2877,6728
2861,5392
2813,4364
2761,4350
2741,4636
2623,12890
2591,6836
2495,5002
4517,4653
4453,4728
4357,4649
4233,4693
4113,4362
4073,4124
3997,4569
3937,4381
3917,4037
3811,4481
3747,4144
3651,3911
3591,4273
3543,3979
3507,3817
3491,12539
3433,7140
3373,5604
3353,4131
3323,3821
4038,3837
4016,4220
4004,4067
3833,3678
3641,4276
3465,3957
3369,3827
3217,3887
3121,3727
3033,3354
2985,3686
2977,3295
2829,10682
2749,8566
2661,4857
2629,3444
2553,3507
2537,3399
2497,3162
2453,3557
2437,3401
2331,3127
2299,3563
2219,9395
2147,8598
2131,4989
2091,3449
2023,3044
2007,3367
1967,3021
1931,2993
1923,3305
1903,2978
1845,2929
1829,3257
1797,2916
1753,2917
1745,3272
1729,3029
1725,3042
1691,3339
1683,3024
1667,3027
1663,3307
1645,3097
1641,3021
1633,3284
1631,3020
1540,2905
1508,3228
1444,2860
1428,2841
1356,3217
1340,7720
3432,4138
3376,4528
3236,3584
3124,4619
3108,4195
3004,3768
2964,4496
2880,4410
2824,3927
2816,4277
2764,4409
2744,3819
2626,4093
2594,4132
2514,3851
2410,3611
2394,4086
4360,12708
4268,7796
4172,5385
4076,4570
4016,3865
3968,4260
3932,4287
3846,12051
3766,6455
3678,4992
3646,3419
3578,4022
3546,4062
3498,3453
3452,3928
3412,4126
3376,3494
3356,3816
3326,4169
3306,3542
3288,3759
4007,4005
3836,3404
3644,3455
3468,10724
3372,6586
3220,4651
3124,3471
3108,3474
3020,13270
2980,6591
2832,4174
2768,3268
2680,4032
2632,3702
2624,3624
2540,11039
2508,7348
2464,4278
2456,3831
2436,3735
2334,3386
2238,3957
2222,3828
2150,3166
2102,3058
2094,3787
2010,3091
1978,3507
1970,4578
1934,4841
1910,4860
1906,4861
1848,4579
1832,4728
1800,4741
1756,4431
1748,4663
1732,4541
1728,4361
1694,4560
1686,4341
1670,4270
1666,4322
1648,4283
1644,4295
1636,4285
1634,6225
1543,6123
1511,5121
1447,4046
1431,4005
1359,3985
1343,3952
1311,3945
3379,4396
3239,3976
3207,3913
3111,3522
3007,3715
2967,3885
2883,3950
2867,4205
2819,3896
2775,4430
2747,4268
2743,4087
2597,4158
2517,10431
2413,8452
2397,5330
2357,7641
4271,5997
4175,4751
4103,4505
4019,3985
3979,3905
3935,4090
3919,3853
3769,3745
3697,11161
3649,7447
3581,5177
3549,3997
3513,3715
3455,3573
3415,11309
3379,7328
3359,5155
3329,3910
3309,3333
3291,3509
3281,3923
3839,3528
3647,3453
3471,10778
3375,7368
3223,4648
3127,3871
3111,11092
3023,5987
2983,4608
2835,11742
2771,5699
2683,4093
2635,10432
2627,5871
2543,4250
2511,3949
2467,3477
2459,3894
2439,3888
2337,3542
2241,4143
2225,10349
2137,7154
2105,4815
2029,3654
2013,9676
1981,5995
1973,4397
1929,9515
1913,5919
1909,4357
1835,3118
1803,3638
1795,3490
1759,9302
1751,6339
1735,4704
1697,3470
1689,3288
1673,4205
1669,3313
1651,3985
1647,4825
1639,4451
1637,4151
1546,5528
1514,4379
1450,4053
1434,4930
1362,4364
1346,4002
1314,4448
1314,4173
1306,4122
3210,5097
3114,5430
3026,3678
2970,4414
2886,3390
2870,4611
2822,4733
2778,4365
2750,13051
2746,6269
2600,4755
2520,4361
2416,4137
2400,4202
2360,3813
2276,4248
2260,4584
4082,4001
4022,3960
3974,5150
3938,4420
3852,4119
3772,13135
3684,7620
3652,5028
3584,3629
3524,11158
3504,5839
3458,4795
3410,3647
3374,4299
3358,4037
3324,3916
3308,3841
3290,12403
3282,7233
3113,4749
3618,3644
3442,12490
3362,6364
3194,3793
3114,10269
3042,5214
2994,9134
2870,5922
2774,4083
2758,3369
2670,4319
2630,3499
2562,10568
2514,6271
2470,4159
2462,9861
2442,5599
2340,3708
2244,3291
2228,9847
2140,6101
2108,6410
2100,4757
2016,3632
1984,9046
1976,6177
1932,4450
1916,8789
1912,5095
1838,6656
1806,4292
1798,3677
1762,3622
1754,3440
1734,8414
1700,7526
1692,4756
1676,8456
1672,4905
1654,3396
1650,8428
1642,5797
1640,4431
1549,8247
1517,4934
1453,6958
1437,5080
1365,4122
1349,4127
1317,3710
1309,4002
1241,3934
1225,3470
1193,3430
1193,2982
2965,4746
2873,5393
2833,4956
2781,4520
2773,4619
2749,3627
2635,3835
2523,11544
2507,6468
2403,4884
2363,3924
2355,3944
2263,5014
2223,3434
2215,3415
2163,3653
3949,10986
3925,6995
3823,5018
3759,3871
3663,3897
3603,3865
3563,3698
3519,3821
3503,3840
3445,3608
3413,3830
3365,3647
3335,3510
3315,3970
3297,3571
3287,3874
3180,12437
3020,7249
2876,5059
2796,3500
2780,11727
3197,7094
3117,4701
3029,4044
2989,12840
2873,4914
2777,5082
2689,4002
2673,3476
2633,3946
2549,10574
2517,6174
2473,4660
2465,8412
2445,4645
2343,11622
2247,6833
2231,3352
2143,6981
2111,4543
2103,9133
2019,4572
1987,7846
1943,4873
1935,9961
1919,4954
1915,5992
1841,3729
1809,9074
1801,5964
1765,3584
1757,9212
1737,4792
1703,3403
1695,2820
1679,3651
1675,3086
1657,2699
1653,2824
1645,2640
1643,2932
1552,3051
1520,2890
1456,3913
1440,4255
1368,3364
1352,3553
1352,3428
1320,3322
1312,3546
1244,3358
1228,7010
1196,6582
1196,3700
1188,3337
1152,3598
2836,4106
2784,4303
2776,4233
2754,4232
2638,3705
2606,3970
2510,3979
2422,3348
2366,3773
2358,4294
2282,3772
2266,4234
2218,4137
2174,3643
2166,4141
2146,4189
3858,4011
3778,4466
3690,4533
3658,3958
3590,4225
3558,4469
3510,3943
3464,4475
3424,4116
3388,4051
3368,11969
3338,6905
3318,4899
3300,6774
3290,7643
3183,4593
3023,3614
2879,4009
2799,3790
2783,3466
2647,10821
3120,7305
3032,4497
3000,8466
2876,4623
2780,3595
2764,10237
2676,5493
2636,3771
2568,9444
2520,5229
2512,6537
2468,4509
2452,6541
2346,4945
2314,6433
2234,4375
2162,3595
2146,3215
2106,3323
2038,2567
2022,2699
1982,2889
1946,2603
1938,7183
1922,7079
1860,5060
1844,3520
1812,7292
1804,5195
1768,3523
1760,7565
1744,5104
1706,3344
1698,6975
1682,5274
1678,3391
1660,6314
1656,4872
1648,3290
1646,6812
1555,6192
1523,3909
1459,2944
1443,3245
1371,2823
1371,2872
1355,6025
1323,5848
1315,4707
1247,3807
1231,3568
1199,5869
1199,5955
1191,4278
1155,3485
2839,3679
2787,3351
2779,3408
2755,2896
2641,3847
2609,7752
2513,7153
2425,4316
2369,10168
2361,6028
2285,7693
2229,7294
2221,4779
2177,10064
2149,6457
2145,6543
3829,6240
3765,5771
3669,5121
3609,4735
3569,4454
3529,4404
3509,4622
3451,4387
3419,4215
3383,4501
3367,4344
3327,4239
3303,4438
3293,4326
3186,4073
3026,4157
2994,4179
2850,10451
2786,6776
2650,4643
2586,3810
3035,11137
3003,5868
2879,6667
2783,3593
2695,3218
2679,10523
2639,6693
2555,4466
2523,9265
2479,5112
2471,3601
2451,10079
2349,5505
2253,5267
2237,3955
2149,3592
2117,3379
2109,3336
2025,3537
1993,8329
1985,8637
1941,4669
1925,3413
1921,9000
1847,5169
1815,3765
1807,3587
1771,3657
1763,3460
1747,3455
1709,3235
1701,3319
1685,3413
1681,3245
1663,3281
1659,3702
1651,4025
1649,8639
1558,6710
1526,4325
1462,7034
1446,4131
1374,3124
1358,6901
1326,5251
1318,3379
1250,6812
1250,5062
1234,3456
1202,6804
1194,4762
1158,3464
1158,6530
1150,7031
1134,3807
2762,3401
2644,3160
2612,3687
2516,3466
2428,3212
2412,3478
2364,3515
2288,3113
2252,3575
2224,10736
2180,8930
2172,5447
2148,4166
2082,3554
2066,3632
2026,3690
3664,4006
3572,3991
3536,3982
3516,3803
3454,4042
3422,4141
3386,3753
3370,3910
3336,3816
3320,3710
3302,3779
3294,3846
3125,3581
2997,3536
2853,3706
2789,3453
2653,3343
2605,3613
2533,3433
2493,3293
2882,3630
2850,3490
2770,3287
2682,3244
2650,3343
2574,3199
2526,3179
2518,3787
2474,10104
2458,10397
2454,4802
2320,4009
2256,2840
2168,9618
2152,5256
2120,3825
2044,9263
2028,5715
1996,3316
1988,3056
1944,9162
1928,5729
1924,6274
1866,4083
1850,3649
1818,8981
1810,5729
1766,6236
1750,4471
1746,3453
1712,3950
1704,3988
1688,8717
1684,6208
1666,5776
1662,4383
1654,3431
1654,8643
1652,5426
1561,3337
1529,8209
1465,5408
1449,3265
1377,2954
1361,8188
1361,7476
1329,3671
1321,6021
1253,4826
1237,5624
1237,4885
1205,4029
1197,3283
1161,3255
1161,3790
1153,3752
2793,3374
2785,3335
2761,3582
2647,3878
2615,7557
2519,4837
2431,3599
2415,4017
2367,4154
2291,3346
2275,11145
2235,7410
2227,4475
2175,4165
2155,4054
3941,12020
3835,6851
3771,5095
3699,3778
3667,4412
3599,4224
3567,3602
3531,12013
3515,7068
3457,4729
3425,7809
3389,7414
3373,4393
3339,4204
3323,4151
3305,3650
3297,12563
3128,6673
3032,4296
2888,3079
2808,4121
3241,11393
3209,5964
3129,4699
3041,3000
3009,3385
2885,3825
2853,4209
2773,3364
2701,3227
2653,3790
2645,3585
2561,3370
2529,3626
2485,10300
2477,8722
2461,5190
2355,4093
2323,3071
2259,3603
2171,3402
2155,2952
2123,2944
2115,3356
2031,2972
1999,2869
1991,3513
1955,3535
1947,2975
1931,3480
1869,3474
1853,2917
1821,2966
1813,3381
1777,8734
1769,8807
1753,4912
1749,3195
1715,3439
1707,3382
1691,8830
1687,7249
1669,5633
1665,3486
1657,3594
1655,3598
1655,3065
1564,8558
1532,8015
1468,3962
1452,3449
1380,3427
1364,2928
1364,3399
1332,2900
1324,2891
1256,3304
3148,3775
3132,3459
3028,4339
2988,3947
2904,4312
2888,3845
2840,4114
2796,4451
2768,4100
2764,3909
2650,4213
2538,3789
2522,3746
2434,4408
2378,3786
4384,4041
4260,4610
4196,4205
4100,4018
4040,4784
4000,4109
3956,3888
3940,4346
3838,4018
3718,3730
3678,4500
3618,4116
3578,3976
3542,4631
3522,4024
3476,3730
3436,4496
3400,3986
3380,3948
3350,4438
3330,3868
4043,3961
4031,4512
3860,4365
3796,3617
3636,4146
3460,4184
3380,3667
3244,3695
3148,3991
3060,4114
3044,10609
3004,6188
2856,4845
2792,3320
2704,3646
2688,3849
2648,3482
2580,3465
2532,3755
2524,3801
2480,3194
2464,3948
2460,3682
2326,3064
2262,9318
2246,8230
2158,4346
2126,3538
2118,3953
2034,3532
2002,3120
1994,3818
1958,3893
1950,3327
1930,3246
1872,3631
1856,3239
1824,3238
1816,3604
1780,3578
1772,8664
1756,7209
1718,4611
1710,3508
1694,3700
1690,4127
1672,3734
1668,3679
1660,4159
1658,4021
1658,3678
1567,4308
1535,3924
1471,3627
1455,8179
1383,7144
3563,4704
3459,5788
3403,4472
3395,5134
3231,4909
3135,4302
3047,4749
2991,4568
2907,4245
2891,4131
2843,4273
2799,4664
2771,4112
2767,3875
2621,4730
4747,5097
4579,4700
4483,4760
4411,4736
4295,4313
4199,4249
4127,4794
4043,4859
4003,4167
3959,3977
3943,4856
3793,4219
3721,4006
3681,12635
3605,7607
3573,5915
3537,8433
3521,5187
3463,3994
3403,11519
4130,6325
4092,4340
4068,3798
4046,12416
4034,6342
3863,4055
3671,3987
3639,4483
3463,3667
3383,4143
3215,3989
3135,3464
3063,3492
3015,4004
2891,4104
2859,11431
2779,5628
2691,4682
2659,3252
2583,3278
2567,3914
2527,3449
2491,3127
2467,3542
2463,3439
2329,2909
2265,2982
2177,3334
2161,2934
2129,8527
2053,8086
2037,4408
2005,3224
1997,3393
1953,3586
1937,3177
1933,3186
1875,3526
1859,3180
1819,3127
1783,3479
1775,3083
1759,3100
1755,3426
1721,3042
1713,3033
1697,3340
1693,3394
1675,7516
1671,7444
1663,4561
1661,3220
1570,3198
1538,3530
1474,3069
1458,3134
1386,3505
3566,4243
3462,4108
3446,3690
3398,4597
3234,3769
3154,4202
3050,4831
2994,4639
2986,4031
2894,4500
2854,4362
2802,3904
2794,12711
2770,6969
2656,7583
4782,5438
4702,4414
4550,4248
4430,4022
4382,4156
4266,4140
4146,3905
4106,4034
4030,3980
3998,3874
3950,3982
3876,3839
3780,3752
3708,3832
3676,3795
3584,3781
3548,3735
3528,3886
3482,3846
3442,11000
4157,7763
4133,5445
4095,3825
4071,3848
4049,3682
4037,3863
3866,3699
3674,3552
3498,3525
3402,3602
3250,3502
3154,3619
3138,3817
3050,3762
3010,3758
2894,3684
2798,3659
2710,3618
2694,3810
2654,3785
2586,3747
2538,3719
2530,3709
2486,3681
2470,10170
2364,7190
2332,4160
2252,3276
2180,3567
2164,3491
2124,3099
2056,3700
2040,3641
2000,3010
1964,3165
1956,3571
1940,2944
1878,3027
1862,3533
1830,2944
1822,3207
1786,2890
1778,3521
1762,2870
1758,2816
1716,3240
1700,2911
1696,2882
1678,3642
1674,3611
1666,2955
1664,3610
1573,3416
1541,2922
1541,3015
1477,3352
1461,3013
3649,4745
3553,5361
3465,5170
3409,4488
3269,4840
3157,4941
3141,4592
3037,4540
2997,4884
2913,4732
2857,4409
2849,14523
2797,7082
2777,5106
5207,4627
4929,5136
4753,5138
4585,4448
4489,4484
4417,4887
4301,4514
4205,4391
4133,4607
4049,4767
4009,4192
3965,4731
3949,4555
3799,3935
3727,3868
3679,4455
3611,4058
3579,3772
3543,4201
3485,4197
3445,3765
4160,4372
4136,4406
4098,4102
4074,3758
4052,13687
4040,6458
3869,5308
3677,4335
3501,4372
3405,3979
3253,3587
3221,3990
3141,4436
3053,3554
3013,4073
2897,3976
2801,3663
2713,3269
2697,3846
2657,3561
2589,3649
2541,3746
2497,3544
2489,3178
2469,4232
2367,3048
2271,3666
2255,10080
2183,8658
2135,4969
2127,8091
2059,5429
2011,3631
2003,3147
1967,3303
1943,8305
1939,7073
1881,3879
1865,3054
1833,7950
1789,6758
1781,3864
1765,3350
1761,3523
1727,3333
1719,3297
1703,7770
1699,7273
1681,5367
1677,3815
1669,3248
1667,3250
1576,7673
1544,7023
1480,3715
1464,7453
1392,4266
3572,3824
3468,4253
3412,3884
3272,4775
3240,4199
3144,4784
3056,11916
3000,6860
2916,5164
2900,4457
2852,3985
2808,4453
2780,11415
2776,7556
4932,6130
4788,4771
4692,4624
4508,4791
4420,4612
4388,4276
4224,4194
4152,4516
4104,11334
4036,7083
3976,5108
3956,4128
3850,3993
3786,11067
3714,6441
3630,4389
3590,10059
3554,6017
3534,4016
3488,4268
3440,10242
4155,7158
4135,4896
4093,4022
4073,3804
4051,10356
4041,6081
3808,4151
3680,9682
3504,5496
3408,3573
3256,3331
3160,3689
3072,3158
3056,9083
3016,8195
2868,4763
2804,3594
2716,8566
2668,5302
2660,3876
2576,8207
2544,5355
2500,3764
2492,8044
2472,5275
2370,6207
2338,4485
2258,7724
2186,4603
2138,3528
2130,3755
2062,3448
2014,3408
2006,3703
1970,7329
1962,7318
1942,4569
1884,3285
1868,3262
1836,3662
1828,3597
1792,3228
1768,3624
1764,3537
1730,3168
1722,3492
1706,3456
1702,6823
1684,6687
1680,5033
1672,3506
1670,3850
1579,3604
1547,3357
1483,3315
1467,3632
1395,3655
3575,4028
3559,3870
3455,3568
3407,4975
3275,4292
3163,3937
3059,4702
3043,4632
2995,11539
2903,6796
2863,4915
2811,8877
2803,5758
2779,4632
5031,14098
4791,6553
4695,9056
4559,5381
4439,4909
4391,4599
4275,11840
4155,6566
4107,4960
4039,8092
3979,5104
3959,4285
3853,4040
3789,12114
3717,6637
3633,4625
3593,3710
3557,11230
3533,6068
3475,4204
4202,11523
4158,6038
4138,4289
4096,4151
4076,3787
4054,3812
4044,4311
3811,11053
3651,6807
3475,4782
3395,10737
3227,5501
3163,6049
3075,4197
3027,3411
2903,3825
2871,3694
2791,3330
2703,3764
2671,9786
2595,8487
2579,4884
2539,9182
2495,4896
2479,4030
2373,9201
2341,5470
2277,6369
2189,4086
2173,8779
2133,5366
2065,4037
2049,3890
2009,3718
1973,3976
1965,3947
1949,3615
1887,3899
1871,3855
1839,3510
1831,7999
1795,7586
1771,3927
1767,3273
1733,3461
1725,7776
1709,7752
1705,4415
1687,5704
1683,4874
1675,4132
1673,3818
1582,7485
1550,5695
1486,3574
1470,3646
1398,7181
1382,6657
3474,4573
3418,4111
3278,4909
3246,4187
3150,4189
3046,4555
3006,4713
2922,4224
2906,11707
2858,7321
2806,4956
2786,4327
2668,11995
4906,7840
4762,5641
4594,7682
4498,8882
4402,5707
4278,4536
4214,9561
4118,6086
4042,4796
4010,4073
3962,4413
3888,4373
3792,4447
3720,4020
3688,4152
3596,4382
3560,4077
3540,3652
3494,4174
3446,3892
3410,3872
4141,4378
4099,11131
4079,7941
4057,5450
4047,4137
3814,3541
3654,3739
3478,3794
3398,3680
3230,3560
3166,4035
3078,10112
3030,7448
2906,4855
2810,3844
2794,9728
2706,6055
2674,5860
2598,4044
2550,3413
2542,3778
2498,3429
2482,3363
2376,3655
2344,3611
2264,3249
2192,8704
2144,7599
2136,4112
2068,3396
2020,3713
2012,3259
1976,3310
1952,3710
1948,3596
1890,8116
1874,7224
1834,4120
1798,3163
1790,3437
1774,3508
1770,3143
1736,3123
1728,7897
1712,7249
1708,4525
1690,7744
1686,4858
1678,3439
1676,7756
1585,5783
1553,3807
1489,7371
1473,5643
1401,5131
1385,3679
1353,3860
1345,3904
3281,4427
3249,4149
3153,3810
3065,4859
3009,4766
2925,4664
2909,4156
2861,11755
2817,7114
2789,5016
2785,4137
2639,11156
2559,6605
4701,5208
4517,4512
4429,4910
4397,4988
4233,12154
4145,6655
4113,5056
4021,4079
3985,4293
3961,4366
3859,4203
3795,3917
3699,4241
3639,4197
3599,3723
3563,3778
3539,4139
3481,4022
3449,10643
3413,7390
3397,5210
4102,4128
4082,3686
4060,4129
4050,4448
3817,3787
3657,10328
3481,7627
3417,4785
3265,3646
3169,3973
3081,3833
3065,3563
3025,3485
2877,3782
2813,3151
2725,3232
2677,3560
2669,3578
2585,3065
2553,3003
2509,8361
2501,9853
2481,5076
2379,3612
2283,3606
2267,3354
2195,3295
2147,3616
2139,3589
2071,3186
2023,8628
2015,8402
1979,4329
1971,3263
1951,8324
1893,5288
1877,6311
1845,4455
1837,7272
1801,5274
1777,7578
1773,5012
1739,5386
1731,7513
1715,5907
1711,3657
1693,6931
1689,4774
1681,3218
1679,6897
1588,5135
1556,5220
1492,4154
1476,6544
1404,5114
1404,5145
1388,4332
1356,3742
3416,3828
3284,3585
3172,4508
3068,4217
3052,10908
3004,6415
2928,7056
2872,4738
2820,4516
2812,11310
2788,7634
2674,5085
2642,4185
4720,5056
4568,4697
4448,4510
4408,17706
4284,8166
4164,4431
4124,8158
4048,5172
4016,3945
3968,11661
3894,6125
3798,4398
3726,3880
3694,4225
3626,11437
3566,6612
3546,4879
3500,4116
3460,11681
3424,6295
4151,4889
4113,3739
4089,3703
4067,4076
4055,11598
3884,6999
3692,4962
3516,4136
3420,11209
3268,6216
3172,4408
3156,3972
3068,9793
3028,6639
2912,4452
2816,10183
2728,5789
2712,6582
2672,4660
2604,3367
2556,3424
2512,10184
2504,6358
2484,3892
2382,3897
2350,3759
2270,3318
2198,3227
2150,3651
2142,3177
2074,3151
2058,3664
2018,3602
1982,3095
1974,3056
1958,3529
1896,3538
1880,9132
1848,9320
1840,6458
1804,3688
1796,2884
1776,2887
1742,2959
1734,2878
1718,2817
1714,7856
1696,7991
1692,4726
1684,7754
1682,4327
1591,3413
1559,3396
1495,3221
1495,7350
1479,7735
1407,4950
1391,3131
1359,3109
3427,4113
3287,3882
3175,4288
3159,4121
3055,4341
3015,4359
2931,4377
2915,11686
2867,7333
2823,7565
2795,5040
2791,4007
2645,3898
4771,4601
4603,4434
4523,4311
4435,14220
4319,6709
4239,5168
4151,3743
4093,12256
4027,6458
3991,4711
3967,3932
3865,3918
3745,4119
3705,3909
3645,3761
3605,12369
3561,7701
3545,5215
3487,4912
3455,11871
4170,6480
4150,4072
4108,3946
4088,4199
4066,4390
4056,4070
3823,3986
3663,3996
3487,3757
3407,4171
3271,4388
3175,4761
3087,4710
3071,4306
3031,4314
2883,4939
2819,4536
2731,4231
2683,4387
2675,4459
2591,4400
2559,3998
2515,11023
2507,6295
2487,6913
2385,4131
2289,3590
2273,3897
2201,10985
2153,6293
2145,4440
2077,3766
2061,3420
2021,3444
1985,2999
1977,3470
1961,3097
1899,2968
1883,3442
1851,3518
1843,2947
1807,8194
1799,8228
1783,4551
1779,6354
1737,8174
1721,4574
1717,5717
1699,4556
1695,4322
1687,7967
1685,5226
1594,3329
1594,3403
1562,2945
1498,2936
1482,7803
1410,8128
1394,3893
3486,4795
3430,4461
3290,4147
3258,5091
3162,4295
3074,4213
3018,4825
2934,12336
2918,6950
2870,5245
2826,10994
2798,6301
5228,5013
4950,5569
4806,5242
4710,4781
4526,4867
4438,4799
4406,4744
4242,4223
4154,4709
4122,4574
4030,4127
3994,4000
3974,4533
3868,4434
3804,3922
3708,4376
3648,4254
3608,3771
3572,3756
3552,11730
3490,7803
4217,5943
4173,4467
4153,4454
4111,4159
4091,3896
4069,4390
4059,3688
3826,3866
3698,4192
3522,4137
3426,3416
3274,3413
3178,3771
3162,3335
3074,3276
3034,3809
2918,3722
2822,9542
2734,9371
2718,5341
2678,3610
2610,3374
2562,3915
2554,3327
2510,3298
2494,3810
2388,3683
2356,3273
2292,3232
2204,10130
2188,7665
2156,4729
2080,3980
2064,3869
2032,3182
1988,3012
1980,3648
1964,3132
1960,3016
1902,8913
1886,8914
1846,4332
1810,3982
1802,4012
1786,3622
1782,3424
1748,3968
1740,3282
1724,3375
1720,3621
1702,6910
1698,7450
1690,4565
1688,3810
1597,3385
1565,4023
1501,7163
1485,7673
1413,3762
3673,4763
3577,5383
3473,5104
3425,5024
3293,4373
3181,4711
3077,5060
3061,4572
3013,4832
2921,13488
2881,6789
2829,5509
5283,5277
5235,5531
5049,4736
4809,5148
4729,5210
4577,4603
4457,5070
4409,5005
4293,4552
4173,4335
4125,5001
4057,13659
3997,6163
3977,5719
3871,4966
3807,4582
3735,4202
3651,4552
3611,12736
3575,6443
3551,5171
4260,4610
4220,4274
4176,4059
4156,4540
4114,4742
4094,4163
4072,4000
4062,5070
3829,4487
3669,3912
3493,4174
3413,4224
3245,3696
3181,3799
3093,4008
3045,4218
2921,3485
2889,3380
2809,11693
2721,6620
2689,4413
2613,3678
2565,3573
2557,3220
2513,3215
2497,8652
2391,8473
2359,4576
2295,3840
2207,3808
2191,3352
2151,3450
2083,8023
2067,7584
2027,4818
1991,3705
1983,4039
1967,3902
1905,3596
1889,9298
1857,8954
1849,5842
1813,4314
1789,3547
1785,3464
1751,3486
1743,3563
1727,3423
1723,3421
1705,8488
1701,8468
1693,5970
1691,8908
1600,6203
1568,6632
1504,4645
1488,8339
1416,5998
1400,4111
3492,4467
3476,4624
3428,3805
3264,4721
3168,4217
3080,13356
3024,6453
3016,5070
2924,8241
2884,4647
2832,4397
2804,13148
5238,8368
5052,5910
4812,5271
4716,5396
4532,4470
4444,4680
4412,4592
4248,4520
4160,4648
4128,4740
4036,12831
4000,7280
3976,5685
3874,7787
3754,5604
3714,12184
3654,6049
3614,4460
3570,13197
3554,5869
4263,4847
4223,12383
4179,5732
4125,4176
4101,8625
4079,5318
4067,4169
3896,10612
3832,6272
3672,4262
3496,8064
3416,5613
3248,4134
3168,10302
3080,5988
3048,4422
2924,7331
2828,5649
2812,4212
2724,9434
2684,5764
2616,4050
2568,3699
2560,3687
2516,3673
2500,3514
2394,3545
2362,3512
2282,3386
2210,8627
2194,8546
2154,4695
2086,3715
2046,3671
2030,3604
1994,3602
1986,3630
1966,3574
1908,3510
1892,3534
1860,3485
1852,3488
1808,7549
1792,7564
1788,4963
1754,3336
1746,3329
1730,7329
1726,7343
1708,5148
1704,3733
1696,3698
1694,3673
1603,7035
1571,7062
1507,4944
1491,3610
1419,3894
1403,3842
1371,3522
3439,4552
3431,4478
3267,4618
3171,4986
3083,3967
3027,9714
2943,6426
2927,4553
2879,4073
2835,4578
2807,4498
5237,4615
4959,4981
4783,4907
4615,4384
4535,4899
4447,4741
4331,4191
4251,4215
4163,4675
4079,4501
4039,4042
3995,4542
3979,4420
3829,3937
3757,4452
3717,4343
3641,3700
3609,4294
3573,10855
3557,6926
3475,7684
4190,4662
4166,4389
4128,4352
4104,11647
4082,6739
4070,6500
3899,6386
3707,4600
3531,4272
3435,4131
3283,3869
3187,4030
3171,3984
3083,3765
3043,4135
2895,3735
2831,3662
2743,3856
2695,3581
2687,3712
2603,3939
2571,3531
2527,9174
2519,7561
2499,6384
2397,4142
2301,3542
2285,3428
2197,8339
2165,7981
2089,5865
2073,3811
2041,3609
1997,3167
1989,3323
1973,3416
1969,3299
1895,7494
1863,7695
1855,4211
1819,3444
1811,3289
1795,3339
1757,3386
1749,3256
1733,3276
1729,3379
1711,3231
1707,3246
1699,3354
1697,3153
1606,3109
1574,6834
1510,6870
1494,5247
1422,4261
1406,6794
1374,4449
1366,3542
1366,3607
3270,3548
3174,4032
3086,3798
3030,5401
2946,4465
2930,4197
2882,4210
2838,12894
2810,6660
2806,4663
2660,4468
4786,4594
4618,4386
4533,4145
4450,4714
4334,4651
4238,4248
4166,4516
4082,4525
4042,3867
3998,3924
3982,4543
3832,4565
3760,3759
3712,4424
3644,4258
3612,3904
3576,4617
3518,4457
3478,3952
3442,11606
3422,6629
4131,5337
4107,3772
4085,3943
4073,4272
3902,4205
3710,3772
3534,4106
3438,4105
3286,3472
3190,3257
3174,10277
3086,8434
3046,4762
2898,3944
2834,3646
2746,3214
2698,3209
2690,3719
2606,3954
2574,10036
2530,6871
2522,4760
2502,3696
2400,3333
2304,4048
2288,3587
2200,3239
2168,3878
2160,3885
2076,3487
2044,3348
2036,3817
1992,3170
1976,3147
1972,3700
1914,3397
1898,3152
1858,3769
1822,3350
1814,3156
1798,3662
1794,3645
1760,3172
1752,3612
1736,3759
1732,3261
1712,3043
1702,3747
1700,3299
1700,8653
1609,7935
1577,4060
1513,3278
1497,3647
1425,3075
1409,3086
1377,3638
1369,3815
1301,8398
1301,7737
3177,4396
3073,5853
3033,4086
2949,3973
2933,3568
2885,4361
2841,4766
2813,4545
2809,3855
2663,4456
2583,12079
4621,7990
4525,5728
4453,8091
4337,4881
4241,4693
4169,4443
4085,4477
4045,4902
4001,4340
3985,4581
3835,3881
3763,4226
3723,4205
3647,3778
3615,4097
3579,3973
3563,3679
3505,3430
3473,3961
3425,3331
3395,3437
4110,4225
4088,4114
4076,3491
3905,3408
3713,3942
3681,3436
3505,3375
3425,3887
3257,3938
3177,3198
3105,3948
3057,3731
2933,3196
2901,3031
2821,3626
2733,3151
2701,3227
2625,3675
2609,3646
2569,3178
2525,8685
2509,8398
2505,4651
2371,3843
2307,3560
2219,3043
2203,3035
2171,3551
2095,3028
2079,2973
2047,3458
2003,2957
1995,2936
1979,3413
1975,2971
1901,2886
1869,3364
1861,2870
1825,2852
1817,3515
1801,2960
1797,8021
1763,8529
1755,4238
1735,3883
1717,3843
1713,3343
1705,10258
1703,8147
1703,4543
1612,3365
1580,3193
1516,3910
1500,4002
1428,2987
1412,3221
1380,2449
1372,2455
1304,2597
1304,3298
3180,4009
3076,3679
3036,3427
2952,3454
2936,5201
2888,3824
2844,4457
2816,3970
2812,4102
2666,4291
2586,3864
4728,4492
4544,12767
4456,7543
4424,5363
4260,3915
4172,4214
4140,4001
4048,11956
4012,7412
3992,5154
3886,3664
3822,3909
3726,3911
3666,11037
3626,7460
3590,5060
3570,3705
3508,3591
3476,3559
3440,3748
4171,11517
4129,10213
4109,5529
4087,7688
4077,4454
3844,3823
3684,3845
3540,3535
3444,3665
3292,3747
3196,3813
3180,11397
3092,8783
3052,5197
2904,3292
2840,3228
2752,3328
2736,3196
2696,3610
2628,3342
2580,9441
2572,8778
2528,4951
2512,3504
2406,9656
2374,5905
2294,3960
2222,3442
2206,9679
2166,6334
2098,3778
2082,3418
2050,8640
2006,7262
1998,3971
1982,6369
1978,4939
1904,4081
1872,8545
1864,6074
1828,5672
1820,5863
1804,5858
1800,4449
1766,3680
1758,4031
1742,3835
1738,3718
1720,4022
1716,3889
1708,3736
1706,4023
1615,3919
1583,3569
1519,3846
1503,3888
1431,3508
1415,3848
1415,3760
1383,3505
1375,3826
3311,4056
3199,4465
3095,3809
3079,3784
3031,4300
2955,3819
2899,3730
2891,4302
2839,4144
2819,3788
5131,4528
4939,12780
4747,7845
4595,5188
4531,4394
4435,8800
4311,5405
4247,4296
4151,3856
4091,4161
4043,4058
4007,4096
3921,4234
3841,3873
3769,3793
3721,3865
3653,3753
3621,3698
3585,3766
3527,10267
3487,8310
4202,8560
4178,7119
4140,4518
4116,3932
4094,3781
4082,3770
3911,3912
3719,5408
3687,3637
3511,3781
3431,10617
3263,7630
3183,4868
3111,3967
3063,9206
2939,5282
2907,3855
2827,3449
2739,3733
2707,3551
2631,3349
2615,3687
2575,3446
2539,3289
2515,3545
2511,3390
2377,3479
2313,3371
2225,3103
2209,3063
2177,4384
2101,3391
2085,3132
2053,3695
2045,5200
2001,3096
1985,3656
1981,4600
1923,3386
1907,3106
1867,3639
1831,3003
1823,3378
1807,4342
1803,4673
1769,7052
1761,7092
1745,5406
1741,3763
1723,3733
1719,3752
1711,3707
1709,3759
1618,3613
1586,3573
1522,3575
1506,3571
1434,3388
1418,3483
1386,6470
1386,6449
3446,3793
3282,4323
3202,3878
3098,4184
3042,4099
3034,3954
2942,4397
2902,3889
2850,3888
2842,4319
5256,4313
5070,4234
4830,4337
4734,4176
4598,4116
4478,4008
4430,3962
4314,3925
4194,3883
4154,3865
4078,3817
4046,3789
3998,3774
3924,3761
3828,3647
3756,3595
3724,3675
3656,3628
3596,3751
3576,3751
3530,3696
4249,3974
4205,4001
4181,3964
4143,3966
4119,4537
4097,4202
4085,4522
3914,4101
3722,4060
3546,4265
3450,4239
3434,4280
3266,4033
3186,4140
3098,3797
3066,4048
2942,3817
2846,3840
2830,3985
2742,4107
2710,3653
2634,3606
2618,3619
2578,3778
2542,4073
2518,4041
2514,4183
2380,4242
2316,10211
2300,8881
2212,4752
2180,3928
2172,3735
2088,3724
2056,3908
2048,3662
2012,3790
1988,3627
1984,3700
1926,4006
1910,9626
1878,7842
1870,5824
1832,3718
1810,3588
1806,9576
1772,7256
1764,4260
1748,3743
1744,3748
1726,3486
1722,3584
1714,3641
1712,3418
1621,3817
1621,3715
1589,3672
1525,4580
1509,4409
1437,3926
1421,4276
3513,4179
3457,4607
3449,3651
3285,4172
3189,4201
3101,4149
3045,4062
3037,4484
2945,4201
2897,3952
5339,4812
5279,4750
5255,5232
5073,4504
4833,4530
4737,4371
4553,4233
4465,4665
4433,4384
4269,4126
4197,4133
4149,4183
4069,4044
4021,4101
4001,4036
3895,4006
3831,3842
3735,3973
3675,3940
3635,3874
4386,4175
4362,8445
4284,5705
4244,5250
4200,5137
4180,13054
4138,6278
4118,6063
4096,3846
4086,4065
3853,3749
3693,3925
3517,3667
3453,3638
3301,3722
3205,3470
3117,3641
3101,3751
3061,3714
2913,4210
2849,4159
2761,3801
2713,4205
2705,3797
2621,3721
2589,3990
2545,3967
2537,3933
2517,3946
2415,5064
2319,3820
2303,4139
2231,3792
2183,3766
2175,3797
2107,3829
2059,3683
2051,4287
2015,4046
2007,3921
1987,5263
1929,4756
1913,5072
1881,5036
1873,4828
1837,4801
1813,4995
1809,7754
1775,4784
1767,3352
1751,3364
1747,2956
1729,2996
1725,2991
1717,3313
1715,2982
1624,2930
1592,3304
1528,7331
1512,7211
1440,4513
1440,3568
3604,4118
3500,4207
3460,4059
3320,3956
3208,4553
3192,3956
3088,3909
3040,4571
2964,3929
2908,3883
5410,4972
5318,4697
5274,4636
5258,4688
4980,4539
4804,4078
4636,4434
4556,4449
4468,3997
4352,4330
4272,4261
4184,3858
4152,4231
4060,4134
4024,3822
4000,3755
3898,4041
3834,3659
3738,10966
3678,7634
4433,5126
4389,3721
4365,4215
4303,3867
4247,3732
4203,4066
4183,3625
4141,3672
4121,10942
4103,7145
4091,4804
3920,8809
3728,5155
3552,3691
3456,3875
3440,3883
3272,3351
3192,3780
3104,3710
3072,3261
2948,3251
2916,3515
2836,3207
2748,3168
2716,8747
2640,7743
2624,6544
2584,4133
2548,3291
2524,3066
2520,8317
2418,7735
2322,4006
2306,8754
2234,4621
2186,6450
2178,4379
2110,3586
2062,3235
2054,3254
2018,3578
2010,3138
1994,3179
1932,7427
1916,7372
1884,4157
1876,3339
1840,3607
1832,3544
1816,3283
1812,3734
1778,3292
1770,3255
1754,3720
1750,3644
1732,3211
1728,3628
1720,3558
1718,3217
1627,6802
1595,6757
1531,4311
3903,7992
3735,7386
3623,8371
3607,8407
3503,7578
3455,13326
3323,9131
3211,7397
3107,7569
5801,15329
5705,8823
5581,8196
5461,8135
5413,8216
5321,7976
5277,12813
5143,7926
4969,6901
4807,21655
4639,9278
4543,6563
4471,7017
4355,6344
4259,9895
4187,6939
4103,6026
4063,5997
4019,5927
4003,6284
3853,5804
4608,5881
4560,6252
4484,5985
4428,7154
4384,5846
4364,5946
4290,7771
4250,5777
4206,5670
4169,5456
4128,5787
4106,5473
4102,5878
4092,5563
3859,5119
3699,5006
3523,4938
3443,14539
3275,7855
3211,6035
3123,4692
3075,4607
2951,4847
2919,15133
2839,7046
5525,6728
5397,5622
5289,5206
5193,5292
5105,5348
5037,5671
4981,4862
4957,4981
4691,4824
4531,4724
4467,4835
4299,15035
4219,7538
4111,5300
4031,4823
3951,5594
3919,9952
3835,6252
3799,4806
3779,4461
3685,13629
4400,6675
4352,5643
4284,4175
4228,4191
4188,4337
4168,5397
4098,4001
4058,4426
4002,4193
3968,4109
3944,4450
3924,4026
3912,3962
3753,3918
3561,13139
3529,6953
5204,7252
5060,7512
4828,7574
4684,6646
4588,7207
4500,7502
4336,7477
4160,7054
4128,7136
6726,8204
6622,7816
6458,7627
6306,7468
6250,7461
6146,7533
6094,7498
5940,7238
5716,7219
5540,6865
5348,6738
5236,6647
5116,17141
5016,8304
4904,6873
4784,11298
4720,7397
4664,10095
4620,6795
4522,5708
4426,5654
5165,6039
5101,5934
5013,6050
4965,5913
4893,5697
4827,5459
4771,15355
4719,7998
4691,6271
4651,10427
4623,6708
4597,5669
4583,5598
4396,14288
4172,7526
3964,5535
3852,4665
3692,4750
3660,5010
3564,13286
3460,7909
3412,5606
3288,4458
3176,4441
3072,4616
5766,5179
5670,5107
5550,4849
5430,13751
5382,7397
5290,5767
5246,4622
5116,12399
4924,6614
4732,4931
4580,4488
4488,4487
4420,4551
4300,4248
4236,4183
4140,4115
4064,4056
4032,4140
3984,11328
3914,8555
4070,5614
4573,7854
4533,4910
4449,4209
4373,11279
4349,6235
4289,4624
4241,8599
4197,5195
4173,4305
4135,4252
4111,4177
4089,4271
4077,4169
3910,4117
3718,11107
3542,6947
5233,6967
5017,7325
4953,6793
4809,7734
4673,7320
4601,7352
4449,7208
4273,7048
4137,7119
6815,7471
6695,7374
6555,7076
6403,19259
6347,9099
6239,7066
6187,6625
6029,6822
5805,6551
5565,6637
5397,6480
5317,6254
5197,6056
5057,18170
4977,8564
4857,6557
4789,6006
4733,5823
4689,5715
4589,17301
5336,8589
5216,6425
5168,5746
5076,5756
5028,5735
4956,17054
4886,8152
4830,6349
4778,10684
4750,6833
4708,9467
4680,6269
4654,5495
4640,5237
4449,16104
4225,7536
4017,5632
3905,5007
3737,13030
3705,6756
3609,4969
3505,9884
3457,6091
3325,4831
3213,13374
3109,6774
5803,5624
5707,9404
5583,5807
5447,9594
5363,5805
5315,8277
5267,5359
5083,9808
4955,5947
4763,4697
4611,9444
4491,5659
4443,8474
4327,5148
4207,10907
4159,5821
4091,4232
4031,3962
4011,4104
3905,11819
4684,7558
4596,5070
4488,6323
4440,4376
4396,4115
4372,3997
4294,11519
4254,6524
4210,4571
4190,6402
4148,4771
4128,4204
4106,4093
4096,4253
3865,10843
3705,6676
3529,4394
5220,6882
4972,7647
4860,6887
4724,7088
4636,7160
4464,7181
4400,7000
4256,17036
6846,9969
6742,7699
6602,7483
6490,7223
6362,13054
6254,8009
6202,6731
6040,6651
5816,6560
5640,6459
5440,15483
5328,8102
5208,6645
5068,11427
4988,7444
4868,6253
4800,6273
4744,11196
4700,10392
4598,7286
4502,6098
5225,6379
5177,6447
5085,6259
4993,6267
4965,17004
4895,8625
4839,6624
4779,5933
4755,10771
4709,7032
4685,5623
4659,15220
4647,10735
4393,6614
4201,5614
3993,5202
3897,5117
3713,13058
3633,7843
3529,5464
3473,4513
3333,4499
3301,4641
3205,4463
3101,4535
5739,4827
5591,4866
5471,4864
5423,4702
5331,4763
5287,4872
5153,4519
4961,4635
4769,4486
4617,4239
4497,4113
4457,4229
4333,4010
4213,11433
4165,8062
4097,5544
4037,4015
4017,3905
3911,4080
3847,4096
3751,4342
4494,4312
4446,3915
4394,4095
4374,4038
4300,4219
4224,3968
4200,3898
4162,3983
4138,12157
4116,6535
4104,5277
3933,3534
3741,3962
3565,4088
3469,11290
3317,6443
3221,5066
4728,6239
4696,6847
4624,5965
4404,6396
4260,11995
4156,7860
4068,10521
4052,6987
6494,7034
6374,6936
6290,6676
6214,6882
6186,6885
5852,6738
5644,6240
5564,6302
5348,5897
5244,5850
5104,5614
5008,17760
4904,8048
4849,6311
4756,11125
4704,7116
4684,5617
4570,5525
4418,5580
4370,5496
4302,16066
5041,8197
4989,6319
4965,10594
4883,6603
4835,5178
4763,14716
4721,7358
4693,5861
4667,5232
4653,5355
4460,16125
4236,7899
4204,5968
3996,8524
3900,5592
3716,4919
3620,13470
3532,7066
3476,5178
3336,4485
3224,13163
3208,7089
3104,5155
3064,4278
2980,4326
5474,4818
5426,14880
5334,7606
5290,5511
5156,9236
4964,5699
4820,8234
4652,5224
4556,12156
4460,6101
4368,4688
4272,11772
4176,6116
4116,4426
4068,9103
4032,5608
3946,4399
3866,12308
3794,6486
3746,4616
3678,11023
4441,6390
4381,4436
4319,11331
4271,6145
4227,4343
4203,12202
4165,6554
4141,4699
4119,11131
4107,5966
3936,6375
3744,4360
3568,11298
3472,5816
3320,4125
3288,3631
3208,10450
4699,6391
4627,6588
4471,7321
4295,6741
4159,17896
4127,11069
4055,7357
3931,6443
6409,6854
6309,6944
6253,6923
6193,6653
5983,6556
5679,6625
5583,6421
5415,6304
5263,6009
5207,15718
5075,7882
4923,6517
4867,5570
4791,5519
4715,5771
4691,5799
4573,5775
4493,5501
4405,5827
4305,5640
4257,5386
5000,5630
4972,5634
4886,5739
4838,5389
4786,5605
4762,5454
4716,15734
4692,8226
4666,6167
4654,5262
4399,9491
4207,6051
3999,4912
3903,4655
3719,4592
3639,4630
3535,4402
3479,4482
3339,4292
3307,4199
3211,4193
3107,4432
3067,4306
2983,4024
2967,3934
5437,4567
5361,4588
5301,4795
5277,4388
4999,4267
4823,4343
4655,13682
4559,6981
4463,5552
4371,4472
4275,4193
4179,3858
4119,3969
4071,3983
4035,4019
3949,3932
3869,3719
3781,3979
3749,4003
3681,3650
4408,3802
4384,12012
4322,8110
4274,5430
4230,4142
4206,3965
4160,4126
4140,3794
4118,3617
4108,3795
3875,3784
3715,3577
3571,3470
3475,3637
3323,10100
3227,7863
3139,4936
3091,3714
4630,6541
4410,6824
4266,7814
4162,6415
4074,8780
3966,6406
3934,6469
3862,6360
6296,6859
6220,6643
6192,6501
5858,15342
5650,7873
5450,6619
5354,6016
5250,5906
5110,5797
5014,5824
4910,16771
4810,8340
4762,6538
4710,5446
4690,5509
4512,15197
4424,7404
4376,6360
4292,5254
4252,5295
4995,5368
4971,5351
4849,5427
4797,15565
4769,7677
4727,6145
4699,5172
4673,5118
4659,14117
4466,6822
4242,5624
4034,8341
3922,5715
3754,4577
3722,4479
3626,4663
3522,4473
3474,4304
3310,12814
3230,7755
3126,5674
3110,4124
3062,4044
2970,4152
2930,3840
5380,4441
5332,4603
5284,4655
5098,4456
4858,13149
4762,7627
4626,5532
4506,8941
4458,5441
4342,7601
4222,4892
4174,10981
4106,6121
4046,7007
4026,7977
3952,5016
3856,9797
3784,5553
3752,4175
3660,11037
3624,6115
4387,7560
4325,4738
4277,9009
4225,6035
4205,8174
4163,7785
4143,4855
4121,8408
4111,5188
3878,8410
3750,4984
3574,8314
3478,5038
3326,7347
3230,4645
3214,10134
3126,5617
3086,3921
4477,6784
4301,6519
4165,5761
4133,6959
4061,17353
3937,8227
3881,6639
6315,6715
6259,6807
6199,6682
5989,6427
5829,6546
5589,6434
5421,15322
5269,7900
5213,6666
5081,6170
4929,5992
4881,6160
4797,16087
4721,8159
4697,6374
4579,5989
4499,5654
4411,5438
4311,5638
4263,5524
4219,5312
4978,16202
4892,8535
4844,6515
4792,10055
4768,6580
4722,5591
4698,5614
4672,5453
4660,5371
4405,5283
4213,5002
4005,4737
3909,4798
3725,4570
3633,4743
3541,4667
3485,13969
3345,8494
3313,5972
3217,7944
3113,5114
3073,9468
2989,5830
2933,4546
2925,4240
5343,4754
5299,4662
5165,4544
4973,4599
4781,4459
4629,4276
4565,4412
4469,4300
4345,4172
4225,4212
4185,4244
4109,4135
4077,4060
4029,4068
3955,4039
3859,3885
3787,3937
3755,3943
3663,11456
3627,7771
3607,5349
4312,4062
4272,3785
4228,3901
4208,4158
4166,3743
4146,3899
4124,4121
4114,4067
3881,3784
3721,3830
3545,3782
3465,3695
3297,3613
3233,3742
3145,3784
3097,3543
2973,3627
2941,3616
4272,6275
4136,6221
4080,9658
3972,6236
3884,6870
3868,5819
3800,5761
6218,6823
6056,6932
5832,17661
5656,8401
5456,6714
5344,6320
5224,6021
5084,6147
5004,14023
4884,7680
4816,6219
4760,5646
4716,5734
4614,15892
4518,8176
4414,6249
4374,5715
4298,5783
4222,6646
4198,5570
4144,5535
4855,5617
4795,5257
4771,5510
4725,5539
4701,5282
4675,5178
4663,5582
4408,5360
4216,4934
4008,5148
3912,14640
3760,7822
3648,6012
3544,5101
3488,4747
3348,4342
3316,4380
3220,4801
3116,12897
3076,8100
2992,5638
2936,4286
2928,4322
2876,11570
2856,7591
5168,5818
4976,4730
4784,4379
4632,4655
4568,4705
4472,4797
4348,4215
4228,4523
4188,4291
4112,3986
4080,3923
4032,4222
3958,3918
3862,3802
3790,4137
3706,4042
3666,3756
3630,3713
3610,3954
3548,3664
3516,3654
4231,4024
4211,11325
4169,7785
4149,5598
4127,4137
4117,3712
3884,4054
3724,3905
3548,3737
3468,4030
3300,3867
3220,10179
3148,7449
3100,4958
2976,3581
2880,9708
2864,6007
2776,4179
4067,6576
3975,5797
3887,5618
3871,5622
3803,6775
3775,5844
3629,6136
5835,6482
5595,16901
5427,8393
5347,6790
5227,5916
5087,6056
4935,6085
4887,6003
4803,5897
4763,5831
4703,5789
4617,16091
4505,8182
4417,6511
4377,5487
4269,5485
4225,5603
4201,5370
4147,5128
4099,5400
4798,16321
4774,8198
4728,6198
4704,5371
4678,5383
4666,5202
4411,5630
4219,5250
4011,4936
3931,5171
3763,5033
3651,13486
3547,7466
3491,5738
3483,9491
3319,6013
3223,4782
3135,4678
3079,12445
2995,6861
2979,5050
2931,9396
2887,5851
2859,4860
2855,4626
2709,4166
4835,5001
4667,4806
4571,4497
4499,4828
4383,14333
4287,6894
4215,5699
4131,4475
4091,4358
4047,4529
4031,4700
3881,4333
3809,4461
3769,4364
3693,4132
3661,4286
3625,4636
3609,3980
3527,4091
3491,4070
4218,3904
4180,4203
4156,4122
4134,3919
4122,12695
3951,7193
3759,5025
3583,3525
3551,4133
3471,3928
3303,3844
3223,3948
3135,4026
3103,3608
2979,3850
2883,10907
2867,8435
2779,5143
2739,3884
3978,6353
3890,5904
3874,5661
3806,6659
3778,5713
3632,5918
3568,5809
5598,6662
5462,6460
5350,6518
5230,6585
5090,6403
5010,6115
4890,6229
4822,16476
4766,8298
4722,6602
4620,6073
4524,5711
4436,5548
4380,5944
4304,5789
4264,5478
4204,5645
4150,5561
4102,5346
4058,5311
4781,5691
4739,5469
4711,5233
4685,5624
4671,5516
4478,5232
4254,5203
4046,5173
3934,5005
3766,4794
3734,6644
3638,4952
3534,4708
3486,4545
3354,4764
3242,4485
3138,4410
3122,4510
3074,4485
2982,4307
2942,4413
2890,11754
2882,10481
2858,4991
2744,4168
4870,4698
4790,4651
4638,4622
4518,5082
4470,4266
4354,4386
4234,4230
4186,4180
4118,4359
4058,4203
4038,4064
3932,4220
3868,4100
3796,3963
3712,4078
3672,4009
3636,3815
3612,3798
3554,4072
3522,3895
3486,3748
4217,4227
4175,3924
4155,3896
4133,4011
4123,3944
3890,3804
3730,10758
3554,7693
3474,4988
3306,3923
3242,3859
3154,3788
3106,3574
3093,3606
2950,3654
2870,3453
2798,3422
2750,3566
2674,3367
3949,6317
3877,5896
3825,6560
3781,5581
3773,6417
3571,6359
5665,6648
5585,6950
5369,6676
5265,6670
5125,6772
5029,6602
4925,6387
4885,6056
4777,6410
4733,6199
4705,5986
4591,6468
4439,6309
4391,5890
4323,6397
4275,5869
4223,5804
4203,5690
4137,6187
4097,5954
4053,6421
4780,6467
4734,5980
4710,6326
4684,6611
4672,7488
4417,6044
4225,6007
4017,5615
3921,5803
3737,5536
3657,5379
3553,5319
3497,5248
3357,4922
3325,5165
3229,5405
3125,4972
3085,4948
3001,6355
2985,4804
2937,4391
2893,4255
2865,4272
2861,5228
2715,5214
4841,5899
4777,5907
4593,5806
4505,5704
4389,5677
4309,5529
4221,5517
4189,5802
4097,5581
4061,5359
4037,5459
3935,5223
3815,5175
3775,5095
3715,5134
3675,5054
3631,5026
3615,4954
3557,5077
3525,4924
3489,4816
4220,5095
4178,5084
4158,4985
4136,4973
4126,5008
3893,4817
3733,4778
3557,4631
3477,4572
3309,4720
3245,4510
3157,4361
3109,4376
2985,4289
2953,4230
2873,4245
2801,4202
2753,4150
2677,4112
3952,6122
3880,6127
3828,6857
3784,5683
3776,6694
3574,6177
5668,6873
5588,6794
5372,6844
5268,6796
5228,6447
5032,6280
4928,6176
4888,6205
4780,6119
4736,6036
4708,5979
4594,5886
4514,5815
4394,17379
4326,8192
4278,6454
4226,5842
4206,6193
4140,5566
4100,5649
4056,5839
4783,5681
4737,5700
4713,5807
4687,5654
4675,5762
4420,16841
4228,8143
4020,6036
3924,5169
3772,4935
3660,5094
3556,4928
3500,4931
3492,4906
3328,13062
3232,7670
3144,5585
3088,4405
3080,4391
2988,4581
2940,4492
2896,4311
2868,4348
2864,4423
2750,4210
4876,4632
4780,13335
4596,8307
4524,5790
4476,4652
4312,4523
4240,4536
4192,4441
4124,13397
4064,7898
4044,5606
3938,4278
3874,4170
3802,12622
3718,6536
3678,4737
3642,3891
3622,4028
3576,4094
3528,3990
4243,4098
4223,4092
4181,4096
4161,4065
4139,11340
4129,7264
3896,5075
3768,4056
3592,3776
3496,3727
3344,3683
3248,3644
3232,3617
3144,3787
3104,3719
2956,3647
2892,3812
2804,3758
2788,3769
2748,3705
3987,7068
3899,6119
3883,6688
3815,6182
3787,6462
3641,6493
5847,13916
5607,8327
5471,6820
5359,6872
5239,6810
5131,6722
5019,6674
4931,15846
4831,8147
4783,6816
4731,6329
4711,6333
4533,5998
4445,5998
4397,15975
4329,8024
4273,6588
4229,5801
4209,5877
4143,6208
4862,16021
4810,8163
4786,6450
4740,5650
4716,5772
4690,5832
4678,5881
4423,5793
4231,5483
4023,5554
3943,5341
3775,5043
3663,14088
3559,8271
3543,6306
3495,4960
3331,4886
3251,5160
3147,12856
3131,8177
3083,5911
3007,4487
2951,10055
2943,6602
2891,5385
2871,4490
5183,5003
4991,4918
4847,4858
4679,4788
4583,4742
4511,4678
4395,4597
4299,4605
4227,4537
4143,4475
4103,4451
4059,4407
4043,4376
3941,4339
3821,4266
3781,4231
3721,4167
3681,4157
3637,4198
3621,4136
4330,4220
4290,4264
4246,4249
4226,4180
4184,4151
4164,4130
4142,4129
4132,4124
3899,4041
3739,3985
3563,3858
3483,3822
3315,3738
3235,3721
3163,3772
3115,3687
2991,3588
2959,3760
2879,3714
2791,3874
4098,6916
3990,7229
3958,6452
3886,7492
3818,6904
6236,7667
6216,7665
5882,7541
5674,8026
5474,7250
5362,7529
5274,7270
5134,6892
5022,6637
4934,6493
4834,6439
4786,6396
4734,6292
4714,6318
4536,6138
4448,6091
4400,6048
4316,5980
4276,16850
4232,8582
4212,6799
4913,6081
4865,6277
4793,6027
4751,6046
4723,16518
4697,8468
4683,6675
4681,5884
4426,5879
4234,5844
4026,5894
3930,6143
3746,5569
3666,5452
3562,5248
3506,5143
3366,5174
3334,5286
3238,5141
3150,4819
3094,4801
3086,5073
2994,4699
2946,4776
2902,4828
5356,5174
5308,5459
5122,5327
4882,4993
4786,5202
4650,5268
4530,4851
4482,4901
4366,4840
4246,4958
4206,4796
4130,4978
4098,4769
4062,4638
3976,4552
3896,4736
3824,4703
3776,4435
3708,4844
3676,4497
3640,4540
4407,4615
4333,4553
4293,4446
4233,4436
4195,4516
4187,4577
4167,4404
4145,4572
4135,4335
3902,4337
3742,4334
3566,4060
3502,4130
3350,4120
3254,4063
3166,3891
3150,3903
3110,3932
2962,3877
2898,4220
4189,7169
4157,6715
4085,8248
3993,7455
3905,7432
6399,8346
6291,7850
6239,7790
6077,7671
5853,7332
5613,14096
5477,8240
5365,7173
5245,7004
5137,6940
5025,6767
4905,6868
4837,6924
4781,6671
4737,6652
4717,6790
4539,6691
4451,6495
4403,6327
4319,6450
4279,6250
5022,6201
4998,6821
4916,6378
4824,6214
4796,6185
4754,5951
4726,6024
4700,6046
4686,16840
4493,7896
4269,6419
4237,6073
4029,5409
3933,5709
3749,6105
3653,5261
3549,5582
3509,5432
3369,5365
3257,5137
3241,5133
3137,5021
3089,5079
3013,4825
2957,4761
5459,5314
5367,5155
5323,5409
5189,5166
4997,5102
4805,5064
4653,5276
4533,5110
4485,4763
4369,4942
4249,5045
4201,5049
4133,4805
4073,4651
4053,4695
3947,4573
3883,4485
3787,4647
3727,4458
3687,4322
3643,4318
4410,4659
4336,4386
4296,4414
4252,4449
4232,4308
4174,4379
4152,4519
4140,4280
3969,4076
3905,4280
3745,4111
3569,3910
3489,3976
3321,4043
3241,3872
3153,3853
3121,3799
2997,3674
2901,3756
2885,4524
4160,7972
4088,7831
3996,6736
3908,8216
3892,8502
6294,8401
6242,8655
6080,8563
5856,10715
5616,7395
5448,9198
5296,9591
5240,10060
5108,7753
4956,7856
4900,8562
4824,7705
4748,6858
4724,7511
4606,6713
4526,6591
4406,6449
4338,7094
4290,7580
4238,7106
4218,6514
4919,6480
4871,6340
4819,6287
4757,6724
4729,6284
4703,6867
4689,6156
4496,6230
4272,6075
4064,5934
3952,5863
3784,6016
3752,7162
3656,5480
3552,5312
3504,6303
3340,5796
3260,5398
3156,5248
3100,4653
3092,4834
3000,5427
2952,5382
2908,5290
2880,5483
5310,6230
5032,6091
4856,5969
4688,5868
4592,5792
4496,5740
4404,5676
4308,5588
4212,5544
4136,5461
4104,5421
4056,5410
3982,5344
3886,5255
3814,5262
3730,5141
3690,5306
3646,5508
3630,5454
3572,5398
4299,5520
4239,6049
4201,5503
4177,5519
4155,5566
4143,5303
3972,5120
3780,5201
3604,5212
3508,4971
3356,5094
3260,4878
3172,4707
3124,4873
3000,4595
2904,4958
2888,4872
2800,4979
2760,4946
2676,4909
2644,4378
3843,6633
3827,6827
3791,7923
3653,6963
3477,6526
5603,7423
5387,7321
5283,7047
5143,7138
5047,7001
4943,7001
4843,7118
4795,6746
4743,6620
4723,6503
4545,6578
4457,6611
4401,6400
4325,6463
4285,6543
4225,6084
4171,5988
4123,5855
4079,5914
4051,5856
4752,6182
4728,6068
4702,6094
4690,6199
4435,5907
4243,6042
4035,5572
3939,5418
3755,5334
3675,5022
3571,5124
3515,5040
3375,4954
3263,4919
3247,4873
3143,4841
3095,4808
3019,4662
2963,4461
2955,4615
2903,4615
2879,4517
2765,4469
2653,4371
2637,4318
4659,4806
4539,4751
4491,4743
4327,4633
4239,4605
4207,4548
4115,4500
4079,4537
4055,4466
3953,4211
3833,4301
3793,4280
3717,4190
3685,4175
3649,4145
3591,4074
3551,4099
3515,4022
3495,4004
3457,3984
3441,4005
4154,4126
4144,4097
3911,3986
3751,3977
3575,3871
3495,3813
3327,3761
3263,3929
3175,3826
3127,3774
3003,3929
2907,3891
2891,3868
2803,3827
2763,9451
2695,8509
2647,5087
2603,4883
2595,4722
2575,5381
2473,4734
3480,6658
3448,5983
3312,6164
3256,6889
5146,7324
5050,7683
4946,7347
4846,7508
4798,6887
4746,10979
4726,13095
4548,6244
4460,6819
4404,6853
4328,6804
4252,6748
4228,7476
4174,6585
4126,6486
4074,6226
4054,6518
4016,6334
3996,6221
3974,6335
3964,6287
4438,6798
4246,9571
4038,8438
3942,6661
3758,6519
3662,6347
3558,6392
3518,5498
3378,5673
3266,5592
3162,5124
3146,8014
3098,8413
3006,8128
2966,5762
2914,5751
2906,5304
2882,6157
2768,5641
2656,5153
2640,5704
2536,5595
2496,4869
2412,5572
2396,5334
4242,7671
4158,8163
4110,10659
4074,5364
3988,5627
3908,5681
3820,5334
3788,4787
3696,5194
3660,5180
3640,5553
3578,5218
3546,7573
3510,4402
3494,5134
3448,4905
3430,4370
3420,5100
3313,5871
3153,4783
3009,4989
3514,5482
3362,4191
3330,3907
3250,4284
3162,4125
3122,3815
2974,3745
2910,4015
2822,10115
2774,7985
2766,5193
2682,4166
2650,3667
2606,3616
2598,3868
2578,3509
2476,3522
2380,3865
2364,3994
2276,3422
2244,3912
3243,6796
3119,5844
3063,9675
3047,7410
4833,7745
4757,7190
4733,6529
4615,7152
4535,6983
4415,6794
4347,7524
4299,6905
4247,6914
4227,7496
4161,7258
4121,6752
4077,6179
4057,7146
4019,7191
3999,9625
3977,12469
3967,9716
3776,6747
3616,6366
3440,5904
3945,6131
3761,6276
3665,9422
3577,6239
3521,5291
3381,5747
3269,5281
3253,4841
3149,5320
3109,12752
3025,7978
2969,6092
2961,5393
2909,4815
2889,5016
2771,5059
2739,4724
2643,4880
2555,4953
2539,4325
2491,4407
2415,4552
2399,11829
2351,7954
2307,5758
4113,5249
4065,12202
3991,6507
3895,5055
3823,4417
3791,5026
3699,5033
3663,4376
3643,4848
3597,4901
3549,4426
3513,4997
3497,4883
3463,4509
3447,4468
3429,5047
3421,4931
3252,4324
3124,4872
2980,4741
2916,4219
3333,4642
3269,4534
3181,4193
3133,4672
3009,4297
2977,10746
2897,8507
2809,5478
2777,3787
2701,3604
2653,10697
2645,7320
2601,4557
2585,4306
2479,4214
2447,3806
2367,9852
2295,6957
2279,4300
2239,9218
2171,5453
3066,6844
3050,6738
2998,5903
2982,6896
4736,6821
4650,6974
4538,6651
4450,6821
4350,6698
4302,6489
4258,6550
4234,6669
4164,6480
4124,6548
4080,6148
4060,6224
4022,5643
4002,6111
3980,15333
3970,7840
3779,6719
3619,5907
3443,5402
3363,5931
3764,6043
3668,5900
3564,5746
3516,5714
3384,5663
3272,5173
3168,8484
3152,5332
3104,4761
3012,5234
2972,12945
2920,7384
2912,5642
2888,9461
2774,5693
2662,4874
2646,4868
2542,4418
2502,4805
2418,4861
2402,4253
2362,4843
2310,12000
2302,8165
2282,5899
2212,4644
3914,4659
3826,4888
3794,4900
3726,4492
3666,12772
3646,7657
3600,5068
3560,4134
3516,4752
3500,4878
3466,4174
3450,4798
3432,4970
3424,4251
3255,4177
3127,11747
2983,7266
2919,4916
2783,4392
2735,4271
3184,10957
3136,6817
3128,5060
2980,3555
2900,10544
2828,6628
2780,4190
2704,10073
2688,5902
2648,4517
2612,4220
2604,6045
2584,4348
2482,3898
2386,4254
2370,4388
2298,3908
2282,3288
2242,9221
2174,7797
2158,4424
2126,4176
3053,6049
2985,5715
2957,6455
4553,5632
4621,7237
4541,6708
4453,6199
4413,6400
4337,5874
4261,6160
4237,6015
4183,5953
4135,5930
4091,5961
4067,5903
4033,5866
4025,5617
4005,5893
3983,5717
3973,6010
3782,5881
3654,5761
3478,7926
3382,5762
3799,5962
3767,5598
3671,5422
3583,6553
3527,6475
3387,6252
3355,6346
3259,6316
3171,6081
3115,5935
3107,6083
3015,5932
2975,5847
2967,5937
2915,5762
2895,5703
2891,5841
2745,5658
2665,5511
2649,5439
2561,5521
2505,11489
2497,7886
2421,5376
2405,10541
4251,6983
4167,5021
4127,4710
4091,4489
4071,4628
3965,4458
3901,4585
3829,4553
3797,4381
3729,4341
3669,4380
3649,4143
3603,11606
3563,7943
3527,5473
3507,4279
3477,4117
3457,4169
3439,4149
3429,4220
3322,4049
3795,4133
3619,3965
3523,4171
3507,4051
3339,3946
3259,3863
3171,3865
3139,4010
3015,3917
2919,3802
2903,3892
2815,3857
2775,3766
2707,3769
2659,3756
2651,3686
2607,3914
2591,3922
2485,9368
2453,9089
2373,5275
2301,3791
3324,5630
3252,5404
3160,5412
5046,7028
4926,5789
4842,6560
4802,6665
4742,6356
4656,6655
4544,6490
4456,6480
4416,6678
4308,6285
4264,6141
4240,6033
4186,6121
4130,6102
4086,5964
4066,6043
4028,5904
4008,5856
3986,5947
3976,5836
3785,5702
4258,5930
4050,5658
3954,5602
3770,5652
3674,5491
3586,5306
3530,5340
3390,5425
3278,5178
3262,5142
3158,5277
3110,4894
3034,4943
2978,4911
2926,4820
2918,4686
2894,4862
2780,4720
2668,4578
2652,4581
2548,11901
2508,8657
2500,5861
2408,4633
2368,4437
4222,4840
4130,4798
4090,4720
4070,5025
3920,8885
3848,10687
3808,6711
3732,4534
3700,4537
3652,4342
3606,4304
3566,4382
3530,4415
3510,4496
3472,4420
3456,4567
3438,12384
3430,7897
3261,5395
3133,3934
2989,4100
3510,3832
3342,3835
3278,3997
3190,4260
3142,10496
3018,9415
2986,5608
2906,4026
2818,3675
2786,3686
2710,3607
2662,3572
2654,3585
2610,3534
2594,3683
2488,3806
2456,3929
2376,3997
2304,3892
2256,9624
2248,9062
2180,5174
3075,5880
3059,5837
3007,5275
4787,6967
4745,6415
4659,6209
4547,6301
4459,6213
4419,6098
4311,5945
4267,5888
4243,6298
4189,15516
4141,7920
4097,6441
4073,5604
4039,5531
4015,5888
3993,5834
3981,5636
3852,5788
3660,5520
3484,5395
3452,5451
3957,5552
3773,5258
3677,5066
3589,5352
3533,5119
3393,5141
3361,5026
3265,4870
3177,4957
3121,4787
3113,4789
3021,5011
2981,4672
2929,4659
2921,4501
2897,4442
2783,4350
2751,4301
2655,11754
2567,9253
2551,5886
2503,4451
2427,4248
2411,4276
2363,4338
4173,4547
4133,4658
4089,4824
4073,4508
3923,4483
3851,4502
3811,4485
3751,4381
3703,4479
3667,4402
3651,4347
3593,11466
3561,9107
3525,5882
3509,4354
3475,11330
3459,6646
3441,4587
3433,4020
3264,3925
3769,4023
3593,10821
3529,8386
3377,5270
3281,4030
3193,3791
3177,3754
3137,3739
2989,3683
2925,3643
2837,3606
2789,3783
2781,9606
2697,9389
2665,5642
2621,6652
2613,4403
2597,3999
2491,3917
2459,9474
2379,7697
2307,4526
2291,7165
3258,6044
3166,5447
3134,5686
4964,6269
4864,7235
4816,6270
4764,6452
4744,6573
4566,6569
4478,6302
4430,5972
4346,5889
4306,5865
4262,5845
4242,5865
4176,5702
4136,5631
4092,5697
4042,5588
4018,5501
3996,5453
3992,5484
3982,5455
4456,5533
4264,15441
4056,8166
3960,6300
3776,5022
3696,5090
3592,5014
3536,4926
3528,4911
3364,4830
3268,5147
3180,5645
3124,5165
3116,5329
3024,5249
2984,5097
2932,5105
2924,5073
2900,5188
2786,5103
2674,4895
2658,4925
2554,4678
2514,4818
2506,13491
2414,7074
4276,6396
4228,5609
4160,4978
4100,5123
4080,5389
4006,5424
3910,5137
3838,4945
3806,4599
3714,4757
3678,5621
3658,4614
3612,4711
3572,5025
3536,4769
3512,12144
3478,7639
3462,5765
3444,8416
3438,5447
3996,4643
3804,4126
3628,11241
3532,10798
3380,6345
3284,4955
3268,3898
3180,3975
3140,4252
3024,4445
2928,3855
2840,3948
2824,4081
2784,3910
2716,9752
2668,9531
2660,5597
2616,4051
2600,3638
2494,3579
2462,3600
2382,9103
2310,9018
3333,6090
3261,5731
5167,7728
5055,7074
4935,7077
4867,7007
4811,6804
4767,15685
4665,8328
4569,7041
4481,6611
4425,6360
4349,6384
4309,6180
4249,6274
4195,6203
4147,6208
4103,6132
4079,6123
4045,6148
4021,6108
3999,6143
3987,6099
4523,6222
4299,5905
4091,5906
3979,5762
3811,5879
3779,5478
3683,15512
3579,7856
3531,6478
3399,5217
3287,5253
3183,5222
3167,5072
3119,5307
3027,4877
2987,4733
2935,5031
2927,5021
2903,13617
2789,8644
2717,6316
2661,4707
2573,4854
2517,4645
2509,4584
4399,4990
4279,4882
4239,4898
4163,14200
4131,8073
4083,6016
4009,4740
3913,4481
3841,13396
3809,6719
3717,5084
3681,4422
3661,13021
3615,7058
3575,5351
3539,9371
3515,5790
3481,9726
3465,6015
3447,4877
3439,12446
3999,7049
3807,5036
3631,4293
3535,4306
3383,4225
3287,11785
3271,7115
3183,5087
3143,8940
3027,5546
2931,4305
2843,4196
2827,4397
2787,4031
2719,10013
2671,8699
2663,5263
2619,10100
2603,5687
2497,8208
2465,4554
2385,3928
2313,3882
3336,6068
3264,5840
5170,7759
5058,7388
4938,11000
4870,7766
4814,7088
4770,7035
4750,7073
4572,6895
4484,6351
4436,6289
4352,16727
4312,7963
4268,6893
4248,6190
4182,6422
4142,15149
4082,7562
4048,6435
4024,11225
4002,7327
3998,9972
4717,11523
4462,7390
4270,9797
4062,6592
3966,6332
3782,5789
3702,15283
3598,7532
3542,6232
3534,10170
3370,6472
3274,5251
3186,14215
3130,7182
3122,5840
3030,10944
2990,6601
2938,5193
2930,4940
2906,4896
2792,13350
2680,7014
2664,5467
2576,4468
2520,4686
4526,14764
4402,7171
4338,5915
4242,9087
4182,5844
4134,10901
4098,6477
4012,4866
3932,12435
3860,6756
3812,7885
3744,5329
3712,9858
3676,6212
3660,9040
3578,5559
3542,4527
3522,4489
3492,12713
3472,7331
3454,8840
4173,8547
4171,5502
3938,4481
3778,12567
3602,9235
3522,8148
3354,7490
3290,4866
3202,10455
3154,6060
3146,8203
2998,5008
2918,8524
2846,6509
2798,4886
2790,8339
2706,6422
2674,8101
2630,5092
2622,4329
2602,10460
2500,6325
2468,4293
3475,6432
3371,6577
5383,6681
5281,7928
5141,16733
5061,8624
4941,7144
4873,7071
4817,7051
4773,6800
4671,7058
4575,6618
4471,6363
4431,17061
4355,8635
4315,6978
4255,5998
4201,6088
4153,5977
4109,16291
4085,8286
4051,6661
4762,6009
4736,6126
4722,6367
4529,6433
4305,6487
4097,6031
3985,5957
3969,5887
3785,5518
3689,14981
3585,8636
3545,6439
3405,5132
3293,5005
3277,13231
3173,7403
3125,5604
3049,4944
2993,4991
2985,5029
2933,5089
2913,4922
2795,5048
2763,4767
2667,4570
2579,4481
4625,4961
4529,4880
4405,4838
4341,4788
4245,4727
4185,4695
4137,13232
4101,8547
4015,6099
3935,4709
3847,4638
3815,4611
3747,12355
3687,7100
3667,5329
3621,4354
3581,4501
3545,4716
3525,11821
3495,8361
4207,6128
4184,4487
4176,4690
4005,4507
3813,4359
3637,4536
3541,4391
3389,4233
3293,4461
3205,4238
3189,11537
3149,8437
3001,5451
2937,4075
2849,3849
2801,10929
2793,7391
2709,4899
2677,4028
2633,10567
2625,7114
2605,4625
2503,3890
2407,3847
3478,6120
3342,6697
5316,6788
5276,7667
5080,7241
4976,7151
4936,6990
4828,6741
4784,6919
4756,6871
4642,6515
4490,6391
4442,6351
4374,6257
4318,6208
4274,6140
4254,6081
4188,17008
4148,8198
4104,6759
4054,5858
4030,5857
4739,6301
4725,6197
4532,6227
4308,5892
4100,5687
4068,5628
3972,5591
3788,5446
3692,5426
3588,5375
3548,5060
3408,15322
3296,8011
3192,6223
3176,5099
3128,5072
3052,5095
2996,5272
2944,5115
2936,5070
2912,5362
2798,4878
2766,4973
2670,13204
2582,8373
4572,6893
4524,5213
4408,4939
4288,5016
4240,5106
4172,4796
4112,4699
4092,13126
3986,7597
3922,5589
3826,4586
3766,4559
3726,4479
3682,4448
3666,4431
3608,4368
3576,4386
3540,13908
3498,7837
3478,5719
3460,4651
4179,4603
4008,4518
3816,4789
3640,4518
3544,4257
3528,13570
3360,7232
3280,5453
3192,4302
3152,11981
3036,6706
2940,4707
2852,11692
2836,6122
2796,4618
2712,11392
2680,6224
2636,4627
2628,3858
2608,4124
2506,4056
2410,11455
2394,6655
2306,4886
3289,5936
5279,9167
5083,6984
4979,5840
4939,6395
4831,6522
4787,6796
4759,6465
4645,6266
4565,6242
4445,6231
4377,17856
4329,8143
4277,7181
4257,6227
4191,6104
4151,5978
4107,5977
4087,6009
4049,5974
4029,6091
4007,5880
4726,6107
4471,6010
4279,5788
4071,5632
3975,5686
3791,5706
3711,5436
3607,5385
3551,5362
3411,5326
3379,5390
3283,5102
3195,5487
3139,5191
3055,5085
3039,5115
2991,4865
2947,5057
2919,4827
2915,4863
2769,4805
2689,4675
2673,4765
2569,4823
2529,4931
4527,5001
4363,5071
4275,5056
4243,4772
4151,4726
4115,4703
4091,4677
3989,4609
3925,4582
3829,4531
3769,4461
3729,4458
3685,4431
3669,4423
3611,4230
3579,4749
3543,5362
3527,5094
3493,5071
3477,5179
3459,5045
4180,5189
3947,5006
3787,5071
3611,5063
3531,5043
3395,4994
3299,4798
3211,4961
3163,4789
3155,4722
3007,4722
2927,4711
2855,4571
2807,4356
2799,11156
2715,6929
2675,4669
2639,3999
2631,3859
2611,3620
2509,3590
2413,3763
2397,3554
2325,3520
3292,6180
5282,7452
5086,6665
4998,7150
4942,6515
4866,6940
4790,6775
4766,16573
4648,8724
4568,7132
4448,6599
4380,10110
4332,7359
4280,6687
4260,11494
4194,7680
4154,6573
4110,11219
4060,7539
4036,6252
4014,5863
4002,6535
4538,6383
4314,5961
4106,6129
4074,6051
3978,5794
3794,5490
3698,5624
3594,5481
3546,5128
3414,5148
3302,5380
3198,13963
3182,7875
3134,6174
3042,8897
3002,5662
2950,9351
2942,6246
2918,5170
2804,4635
2692,4923
2676,4758
2572,12301
2532,7927
2524,5913
4366,5179
4278,4943
4246,5239
4154,4927
4110,4685
4094,5130
3944,4846
3872,4407
3832,4478
3756,4873
3724,12884
3688,7364
3630,5682
3590,4684
3554,4829
3534,4888
3504,5183
3484,4726
3466,5314
3456,5272
3349,7035
3822,4306
3646,4524
3550,3971
3398,4054
3302,4384
3214,3898
3198,3993
3158,4326
3010,4158
2946,3827
2858,4143
2810,3991
2802,3760
2718,4088
2686,4032
2642,3630
2618,4028
2614,3975
2480,3541
2416,3544
2400,3977
2312,4055
2280,4958
2204,4752
3155,5994
4985,6171
4945,6523
4837,6366
4785,7322
4765,6434
4651,6216
4499,6773
4451,6505
4383,6058
4327,6449
4283,6301
4263,6262
4197,6103
4121,6118
4097,6174
4063,5806
4039,5905
4017,6086
4005,5514
3876,5823
4317,5969
4109,6045
3997,5517
3981,5719
3797,5643
3701,5099
3597,5496
3549,5595
3417,4956
3305,5166
3201,5110
3185,5941
3137,5463
3045,5332
3005,5699
2953,14756
2945,7863
2921,6557
2807,4936
2695,4773
2679,4977
2591,4915
2535,4322
2527,4812
2451,5106
2395,4360
4257,4892
4181,5491
4149,4854
4101,5131
4027,5532
3931,4845
3859,4511
3827,4756
3759,4431
3699,4298
3679,4651
3633,4496
3593,4260
3557,5119
3537,4108
3507,4839
3487,3891
3469,3938
3459,4238
3352,4054
3825,3934
3649,4167
3553,4046
3460,3866
3369,10752
3289,7465
3201,4969
3169,9145
3045,5384
2949,7913
2933,5404
2845,8226
2813,5135
2737,8251
2689,4981
2681,4473
2637,4359
2621,4053
2617,9633
2483,6603
2419,4271
2331,3591
2315,3947
2283,3664
2275,3576
5092,6799
4988,5889
4948,6503
4872,5964
4796,7409
4772,6391
4654,6117
4574,6433
4486,6453
4446,6275
4338,5993
4294,6299
4270,6732
4216,6034
4168,6070
4124,6253
4100,5894
4066,5514
4042,5974
4020,5760
4008,5597
4544,5743
4320,5867
4288,6839
4080,5358
3984,5699
3800,5506
3720,5306
3616,5445
3560,6056
3420,5848
3388,15437
3292,10967
3204,6165
3148,5778
3140,4982
3048,5399
3008,5141
2956,5085
2948,4664
2924,5874
2810,5494
2698,4586
2682,14975
2594,7725
2538,5623
4544,5387
4420,6076
4300,12580
4260,7428
4184,5686
4152,5669
4116,13372
4030,7050
3950,5482
3878,4908
3830,4679
3762,4471
3730,5654
3694,5305
3636,4694
3596,14963
3560,7872
3540,5817
3510,4532
3490,10838
3472,6193
4191,9787
4020,5764
3956,5041
3796,5218
3620,4318
3540,4435
3372,13167
3308,6871
3220,5381
3172,9012
3048,6739
3016,4218
2936,3974
2864,12801
2816,6817
2808,5574
2724,3844
2684,4277
2648,4107
2640,3823
2620,3608
2518,4153
2422,4159
2406,3782
2334,3650
5347,6923
5291,8994
5159,6613
5007,7345
4951,7175
4875,7013
4799,13756
4775,7959
4689,6717
4577,6447
4489,6953
4449,7131
4341,6684
4297,9003
4273,6820
4219,7231
4171,15979
4127,10179
4099,6945
4061,7738
4041,6682
4750,6102
4738,6870
4547,6743
4323,6794
4115,5793
4003,5673
3835,6093
3723,16047
3707,9149
3603,6637
3555,6531
3391,5613
3311,12197
3207,7659
3191,5783
3143,5434
3051,5135
3011,4865
2959,5727
2951,5353
2927,4917
2813,14715
2781,7018
2685,5840
2597,4374
4587,5322
4547,5412
4423,5239
4303,14251
4263,7799
4187,5994
4155,5083
4107,4475
4033,4851
3937,4895
3865,5006
3833,4499
3741,13291
3705,7653
3685,5831
3639,4343
3599,9452
3555,6028
3539,4791
3505,12091
3489,6807
4202,8655
4192,5692
3959,4424
3799,4479
3623,4922
3559,4549
3407,11628
3311,7403
3223,5303
3175,7890
3167,7428
3019,4647
2939,10181
2867,5852
2819,4331
2743,3816
2727,4252
2687,4063
2651,3711
2627,3983
2623,4974
2489,10153
2425,8482
2337,5023
2321,4213
5334,6566
5194,6348
5098,7060
4994,6790
4894,6796
4846,6404
4794,6552
4774,6733
4660,6410
4508,6356
4460,6332
4392,6540
4336,6284
4292,6171
4272,17180
4206,8335
4166,6691
4122,5977
4072,5808
4048,6136
4026,5933
4743,6237
4741,6009
4486,6013
4294,5968
4086,5930
3990,5473
3806,5670
3710,5501
3622,5432
3566,5252
3426,5348
3394,5342
3298,5232
3194,4861
3154,5095
3070,5057
3054,4909
3006,4891
2962,13503
2934,7869
2930,5753
2784,4571
2704,4837
2600,4682
2584,4765
4574,5008
4458,5048
4378,5274
4290,5510
4258,4682
4166,5164
4130,5208
4106,4982
4004,4492
3884,4982
3844,4899
3784,4803
3744,4369
3700,12595
3684,7782
3626,5826
3594,4217
3558,4383
3542,4696
3508,4783
4227,4495
4205,4393
4195,4939
3962,4643
3802,4285
3626,4105
3546,4608
3378,4588
3314,4077
3226,4043
3178,4532
3170,4406
3022,3876
2942,3839
2870,4258
2822,4224
2746,3591
2730,3657
2690,4025
2654,10978
2630,10849
2626,6339
2524,6610
2428,4749
2412,4021
2324,3881
5353,6332
5297,6489
5101,8047
5013,6335
4957,6064
4881,6650
4805,6905
4781,12051
4663,7916
4583,6561
4495,6370
4395,5870
4347,6341
4303,6388
4279,6137
4225,5912
4177,5937
4125,15927
4105,8482
4067,6551
4782,5961
4756,6031
4744,5776
4553,5893
4329,5754
4121,5730
4009,14794
3841,8016
3729,6310
3713,5218
3609,5471
3561,13833
3429,7247
3317,5649
3213,4521
3197,12993
3149,7046
3073,5198
3017,4527
3009,4547
2957,4508
2937,4457
2819,4347
2787,4314
2707,4320
2604,4244
4649,4765
4577,12882
4461,8335
4365,5824
4293,4653
4209,7609
4169,5700
4125,4799
4109,4417
4007,4261
3887,4327
3847,4214
3787,4047
3747,11194
3703,8779
3687,5632
3629,4241
3597,3996
3561,4000
3545,10721
4250,7411
4230,5012
4208,4203
4198,4045
3965,3902
3837,3904
3661,3848
3565,3838
3413,3788
3317,3738
3301,3727
3213,3729
3173,3679
3057,3788
2961,3759
2873,3785
2857,3905
2817,3874
2749,9407
2701,9480
2693,9320
2649,6087
2633,6075
2527,4244
2495,3485
2431,3394
5540,6947
5428,6441
5340,7755
5200,12206
5088,7985
5000,7016
4900,6938
4852,11168
4800,7574
4780,7094
4666,6740
4514,6694
4466,6694
4398,6780
4342,14910
4298,7839
4278,6573
4212,6498
4172,6042
4128,6241
4855,6497
4809,6681
4785,6224
4759,14960
4747,7801
4492,6022
4300,10767
4092,7090
4012,9456
3844,6529
3732,6013
3628,11966
3612,7509
3564,6046
3400,5413
3320,5060
3216,13714
3160,7389
3152,9497
3060,6028
3020,5454
2968,5326
2960,12953
2940,7347
2822,8928
5060,6651
4868,5218
4716,13301
4652,6849
4556,5192
4464,4799
4368,12330
4272,6411
4212,4848
4164,5063
4128,5025
4112,13074
3962,6701
3890,5526
3850,7504
3774,5334
3742,4779
3706,4448
3690,4524
3632,4656
3600,4966
4315,12731
4295,7362
4245,5684
4233,4250
4211,4873
4201,4705
3968,4353
3808,4183
3632,11759
3552,7514
3384,5502
3320,8109
3232,5128
3184,4008
3176,11372
3028,6406
2948,4450
2876,10328
2828,6023
2820,3973
2736,9812
2704,5911
2660,8157
2652,4672
2632,7981
2530,5672
5775,6741
5663,6382
5511,7331
5359,6283
5303,7119
5171,6919
5019,7123
4971,6767
4887,6799
4847,6958
4787,6678
4701,6772
4605,6525
4501,6390
4461,6420
4385,6400
4345,6740
4285,17123
4231,8817
4183,7044
4890,12336
4862,7976
4820,6368
4792,11849
4766,7908
4752,6427
4559,11705
4335,7653
4127,6251
4095,6307
3999,14122
3815,7443
3719,6068
3631,10840
3575,7175
3435,5751
3323,5915
3307,5876
3203,5361
3155,15096
3079,7246
3023,5856
3015,8810
2963,6047
2943,5142
5255,5921
5063,15792
4871,7147
4719,6190
4599,5741
4559,5381
4435,5559
4315,5469
4267,5307
4199,5566
4139,5601
4119,5167
4013,5766
3949,5352
3853,5021
3793,5128
3753,5291
3717,5105
3693,5560
3635,5222
3603,5508
4318,14403
4298,6810
4256,5855
4236,4646
4214,5121
4204,5557
3971,5304
3811,4475
3635,5208
3555,5040
3387,12700
3323,6403
3235,5530
3187,4173
3063,4408
3031,4807
2951,11243
2863,10619
2831,6308
2755,4560
2739,4031
2699,4108
2663,10161
2639,6919
2635,5670
2501,4535
5746,7008
5546,6720
5434,6703
5346,7330
5206,7455
5110,7004
5006,6841
4906,6764
4858,16039
4806,8360
4786,7005
4672,6863
4520,6680
4472,6652
4404,6339
4348,6632
4304,6088
4284,6339
4218,16622
4937,8401
4885,6970
4861,6279
4815,6426
4791,13540
4765,7769
4753,6455
4498,6309
4306,6130
4098,5937
4002,5884
3850,5963
3738,6381
3634,5765
3578,5471
3570,5701
3406,5955
3310,5323
3222,5243
3166,5500
3158,5202
3066,5264
3026,5295
2974,5234
2966,4880
2942,5499
5194,5680
4954,5392
4858,5224
4722,5488
4602,5221
4554,5817
4438,5276
4318,15683
4278,7173
4202,5914
4170,4982
4122,6919
4048,4967
3968,5128
3880,4925
3848,4903
3780,4737
3748,4780
3700,4793
3654,13745
4373,8194
4329,8692
4305,4948
4267,5571
4243,5259
4221,5414
4209,4662
4038,4999
3846,4642
3670,4667
3638,4419
3558,4537
3390,4311
3310,4479
3238,5644
3190,4415
3066,4072
3034,4569
2954,4313
2866,4347
2834,3990
2758,3936
2742,3960
2702,4471
2666,3669
2642,3633
2638,3617
5957,6345
5749,6560
5669,7089
5453,6003
5349,6073
5209,6374
5113,6168
5009,13470
4969,8095
4861,6467
4817,6304
4789,6150
4675,6117
4523,6131
4475,6218
4407,5894
4359,5631
4307,16190
4287,8620
4988,6738
4940,6084
4888,5974
4864,5703
4818,5773
4794,5992
4768,5928
4756,5869
4501,5592
4309,5571
4101,5309
4005,5221
3821,5068
3741,4985
3637,4928
3581,4851
3573,4930
3409,4748
3313,4586
3225,4684
3169,4638
3085,4385
3069,4380
3021,4388
2977,4267
5403,4766
5379,4781
5101,4620
4957,13479
4861,7577
4677,5720
4589,4666
4557,4513
4393,4621
4305,4428
4273,4415
4181,4406
4145,4290
4121,12171
4019,7992
3955,5744
3859,4314
3799,4134
3759,4186
3723,11442
3699,8221
4408,5658
4368,4336
4324,4236
4304,4170
4262,4342
4242,4187
4220,4243
4210,11474
3977,7780
3817,5363
3641,3904
3577,10657
3425,6477
3329,4482
3241,3767
3225,3747
3185,3734
3037,9855
2973,8766
2885,5322
2837,4069
2829,3797
2745,3776
2713,3737
2669,3737
2661,3717
2641,3887
6088,6289
5928,6483
5688,6577
5520,6247
5368,6478
5320,6480
5180,6358
5028,6167
4980,6377
4896,6157
4856,6204
4796,16205
4710,7904
4614,6533
4510,6024
4470,5790
4394,14656
4318,7581
4294,5886
5007,5876
4951,5941
4899,5849
4871,5985
4829,5788
4801,5928
4775,5751
4761,5495
4568,5588
4344,5460
4136,14617
4024,8189
3856,6034
3824,5111
3728,9980
3624,6314
3576,4915
3444,10190
3332,6780
3228,4907
3212,9917
3164,6591
3088,5143
3032,4475
3024,4497
5442,4957
5398,4988
5264,4886
5072,4795
4880,4774
4760,4664
4664,4596
4568,12736
4476,7325
4380,5458
4284,4440
4224,4495
4176,4336
4140,4389
4054,4294
3974,4256
3902,11473
3854,8130
3786,5666
3754,7621
3706,4853
4427,11004
4379,6206
4335,7166
4311,4810
4273,4191
4249,4617
4227,4821
4213,4329
4044,4281
3852,4694
3676,12040
3580,7105
3428,7942
3332,7418
3244,4405
3196,10547
3188,6193
3040,6163
2960,4182
2888,4107
2840,4032
2764,3579
2748,3544
2708,4043
2664,3958
2648,3495
2542,3452
5931,7406
5691,5785
5523,6448
5371,6247
5323,6767
5183,7383
5031,6888
4975,6825
4899,14803
4823,7943
4799,6610
4681,6236
4529,18414
4481,9065
4413,6448
4357,5884
4313,5742
4293,5776
4195,5810
4902,17690
4874,7640
4832,6504
4804,5847
4778,10737
4763,7112
4507,5801
4347,5432
4139,5312
4027,5340
3859,5362
3747,5482
3643,4898
3587,5342
3447,5104
3415,4985
3319,5272
3215,4645
3175,4636
3091,4592
3035,4828
3027,4431
2975,4426
2955,4656
2837,4235
5075,4845
4883,4742
4731,4602
4611,4688
4563,4652
4399,4485
4327,4540
4279,4449
4187,4410
4151,4368
4127,4398
4025,4716
3905,4414
3865,4196
3789,4276
3757,4561
3721,4054
3663,4082
3623,4541
3587,12625
4314,7677
4276,5845
4248,4662
4226,4082
4216,4563
3983,4832
3823,4004
3647,4230
3583,10686
3431,7749
3335,5169
3247,4022
3199,3707
3191,3742
3043,9989
2963,7965
2875,4929
2843,4133
2767,3735
2751,3767
2711,3766
2675,3758
2651,3625
2612,9301
2513,9100
2449,5295
2361,3912
2345,3610
5326,6446
5122,6241
4986,5781
4870,6801
4802,6093
4620,5907
4484,5687
4368,5699
4300,5496
4198,5377
4146,5306
4088,5349
4046,5262
3909,5025
3541,14202
3429,7475
3197,5855
3077,8608
3418,6151
3218,10464
3094,5834
3030,4733
2958,4479
2808,4625
2624,4148
2560,11884
2428,8345
2368,5833
2344,4276
2222,4064
2162,3944
2138,3766
2072,3848
2031,3833
1995,3651
1762,3732
1638,3478
1531,3482
1406,3730
1287,3629
1183,3686
1070,5480
328,2416
256,2536
338,2744
205,2379
88,2131
11,1912
2,1820
0,1853
0,1786
0,1766
0,1764
0,1755
