1192,686
1156,921
2650,850
2614,1148
2594,1270
2574,1210
2488,1098
2296,961
2120,779
2024,765
1928,722
1864,845
1768,1887
1688,1978
1608,1200
1576,1113
1496,1058
1464,925
1444,1078
1356,854
1292,1021
1228,946
1196,961
1457,934
1425,743
1385,1362
1377,1444
1357,1446
1309,1347
1293,1409
1261,1386
1253,1290
1221,1063
1197,1038
1193,1023
1165,1003
1157,989
1141,1040
1137,797
1121,913
1117,948
1109,914
1107,914
1107,931
1031,850
999,849
935,723
919,766
2025,864
1993,889
1929,781
1881,810
1865,915
1841,750
1769,767
1737,788
1689,734
1673,764
1625,759
1609,721
1585,700
1577,669
1537,711
1521,730
1497,695
1489,713
1465,738
1457,682
1445,704
1846,793
1762,797
1730,770
1730,765
1666,954
1650,999
1586,985
1570,1013
1538,985
1538,991
1530,892
1474,909
1458,921
1458,937
1426,823
1418,874
1386,899
1378,834
1362,797
1358,859
1310,783
1294,764
1262,815
1254,774
1222,740
1214,780
1214,782
1198,768
1194,779
1166,766
1158,722
1142,755
1138,706
1122,675
1118,715
1110,574
1110,523
1108,545
1032,582
1000,353
936,266
936,231
920,196
856,176
840,153
840,171
808,172
800,208
744,276
744,433
728,524
696,488
696,540
688,543
656,473
656,498
648,498
648,476
632,517
628,479
2256,320
2152,477
2120,393
2024,286
1936,404
1920,433
1880,401
1872,443
1800,595
1784,962
1736,1266
3546,1536
3506,1506
3470,1129
3450,1105
3382,1056
3286,1076
3214,1024
3182,1075
3114,1000
3082,1006
3046,1033
3030,984
2974,969
2942,964
2906,935
2890,919
2864,807
2844,887
2826,913
2816,867
3383,759
3319,838
3159,1009
2983,808
2919,835
2767,756
2671,780
2655,751
2567,767
2529,720
2415,670
2319,750
2303,714
2215,654
2183,668
2107,684
2091,616
2051,680
2015,623
2007,603
1987,644
1891,593
1795,677
1779,701
1707,713
1691,666
1651,681
1583,652
1567,634
1535,656
1491,648
1483,600
1467,620
1463,630
1407,574
1391,611
1351,597
1315,729
1307,756
1291,801
1287,768
1253,586
1245,835
1229,545
1225,597
1207,904
1203,596
1195,565
1193,693
1193,688
1107,667
1075,675
1011,624
995,634
923,605
907,594
875,589
867,568
867,580
799,508
783,483
2587,364
2531,419
2523,372
2431,363
2391,475
2339,486
2331,442
2307,489
2195,607
2083,1159
4241,1622
4089,1632
3969,1515
3929,1131
3805,800
3741,809
3645,838
3585,767
3537,807
3501,754
3415,709
3335,942
3263,909
3215,869
3147,896
3115,887
3079,863
3063,880
3005,851
2973,816
2931,839
3634,838
3618,1030
3606,1282
3584,727
3574,430
3344,567
3184,533
3008,480
2928,457
2792,331
2696,392
2608,479
2560,448
2552,500
2404,544
2340,402
2252,451
2204,417
2196,374
2112,790
2080,375
2036,344
2028,392
2008,624
1906,579
1874,802
1794,633
1722,579
1706,714
1666,605
1598,754
1582,524
1542,495
1506,481
1498,659
1482,696
1478,677
1404,530
1372,515
1364,511
1328,522
1320,517
1304,625
1300,530
1266,514
1258,616
1242,493
1238,437
1220,460
1216,456
1208,430
1206,431
1116,443
1084,403
1020,402
1004,440
932,466
916,516
884,491
884,462
876,457
2780,338
2700,580
2596,498
2580,402
2532,532
2440,896
2400,847
2348,901
2340,877
2320,817
4632,1217
4440,1012
4248,977
4128,1049
4032,1008
3936,962
3844,896
3748,873
3676,870
3592,827
3552,823
3508,882
3492,775
3342,819
3270,786
3230,914
3170,942
3122,940
3086,923
3070,949
3012,887
3739,877
3695,885
3675,878
3633,830
3613,855
3591,838
3581,789
3348,778
3188,764
3044,733
2948,739
2796,633
2700,657
2684,668
2596,641
2556,646
2440,619
2344,590
2256,615
2240,611
2200,580
2132,600
2084,580
2076,555
2032,662
2016,678
1910,628
1878,638
1814,608
1726,598
1710,647
1678,616
1602,591
1586,543
1554,552
1546,562
1502,525
1486,592
1482,563
1424,537
1408,548
1368,534
1332,539
1324,520
1308,509
1304,542
1270,500
1262,474
1246,513
1242,480
1224,456
1220,469
1212,437
1210,439
1119,476
1087,457
1023,433
1007,470
935,425
919,416
887,461
2955,549
2947,796
2783,586
2687,512
2599,394
2543,574
2535,608
2443,648
2395,523
2351,645
4777,1176
4753,1338
4571,1305
4331,1329
4235,1316
4051,1269
3979,1188
3931,1172
3767,1193
3695,1135
3647,1119
3579,1118
3519,1163
3499,1074
3393,1069
3329,1039
3257,1042
3173,1022
3133,1013
3097,1045
3077,1001
3798,1017
3742,994
3698,980
3678,977
3636,1008
3616,963
3594,955
3584,940
3351,915
3223,1015
3047,973
2951,1034
2799,937
2703,1005
2687,1001
2599,944
2559,975
2443,993
2347,862
2259,847
2243,859
2203,823
2135,861
2087,807
2079,807
2035,788
2019,779
1913,727
1881,786
1801,696
1729,726
1713,737
1673,683
1605,708
1589,686
1549,652
1513,649
1505,637
1489,764
1485,780
1411,765
1379,726
1371,729
1335,732
1327,677
1311,672
1307,709
1273,632
1265,621
1249,649
1245,674
1223,738
1223,740
1215,757
1213,739
1122,675
1090,300
1026,257
1010,284
938,335
922,432
3014,441
2958,572
2950,618
2786,486
2690,391
2602,522
2546,2600
2462,1760
2446,1646
2398,1020
4840,1132
4780,1107
4756,1132
4574,1283
4334,1230
4238,1287
4054,1314
3982,1147
3934,1203
3770,1093
3698,998
3650,1041
3582,1065
3522,966
3502,1009
3396,1000
3332,931
3260,933
3176,940
3136,911
3887,984
3863,881
3785,916
3745,862
3701,876
3681,912
3639,895
3619,912
3597,894
3587,829
3354,783
3194,863
3050,737
2954,734
2802,680
2706,665
2618,696
2602,631
2562,634
2414,637
2350,826
2262,705
2214,710
2206,691
2122,720
2090,703
2046,685
2038,670
2018,649
1916,665
1820,604
1804,571
1732,471
1684,637
1676,761
1608,729
1560,733
1552,749
1516,683
1508,719
1488,694
1430,630
1414,705
1382,623
1374,586
1338,682
1314,653
1310,572
1276,665
1268,593
1252,580
1248,654
1230,626
1226,563
1218,643
1216,601
1125,522
1093,633
1029,789
1013,540
941,956
927,669
3105,1325
3001,1388
2953,1318
2821,1200
2709,1019
2605,1169
2589,1242
2541,1473
2465,3309
4959,3628
4911,3611
4819,1903
4775,1594
4641,1572
4449,3374
4257,3376
4105,1989
4041,1471
3945,1374
3821,1339
3757,1429
3661,2923
3601,2802
3553,3780
3517,4283
3431,1874
3351,1108
3263,3189
3231,2528
3163,1592
3926,1154
3866,1441
3804,1262
3756,1161
3712,1012
3688,1128
3650,1155
3626,2379
3604,2411
3592,2466
3421,1204
3229,1089
3053,3049
2957,1670
2941,973
2773,2745
2693,1919
2605,827
2573,812
2449,820
2353,834
2337,1103
2249,1333
2209,1304
2141,1215
4643,1514
4595,1539
4511,1800
4471,1783
4349,990
4157,1656
4029,1650
3877,1121
3781,897
3699,885
3609,1017
3513,974
3449,997
3373,1342
3333,1318
3293,1352
3277,1039
3135,952
3071,963
3031,983
2963,905
3726,941
3686,1514
3666,948
3596,932
3524,1131
3500,628
3466,872
3442,643
3422,619
3410,581
3251,1021
3059,1041
2899,1021
2867,990
2787,985
2635,951
4182,955
4054,1623
3998,1356
3834,1621
3658,2033
3626,1777
3498,1716
3426,3558
3342,3492
5804,3774
5748,2129
5644,1599
5592,1666
5438,1485
5214,1442
4974,3419
4814,3303
4662,2457
4614,1897
4482,1624
4330,3029
4282,3027
4202,2342
4162,1506
4102,2906
4020,2924
3908,2159
3820,2754
3780,2072
3676,1600
4419,1629
4391,1906
4325,2628
4261,2823
4209,1619
4185,1372
4141,2624
4117,2635
4091,2536
4079,1934
3830,1536
3638,2351
3462,2868
3350,2163
3190,2724
3078,1642
2974,1288
2958,1306
2910,1290
2754,1198
2674,1330
2570,2347
2514,2354
2506,2342
2418,1690
4912,1883
4828,1904
4780,1503
4732,1438
4550,2433
4310,2431
4214,1379
4078,2398
3958,1641
3910,1237
3798,2032
3678,1978
3638,1203
3562,1986
3530,2001
3482,1155
3412,944
3316,944
3244,1878
3212,1756
3120,1075
3871,1082
3847,1835
3787,1797
3739,1041
3695,839
3671,1735
3633,1644
3609,1237
3587,830
3575,1593
3408,1662
3216,1187
3040,701
2944,713
2792,694
2760,1491
4307,1166
4171,1897
4099,1641
3947,1791
3771,2806
3635,3318
3603,4284
3531,2863
3439,4203
5901,3504
5845,2409
5737,2146
5685,2101
5527,4187
5303,4007
5063,2168
4895,1721
4815,1693
4695,3834
4555,3723
4475,2298
4355,1712
4287,3568
4231,3572
4187,2166
4087,1594
3991,1565
3903,1537
3847,3191
4574,3319
4526,2595
4454,1707
4384,3216
4328,3200
4276,1935
4248,3144
4206,3133
4178,1940
4152,1609
4138,2971
3947,2972
3723,2150
3515,2724
3403,2664
3387,1977
3203,1970
3107,2580
3003,2430
2963,2408
2823,2408
2711,1772
2695,1728
2591,1704
2543,2199
2467,2199
4961,2515
4913,1962
4821,2472
4777,1562
4645,2389
4453,2394
4309,1450
4141,1217
4045,1200
3949,2172
3857,2087
3761,2138
3689,1615
3605,1549
3565,1550
3521,1545
3505,1552
3355,1984
3283,1928
3243,1871
3970,1472
3930,1215
3886,1169
3866,1172
3792,1106
3716,1165
3692,1085
3654,1073
3630,1062
3608,1059
3596,1029
3427,1157
3363,1186
3203,1154
3027,1094
2947,1499
2779,1459
4326,1166
4222,2140
4134,1553
3962,1661
3898,2629
3754,4069
3618,2841
3562,2137
3454,2050
5988,4501
5868,4313
5784,2660
5708,4391
5680,3475
5346,3610
5138,4348
5058,2364
4842,3950
4738,2427
4698,3841
4502,2318
4398,1828
4358,1693
4250,3705
4206,4838
4178,3627
4064,3718
3984,2804
3864,1807
4599,1851
4543,3510
4491,3622
4463,2122
4377,2553
4329,2248
4277,2066
4253,2222
4207,1890
4183,2158
4157,2098
4145,2275
3891,1758
3699,1713
3523,1635
3411,1599
3243,1532
3131,1457
3027,2422
3011,2366
2963,2428
2799,2265
2719,2326
2615,1755
2599,1658
5213,1970
5054,1957
4953,1994
4869,2336
4829,1949
4785,1546
4651,2371
4459,2322
4267,1425
4115,2295
4051,2234
3955,1687
3863,2110
3767,2098
3671,1261
3611,1212
3567,1265
3527,1198
3511,1924
3361,1800
3289,1852
4068,1864
3992,1496
3936,1115
3892,1139
3872,1118
3798,1842
3758,1777
3714,1737
3694,1731
3652,1671
3632,1349
3610,1066
3600,1032
3367,1622
3207,1571
3031,1450
2967,1372
4538,1244
4362,2586
4226,1717
4194,2178
4122,1845
3902,3692
3790,3292
3654,3467
6260,3036
6204,2634
6008,2561
5904,2528
5804,2489
5748,2397
5688,2368
5478,2358
5174,2224
5078,2102
4910,4186
4758,4148
4702,2487
4570,2981
4418,3010
4370,2028
4286,2921
4246,2862
4186,2856
4100,2194
3988,3572
4727,3424
4679,2193
4587,1613
4495,3491
4467,3475
4397,2067
4341,3417
4289,2448
4261,3204
4219,2543
4191,3230
4165,2295
4151,1567
3958,3031
3734,2120
3526,2814
3414,2043
3246,1504
3214,2469
3118,2428
3014,1780
2966,1399
2834,1333
2722,1309
2706,2242
5312,2725
5216,1844
5092,2241
4972,1368
4924,1218
4832,2635
4788,2070
4654,2121
4462,1478
4318,949
4150,875
4054,2131
3976,1979
3866,1425
3770,1111
3698,1105
3614,1039
3574,1081
3530,1091
3514,1693
3412,1717
4119,1736
4071,1029
3995,905
3939,884
3895,1615
3875,1589
3801,1689
3761,1008
3717,1672
3697,1654
3655,981
3635,822
3613,1543
3603,1518
3370,1450
3210,1145
3034,1086
4757,1462
4541,1882
4365,1557
4229,1551
4197,3429
4125,1992
3905,1881
3793,1700
6415,1938
6263,2148
6207,2059
6011,1874
5907,1674
5807,1798
5751,1837
5691,1672
5481,1657
5177,1596
5065,1577
4913,1527
4761,2028
4705,1360
4573,1353
4421,4908
4365,4750
4289,3273
4213,1881
4189,3803
4071,2283
4834,1614
4730,2548
4606,2456
4550,3516
4498,1996
4470,1798
4400,1529
4336,3507
4284,3290
4260,1509
4214,2264
4190,2854
4164,2272
4152,1633
3897,4002
3705,1958
3497,1058
3417,2986
3249,1837
3137,1182
3033,2311
3017,2425
2969,2286
2805,1977
2709,1352
5379,3397
5259,1586
5211,1107
5047,3459
4959,1656
4875,2444
4827,1997
4779,1785
4593,2251
4353,1913
4257,821
4073,859
4001,1371
3953,766
3789,935
3717,902
3669,1008
3601,1028
3541,1257
3521,1179
3415,2152
4194,2289
4106,935
3998,694
3950,713
3906,854
3882,2647
3804,1786
3764,1064
3720,2059
3700,2006
3658,1435
3638,1992
3616,1108
3606,1025
3373,805
3213,866
3069,1621
4760,1446
4544,1936
4368,1608
4232,1467
4200,1541
4128,1639
3908,2296
3796,4856
6418,3848
6266,2744
6210,3775
6014,2737
5910,4788
5810,2820
5754,6178
5694,3198
5484,2478
5180,4263
5084,3300
4916,4786
4764,3760
4716,2399
4576,3847
4424,2673
4376,2064
4292,3762
4252,2800
4192,2224
4965,3735
4853,2599
4733,1838
4685,3523
4593,2604
4545,1736
4473,3355
4403,3341
4347,2007
4295,3215
4267,2359
4225,1935
4197,1897
4171,1902
4157,1883
3964,1803
3740,1734
3532,2800
3420,2773
3404,2685
3220,1984
3124,1542
3020,1504
2980,2443
2840,2325
2728,2325
5518,2672
5334,1692
5246,1935
5130,2034
5034,2081
4930,2045
4862,1842
4802,2515
4778,1947
4500,1273
4324,2327
4156,2331
4076,1760
3988,1332
3872,2131
3792,2118
3704,1651
3620,1289
3580,2070
3544,2042
4411,1978
4277,1573
4125,1193
4077,1894
4001,1871
3945,1469
3901,1839
3881,1419
3807,1445
3767,1776
3723,1748
3703,1386
3661,1374
3641,1322
3619,1709
3609,1663
3376,1618
3216,1263
4875,1258
4731,2312
4483,1828
4371,1910
4235,1686
4147,1936
3975,2080
6829,2109
6589,2172
6357,5132
6253,5017
6113,3007
6001,1963
5881,2076
5797,1888
5721,1875
5693,1833
5359,1721
5151,4271
5071,4234
4855,2501
4751,1942
4689,1909
4515,1799
4411,1786
4371,1807
4263,1734
4219,1797
5082,2111
4936,2100
4840,2075
4696,2009
4612,1979
4556,1948
4496,1842
4472,3418
4390,3416
4342,2608
4290,1729
4266,1673
4220,1710
4196,3177
4170,3187
4158,2379
3903,1846
3711,2860
3503,2793
3407,2115
3255,2598
3143,2002
3039,1972
2983,2476
2975,2532
5761,2854
5537,1838
5385,1520
5265,2794
5217,2730
5053,2675
4965,1434
4881,1396
4833,2601
4785,2523
4599,1459
4359,1285
4263,2474
4079,2364
4007,2277
3959,1778
3795,2190
3723,1707
3675,1361
3607,1341
3547,1305
4418,2125
4280,2140
4200,1671
4080,1316
4004,1311
3956,2070
3912,2069
3884,2150
3810,1587
3770,1222
3726,1909
3706,1900
3664,2016
3644,1981
3622,2698
3612,997
3379,1437
3219,2023
4878,1325
4734,2774
4550,1703
4374,4214
4238,2224
4150,1889
4134,2725
6832,6579
6592,2915
6424,2858
6272,4130
6116,4523
6004,3247
5884,2222
5800,5820
5724,3056
5696,3487
5362,3153
5154,4057
5074,4125
4858,3038
4754,1737
4664,3777
4518,2767
4414,1776
4374,3636
4266,3578
4222,2061
5085,1677
4939,1678
4755,1596
4699,1998
4615,2834
4559,3294
4499,3396
4475,3260
4393,2573
4345,2111
4293,2167
4269,2087
4223,2087
4199,2055
4173,2036
4161,1990
3906,1977
3714,1498
3506,1427
3410,1496
3226,2996
3146,2763
3042,1752
2986,2031
2846,2040
5732,3237
5540,2042
5340,2218
5252,1389
5136,1490
5040,1529
4944,1440
4868,1258
4808,1374
4784,2567
4506,2381
4330,1454
4162,1259
4082,1141
3994,2233
3878,2226
3798,1688
3710,2103
3678,2205
3586,2098
3550,1290
4417,1080
4283,2158
4131,2359
4083,2124
4007,1630
3959,1933
3907,1125
3887,2028
3813,1524
3773,862
3729,795
3709,725
3667,728
3647,696
3625,1922
3615,1835
3382,1430
3222,1548
4881,1262
4737,3016
4489,1665
4377,1809
4241,1739
4153,4618
3981,4613
6835,3052
6595,2378
6427,2231
6259,5008
6119,3890
6007,2451
5887,3579
5803,3461
5727,2931
5699,2488
5365,2108
5189,1900
5077,2256
4861,2079
4757,1774
4717,1828
4521,1853
4417,1966
4377,2231
4269,1603
4225,3280
5092,3555
4942,2138
4846,3234
4702,2031
4618,1503
4562,3184
4510,3198
4482,2323
4396,1642
4348,3120
4296,3155
4272,1801
4226,1528
4202,2966
4176,2864
4164,2205
3909,1367
3717,1334
3541,2512
3429,2311
3261,2330
3149,1758
3045,1331
3029,1380
2981,1345
5767,1410
5591,1605
5423,1534
5271,1585
5223,1443
5059,1464
4971,1461
4887,1400
4839,1297
4791,1327
4605,1306
4477,1277
4285,2137
4133,2246
4013,2079
3973,1544
3849,1166
3785,1173
3689,1156
3613,1113
4484,1789
4440,1913
4318,1835
4222,1411
4118,1117
4078,1778
3994,1739
3954,1745
3894,1358
3832,1733
3784,1630
3740,1262
3716,1593
3678,1619
3654,1271
3632,1246
3620,1203
3449,1176
3257,1551
4948,1403
4772,2149
4740,1735
4492,1627
4348,1664
4212,2298
4156,1875
6998,1879
6694,6046
6582,4141
6350,4332
6230,2330
6090,1997
5938,2251
5882,1945
5774,1785
5722,1786
5560,1788
5336,1737
5096,1909
4960,1777
4848,4106
4728,3979
4620,2340
4508,1714
4388,1744
4320,1732
5167,3814
5115,4174
4977,2265
4865,1530
4761,1449
4697,3863
4605,3467
4557,1797
4505,3474
4415,2591
4359,1690
4307,3241
4279,2458
4237,2402
4209,1888
4183,1598
4169,3111
3976,3069
3752,1615
3544,2801
3432,2107
3264,2669
3232,1975
3136,2593
3032,1903
5952,2711
5866,1617
5626,2685
5426,1597
5330,2596
5234,1593
5110,2561
4990,1895
4890,1298
4842,2400
4806,1803
4672,1193
4480,2285
4288,1760
4136,1346
4016,1309
3976,1264
3852,1229
3732,2008
3692,2024
3616,1533
4487,1199
4427,1237
4321,1252
4209,1978
4121,1986
4081,1500
3965,970
3921,960
3897,947
3835,922
3787,907
3735,1840
3715,1758
3673,1800
3653,1137
3631,874
3621,876
3388,961
3228,804
4951,1400
4775,3385
4559,1891
4383,1985
4247,4781
4215,3678
7229,2878
6873,5303
6601,3275
6433,3637
6281,2438
6225,4953
6029,3286
5893,3498
5809,2306
5733,4448
5709,2925
5499,4312
5195,2581
5083,1905
4867,4025
4763,2972
4723,2028
4527,2006
4423,3780
4383,3691
4275,2165
5126,3662
5094,2585
4948,1729
4852,1660
4708,1620
4624,1658
4568,3435
4508,3487
4484,2494
4402,1732
4354,1657
4302,1666
4278,3316
4232,3176
4208,1919
4182,1411
4170,1328
3915,2948
3723,2862
3515,1575
3419,1371
3235,1348
3139,2490
3051,2609
2995,1825
5933,1534
5741,1595
5533,2695
5349,1896
5261,1185
5145,2531
5049,2239
4953,1978
4853,1398
4817,1415
4793,2287
4515,2184
4339,1609
4171,2210
4075,1572
4003,2042
3887,1524
3791,1942
3719,1938
3635,1167
3595,1148
4446,1115
4426,1147
4228,1158
4140,1917
4084,1889
4000,1818
3960,1140
3916,931
3838,934
3790,1818
3746,1740
3722,1730
3684,1237
3660,799
3638,783
3626,810
3455,848
3263,1003
3087,1462
4778,1387
4562,2644
4498,1840
4354,1982
4218,3770
4146,3650
7004,4170
6700,3815
6468,3014
6356,4918
6236,2827
6096,2012
5928,4612
5828,3042
5772,1973
5712,1785
5502,4090
5342,3076
5102,2157
4934,1632
4782,3857
4726,3692
4594,1872
4442,1592
4394,1542
4310,1545
4270,3483
5101,3603
4983,2507
4855,2532
4751,2006
4627,3241
4571,2461
4519,3350
4491,1911
4405,1623
4357,3222
4305,3077
4281,1838
4235,1529
4211,3048
4185,3066
4173,3046
3918,1758
3726,1221
3518,1195
3422,1156
3270,2414
3158,2411
3054,2378
2998,1424
2858,1342
5744,1517
5552,1555
5352,1536
5264,1486
5148,1484
5052,2463
4956,2403
4880,1334
4820,1093
4796,2259
4518,2767
4342,2843
4174,2003
4078,1298
3982,1206
3890,1157
3794,1200
3698,1022
3638,1142
3590,2316
3554,2399
4327,1685
4231,1398
4143,2333
4087,1751
4003,1149
3963,2179
3903,2133
3841,1305
3793,1083
3749,2094
3725,2125
3687,1580
3659,1023
3637,2011
3627,1992
3394,1924
3266,1455
3090,1154
2994,1471
4565,1401
4389,2332
4253,1914
4179,1940
4149,1766
3929,1872
6607,2284
6439,1748
6287,1676
6131,2062
6019,1700
5899,2035
5815,2148
5739,1858
5711,1926
5377,2055
5169,1887
4969,1798
4873,1743
4769,2713
4629,2119
4517,2251
4429,2332
4329,2152
4281,1686
4229,1737
5100,1813
4874,1636
4770,2061
4706,2094
4614,2070
4566,3341
4494,3355
4424,2003
4368,1643
4316,1665
4288,1613
4246,1576
4218,1588
4192,1596
4178,3005
3985,3052
3761,2141
3553,1376
3441,1372
3273,1587
3161,2535
3057,2512
3041,2564
2993,1700
2829,1217
2749,1301
5403,2996
5283,2570
5235,3169
5071,2284
4959,1303
4883,1299
4823,1268
4799,1215
4521,1236
4377,2370
4281,2339
4097,2316
4009,1382
3893,1313
3813,1251
3725,1285
3641,1295
3601,2042
3557,2022
3541,1970
4234,1467
4146,1202
4098,1256
4006,1138
3966,1919
3922,1895
3902,1984
3796,1499
3752,1183
3728,1129
3690,1145
3666,1807
3644,1810
3632,1774
3461,1712
3269,1354
3093,1304
2997,1319
2845,1302
2749,1243
4360,1223
4224,1764
4152,1651
3932,1759
3820,1743
3684,1703
6290,5032
6234,4449
6038,2388
5934,5148
5818,2653
5742,5092
5714,2619
5508,2102
5204,1921
5092,1887
4876,1865
4772,4382
4632,4453
4536,2069
4432,1639
4392,1839
4284,3944
4232,3889
4212,3070
4034,2933
4773,3038
4717,3100
4617,3016
4569,3018
4517,2835
4493,2827
4371,2752
4319,2793
4291,2693
4249,2732
4221,2614
4195,2652
4181,2590
3988,2581
3764,2315
3556,2409
3444,4048
3276,3824
3164,2193
3148,1872
3044,1777
2996,1794
2832,3366
2752,3402
2648,1959
5342,1519
5238,1583
5074,2779
4986,3475
4902,1708
4854,1305
4806,1329
4620,3268
4380,2518
4300,1528
4148,1159
4028,1154
3980,2898
3864,2808
3744,1585
3704,1156
3628,1144
3596,2626
3548,2335
3474,1181
3378,856
4133,980
4093,764
4009,759
3933,685
3909,1220
3847,985
3799,1970
3755,1995
3731,1894
3693,1152
3669,924
3647,892
3635,1760
3464,1749
3272,2016
3096,2072
3000,2071
2848,1580
2816,1597
2736,1555
4227,1205
4155,2423
3999,1560
3823,2680
3791,1907
6365,2182
6245,2235
6105,2204
5953,2074
5897,2092
5789,4580
5737,4589
5575,2586
5351,1867
5111,1821
4975,4287
4863,4401
4743,2148
4603,1731
4523,3895
4403,3852
4335,2898
4279,2827
4235,1855
4133,3590
4037,3589
4776,2187
4712,3714
4620,2779
4572,3606
4500,2698
4430,1571
4374,3550
4322,2702
4294,1712
4252,1658
4224,1736
4198,1601
4184,3206
3991,3213
3767,2236
3559,1443
3447,1455
3279,1335
3247,1363
3151,1324
3047,1302
2999,1535
2867,1448
2755,2435
2651,3263
5345,1712
5249,1339
5125,1199
5005,1301
4957,1464
4861,1225
4821,1339
4687,1356
4495,1143
4303,1211
4151,941
4031,893
3991,1144
3867,868
3747,770
3707,2268
3631,2266
3599,2182
3551,2093
3477,1337
3381,2069
4136,2084
4096,1641
3980,1315
3936,1284
3912,2084
3850,2109
3802,2030
3758,1215
3730,1032
3688,951
3668,1916
3646,1880
3636,1770
3403,1470
3275,1115
3099,1699
3003,1726
2851,1675
2755,1332
2667,1316
4230,1248
4158,2342
3938,2062
3826,2042
3690,1791
6296,1878
6240,2400
6044,2156
5940,1781
5840,4979
5784,4556
5724,2829
5514,2083
5210,4431
5098,3379
4882,2036
4778,4146
4738,3095
4542,2083
4438,3983
4398,2992
4290,2023
4246,2023
4218,2196
4104,3607
4024,3608
4723,2808
4639,1870
4583,3626
4523,3597
4499,2124
4417,3539
4369,2649
4317,2641
4274,2613
4227,2573
4201,2022
4187,3286
3994,2981
3930,1798
3738,2188
3530,2078
3434,2659
3250,2699
3154,1943
3050,2441
3010,2429
2870,1804
2758,1780
2742,1761
2638,2218
5252,2496
5128,1972
5008,1274
4960,1264
4868,2997
4824,2808
4690,1357
4498,2091
4306,1582
4154,1539
4090,1544
3994,1542
3870,1459
3806,1468
3710,1394
3634,1403
3602,1451
3554,1466
3480,1335
3384,1358
4139,1315
4099,1348
3983,2391
3939,2141
3915,1702
3853,1083
3805,1097
3753,1036
3733,1019
3691,997
3671,1053
3649,984
3639,1154
3406,1074
3246,1123
3070,1064
3006,1058
2854,997
2758,1870
2670,1815
2622,1760
4161,1145
3941,1765
3797,1563
3693,1936
3605,1363
6143,1547
6031,1538
5911,1679
5827,1495
5751,1550
5723,1965
5389,2130
5181,2215
4981,2129
4885,2161
4781,2047
4641,3816
4529,3854
4441,1928
4341,3794
4293,2772
4241,1831
4221,1805
4043,1799
3955,1689
4718,1735
4626,1733
4578,1770
4526,1751
4436,1688
4380,1658
4328,1633
4300,1604
4258,1565
4230,1572
4204,1559
4190,1568
3997,1480
3773,1431
3565,1414
3453,1400
3285,1531
3173,1472
3069,1461
3053,1450
3005,1429
2841,1410
2745,1389
2657,1387
2601,1374
2593,1573
5067,1761
4971,982
4895,1199
4835,1568
4811,2563
4533,2467
4357,2417
4189,1881
4109,1467
4021,1437
3905,1355
3809,1347
3737,1347
3653,1286
3613,1310
3569,1320
3553,1300
3403,1265
3331,1286
3283,1195
4018,1938
3978,1960
3934,1971
3856,1496
3808,1225
3764,1179
3740,1175
3702,1159
3678,1103
3656,1154
3644,1151
3473,1101
3281,1091
3105,1053
3009,1049
2993,1199
2825,1175
2745,1155
2657,1155
2625,1092
2501,1102
3832,1110
3800,1757
3664,1521
3608,1713
6114,1904
5962,2759
5906,1745
5798,2010
5746,1725
5584,1711
5360,1933
5120,1936
4984,1728
4872,1949
4752,2045
4612,2070
4532,2160
4412,4003
4328,4093
4288,3057
4228,2001
4142,2005
4030,2020
3942,1974
3902,1970
4589,1973
4537,1945
4509,1977
4439,1914
4375,1942
4323,1865
4299,1838
4253,1795
4229,1766
4203,1746
4191,2053
3936,1846
3744,1793
3536,1660
3440,1602
3288,1826
3176,2206
3072,2200
3016,2132
2876,2057
2844,2080
2748,2045
2644,2021
2604,2008
2520,1931
5070,2171
4974,2210
4886,1609
4830,1598
4814,1674
4536,1712
4360,1477
4192,1532
4096,1461
4000,1428
3908,1407
3812,1354
3716,1411
3656,1386
3608,1342
3572,1373
3486,1285
3406,1279
3318,1291
3286,1267
3218,1242
3981,1288
3921,1242
3859,1204
3811,1268
3767,1249
3743,1207
3705,1217
3677,1161
3655,1154
3645,1299
3476,1209
3284,961
3108,972
3012,1116
2860,1161
2764,1186
2748,1188
2660,1143
2620,1174
2472,1129
2408,1100
3699,1031
3667,1409
3595,1397
3471,1240
5949,1581
5849,1643
5793,1810
5733,1599
5587,5600
5363,3876
5123,3131
4955,2215
4875,1557
4755,1527
4615,2435
4535,1493
4415,1581
4347,2381
4291,1542
4247,1410
4145,1696
4049,1354
3961,1242
3905,1562
3829,1332
4584,1459
4532,1321
4508,1364
4426,1233
4334,1472
4306,1626
4264,2713
4236,3059
4210,2962
4206,1835
4194,1577
3939,1502
3747,1478
3539,1463
3443,1399
3291,1427
3179,1545
3075,1693
3019,1642
3011,1636
2847,1567
2751,1562
2663,1548
2607,1524
2599,1510
5089,1676
5001,1708
4917,2179
4869,1749
4821,1910
4635,1499
4507,1192
4315,1790
4163,1395
4043,1226
4003,1760
3879,1333
3815,1159
3719,1298
3659,1073
3611,1043
3575,1329
3489,1069
3409,1022
3337,1100
3289,1806
4024,2007
3984,2073
3940,2106
3862,1568
3814,1506
3770,1494
3746,1485
3708,1443
3684,1459
3662,1438
3650,1416
3479,1439
3287,1508
3255,1368
3079,1411
2999,1474
2831,1358
2751,1327
2679,1319
2631,1278
2507,1272
3950,1210
3806,1781
3670,1769
3614,1810
6152,1667
6040,1873
5920,1740
5836,1626
5760,1779
5732,1902
5398,2291
5190,2096
5022,2146
4894,2215
4790,2178
4650,2198
4554,2141
4450,1960
4410,2019
4302,1966
4258,1974
4230,1939
4116,1877
3964,1883
3916,1817
4651,2032
4595,2200
4535,2263
4511,2025
4429,2008
4381,2002
4329,2000
4305,1996
4259,1938
4235,1961
4209,1921
4197,1928
3942,1844
3750,1805
3542,1763
3446,1627
3262,1609
3182,1607
3078,1556
3022,1551
3014,1536
2850,1761
2754,2110
2666,2033
2610,2019
5172,2247
5076,2212
4980,2732
4904,2000
4844,1552
4820,1610
4542,1620
4398,1520
4302,1535
4118,1621
4030,1481
3998,1470
3834,1477
3746,1400
3714,1440
3622,1416
3586,1402
3562,1376
3460,1374
3396,1350
4119,1377
4043,1388
3995,1376
3951,1370
3923,1375
3849,1297
3809,1404
3765,1260
3745,1296
3703,1267
3683,1254
3661,1283
3651,1270
3418,1160
3258,1247
3082,1135
3018,1290
2866,1248
2770,1478
2682,1491
2666,1490
2626,1416
3953,1164
3841,1968
3705,1769
3617,1766
6255,1762
6059,3571
5955,2806
5855,2065
5799,2000
5739,1964
5529,2009
5225,1953
5129,1935
4961,1887
4809,1836
4753,1798
4621,1816
4469,1754
4421,1793
4337,1735
4297,1698
4237,1757
4151,1656
4055,1591
4778,1634
4730,1607
4638,1601
4568,1569
4518,1647
4448,1674
4392,1643
4340,1642
4312,1632
4270,1636
4242,1596
4216,1531
4202,1504
4009,1492
3785,1416
3577,1373
3545,1536
3449,1553
3265,1456
3169,1388
3081,1445
3025,1390
2885,1393
2853,1557
2757,1346
5379,1497
5291,1561
5175,1457
5079,1415
4983,1500
4907,1424
4847,1407
4823,1431
4545,1364
4401,1377
4305,1346
4121,1319
4033,1252
4001,1261
3837,1236
3765,1171
3717,1213
3649,1285
3589,1299
3569,1193
3495,1191
4242,1131
4154,1230
4114,1221
3998,1134
3954,1123
3930,1105
3868,1054
3820,1137
3776,1097
3752,1073
3714,1106
3690,1125
3668,1032
3656,1070
3485,1026
3293,988
3117,1002
3021,1002
3005,1111
2837,1127
2757,1090
2669,1244
4192,1248
4020,1538
3844,1439
6618,1565
6402,1483
6298,1812
6126,1514
5974,4696
5918,2777
5810,1954
5758,1782
5738,2019
5404,1819
5196,1801
4996,1915
4884,1672
4796,4212
4656,4035
4544,2208
4456,1779
4356,1830
4308,1687
4256,1669
4236,1767
4901,1634
4797,1660
4741,1676
4641,1568
4593,1576
4541,1794
4451,1583
4395,3438
4343,3392
4315,2208
4273,1660
4245,1708
4219,1642
4205,1610
4012,1603
3788,1548
3580,1487
3468,1464
3300,1434
3268,1585
3172,1840
3068,1777
3020,1765
2888,1738
2776,1731
5462,1899
5366,1980
5270,1937
5098,1905
5010,1951
4926,1829
4878,1795
4830,1824
4644,1830
4404,1744
4324,1810
4172,1711
4052,1684
4004,1636
3888,1622
3768,1565
3720,1519
3652,1528
3592,1488
3572,1482
3466,1471
4245,1491
4157,1487
4049,1507
4001,1574
3957,1482
3933,1458
3855,1393
3815,1435
3771,1392
3751,1357
3709,1392
3689,1379
3667,1574
3657,1327
3424,1492
3264,1470
3088,1487
3008,1476
2840,2153
2776,2059
2688,1621
2640,1271
4023,1237
3959,1850
3815,1729
6405,1699
6301,2016
6161,1787
6049,1795
5929,1747
5845,1654
5769,1674
5741,1949
5407,1790
5199,1963
4999,2219
4903,2321
4799,2286
4659,2208
4563,2161
4459,2156
4359,2123
4311,2128
4259,4005
4239,4001
4125,2263
4800,1894
4744,1820
4660,3926
4596,3945
4544,2391
4520,3822
4438,2772
4390,1972
4338,1972
4276,1987
4248,1808
4222,3453
4208,3692
4206,2641
3951,1802
3759,1654
3551,1430
3455,1458
3271,1415
3175,2574
3087,2662
3031,2670
2891,1989
2859,1941
2763,1968
5385,2167
5297,2277
5181,1760
5085,1184
4989,1172
4913,1167
4853,1199
4829,1296
4551,1300
4375,1352
4311,1610
4127,1474
4039,1507
3923,1414
3843,1367
3755,1415
3723,1414
3631,1306
3595,1401
3571,1373
3469,1356
4248,1411
4128,1401
4052,1361
4004,1333
3960,1314
3932,1277
3858,1312
3818,1352
3774,1296
3754,1242
3712,1221
3692,1943
3670,1953
3660,1881
3427,1834
3267,1474
3091,1335
3027,1415
2875,1423
2779,1374
2691,1327
2675,1342
4182,1341
3962,2218
3850,1774
6472,1542
6320,1755
6264,1865
6068,1714
5964,4696
5864,3775
5808,2196
5748,1963
5538,4554
5234,3468
5122,2287
4970,1978
4818,1890
4762,2257
4630,1938
4478,3927
4422,4034
4346,2528
4270,1721
4246,1712
5019,3877
4891,3808
4787,2231
4739,1635
4607,1629
4555,1603
4527,1720
4457,1737
4401,1698
4341,3424
4317,3450
4271,2609
4247,1697
4221,1737
4209,3293
3954,3227
3794,2343
3586,1566
3474,2968
3306,2864
3194,2880
3178,1711
3074,2786
3026,2751
2862,2068
2782,2617
5468,2862
5372,1938
5268,2405
5104,1884
5016,1342
4932,2741
4884,2738
4836,1613
4650,2564
4522,1961
4330,2582
4178,1906
4058,1869
4018,1815
3894,2398
3774,2302
3734,1747
3658,1697
3626,2173
3578,2138
4363,1670
4267,1360
4163,1311
4123,1328
4039,1288
3999,1283
3939,1281
3877,2083
3829,2032
3785,1982
3761,1614
3723,1170
3699,1923
3677,1924
3665,1873
3494,1426
3302,1409
3126,1362
3030,1770
3014,1761
2846,1692
2766,1705
2678,1655
4201,1213
4029,2026
3861,1686
6627,1647
6411,2281
6307,3069
6167,3831
6055,2523
5935,2186
5851,4875
5775,3689
5747,3558
5413,3570
5205,2281
5005,4426
4909,2705
4805,4188
4665,3110
4569,3996
4465,3152
4425,2089
4317,3848
4273,3857
5136,3056
4990,1800
4894,3825
4750,2882
4666,1758
4610,1612
4558,1506
4530,3651
4444,3677
4396,2210
4344,1604
4320,1543
4274,1575
4250,1575
4224,3420
4212,3393
4021,2000
3797,1587
3589,1562
3477,3053
3309,2928
3277,2234
3181,1744
3077,1713
3029,1661
5911,2978
5671,3264
5471,1551
5375,2285
5279,1741
5155,2905
5035,2049
4987,1326
4895,1254
4851,2737
4717,2694
4525,1641
4381,1208
4213,2608
4117,2666
4045,2025
3929,1949
3833,1546
3761,1483
3677,2361
3637,2355
4488,1398
4468,2418
4334,1812
4182,1187
4134,1192
4058,1174
4010,1133
3958,2245
3938,2255
3864,1695
3824,1329
3780,1306
3760,2112
3718,2080
3698,2094
3676,1311
3666,1093
3433,1042
3273,1964
3129,1968
3033,1941
2881,1493
2785,1156
4396,1332
4260,2647
7282,1960
7046,2286
6710,4296
6510,2527
6398,2579
6278,5613
6138,3615
5986,4071
5930,2765
5822,2213
5770,5029
5608,3710
5384,2354
5144,1902
5008,4603
4896,3710
4776,3295
4668,2170
4556,4189
4468,3194
4368,2067
5223,4245
5163,2622
5139,3981
4913,2342
4809,4009
4753,2951
4669,2872
4605,2965
4553,3558
4529,3171
4447,1682
4399,1493
4347,3670
4323,3653
4277,2172
4253,1631
4227,3523
4215,3472
3960,1747
3768,3225
3560,2374
3480,1590
3312,1524
3200,1482
3096,1478
6222,1625
6126,3240
5818,3064
5642,1692
5474,1227
5378,1231
5274,2930
5110,2951
5022,1518
4938,2166
4890,2170
4842,1729
4720,1732
4528,1642
4336,1609
4184,1625
4120,2493
4024,2597
3900,2565
3836,1796
3740,1511
4591,1442
4535,2448
4491,2398
4369,1867
4273,1838
4185,1469
4129,2347
4045,2253
4005,2228
3961,1814
3941,2167
3835,2209
3791,1682
3767,1667
3729,1726
3705,1601
3683,2107
3671,2073
3500,1675
3436,2009
3276,1953
3100,1453
3020,1964
4543,1405
4399,2477
7485,2165
7333,1899
7113,2527
6889,2071
6649,2103
6417,1934
6313,2000
6173,2638
6061,2254
5941,5360
5857,4905
5781,3171
5753,2269
5419,2037
5211,4902
5011,4727
4899,2439
4811,3615
4671,2824
4559,4258
4471,3186
5282,2146
5226,4294
5166,3247
5142,3159
4916,3097
4812,2706
4748,2235
4656,3959
4608,3054
4556,3971
4466,2321
4410,3950
4358,2576
4330,2929
4288,3656
4260,2563
4234,1752
4220,1543
4027,1454
3803,3396
3595,3336
3483,2426
3315,1580
3203,1603
3187,1537
6225,3271
6129,3341
5821,1819
5645,3222
5477,2016
5325,1415
5277,1437
5113,1455
5025,1317
4941,1365
4893,1418
4845,1299
4659,1361
4419,2800
4323,2670
4139,1983
4051,1302
4019,1226
3855,1217
3767,1224
4662,1145
4546,1182
4502,2258
4474,2164
4340,1638
4188,1061
4140,2042
4048,2086
4008,1499
3964,1261
3944,1265
3838,2042
3794,1927
3770,1602
3732,1903
3708,1498
3686,1222
3674,1895
3503,1827
3311,1431
3135,1146
3039,1134
3023,1122
2855,1706
4402,1279
4266,2371
7320,1872
7052,2250
6748,1842
6636,3178
6404,2120
6284,5097
6144,3175
5992,2355
5936,2221
5828,2194
5776,1963
5614,2041
5390,2018
5150,1822
5014,4239
4902,4183
4782,2638
4674,1969
4562,2037
4442,3955
5285,4072
5221,2518
5169,1903
5031,3944
4919,3823
4815,1964
4751,1571
4659,1540
4611,3649
4559,3719
4535,2809
4413,2712
4361,2080
4333,3398
4291,3368
4263,2036
4237,3298
4223,2560
4030,3254
3966,2369
3774,1571
3566,1545
3470,2782
3286,2828
3206,2891
3102,1661
6172,3073
5984,2289
5792,2374
5600,3047
5448,1866
5328,1400
5196,1305
5100,2969
5004,2702
4928,2773
4896,2062
4848,1453
4662,1424
4422,2579
4326,2638
4190,2001
4070,1545
4022,1474
3906,2378
3786,2342
4673,1844
4581,1240
4541,1274
4497,1270
4375,1223
4279,1204
4191,1198
4135,1185
4051,1170
4011,1331
3967,2215
3947,2232
3873,1666
3833,1151
3789,1144
3769,2014
3727,1898
3707,1925
3685,1223
3675,2041
3442,1975
3282,1235
3106,1034
3042,1862
4613,1443
7755,2577
7523,2132
7411,2546
7283,2126
6927,5301
6719,2964
6519,2192
6335,1970
6279,1950
6083,5220
5979,4695
5879,3954
5823,2526
5763,2136
5553,2047
5393,2082
5153,1983
4985,4617
4833,4408
4785,2915
4645,2091
5428,4326
5372,3390
5272,2367
5224,1794
5152,1883
5034,1828
4922,4012
4802,3744
4754,2969
4662,2028
4570,3806
4542,3784
4472,1923
4416,2866
4364,2820
4336,2777
4294,2778
4266,2705
4240,2216
4226,2146
4033,3362
3809,3304
3601,1960
3489,3111
3321,3018
6639,2133
6431,3365
6247,2610
6135,1509
5923,3169
5683,2496
5483,2400
5387,1958
5291,2274
5167,3477
5047,2198
4947,3619
4899,1839
4851,1602
4671,3367
4537,3533
4345,3480
4193,1725
4073,3408
4025,2406
3909,1560
4724,3179
4668,2432
4584,2389
4508,1550
4484,1515
4346,1516
4266,1449
4178,1469
4070,1417
4022,1404
3978,1402
3950,1367
3876,1329
3836,1370
3792,1368
3772,1372
3730,1290
3710,1283
3688,1281
3678,1255
3445,1197
3285,1202
3109,1185
3029,2446
4552,1459
7662,3176
7494,1783
7326,3898
7122,2189
6754,6594
6642,3065
6426,3866
6290,2888
6150,5737
5998,3353
5942,4085
5834,2709
5782,5462
5620,3164
5396,2174
5156,2053
4988,5047
4908,3793
4788,3799
4648,3471
4568,2173
5375,5085
5275,3409
5227,2243
5155,1837
5037,1850
4909,4584
4805,3998
4757,3413
4625,2085
4573,1714
4545,4329
4475,3548
4411,2056
4359,1982
4335,4081
4289,3918
4265,2938
4239,2313
4227,4432
3972,2359
3780,1583
3572,3829
3476,3604
3324,2245
3212,1432
6330,1681
6178,3631
6130,2726
5798,2691
5606,1545
5454,3417
5326,2469
5202,1435
5106,3460
5010,2388
4934,1392
4874,3266
4850,2316
4572,1345
4396,3079
4332,2257
4148,1478
4060,3064
3944,2060
3864,3340
3776,2663
4671,1322
4555,2675
4503,1292
4483,1136
4349,1662
4197,1301
4149,2858
4073,2591
4017,1230
3973,2560
3953,1828
3879,1511
3839,1482
3779,1562
3741,1594
3717,1445
3695,1441
3683,1487
3512,2456
3320,2419
3288,1773
3112,1177
3032,1151
2864,1139
4411,1421
7433,2604
7329,1852
7125,1877
6757,1938
6645,5905
6429,3551
6293,2590
6153,4372
6001,3159
5945,5773
5837,3290
5785,3907
5623,4125
5399,2818
5223,2346
5023,1961
4911,2020
4791,6009
4683,4795
4571,2946
5378,4133
5294,2409
5230,5968
5178,2283
5040,1655
4928,4042
4824,4056
4760,2355
4668,3906
4620,2258
4548,1745
4478,1656
4422,3785
4370,3590
4342,2176
4300,1648
4272,1618
4246,3687
4232,3546
4039,2150
3815,1513
3607,1480
3495,1451
3327,1422
3295,1423
3199,1488
6253,1841
6141,1789
5929,1779
5657,1803
5489,1713
5393,1770
5297,1724
5125,1651
5037,1690
4953,1637
4905,2873
4857,2869
4671,1732
4543,2120
4351,2111
4199,2030
4079,2060
4031,1981
3915,2554
3795,1900
4682,1501
4590,2521
4550,2001
4490,1962
4384,1922
4272,1515
4184,2407
4144,2292
4028,1781
3984,2321
3960,1661
3898,1198
3842,2134
3798,2030
3778,2075
3736,1321
3716,2027
3694,1734
3684,2076
3451,1995
3291,1548
3115,1930
3051,1500
2899,1929
2803,1866
4310,1302
7348,2188
7292,2059
6936,1877
6664,1760
6496,1820
6344,5425
6288,2980
6092,2234
5988,3924
5872,3008
5832,2425
5772,4914
5562,3688
5258,2191
5146,3531
4930,3378
4842,2517
4786,2197
4590,2165
4502,4203
5373,4301
5276,2386
5189,3148
5161,2352
5011,2007
4915,3841
4771,2824
4687,2898
4631,2023
4579,1983
4547,1932
4465,3752
4417,3550
4365,2158
4341,1901
4295,3573
4271,3528
4245,3615
4233,2151
3978,1683
3786,1702
3578,1740
3482,1546
3330,3054
3218,3049
6336,3317
6184,2070
6136,1481
5804,1503
5612,1527
5460,1469
5340,1404
5292,1378
5112,1367
5016,1394
4940,1473
4880,1407
4860,1485
4674,1463
4434,1325
4338,1436
4154,1532
4082,1474
4034,2557
3870,2520
3798,2472
4677,1955
4593,1541
4517,2513
4493,2500
4387,1945
4275,1334
4187,1292
4147,1283
4031,2374
3987,2307
3963,1500
3901,982
3853,2231
3809,2240
3785,2270
3747,1289
3723,2056
3701,2122
3689,2433
3518,1847
3326,1232
3150,2406
3054,2386
2902,1173
2870,950
7655,1420
7439,2622
7303,1810
7067,3907
6731,2181
6531,4396
6419,2561
6299,5912
6095,3371
5991,2509
5891,2318
5835,2382
5775,2220
5565,5562
5405,4273
5165,2710
4997,2140
4845,2063
4789,4500
4657,4296
4505,2385
5376,2016
5284,2032
5192,4965
5164,3484
5014,2262
4918,4178
4814,2852
4690,1912
4634,3956
4582,3990
4554,2055
4468,3822
4420,2671
4368,3628
4344,2332
4298,3773
4274,2746
4248,3598
4236,2275
3981,3453
3789,3460
3581,2138
3485,1645
3301,3263
3221,3188
6307,2743
6187,3571
5999,2072
5807,1574
5615,1475
5415,1449
5327,1455
5211,1427
5115,1355
5019,1498
4943,1561
4883,2947
4859,2990
4581,1895
4405,1463
4237,1409
4141,1405
4045,3144
3953,3026
3857,1834
3761,1392
4612,1404
4556,1401
4512,1461
4390,3214
4294,3064
4206,1778
4150,1366
4066,1310
4026,2876
3966,2983
3904,1845
3856,2191
3812,2049
3788,1671
3750,1675
3726,1650
3704,2857
3692,2696
3521,1634
3329,2701
3153,1886
3057,2529
2905,1923
2809,1317
2793,2549
7426,1417
7306,2445
6942,1974
6734,2318
6534,1836
6350,1943
6294,1942
6098,1869
5994,2236
5894,2133
5838,2175
5778,2250
5568,5046
5264,4916
5152,2905
4936,2206
4848,2000
4792,2076
4596,2011
4508,2009
4452,1989
5287,2137
5195,2127
5167,2058
5017,2071
4921,2040
4777,2132
4693,4150
4637,4136
4577,2332
4553,1962
4471,1742
4423,1889
4371,1863
4347,1947
4301,3827
4277,4080
4251,3320
4239,2130
3984,1980
3792,3825
3584,3726
3488,2187
3304,3670
3208,2642
3120,1898
6174,3799
6002,2357
5754,2947
5602,1991
5418,3708
5330,2289
5182,1664
5062,3642
5014,2187
4922,3608
4878,2023
4744,1486
4552,3316
4360,2403
4240,1704
4144,3251
4048,2314
3924,1659
3860,3093
3764,2279
3704,1480
4559,1501
4515,1503
4393,1475
4297,1506
4193,1549
4153,1452
4069,1467
3993,1517
3969,2764
3907,2778
3859,1658
3815,1388
3787,1392
3745,1339
3725,1372
3703,2636
3693,2755
3460,1904
3300,1281
3156,2593
3060,2430
2908,1782
2812,1222
2724,1985
2708,2017
7301,2005
6945,2912
6673,2403
6505,2241
6353,1859
6297,4338
6085,2178
5965,2091
5881,5939
5805,3291
5777,2383
5443,2652
5235,1919
5155,5924
4939,3256
4835,2818
4695,4250
4599,4232
4495,2541
4395,2016
5250,1870
5190,1934
5166,1965
4940,4079
4836,4027
4780,2163
4680,1574
4632,1619
4580,1710
4556,1689
4434,1550
4382,1610
4354,1529
4312,3674
4284,3694
4258,2246
4244,2761
4051,3544
3827,2564
3619,2023
3507,2041
3339,1982
3227,1454
3211,1443
3107,3057
3059,3050
5845,3266
5669,1731
5501,1384
5349,1442
5301,1351
5137,1376
5049,3077
4965,3067
4917,1877
4869,3011
4683,1795
4443,2882
4347,2211
4163,1475
4075,1410
3959,1346
3879,2660
3791,2683
3707,1983
3667,2590
4518,2008
4498,1394
4300,2624
4212,1990
4156,1986
4072,1547
4032,1523
3972,2632
3910,2502
3862,1552
3818,1259
3794,1262
3756,1203
3728,1206
3706,1205
3696,1185
3463,1286
3303,1248
3127,1238
3063,1368
2911,1892
2815,1341
2727,1275
2679,2380
2555,2087
2523,1153
6660,1260
6444,3404
6340,2307
6200,1786
6016,2086
5960,2258
5852,1978
5800,5922
5638,3672
5414,2038
5174,2167
5038,4805
4926,2658
4806,2703
4666,1669
4586,1564
4466,2427
4382,4297
4342,4293
4282,3110
5055,1662
4927,1521
4823,1860
4775,1561
4643,1446
4591,1803
4563,1525
4493,1400
4429,3867
4377,4431
4353,2803
4307,1777
4283,1358
4257,1863
4245,1568
3990,1324
3798,5087
3590,4528
3494,4341
3310,4063
3230,2112
3126,1391
3070,3017
2930,2953
2898,3523
5624,2419
5424,2450
5336,2420
5220,1923
5124,1641
5028,1558
4952,1504
4892,2855
4868,3590
4590,1779
4414,3607
4246,2637
4150,1683
4078,3443
3962,3256
3866,1873
3794,2412
3710,3176
3662,2384
3626,1559
3540,3059
4303,3095
4215,2384
4159,2425
4075,1799
4035,3122
3975,2330
3913,2248
3865,1824
3821,1504
3797,2988
3759,2922
3735,1665
3713,2795
3701,1677
3530,1364
3338,2667
3162,2646
3066,1538
2914,1260
2882,1249
2802,1235
2714,1387
2674,1371
2558,1507
2462,1555
2374,2357
6431,1267
6311,1839
6171,1775
6019,1661
5963,1863
5855,3418
5803,2134
5641,1902
5417,1861
5177,1936
5009,4689
4929,4820
4809,2855
4669,2157
4589,2260
4469,4442
4385,4228
4345,2687
4285,1995
4199,4112
4946,4184
4826,2559
4778,1793
4686,4062
4594,3148
4566,2002
4496,3799
4440,2949
4388,1902
4360,1958
4318,1922
4290,1925
4264,1902
4250,1945
4057,1771
3833,1720
3625,1668
3513,1649
3345,1810
3233,1760
3217,1778
3113,1736
3065,1637
2933,2765
2821,2794
5507,2964
5411,2127
5315,1495
5191,1373
5055,1422
4971,1409
4923,2782
4875,2924
4753,2275
4561,1408
4369,1544
4217,1484
4097,1358
4057,1429
3933,1380
3813,1295
3773,2511
3697,2471
3665,2382
3617,1550
3543,2344
4306,2356
4202,1879
4162,1835
4078,1498
4002,2383
3978,2266
3916,1766
3868,1414
3824,2170
3800,2159
3762,1690
3738,1355
3716,1321
3704,1296
3533,2039
3341,2028
3165,1999
3069,1556
2917,1512
2885,1944
2805,1957
2717,1914
2677,1812
2561,1863
2465,1467
2377,1423
6434,1711
6314,1984
6174,2149
6022,1780
5966,1790
5858,5046
5806,4406
5644,3367
5420,2346
5180,1898
5012,5133
4932,3535
4812,2196
4672,1923
4592,1916
4472,4743
4404,4270
4348,2379
4304,2110
4202,2203
4949,2216
4829,2342
4781,4633
4689,3636
4641,2378
4569,1939
4499,4632
4443,3303
4391,2109
4363,1707
4321,4307
4293,4014
4267,2823
4253,1801
4060,1755
3836,4091
3628,3770
3516,2374
3500,1931
3316,3642
3220,3656
3116,2082
3076,1736
2936,1685
2824,3220
5614,3728
5430,2179
5318,1634
5194,1480
5074,1378
5026,1442
4934,1501
4890,1462
4756,3184
4596,3228
4420,1955
4252,3274
4156,2327
4084,1578
3968,1473
3872,1537
3800,1475
3716,1432
3676,1557
3632,1468
4507,1524
4373,1410
4221,1296
4173,1399
4097,2541
4041,2943
3997,2169
3977,1455
3903,1360
3863,1382
3819,1255
3799,1251
3757,1249
3737,1359
3715,1412
3705,1460
3472,2613
3312,2461
3136,1493
3056,1287
2888,1197
2824,1223
2736,1231
2688,1200
2680,1199
2532,1552
2452,1523
6517,1233
6365,2343
6209,1680
6097,1807
5977,1702
5893,1666
5817,2078
5789,1685
5455,1636
5279,1991
5167,2081
4951,2072
4847,2144
4807,2341
4611,2289
4507,2127
4467,2122
4359,2100
4315,2037
5178,2215
5032,2105
4936,1996
4792,2151
4708,2028
4652,1932
4592,2026
4568,2047
4486,1895
4438,4434
4386,4490
4362,2141
4316,1751
4292,1653
4266,1676
4254,1754
3999,1555
3807,1587
3599,1679
3503,1827
3319,1695
3239,1940
3135,1896
3079,1838
2939,1823
2907,1820
5617,1942
5433,2057
5345,2022
5229,1852
5133,1872
5037,1959
4937,1893
4893,1831
4877,2019
4599,2056
4423,2011
4255,2022
4159,1936
4087,1970
3971,1785
3875,1856
3803,1916
3719,1854
3679,1793
3635,1734
4510,1799
4312,1831
4224,1896
4176,1777
4084,1856
4044,1831
4000,1695
3980,1663
3874,1780
3830,1668
3806,1705
3768,1609
3744,1676
3722,1588
3710,1719
3539,1613
3347,1633
3171,1643
3139,1587
3059,1545
2891,1565
2811,1564
2723,1550
2691,1544
2567,1502
2471,1458
2455,1502
6456,1275
6320,2010
6180,1742
6028,1704
5972,2039
5864,2201
5812,1892
5650,1836
5426,1639
5250,1826
5050,2031
4938,2003
4818,2332
4710,2487
4598,2517
4510,2448
4410,2376
4354,2258
4310,2384
5181,2405
4955,2293
4851,2437
4787,2312
4695,2240
4647,2286
4595,2272
4571,2127
4449,2256
4397,2155
4369,2172
4327,2134
4299,2049
4273,2055
4259,2054
4066,2027
3842,1993
3634,1948
3602,1866
3506,1861
3322,1799
3226,1763
3122,1741
3082,1734
2942,1689
5716,1878
5620,1880
5436,1825
5324,1850
5200,1799
5080,1758
5032,1742
4940,1721
4896,1693
4762,1658
4602,1659
4426,1630
4258,1617
4162,1592
4066,1559
3974,1502
3878,1494
3806,1488
3722,1480
3682,1476
3638,1475
4513,1460
4315,1470
4227,1464
4179,1517
4087,1442
4047,1440
4003,1444
3983,1409
3909,1389
3833,1406
3809,1368
3771,1393
3747,1485
3725,1413
3713,1402
3542,1345
3350,1347
3318,1331
3142,1321
3062,1277
2894,1454
2814,1414
2726,1371
2694,1384
2570,1326
2474,1314
2458,1334
6443,1321
6323,1852
6183,1739
6031,1642
5975,1785
5867,2134
5815,1612
5653,1588
5445,1999
5253,1963
5053,2001
4941,2193
4853,2227
4713,2205
4601,2220
4513,2164
4413,2248
4365,2160
4313,2093
5184,2202
5038,2146
4854,2089
4798,2131
4714,2023
4650,2035
4598,2017
4574,2001
4492,1953
4444,1968
4392,2148
4368,2096
4322,2121
4298,2014
4272,2033
4260,1976
4005,1837
3813,1800
3605,1746
3525,1960
3357,1911
3245,1909
3141,1870
3125,1847
3077,1813
5863,1926
5687,1984
5519,1962
5423,1980
5319,1960
5155,1921
5067,1889
4983,1848
4935,1863
4899,1827
4765,1822
4573,1822
4381,1771
4261,1770
4165,1758
4069,1698
3977,1621
3881,1633
3809,1601
3725,1603
3685,1607
4536,1563
4516,1595
4382,1619
4230,1563
4182,1567
4106,1565
4058,1593
4006,1533
3986,1505
3912,1485
3872,1519
3828,1516
3808,1461
3766,1500
3746,1493
3724,1440
3714,1453
3545,1425
3353,1429
3177,1370
3081,1371
2929,1336
2897,1370
2817,1357
2729,1302
2697,1301
2573,1279
6790,1324
6678,2366
6446,1702
6326,2159
6186,1734
6034,1911
5978,2425
5870,2005
5818,1929
5656,2520
5432,5033
5256,3251
5056,3056
4944,1675
4824,2209
4716,6361
4604,3213
4484,2121
5327,2530
5263,1627
5211,1767
5073,2305
4961,2014
4857,2334
4793,2833
4701,2948
4653,2786
4581,2761
4511,2758
4455,2710
4403,2720
4375,2664
4333,2647
4305,2720
4279,2108
4265,1991
4072,1567
3848,1534
3640,2284
3528,1429
3360,1523
3248,2167
3232,1415
3128,1374
6174,1586
5962,1540
5690,1453
5522,1437
5426,1410
5322,1415
5158,1576
5070,1293
4986,1267
4938,1564
4890,1233
4704,1621
4464,1447
4368,1210
4232,1648
4112,1260
4064,1259
3930,1727
3828,1150
3780,1119
4623,1756
4547,1130
4523,3110
4385,2217
4305,1442
4217,1150
4109,1195
4061,2553
4017,2292
3989,2328
3915,2419
3875,2354
3831,2385
3811,2315
3769,2340
3749,2359
3727,2278
3717,2239
3484,2169
3324,2167
3148,2060
3068,2038
2932,1968
2836,1931
2748,1953
2700,1899
2576,1870
2544,1862
6697,1298
6529,2728
6361,1662
6221,3636
6109,2128
5989,1783
5905,2349
5829,2498
5801,2404
5467,2503
5259,2228
5059,2119
4963,2143
4859,2259
4719,2238
4607,2386
4519,2369
4419,2420
5274,2500
5214,2379
5190,2317
4964,2407
4860,2261
4804,2272
4704,2266
4656,2321
4604,2293
4580,2271
4458,2180
4406,2151
4378,2084
4336,2096
4308,2096
4282,2257
4268,2228
4075,2258
3851,2119
3643,2049
3531,2614
3515,3244
3331,1354
3235,1227
3131,1424
6177,2102
5965,2397
5725,2506
5525,2368
5429,2328
5333,2273
5209,1839
5073,1556
4989,1556
4941,1497
4893,1513
4707,1518
4579,1454
4387,1456
4235,1457
4115,1403
4067,1424
3951,1592
3831,1480
3783,1551
3715,1519
4550,1486
4526,1516
4388,1535
4308,1488
4220,1478
4112,1483
4064,1472
4020,1500
3992,1475
3918,1441
3878,1408
3834,1376
3814,1384
3772,1406
3752,1427
3730,1395
3720,1371
3487,1282
3327,1314
3151,1261
3071,1393
2903,1404
2823,2094
2751,2102
2703,2084
2579,1587
2483,1260
2467,1257
6468,1284
6332,2318
6192,2154
6040,1828
5984,1807
5876,2319
5824,1657
5662,1685
5438,2167
5198,2067
5030,2118
4950,2310
4830,2218
4690,2390
4538,2302
4490,2112
4406,2259
4366,2171
5197,2097
5079,2274
4951,2135
4847,2031
4723,2106
4667,2098
4615,2034
4587,2004
4501,2004
4453,1887
4401,2039
4377,1908
4331,1878
4307,3806
4281,3765
4269,2253
4014,2844
3822,2667
3614,2081
3518,2025
3334,1996
3238,1995
3150,3264
3094,3144
2954,2341
5728,1738
5632,1712
5448,1795
5336,1678
5212,1687
5092,1640
5044,1649
4952,1635
4908,1632
4774,1571
4582,1585
4390,1531
4238,1532
4118,1536
4078,1521
3954,1453
3834,1494
3794,1450
3718,1414
3686,1598
3638,1628
4423,1535
4311,1581
4223,2687
4115,2654
4067,2047
4023,1415
3999,2604
3929,2568
3881,1571
3837,1303
3817,1341
3775,1291
3755,1267
3733,1267
3723,1247
3490,1217
3330,1327
3154,1529
3074,1490
2938,1515
2842,1463
2754,1487
2706,1450
2698,1432
2550,1406
2470,1445
2398,1418
2350,1432
6227,1264
6115,2159
5995,1699
5911,1515
5835,2329
5807,2125
5473,4900
5265,3282
5065,2312
4969,2135
4865,4781
4725,4933
4629,3537
4525,3548
4425,2440
4377,2198
4325,2068
4305,1995
4970,4578
4866,4581
4810,2392
4710,1842
4662,4297
4610,3626
4586,2122
4464,1846
4412,1989
4384,1899
4342,1847
4314,1857
4288,1790
4274,1738
4081,1771
3857,1752
3649,1740
3537,3428
3369,3326
3337,2528
3241,1702
3137,1662
3089,1663
2957,1588
2845,1579
5531,3294
5435,3498
5331,1924
5167,2454
5079,2424
4995,1907
4947,1917
4899,1930
4713,3066
4473,2315
4377,1549
4193,1529
4121,2887
4073,3023
3909,1688
3837,2760
3789,2097
3697,1432
3661,2674
3637,2627
4341,2000
4242,1374
4194,2769
4118,2709
4062,1625
4018,1462
3998,2663
3924,2632
3848,1579
3824,1351
3786,1294
3762,1331
3740,1325
3728,2441
3557,2357
3365,1873
3189,2385
3093,1791
2941,1499
2909,1432
2829,1428
2741,1425
2701,1375
2553,1352
2489,1373
2401,1505
2353,1299
2345,1554
2261,1499
6030,1245
5930,2234
5874,1683
5814,1839
5604,3298
5300,3704
5188,2484
4972,4648
4868,3528
4828,3463
4632,2457
4528,4553
4488,3345
4380,4468
4336,3365
4308,4343
4194,2442
4869,4300
4813,3281
4713,1981
4665,1730
4613,1833
4589,1803
4467,3953
4415,3972
4387,2717
4345,2094
4317,2047
4291,2007
4277,1909
4084,1830
3860,3491
3652,3390
3540,2067
3372,1522
3260,1475
3244,1526
3140,1436
3092,1525
2928,1732
2848,1680
2744,1934
2688,1891
5334,2069
5170,2103
5082,2060
4998,2033
4950,2019
4902,1990
4716,1959
4476,1912
4380,1928
4196,1914
4124,1876
4076,1866
3912,1838
3840,1801
3792,1795
3724,1807
3664,2780
3644,2715
3538,1628
3474,1404
4197,2588
4121,2679
4073,1620
4029,1322
4001,1327
3927,2533
3887,2570
3843,1965
3823,1291
3781,2441
3761,2420
3739,1506
3729,2420
3496,1826
3336,1419
3160,1398
3080,1398
2944,1354
2848,1374
2760,1353
2712,1343
2704,1364
2556,1315
2476,1346
2404,1308
2356,1310
2280,1477
2264,1497
2224,1504
5917,1227
5841,2062
5813,1891
5479,2012
5271,1694
5191,4623
4975,3119
4871,2068
4831,1743
4635,1821
4531,4287
4491,4288
4383,2511
4339,1946
4311,1985
4197,1956
4117,1787
4816,1983
4732,2006
4676,1947
4624,1988
4594,1984
4510,1864
4462,1956
4410,1933
4386,1831
4340,1907
4316,1897
4290,1787
4278,1830
4023,1686
3831,1899
3655,1875
3543,1837
3375,2051
3263,1837
3159,1615
3143,1279
3095,1193
2931,1139
2851,1150
2747,1279
5441,1129
5337,1220
5173,1225
5085,1307
5001,1645
4953,1703
4905,1727
4719,1714
4591,1622
4399,1613
4247,1664
4127,1582
4087,1586
3963,1541
3843,1483
3803,1483
3727,1483
3695,1466
3647,1498
3573,2579
3493,2574
4232,1994
4192,1352
4108,1463
4032,2540
4008,2637
3946,1583
3898,1174
3854,1145
3830,1131
3792,1150
3768,1238
3746,1328
3734,1323
3563,1308
3371,1313
3195,1300
3099,1326
2947,1432
2851,1477
2835,1483
2747,1415
2707,1424
2591,1505
2495,1341
2407,1340
2391,1439
2351,1355
2267,1369
2235,1394
5936,1401
5880,2823
5820,1595
5610,1761
5306,2455
5210,2213
5042,2166
4890,2044
4834,2027
4702,1729
4550,1972
4494,2253
4418,2426
4342,2252
4318,2063
4200,2112
4120,2308
4859,2210
4735,4551
4679,4457
4627,2370
4595,1760
4513,1883
4465,4036
4413,4056
4389,2470
4343,1932
4319,2027
4293,1874
4281,1738
4026,1999
3834,1846
3626,1737
3530,2003
3346,1862
3250,1847
3162,1879
3106,1856
2966,1776
2854,2066
2838,2001
2734,1910
5348,2208
5224,2132
5104,2166
5056,2125
4964,2129
4920,2019
4786,2011
4594,2032
4402,1981
4250,2023
4130,2022
4090,1924
3966,1892
3846,1918
3806,1861
3730,1866
3698,1843
3650,1822
3576,1831
3480,1864
3408,1793
4195,1813
4079,1795
4035,1884
4011,1842
3949,1517
3893,1516
3849,1453
3829,1438
3787,1504
3767,1437
3745,1426
3735,1416
3502,1420
3342,1414
3198,1362
3102,1618
2950,1471
2854,1515
2766,1730
2750,1697
2710,1696
2562,1660
2498,1617
2410,1618
2362,1608
2354,1573
2270,1570
2238,1556
2194,1589
5883,1209
5823,2310
5613,1676
5309,1811
5197,1959
4981,2120
4893,1777
4837,1750
4641,1691
4553,1710
4497,2087
4421,2332
4345,2476
4321,2416
4203,2395
4123,2308
4035,2352
4738,2456
4682,2313
4630,2333
4602,2356
4524,2268
4468,2243
4416,2310
4392,2193
4346,2210
4322,2231
4296,2131
4284,2141
4029,1983
3837,1954
3661,1943
3549,1925
3381,1838
3269,1914
3165,2047
3149,2035
3101,1994
2937,1903
2857,1871
2753,1824
2697,2081
5343,2272
5179,2330
5091,2328
5007,2296
4959,2281
4911,2198
4725,2276
4485,2213
4389,2249
4253,2209
4133,2144
4085,2139
3969,2059
3849,1946
3801,1994
3733,2024
3673,1970
3653,1962
3579,1946
3483,1918
4238,1857
4198,1931
4082,1973
4038,1925
4014,1927
3952,1826
3904,1890
3860,1805
3832,1806
3790,1837
3770,1798
3748,1763
3738,1767
3569,1719
3377,1739
3201,1667
3105,1631
2953,1601
2857,1582
2841,1572
2753,1578
2713,1536
2597,1489
2501,1476
2413,1480
2397,1460
2357,1453
2289,1472
2241,1422
2197,1411
5894,1165
5842,1774
5680,1525
5456,1501
5216,1467
5048,1767
4896,1598
4848,1798
4708,1465
4628,1461
4508,1690
4424,1821
4384,1810
4324,1846
4238,1913
4142,2088
4865,2163
4817,2167
4725,2194
4633,2293
4605,2215
4535,2195
4479,2140
4427,2168
4399,2145
4357,2161
4329,2102
4303,2076
4289,2054
4096,2043
3872,1834
3664,1847
3552,2274
3384,1949
3272,2093
3256,2752
3152,2383
3104,1844
2972,2323
2860,1757
2756,1807
5450,2519
5354,2034
5230,1661
5094,2102
5010,1475
4962,1530
4926,1469
4792,1955
4600,2335
4408,2288
4256,2328
4136,2178
4096,2165
3972,2200
3852,2182
3812,2061
3736,2107
3704,2121
3656,1985
3582,2060
3502,2064
4241,2066
4201,1994
4117,2041
4041,1974
4017,1945
3955,1930
3907,1916
3863,1976
3839,2183
3801,1884
3777,1866
3755,1875
3743,1851
3572,2075
3380,1810
3204,1766
3108,1750
2956,1738
2924,1722
2844,1710
2756,1736
2716,1660
2600,1651
2504,1666
2416,1618
2400,1643
2360,1628
2292,1587
2244,1669
2236,1614
5897,1157
5845,1627
5683,1537
5459,1595
5219,1649
5083,4988
4971,2635
4851,2010
4743,1656
4631,1725
4511,1858
4443,1662
4387,1742
4343,1886
4323,1800
4145,1862
4884,1999
4828,1909
4728,1958
4680,2040
4628,1837
4604,1967
4522,1976
4474,1515
4402,1501
4360,3679
4332,3766
4306,2503
4302,1959
4290,1883
4035,1784
3843,1681
3635,1675
3539,1687
3355,1612
3275,1579
3171,1627
3115,1600
3107,1570
2943,1560
2847,1635
5517,1826
5397,1970
5265,1746
5169,1808
5073,1868
4997,1724
4937,1754
4917,1811
4731,1731
4491,1702
4395,1772
4211,1706
4139,1709
4091,1706
3927,1683
3855,1584
3807,1632
3739,1536
3679,1607
3659,1576
3585,1534
4332,1518
4244,1584
4204,1566
4088,1523
4044,1514
4020,1456
3958,1454
3910,1537
3866,1488
3842,1465
3804,1481
3780,1381
3758,1420
3746,1432
3575,1415
3383,1449
3207,1380
3111,1782
2959,2020
2927,1288
2847,2245
2759,1874
2719,1217
2603,1202
2507,1426
2491,1033
2403,1036
2363,1575
2295,1089
2247,1012
6008,1964
5900,2300
5848,1536
5686,1726
5462,4120
5222,1998
5086,5027
4974,3282
4854,1767
4746,1913
4634,5411
4514,3119
4446,2106
4390,2463
4346,1626
4244,5021
4991,3704
4887,2205
4823,4877
4731,2646
4683,1680
4631,1999
4541,1950
4485,1722
4433,2420
4405,1537
4363,1518
4335,2356
4309,1568
4295,1466
4102,2196
3878,1515
3670,3792
3558,4673
3542,2180
3358,1544
3262,1872
3158,1592
3118,1718
2978,1682
2866,2933
5656,4220
5456,2533
5360,1418
5236,1259
5116,3153
5068,2330
4976,1999
4932,1506
4798,1342
4606,3871
4414,2291
4294,1499
4198,3989
4102,1808
4010,1328
3914,3588
3818,2022
3758,1347
3710,2855
3674,1733
3588,3049
4351,1946
4263,2594
4207,1973
4123,1579
4083,1459
4039,1240
3961,1254
3913,2473
3869,3019
3845,1592
3807,1369
3783,1615
3761,2484
3749,1866
3578,1806
3386,1287
3210,1161
3178,2451
3098,2259
2930,2272
2850,2255
2762,1724
2730,1412
2606,1359
2510,1361
2494,1398
2406,1384
2366,1340
2298,1367
2250,1302
6011,1206
5903,2186
5851,1998
5689,2961
5497,4412
5289,2424
5089,2044
4977,4579
4889,4471
4749,2542
4637,4564
4549,2819
4449,2179
4401,2192
4349,1994
5220,2109
4994,2163
4890,1950
4834,2008
4734,2087
4686,1940
4634,1987
4610,1923
4528,2091
4480,3648
4428,3725
4366,2775
4338,2893
4312,2367
4298,2389
4296,2365
4041,2318
3849,2319
3641,2208
3545,2184
3361,2127
3281,2083
3177,2110
3121,2060
2981,1986
2949,1975
5675,3481
5523,3524
5387,1952
5271,1700
5175,1649
5079,1551
5003,3231
4943,3383
4919,2006
4737,2431
4497,3099
4401,2253
4217,1822
4145,1813
4097,1731
3933,1724
3861,1769
3813,1644
3745,2770
3685,2821
4556,2159
4418,1534
4338,1479
4250,2704
4142,2789
4094,2138
4050,2070
4026,2043
3948,2051
3908,2065
3864,2071
3844,2071
3802,1963
3782,1987
3760,1901
3750,2386
3517,2537
3357,1908
3181,1503
3101,1524
2965,1448
2869,1438
2781,1470
2733,2290
2609,2415
2577,1650
2497,1014
2409,2191
2377,2262
2301,2196
2285,2163
6022,1269
5938,2060
5862,1553
5834,1710
5500,2861
5292,1943
5092,4347
4996,3246
4892,2219
4752,1993
4656,4545
4552,3902
4512,2408
4404,4469
4360,2976
5223,3325
5077,2683
4893,2203
4837,2167
4753,4249
4689,3571
4637,2228
4613,1937
4531,4243
4483,4005
4431,3049
4407,4030
4361,2376
4337,3868
4311,2717
4299,1999
4044,1914
3852,1785
3644,1734
3548,1767
3364,1761
3284,1655
3180,3145
3124,3176
2984,3025
5870,2726
5678,1793
5526,1586
5390,1578
5274,1524
5178,1600
5082,3291
5006,3334
4946,1940
4922,1518
4644,1395
4468,2948
4404,3059
4220,1829
4132,1358
4100,1415
3936,2795
3848,2725
3816,2136
3724,1658
3688,1643
4555,2713
4421,2738
4341,1672
4221,1368
4145,2589
4097,2628
4053,2064
4025,1377
3951,2592
3911,2534
3867,1601
3847,2571
3805,1935
3785,1492
3763,2389
3753,2361
3520,1420
3360,2335
3184,2252
3120,1784
2968,2178
2872,2175
2784,2311
2768,1416
2728,1136
2580,1152
2516,1166
2428,1231
2380,2125
2372,2093
2288,2068
6057,1263
5957,1748
5901,1595
5841,1509
5631,1507
5327,2411
5215,1826
5063,1587
4911,1857
4855,1620
4723,4506
4571,4471
4523,2721
4439,2165
4399,1975
5230,4750
5112,3368
4984,2224
4880,1794
4832,1746
4700,4061
4648,4078
4620,2448
4550,3960
4494,2899
4442,2143
4410,3933
4364,3619
4340,2583
4314,2847
4303,3601
4111,2285
3887,3483
3679,2574
3567,1762
3399,3314
3287,3987
3271,2431
3167,1491
3119,4315
6001,2967
5729,3010
5561,1914
5465,4299
5369,4134
5245,2461
5109,1788
5025,1795
4977,1719
4941,1795
4807,1744
4615,1720
4423,1718
4271,1738
4207,1657
4111,3705
3987,2989
3923,2304
3827,1819
3767,1797
3719,1816
4578,1750
4456,1831
4360,1809
4272,1749
4216,2834
4132,2801
4092,2178
4048,2733
3970,2079
3922,1991
3878,1893
3854,1864
3816,1915
3792,3181
3770,3111
3758,1902
3587,2910
3395,2238
3219,3042
3187,2227
3107,1451
2939,2780
2859,2859
2787,2148
2739,1648
2615,1649
2583,2765
2503,2846
2415,2092
2383,1625
2307,1639
6148,1286
6028,1954
5944,1625
5868,1773
5840,2112
5506,1957
5298,1670
5098,4405
5002,4187
4898,2239
4758,3494
4662,2689
4558,4594
4518,3002
4410,2153
5261,2079
5229,2134
5083,2103
4987,4426
4843,4317
4759,3174
4703,2222
4651,2003
4619,1931
4537,4017
4489,4243
4437,2442
4413,1930
4367,2004
4343,1881
4317,3900
4305,3849
4050,2378
3858,3673
3650,2295
3570,1863
3402,3529
3290,3491
3186,2305
3170,1785
6208,2126
5908,1895
5732,3676
5545,3049
5412,1867
5364,3514
5200,2438
5112,2615
5028,2064
4980,1786
4932,3226
4746,2485
4506,1675
4410,3201
4274,2434
4154,1596
4106,1617
3990,1679
3870,1569
3822,2837
4665,2912
4589,2144
4565,1588
4427,2990
4347,2929
4259,1860
4151,1523
4103,2882
4059,2870
4035,2187
3957,1734
3917,1759
3873,1656
3853,2721
3811,2768
3791,2628
3769,1732
3759,1431
3526,1396
3366,1396
3190,2572
3110,2549
2974,2509
2878,1985
2790,1980
2742,1920
2734,2423
2586,2390
2506,1530
2434,1039
2386,996
2310,2362
6151,1319
6031,2065
5947,2747
5871,1892
5843,1741
5509,2610
5333,1918
5221,2132
5005,5106
4901,2208
4861,4936
4665,4688
4561,2816
4521,2275
5316,2222
5264,4621
5232,4029
5086,2305
4990,4604
4846,2792
4762,3296
4706,3285
4646,3153
4622,3247
4540,3228
4492,2445
4440,3994
4416,2912
4370,1842
4346,1949
4320,2161
4308,4933
4053,5229
3861,3376
3653,2096
3557,2084
3373,4484
3293,4548
3189,2245
3133,4306
6211,3340
5879,2216
5687,4465
5535,2724
5399,4334
5283,2558
5187,1669
5091,1653
5015,1666
4955,1654
4931,1397
4653,1619
4509,2693
4413,2765
4229,2840
4141,2134
4109,3052
3945,2398
3873,1784
3825,1801
4636,1800
4592,1810
4568,2957
4430,2917
4350,1795
4230,1498
4154,1478
4106,2785
4062,2644
4038,1645
3960,1360
3920,2682
3876,2721
3856,1601
3814,1490
3794,2638
3772,2542
3762,2230
3529,1829
3369,1532
3225,1549
3129,2990
2977,2431
2881,1913
2793,1906
2777,1778
2737,2393
2589,2294
2525,2264
2437,1874
2389,1457
2381,2216
6170,1296
6066,2232
5966,1720
5910,1601
5850,2045
5640,2409
5480,2429
5240,2216
5072,2171
4920,2170
4872,2020
4732,1951
4652,1990
4532,2258
5375,2606
5311,2600
5259,2651
5121,2479
5009,2543
4905,2465
4841,2383
4749,4369
4701,4313
4649,2644
4625,3339
4503,3225
4451,2586
4423,4107
4381,3271
4353,2291
4327,4090
4313,3120
4120,3550
4056,2423
3864,1898
3656,3585
3560,3544
3376,2167
3296,1792
6382,1909
6262,3641
6074,2574
5882,1920
5690,1666
5490,1656
5402,4074
5286,3040
5190,2053
5094,1681
5018,1729
4958,3965
4934,4040
4656,2089
4480,1702
4312,1667
4232,1680
4144,1610
4028,1562
3948,1572
3860,1883
4755,3268
4639,3456
4595,2068
4567,1417
4433,1545
4281,1529
4233,1502
4157,1521
4101,1513
4057,1361
4037,1537
3963,1482
3923,1446
3879,1432
3825,2965
3801,3150
3779,2118
3767,1361
3596,1338
3404,1361
3372,1406
3196,1328
3116,1320
2948,2784
2868,2900
2780,2139
2748,1587
2624,1618
2528,2631
2512,2579
2424,2071
2384,1598
6237,1265
6085,2012
5969,1652
5913,2017
5853,1922
5643,1720
5339,2325
5243,1970
5075,2057
4923,2155
4867,2145
4671,2286
4583,2377
4527,2176
5342,2435
5270,2290
5238,2168
5092,2370
4908,2160
4852,2060
4768,1995
4704,2037
4652,1954
4628,2088
4546,2027
4454,1952
4426,3902
4384,4008
4356,2298
4330,1884
4316,1814
4123,1789
3899,1665
3691,1637
3579,1633
3411,1701
3299,1924
3283,1777
3179,1832
6225,3535
5917,3502
5741,2206
5573,1475
5421,1552
5373,1472
5209,1492
5121,1579
5037,1509
4989,1654
4941,1806
4755,1716
4515,1811
4419,1778
4235,1772
4147,1723
4115,1715
3951,1652
3863,1627
3831,1634
3739,1698
4598,1660
4570,2830
4436,2901
4284,2267
4236,1479
4160,1495
4104,1532
4060,1464
4040,1475
3950,1495
3890,1465
3866,1419
3828,1629
3804,1561
3782,1578
3770,1536
3599,1506
3407,1505
3231,1512
3135,1474
2983,1471
2951,1683
2871,1696
2783,1664
2743,1662
2627,1605
2531,2338
2443,2302
2427,2232
2387,2277
2303,2276
2271,1805
5972,1390
5916,2082
5856,1684
5646,1806
5342,1802
5230,1850
5014,1802
4926,1610
4870,1684
4674,1762
4586,2029
4530,2451
4454,2338
4378,2381
5245,2439
5095,2299
4999,2430
4855,2268
4771,2225
4715,2322
4655,2220
4631,2153
4549,2284
4501,2168
4449,2261
4425,2232
4379,2164
4355,2283
4329,2160
4317,2058
4062,2002
3870,1942
3662,1972
3566,1837
3382,1886
3286,1883
3198,1838
3142,1769
3002,1934
5776,2066
5680,2171
5496,2130
5408,2183
5260,2198
5140,2041
5092,2118
5000,2073
4956,2088
4822,2008
4630,1994
4438,1976
4318,1980
4222,1932
4126,1932
4002,1898
3938,1791
3842,1886
3782,1836
3734,1793
4593,1804
4471,1823
4375,1729
4271,1775
4231,1770
4147,1791
4071,1658
4047,1673
3985,1702
3937,1690
3893,1653
3865,1660
3823,1641
3803,1676
3781,1627
3771,1598
3538,1638
3410,1583
3234,1538
3138,1499
2986,1490
2890,1708
2802,1606
2786,1679
2746,1642
2598,1558
2518,1639
2446,1568
2398,1571
2390,1582
2306,1543
2266,1549
2230,1524
5883,1288
5855,1835
5521,1602
5313,1828
5233,1919
5017,1719
4913,2253
4773,4403
4677,4151
4573,2370
4473,2214
4425,2099
4373,2008
5244,2295
5018,2290
4914,2204
4858,2138
4758,2182
4710,1963
4658,2060
4568,2044
4512,2013
4460,2144
4432,2129
4390,2039
4362,2125
4336,1989
4322,2074
4129,2060
3905,1924
3697,1950
3585,2206
3417,1983
3305,2062
3201,2105
3185,2009
3137,1917
2973,1961
5699,2227
5547,2171
5427,2213
5295,2210
5199,2111
5103,2063
5027,2044
4967,2083
4943,1952
4665,2160
4489,1918
4321,2116
4225,1984
4129,1929
4037,1896
3941,1935
3845,1843
3785,1849
3737,1812
3689,1731
3615,1758
4362,1779
4274,1793
4234,1769
4118,1742
4074,1793
4050,1750
3972,1753
3932,1618
3888,1715
3868,1663
3826,1652
3806,1599
3784,1619
3774,1673
3541,1539
3381,1524
3205,1536
3125,1738
2965,1700
2893,1698
2805,1664
2757,1653
2633,1646
2601,1613
2521,1647
2433,1593
2401,1565
2325,1796
2309,1595
2269,1873
2233,1830
2209,1841
2205,1796
5524,1199
5316,1795
5116,1681
5004,1727
4916,1731
4776,1755
4664,1737
4576,1806
4476,1527
4420,1623
4376,1793
4274,1953
4178,2364
4917,2541
4853,2627
4761,2459
4713,2355
4661,2385
4571,2324
4515,2367
4463,2299
4435,2321
4393,2305
4365,2238
4339,2256
4325,2266
4132,2203
3908,2175
3700,2061
3588,1993
3572,1976
3388,1954
3292,1921
3188,1899
3148,2113
3008,1858
2896,1724
2880,1391
5502,1459
5414,1869
5298,1447
5202,1841
5106,1785
5030,1644
4970,1463
4946,1438
4668,1437
4492,1857
4324,1405
4244,1324
4156,1322
4040,1496
3960,1667
3872,1885
3840,1772
3748,1812
3712,1630
3688,1691
3586,1627
4365,1597
4245,1780
4169,1731
4121,1738
4069,1677
4049,1588
3975,1605
3935,1633
3891,1565
3871,1564
3829,1682
3809,1590
3787,1533
3777,1570
3544,1497
3384,1434
3208,2088
3128,2526
2960,2507
2880,2550
2808,1987
2760,2109
2636,1226
2604,1196
2524,1193
2436,1368
2404,1902
2328,1863
2280,1861
2272,1893
2228,1866
2212,1822
2106,1817
5495,1223
5255,1750
5119,2006
5007,1845
4887,1654
4747,5104
4667,4943
4547,2892
4479,2372
4423,2243
4379,2270
4277,2158
4181,2104
4904,2221
4856,2300
4764,2229
4672,2174
4644,1914
4574,1975
4518,2097
4458,2194
4434,2148
4388,2373
4364,2421
4338,2325
4326,2420
4071,2277
3879,2085
3671,2170
3575,2143
3423,2048
3311,2037
3207,1982
3151,2003
3143,1943
2979,1898
2883,1920
2779,2077
5417,2300
5301,2282
5205,2408
5109,2573
5033,2336
4973,2381
4949,2420
4671,2234
4495,2198
4327,2195
4231,2186
4159,2234
4043,2047
3947,2007
3875,2006
3791,1915
3743,1943
3707,1916
3621,1903
3541,1834
3469,1789
4240,1804
4156,1810
4116,1863
4056,1829
3994,1767
3946,1771
3902,1779
3878,1741
3840,1704
3812,1693
3790,1745
3780,1872
3547,1826
3419,1799
3243,1752
3147,1841
2995,1864
2899,1744
2811,1731
2795,1752
2755,1688
2607,1668
2527,1733
2455,1727
2407,1621
2399,1696
2315,1645
2275,1634
2239,1609
2215,1659
2211,1570
2077,1574
2013,1608
5242,1219
5026,1777
4922,1535
4782,1565
4686,1488
4582,1648
4542,1777
4434,4627
4390,3576
4362,2399
4248,2345
4096,2368
4867,2512
4783,2343
4719,2432
4667,2439
4643,2282
4561,2357
4469,2373
4441,2272
4399,2270
4371,2333
4345,2225
4331,2208
4138,4186
3914,4025
3706,3046
3594,2081
3578,2014
3394,1951
3298,1931
3194,1901
3146,2024
3014,1987
2902,1998
2798,1941
2782,1947
2734,1915
5272,2094
5136,2079
5052,2077
5004,2058
4956,2079
4770,1978
4530,1967
4434,1956
4298,1906
4178,1881
4130,1875
3966,1836
3894,1764
3846,1753
3778,1757
3718,1742
3698,1746
3592,1733
3528,1740
3432,1689
4175,1673
4127,1741
4075,1716
4055,1648
3981,1644
3941,1607
3881,1596
3843,1617
3819,1611
3797,1594
3785,1576
3614,1538
3422,1495
3246,1518
3150,1517
3134,1480
2966,1496
2886,2459
2798,2391
2758,2447
2642,1915
2546,1490
2458,1514
2442,1507
2402,1483
2318,1493
2286,1481
2242,1456
2234,1708
2214,1717
2112,1747
2016,1716
2000,1678
1912,1627
4925,1173
4885,2002
4689,1541
4593,1370
4545,1628
4437,3186
4393,1996
4365,4635
4251,3116
4171,3588
4051,4284
3983,2563
4730,2056
4670,2008
4646,4408
4564,4361
4516,2275
4464,1802
4440,1782
4374,1840
4348,1736
4334,1911
4141,4029
4077,3960
3885,2364
3677,1963
3581,1996
3397,1952
3301,3607
3213,3645
3157,2362
3017,1854
2905,1808
2889,1845
2785,1778
2737,3380
2661,3402
5155,2798
5107,2323
5015,1978
4971,1896
4837,1944
4645,1951
4453,1884
4301,3512
4237,3433
4141,2691
4017,1821
3953,3263
3857,3269
3797,2543
3749,2021
3713,3195
3627,3227
3547,1914
3459,3067
3427,2378
3359,1886
4122,1869
4062,3136
4000,3071
3952,1924
3908,1488
3884,3017
3846,3506
3822,3525
3800,2330
3788,3394
3617,2022
3425,1719
3249,1699
3153,1661
3001,3194
2969,3211
2889,3169
2801,1951
2761,3129
2645,3073
2549,1894
2461,1562
2445,1554
2405,1587
2337,1547
2289,3024
2281,2997
2237,2972
2221,2270
2115,1783
2083,2873
2003,2875
1931,2213
1915,1582
4896,1194
4756,1768
4676,1715
4556,1617
4488,1585
4432,4283
4388,4297
4286,2651
4190,2255
4102,4476
4046,4379
3970,4802
4725,3870
4673,2317
4583,3233
4527,4246
4475,2077
4447,4418
4405,4364
4377,3362
4351,1982
4337,1962
4144,2019
3920,1953
3712,3799
3600,3806
3584,2298
3400,1766
3304,1724
3200,3570
3160,3537
3020,3468
2908,2389
2892,2126
2788,1970
2740,3796
2664,3811
5158,3076
5110,2083
5018,1856
4974,1782
4840,3582
4648,3592
4456,2189
4336,1836
4240,1884
4144,1839
4020,1738
3956,1711
3860,1695
3800,1659
3752,1739
3716,1856
3630,2069
3550,2150
3478,2057
3430,2015
3362,3472
4125,3510
4065,2176
4003,1590
3955,3462
3911,3514
3887,2098
3849,1642
3825,3361
3803,3410
3791,1900
3620,3273
3428,2492
3252,2473
3156,1984
3140,1935
2972,3145
2892,3182
2804,1879
2772,3084
2648,3043
2552,2311
2536,1808
2448,3001
2408,2986
2340,2293
2292,2241
2284,2217
2240,2870
2224,2890
2118,2204
2086,2177
2006,2847
1934,2840
1918,2195
4899,1164
4791,2691
4679,1510
4559,1591
4491,1681
4435,2384
4391,5752
4289,4739
4193,4063
4105,2568
4049,2278
3973,2320
4728,2258
4676,2259
4586,5625
4530,5123
4478,2958
4450,4004
4408,3164
4380,2793
4354,5182
4340,3581
4147,2427
3923,5011
3715,3719
3683,3655
3587,2849
3403,4628
3307,3548
3203,2328
3163,2258
3023,4351
2911,4272
2895,2549
2791,4178
2751,3118
2667,4073
5161,3226
5113,4187
5021,2279
4977,1741
4961,1832
4683,1740
4507,1657
4339,3857
4243,3787
4171,2835
4055,3977
3959,2319
3887,3829
3803,2264
3763,1665
3719,1668
3703,3704
3601,3747
3481,2332
3441,1673
4184,1617
4128,1677
4084,1744
4064,1476
3990,3033
3950,3800
3906,3469
3886,2190
3844,1748
3824,1159
3802,1165
3792,3814
3559,2747
3399,1586
3223,1862
3143,1363
3007,3361
2911,3376
2823,1448
2775,2497
2767,2659
2619,2583
2539,2570
2467,2503
2419,2542
2411,2568
2327,1971
2295,2529
2251,2494
2243,2466
2223,2479
2121,2428
2025,2373
2009,2454
1937,2374
4950,1248
4894,1582
4762,1535
4610,1886
4562,1703
4478,2837
4438,2850
4378,2818
4292,2694
4196,2791
4092,2728
4871,2728
4779,2912
4731,2856
4679,2816
4589,2740
4533,2749
4481,2699
4453,2772
4411,2625
4383,2672
4357,4215
4343,4259
4150,2677
4086,3235
3894,3163
3686,2513
3590,3876
3406,2813
3326,2326
3222,2271
3166,2266
3158,3615
2994,3511
2898,3490
2810,2677
2754,1829
5369,3674
5220,3726
5124,1953
5048,2884
4988,2849
4968,2242
4782,1924
4542,1911
4446,3567
4262,3346
4190,2758
4142,1866
3978,3414
3906,3304
3858,2118
3790,3276
3730,3230
3710,2536
3604,1714
3540,3186
4295,3156
4255,2588
4139,3260
4095,2018
4071,1780
4009,3188
3961,3083
3909,2013
3889,1675
3847,2963
3827,2917
3805,2396
3795,2991
3626,1908
3434,1568
3258,1563
3162,1546
3010,2812
2914,2756
2898,2820
2810,2220
2770,2167
2654,2171
2558,2139
2470,2104
2454,2114
2414,2115
2346,2564
2298,2584
2290,2583
2246,2572
2230,2557
2124,2512
2092,1953
2012,2444
5137,1253
5025,2232
4905,1508
4773,1765
4685,1570
4565,1639
4497,2480
4441,1636
4397,1637
4295,1936
4199,4608
4938,4722
4874,2962
4782,2217
4734,2059
4682,1971
4658,1947
4536,4519
4484,4406
4456,2565
4414,2075
4386,2137
4360,4337
4346,4368
4153,2252
3929,3189
3721,3216
3689,2511
3593,2081
3409,2066
3313,2055
3225,3737
3169,3752
3029,2245
2917,1682
2901,3680
5523,3869
5435,2381
5319,1690
5223,1715
5127,3877
5051,4419
4991,2391
4967,1750
4689,1602
4513,1431
4345,3938
4265,4069
4177,3107
4061,1981
3981,1792
3893,3681
3809,2655
3769,2022
3725,3815
3709,2629
3607,1978
4314,3693
4266,2691
4174,1736
4134,1727
4090,1811
4070,1692
3996,3642
3920,3506
3896,2216
3858,3701
3834,2760
3812,1820
3800,1834
3629,3227
3437,3240
3261,3370
3165,2003
3149,1599
2981,1458
2901,1503
2813,1489
2773,3238
2657,3011
2561,2323
2473,1932
2457,1889
2417,1911
2349,1935
2301,1854
2257,1818
2249,1860
2229,1777
2127,1784
2031,1723
2015,2776
5108,1265
4956,1785
4900,1578
4768,1720
4616,2536
4568,1901
4484,5299
4444,3063
4384,5184
4298,3021
4186,2221
4925,2307
4877,2366
4745,5002
4693,5290
4665,5426
4595,3389
4539,2092
4479,3314
4455,2238
4409,2248
4385,2156
4359,4590
4347,3922
4092,1879
3900,2889
3724,3080
3612,1739
3444,4247
3332,3924
3228,1760
3212,2988
3164,2977
3000,3088
2920,2029
2816,1808
5454,1788
5406,1677
5242,4288
5154,3777
5070,2858
5022,2995
4974,1996
4788,1741
4548,3581
4452,2795
4268,3515
4196,2260
4148,2596
3984,3195
3912,2553
3864,1785
3796,3308
3736,3054
3716,2388
3610,1857
3546,1876
4301,2960
4193,3229
4145,2374
4101,3065
4077,2294
3999,1878
3959,2937
3915,2490
3895,3128
3853,1859
3833,1486
3811,1560
3801,2852
3568,2742
3408,2755
3232,2749
3168,1754
3016,2676
2920,2676
2832,2646
2784,2650
2776,2613
2628,2060
2548,2031
2476,1982
2428,1958
2420,2620
2336,2321
2304,1928
2260,3133
2252,2715
2232,1957
2130,3023
2034,1935
2018,1926
5047,1228
4959,1644
4903,1536
4707,1629
4619,1473
4563,2699
4487,3156
4411,2935
4387,2892
4269,3002
5032,5067
4928,3425
4804,2325
4748,4738
4696,3042
4668,2042
4598,1768
4534,2357
4482,1790
4458,1823
4412,2539
4388,1706
4362,5017
4350,4163
4095,5150
3935,4933
3727,2333
3615,2042
3447,1989
3335,1934
3319,1941
3215,3911
3167,4091
3003,2713
2923,1993
2819,2094
5513,4179
5417,3092
5245,2053
5157,3067
5073,2577
5025,4270
4977,2277
4855,1598
4663,4049
4471,2750
4319,1852
4255,3977
4159,2603
4035,1693
3971,1716
3875,1735
3815,3828
3767,3542
3731,2174
3645,1609
4408,1545
4320,3224
4264,3439
4180,2731
4140,3531
4096,2170
4076,3461
3970,2462
3926,1589
3902,1668
3864,1483
3840,3346
3818,3290
3806,2101
3635,1758
3571,1700
3411,1653
3235,1740
3155,1758
2987,1661
2923,1649
2835,1568
2787,1595
2663,1810
2631,3084
2551,3008
2479,2364
2431,3047
2423,2365
2339,1884
2307,3014
2263,2893
2255,2255
2235,2957
2133,2829
2037,2223
5266,1276
5114,2226
4962,1658
4906,1561
4774,1884
4622,3025
4574,2057
4490,4758
4450,3589
4390,4952
5163,2821
5051,5036
4931,3039
4883,2451
4791,4806
4743,3470
4691,2344
4601,2153
4545,2118
4493,2206
4465,2076
4423,4472
4395,4478
4369,3662
4355,2449
4162,2098
4098,2010
3906,1966
3698,1936
3602,4214
3418,4030
3338,3120
3234,2256
3178,2303
3170,2261
5924,4198
5732,3762
5580,2130
5460,1887
5412,1718
5248,1780
5160,1859
5076,1722
5028,1713
4980,3820
4794,3830
4666,2441
4474,3059
4322,2480
4202,3826
4162,2886
4038,1978
3974,3655
3878,2636
3818,1841
3770,3558
4629,3540
4507,2775
4411,2947
4323,1983
4275,3469
4183,2616
4143,2879
4099,3521
4079,2206
4005,3526
3929,2494
3905,1863
3867,3265
3843,2393
3821,1774
3809,3115
3638,3303
3446,2067
3414,3275
3238,2444
3158,1656
2990,1664
2910,1734
2838,1657
2790,1683
2666,1615
2570,1596
2554,1603
2466,1603
2434,1583
2358,1767
2342,1813
2302,1735
2258,3014
2242,3020
2238,2885
5557,1315
5349,2351
5149,1774
5037,1795
4949,3696
4809,2293
4697,2388
4609,2032
4509,2035
4461,5048
5304,5117
5280,3115
5054,5418
4950,3192
4894,2490
4810,2131
4746,4822
4694,4784
4670,2652
4588,2267
4540,2147
4468,2071
4426,4710
4398,4637
4372,4792
4358,2595
4356,2195
4101,4830
3909,3414
3701,4668
3605,2773
3421,2132
3325,4535
3237,4314
3181,2367
6119,3514
5927,2844
5735,2158
5535,4554
5447,2731
5331,3489
5235,2336
5139,1991
5063,1967
5003,1952
4979,3887
4701,3579
4525,2006
4461,4182
4277,2997
4189,3078
4073,2004
3993,3727
3905,2549
3873,2010
3781,3595
4640,2833
4612,1980
4478,1706
4398,1775
4278,3575
4202,3550
4154,2147
4110,3509
4082,2672
4008,3602
3968,2685
3924,2679
3904,2109
3862,3264
3842,2651
3820,2096
3810,1847
3577,3337
3417,3234
3241,3081
3177,1978
3025,1651
2929,3015
2841,3035
2825,1715
2785,1612
2637,1571
2573,3013
2485,2924
2437,2014
2429,1799
2345,1853
2313,2914
2269,2895
2261,2254
2241,1782
5688,1317
5528,2218
5288,1781
5120,2716
4968,2109
4920,2358
4780,2096
4628,4900
4580,5086
4496,3083
5359,2516
5307,2535
5169,2406
5057,2435
4937,2439
4889,4808
4797,4809
4749,2758
4697,2436
4607,2344
4551,2315
4499,2264
4471,2262
4429,2250
4401,2305
4375,2215
4361,2193
4168,2288
3944,2230
3912,4156
3704,4015
3608,3159
3424,2481
3328,2414
3240,3812
6294,4214
6122,2697
5930,3287
5738,2278
5538,3955
5450,3108
5334,1974
5238,1729
5142,3657
5066,3799
5006,2049
4982,2767
4800,2215
4560,3424
4464,2706
4280,1854
4208,1674
4160,3382
3996,3355
3924,2051
3876,1701
4719,1704
4643,3194
4619,3279
4513,2493
4401,1760
4313,1682
4273,3223
4157,3185
4113,1932
4089,1506
4027,3073
3979,3047
3935,1851
3911,1410
3873,1471
3849,1488
3827,1406
3815,1550
3644,1515
3452,2882
3276,2787
3180,2237
3164,1809
2996,1732
2916,1746
2828,1701
2796,1741
2672,1704
2576,1739
2560,1702
2472,1681
2440,1660
2364,1663
2348,1671
2308,2620
2272,2584
5925,1375
5897,2363
5563,2170
5355,1914
5275,4052
5059,2435
4955,2294
4815,1990
4719,1988
5550,2259
5502,2376
5370,2169
5318,2391
5286,2599
5140,2573
5044,4928
4900,4900
4816,2958
4760,2421
4708,4800
4676,3522
4594,2585
4546,2545
4494,2637
4470,2539
4424,2385
4400,2475
4374,2485
4362,4517
4107,4419
3915,2718
3739,2286
3627,4081
3459,4150
3347,2385
6465,4294
6369,2756
6273,4338
5965,2342
5789,3204
5621,2542
5469,2176
5421,2040
5257,3865
5169,3390
5085,1962
5037,3731
4989,2797
4803,1757
4563,1543
4483,3596
4331,3535
4211,2141
4163,1665
4047,3479
4862,3364
4814,1865
4722,1526
4682,3359
4622,3412
4516,1932
4404,1536
4316,1547
4276,3200
4160,3272
4116,2495
4092,1708
4030,1654
3982,1652
3930,1618
3910,1605
3868,1616
3848,3057
3826,2994
3816,2282
3583,1724
3423,2944
3279,2791
3183,1773
3031,2800
2935,2753
2847,1754
2831,1716
2791,2606
2643,2588
2579,2563
2491,1984
2443,2026
2435,2029
2351,1946
2319,1954
2275,2298
5964,1307
5904,1864
5694,1944
5390,1802
5278,3884
5062,2252
4974,2143
4918,4772
4722,3509
5569,2484
5505,4909
5413,3494
5321,2466
5293,2103
5143,2045
5047,2032
4943,2068
4819,1884
4763,2170
4711,4518
4683,4588
4597,2783
4549,2227
4497,2263
4473,2215
4427,2159
4403,2134
4377,2179
4365,6920
4110,3414
3918,2113
3710,1495
3614,1735
3462,1676
6636,5123
6468,4574
6316,2888
6268,2060
5936,5095
5744,3142
5592,2120
5472,4820
5424,3157
5244,2068
5148,2059
5072,4649
5012,3373
4988,2026
4710,1706
4566,1733
4470,1697
4286,1707
4198,4196
4166,4150
4002,2818
4849,3012
4809,2464
4693,4173
4649,3066
4621,3998
4487,2281
4407,1795
4287,1749
4211,1804
4163,3918
4111,3852
4091,2342
4017,1867
3977,3004
3933,3078
3913,1956
3871,1629
3851,1651
3829,2988
3819,3032
3586,1810
3426,1575
3250,1510
3170,2862
3002,2729
2938,2525
2850,2002
2802,1982
2678,1938
2646,1947
2566,1994
2478,1930
2446,1947
2370,1924
2354,1889
2314,1820
2278,1893
5931,1340
5903,2631
5569,1729
5361,1596
5161,1725
5065,2990
4961,4856
4821,3713
4725,4079
5556,2864
5432,5315
5376,3396
5316,5154
5292,3099
5146,2251
4962,2075
4906,2002
4822,1941
4758,4791
4706,4796
4682,2637
4600,2008
4552,2008
4500,1817
4438,2033
4410,1780
4384,1813
4370,1970
4177,1883
4113,2016
3921,2074
3713,1992
3617,3924
3433,3813
6591,2640
6439,2125
6303,2004
6131,1988
5939,4042
5731,3901
5547,2178
5459,1723
5343,1956
5247,3786
5143,3741
5051,2042
5007,1566
4991,1551
4713,1634
4537,1494
4369,1567
4273,1725
4201,3388
4085,3297
3989,2083
4852,1516
4744,3281
4696,2615
4644,3313
4624,2078
4426,1534
4338,1643
4290,1348
4198,1294
4158,1310
4114,1491
4094,1434
3988,1207
3944,3048
3920,3209
3882,3070
3858,1874
3836,3006
3824,2308
3653,1860
3461,1812
3285,1729
3253,2869
3173,2827
3005,2817
2925,1779
2837,1497
2805,1454
2681,1488
2585,1476
2569,1443
2481,1561
2441,1924
2373,1896
2325,1873
2317,1865
2273,2605
5926,1376
5764,3031
5540,1672
5364,1789
5164,1821
5052,2096
4932,2130
4824,5072
4712,5012
5519,2965
5435,2244
5371,2267
5319,2153
5295,2191
5069,2207
4965,4733
4901,4747
4809,2488
4761,2078
4709,1985
4685,2040
4563,5854
4511,4196
4483,2486
4441,2142
4413,1980
4387,1924
4373,1964
4180,1851
3956,1798
3748,1676
3716,1703
3620,1959
3436,1770
6594,2563
6394,1978
6306,1700
6134,2188
5830,3938
5734,3814
5550,2722
5462,1709
5314,1724
5194,5135
5146,3067
5054,1641
5010,1453
4994,1497
4716,1481
4540,1799
4372,3654
4276,3587
4204,3568
4088,2198
4943,3423
4855,2849
4747,3456
4699,2179
4647,1873
4627,3398
4429,3436
4341,2126
4293,3303
4217,2591
4161,1826
4117,3227
4097,3229
4023,2046
3983,1731
3939,1724
3919,3147
3869,3076
3857,2437
3835,1968
3825,1923
3592,1892
3432,1847
3256,1818
3176,1798
3008,1764
2944,1811
2856,1783
2808,1813
2730,1758
2652,1704
2572,1997
2500,1975
2452,2007
2376,1968
2360,1953
2320,1968
2284,1953
5937,1402
5909,2355
5703,2389
5399,1982
5287,2039
5071,5129
4967,4825
4927,2854
5682,2598
5578,2589
5514,2572
5382,2573
5330,2539
5302,2497
5152,2495
5056,2403
4912,2247
4828,2367
4772,2298
4720,4692
4688,4742
4606,2984
4558,2313
4506,2290
4482,2223
4436,2214
4412,4485
4386,4506
4374,2727
4119,2132
3927,2092
3719,4242
3623,4133
3554,3246
6645,2819
6445,2402
6325,4414
6137,3175
5945,2215
5753,1756
5553,1791
5465,4083
5349,3873
5253,2155
5157,1655
5081,1756
5021,1657
4997,1687
4719,1699
4543,3694
4375,3781
4279,2851
4207,1924
4091,1959
4946,1899
4858,3637
4750,3527
4702,2178
4650,1666
4630,1604
4432,1608
4344,1604
4296,1559
4204,1738
4164,1736
4120,1680
4042,1706
3994,1723
3950,1862
3926,1899
3888,1905
3864,1840
3842,1859
3830,1871
3659,1786
3467,1798
3291,1751
3195,1721
3043,1715
3011,1750
2931,1890
2843,1922
2803,1907
2687,1840
2591,1903
2503,1878
2487,1874
2447,1880
2363,1901
2331,1796
2287,1853
2279,1814
5916,1440
5706,2523
5402,1870
5290,1797
5138,2042
4986,2275
4930,2347
4798,2741
5581,2229
5517,2145
5425,2091
5333,2226
5305,2223
5155,2230
5059,2449
4955,2696
4831,2589
4775,2620
4723,2618
4695,2582
4609,2565
4561,2535
4509,2485
4485,2447
4439,2514
4415,2441
4389,2433
4377,2374
4122,2315
3930,2250
3722,2135
3642,2169
3474,2079
6648,2614
6480,2642
6328,2549
6280,2646
5980,2559
5756,2514
5604,2498
5484,2484
5436,2426
5272,2459
5160,2358
5084,2353
5024,2402
5000,2283
4818,2234
4578,2256
4482,2251
4298,2156
4210,2217
4178,2177
4014,2116
4877,2149
4821,2110
4705,2171
4661,2146
4633,2126
4499,2030
4419,2051
4299,2050
4223,2000
4175,2000
4131,1993
4103,1998
4029,1959
3989,1963
3945,1944
3925,1921
3883,1933
3863,1911
3841,1894
3831,1943
3598,1920
3438,1858
3262,1841
3182,1815
3014,2054
2950,2047
2862,2025
2814,2021
2806,2015
2658,1981
2578,2012
2506,1957
2458,1853
2382,1954
2366,1990
2326,1932
2290,1958
2266,1911
5915,1457
5581,2537
5373,1975
5293,1824
5077,1877
4973,2908
4833,2482
4737,2493
5568,2562
5520,2421
5388,2625
5336,2309
5304,2158
5158,2226
4974,2274
4918,2522
4834,2578
4778,2618
4718,2561
4694,2472
4612,2511
4564,2499
4512,2509
4488,2593
4442,2458
4418,2467
4392,2461
4380,2414
4125,2387
3933,2302
3725,2316
3629,2389
3445,2178
6651,2518
6451,2796
6331,2860
6143,3271
5951,2387
5759,2160
5607,2003
5471,1834
5355,1747
5259,1812
5163,2078
5087,2540
5027,2762
5003,2757
4725,2666
4549,2612
4485,2634
4301,2539
4213,2517
4181,2524
4017,2478
4864,2476
4824,2434
4708,2458
4664,2422
4636,2413
4502,2380
4422,2235
4302,2297
4226,2272
4178,2296
4126,2285
4106,2278
4032,2279
3992,2182
3948,2239
3928,2223
3886,2183
3866,2162
3844,1590
3834,1357
3601,1335
3441,1485
3265,1757
3185,2021
3049,2306
2953,2301
2865,2284
2817,2262
2809,2266
2661,2217
2581,2223
2509,2219
2461,2202
2385,2197
2369,2292
2329,2172
2293,2152
2269,2135
5918,1387
5584,2493
5408,1977
5296,2438
5080,2062
4976,2064
4936,2729
5691,2090
5571,1955
5523,2018
5391,2092
5339,2395
5311,2352
5161,2276
5065,2282
4921,2252
4837,2241
4781,2383
4729,2432
4697,2361
4615,2305
4567,2299
4515,2290
4491,2300
4445,2250
4421,2213
4395,2266
4383,2302
4128,2234
3936,2069
3728,1984
3648,2001
3480,2070
6654,2354
6486,2298
6334,2309
6286,2277
5986,2197
5762,2201
5610,2179
5490,2045
5442,2067
5278,2019
5190,2000
5106,2085
5058,2005
5010,2020
4824,1912
4584,1843
4488,1925
4352,1971
4232,1909
4184,1915
5035,1824
4883,1880
4827,1792
4743,1786
4667,1787
4643,1819
4537,1763
4425,2185
4337,1866
4297,1949
4181,2500
4137,1789
4113,1962
4051,2604
4003,1765
3951,1923
3931,1883
3889,1772
3869,1996
3847,2370
3837,2351
3604,2277
3476,2327
3300,2244
3204,2258
3052,2270
2956,2220
2940,2233
2852,2217
2812,2184
2664,2167
2600,2164
2512,2152
2496,2158
2456,2142
2372,2163
2340,2132
2296,2157
2288,2113
5925,1488
5715,2438
5411,1738
5315,1721
5147,2030
4995,2350
4939,2382
5774,2396
5590,2589
5534,2364
5434,2157
5386,2238
5314,2182
5196,2174
5068,2238
4964,2278
4916,2599
4784,2459
4732,2509
4704,2437
4634,2391
4570,2450
4518,2313
4494,4700
4448,4764
4424,2577
4398,2058
4386,1996
4131,1982
3939,2132
3731,1917
3651,2171
6929,2194
6657,2286
6489,2246
6337,2215
6289,2212
5957,2098
5765,2186
5613,2057
5493,2029
5361,2036
5265,2123
5169,1971
5093,2067
5033,2000
5009,1880
4731,1974
4555,1853
4491,1919
4307,1851
4219,1828
4103,1800
4974,1792
4870,1873
4762,1876
4714,1815
4662,1860
4642,1814
4444,1740
4356,1747
4308,1705
4216,1730
4176,1776
4132,1667
4112,1667
4006,1659
3962,1820
3938,1867
3900,1843
3876,1769
3854,1788
3842,1735
3671,1711
3479,1713
3303,1765
3207,1668
3055,1691
3023,1692
2943,1864
2855,1847
2815,1859
2699,1827
2603,2541
2515,2368
2499,1386
2459,1263
2375,1241
2343,1329
2299,1517
2291,1720
2271,2366
5718,1387
5414,2219
5302,1796
5086,1856
4998,2037
4942,2020
4746,1899
5593,5157
5529,6143
5397,3683
5345,2657
5313,2488
5167,2423
5071,2409
4927,5962
4843,4940
4779,2997
4727,2433
4703,2442
4621,2499
4573,2453
4501,5946
4459,5332
4431,3046
4405,2344
4391,2380
4198,2417
3974,2390
3766,2338
3654,5239
3638,5230
3454,3676
6596,2278
6412,2046
6300,1985
6088,5312
5816,3762
5648,2582
5552,2148
5448,2120
5284,5004
5196,4098
5112,2322
5064,1992
5016,1973
4830,1942
4590,1925
4494,1915
4310,3763
4222,3781
4190,2943
4026,2047
3938,1960
4833,1947
4717,3552
4665,3603
4645,2240
4447,1991
4359,1893
4311,1892
4219,3397
4179,3401
4135,2756
4057,3356
4009,2128
3965,1839
3941,1817
3903,1818
3879,1763
3857,1820
3845,1754
3674,3169
3482,3136
3306,3077
3210,1995
3058,2247
2962,2230
2946,2216
2858,2203
2818,2206
2670,2155
2606,2134
2518,2151
2470,2135
2462,2120
2378,2101
2346,2100
2302,2079
2278,2095
2274,2088
2140,2056
2076,2019
5305,1343
5089,2055
4985,1911
4945,2004
4749,1802
4645,1929
4605,4777
5400,4923
5348,3377
5316,5202
5170,3232
4986,2344
4930,2343
4846,2328
4786,2306
4730,2253
4706,2269
4624,4790
4576,4793
4524,3030
4500,2379
4444,4664
4408,3532
4399,4620
4392,2972
4137,2180
3945,4991
3737,4996
3641,3640
3457,5003
3361,3005
3273,4952
6327,3277
6155,5053
5963,3088
5755,3902
5571,4926
5483,2501
5367,2020
5215,4843
5167,3525
5075,3602
5031,2357
4897,2310
4737,2307
4561,4799
4393,4153
4297,2341
4201,1991
4109,4469
4013,4552
3941,3503
4768,3665
4712,2209
4668,3714
4546,2886
4450,2018
4362,1927
4306,2142
4222,2188
4182,2140
4138,2158
4060,2188
4012,4064
3968,3938
3944,2422
3906,2014
3882,2026
3860,3902
3848,3966
3677,2308
3485,1918
3309,1889
3213,1867
3061,3659
3029,3688
2949,3648
2861,2201
2821,3570
2705,3457
2609,2071
2521,3402
2505,3487
2465,2625
2381,3377
2349,3380
2305,2591
2297,3366
2277,3337
2175,3320
2079,2536
2063,3303
5156,1339
5004,2152
4948,1640
4816,1573
4664,1655
4608,2364
5443,2000
5351,3958
5323,3123
5173,2641
5077,2873
4973,2818
4849,2461
4793,2396
4741,4916
4709,4882
4627,2881
4579,4824
4527,3004
4503,4681
4457,2986
4433,2293
4407,4625
4395,4593
4140,2514
3948,2017
3740,4281
3644,4278
3460,3247
3380,2122
3276,4034
3220,3991
6158,2866
5966,2182
5758,2190
5574,2129
5486,2126
5338,4181
5218,4229
5170,3309
5078,4161
5034,2628
4900,4015
4708,2531
4516,2240
4396,3889
4300,3853
4204,2413
4080,2046
4016,3690
3920,3695
3844,2300
4715,1807
4655,1835
4549,1835
4437,3655
4349,3663
4309,2855
4193,1953
4149,1983
4125,1993
4063,1974
4007,1926
3963,3521
3943,3503
3901,2706
3881,1870
3859,3452
3849,3377
3616,2161
3456,3266
3280,2586
3200,3229
3032,2507
2952,3148
2880,3142
2832,2400
2708,1959
2612,1923
2596,1897
2508,2979
2468,3023
2400,2987
2352,2983
2344,2323
2300,2928
2284,2901
2178,2872
2146,2824
2066,2222
1994,2842
1946,2835
4951,1328
4819,2593
4667,1875
4611,1942
4535,1914
4459,4816
5326,4932
5176,2928
5080,2444
4976,2493
4852,4715
4796,4742
4744,3023
4712,2405
4630,4584
4582,4546
4530,4605
4506,2937
4460,4447
4436,3728
4410,3699
4398,2615
4143,2478
3951,2436
3743,2402
3647,4065
3463,3979
3383,3943
3279,2442
3223,2234
3083,2090
5969,2238
5761,2354
5577,2327
5489,4063
5373,3876
5277,3940
5181,2252
5105,1976
5045,3834
5021,3791
4743,2488
4567,3543
4399,2737
4319,2287
4231,2317
4115,3511
4035,3531
3947,2696
3915,1972
3823,1892
3787,3388
4654,3347
4520,2661
4368,2159
4320,2161
4244,2198
4196,2098
4144,2114
4124,2101
4050,2072
4010,3134
3966,3189
3946,3127
3904,2480
3884,2055
3862,3058
3852,3094
3619,2357
3459,1939
3283,1867
3219,2894
3067,2918
2971,2290
2883,2917
2867,2249
2827,2952
2679,2932
2615,2334
2527,2789
2479,2821
2471,2204
2387,2149
2355,2401
2311,3061
2303,2955
2283,2969
2181,2446
2149,1959
2069,2003
1997,1958
1949,2847
4962,1337
4822,2546
4670,1921
4622,2140
4538,3136
4498,2080
5329,5250
5211,3028
5083,5455
4979,3049
4931,2541
4799,5640
4747,4121
4719,2653
4649,2343
4593,5450
4539,4612
4509,3700
4463,4063
4439,5245
4413,2993
4401,4019
4146,4599
3954,3885
3778,2653
3666,2294
3498,2435
3386,2306
3282,2205
3266,2190
3218,2253
6004,2258
5780,4492
5628,4469
5508,2458
5460,2382
5296,2045
5208,4364
5108,4061
5048,2585
5024,2058
4842,1919
4602,1946
4506,1930
4322,3860
4234,3827
4202,2425
4038,1955
3950,1691
3918,1834
3826,2258
3790,2263
4657,2274
4523,2262
4371,2319
4323,2506
4247,2494
4191,2468
4147,2526
4127,2491
4053,2336
4013,2327
3961,5503
3915,1733
3891,1931
3869,1587
3857,1412
3686,1428
3494,3195
3318,3120
3286,3146
3206,2459
3038,2412
2958,2419
2870,2410
2838,2392
2714,2316
2618,2371
2602,2924
2514,2968
2474,2969
2406,2221
2358,2929
2350,3005
2306,2252
2290,2279
2184,2251
2152,2233
2072,2221
2000,2199
1952,2811
1944,2797
4825,1320
4673,2025
4625,1688
4541,1612
4501,2075
4441,1706
5214,1939
5094,1981
4982,1941
4934,4904
4842,4874
4750,3145
4722,2401
4652,2359
4596,4721
4544,5013
4516,2634
4466,3778
4442,3811
4416,4761
4406,2994
4213,2245
3989,2239
3781,2056
3669,2150
3501,4276
3389,4244
3373,3158
3269,2186
3221,2127
3057,2226
5831,2409
5663,2282
5567,2455
5463,2413
5299,2252
5211,2321
5127,2263
5079,2280
5031,2280
4845,2184
4605,3967
4525,4082
4373,2487
4253,3906
4205,2770
4089,3771
3969,2415
3929,1800
3853,3630
3821,3705
4664,2366
4558,3418
4446,2919
4358,2054
4318,3499
4202,2875
4158,3639
4134,2700
4072,2822
4024,2309
3972,3501
3952,2779
3910,1898
3890,1911
3868,1916
3858,3439
3625,3273
3497,3316
3321,2602
3225,2053
3073,3222
2977,3153
2961,2531
2873,3210
2833,3061
2685,2830
2621,1896
2533,1886
2517,1876
2477,3714
2393,3694
2361,2776
2317,2206
2309,2170
2289,2152
2187,2149
2155,2127
2075,2153
2003,3435
1955,3422
1947,3432
4828,1323
4676,2204
4628,2066
4544,1772
4504,1646
5335,4560
5217,4901
5105,2663
4985,2083
4937,5130
4845,4095
4753,2839
4725,2280
4655,4989
4599,3910
4547,2786
4519,2363
4477,5026
4449,5020
4423,2682
4409,3885
4216,4848
3992,2848
3784,2430
3672,2399
3504,4194
3392,4265
3376,2734
3272,2086
3224,2254
6010,4414
5834,4226
5666,3574
5570,3463
5474,2377
5302,4284
5214,3047
5130,2071
5082,4124
5034,3018
4848,2212
4720,2152
4528,2140
4376,2092
4256,2090
4216,1981
4092,2045
3972,2007
3932,1947
3856,3679
3824,3638
4667,2786
4561,1979
4449,3715
4361,2868
4321,1981
4237,2010
4161,3604
4137,3581
4075,2265
4027,1712
3983,3536
3959,3435
3921,2205
3893,1873
3873,1818
3863,3421
3692,3342
3500,2606
3324,2068
3228,2057
3076,3097
2980,3197
2964,2549
2876,3054
2836,3143
2720,1993
2624,1953
2536,1949
2520,2999
2480,2952
2396,2976
2364,2943
2320,2960
2312,2998
2292,2366
2190,2943
2158,2930
2078,2916
2006,2318
1958,2876
1950,2892
4831,1385
4679,2304
4631,1878
4547,1970
4507,2875
5338,2172
5220,5280
5108,3182
4988,2415
4940,5210
4848,3471
4756,2963
4728,6102
4658,4001
4602,4652
4550,2761
4522,2226
4480,2127
4448,5005
4424,4970
4412,2906
4219,2437
3995,2282
3787,4527
3675,4533
3507,2777
3395,4836
3379,3793
3275,3955
3227,3049
6013,5156
5837,3031
5669,5012
5573,3692
5469,3887
5305,5004
5217,2931
5133,3708
5085,4788
5037,2361
4851,2054
4611,3812
4531,3917
4379,2200
4259,1861
4211,1873
4095,3732
3975,3714
3935,2216
3859,1753
3827,1780
4670,1639
4564,1794
4452,1770
4364,1670
4324,1769
4208,1867
4164,1794
4140,1861
4078,3393
4030,3380
3978,2355
3958,1586
3916,3298
3896,3373
3874,2071
3864,1583
3631,3616
3503,3483
3327,2251
3231,2747
3079,2685
2983,2719
2895,2675
2879,2641
2839,2471
2691,1694
2627,2598
2539,2462
2491,2338
2483,1467
2399,3284
2367,3151
2323,2430
2315,1698
2295,3218
2193,2816
2097,2404
2081,1964
1993,3182
1961,3061
1953,2345
4770,1306
4682,2345
4626,1965
4550,1762
4474,1744
5341,1789
5191,2480
5095,5562
4951,1873
4867,5740
4811,5854
4759,3623
4727,4578
4645,3086
4597,2662
4545,5528
4521,4571
4475,4409
4451,3079
4425,2621
4413,2489
4158,2589
3966,5128
3758,4559
3662,2856
3478,1937
3398,3759
3294,3814
3238,3631
3098,2301
5984,3917
5792,2818
5592,3261
5504,3974
5388,2441
5292,2225
5196,4683
5120,3278
5060,2170
5036,4552
4758,3263
4582,2108
4414,1970
4334,1937
4246,1899
4130,1925
4050,1894
3962,1982
3878,2054
3838,4156
3794,4221
4669,4130
4535,2481
4383,1933
4335,1938
4251,1967
4203,1897
4159,1962
4139,4166
4065,4010
3989,3081
3965,2493
3927,2395
3903,2353
3881,2421
3869,2338
3698,2358
3506,2260
3474,2300
3298,2290
3218,3588
3050,3561
2970,2797
2882,2220
2850,1630
2726,2806
2630,2917
2614,2901
2526,2886
2486,2846
2418,2865
2370,2195
2362,2239
2318,2805
2302,2818
2196,2786
2164,2932
2084,2307
2012,2895
1996,2707
1956,2722
1888,2718
4757,1446
4637,1898
4569,2062
4513,1838
5364,1972
5226,1956
5114,2723
4994,4938
4946,1872
4854,2465
4806,2546
4734,2577
4664,5138
4608,4879
4556,2988
4528,2537
4486,2538
4458,4876
4432,4663
4418,2650
4225,4724
4001,3546
3793,3281
3681,2336
3513,3932
3401,4267
3385,2739
3281,2338
3233,2279
3069,4137
5843,4509
5675,2776
5523,3653
5475,4462
5311,3369
5223,2274
5139,4361
5091,3169
5043,2071
4857,4140
4617,3070
4521,2045
4385,1957
4265,1908
4217,3969
4053,3927
3981,2497
3933,1954
3865,1918
3805,1956
4676,1924
4538,1881
4458,1887
4338,1881
4262,1869
4214,1821
4170,1948
4142,1985
4068,3690
4028,3705
3984,2875
3964,2087
3922,1968
3902,1957
3880,1944
3870,3554
3637,3424
3477,2680
3301,2229
3221,1876
3053,3068
2973,3013
2901,2981
2853,2370
2729,2353
2633,2962
2617,3003
2529,2972
2497,2885
2421,2936
2373,2892
2365,2320
2321,2287
2305,2256
2199,2829
2167,2880
2087,2860
2015,2829
1999,2886
1959,2728
1891,2798
1875,2867
4640,1389
4556,2216
4516,1842
4456,3223
5229,2212
5101,4866
4997,3782
4949,2807
4817,4881
4765,3576
4737,2694
4667,4773
4603,3554
4551,4742
4527,3559
4481,4774
4457,2822
4431,2378
4419,2268
4164,4391
3972,4363
3764,4466
3668,2552
3516,2065
3404,2074
3300,4146
3244,3820
3104,4036
3072,2627
5798,2251
5598,2260
5510,4012
5394,3938
5298,2150
5194,4133
5102,3164
5058,2169
4924,2077
4732,2195
4540,2045
4420,2099
4324,3585
4228,3575
4104,2754
4040,2214
3944,2152
3868,2198
3836,3412
3788,3330
3714,2586
4461,2154
4373,2147
4333,3549
4217,3556
4173,2224
4149,1666
4071,1674
4031,1649
3987,3413
3967,3390
3925,3387
3905,2107
3883,1817
3873,1818
3640,1784
3480,1741
3304,1735
3224,2978
3056,2994
2976,2924
2888,2924
2856,2367
2732,2933
2636,3111
2620,1971
2532,3082
2492,2417
2424,3046
2376,2399
2368,3029
2324,2366
2308,3019
2202,2973
2170,1889
2090,1858
2018,1849
1970,1856
1962,2939
1894,3021
1846,2904
1838,2274
1802,1988
4483,1307
4459,2608
4341,1700
4261,1948
4960,4707
4876,3017
4820,4009
4768,3108
4736,2667
4654,2717
4606,2766
4554,2606
4530,4832
4484,4937
4460,3757
4434,4764
4422,2877
4167,2217
3975,4658
3767,4547
3671,3129
3487,4287
3391,3204
3303,4338
3247,3066
3107,2155
2995,2177
2979,2130
2875,2239
5489,2304
5365,4386
5245,4417
5197,2507
5105,3279
5061,2621
4927,2213
4735,2255
4543,2082
4391,2232
4271,2116
4231,2147
4107,2078
3987,2037
3947,2104
3871,2019
3811,2055
3791,3589
3685,3579
3621,2187
3549,3533
4268,2805
4220,2063
4176,1963
4148,1964
4074,3416
4034,3494
3990,2141
3970,1645
3928,3305
3890,3326
3878,2071
3707,1569
3515,1618
3483,3215
3307,3168
3227,2561
3059,2026
2979,1989
2891,2172
2851,3803
2735,3688
2639,3717
2551,2831
2535,3711
2495,2824
2411,3627
2379,2801
2335,2205
2327,2199
2307,3529
2205,3562
2109,3505
2093,2242
2005,3500
1973,3465
1897,2712
1881,2105
1849,3294
1805,2841
1797,2848
1781,2800
1719,2812
4280,1269
4192,1879
4136,1549
4060,1477
4815,2084
4743,1874
4673,1865
4617,4833
4565,4968
4537,3730
4495,4439
4467,3124
4441,5771
4427,3912
4234,2662
4010,5634
3802,3602
3690,5437
3522,3122
3410,2402
3394,5216
3290,5188
3242,2755
3078,2234
2998,2245
2894,2157
2838,2201
2830,2141
2738,2249
5232,2720
5148,2753
5100,2822
5052,5028
4866,4569
4626,2325
4530,2018
4346,4864
4274,4781
4226,2378
4062,2161
3990,2079
3942,1995
3874,4578
3814,4411
3794,2721
3688,4383
3624,2447
3528,1966
3468,1931
4223,4297
4179,4547
4151,2337
4077,4387
4037,3421
3993,2240
3973,3265
3931,4256
3911,2552
3889,1903
3879,4199
3646,3828
3486,3061
3342,3030
3246,2407
3094,3910
2998,3969
2910,2949
2894,3808
2854,3010
2706,1932
2642,3739
2554,3765
2538,3767
2498,2829
2414,3744
2382,2827
2338,3663
2330,2786
2310,2203
2208,3624
2176,3634
2096,2774
2024,3596
2008,2659
1968,3555
1900,2710
1884,2202
1844,3515
1808,2741
1800,2168
1784,2125
1722,2123
4283,1297
4195,2186
4139,1638
4866,1653
4818,1748
4766,3298
4676,2321
4620,2047
4568,5345
4540,5138
4498,3076
4470,2830
4444,2792
4430,5483
4237,5535
4013,3391
3805,5323
3693,3978
3677,2744
3493,2747
3397,2621
3293,4947
3253,5036
3113,3637
3001,4751
2985,3636
2881,2895
2833,2881
2757,2866
5251,2968
5203,4865
5111,4315
5067,2525
4933,2208
4741,2212
4597,2191
4429,2225
4333,2123
4237,1859
4145,1549
4049,1590
3977,1871
3893,1887
3853,4452
3809,4403
3793,3348
3643,2644
3571,2216
3531,2193
4258,2203
4218,2233
4174,4406
4154,4300
4080,3197
4004,2196
3980,2215
3942,2255
3918,2150
3896,3967
3884,4020
3713,2867
3649,2380
3489,2304
3313,2302
3233,2265
3065,2242
2985,3587
2913,3615
2865,2792
2741,2738
2709,2791
2629,2721
2541,2745
2509,2719
2433,3511
2417,3535
2377,3519
2341,2679
2317,2661
2313,3464
2179,3428
2115,2701
2099,3413
2011,2631
1979,2109
1971,2114
1887,3348
1855,3359
1847,3365
1803,2602
1787,3334
1783,2810
4350,1358
4270,1868
4150,2023
4885,1994
4829,2019
4777,2089
4745,1922
4663,1829
4615,1853
4563,1916
4539,2385
4493,2457
4469,2631
4443,2450
4431,2492
4176,2618
3984,2515
3776,2450
3680,2504
3528,4234
3416,4229
3312,4146
3256,2612
3248,2293
3084,2228
2988,2180
2900,2138
2844,2089
5490,2323
5326,2312
5238,2345
5154,2260
5106,2280
5058,2447
4872,2397
4632,2045
4536,2059
4352,2004
4280,2132
4232,2115
4068,2002
3996,2142
3948,2130
3880,2105
3820,2112
3800,2010
3694,2105
3630,2148
3558,2084
4277,2042
4229,2097
4185,2117
4161,2154
4099,2058
4051,2062
3999,2019
3979,2018
3937,1972
3917,1952
3895,1994
3885,1964
3716,3224
3524,3135
3348,3067
3252,3057
3100,2376
3004,2329
2988,2323
2900,2323
2860,2343
2744,2315
2648,2326
2560,2307
2544,2276
2504,2310
2436,2276
2388,2256
2380,2284
2336,2239
2320,2270
2214,2168
2182,2134
2102,2131
2030,2138
2014,2150
1974,2147
1906,2138
1890,2104
1850,2102
1814,2114
1806,2116
1790,2122
4467,1317
4289,1685
4201,1698
4972,1694
4872,2201
4824,2874
4772,1938
4748,2149
4666,1906
4618,1921
4546,2229
4504,2118
4476,2010
4450,2160
4446,2041
4434,1953
4179,2098
3987,1900
3779,1908
3683,2065
3499,1963
3419,1882
3315,2021
3259,2184
3251,2056
3087,2193
2991,2279
2903,2132
5541,2312
5493,2344
5329,2458
5241,2410
5157,2287
5109,2349
5061,2362
4875,2319
4635,2164
4539,2345
4403,2301
4283,2167
4235,2190
4119,2187
3999,2089
3959,2115
3883,2115
3851,1993
3803,2120
3729,2052
3649,1960
4388,1960
4348,1990
4264,1963
4224,1953
4180,1953
4102,1926
4054,1886
4010,1893
3986,1890
3948,1961
3924,1943
3902,1842
3890,1868
3719,1802
3655,1777
3495,1804
3319,1807
3239,1758
3071,1666
3007,1750
2919,1721
2871,1652
2863,1714
2715,1685
2635,1621
2563,1675
2515,1670
2507,1850
2423,2956
2391,2995
2347,2969
2339,2933
2319,2955
2217,2875
2185,2331
2105,2265
2033,2367
2017,2380
1977,2250
1909,2233
1893,2288
1853,2225
1817,2230
4542,1350
4490,1963
5306,1675
5135,2037
5031,1768
4975,1837
4875,1866
4827,2200
4775,1855
4751,1896
4669,2178
4577,2246
4549,2465
4507,2741
4479,2769
4453,2743
4439,2712
4246,2682
4182,2646
3990,2603
3782,2578
3686,2445
3502,2496
3406,2457
3318,2402
3262,2315
3122,2269
3090,2212
5816,2534
5616,2547
5528,2447
5412,2462
5316,2496
5220,2423
5144,2405
5084,2348
5060,2375
4782,2289
4638,2265
4542,2265
4358,2236
4270,2220
4238,2204
4074,2144
4002,2134
3954,2101
3886,2120
3826,2094
4697,2142
4559,2099
4479,2114
4391,2136
4283,2129
4235,2109
4191,2097
4167,2108
4105,2058
4049,2056
4005,2017
3985,1946
3943,2006
3923,1968
3901,2022
3891,1944
3722,1967
3530,1946
3354,1922
3258,1896
3106,1899
3010,1935
2994,2107
2906,2096
2866,2080
2750,2044
2654,2060
2566,2035
2550,1951
2510,2048
2442,2064
2394,1986
2386,2026
2342,1994
2326,2314
2220,2339
2188,2330
2124,2292
2036,2310
2020,2274
1988,2351
1912,2306
1896,2276
1864,2304
4653,1394
4545,2250
5396,2746
5364,1928
5218,1909
5122,2403
4978,1922
4894,1842
4838,2299
4786,2427
4758,2491
4672,2438
4624,2390
4572,2607
4548,2436
4502,2376
4478,2511
4452,2292
4440,2504
4249,2579
4025,2703
3817,2615
3705,2577
3537,2487
3505,2456
3409,2525
3305,2446
6351,2503
6139,2695
5899,2308
5803,2168
5603,2293
5507,2255
5383,2137
5263,2108
5215,2113
5123,2352
5079,2075
5063,2082
4785,2111
4609,2078
4441,2008
4345,2018
4273,2011
4157,1938
4077,1976
3989,2197
3957,2175
4768,2169
4724,2197
4696,2188
4562,2151
4482,2179
4362,2081
4286,2107
4238,2188
4194,2102
4166,2169
4092,2179
4052,2056
4008,2414
3988,2635
3946,2653
3926,2605
3904,2597
3894,2561
3661,2563
3501,2531
3325,2537
3261,2544
3109,2482
3013,2530
2925,1651
2877,1390
2869,1404
2721,1385
2641,1503
2569,1711
2521,1983
2445,2519
2429,2564
2389,2522
2353,2490
2329,2511
2325,2487
2191,2445
2127,2500
2039,2451
2023,2456
1991,2537
1915,2447
1899,2412
4696,1449
4596,2321
5451,2063
5391,2051
5367,1928
5141,5553
5037,3873
4973,2858
4881,2501
4833,2540
4781,2501
4691,2617
4635,2809
4583,3289
4555,2986
4513,2987
4485,3192
4459,2960
4445,2950
4252,2887
4028,2883
3820,2740
3708,2729
3540,2722
3428,2594
3412,2578
3308,2552
6354,2711
6046,2700
5870,2761
5670,2645
5550,2662
5502,2679
5338,2708
5250,2574
5166,2489
5118,2845
5070,2484
4884,2412
4644,2415
4548,2415
4364,2363
4276,2374
4244,2368
4080,2328
3992,2285
3960,2313
3868,2233
4727,2326
4699,2269
4565,2385
4413,2251
4365,2250
4289,2228
4241,2308
4189,2217
4169,2235
4095,2211
4055,2192
4011,2516
3991,2232
3949,2482
3929,2572
3907,2492
3897,2558
3664,2428
3504,2426
3328,2361
3248,2393
3080,2386
3016,2344
2928,2341
2880,2321
2756,2260
2724,2216
2644,2263
2556,2237
2524,2198
2448,2214
2432,2213
2392,2170
2356,2196
2332,2183
2328,2478
2194,2476
2130,2458
2114,2485
2026,2446
1994,2431
1986,2466
1902,2449
1870,2437
4659,1346
4551,2173
5402,1755
5370,1606
5224,1628
5128,2652
4984,3611
4900,2345
4844,2619
4792,5639
4760,5224
4678,3048
4630,5897
4578,3588
4554,4567
4508,3049
4484,2549
4458,2509
4446,2399
4191,2313
3999,2196
3823,3976
3711,3951
3543,3936
3431,2545
3327,2131
3311,2150
6357,2277
6049,4112
5873,3914
5705,2221
5609,2072
5505,2060
5341,2058
5253,2030
5169,2017
5121,1965
5073,2033
4951,2014
4759,1909
4567,2046
4415,2138
4351,2035
4255,3643
4131,3573
4067,2772
3971,2187
3911,2157
4766,2210
4722,2205
4600,2158
4504,2192
4416,2154
4360,2291
4276,2416
4236,2478
4192,2482
4172,2594
4066,4315
4022,3138
3998,2176
3960,2117
3936,2089
3914,2115
3902,2124
3731,2173
3667,2051
3507,2033
3331,2090
3251,2012
3083,2233
3019,3695
2931,3734
2883,3668
2759,2774
2727,2294
2647,2173
2575,2251
2527,2235
2498,2210
2435,2292
2395,2184
2359,2185
2351,2245
2331,2174
2229,3745
2133,3713
2117,3664
2045,2829
1997,2214
1989,2229
1921,2187
4718,1447
5597,2475
5497,2100
5449,2028
5377,1941
5259,1944
5131,5198
5027,5044
4979,2776
4847,2413
4795,2367
4767,2410
4697,5218
4641,5152
4589,2879
4561,5179
4519,3334
4491,2507
4465,2461
4451,2428
4258,2435
4034,2389
3826,2296
3714,2184
3546,2195
3514,2426
3418,2378
6472,2594
6360,2666
6148,2568
5876,2600
5708,2521
5612,2477
5516,2548
5392,2420
5272,4633
5224,4564
5132,2524
5088,2084
4954,2018
4762,2009
4570,4369
4418,4274
4354,2830
4258,3281
4134,2644
4070,3984
4901,3979
4825,2318
4769,2056
4725,3975
4603,3992
4507,2521
4403,3120
4363,3912
4279,3126
4239,2159
4179,2167
4117,3852
4069,3841
4025,2413
4001,2080
3963,2017
3939,2092
3917,1982
3905,3675
3734,3556
3542,2819
3366,1909
3270,1944
3254,1898
3086,1889
3006,1903
2918,2037
2886,2074
2762,2049
2666,3330
2650,3325
2562,3280
2522,2582
2454,2546
2406,3226
2398,3161
2354,2479
2338,3095
2232,3004
2200,2387
2136,1929
2048,1902
2032,1871
2000,1885
1924,1882
4793,1378
5640,1932
5516,1742
5460,1873
5400,1997
5376,1889
5150,4165
5046,4798
4990,2644
4906,2346
4842,2482
4790,4800
4766,4722
4684,2723
4636,4640
4584,3621
4560,2609
4514,2519
4490,4487
4464,4441
4452,2553
4197,4407
4005,3576
3797,2418
3701,2068
3517,2143
6723,4347
6523,4105
6403,3443
6355,2209
6023,2007
5831,2079
5679,4077
5559,4140
5427,2405
5331,3326
5235,2638
5159,2436
5099,2304
5075,2204
4797,3995
4653,3752
4557,2401
4373,3838
4285,2900
4253,3107
4089,2496
4936,2086
4896,2124
4780,2211
4736,3584
4708,3643
4574,3007
4494,2003
4374,3546
4298,3543
4250,2888
4198,2026
4178,3524
4104,3428
4064,2254
4020,3485
4000,2672
3958,2140
3938,3423
3916,3364
3906,3535
3673,2169
3513,1686
3337,3245
3257,3243
3089,3154
3009,3181
2937,2687
2889,3120
2765,3189
2669,2591
2653,2007
2565,2041
2533,2019
2457,1998
2409,2970
2401,3148
2357,2916
2341,2969
2235,2343
2203,2262
2123,2304
2051,2314
2035,2262
1995,2266
1927,2300
4796,1942
5603,2305
5519,2157
5455,1999
5403,2387
5265,2360
5153,2015
5033,2169
4985,3575
4893,2892
4801,4954
4773,5032
4703,3194
4647,2514
4595,2454
4567,2447
4525,2529
4497,4785
4471,4735
4457,3061
4264,2463
4040,2470
3832,2378
3720,4414
3552,4400
3440,3303
6662,3164
6462,2833
6366,2525
6058,2595
5882,2644
5714,4469
5562,3707
5514,2586
5350,3589
5262,3611
5178,3557
5130,2898
5082,2390
4896,4363
4656,3524
4560,4346
4376,2715
4304,2195
4256,4186
4092,4041
4020,2605
4899,3996
4783,2654
4739,4142
4711,2398
4577,4116
4497,3298
4377,3105
4301,2234
4253,2149
4201,2227
4181,2176
4107,3981
4067,3898
4023,2159
4003,3890
3945,2788
3923,1885
3911,1819
3740,1830
3676,1843
3516,1806
3340,1751
3260,1905
3092,2055
3012,1964
2924,2028
2892,3151
2768,3129
2672,3120
2656,3096
2568,3130
2528,3112
2460,2437
2412,2433
2404,2453
2360,2395
2344,3218
2238,3228
2206,3209
2126,2515
2054,2503
2006,2489
1998,2883
1930,2033
1882,1871
4679,1413
5506,2301
5458,1907
5386,1924
5268,2171
5140,2283
5036,4201
4931,3310
4856,4130
4804,4235
4776,2960
4690,2643
4642,2633
4590,2474
4566,2615
4520,5176
4496,5194
4470,3318
4458,5086
4203,3326
4011,2493
3803,2411
3707,4714
3534,4659
3443,3740
3339,3640
6409,3201
6221,4796
6029,3217
5837,4572
5637,2653
5549,2235
5433,2158
5337,4447
5241,4576
5141,3454
5097,2547
4963,2268
4803,4384
4627,4391
4459,2456
4363,4235
4267,3035
4175,2253
4079,2312
3983,2132
4834,2210
4778,2206
4734,2203
4612,2154
4516,2216
4412,2152
4372,2190
4288,2156
4212,2178
4188,3852
4126,3847
4078,2489
4026,1851
4006,1841
3964,1781
3944,3739
3922,3555
3912,2708
3679,1946
3519,1916
3343,3465
3263,3512
3095,2700
3031,2183
2943,2169
2895,3279
2771,3336
2739,2675
2659,3319
2571,3341
2539,2648
2463,2623
2415,3259
2407,3297
2363,2574
2347,3219
2241,3122
2209,2536
2129,2530
2057,3043
2009,3106
2001,3182
1933,3045
1885,3112
1877,3147
1841,3007
5417,1452
5389,2439
5239,2090
5143,1916
4999,2446
4915,3106
4859,3252
4799,2829
4775,4891
4693,3594
4645,4847
4593,3069
4569,2441
4503,4859
4477,3864
4463,2660
4270,4823
4046,3640
3838,2492
3806,2442
3710,2431
3526,2350
3430,4234
3326,4270
3278,4115
3146,3426
5888,2528
5720,2599
5624,2644
5520,4361
5356,3889
5268,2437
5184,2205
5136,4215
5088,4099
4902,3347
4662,2240
4566,2166
4382,2255
4294,3909
4262,3893
4098,2569
4010,1989
3926,1975
3886,1974
3842,1997
4717,1943
4519,2075
4431,2056
4375,2058
4291,2186
4251,2308
4191,2217
4129,3460
4081,3414
4037,2717
4013,3336
3967,2892
3947,1951
3925,1937
3915,3290
3682,3267
3522,2578
3346,2689
3282,2181
3130,3185
3034,3220
2946,2065
2898,1802
2890,1757
2742,1606
2662,1681
2590,1699
2542,1776
2466,2086
2450,2028
2410,3091
2374,3035
2350,3030
2346,2417
2212,1944
2148,1959
2060,2953
2044,2946
2012,3003
1936,2980
1920,2323
1888,2307
1844,2377
1836,2286
1820,2873
1816,2902
5162,1434
5058,2270
5002,1762
4902,1631
4854,1865
4802,1843
4778,4720
4676,3725
4604,2482
4576,4691
4534,3159
4506,2242
4480,2430
4466,5114
4273,4846
4049,3913
3841,2787
3809,4642
3713,3579
3529,2514
3433,2499
3329,2437
3289,2367
3149,2421
3037,2327
5827,2402
5627,2561
5531,2513
5407,2473
5287,2498
5239,2429
5147,2357
5103,2359
4969,2215
4777,2241
4585,2277
4433,2151
4369,2144
4273,2157
4149,2302
4085,2165
3989,2108
3913,2063
3881,3609
3833,3647
3759,2932
4522,2037
4418,1995
4378,1976
4294,3561
4218,3568
4194,2263
4132,1771
4084,3518
4040,3454
4012,2227
3970,3637
3950,2654
3928,1950
3918,2135
3685,3395
3557,3301
3381,2141
3285,3252
3133,2516
3037,2074
2949,2064
2933,3192
2893,3246
2745,3167
2681,2619
2593,3156
2545,3142
2537,3126
2453,2031
2421,1980
2377,3097
2369,3077
2349,3062
2247,3151
2151,1982
2135,1955
2063,2080
2015,1930
2007,1938
1939,1931
1891,1952
1883,1925
1847,1964
1823,1950
1819,1919
1761,1930
5149,1452
5045,2430
4997,1983
4865,1927
4813,3296
4785,3880
4715,3849
4659,2588
4599,4994
4575,3624
4529,2773
4505,2281
4479,2045
4467,2272
4212,2324
4052,2055
3844,2233
3732,4549
3564,4247
3452,3480
3348,3427
3332,2923
3284,2360
3120,4235
3040,4412
5726,2970
5574,3579
5526,2579
5362,2092
5274,1869
5190,1962
5142,4303
5094,4264
4908,2722
4668,1894
4588,1687
4436,4303
4316,4222
4268,2532
4152,1903
4032,1861
3992,3933
3916,3996
3884,2778
3836,2087
3762,2095
4509,4363
4421,4104
4381,2267
4265,1909
4221,4253
4197,3906
4135,2427
4087,4472
4043,3126
4015,2986
3973,3014
3953,2362
3931,3713
3921,3682
3752,2868
3560,2261
3384,3615
3288,3637
3136,2232
3040,1931
3024,3626
2936,3418
2896,3500
2748,2277
2684,1911
2596,1854
2580,1891
2540,3293
2456,3384
2424,3256
2380,3344
2372,3321
2352,2684
2250,2109
2154,3275
2138,3310
2066,3284
2018,2605
2010,2585
1942,2515
1894,2566
1886,2555
1850,2513
1842,2554
1822,2536
1764,2489
5152,1497
5048,2275
5000,2028
4868,3326
4816,2216
4788,2376
4718,2041
4662,2039
4602,2290
4578,2360
4532,2510
4508,2483
4482,2596
4470,2556
4215,2535
4043,2432
3847,4875
3735,4798
3567,3681
3455,2605
3351,4624
3335,4590
3287,2838
3123,2494
3043,2385
5697,4688
5577,4535
5529,2720
5365,3702
5277,2982
5193,2486
5145,4477
5097,3871
4911,2456
4671,4322
4575,3113
4439,3293
4319,2721
4271,4072
4155,3266
4035,2287
3987,2188
3919,4027
3859,3960
3839,3128
4592,3113
4512,3955
4424,2491
4316,2134
4268,2137
4224,3832
4200,3858
4138,3022
4082,3796
4038,3035
4018,3804
3976,2383
3956,2052
3934,3662
3924,3700
3691,2815
3531,3510
3387,2146
3291,1903
3139,3454
3043,3293
2955,2676
2939,2145
2899,3269
2751,3304
2687,2613
2599,2115
2551,2063
2543,2066
2459,2045
2427,2047
2383,2076
2375,3214
2355,3251
2253,3146
2157,2496
2141,2477
2069,2480
2021,2433
2013,2485
1945,2467
1897,2440
1889,2470
1853,2457
1829,2472
1825,2443
1767,2422
5155,1382
5051,2065
4965,1905
4871,3004
4819,2215
4791,2041
4721,2284
4657,2268
4605,2360
4581,2469
4535,2315
4511,4833
4485,4768
4473,3801
4218,2533
4058,2601
3850,4427
3738,4447
3570,3628
3458,2859
3354,2777
3338,4166
3290,4018
3126,3122
5900,2847
5732,2705
5580,4293
5532,3201
5368,2073
5280,2159
5196,4053
5148,4032
5100,3140
4914,2133
4674,3920
4594,3080
4442,2113
4322,3787
4282,3785
4158,3122
4038,3280
3998,2519
3922,3610
3890,2847
3842,2112
4627,3586
4531,3625
4427,2972
4387,3614
4303,2340
4227,3557
4203,2250
4141,2057
4093,1965
4049,3564
4025,3526
3987,2864
3963,2003
3941,1899
3929,1963
3758,1905
3566,1888
3390,1876
3294,3305
3142,3234
3110,2531
3030,2076
2942,2077
2902,2056
2786,2015
2690,2007
2602,2012
2586,2010
2546,2025
2478,3102
2430,3117
2422,3145
2378,3148
2362,2439
2256,2578
2224,2587
2144,3036
2072,2994
2056,3017
2016,2392
1948,1701
1932,3184
1892,3178
1856,3143
1848,3131
1828,3179
1770,2017
5158,1432
5054,2198
5006,1881
4874,1711
4822,1717
4794,2139
4724,1998
4668,4010
4608,5185
4584,3287
4538,2648
4514,2466
4488,5018
4476,5100
4221,2876
4029,2279
3821,4985
3741,4813
3573,3042
3461,2381
3357,4577
3301,4990
3293,2836
3129,2594
5855,4003
5703,3756
5567,3085
5451,2444
5355,2329
5259,2451
5183,4506
5123,4347
5099,2596
4821,2120
4645,4457
4477,4517
4381,3492
4309,4449
4193,2881
4097,2246
4025,2060
3941,4277
3893,4301
3857,2586
3771,2356
4534,2336
4446,2155
4390,4177
4306,4218
4266,2546
4206,2293
4144,2323
4096,2223
4052,3954
4028,3789
3986,2956
3962,2212
3940,2234
3930,2228
3697,2038
3537,2040
3393,2099
3297,2033
3145,1949
3049,2027
2961,3709
2913,3608
2905,2880
2757,2010
2677,2038
2605,2058
2557,2019
2481,2007
2465,1969
2425,2159
2389,2134
2365,3269
2361,3294
2227,3190
2163,3196
2075,3447
2059,2689
2027,2144
1951,3332
1935,3364
1903,3339
1859,3324
1851,3306
1835,2566
1831,3289
1757,3257
1725,3263
5017,1465
4917,2152
4869,1814
4817,1884
4793,2028
4671,5043
4619,3769
4591,2591
4549,2537
4521,2649
4495,2843
4481,2675
4288,2505
4064,4700
3856,4720
3744,3006
3728,4691
3544,3291
3448,4535
3344,2931
3304,2275
3164,4398
3052,4520
3036,3152
5642,4841
5546,3050
5422,3831
5302,2510
5254,4565
5162,3328
5118,2319
4984,4410
4792,3164
4600,2199
4448,4312
4384,3297
4288,2445
4164,4080
4100,3320
4004,2318
3928,2233
3896,2325
3848,2315
3774,2192
3715,2104
4433,2136
4393,2173
4309,2187
4233,2127
4209,2135
4147,3847
4099,3858
4055,2481
4031,2970
3993,1972
3969,2634
3947,1767
3935,1603
3764,3798
3572,3483
3396,3457
3300,3071
3148,2275
3052,2263
3036,3464
2948,3337
2908,3359
2792,2108
2696,1661
2608,3218
2592,3289
2552,3436
2468,3516
2436,2735
2392,3334
2384,2685
2364,2659
2262,3090
2230,3162
2150,2474
2078,2361
2030,2532
2022,3109
1954,3017
1906,3050
1898,3037
1862,2363
1854,2334
1834,2379
1776,2331
1760,2326
1728,2342
5012,1419
4880,2008
4828,2038
4800,1629
4730,1986
4674,1891
4622,3419
4590,2318
4544,2314
4520,2075
4494,2344
4482,4644
4291,4724
4067,3093
3859,2483
3747,2279
3579,2255
3467,2191
3451,2117
3347,2167
3299,2109
3135,4233
3055,4153
2951,4164
5589,4538
5541,4514
5377,2630
5289,4518
5205,3861
5157,4051
5109,2363
4923,1993
4683,2702
4603,2063
4451,4773
4331,4110
4283,2154
4167,3901
4047,3077
4007,2358
3931,2006
3899,2352
3851,3920
3777,3560
4524,4052
4436,2158
4396,2247
4280,3965
4236,2903
4212,3001
4150,3234
4102,2143
4050,3967
4030,2349
3988,1736
3968,4714
3946,3011
3936,3234
3703,3496
3575,2025
3399,1679
3303,4081
3151,3988
3055,3987
3039,3050
2951,2455
2911,2095
2763,2072
2699,3801
2611,3783
2563,3792
2555,2906
2471,3756
2439,2915
2395,3742
2387,3734
2367,2806
2265,2845
2169,3617
2153,3583
2081,2756
2033,2726
2025,2728
1957,2744
1909,2696
1901,2736
1865,2703
1857,2684
1837,3448
1779,3563
1763,3414
1731,2667
5015,1439
4883,2940
4831,1709
4803,3959
4733,2437
4677,2274
4625,4903
4597,4861
4547,2898
4523,2398
4499,2455
4487,2382
4294,2407
4070,2142
3862,4293
3750,4261
3582,4119
3470,2696
3454,2271
3350,2327
3302,3953
3170,3886
3058,3875
5744,3324
5648,2251
5552,4049
5428,3263
5308,2193
5208,3955
5168,3123
5124,4138
4990,2736
4798,2082
4606,3935
4454,3996
4390,2588
4294,4010
4170,2935
4106,2136
4010,2142
3950,3691
3902,3729
3866,2431
3780,2058
4543,2104
4455,3561
4399,3702
4315,2339
4275,2059
4231,2066
4153,2889
4105,2111
4061,1572
4037,1489
3999,1561
3975,1665
3953,1801
3941,2094
3770,3631
3578,3610
3402,3613
3370,2297
3290,3582
3122,3580
3042,2277
2970,2220
2922,2220
2798,2186
2766,2200
2686,2219
2598,2214
2566,2194
2490,2189
2474,2182
2434,2158
2398,2159
2374,2482
2370,2140
2236,2117
2172,2117
2156,2109
2068,2152
2036,3031
2028,3095
1944,3089
1912,3037
1904,3080
1860,3070
1844,3023
1840,3027
1782,2997
1766,3008
5066,1434
4942,2223
4886,2191
4834,2121
4806,1930
4720,1916
4672,2260
4620,5240
4596,4669
4550,2971
4526,2470
4500,5320
4488,4471
4233,2920
4041,2581
3865,2523
3753,2509
3585,4772
3473,4743
3369,3078
3353,2744
3305,2604
3141,2523
5915,2746
5747,2791
5595,4920
5547,3700
5383,2493
5295,2226
5211,4732
5163,4050
5115,2560
4929,2267
4801,2344
4609,4621
4457,4338
4337,2465
4297,2092
4173,2067
4081,1880
4013,2088
3937,2066
3905,2057
3869,2395
4642,2347
4546,2242
4442,2337
4402,2302
4318,2193
4278,2324
4234,2273
4156,2206
4108,2219
4064,2188
4040,2249
4002,2204
3978,2145
3956,2128
3944,2212
3773,2074
3581,2077
3549,2090
3373,2048
3293,2034
3125,2045
3045,2233
2973,2206
2925,2187
2801,2190
2769,2155
2689,2175
2601,2184
2569,2148
2493,2137
2477,2175
2437,2166
2401,2381
2377,2402
2373,2403
2239,2388
2175,2345
2159,2369
2071,2408
2039,2390
2031,2341
1947,2342
1915,2358
1907,2343
1863,2345
1847,2293
1843,2349
1785,2349
5173,1477
5029,2272
4945,1866
4889,1863
4829,1978
4805,2456
4723,2476
4675,1938
4623,2018
4599,2322
4553,2196
4529,2450
4503,2752
4491,2736
4236,2697
4044,2678
3836,2585
3740,2562
3556,2466
3460,2496
3372,2404
3316,2404
3176,2408
6062,2555
5854,2663
5670,2548
5582,2490
5466,2568
5370,2500
5274,2469
5198,2501
5138,2334
5114,2451
4836,2503
4660,2367
4492,2352
4396,2439
4324,2404
4208,2322
4112,2279
4040,2293
3956,2214
3916,2257
4767,2240
4747,2225
4549,2086
4461,2135
4413,2267
4321,2196
4281,2118
4237,2200
4217,2112
4111,2215
4067,2172
4043,2041
4005,2104
3981,2021
3959,2203
3947,2193
3776,2238
3584,2132
3408,2173
3312,2085
3296,2105
3128,2170
3048,2115
2960,2090
2928,2112
2804,2092
2708,2158
2692,2086
2604,2074
2564,2282
2496,2290
2448,2264
2440,2281
2396,2236
2380,2223
2274,2233
2242,2264
2162,2194
2090,2159
2074,2278
2034,2170
1966,2123
1950,2177
1910,2178
1874,2136
1866,2158
1850,2140
1788,2172
1772,2151
5072,1581
5024,2407
4932,1879
4884,1888
4812,2024
4742,2023
4686,2446
4634,1908
4606,2035
4564,2187
4536,2275
4510,2246
4496,2420
4303,2652
4079,2787
3871,2706
3759,2660
3591,2722
3559,2468
3463,2596
3359,2512
3311,2351
6193,2603
5921,2590
5753,2642
5657,2621
5561,2669
5437,2635
5317,2622
5217,2635
5169,2573
5127,2551
4999,2410
4807,2404
4615,2484
4463,2283
4343,2318
4303,2434
4179,2492
4059,2429
4019,2470
3943,2359
3911,2224
4754,2232
4648,2403
4536,2215
4448,2207
4408,2374
4324,2242
4248,2192
4224,2243
4162,2101
4114,2117
4070,2189
4046,2130
4000,2117
3980,2130
3958,2168
3948,2034
3779,2062
3587,2085
3411,2070
3315,1946
3163,1882
3067,2023
3051,2300
2963,2268
2923,2231
2775,2227
2711,2205
2623,2219
2575,2189
2567,2194
2483,2213
2451,2373
2407,2311
2399,2294
2379,2451
2277,2342
2181,1825
2165,1639
2093,1502
2045,1682
2037,1587
1969,1819
1921,1939
1913,2184
1877,2176
1853,2149
1849,2148
1791,2090
1775,2116
5075,1463
4951,1975
4895,1705
4843,1816
4815,1859
4737,1968
4681,2048
4629,2071
4605,4734
4559,4804
4535,3218
4509,2586
4497,2533
4242,2573
4050,2290
3842,2477
3762,2381
3594,2366
3482,2344
3378,2455
3322,2314
3314,2544
6100,2870
5876,2689
5724,2832
5604,2749
5556,2635
5392,2791
5280,2755
5204,2661
5144,2668
5120,2645
4938,2567
4698,2574
4602,2607
4418,2598
4330,2499
4298,2520
4134,2809
4046,2801
4014,2713
3922,2775
3886,2701
4753,2727
4619,2697
4539,2771
4419,2673
4343,2708
4295,2706
4243,2697
4223,2677
4149,2691
4109,2630
4065,2614
4045,2581
4003,2515
3983,2622
3961,2514
3951,2451
3718,2444
3558,2395
3382,2308
3302,2374
3134,2316
3070,2257
2982,2283
2934,2279
2810,2697
2778,2306
2698,2259
2610,2249
2578,2254
2502,2200
2486,2186
2446,2169
2410,2200
2386,2153
2382,2197
2248,2124
2184,2141
2096,2133
2080,2121
2048,2145
1972,2137
1956,2111
1924,2132
1880,2126
1872,2106
1856,2116
1852,2127
1778,2082
1746,2075
5038,1466
4938,2077
4890,1790
4838,1793
4814,2044
4692,1894
4640,1847
4612,2049
4570,4824
4542,4789
4516,3045
4502,2580
4309,2574
4085,2469
3877,2501
3765,2462
3749,2402
3565,2479
3469,2497
3365,2478
3317,2619
3185,2649
5959,2813
5759,2853
5663,2817
5567,2840
5443,2714
5315,2776
5223,2701
5175,2644
5127,2655
4941,2605
4813,2635
4621,2584
4469,2549
4349,2420
4301,2472
4185,2446
4065,2372
4017,2437
3949,2396
3889,2394
3869,2458
4622,2450
4542,2367
4454,2313
4346,2221
4298,2272
4254,2354
4226,2368
4152,2209
4112,2271
4068,2407
4048,2169
4006,2301
3986,2305
3964,2254
3954,3562
3721,3578
3561,2805
3385,2276
3305,2281
3137,2304
3057,2212
2985,2256
2937,2203
2813,2170
2781,2276
2701,2160
2613,2207
2581,2148
2505,2151
2457,2155
2449,2142
2405,2115
2389,2136
2283,2105
2251,2061
2171,2126
2099,2062
2083,2041
2043,2103
1975,2044
1959,2322
1919,2356
1883,2334
1875,2319
1859,2318
1797,2305
1781,2301
1749,2317
1741,2323
4941,1471
4849,1964
4821,2072
4751,2016
4695,2041
4643,1925
4615,2280
4573,1823
4545,1898
4519,5251
4505,4747
4312,3507
4088,2463
3880,2487
3768,2483
3600,2331
3488,2364
3472,4637
3368,4634
3320,3489
3188,2483
3076,2577
5762,4648
5666,4724
5570,2695
5398,3847
5310,3114
5226,2355
5178,2314
5130,4601
4944,4396
4816,2484
4624,2226
4472,4345
4352,4194
4312,2513
4188,4230
4068,3109
4028,4063
3952,2698
3920,4108
3872,3311
4657,2091
4545,4116
4457,4120
4417,2187
4301,2084
4257,1892
4233,1946
4171,4159
4123,4095
4079,2526
4051,3994
4009,2746
3989,1964
3967,3855
3957,3625
3788,2258
3596,1888
3420,1757
3324,1833
3172,1778
3076,1826
3060,3634
2972,3667
2932,2865
2784,1927
2720,3504
2632,3306
2584,2621
2576,2130
2492,2097
2460,3480
2416,3281
2408,3247
2388,2544
2286,2056
2190,2060
2174,2061
2102,2056
2054,3402
2046,3396
1978,3401
1930,2715
1922,2663
1886,2667
1862,2651
1858,3332
1800,3352
1784,2636
1752,2123
1744,3365
4904,1676
4852,2354
4824,1849
4754,1931
4698,1922
4638,2038
4614,2372
4568,2031
4544,2037
4518,2836
4506,2039
4251,2403
4059,2548
3883,2614
3771,2486
3603,2335
3491,2318
3387,2519
3371,2302
3323,2322
3159,2642
5933,2550
5765,2668
5613,2791
5565,2564
5401,2561
5313,2609
5229,2357
5181,2351
5133,2267
4947,2335
4707,2265
4611,2252
4475,2118
4355,2429
4307,2055
4191,2071
4071,1882
4023,1970
3955,1778
3895,1917
3875,1866
4660,1780
4548,1849
4460,2003
4420,1847
4304,1817
4260,1879
4236,2654
4174,2328
4126,1817
4082,2866
4058,1960
4020,2098
3996,2632
3974,2153
3962,2098
3791,2101
3599,2093
3423,2091
3327,2063
3175,1779
3143,1593
3063,1941
2975,1554
2935,2745
2819,2003
2723,2061
2707,2636
2619,1633
2579,1508
2511,1565
2463,1718
2455,1634
2411,1616
2395,2038
2289,1802
2257,2055
2193,1727
2105,1742
2089,1715
2057,1592
1981,1593
1965,1586
1933,1605
1925,1712
1881,1662
1865,1602
1861,1402
1803,1507
1787,1760
1747,1985
4963,1478
4907,2219
4855,1877
4827,3312
4741,2324
4693,2295
4641,2274
4617,2132
4571,2327
4547,5759
4521,5280
4511,3243
4318,2747
4094,2360
3886,2654
3774,3213
3606,2605
3574,2541
3478,3242
3374,2635
3334,2297
6272,2618
5968,2310
5872,2195
5688,2631
5600,2064
5484,2197
5388,2855
5292,2128
5216,2238
5156,2105
5132,2492
4950,2471
4710,2319
4614,2383
4478,2517
4358,2655
4310,2199
4194,1931
4074,2047
4034,2149
3958,2031
4829,2241
4785,2194
4663,2220
4567,2172
4479,2245
4431,1963
4355,2275
4299,2366
4255,2470
4235,2743
4161,2533
4121,2196
4077,1940
4057,4108
4015,2867
3995,2615
3977,2938
3965,2337
3794,2173
3602,2806
3426,2009
3394,1699
3314,1563
3146,3606
3066,3630
2994,3624
2946,2402
2938,2169
2790,1963
2710,1990
2638,2006
2590,2010
2582,1926
2498,1940
2466,1980
2458,1905
2414,2092
2398,2091
2292,2102
2260,2056
2196,2072
2108,2048
2092,2026
2060,2015
1984,3239
1968,3211
1936,3217
1928,3282
1884,2118
1868,2031
5440,1579
5290,2325
5194,1926
5090,1911
4966,2362
4910,2427
4858,2424
4830,5004
4744,4829
4696,2715
4644,2436
4620,2431
4574,4953
4550,4982
4524,3228
4512,2615
4257,4951
4065,4820
3857,2697
3777,3942
3609,3102
6783,4833
6615,3339
6463,4080
6415,2517
6115,4041
5891,3391
5739,2475
5619,4777
5571,3135
5391,2406
5295,2338
5219,4514
5159,3443
5135,4503
4953,2841
4713,3697
4617,4503
4433,2796
4345,3612
4313,4381
5100,2766
5012,2238
4956,2220
4840,2209
4796,4279
4768,4416
4634,2760
4554,4187
4434,3057
4358,4118
4310,3344
4266,2422
4238,2446
4164,2415
4124,2373
4080,2411
4060,2339
4018,2307
3998,2299
3976,2366
3966,2306
3733,2261
3573,2188
3397,2161
3317,2151
3181,2029
3085,2048
2997,3463
2949,3508
2941,3311
2793,3151
2713,2216
2641,3098
2593,2953
2517,1979
2501,3453
2461,3151
2425,1881
2401,1802
2397,2467
2263,3756
2199,2899
2183,2451
2095,3696
2063,2378
2055,3971
1971,2330
1939,1732
1931,3226
1887,3267
1871,3270
5439,1531
5293,2388
5197,2041
5053,2135
4969,2039
4913,2110
4853,2425
4829,5252
4747,5048
4699,3045
4647,5143
4623,3777
4577,4331
4553,3459
4527,3010
4515,5055
4260,4004
4068,5250
3860,3314
3764,4042
3580,4544
6786,3993
6586,2741
6466,5096
6418,3169
6086,4713
5894,3589
5742,2468
5606,4777
5490,3354
5394,3848
5298,3098
5222,2461
5162,2366
5138,2368
4860,4461
4716,4379
4620,2865
4436,2242
4348,4256
4316,4280
5103,3637
4999,2146
4959,2159
4843,2168
4799,2141
4771,2162
4637,2128
4557,2145
4437,2093
4361,2065
4313,2018
4261,3894
4241,3874
4167,3087
4127,2471
4083,2499
4063,2416
4021,2431
4001,2452
3979,2422
3969,2492
3736,3927
3576,3699
3400,2965
3320,2361
3184,2295
3088,2313
3000,2285
2952,3534
2944,3558
2796,3527
2716,3542
2644,2789
2596,2957
2520,3739
2504,2914
2464,2950
2428,2952
2404,2867
2400,3717
2266,2879
2202,2405
2186,2272
2098,3542
2066,3391
2058,3623
1974,2893
1942,3593
1934,3607
1890,2316
1874,3625
5442,1572
5296,2590
5200,1853
5056,2112
4972,1842
4916,3620
4856,2230
4832,2119
4750,2467
4702,5423
4650,5428
4626,3256
4580,4417
4556,5398
4530,3152
4518,5334
4263,4124
4071,4627
3863,5035
3767,3902
6965,3037
6789,5250
6589,3331
6469,2464
6281,2230
6089,2214
5897,2244
5697,2180
5609,4797
5493,4783
5397,3014
5301,4713
5225,2847
5165,2356
5141,2307
4863,2384
4687,2328
4519,2292
4423,2381
4351,2334
4235,2368
5090,2252
5002,2304
4894,2205
4846,4354
4794,4226
4774,2725
4576,2192
4488,2242
4440,2108
4348,2113
4308,2200
4264,3994
4244,4161
4153,3144
4094,2263
4070,2286
4032,4252
4008,3888
3986,2405
3974,2201
3803,2037
3611,1931
3435,3747
3339,3741
3323,2983
3155,3109
3075,2519
2987,2500
2947,3585
2831,3588
2735,3571
2647,2313
2631,2282
2591,3586
2523,3444
2475,3475
2431,3478
2423,2864
2403,3522
2301,2749
2205,2645
2189,2675
2117,2895
2069,2923
2061,3766
1993,3659
1945,2887
1937,2872
1901,2921
1877,2856
1873,2868
5299,1572
5203,2574
5059,1805
4975,1800
4919,1932
4867,5453
4835,4156
4753,2605
4705,2184
4653,1944
4629,2404
4583,2591
4559,5436
4533,4916
4521,3289
4266,5141
4074,3505
3866,2487
3770,2457
3586,2386
6744,2532
6592,5065
6456,5104
6284,2914
5980,4913
5884,3071
5700,2235
5588,4764
5464,3398
5344,2371
5296,2421
5204,2366
5160,4627
5026,4504
4834,2850
4642,2319
4490,2217
4426,4464
4330,4383
4206,2797
4086,3571
4973,2905
4881,3639
4841,2915
4781,2387
4675,4184
4563,3318
4475,3459
4435,2712
4319,2224
4275,3999
4251,4090
4173,3422
4133,3318
4089,2707
4069,2295
4027,3889
4007,3910
3985,3024
3975,2198
3742,2200
3582,3699
3406,3665
3326,3753
3158,3683
3078,3020
3006,3619
2958,2889
2834,2296
2738,3547
2722,3584
2634,2440
2594,3616
2526,3691
2478,3046
2470,2488
2426,2523
2410,2433
2304,2417
2272,2408
2192,2375
2120,2380
2072,2411
2064,2429
1996,3831
1948,3764
1940,3730
1904,2399
1880,2352
1876,3702
1818,3656
1802,3662
5102,1588
4978,2516
4922,1903
4870,1847
4838,1845
4756,2971
4708,4811
4656,3031
4632,5745
4586,3641
4562,2855
4526,3083
4524,2578
4269,2582
4077,2594
3869,2511
3773,2585
3589,2462
3493,2669
3389,2576
6459,4156
6223,4772
5983,2865
5887,2192
5687,2708
5591,5005
5467,3635
5347,2927
5299,2222
5207,5207
5163,3156
5029,2368
4837,1692
4645,2182
4493,2123
4373,2365
4333,2231
4209,4487
4089,5139
4049,2791
4884,2009
4808,5432
4784,2727
4678,2054
4566,5183
4478,2837
4370,2730
4322,2636
4278,4321
4252,3063
4176,4024
4136,2145
4092,2033
4072,4067
4030,4203
4010,4295
3988,2767
3978,4155
3745,4252
3585,2888
3409,2364
3329,2859
3161,2190
3097,3984
3009,3953
2961,3953
2837,3867
2805,3123
2725,2519
2637,2498
2605,2488
2529,3795
2513,3791
2473,3851
2437,3014
2413,2458
2409,2413
2275,2354
2211,2354
2123,2251
2107,3615
2075,3626
1999,3576
1983,3579
1951,2887
1907,2852
1899,2862
1883,2845
1879,3570
1805,3522
1773,3507
1765,3522
4965,1524
4917,2217
4865,1871
4841,1848
4719,2312
4667,2422
4639,2120
4597,5127
4569,5204
4543,3400
4529,2981
4336,2985
4112,2923
3904,5030
3792,4771
3776,3164
3592,2541
3496,2526
3392,2479
6438,5037
6226,4530
5986,2723
5786,2413
5690,2396
5594,4863
5470,4833
5350,2848
5250,4053
5202,4739
5154,2949
5032,2439
4840,2429
4648,2444
4496,2386
4376,4513
4336,4416
4212,3467
4092,2543
4052,4258
3976,4270
4847,3502
4787,2564
4681,4110
4569,3264
4481,2485
4441,4212
4325,3226
4281,2743
4257,2831
4195,2679
4139,2726
4095,2610
4075,4066
4033,4076
4013,3090
3991,2284
3981,2389
3748,3884
3588,3796
3412,3050
3348,2481
3196,2415
3100,2443
3012,2386
2964,2433
2956,2429
2808,2302
2728,3546
2656,3552
2608,3439
2600,2838
2516,2749
2476,2772
2440,2761
2416,2758
2412,3391
2310,3397
2214,3373
2198,3340
2110,3393
2078,3331
2070,2658
1986,2683
1954,3344
1946,3322
1902,3291
1886,3289
1882,3268
1824,3250
1808,3270
1768,3271
1732,3295
4928,1502
4876,2380
4844,1985
4762,1942
4714,1896
4662,2098
4638,2213
4592,2076
4568,5206
4542,5166
4530,3394
4275,2897
4083,5513
3875,4483
3795,2892
3627,2524
3515,4815
3411,4920
3355,3705
6433,2942
6133,5466
5909,3740
5757,2554
5637,5279
5589,3744
5425,2549
5337,2318
5253,2302
5205,2295
5157,4999
4971,5123
4731,2936
4635,4979
4451,3116
4379,2435
4331,2381
4167,2402
4095,4472
4047,4382
3979,2804
4814,2325
4790,2187
4652,2180
4572,4632
4484,4398
4376,2616
4328,4668
4284,2770
4260,2216
4198,2257
4142,2117
4098,2195
4078,4011
4036,3964
4016,2598
3994,2351
3984,2187
3751,4305
3623,4189
3447,2690
3351,1966
3199,3979
3103,4023
3015,2519
2999,1966
2959,2070
2811,3866
2747,4248
2659,3336
2611,2326
2603,3801
2519,3737
2487,2461
2443,2021
2435,3670
2415,3692
2313,2988
2281,3973
2201,3640
2129,3987
2081,2503
2073,2165
2005,2100
1957,2151
1949,3909
1913,4062
1905,3085
1885,2097
1827,2121
1811,2150
1779,2048
1771,3624
4971,1546
4879,2060
4851,1860
4781,1686
4725,2035
4673,3824
4645,2579
4595,5008
4571,3930
4545,2729
4535,5189
4342,3812
4118,2706
3910,2696
3798,2562
3630,5069
3518,4922
3502,3332
3398,4965
6444,3272
6136,2632
5960,2472
5792,2410
5696,2462
5592,2473
5428,2323
5340,2380
5256,2369
5208,2354
5160,4966
4974,4915
4734,2932
4654,4866
4502,3021
4382,2387
4334,2362
4218,2283
4098,2344
4050,2311
3982,2244
4817,2279
4793,4513
4655,4575
4575,2896
4487,3825
4379,2737
4331,4069
4287,3129
4263,2595
4185,3989
4145,3064
4101,3902
4081,3036
4039,3233
4019,3793
3997,2981
3987,3727
3754,2954
3594,2024
3418,2041
3338,2086
3202,1984
3106,3632
3018,3590
2970,3477
2846,3650
2814,2587
2734,1941
2646,3459
2614,3472
2538,3489
2522,2677
2482,2746
2446,2621
2422,2630
2418,2728
2284,2655
2220,2629
2132,2678
2116,2663
2084,3371
2008,3325
1992,3445
1960,3009
1916,1762
1908,3357
1892,3335
1830,3302
1814,3314
1782,3304
1774,3312
1738,3291
4926,1496
4854,2223
4784,1877
4728,3528
4676,3415
4648,2778
4606,2829
4578,2791
4552,2718
4538,2816
4345,5143
4121,5071
3913,3432
3801,2507
3633,2563
3521,4721
3505,4754
3401,3717
3353,3003
6139,5118
5963,3561
5795,4088
5643,2877
5595,3989
5431,3204
5343,2408
5259,4988
5211,3944
5163,2505
4977,3883
4737,3125
4641,4602
4457,3256
4369,3723
4337,3852
4173,2988
4085,4675
4053,2913
3961,2318
4820,4068
4792,3357
4658,2375
4506,4344
4458,3293
4382,2419
4326,2330
4282,2457
4262,4377
4188,4520
4112,3418
4088,3484
4050,2622
4026,2130
4004,2233
3992,2054
3821,1816
3629,1776
3453,2028
3357,2455
3341,2497
3173,2420
3093,4497
3005,4425
2965,3312
2849,2030
2753,1944
2665,1959
2649,1970
2609,3708
2541,3722
2493,3668
2449,2955
2441,2373
2421,2309
2319,2292
2287,3645
2207,3628
2135,3634
2087,2873
2079,2880
2011,3644
1963,3590
1955,3576
1919,2839
1911,2267
1891,2252
1833,2250
1817,2237
1785,2248
1777,3562
1733,3556
1717,3539
4857,1796
4787,2764
4723,2626
4671,1965
4647,2205
4601,2056
4577,2146
4551,2062
4539,1989
4284,2530
4092,2511
3884,3020
3804,3051
3636,4813
3524,4680
3420,3473
3364,3780
3356,3016
6110,2576
5918,4749
5766,5160
5646,3287
5514,2625
5418,2418
5322,5036
5246,3814
5186,2568
5162,4975
4884,3610
4708,2510
4644,4758
4460,3600
4372,2517
4256,2141
4176,4649
4088,4608
4056,3101
3964,2306
3924,4516
4795,4474
4661,2525
4509,2158
4461,4517
4385,3438
4329,2554
4285,2263
4265,4477
4191,4452
4115,2922
4091,4375
4053,3677
4029,2434
4007,2226
3995,2295
3824,2156
3632,2178
3456,2225
3360,4247
3344,4019
3176,2861
3096,2211
3008,2285
2976,2252
2852,2154
2756,2137
2668,2189
2652,2116
2612,2227
2544,3958
2496,3898
2452,3924
2444,2528
2424,2155
2322,2203
2290,3903
2210,3840
2138,3865
2090,2953
2082,2487
2014,3899
1966,3894
1958,3199
1922,2475
1898,3782
1894,3907
1836,2934
1820,2453
1788,3700
1744,3801
1736,2888
1720,2917
1716,3985
4774,1558
4726,2314
4674,1940
4650,2210
4604,1982
4580,2246
4554,2126
4542,2037
4287,2390
4095,2479
3887,2597
3791,2727
3607,2687
3511,2678
3423,2650
3367,2640
3227,2574
3115,2541
5905,2724
5721,2731
5633,2742
5485,2745
5365,2670
5317,2677
5225,2660
5181,2611
5047,2508
4855,2582
4663,2513
4511,2422
4447,2529
4351,2457
4227,2477
4163,2421
4067,2444
3991,2295
3959,2257
3911,2433
3837,2422
4584,2308
4496,2278
4456,2307
4340,2299
4296,2278
4272,2403
4210,2268
4154,2262
4110,4384
4090,4221
4048,2637
4028,2133
4006,2019
3996,2016
3763,1931
3603,2216
3427,1987
3347,4679
3179,3985
3115,2114
3027,3119
2979,3598
2855,3505
2823,3530
2743,3557
2671,3500
2623,3488
2547,2688
2531,2689
2491,2708
2455,2682
2431,2734
2427,2698
2325,2705
2229,2632
2213,4376
2125,4361
2093,2647
2085,2266
2001,2269
1969,4022
1961,4058
1925,3989
1901,3042
1897,2538
1839,2507
1823,2509
1791,2435
1747,2435
1739,2478
1723,2446
1719,2458
1685,2523
4729,1473
4677,1914
4653,1774
4607,1970
4583,2263
4557,1980
4545,1977
4290,2303
4098,2068
3890,1914
3810,2423
3642,2323
3530,2604
3426,3192
3370,2999
3362,3194
3198,3101
3102,2941
5772,3298
5652,3340
5604,3305
5440,3302
5328,3289
5252,3243
5192,3392
5172,3605
4986,3464
4746,3460
4650,3520
4466,3433
4378,3425
4346,3408
4182,3342
4110,3343
4062,3360
3970,3249
3934,3223
3914,3272
4667,3225
4587,3309
4467,3224
4391,3199
4343,3196
4299,3205
4271,3205
4197,3193
4157,3310
4113,2777
4093,2189
4051,2271
4031,2206
4009,2168
3999,2569
3766,1787
3606,1766
3430,1733
3350,1834
3182,1807
3118,2003
3030,2023
2982,2263
2974,2462
2826,2411
2746,2471
2674,2487
2626,3573
2550,3780
2534,3649
2494,2866
2458,2861
2434,2863
2430,2821
2296,2783
2232,2789
2216,2756
2128,2764
2096,2769
2020,2691
2004,2676
1972,2691
1964,2673
1920,2677
1904,2725
1900,2644
1842,2635
1794,2605
1786,2536
1750,2561
1742,2536
1726,2547
1722,1956
1688,1486
4732,1488
4680,2143
4656,1874
4590,1982
4564,2105
4550,1977
4548,2311
4293,1996
4101,2001
3893,2338
3797,2419
3613,2375
3517,2040
3429,2278
3373,2778
3233,3106
3201,3189
3105,3273
5727,2584
5639,2752
5523,2619
5427,2655
5331,2553
5243,2586
5195,2514
5171,2483
4893,2470
4717,2435
4549,2530
4453,2438
4381,2411
4265,2266
4169,2426
4097,2385
4013,2361
3973,2448
3929,2382
3913,2244
4606,2353
4518,2390
4470,2356
4378,2357
4338,2256
4294,2219
4274,2244
4168,2341
4124,2179
4100,2341
4062,2222
4038,2193
4016,2171
4004,2137
3833,2050
3641,2062
3465,2012
3369,2029
3353,2130
3185,2052
3105,1970
3017,2190
2985,2202
2861,2125
2765,2239
2749,2215
2661,2116
2621,2147
2553,2112
2505,2089
2497,2165
2453,2143
2437,2032
2331,2096
2299,2109
2219,2032
2147,2217
2131,2237
2091,2221
2023,2237
2007,2276
1967,2212
1931,2223
1923,2204
1903,2879
1845,2232
1829,2195
1797,2929
1789,2242
1753,2472
1729,2483
1725,2211
1691,2189
1683,3509
4691,1585
4663,2505
4621,2092
4593,1981
4567,2493
4553,2732
4360,2113
4136,2424
3928,1998
3816,1975
3648,2347
3536,2415
3520,2699
3416,2546
3368,2526
3204,2663
3124,2568
5810,2682
5658,2731
5610,2585
5446,2764
5358,2760
5274,2646
5226,2634
5178,2622
4992,2576
4752,2560
4656,2549
4520,2478
4400,2472
4352,2440
4188,2386
4116,2393
4068,2361
4000,2335
3940,2349
3920,2571
3814,2515
4593,2507
4473,2520
4397,2441
4349,2511
4305,2497
4277,2498
4203,2469
4163,2518
4119,2407
4099,2446
4057,2532
4037,2395
4015,2454
4005,2346
3772,2393
3612,2324
3436,2243
3356,2384
3188,2233
3108,2236
3036,2212
2988,2217
2864,2411
2768,2419
2752,2408
2664,2402
2624,2334
2556,2367
2508,2307
2500,2270
2456,2341
2440,2348
2334,2199
2302,2259
2222,2238
2150,2267
2134,2252
2094,2265
2026,2270
1978,2225
1970,2501
1934,2514
1926,2532
1906,2448
1848,2479
1832,2908
1800,3479
1759,3473
1748,3486
1732,3522
1728,3479
1694,3441
1686,3429
1670,3454
4662,1581
4616,2423
4592,1850
4566,1745
4554,1779
4299,2082
4107,2004
3899,1983
3803,2380
3619,2408
3539,5535
3435,3389
3379,4762
3239,4637
3207,3063
3111,2444
3007,2409
5645,2399
5529,2526
5433,2572
5329,2451
5237,2504
5193,2542
5059,2438
4899,2450
4723,2471
4555,2396
4459,2453
4363,2398
4271,2329
4175,2377
4079,2486
4019,2501
3971,2417
3935,2410
3849,2555
3769,4136
3697,4160
4468,4188
4384,2691
4344,2240
4284,2257
4222,2195
4174,2693
4130,1979
4106,2265
4068,2947
4044,2066
4022,1936
4010,4803
3839,4672
3647,2902
3471,2495
3375,2492
3223,2471
3127,2410
3039,2485
3023,2508
2983,2399
2835,2344
2771,2367
2683,2406
2635,2409
2627,2430
2543,2344
2507,2368
2467,2267
2443,2287
2439,2285
2337,2249
2241,2448
2225,2844
2137,2802
2105,2820
2097,2725
2013,2474
1981,2442
1973,2437
1929,2414
1913,2426
1909,2396
1851,2438
1835,2435
1795,2389
1759,2350
1751,2392
1735,2387
1731,2330
1697,2385
1689,2405
1673,2335
1669,2372
4619,1541
4595,2710
4569,1837
4557,2008
4302,5135
4110,3607
3902,2854
3806,2503
3622,4824
3526,4709
3438,3666
3382,2630
3242,2528
3210,2686
3114,2509
3010,2492
2970,2562
5532,2673
5380,2943
5332,2716
5240,2671
5196,2609
5062,4645
4902,4694
4726,2731
4558,2378
4462,2308
4366,2321
4274,4619
4178,4594
4082,2859
4022,2545
3974,2357
3938,2494
3852,2405
3772,2359
3700,2372
4471,4418
4387,4194
4347,3280
4287,2503
4225,2508
4177,4331
4133,4314
4109,2838
4071,2321
4047,4152
4025,4057
4013,2758
3842,2394
3650,4002
3474,3998
3378,3185
3226,2128
3130,2292
3114,2313
3026,3927
2986,3875
2838,3825
2774,3062
2686,2580
2638,2551
2630,3922
2546,3722
2514,3631
2470,3032
2462,2513
2442,2454
2340,2398
2244,2461
2228,2468
2140,2379
2108,3660
2100,3699
2016,3652
1984,3584
1976,3618
1932,3686
1916,3580
1912,3613
1854,3603
1806,3519
1798,3588
1762,2726
1754,2788
1738,2821
1734,2799
1700,2684
1676,2775
1672,2664
1654,2704
1650,2717
4576,1574
4562,2446
4369,2195
4145,2202
3937,3974
3825,2468
3809,2470
3625,4691
3529,4737
3425,4828
3385,4637
3245,2848
3133,2306
3117,2336
3013,4858
2965,4781
5503,3233
5383,2575
5335,2487
5243,2479
5199,2387
5065,2384
4873,2464
4681,2325
4529,2342
4465,2323
4369,2299
4245,4475
4181,4563
4085,3096
4009,2438
3977,2560
3929,2368
3855,2366
3775,2367
3687,4145
3655,4170
4390,3353
4314,2456
4290,2390
4228,4562
4180,3939
4136,2560
4108,4441
4066,3175
4046,2163
4024,4385
4014,3108
3781,2353
3653,2306
3477,2204
3381,2289
3229,2171
3133,2192
3045,2509
3029,3721
2989,3808
2841,2915
2777,3884
2689,3115
2641,2465
2633,3818
2549,3785
2517,2490
2473,2094
2465,3709
2445,3814
2343,3731
2247,2426
2231,2052
2143,3735
2111,3630
2103,2933
2019,2421
1987,1897
1979,3561
1935,3617
1919,3482
1915,2738
1857,3674
1809,3704
1801,2341
1765,2000
1757,2073
1741,1994
1737,1996
1703,2106
1695,2159
1675,2532
1657,2535
1653,2565
1645,2498
4565,1542
4372,2250
4148,1918
3940,4031
3908,2401
3812,2216
3628,2299
3532,2334
3428,2202
3388,4544
3248,4516
3136,4561
3120,2940
3016,2869
2968,2856
2892,2775
5386,3002
5338,3012
5246,2997
5202,2952
5068,2938
4876,2927
4684,4593
4532,4535
4412,3094
4364,3706
4248,3670
4128,3052
4080,3697
4012,3581
3952,2863
3932,2883
3826,2808
3762,4221
3690,4140
3606,3420
3566,3441
4317,2762
4289,2755
4215,2807
4175,4082
4131,4191
4111,2707
4069,4053
4031,3177
4019,3923
3848,4021
3656,2922
3624,2224
3448,3907
3368,3943
3200,3070
3120,2449
3032,2504
2992,2477
2876,3764
2780,3761
2692,3836
2676,2973
2636,2428
2552,2386
2520,3703
2476,3675
2468,3698
2448,2895
2346,2866
2250,2848
2234,3135
2146,3163
2114,3128
2106,3176
2022,3225
1990,3212
1982,3119
1938,3093
1922,3073
1918,3984
1844,3923
1812,3126
1804,2597
1768,2561
1760,2647
1744,2472
1706,3916
1698,3495
1682,3514
1678,3910
1660,3084
1656,3884
1648,3914
1646,2570
1555,3726
4119,1518
3943,2322
3831,1924
3663,1773
3551,1986
3447,2003
3431,1901
3383,4523
3219,4508
3139,3640
3035,5785
2979,5807
2971,4610
2879,3087
2839,5710
2787,5543
5241,3551
5193,2693
5007,5528
4767,4068
4671,2683
4535,5374
4415,4034
4367,5675
4203,3421
4131,2554
4083,2524
4015,5112
3955,5582
3935,3114
3829,5018
3765,5031
3693,4094
3609,4031
3569,3199
3533,2796
3513,4890
4218,4870
4178,2869
4134,2402
4114,4906
4072,4951
4052,2974
4030,5213
4020,3629
3787,2472
3627,2256
3451,2236
3387,2242
3235,2321
3139,2226
3051,2460
3010,2449
2995,2383
2847,2631
2767,2721
2695,2609
2647,2660
2639,4830
2555,4729
2523,2961
2479,2393
2471,2401
2451,2401
2349,2385
2253,4349
2237,4379
2149,4326
2117,4335
2109,2743
2025,2278
1993,2328
1985,4355
1949,4283
1925,4272
1921,2748
1863,4184
1847,4250
1815,3525
1771,4521
1763,3514
1747,4485
1743,3487
1709,4520
1701,3514
1685,2301
1681,4500
1663,4228
1659,3256
1651,4515
1649,4480
1558,4460
4122,1525
3914,2201
3834,1789
3666,1632
3554,1870
3450,2287
3434,2283
3386,1877
3222,5285
3142,5269
3038,3048
2982,5473
2974,3936
2882,5626
2842,4201
2790,5400
5244,4259
5196,5250
5010,4153
4770,4512
4690,5482
4538,3286
4418,5467
4370,3482
4254,5362
4134,3362
4094,2708
4018,2553
3986,2544
3938,2523
3864,2501
3784,2669
3696,2566
3664,2526
3596,2457
3536,5015
4299,5179
4237,3893
4189,2759
4145,5126
4121,3920
4083,4165
4059,3369
4037,4999
4025,3868
3854,2604
3662,4899
3486,4832
3390,2621
3374,4038
3206,4049
3126,3098
3038,3065
3006,3164
2882,4671
2786,4755
2770,3624
2682,3851
2650,3855
2574,3424
2526,3179
2518,3825
2482,2839
2458,2201
2454,2977
2320,2413
2256,3976
2168,4532
2152,2460
2120,4194
2044,3755
2028,3050
1996,2470
1988,3613
1944,3753
1928,3641
1924,3738
1866,3732
1850,3829
1810,2605
1774,3670
1766,3706
1750,2935
1746,2877
1712,2819
1704,2819
1688,3699
1684,3640
1666,3721
1662,3907
1654,4309
1652,2506
4317,1587
4157,2558
3949,1939
3837,1956
3669,1950
3557,1836
3541,2374
3437,2181
3389,4991
3257,4869
3145,4835
3041,5048
3025,3058
2977,2522
2901,2569
5395,2587
5347,2609
5255,2604
5211,2550
5077,2517
4885,2408
4693,2473
4573,2403
4477,2394
4381,4507
4289,4444
4193,2870
4097,4720
4037,2950
3989,4610
3953,2961
3937,2585
3787,2445
3715,2389
3675,2417
3599,2364
4362,4144
4318,4234
4298,2705
4224,3514
4184,3507
4140,2845
4120,2443
4078,2411
4058,4019
4036,4126
4026,3189
3793,2262
3633,2259
3457,2406
3377,2201
3241,2147
3145,4024
3057,4175
3009,3168
3001,3968
2853,3150
2773,3965
2701,3077
2653,2174
2645,2089
2561,3901
2529,3909
2485,3933
2477,2501
2457,3830
2355,4032
2259,2474
2243,2071
2171,2089
2123,2081
2115,2105
2047,3596
2031,3598
1991,3506
1955,3545
1947,3561
1931,2818
1869,2745
1853,2779
1821,2782
1813,2712
1777,2751
1769,2772
1753,2670
1749,2758
1707,2746
1691,2640
1687,2740
1669,2733
1665,2642
1657,2749
4577,1612
4384,2213
4320,1918
4128,1783
3920,1771
3824,2421
3640,2117
3560,1983
3456,4710
3400,4695
3392,3778
3228,2755
3132,2686
3044,4630
2988,4633
5634,4888
5470,3010
5382,4890
5298,3160
5250,2558
5202,2561
5016,4746
4776,4695
4680,3136
4544,2519
4424,2428
4376,4541
4260,4566
4140,2996
4100,2646
4024,4446
3992,4380
3956,3449
3870,2519
3790,2459
3718,2482
4489,2505
4405,4249
4365,4334
4321,3645
4301,2608
4211,2328
4151,4181
4127,4269
4089,4099
4065,4109
4043,2733
4039,2363
4029,2358
3796,4042
3636,3967
3460,4001
3380,2565
3244,2269
3148,3846
3060,3815
3044,3084
3004,2423
2856,1906
2792,1882
2704,2185
2688,3677
2648,3737
2564,2935
2532,2475
2524,2415
2480,2372
2464,2384
2358,2336
2326,3607
2262,3597
2174,3544
2158,3534
2126,3618
2050,2825
2034,2813
2002,2749
1994,2838
1950,3500
1934,3483
1930,3541
1872,3505
1856,3526
1824,3581
1780,2688
1772,2712
1756,2753
1752,3430
1718,3432
1710,3398
1694,3406
1690,3449
4648,1556
4620,2188
4594,2092
4580,2117
4387,2001
4163,4876
3955,5002
3843,3131
3675,2864
3643,4906
3547,4891
3443,3189
3403,5117
3263,3874
3151,2833
5941,5377
5741,3795
5645,3757
5521,4267
5401,2965
5353,5203
5261,3344
5217,5114
5083,2995
4891,4045
4747,5030
4579,3023
4483,2551
4387,2528
4295,4891
4199,4871
4127,3792
4043,2734
4003,2741
3959,2676
4834,2592
4636,2678
4548,2648
4500,4444
4408,4525
4368,2904
4324,2389
4304,4577
4230,4392
4190,2793
4146,2511
4092,4566
4068,4508
4046,2907
4042,4533
4032,3174
3799,2424
3639,2401
3463,2309
3383,2559
3215,2679
3151,2536
3063,2572
3015,4154
2891,4058
2859,3263
2779,2314
2691,2329
2659,3997
2583,4008
2567,2998
2527,2177
2483,3993
2467,3926
2361,3185
2329,3154
2265,3161
2177,3994
2161,3803
2121,2554
2053,3937
2037,3872
1997,2559
1961,3880
1953,3874
1933,2462
1875,2067
1859,3857
1827,3830
1819,3384
1775,3591
1759,3723
1755,3846
1721,3064
1713,2936
1697,3851
1693,3843
4643,1622
4619,2713
4593,1836
4581,1859
4326,2372
4134,2874
3926,5112
3830,3527
3678,4364
3566,3422
3462,2942
3406,2896
3398,2908
3234,2968
3138,4748
5808,5214
5672,3252
5556,2511
5460,5066
5364,3716
5288,2666
5228,4910
5204,3637
4926,2592
4750,2489
4582,2465
4502,2503
4414,2714
4298,2591
4218,2628
4130,2500
4098,2484
4006,2512
3970,2446
3946,2524
4703,2515
4551,2461
4503,2486
4427,2490
4371,2450
4327,4790
4307,4727
4233,3159
4193,2377
4149,4720
4129,3662
4071,4749
4049,2675
4045,2397
4035,4536
3802,4515
3642,2911
3466,3692
3386,3675
3218,2909
3154,2436
3066,2554
3018,4409
2894,4283
2862,2780
2782,4244
2694,4209
2662,3654
2586,2438
2570,4213
2530,3373
2494,2719
2470,4283
2466,4313
2332,3217
2268,2262
2252,4272
2164,4114
2132,4061
2124,2607
2040,2683
2008,2572
2000,4088
1956,4052
1940,3160
1936,2629
1878,4036
1862,4045
1822,3191
1786,4093
1778,3957
1762,3083
1758,4241
1724,3418
1716,2600
1700,4059
1696,3875
4646,1600
4622,2345
4596,1984
4584,1814
4329,2129
4137,2294
3929,2063
3833,5058
3649,5035
3569,3817
3465,3259
3409,5280
3269,3807
3237,2851
5947,2966
5763,5003
5675,4047
5559,2908
5463,5249
5367,3655
5267,2607
5223,2443
5207,2434
4929,4933
4753,4718
4585,2967
4489,2438
4393,4610
4301,4631
4205,2860
4109,2425
4049,4486
4001,5119
3965,4609
3879,2830
4642,2640
4538,4418
4498,3299
4414,2674
4374,2014
4314,1915
4252,2520
4204,1903
4160,2041
4136,4892
4098,4014
4070,3672
4048,2521
4038,4775
3805,3184
3677,3487
3501,2509
3405,2464
3253,4177
3157,3291
3069,3548
3053,3577
3013,2308
2865,2677
2785,4103
2713,3788
2665,2718
2589,1918
2573,2017
2533,3957
2497,1858
2473,4156
2469,4046
2335,3989
2271,4030
2183,3276
2167,3329
2135,2737
2059,3298
2043,3224
2011,3218
1967,3197
1959,3234
1943,3188
1881,3191
1865,3401
1833,3719
1825,3089
1789,3479
1765,3884
1761,2451
1727,2713
1719,3860
1703,3738
1699,3909
1681,3739
1677,3768
4599,1625
4587,2502
4332,2154
4140,2076
3932,2061
3836,2325
3684,4979
3572,4862
3468,3892
3412,2823
3404,2801
3240,4883
3144,4825
3056,3134
5694,2954
5562,2942
5466,5142
5370,4131
5294,2874
5234,2691
5210,2642
4932,4687
4756,4928
4605,3198
4508,2382
4420,4818
4304,4687
4224,3145
4136,2485
4052,4623
4012,4564
3968,2942
3952,4524
3802,3617
3730,2525
4509,4409
4417,4403
4377,2556
4333,2343
4313,2421
4223,4459
4163,4334
4139,4246
4101,4439
4077,2780
4055,2544
4043,4277
3872,4297
3680,3538
3504,4145
3408,2737
3392,2385
3224,2291
3144,4826
3056,4908
3016,3124
2900,2589
2804,2584
2716,2498
2700,2540
2660,2495
2592,2554
2544,2526
2500,2497
2492,2476
2472,2208
2370,2878
2306,2148
2258,2145
2186,2977
2138,2203
2130,4344
2062,4614
2014,2357
2006,3111
1970,3121
1946,3664
1942,3654
1884,3642
1868,3618
1836,3630
1792,3641
1784,3616
1768,3673
1764,3592
1730,3641
1722,3590
1706,2823
1702,3795
1684,3619
1680,3793
1672,3713
4590,1618
4335,2581
4143,1925
3935,2374
3839,2078
3655,4807
3575,3738
3471,2563
3415,4983
3275,4986
3243,3215
3147,3961
3043,3951
3003,3889
5565,3472
5469,3463
5373,3461
5273,2987
5229,2939
5213,2781
4935,2882
4759,4764
4591,4650
4495,3088
4399,2698
4307,2602
4211,2645
4139,4631
4055,4913
4007,3107
3971,4746
3955,4660
3805,2719
3733,2110
4504,4586
4420,4729
4380,2813
4336,4641
4258,3046
4210,2531
4166,4802
4142,4776
4104,2848
4080,2405
4058,2304
4046,2258
3875,2209
3683,2228
3507,2148
3411,2367
3259,2306
3227,2259
3147,2528
3059,2528
3019,2449
2903,4164
2807,4304
2719,3263
2703,2698
2663,2661
2579,4177
2547,5069
2503,4592
2495,2907
2475,2789
2373,1949
2277,1844
2261,2541
2189,4077
2141,3942
2133,3808
2065,3979
2017,3937
2009,3132
1973,3093
1949,3051
1945,3145
1887,3153
1871,3126
1839,3116
1795,3916
1787,3881
1771,3018
1767,3085
1733,2973
1725,3034
1709,3882
1705,3868
1687,3070
1683,3038
1675,2948
1673,3031
4338,1642
4146,2307
3938,2164
3842,2042
3690,5040
3578,3729
3474,4793
3418,3067
3410,4744
3246,3878
3150,4833
3062,3818
3006,4811
5568,3989
5472,5111
5376,3180
5300,2546
5240,4944
5216,4397
5034,4147
4794,2934
4698,2528
4514,2575
4426,2568
4394,2412
4230,2592
4142,2528
4110,2547
4018,2492
3982,2472
3958,2439
3856,2475
3792,2426
3696,2346
4439,2526
4391,2588
4347,2566
4319,2545
4245,2537
4205,2493
4161,2467
4141,2435
4099,4385
4079,4370
4057,3350
4047,2832
3814,2412
3654,2463
3478,4067
3398,4156
3262,3323
3166,2706
3078,2651
3030,3999
3022,3983
2874,3147
2794,3044
2722,3101
2674,3061
2666,4063
2582,3878
2542,3031
2506,3024
2482,3030
2478,3095
2376,2991
2280,3758
2264,3793
2176,3771
2144,3865
2136,2962
2052,2964
2020,3932
2012,3693
1976,2984
1952,2941
1948,2906
1890,3709
1874,3745
1842,2355
1798,1779
1790,1834
1774,1832
1770,4560
1736,4125
1728,2510
1712,4493
1708,4191
1690,2570
1686,2514
1678,2266
1676,2238
4341,2066
4149,2339
3941,2206
3861,1925
3693,2465
3581,4920
3477,3372
3461,3159
3413,2289
3249,5504
3169,4464
3065,2714
3009,2342
5655,5119
5491,4935
5403,3600
5319,2710
5271,2583
5223,2635
5037,4941
4797,4886
4717,3025
4565,2566
4445,2487
4397,2510
4281,2596
4161,2434
4121,2437
4045,2333
4013,2484
3965,2399
3891,2550
3811,2479
3723,2432
4510,2479
4426,2443
4350,2424
4326,2529
4264,2357
4216,2365
4172,2408
4148,2723
4110,2616
4086,2627
4064,2598
4052,2636
3881,2530
3689,2491
3513,2476
3417,2459
3401,2529
3233,2479
3153,2572
3065,2504
3033,2503
2909,2450
2813,4682
2797,4698
2709,3606
2669,2969
2601,2478
2553,2469
2545,2473
2501,2480
2485,2465
2379,2483
2347,2505
2283,2380
2195,2393
2179,2415
2147,2721
2071,2605
2055,2647
2023,2738
1979,2647
1971,2676
1955,2966
1951,2315
1877,2326
1845,3018
1837,2236
1801,2275
1793,3060
1777,2277
1773,2589
1739,2935
1731,2911
1711,2939
1693,2853
1689,2892
1681,2884
1679,2876
4408,1552
4244,2535
4152,2200
3944,2261
3848,1968
3664,2074
3568,2086
3480,2319
3424,1955
3284,2004
3172,2066
3156,2530
3052,2880
5690,3021
5542,3075
5422,3093
5374,3065
5282,3015
5238,3021
5104,2924
4912,2981
4768,2948
4600,2796
4504,2912
4408,2907
4316,2799
4220,2712
4124,2693
4064,2662
4016,2596
3980,2607
3894,2595
3814,2693
4569,2721
4513,2776
4429,2751
4389,2770
4329,2681
4267,2639
4219,2722
4175,2693
4151,2774
4113,2706
4089,2612
4067,2596
4055,2629
3884,2503
3692,2490
3516,2579
3420,2493
3268,2460
3172,2519
3156,2427
3068,2434
3028,2391
2880,2385
2816,2459
2728,2432
2712,2357
2672,2441
2588,2436
2556,2363
2512,2397
2504,2675
2484,2604
2382,2570
2286,2493
2270,2561
2198,2506
2150,2607
2142,2525
2058,2509
2026,2661
2018,2457
1982,2484
1958,2529
1954,2483
1896,2486
1880,2546
1840,2491
1804,2909
1796,2910
1780,2883
1776,2869
1742,2859
1734,2878
1718,2845
1714,2860
1696,2820
1692,2922
1684,2854
1682,2808
4347,1615
4155,2308
3947,1984
3851,1652
3667,1783
3571,2105
3483,1983
3427,2149
3287,1957
3175,1955
3159,2218
3055,2388
3015,2511
5545,3327
5425,3844
5377,2403
5285,2699
5241,2867
5107,2815
4915,2762
4723,2767
4571,2931
4507,2742
4411,2750
4287,2730
4167,2701
4127,2728
4051,2712
4019,2620
3971,2702
3897,2666
3801,2540
3729,2803
4516,2759
4400,2770
4356,2828
4332,2787
4254,2590
4214,2395
4170,2507
4150,2513
4108,2466
4088,2500
4066,2443
4056,2334
3823,2455
3663,2436
3487,2299
3407,2365
3239,2393
3159,2548
3087,2645
3039,2380
2915,2439
2819,2526
2803,2431
2715,2406
2675,2487
2607,2430
2559,2336
2551,2385
2507,2364
2487,2452
2385,2460
2353,2391
2273,2451
2201,2435
2153,2516
2145,2740
2077,2724
2029,2722
2021,2733
1985,2646
1961,2679
1957,2800
1899,2601
1883,2658
1843,2657
1807,2680
1799,2655
1783,2687
1779,2606
1745,2578
1737,2664
1721,2589
1717,2609
1699,2663
1695,2612
1687,2609
1685,2539
1594,2646
1562,2562
3950,1721
3854,2343
3670,2246
3584,2193
3486,2007
3430,2019
3290,2395
3258,2027
3162,1997
3058,2228
3018,2578
2934,3102
5484,3518
5388,3598
5312,3560
5252,3528
5228,3468
4950,3462
4774,3484
4606,3391
4510,3389
4438,3339
4322,3383
4226,3360
4154,3378
4070,3350
4030,3319
3986,3347
3970,3266
3820,3194
3748,3138
3708,3162
3632,3150
4395,3006
4351,3161
4331,3189
4225,3066
4181,3049
4157,2991
4119,2903
4095,3015
4073,2969
4061,3022
3890,2936
3698,2775
3522,2842
3426,2877
3410,2737
3242,2832
3162,2848
3074,2749
3034,2792
2918,2722
2822,2717
2734,2763
2718,2717
2678,2707
2610,2709
2562,2718
2518,2675
2510,2696
2490,2667
2388,2613
2356,2629
2276,2592
2204,2616
2156,2583
2148,2632
2080,2593
2032,2590
2024,2462
1988,2527
1980,2605
1960,2566
1902,2577
1886,2548
1854,2571
1846,2595
1802,2602
1786,2528
1782,2528
1748,2505
1740,2499
1724,2488
1720,2557
1702,2569
1698,2512
1690,2539
1688,2516
1597,2416
1565,2427
1501,2413
3857,1537
3705,1875
3593,1871
3489,1765
3433,1705
3425,1862
3261,3938
3165,1824
3061,2313
3021,2126
2937,2717
2921,3090
5391,3436
5315,3472
5255,3448
5231,3378
4953,3448
4777,3383
4609,3346
4513,3338
4441,3251
4325,3132
4229,3278
4157,3153
4073,3173
4025,3161
3989,2991
3903,3027
3823,2988
3751,3118
3703,3125
3635,3108
3603,3087
4338,3029
4276,3045
4228,3140
4184,3176
4160,3092
4114,3059
4094,3018
4072,3049
4062,2948
3829,2964
3669,2942
3525,2878
3429,2841
3277,2855
3181,2807
3093,2857
3045,2830
3037,2767
2889,2787
2809,2924
2737,2640
2689,2707
2613,2677
2597,2656
2557,2646
2521,2608
2497,2600
2493,2646
2359,2616
2295,2589
2207,2619
2191,2611
2151,4058
2083,4154
2067,3986
2027,3202
1991,2575
1983,2520
1967,2656
1905,2725
1889,2555
1857,2536
1849,2795
1805,2548
1789,2624
1785,2612
1751,2630
1743,2561
1727,2581
1723,2517
1705,2501
1701,2559
1693,2503
1691,2519
1600,2520
1568,2512
1504,2491
1488,2550
1416,2479
3580,1570
3476,2252
3436,1828
3296,1672
3184,1629
3080,1958
3064,2144
3016,2249
2940,2378
2884,4921
2832,4874
2824,3857
5238,2931
5052,2934
4812,2882
4716,5094
4532,4714
4444,2909
4412,2555
4248,2546
4160,2494
4128,2537
4036,2509
3992,2676
3976,2390
3826,2436
3754,5516
3706,5304
3638,5440
3606,3203
3558,2664
3512,2562
4231,5250
4187,5408
4163,3068
4117,2438
4097,2453
4075,2476
4065,2397
3832,2303
3672,2375
3528,2346
3432,2271
3280,2327
3184,2233
3096,4937
3080,4914
3040,3902
2892,2615
2828,2628
2740,4855
2692,4916
2684,3757
2600,3006
2568,3044
2524,4813
2516,4790
2496,3618
2394,4737
2298,3657
2282,2939
2194,2953
2162,2961
2154,2896
2070,4647
2038,4662
2030,4642
1986,3584
1970,4747
1966,3655
1908,2888
1892,4744
1852,4622
1816,3521
1808,4633
1792,4596
1788,4308
1754,4628
1746,2838
1730,2835
1726,2751
1708,2799
1704,2853
1696,2747
1694,2786
1603,4447
1571,4424
1507,4431
1491,2410
1419,1979
1403,1972
1371,1971
3479,1570
3431,1874
3267,1799
3187,2307
3083,2733
3027,4828
3019,4540
2927,4603
2887,4068
2835,2664
2827,2404
5241,5300
5055,5332
4927,3507
4735,2701
4583,2684
4463,2887
4423,5114
4299,4502
4179,2926
4139,2652
4063,2721
4031,2658
3995,2535
3909,2485
3829,2569
3741,2576
3709,5092
3641,5154
3609,2941
3561,2381
3515,4846
4234,4671
4190,2814
4166,2604
4128,2475
4104,4673
4082,4575
4070,2872
3899,2398
3707,2274
3531,4784
3499,4559
3419,2570
3251,4569
3171,3495
3083,3708
3051,2932
2927,4610
2831,3633
2815,2465
2727,4513
2695,4437
2619,2832
2571,2455
2563,4355
2519,4324
2503,3281
2499,4333
2365,4167
2301,3398
2213,4247
2197,4124
2165,4200
2089,2652
2073,2344
2041,2335
2033,2245
1989,4161
1973,4603
1969,3644
1911,4594
1895,2910
1855,2208
1819,2308
1811,2186
1795,2196
1791,2419
1757,2419
1749,2425
1733,2804
1729,2743
1711,2814
1707,2789
1699,2904
1697,2797
1606,2736
1574,2778
1510,2759
1494,2790
1422,2815
1406,2732
3586,1567
3482,2160
3434,1772
3270,1613
3190,1761
3086,2060
3070,3333
3022,2400
2930,2299
2890,2672
2838,2610
5292,5141
5244,5175
5058,3405
4818,2658
4738,2422
4586,2385
4466,4930
4426,5026
4302,4114
4182,2653
4142,2120
4066,2374
4034,4845
3986,4671
3912,3181
3816,2511
3744,4676
3712,4766
3644,3415
3584,2496
3564,4758
4285,3169
4237,4022
4193,4899
4169,2756
4131,2419
4107,4709
4085,4622
4073,2623
3902,2338
3710,4346
3534,4468
3438,4505
3286,3593
3190,2523
3174,2543
3086,4259
3046,4290
2930,4127
2834,2789
2746,2472
2730,2637
2690,2894
2622,2174
2574,2193
2566,2149
2522,2261
2506,2291
2400,2361
2368,2564
2288,2420
2216,2479
2200,2540
2160,2413
2092,2444
2076,4284
2036,4425
2000,4523
1992,2857
1976,4477
1914,4314
1898,2846
1866,2482
1858,4395
1822,4298
1814,3348
1798,2675
1760,2718
1752,4406
1736,4249
1732,3362
1714,4416
1710,4384
1702,3564
1700,4289
1609,3382
1577,3781
1513,3908
1513,4108
1497,3303
1425,4162
3589,1620
3501,2021
3445,1847
3305,2287
3193,3348
3177,2443
3073,2517
3033,2194
2949,2177
2933,5120
2885,5246
5327,3653
5267,4840
5243,3258
4965,2653
4789,5520
4621,4223
4541,4179
4453,2767
4337,5581
4257,3982
4169,2930
4137,5257
4045,3760
4009,4193
3985,5149
3883,3124
3791,2564
3723,4948
3663,4975
3623,2941
3579,4969
4346,3737
4272,4260
4232,5093
4188,3086
4168,2240
4126,2421
4106,2397
4084,2436
4074,2392
3841,2441
3681,2445
3505,2334
3441,2267
3289,2383
3193,2571
3105,2570
3089,2466
3049,4905
2901,4775
2837,3139
2749,2304
2701,2295
2693,4886
2609,4773
2577,2999
2533,2403
2525,2310
2505,2242
2403,4666
2307,4663
2291,2874
2219,3755
2171,4570
2163,3622
2095,2877
2047,2909
2039,2925
2003,2959
1995,2912
1979,2708
1917,4153
1901,4332
1869,4191
1861,2565
1825,4319
1817,4143
1801,3235
1797,4414
1755,3578
1739,4451
1735,4112
1717,4088
1713,4067
1705,3250
1703,4075
1703,4047
1612,3215
1580,4032
1516,3973
1500,3221
3688,1611
3608,2186
3504,1886
3448,1904
3440,2371
3276,1945
3180,4892
3092,3804
3036,2686
3028,2667
2936,4806
5406,5177
5330,3464
5270,2735
5250,2559
5064,5098
4824,5020
4728,2713
4544,2412
4472,2399
4424,5005
4260,5067
4188,3046
4140,2640
4072,2598
4012,2551
3992,2549
3886,2536
3822,2523
3750,2495
3666,4742
4421,4773
4377,3805
4353,2781
4291,2772
4235,2766
4191,2684
4171,2706
4129,2719
4109,2690
4087,4617
4077,4639
3844,2986
3716,3729
3540,3767
3444,3029
3292,2630
3196,2543
3180,4352
3092,4324
3052,3435
2904,3502
2840,3555
2752,4154
2736,4276
2696,2839
2612,4301
2580,4153
2536,3579
2528,4149
2512,3318
2406,4149
2374,3307
2294,2352
2222,4010
2206,4132
2166,4129
2098,2736
2082,2357
2042,2350
2006,4073
1998,4136
1982,4011
1920,4132
1904,2688
1872,4029
1864,4031
1828,3215
1820,3979
1804,3973
1800,3137
1766,3852
1742,3848
1738,3889
1720,3075
1716,3840
1708,3817
1708,3787
1706,3841
1615,3773
1583,2952
1519,2989
3875,1601
3691,2447
3611,2078
3507,3122
3451,2501
3443,2656
3279,4956
3183,4860
3095,3930
3039,2845
5685,3006
5521,5263
5433,4561
5349,4270
5301,3098
5253,2535
5067,2575
4827,2517
4731,2514
4547,5030
4475,4837
4427,4176
4263,2924
4191,2412
4143,2628
4075,4747
4015,4752
3995,3137
3889,2764
3825,2723
3753,4678
4472,4545
4424,2987
4380,3886
4356,3907
4294,3186
4238,2747
4194,4524
4174,4613
4132,2918
4112,4410
4090,3642
4080,4493
3847,3527
3687,2569
3543,4413
3447,4364
3295,3438
3199,2506
3111,4322
3095,4334
3055,4278
2907,2825
2843,2431
2755,4178
2707,4180
2699,4193
2615,4010
2583,3533
2539,2994
2531,3284
2511,2468
2409,2450
2377,4067
2297,4109
2225,4094
2177,3168
2169,4035
2101,4060
2053,2484
2045,1991
2009,1966
2001,2074
1981,2300
1923,3952
1907,4234
1875,4409
1867,4483
1831,3031
1807,2547
1803,2455
1769,2442
1761,4273
1745,4176
1741,4280
1723,3351
1719,3380
1711,4226
1709,4137
1618,3447
1586,3538
1522,3480
3894,1655
3726,2496
3694,2343
3598,1982
3494,3676
3446,4254
3314,2993
3202,4377
3186,3353
3082,2834
5696,3343
5572,3277
5452,5705
5404,3895
5312,4654
5268,3295
5134,2844
4942,5699
4798,4018
4630,2819
4534,2600
4438,5423
4346,4430
4250,4474
4178,3058
4094,5572
4054,3360
4010,5152
3994,3268
3844,2893
3772,5142
4551,4180
4475,4039
4419,2615
4375,5045
4355,4049
4281,5041
4241,2947
4197,2551
4177,4993
4135,4984
4115,2842
4093,3946
4083,3931
3850,3178
3690,3149
3514,3064
3434,3139
3266,3078
3202,4671
3114,4714
3066,3030
2942,2369
2910,2379
2830,2330
2758,2356
2710,2489
2634,2733
2618,2705
2578,3044
2542,4458
2518,4430
2514,4445
2380,3550
2316,2891
2300,2846
2212,2743
2180,4377
2104,4355
2088,4397
2056,3511
2048,2830
2004,4320
1988,4330
1984,3503
1926,3453
1878,3435
1870,4244
1834,4290
1826,4267
1810,3447
1806,3404
1772,3411
1764,4242
1748,4266
1744,4213
1722,3452
1714,2751
1712,4207
1712,4154
1621,4208
1589,4196
3977,1722
3881,2111
3697,2109
3601,1956
3513,2326
3457,3533
3317,2581
3285,5199
3189,5200
3085,3243
5723,3139
5607,5367
5511,4250
5415,4687
5339,3244
5279,2691
5255,5395
4977,4121
4801,5228
4633,3315
4537,2759
4465,5096
4349,4007
4253,2958
4181,5034
4097,3968
4057,2891
4013,4892
3997,3944
3847,2906
4602,4847
4554,3875
4462,2875
4422,2639
4378,2572
4358,2619
4284,2576
4208,2582
4184,2535
4146,4782
4122,4763
4100,3831
4088,2784
3917,2714
3725,2733
3549,2696
3517,2667
3437,2652
3269,2670
3189,4500
3101,4429
3069,4462
2945,2912
2849,2473
2833,4402
2745,4335
2713,3489
2637,4440
2589,4517
2581,2916
2537,4151
2521,4186
2415,2672
2383,2804
2319,2698
2231,2649
2215,2756
2175,2703
2107,4138
2091,4130
2059,4190
2015,4184
2007,4076
1991,4179
1987,3510
1913,4016
1881,3215
1873,4054
1837,3937
1829,4187
1813,3406
1809,3425
1767,4057
1751,3981
1747,4237
1729,3395
1725,4183
1717,4134
1715,3308
1624,2634
1592,2646
1528,4041
3980,1653
3884,2435
3700,1933
3604,2063
3500,2923
3460,2276
3320,2525
3208,5030
3192,4909
3088,3450
5726,3044
5578,5424
5458,3695
5410,2693
5318,5300
5274,3708
5258,4384
4980,3083
4804,4376
4636,3438
4540,3059
4468,3023
4352,5026
4256,5033
4184,3124
4100,2667
4060,4950
4016,4847
4000,3222
3898,2836
4605,4798
4557,4727
4481,3883
4425,4738
4381,3821
4361,4833
4287,3055
4247,2571
4203,2531
4183,2523
4141,2559
4121,4784
4099,4745
4089,3754
3856,4680
3696,2950
3520,2707
3440,2660
3304,2606
3208,2678
3120,2614
3072,2615
3064,2707
2916,4411
2836,4410
2764,4417
2716,3477
2708,2908
2624,2876
2592,2837
2548,2803
2540,2949
2520,3546
2418,3260
2322,2569
2306,2472
2234,4241
2186,4208
2178,4102
2110,4212
2062,3323
2054,4056
2018,4188
2010,3305
1990,4088
1932,4154
1916,4107
1884,3282
1876,3308
1840,3259
1832,4071
1812,4157
1778,4051
1770,3260
1754,4077
1750,4101
1732,4070
1728,4031
1720,4056
1718,3226
1627,4065
1595,3984
4015,2268
3903,3397
3735,3099
3703,3586
3607,2981
3503,7502
3455,7008
3323,5692
3211,6035
5897,4252
5801,7336
5705,4458
5581,3451
5461,3183
5413,3171
5321,3151
5277,3108
5143,3056
4951,6706
4759,6556
4607,4114
4543,3198
4447,2942
4323,2887
4259,6336
4163,6327
4103,3905
4055,3246
4019,3214
3933,6079
4696,6067
4608,3523
4552,2959
4468,5915
4428,4639
4368,3074
4306,5911
4258,4526
4214,3259
4190,3063
4152,3060
4128,5812
4106,5803
4094,3677
3923,2868
3731,2930
3555,2873
3459,5410
3443,5398
3275,4213
3195,3085
3107,5210
3075,5212
2951,3293
2855,2737
5645,2833
5461,2856
5373,5383
5257,4931
5145,4172
5097,2846
5013,5252
4973,3899
4851,4297
4659,3123
4483,5163
4379,4115
4283,4323
4195,3408
4111,3062
4015,2975
3927,4961
3875,4940
3827,4208
3795,2970
3717,4894
4480,4743
4400,4016
4344,2931
4268,2636
4228,2661
4188,2677
4168,2613
4066,2514
4026,2611
4002,2508
3968,4726
3944,4719
3924,3789
3912,4584
3753,3262
3561,4620
5268,2429
5092,4233
5060,3136
4828,3350
4684,3151
4556,7814
4484,4917
4336,6356
4160,4348
6822,3695
6710,3468
6590,3383
6458,3345
6306,3290
6250,3189
6146,7358
6094,5280
5940,3532
5716,5841
5476,3762
5316,3169
5164,6881
5116,4503
4984,3244
4832,6610
4784,4463
4704,3299
4664,6544
4604,4335
4522,5271
5253,3636
5149,2972
5101,2941
4973,6345
4921,5270
4893,3431
4827,6211
4763,4255
4711,3084
4687,6247
4643,4206
4619,3060
4593,6110
4581,4230
4332,3030
4140,2950
3932,2947
3852,2831
3692,5624
3580,5567
3476,3617
3420,5471
3412,3524
3256,2977
3160,3035
5830,5617
5694,4268
5582,2832
5486,2500
5390,2451
5314,2492
5254,5510
5230,5319
4956,3056
4780,2538
4612,2460
4532,2480
4444,2467
4332,2436
4236,2463
4164,5203
4080,5045
4040,3990
3996,2660
3980,2392
4070,2440
4589,4894
4533,4879
4449,3228
4409,2574
4365,2535
4289,2549
4241,2532
4197,2324
4173,2547
4135,5079
4111,4852
4089,3197
4077,4007
3910,3140
3718,2797
3542,4705
5233,2431
5017,3912
4841,2809
4809,3014
4673,3340
4601,3193
4433,2992
4273,7853
4137,5238
6815,5835
6687,3714
6491,3169
6387,3162
6287,7490
6231,5848
6171,3877
5965,5876
5661,3680
5565,3112
5397,7165
5245,5109
5189,5033
5057,3489
4905,3137
4849,6934
4773,5179
4697,3366
4673,2899
4589,2898
5320,2896
5216,2881
5092,6588
5036,6697
4984,3892
4956,3033
4870,2809
4822,2799
4770,2779
4746,6412
4700,6439
4676,3653
4650,2890
4638,2861
4385,6233
4193,5595
3985,3361
3889,3228
3737,2650
3625,2900
3521,3046
3465,2855
3457,2725
3293,2660
3197,2650
3109,3102
5747,2591
5615,3189
5519,3083
5423,2965
5347,2938
5287,3017
5263,2936
4987,2504
4811,4454
4747,4451
4563,3766
4475,3208
4359,5652
4279,4330
4191,3099
4159,2750
4067,2764
4031,2730
4007,5612
3905,5309
4612,4104
4564,4460
4488,5394
4432,3353
4388,2691
4368,5245
4294,3920
4254,2963
4194,2934
4156,5021
4132,5239
4110,2932
4098,2451
3929,5116
3737,4836
3705,2991
3529,2538
5220,2410
4972,3581
4828,3555
4724,3231
4636,3082
4464,7668
4288,5612
4256,3913
6846,3479
6742,3522
6570,3387
6418,3481
6362,3445
6254,3329
6202,3327
6040,3266
5816,3080
5640,3186
5440,3133
5328,3140
5208,3122
5100,3027
4988,3028
4868,6632
4800,7179
4744,4539
4700,3452
4598,3188
4502,7369
5241,5480
5177,3662
5085,3162
5037,3083
4975,3062
4895,3077
4839,2980
4787,3011
4759,2977
4717,2962
4689,3094
4663,3168
4649,3147
4457,3138
4233,3102
4025,6854
3913,6606
3745,4071
3713,6527
3617,4138
3513,6696
3465,3863
3333,2957
3221,2827
3117,2729
5811,2747
5715,2859
5591,6530
5455,5820
5371,4916
5323,3133
5275,2748
5153,2770
4961,2679
4769,2717
4617,2696
4497,6066
4457,6078
4333,3830
4213,2972
4173,2970
4097,2982
4065,2929
4017,2978
3943,5781
3847,5733
4602,3628
4562,2957
4446,2870
4402,2875
4378,2853
4316,2955
4260,2851
4216,2860
4196,2850
4154,2869
4134,2857
4112,2850
4102,2797
3869,2829
3709,5455
3533,5431
3469,3431
5040,2360
4864,3530
4728,3025
4696,3076
4624,3012
4404,2909
4260,2815
4156,2755
6762,2852
6706,3364
6510,3273
6374,3497
6290,3238
6214,3417
6190,3281
5980,3335
5676,3408
5564,3120
5348,3112
5244,3211
5204,3379
5008,3146
4904,3188
4864,3151
4756,3154
4712,3083
4684,3010
4570,3104
4490,2999
5189,3131
5105,3114
5049,7795
4989,6095
4965,3875
4883,3258
4835,3201
4783,3201
4759,3189
4713,3160
4689,3108
4663,3132
4651,3080
4396,3024
4204,3062
3996,2974
3900,2883
3716,2897
3636,2910
3532,2800
3476,2877
3336,2897
3304,2785
3208,2794
3104,2813
5742,3063
5626,3124
5530,3022
5434,3058
5358,3124
5298,3055
5274,2990
4996,2972
4820,2967
4652,2875
4556,2955
4484,2882
4368,2904
4272,2986
4200,2888
4116,2836
4068,2891
4032,2815
3946,2764
3866,2771
3794,2709
4565,2720
4481,2580
4441,2617
4381,2525
4319,2591
4271,2603
4227,2658
4203,2772
4165,2744
4141,2610
4119,2705
4107,2708
3936,2670
3744,2595
3568,2506
3472,2492
3320,2522
4867,2248
4731,3465
4699,2735
4627,3318
4407,2920
4263,2915
4159,2733
4071,2855
6709,3979
6497,4104
6377,4135
6293,4428
6217,4046
6189,4051
5855,4033
5647,4057
5507,3912
5351,3905
5247,3819
5107,4081
5011,3799
4907,3733
4807,3758
4759,3721
4707,3663
4687,3926
4509,3725
4421,3603
4365,3736
5092,4280
5044,3083
4982,3284
4902,3235
4846,3209
4794,2856
4766,2821
4724,2741
4696,3462
4670,2793
4654,2820
4463,2815
4239,2748
4031,2730
3919,2754
3751,2778
3639,2948
3535,3461
3479,3245
3471,3266
3307,2955
3211,3188
3123,3774
3067,3643
2983,3688
5533,3866
5437,3754
5361,3849
5293,3841
5159,3678
4967,3709
4823,3707
4655,3568
4559,3626
4463,3677
4339,3452
4247,3504
4179,3610
4103,3494
4071,3517
4023,3810
3917,3448
3853,3415
3781,3421
3697,3317
4452,3392
4400,3374
4380,3388
4306,3405
4266,3431
4206,3418
4168,3337
4144,3371
4122,3276
4110,3375
3939,3257
3747,3271
3571,3191
3475,3157
3323,3231
3227,3175
3139,3184
3123,3133
4630,2275
4410,3937
4266,2746
4162,3009
4074,2857
4058,7779
3934,5390
3862,3892
6296,3537
6220,3509
6192,3739
5858,3551
5682,3444
5570,3502
5354,3404
5250,3388
5110,3271
5014,3308
4910,3302
4870,3246
4762,3183
4718,3236
4690,3233
4576,3227
4424,3219
4376,3145
4308,3141
4252,3159
4995,3172
4971,3163
4889,3150
4797,3032
4769,3034
4727,2971
4699,3103
4673,3045
4659,3089
4466,3020
4242,3008
4034,2944
3922,2921
3906,3017
3722,2698
3626,2883
3522,2801
3474,2691
3342,2868
3230,2960
3126,3003
3110,2975
3062,2908
2986,2967
2930,2998
5380,3081
5332,3147
5284,3118
5098,3038
4858,3032
4778,3006
4626,2993
4506,2951
4458,2946
4294,2956
4222,2940
4174,2809
4106,2894
4046,2910
4026,2799
3920,2821
3856,2792
3760,2750
3700,2797
3660,2829
3616,2717
4383,2777
4309,2829
4269,2818
4225,2859
4171,2774
4147,2758
4125,2787
4113,2749
3942,2882
3750,2856
3574,2622
3478,2714
3462,2799
3294,2797
3214,2757
3126,2768
3086,2721
2970,2718
4301,2158
4165,3764
4133,2631
4061,3742
3937,2561
3881,2549
3813,3626
6259,7773
6199,4729
5989,4226
5829,2713
5589,3268
5421,3529
5269,2996
5213,3447
5081,3049
4929,2940
4881,3313
4797,2960
4757,2824
4697,3316
4611,2984
4499,6989
4411,4771
4371,3570
4263,5655
4219,4002
4195,2813
4908,2851
4852,3423
4792,2802
4768,2840
4722,3361
4698,2832
4672,3034
4660,3411
4405,2633
4213,3075
4037,2717
3925,6123
3757,5342
3645,3171
3541,2893
3525,6347
3477,6286
3313,4627
3217,3160
3129,2846
3073,2972
3065,2852
2973,2793
2933,2811
2881,2800
5335,3029
5287,2998
5101,2977
4861,2912
4765,2972
4581,2957
4493,2901
4461,2910
4297,2922
4209,2842
4177,2831
4085,2841
4049,2774
4025,2904
3923,2741
3859,2936
3763,2977
3703,2915
3663,3000
3619,2894
3603,2906
4312,2871
4272,2867
4228,2941
4208,2993
4166,2839
4146,2824
4124,2801
4114,2914
3881,2765
3721,2759
3545,2785
3465,2782
3297,2804
3217,2697
3145,2782
3097,2723
2973,2659
2941,2830
4272,2039
4136,2933
4080,2570
3972,2868
3940,2534
3868,2678
3800,6231
6218,4096
6198,3717
5864,3634
5656,4313
5456,2867
5344,5715
5224,4326
5116,3462
5004,3283
4916,3425
4816,3464
4760,3412
4716,3409
4696,3343
4518,6372
4430,6569
4374,3923
4298,5979
4258,3938
4214,6988
4144,4271
4855,3405
4803,3420
4775,3404
4733,3371
4705,3345
4679,3462
4665,7397
4472,5722
4248,3632
4040,3051
3928,2923
3760,2994
3728,3097
3632,2866
3528,2964
3480,2854
3348,2990
3236,2903
3132,2948
3116,3143
3068,3117
2976,3088
2936,3107
2884,3044
2876,2996
5290,3085
5104,3061
4864,3124
4768,3083
4632,3026
4512,3033
4464,3077
4324,3028
4228,3102
4180,3075
4112,3073
4052,3000
4032,3088
3926,5513
3862,5552
3790,3684
3706,4729
3666,3225
3630,2881
3606,5398
3548,5388
4275,3018
4231,4582
4211,3601
4169,5120
4149,3021
4127,4532
4117,3643
3884,2589
3724,4415
3548,5105
3468,4074
3332,5159
3236,4039
3148,2835
3100,5170
3092,5194
2944,3210
2864,5192
4171,2159
4083,2850
3975,2558
3943,2366
3871,2595
3819,5119
3775,3585
6201,8727
5867,4740
5691,3409
5579,6101
5363,3524
5259,3193
5219,6734
5023,6654
4919,4356
4879,5159
4771,3520
4727,3407
4699,6499
4585,5179
4505,4047
4385,4133
4317,3609
4269,3612
4217,3585
4197,3633
4898,3598
4850,6316
4798,6101
4774,3594
4728,6211
4704,3799
4678,5158
4666,4177
4411,3594
4219,3213
4011,3162
3915,3129
3763,3016
3651,3024
3547,5590
3491,5586
3483,3633
3319,2892
3223,2834
3135,5461
3079,5446
2995,4305
2979,4571
2931,3667
2887,5320
2859,5349
5289,3663
5011,4722
4867,3729
4771,3010
4587,5466
4499,4146
4467,5389
4303,3551
4215,4542
4183,5335
4091,3472
4055,5319
4031,3774
3929,4418
3865,3559
3769,3079
3709,3056
3669,4971
3633,5078
3609,3326
4318,2935
4278,5106
4234,5079
4214,4757
4172,2956
4152,2741
4130,5089
4120,5032
3887,3317
3727,2630
3551,4890
3487,4847
3335,3672
3239,2844
3151,2784
3103,2787
3095,2777
2947,2756
2867,2721
4174,2225
4086,3326
4070,2752
3946,2897
3890,3092
3822,4728
3806,3210
6208,6132
5998,4820
5694,3529
5582,3296
5366,3217
5278,6958
5222,5214
5026,3536
4938,6766
4882,4478
4806,3500
4730,3063
4706,3172
4588,6491
4508,5584
4420,3685
4320,6392
4272,3942
4228,6068
4204,4125
4917,3319
4853,3035
4801,6210
4777,5420
4731,3488
4707,5130
4681,6128
4669,3489
4414,2933
4254,5960
4046,5774
3934,4687
3766,5661
3654,3728
3550,2953
3534,2930
3486,5545
3322,5491
3242,3485
3138,2896
3122,5428
3074,5279
2982,3409
2942,5185
2890,4035
5344,3503
5296,5375
5110,3428
4982,2836
4790,2769
4638,3020
4518,2764
4478,5229
4354,5237
4234,3402
4194,2726
4118,2712
4086,2703
4038,2709
3964,2649
3884,2651
3796,2646
3764,4999
3696,4986
3664,3916
3616,2884
4337,4920
4289,4858
4245,2872
4221,2634
4183,5235
4159,4989
4137,2936
4125,2816
3954,4793
3762,4806
3586,4874
3490,3070
3474,2388
3306,4637
3226,4637
3138,3008
3106,4570
2982,4562
2886,3819
4281,2154
4145,3290
4089,2795
3981,4324
3893,5713
3877,3751
6279,7291
6235,4481
6207,3259
5873,7235
5665,4447
5465,3361
5353,5840
5265,4711
5125,3650
5029,6601
4925,4418
4825,6723
4777,4058
4733,3175
4705,6612
4591,4389
4439,6451
4391,3911
4323,6155
4275,3935
4223,3269
4986,6373
4904,4842
4856,4735
4804,3375
4780,3094
4734,3064
4710,3080
4684,3030
4672,2876
4417,6102
4225,6052
4017,4579
3937,3103
3769,2824
3657,5558
3553,5534
3537,3673
3489,2694
3325,2895
3245,2867
3141,2902
3085,2855
3077,3041
2985,5230
2945,5318
5395,4395
5347,3279
5299,2999
5113,2959
4873,5377
4793,5560
4641,3173
4521,4607
4481,3703
4357,3209
4237,5157
4197,4198
4121,4326
4089,3536
4047,3092
3967,3009
3887,5079
3799,4956
3767,3379
3699,2942
3667,5052
4418,5039
4340,4112
4292,4274
4248,4271
4224,5131
4186,3142
4162,4965
4140,5066
4128,3112
3957,2602
3765,2550
3733,4731
3557,4815
3477,4877
3309,3130
3229,4711
3157,3732
3109,3107
2985,3077
4428,2137
4284,3262
4148,2903
4092,2441
3984,3067
3952,5417
6398,3518
6314,3341
6238,3445
6210,3330
5876,3263
5668,3262
5468,6740
5372,6392
5268,5350
5128,3494
5032,3098
4928,6725
4888,5423
4780,3550
4736,2991
4708,6519
4594,4799
4442,3718
4394,3113
4326,3077
4278,6307
5013,6200
4989,3732
4907,3011
4859,6161
4807,5038
4783,3289
4737,5119
4713,4147
4687,5175
4675,3470
4420,3131
4228,3069
4020,3073
3924,3009
3740,5531
3660,5541
3556,3773
3500,4499
3390,5410
3328,4250
3232,3134
3144,5277
3088,4019
3004,5102
2988,4325
5458,4501
5382,5158
5322,3284
5298,6012
5020,5708
4876,3746
4780,4890
4596,5875
4508,3679
4476,2761
4312,5831
4224,4131
4192,2923
4100,5737
4064,4131
4044,3150
3938,5657
3874,3997
3778,3177
3718,3043
4473,2964
4429,3110
4403,3109
4327,3096
4287,3127
4243,3074
4223,3050
4181,3161
4161,3165
4139,3033
4129,3127
3896,2997
3736,3088
3592,2975
3496,2868
3344,2982
3248,2955
3160,2797
3144,2932
3104,2915
4431,2108
4319,3359
4183,2891
4095,2716
4079,2644
3955,7902
6433,4259
6333,3179
6277,8059
6217,4891
6007,5984
5703,3864
5607,3340
5439,3329
5287,3238
5239,7715
5099,4949
4947,3636
4899,7706
4815,4791
4775,3494
4715,7466
4629,4672
4517,7571
4429,4191
4389,3316
5116,7234
5024,4642
4996,3545
4926,7109
4870,4674
4818,3454
4790,3240
4740,6957
4716,5067
4690,3406
4680,2882
4487,2975
4263,2837
4055,2849
3943,2878
3775,6500
3663,6447
3647,4071
3543,3157
3495,3068
3331,3154
3251,6152
3147,6120
3131,3851
3083,6048
2991,4147
5485,3071
5401,3064
5353,3106
5305,3135
5119,3107
4935,2998
4799,2979
4647,5966
4527,6030
4479,3349
4363,2851
4243,2712
4203,2721
4127,5864
4095,5880
4047,3715
3973,4797
3877,3813
3805,3284
3773,5767
4476,5623
4432,3186
4408,4705
4346,3806
4298,3264
4254,3220
4226,5716
4184,5427
4164,3088
4142,5565
4132,4357
3899,5474
3771,3277
3595,5453
3499,4358
3347,5334
3251,3387
3163,5322
3147,4142
3107,2924
4434,2164
4322,3174
4186,2836
4098,2959
4082,7020
6540,2795
6436,8712
6336,6194
6280,4312
6220,6154
6010,4036
5706,6703
5610,4549
5442,7904
5290,4392
5234,3510
5102,3614
4950,3488
4902,3409
4818,7790
4778,6409
4718,5805
4632,3659
4520,3340
4432,7377
4392,5013
5119,3877
5027,2976
4999,6310
4929,4841
4873,3238
4821,2779
4793,6210
4751,4361
4723,3122
4697,2696
4683,2728
4490,6067
4266,6087
4058,3364
3946,2815
3778,5964
3746,4294
3650,3269
3546,2945
3498,6179
3366,6257
3254,3533
3150,6100
3134,3770
3086,3053
5624,6073
5504,3992
5456,5066
5364,3260
5320,5331
5186,3573
4994,2923
4850,6095
4682,4024
4586,5942
4490,3624
4398,5990
4302,4734
4230,4861
4146,3351
4106,5869
4062,4201
4046,2902
3896,2693
3824,2519
3784,2355
4527,2444
4471,5017
4427,4944
4407,4192
4333,2979
4293,2646
4249,2680
4229,2598
4187,2582
4167,4992
4145,4933
4135,3404
3902,2507
3742,2532
3566,2508
3486,4757
3350,4727
3254,3657
3166,2668
3118,2532
4657,2293
4437,3380
4293,2705
4189,2857
4101,5280
6739,3411
6543,2965
6439,2975
6339,2671
6283,7002
6223,5893
6013,3833
5709,3133
5613,2895
5445,6793
5293,5186
5245,3397
5105,3124
4953,6530
4905,4701
4821,3322
4781,2882
4737,6493
4635,5306
4539,3373
4451,6345
5214,3927
5122,5205
5074,3628
5022,6208
4998,3747
4876,3007
4824,2956
4796,6531
4754,4885
4726,3239
4700,6513
4686,4067
4684,6488
4429,3727
4237,2889
4029,6194
3933,5012
3781,4913
3669,5913
3565,3369
3509,2888
3501,5692
3337,5660
3257,3601
3153,5370
5791,3999
5743,2978
5579,2449
5491,5826
5407,4366
5359,2899
5323,2484
5189,2519
4997,2524
4805,5546
4685,5578
4589,4362
4493,2799
4401,2604
4305,2585
4233,2641
4149,2582
4109,2559
4073,2528
4049,2827
3947,2705
4726,5069
4638,5230
4530,3451
4482,2710
4438,2765
4414,2702
4352,5148
4304,5254
4260,3375
4236,2626
4198,5288
4174,3977
4152,5043
4140,3417
3969,4200
3905,4968
3745,3244
3569,2764
3489,2802
3353,4784
4900,2293
4764,3311
4732,2685
4660,3274
4440,5937
7182,5669
6982,3595
6870,7548
6742,4317
6546,3016
6442,3322
6402,3296
6294,7540
6242,5908
6080,3851
5856,3153
5616,3002
5480,7202
5368,5250
5275,3571
5140,5792
5028,4053
4940,5752
4840,5012
4792,3464
4744,3146
5611,7004
5465,5116
5281,3403
5225,2890
5141,2859
5085,2893
5033,6681
5001,6092
4919,3596
4871,3013
4819,6544
4795,4813
4749,3198
4725,2802
4699,2852
4687,6400
4432,5946
4272,3499
4064,5127
3952,3995
3784,3080
3672,5932
3656,4645
3552,5837
3504,3547
6386,3035
6114,6115
5946,4088
5850,5026
5754,3088
5630,2643
5510,5980
5462,4437
5370,2993
5326,2462
5192,2589
5000,2528
4808,5777
4656,5392
4592,4875
4496,4809
4372,3263
4308,5713
4212,4389
4152,5283
5007,3135
4963,5532
4841,4617
4745,4632
4641,4593
4601,5214
4517,2851
4441,2759
4417,2743
4355,2751
4307,2745
4263,2735
4239,2698
4201,2717
4173,2738
4151,3022
4141,3109
3972,2750
3780,2619
3604,2641
3508,2644
5079,3234
4903,3935
4767,3639
4735,3629
4663,3763
7393,3304
7185,4006
6953,5992
6801,3829
6745,3949
6549,3289
6445,7261
6345,4956
6289,3605
6229,3146
6019,3816
5715,3279
5603,7987
5387,7165
5299,4328
5243,3312
5047,3129
4959,7576
4903,5505
4827,3714
5646,6064
5618,3869
5468,6309
5372,3999
5228,7266
5144,3908
5088,5972
5036,3768
5004,3259
4922,3300
4874,7092
4822,4993
4798,5350
4752,3393
4728,3080
4702,2988
4690,2959
4435,2969
4243,2973
4035,2922
3939,2911
3755,2899
3675,2820
3571,2946
3515,3075
6453,3169
6261,3141
6053,3175
5869,3141
5781,3152
5665,3171
5569,3137
5465,3094
5373,3113
5329,3057
5195,3040
5035,3042
4859,3142
4691,2978
4595,2986
4499,3003
4407,2967
4311,6016
4215,5925
4155,3507
4107,2732
4966,5835
4844,4624
4748,2982
4644,4834
4604,3644
4520,4517
4480,3603
4420,3098
4358,3102
4310,3111
4266,3080
4242,5057
4204,5151
4176,3312
4154,4313
4144,4335
3975,4242
3783,3406
3607,4871
3511,4222
3359,3042
4906,2467
4770,3300
4738,2823
4666,2765
7396,3223
7188,5548
6973,3795
6804,3461
6748,7884
6552,4941
6448,3717
6348,7648
6292,4901
6232,3423
6022,3220
5718,7406
5606,5246
5454,5315
5302,3749
5246,4143
5114,4207
4962,7545
4906,4857
4830,3731
4754,2935
5621,3551
5503,3967
5375,3086
5271,3316
5223,3384
5091,3257
5039,3421
5011,3426
4941,3185
4885,3269
4825,3276
4801,3213
4755,4280
4731,3173
4705,7383
4693,5454
4438,4916
4278,4849
4070,4011
3958,3433
3790,3367
3678,3335
3574,5788
3558,5776
3510,3784
6296,5051
6120,4135
5952,5072
5800,3478
5752,2952
5588,2985
5500,3055
5416,6601
5368,4592
5320,3225
5134,6412
4894,4025
4814,3208
4662,6318
4542,4802
4494,5246
4378,3578
4258,3155
4218,6172
4142,4973
4110,5790
4953,4613
4847,3128
4735,2894
4647,2824
4607,2869
4523,6316
4447,6002
4423,3655
4361,2729
4313,6042
4269,4808
4245,5591
4207,3263
4183,2794
4161,2748
4149,2841
3978,2814
3786,6003
3610,5717
3514,3602
3362,3109
5021,2505
4877,3681
4741,2975
4669,3509
7527,3413
7223,3322
6991,3567
6879,3834
6759,3591
6619,3598
6467,3848
6411,7731
6303,6295
6251,4228
6089,3424
5865,3445
5625,3211
5489,3296
5377,3547
5257,7188
5117,6694
5037,4077
4917,5899
4849,4119
4793,3288
5644,3346
5506,7095
5394,5157
5290,3471
5226,7072
5134,4436
5086,4377
5034,3508
5010,3201
4888,6903
4836,5232
4808,3366
4766,2937
4738,2904
4712,2950
4698,2868
4505,2853
4281,3024
4249,3027
4041,6518
3945,6412
3761,3919
3665,3103
3577,3086
3521,3073
6459,3191
6267,3239
6059,3203
5875,3185
5787,3178
5671,3166
5575,3182
5479,3144
5403,3088
5343,3042
5319,3118
5041,2988
4865,3025
4801,3062
4617,2944
4529,2962
4497,2952
4333,2936
4261,3007
4213,2967
4145,2969
4980,2983
4956,2943
4818,2902
4738,5512
4650,5517
4542,3810
4494,2991
4450,2800
4426,5932
4364,5007
4316,3422
4264,4908
4244,3442
4202,3066
4182,3017
4160,2970
4152,2965
3981,2944
3789,2922
3613,5784
3517,5443
5088,2487
5024,3640
4880,2972
4744,3136
7766,3434
7530,5515
7226,3583
6994,3453
6882,7062
6762,4635
6622,3656
6470,3485
6414,3393
6306,3760
6254,3364
6092,3290
5900,3301
5692,3155
5492,3184
5380,7988
5292,6255
5152,5112
5040,3726
4952,3121
5763,3293
5707,3238
5647,3232
5623,3190
5477,3288
5293,3169
5237,3068
5153,3009
5097,3015
5037,3075
5013,3072
4931,7134
4883,5908
4831,3703
4807,3082
4761,3012
4737,3009
4711,2947
4699,2974
4444,2938
4252,3012
4044,2951
3948,2933
3796,2849
3684,6620
3580,6196
6650,3862
6602,3127
6302,3045
6078,3048
5926,3021
5806,3005
5758,3022
5594,3032
5506,2999
5422,3049
5374,3099
5326,2954
5140,2911
4900,2959
4804,2926
4668,2910
4548,2873
4500,2879
4384,2939
4264,2792
5151,2825
5059,2850
5019,2860
4959,2895
4853,2872
4741,2831
4653,2870
4613,2859
4529,2754
4453,2739
4429,2768
4367,2744
4319,2810
4275,2743
4251,2722
4213,2710
4189,2713
4167,2814
4155,2898
3984,2831
3792,2816
3616,2809
5307,2454
5275,4026
5027,2876
7357,3437
7905,3196
7801,3098
7533,3706
7229,3493
7117,3595
6885,4501
6765,4739
6625,7531
6473,4399
6417,6488
6309,3466
6257,3414
6095,3298
5871,3466
5631,3207
5495,3204
5383,3150
5263,3346
5155,3292
5043,3262
5850,3184
5766,3428
5702,3351
5650,3142
5626,3126
5400,3147
5296,3135
5232,3106
5140,3091
5092,3205
5040,3256
5016,3191
4894,3091
4842,3160
4814,3007
4772,3224
4744,3145
4718,2982
4704,3151
4511,3142
4287,3025
4079,3180
4047,3095
3951,3150
3767,3145
6925,3160
6773,3135
6637,3254
6465,3166
6161,3046
6065,3081
5881,3174
5793,3005
5677,3027
5581,2936
5477,3043
5385,2941
5349,2924
5325,2979
5047,2853
4871,2925
4703,2990
4607,2865
4535,2963
4419,2834
4323,2806
5186,2853
5078,2821
5030,2843
4978,2854
4958,2863
4824,2821
4672,2800
4624,2854
4548,2765
4492,2833
4448,2768
4428,3002
4354,2979
4314,2878
4270,2952
4250,3015
4208,2926
4188,2928
4166,2952
4156,2879
3923,2944
3763,2895
5422,2524
5278,3693
5030,3044
8204,3261
7972,6426
7820,3798
7764,3099
7376,3551
7136,3633
6968,3625
6816,3549
6660,3402
6548,3240
6428,3332
6344,3178
6268,7237
6240,5843
6034,3905
5730,3187
5618,3233
5402,3115
5298,3064
5258,3046
5062,3032
5909,2987
5845,2991
5753,3046
5661,2952
5633,2973
5483,2823
5387,2850
5283,3016
5159,2845
5103,2893
5051,3069
5023,2925
4937,3002
4889,3091
4837,2868
4813,2924
4767,2878
4743,2986
4717,2991
4705,2864
4450,2991
4258,2792
4082,2969
3970,2995
3802,2913
7008,2891
6808,3074
6712,3036
6608,3016
6308,2973
6132,2953
5932,2980
5812,2976
5764,2904
5600,2901
5512,2893
5428,2889
5380,2747
5332,2797
5146,2709
4906,2797
4810,2674
4674,2631
4554,2614
4506,2637
4390,2566
5205,2879
5149,2876
5065,2840
4989,2839
4965,2904
4859,2822
4747,2708
4659,2757
4619,2810
4503,2860
4459,2726
4435,2822
4373,2747
4325,2721
4273,2731
4253,2721
4211,2653
4191,2623
4169,2744
4159,2592
3990,2695
3798,2666
5489,2573
5313,3664
5097,3210
8239,3835
8127,6938
7895,4306
7775,3529
7411,5485
7203,4378
7003,4861
6891,3796
6771,3647
6567,3818
6463,3579
6363,3478
6307,7659
6247,5749
6101,3868
5877,3409
5637,3189
5469,3237
5317,7306
5269,5877
5129,3895
5912,3207
5856,3319
5756,3246
5708,3237
5636,3192
5518,3138
5406,3170
5286,3115
5238,3094
5146,3061
5098,3082
5026,3051
4956,3043
4900,3105
4848,3033
4820,3116
4778,3122
4750,3096
4724,3081
4710,3075
4517,3032
4293,3000
4085,2993
3973,2959
3957,3017
7123,3213
6931,3166
6731,3133
6643,3119
6407,3086
6167,3131
6071,3071
5887,3038
5799,3117
5651,3159
5531,3029
5483,2991
5391,2962
5347,3014
5331,3018
5053,2934
4877,2876
4709,2892
4613,2876
4541,2844
5392,2860
5296,2844
5192,2879
5152,2842
5036,2817
4992,2850
4964,2785
4830,2768
4750,2822
4630,5449
4554,5467
4506,3389
4462,2880
4434,2890
4360,2899
4320,2916
4276,2877
4256,2848
4214,2828
4194,2846
4172,2806
4162,2768
3929,2774
5700,2583
5428,4199
5316,3397
8546,3772
8210,3546
8010,8465
7826,4893
7770,3833
7414,6922
7142,4491
6974,3559
6822,8100
6666,5138
6554,3716
6434,3236
6350,3262
6274,7890
6246,5338
5912,3708
5704,3083
5624,3113
5408,3080
5304,7298
6131,6263
6019,3889
5899,3195
5851,3015
5719,7310
5665,5406
5635,5721
5489,3612
5305,3108
5249,3263
5165,6569
5101,6245
5049,3722
5025,3113
4943,3072
4851,3045
4823,6407
4781,6276
4753,3625
4727,3030
4713,3054
4520,6080
4296,5347
4088,5016
3976,3488
3960,3060
7126,6249
6934,4405
6734,3143
6622,5949
6410,3858
6170,2835
5970,5893
5874,4373
5778,3053
5654,5800
5534,3762
5434,3180
5386,2901
5338,5668
5152,4174
5024,2949
4832,5646
4680,4188
4560,2908
4512,5567
5363,4109
5211,2903
5155,2702
5071,2646
4995,2617
4971,2617
4833,5529
4753,5360
4663,3506
4557,2771
4509,2832
4465,2782
4437,2772
4363,2774
4323,2828
4279,2754
4259,5264
4217,5246
4197,3345
4167,2825
4155,2769
3932,2673
3772,5000
5431,2633
5287,3561
8389,3456
8149,3164
7917,3568
7813,3505
7545,3532
7241,8358
7009,4997
6897,3916
6777,3439
6637,8004
6469,4966
6369,5881
6313,5581
6253,3774
6043,7598
5739,4526
5627,3593
5475,7395
5323,4865
5267,3804
5071,7160
5918,4989
5854,3551
5722,7157
5670,4675
5638,4750
5492,6751
5308,4115
5252,3258
5168,3088
5104,3086
5052,3069
5028,6763
4906,6438
4854,3756
4826,3137
4784,6687
4756,5036
4730,3367
4716,2876
4523,2894
4299,2945
4091,2806
3979,6249
3811,6194
3699,3671
6817,3238
6665,3227
6617,3227
6285,3151
6093,6401
5893,4905
5805,3224
5689,2777
5537,6024
5489,4554
5397,3090
5353,2635
5219,2665
5027,5898
4835,5843
4683,3409
4563,2784
4515,5881
4351,4569
4279,3185
4231,2901
5042,2905
4998,5782
4970,4903
4836,4703
4684,3209
4636,2672
4544,5360
4504,5015
4460,4076
4382,4439
4334,3613
4290,2836
4266,5219
4220,4101
4200,5276
4178,3098
4168,5002
3935,3663
3775,2713
3599,2652
3519,2635
3383,5063
3287,5091
4794,2455
4706,3569
7612,3273
7388,3720
7148,3120
6916,8296
6812,5037
6672,3881
6560,3366
6440,7865
6356,5061
6280,3658
6252,7754
5918,4951
5710,3574
5510,3127
5398,7541
5310,5273
5170,5297
5058,3712
4970,3344
4870,7062
4822,5357
5665,3620
5641,5879
5415,4028
5311,5848
5255,3847
5155,3187
5107,6893
5055,4852
4965,5762
4909,3893
4857,5605
4829,4475
4787,5604
4759,3765
4733,3141
4719,3163
4526,3115
4302,3058
4094,3106
3982,2990
3814,6270
3782,6252
3686,3807
3582,6111
3534,4968
6416,3597
6144,3273
5976,3241
5880,6227
5784,4744
5660,4924
5524,4669
5440,3099
5392,6000
5344,4314
5222,5067
5030,3129
4838,5794
4686,3956
4566,5844
4526,3583
4402,2928
4282,2900
4242,5824
4166,5763
4134,3179
4977,2675
4871,2628
4775,5645
4671,4926
4631,3142
4547,5631
4471,3517
4447,2852
4385,2879
4337,2823
4293,5551
4269,5328
4231,3125
4206,2603
4185,5382
4173,5523
4002,3213
3810,5248
3634,3453
3538,2723
3386,5121
3290,5221
3274,3425
4765,2370
4693,3405
7551,2890
7215,3335
7015,5481
6903,3495
6783,7302
6579,7561
6475,5197
6375,4107
6319,3474
6259,8355
6081,3960
5889,3416
5649,2770
5481,8744
5329,4740
5281,5855
5141,4173
4989,2979
4941,8151
4857,4140
5720,2866
5648,8188
5530,3631
5402,3134
5298,4896
5250,3344
5158,3075
5066,6015
5038,6488
4968,6601
4912,4251
4860,3042
4832,3110
4790,2958
4758,3001
4734,3003
4722,3004
4529,3018
4305,2973
4097,2920
3985,2873
3817,6130
3705,6041
3689,3964
3585,3561
3537,3344
6323,3590
6147,3500
5979,3449
5827,3558
5779,3588
5615,6123
5527,4409
5443,3187
5395,6020
5347,4313
5161,5068
4921,3535
4825,2959
4689,2903
4569,5923
4521,5835
4357,3373
4285,4750
4237,5628
4169,3688
5004,5604
4980,3583
4842,5525
4762,4619
4642,4771
4566,3373
4518,3054
4474,3029
4446,2950
4372,3019
4332,5527
4288,5536
4268,5167
4226,3177
4206,2912
4184,2965
4174,2824
3941,2855
3781,2870
3605,2742
3525,2768
3357,2829
3277,2693
3205,2825
4712,2481
4540,3478
7394,3362
7138,3565
6922,6874
6818,4019
6678,6452
6494,4278
6438,3449
6330,7754
6278,5107
6116,3615
5924,6164
5716,4130
5516,6009
5404,4225
5284,7107
5176,4714
5064,4680
4944,6988
4876,4159
4820,5733
5671,3917
5533,3327
5421,3282
5317,6824
5253,5240
5161,5367
5113,4932
5061,3451
4971,6444
4915,4627
4863,3195
4835,2895
4793,2850
4765,6338
4739,5904
4725,4748
4532,3326
4308,2991
4100,6148
3988,6148
3820,3427
3788,2834
3692,2903
3588,2816
3540,2822
6422,2944
6150,2924
5982,2884
5886,6162
5790,5250
5618,3367
5530,2862
5446,2849
5398,5877
5350,5628
5164,3348
5036,4867
4844,3402
4692,5824
4572,4248
4524,2952
4408,5614
4288,4148
4248,4720
4172,3296
4140,3269
4983,3218
4877,3214
4765,3291
4677,5493
4637,5277
4521,4259
4477,4623
4453,4596
4391,5441
4335,3368
4291,2639
4271,5383
4229,5368
4209,5187
4187,3099
4177,4436
3944,5256
3784,3357
3608,2677
3544,5117
3392,5070
3296,3329
3208,2908
3160,2835
4699,2394
7429,3512
7157,3088
6989,3305
6837,3336
6781,3082
6585,3088
6481,3390
6381,3225
6325,3242
6265,3334
6055,3212
5751,3205
5639,3226
5423,7385
5335,7322
5279,4465
5083,3474
4995,3188
4939,3185
4863,3189
4787,7361
5654,6868
5504,4045
5408,5521
5304,3682
5180,7148
5124,4362
5072,3199
5044,7031
4958,4830
4910,4960
4858,3536
4834,7018
4788,4697
4764,5447
4738,3892
4726,6780
4471,4508
4279,6641
4071,3955
3991,2994
3823,2919
3711,6332
3607,6016
3591,4865
3543,3538
6329,3277
6153,6347
5953,4118
5833,5280
5785,3218
5621,6276
5533,4060
5449,6195
5401,3716
5353,2869
5167,2605
4927,2624
4831,2540
4695,5935
4575,5998
4527,3354
4411,2729
4291,2718
4243,2731
4175,2724
4115,2717
4986,5900
4880,5447
4768,3513
4680,2702
4640,2517
4524,2615
4480,5428
4456,5449
4394,3481
4346,3452
4298,3162
4274,3000
4232,3498
4212,3112
4190,3111
4180,3499
4011,5793
3819,5765
3643,5660
3547,3216
3395,4688
3299,4716
3283,3767
3195,3264
4702,2339
7432,3553
7224,3279
7024,2891
6912,3074
6784,3286
6588,3173
6484,3670
6384,8086
6328,5512
6268,4005
6058,3476
5898,8667
5658,4697
5490,6079
5338,5368
5290,6290
5150,5868
4998,4066
4950,3445
4866,3400
4826,7937
5657,6515
5539,4102
5427,3369
5307,7868
5259,5225
5167,5241
5075,3914
5047,3440
4977,3349
4921,3321
4869,3356
4841,7886
4799,6320
4771,4031
4745,3245
4731,3034
4538,3006
4314,2986
4106,2944
3994,2961
3826,2835
3714,6913
3698,6968
3594,4537
3546,3312
6332,3388
6156,3407
5988,3362
5892,3348
5788,3315
5624,3418
5536,3320
5452,3355
5404,3219
5356,6537
5170,4868
4930,3345
4834,2908
4698,6469
4578,4878
4530,3249
4414,6328
4294,4024
4246,3132
4178,3301
4118,6197
4989,5720
4851,3385
4771,2836
4683,2984
4575,6109
4527,5806
4483,4791
4459,5334
4381,5776
4341,4690
4297,5028
4277,3606
4235,3122
4215,6041
4193,4761
4183,5019
3950,3499
3790,3000
3614,5872
3534,5543
3398,3402
3302,2739
3214,2726
3166,5016
4705,2384
7403,3460
7163,3636
6995,4032
6827,3395
6687,3492
6575,9994
6455,5212
6371,4465
6295,3117
6267,7208
5933,4545
5725,3362
5645,6596
5429,4261
5325,3581
5185,3023
5089,3365
4985,7960
4945,7510
4837,5498
5680,5827
5656,3822
5510,3178
5326,3232
5270,3174
5186,7697
5122,6102
5070,4060
5046,6247
4964,4383
4916,5345
4844,6050
4802,4158
4774,3394
4748,7463
4734,5004
4541,5268
4317,3718
4285,7413
4077,4944
3981,3586
3797,6926
3701,4773
3597,3426
3557,3190
3417,3075
6191,7133
6095,5092
5911,3665
5799,2956
5675,6699
5555,6649
5507,4176
5415,5180
5371,3705
5237,2737
5045,3052
4853,2773
4701,2669
4637,6971
4541,4858
4417,3053
4353,4935
4257,3239
4181,2532
4149,6325
4992,3611
4886,2723
4790,5670
4686,3126
4646,2418
4562,2840
4486,5400
4462,4613
4400,3421
4352,2428
4308,5946
4280,4146
4238,2575
4218,4929
4196,5216
4186,4985
3953,4054
3793,3078
3649,5916
3553,4643
3401,3317
3305,4699
3217,3962
3201,4927
3161,3751
7438,2562
7166,3895
6998,2826
6846,3145
6790,2976
6578,7586
6458,4770
6374,3545
6298,7687
6270,4619
6064,5384
5760,3587
5648,7352
5432,4481
5328,5865
5288,6449
5092,3811
4988,6947
4948,4480
4840,5786
4796,3930
5659,6963
5513,4240
5417,3201
5273,6746
5189,4638
5133,3258
5073,3018
5049,2942
4967,6426
4919,5952
4867,3629
4843,3064
4797,6422
4773,4707
4747,3330
4735,3007
4480,3046
4288,2986
4080,2957
3984,3004
3800,2902
3720,2806
3616,5871
3560,5805
3420,4538
6306,3433
6114,3139
5962,3118
5826,3082
5710,3038
5614,5907
5518,4987
5442,3165
5382,2773
5358,2766
5080,2763
4904,2749
4736,5656
4656,5613
4568,3889
4452,4703
4372,3791
4284,5627
4252,3552
4160,2891
4124,5528
4991,5013
4857,3186
4705,5439
4657,3538
4581,5424
4525,3550
4481,5507
4461,3349
4387,2866
4347,5423
4303,5381
4249,3049
4225,5489
4203,3736
4191,2928
4020,2858
3956,5135
3796,5285
3620,3432
3540,2679
3372,2688
3292,2776
3220,2670
3172,2728
3048,2713
7409,2435
7153,3360
6937,2921
6833,3029
6693,3099
6509,3598
6453,3404
6345,3411
6293,3577
6131,3378
5939,3583
5731,3425
5531,3220
5419,7446
5299,6999
5191,4206
5079,3446
4959,3138
4891,7151
4835,5256
4791,3559
5548,5996
5436,4244
5324,6808
5268,4288
5176,3380
5128,6905
5056,4856
4986,5528
4930,3599
4878,3133
4850,6575
4808,4900
4776,3449
4750,6375
4738,4235
4483,3335
4323,6183
4115,4800
4003,5229
3835,3514
3723,6151
3619,4381
3603,3079
3555,3141
3391,3097
6117,6131
5965,5417
5845,3448
5713,2904
5617,2818
5521,2721
5445,2700
5385,2776
5361,2679
5083,6013
4907,5787
4739,3866
4643,2740
4547,2756
4455,5690
4359,5586
4263,4614
4203,3340
4155,2998
4119,5639
4033,5519
4796,3412
4692,2796
4652,2656
4536,2777
4492,2706
4468,2772
4406,5528
4350,5500
4306,3554
4286,3009
4244,2943
4224,5525
4202,5403
4192,3524
3959,4597
3799,3556
3623,5298
3543,3867
3375,3080
3295,3045
3223,5218
3175,5235
3051,4093
2955,3006
2939,3000
6940,2488
6804,3301
6664,3024
6512,3599
6456,3461
6348,2999
6296,7556
6134,5422
5910,3796
5670,7537
5534,4350
5422,3485
5302,7471
5162,4630
5082,6547
4962,3927
4878,3393
4838,7019
4778,5018
4692,3576
4596,6848
5319,4277
5271,3366
5179,3192
5087,3175
5059,6864
4989,6001
4933,3751
4873,3230
4849,3159
4803,3276
4779,3137
4753,3173
4741,3198
4486,3201
4294,3034
4086,3034
4006,2998
3838,3059
3726,3052
3622,3056
3566,6024
3558,6053
3394,4207
3298,3108
3210,3163
5840,6251
5716,4557
5620,3244
5524,2778
5448,2763
5388,2809
5364,2704
5086,5945
4910,5907
4742,3521
4646,2811
4574,5802
4458,4862
4362,3317
4290,3086
4206,2919
4164,5653
4122,5725
4041,3443
3956,5568
4711,4416
4655,2969
4571,2849
4531,2814
4471,2854
4409,2841
4361,5660
4317,5658
4293,3621
4255,2919
4227,2826
4205,3150
4195,2947
3962,2848
3802,2955
3658,5427
3562,5336
3410,4256
3314,3162
3226,2998
3178,3035
3170,3124
3022,2968
2942,3028
2870,3041
2822,3076
6699,2407
6587,3464
6467,3003
6383,2817
6307,2971
6279,3215
5945,3375
5737,3186
5537,3223
5425,3110
5305,3184
5197,3149
5085,3146
4965,7150
4897,7000
4841,4447
4797,3278
4695,3149
4599,3119
4495,6727
5274,6466
5142,3829
5090,3220
5062,6836
4992,4792
4928,3376
4876,2942
4852,6615
4806,5291
4782,3402
4756,3108
4744,6496
4489,5058
4297,4992
4089,3331
3993,3022
3809,2942
3713,6027
3625,5872
3569,3880
3429,3073
3317,2996
3301,5815
3197,5769
3149,3726
3074,3269
5567,3335
5519,3356
5427,5909
5371,4253
5185,2951
5057,2715
4865,5687
4713,4472
4593,3194
4545,4662
4429,3779
4309,2949
4261,2955
4193,2952
4133,2925
4113,2918
4007,2887
3943,2895
3847,2855
3787,5366
4542,5376
4490,3405
4470,5367
4396,3507
4356,5353
4312,3472
4292,3055
4234,5323
4212,5362
4200,3045
4029,2514
3837,2469
3661,2511
3629,2484
3549,2522
3381,2601
3301,5073
3213,5013
3174,3906
3057,4141
2961,4146
2873,3344
2857,3362
2817,3324
2733,3319
2701,3309
6402,2231
6346,3289
6286,2664
6076,3003
5772,5336
5660,3384
5508,3063
5356,2809
5300,2811
5104,3000
5016,3071
4960,3055
4884,2975
4808,2985
4784,3012
4666,2935
4586,2958
4466,2950
4398,2975
4350,2971
5085,2968
5061,3002
4979,2959
4931,2898
4879,2942
4855,2927
4809,2905
4785,2932
4749,6434
4747,6016
4492,3628
4300,2986
4092,2930
3996,2965
3812,2993
3716,2814
3612,2876
3572,2876
3432,2760
3320,2793
3304,2819
3200,2706
3152,2891
3076,2942
3020,2887
5522,3001
5430,3132
5386,3077
5252,3152
5060,3061
4868,2903
4716,2926
4624,2964
4556,2838
4432,2883
4312,2932
4272,5613
4196,5660
4164,3623
4116,2869
4042,2947
3946,2997
3874,2839
3842,2936
3750,2866
3714,2881
4477,2828
4415,2901
4367,2849
4315,2859
4295,2863
4253,2814
4233,2825
4211,2903
4201,2826
3968,2821
3808,2765
3664,2717
3568,2709
3416,2735
3320,2633
3232,2704
3216,2734
3176,2616
3028,2617
2964,2591
2876,2696
2828,2929
2820,2851
2736,2836
2704,3042
2660,3013
6349,2256
6289,3123
6079,2670
5775,2861
5679,2967
5511,2795
5359,3209
5303,2859
5171,2775
5019,3325
4971,3378
4887,3244
4847,3054
4787,3125
4701,3043
4589,3004
4501,3072
4461,3007
4353,2961
4309,3044
5068,3041
4998,3089
4942,3233
4890,3204
4858,3097
4812,3101
4788,3101
4762,3076
4750,3079
4559,3104
4335,3003
4127,2998
4015,3017
3847,2935
3735,2964
3719,2935
3615,2887
3567,2917
3403,2889
3323,2754
3219,2926
3203,2926
3155,3049
3063,3070
3023,2965
5473,3184
5425,3116
5377,3141
5191,3107
5063,3110
4871,3090
4719,3138
4599,2983
4559,3043
4435,3083
4315,2961
4275,3021
4199,3063
4167,2874
4119,2932
4045,2886
3965,2866
3877,2933
3845,2813
3777,3070
3717,2857
4480,2771
4418,2901
4370,2909
4326,2804
4302,2860
4264,2848
4240,2769
4218,2843
4206,2834
4035,2790
3843,2781
3667,2758
3571,2828
3419,2757
3387,2785
3307,2765
3219,2739
3179,2726
3063,2804
2967,2823
2879,2824
2863,2911
2823,2704
2755,2700
2707,2807
2699,2768
6360,2297
6308,3302
6146,2715
5922,2894
5682,2928
5514,2894
5434,3051
5314,3169
5174,2969
5094,3088
4974,3159
4906,3077
4850,3137
4806,3055
4704,2960
4608,3232
4504,3092
4464,3172
4388,3282
5143,3197
5071,3317
5001,3138
4945,3176
4893,3091
4865,3112
4823,3129
4795,3179
4769,3113
4755,3109
4562,3161
4338,3112
4130,2982
4018,3126
3850,3140
3818,3030
3722,3109
3618,3283
3570,3166
3438,3242
3326,3192
3222,3164
3206,3118
3158,3171
3082,3191
3026,3145
5528,3343
5436,3325
5392,3334
5258,3110
5066,3284
4874,3014
4722,3018
4658,3231
4562,3040
4438,3140
4374,3059
4278,3036
4218,3112
4170,3031
4134,3006
4048,3038
3968,2949
3880,3037
3848,3028
3780,2907
4543,2927
4483,3082
4421,2915
4373,2959
4329,3077
4305,2962
4267,2957
4243,2994
4221,2909
4209,2977
4038,2933
3846,2885
3670,2827
3574,2884
3558,2873
3390,2825
3310,2934
3222,2500
3190,2383
3066,6008
2970,5591
2954,3410
2866,2927
2826,2601
2758,2383
2710,2940
2702,2549
6363,2891
6311,3589
6149,3210
5925,3012
5685,3447
5549,3124
5437,2839
5317,3595
5209,3343
5097,7323
4977,4808
4909,3449
4853,2684
4809,3497
4707,3183
4611,3062
4523,7356
4467,5552
4391,3694
5146,3426
5094,3071
5004,6376
4948,4730
4896,3125
4868,3369
4826,5862
4798,3104
4772,3067
4758,3242
4565,3081
4341,3102
4133,3034
4021,3095
3853,2967
3821,2996
3725,2967
3621,3057
3573,2988
3441,3117
3329,3015
3225,2965
3209,3007
3161,3001
3085,2922
5579,3107
5531,3113
5439,3102
5395,3141
5261,3035
5069,3025
4877,3063
4725,2980
4661,2962
4565,3034
4441,6277
4377,5805
4281,3409
4205,2856
4173,2856
4137,2887
4051,6154
3971,6097
3883,3737
3851,3090
3783,3027
4510,3008
4486,3067
4424,3052
4376,3092
4332,3059
4308,3103
4270,3030
4246,2978
4224,3042
4212,3003
4041,2977
3849,2954
3673,2961
3577,5798
3425,5780
3329,3536
3313,2852
3225,2861
3185,2916
3069,2816
2973,5606
2885,5550
2869,4325
2829,3048
2745,3069
2713,3068
2669,3067
6358,2322
6298,4423
6088,2723
5928,2904
5688,5462
5520,4060
5368,3375
5320,7650
5180,5487
5028,5627
4980,3692
4896,7456
4856,4519
4796,6160
4710,4121
4598,3362
4510,7238
4470,5308
4394,3547
5105,3119
5077,3133
5007,7097
4951,6601
4899,3904
4871,7095
4829,4123
4801,3218
4775,3235
4761,3182
4568,3109
4344,3092
4136,3081
4024,3088
3856,2999
3744,6445
3728,6453
3624,3979
3576,3176
3444,3139
3332,3165
3228,3127
3212,3278
3164,3265
3072,3120
5566,3174
5482,3351
5434,6370
5386,5727
5264,3538
5072,2976
4880,2872
4728,2905
4608,6275
4568,5956
4444,3409
4324,5144
4284,4131
4208,3144
4176,6149
4128,4775
4054,3387
3974,2856
3886,6292
3854,5442
3786,4338
4513,5071
4489,3979
4427,3057
4379,3048
4335,5954
4311,5043
4273,3239
4249,2942
4227,2979
4215,3146
4044,3195
3852,5725
3676,5582
3580,3738
3428,2869
3396,2846
3316,5664
3228,5592
3188,3622
3072,5539
2976,4056
2888,3082
2872,3091
2832,3206
2764,3073
2716,3089
2708,3078
6369,2330
6317,3755
6155,2895
5931,6237
5691,5909
5555,3838
5443,3268
5323,7756
5215,4845
5103,3764
4999,3254
4915,7508
4859,5387
4815,5458
4795,3758
4617,7312
4529,4369
4481,3299
4397,7246
5152,5130
5100,3649
5076,7207
4994,4336
4946,3273
4874,7205
4832,5102
4804,3577
4778,7630
4764,7240
4762,3822
4507,5808
4315,3960
4107,4330
4011,3742
3827,3708
3747,3578
3643,3449
3587,3287
3579,3247
3415,3299
3319,3714
3231,3335
3175,2693
3091,2671
5641,2736
5545,2781
5469,2792
5433,2739
5389,2758
5203,6149
4963,6009
4867,4033
4731,4127
4611,3619
4563,3578
4447,5951
4327,4722
4287,3454
4211,5918
4179,4114
4131,4990
4057,3973
3977,3453
3889,5800
4676,4283
4592,3085
4552,5949
4492,4307
4430,4910
4382,3426
4338,3965
4314,4119
4276,3271
4252,6258
4230,3857
4218,2808
4047,2492
3855,2499
3823,2622
3647,3604
3567,3770
3399,6362
3335,4685
3247,2860
3199,2636
3075,3209
3043,5193
2963,4704
2875,3342
2835,5400
2767,3413
2719,5059
6404,2542
