1192,2823
1156,2765
2650,3655
2614,8821
2590,6299
2568,3636
2488,3128
2296,2866
2120,3042
1992,2783
1928,2851
1840,3443
1768,3198
1672,3101
1584,3194
1536,3695
1496,2722
1456,2877
1440,3448
1356,2460
1244,2011
1204,1651
1156,1474
1425,1749
1417,6621
1377,4714
1361,2432
1357,1802
1309,1464
1293,1455
1261,1399
1253,1368
1221,1534
1213,1643
1213,1947
1197,2180
1193,2702
1165,6029
1157,5405
1141,6573
1141,4024
1137,3451
1121,5548
1117,5540
1117,2977
1109,3004
1107,3360
1107,3375
2425,4300
2329,3961
2201,3722
2169,2739
2105,3134
2025,3151
1945,2476
1929,2498
1865,2994
1841,2362
1769,2239
1737,2959
1673,2299
1625,2084
1585,2178
1577,1716
1521,1194
1497,1263
1465,4872
1457,3451
1445,3966
1762,4238
1730,3594
1650,2677
1586,5390
1570,3418
1530,2662
1474,2432
1458,2910
1426,2438
1386,4963
1378,3948
1362,1363
1358,929
1310,2717
1294,2704
1254,2696
1222,1477
1214,2627
1198,1879
1194,1827
1166,1880
1158,1789
1142,2434
1138,2671
1122,2388
1118,2413
1110,2386
1108,2348
1032,2198
1032,3023
1000,1198
936,1126
920,1123
856,1876
840,1905
840,1889
808,1825
800,1795
744,1659
728,1658
728,1649
696,1612
688,1568
656,1500
656,1510
648,1697
632,1476
632,1447
628,1488
580,1344
580,1340
564,1353
532,1276
532,1250
524,1243
492,1183
492,1177
484,1162
484,1186
468,1139
1664,1239
1660,1598
1600,1135
1584,1199
1544,1755
1536,1383
1492,1506
1484,1355
1464,1232
1460,1523
1424,1364
2942,1522
2906,1715
2894,2246
2864,3823
2844,3734
2826,3775
2816,3721
2718,3656
2558,3458
2526,3426
2382,4546
2318,3241
2182,2372
2134,2429
2062,2280
2022,4136
1934,3779
1902,3880
1838,3760
1782,2578
2183,2838
2107,2886
2091,2694
2051,2719
2015,2577
1991,3518
1987,3568
1891,3394
1795,3249
1779,2304
1691,3148
1659,3072
1651,3104
1567,3017
1535,2957
1527,2967
1491,2964
1467,2777
1463,2011
1407,1949
1391,1937
1359,1877
1351,1908
1307,2994
1291,1829
1287,1793
1253,1766
1245,1771
1229,2161
1225,2198
1207,2140
1203,2156
1195,2132
1193,2170
1107,2012
1075,1972
1075,1966
1011,1812
995,1801
923,1712
907,1684
875,1626
867,1615
867,1624
799,1519
783,1513
751,1440
743,1447
743,1517
707,1470
699,1359
683,1347
683,1405
679,1330
623,1210
623,1179
607,1171
575,1163
575,1143
567,1375
531,857
1823,1125
1783,1430
1731,1111
1723,1345
1703,1340
1699,4601
1633,4473
1617,4566
1569,3215
1525,4322
3123,5869
3087,3730
3067,2664
3005,2573
2973,2552
2937,2550
2921,2512
2887,2469
2871,2465
2857,2428
2847,2362
2743,2365
2583,2905
2439,2498
2359,4870
2343,4977
2207,5300
2143,3958
2071,1465
2047,4034
1955,3699
2340,2939
2324,4053
2236,3929
2204,2786
2128,2079
2112,2004
2072,2004
2036,1904
2012,1856
2008,2228
1874,2122
1810,2045
1794,2966
1706,2937
1674,3067
1666,2871
1582,2824
1550,2838
1542,2519
1506,2782
1498,2796
1478,2628
1420,2645
1404,2609
1372,2554
1364,2297
1328,2515
1320,2532
1304,2144
1300,2515
1258,2391
1242,2070
1238,2275
1220,2315
1216,1995
1216,3641
1208,3545
1206,3377
1116,3321
1084,3187
1020,2699
1004,2994
932,3106
916,1880
916,1773
884,1821
876,1922
808,2172
792,2483
792,2493
760,2287
752,2540
716,2256
716,2028
708,1449
692,1398
688,1411
688,1432
630,1259
614,1276
614,1314
1986,1140
1930,1452
1922,1153
1846,1439
1790,1450
1782,1494
1738,1355
1730,6277
1710,6293
1706,6460
3342,4954
3270,2850
3230,7880
3170,5354
3130,3134
3094,3194
3074,3321
3028,3321
2984,7509
2952,6627
2932,3128
2902,2484
2882,2457
2864,6837
2854,5971
2747,2760
2587,1943
2555,1970
2411,4741
2347,5040
2219,3385
2700,2680
2612,4992
2596,3320
2556,2047
2408,4690
2344,4302
2256,2300
2240,4457
2200,4186
2132,2716
2084,4006
2076,2843
2040,2010
2016,1986
2012,2129
1878,3511
1814,3513
1798,3499
1726,1784
1678,1743
1670,3274
1602,3062
1554,2988
1546,2377
1510,2856
1502,2016
1486,2249
1424,2013
1408,2697
1376,2810
1368,2709
1332,1852
1324,2917
1308,2617
1304,2696
1262,2655
1246,2566
1242,1776
1224,1901
1220,1734
1212,1676
1210,1722
1146,1702
1119,1581
1087,1562
1023,1826
1007,1444
935,1413
919,1469
887,1437
879,1402
879,1353
811,1252
795,1249
763,1227
755,1211
755,1325
719,1146
711,1217
695,1196
695,1213
2319,1341
2205,1586
2093,1343
2077,1825
1989,1859
1933,1641
1925,1878
1849,1440
1793,1500
1785,2019
3579,2347
3547,2876
3499,2934
3425,2852
3345,2934
3257,2921
3225,6695
3157,6041
3125,2921
3077,2137
3031,6009
2991,4303
2955,2591
2935,2537
2905,5662
2885,6027
2867,2515
2857,2287
2750,2134
2590,1971
2446,1996
3015,2068
2935,5392
2767,5280
2687,3156
2615,2136
2567,2190
2443,1990
2411,1983
2331,2063
2243,1904
2211,1924
2135,1970
2119,1774
2079,2047
2043,2107
2019,1954
2015,3980
1913,3890
1817,3445
1801,2425
1729,2613
1681,2341
1673,2322
1605,2426
1557,2177
1549,2198
1513,2402
1505,2171
1485,2158
1427,2248
1411,2014
1379,2003
1371,2169
1335,1960
1327,1975
1311,2122
1307,1918
1273,1867
1249,2038
1245,1880
1227,1793
1227,2021
1223,1839
1215,1765
1213,2018
1122,1683
1090,2274
1026,2433
1010,2317
938,2043
922,2283
890,2022
890,1989
882,2187
814,1888
798,1847
766,2116
766,1770
758,1736
722,1909
714,1695
2398,1622
2346,1643
2326,3084
2208,2080
2176,1772
2096,1891
1992,2175
1976,1868
1936,2238
1852,2268
3770,4060
3682,4017
3650,3977
3558,3898
3522,7080
3502,4510
3396,4346
3332,5026
3260,3370
3228,2925
3136,2467
3100,2761
3080,2436
3034,7803
2994,4783
2958,2847
2938,2608
2908,3138
2888,2501
2870,2346
3589,3312
3418,2553
3226,2368
3050,2810
2954,2255
2938,2602
2770,2700
2690,2358
2602,2342
2570,6143
2446,5152
2350,2502
2334,2174
2246,2596
2214,2021
2138,2032
2122,2303
2082,4644
2046,5091
2022,2648
2018,1449
1884,992
1820,1181
1804,1539
1716,1538
1684,1691
1676,1854
1592,1931
1560,1914
1552,3473
1516,2999
1492,2919
1488,2927
1430,2744
1414,2779
1382,2730
1374,2739
1330,2658
1314,2642
1310,2651
1276,2552
1268,2516
1252,2506
1248,2509
1230,2482
1226,2564
1218,2438
1216,2396
1125,2260
1093,2221
1029,2338
1029,1210
1013,903
941,795
925,1530
893,2243
885,2499
817,2803
817,2842
801,2801
769,2732
761,2696
2541,3891
2449,3489
2409,3533
2357,3429
2349,4407
2325,4066
2211,3625
2179,4127
2083,4113
4105,4687
4041,4665
3945,4408
3821,4388
3757,4343
3679,12498
3601,8212
3561,5340
3517,4004
3501,3886
3399,3669
3279,3824
3239,3671
3179,3511
3139,3526
3103,3544
3083,10532
3037,8908
2997,5086
2961,3925
2941,3755
3650,3662
3626,3703
3604,3745
3592,3689
3421,3541
3229,3496
3053,3327
3021,3475
2941,3330
2773,3144
2693,8535
2621,7635
2573,4204
2449,3065
2353,7528
2337,7046
2249,3543
2217,3060
2141,6904
2093,6520
2085,3880
2041,3125
2025,3118
1919,3060
1887,6076
4029,8153
3877,4880
3781,3063
3693,2676
3609,2553
3513,2478
3425,2599
3373,7054
3325,6883
3293,3940
3215,2785
3135,2664
3055,2672
3023,6357
2963,6127
2931,3388
2887,6065
2845,3642
2805,2765
2773,5709
2753,5741
3466,3397
3442,2913
3422,2767
3410,6021
3251,5843
3059,2916
2899,5350
2803,3653
2667,2348
2571,2299
2491,2253
2475,2188
2435,2492
2295,2420
2231,2317
2151,4191
3442,4313
3426,4328
3310,4452
3254,5515
3190,4629
3146,5011
3138,14476
2944,8783
2832,6014
4958,6435
4750,5134
4646,11456
4514,6849
4418,5183
4314,5110
4218,4886
4170,4828
4118,4338
4098,4400
3924,5199
3836,15488
3780,6713
3708,5433
3668,5050
3608,3848
3558,4237
3510,4633
3466,3779
3442,4674
3410,4325
4117,4108
4091,5582
4079,4238
3830,3932
3638,3653
3430,13336
3350,6268
3190,4830
3078,3426
2974,3423
2918,3771
2786,3651
2754,3225
2658,2981
2554,3480
2514,3174
2434,2805
2378,2968
2370,3128
2318,2990
2298,3203
2184,7787
2152,8017
2056,4307
1968,5053
4014,9153
3918,4802
3798,3214
3678,2595
3638,2832
3562,2596
3530,2390
3482,7845
3412,7109
3316,3487
3244,2969
3212,2640
3120,2614
3084,2573
3064,2814
3020,7086
2972,7003
2936,3694
2920,2743
2886,2694
2870,2954
3583,2764
3573,7245
3344,6456
3184,3063
3008,2232
2928,2485
2760,2069
2696,5839
2608,5582
2560,3001
2440,5380
2408,3118
2328,2242
2240,2168
2208,2405
2132,2048
3351,4353
3335,4473
3267,4319
3239,4789
3097,4307
3033,4976
2889,13624
2785,7252
2753,5593
4695,5170
4555,5034
4475,5158
4355,4905
4271,4747
4231,5059
4171,4719
4087,4483
3991,4763
3887,4498
3847,4323
3771,4170
3695,4263
3671,12478
3617,8426
3569,9297
3525,6335
3497,4665
3459,4087
3439,4117
4148,4136
4136,4335
3883,4191
3691,3879
3515,12099
3403,6007
3235,4444
3123,3520
3019,3798
3003,3667
2955,3568
2791,3598
2695,3405
2607,3421
2551,3146
2543,9163
2451,8072
2403,4526
2359,3429
2331,3432
2327,3661
2183,3456
2103,3272
2087,3212
1983,3269
1943,3295
3857,3970
3777,4064
3689,3886
3657,3850
3565,3602
3521,3725
3505,3202
3403,3138
3283,3056
3243,3021
3167,2948
3135,2925
3099,2893
3083,3140
3001,2963
2965,3001
2945,2972
2915,2924
2895,2905
2877,2851
3596,3076
3427,2923
3235,2844
3059,2670
2963,2675
2811,2850
2779,2806
2699,2762
2611,2681
2571,2568
2455,2599
2359,2447
2271,4768
2255,5800
2215,5207
2131,2764
2099,2415
3298,4467
3282,4305
3246,4160
3108,5157
2932,3998
2900,4236
2764,4656
2708,4597
2692,4562
4502,5240
4398,4809
4358,4873
4250,4800
4206,4348
4178,4480
4064,4385
3912,13066
3864,7635
3780,5573
3740,4028
3696,4278
3626,12131
3578,6850
3534,4847
3510,3793
3476,11561
3452,6394
3430,4650
3418,3601
3955,3934
3731,3814
3523,10954
3411,6745
3243,4492
3131,3384
3027,3481
3011,3465
2963,3384
2799,3288
2703,3204
2615,3315
2559,3497
2551,8404
2459,7984
2411,4319
2367,3410
2339,3344
2335,3331
2189,7347
2109,7159
2005,3827
1989,2896
1949,6708
1865,6463
3783,4768
3695,3535
3611,3409
3571,3338
3527,3315
3511,3263
3409,3212
3289,3122
3249,3049
3173,3018
3141,3018
3105,2945
3089,2870
3031,3162
2971,3104
2951,3080
2921,3712
2901,6116
2883,8978
2873,5772
2766,5199
3239,3440
3063,2802
2967,2704
2951,2936
2783,8050
2703,6073
2615,4674
2583,2887
2459,2751
2363,2870
2275,7141
2259,6627
2219,3260
2151,2492
2103,2391
2095,1959
2051,2436
3258,4194
3112,4463
3048,4114
2904,4962
2800,4025
2712,4948
2696,4922
2604,4663
4418,5392
4370,5154
4286,4881
4246,4994
4186,4759
4100,4540
3988,4735
3900,4640
3860,4417
3752,4328
3708,4473
3684,4274
3630,4187
3574,4387
3530,15093
3510,7731
3472,5489
3452,5652
3430,5316
3420,4040
3229,6017
3702,5309
3494,3811
3398,3934
3246,3625
3134,3441
3030,3286
2974,3449
2834,3565
2802,3463
2706,4239
2602,3235
2562,10611
2478,7550
2462,4979
2414,3499
2370,2975
2342,11171
2338,6797
2192,3769
2112,3550
2008,2681
1992,2722
1944,7076
1868,6787
1852,6522
3674,4806
3614,8478
3566,4983
3530,3611
3444,3045
3364,3036
3276,2978
3244,2940
3176,2910
3130,7573
3096,6929
3050,3552
3010,7264
2974,4551
2954,2939
2924,2651
2904,7085
2886,6433
2876,3290
2769,2488
2609,6233
3066,6577
2970,4034
2818,2989
2722,7750
2706,4577
2618,2842
2578,3081
2430,2428
2366,2491
2278,2122
2230,2390
2222,2489
2138,2516
2106,2481
2062,2480
2054,2150
2034,2038
3115,4320
2939,3944
2907,3937
2771,4486
2715,5259
2699,5031
2575,4770
2519,4164
4365,5291
4257,5172
4213,4820
4185,5140
4071,5011
3991,4514
3871,4796
3803,4630
3755,4331
3703,4293
3683,4573
3617,4704
3577,4303
3533,4566
3513,4411
3475,4251
3455,4090
3433,4322
3423,4366
3232,3800
3072,4196
3497,3898
3401,3816
3217,3717
3137,3635
3033,3669
2977,3834
2837,3644
2805,3637
2709,3767
2621,3708
2565,3636
2481,3798
2465,3743
2417,3708
2373,3646
2345,3616
2341,3581
2195,3443
2115,3360
2011,3270
1995,3519
1955,3458
1871,3381
1855,3648
1815,3577
3617,8710
3577,6938
3533,4002
3517,3232
3367,3120
3295,3064
3255,3363
3179,3038
3147,8110
3111,7006
3095,4102
3037,2849
2977,3072
2957,2791
2927,2723
2907,2961
2889,7383
2879,6960
2772,3817
2612,4690
2468,3596
3037,3580
2957,3503
2789,3042
2709,6594
2637,5825
2589,2796
2465,2197
2433,2160
2353,2360
2265,2065
2233,2202
2157,2560
2141,2281
2101,2567
2065,2895
2041,2474
2037,2462
3118,4678
2942,4173
2910,4446
2774,4819
2718,4853
2702,4757
2578,4710
2522,13077
4368,7946
4292,5781
4216,4644
4192,4898
4106,4763
3994,4388
3906,4647
3866,4585
3758,4514
3714,4208
3690,4362
3636,4331
3588,4045
3536,4301
3516,4116
3478,3901
3458,4202
3436,4156
3426,3806
3235,3666
3740,4027
3532,3852
3420,3691
3252,3788
3140,3625
3036,3377
3020,3646
2972,3650
2808,10201
2728,9012
2624,4963
2568,3474
2560,3306
2468,3461
2428,3102
2376,3184
2368,3432
2344,8746
2230,8217
2118,4390
2102,2985
2014,2961
1958,3133
1950,7697
1874,6364
1818,3766
3680,3831
3604,3668
3572,9222
3524,5735
3450,3489
3354,3134
3282,3060
3250,2750
3182,3074
3122,2834
3102,2536
3056,2521
3016,3168
2980,2596
2960,2793
2930,3217
2910,2760
2892,2785
2882,7802
2775,6791
3248,3911
3072,2762
2976,2398
2824,2368
2792,2615
2712,2213
2624,2202
2584,2557
2468,2434
2372,2477
2284,2582
2268,2312
2228,2248
2160,2997
2112,2382
2104,2353
2060,2550
2044,2289
3121,4378
3057,4712
2913,4242
2809,4530
2777,4633
2705,4599
2613,4292
4499,5537
4379,5085
4311,5066
4255,5215
4211,4942
4191,4601
4013,5022
3925,6359
3877,13787
3793,6946
3753,5172
3709,3966
3689,4509
3623,4424
3547,3937
3523,4071
3489,3981
3465,3822
3443,3983
3431,3895
3302,3651
3903,4004
3711,3814
3503,3548
3407,3501
3223,3530
3143,3327
3039,3322
2983,3321
2843,3255
2811,3373
2715,3430
2627,3244
2571,3750
2487,3202
2471,3080
2423,3025
2379,3086
2351,3071
2347,3305
2233,3261
2121,2964
2105,3038
2001,3216
1961,2802
1953,3108
3795,3973
3723,3780
3675,3678
3607,3802
3547,3931
3527,3542
3453,3568
3357,3531
3285,3324
3253,3492
3185,3361
3125,3191
3105,7604
3059,6350
3019,3519
2983,5353
2963,5263
2933,4039
2913,3171
2895,2999
2885,2951
3443,3205
3251,2963
3219,2913
3043,2992
2963,2793
2795,2661
2715,3893
2643,2524
2595,2493
2471,2610
2439,5951
2359,5772
2287,3352
2239,4018
2231,4708
2147,5344
2115,3805
2071,2881
3298,4780
3262,6157
3124,4761
2948,4038
2916,4902
2812,4590
2724,4426
4714,5365
4582,5418
4430,5218
4374,4752
4298,5044
4222,4937
4198,4584
4080,4844
4000,4706
3912,4531
3812,4385
3764,4544
3720,4294
3692,4159
3626,4609
3586,4093
3542,4021
3522,3992
3484,3971
3464,4203
3442,3909
4161,4082
3906,13426
3714,7199
3506,5335
3410,3666
3226,3565
3130,3473
3026,3370
2986,3364
2846,3271
2734,3247
2718,3394
2614,3521
2566,3968
2490,3709
2434,3520
2426,3842
2374,3785
2350,3439
2236,9463
2124,7415
2108,3945
2020,3006
1964,3219
1956,2916
3798,3457
3726,3708
3678,3472
3586,3302
3550,3609
3526,3514
3424,3183
3360,5086
3264,3566
3204,2480
3164,2389
3120,2690
3104,2457
3046,2493
3014,7759
2978,7739
2962,4409
2928,3042
2912,7560
2894,4539
2886,3279
3382,3100
3222,3037
3046,3163
2966,2895
2798,2811
2734,3166
2646,6677
2598,6632
2474,3621
2442,2462
2362,2520
2290,2756
2242,2405
2166,2321
2150,2614
2110,2303
2074,2479
2050,2763
3265,4460
3063,4286
2951,4679
2919,4910
2783,5025
2727,13821
2711,7424
4521,6503
4417,5145
4377,5307
4269,5230
4225,5092
4197,15214
4083,7548
4003,5485
3883,4429
3815,4679
3767,13743
3723,7077
3695,5573
3629,4392
3589,12496
3545,6471
3525,4993
3487,4267
3467,4425
3445,12753
3435,6904
3909,5366
3717,4328
3509,11300
3429,6337
3261,4326
3149,3731
3045,3953
3029,3902
2981,3580
2817,3749
2737,3687
2633,3196
2577,9678
2569,8152
2477,4409
2437,3866
2385,3692
2377,3499
2353,3417
2239,3491
2127,8525
2111,7090
2023,4213
1967,3363
1959,3329
3849,4220
3729,3767
3689,4026
3613,9539
3581,5941
3533,3598
3459,3207
3379,8747
3291,5467
3259,3533
3191,2775
3131,8259
3111,5918
3065,3300
3025,8069
2989,5099
2969,3173
2939,2808
2919,3066
2901,2782
3620,2943
3449,3103
3257,2697
3081,2594
2985,2842
2969,2563
2801,2451
2721,2830
2633,2544
2601,2526
2477,2708
2381,2313
2365,2362
2277,2605
2245,2374
2169,2352
2153,2621
2113,2247
2077,2246
3276,4631
3268,4444
3066,4199
2954,4607
2818,4391
2786,4389
2730,4649
4620,5085
4524,5413
4420,4928
4380,4972
4272,4361
4228,4733
4200,4476
4086,4172
4006,4491
3886,7700
3818,4036
3770,4529
3726,4301
3698,4105
3632,4086
3592,4107
3548,3774
3528,4140
3490,4187
3470,3687
4179,3744
4167,4172
3912,3840
3720,3495
3544,3814
3432,11828
3264,6843
3152,4822
3136,3832
3032,3231
2984,3211
2820,3361
2740,3148
2636,3162
2620,3257
2572,9366
2480,7769
2440,4474
2388,3192
2380,8347
2360,5054
2242,3420
2210,3361
2114,3314
2026,3297
4027,3924
3976,3859
3852,3880
3788,3597
3692,8796
3632,5262
3584,5764
3548,2691
3462,15580
3382,6523
3310,4793
3262,2591
3194,4005
3162,3990
3126,14539
3068,5632
3028,4072
2992,4983
2972,12279
2942,5768
2922,4141
3635,3837
3623,3919
3452,14586
3260,5775
3084,4443
2988,8059
2972,4725
2804,1976
2724,6454
2636,3840
2604,2741
2480,3034
2384,2568
2368,2673
2280,2870
2248,2534
2172,5426
2124,5346
2116,3338
3307,4315
3279,4443
3271,4114
3069,4656
2957,4184
2821,4602
4851,4983
4763,4766
4623,5224
4527,5135
4423,4665
4323,4730
4275,4660
4223,4303
4203,4555
4089,4638
3937,4252
3889,4302
3821,4737
3765,4295
3721,4542
3701,14865
3635,6464
3559,5859
3535,4592
3501,4483
3477,3865
4186,4488
4172,4349
3979,4034
3755,4222
3547,12352
3435,6893
3267,5062
3155,3203
3139,3290
3035,3694
2987,3364
2823,10560
2743,6889
2639,4104
2583,3173
2575,3451
2483,3068
2435,3019
2391,3326
2363,2947
2359,9193
2213,8034
2133,4129
2029,2932
2013,3211
3979,3490
3887,3399
3791,3737
3695,3326
3635,3252
3587,3652
3539,9461
3465,7032
3369,4236
3297,3139
3213,2503
3173,2500
3137,2776
3113,8574
3055,7366
3023,7294
2987,4888
2971,3004
2937,5288
2907,4118
2897,3222
3455,3445
3263,3379
3087,3176
3055,3198
2975,3194
2807,2901
2727,2890
2639,2923
2599,2716
2483,2642
2387,2634
2299,2538
2251,3724
2243,2697
2159,2427
2127,2385
2083,2302
2059,2417
2055,2258
3072,4082
2960,3743
2824,3648
2792,3860
2736,4496
2628,4211
4514,4857
4394,4525
4326,4607
4270,15007
4210,6948
4124,5376
4012,4269
3924,4105
3884,4068
3776,4173
3732,3906
3708,3930
3638,3899
3598,3835
3554,3705
3534,12336
3496,7461
3476,6097
3454,4199
3444,4186
3253,3534
3726,3996
3518,4132
3422,3881
3238,3968
3142,3844
3038,3698
2990,3690
2858,4035
2746,3462
2642,3266
2626,3663
2578,3322
2486,2930
2446,3155
2394,2766
2386,2648
2362,2831
2248,2852
2136,2920
2120,7796
2016,7596
1976,4054
1968,3190
1876,2959
1836,2955
3690,3854
3598,3491
3562,3508
3542,3646
3436,3411
3372,8570
3276,5264
3216,3189
3176,2634
3140,2772
3116,7895
3058,6913
3026,3819
2990,2730
2974,2762
2940,7477
2924,6194
2906,3155
2898,5339
2729,3904
2601,3254
3058,3398
2978,3279
2810,3287
2746,3129
2658,3077
2610,2983
2602,3029
2454,2855
2374,2798
2302,2784
2254,2715
2178,2694
2162,2506
2122,2439
2086,2643
2062,2374
2058,2496
1924,2521
1860,2235
2931,4311
2795,3989
2739,3600
2631,3639
2599,3982
2543,4069
4329,4909
4281,4948
4229,4633
4209,4504
4095,4921
3943,4536
3895,4119
3811,4363
3771,4554
3727,3994
3707,4122
3641,4237
3565,3912
3541,13064
3507,7063
3483,5186
3461,3852
3449,4186
3320,3832
3128,3658
3553,4003
3441,3816
3425,3584
3241,3406
3145,3438
3041,3290
2993,3231
2861,3324
2749,3339
2645,3204
2629,9481
2581,8500
2505,4680
2449,3323
2397,3347
2389,3042
2365,2967
2251,3056
2139,3502
2123,2888
2035,2871
1979,2971
1971,2769
1895,3396
1839,5077
1831,4231
3625,5417
3565,6267
3545,5107
3439,3937
3375,4700
3279,3603
3219,3844
3179,5003
3135,4237
3119,3541
3061,4171
3029,3377
2993,3379
2977,3682
2931,4042
2913,3345
2903,3222
2796,7233
2636,7052
2604,4821
3061,2934
2981,2952
2813,2917
2733,4361
2645,3621
2613,4012
2489,3639
2393,3298
2305,3331
2289,3679
2249,3221
2181,3188
2133,2879
2089,3134
2081,3100
2061,5841
1959,5865
1863,2898
1847,2716
1759,2588
2742,4174
2726,3652
2602,4516
2546,4192
2530,4631
2462,4535
4240,4753
4212,4924
4098,5058
4018,4586
3898,4808
3830,6321
3774,5548
3730,4370
3710,4357
3644,4241
3604,4666
3544,4677
3510,12980
3486,6944
3464,5192
3452,3697
3323,3936
3131,3543
2955,3682
2859,11101
3428,7439
3244,5949
3148,4099
3044,3463
2996,3187
2864,3235
2752,9951
2648,6758
2632,4236
2584,3308
2492,8995
2452,5555
2400,3755
2392,3290
2368,3225
2254,3251
2142,3040
2126,2963
2022,2895
1982,2788
1898,2697
1882,7193
1842,6944
1790,3857
1782,3326
3560,4211
3544,3992
3394,3995
3322,3713
3282,3669
3206,3857
3174,3673
3138,3549
3080,3593
3040,3854
3004,3758
2984,7465
2954,7132
2934,2986
2916,2814
2906,2315
2799,2050
2639,2577
2495,2020
2415,1822
2399,2433
2816,2278
2736,2423
2648,2888
2616,2494
2492,2437
2396,2516
2380,2389
2292,2303
2252,2209
2184,2499
2136,2091
2128,2082
2084,2393
2068,2087
1962,2194
1930,2579
1866,2135
1778,2002
1762,2330
1722,1949
2637,4066
2605,3548
2533,3823
2481,4242
2465,4495
4235,9648
4215,5921
4037,8563
3949,5550
3901,4502
3817,4922
3777,4615
3733,4156
3713,4807
3615,12711
3571,7575
3547,5691
3513,4363
3489,4265
3467,4129
3455,4614
3326,4316
3134,3804
3102,4299
2926,4004
2846,3597
3247,11032
3151,7292
3063,4752
3007,3239
2867,3764
2835,3466
2739,9497
2635,6090
2595,3860
2511,3229
2495,9001
2447,5362
2403,3509
2375,3452
2371,3331
2225,2926
2145,2900
2041,3095
2025,2745
1985,3168
1901,2973
1885,2613
1845,3128
1837,2631
1785,2652
3571,3823
3551,3699
3445,3368
3381,3718
3309,3161
3225,3191
3185,3507
3149,3379
3129,3135
3083,3461
3043,3055
3007,2986
2987,3329
2957,7386
2937,7007
2919,3876
2909,2762
2907,7331
2738,5219
2610,2807
2466,2486
2987,2934
2851,2498
2755,2457
2667,2760
2651,2392
2611,2342
2495,2660
2399,2206
2383,2149
2295,2708
2263,2538
2187,2449
2171,2826
2131,2409
2095,2413
2071,5373
2067,5152
1965,3242
1869,2711
1853,2297
2836,4846
2748,3668
2732,4104
2640,5029
2608,4819
4406,5053
4338,5470
4282,5479
4238,5059
4218,5231
4040,4820
3952,4305
3904,4884
3836,4664
3780,4196
3736,4667
3716,4526
3650,4454
3610,4199
3566,4481
3546,4064
3508,4102
3488,4330
3466,4228
3456,3987
3265,4187
3738,3940
3562,3812
3450,4059
3282,3849
3170,3515
3154,3885
3050,3690
3002,3346
2870,3682
2758,3469
2654,3106
2638,3504
2590,3328
2514,3061
2458,3323
2450,3230
2398,2872
2378,2957
2374,3273
2228,2838
2148,2789
2044,2992
2028,2802
1988,2892
1904,3087
3822,3416
3734,9390
3702,7894
3610,4259
3574,6227
3554,3870
3448,2890
3384,2949
3312,3283
3280,2767
3188,2828
3152,3186
3132,2678
3086,2715
3046,3157
3010,2583
2990,2690
2960,2965
2940,2517
2922,2603
3641,8080
3470,6786
3278,5410
3246,3320
3070,5153
2990,3973
2822,3511
2758,3059
2670,3051
2622,3350
2614,2947
2466,2865
2386,3222
2314,2897
2266,2719
2258,3027
2174,2917
2142,2582
2098,2662
2090,2844
2074,2519
3151,4911
3087,4251
2943,4788
2839,4305
2807,5090
4749,5675
4609,5243
4529,5684
4409,5469
4341,5095
4285,5321
4241,5492
4221,5150
4043,5377
3955,4577
3907,14207
3823,7676
3783,5861
3739,4431
3719,4699
3653,4886
3577,5165
3553,4746
3519,4618
3495,4771
4204,13490
4190,7194
4188,5751
3933,4511
3741,4191
3533,4541
3437,4148
3253,3995
3173,4496
3069,4181
3013,3878
2873,4118
2841,10471
2745,8025
2657,5149
2601,3401
2517,3241
2501,4137
2453,3950
2409,3158
2391,3829
2377,3340
2263,3154
2151,3215
2135,2890
2047,2758
4037,3743
3989,3300
3873,3231
3753,3515
3713,3083
3637,5552
3605,3476
3557,2846
3483,2792
3403,3162
3315,2654
3283,8861
3215,7014
3183,3814
3135,2863
3089,2981
3049,2519
3013,2528
2993,2934
2963,2529
3678,2608
3656,9009
3644,7457
3473,4291
3281,3171
3249,2590
3073,2421
2993,2813
2825,2341
2761,2300
2673,2690
2625,2363
2501,2173
2469,2620
2389,2160
2317,2132
2269,2633
2261,2388
2177,2281
2143,5999
2101,5685
3328,5333
3292,4562
3154,4529
2978,5080
5104,5894
4952,5916
4800,6349
4744,5658
4612,5901
4460,5785
4412,5247
4328,5738
4288,5623
4228,5063
4142,5242
4046,5161
3942,4840
3902,5295
3826,5375
3750,4631
3726,14573
3672,7514
3624,5816
3580,4686
3556,4739
4261,4418
4233,4743
4207,5153
4193,4633
4000,4593
3776,4610
3568,4132
3536,4554
3440,4925
3256,3821
3160,4203
3072,4632
3016,3605
2876,4062
2844,4280
2748,3668
2644,4166
2604,4059
2520,3381
2504,3828
2456,3256
2412,3236
2384,3531
2380,3862
2234,3144
4360,4045
4296,4193
4112,3319
4024,3927
3992,3894
3828,3287
3740,3716
3708,3161
3616,3091
3580,3715
3560,3617
3454,2924
3390,3501
3318,3010
3234,2836
3194,10116
3158,6219
3138,3767
3092,3677
3044,3133
3008,2874
3739,3685
3697,4146
3677,3225
3655,3757
3645,3175
3412,2816
3284,3573
3108,2808
3012,2733
2860,3394
2764,2715
2748,2572
2660,3298
2620,7987
2472,6207
2408,3843
2320,2901
2304,2752
2264,3088
2180,3005
2148,2581
3347,5200
3331,4977
3295,4780
3157,5500
5363,5253
5123,5345
4955,5757
4803,5728
4755,5175
4615,5443
4463,5333
4415,5026
4331,5328
4291,5234
4231,4833
4145,5333
4049,5027
3945,4574
3905,4865
3829,4930
3753,4286
3729,4526
3675,4663
3627,4243
3583,4630
4306,4753
4264,4096
4236,4791
4210,4577
4196,4269
4003,4529
3779,4168
3571,3795
3459,4427
3291,4466
3259,3601
3163,3604
3059,3728
3011,4314
2879,4320
2767,4629
2663,4917
2647,4547
2599,5143
2523,5612
2467,4371
2459,4380
2407,4290
2387,10948
2269,6662
4507,7146
4315,3889
4195,3580
4099,3446
4003,3441
3911,3479
3815,3756
3743,3699
3659,4107
3619,4809
3575,3846
3559,3741
3409,5380
3337,5818
3297,14068
3221,3910
3189,4791
3153,4344
3137,3432
3079,9456
3047,5558
3762,4632
3742,3299
3700,2670
3680,10940
3658,7503
3648,4375
3415,2451
3255,7563
3079,3796
2999,8479
2863,4207
2767,6902
2679,3528
2631,4013
2623,3116
2475,2553
2411,2525
2323,2625
2275,2523
2267,2844
2183,2537
3418,6993
3350,4751
3334,4821
3298,6037
5590,6033
5366,8034
5126,8224
4958,5485
4878,5884
4758,7643
4618,5692
4538,5293
4418,6174
4350,5289
4294,5007
4250,5340
4148,4977
4052,4677
3964,4670
3908,4726
3832,4578
3792,4591
3748,4780
3728,4509
3630,4429
4337,4941
4309,4341
4267,4008
4239,4449
4213,4390
4199,4058
4006,4112
3942,4152
3750,3823
3542,3608
3446,3904
3262,3557
3179,3530
3078,3678
3022,3427
2882,3299
2850,3576
2754,3357
2666,3128
2610,9656
2526,8198
2510,4483
2462,3569
2418,3625
2390,3266
4824,4486
4638,4211
4398,4189
4302,3852
4118,10497
4046,5947
3998,3696
3882,3354
3762,3575
3722,3283
3646,9300
3614,7141
3566,4039
3492,3038
3412,2990
3324,2807
3292,2733
3224,2983
3192,2753
3144,2615
3865,3241
3817,3106
3773,2848
3749,3236
3711,3128
3687,2866
3665,2921
3653,3193
3482,2824
3418,2800
3258,3017
3082,2573
3002,2790
2834,3013
2770,2940
2682,2572
2634,2554
2626,2856
2478,6543
2398,6473
2326,3819
2278,2930
3601,5425
3477,5074
3421,5289
3353,5623
5799,5775
5739,6357
5529,6236
5225,6310
5113,6027
4961,5822
4809,5751
4753,5792
4621,5671
4469,5499
4421,5464
4337,5557
4297,5360
4237,5293
4151,5179
4039,4974
3951,5079
3911,5025
3835,4688
3759,4937
4518,5171
4448,4957
4392,4944
4340,5128
4312,4554
4270,4699
4242,4904
4216,4486
4202,4783
4009,4681
3785,4095
3577,4150
3465,4435
3449,12477
3265,7571
3169,5600
3065,4063
3017,3780
2885,4003
2773,4026
2669,3764
2653,3639
2605,3735
2513,3429
2473,3694
4923,3954
4875,3935
4823,3751
4545,3699
4369,3632
4305,3605
4121,3495
4033,3449
3917,3393
3821,3300
3749,3518
3665,3392
3617,4381
3581,5026
3495,4840
3415,4804
3327,4761
3295,4728
3203,4641
3167,4573
3147,4568
3852,4719
3812,4737
3768,4647
3748,4720
3706,4573
3668,4560
3656,4519
3485,4373
3293,4186
3117,4124
3021,3996
2869,3874
2773,7836
2757,7200
2669,7046
2629,4145
2481,2856
2401,2360
2329,2331
2281,2296
2205,2544
2189,2173
3408,4587
3356,4706
3312,4492
5738,6346
5404,5858
5196,5866
4996,5605
4884,5610
4796,5555
4656,5153
4544,5294
4456,5124
4356,4781
4300,5084
4256,4949
4154,4604
4058,4892
3954,4638
3914,5053
3838,4554
3762,13970
3738,6886
3684,5534
3636,4380
4343,4427
4315,4556
4269,4409
4241,4147
4215,4116
4205,4100
4012,4132
3788,3864
3580,3728
3468,3778
3300,3581
3188,3512
3172,3619
3068,3717
3020,3651
2856,3793
2776,3681
2672,3597
2656,3672
2608,3727
2516,3641
2476,9162
2424,13710
2416,4268
2392,3924
4644,16874
4516,6154
4324,4810
4172,11328
4052,4005
4012,3190
3888,12893
3768,7275
3728,5386
3652,4446
3620,4597
3572,4089
3498,2866
3418,2835
3330,3669
3298,4451
3230,16511
3170,5718
3150,5322
3104,4328
3064,4285
3779,4378
3755,13675
3717,7476
3693,5207
3671,4194
3659,4210
3488,11511
3296,5258
3120,4852
3024,2007
3008,12179
2840,5502
2760,2293
2672,6375
2640,6420
2516,6471
2420,3264
2404,2877
2316,2689
2284,2400
2208,2618
2192,2932
3411,5018
3359,4541
3315,4512
5741,6348
5407,5474
5199,6001
4999,5053
4887,5494
4799,5195
4659,5197
4547,5255
4459,4939
4359,4595
4303,4642
4259,4460
4157,4460
4061,4375
3973,13320
3917,7999
3841,5518
3801,4438
3741,4111
3687,4064
3639,4001
4346,4186
4318,4196
4276,4121
4248,4113
4222,3900
4208,13809
4015,7387
3791,5046
3583,3827
3471,3997
3303,10982
3191,6762
3175,5052
3071,4535
3023,4103
2859,3980
2779,12067
2675,5703
2619,4589
2611,3296
2519,10444
2479,6739
2427,4179
2419,3393
2395,3405
4647,4243
4407,12238
4311,10382
4175,4711
4055,4443
4007,3599
3891,3249
3771,3127
3723,3665
3655,10547
3595,6061
3575,4485
3501,2772
3405,10495
3333,4927
3301,5156
3209,9541
3173,4441
3153,3218
3107,9682
3067,4957
3782,3426
3754,10199
3712,5448
3692,5414
3670,3691
3662,9657
3491,5134
3299,3455
3123,2583
3027,2499
2875,2856
2779,2407
2763,2373
2675,2413
2635,8230
2519,7572
2423,3771
2335,3036
2319,2877
2279,2446
2211,2398
2163,3428
3414,5154
3346,5177
3318,4474
5602,6121
5378,5943
5138,5722
5002,5091
4890,5422
4770,5200
4662,5032
4550,5133
4430,14522
4362,10244
4306,8831
4262,4720
4242,4711
4064,4919
3976,4672
3928,4602
3844,4665
3804,4257
3760,4169
3740,4318
4441,4554
4393,4555
4321,4457
4279,4164
4251,4445
4225,4358
4211,4216
4209,4860
3954,4370
3762,4008
3554,3892
3458,3712
3274,3447
3194,3612
3090,3476
3034,3270
2894,3494
2862,3408
2766,3319
2678,3609
2622,3749
2538,3257
2522,3350
2474,3142
2430,3155
2402,3376
4832,4005
4650,4111
4410,3882
4314,4581
4130,3601
4058,3605
4010,3314
3846,3317
3774,3377
3726,4412
3658,3651
3598,4153
3578,5550
3472,2996
3408,3063
3336,2844
3304,2811
3212,2866
3176,2631
3156,7604
3877,6406
3829,3437
3785,2828
3757,2773
3715,2638
3695,3101
3673,2542
3665,2568
3494,2691
3302,2345
3126,2371
3030,7350
2878,6533
2846,5316
2766,4220
2678,2189
2638,2284
2522,2286
2426,2050
2338,2167
2322,2329
2282,2304
2214,2643
3433,4868
3417,4527
3357,4323
5767,6331
5605,5698
5381,7511
5205,6774
5005,5300
4893,14333
4773,7259
4665,5321
4553,7556
4465,6668
4365,4627
4317,4937
4265,6390
4245,4631
4067,5153
3979,5927
3931,4380
3847,4854
3807,5076
3763,4140
4526,4735
4444,6642
4396,4360
4344,5608
4282,14194
4254,7905
4228,4890
4224,4218
4212,14341
3957,6039
3765,4179
3557,11206
3461,5729
3277,4241
3197,12291
3093,5596
3037,4075
3029,10815
2865,5570
2769,3875
2681,3594
2625,4155
2541,3150
2525,3424
2477,10801
4919,10248
4859,4764
4835,4946
4653,2979
4413,3956
4317,3467
4133,3072
4061,3523
4013,11530
3849,4879
3777,4283
3729,4149
3661,3014
3601,3936
3581,2988
3475,3253
3411,3109
3339,2668
3255,2918
3215,2800
3179,2906
3942,3798
3864,3880
3824,3668
3780,3588
3760,3679
3718,3608
3698,3635
3676,3741
3666,3599
3433,3395
3273,3444
3097,3280
3033,3272
2881,3084
2785,3062
2697,3363
2649,4807
2641,4829
2493,4682
2413,4134
2341,2080
2293,1944
2285,2171
3492,5159
3436,4734
5870,6227
5814,6115
5754,6533
5544,6118
5240,5931
5128,5941
4912,16285
4824,7573
4768,5953
4572,5005
4484,5178
4428,5111
4352,5013
4276,4947
4252,4905
4134,4610
4054,4712
3966,4556
3866,4287
3818,4248
3774,4171
4533,4375
4463,4294
4407,13739
4347,7950
4323,5683
4277,4286
4253,4308
4227,4208
4215,4380
4024,4245
3800,4130
3592,3934
3480,3726
3312,3641
3200,3964
3184,3411
3080,3323
3032,3759
2900,10159
2788,6878
2684,4654
2668,3274
2620,3338
2544,9611
2488,5987
4990,4453
4898,3993
4854,3723
4720,3457
4528,3797
4336,3208
4184,3166
4120,10573
4024,6534
3900,4652
3836,3223
3740,2925
3680,3506
3632,3415
3596,2710
3510,8847
3430,7570
3358,3831
3310,3484
3242,2939
3210,8197
3961,5475
3883,3126
3835,2815
3791,3226
3767,2699
3729,2688
3705,3071
3683,2588
3671,2606
3500,2927
3308,2427
3132,2432
3100,7212
3020,6703
2852,3151
2772,2811
2684,6612
2652,5011
2528,3302
2432,2523
2416,2541
2328,2831
2296,2431
3527,5284
3495,4263
5933,5508
5825,5434
5773,5913
5753,6114
5419,5930
5211,5288
5011,5828
4899,5661
4811,5201
4671,5750
4559,5322
4471,15808
4371,6999
4323,5994
4271,4635
4251,5309
4073,4896
3985,14739
3937,6782
3853,5477
3813,4159
4556,14317
4532,6455
4450,5403
4402,4795
4330,4349
4288,4672
4260,14590
4234,6764
4220,5743
4027,4388
3963,4174
3771,4504
3563,4299
3467,3778
3283,3755
3187,4085
3099,3462
3043,3475
2903,4519
2871,5088
2775,4982
2671,4940
2631,4845
2547,4797
2531,4821
4993,5847
4901,5781
4857,5664
4742,4754
4563,4774
4387,4052
4219,3887
4123,10631
4027,5994
3935,3872
3839,2868
3743,3226
3683,3285
3635,3124
3599,3109
3513,3228
3433,9512
3361,7942
3313,4242
3245,3115
4008,3286
3948,3256
3886,9212
3838,5885
3794,3685
3770,8985
3732,4459
3708,3131
3686,2845
3674,2796
3503,8523
3311,6631
3135,3479
3039,2744
2887,2708
2791,2705
2703,2563
2687,2850
2647,2819
2499,6983
2435,6902
2347,4020
2299,3044
2291,3036
3498,4809
3426,6386
5860,5935
5784,5117
5756,6033
5422,5387
5214,5568
5014,5547
4918,5075
4814,15942
4674,6976
4562,5733
4474,4872
4374,11230
4318,6832
4274,4981
4172,4573
4076,4505
3972,14040
3932,7327
3856,5515
3780,3996
4539,4388
4469,4459
4413,14165
4353,6944
4329,5435
4283,3995
4259,4300
4233,4285
4221,13550
3966,6810
3774,5070
3566,3356
3470,11861
3286,6038
3190,4073
3086,3473
3046,3398
2906,3266
2794,3167
2690,3295
2674,10107
2626,8518
2534,4659
2494,9392
2442,4811
2414,3325
4844,3741
4566,3556
4390,3494
4222,3463
4126,3427
4030,3330
3938,3302
3842,10018
3746,7684
3670,4433
3638,3463
3590,3369
3484,9330
3420,6434
3324,3753
3264,8895
3216,4522
3180,3064
3164,8582
3082,5059
3797,3515
3773,3186
3735,3151
3707,3084
3685,3104
3675,8735
3442,7032
3282,3794
3106,2784
3026,2882
2858,7448
2778,7310
2690,3533
2650,3388
2534,3321
2438,3138
2350,3390
2302,3069
2233,3065
2210,3583
2170,3003
2134,2623
2110,3325
2004,2765
3123,4304
5153,4949
4985,5016
4833,5533
4777,5558
4645,5318
4493,10797
4437,6964
4329,5078
4285,5324
4257,5266
4143,5075
3991,5179
3943,14894
3859,6857
3819,5703
3775,4794
3705,4509
3657,4889
3613,4810
3589,3969
3555,4485
4262,4445
4236,4105
4224,4537
3969,4238
3777,4002
3569,4182
3473,3687
3321,3588
3209,3887
3105,10969
3049,7152
2909,5058
2877,3322
2781,3394
2677,3579
2637,3174
2553,3195
2497,3386
2489,3101
2437,3095
2417,3270
2299,2920
2267,3010
2171,3347
2083,2935
4129,4084
4033,4480
3909,4100
3845,4321
3749,4227
3673,3883
3641,4251
3593,4108
3519,3729
3439,4084
3351,3960
3319,3628
3251,3560
3219,3816
3171,3294
3125,3401
3085,4035
3049,3579
3029,3317
2999,3583
2979,3595
3692,3453
3680,3457
3509,3607
3317,3201
3141,3083
3045,3220
3029,2912
2861,2712
2781,3031
2693,3184
2661,2789
2537,2699
2441,2991
2425,2630
2337,2562
2297,2912
2229,2480
2181,2450
2173,2780
2129,2344
2113,2393
2007,2668
1975,2588
1911,2270
2878,4510
4908,4732
4820,5449
4680,4669
4568,5296
4480,5206
4380,4681
4332,4899
4280,4808
4260,4332
4082,4850
3994,4644
3946,4080
3878,4227
3822,4525
3778,4365
3758,4115
3692,4416
3652,4286
3608,4005
3588,4386
3550,4174
4265,3897
4239,3947
4227,4354
3972,4206
3780,3795
3572,4037
3476,3831
3324,3472
3212,3839
3108,3626
3052,3272
3044,3265
2880,3504
2794,3086
2696,3007
2640,3274
2632,2780
2540,2863
2500,3213
2448,2639
2440,2750
2416,3548
2302,3339
2270,2776
2174,3256
4196,3601
4076,3187
4036,3751
3912,3563
3848,2961
3752,2857
3692,3285
3644,3101
3608,2664
3522,2964
3442,2581
3370,2524
3322,2814
3254,4118
3222,4466
3186,4245
3170,3856
3112,4117
3052,3455
3032,2878
3002,2425
3717,3592
3695,2662
3683,2955
3681,2840
3448,2558
3288,9146
3112,5539
3032,3218
2864,3179
2800,2941
2712,2584
2664,2944
2540,2521
2508,2484
2428,7354
2356,5534
2308,3119
2232,3200
2216,2783
2176,2675
2140,3057
2116,2554
2112,7158
2010,5868
3017,3872
5143,5654
4927,5137
4823,5348
4783,4892
4587,5194
4483,4906
4443,4699
4335,4961
4291,4838
4263,4687
4149,4781
3997,4164
3949,4646
3865,4611
3825,4073
3781,4480
3736,4395
3663,3765
3619,4344
3595,4151
4300,3927
4272,13389
4246,7373
4232,5628
4039,4321
3815,11186
3607,5828
3495,4356
3327,3958
3215,3291
3111,3736
3055,3620
3047,3302
2883,3625
2787,3624
2683,3118
2643,3469
2559,2812
2503,9077
2495,8353
2443,4521
2423,3289
2305,3288
2273,2862
2177,2786
2089,3097
4079,3164
4039,3246
3915,3572
3795,9293
3747,5741
3679,3920
3619,2785
3599,3385
3493,3232
3429,2856
3357,2879
3273,3093
3233,2758
3197,3143
3173,2621
3115,2638
3083,3112
3047,7746
3031,7168
2997,4123
3716,2932
3694,2588
3684,3113
3451,2484
3291,2468
3115,7211
3035,7164
2899,4099
2803,2824
2715,6595
2667,4546
2659,3013
2511,6289
2447,4297
2359,2773
2311,5833
2303,4123
2219,2705
2187,2082
2143,2329
2135,1972
2119,2009
2013,1908
1981,1987
1901,2132
2884,4085
4914,4828
4826,4863
4686,4636
4574,4667
4486,5139
4446,4885
4338,4744
4294,4970
4266,4254
4152,4753
4072,4815
3984,4163
3944,4153
3836,4451
3792,3915
3768,4160
3714,4541
3666,4139
3622,4005
3598,4332
4303,4027
4275,4081
4249,4399
4245,4224
4233,3972
3978,4431
3786,3769
3578,3696
3498,3966
3330,3353
3218,3506
3202,3804
3098,3426
3058,3326
2918,3676
2806,3249
2790,3206
2702,3438
2646,3043
2638,2985
2546,3433
2506,3035
2454,3407
2446,3309
2426,2942
4738,3943
4578,3962
4402,3416
4338,11005
4154,6861
4082,4932
4042,3633
3918,3008
3854,3021
3782,3618
3698,2999
3658,2904
3622,3359
3602,2994
3528,2939
3448,3449
3376,2812
3328,2859
3260,3639
3229,2812
3200,2752
3963,3312
3901,2751
3853,2833
3809,3366
3785,2785
3747,2463
3723,3009
3701,2442
3689,3132
3518,3477
3326,2443
3150,2915
3054,2836
2902,2365
2806,2750
2718,2396
2670,2383
2546,2966
2450,2384
2362,2434
2346,2919
2306,2582
2222,2355
2190,2773
2146,2275
5799,5568
5771,5346
5405,5983
5165,5719
4997,5481
4845,5376
4789,5144
4593,5492
4489,5134
4389,4603
4333,5112
4289,5065
4187,4502
4075,4921
3987,4755
3887,4282
3831,4437
3787,4770
3717,4555
3669,4317
3617,4734
4344,4839
4298,4379
4252,4749
4238,4654
4045,4284
3821,4509
3581,4309
3485,3706
3301,3757
3205,4040
3101,3686
3053,3508
2889,3985
2793,10127
2689,7028
2649,4679
2565,3278
2509,3090
2501,3476
2449,2935
2429,3084
2311,3250
2279,2799
2183,2832
2095,3140
4141,3119
4069,3197
3953,3493
3873,2994
3785,2999
3753,3339
3685,2920
3625,2917
3605,3360
3531,2769
3451,2853
3379,3121
3339,2703
3279,2724
3239,3112
3203,2569
3183,2663
3137,2982
3097,2495
3061,2547
3041,2535
3784,3100
3742,2651
3722,2637
3700,2955
3692,2642
3521,2547
3329,2873
3297,7735
3121,7226
3057,3935
2905,5013
2873,3336
2793,3305
2721,2912
2673,2799
2665,3145
2517,2655
2453,2651
2365,2919
2349,2621
2317,2557
2241,2897
2225,5758
2193,5965
2185,3697
5846,5785
5794,5556
5774,5511
5440,5635
5264,5820
5152,5238
5000,5816
4848,5686
4800,5250
4692,5629
4580,5595
4492,4820
4452,5354
4376,5429
4300,4942
4276,5331
4190,5077
4094,4871
4006,4982
3958,4883
3890,4427
4637,5018
4585,4667
4557,4849
4487,4956
4471,4935
4423,4466
4371,4716
4347,15201
4309,7109
4281,4843
4255,4176
4241,4218
4239,4923
3984,4148
3792,3946
3616,12032
3504,6280
3336,4433
3304,3617
3208,3523
3104,3471
3064,3965
2924,3599
2892,3431
2796,3821
5418,4416
5330,3857
5214,4138
5118,3913
5022,3514
4946,3994
4886,3824
4862,3388
4584,3716
4408,3663
4240,3117
4144,3482
4072,3515
3956,2932
3860,3594
3764,10955
3704,5809
3656,4565
3620,2760
3534,2892
3438,3204
4193,2960
4153,2873
4037,3213
3993,2566
3965,2767
3891,3101
3851,9581
3807,5340
3753,3730
3729,2464
3707,2610
3695,2990
3524,2507
3332,2414
3156,2815
3060,2305
2908,2581
2812,2190
2724,2320
2676,2370
2552,2732
2456,2479
2440,2415
2352,2445
2312,2384
6101,6425
5997,6378
5897,5902
5841,6705
5781,6219
5571,6219
5235,5428
5035,5891
4939,5763
4835,5345
4695,5571
4583,5324
4463,5024
4395,5404
4339,5133
4279,5198
4193,5203
4081,4971
3993,4671
3893,5006
4640,5271
4580,4533
4556,5056
4474,4888
4382,4521
4354,4935
4312,4668
4284,4297
4258,14567
4242,6689
3987,5377
3795,3902
3587,4246
3491,3792
3307,4068
3227,3952
3123,3620
3067,3891
2927,3398
2815,3135
2711,3508
2695,3193
2647,2988
2555,3264
2515,2914
2463,2839
4889,3792
4865,3352
4587,3277
4411,3645
4243,3120
4147,3073
4051,3379
3927,2959
3807,2877
3767,3215
3691,2850
3631,2800
3607,3179
3505,2690
3385,2651
3345,3044
3269,2602
3237,2605
3201,2999
3143,2677
3862,2790
3818,3148
3794,2716
3748,2738
3728,3164
3706,2658
3696,2684
3463,2496
3303,2696
3127,2960
3047,2740
2911,2632
2815,2812
2727,6757
2679,6975
2555,3909
2523,2726
2443,3242
2355,3607
2323,3524
2247,3090
2199,3634
2191,2413
2147,2341
2131,2557
2025,2240
5414,4908
5174,4730
5006,5271
4854,4742
4806,4951
4666,4982
4514,11167
4466,6913
4382,5062
4342,4662
4282,4449
4196,4501
4084,4686
3996,4216
3896,4407
3848,4236
3804,4042
3780,4279
3710,4132
3670,3977
4377,4334
4353,5119
4307,4969
4283,4702
4257,4794
4245,4794
3990,4287
3798,4898
3590,3954
3494,3868
3310,4718
3214,3901
3126,3584
3070,4502
2930,3565
2818,3676
2802,3903
2698,3693
2650,3219
2574,3192
2518,3360
2510,3186
2458,3005
2438,3318
2320,2916
4558,12173
4366,6064
4214,4202
4094,2825
4046,3186
3930,3106
3810,2797
3762,3110
3694,2894
3634,2702
3614,2877
3508,2803
3444,2843
3348,2894
3288,2942
3248,2875
3204,3014
3188,3115
3130,2759
3098,2975
3050,3297
3759,3226
3735,3852
3713,4735
3701,3362
3530,3543
3338,4011
3162,3114
3066,3195
2914,3209
2818,2974
2802,3430
2714,3752
2674,2587
2526,7909
2462,7401
2374,3341
2326,2932
2318,2722
2234,2453
2202,2732
2158,2653
2150,6655
2130,6846
2028,3482
1932,2427
1916,2764
4945,4433
4841,5401
4801,4251
4605,4844
4501,4820
4461,4689
4353,4748
4309,4813
4281,4793
4167,4848
4015,4735
3967,4678
3883,4670
3843,4494
3799,4392
3779,4543
3681,4418
3637,4291
3613,4018
3579,4700
4290,5325
4264,14625
4250,6812
4057,5477
3833,3948
3625,3937
3513,3854
3345,3662
3233,3588
3217,3620
3113,3524
3065,3357
2901,3430
2821,3387
2717,3971
2661,3877
2653,3933
2561,3160
2521,3506
2469,3195
2451,3171
2437,3469
2323,3264
2211,3178
2195,8637
4169,10077
4081,5054
3965,3813
3885,3280
3797,3304
3713,3085
3673,3341
3629,9998
3613,7102
3463,4258
3391,3257
3343,2763
3275,2727
3243,2919
3195,2688
3149,2625
3109,8849
3073,8069
3049,4316
3015,3213
2999,2967
3712,3095
3702,8784
3469,6529
3309,3683
3133,2848
3053,2920
2885,2985
2821,2867
2733,2805
2685,3145
2561,4147
2465,4145
2449,3805
2361,4530
2321,4295
2253,3419
2205,3519
2161,3796
2153,3437
2133,3092
2031,3883
1935,3905
1919,3514
1831,2879
1799,3860
1791,2904
4608,5852
4504,4963
4404,5772
4356,4642
4304,5295
4284,5555
4106,5126
4018,4892
3962,4932
3886,5000
3810,4901
3786,4941
3732,4712
3676,4596
3632,5854
3612,4474
3574,4168
3554,4538
3532,4367
3522,3980
3996,4653
3804,4875
3596,3908
3500,3975
3316,4800
3220,3638
3116,4055
3068,3680
2904,3446
2824,3893
2720,3410
2664,3794
2580,3385
2564,3310
2516,3843
2472,3210
2444,3395
2326,3828
2294,10202
2198,8724
2110,4953
2054,3311
2046,3358
1970,3473
1914,3408
3768,4168
3676,4485
3640,4403
3616,4233
3514,3897
3394,4488
3354,4049
3278,3553
3246,3581
3198,3796
3152,3443
3112,3552
3068,3844
3052,3292
3018,3437
3002,4208
2978,3387
2871,3848
2711,3419
2567,3411
3072,3206
2920,3652
2824,2920
2808,3086
2720,3742
2680,2912
2532,2682
2452,9493
2380,5128
2332,2791
2256,2330
2240,2823
2200,2800
2164,2557
2140,3321
2136,2785
2002,2411
1938,3622
1850,2716
1834,2396
1794,2972
1726,3376
1710,3292
1670,3336
1634,3273
1626,2957
1610,2538
4205,5045
4109,4287
4005,4780
3965,5165
3889,4263
3813,4355
3789,5027
3735,4502
3687,4659
3643,4602
3619,4285
3585,4701
3561,5120
3539,4299
3527,4389
3398,4306
3206,4240
3030,4026
2934,4576
3351,4088
3319,3949
3223,4107
3119,3918
3071,4182
2939,3802
2827,3666
2723,3761
2707,3621
2659,3756
2583,3365
2527,3478
2519,3695
2467,3402
2447,3538
2329,4176
2297,3417
2201,3471
2113,3999
2097,3237
2049,3396
1973,4058
1957,3331
1909,3845
1865,3924
1857,3395
3635,4491
3549,4573
3469,3733
3397,3792
3349,4916
3281,3653
3249,3655
3213,3599
3197,4035
3115,3340
3079,3883
3059,4022
3029,3415
3009,3248
2991,4056
2981,3399
2874,3506
2714,4285
2682,3453
2538,2877
3059,3193
2891,3754
2811,2924
2739,3007
2691,3149
2567,3091
2535,3393
2455,3750
2383,3451
2335,2557
2259,2755
2243,2849
2203,2566
2167,2692
2143,2327
2139,2477
2037,2437
1941,3325
1925,2548
1853,3245
1805,3020
1797,2409
1729,2817
1681,2456
1673,3071
1637,2274
1629,2808
4294,5568
4208,6047
4112,4440
4024,4012
3968,6034
3892,4090
3852,4405
3808,5125
3788,4646
3722,5781
3682,6214
3622,4581
3588,4520
3580,4453
3560,4464
3538,4117
3528,5296
3337,4165
3177,4223
3602,3990
3522,4640
3354,3691
3242,4601
3138,3986
3122,3513
3074,4039
2942,4195
2830,3409
2726,3267
2710,4024
2662,3559
2586,3373
2530,4057
2522,3685
2478,3761
2450,3257
2446,3763
2300,3352
2220,3134
2204,3364
2100,3982
2060,3253
2052,3856
1976,3871
3822,3741
3782,3884
3722,4606
3674,3596
3638,3517
3622,4503
3472,3442
3400,3361
3360,3541
3300,4214
3260,3240
3224,3452
3204,4066
3158,3395
3118,3544
3082,3363
3062,3919
3032,3425
3012,3380
2994,3706
2984,3386
3542,3841
3478,3834
3318,3615
3142,3028
3062,3147
2926,3908
2830,2937
2742,3008
2726,3812
2686,2840
2570,2617
2474,2882
2458,3274
2370,2820
2338,2764
2262,3275
2246,3144
2206,2563
2170,3724
2162,2524
2142,2953
2040,2689
1944,2398
1928,2884
1856,2988
1840,3117
1800,2691
4713,5259
4601,4293
4481,4189
4413,4921
4357,4187
4313,5191
4211,5186
4115,4669
4011,5189
3971,4993
3863,4775
3819,4903
3795,4771
3741,4500
3685,4713
3641,4682
3621,4417
3583,4671
3563,4514
4272,4478
4260,4862
4005,4508
3813,4156
3605,3875
3509,4325
3325,4015
3229,3630
3125,4005
3077,3795
2945,3384
2833,3725
2729,10029
2673,7855
2665,4959
2573,7387
2533,4766
2481,3727
2473,4046
2449,3763
2335,3582
2223,3803
2207,3750
2119,3376
2063,3220
4069,4142
3945,3929
3881,3842
3785,4065
3725,3873
3677,3724
3641,4017
3625,3879
3475,3667
3403,3454
3363,3751
3303,3650
3263,3367
3227,3313
3207,3617
3161,3247
3113,3237
3081,3543
3065,3316
3035,3062
3015,3433
3728,3593
3716,3274
3545,8586
3353,6964
3177,3707
3145,2976
3065,3145
2897,3054
2817,2799
2745,3009
2697,2819
2573,2591
2541,2788
2461,3132
2389,2656
2341,2813
2265,2889
2249,2586
2209,2582
2173,3001
2149,2689
2145,2749
2011,2942
1947,2573
1931,2606
1843,2829
1811,2490
4816,5253
4620,4914
4516,5631
4476,5257
4368,5469
4324,5387
4296,5581
4182,5185
4102,5186
3982,5273
3914,5087
3866,5375
3822,4718
3794,5114
3728,5050
3688,4728
3644,4963
3624,4879
4325,4474
4301,4798
4275,4791
4263,4884
4008,4332
3816,4795
3640,4455
3528,4168
3360,4480
3248,12466
3144,7507
3128,5492
3080,3936
2916,3839
2836,3826
2732,4132
2716,3882
2668,3668
2576,3398
2536,3498
2484,3307
2476,3215
2456,3575
2338,3545
2306,3156
2210,3696
4232,4189
4168,3852
4072,4037
3948,3964
3884,3627
3788,3591
3728,3767
3680,3656
3644,3399
3628,3665
3478,3715
3406,3189
3366,3393
3290,3344
3258,3091
3222,3045
3206,3312
3148,8735
3116,8037
3080,4553
3811,3823
3769,2964
3749,3035
3727,10490
3717,5867
3484,3538
3324,2853
3148,2695
3084,2677
2932,2921
2836,2762
2748,2453
2732,2600
2692,3069
2544,2640
2480,2853
2392,3072
2376,2798
2336,2762
2268,2995
2220,2754
2212,2692
2168,2953
2152,2912
2046,2566
2014,2464
1950,2844
1862,2359
4947,4981
4859,5085
4719,5010
4607,4747
4519,5630
4419,5242
4371,4908
4319,5234
4299,5292
4121,7254
4033,5022
3985,5734
3901,5589
3861,6827
3817,6830
3797,6883
3699,6795
3655,6647
4378,7059
4336,7024
4308,5086
4282,7079
4268,6657
4075,6633
3851,6369
3643,6118
3551,6137
3515,6141
3331,6242
3235,3928
3131,5578
3091,5803
2951,5404
2839,3518
2823,14520
2719,8607
2671,6175
2595,5039
2539,4870
2531,5204
2479,5007
2459,5038
2341,5019
4579,4094
4387,3968
4238,3397
4171,3425
4075,3621
3951,3598
3887,3482
3791,3424
3731,5100
3683,3045
3647,3303
3561,3567
3481,3121
3393,3426
3361,3927
3293,2998
3233,3149
3213,3877
3167,3160
3127,2782
3083,3515
3814,2887
3772,2850
3752,3167
3730,2896
3720,2908
3487,3099
3327,3374
3151,2695
3071,3015
2903,2586
2823,2829
2751,3275
2703,2947
2579,2864
2483,2981
2467,2723
2379,2939
2339,3053
2271,2526
2223,2551
2179,3615
2171,3176
2151,3344
2049,3700
1953,2998
1937,3093
1849,3295
1817,3048
4722,5127
4626,4488
4522,6511
4482,4639
4374,5980
4330,4887
4302,5597
4188,5217
4108,4764
3988,5168
3920,5239
3872,4714
3828,5229
3800,5027
3734,4914
3694,4670
3650,4891
3630,4719
4331,4637
4307,4385
4281,4893
4269,4874
4014,4308
3854,4505
3646,4463
3534,4166
3366,4027
3254,4185
3238,4419
3134,3830
3086,4024
2954,4020
2842,3764
2738,3892
2722,3732
2674,4110
2598,3577
2542,3360
2534,4080
2482,3465
2462,3235
2344,4053
2312,3184
4438,3596
4270,3800
4190,11336
4102,6670
3986,4823
3906,3582
3818,3138
3786,3266
3694,3542
3658,3304
3638,3179
3532,3099
3468,3270
3396,2982
3312,2979
3272,3299
3236,2988
3216,2896
3170,3326
3130,3251
3094,2826
3821,3098
3783,3316
3759,2935
3737,3355
3725,3305
3554,2921
3362,2859
3186,3076
3090,2739
2938,2876
2906,2925
2826,2499
2738,2676
2698,2915
2582,2551
2486,2667
2398,2906
2382,2591
2342,3010
2274,2973
2226,2730
2218,3079
2174,2937
2158,2671
2052,6206
2020,6000
1940,4136
1868,3072
4953,5239
4833,4511
4693,5668
4541,5087
4493,5478
4409,5789
4369,5187
4309,5451
4223,5151
4111,4974
4023,4812
3923,4827
3875,4532
3831,4665
3803,4578
3737,4446
3697,4526
3653,4461
4380,4615
4334,4541
4310,4599
4274,4595
4081,4387
3899,4417
3825,4398
3617,4175
3521,4073
3337,4019
3241,3967
3137,3935
3089,4002
2957,3829
2845,3959
2741,4877
2725,4766
2677,4386
2585,4665
2545,4594
2493,4309
2485,4606
2461,4421
2347,3934
2235,3967
4377,4956
4193,4568
4121,4400
4073,4779
3909,4361
3821,4178
3789,4515
3697,4374
3661,4152
3637,4400
3535,4134
3415,3918
3375,4186
3299,3897
3267,3777
3231,4029
3215,3788
3133,9093
3097,5878
3077,5577
3751,8917
3762,2881
3740,2517
3728,2476
3557,3144
3365,2640
3189,2530
3093,2972
2941,2411
2845,2396
2757,2906
2741,2586
2701,2518
2553,2983
2473,2521
2401,2570
2353,3121
2345,2634
2261,2499
2221,2984
2185,2448
2161,2447
2157,2406
2023,3356
1959,3816
1871,4348
1855,4316
1823,3990
1747,4208
4616,4823
4496,4629
4428,5078
4372,5227
4328,5525
4226,5057
4130,5377
4026,6979
3986,5207
3910,5276
3834,6620
3810,6915
3756,4814
3700,5142
3656,5027
3636,4808
3598,4508
4313,5596
4287,4732
4275,4862
4020,6467
3828,4522
3620,4155
3524,4273
3340,4325
3244,3812
3140,4440
3100,4163
2960,3632
2848,4142
2744,4169
2728,3712
2680,3707
2588,4036
2548,3317
2496,3319
2488,3787
2464,3212
2350,3146
2238,3965
2222,3042
2118,3024
2078,3450
4076,3892
3912,3750
3824,4895
3792,3711
3700,3554
3656,3834
3640,3744
3490,3433
3418,12583
3378,6324
3302,5325
3270,3274
3222,3277
3176,2909
3136,11929
3100,6008
3080,3540
3042,3143
3026,3347
3008,3442
3729,11749
3496,5737
3336,3347
3160,2820
3080,3297
2912,3125
2848,3477
2760,3019
2712,3044
2588,2782
2492,3855
2476,2963
2388,9406
2348,6734
2280,4279
2232,2989
2188,3471
2180,2861
2160,3161
2058,3280
1962,2349
1946,2502
1858,3671
1826,3255
1818,3255
1734,3619
1702,3671
1658,3064
1650,3569
4331,5020
4311,4977
4133,4782
4045,4921
3989,4631
3913,5350
3873,5437
3829,6607
3759,5039
3711,4960
3667,4307
3643,4808
3609,4775
3585,4243
3563,4668
3551,4802
3422,4199
3863,4852
3655,4685
3543,4170
3375,4615
3263,4453
3247,3996
3143,3869
3095,4268
2931,3748
2851,3639
2747,4349
2691,4039
2683,3573
2591,4009
2551,3888
2499,3630
2471,4240
2467,4644
2353,3904
2241,3821
2225,4426
2121,3764
2081,3558
1997,3782
1981,3386
3827,4010
3743,4286
3703,4182
3659,3817
3643,4473
3493,4289
3421,3880
3373,3864
3305,5286
3273,5560
3237,5496
3179,16327
3139,7025
3103,5246
3083,4649
3053,4663
3029,4646
3011,9995
3003,4456
2834,3674
2706,4286
3163,4351
3099,4197
2947,4212
2851,2621
2763,4020
2715,4037
2591,3944
2559,3153
2479,3813
2391,3734
2359,3692
2283,3571
2235,3517
2227,2506
2183,3435
2167,3456
2061,3328
2029,3105
1949,3242
1877,3275
1829,3103
1821,3116
1737,3047
1705,3196
1697,6068
1653,9085
1637,4597
1633,3447
1575,3424
4048,6980
4000,6575
3916,7645
3876,6650
3816,6951
3762,6534
3714,6865
3670,7028
3642,6532
3604,6808
3584,6837
3562,5078
3552,4402
3361,5584
3201,5014
3025,4170
2945,4390
3346,4698
3250,4295
3146,4373
3098,4721
2934,4055
2854,4025
2750,4730
2694,3866
2610,3776
2594,3579
2546,4509
2494,5129
2474,5051
2356,4937
2324,4907
2228,4656
2124,4598
2084,4537
2076,4497
1984,4312
1944,4355
1892,4139
1884,4276
1860,4199
1794,4015
3480,5138
3384,5084
3324,5049
3276,4961
3240,4968
3182,4871
3142,4886
3106,4784
3082,4379
3048,4303
3032,4317
3014,4333
2901,4159
2741,4068
2597,3982
2517,3897
2397,3840
2317,4124
2245,3619
2205,4024
2113,8135
2562,7998
2482,3867
2394,2897
2354,2893
2286,2864
2238,2791
2194,2515
2186,2835
2166,3329
2064,3261
1968,3150
1952,7058
1864,6938
1832,4941
1756,3126
1740,3163
1700,3052
1664,6338
1656,6419
1636,4410
1578,2895
1562,2853
1530,2760
1486,2608
1478,2597
1462,2687
1458,2485
1424,2477
1400,2869
3649,4328
3615,3620
3591,3992
3569,4053
3557,3831
3428,3850
3236,3903
3060,3829
2964,3810
2828,3626
2796,3621
2716,3349
2628,3560
2588,3467
2488,3420
2392,3681
2304,3607
2737,3828
2689,9762
2597,8153
2557,4657
2505,3413
2497,3520
2473,3480
2359,3299
2247,3206
2231,3224
2143,3325
2087,3117
2079,3202
1987,3293
1947,3200
1939,3660
1895,3693
1867,3549
1863,3520
1797,3616
1781,3376
1733,3207
1689,3181
1681,3163
1661,2994
3227,3709
3169,3560
3137,3544
3101,3483
3085,3482
3051,3454
3035,3488
3017,3410
3009,3448
2840,3311
2712,3287
2568,3198
2504,3154
2368,3072
2320,3053
2248,3023
2208,2904
2116,2805
2084,2901
2020,2750
2397,2948
2365,2893
2289,2841
2273,2871
2233,3132
2197,3150
2173,3134
2169,3780
2035,3680
1971,4183
1955,4322
1867,3501
1835,3719
1759,3787
1743,3245
1711,3388
1703,3708
1659,3306
1643,3120
1639,3591
1581,3471
1533,3022
1525,2972
1489,3353
1481,3209
1465,2942
1461,2812
1427,2425
1419,2447
1403,2712
3648,3838
3610,3992
3590,3279
3568,4090
3558,3820
3367,4509
3207,4134
3031,3498
2951,4046
2831,3395
2735,3372
2647,3680
2599,3449
2591,3379
2459,3535
2379,3293
2756,3138
2700,3634
2692,3301
2600,3043
2560,3577
2508,2972
2500,3037
2476,3731
2362,10487
2250,6467
2234,4510
2138,3748
2090,2986
2082,3228
2006,3355
1950,2921
1942,3274
1898,3185
1890,2917
1866,2749
1800,8680
1784,6419
1744,3790
1736,3844
1692,2671
3254,3131
3234,3401
3188,3047
3148,3044
3112,3304
3092,2972
3062,2964
3042,3355
3024,3297
3014,3084
2907,3427
2747,2941
2603,3110
2571,3476
2507,3369
2371,3018
2307,3452
2251,3231
2211,2691
2119,2857
2087,3162
2488,3413
2400,2863
2368,3349
2292,3366
2276,2787
2236,2618
2200,3010
2176,2692
2172,2511
2038,2868
1974,2588
1958,2451
1870,2739
1838,2487
1830,6068
1746,5974
1714,3492
1706,2646
1670,2794
1646,5990
1642,5302
1584,3214
1568,2470
1536,2493
1528,2831
1484,2511
1468,2348
1464,2222
1430,2220
1422,2288
3679,3803
3655,3294
3621,3799
3597,4526
3575,4345
3563,4351
3434,3939
3242,4248
3066,3953
2970,3594
2954,3694
2802,3928
2722,3327
2634,3154
2602,3925
2494,3157
2863,3056
2847,3453
2743,3769
2703,2889
2619,3153
2603,3954
2555,2901
2511,3138
2483,3333
2479,2773
2333,2952
2253,3096
2237,3052
2133,2860
2093,2705
2085,3572
1993,2873
1953,2878
1945,3216
1901,2642
1893,2618
1869,3138
1803,3242
1787,2608
1747,2384
3385,3442
3317,3044
3285,2742
3243,3305
3191,3013
3151,2798
3115,3336
3095,3160
3065,2542
3045,3108
3027,3306
3023,2581
3015,2774
2846,3113
2718,2609
2574,2573
2510,2898
2406,6691
2326,6604
2254,3722
2238,2540
2719,2700
2571,2616
2507,1876
2419,5870
2403,5837
2363,5776
2279,3269
2247,2357
2239,2410
2195,2382
2179,2373
2073,2513
2041,2775
1961,2741
1889,3012
1873,3038
1833,2997
1765,2854
1749,2982
1717,2948
1673,2873
1665,2925
1649,2917
1645,2927
1587,2819
1539,2803
1531,2789
1495,2679
1487,2703
1471,2648
3824,3900
3758,3489
3718,3598
3674,4968
3654,4439
3616,4552
3596,4948
3574,5160
3564,4451
3373,4672
3245,4546
3069,4224
2973,4123
2837,12244
2741,5688
2725,4655
3158,3960
3110,4009
2946,3632
2866,12512
2762,6442
2746,4970
2698,4164
2606,3188
2566,3033
2514,9008
2506,7891
2486,4405
2368,3412
2336,3292
2240,3272
2152,3268
2136,3229
2088,3390
2012,3285
1996,7661
1948,7366
1904,4013
1896,3180
1876,3247
1806,3206
3508,3699
3436,3732
3388,3691
3320,3515
3288,3616
3252,8588
3231,7177
3154,3928
3118,3095
3098,2987
3068,3071
3048,3123
3030,3433
3020,4989
2913,4625
2753,4758
2721,4834
2577,4649
2513,4084
2377,4743
2313,4438
2778,4039
2730,4615
2606,4266
2574,3830
2494,3887
2422,4352
2374,3844
2298,3587
2282,4656
2242,3948
2206,3507
2182,4113
2178,4039
2076,3408
1980,3771
1964,3750
1876,3287
1844,3448
1836,3771
1768,3134
1720,3296
1712,3697
1676,3588
1668,3383
1648,3068
1590,3701
1574,2993
1542,2846
1534,3594
1498,3009
3891,4670
3831,3664
3777,4114
3729,4486
3685,4644
3661,3848
3627,4772
3603,4781
3581,4257
3569,4847
3440,4747
3376,3941
3216,3882
3040,4654
2960,3788
3361,4127
3281,4454
3177,3695
3121,3799
3113,4286
2949,3451
2853,3358
2765,4096
2709,11536
2701,6565
2609,4917
2569,3957
2517,3283
2509,3883
2485,3836
2371,3182
2339,3865
2243,3612
2155,3028
2139,3180
2091,3664
2015,9836
1999,7895
1959,4764
1907,3289
1899,3387
3677,4280
3661,3765
3559,3736
3495,4356
3399,3949
3339,3752
3299,4138
3263,3948
3243,3723
3197,4071
3157,3538
3121,3449
3101,3972
3071,3522
3051,3429
3033,3904
3023,3938
2916,3290
2756,3892
2724,3854
3181,3193
3101,3108
2933,3520
2869,3133
2781,2943
2765,3441
2725,2922
2577,2827
2513,3289
2425,2831
2409,2714
2369,3221
2301,2721
2253,2575
2245,2989
2209,2610
2185,2472
2181,2996
2079,2438
1983,2530
1967,2978
1895,2653
1847,6594
1839,6701
1771,4129
1755,2442
1723,2461
1679,2945
1671,2344
1655,2369
1651,2972
4218,5053
4138,4347
4050,4354
3950,5661
3902,4802
3858,4123
3830,4938
3764,4922
3724,14361
3680,6623
3660,5474
3622,3915
3602,4705
3580,4430
3570,14754
4044,6486
3852,5345
3644,3609
3548,4406
3364,13480
3268,6118
3180,4999
3124,4256
2984,3449
2872,3936
2856,3829
2752,3294
2712,3724
2628,3779
2572,3524
2564,3183
2512,3741
2492,3097
2374,3040
2342,4062
2246,2979
2158,3079
2142,3868
2094,2991
2018,2809
3920,3847
3824,3867
3748,3588
3716,11606
3668,6063
3594,4836
3514,3402
3426,3167
3394,3450
3326,2857
3266,10479
3246,6146
3200,3507
3160,2827
3124,3450
3104,3247
3066,2942
3050,3362
3032,2985
3024,2890
2919,3182
3392,3002
3216,2991
3120,3415
2968,2979
2872,2705
2784,3225
2768,2711
2728,2642
2580,3494
2516,2648
2428,2410
2380,3098
2372,2582
2288,2426
2256,2936
2212,2406
2204,2396
2184,2944
2082,2282
1986,2804
1970,2481
1882,2369
1850,2232
1842,2373
1758,2298
1726,2598
1718,2175
1682,2285
1658,2812
1654,2487
1596,2405
4141,4512
4021,3818
3953,3636
3905,5230
3861,3985
3833,4072
3767,4967
3727,4732
3683,13595
3663,6726
3625,4645
3605,4837
3583,4861
3573,4075
3382,4494
3855,4522
3647,3874
3551,4315
3367,4033
3287,3588
3183,3556
3127,3911
2987,3442
2955,3448
2859,3743
2755,3264
2715,3259
2631,3810
2615,3154
2567,3112
2523,3531
2495,3054
2491,3071
2345,3511
2265,2887
2161,2852
2145,3367
2105,2797
2021,2866
2005,3433
3851,3796
3767,3255
3727,3761
3683,3739
3667,3259
3517,3695
3445,3557
3397,3045
3329,3544
3297,3435
3261,2958
3203,2946
3163,3347
3127,2888
3107,2895
3077,3313
3057,2854
3039,2829
3029,2814
2922,3207
2762,2702
3219,2753
3123,3377
2971,2785
2939,2771
2859,3222
2771,2688
2731,2629
2615,3084
2519,2578
2431,2465
2415,3047
2375,2625
2291,2513
2259,3185
2215,2704
2207,2652
2187,3085
2085,2570
1989,2510
1973,2929
1901,2502
1853,2423
1845,3119
1761,2718
1729,2591
1721,3039
1685,2566
1661,2553
1657,3069
1599,2537
1583,2502
4024,4846
3956,4444
3908,4367
3856,5038
3836,4744
3770,4219
3730,4818
3686,4812
3666,4641
3628,4882
3608,4855
3586,4477
3576,4854
3385,4758
3225,4368
3650,4406
3554,4184
3370,3832
3274,4088
3186,4011
3130,3554
2990,3862
2878,3639
2862,3315
2758,3237
2710,3518
2634,3182
2578,3157
2570,3378
2518,2998
2498,2932
2380,3360
2348,3109
2252,3052
2164,3389
2148,3022
2100,2919
2024,3342
1968,2943
1960,2924
3754,4000
3722,3639
3674,3642
3600,3852
3504,3505
3432,3433
3400,3739
3308,8761
3272,5982
3252,3863
3190,2771
3158,2884
3122,3208
3106,2725
3072,2794
3056,3208
3038,3132
3030,2773
2861,3073
2733,2999
3190,2704
3110,2667
2942,2889
2878,2516
2790,2664
2742,2920
2618,2512
2586,2619
2506,2778
2418,2401
2386,2573
2310,2804
2262,2363
2254,2669
2210,2735
2194,3828
2088,4469
2056,4706
1992,4555
1904,4363
1888,3477
1848,3367
1780,3114
1764,3415
1724,3209
1688,3119
1680,3179
1664,3069
1602,3038
1586,3023
1554,2965
1546,2950
3943,4583
3867,3784
3843,5652
3789,3660
3741,4826
3697,4149
3673,4551
3635,4833
3611,4442
3589,4626
3580,6279
3452,4696
3260,4572
3084,4622
3573,4539
3405,4412
3293,4414
3277,4858
3173,4338
3125,3954
2961,3974
2881,3814
2777,3817
2721,3652
2713,4342
2621,3465
2581,3409
2529,4632
2521,4539
2497,3474
2383,4006
2271,4022
2255,3300
2167,4175
2111,3733
2103,3214
2011,3120
1971,3221
1963,3660
1919,3684
3697,4109
3677,4752
3571,4318
3507,3749
3435,4109
3351,4204
3311,3779
3275,3999
3251,4132
3193,3943
3161,3577
3125,4765
3109,4006
3075,3621
3059,4338
3041,4292
3033,3902
2864,3571
2736,3615
2592,3491
3113,4309
2945,3961
2881,4175
2793,3385
2745,3337
2621,3934
2589,3908
2509,3203
2421,3391
2389,3562
2313,3105
2297,3090
2257,3464
2221,3045
2197,3223
2193,3777
2059,3590
1995,3145
1907,3310
1891,3308
1859,3053
1783,3277
1767,3367
1735,2950
1691,3153
1683,3037
1667,3367
1663,3420
1589,3073
1557,3069
1549,3248
1513,3011
3906,4458
3862,3876
3792,5493
3744,4831
3700,5309
3676,5260
3642,4895
3618,5058
3596,4838
3584,4735
3455,4547
3263,4522
3087,4402
2991,4549
3408,4473
3296,4180
3280,4174
3176,3937
3128,4624
2964,4942
2884,4909
2780,4675
2724,4728
2716,4715
2624,4482
2584,4341
2532,4436
2524,4397
2500,4230
2386,4137
2274,4088
2258,3990
2154,3904
2114,3890
2106,3823
2014,3754
1974,3738
1966,3650
1914,3621
3700,4292
3676,4361
3574,4149
3454,4047
3414,4051
3354,4869
3306,4862
3270,4073
3254,4560
3196,4496
3136,3917
3116,4421
3086,4302
3066,3805
3048,3863
3038,4282
2931,4219
2771,3661
2627,4056
2547,3993
2427,3346
2948,3537
2868,4006
2780,3413
2740,3383
2624,3797
2528,3266
2440,3167
2424,3677
2384,3653
2300,3058
2268,3021
2224,3515
2216,2995
2196,2967
2094,3311
1998,2827
1982,2788
1894,3218
1862,3195
1854,2676
1770,2580
1738,3029
1730,2560
1686,2493
1670,2914
1666,2492
1592,2436
1560,2901
1552,2410
1516,2389
1508,2825
1492,2287
3795,4487
3747,4433
3703,3511
3679,8140
3637,5394
3617,4970
3595,4294
3585,4153
3394,4154
3234,4503
3058,4401
2978,7479
2826,5674
2746,5532
3179,7590
3139,5709
2999,5382
2887,5407
2783,5192
2767,5029
2719,5208
2627,5073
2587,4858
2535,4958
2507,5062
2503,4726
2357,4802
2277,4647
2173,4443
2157,4633
2109,5634
2033,4734
1977,4254
1969,4728
1921,4261
1897,4126
1893,4199
1811,4142
1771,3716
3409,4439
3341,4772
3281,4443
3261,4091
3215,5136
3167,4368
3131,4529
3115,5039
3069,4571
3051,3909
3041,4100
2934,4046
2774,4331
2630,3734
2550,4203
2430,3490
2350,3415
2278,3747
2238,3802
2230,3278
2114,3912
2515,3872
2443,3246
2395,3566
2387,3953
2303,3168
2271,3559
2227,3668
2219,3186
2199,3080
2097,3897
2065,3563
2001,2982
1913,2752
1897,2915
1865,2048
1857,2489
1773,3745
1741,3834
1733,3839
1697,3788
1689,3783
1673,3733
1611,3725
1595,3570
1563,3548
1555,3597
1519,3503
1511,3500
1495,3507
1491,3514
1457,3456
1449,3441
3706,3791
3682,4261
3678,3757
3640,4228
3620,4115
3598,3989
3588,4339
3461,4422
3269,3986
3093,3951
3061,4073
2981,3959
2829,3534
2765,3743
3198,3770
3182,3785
3134,3894
3002,3727
2890,3639
2874,3855
2770,3792
2730,3663
2722,3749
2630,3759
2590,3538
2582,3609
2530,3590
2510,3421
2506,3733
2392,3654
2280,3496
2264,3530
2176,3485
2160,3406
2112,3684
2036,3648
2020,3479
1980,3501
1972,3568
3766,4082
3734,4005
3698,4064
3682,3998
3580,3977
3516,3942
3444,3857
3412,3783
3344,3828
3312,3845
3276,3647
3260,3755
3202,3722
3170,3605
3142,3644
3122,3680
3092,3642
3072,3543
3068,3458
3050,3449
3771,3721
3602,3593
3410,3515
3378,3492
3202,3345
3138,3322
2986,3188
2890,3144
2874,3181
2802,3069
2754,3071
2746,3113
2598,2972
2534,2995
2446,2859
2430,2952
2398,2914
2322,3095
2306,3033
2274,3044
2230,2970
2222,2954
2206,2901
2202,2953
2068,2852
2004,2754
1988,3086
1916,3065
1868,2998
1860,3003
1792,2970
1776,2971
1744,2928
4473,4455
4425,4390
4381,4729
4353,4439
4239,4538
4159,4392
4039,4263
3971,4483
3923,4425
3879,4192
3855,4226
3801,4506
3749,4210
4452,4273
4428,4386
4382,4425
4362,4185
4336,4293
4322,4334
4129,4089
3905,4080
3697,4093
3585,3825
3569,3796
3385,3749
3289,3715
3185,3637
3145,3836
3005,3772
2973,3840
2877,3811
2773,3699
2733,3664
2649,3602
2633,3590
2585,3733
2541,3678
2513,3670
4947,4351
4761,4374
4521,4236
4425,4057
4289,4129
4169,4039
4129,3866
4005,3800
3941,3886
3845,3760
3785,3753
3737,3705
3701,3554
3615,3599
3535,3596
3463,3460
3415,3500
3347,3424
3315,3309
3279,3409
3263,3339
3972,3364
3896,3429
3872,3375
3834,3300
3810,3758
3788,3329
3776,3201
3605,3296
3541,3139
3381,3031
3205,3116
3125,2884
2957,3433
2877,3386
2805,5870
2757,6115
2633,6018
2601,3688
2521,3143
2433,3080
2401,3050
2325,3033
2309,3362
2269,2955
2233,3255
2209,3235
2205,3170
2071,3079
2007,3074
1991,2996
1903,2997
1871,3014
1863,2931
4680,4924
4576,5165
4536,4410
4428,5079
4384,4955
4356,4868
4242,4642
4162,4707
4042,4512
3974,4618
3926,4617
3874,4382
3854,4484
4555,4658
4507,4465
4455,4576
4431,4502
4385,4478
4361,4485
4335,4384
4323,4438
4068,4371
3876,4185
3668,3970
3572,3816
3388,3889
3308,3741
3204,3720
3148,3974
3008,3618
2976,3852
2880,3785
2776,3594
2736,3838
2652,3740
2636,3770
2588,3669
2544,3609
4970,4185
4946,4226
4668,4046
4492,4034
4324,3938
4228,3836
4156,3859
4040,3779
3944,3661
3872,3620
3788,3597
3748,3502
3704,3407
3688,3519
3538,3358
3466,3352
3426,3362
3350,3394
3318,3278
3282,3269
3266,3186
3943,3369
3899,3296
3875,3180
3837,3257
3813,3261
3791,3162
3779,3191
3608,3129
3416,3159
3240,3149
3208,3130
3128,3354
2960,3265
2880,3211
2792,3120
2760,3127
2636,3024
2540,2937
2524,2935
2436,2925
2396,2888
2328,2841
2280,2829
2272,3050
2228,2998
2212,2970
2106,3114
2074,3181
1994,3119
1922,2994
1906,3035
1866,2981
1798,2898
4667,4481
4547,4457
4479,5501
4423,4944
4363,4911
4277,5000
4181,4680
4077,4604
4037,4555
3961,4560
3885,4391
3861,4394
3807,4336
4518,4532
4458,4492
4434,4418
4388,4383
4364,4211
4338,4426
4326,4836
4071,5275
3879,6434
3671,5334
3575,4912
3391,4708
3295,4787
3207,4595
3151,5645
3011,4564
2899,4294
2883,4211
2779,4721
2731,5770
2655,5195
2599,5036
2547,3977
2539,3867
2515,4062
4767,4591
4527,6617
4431,4191
4247,4290
4175,4185
4127,4441
3963,4513
3875,5241
3843,3864
3751,3962
3707,4735
3691,4208
3541,3784
3469,3632
3421,3545
3353,3665
3293,3356
3273,2877
3227,3359
3187,4251
3143,4262
3874,4537
3832,4492
3812,4507
3790,4449
3780,4470
3547,4377
3387,4226
3211,4113
3131,4074
2963,3898
2883,3857
2795,3749
2763,3742
2639,3654
2543,3574
2455,3511
2439,3494
2399,3424
2315,3377
2283,3335
2239,3283
2231,3335
2211,3216
2109,3157
2013,3092
1997,3089
1909,3017
1877,2995
1801,2892
1785,3341
1753,3296
1709,3248
1701,3235
4382,4635
4280,4338
4184,4242
4096,5717
4040,4850
3964,4860
3924,4879
3864,4700
3810,4895
3762,4446
3718,4303
3694,4349
4399,4529
4371,4547
4345,4495
4331,4463
4138,4338
3914,4238
3706,4115
3594,4053
3426,3920
3394,3990
3298,3813
3194,3901
3146,4217
3014,3759
2902,3703
2798,3571
2782,3562
2734,3692
2658,3672
2602,3748
2550,3923
2542,3888
2518,3878
2404,3789
2372,3762
2276,3641
4298,4223
4178,4196
4138,4132
4014,4000
3894,3927
3854,3891
3778,3821
3746,3822
3698,3778
3624,3728
3528,3624
3456,3610
3424,3577
3332,3450
3296,3473
3276,3449
3230,3392
3190,3360
3146,3360
3130,3312
3835,3445
3815,3473
3793,3325
3783,3384
3550,3291
3390,3219
3214,3179
3150,3376
2998,3301
2902,3248
2814,3191
2766,3174
2758,3175
2610,3343
2530,3319
2458,3266
2410,3322
2334,3178
2318,3151
2278,3177
2242,3118
2218,3092
2214,3101
2080,2926
2016,2945
1928,3236
1912,3163
1876,3155
1804,3109
1788,3146
1748,3036
1712,3045
1704,3012
1688,2962
4283,4373
4187,4214
4083,4120
4043,4763
3967,4485
3891,9775
3867,6138
3813,4810
3765,4655
3721,4584
3693,4551
3655,4538
4370,4711
4344,4678
4332,4709
4077,4558
3885,4412
3709,4372
3597,4227
3429,4088
3317,4021
3213,3962
3157,3906
3149,3868
2985,3739
2889,3871
2801,3822
2745,3903
2661,3850
2645,3821
2597,3811
2553,3717
2525,3695
2521,3544
2375,3640
2295,3474
2191,3427
4237,4183
4165,4218
4049,4115
3953,4020
3881,3956
3797,3911
3757,3876
3713,3861
3697,3838
3547,3733
3475,3684
3427,3676
3359,3612
3327,3577
3291,3560
3233,3508
3193,3537
3157,3455
3137,3399
3107,3396
3087,3387
3800,3535
3788,3511
3617,3416
3425,3296
3249,3239
3153,3181
3001,3089
2969,3050
2889,3242
2801,3504
2761,3445
2645,3387
2549,3349
2461,3318
2445,3311
2405,3252
2321,3205
2289,3164
2245,3115
2237,3111
2217,3077
2115,3315
2019,3240
2003,3211
1931,3137
1883,3138
1875,3152
1791,3045
1759,3041
1751,3086
1715,3016
1691,2980
1687,2988
1629,2924
4174,4242
4054,3786
3986,3606
3938,4936
3886,4569
3866,4488
3800,4553
3760,4569
3716,4702
3666,4806
3642,4542
3620,4552
4337,4739
4144,4576
3920,4107
3712,4047
3680,4033
3584,3936
3400,3844
3304,3769
3200,3819
3152,3779
3020,3697
2908,4569
2804,4213
2788,4573
2740,3968
2648,3626
2608,4441
2556,3635
2548,4021
2524,4426
2410,3367
2298,3747
2282,3747
2178,3282
2138,5111
4136,3535
3972,4407
3884,3543
3852,3930
3760,3497
3724,4268
3700,4394
3598,3281
3478,3073
3438,3221
3362,3193
3330,3101
3294,3111
3236,3044
3196,3249
3160,3307
3140,3296
3110,3232
3090,3306
3072,3255
3062,3289
3556,3176
3428,3215
3252,3214
3156,2986
3004,3053
2908,2629
2820,3667
2772,2643
2648,2596
2616,2964
2536,2704
2448,2632
2416,2610
2340,2534
2292,2677
2284,2588
2240,2521
2224,3527
2118,2366
2086,2531
2006,2426
1934,2325
1886,2366
1878,2284
1794,2237
1762,2229
1754,2264
1710,2177
1694,2231
1690,2246
1616,2154
1584,3777
1576,2516
1540,2462
3897,4575
3873,4450
3819,4595
3763,4765
3719,4727
3699,4766
3661,4571
3623,4324
3611,4293
3482,6313
3290,6437
3114,6306
3603,6358
3435,5922
3323,6024
3219,5767
3163,4203
3155,4318
2991,4216
2895,3981
2791,4592
2743,5146
2667,3496
2611,3428
2559,3830
2551,3471
2527,3982
2381,4167
2301,3956
2197,5655
2181,2881
2133,2811
2057,2766
2001,2756
1993,2965
1949,3437
1921,3680
3707,4466
3601,4439
3537,4267
3441,4266
3381,4224
3341,4140
3305,4175
3281,4122
3223,4061
3191,4048
3155,3767
3139,3895
3105,3941
3089,3907
3071,3839
3063,3887
2894,3801
2798,3691
2654,3585
2574,3509
3007,3588
2975,3519
2895,3537
2807,3504
2775,3405
2651,3348
2555,3326
2539,3309
2451,3185
2419,3210
2343,3189
2327,3125
2287,3108
2251,3085
2227,3065
2223,2998
2089,2953
2025,3279
2009,3195
1921,3134
1889,3125
1881,3081
1813,3056
1765,3072
1757,3054
1721,2972
1713,3128
1697,2994
1635,2112
1619,1893
1587,1901
1579,1871
1543,2277
1535,2076
1519,2326
3872,4389
3806,4817
3766,4144
3722,5153
3702,4524
3664,4454
3644,5302
3622,4961
3612,4924
3421,6558
3293,7809
3718,7805
3606,4866
3438,4501
3406,4304
3310,4567
3206,4682
3166,4922
3026,4034
2914,3640
2898,3753
2794,3516
2754,3605
2670,3441
2654,3681
2606,3878
2562,3701
2554,3705
2530,3830
2416,3519
2384,3589
2288,3613
2200,3457
2184,3424
2136,3612
2060,3344
2044,3980
3890,4430
3858,4878
3766,4529
3730,4191
3710,4412
3604,4502
3540,4121
3468,3933
3436,4336
3368,4010
3336,3964
3288,4058
3242,3994
3202,3958
3166,3906
3146,3723
3142,3643
3108,3797
3092,3801
3074,4040
3795,3766
3562,3816
3434,3872
3258,3698
3162,3766
3010,3344
2978,3095
2898,3663
2826,4277
2778,4200
2654,4058
2622,3961
2542,3984
2470,3826
2422,3797
2414,3791
2330,3559
2298,3576
2290,3701
2246,3481
2230,3406
2226,3916
2092,3494
2028,3272
2012,3653
1924,3261
1892,4035
1884,3664
1816,4682
1800,6307
1760,6137
1724,4674
1716,3542
1700,2477
1696,2282
4263,4802
4183,5914
4063,7103
3995,6630
3947,5489
3903,4671
3879,5841
3825,6716
3769,5619
3725,6322
3705,5709
4406,4948
4382,5038
4356,6434
4346,4802
4153,5569
3929,5470
3721,4468
3609,4105
3441,4695
3409,4851
3313,4190
3209,4348
3169,4176
3029,3857
2917,3862
2901,3980
2797,4068
2757,4421
2673,3255
2657,3738
2609,4737
2565,4164
2537,4359
2533,4400
2387,4317
4545,5275
4449,5165
4265,4617
4193,4596
4145,4896
4029,4449
3909,4410
3869,4371
3793,4147
3761,4443
3713,4235
3639,4151
3559,4210
3471,4476
3439,4728
3371,4838
3339,4071
3303,3999
3245,3970
3205,3926
3169,3658
3896,4043
3858,4060
3834,4234
3812,4222
3800,4048
3629,3853
3565,3928
3405,3724
3229,3501
3149,3615
2981,3411
2917,3286
2829,3431
2781,3303
2773,3192
2625,3145
2545,3148
2473,3025
2425,3053
2417,3115
2333,3247
2301,3008
2257,3015
2249,3088
2229,2859
2127,2836
2031,2802
2015,2657
1943,2691
1895,2694
1887,2974
1819,2757
1771,2868
1763,2710
1727,2645
4444,4242
4400,4252
4298,5133
4202,4385
4114,4537
4058,4613
3982,4497
3942,4359
3898,4469
3878,4419
3812,4253
4531,4590
4459,4570
4417,4409
4389,4508
4385,4471
4359,4273
4347,4378
4092,4316
3900,4076
3692,3941
3596,4014
3444,4011
3332,3754
3228,12585
3212,8550
3164,5392
3000,4235
2920,3608
2816,3204
2800,3217
2752,3649
2676,3424
2620,3283
2612,3371
2560,3156
4986,3876
4852,3946
4660,4039
4516,3670
4348,3735
4252,3706
4180,3578
4064,3527
3968,3441
3896,3308
3812,3271
3772,3336
3728,3406
3712,3132
3610,3178
3490,3246
3450,2997
3390,2980
3350,3340
3306,3247
3290,2915
3999,3187
3959,3334
3915,2990
3895,3048
3853,3151
3833,2913
3811,2971
3801,3022
3568,2852
3408,2813
3232,2866
3152,2868
3016,2844
2920,2865
2832,2973
2784,2798
2776,2878
2628,2815
2548,2711
2476,2722
2428,2971
2420,3173
2336,2852
2304,2735
2260,2810
2252,2689
2232,2696
2130,2738
2034,2666
2018,2499
1946,2582
1898,2573
1890,2703
1822,2919
1774,3121
4563,4423
4487,4199
4411,4032
4387,5060
4301,4531
4189,4852
4101,4738
4061,4739
3953,4386
3909,4397
4668,4492
4598,4437
4542,4499
4482,4599
4458,4246
4412,4427
4388,4381
4362,4293
4350,4232
4095,4336
3935,4042
3727,3834
3615,4079
3447,3789
3335,3595
3319,3694
3215,3670
3167,3428
3003,3407
2923,3557
2819,3593
2803,3182
2755,3308
2663,3205
2623,3136
2571,6400
5025,8372
4977,5243
4791,3705
4663,5677
4471,4662
4319,4123
4199,3663
4159,3801
4035,4657
3915,3806
3875,3496
3799,3574
3767,3590
3719,3060
3645,3303
3565,5444
3477,5184
3445,5488
3377,5020
3317,4679
4080,4662
4018,5061
3970,5117
3926,4837
3902,4310
3864,5433
3840,4891
3818,5175
3806,4676
3635,4221
3443,4416
3267,3997
3171,4575
3155,4936
2987,6049
2907,5850
2819,4846
2787,4332
2663,4369
2567,4284
2551,4167
2463,4145
2423,2510
2355,3932
2307,3790
2299,3974
2255,3836
2239,3025
2235,3372
2101,3761
2037,3746
1949,3592
1933,3581
1901,3585
1825,3364
1809,2419
4606,4822
4506,4481
4458,4563
4406,5237
4386,4616
4272,4608
4120,4597
4072,4353
4004,4262
3948,4573
4691,4359
4667,4608
4585,4812
4537,4677
4485,4495
4461,4667
4415,4584
4391,4224
4365,4231
4353,4162
4098,4034
3906,4104
3698,3840
3602,4066
3450,3818
3338,4025
3234,3859
3178,3592
3170,3901
3006,3788
2910,3423
2822,3366
2766,3866
2758,3670
2666,3838
5160,5302
5076,6290
5028,4178
4980,4717
4794,4674
4554,4245
4458,4249
4322,4552
4202,4121
4154,4333
4038,4179
3918,3587
3870,3934
3802,3591
3742,3239
3722,3251
3616,3492
3552,3127
3480,3077
3396,3328
3356,3049
4107,3170
4083,3417
4005,3045
3965,3160
3921,3325
3901,3089
3859,2990
3839,3298
3817,3047
3807,3135
3574,3346
3414,3181
3238,2829
3158,2872
3022,3090
2926,2979
2838,2865
2790,3086
2782,3007
2634,2909
2554,3099
2482,2866
2434,2844
2358,3017
2342,3004
2302,2943
2266,3178
2242,2918
2238,2907
2104,3160
2040,3863
1952,3202
1936,3552
1904,3351
1828,3031
1812,2661
4609,4571
4509,4605
4461,4980
4409,4529
4389,4776
4211,5229
4123,5127
4075,5071
3991,4793
3951,5031
4694,5055
4604,5140
4548,4942
4496,4799
4468,4652
4426,4781
4398,4664
4372,4547
4358,4787
4165,4614
3941,4147
3733,4383
3621,4180
3453,3867
3341,3923
3325,4013
3221,3664
3173,3776
3009,3806
2929,3488
2825,3544
2769,3586
2761,3560
2669,3445
2629,3596
5079,3989
5031,3855
4983,4021
4797,3885
4557,4164
4461,3822
4277,3646
4205,3345
4157,3433
3993,4285
3921,3234
3873,3291
3781,3368
3745,3230
3721,3208
3619,3361
3555,3183
3459,3062
3399,3208
3359,3236
3315,3270
4082,3735
4008,3475
3968,3348
3924,3319
3904,3482
3846,3208
3824,3265
3812,3430
3800,3269
3577,3140
3417,3212
3241,2981
3161,2929
2993,3050
2913,2890
2841,2756
2793,3020
2669,3129
2573,2905
2557,2926
2469,3012
2437,2834
2361,2788
2313,3145
2305,2962
2261,2917
2245,3109
2139,2808
2107,2793
2043,2919
1955,2688
1939,2720
1899,3017
1831,2825
1815,2859
1783,4856
4512,4888
4456,4813
4412,4839
4351,5675
4214,5009
4126,4972
4070,5228
3994,5036
3954,4829
3910,4619
4607,4931
4551,4757
4499,4712
4471,4894
4429,4729
4401,4605
4375,4871
4361,4693
4168,4459
3944,4446
3736,4480
3624,4157
3456,4051
3424,4196
3328,3993
3224,4473
3176,5495
3044,3848
2932,3574
2828,3558
2812,3742
2764,3582
2688,3454
2632,3655
2580,3537
5034,4058
4986,4138
4800,4670
4672,3742
4480,3789
4328,3803
4208,5847
4160,3670
4044,3733
3924,3513
3884,3439
3808,3560
3748,3424
3728,4155
3654,3462
3558,3348
3486,3225
3402,3161
3362,3269
3326,2991
3306,3256
4011,3490
3971,3264
3927,3289
3907,3456
3865,3321
3845,3206
3823,3252
3813,3350
3580,3082
3420,2998
3244,3114
3164,3091
3028,3054
2932,3143
2844,3226
2796,3020
2718,3013
2640,3094
2560,2910
2472,3196
2440,2958
2364,2889
2348,2760
2308,3045
2272,3073
2248,2926
2244,2896
2110,2951
2046,3353
1958,2654
1942,2791
1910,3005
1834,2814
1818,2832
1786,2959
1742,2742
4459,5067
4415,4217
4395,5528
4217,5060
4129,4936
4073,4708
3997,4950
3957,4855
3897,4948
4610,4935
4554,6445
4502,5613
4474,4582
4432,4822
4404,7452
4378,4976
4364,4674
4171,4621
3947,4355
3739,4112
3627,4116
3459,4165
3347,4062
3331,3954
3227,3830
3179,3979
3015,5321
2935,3613
2831,3693
2775,4702
2767,3446
2675,3440
2635,3566
2583,4078
2575,3252
4989,4274
4803,3898
4563,3814
4467,3904
4283,3746
4211,3494
4163,3544
3999,3601
3927,3503
3879,3391
3787,4268
3751,3395
3727,3188
3625,3222
3505,3170
3465,4458
3405,5309
3357,4868
3321,5691
3305,5178
4014,5680
3974,5362
3914,4936
3876,5158
3852,4968
3830,5444
3818,4822
3647,4690
3455,4737
3279,4458
3247,4544
3167,4435
2999,4226
2919,4182
2831,4325
2799,4624
2675,4056
2579,4024
2491,3833
2475,3969
2435,3770
2367,3792
2319,4356
2311,3689
2267,3753
2247,3658
2145,3512
2113,3961
2033,3556
1961,3996
1913,3414
1905,4332
1837,3404
1789,3331
1781,3430
1745,3253
1721,3914
4402,4807
4284,4639
4204,5047
4116,5085
4016,4832
3968,5115
3924,4836
3896,5567
3830,5541
4549,5542
4497,5168
4473,4967
4427,5131
4381,5065
4367,4820
4174,4868
4110,4647
3918,4649
3710,4367
3614,4617
3430,4911
3334,4134
3230,4612
3190,4505
3050,4462
2938,4781
2834,4707
2818,4290
2770,4602
2678,4495
2638,4101
2586,4029
2578,4549
2554,4423
4806,4798
4566,5650
4470,5686
4286,5314
4198,5543
4166,5349
4002,5560
3914,5474
3882,5433
3790,5306
3754,5220
3730,5540
3628,4837
3508,4950
3468,5128
3392,4726
3360,5280
3324,4940
3308,4656
3226,5155
3190,4454
3917,6412
3879,5350
3855,4389
3833,4134
3821,4054
3650,4108
3458,4269
3282,4008
3186,3822
3170,3697
3002,3673
2922,3695
2834,3862
2794,3478
2678,3531
2582,3392
2494,3321
2478,3342
2438,3624
2370,3582
2322,3592
2314,3828
2270,3895
2254,3763
2148,3703
2116,3687
2036,4061
1964,3524
1916,3538
1908,3570
1840,3619
1792,3494
1784,3419
1748,3390
1740,3388
1720,3380
1662,3725
4207,4981
4119,4209
4079,4121
3971,4991
3927,4058
3903,4882
3849,5041
3801,5078
3749,5092
4476,5033
4430,4983
4406,4904
4380,4985
4368,5097
4113,5035
3921,4841
3713,4572
3633,4536
3465,4601
3353,4454
3249,4022
3193,4229
3185,4304
3021,4015
2925,3821
2837,3704
2781,3796
2697,3835
2681,3812
2633,3762
2589,3895
2561,3820
2557,3826
2411,3936
4537,4574
4473,4511
4289,4455
4201,4322
4085,4257
4005,4194
3917,4093
3833,4094
3793,4052
3749,3999
3733,4021
3583,3922
3511,3867
3471,3831
3395,3811
3363,3726
3327,3721
3311,3693
3229,3623
3193,3607
3173,3424
3882,3702
3858,3654
3836,3510
3824,3449
3653,3607
3461,3494
3285,3415
3189,3363
3037,3238
3005,3261
2925,3182
2837,3401
2797,3358
2681,3260
2585,3508
2497,3436
2481,3399
2441,3400
2357,3301
2325,3284
2281,3227
2273,3223
2253,3225
2151,3440
2055,3406
2039,3405
1967,3289
1919,3283
1911,3289
1843,3184
1795,3210
1787,3189
1751,3134
1727,3116
1723,3049
1665,3460
1649,3484
4122,4790
4022,4211
3974,4025
3930,4584
3906,4133
3836,4706
3796,4574
3752,4658
3732,4728
4433,4940
4409,5134
4383,5137
4371,5179
4116,4982
3924,4839
3716,4816
3620,4514
3468,4467
3356,4534
3252,4414
3196,4186
3188,4451
3024,4356
2928,4006
2840,4270
2784,4231
2700,3826
2684,3984
2636,3933
2592,3734
2564,3709
2560,3824
2414,3620
2334,4055
4476,4903
4292,4486
4204,4364
4172,4260
4008,7305
3920,4394
3888,3745
3796,3776
3760,3644
3736,3640
3634,3771
3570,3788
3474,3467
3414,3651
3374,3700
3338,3372
3314,3360
3256,3400
3224,3337
3188,3368
3919,3679
3877,3400
3857,3365
3835,3613
3825,3505
3592,3224
3432,3181
3288,3186
3192,3027
3040,2938
2944,3276
2856,2967
2840,2831
2800,2979
2652,2893
2588,3376
2500,3049
2484,3990
2444,4443
2360,4366
2328,4409
2284,4338
2276,4302
2256,4258
2154,4459
2122,4151
2042,3977
1970,3926
1954,3971
1914,4233
1846,4246
1830,3919
1790,3903
1754,3741
1746,4694
1730,3869
1668,3690
1652,4065
4141,4915
4085,4356
4009,4246
3969,5682
3925,4922
3855,4781
3807,5107
3763,5643
4486,4882
4444,6731
4416,4980
4390,4757
4376,6554
4183,4693
3959,4549
3751,4434
3719,4373
3623,4356
3439,4213
3343,4191
3239,4074
3199,4035
3059,3929
2947,3905
2931,4540
2827,3794
2779,3838
2703,3857
2647,4111
2639,4115
2587,3950
2567,3931
2449,3837
2525,4043
4543,5069
4375,4558
4279,4486
4207,5206
4091,4423
3995,4781
3923,4545
3839,4296
3799,4195
3755,4135
3739,4204
3589,4206
3517,3983
3477,3991
3401,4075
3369,4165
3333,4111
3317,3900
3259,3861
3199,3781
3926,3947
3888,4257
3864,3940
3842,3847
3830,4826
3659,3795
3467,3668
3291,4013
3259,3682
3179,3581
3011,3481
2931,3424
2843,3670
2811,4214
2687,4342
2591,3426
2575,3100
2487,2982
2455,3288
2379,3609
2331,3915
2323,3829
2279,4057
2263,3783
2157,3743
2125,4752
2061,5577
1973,5295
1957,5395
1917,5156
1849,4169
1833,4132
1801,4082
1757,4010
1749,4086
1733,4047
1729,3984
1655,3952
4144,4662
4096,4158
4012,4033
3972,5300
3928,4595
3908,4807
3810,4716
3766,4609
4489,4911
4447,4792
4419,4836
4393,4991
4379,4770
4186,4685
3962,4619
3754,4371
3722,4403
3626,4290
3442,4163
3346,4148
3242,4197
3202,4281
3062,4041
2950,4078
2934,4137
2830,3843
2782,3731
2706,3887
2650,3687
2642,3648
2590,3780
2570,4004
2452,3318
4690,4418
4546,4064
4378,3736
4282,3898
4186,3927
4094,3516
3998,3571
3902,11809
3842,7026
3794,5104
3758,3593
3672,3771
3592,3290
3504,3451
3472,4261
3404,3460
3344,4477
3324,4496
3278,4359
3238,4493
3202,4362
3929,4652
3883,5721
3863,4558
3841,4434
3831,5934
3598,4910
3438,4143
3294,4163
3198,5071
3046,3834
2950,4051
2862,3997
2846,3768
2806,4032
2658,3906
2594,3559
2506,3789
2458,3732
2450,3486
2366,3403
2334,3654
2290,3340
2282,3309
2262,3632
2160,3195
2064,3146
2048,3452
1960,3178
1928,3053
1920,3268
1836,3297
1804,2917
1796,2970
1760,3186
1736,2794
1732,2941
1674,3061
1658,2801
4131,4410
4031,4257
3983,4387
3939,4007
3915,4823
3845,4591
3805,5128
3761,4875
4488,5275
4442,4898
4418,5139
4392,5226
4380,5082
4125,5024
3933,4743
3725,4808
3645,4373
3477,4606
3365,4669
3261,4097
3205,4103
3197,4406
3033,4359
2937,3894
2849,4237
2793,4042
2785,3934
2693,3720
2653,4106
2601,3882
2593,3586
2569,3897
2455,3978
4581,3989
4485,4301
4301,3948
4229,3852
4181,4215
4017,3952
3945,3613
3897,4052
3829,3981
3769,3542
3749,11067
3643,7610
3579,5041
3507,3670
3423,3797
3383,3407
3347,3575
3327,3709
3265,3283
3233,3404
3197,3553
3928,4372
3886,3451
3866,3695
3844,3390
3834,3252
3601,3479
3441,3180
3265,3140
3201,3450
3049,3109
2953,3061
2865,3491
2817,3310
2809,2851
2661,3078
2581,3519
2509,2910
2461,2664
2453,2963
2369,2742
2337,2538
2293,3203
2285,3956
2265,4331
2163,4347
2067,4407
2051,3983
1963,4205
1931,3935
1923,3813
1839,3772
1807,3977
1799,3739
1763,3635
1739,3864
1735,3841
1677,3545
1661,3526
4134,4637
4034,4399
3986,4043
3942,4461
3918,4677
3848,4830
3808,4574
4515,4879
4491,5059
4445,5042
4421,4632
4395,4937
4383,4820
4128,4567
3936,4400
3760,4740
3648,4577
3480,4011
3368,4339
3264,4411
3248,3768
3200,3711
3036,3921
2956,3809
2852,3443
2796,3425
2788,3694
2696,3427
2656,3371
2604,3714
2596,3654
2572,3315
2458,3416
4584,4242
4504,3963
4352,3828
4232,4089
4188,4135
4068,3726
3948,3591
3908,3964
3832,3574
3800,3525
3752,3811
3678,3710
3598,3364
3510,3451
3478,3611
3410,3295
3350,3249
3330,3543
3284,3500
3244,3182
3959,3282
3935,3577
3897,3265
3873,3572
3851,3562
3839,3502
3668,3073
3476,3051
3300,3209
3204,2868
3188,2915
3020,2876
2940,3264
2852,2883
2820,2923
2696,3213
2600,2891
2584,2964
2496,3023
2456,3098
2388,2859
2340,2947
2332,3240
2288,2990
2272,2882
2166,2811
2134,3223
2070,2746
1982,2698
1966,2972
1934,3430
1858,2830
1842,2889
1810,3146
1766,2804
1758,2806
1742,2806
1738,3097
1680,2717
4153,4446
4105,3939
4037,4250
3989,4383
3937,4772
3917,4716
3851,4429
4570,4990
4518,4783
4494,4663
4448,4817
4424,4836
4398,4925
4386,4416
4131,4652
3939,4497
3731,4055
3635,4363
3483,4283
3371,3957
3267,3801
3211,3995
3203,3954
3039,3650
2943,3820
2855,3830
2799,3662
2791,3429
2699,3669
2659,3353
2607,3275
2599,3688
5013,4169
4827,3880
4587,4066
4507,4011
4355,3628
4235,3686
4187,3982
4071,3517
3951,3538
3911,3670
3835,3381
3803,3328
3755,3620
3681,3570
3601,3225
3513,3214
3481,3475
3413,3143
3381,3094
3333,3318
3287,3005
4006,3141
3962,3383
3938,3279
3900,3173
3876,3546
3854,3455
3842,3162
3671,3131
3479,3240
3303,2921
3271,2927
3191,3144
3023,2909
2943,2773
2871,3111
2823,2907
2699,3375
2667,4114
2587,4063
2499,3818
2467,3808
2391,3995
2375,3795
2335,3751
2299,3771
2275,3897
2271,3674
2137,3472
2073,3761
2057,3551
1969,3340
1937,3416
1861,3468
1845,3206
1813,3190
1805,3491
1761,3157
1745,3212
1741,3469
4308,4534
4228,4301
4108,4908
4040,4958
3992,4538
3948,4220
3924,4579
4621,4771
4573,4656
4521,4511
4497,4580
4451,4648
4427,4356
4401,6093
4389,5686
4134,4499
3942,4742
3766,4363
3654,4609
3486,4657
3374,5123
3270,4619
3254,4516
3206,4752
3042,4400
2962,4217
2858,4346
2802,4401
2794,4185
2702,4153
2662,4141
2610,3855
5064,4779
5016,4643
4830,4582
4702,4475
4510,4400
4358,4589
4238,5608
4198,4715
4074,4425
3954,4167
3914,4274
3838,4058
3806,3849
3758,3975
3684,3892
3604,3761
3516,3651
3484,3966
3416,3744
3384,3584
3336,3636
4057,3854
4009,3630
3965,3889
3941,3890
3903,3580
3879,3668
3857,3825
3845,3560
3674,3536
3482,3469
3306,3292
3210,3338
3194,3458
3026,3192
2946,3176
2858,3255
2826,3273
2702,3072
2606,3055
2590,3035
2502,2973
2462,2863
2394,2904
2346,2827
2338,2755
2294,2946
2278,3011
2172,2925
2140,3061
2076,2929
1988,2743
1972,2973
1940,2758
1864,2569
1848,3162
1816,3586
1772,3481
1764,3668
1748,3565
4425,4459
4247,4809
4159,4531
4111,4842
4027,4531
3987,4534
3943,4405
4640,4632
4584,4714
4532,4647
4504,4551
4462,4573
4434,4749
4408,4365
4394,4804
4201,4705
3977,4180
3769,4120
3657,4138
3489,3916
3377,3983
3361,4015
3257,3653
3209,3794
3045,3552
2965,3394
2861,3402
2805,3768
2797,3443
2705,3680
2665,3739
2613,3543
5067,4045
5019,4130
4833,3802
4593,3779
4497,3827
4313,3604
4225,3665
4109,3777
4029,3492
3941,3460
3857,3506
3817,3349
3773,3342
3757,3451
3607,3238
3535,10454
3487,6986
3419,4568
3387,3069
3351,3153
4060,3316
4012,3144
3968,3148
3944,3371
3906,3090
3878,3025
3856,3218
3846,2995
3613,2899
3466,2937
3309,2921
3213,3010
3061,2883
2965,2958
2877,2891
2829,2906
2821,2970
2673,3006
2593,3007
2521,3020
2473,3064
2397,3023
2381,2811
2341,3011
2305,2789
2281,2782
2277,2934
2143,2636
2079,2592
1991,2796
1975,2715
1935,2771
1867,2730
1851,2820
1811,2577
1775,2778
1767,3001
1751,2823
1689,2686
1673,2890
4162,4819
4106,5392
4030,3908
3990,4437
3930,4167
3876,4419
4587,4315
4535,4259
4507,14224
4465,6639
4437,5452
4411,4096
4397,4343
4204,4158
3980,4019
3772,4134
3660,3828
3492,3758
3380,3974
3276,3926
3260,3765
3212,3678
3048,3769
2952,3734
2864,3441
2808,3465
2800,3685
2708,3324
2660,3406
2616,3406
2588,3642
2584,3789
4740,4291
4564,4245
4396,4110
4316,4079
4228,4038
4112,3952
4016,3906
3944,3876
3860,3822
3820,3812
3776,3757
3760,3738
3610,3654
3538,3581
3490,3547
3422,3479
3390,3522
3342,3413
3296,3432
3256,3364
3971,3527
3947,3524
3901,3667
3881,3645
3859,3473
3849,3644
3616,3443
3456,3318
3280,3395
3200,3316
3064,3092
2968,3232
2880,3163
2832,2966
2708,3039
2676,3122
2596,2846
2508,3532
2476,4985
2400,4584
2352,5001
2344,5107
2300,4369
2284,5098
2178,4646
2146,4500
2066,5693
1994,4874
1978,4189
1938,4785
1870,4865
1854,4298
1814,4347
1778,4538
1770,4149
1750,4244
1692,4391
1676,4066
1644,4448
1636,4401
4001,4520
3957,4781
3933,4998
3879,4572
3827,4988
3779,5428
4506,4799
4460,5073
4436,5042
4410,4887
4398,5182
4143,4957
3951,4639
3743,4772
3663,4617
3495,4361
3383,4891
3279,4423
3223,4111
3215,4493
3051,4210
2955,3981
2867,4183
2811,4185
2727,3791
2711,4097
2663,4045
2619,3655
2591,3985
2587,4297
2441,3634
4567,4119
4399,4149
4319,4015
4231,5237
4115,4424
4019,3598
3947,5196
3863,4300
3823,4951
3779,5017
3763,3873
3613,3695
3541,4923
3501,3767
3425,3481
3393,3979
3357,3602
3299,3434
3259,3713
3223,3850
3203,4118
3912,3841
3888,3573
3866,3484
3854,3957
3683,3785
3491,2990
3315,3964
3219,3750
3067,2873
3035,3469
2955,3495
2867,3119
2827,3177
2679,3634
2615,2923
2527,9314
2479,8141
2471,4225
2387,3793
2355,3835
2311,3290
2303,3608
2283,3945
2181,3472
2085,3450
2069,3825
1981,3378
1949,3261
1873,3708
1857,3349
1825,3206
1781,3466
1773,3318
1757,2878
1753,3044
1679,3450
1647,2761
1639,3044
1603,3340
1595,2729
3936,5022
3882,3971
3834,4963
3790,4970
3766,4303
3732,4320
4439,4662
4413,4598
4401,4575
4146,4405
3954,4264
3746,4447
3666,4390
3498,3996
3386,4280
3282,4326
3226,3978
3086,4855
3054,5805
2958,5339
2854,5234
2814,7299
2730,5256
2674,6643
2666,5107
2614,5029
2594,6650
2476,4896
2444,5140
2348,4491
2260,4522
4250,7878
4202,5694
4086,4714
3966,4910
3918,4147
3826,4152
3790,4078
3766,4839
3664,4155
3544,4731
3504,4218
3428,4305
3396,4425
3360,4522
3302,4577
3262,4382
3226,3487
3206,4080
3168,4195
3152,3822
3134,3414
3855,3974
3622,3921
3462,4855
3286,3624
3206,4464
3038,4021
2974,3270
2886,3895
2838,3428
2714,3011
2682,3752
2602,3537
2514,2934
2482,3455
2406,3420
2390,2983
2350,3046
2314,2827
2290,3188
2286,2526
2152,3313
2088,4199
2000,4155
1984,4079
1952,4057
1944,4073
1860,3981
1828,3952
1820,3946
1776,3922
1760,3910
1756,3900
1698,3828
1682,3809
1650,3788
1642,3752
1598,3745
1582,3679
1578,3660
1544,3669
3837,4399
3793,3930
3769,4326
3735,4446
3711,3985
3689,4508
4406,4923
4213,4809
3989,4662
3957,4561
3749,4467
3653,4136
3469,4048
3389,4450
3285,3970
3229,3959
3221,4224
3057,3999
2961,3723
2873,3831
2817,3810
2809,3761
2717,3863
2677,3841
2625,3805
2617,4052
2593,3898
2479,3814
2447,3767
2351,3711
2263,3643
4309,4559
4213,4468
4121,4428
4025,4349
3953,4373
3869,4270
3829,4266
3785,4237
3769,4206
3667,4120
3547,4061
3507,4021
3447,3963
3407,4084
3371,3948
3351,3680
3305,3276
3265,4095
3221,4242
3207,4562
3918,4819
3894,4456
3872,4399
3860,4714
3689,4351
3497,4118
3321,4280
3289,4358
3209,3930
3041,4069
2961,4248
2889,3635
2841,4006
2717,3840
2685,3504
2605,3673
2533,3750
2485,3472
2477,3517
2393,3668
2361,3309
2317,3252
2309,3604
2289,3234
2187,3176
2091,3423
2075,3115
2003,3039
1955,3331
1947,3009
1879,2860
1863,3168
1823,2920
1787,2837
1779,3126
1763,2976
1701,2835
1685,3041
1653,3035
1645,3169
1609,2882
4002,4380
3958,4526
3938,4196
3872,4647
3796,4535
4519,14553
4477,6451
4449,5271
4423,4770
4409,4681
4216,4998
3992,4683
3960,4787
3752,4582
3656,4689
3472,4345
3376,4394
3288,4454
3232,4178
3092,4383
2980,12410
2964,7531
2860,5346
2820,3971
2736,3788
2680,3749
2672,3918
2620,3692
2600,3645
2482,3611
4752,4364
4576,4261
4408,4446
4312,4167
4240,4101
4124,4008
4028,3997
3956,3896
3872,4182
3832,3853
3788,3817
3772,3805
3622,3682
3550,3672
3510,3810
3434,3589
3402,3562
3366,3579
3350,3761
3268,3729
3232,3910
3959,3834
3921,3781
3897,4070
3875,3719
3863,3720
3692,3650
3500,3564
3324,3494
3292,3744
3212,3418
3044,3355
2964,3235
2876,3470
2844,3470
2720,3644
2624,3610
2608,3705
2520,3459
2488,4071
2412,4250
2364,4444
2356,3915
2312,4138
2296,4078
2190,3707
2158,4002
2094,3929
2006,3581
1990,3767
1950,3907
1882,3469
1866,3803
1834,3901
1790,3518
1782,3629
1766,3693
1762,3373
1688,3618
1656,3525
1648,3273
1612,3484
4005,4820
3961,5224
3941,4659
3843,4830
3799,5178
4522,5358
4480,5196
4452,5438
4426,5343
4412,5018
4219,5451
3995,5155
3787,4547
3675,4814
3507,4591
3475,4138
3379,4642
3275,4454
3227,3951
3095,4502
2983,4242
2879,3747
2863,4135
2815,4060
2723,3568
2683,4138
2631,3955
2623,3476
2599,3563
2485,3779
4611,3841
4515,3918
4331,4079
4259,3786
4211,3775
4047,4126
3959,3917
3927,3622
3835,3911
3799,3812
3775,3334
3673,3894
3553,10850
3513,6885
3453,4906
3405,3725
3369,3374
3353,3352
3295,3657
3263,3308
3227,3314
3924,3660
3900,3227
3878,3354
3866,3616
3695,3091
3631,3224
3471,3526
3295,3050
3215,3055
3047,3366
2967,2868
2895,2924
2847,2960
2723,3208
2627,2800
2611,2779
2523,3290
2491,2766
2415,2786
2367,3141
2359,2680
2315,2698
2299,3107
2193,2911
2161,3063
2097,3850
2009,4023
1993,3679
1953,3661
1885,3820
1869,3539
1829,3529
1793,3753
1785,3779
1769,3437
1707,3393
1691,3676
1659,3337
1651,3349
1615,3645
1607,3284
3948,4625
3894,4357
3846,4359
3802,4390
3778,4792
4483,4964
4455,5395
4429,5383
4415,4930
4222,5253
3998,4922
3790,4483
3678,5062
3510,4598
3478,4579
3382,4448
3278,4584
3230,4546
3098,4127
2986,12065
2882,7646
2866,5415
2818,3793
2726,4299
2686,3965
2634,3728
2626,4015
2602,4036
2488,3740
2456,3775
4534,4063
4382,3783
4262,4075
4214,3879
4098,3668
3978,4298
3938,3845
3862,3430
3802,3369
3782,3702
3708,3379
3612,3512
3540,3720
3456,3470
3416,3361
3380,3629
3360,3254
3314,10083
3266,8686
3230,4672
3214,3502
3919,3720
3899,3613
3877,3327
3867,3318
3634,3411
3474,3133
3298,3053
3218,3374
3082,3274
2986,3079
2898,3026
2850,3472
2842,3150
2694,2998
2614,3290
2542,2998
2494,2939
2418,3375
2402,3199
2362,3002
2326,3262
2302,3249
2298,2943
2164,2869
2100,3121
2012,2693
1996,2992
1964,3260
1888,2968
1872,2944
1840,3189
1796,3086
1788,2853
1772,2862
1768,3117
1694,3055
1662,3017
1654,3263
1618,3022
1610,2951
1594,3190
3947,4606
3849,3805
3805,3837
3781,4979
4486,5412
4458,4937
4432,5206
4418,5036
4225,4688
4001,4426
3793,4512
3681,4396
3513,3997
3481,4095
3385,4229
3281,4106
3233,3868
3101,3746
2989,3959
2885,3759
2869,3596
2821,3848
2729,3752
2689,3409
2637,3384
2629,3760
2605,3502
2491,3234
2379,3325
2363,3523
4361,3631
4265,3755
4217,3872
4053,3802
3981,3565
3933,3584
3865,3812
3805,3374
3785,3299
3679,3695
3615,3523
3519,3256
3459,3321
3419,3499
3383,3233
3359,3165
3301,3444
3269,3190
3233,9446
3217,7166
3922,4574
3902,3412
3880,3146
3870,3425
3637,3039
3477,2964
3301,3182
3221,3135
3053,3379
2973,3270
2901,3428
2853,3199
2729,3213
2697,3682
2617,2637
2529,2480
2497,2555
2421,2905
2373,2676
2365,3071
2321,3628
2305,3668
2199,3287
2167,3432
2087,3617
2015,3183
1999,3083
1959,3366
1891,3445
1875,2992
1835,3189
1799,3211
1791,2925
1771,2896
1713,3139
1697,2880
1665,2823
1657,3103
1613,2869
1597,2737
1593,3043
1559,3082
3844,4253
3800,3722
3780,4250
3742,4640
4457,4528
4431,4982
4419,4729
4164,4815
3972,4696
3764,4538
3668,4176
3516,4592
3404,4171
3300,4115
3244,4301
3236,3896
3072,3770
2976,11773
2888,8145
2832,5395
2748,3859
2732,3530
2684,3334
2640,3595
2612,3342
2608,10469
2462,7087
2382,4278
2278,3387
4324,4256
4252,4122
4136,3762
4040,4064
3968,3814
3884,3631
3844,3979
3800,3847
3784,3572
3634,3774
3562,3434
3514,3418
3446,3928
3414,3334
3378,3330
3320,3609
3280,3200
3244,3234
3224,4086
3194,3525
3174,3446
3887,4218
3875,3343
3704,3170
3512,3468
3336,3240
3240,2994
3088,3310
2992,3082
2976,2854
2888,3149
2848,2957
2700,2927
2636,3207
2548,3214
2500,2809
2492,2832
2408,3232
2376,3127
2332,3061
2324,3456
2304,3055
2202,3009
2106,3283
2090,3677
2002,2392
1970,2870
1962,2873
1878,2456
1846,2808
1838,2843
1794,2838
1778,2839
1774,3042
1716,2771
1668,2748
1660,3213
1624,2914
1616,2987
1600,3103
1596,3232
1562,3172
1554,3584
3787,4609
3753,4142
3729,4756
3707,4601
4424,4858
4231,4909
4007,4356
3975,4384
3767,13478
3671,7005
3487,5135
3391,4454
3287,4376
3247,3753
3107,4205
2995,4129
2979,3650
2875,11432
2827,7814
2751,4882
2695,3487
2687,3895
2635,3333
2615,3572
2497,3752
2465,3332
2369,3432
2281,3974
2265,3503
4231,3809
4107,4197
4043,3841
3947,3968
3887,4127
3839,3649
3803,3731
3717,4103
3637,3973
3549,3226
3517,3212
3449,3502
3389,3235
3369,3120
3323,3512
3283,3437
3247,3049
3227,3530
3197,3369
3173,2982
3155,2985
3877,3469
3707,3051
3515,3000
3339,3264
3243,2794
3091,2789
2995,3104
2907,2638
2891,2728
2851,3093
2703,2649
2639,2705
2551,3127
2503,2690
2495,2772
2411,2927
2379,3181
2335,2777
2327,3198
2307,3103
2205,2622
2109,2638
2093,3051
2005,2565
1973,2536
1965,3071
1881,2568
1849,2609
1841,2874
1797,2557
1781,2510
1777,3065
1719,2651
1671,2654
1663,2969
1627,2692
1619,2661
1603,2974
1599,2744
1565,2624
1541,2573
1537,2917
3756,4600
3732,4162
3710,4064
3698,5213
4234,4893
4010,4747
3802,4515
3690,4796
3674,4686
3490,4214
3394,4570
3290,4497
3250,4019
3110,3916
2998,4237
2894,3794
2878,3807
2830,4200
2754,4071
2698,3649
2690,4057
2638,4033
2618,3587
2500,3867
2468,3928
2372,3399
2284,3348
2228,3647
2220,3342
4110,3705
3990,4107
3950,4045
3874,3623
3842,3936
3794,3882
3720,3492
3624,3433
3552,3806
3468,3401
3428,3268
3392,3807
3372,3423
3310,11155
3278,6460
3242,4932
3226,2963
3192,3233
3176,10988
3158,5985
3879,4581
3646,3559
3486,3260
3310,2950
3230,3450
3062,3003
2998,2887
2910,3258
2862,2883
2738,2818
2706,3226
2626,2735
2554,2707
2506,3015
2430,2650
2414,2782
2374,3103
2338,2699
2314,2832
2310,3193
2176,2773
2112,2756
2096,3120
2008,2676
1976,2678
1900,2980
1884,2585
1852,2713
1844,3110
1800,2717
1784,2707
1780,3065
1722,2598
1674,2762
1666,3097
1630,2736
1622,2701
1606,3056
1602,2673
1568,2638
1560,3110
1544,2612
1540,2846
3751,4730
3731,4565
3709,6308
4428,10027
4173,6300
3981,4366
3773,4341
3677,4871
3493,4596
3413,4075
3309,4754
3253,4463
3113,3815
3081,4415
2985,4291
2881,3852
2841,4191
2757,4174
2741,3559
2693,3675
2649,4161
2621,3734
2617,3439
2471,4021
2391,3394
2375,3335
2271,3811
2231,3297
2147,3212
4065,4110
3977,3523
3945,3530
3853,3995
3817,3904
3793,3415
3691,3899
3571,6394
3531,5630
3471,5048
3431,3544
3387,3311
3371,3384
3313,3709
3281,3020
3245,3012
3229,3297
3195,2954
3179,2949
3161,3088
3882,3495
3649,3140
3489,3242
3313,3148
3233,3216
3065,3083
3001,3063
2913,2904
2865,3151
2857,3163
2709,3074
2629,2959
2557,3047
2509,2852
2433,2789
2417,2947
2377,2707
2341,2881
2317,2943
2313,3182
2179,2796
2115,2873
2099,2781
2011,2891
1979,3045
1971,2901
1887,2816
1855,2976
1847,2875
1811,2809
1787,2722
1783,2863
1725,2973
1709,3058
1677,3021
1633,2891
1625,2869
1609,3123
1605,2890
1571,2885
1563,3055
1547,2838
1543,2929
3754,4206
3734,4626
3712,4231
4431,4513
4176,4551
3984,4281
3776,4460
3696,4443
3528,4096
3416,4269
3312,4282
3256,3930
3248,4127
3084,12398
2988,7409
2900,5200
2844,3917
2836,3794
2744,3695
2696,5001
2652,4336
2624,4283
2620,5322
2474,4832
2394,4085
2378,5376
2274,4508
2234,4035
4232,6409
4068,4973
3980,4370
3948,4854
3856,5926
3820,4297
3796,5664
3694,4641
3574,4147
3534,5857
3474,4629
3426,4527
3390,4351
3374,4566
3316,4408
3284,4276
3248,4474
3232,4690
3186,3934
3168,4429
3158,4354
3716,3984
3652,3900
3492,4689
3316,4266
3236,3720
3068,3540
2988,3136
2916,3291
2868,3583
2744,3708
2648,3518
2632,3391
2544,3698
2512,3504
2436,3241
2388,3214
2380,3501
2336,3180
2320,3173
2214,3330
2182,3222
2102,3034
2030,2951
2014,3195
1974,2971
1906,2881
1890,3163
1850,2945
1814,2795
1806,3101
1790,2957
1728,2743
1712,2709
1680,3199
1672,3245
1636,3182
1612,3522
1608,3302
1574,3157
1566,3446
1550,3352
1546,3109
1528,3091
3737,4306
3715,4144
3705,3894
4179,5526
4019,4817
3811,5023
3699,4818
3531,4561
3419,4668
3315,4704
3299,4287
3251,4204
3087,4438
2991,4119
2903,3920
2847,4264
2839,4496
2747,3984
2699,3854
2655,4317
2627,3980
2623,3775
2477,4102
2397,3714
2381,3500
2277,3766
2237,3835
2153,3507
4071,4315
3983,4228
3899,3951
3859,3838
3815,4124
3799,4112
3649,3700
3577,3633
3537,3813
3461,3648
3429,3621
3393,3821
3335,3813
3295,3469
3259,3412
3239,3674
3209,3406
3189,3349
3171,3643
3161,3381
3054,3232
3527,3644
3351,3199
3255,3184
3103,3387
3007,3314
2919,2967
2903,3008
2863,3369
2715,3077
2635,2909
2563,3440
2515,3330
2507,3079
2423,3046
2383,3246
2347,3006
2323,2967
2319,2962
2185,3135
2121,3079
2105,3059
2017,3293
1985,3512
1909,3146
1893,3161
1861,3405
1817,3073
1809,3113
1793,3349
1789,3329
1715,3000
1683,2967
1675,3217
1639,2943
1631,2927
1615,3180
1611,3020
1569,2869
1553,3176
1549,2864
1531,2845
1527,2836
1519,3086
3710,4320
3581,4164
3990,4067
3814,4211
3702,4878
3534,4345
3422,4685
3406,4395
3302,4232
3254,4100
3090,4263
3010,4582
2906,3912
2850,4085
2842,4077
2750,3609
2710,3819
2658,4017
2630,3942
2626,3768
2480,3745
2400,3645
2384,3527
2280,3621
2240,3753
2156,3534
2140,3624
2100,3665
3902,4205
3862,3913
3818,4006
3802,4183
3652,4059
3580,3866
3532,3841
3464,4624
3432,3847
3396,3727
3338,3688
3298,3815
3262,5904
3242,3641
3212,3544
3192,3720
3170,3462
3162,3556
2993,3651
2897,3511
3354,3498
3258,3412
3106,3517
3010,3231
2922,8885
2874,10643
2866,6963
2718,2962
2638,2756
2550,2782
2518,2966
2442,2717
2426,2679
2386,2939
2342,3035
2326,3021
2220,2945
2188,3296
2108,3409
2036,3089
2020,3062
1980,3186
1912,2960
1864,2917
1856,3111
1820,3619
1796,2893
1792,2872
1734,2958
1718,2975
1678,3024
1642,3099
1634,3102
1618,2939
1614,2952
1580,3081
1556,2828
1552,2899
1534,2887
1530,3014
1522,2828
1520,3996
1429,3489
1397,3692
3216,4660
3120,4529
3537,3876
3425,4222
3321,3971
3265,4185
3125,4110
3093,4336
2997,4007
2893,5166
2853,4059
2769,3965
2713,3902
2705,4656
2653,3787
2633,3655
2515,10902
2403,7607
2387,4732
2299,3981
2243,3710
2235,3265
2143,3323
2103,3510
2095,3296
2043,3228
2023,3686
3805,4193
3703,3641
3583,4004
3543,3934
3467,3614
3435,3443
3399,3744
3383,3495
3301,3408
3265,3632
3245,3560
3215,3309
3195,3298
3177,3610
3167,3263
3060,3174
2900,3494
2756,3248
2676,3008
2556,3261
2476,3309
2997,3193
2909,3137
2869,3402
2721,3023
2657,3014
2569,3253
2521,2888
2513,2944
2429,3310
2389,3017
2353,2976
2329,3152
2325,2953
2191,2883
2127,3194
2039,2920
2023,2785
1991,3059
1915,2756
1899,2683
1867,3240
1823,3215
1815,2887
1799,2838
1795,3160
1721,2761
1689,2774
1681,3098
1645,2696
1637,2981
1621,3183
1617,2945
1583,2909
1559,3121
1555,2874
1537,2848
1533,3084
1525,2846
1523,2812
1432,3001
1400,3088
1336,2701
1336,2968
1320,3018
2955,3437
2875,3406
3308,3679
3268,3977
3128,3798
3016,3957
3000,4071
2896,4190
2848,4008
2772,4200
2716,4282
2708,3658
2656,10746
2636,9274
2518,5019
2486,4014
2406,4058
2302,4006
2286,3643
2246,3598
2162,3817
2146,3883
2106,3457
2054,3745
2046,3757
2026,3396
2022,3402
3658,4062
3586,4036
3546,3775
3486,4053
3438,3955
3402,3641
3386,3619
3328,3927
3296,3792
3260,3544
3244,3835
3210,3950
3194,3434
3176,3454
3168,3743
2999,3277
2871,3279
2727,3567
2663,3463
2527,3044
2479,3111
2928,3440
2880,3149
2872,3115
2724,3335
2644,3300
2572,2978
2524,3097
2516,3391
2432,3002
2400,3030
2356,3271
2348,2977
2328,2943
2226,3198
2130,2872
2114,3053
2042,3084
1994,3208
1986,2957
1918,2913
1870,3177
1862,2906
1826,2873
1818,3210
1798,3372
1740,2947
1724,3094
1692,3342
1684,2949
1648,2956
1624,3209
1620,2896
1586,2904
1578,3434
1562,3413
1558,3076
1540,3109
1536,3524
1528,3108
1526,3082
1435,3284
1403,2989
1339,2959
1339,3342
3110,3883
2958,3468
3415,4401
3327,5636
3271,4886
3131,3907
3099,5860
3003,4525
2899,4244
2859,4423
2775,4726
2759,4261
2711,4289
2667,5502
2639,4633
2635,4179
2521,4146
2409,4576
2393,5031
2305,3967
2249,4488
2241,4045
2165,3656
2109,3919
2101,3840
2057,3661
2049,3602
3827,5519
3741,4791
3661,3953
3589,4193
3541,4446
3473,3885
3441,4847
3405,5085
3389,3744
3331,4190
3299,3896
3263,3769
3247,4085
3213,3780
3197,15724
3179,5053
3171,5010
3002,4853
2874,4640
2762,3569
2682,3420
3115,3791
3019,3228
3003,13598
2915,5772
2883,4548
2759,3301
2663,3677
2647,3451
2559,11033
2527,6650
2451,4433
2435,3545
2395,4537
2359,3471
2351,3124
2331,3616
2229,4104
2133,3681
2117,3562
2045,3477
1997,2827
1989,3002
1921,3268
1905,3068
1865,2792
1829,3605
1821,3044
1805,2747
1801,2865
1743,3292
1695,2695
1687,3142
1651,2862
1643,2706
1627,3288
1623,3080
1589,2828
1581,3026
1565,3258
1561,2871
1543,2792
1539,3025
1531,2632
1529,2779
3593,4211
4194,4167
4002,4363
3794,4192
3698,4826
3514,4704
3434,18230
3330,10709
3274,7369
3266,4212
3102,4360
3006,4511
2918,4548
2862,4319
2854,15185
2762,6584
2722,5473
2670,5012
2662,4861
2642,12489
2524,5483
2492,5307
2396,4537
2308,5035
2292,4232
2244,5322
2168,3486
4070,3964
3998,4007
3914,3722
3874,3858
3838,4007
3814,3633
3712,3723
3648,3889
3576,3713
3492,3614
3452,3861
3416,3564
3396,3413
3350,3472
3310,3576
3274,3346
3254,3399
3224,3541
3204,3518
3186,3341
3905,3652
3734,3469
3670,3370
3510,3286
3334,3363
3254,3121
3118,3084
3022,3437
2934,3082
2918,3141
2878,3449
2762,3394
2666,3150
2650,3158
2562,3229
2530,3041
2454,3012
2438,3177
2398,2904
2362,2988
2338,3100
2334,2845
2232,3685
2136,3109
2120,2884
2048,2917
2000,3002
1992,2891
1924,2799
1876,2955
1868,2761
1832,2966
1824,3127
1804,2766
1746,2865
1730,3067
1698,4063
1690,3400
1654,3892
1646,3838
1630,4248
1626,3572
1592,3622
1584,3952
1564,3453
3813,4898
4494,4889
4468,5384
4454,4837
4261,5801
4037,5879
4005,4671
3797,5011
3701,5646
3517,4549
3421,5723
3317,13287
3277,6667
3137,6243
3025,5657
2921,4681
2905,5301
2857,4427
2781,4558
2725,4203
2673,4436
2665,4087
2641,12912
2527,6582
2415,5933
2399,4024
4421,4325
4301,4684
4253,4396
4089,4353
4017,4612
3969,4754
3901,4230
3841,4408
3821,4716
3715,4988
3651,4202
3555,4994
3495,4160
3451,4095
3411,4715
3395,4638
3337,4095
3305,4677
3257,4562
3227,3965
3207,4595
3920,4660
3908,4013
3737,4583
3545,4389
3369,3885
3273,3779
3121,4400
3089,4349
3009,3883
2921,4293
2881,3978
2765,3711
2669,4315
2581,4127
2565,3845
2525,3415
2441,3893
2409,3428
2365,3552
2357,4015
2337,3399
2235,4069
2139,3783
2123,3232
2035,3140
2003,3489
1995,3089
1911,2979
1879,3549
1871,3240
1827,2978
1811,3411
1807,3692
1749,2872
1733,2915
1693,3466
1657,3255
1649,2810
1633,3393
1629,3070
1595,2767
1587,3306
1571,3413
1567,3139
1549,2940
3758,4827
4467,4850
4455,4959
4200,4729
4008,4990
3800,4889
3704,5213
3520,4547
3424,4988
3336,4790
3280,4637
3140,4252
3028,4606
3012,4628
2908,4165
2860,4693
2784,4576
2728,3967
2720,4483
2668,4350
2648,4125
2530,3798
2498,4472
2402,4401
2314,3676
2298,4459
4264,4607
4140,4097
4076,4445
3980,4271
3904,4050
3872,4048
3824,4375
3750,3975
3654,3772
3582,4235
3550,4228
3458,3626
3422,4040
3402,4446
3356,3516
3308,3551
3272,3993
3256,3512
3222,3543
3206,4318
3188,4230
3909,3704
3676,4400
3516,3961
3340,3634
3260,3303
3124,3899
3028,3242
2940,3003
2892,3473
2768,3469
2736,2918
2656,2892
2568,3345
2536,9015
2460,8179
2444,4862
2404,3319
2360,3014
2344,3038
2238,3780
2206,2917
2142,2957
2054,3339
2038,3312
1998,2805
1930,2743
1914,3226
1874,2728
1838,2681
1830,2680
1810,3143
1752,2769
1736,2746
1704,3254
1696,3434
1652,2893
1636,2874
1632,3282
1598,2862
1590,2809
1574,3306
1570,3283
1552,2764
1548,2770
1540,3247
3729,4988
4203,4201
4011,5165
3803,4294
3723,4452
3555,5033
3443,5070
3339,4352
3323,4839
3275,4731
3111,4160
3031,4111
2927,13114
2871,8020
2863,5896
2771,4520
2731,4746
2679,4020
2671,3881
2647,4449
2533,4512
2421,3759
2405,4198
2317,4201
2261,3759
2253,3613
4143,4533
4023,3960
3983,4189
3907,4247
3875,6674
3827,5522
3753,4812
3657,4900
3585,4471
3553,4517
3485,5133
3425,4535
3405,4997
3359,4336
3319,4437
3283,4634
3263,4284
3233,4508
3213,4323
3195,4081
3914,4443
3743,4949
3551,4784
3375,4175
3279,4201
3263,5003
3095,3813
3015,6197
2927,3990
2895,3895
2771,3719
2675,3727
2659,3810
2571,3498
2539,3577
2463,3899
2447,3631
2407,4114
2371,3458
2347,3587
2343,3338
2209,3589
2145,3378
2129,3384
2041,3172
2009,3160
2001,3300
1917,3051
1885,3068
1877,3245
1841,3431
1817,3270
1813,3261
1755,4237
1739,4086
1707,3157
1699,3791
1655,3377
1639,3118
1635,3105
1601,4218
1593,4047
1577,3747
1573,3942
1555,4316
1551,3689
4477,4946
4463,4973
4270,6770
4046,4388
3838,6260
3726,5036
3710,5249
3526,5673
3430,5030
3326,5249
3286,4561
3146,4886
3034,4625
3018,4576
2914,4554
2866,4355
2790,4136
2734,4412
2726,4444
2674,3956
2654,4436
2536,4279
2504,4052
2424,4025
2320,4952
2304,3876
4270,4271
4178,4427
4082,5285
4010,4132
3926,4327
3886,5346
3842,4392
3826,4068
3676,4463
3604,4106
3564,3910
3488,3878
3456,5267
3420,4357
3404,5618
3346,6074
3286,3641
3266,3325
3236,3221
3216,3481
3929,10350
3917,7179
3746,4751
3682,3405
3522,3265
3346,3336
3266,3482
3098,3032
3018,3001
2946,3192
2898,3141
2774,3146
2742,3134
2662,3269
2574,3179
2542,3183
2466,3094
2450,3050
2410,2957
2374,3302
2350,3256
2346,2962
2212,2975
2148,3058
2132,2832
2044,2935
2012,3149
2004,3186
1920,3337
1888,3651
1880,3542
1844,3285
1820,3526
1816,3488
1758,3244
1742,3383
1710,3337
1702,3176
1658,3201
1642,3164
1638,3123
1604,3047
1596,3203
1580,3067
1576,3045
1558,3083
4506,4508
4480,4557
4466,4549
4273,4476
4049,10506
3841,6105
3729,4576
3713,4661
3529,14525
3433,6801
3329,4970
3289,4212
3149,4078
3117,4063
3021,4223
2917,4152
2877,3931
2793,3997
2777,3792
2729,11592
2685,9177
2657,5403
2653,3713
2507,3610
2427,3481
4569,3965
4385,4242
4297,4131
4265,12527
4101,7198
4029,4793
3981,3399
3913,3652
3853,3799
3833,3546
3759,3749
3663,3376
3591,3273
3559,11043
3467,10639
3431,9591
3411,5611
3365,6390
3325,4675
3289,5706
3269,3401
3978,3588
3954,3563
3932,3675
3920,3411
3749,3214
3557,5311
3525,4931
3349,5844
3269,4012
3101,3745
3021,4753
2949,4337
2901,4317
2777,2932
2745,5445
2665,2719
2593,3846
2545,3083
2537,3462
2453,2935
2421,4350
2377,3548
2369,4309
2349,3400
2247,3356
2183,2978
2135,3545
2063,2853
2015,2693
2007,2686
1939,2582
1923,2609
1883,2622
1847,3081
1839,2303
1823,2403
1761,2648
1745,3099
1713,2532
1705,2512
1669,3022
1661,2705
1645,2364
1641,3009
1607,3692
1599,2585
4599,5686
4556,5253
4529,4011
4505,4965
4479,5184
4467,4892
4212,4794
4020,6715
3812,7681
3716,4426
3564,6564
3452,4700
3348,4130
3292,4133
3284,4405
3120,3947
3024,3839
2936,4236
2880,5521
2872,6954
2780,3712
2740,4270
2688,3574
2680,3568
2656,4227
4908,4544
4668,4071
4588,4495
4436,4477
4316,3901
4276,3747
4152,5813
4088,7446
3992,7042
3932,3930
3884,3859
3848,3337
3762,3564
3682,4087
3610,3367
3562,3806
3494,4207
3462,3953
3426,3488
3410,3020
3352,3457
4079,4673
4035,4745
4015,4299
3973,5552
3953,2928
3931,2906
3921,2910
3688,2862
3528,2760
3352,3002
3288,2968
3136,4101
3040,3573
2952,4092
2936,3548
2896,4192
2748,3488
2684,3699
2596,3429
2580,3496
2540,3015
2472,3175
2424,3314
2416,3333
2372,4231
2356,3510
2250,3635
2218,3479
2154,3513
2066,3396
2050,3398
2018,3716
1942,3618
1926,3786
1894,3588
1886,3869
1842,3519
1826,3676
1822,4239
1764,4361
1748,4526
1716,4497
1708,4239
1664,4687
1648,4382
1644,4207
4718,4858
4662,4492
4610,5676
4582,4673
4540,5187
4512,4471
4486,5047
4472,5091
4279,4840
4055,4571
3847,4449
3735,4246
3719,4123
3535,4208
3439,4588
3335,4014
3295,6448
3155,5717
3043,4383
3027,4727
2923,5212
2875,3519
2799,4230
2743,3772
2735,5963
5153,4292
5109,3634
5093,3692
4815,3671
4639,3563
4471,3460
4375,3435
4303,3369
4187,3308
4107,3433
4019,3375
3987,3373
3895,3517
3859,3467
3835,3559
3733,4886
3669,4869
3573,4559
3513,4797
3473,4691
4224,4669
4196,4933
4122,4848
4082,4579
4038,4876
4018,4864
3976,4368
3956,4458
3934,4731
3924,4691
3691,4220
3531,4554
3387,4958
3291,3968
3139,3960
3043,4233
3027,4170
2939,3821
2899,4135
2783,4049
2687,3685
2599,3632
2583,3921
2543,3557
2475,3533
2427,3772
2419,3416
2375,3446
2359,3755
2253,3643
2221,3318
2157,3283
2069,3571
2053,3195
2021,3264
1945,3480
1929,3239
1897,3120
1889,3475
1845,3442
1829,3029
1825,3016
1767,3223
1751,2996
1719,2966
1711,3265
1667,3229
4819,4455
4791,4749
4721,4415
4665,4728
4613,4778
4585,4450
4543,4798
4515,5328
4489,4391
4475,4244
4282,4628
4058,5356
3850,4001
3738,4341
3722,4174
3538,3788
3442,4004
3354,3966
3298,3681
3158,3564
3126,10860
3030,8279
2926,4940
2886,4065
5448,4292
5352,11875
5256,5996
5180,4858
5120,3662
5096,3797
4818,4059
4642,3575
4578,3643
4394,3870
4306,3864
4274,3434
4110,3463
4022,3649
3990,3345
3898,3185
3862,3675
3842,3633
3736,3245
3672,3567
3600,3543
4319,3246
4271,3150
4227,3530
4203,3230
4141,3175
4085,3538
4041,3493
4021,2997
3979,3192
3959,3561
3937,3058
3927,2966
3758,3230
3566,2868
3390,2654
3294,3180
3142,2695
3110,2692
3030,3137
2942,3003
2902,2509
2786,2566
2690,2916
2602,2513
2586,2506
2546,2932
2478,2513
2430,2523
2422,3103
2378,3020
2362,2642
2256,2600
2224,2891
2144,2575
2072,2536
2056,2902
2016,2968
1948,2606
1900,2518
1892,2875
1856,2764
1848,2742
1828,2849
1770,3021
1754,2640
1722,2694
1714,3009
4874,4005
4822,4743
4794,4616
4724,4682
4664,5137
4608,4843
4584,4726
4538,4624
4514,4928
4488,4743
4476,4441
4221,4796
4029,4646
3821,3968
3725,4078
3573,4392
3461,4273
3357,3802
3301,4126
3293,4068
3129,11614
3033,7387
2945,5213
2889,3580
5451,4164
5355,4693
5259,4591
5183,3885
5123,3722
5099,4189
4821,4033
4645,12115
4477,6478
4381,4881
4285,3385
4193,3563
4097,4054
4001,4050
3941,3426
3893,3954
3857,3747
3771,3293
3691,3115
3603,3391
3571,3047
4306,3079
4230,3551
4206,3026
4144,10125
4096,6688
4052,4467
4024,3202
3982,3519
3962,3437
3940,3115
3930,3128
3697,3318
3537,3001
3361,2973
3297,3282
3145,2779
3049,2849
2961,2822
2913,3068
2905,2674
2757,2728
2677,3087
2605,2753
2557,2704
2481,3027
2465,2677
2425,2602
2389,2921
2365,3170
2361,2792
2227,2690
2163,2984
2075,2694
2059,2635
2027,3056
1951,2572
1935,2610
1903,2567
1859,2888
1851,2692
1835,2643
1773,2937
1757,2847
1725,2814
1717,3186
1681,3118
1673,2790
4797,4845
4727,4682
4671,4420
4619,5259
4591,5053
4549,9734
4521,6252
4495,5053
4481,10579
4288,6567
4064,4967
3856,4810
3744,11971
3576,6556
3544,4877
3448,3786
3344,3911
3296,4393
3164,3912
3052,10479
2948,6893
2932,4328
2884,3782
2808,3889
5302,4299
5254,3978
5162,4380
5118,4200
4984,3962
4792,4172
4600,4025
4448,3652
4384,10649
4288,7316
4164,4622
4100,3320
4004,3954
3944,9894
3896,6494
3860,4537
3774,3579
3694,3252
3606,3621
3574,3524
3527,3155
4269,3730
4209,3629
4147,3237
4099,3116
4055,3507
4031,9249
3993,7073
3969,4500
3947,3200
3935,3120
3764,8859
3572,6070
3396,3692
3300,3525
3148,3327
3116,3178
3036,3001
2948,3216
2916,2930
2792,2875
2696,3122
2680,2851
2592,2776
2552,3065
2484,2732
2436,2714
2428,3057
2384,3056
2368,2635
2262,2751
2230,3079
2166,2690
2078,2649
2062,3009
2030,2624
1954,2730
1938,3334
1906,2984
1862,2908
1854,2902
1838,3205
1834,2896
1776,2852
1760,3166
1720,2760
1684,2813
1676,3150
4828,5199
4800,4870
4714,5927
4666,4897
4614,4618
4590,5401
4544,5467
4520,4794
4494,14445
4484,7519
4291,5831
4067,4571
3859,5023
3747,13223
3731,7108
3547,5510
3451,4703
3347,4847
3307,4229
3167,4182
3135,4750
3039,3975
2935,3738
2895,4424
5457,4735
5361,4493
5265,4319
5189,4932
5157,12971
5109,6888
4923,5199
4683,4587
4603,9361
4451,5907
4331,4661
4291,4486
4167,3723
4103,10866
4007,6521
3947,4334
3907,3361
3863,11061
3847,6316
3745,4075
4452,4130
4404,11049
4328,6132
4280,4573
4236,10078
4208,4988
4134,3686
4094,3984
4050,3977
4030,3603
3988,3939
3968,3942
3946,3438
3938,3479
3767,3778
3575,3415
3399,3141
3303,3726
3287,3635
3119,3086
3039,2983
2967,3684
2919,2968
2795,2961
2763,3329
2683,2796
2611,2830
2563,3374
2555,2803
2471,2839
2439,3351
2395,3237
2387,2849
2367,2845
2265,3249
2233,2685
2153,2814
2081,3234
2065,2677
2025,2735
1957,3119
1941,2641
1909,2665
1883,3099
1857,3142
1841,2633
1837,2601
1779,3116
5167,5757
5063,5833
4939,5070
4883,6022
4831,5433
4803,4957
4733,5522
4677,14590
4625,7439
4597,6131
4555,5317
4527,5292
4501,4888
4487,5359
4294,5374
4070,5035
3862,4517
3750,5028
3734,4942
3550,4410
3454,4270
3350,4797
3310,4694
6248,4536
5944,5186
5848,14366
5664,7305
5576,5489
5460,4899
5364,4874
5268,4305
5192,4632
5132,4685
5108,4178
4830,4091
4654,4504
4590,4496
4406,3973
4318,11851
4286,6674
4122,4511
4034,3428
4002,4216
3910,4289
4769,3828
4745,4361
4607,4384
4527,3674
4407,3487
4331,4021
4283,4076
4239,3492
4211,4042
4137,3769
4097,3294
4053,10076
4033,6095
3991,4653
3971,3279
3949,3568
3939,3990
3706,3386
3546,3388
3370,3869
3306,3699
3154,3149
3058,3177
2970,3607
2954,3032
2914,3090
2766,3567
2702,3430
2614,2853
2566,2910
2558,3249
2474,7780
2442,7663
2398,4531
2390,3839
2370,3202
2268,3221
2172,3629
2156,3117
2084,3112
2036,3105
2028,3542
1960,2970
1912,3011
1904,3515
1868,3436
1860,2997
1840,2912
5298,5248
5170,5420
5066,5606
5018,5491
4886,5562
4834,4865
4806,5693
4736,5390
4680,5520
4620,4975
4596,5346
4550,5441
4526,4644
4500,5469
4488,5154
4233,4715
4041,4523
3865,4973
3753,4911
3585,4340
3473,4748
3369,4506
3353,3962
6391,14848
6091,7238
5867,5636
5715,4454
5595,4845
5547,4715
5367,4169
5271,4718
5195,4539
5135,3882
5111,4063
4833,4412
4689,12099
4593,6850
4409,5228
4321,4271
4205,3469
4125,3564
4037,3957
4005,3902
3913,3400
4772,4031
4744,3982
4610,3350
4458,3457
4410,3906
4334,3291
4278,3331
4234,3832
4214,3706
4140,3287
4064,3238
4040,3652
4002,3127
3978,3181
3956,3666
3944,3098
3773,3087
3581,3048
3405,3457
3309,2882
3293,2946
3125,3355
3045,2797
2957,2839
2917,3348
2801,3171
2705,2755
2617,2833
2601,3179
2561,2763
2477,2902
2445,3388
2401,2770
2393,2855
2373,3328
2271,3261
2175,2662
2159,2725
2087,3223
2039,2767
2031,2773
1947,3250
1915,3153
1907,2708
1871,2696
1847,3153
1843,2596
1785,2624
5173,5235
5029,4906
4945,5665
4889,4572
4829,5219
4805,5348
4723,5034
4675,5368
4603,5397
4561,5152
4533,4863
4507,5171
4493,5135
4300,5023
4076,4337
3868,5009
3756,4682
3588,4433
3556,4922
3460,13751
3356,6939
3308,5276
3176,4463
5918,4743
5750,4630
5654,4801
5550,4761
5386,4525
5298,4470
5214,4660
5166,4879
5118,4310
4932,4306
4692,4496
4596,12556
4412,7345
4340,5288
4292,4254
4128,4072
4056,3869
4008,3448
3916,3802
3880,3580
4747,3496
4613,3978
4461,3900
4413,3318
4337,3673
4281,4132
4237,5276
4217,4274
4143,4198
4067,4164
4043,4128
4005,4130
3981,4101
3959,4134
3947,4093
3776,3956
3584,3891
3408,3817
3312,3784
3160,3642
3128,3668
3048,3656
2960,3504
2920,3448
2804,3358
2708,3311
2620,3294
2572,3257
2564,3562
2480,3488
2448,3487
2404,3403
2396,3434
2376,3388
2274,3620
2178,3662
2162,3631
2074,3333
2042,3523
2034,3488
1950,3399
1918,3407
1874,3387
1866,3382
1850,3378
1846,3367
1772,3288
1740,3294
1732,3349
4932,4575
4884,4070
4832,4008
4742,5498
4686,4593
4634,4682
4606,4942
4564,4766
4536,4777
4510,4859
4496,4801
4303,4668
4079,4565
3871,4323
3759,4457
3591,4049
3479,3936
3463,3920
3359,3856
3311,3902
3147,3972
3067,3899
5753,4223
5601,4380
5553,4366
5389,4265
5301,4237
5217,4290
5169,4185
5121,4074
4935,4041
4695,4013
4599,3910
4415,3848
4327,3785
4295,10803
4131,9869
4059,5742
4011,3849
3919,3518
3883,3802
3863,11792
3757,8141
4536,5295
4416,3676
4340,3392
4292,3378
4248,3373
4220,3307
4146,3285
4106,3340
4062,3449
4042,3406
4000,3611
3980,3569
3958,3548
3948,3465
3715,3433
3555,3368
3379,3319
3315,3280
3163,3233
3067,3382
2979,3851
2963,3838
2923,3823
2775,3540
2711,3510
2623,3441
2575,3400
2567,3399
2483,3335
2451,3347
2407,3301
2399,3323
2379,3284
2277,3212
2181,3425
2165,3459
2093,3394
2045,3352
2037,3360
1969,3368
1921,3180
1913,3244
1877,3208
1869,3198
1849,3184
1791,3129
1775,3129
1743,3471
1735,3478
4935,4662
4887,4223
4815,4944
4745,4468
4689,4511
4637,4661
4609,4607
4567,4579
4539,4540
4513,4478
4499,4360
4306,4370
4082,4422
3874,4150
3762,4162
3746,4127
3562,4008
3466,13116
3362,8165
3322,5619
3182,3989
3070,3743
5860,14872
5676,6533
5564,5247
5440,4242
5320,4202
5272,4163
5180,4071
5136,4171
5002,3935
4842,4034
4666,3956
4498,4019
4402,3702
4330,3778
4214,3857
4118,11995
4046,6811
3962,5069
3922,3434
3878,3521
3862,3473
4619,3566
4467,3560
4419,3543
4343,3525
4287,3480
4243,3463
4223,3475
4149,3637
4109,3607
4065,3565
4045,3570
4003,3542
3983,3583
3961,3506
3951,3447
3718,3718
3558,3162
3382,3142
3302,3159
3134,3231
3070,3394
2982,3363
2934,3623
2926,3583
2778,3475
2698,3554
2626,3442
2578,3428
2570,3445
2486,3379
2446,3365
2410,3327
2386,3323
2382,3316
2280,3203
2184,3204
2168,3215
2080,3488
2048,3355
2040,3395
1956,3308
1924,3281
1916,3233
1880,3237
1856,3179
1852,3195
1794,3453
1778,3500
1746,3580
5030,4238
4898,4288
4846,4738
4818,4961
4748,4722
4692,4741
4640,4770
4612,4795
4570,4706
4542,4739
4516,4756
4502,4742
4309,4594
4085,4497
3877,4334
3765,4281
3597,3998
3565,4117
3469,4019
3365,3833
3317,3897
3185,3857
5959,4540
5863,4599
5663,4538
5567,4410
5443,4169
5323,4345
5275,4280
5183,4108
5139,4137
5005,4099
4813,3945
4666,3833
4501,3891
4405,3840
4309,3707
4217,3757
4121,3747
4025,3766
3965,3490
3917,3591
3881,3586
4654,3613
4558,3676
4470,3700
4414,3556
4330,3470
4290,3500
4246,3511
4168,3389
4120,3458
4076,3638
4052,3544
4014,3479
3990,3570
3968,3558
3956,3510
3785,3373
3593,3314
3417,3346
3321,3334
3169,3803
3137,4159
3057,4055
2969,3660
2929,3608
2813,4435
2717,4567
2629,4226
2613,4348
2573,4377
2505,4190
2457,4226
2413,4540
2405,4150
2385,4050
2283,4432
2251,4159
2171,4010
2099,4064
2051,3995
2043,3789
1975,3884
1927,3819
1919,3617
1883,3660
1875,3760
1855,4081
1797,3672
1781,3792
1749,3601
5033,4469
4941,5368
4893,5198
4821,4656
4751,4981
4695,4857
4643,4749
4615,5145
4573,4949
4545,4803
4519,4524
4505,4714
4312,4647
4088,4583
3880,4498
3848,4659
3752,3915
3568,3886
3472,4056
3384,3684
3328,3631
3188,3646
6074,4183
5866,4050
5682,13021
5594,6751
5478,5224
5382,4063
5286,3996
5210,3987
5150,12914
5126,7651
4848,5559
4704,3875
4608,4456
4424,12052
4352,5952
4304,4291
4140,3736
4068,3685
4020,3613
3952,4134
4787,4301
4763,3769
4657,3695
4545,4023
4457,3415
4417,3371
4317,3833
4257,3430
4233,3302
4171,3212
4123,3848
4079,4728
4055,4746
4017,5037
3993,4575
3971,5062
3959,4788
3788,4482
3596,4912
3420,4322
3324,4238
3308,4534
3140,4179
3060,4073
2972,4164
2940,4103
2816,3995
2720,4166
2704,3942
2616,4097
2576,3822
2508,3831
2460,3819
2452,3707
2408,3717
2392,3694
2286,3582
2254,3686
2190,3694
2102,3450
2086,3536
2054,3557
1978,3481
1962,3368
1930,3458
1886,3290
1878,3249
1862,3389
1858,3248
1800,3244
5100,4392
5044,4538
4960,4699
4896,4649
4844,5044
4820,4877
4738,4814
4690,5144
4638,4871
4614,14529
4548,8148
4522,6929
4508,4428
4506,4511
4251,4476
4059,4205
3851,4124
3755,4092
3571,3965
3475,3860
3387,3986
6441,4636
6269,4273
6077,4421
5869,4365
5685,4091
5597,4147
5449,4067
5329,12601
5281,6917
5189,5560
5145,3960
5011,4123
4819,4486
4627,12418
4507,6572
4411,5474
4315,3432
4191,3841
4127,4000
4031,4104
3963,3574
4826,4156
4766,4038
4660,11696
4564,6785
4460,5407
4420,3579
4336,3366
4296,3529
4236,3602
4174,3293
4126,3425
4082,3736
4058,3203
4020,3391
3996,3419
3974,10783
3962,6743
3791,4807
3599,3199
3423,2923
3327,3070
3311,3052
3143,2915
3063,2825
2975,3182
2943,3162
2819,3216
2723,3228
2707,3325
2619,3121
2587,3221
2511,3104
2463,3158
2455,3102
2411,3074
2395,2941
2391,3129
2257,3445
2193,3098
2105,2988
2089,3115
2057,3062
1981,3151
1965,3023
1933,3026
1889,2887
1881,2884
1865,2974
1861,3245
1803,3164
5103,4950
5047,5202
4963,5233
4907,4989
4847,4935
4823,4903
4741,14973
4693,6947
4641,5466
4617,4933
4571,5240
4547,4527
4521,4850
4509,15492
4254,7151
4062,5575
3854,4473
3758,5005
3574,4262
3494,4360
3390,5088
6460,4552
6272,5043
6080,4584
5888,4372
5688,4353
5600,4356
5484,4095
5388,4136
5292,4339
5216,4598
5156,4796
5132,4953
4854,4471
4678,4003
4614,3613
4430,3618
4342,3560
4226,3526
4146,3509
4058,3440
4026,9918
4837,8429
4793,5137
4765,3797
4631,3772
4479,3701
4431,3290
4355,3342
4307,3331
4255,3279
4235,3408
4161,3522
4121,3527
4077,3420
4057,3511
4015,3445
3995,3399
3973,3443
3963,3472
3730,3368
3570,3303
3394,3236
3314,3370
3146,3544
3066,3414
2994,3426
2946,3355
2822,3307
2790,3326
2710,3610
2622,3538
2590,3558
2514,3443
2498,3439
2458,3409
2422,3378
2398,3346
2394,3344
2260,3286
2196,3242
2108,3208
2092,3492
2060,3453
1984,3356
1968,3365
1936,3369
1892,3346
1884,3335
1868,3333
1864,3344
1790,3235
5106,4774
5050,4795
4950,4726
4902,5146
4850,5103
4760,5321
4704,4935
4652,4811
4624,5049
4582,4718
4554,4881
4528,4948
4514,4637
4321,4668
4097,4922
3889,4361
3777,4466
3609,4669
3497,4069
3481,4165
3377,4336
6423,4742
6115,4463
5939,4731
5771,4332
5619,4310
5571,4508
5407,4219
5319,4173
5235,4505
5187,4372
5139,4034
4953,4118
4713,3961
4617,3876
4433,3807
4345,3809
4313,3778
4149,3893
4061,3979
4029,4436
4840,4891
4796,4233
4768,4557
4634,4464
4482,4092
4434,4365
4342,3872
4302,3954
4258,4285
4238,3958
4132,3882
4088,4199
4064,4095
4026,3730
4002,4147
3980,4061
3968,3772
3797,3998
3605,3928
3429,3501
3333,3884
3181,3305
3085,3129
2997,3861
2981,4422
2941,4397
2793,4207
2713,4237
2641,4183
2593,4093
2517,4061
2501,4090
2461,4024
2425,3907
2401,3936
2397,3912
2263,3865
2199,3782
2111,3682
2095,3638
2055,3678
1987,3622
1971,3597
1931,3574
1895,3499
1887,3490
1867,3398
1809,3378
1793,3298
1761,3237
1717,3322
4913,4573
4861,4259
4829,4662
4747,4463
4699,10583
4647,6583
4623,4805
4557,4723
4531,4601
4517,4779
4324,4806
4100,4563
3892,4404
3780,4277
3764,4144
3580,4066
3484,4182
3380,3754
3332,4042
3168,3905
3088,3794
5774,4474
5622,4653
5574,4467
5410,4492
5298,4477
5222,4316
5162,4166
5138,4333
4860,4177
4684,4042
4516,4016
4420,4002
4348,3910
4232,3834
4136,3714
4040,3707
3980,4036
3932,3546
3896,3556
3810,3551
4573,3679
4469,3627
4429,3622
4313,3670
4269,3473
4245,3507
4183,3475
4127,3451
4083,3399
4063,3409
4021,3434
4001,3398
3979,3369
3969,3364
3736,3260
3576,3189
3400,3615
3320,3286
3152,3202
3088,3408
3000,3332
2952,3309
2828,3304
2796,3233
2716,3213
2628,3606
2596,3785
2520,3790
2472,3601
2464,3539
2420,3549
2404,3672
2298,3448
2266,3417
2186,3480
2114,3344
2098,3351
2058,3373
1990,3298
1974,3234
1934,3522
1898,3632
1890,3509
1870,3596
1812,3461
1796,3453
1764,3435
1756,3441
1712,3223
1696,3107
1692,3153
4766,4397
4702,4688
4650,4312
4626,5061
4580,4546
4556,4608
4530,4645
4518,4763
4263,4650
4071,4326
3863,4314
3767,4359
3615,4522
3503,4172
3399,4292
3343,4242
3335,3979
3171,4090
3075,3733
2987,3783
5609,4396
5493,4331
5397,4266
5301,4253
5225,4272
5165,4159
5141,4146
4863,4067
4687,3975
4519,4040
4423,3958
4351,3921
4235,3712
4139,3706
4067,3690
3983,3632
3935,3612
3899,3566
3813,3534
3733,3541
3661,3507
4432,3601
4348,3575
4308,3653
4248,3638
4186,3595
4138,3558
4094,3509
4070,3567
4032,3554
4006,3460
3982,3497
3972,3517
3739,3345
3611,3411
3435,3297
3339,3388
3187,3356
3091,3323
3003,3456
2955,3391
2947,3411
2799,3601
2719,3488
2647,3567
2599,3531
2523,3881
2507,3851
2467,4131
2431,3776
2407,3935
2403,3765
2269,3775
2205,3702
2117,3636
2101,4576
2061,3589
1993,3552
1977,3627
1937,3714
1901,3497
1893,3428
1873,4225
1815,3720
1799,3718
1767,3697
1759,3705
1715,3628
1699,3844
1695,3628
1661,4146
1653,3559
4653,4470
4629,4499
4583,5053
4559,4809
4533,4959
4521,4865
4266,4625
4074,4697
3866,4956
3770,4596
3586,6074
3490,4547
3386,4782
3338,4270
3206,4308
3094,4590
2990,5256
2934,4223
2926,4289
2834,3927
5328,4948
5228,5102
5168,4572
5144,4391
4866,4897
4690,5678
4522,4217
4426,4121
4354,4348
4238,4257
4142,5424
4046,3934
3986,4134
3938,4141
3890,4544
3816,3608
3720,3526
3648,3374
3564,3703
3524,4158
3488,4440
4247,5158
4173,4191
4133,4764
4089,4133
4035,4650
4011,3869
3989,4666
3977,4568
3806,4012
3614,3771
3438,4492
3342,4520
3190,4176
3158,3561
3078,4014
2990,3629
2950,3546
2802,3822
2738,4033
2650,3422
2602,3061
2594,3059
2510,3201
2470,3418
2434,3387
2410,3683
2406,3654
2272,3550
2208,3547
2120,3450
2104,3446
2072,3429
1996,3360
1980,3343
1940,3667
1904,3613
1896,3607
1876,3572
1818,3506
1802,3481
1770,3475
1726,3788
1718,3744
1702,3443
1698,3785
1664,3683
1656,3392
1640,3366
1618,3629
1614,3299
1606,3245
4526,4130
4333,3998
4109,3990
3901,4107
3869,4246
3773,4187
3589,11434
3493,6425
3389,4571
3349,3866
3209,3882
3097,3803
3081,3706
2977,3661
2929,3671
2853,3573
2797,3710
2789,3935
2737,3825
2717,3859
5029,4427
4837,4322
4645,4279
4493,4191
4429,4117
4333,4154
4209,4092
4145,3995
4049,3977
3989,3961
3941,3864
3905,3829
3819,3777
3739,3743
3651,3772
3619,3772
3551,3652
3491,3660
3471,3664
3425,3659
4144,3803
4100,3800
4076,3721
4038,3741
4014,3694
3992,3669
3980,3686
3809,3601
3617,3491
3441,3444
3345,3389
3193,3329
3097,3331
3081,4481
2993,4338
2953,4063
2805,4307
2741,4185
2653,3760
2605,3863
2597,3949
2513,4693
2481,4683
2437,4675
2429,4670
2409,4631
2307,4558
2211,4504
2195,4445
2123,4447
2075,4368
2067,4339
1983,4304
1951,4243
1943,4186
1907,4132
1883,4079
1879,4091
1821,4066
1805,4036
1773,3942
1729,3970
1721,3966
1705,3918
1701,3960
1667,3989
1659,3919
1643,3896
1639,3907
1621,3858
1617,3874
1609,3878
4527,4239
4272,4099
4080,3979
3872,5070
3776,4332
3624,4630
3512,4248
3408,4148
3352,4218
3344,4182
3180,4118
3084,3691
2996,3804
2940,3749
2856,3699
2840,3823
2792,3833
2748,3769
2720,3911
5150,4521
4872,4448
4696,4379
4528,4257
4448,4250
4360,4183
4244,4102
4164,4087
4076,3980
3992,3942
3952,3981
3908,3945
3892,3927
3742,3849
3670,3804
3630,3800
3554,3762
3522,3703
3486,3638
3470,3674
3412,3626
4103,3757
4079,3732
4041,3703
4017,3686
3995,3671
3983,3644
3812,3568
3620,3529
3444,3429
3348,3401
3332,3429
3164,3332
3084,3293
2996,3300
2964,3409
2840,3406
2744,3356
2656,3589
2640,3590
2600,3585
2532,3486
2484,3514
2476,3478
2432,3403
2416,3422
2310,3332
2278,3300
2198,3282
2126,3256
2078,3481
2070,3528
2002,3477
1954,3437
1946,3395
1910,3365
1902,3328
1882,3393
1824,3282
1808,3215
1776,3258
1732,3245
1724,3207
1708,3224
1704,3224
1670,3510
1662,3497
1646,3540
1642,3505
1624,3521
1620,3535
1612,3480
1610,3520
4275,4000
4083,4024
3875,3605
3779,4636
3595,4146
3515,3947
3411,4186
3355,3935
3215,3907
3183,4004
3087,3910
2983,3633
2943,3620
2859,3681
2803,3775
2795,3814
2743,3903
2723,3861
2605,3830
4843,4372
4651,4258
4531,4245
4435,4197
4339,4103
4215,4026
4151,4041
4055,3966
3979,3937
3947,3886
3899,3845
3825,3819
3729,3806
3657,3704
3625,3714
3533,3637
3497,3647
3477,3620
3431,3559
3383,3591
3347,3487
4078,3672
4036,3604
4016,3658
3994,3569
3984,3599
3751,3554
3591,5665
3415,3338
3335,3130
3199,3025
3103,3029
3015,2988
2967,3109
2959,3273
2811,3207
2731,3417
2659,3398
2611,3351
2535,3303
2519,3328
2479,3260
2443,3222
2419,3251
2415,3207
2281,3336
2217,3750
2129,3698
2113,3671
2081,3660
2005,3595
1989,3586
1957,3658
1913,3454
1905,3461
1889,3499
1885,3433
1827,3427
1779,3463
1771,3371
1735,3348
1727,3432
1711,3342
1707,3330
1673,3600
1649,3268
1645,3240
1627,3259
1623,3215
1615,3210
1613,3258
1522,3117
1490,3105
3910,3570
3878,3535
3782,3888
3598,3901
3502,3819
3398,3421
3358,3749
3218,3639
3106,3820
3090,3712
2986,3600
2938,3579
2862,3709
2806,3675
2798,3711
2746,4000
2726,3990
2608,3899
2576,3869
4654,4438
4502,4345
4438,4287
4342,4262
4218,4165
4098,4139
4058,4024
3982,3896
3950,4010
3902,3954
3828,3849
3732,3926
3660,3879
3628,3817
3536,3726
3500,3753
3480,3758
3434,3690
3386,3561
3350,3645
3334,3713
4039,3753
4019,3653
3997,3751
3987,3691
3754,3599
3594,3626
3418,3484
3338,3433
3202,3333
3106,3368
3018,3337
2970,3326
2962,3317
2814,3234
2734,3477
2662,3416
2614,3415
2538,3718
2522,3652
2482,3581
2446,3622
2422,3571
2418,3591
2284,3453
2220,3463
2132,3464
2116,3429
2084,3345
2008,3377
1992,3334
1952,3264
1916,3279
1908,3655
1892,3598
1830,3498
1814,3454
1782,3551
1774,3543
1738,3527
1714,3502
1710,3533
1676,3409
1668,3429
1652,3433
1648,3459
1630,3354
1626,3402
1618,3392
1616,3361
1525,3335
1493,3325
1429,3279
3801,3795
3633,3870
3521,3788
3417,7316
3361,4490
3353,3892
3189,3968
3093,3813
3005,3854
2949,3806
2941,3765
2849,3600
2801,3513
2757,3817
2729,3717
2725,3765
2579,3776
2499,3797
2483,3688
4457,4594
4369,4496
4337,4429
4173,4381
4085,4352
4053,4278
3961,4140
3925,4188
3901,4166
3799,4053
3679,3972
3639,4023
3579,3982
3531,3938
3495,3852
3479,3922
3421,3873
3389,3836
3341,3703
3311,3793
4026,4017
4004,4380
3992,4005
3821,3886
3629,4203
3597,5976
3421,5655
3341,5154
3173,4983
3093,4863
3005,5108
2973,5113
2849,4790
2753,4548
2737,4936
2649,4856
2609,4435
2541,4472
2493,4396
2485,4434
2441,4211
2425,4424
2319,4478
2287,4314
2207,4078
2135,4210
2119,4212
2079,4064
2011,4094
1963,4043
1955,3965
1919,3805
1911,4130
1891,4451
1833,4111
1817,4203
1785,4162
1777,4032
1733,4136
1717,4086
1713,4004
1679,3913
1671,3729
1655,3751
1651,3638
1633,3634
1629,3726
1621,3560
1619,3679
1528,3641
1496,3752
1432,4018
1416,3821
3636,4020
3524,3957
3508,3552
3404,3579
3356,5583
3192,3518
3112,11745
3008,6661
2992,3971
2944,3635
2852,3902
2812,5102
2760,3339
2752,3469
2728,3658
2614,3336
2582,3252
2486,3405
4508,5970
4388,3541
4348,3796
4224,5144
4104,3806
4064,3590
3988,3755
3956,5291
3908,3495
3834,3173
3754,4065
3666,4090
3634,3120
3566,3562
3506,3405
3486,3051
3440,3407
3400,3409
3364,4012
3344,2989
3314,8901
4029,8893
4007,4940
3995,3448
3824,3645
3632,4946
3456,3071
3360,10739
3344,7349
3176,4553
3096,2959
3008,3742
2976,3045
2852,2699
2756,2801
2740,2951
2652,3972
2612,2696
2544,2640
2496,3360
2488,3454
2444,2601
2428,2555
2424,3892
2290,2890
2226,2603
2138,3179
2122,3594
2090,2900
2014,2948
1998,4124
1966,5190
1922,5308
1914,5264
1898,5284
1894,5248
1836,5156
1788,5184
1780,5138
1744,5178
1736,5124
1720,5128
1716,5107
1682,5133
1674,5188
1658,5109
1654,4973
1636,4962
1632,4936
1624,4915
1622,4914
1531,4805
1499,4774
1435,4719
3807,4023
3639,3652
3527,3574
3423,4354
3407,4362
3359,4082
3195,4154
3115,4086
3011,4116
2955,3798
2947,3678
2855,3773
2815,3774
2763,3681
2755,3843
2731,3821
2617,3774
2505,3899
4647,4537
4511,4475
4391,4461
4343,4330
4179,4229
4107,4207
4059,4249
3991,4230
3931,4155
3911,4087
3805,4021
3741,4026
3669,3998
3585,3944
3545,3916
3509,3855
3489,3868
3427,3833
3395,3797
3359,3849
3343,3814
4048,3913
4028,3898
4006,3874
3996,3849
3763,3827
3603,3724
3427,3628
3349,3632
3211,3578
3115,3531
3027,3521
2979,3715
2971,3669
2823,3583
2743,3564
2671,3512
2623,3619
2547,3734
2531,3768
2491,3732
2455,3679
2431,3633
2427,3763
2293,3571
2229,3541
2213,3510
2125,3434
2093,3431
2017,3413
2001,3716
1969,3684
1961,3616
1917,3595
1901,3652
1897,3530
1839,3473
1791,3451
1783,3415
1747,3371
1739,3382
1723,3368
1719,3785
1685,3768
1677,3792
1659,3772
1639,3756
1635,3828
1627,3702
1625,3707
1534,3663
1502,3646
1502,3694
1438,3636
3794,4789
3610,3634
3514,4268
3410,4404
3370,4026
3230,4421
3118,4766
3102,4419
2998,4349
2950,4205
2874,4213
2818,6281
2810,4847
2758,4714
2738,3858
2620,4571
2588,4427
2492,4900
4546,4416
4450,5840
4354,6393
4262,7006
4166,4170
4070,4817
4010,5064
3962,4730
3926,4645
3840,4451
3760,4360
3688,3864
3640,3989
3572,3901
3540,4034
3492,4096
3446,5709
3406,3791
3370,4017
3350,3921
4059,3783
4035,3742
4013,4133
4001,3724
3830,3636
3638,3190
3462,3366
3366,3088
3214,3031
3182,3609
3102,5672
3014,3521
2974,5556
2858,5082
2762,4613
2674,4956
2658,5019
2618,4669
2550,4035
2502,4560
2458,4468
2450,4038
2430,4039
2328,4454
2296,4360
2216,3932
2144,4429
2096,4332
2088,4001
2020,5022
1972,3480
1964,3932
1928,3121
1920,3825
1900,3529
1842,2897
1826,2785
1794,3236
1786,3302
1742,3539
1726,3520
1722,3392
1688,2827
1680,2828
1664,3216
1660,3232
1642,2722
1638,2539
1630,2632
1628,2559
1537,2489
1505,2432
1441,3067
1425,3277
3645,3868
3533,3566
3429,3950
3378,3966
3365,4480
3201,4247
3105,3811
3017,4441
2961,4102
2953,3744
2861,3662
2813,3966
2769,3429
2741,3643
2737,3923
2591,3769
2511,3387
2495,3490
4469,4173
4381,4200
4265,3588
4185,4051
4097,3900
4013,3576
3973,3986
3929,3817
3913,3482
3763,3851
3691,3690
3651,3418
3575,3351
3543,3712
3507,3654
3449,3759
3409,4333
3373,5065
3353,3723
3323,4639
4038,4772
4016,3873
4004,4158
3833,4533
3641,4350
3465,4234
3369,3944
3217,4566
3121,3952
3033,4450
3017,5776
2977,5824
2829,3468
2765,4088
2677,4324
2629,3596
2621,3262
2537,4604
2497,3486
2461,3091
2437,3046
2433,3991
2299,3021
2235,3233
2147,3209
2131,3108
2099,3057
2023,3245
2007,3691
1975,2730
1931,2630
1923,3384
1907,3224
1845,3185
1829,7844
1797,5255
1789,2870
1753,2905
1729,2943
1725,2775
1691,4875
1683,2746
1667,3415
1663,2775
1645,2240
1641,2372
1633,2601
1631,2840
1540,3055
1508,3743
1444,3508
1428,3533
1356,3355
1340,3470
3432,3683
3376,3979
3368,3586
3204,4209
3108,3801
3004,3648
2964,3865
2880,3696
2864,3907
2816,4018
2772,3810
2744,3570
2740,3824
2594,3726
2514,3463
2410,3565
2394,3750
4360,3799
4268,3864
4172,4011
4076,3664
4016,4273
3968,4160
3932,4466
3846,4038
3766,4186
3678,4276
3646,3870
3578,4202
3518,4415
3498,3733
3452,3847
3412,4093
3376,3717
3352,3805
3318,3913
3302,3445
3284,3269
4005,3523
3772,3550
3612,3216
3436,3103
3356,4866
3220,3464
3124,2993
3036,3183
2988,3117
2864,2905
2832,3320
2752,3307
2664,3098
2632,3500
2556,3398
2508,3186
2500,3278
2456,3387
2440,3213
2334,3141
2302,3189
2222,3148
2150,3026
2118,2993
2094,3087
2026,3156
1978,3391
1970,3454
1934,3351
1910,3042
1906,3096
1848,3164
1832,3089
1792,2934
1756,3161
1748,2992
1732,2930
1728,3070
1694,3259
1686,2858
1666,2954
1648,3018
1644,2838
1636,3063
1634,2948
1543,2816
1511,2845
1447,2767
1431,2848
1431,3039
1359,2977
1343,2998
1311,3041
1303,3008
3239,3901
3127,3416
3023,3545
3007,3974
2959,3718
2883,3568
2827,3390
2775,3164
2767,4041
2743,3761
2629,3505
2597,3690
2501,3759
2413,3513
2357,3456
2349,3566
2273,4004
4119,4308
4071,4310
4003,4249
3943,4232
3923,3982
3817,3951
3753,3975
3681,3814
3597,3680
3557,3838
3521,3937
3497,3623
3439,3713
3407,3699
3371,3562
3355,3539
3321,3615
3305,3587
3287,3643
3279,3454
3110,3589
3615,3698
3439,3367
3359,3334
3191,3452
3111,3381
3023,3244
2991,3253
2867,3366
2771,3124
2755,3135
2667,3373
2627,3301
2559,3172
2511,3138
2467,3415
2459,3513
2439,3292
2337,3195
2241,3403
2225,3345
2153,3098
2105,3323
2097,3278
2013,3025
1981,3061
1973,3062
1929,3299
1913,3471
1909,3221
1851,3236
1803,3199
1795,3080
1759,3080
1751,3196
1735,3134
1731,3130
1689,3222
1673,3217
1669,3128
1651,3030
1647,3019
1639,3175
1637,3032
1546,2916
1514,2894
1450,3043
1434,2933
1362,2838
1346,2876
1314,2806
1306,3237
1306,3121
1238,2997
1222,3034
3010,3299
2970,3255
2886,3893
2870,3634
2822,3601
2770,3237
2750,3193
2632,3761
2600,3781
2504,3521
2416,3501
2360,3475
2352,3635
2276,3374
2220,3143
2212,3390
2168,3684
3946,3835
3922,4053
3820,4588
3700,4192
3660,3758
3600,4155
3552,4389
3516,4346
3458,3528
3418,3485
3382,3773
3362,3637
3332,3515
3308,3397
3290,3695
3282,3513
3113,3335
2985,3288
2841,3228
2777,3250
3194,3303
3130,3416
3042,3320
2994,3268
2870,3190
2774,3115
2758,4176
2670,4300
2630,3811
2562,4334
2514,4172
2506,3795
2462,3886
2446,4108
2340,3829
2308,3742
2228,4061
2156,3955
2108,3568
2100,3658
2032,3878
1984,3444
1976,3459
1940,3812
1932,3793
1912,3466
1854,3387
1838,3679
1806,3665
1798,3364
1754,3667
1738,3685
1734,3331
1700,3282
1692,3581
1676,3188
1672,3237
1654,3619
1650,3574
1642,3264
1640,3224
1549,3416
1517,3039
1453,3054
1437,3478
1365,3357
1349,3034
1317,3002
1309,3320
1241,2897
1241,2921
1225,3274
1193,2927
1185,2833
1149,2859
2873,3667
2825,3524
2781,3615
2753,3536
2749,10739
2603,5603
2523,4020
2507,3990
2403,3896
2363,3484
2355,3517
2263,3837
2223,3793
2215,3479
2163,3818
2143,3723
3925,3802
3823,11531
3759,7406
3663,4888
3603,3512
3563,3934
3519,3462
3503,3291
3445,3639
3413,3695
3377,3258
3361,10486
3327,6991
3311,4612
3293,3550
3285,3731
3116,3739
2988,3185
2844,3585
2780,3530
2676,3060
3133,3130
3045,3401
2997,3087
2989,3057
2841,3443
2761,2990
2689,2933
2641,3079
2633,3417
2549,2862
2517,2841
2473,8725
2465,7929
2445,4507
2343,3462
2311,2934
2231,2984
2159,3239
2143,3257
2103,2835
2035,2793
2019,3174
1979,2854
1943,2740
1935,3043
1919,2750
1915,2847
1857,3247
1809,2961
1801,2790
1765,2744
1757,3165
1741,2739
1737,2769
1703,3090
1695,2769
1679,2705
1675,2918
1657,3325
1653,2951
1645,2873
1643,3338
1552,2797
1520,2859
1456,3184
1456,3173
1440,2829
1368,2344
1352,2669
1320,2425
1312,2647
1244,3159
1244,2860
1228,2748
1196,2786
2976,3723
2968,3727
2876,2902
2836,3673
2784,3306
2776,3778
2756,3671
2638,3602
2606,3914
2510,3887
2422,3507
2406,3999
2366,3837
2282,3416
2266,3581
2226,3991
4080,3683
3988,3692
3952,4010
3932,4148
3826,3534
3762,11393
3690,7021
3658,4545
3590,3340
3530,3868
3510,3502
3464,3489
3424,10914
3388,7849
3368,5307
3338,4023
3318,3833
3314,3389
3296,3902
3288,10584
3119,3230
3624,3796
3480,3829
3384,3250
3232,3237
3200,3664
3120,3180
3032,3129
3000,3568
2876,3474
2844,10994
2764,5598
2676,4281
2644,3062
2568,3141
2552,3606
2520,3360
2476,3043
2468,3739
2448,3103
2346,3005
2314,3399
2234,3585
2162,2874
2146,2900
2114,3452
2038,3259
2022,2724
1990,3577
1982,3433
1938,2873
1922,2833
1918,3440
1860,2833
1844,2841
1812,9000
1804,6970
1768,3781
1744,3081
1740,3456
1706,2831
1698,2834
1682,3316
1678,3337
1660,2822
1656,2956
1648,3182
1646,2788
1646,2915
1555,3366
1523,3228
1459,2673
1443,2751
1371,3106
1355,2832
1323,2861
3431,4403
3383,4116
3219,3852
3139,4657
3035,3840
3019,3629
2971,6641
2895,4997
2839,4620
2831,4053
2779,4503
2759,4522
2755,4019
2609,4422
2529,4187
2425,3787
4487,4779
4399,4723
4367,4218
4203,4684
4131,4565
4083,4083
4015,4451
3983,4372
3935,3983
3861,4470
3781,4364
3693,3895
3661,3874
3593,4237
3561,3794
3525,3748
3509,4222
3451,3708
3419,3676
3383,4170
3367,3925
4072,11995
4052,6844
4030,5780
4020,3178
3851,3714
3659,3703
3483,3274
3387,3584
3371,3632
3203,3346
3123,3079
3051,3462
3003,3327
2879,2911
2847,3305
2767,3234
2695,2832
2647,2847
2639,3203
2555,2795
2523,3161
2479,4436
2471,4672
2455,4352
2349,4717
2317,4540
2237,4304
2165,4569
2149,4417
2109,4077
2041,4563
2025,4153
1993,3991
1949,4201
1941,4140
1925,3884
1921,4843
1863,3956
1815,3936
1807,4151
1771,3913
1763,3795
1747,3837
1743,4008
1709,3876
1701,3957
1685,3853
1681,3748
1663,3815
1659,3641
1651,3726
1649,3816
1558,3499
1526,3592
1462,3626
3834,3976
3666,4486
3554,3819
3450,3692
3394,8602
3386,5244
3222,3931
3126,3869
3038,3774
2982,3698
2974,3734
2882,3750
2834,3535
2790,3729
2762,3611
2758,3388
4914,3892
4770,3931
4674,3840
4490,3824
4402,3951
4370,3681
4206,3531
4118,3704
4086,3592
3994,10704
3958,7020
3934,5092
3832,3593
3712,10151
3672,6129
3612,3968
3564,3374
3528,3547
3512,3412
3454,3270
4181,3577
4137,3427
4117,10487
4059,6871
4037,4543
4025,3563
4023,3478
3790,3346
3630,3111
3454,3106
3374,3159
3206,3118
3126,3005
3054,3625
3006,4024
2882,3922
2850,4264
2770,4192
2682,3828
2650,3994
2574,4063
2526,3658
2518,3621
2474,3995
2458,4045
2352,3572
2320,3887
2256,3807
2168,3437
2152,3425
2112,3760
2044,3791
2028,3315
1996,3281
1952,3647
1944,3269
1928,3287
1866,3672
1850,3193
1818,3166
1810,3550
1774,3622
1766,3195
1750,3174
1712,3511
1704,3135
1688,3132
1684,3478
1666,3448
1662,3106
1654,3324
1652,3451
1561,3076
1529,3019
1465,3317
1449,3053
3669,3712
3637,4186
3541,4184
3437,4856
3389,4515
3257,9149
3145,5757
3041,4477
3025,4244
2977,3836
2885,4295
2845,4177
2793,3620
2785,4114
2761,3994
5013,4055
4773,13391
4693,6740
4541,5100
4421,3629
4373,4369
4257,4211
4137,13522
4089,6498
4021,5305
3961,3325
3941,4104
3835,4128
3771,3348
3699,3623
3615,3485
3575,4380
3539,4629
3515,4655
3457,4563
3425,4590
4140,4852
4120,4753
4078,4762
4058,4721
4036,4692
4026,4604
3793,4571
3633,4464
3457,4665
3377,4461
3209,4210
3145,4176
3057,4099
3009,4078
2885,4000
2853,3940
2773,3925
2685,3871
2653,3821
2577,3732
2529,3743
2521,3965
2477,3667
2461,3677
2355,3594
2323,3538
2243,3522
2171,3492
2155,3518
2115,3468
2047,3428
2031,3328
1991,3398
1955,3351
1947,3321
1927,3343
1869,3294
1853,3300
1821,3279
1813,3608
1769,3618
1753,3514
1749,3555
1715,3537
1707,3757
1691,3435
1687,4374
1669,3607
1665,2907
1657,2890
1655,3374
1564,3324
1532,2884
1468,2813
1452,3549
1380,2995
3560,4745
3456,4747
3400,3390
3260,4701
3228,4079
3132,4305
3028,4571
2988,4120
2904,3891
2848,5242
2840,3881
2788,3823
2768,4525
2650,4188
2618,4029
4696,5933
4544,4627
4424,4243
4376,4523
4260,4444
4140,4120
4092,3902
4024,4318
3964,3880
3944,3810
3838,4332
3774,4237
3678,3982
3618,4641
3574,4109
3534,3609
3518,13024
3460,6218
3400,4942
3380,3405
3350,4090
4065,12871
4043,5274
4031,4868
3860,4006
3668,3455
3492,3923
3396,4195
3244,3787
3148,3376
3060,4256
3012,3293
3004,3656
2856,3860
2776,3892
2688,3303
2656,3534
2580,3606
2532,3034
2524,3170
2480,3565
2464,3093
2358,3241
2326,3595
2246,3359
2174,3666
2126,3626
2118,3584
2034,3093
2002,3573
1994,3432
1950,3421
1934,9655
1930,7928
1856,5261
1824,2950
1816,3469
1780,3419
1772,2924
1752,2898
1718,3538
1710,2680
1694,2892
1690,3345
1672,3066
1668,2852
1660,3191
1658,3396
1567,2903
1535,2936
1471,2673
1455,2623
1383,3266
1367,3065
1335,3029
1327,3483
1259,2936
3151,3800
3047,4300
3031,3806
2983,4094
2907,3802
2851,4139
2843,10949
2791,6936
2771,4837
2653,4207
2621,3679
2525,4204
2437,4026
2421,3606
2373,3498
4263,4356
4199,3978
4103,3921
4043,4316
3995,3710
3959,3826
3873,4242
3793,3715
3721,3694
3673,4143
3605,4043
3573,3534
3537,4088
3479,3980
3439,3541
3403,3485
3383,3920
3353,3460
3333,3398
3315,3962
4034,3469
3863,3482
3671,3437
3495,3822
3399,3339
3383,3311
3215,3783
3135,3688
3047,3142
3015,3138
2891,3560
2795,3079
2779,3068
2691,3579
2651,3492
2583,3008
2535,2948
2527,3335
2483,2954
2467,2904
2361,2871
2329,3356
2265,2849
2177,2805
2161,3324
2129,3216
2053,2731
2037,2724
2005,3179
1961,2813
1953,2878
1937,2789
1933,3225
1875,2782
1827,2745
1819,3426
1783,3375
1775,2883
1759,2874
1755,3314
1721,2855
1713,2831
1697,3293
1693,3314
1671,2789
1663,2811
1663,3292
1661,2811
1570,2717
1538,3177
1474,3392
1458,2868
1386,3372
1370,3338
1338,2848
1330,2868
1262,3201
3234,3957
3138,4113
3034,3910
2994,3359
2910,4233
2894,4210
2846,3872
2802,3988
2774,4070
2770,3603
2624,3532
2544,3922
2440,3482
2424,3432
2384,3536
4298,5053
4218,5787
4130,5914
4098,5745
4006,5743
3970,5657
3946,5659
3844,5638
3724,5443
3684,5510
3624,5380
3584,5339
3540,5302
3524,5294
3466,5234
3434,5197
3398,5158
3382,5260
3348,5129
3332,5093
4045,5297
4035,5394
3802,5177
3642,5090
3466,5056
3386,4977
3250,4881
3154,4874
3066,4929
3018,4767
3010,4757
2862,4540
2782,4583
2710,4581
2662,4484
2654,4454
2570,4511
2530,4314
2494,4301
2486,4366
2466,4253
2364,4223
2268,4225
2252,4144
2164,4078
2132,4097
2124,3999
2040,3946
2008,3998
2000,4043
1964,3895
1940,3955
1936,3895
1878,3795
1862,3872
1830,3748
1822,3893
1778,3703
1762,3696
1758,4075
1724,4081
1716,3968
1700,3976
1696,4002
1678,3974
1674,4300
1666,3956
1664,3937
1573,4109
1541,4232
1477,4089
1461,4090
1461,4113
1389,3802
1373,4133
1341,3735
1333,3829
3269,3990
3157,3598
3141,3722
3037,3577
2997,3609
2913,11637
2897,7267
2849,5416
2805,5357
2777,4342
2773,4939
2627,12387
2547,6452
2531,4791
4505,4577
4417,4256
4385,4453
4221,4111
4149,4155
4101,13534
4033,6273
3973,5155
3953,3832
3879,4143
3783,12673
3711,5718
3679,4824
3611,3656
3551,3873
3531,12460
3485,5840
3445,4688
3409,3452
3389,3556
3359,3750
4074,3652
4052,3850
4040,3851
3869,4513
3677,3628
3645,3819
3469,10400
3389,7832
3221,4980
3141,3848
3069,3982
3021,4042
2897,3780
2865,3747
2785,3747
2713,3797
2665,3633
2657,3628
2573,3629
2541,3509
2497,3519
2489,3521
2469,4308
2367,3928
2271,4163
2255,3859
2183,4025
2135,3470
2127,3756
2059,3741
2011,3715
2003,3674
1967,4162
1959,3366
1939,3595
1881,3607
1865,3417
1833,3556
1825,4287
1789,4206
1765,3903
1761,4049
1727,3861
1719,3847
1703,3888
1699,4319
1681,3800
1677,3796
1669,3771
1667,3807
1576,4153
1544,3694
1480,3660
1464,3674
1464,3765
1392,3656
1376,3629
3452,4111
3412,3921
3272,3441
3160,3533
3144,4840
3040,4040
2992,3882
2916,4164
2860,4372
2852,4836
2800,4227
2780,4436
2662,4357
2630,4438
4708,5135
4556,4914
4492,4637
4396,4347
4272,4207
4208,4223
4112,4395
4036,3999
4004,4031
3962,4233
3882,12905
3802,6928
3714,5396
3682,4002
3614,11789
3582,5984
3534,4340
3488,3977
3448,3918
3412,3864
3392,3798
4101,3985
4077,3925
4055,3891
4043,3969
3872,12389
3680,6469
3504,5169
3408,3654
3256,3668
3224,3719
3144,3461
3056,3442
3016,3220
2900,3365
2804,4080
2716,3924
2700,3900
2660,3898
2592,3999
2544,3957
2536,3581
2492,3615
2476,3374
2370,3556
2338,3164
2258,2823
2186,2713
2170,2917
2130,2989
2062,2968
2046,2827
2006,4028
1970,4442
1962,3900
1946,3840
1884,4480
1868,4356
1836,3669
1828,3836
1792,4320
1784,4267
1768,4216
1730,3619
1722,3741
1706,4276
1702,4192
1684,3643
1680,3669
1672,3640
1670,4074
1579,4010
1547,3430
1483,3501
1467,4057
1467,4056
1395,3403
1379,3465
3455,4523
3415,4581
3275,4212
3163,4883
3147,4805
3043,4746
2995,4185
2919,12129
2863,7667
2855,5044
2803,3929
2783,9103
2665,6015
2633,4567
4759,4997
4591,4814
4495,4222
4399,4303
4307,4768
4211,4583
4115,4168
4055,4640
4007,4636
3971,4419
3955,4050
3805,4503
3733,4354
3685,3800
3617,3901
3585,4339
3549,4230
3533,3822
3451,4738
3415,4820
4142,4708
4104,4140
4080,4419
4058,4475
4046,6731
3875,6357
3683,5652
3507,4772
3475,4816
3395,5173
3227,4501
3147,4593
3059,4442
3027,4367
2903,3900
2807,4388
2791,4737
2703,3709
2671,4145
2595,4805
2579,3749
2539,4172
2503,4120
2479,3989
2475,4143
2341,6107
2277,6361
2189,3901
2173,3907
2141,3876
2065,3812
2049,4167
2017,4091
2009,3652
1965,3711
1949,4347
1945,3541
1887,3635
1871,4660
1831,5658
1795,5503
1787,5498
1771,5507
1767,4934
1733,5033
1725,4084
1709,5424
1705,5421
1687,5430
1683,3308
1675,5181
1673,4049
1582,3252
1550,4428
1486,3208
1470,3109
1398,3338
1382,3056
3562,3983
3458,3839
3410,3861
3246,4841
3166,4365
3062,3731
3046,4341
2998,4496
2906,11364
2866,7706
2814,5398
2806,4455
2782,3895
5034,4345
4906,4675
4714,4446
4562,4369
4442,4712
4402,13474
4278,6595
4158,5505
4118,4082
4042,4241
4010,4225
3962,12423
3888,6792
3808,5094
3720,3420
3688,3809
3620,4003
3560,3830
3540,3767
3494,4109
3454,3941
4169,3867
4145,3796
4107,4149
4083,4008
4061,3731
4049,4165
3878,3860
3686,3789
3510,3376
3414,3380
3262,3728
3230,3412
3150,3351
3062,3291
3022,3537
2906,3708
2810,3202
2722,3114
2706,3456
2666,10638
2598,8896
2550,5051
2542,3942
2498,3607
2482,3527
2376,3326
2344,3533
2264,3461
2192,3167
2176,3136
2136,3118
2068,3251
2052,3107
2012,4009
1976,3175
1968,3052
1952,2989
1890,3147
1874,3270
1842,3083
1834,3098
1798,3056
1790,3170
1774,3319
1770,3271
1728,3221
1712,3344
1708,3174
1690,3171
1686,3151
1678,3349
1676,3315
1585,3050
1553,3310
1553,6676
1489,6621
1473,4514
1401,5082
3565,5688
3477,5180
3421,5356
3281,3774
3249,4310
3153,3868
3049,4121
3009,4260
2925,4188
2909,4168
2861,4306
2817,4215
2789,4115
5219,5988
4941,4468
4765,4360
4701,4128
4517,4068
4429,16008
4397,6429
4233,4671
4161,4053
4113,4123
4045,4166
3985,4008
3965,3965
3859,4570
3795,4090
3723,3585
3639,3475
3599,3529
3563,3676
3543,3483
3497,3856
4216,4468
4172,4476
4144,3651
4102,3888
4084,3429
4064,3703
4052,3497
3881,3431
3689,3310
3513,5305
3417,13344
3265,6780
3233,3948
3153,3256
3065,3258
3033,3253
2909,3895
2813,3301
2797,3088
2709,3547
2677,3331
2601,3221
2585,3801
2545,3205
2509,3165
2485,3278
2481,3059
2347,3243
2283,3213
2267,3321
2179,3247
2147,3305
2139,5294
2055,3680
2023,3095
2015,3213
1979,3186
1971,3334
1951,3116
1893,3101
1877,3093
1845,3217
1837,3985
1801,3269
1793,3298
1777,3442
1773,3294
1731,4434
1715,3294
1711,3418
1693,3417
1689,2814
1689,2741
1681,2841
1679,2850
1588,2971
1556,3190
1492,3569
3864,4885
3696,6632
3584,5090
3480,7290
3464,5182
3416,4431
3252,4699
3156,4617
3068,4310
3012,4161
3004,4505
2912,4402
2864,3869
5306,4720
5246,4601
5222,4400
5040,4227
4800,4453
4704,4341
4520,4043
4432,4312
4400,4255
4236,4021
4148,3838
4116,3988
4024,3846
3988,3619
3964,3673
3862,3922
3742,3845
3702,3601
3642,10374
3594,6756
4345,4646
4325,3874
4251,4030
4211,3769
4151,3652
4113,3936
4089,3846
4067,3564
4055,3552
3884,3801
3692,3677
3516,3371
3484,3534
3404,9653
3236,8145
3156,4787
3068,3926
3036,3379
2912,3253
2816,3534
2800,3500
2712,3203
2672,3531
2604,3433
2556,3088
2548,3075
2504,3365
2488,3222
2382,3162
2350,3579
2270,3116
2198,3060
2182,3332
2142,3248
2074,3184
2058,3518
2018,3370
1982,3126
1974,3448
1954,3518
1896,3343
1880,3329
1848,3571
1840,3305
1804,3263
1780,3517
1776,3277
1742,3179
1734,3536
1718,3409
1714,3188
1696,3476
1692,3387
1684,3039
1682,3067
1591,3360
1559,3055
1495,2989
1479,3392
3699,3867
3587,4990
3483,3683
3467,4747
3419,4309
3255,4353
3175,4454
3071,4418
3015,4163
3007,4528
2915,4123
2875,3805
2823,3995
5277,4628
5229,4636
5043,4298
4803,4451
4707,4444
4523,3909
4451,5917
4403,4136
4239,3935
4167,3844
4119,4053
4051,3897
3991,3617
3971,3712
3865,3871
3801,3708
3729,3608
3645,3597
3605,3674
3569,3437
4332,3639
4254,3782
4214,3713
4170,3608
4150,3763
4108,3691
4088,5563
4066,3502
4056,3633
3823,3511
3663,3357
3487,3510
3423,3372
3271,3910
3175,4448
3087,4295
3039,3853
3031,4299
2883,4148
2803,3720
2731,3581
2683,4136
2675,3623
2591,3532
2559,4024
2515,4066
2507,3465
2487,3962
2385,3996
2289,3365
2273,3411
2185,3808
2153,3306
2145,3337
2061,3840
2029,3734
2021,3245
1985,3730
1961,3621
1957,3184
1899,3044
1883,3637
1851,3060
1843,3027
1799,3618
1783,3738
1779,3007
1745,3010
1737,3468
1721,3083
1717,2992
1699,3418
1695,2943
1687,2985
1685,3470
1594,3397
1562,2871
1498,2885
1482,3287
3702,3972
3670,3853
3574,3748
3470,4738
3422,4346
3290,4247
3178,4878
3074,4585
3058,4200
3010,4638
2934,4502
2878,4114
5380,5200
5288,5085
5244,5052
5110,4515
4918,5000
4774,4880
4606,4203
4510,4191
4414,4773
4322,4768
4226,3988
4154,4591
4070,4645
4030,3891
3986,3992
3970,12998
3820,7242
3748,4929
3708,3814
3632,4276
3600,4209
4351,4095
4331,3892
4257,4455
4181,4306
4157,3784
4119,4199
4095,4158
4073,3536
4061,3684
3890,4085
3698,3966
3666,3702
3490,3405
3410,4075
3242,3762
3162,3357
3090,3240
3042,3815
2918,3279
2822,3114
2806,3139
2718,3502
2686,3193
2610,3247
2594,3705
2554,3714
2510,3150
2494,2925
2490,3412
2356,2807
2292,2787
2204,2792
2188,3212
2156,2841
2080,2850
2064,3425
2032,3326
1988,2733
1980,2718
1964,3450
1960,2810
1894,2798
1854,3366
1846,3214
1810,2747
1802,2774
1786,3188
1782,2761
1748,2713
1740,3210
1724,3180
1702,2723
1698,2703
1690,3147
1688,2822
1688,2804
1597,3257
1565,2892
1501,2865
3857,4962
3673,4498
3593,4549
3489,4560
3433,4659
3293,4843
3261,4360
3165,4431
3061,4922
3021,4879
2937,4289
2921,4834
5391,5420
5315,4895
5255,4720
5231,5194
4953,5050
4777,4377
4609,4881
4529,4869
4441,12662
4325,6821
4245,5367
4157,4546
4125,4156
4033,4557
3997,4345
3973,3857
3871,3827
3751,4254
3711,4113
3651,3712
3611,3712
4354,4290
4334,3721
4260,3787
4220,4295
4176,4940
4156,3860
4114,4006
4094,4376
4072,4541
4062,3834
3829,4353
3669,4230
3493,3671
3413,3601
3245,4018
3181,4016
3093,3451
3045,3432
3037,4063
2889,3945
2809,3336
2737,3290
2689,3748
2613,3205
2597,3083
2557,3568
2521,3417
2497,2979
2493,2984
2375,3561
2295,3469
2279,2969
2191,2950
2159,3347
2151,2932
2067,2900
2035,2878
2027,3292
1991,2889
1967,2814
1963,3320
1905,3419
1889,2883
1857,2868
1813,3408
1805,2949
1789,2943
1785,3473
1751,2855
1743,2914
1727,3432
1723,3389
1705,2870
1701,2922
1693,3364
1691,2805
1600,2751
1568,3371
1504,3180
3876,4822
3708,4616
3596,4920
3580,4514
3476,4130
3428,4199
3264,4901
3184,4737
3080,4126
3064,4233
3016,4658
2924,4688
5418,4441
5334,4911
5286,4856
5250,4795
5116,4285
4924,4716
4732,4637
4580,4028
4516,4069
4420,4524
4296,4438
4232,3911
4136,3840
4076,4344
4028,4199
3992,3760
3906,3735
3826,11812
3754,7247
3714,4731
4441,3659
4401,4597
4357,3717
4337,3693
4263,4153
4187,4088
4163,3607
4125,3586
4101,4122
4079,4032
4075,3552
4065,3624
3832,3935
3672,3864
3496,3352
3416,3318
3268,3769
3184,3756
3096,3231
3048,3202
3040,11142
2892,6956
2812,4337
2740,3761
2692,3624
2684,3197
2600,3126
2568,3633
2524,3544
2516,3131
2496,3059
2394,3463
2362,3104
2282,2962
2210,2916
2194,3324
2154,3021
2086,3090
2070,3599
2030,3533
1994,3008
1986,3016
1970,3534
1966,3492
1892,2921
1860,8312
1852,8002
1816,3917
1808,3071
1792,3089
1788,3518
1754,3068
1746,3032
1730,3028
1726,3543
1708,2985
1704,2966
1696,3533
1694,3449
1603,2942
4167,4747
3959,4624
3863,4521
3711,4503
3599,4800
3495,4311
3439,4280
3431,4817
3267,4245
3171,4328
3083,4867
5705,14140
5589,7627
5493,5712
5397,5008
5321,4620
5261,5054
5237,5049
4959,4461
4783,4463
4615,4868
4519,4576
4423,4117
4331,4480
4235,4300
4139,3988
4079,4305
4031,4228
3995,3734
3909,3807
3829,4174
3741,3659
4528,3889
4444,12401
4368,7485
4344,5427
4282,3870
4234,4247
4190,11623
4162,6263
4120,4650
4100,4079
4078,3647
4068,3814
3835,4062
3675,3934
3499,3459
3435,3509
3283,3832
3187,3730
3099,3368
3051,3330
3043,3539
2895,3594
2815,3169
2727,3197
2695,3572
2619,3528
2603,3037
2563,3137
2527,3537
2503,3461
2397,3097
2365,3079
2301,3185
2213,3441
2197,3123
2157,3129
2089,3471
2073,3430
2033,3082
1997,3184
1989,3542
1969,3458
1911,3044
1895,3039
1863,3021
1855,3382
1811,3097
1795,3020
1791,3397
1757,3266
1749,3019
1733,2976
1729,3370
1711,3487
1707,3116
1699,3073
1697,3504
1606,3368
1574,3030
1510,2994
3866,4116
3682,4028
3586,7110
3498,4446
3442,5032
3302,4474
3190,4598
3174,12582
3070,6943
3022,4770
2946,4113
5440,13626
5392,6716
5300,4901
5256,4835
5122,4784
4930,4249
4738,12795
4586,6712
4466,4639
4418,3927
4302,4492
4182,4319
4134,3823
4066,4348
4006,4224
3986,3757
3880,3670
3816,4082
3720,3508
3660,3470
3620,4151
4363,4083
4343,3567
4269,3713
4229,4055
4185,3598
4134,3524
4107,4109
4085,3510
4073,3418
3902,3919
3710,3767
3678,3379
3502,3327
3422,3705
3254,3132
3174,3246
3086,3738
3054,3614
2930,3093
2834,3083
2818,3514
2730,2947
2690,3045
2622,2990
2574,3422
2566,8695
2522,8366
2506,4985
2400,3380
2368,3157
2288,3117
2216,3546
2200,3015
2160,3008
2092,3373
2076,2987
2036,2977
2000,2918
1992,3389
1976,2887
1914,2846
1898,3241
1866,3370
1858,2806
1822,2796
1814,3269
1794,2759
1760,2759
1752,3249
1736,2712
1732,2734
1714,2690
1710,3286
1702,2817
1700,2825
1609,3196
1577,2754
1513,2725
1497,3263
1425,3196
3685,4172
3589,3806
3485,3436
3437,4140
3305,5060
3193,4962
3089,4320
3073,11733
3025,6906
2949,5055
2893,3890
5343,4577
5295,5051
5259,4966
5125,4290
4933,4412
4741,4845
4589,4680
4469,4111
4429,4055
4305,4673
4185,4539
4145,3957
4069,4070
4037,4605
3989,4320
3915,11371
3835,6828
3747,4921
3715,4229
3647,3682
3587,3508
4350,4234
4288,11228
4240,7485
4196,5317
4172,4240
4134,3815
4110,4155
4088,4127
4076,3997
3905,3532
3713,3458
3537,3797
3441,3878
3289,9790
3193,7205
3177,4903
3089,4033
3049,3460
2933,3493
2837,3919
2749,3288
2733,3405
2693,3394
2609,3734
2577,3306
2533,3263
2525,3725
2505,3761
2403,3200
2371,3204
2291,3751
2219,3618
2171,3034
2163,3138
2095,3491
2047,3038
2039,3028
2003,3489
1995,2929
1975,2958
1917,2921
1901,3365
1869,2981
1861,2951
1825,3328
1801,2900
1797,2894
1763,3338
1755,3389
1739,2869
1735,2868
1717,3368
1713,2901
1705,2864
1703,3298
1612,2843
1580,2881
1516,3349
1500,3350
1428,2788
3608,4029
3592,3837
3488,4445
3440,5034
3308,5194
3196,4251
3092,5298
3076,12732
3028,7721
2936,5514
2896,4765
5346,5270
5298,4818
5250,5329
5128,5243
4936,4716
4744,4928
4592,4942
4472,4309
4432,4375
4308,4904
4188,4770
4148,4216
4072,4764
4040,4711
3992,4116
3918,12356
3838,7032
3750,4777
3718,3753
3650,4611
4377,4466
4353,4059
4291,4565
4243,4565
4199,4119
4175,4403
4137,4400
4113,4061
4091,3885
4079,4557
3908,10850
3716,6929
3540,4827
3444,4038
3292,3408
3260,3432
3180,3891
3092,3247
3052,3288
2936,3677
2840,3169
2752,3075
2736,3608
2696,3035
2628,3054
2580,3555
2572,3497
2528,3012
2512,3506
2406,3368
2374,2893
2294,2893
2222,9226
2206,8375
2166,5060
2098,3672
2082,3037
2042,2953
2006,3464
1998,3464
1982,3019
1920,3395
1904,3383
1872,2887
1864,2846
1828,3318
1820,2861
1800,2810
1766,3276
1758,2745
1742,2741
1738,3191
1720,2736
1716,2697
1708,3271
1706,2863
1615,2763
1583,3277
1519,2735
1503,2749
1503,3216
3691,4548
3595,4472
3491,4470
3451,4950
3311,5004
3199,4872
3183,4498
3079,4810
3031,4808
2955,4151
5449,4695
5401,5301
5309,4521
5265,4600
5131,5152
4939,5155
4795,4465
4627,5107
4531,4860
4435,4254
4343,4817
4247,4646
4175,4163
4091,4579
4051,4661
4007,4081
3991,4589
3841,4592
3769,3961
3729,3865
3653,4496
4416,4071
4372,4653
4352,4666
4278,3924
4238,4027
4194,4592
4140,4199
4116,3794
4094,4299
4090,11481
4080,7555
3847,5486
3687,3998
3511,3713
3431,11060
3263,6716
3199,4297
3111,3229
3063,3785
3055,3285
2907,3273
2827,3647
2755,9416
2707,8500
2699,5171
2615,3700
2575,3357
2539,3911
2523,3369
2511,3398
2409,3790
2313,3788
2297,3186
2209,3720
2177,3668
2169,3194
2085,3614
2053,3619
2045,3100
2009,3114
1985,3512
1981,3046
1923,2999
1907,3404
1875,3000
1867,2965
1823,3424
1807,2889
1803,2924
1769,3441
1761,3350
1745,2918
1741,2979
1723,3379
1719,2977
1711,2972
1709,3344
1618,2870
1586,2888
1522,3314
1506,3384
3726,4526
3694,3809
3598,3722
3494,4760
3446,4088
3314,4843
3202,4851
3186,4244
3082,4706
3034,4445
5572,4469
5452,4920
5404,4908
5312,4331
5268,4379
5134,4775
4942,4720
4798,4219
4630,4632
4534,4536
4462,4115
4346,4579
4250,4412
4178,3986
4094,3946
4054,4426
4010,4681
3994,3916
3892,4288
3772,4209
3732,3753
4475,3847
4427,4294
4375,3821
4355,3797
4281,4280
4241,4255
4197,3753
4177,4316
4135,4149
4115,3684
4093,4185
4083,4091
3850,3589
3690,3540
3546,3961
3450,3441
3298,3407
3202,3888
3114,3924
3098,3339
3058,3830
2910,3711
2846,3288
2758,3209
2742,3619
2702,3250
2634,3134
2586,3626
2578,3132
2534,3141
2518,3577
2412,3470
2380,3020
2316,2974
2228,3353
2212,2953
2180,2937
2104,3397
2088,3511
2056,2993
2048,3506
2004,3575
1988,3097
1984,3071
1926,3632
1910,3197
1878,3169
1834,3655
1826,3672
1810,3141
1806,3126
1772,3671
1764,3127
1748,3113
1744,3631
1726,2839
1722,2842
1714,3367
1712,3346
1621,2798
1589,4923
4185,4283
3977,4225
3881,4735
3697,4371
3617,8700
3513,5494
3457,4134
3449,4309
3285,4518
3189,5346
5859,4886
5739,6871
5691,5952
5527,5665
5439,4938
5355,4582
5307,5548
5259,5064
5073,4429
4833,4289
4753,4917
4601,5143
4481,4217
4441,4628
4317,4383
4253,4262
4157,4203
4097,4053
4049,5029
4013,4140
4786,4144
4690,4806
4602,5100
4546,4223
4462,3938
4422,4890
4378,3824
4358,4269
4284,3629
4244,3765
4200,4117
4180,3573
4138,4216
4118,3683
4096,3426
4086,3563
3853,3622
3693,12433
3517,5760
3437,4385
3301,4831
3205,3213
3117,8689
3101,8651
3061,4562
2913,3545
2849,3562
2761,3278
2745,3635
2705,3177
2621,3968
2589,4431
2545,4409
2537,4395
2521,4465
2415,4600
2383,4728
2303,4508
2231,4501
2215,4447
2175,4429
2107,4343
2091,4386
2059,4361
2015,4275
2007,4245
1991,4259
1987,4281
1929,4172
1881,4153
1873,4169
1837,4148
1829,4140
1813,4140
1809,4104
1775,4098
1767,4039
1751,4030
1747,4050
1729,4008
1725,3964
1717,3967
4635,4748
4380,4944
4188,4365
3980,4952
3900,4229
3732,4377
3620,13039
3516,6683
3500,5093
3452,4167
6238,4929
6062,4854
5862,4709
5742,4665
5694,4614
5530,4588
5442,4497
5358,4451
5310,4483
5262,4383
5076,4302
4836,4236
4756,4199
4604,4116
4484,4160
4436,4065
4320,4032
4200,3981
4160,3966
4084,3908
4955,4060
4895,4100
4789,4023
4693,3963
4589,3922
4549,3931
4465,3866
4389,3857
4365,3851
4303,3920
4255,4456
4211,4336
4187,4153
4149,4641
4125,4287
4103,4213
4091,4597
3920,4520
3728,4389
3552,4297
3456,4265
3304,4221
3272,4151
3192,4097
3104,4078
3064,4045
2948,4077
2852,3989
2764,3902
2748,3885
2708,3889
2640,3828
2592,3787
2548,3785
2540,3765
2520,4052
2418,3812
2386,3665
2306,3622
2234,3562
2186,3527
2178,3561
2110,3489
2062,3455
2054,3482
2018,3736
2010,3687
1990,3674
1932,3605
1916,3643
1884,3610
1876,3625
1832,3607
1816,3588
1812,3581
1778,3562
1770,3575
1754,3906
1750,3865
1732,3836
1728,3836
1720,3835
4638,7611
4383,7523
4191,7974
4015,7341
3903,7659
3735,7628
3623,7612
3519,7095
3503,7072
6541,8158
6241,7773
6017,7357
5865,17164
5745,8659
5697,7392
5533,7134
5445,6965
5361,6942
5313,16144
5265,8234
5079,7129
4839,6471
4743,6540
4559,6309
4487,6557
4439,6475
4275,6102
4203,5670
4155,5733
4063,5638
4922,5696
4894,5855
4760,5899
4680,5824
4560,5617
4484,5699
4436,5819
4385,5518
4364,5502
4290,5537
4250,5561
4206,5500
4186,15937
4144,8097
4124,6274
4102,5123
4092,5198
3859,4974
3699,4768
3523,4726
3443,14013
3275,7933
3211,5975
3123,4494
3075,4448
6029,4826
5837,5043
5661,4878
5477,4817
5397,4666
5289,4617
5193,4723
5105,13998
5037,7243
4981,5325
4957,4358
4691,4496
4531,4276
4379,11560
4283,7385
4219,5056
4111,4132
4015,3944
3951,4460
3875,4567
3835,4018
4690,4686
4670,4589
4480,4513
4400,4561
4352,4405
4268,4416
4228,4405
4188,4279
4141,4163
4066,4219
4026,4143
4002,4072
3968,4113
3944,4087
3924,4001
3912,4102
5876,7692
5524,7364
5268,8275
5092,7245
4892,7138
4828,7174
4684,7169
4556,7087
4484,14111
7350,9678
7014,7745
6822,7417
6710,7002
6590,7168
6394,6973
6290,6801
6194,6570
6138,6753
6078,6841
5876,6732
5572,6533
5460,6313
5316,6280
5164,6027
5108,5735
4920,5531
4832,5727
4776,5570
4704,5477
4628,5234
5495,5609
5349,5462
5253,5580
5109,5419
5029,5300
4973,5452
4913,5337
4889,5337
4811,5296
4763,5231
4711,5067
4687,4933
4643,5097
4597,5012
4583,4839
4437,4967
4332,4823
4140,4682
3932,13358
3836,7794
3660,5615
3564,4527
3460,9975
3420,6407
3288,4621
6062,4754
5966,4808
5766,4882
5670,4595
5550,4561
5430,4475
5382,4452
5290,4431
5246,12808
5116,7420
4924,5538
4732,4479
4606,4506
4516,4474
4420,4310
4300,4433
4236,4278
4140,4176
4080,4198
4032,4457
4240,4064
4773,4191
4677,4250
4589,4049
4533,3927
4449,4189
4409,4332
4349,4050
4289,3950
4241,4128
4197,10647
4173,7835
4135,5250
4111,3998
4089,3764
4077,3806
3910,3973
5681,8053
5409,7732
5233,6922
5201,7493
4953,7272
4809,7275
4673,7325
4601,7201
4449,7010
7159,7707
6927,7606
6815,7576
6695,7194
6555,7512
6403,7122
6347,7114
6239,6867
6187,7011
6029,6658
5805,6638
5565,6604
5397,6614
5317,6147
5197,6011
5057,5884
4977,5862
4857,5800
4789,17282
4733,8227
5584,6442
5448,6047
5336,5899
5232,5959
5168,15860
5076,7486
5028,6247
4956,5571
4886,5464
4830,5393
4778,5661
4750,5570
4708,5416
4680,15935
4654,7842
4640,6404
4449,5270
4225,5117
4017,5019
3905,4861
3889,4881
3705,4681
3609,4675
3505,4530
3465,4500
3325,4527
6099,4990
6003,4917
5803,4911
5707,4827
5583,4744
5463,4707
5415,4710
5323,4643
5279,4587
5147,4562
4955,4583
4763,4410
4643,4415
4547,4341
4451,4236
4359,12551
4263,7286
4167,5607
4107,4073
4059,4184
4918,4225
4898,4208
4700,4283
4612,12293
4564,7550
4472,5591
4432,4152
4388,4132
4368,11955
4262,6016
4218,4438
4194,3793
4156,3906
4132,3876
4110,3874
4098,3869
3929,3804
5700,7800
5636,7326
5364,8554
5220,6951
4972,7179
4828,7343
4692,7282
4636,7289
7542,8159
7174,7757
7062,7762
6846,7370
6710,7213
6570,7275
6418,7062
6362,7094
6254,6911
6202,17384
6040,8113
5816,6839
5576,6621
5440,6645
5328,6245
5208,6243
5068,6216
4988,5980
4868,5867
4800,16065
4744,7773
5595,6673
5457,10880
5345,7141
5225,5942
5177,5833
5085,5821
4993,5840
4965,5731
4895,5599
4839,5207
4787,5174
4755,15836
4709,7948
4685,6349
4659,5514
4647,5595
4393,5298
4201,5425
4025,5240
3913,4792
3745,4688
3633,4684
3529,4533
3513,4431
3465,4632
6251,4922
6027,4874
5875,4839
5755,4724
5660,4712
5527,4673
5431,4574
5355,4545
5295,4576
5271,4451
4993,4357
4817,4354
4649,4286
4569,4226
4481,4190
4365,4171
4285,4066
4197,4055
4113,4031
4073,3998
4029,3886
4904,12240
4706,7855
4618,5422
4562,4078
4478,4228
4438,3941
4394,4138
4316,3993
4268,3718
4224,3726
4200,3755
4162,10685
4138,8977
4116,5349
4104,3906
3933,3584
3741,3691
5432,7704
5256,6545
5040,7733
4864,7429
4728,7489
4696,7382
4624,7045
4404,16733
7082,10014
6914,7821
6762,7444
6606,7461
6494,7204
6374,6771
6290,16704
6214,8526
6186,7202
5852,6659
5644,6891
5444,6550
5332,6548
5244,6149
5104,6073
4992,6010
4872,15848
4804,8022
4748,6640
4704,6024
4602,5993
5349,16283
5229,7961
5181,6375
5089,5794
4997,5453
4969,5538
4899,5512
4843,5509
4791,5344
4759,5506
4713,15285
4689,8202
4663,6285
4651,5149
4396,5066
4204,5036
3996,4947
3900,4860
3748,4586
3636,12830
3532,8320
3476,5935
3468,4564
3304,4353
3208,4205
5830,5044
5742,4841
5626,4782
5530,4570
5434,4459
5358,4354
5298,12968
5274,8272
4996,5581
4820,4425
4652,4098
4556,4217
4460,4048
4368,4192
4272,4042
4176,3847
4116,4033
4068,3849
4032,3724
3946,3700
3866,3755
4605,3908
4565,3811
4481,10819
4441,8734
4381,5336
4319,3844
4271,3796
4227,3945
4203,10346
4165,6989
4141,4751
4115,3848
4107,3811
3936,3779
3744,3682
3568,3642
3472,3581
5043,6584
4867,6743
4731,6745
4699,7457
4627,7038
4407,12370
4295,8207
4159,6444
6765,7969
6709,7273
6513,7104
6377,7034
6293,6883
6217,6847
6189,17579
5855,8323
5679,6897
5567,6285
5351,6224
5247,6289
5107,6195
5011,6377
4907,6218
4867,5912
4759,5674
4707,5782
4687,6072
4573,5881
4421,5571
5192,5605
5092,5452
5044,5386
4992,5442
4968,5393
4846,5244
4794,5188
4766,5172
4724,5136
4696,5177
4670,5137
4656,5048
4463,5221
4239,5067
4031,4983
3919,4891
3751,14048
3639,7641
3623,5718
3519,4403
3471,4265
3307,12961
3227,6879
3123,4955
3067,4060
5713,4794
5549,4709
5461,4700
5361,4647
5301,4578
5277,4580
4999,4507
4823,4379
4759,4296
4575,4279
4487,4208
4371,4116
4275,4151
4203,4142
4119,4018
4079,3998
4035,3997
3949,3988
3869,3915
3797,3833
4568,4016
4484,4011
4408,3942
4384,3895
4322,3900
4274,4013
4230,4051
4202,4030
4160,4006
4140,3963
4118,3982
4108,3933
3875,3913
3715,3819
3571,3721
3475,3686
3323,3651
3227,3618
4734,6937
4702,6111
4630,6837
4410,5911
4298,6615
4162,6634
4074,6268
4058,6441
6516,7542
6412,7064
6312,7168
6256,6869
6196,6769
5986,6682
5682,6672
5570,6594
5354,6557
5261,6322
5210,6296
5014,6140
4926,6210
4870,6320
4762,5958
4718,5783
4690,5688
4576,16284
4496,8522
4376,6534
5111,5821
5055,5734
4995,5847
4971,5634
4889,5845
4841,5813
4789,5661
4765,5309
4719,5346
4695,5239
4669,5234
4657,5262
4402,5110
4210,14355
4002,8576
3906,5956
3722,4727
3642,4871
3538,4569
3482,4545
3342,4649
3310,12149
3214,8686
3110,5848
3070,4367
5632,13851
5536,7193
5440,5631
5364,4717
5304,4643
5280,4551
5002,4476
4826,4492
4658,4496
4562,4293
4490,4037
4374,4193
4278,11685
4206,7649
4122,5367
4082,4300
4038,11236
4022,6974
3872,6981
3800,6764
3760,5339
4487,5422
4447,4834
4403,4756
4383,4385
4309,4767
4233,4264
4209,4342
4171,4307
4147,4201
4125,4283
4113,4296
3942,4144
3750,4158
3574,4078
3542,4046
3462,3993
3294,3906
3214,3828
4705,7212
4649,7756
4477,6580
4301,6814
4269,6782
4133,6562
4077,6974
6583,7272
6431,7718
6375,7574
6267,7057
6215,6972
6053,16710
5861,8460
5653,6975
5453,6856
5341,6501
5253,6514
5113,6556
5001,6377
4913,6055
4813,6345
4765,6167
4713,15563
4693,8214
4515,6470
4427,5841
4379,5848
5098,6031
5050,6247
4998,6377
4974,6177
4892,5595
4844,15825
4772,8077
4730,6364
4702,5983
4676,5623
4662,5410
4498,5459
4405,5319
4213,4879
4005,5350
3909,5069
3725,4763
3640,5153
3541,4831
3485,4594
3345,4842
3313,4700
3217,4357
3113,4668
3073,12101
5635,8787
5539,6290
5443,5083
5367,4713
5307,5121
5283,4898
5005,4466
4845,4678
4765,5040
4581,4548
4493,4840
4461,4922
4297,4557
4209,4821
4177,4335
4085,4168
4049,4566
4029,3995
3923,4117
3859,4440
3787,4086
4506,4544
4458,4532
4414,4027
4390,4522
4320,4406
4272,4016
4228,4294
4208,4138
4166,3707
4146,10975
4124,7660
4114,5471
3881,4019
3753,3537
3577,3443
3481,3943
3329,3288
3233,3363
4844,7600
4708,7252
4636,7855
4480,7463
4304,7415
4168,7145
4136,6857
6726,8071
6586,7742
6434,7578
6318,7768
6270,7605
6218,7550
6056,7503
5832,7182
5592,6814
5424,6954
5344,6850
5224,6049
5084,7276
5004,6625
4884,6072
4816,6615
4760,6217
4716,5631
4614,6148
4518,5939
4430,5393
5193,6045
5101,5893
5053,5404
5001,5983
4911,5796
4855,5235
4803,5704
4775,5659
4733,5089
4705,5592
4679,5559
4665,5388
4472,5134
4248,5353
4040,5071
4008,4870
3912,5043
3728,4844
3632,4565
3528,4809
3488,4261
3348,4370
3236,4631
3220,4553
3116,4213
5754,5137
5638,4697
5486,4677
5438,5017
5346,4820
5302,4529
5286,4877
5008,4255
4832,4341
4664,4658
4568,4484
4496,4174
4380,4466
4284,4111
4212,4056
4128,4307
4088,4229
4044,3895
4028,4272
3878,4113
3806,3799
4585,4307
4493,4186
4453,3857
4409,4230
4389,4116
4283,3784
4239,4110
4215,4021
4177,3714
4153,4089
4131,3973
4119,3670
3948,3900
3756,3819
3580,3527
3548,3816
3468,3713
3300,3373
4847,7710
4711,7752
4655,7134
4483,7161
4307,7487
4275,7069
4139,7380
6729,7886
6589,8001
6437,7908
6381,7825
6273,8078
6221,7889
6059,7867
5835,7965
5595,7303
5427,7473
5347,7853
5227,7072
5087,7284
5007,7123
4887,7004
4819,6992
4763,6045
4719,6677
4617,6526
4521,6363
5244,6850
5196,6860
5104,6047
5012,6644
4984,6496
4914,6230
4858,6515
4806,6395
4778,6161
4736,6289
4708,6276
4682,6163
4668,6168
4475,6006
4251,5926
4043,5291
3931,5751
3763,5666
3651,5084
3635,5522
3531,5470
3483,4932
3319,5039
3239,4806
3135,4324
3079,4814
5725,5317
5561,4816
5473,5239
5389,5073
5341,4687
5293,5116
5107,4958
4867,13890
4771,7404
4587,5248
4515,4289
4467,4732
4303,4752
4231,4195
4183,4689
4115,4524
4055,3999
4035,12402
3929,7685
3865,5729
4588,4488
4512,4450
4464,3983
4420,4544
4392,4288
4318,3798
4278,4426
4234,4187
4214,3907
4172,4269
4152,4202
4130,3688
4120,3839
3887,4036
3727,3857
3551,3748
3471,3802
3303,3448
3223,3409
4746,8557
4658,8734
4486,8751
4422,7615
4278,7353
4142,7973
4086,7890
6624,8199
6512,8832
6384,8181
6276,8121
6224,8044
6204,8299
5870,8163
5662,7891
5462,7724
5350,7699
5262,7569
5122,7579
5010,7348
4922,7307
4822,7125
4774,7110
4722,6793
4702,7016
4524,6884
4436,6693
5199,6939
5107,6957
5059,6849
5007,6840
4917,6623
4861,16762
4809,8317
4781,6903
4739,6485
4711,6938
4685,5881
4671,6366
4478,6120
4254,5416
4046,5803
3934,5696
3766,5484
3734,14621
3638,7422
3534,5849
3486,4921
3354,5235
3242,5416
3138,4868
3122,5335
5736,5712
5612,5345
5476,5795
5392,5412
5344,5012
5296,5549
5110,5338
4982,5490
4790,4705
4638,5120
4518,5166
4470,4574
4354,4868
4234,4918
4194,4496
4118,4864
4058,5038
4038,4493
3964,5041
3868,4962
3796,13000
4515,6946
4467,5773
4423,4346
4399,4347
4321,5075
4281,4889
4237,4276
4217,4749
4175,13311
4155,6129
4133,5530
4123,4619
3890,4322
3730,4328
3554,4204
3474,3960
3338,3837
3242,4210
3154,3611
4661,8141
4489,7424
4425,8428
4281,8504
4145,8778
4089,7423
6627,8447
6515,8215
6395,7938
6279,8048
6227,7670
6065,7983
5841,7654
5665,7579
5465,7521
5353,7371
5233,7272
5093,7107
5013,6954
4893,6756
4825,6629
4769,6692
4709,6654
4623,14257
4511,7555
4423,6531
4383,6377
5070,6079
5018,6531
4990,14348
4920,7481
4856,6488
4804,6407
4780,6476
4734,6481
4710,6631
4684,6361
4672,5785
4417,6245
4225,6019
4017,5526
3921,5921
3737,5611
3641,5335
3537,5667
3497,5627
3357,5010
3245,5432
3141,5336
3125,5380
3077,4743
3001,5310
5479,5786
5395,5053
5347,5858
5299,5208
5113,5048
4873,4806
4777,4667
4593,4565
4505,4555
4473,4531
4309,4333
4221,4412
4137,4322
4097,4201
4053,4253
4037,4199
3887,4012
3815,4096
3767,4156
3699,3925
3639,3990
4402,4193
4340,3952
4284,4059
4240,4025
4220,4001
4178,3857
4158,3913
4136,3941
4126,3838
3765,3781
3589,3722
3493,3654
3477,3703
3309,3666
3229,3582
3141,3552
3101,3686
2953,3591
2873,3576
4180,6324
4092,5755
3984,7621
3952,5714
3880,6878
3812,6262
6230,7314
6068,7359
5844,7268
5604,6743
5436,6658
5284,6938
5236,6491
5096,6342
4944,6230
4888,6191
4812,5887
4736,6022
4708,6005
4594,5952
4442,5810
4394,5763
4326,5685
4270,5629
4226,5638
4206,5579
4108,5471
4815,5671
4787,5617
4745,5616
4717,5546
4691,5534
4677,5502
4484,5358
4260,5263
4052,5062
3940,5020
3772,4903
3660,4798
3644,4786
3540,4713
3492,4674
3328,4568
3248,4502
3144,4449
3088,4419
3080,4345
2988,4278
2940,4323
2896,4202
2868,4205
2864,4377
5020,4858
4844,4723
4676,5034
4580,4593
4484,4520
4392,4486
4296,4442
4200,4350
4140,4384
4092,4295
4044,4265
3970,4200
3874,4181
3802,4125
3770,4083
3678,4066
3642,3988
3622,3967
3576,3871
3528,3910
4243,4052
4223,4024
4181,3989
4161,3989
4139,4005
4129,3967
3896,3841
3736,3812
3560,3714
3480,3678
3312,3656
3232,3592
3160,3599
3112,3700
2988,3807
2892,3777
2876,4015
2788,3979
2748,3944
2680,3865
3899,6249
3883,6780
3815,6121
3779,7064
3641,6563
3577,6519
5607,6958
5439,7081
5287,6951
5231,7156
5035,6626
4947,6978
4891,6816
4783,6628
4739,6616
4711,6648
4597,6458
4445,6567
4397,6342
4313,6151
4273,5987
4229,5748
4159,5722
4111,5648
4067,5553
4043,5503
4748,5698
4716,5684
4690,5735
4678,5694
4423,5487
4231,5437
4023,5309
3927,5113
3743,4997
3663,4960
3559,4845
3503,4746
3363,4497
3251,4579
3235,4539
3131,4342
3083,4486
2991,4380
2951,4245
2899,4122
2891,4237
2867,4163
2753,3952
2641,3995
2537,4011
2521,3864
4511,4584
4395,4526
4299,4527
4203,4297
4127,4392
4095,4318
4047,4170
3941,4281
3877,4216
3781,4062
3721,3946
3673,4026
3637,4012
3600,3903
3539,3912
3503,3883
3483,3818
3445,3841
3429,3843
3411,3733
4132,3925
3899,3907
3739,3676
3563,3606
3483,3768
3315,3723
3235,3581
3147,3567
3107,3471
2959,3378
2895,3590
2807,3542
2759,3664
2751,3659
2667,4675
2627,4802
2591,4855
2567,4814
2563,4718
2429,4727
3468,5231
3436,5347
3300,5428
3244,5131
3136,6382
5038,10085
4934,7161
4894,6259
4786,6350
4742,6430
4714,6163
4600,8491
4448,5923
4400,6089
4332,5972
4284,5778
4232,5926
4212,5777
4146,5934
4106,5854
4062,5632
4042,5740
4004,5452
3984,5504
3962,5558
3952,5549
4426,6725
4234,5491
4026,5845
3930,4996
3778,4993
3666,5456
3562,5013
3506,4866
3498,4755
3334,5269
3238,4501
3150,4450
3094,4721
3010,4470
2994,4287
2946,4321
2902,13946
2874,7700
2870,6262
2756,4441
2644,5129
2628,4855
2524,4262
2484,4214
2476,4153
4318,4575
4246,4288
4198,4284
4130,4216
4070,4238
4050,4212
3944,4158
3880,4080
3808,4216
3724,4637
3684,3979
3648,4094
3628,3945
3582,4908
3534,4570
3498,3897
3482,3825
3448,3841
3432,3850
3414,3974
3406,4300
3902,4016
3774,5658
3598,3936
3502,3898
3350,4416
3254,3814
3238,4026
3150,3806
3110,3760
2962,3794
2898,4359
2810,4091
2794,3772
2754,5125
2686,3749
2638,3904
2630,3730
2586,3360
2570,3364
2464,3506
3583,5785
3439,5494
3335,5553
3247,5349
3231,6352
5105,6410
4953,6507
4905,6414
4821,6767
4781,6710
4721,6265
4635,5940
4523,5782
4435,5688
4395,5674
4287,5622
4243,5533
4219,5480
4165,5465
4109,5466
4065,5378
4045,5314
4007,5334
3987,5343
3965,5061
3955,5191
4429,5271
4237,5197
4029,5075
3937,5017
3781,4876
3669,4808
3565,4712
3509,4668
3501,4871
3337,5004
3241,5291
3153,5131
3097,5322
3013,5781
2997,6062
2949,5226
2905,4714
2877,4847
2873,4718
2727,4664
2647,4746
2543,4628
2527,4500
2487,4399
2403,4373
4305,5068
4233,4858
4149,4730
4109,4826
4065,4760
4049,4519
3899,4775
3827,4845
3779,6694
3711,5381
3679,5639
3643,4147
3585,4339
3545,4186
3509,4014
3489,4151
3459,4687
3439,4002
3421,5931
3411,6174
3304,5685
3777,4691
3601,4996
3505,4688
3353,3908
3257,4042
3241,3628
3153,4231
3113,3802
2965,3702
2901,3660
2813,3674
2797,4278
2757,3728
2673,3554
2641,3606
2597,3695
2589,3614
2569,4062
2467,3909
2371,5768
3442,7264
3338,6052
3250,6804
3234,5695
3142,6737
4956,6310
4900,9433
4824,12969
4748,11282
4724,6736
4638,7325
4526,6511
4438,7033
4398,7040
4290,6698
4246,6773
4222,6224
4168,6072
4120,6272
4068,6127
4048,9655
4010,8477
3990,13025
3968,5442
3959,5848
3831,6654
4272,6306
4064,5754
3952,6093
3784,5806
3672,5889
3656,5135
3552,5858
3504,6042
3372,4825
3260,6329
3156,6779
3140,5208
3092,6164
3016,4857
2960,4703
2952,4411
2900,4313
2880,4723
2762,4480
2730,4160
2650,4579
2546,4376
2530,3954
2482,3989
2406,4661
4308,4993
4236,14216
4152,7965
4112,5092
4068,4567
4052,4772
3950,4835
3830,4763
3790,4293
3730,4632
3690,13225
3646,6405
3630,5745
3572,4746
3540,4459
3504,4625
3488,4900
3454,4957
3438,4244
3420,4731
4141,14572
3908,6080
3748,5408
3572,5208
3508,4890
3356,4125
3260,4689
3172,4221
3156,5701
3116,4636
2968,4845
2888,4387
2816,4478
2768,5314
2760,3876
2676,4017
2644,4154
2600,4304
2592,3664
2572,4283
2470,4024
3477,6825
3445,5493
3309,5699
3253,7337
3237,5749
5047,6629
4943,6705
4903,6798
4795,6425
4751,8776
4723,8947
4609,6657
4457,6451
4409,6522
4341,6231
4285,7439
4241,6757
4221,5843
4155,5835
4115,6671
4071,5716
4021,5836
3997,5735
3975,5975
3963,5774
4499,5814
4275,5983
4243,5644
4035,5437
3939,5387
3755,5462
3659,5261
3555,6047
3515,4975
3375,5384
3263,5336
3247,4970
3143,5285
3095,6166
3019,4958
2963,5051
2955,5978
2903,5127
2883,4918
2765,5313
2733,5069
2637,4376
2549,4503
2493,5232
2485,4153
4375,5355
4255,5497
4215,4536
4139,4736
4079,5909
4059,4388
3953,4774
3889,5619
3817,4824
3733,4447
3693,4576
3657,4482
3633,13003
3575,7090
3543,6625
3507,4161
3491,5001
3457,4209
3441,4376
3423,4848
3415,5072
3911,4328
3751,4763
3575,4140
3495,3928
3327,3979
3247,3960
3159,3925
3127,3889
3003,4136
2907,3813
2846,3724
2803,3765
2763,3835
2695,3500
2647,4032
2603,3625
2595,3998
2575,4288
2473,3780
2441,3907
2361,4135
3344,6554
3256,5798
3240,6008
3148,7080
4962,7144
4914,7076
4830,6814
4754,9660
4730,6811
4644,7001
4532,6742
4444,7005
4344,6225
4296,6751
4252,6348
4228,5918
4158,15503
4118,7645
4074,7954
4054,6723
4016,6340
3996,8248
3974,5743
3964,12718
3773,7509
4246,8494
4038,5996
3942,6190
3790,5744
3678,5361
3574,7417
3518,5633
3510,5490
3346,5526
3250,14772
3162,7207
3106,6132
3022,5551
3006,6626
2958,4931
2914,5301
2886,5493
2882,4625
2736,4568
2656,4956
2552,4939
2536,4424
2496,4850
2412,4900
2396,4313
4242,12962
4158,7503
4118,5289
4074,4438
4058,4857
3908,4731
3836,4472
3788,4784
3720,4485
3688,3980
3652,4070
3594,4488
3554,4272
3518,3972
3498,11383
3468,7593
3448,4988
3430,4108
3420,4729
3313,4395
3153,3708
3610,4219
3514,4003
3362,3669
3266,3609
3250,3888
3162,3475
3122,3534
2974,3835
2910,3765
2822,9473
2774,8383
2766,5071
2682,3871
2642,3524
2606,3898
2582,3863
2578,3528
2444,3847
2380,3716
2364,3420
2276,3359
3259,6042
3151,6171
3119,5796
3063,6932
4909,6338
4801,6869
4757,6732
4729,6898
4615,6105
4463,6550
4415,6389
4347,6172
4299,14966
4247,7735
4227,6731
4161,6174
4121,5915
4077,6254
4057,6266
4019,6044
3999,5766
3977,5972
3967,5702
3776,5553
3616,5312
4041,5764
3945,5496
3793,14781
3681,7876
3577,6240
3521,5110
3513,5457
3349,5098
3253,4689
3165,4700
3109,5085
3101,4881
3009,4472
2969,5005
2917,4822
2909,4548
2885,4542
2771,4808
2659,4615
2643,4254
2555,4686
2499,4518
2491,4175
2415,4139
2359,4575
4221,4823
4145,4489
4113,4825
4065,4766
3991,4413
3895,4370
3823,4705
3791,4568
3723,4198
3663,12079
3643,7331
3597,4999
3557,4245
3521,4753
3501,4327
3471,4294
3451,4661
3433,4784
3423,4007
3316,4017
3156,4299
3613,4191
3517,3853
3501,4330
3333,4074
3253,3798
3165,3766
3133,4147
3009,3956
2913,3605
2897,3974
2809,3955
2777,3730
2701,3644
2685,4107
2645,4141
2609,3639
2585,4015
2581,4107
2447,3525
2383,3465
2367,3926
3318,6217
3262,5710
3246,5340
3122,5819
4968,7667
4912,6742
4836,7057
4760,6395
4736,13301
4618,7510
4538,6783
4450,6668
4350,6423
4302,9026
4258,6005
4234,6602
4180,6572
4124,5846
4080,6159
4060,6232
4022,5727
4002,6077
3980,6115
3970,6101
4508,6479
4284,6223
4076,5941
3964,5427
3796,5720
3684,7658
3668,5401
3564,5562
3516,5793
3384,5872
3272,5167
3168,5744
3152,5496
3104,4820
3028,5376
2972,5247
2964,4902
2912,5775
2892,5041
2774,5597
2742,5447
2662,4871
2558,4874
2542,5352
2502,4698
2418,4782
4320,4705
4248,5112
4164,5247
4124,5240
4088,5248
4064,6742
3962,5335
3842,5258
3802,5107
3742,4952
3702,4963
3658,6285
3642,4411
3584,4631
3552,6259
3516,4231
3500,4630
3466,4499
3450,4275
3432,4544
4153,4871
3920,4429
3760,4725
3584,4677
3520,4045
3368,4475
3272,4467
3184,3969
3168,4458
3128,4351
2980,3863
2916,3823
2828,4383
2812,3784
2772,3865
2688,4492
2656,4358
2612,3688
2604,4867
2588,3691
2482,3600
2450,4105
3457,6501
3353,6165
3321,6583
4951,7098
5155,7632
5043,7467
4923,7425
4855,6559
4807,7170
4755,7008
4735,7114
4557,6873
4469,6591
4421,6917
4353,6744
4297,6852
4253,6970
4233,6865
4167,15630
4127,7948
4083,6867
4063,6512
4025,5936
4005,14232
4714,8107
4702,6377
4447,6346
4255,6349
4079,5779
3967,5983
3799,6090
3687,5397
3671,5649
3567,5402
3519,5128
3387,5519
3275,5186
3171,4735
3155,5283
3107,5048
3031,4790
2975,5124
2967,4951
2915,4512
2895,5008
2891,4825
2745,4508
2665,4866
2561,12244
4623,8615
4535,6287
4419,5209
4339,4920
4251,5057
4219,4939
4127,4603
4091,4985
4071,4856
3965,4416
3901,4921
3829,4743
3745,4335
3705,4751
3669,4641
3649,4256
3603,4656
3563,4552
3527,4201
3503,4639
3469,4473
4188,4299
4170,4750
4158,4586
3987,4163
3795,4536
3619,4302
3523,3939
3371,4372
3339,4227
3259,3909
3171,4269
3139,4084
3015,3712
2919,4108
2903,3992
2815,3644
2783,3720
2707,3928
2659,3577
2651,4011
2607,3770
2591,3488
3806,7004
3604,7042
3492,7615
5498,7867
5386,8819
5298,7692
5158,7762
5062,7771
4958,7463
4858,7420
4810,7283
4758,7470
4738,7257
4624,7280
4472,6898
4424,6947
4356,6782
4300,6845
4256,6726
4236,6626
4170,6506
4130,6689
4086,6767
4066,6705
4767,6588
4743,6550
4717,7083
4705,6887
4450,6753
4258,6492
4050,5987
3954,5976
3770,5407
3690,5816
3586,5655
3530,5180
3522,5641
3358,5516
3262,4857
3174,5432
3118,5266
3034,4790
3018,5305
2970,5127
2926,4677
2898,5137
2894,8545
2780,8721
2668,8402
4810,6719
4626,5294
4554,5965
4506,5817
4342,5275
4270,5250
4222,5189
4154,5243
4094,4517
4074,4987
3968,4487
3904,4370
3832,4722
3774,4679
3708,4316
3672,4728
3652,4728
3606,4231
3566,4665
3530,4622
3506,4071
4211,4704
4191,4692
4169,4227
4161,4750
3990,4566
3798,4041
3622,3868
3526,4386
3374,3829
3278,3857
3262,4291
3174,4271
3134,3692
3018,4213
2922,4087
2834,3542
2818,4120
2778,4029
2710,3657
2662,3587
2654,3913
2610,3539
3817,6924
3671,7186
3607,7355
5637,7634
5469,7979
5389,7763
5269,7968
5129,7810
5049,7363
4929,8082
4861,7571
4805,7232
4761,7026
4659,7255
4563,7090
4459,6977
4419,7358
4343,6908
4303,6575
4243,7204
4189,6713
4141,6856
4097,6354
4073,5871
4778,6523
4750,6486
4724,5952
4710,6545
4517,6379
4293,6215
4085,6122
3973,5820
3957,5885
3773,5152
3677,5733
3573,5550
3533,5127
3393,5563
3281,5474
3265,5439
3161,4865
3113,5316
3037,5212
2981,4740
2973,5168
2921,5043
2901,4598
2783,4519
2751,4963
4877,5451
4709,4913
4613,5352
4517,5182
4425,4764
4329,5179
4257,5111
4173,5047
4133,4584
4089,5011
4073,4983
3923,4392
3851,4896
3811,4916
3751,4311
3703,4280
3667,4784
3651,4732
3593,4195
3561,4706
4276,4740
4256,4290
4214,4813
4194,4694
4172,4226
4162,4209
3929,4597
3769,4495
3593,3942
3513,4424
3345,4286
3281,3828
3193,3778
3145,4239
3137,3736
2989,3657
2909,4128
2837,4056
2789,3551
2781,3548
2697,3877
2665,3522
2621,3438
3848,6769
3812,7340
3674,7336
5736,7625
5624,7712
5472,7366
5320,7632
5264,7319
5132,7384
4980,7535
4932,7028
4848,7074
4808,16454
4748,8470
4662,7043
4566,6826
4462,6853
4422,6660
4346,6558
4306,6489
4246,6641
4192,6310
4144,5782
4851,6537
4823,6237
4781,5725
4753,6462
4727,6196
4713,5669
4520,6243
4296,6077
4264,5331
4056,5992
3960,5829
3776,5582
3680,5738
3592,5629
3536,5450
3396,5064
3364,5427
3268,5363
3180,4850
3124,5322
3116,5225
3024,4705
2984,5151
2932,5051
2924,4613
2900,5056
5152,5501
4912,4947
4832,5407
4680,5313
4560,5253
4520,4758
4396,5140
4332,5119
4236,4553
4176,5048
4128,4964
4092,4468
4006,4894
3926,4880
3854,4323
3814,4846
3738,4710
3706,4250
3670,4783
3654,4548
4363,4188
4323,4836
4279,4618
4259,4133
4217,4644
4197,4584
4175,4060
4165,4682
3932,4452
3772,3907
3596,3943
3516,4244
3380,3697
3284,3755
3196,11294
3148,7890
3140,5605
2992,4190
2928,3493
2840,3519
2792,4007
2784,3392
2700,3388
3935,7937
3867,7740
6313,7582
6253,7795
6043,7908
5883,7719
5643,7798
5475,7293
5323,7057
5275,7311
5135,7119
5055,6960
4935,7129
4867,7122
4811,6840
4767,7054
4665,7070
4569,6832
4481,6682
4425,6638
4349,6689
4309,6142
4265,6836
5028,6689
4946,7004
4854,6892
4826,6585
4784,6055
4756,9204
4730,6608
4716,6326
4714,7277
4459,6439
4267,5866
4059,8180
3963,5918
3779,5449
3699,6531
3595,5853
3539,5113
3531,5930
3367,5499
3271,5705
3183,5274
3127,5486
3119,14854
3027,7374
2987,6149
5437,5327
5389,5752
5341,6256
5155,6340
5027,5031
4835,5703
4683,5380
4563,4881
4523,5534
4399,5225
4335,4976
4239,5258
4179,15397
4131,7256
4095,6023
4079,5711
3929,5475
3857,4565
3817,5137
3741,5085
3709,4643
4460,14675
4440,7098
4366,5903
4326,5200
4282,5214
4262,4699
4220,5091
4200,5659
4178,4950
4168,5729
3935,4893
3775,5101
3631,4818
3535,5574
3383,5217
3287,4740
3199,4648
3183,4695
3143,5368
2995,4215
2931,4758
2843,5165
2827,4170
4118,7310
3994,7011
6472,8220
6372,8726
6316,8442
6256,8317
6046,7685
5886,7452
5646,7438
5478,7118
5326,7327
5270,7422
5138,6915
4986,7163
4938,7122
4854,6600
4814,6027
4754,6883
4668,6617
4556,6971
4468,7121
4428,6677
4320,5928
5063,6678
5035,6280
4965,6994
4901,6240
4849,6178
4825,5599
4779,6132
4755,6052
4729,6035
4717,6274
4462,5942
4270,5273
4062,5809
3982,5492
3814,5447
3702,5445
3598,5255
3542,7257
3534,5280
3370,6860
3274,5089
3186,4593
3130,5006
3046,4371
3030,4408
5500,5396
5424,5274
5364,4778
5340,15993
5062,7194
4886,5451
4718,4915
4638,5472
4550,4454
4434,4744
4354,4707
4266,4252
4182,4135
4142,4910
4098,5759
4082,4717
3932,4458
3860,3879
3820,13139
3744,6342
3712,5574
4463,3814
4443,4459
4337,6026
4293,3891
4269,4391
4231,4264
4207,4436
4185,4931
4173,4393
4002,3757
3810,3706
3634,4252
3538,3590
3386,4135
3354,4092
3274,3246
3186,3304
3146,3284
3030,3253
2934,3224
2846,3295
2830,3444
2790,3578
3997,6407
3941,6006
6375,8094
6319,7317
6255,7267
5921,7227
5713,6879
5513,7275
5417,6976
5313,7280
5173,6704
5061,6489
4941,6220
4873,6894
4817,6348
4773,5624
4671,6306
4559,6047
4471,5374
4431,5943
4323,5924
4279,5671
5038,5843
4952,6026
4904,5795
4852,5508
4828,5908
4782,5659
4736,5133
4722,5828
4529,5475
4305,4905
4097,5523
3985,5333
3817,4619
3785,5290
3689,5040
3585,4468
3537,4377
3373,4924
3293,4251
3189,6354
3133,5271
3125,4193
3033,4010
2985,4396
2941,3951
2913,4446
5343,4949
5065,4226
4889,4807
4721,4644
4625,4092
4553,4769
4437,4515
4341,13051
4245,7389
4185,5048
4137,4026
4101,4475
4015,3926
3935,4020
3847,4552
3815,4293
3747,11470
3687,7463
3667,6168
3621,3960
4340,5045
4288,14063
4268,5704
4226,5904
4206,4935
4184,4705
4174,4815
3941,5127
3781,13819
3605,5676
3525,5145
3389,3989
3293,3991
3205,5066
3157,4323
3149,3671
3001,4350
2921,3879
2849,4075
2801,4066
2725,4242
2709,3509
2669,3986
2633,4114
3832,6232
3824,5952
5924,6811
5748,6656
5636,7226
5420,6581
5316,6113
5276,12441
5080,7640
4976,5827
4936,6695
4828,6318
4784,6356
4756,6250
4642,6185
4562,5551
4442,5987
4374,5814
4326,5860
4274,5342
4254,5823
4188,5691
4907,5677
4855,5923
4831,5730
4785,5286
4761,6007
4735,5788
4723,5451
4468,5783
4276,5730
4068,5755
3972,5703
3788,4997
3692,4745
3604,4598
3548,4809
3408,4507
3376,4335
3280,4291
3176,4450
3136,4238
3052,3979
2996,12204
2988,7804
2936,5537
2916,4352
5228,4538
5068,4399
4892,4526
4724,4413
4628,4268
4532,4370
4440,4676
4344,4090
4248,4233
4188,4195
4140,4052
4104,4109
4018,4048
3938,3918
3866,3852
3818,4065
3750,4026
3718,3772
3670,3960
3624,4048
3584,3699
4299,4062
4275,4255
4237,11425
4213,8696
4191,5129
4179,3857
4008,3707
3816,4225
3640,3695
3544,3918
3392,10966
3296,7524
3280,5366
3192,4024
3152,3474
3004,3554
2940,3975
2852,3902
2836,3394
2796,3886
2712,3933
2680,3423
2636,3914
2628,3740
3827,6376
6055,6704
5751,7921
5639,7192
5423,7116
5335,6982
5279,6964
5083,7083
4995,6856
4939,6666
4863,6807
4787,6618
4763,5872
4645,6470
4565,6247
4445,5534
4377,6441
4329,6441
4277,6096
4257,6476
4191,6073
4151,5657
4858,16934
4834,9711
4768,6387
4742,5830
4728,5727
4535,5634
4311,5423
4279,5443
4071,5510
3975,5151
3791,5066
3695,5127
3591,4907
3551,4872
3411,13685
3299,8198
3195,6192
3179,4552
3131,4627
3055,4602
2999,4588
2947,4578
2939,4476
2915,4514
2801,4470
4927,4978
4831,4911
4695,4543
4575,4395
4527,4425
4363,4420
4291,4297
4243,4290
4151,4219
4115,4216
4091,4216
3989,4197
3869,3988
3829,4021
3769,4120
3721,4019
3685,3941
3669,4007
3599,3938
3551,3884
3531,3925
4240,3996
4216,3952
4194,3980
4182,4031
4011,3857
3819,3813
3643,3809
3547,3722
3395,3847
3299,3821
3211,3777
3195,3788
3155,3724
3007,3604
2927,3769
2855,3720
2807,3675
2731,3982
2715,3850
2675,3846
2631,3831
2615,3802
2509,3735
2477,3713
3484,5750
5490,5964
5410,7253
5290,6936
5150,6447
4998,6392
4950,6610
4866,6400
4790,6113
4766,6069
4648,5910
4568,6019
4448,5850
4380,5659
4332,5956
4280,5932
4260,5700
4194,5737
4154,5637
4094,5714
4060,5407
4036,5384
4745,5514
4731,5537
4538,5613
4314,5329
4106,16707
3994,7737
3826,6119
3714,5024
3610,5277
3594,5547
3546,13440
3382,6588
3286,5112
3198,4445
3142,4590
3058,4529
3042,4420
2994,4472
2950,4349
2922,4294
2918,4287
2772,4233
2692,4160
2588,4091
2572,4120
4538,4419
4414,4441
4350,4343
4254,4357
4178,4325
4146,4279
4098,4205
4024,4208
3928,4176
3856,4074
3772,4069
3732,4078
3696,3980
3672,4015
3614,3946
3582,3909
3546,3940
3530,3884
3496,3841
3480,3869
3462,3778
4183,4020
3950,3897
3790,3819
3614,3779
3534,3771
3366,3719
3286,3689
3214,3829
3166,3797
3042,3738
2946,3865
2930,3867
2842,3831
2802,4012
2734,3935
2686,3965
2678,3959
2634,3999
2618,4082
2512,3846
2480,3848
2400,3785
2328,3757
2280,3737
3279,5592
5153,6287
5001,5928
4945,6540
4869,6203
4793,6190
4769,5947
4651,6090
4571,6076
4451,5700
4383,6062
4335,5895
4283,5687
4263,5657
4197,5674
4157,5643
4113,5544
4093,5475
4055,5436
4017,5512
4005,5441
4541,5591
4477,5497
4285,5384
4077,5238
3981,5198
3797,5065
3701,5002
3613,4978
3557,4865
3417,4778
3305,4759
3289,4728
3185,4646
3145,4626
3061,4505
3005,4549
2997,4461
2945,4395
2925,4441
2807,4333
2775,4279
2695,4191
2591,4152
2575,4295
2535,4309
2451,4213
4353,4688
4281,4629
4197,4618
4157,4620
4113,4591
4097,4544
3947,4478
3875,4450
3835,4450
3759,4349
3727,4329
3691,4306
3675,4278
3617,4260
3557,4221
3537,4195
3507,4179
3487,4164
3469,4138
3459,4219
4017,4188
3825,4175
3793,4108
3617,4067
3537,3966
3369,3940
3289,3932
3217,4066
3169,3797
3045,3793
3013,3910
2933,3971
2845,3876
2813,3878
2737,3817
2721,4037
2681,5044
2645,7212
2621,7110
2617,5253
2483,4478
2419,4808
2331,4384
2315,3614
2283,4275
5188,7791
5092,6602
4988,8596
4888,8099
4840,5771
4788,8469
4768,9713
4654,8887
4502,7240
4454,7975
4386,5914
4330,7741
4286,8193
4266,8970
4200,8607
4160,8522
4116,6412
4096,6097
4058,6741
4038,8233
4016,6247
4735,8281
4480,8191
4288,5804
4080,5837
3984,5881
3800,7316
3720,5164
3616,5519
3560,5135
3552,5099
3388,5414
3292,6402
3204,4882
3148,4849
3064,5914
3048,5042
3000,4917
2956,4616
2928,6249
2924,4421
2810,4518
2698,5003
2682,4491
2578,4322
2538,5420
4536,5160
4372,5194
4300,5012
4252,5465
4184,4404
4124,5453
4104,6025
3998,4463
3934,4465
3862,5284
3808,4416
3738,4425
3702,4580
3682,4450
3636,4178
3596,4755
3560,4919
3536,4436
3502,4172
3486,5065
3468,4416
4191,4287
4020,4132
3828,4449
3652,4119
3556,4107
3404,4315
3372,3953
3292,4306
3204,4382
3164,3926
3048,3756
2952,4490
2936,4224
2848,3539
2808,4027
2740,4938
2692,5173
2684,5049
2640,4640
2624,3990
2586,3323
2486,4802
2422,4745
2334,4800
2318,4701
5331,7987
5191,6335
5095,7186
4991,6570
4951,6348
4843,6584
4799,6418
4775,6231
4657,5919
4577,6909
4489,6821
4389,5989
4341,6099
4297,7870
4273,8101
4219,6648
4171,5840
4127,5597
4103,5467
4069,5417
4045,5837
4754,5589
4740,8140
4547,5668
4323,5450
4291,5464
4083,5818
3987,5682
3803,6002
3723,7345
3619,7311
3563,6970
3555,6941
3391,5624
3311,5797
3207,5979
3191,6102
3143,4933
3067,5372
3011,5780
3003,5122
2951,6512
2931,6499
2927,6345
2781,4375
2701,4510
4843,6321
4659,7139
4571,4556
4539,6870
4375,6525
4303,5410
4263,4332
4187,6580
4155,6175
4119,4222
4033,6550
3953,6354
3881,6231
3841,6463
3781,6309
3741,5141
3705,6089
3681,6403
3623,4223
3591,5011
3563,6064
4290,4639
4252,15926
4228,9284
4206,6783
4194,4645
4023,5964
3959,6061
3799,4088
3623,4576
3543,5098
3407,3954
3311,5553
3223,5404
3207,5560
3167,5477
3051,3959
2955,12642
2939,8659
2851,6278
2819,4433
2743,3955
2727,4554
2687,4404
2651,3988
2643,4109
6280,8130
6070,8330
5766,7785
5654,10378
5502,7853
5350,8041
5294,8055
5162,7379
5010,7442
4954,7032
4878,8090
4802,7162
4778,7125
4692,9065
4580,7018
4492,6943
4452,7355
4344,7166
4300,7099
4276,8071
4222,7373
4933,6759
4873,7266
4849,6950
4803,6339
4779,6371
4753,7768
4741,6887
4486,6175
4326,5957
4118,6498
4006,5787
3838,5811
3726,6244
3622,5473
3606,5612
3558,6783
3394,5413
3314,5489
3210,5304
3154,5271
3146,5212
3054,5448
3014,5089
2962,4929
2954,5257
5368,5880
5182,5343
4942,6752
4862,7108
4710,5383
4590,6402
4542,7246
4426,5092
4306,6304
4266,5258
4190,5248
4158,5948
4110,5288
4036,5103
3940,5506
3868,5809
3836,6507
3744,6262
3708,4906
3688,6022
4409,5660
4361,4691
4317,5336
4293,4849
4247,4468
4227,4947
4207,4764
4197,4636
4026,4825
3834,4965
3658,4241
3562,4642
3410,4807
3314,4944
3298,4391
3210,5410
3170,4605
3054,4169
2958,4343
2870,4702
2854,4092
2814,4705
2746,4848
2698,4016
2690,4140
2646,3789
6299,7526
6137,9341
5913,7759
5673,8243
5505,7909
5425,7083
5305,7151
5165,8031
5085,6882
4965,8548
4897,8254
4841,6853
4797,7525
4695,6894
4599,7489
4511,6858
4455,6530
4379,7310
4339,7114
4295,7323
4992,6492
4936,6586
4884,6459
4856,7312
4814,6548
4786,6563
4760,6692
4746,6217
4553,6117
4329,6088
4297,6026
4089,5307
3993,5885
3809,5663
3713,5169
3625,5674
3569,5476
3429,4955
3397,5390
3301,5385
3197,5288
3157,4697
3073,5112
3057,5076
3009,4583
2966,13520
5391,8842
5367,6828
5089,5652
4945,5729
4849,5582
4665,5619
4577,5063
4545,4986
4381,5497
4309,4790
4261,4518
4193,4992
4133,4819
4113,13008
4039,7010
3943,5460
3871,4675
3839,4165
3747,4136
3711,4936
4474,4871
4412,4094
4364,4766
4320,4773
4296,4226
4258,4032
4234,12944
4212,7126
4200,5690
4029,4519
3837,4250
3661,3856
3629,3720
3549,4684
3381,4143
3301,3613
3229,3617
3181,4101
3173,10558
3025,6834
2945,4869
2873,4261
2825,3632
2817,3543
2733,3997
2701,4007
6402,7670
6354,7573
6302,7323
6140,7983
5916,7593
5740,7631
5540,7459
5428,7331
5340,7467
5200,7353
5104,7259
5000,6963
4960,7100
4884,7133
4808,7211
4784,6447
4698,7041
4602,6933
4498,6680
4458,6656
5185,7108
5137,6709
5085,6243
5061,6859
4979,6444
4931,6644
4879,6256
4855,6440
4809,6267
4785,6127
4763,15192
4749,8065
4556,6556
4332,5848
4300,6272
4092,6211
3996,5734
3844,5974
3732,5997
3628,5188
3612,5816
3564,5922
3432,5292
3320,5473
3304,5809
5926,6102
5838,5887
5722,6075
5642,5803
5554,5224
5470,5865
5422,5959
5386,5793
5252,5442
5060,5712
4916,5741
4748,5066
4668,5060
4580,5217
4548,5031
4384,4498
4312,4619
4272,4962
4196,4844
4164,4549
4128,4936
4901,4845
4805,4413
4717,4944
4669,4838
4593,4310
4545,4458
4493,4774
4473,4217
4399,4356
4359,4670
4315,12269
4295,7315
4261,5666
4237,4532
4215,4151
4203,4562
4032,11985
3840,7103
3808,5423
3632,4421
3552,4126
3384,4133
3320,11145
3232,7045
3184,5092
3176,4151
7453,8117
7181,8288
7013,8692
6861,8337
6805,7637
6609,8243
6473,8246
6389,8150
6313,8170
6285,7907
6079,8004
5775,7673
5663,7847
5447,7364
5343,7426
5303,7635
5107,7262
5003,7079
4963,7296
4855,6970
5706,7132
5674,7273
5528,6906
5432,6579
5288,7115
5204,6696
5148,6779
5088,6955
5064,6846
4982,6138
4934,6671
4882,6366
4858,5790
4812,6554
4788,6358
4762,5778
4750,6391
4495,5975
4303,5591
4095,5937
3999,5570
3815,4994
3719,5533
3631,5325
3575,5052
6513,5916
6209,5720
6113,5323
5929,5788
5817,5514
5693,5722
5573,5551
5525,4936
5433,5498
5389,5419
5255,4756
5063,5359
4871,5077
4719,4593
4655,5158
4559,4934
4435,4507
4371,4987
4275,4844
4199,4493
4167,4876
5010,4873
4904,4491
4792,4896
4704,4756
4664,4486
4548,4808
4504,4740
4480,4305
4418,4674
4362,4569
4318,4144
4298,4614
4256,4504
4236,4141
4214,4576
4204,4527
3971,3953
3811,3928
3635,4186
3555,3983
3387,4033
3323,4621
3235,4456
3187,4208
3063,4416
2967,4361
7168,8430
6952,7732
6848,7984
6676,7379
6524,7822
6468,7828
6360,8003
6308,7844
6146,7567
5922,7628
5710,7349
5546,7265
5434,7016
5314,7097
5174,7058
5094,7082
4974,6509
4906,6706
4850,6727
5701,6800
5563,6723
5451,6798
5331,6587
5283,6347
5191,6536
5099,6485
5071,6386
5001,6074
4945,6247
4893,6202
4865,6062
4815,6240
4791,6212
4765,6089
4753,5829
4498,6223
4338,5882
4130,5877
4018,5694
3850,5631
3738,5373
3634,5211
3618,5307
3570,5256
3406,6453
6132,6902
5980,7155
5860,6000
5728,5588
5632,5612
5536,5470
5460,5532
5400,5266
5376,5770
5098,6573
4922,7874
4754,6229
4674,6676
4586,5632
4470,5206
4374,6479
4302,4866
4218,5350
4178,4674
4134,4895
5009,5075
4811,4878
4723,6859
4667,4813
4583,4722
4543,5505
4483,5584
4421,5188
4373,6152
4329,4923
4305,4401
4259,5822
4239,6142
4217,6702
4207,5839
3974,4430
3814,5944
3638,4253
3558,4448
3422,5445
3326,4853
3238,4661
3190,7745
3066,5047
3034,4526
2954,5169
2866,4895
6851,9008
6679,10785
6527,9876
6471,11236
6363,9131
6311,10816
6149,9127
5925,11033
5685,7638
5549,7183
5437,7345
5317,7808
5177,8182
5097,7332
4977,6765
4909,7387
4853,7107
4809,6706
4707,7163
5454,7682
5334,6908
5286,7458
5194,7020
5102,6708
5074,6680
5004,7237
4948,6554
4896,6510
4864,6879
4818,6055
4794,6141
4768,6458
4756,8444
4501,6128
4309,6513
4133,6667
4021,6012
3853,5987
3741,6136
3637,5655
3581,5249
3573,5772
3409,5470
3313,5455
5983,6096
5863,7181
5731,6572
5635,5961
5539,6522
5463,6027
5403,5344
5379,6282
5101,6250
4925,5429
4757,5845
4677,5392
4589,5084
4473,4798
4393,5441
4305,5085
4221,4910
4181,5808
4137,7116
4121,7131
3971,7073
4726,7337
4678,7269
4586,7290
4546,7227
4502,8452
4482,8459
4376,6787
4332,4980
4308,5566
4270,5375
4246,4865
4224,5073
4212,4956
4041,5213
3849,5269
3673,6715
3577,6596
3425,7191
3393,7582
3313,7158
3225,3965
3185,4038
3069,4557
2973,7021
2885,4953
2869,4999
2829,4288
6618,7661
6514,7728
6414,7824
6358,8100
6314,8579
6152,8572
5928,8591
5688,8018
5520,8268
5440,7753
5320,7606
5212,7716
5100,7536
5012,7517
4912,8017
4864,7475
4812,7522
4792,7436
4678,6993
5353,9980
5297,7318
5213,7371
5157,9811
5097,7217
5073,7243
4991,7319
4943,6946
4891,7018
4867,7620
4821,6859
4797,6865
4771,7617
4759,6823
4568,6912
4344,7317
4136,6525
4024,6371
4008,8579
3824,6214
3728,6554
3624,5921
3584,6103
3444,6042
3412,5181
6138,6583
5938,6304
5850,9222
5734,6051
5638,6348
5566,5696
5482,6944
5434,5907
5386,5455
5200,6231
5072,6334
4880,5116
4728,5968
4664,5786
4568,5140
4476,5819
4380,5387
4308,5021
4259,5522
4184,5353
4148,5134
5019,5672
4881,5582
4801,5229
4713,5088
4673,5492
4589,5237
4549,5059
4505,5906
4427,5270
4379,4710
4371,5090
4327,5390
4307,4732
4265,6425
4245,4961
4223,5038
4213,7202
4044,5090
3852,5347
3676,5377
3580,4843
3564,5033
3396,4307
3332,4797
3244,4847
3196,3946
3188,4355
7465,9894
7193,10307
6961,9339
6825,8881
6621,8028
6485,8678
6369,9716
6301,8586
6091,8507
5755,8947
5523,9006
5371,8437
5215,7939
5103,8581
4975,7682
4867,7480
4799,6785
4681,6528
4529,9224
5292,6583
5152,6519
5080,6428
4994,6890
4902,6760
4870,6575
4804,6171
4774,5954
4762,5956
4347,5782
4107,5583
3859,5374
3747,5315
3627,5186
3447,5094
3335,5001
3215,4862
