9964,1759
9835,1939
9560,1823
9524,2112
9400,1874
9369,2060
9078,2673
8309,1975
8053,1989
7476,1685
7252,1565
6948,1573
6336,1397
6176,1270
5960,1780
5808,2047
5552,1992
5496,1963
5412,2109
5156,2021
4788,1745
4660,1271
4460,1389
4668,1487
4444,1643
4412,1541
4268,1044
4236,1625
4164,1353
3679,873
3667,803
3647,925
3615,809
3615,891
3543,1029
3535,1130
3499,1217
3495,1347
3437,1606
3433,1626
3176,1454
3176,1501
3144,1489
2871,1308
2807,1289
2719,1249
2719,1274
2695,1227
2379,1136
2379,1119
2347,1478
2283,1087
2283,1099
2251,1348
2143,1262
2143,1263
2135,1300
2099,1566
2099,1465
2067,868
2067,944
1907,584
1907,451
1891,435
1883,482
1803,620
1779,977
1779,1476
1699,1640
1691,1461
1683,1592
1683,1669
1651,1433
1651,1560
1651,1407
1635,1378
1635,1572
1348,1465
1348,1330
1344,1317
1344,1387
1344,1320
1316,1317
1316,1277
1308,1303
1308,1337
1308,1269
1278,1214
1277,1293
1277,1255
1244,1239
1244,1267
1147,1133
1147,847
1131,850
1099,774
1099,827
1099,827
1099,856
933,588
933,706
933,689
909,624
901,986
901,950
869,981
869,853
869,835
861,560
861,567
861,609
861,578
805,561
805,548
805,264
805,215
773,217
773,275
773,265
773,408
741,764
741,821
741,787
741,775
737,794
737,790
737,766
737,792
588,648
4024,914
4004,1117
3972,670
3972,882
3896,1038
3888,1047
3852,1072
3848,1065
3848,1121
3780,1616
3776,1315
3518,1476
3518,1541
3486,1213
3229,1386
3133,1503
3133,1630
3037,1518
3013,1536
3013,1544
2643,1353
2611,1347
2611,1353
2547,1320
2547,1266
2515,1294
2395,1258
2395,1248
2387,1243
2387,1249
2351,1228
2319,1098
2319,1200
2147,1121
2147,1023
2131,1106
2123,1101
2035,1054
2035,888
2011,978
2011,1038
1923,1135
1915,1165
1907,1198
1907,1220
1875,1167
1875,1130
1859,1104
1859,1104
1538,996
1538,1030
1538,1039
1534,1015
1534,1060
1506,1002
1506,1015
1498,1000
1498,962
1498,1016
1464,999
1463,1011
1430,950
1430,939
1430,908
1332,856
1316,837
1316,843
1284,827
1284,810
1092,729
1092,744
1092,729
1068,647
1068,705
1060,772
1028,762
1028,786
1028,714
1028,770
1020,748
1020,687
1020,718
960,611
960,629
960,653
960,624
928,603
928,609
928,594
896,571
896,626
896,575
4772,821
4640,847
4608,949
4608,1049
4552,893
4528,1131
4171,1034
4159,1036
4139,1564
4107,1849
4031,1820
4023,1819
3987,1799
3987,1787
3983,1626
3915,1765
3911,1746
3653,1575
3653,1609
3621,1478
3364,1507
3268,1342
3268,1458
3172,1424
3148,1315
2771,1264
2771,1272
2739,1433
2675,1453
2675,1461
2643,1347
2643,1458
2523,1412
2515,1339
2515,1386
2479,1373
2447,1282
2447,1350
2275,1173
2275,1267
2259,1244
2251,1232
2163,1102
2163,1180
2139,1155
2051,1110
2043,1090
2035,1045
2035,988
2003,1065
2003,1055
2003,1001
1987,1025
1987,992
1656,849
1656,930
1652,934
1652,946
1624,908
1624,922
1616,918
1616,904
1616,910
1582,866
1581,876
1548,879
1548,1085
1548,1044
1450,969
1434,965
1434,947
1402,943
1402,1013
1402,943
1209,849
1209,949
1185,817
1185,823
1177,814
1145,753
1145,788
1145,756
1145,781
1137,762
1137,718
1137,771
1077,689
1077,667
1077,714
1045,665
1045,674
1045,481
5077,837
5009,939
4977,852
4945,854
4941,984
4781,1036
4765,1119
4709,1142
4685,1220
4286,1103
4274,1349
4254,1866
4222,2035
4146,1789
4138,1763
4138,1667
4102,1805
4098,1683
4030,1725
4026,1729
3768,1543
3768,1591
3736,1569
3447,1442
3383,1749
3287,1313
3287,1391
3263,1381
2886,1261
2886,1473
2854,1462
2790,1465
2790,1416
2758,1408
2638,1371
2638,1354
2630,1873
2594,1331
2594,1311
2562,1302
2390,1208
2390,1215
2374,1920
2366,1108
2278,1151
2278,1145
2254,1264
2166,1437
2158,1380
2150,1103
2150,1308
2118,1212
2118,1213
2102,1188
2102,1302
1770,1111
1770,1104
1770,1080
1766,1111
1766,1066
1738,1033
1738,1037
1730,1168
1730,1034
1696,973
1696,1011
1695,1256
1662,948
1662,1066
1564,976
1564,974
1548,1039
1516,906
1516,893
1516,866
1323,766
1323,826
1323,1059
1299,1179
1291,1019
1291,991
1259,925
1259,959
1259,1027
1251,923
1251,937
1251,1013
1191,897
1191,888
1191,963
1191,889
1159,854
5263,891
5247,1040
5123,985
5091,1245
5059,1226
5055,1201
4911,1489
4879,1278
4823,2322
4807,2410
4400,2135
4388,2371
4368,2361
4336,2166
4336,2279
4260,2337
4252,2280
4216,2173
4212,2209
4144,2242
4140,2298
4076,2135
3882,1818
3850,2060
3593,1814
3497,1675
3497,1718
3401,1680
3377,1592
3377,1666
3000,1559
2968,1559
2904,1098
2904,1432
2872,1484
2752,1435
2752,1420
2744,1285
2744,1347
2708,1339
2676,1251
2676,1132
2504,1554
2504,1585
2480,1520
2392,1427
2392,1494
2368,1471
2368,1437
2280,1434
2272,1397
2264,1512
2264,1379
2232,1362
2232,1384
2216,1375
2216,999
1884,1171
1884,1090
1880,844
1880,1129
1852,880
1852,840
1852,1164
1844,940
1844,859
1810,1177
1809,847
1776,793
1776,818
1776,871
1678,724
1662,742
1662,742
1630,707
1630,721
1437,664
1437,635
1437,653
1413,624
1413,650
1405,635
1373,934
1373,613
1373,627
1365,895
1365,614
1365,614
1365,587
1305,584
1305,578
1305,571
5585,982
5537,1048
5457,957
5441,1040
5249,1162
5217,1920
5185,1346
5037,1329
5005,1693
4949,1095
4949,1238
4925,1727
4514,1225
4502,1291
4482,1603
4450,1240
4374,1176
4366,1236
4330,1261
4326,1300
4258,1280
4258,1229
4190,1204
3996,1161
3964,1337
3707,1184
3675,1181
3611,1341
3515,1110
3491,1113
3491,1467
3114,1027
3082,1029
3082,1431
3018,1103
2986,1078
2866,1100
2866,1029
2858,1065
2858,1096
2822,1021
2790,999
2790,996
2618,947
2618,967
2594,927
2506,906
2506,948
2482,1049
2482,985
2394,1027
2386,983
2378,937
2378,1000
2346,1046
2346,1273
2330,949
2330,934
1998,1139
1998,844
1994,804
1994,828
1966,839
1966,784
1958,1082
1958,846
1958,739
1924,737
1923,752
1890,692
1890,849
1890,764
1792,654
1776,653
1744,630
1744,758
1744,815
1551,683
1551,689
1551,707
1527,686
1527,672
1519,671
1487,677
1487,634
1487,653
1479,645
1479,785
1479,1196
1479,883
1419,842
1419,847
13988,2194
13756,4806
13532,2730
13300,3198
13228,2937
12796,3869
12692,3184
12600,3148
12432,3750
12048,3060
11920,3022
11764,3447
11636,3205
11025,2704
10985,2664
10865,3021
10777,2526
10593,2782
10557,2959
10449,2510
10437,2554
10409,3003
10289,2507
10091,2384
9321,2290
9097,2699
9065,2150
8472,7412
8296,3814
8032,2195
8456,1935
8376,2653
7655,2044
7623,1932
7447,2706
7263,1780
7247,1971
7103,2515
6859,1822
6827,1728
6771,2197
6683,1541
6679,1691
6455,1625
6391,5417
6011,3733
5915,2424
5867,1358
5707,1432
5659,1395
5579,1336
5563,1339
5363,1329
5331,1396
5295,4837
5155,4947
5123,1826
5067,1408
5067,1962
5043,1347
4521,1260
4509,1250
4489,1245
4457,1255
4385,1674
4377,1206
4341,1218
4337,1803
4337,3354
4275,3839
4207,2061
4014,1223
3982,1207
3982,1724
3708,1118
3644,1092
3556,1577
3556,2687
3532,2669
3189,2038
3157,940
3157,952
3093,1417
3061,897
3061,910
2953,878
2945,952
2945,999
2909,1440
2909,953
2877,970
2713,890
15265,2843
15057,3659
14937,3776
14577,3299
14177,3337
14097,3197
13649,3857
13545,3568
13433,3396
13317,3467
12893,3109
12733,2668
12577,8776
12449,4216
11732,2897
11676,2559
11576,2847
11464,2439
11456,2684
11244,2791
11200,8119
11088,4200
11072,2728
10938,2406
10735,2525
10543,5462
9902,3547
9678,2552
9149,2451
8829,2079
9269,2389
8973,2560
8909,2300
8148,2077
8116,6745
7972,4368
7732,2524
7716,1757
7564,1646
7312,1846
7280,1908
7240,5485
7128,4203
7124,2406
6900,2062
6836,1738
6428,1640
6332,2036
6284,1463
6108,1441
6060,1952
5980,1478
5964,4796
5748,4480
5716,2342
5684,1651
5536,1495
5504,1313
5448,1429
5448,1446
5424,1757
4854,1319
4842,1336
4822,1625
4790,1266
4714,1308
4706,1748
4670,1343
4666,1327
4666,1822
4598,1353
4530,4051
4336,3767
4304,2044
4047,858
4015,1332
3951,1509
3855,985
3831,1041
3831,1238
3460,822
3428,692
3428,730
3364,1387
3332,1173
3332,1165
3212,1641
3204,1145
3204,1133
3168,1647
3136,1105
3136,1107
15932,2881
15676,3422
15356,3735
15236,3002
14716,3627
14444,2851
14364,3091
13884,3667
13780,3066
13668,3352
13552,3287
13128,3014
12968,3173
12812,3583
12684,3140
11953,3038
11897,2730
11797,3551
11685,3037
11473,4365
11465,2978
11421,2904
11309,2725
11281,2596
11155,2668
10952,2569
10760,2407
10119,2366
9895,2351
9917,2467
9533,2408
9485,2385
9189,2330
9125,2300
8345,2089
8313,1957
8169,2030
7929,2112
7913,2084
7809,2082
7509,2170
7477,2038
7437,2072
7325,2079
7321,1950
7097,1986
7033,1954
6653,1815
6525,1839
6477,1815
6301,1692
6253,1708
6173,1834
6157,1757
5941,1721
5909,1882
5877,1823
5873,1605
5713,1922
5697,2248
5641,2070
5617,2060
5037,2080
5025,1882
5005,1824
4973,2190
4897,1840
4889,1838
4853,1694
4849,1826
4781,1820
4781,1662
4713,1765
4519,1660
4487,1642
4230,1767
4198,1430
4134,1521
4038,1453
4014,1471
4014,1415
3637,1483
3605,1313
3605,1230
3541,1215
3509,1254
3389,1144
3389,1202
3381,1224
3381,1211
3345,1240
3313,1181
16489,2874
16157,3859
15645,3064
15485,3412
15133,3667
14909,3491
14653,3304
14581,3523
14093,3379
13981,9607
13881,4566
13713,3448
13305,2889
13177,7252
13005,4030
12877,2803
12098,4691
12058,3278
11934,3225
11846,2797
11634,3009
11590,2798
11490,2734
11462,2901
11324,2727
11320,7545
10929,4074
10288,2951
10096,1977
10086,2757
9894,8038
9654,3553
9390,2835
9294,4172
9214,2816
8481,2493
8337,2370
8097,2084
8081,6261
7977,4574
7677,2440
7645,1936
7605,2195
7493,1634
7489,1945
7265,2084
7201,1752
6821,1700
6693,1909
6645,1570
6469,1665
6421,1849
6341,1675
6325,1685
6109,1690
6077,1623
6045,1614
5897,1912
5865,1681
5809,1646
5793,1706
5785,1606
5204,1405
5192,1731
5172,1503
5140,1348
5064,1676
5056,1568
5020,1413
5016,1630
4948,1534
4948,1407
4880,1516
4686,1441
4654,1292
4397,1383
4365,1335
4301,1229
4205,1600
4181,1512
4181,1397
3804,1435
3772,1388
3772,1264
3708,1446
3676,1310
3676,1242
3556,1535
3548,1264
3548,1185
3512,1530
3480,1220
16944,3486
16324,3780
16068,3559
15748,4338
15300,3872
15108,3900
14836,3643
14756,3390
14276,3674
14148,3724
14048,3424
13880,3661
13472,4039
13344,3296
13172,3250
13044,3589
12288,3144
12232,3805
12132,3485
12020,2912
11808,2953
11772,3395
11756,2834
11644,2707
11616,3117
11490,2782
11287,2818
10486,3194
10454,8243
10782,4762
10252,3028
9868,2681
9820,2588
9524,3076
9460,2973
8679,2339
8647,2219
8471,2800
8263,2309
8247,2474
8095,2555
7843,2026
7811,1942
7755,1942
7659,2017
7655,2333
7431,2004
7367,1943
6955,1630
6859,1739
6811,1957
6635,1635
6587,1538
6507,1914
6491,1629
6243,1552
6211,1829
6207,5135
6063,5312
6031,2635
5975,1673
5959,1422
5370,1477
5358,1312
5358,1398
5338,1583
5306,4165
5230,4072
5222,2046
5186,1665
5182,1640
5114,1578
5114,1625
5046,1500
4852,1787
4820,1431
4563,1352
4531,1484
4467,1384
4371,1422
4347,1556
4347,1250
3970,1244
3938,1383
3938,1130
3874,1290
3842,1282
3842,1197
3722,3827
3714,2515
3714,1660
3678,838
17462,3265
17142,4199
16490,3373
16234,3435
15818,3524
15466,3399
15274,3574
15002,3327
14914,3782
14426,3481
14314,3432
14214,4275
14046,3307
13638,3244
13510,3435
13338,3330
13210,3128
12430,3497
12390,9856
12266,3858
12186,2689
11974,3549
11938,3034
11822,2932
11810,8633
11782,3707
11652,3906
11453,2983
10652,3064
10980,2954
10948,3064
10226,2982
10034,2760
9722,2730
9690,3122
9610,2810
8845,2806
8685,2207
8637,2627
8429,2182
8309,2415
8261,2211
8009,2525
7937,2013
7921,2133
7825,2195
7597,1946
7565,2039
7153,1996
7121,1755
7009,1869
6977,2036
6753,2016
6673,1922
6657,2345
6441,2188
6409,1918
6377,1683
6373,1999
6213,1811
6197,1684
6141,1992
6125,1796
5536,1494
5524,1944
5504,1788
5472,1505
5396,1693
5388,1759
5388,1793
5352,1626
5348,1482
5280,4477
5276,3313
5018,2317
5018,1371
4986,1346
4729,1517
4633,1474
4633,1268
4537,1582
4513,1406
4136,1211
4136,1501
4104,1141
4040,1247
4040,1592
4008,1275
3888,1224
3888,1477
3880,1344
3844,1361
18332,3692
17660,4312
17404,3343
16444,4119
16156,4057
15996,3817
15580,4229
15420,4183
15164,3761
15092,3802
14516,3853
14404,4092
14288,3255
13864,3596
13704,3181
13548,3007
13420,3384
12620,3205
12564,2884
12556,2795
12432,3366
12344,3332
12132,2894
12088,3381
11988,3306
11960,3049
11822,3517
11818,3472
12043,3184
11402,3176
11146,8639
10584,4071
10392,3241
10152,2507
9888,2330
9792,2411
9712,2711
8979,2146
8851,2119
8803,2286
8579,1979
8475,1983
8427,2344
8143,1963
8103,1909
8087,2165
7991,1889
7763,1827
7731,1907
7319,1525
7287,1823
7175,1977
6967,1880
6919,1720
6839,1833
6823,1595
6607,1611
6575,1863
6543,1659
6539,1621
6379,1847
6363,1587
6307,1500
6291,1711
5702,1408
5690,1473
5670,1687
5638,1606
5562,1423
5562,2085
5554,1501
5518,1503
5514,1926
5446,1599
5442,1476
5378,1833
5184,1466
5152,1465
4895,1676
4799,1249
4799,1251
4703,1428
4679,1210
4679,1357
4302,1575
4270,1156
4206,1225
4206,1504
4174,1127
4054,3547
4054,3606
4046,1614
18922,3831
18718,4443
17918,4352
17598,3711
16846,3496
16590,3884
16174,4072
15822,3623
15630,6828
15358,4107
15270,3305
14782,3505
14670,3404
14570,3216
14402,3535
13994,3084
13866,10567
13694,4420
13566,3748
12762,2524
12722,5760
12598,3440
12518,2763
12306,3165
12270,2808
12154,8385
12142,4168
12114,3030
12665,2674
12401,3202
11600,2807
11312,2692
11280,2958
10558,2446
10366,2412
10054,8664
10022,3969
9942,3192
9177,2305
9017,2069
8969,2159
8761,2424
8641,6956
8593,4230
8341,2493
8269,1796
8253,2011
8157,1981
7929,1717
7897,1717
7485,1607
7453,1597
7341,1870
7309,1637
7085,5628
7005,5063
6989,2314
6773,1597
6741,1488
6709,1869
6705,1621
6545,1622
6529,1607
6473,1418
6449,1405
5868,1558
5856,1386
5836,1533
5804,1788
5728,1722
5720,1488
5684,2050
5684,1743
5680,1458
5612,1850
5608,1595
5350,1376
5318,4503
5318,4336
5029,3214
4965,1809
4869,1320
4869,1282
4845,4256
4468,3473
4436,1687
4436,1597
4372,1222
4340,1194
4340,1555
4220,1085
4212,1150
19088,3480
18960,5214
18084,3561
17860,3909
17012,4488
16756,4280
16340,3889
15988,3778
15796,4123
15524,3954
15436,3642
14948,4117
14836,3706
14736,3478
14568,3919
14160,3600
14032,3373
13860,3712
13732,3692
12928,3254
12888,3297
12764,3563
12676,3029
12464,3004
12436,3430
12320,3012
12292,2895
12154,3402
12830,3459
12375,3107
11766,3529
11478,3069
10916,2859
10724,3136
10484,2809
10220,2664
10124,3057
10044,8924
9311,4033
9167,2599
8927,2108
8911,2269
8807,2650
8507,2387
8475,2108
8435,2038
8323,2497
8319,2092
8095,1946
8031,2446
7651,1929
7523,1793
7475,2381
7299,1816
7251,1656
7171,1732
7155,2022
6939,1581
6875,1716
6871,2145
6727,1612
6695,1661
6639,2030
6623,1538
6034,5899
6022,4701
6002,2481
6002,2907
5970,4747
5894,2263
5886,1633
5850,1604
5846,1899
5778,1663
5774,1568
5710,1944
5516,1557
5484,1644
5227,1659
5131,1232
5131,1261
5035,1620
5011,1580
4634,1386
4634,1442
4602,1400
4538,1310
4538,1398
4506,1649
4386,1236
4386,1360
4378,1729
19118,3847
18850,4937
18018,4020
17186,4379
16946,3915
16594,4114
16474,4400
16082,4044
15682,3456
15602,3392
15122,4015
15018,3552
14906,3672
14726,3612
14318,3585
14190,3416
14018,3543
13890,3653
13094,3397
13054,3445
12962,3482
12850,3364
12638,3263
12602,3370
12486,3241
12474,2968
12446,3456
12316,3471
12733,3457
11932,9404
11644,4643
11612,3513
10890,2884
10698,3033
10386,3149
10354,3020
10274,2844
9509,2844
9349,3022
9301,2763
9077,6868
8973,5538
8925,2976
8641,2167
8601,2468
8585,2805
8485,2502
8261,2327
8197,2570
7817,1745
7785,1895
7641,1867
7465,2164
7417,1785
7337,1765
7321,2030
7105,1648
7073,1575
7041,1569
7037,5323
6877,4760
6861,2319
6805,1880
6781,1509
6200,1368
6188,1379
6168,1692
6136,1360
6060,1413
6052,1713
6016,1451
6012,1482
5944,4862
5944,4399
5876,1988
5682,1476
5650,1518
5393,3938
5361,3866
5297,1941
5201,1306
5177,1311
5177,1591
4800,1195
4768,1181
4704,1158
4704,3209
4672,3172
4552,1971
4552,1449
4544,1246
4508,1236
19188,3555
18324,4040
18068,3935
17332,4199
16820,3888
16660,3805
16308,3543
16084,3507
15828,3820
15756,3919
15268,3731
15156,4091
14952,3895
14528,3482
14368,3511
14212,3766
14084,3402
13284,3222
13228,3460
13220,3390
13096,3215
13008,3339
12796,9456
12752,4537
12652,3661
12624,3200
12486,3123
12963,11665
12707,4327
12066,3300
11810,2596
11248,3150
10864,3166
10816,2854
10520,2780
10456,3260
9675,2788
9643,2740
9499,2811
9259,2573
9243,2758
9091,2622
8839,2619
8807,2523
8751,2583
8655,2542
8651,2863
8427,3132
7983,2841
7951,2873
7855,2954
7807,2569
7631,2558
7583,2474
7503,2651
7271,2421
7239,2389
7207,2347
7203,2625
7059,6802
7027,3668
6971,2385
6955,1641
6366,1691
6354,1898
6334,1700
6302,1672
6226,1660
6226,1880
6218,5958
6182,5137
6178,2967
6110,2052
6106,1801
5848,1722
5848,1673
5816,1900
5559,1385
5463,1778
5463,2675
5367,3177
5343,3126
4966,1783
4966,1369
4934,1254
4870,1344
4870,1339
4838,1453
4718,1268
4718,1252
4710,1535
4674,1377
18650,3812
18234,5197
17502,4531
17262,5324
16910,4354
16790,4128
16398,4122
15998,4226
15918,4279
15438,3990
15334,4134
15222,4094
15106,3598
14682,3834
14522,3847
14366,3542
14238,3256
13450,3560
13394,3296
13294,3284
13182,3386
12970,3263
12934,2947
12918,3171
12806,3204
12778,3035
12652,3118
13065,3544
12264,3183
12168,3004
11944,3179
11414,3176
11030,2799
10718,2928
10686,9078
10606,4495
9841,3135
9809,2490
9633,2517
9425,2581
9305,2574
9257,2582
9005,2285
8933,2498
8917,2614
8821,2821
8817,2432
8561,2513
8149,6376
8117,4013
8005,2414
7973,2127
7797,1858
7669,6677
7653,3386
7437,2892
7405,1755
7373,1963
7369,1592
7225,1676
7193,1850
7137,1850
7121,2014
6532,1866
6520,1599
6500,1690
6468,1648
6392,1541
6384,1693
6384,1702
6348,1696
6344,1675
6276,1573
6272,1767
6014,1549
6014,1590
5982,1517
5725,1489
5629,1532
5629,1615
5533,1506
5509,1606
5132,1375
5132,1331
5100,1477
5036,1468
5036,1484
5004,1582
4884,1521
4884,1818
4876,3440
4840,2469
18816,3657
18560,4790
17668,3615
17428,4153
17076,4349
16956,4200
16564,3504
16404,4381
16084,4228
15604,3919
15500,3778
15388,3859
15272,3548
14848,3425
14688,4126
14532,4428
14404,3818
13616,3688
13560,3456
13460,3591
13348,3741
13340,3474
13128,3412
13084,3414
12972,3272
12956,3024
12818,3233
13295,3705
13039,3514
12398,3522
12110,3270
11580,3161
11196,9030
11148,4840
10852,3527
10788,2409
10007,2730
9975,2760
9831,2717
9591,2537
9575,2578
9471,2721
9171,2158
9139,2512
9099,2821
8987,2535
8983,2456
8759,7119
8695,4240
8283,2584
8187,2075
8139,2172
7963,1903
7915,6352
7835,4318
7819,2772
7603,1901
7571,2058
7535,2256
7391,2055
7359,1731
7303,2027
7287,5375
6698,3989
6686,2690
6686,1959
6666,1942
6634,1826
6558,1880
6550,1629
6514,1851
6510,1623
6442,1880
6438,7401
6374,3667
6180,2242
6148,1753
5891,1633
5795,5658
5795,2764
5699,1994
5675,1299
5298,1424
5298,3863
5266,3074
5202,1874
5202,2567
5170,1966
5050,4884
5050,2106
5042,1393
5006,1216
19494,5574
18822,5033
17846,5255
17606,4709
17254,4801
17134,4841
16742,4959
16582,5150
16262,4541
15782,3550
15678,4827
15566,4514
15450,9859
15026,4503
14866,4151
14710,3977
14582,4180
13782,3914
13726,3773
13626,3776
13514,3888
13302,3901
13266,3664
13250,3975
13138,3189
13110,3983
13661,4517
13397,4277
12596,4315
12500,4107
12276,8827
11554,4212
11362,3326
11050,3333
11018,3389
10938,3309
10173,2923
10013,3193
9965,3308
9757,3117
9637,3010
9589,3066
9337,3202
9265,2902
9249,2859
9153,8728
8925,2727
8893,2444
8481,2038
8449,2629
8337,2567
8129,7864
8081,3557
8001,2553
7985,5274
7769,2965
7737,2323
7705,5371
7701,2705
7541,2407
7525,8098
7469,2454
7445,2304
6864,1787
6852,6021
6832,2720
6800,2330
6724,1964
6716,1872
6680,7482
6676,3073
6676,2341
6608,4723
6540,2613
6346,2946
6314,2107
6057,3844
6025,2112
5961,1851
5865,4597
5841,2898
5841,2024
5464,1436
5432,4016
5432,2301
5368,1692
5336,1381
5216,1158
5216,5082
5208,2681
5208,1825
5172,2992
18956,4282
18636,4268
17984,3978
17472,4743
17312,4636
16960,4425
16736,4630
16480,4363
16408,4546
15920,4315
15808,4545
15604,4381
15180,3860
15020,4138
14864,4342
14736,3745
13948,8318
13892,4252
13792,3565
13760,3235
13672,3533
13460,3418
13416,3356
13304,4007
13288,3370
13150,3269
13627,3883
13371,3638
12666,3390
12442,3271
11912,3481
11528,3332
11480,11419
11184,4212
11120,3217
10339,2447
10307,3173
10131,3113
9923,2824
9907,2601
9755,2944
9503,2641
9431,2454
9415,2674
9319,2423
9315,2514
9059,9500
8647,3703
8615,3085
8503,2320
8471,2395
8247,2293
8167,8423
8151,3547
7935,2234
7903,1773
7871,7603
7867,3082
7707,2199
7691,4260
7635,2707
7611,2119
7030,6524
7018,3154
6998,2059
6966,6186
6890,3384
6882,2245
6846,1945
6842,2059
6842,1689
6774,1734
6706,2178
6512,1816
6480,1861
6223,1609
6191,1682
6127,1603
6031,5020
6007,4263
6007,2564
5630,1525
5598,1380
5534,1269
5534,1351
5502,4224
5382,3705
5382,1944
5374,1418
5338,1517
5338,1391
5306,1398
18166,3605
17926,5345
17574,3845
17454,4072
17062,4178
16662,4856
16582,4286
16102,3970
15998,4329
15874,4303
15706,3927
15298,4135
15170,4122
14998,4127
14870,3773
14090,4331
14050,3602
13926,3555
13838,3771
13626,3626
13598,3493
13482,4120
13454,4208
13316,11840
13113,4778
12921,3312
12896,3083
12608,3598
12078,4177
11694,3513
11646,3292
11350,3378
11286,3205
10505,2921
10473,3216
10297,3025
10089,2797
10073,2976
9921,2755
9669,2620
9637,2487
9581,2841
9485,2596
9481,2556
9225,2383
8813,2539
8781,2313
8669,2181
8637,2661
8461,2225
8333,2107
8317,2104
8101,2414
8069,2226
8037,2016
8033,2316
7889,2426
7857,2008
7801,1940
7785,2594
7196,2350
7184,2924
7164,2562
7132,2157
7056,2269
7056,1877
7048,1601
7012,1795
7008,1722
6940,2364
6936,1629
6872,1568
6678,1881
6646,1704
6389,1504
6293,2679
6293,1522
6197,1647
6173,1536
6173,1559
5796,1515
5764,1416
5700,1384
5700,1213
5668,1390
5548,1213
5548,1225
5540,1334
5540,1240
5504,1274
5472,1381
5472,1899
18268,5564
18012,6707
17596,4657
17244,5089
17052,4634
16780,4754
16692,4550
16204,4673
16092,4715
15992,4656
15824,5032
15416,4428
15288,4069
15116,6462
14988,3273
14256,4033
14216,3983
14092,4227
14004,3920
13800,3755
13764,4287
13648,3370
13620,3584
13608,3637
13478,4366
13087,3268
13094,3827
12806,3893
12774,4163
12052,5596
11812,3303
11548,3257
11452,3206
11372,3411
10671,3096
10511,2982
10463,3452
10239,2805
10135,3647
10087,3490
9803,4211
9763,2889
9747,2927
9647,3387
9423,3157
9359,3162
8979,3287
8947,2777
8803,2477
8627,2790
8579,2499
8499,2486
8483,2657
8267,3495
8235,2328
8203,2493
8199,3230
8039,2718
8023,2346
7967,2715
7943,2111
7362,2208
7350,2294
7330,2813
7298,2020
7222,1869
7214,2279
7178,2000
7174,2308
7106,2134
7106,2430
7038,2925
6844,1577
6812,1451
6555,1512
6523,1497
6459,1787
6363,1438
6339,1437
6339,1812
5962,1330
5930,1308
5866,1340
5866,1395
5834,1330
5714,1356
5714,1672
5706,1361
5670,1330
5670,1347
5638,1327
5638,1325
18210,4130
17922,4967
17762,4071
17346,4474
17186,4558
16930,4407
16858,4095
16282,4747
16170,4591
16054,7691
15630,4657
15470,7845
15314,4476
15186,8815
14446,4502
14390,3964
14290,3630
14178,3910
13966,4463
13958,4010
13914,3649
13802,4109
13774,3926
13648,3733
13445,3613
13260,3886
13164,3888
12940,3679
12218,3604
12026,4340
11714,5094
11682,5008
11602,3718
10837,3264
10677,3102
10629,3354
10421,3378
10301,3302
10253,2653
10001,2926
9929,2739
9913,2691
9817,2611
9589,3010
9557,2856
9145,2530
9113,2760
8969,2598
8793,2348
8745,2292
8665,2519
8649,2527
8433,2482
8401,3016
8369,2619
8365,2596
8205,2072
8189,2473
8133,2096
8109,2048
7528,2237
7516,2917
7496,2251
7464,1861
7388,6257
7380,3943
7344,2370
7340,1817
7272,1836
7268,1847
7204,1912
7010,1774
6978,1735
6721,1646
6625,1759
6625,4948
6529,4346
6505,2563
6128,1495
6128,1436
6096,1503
6032,1466
6032,1379
6000,4025
5880,3835
5880,1806
5872,3885
5836,2253
5836,1422
5804,1401
5632,3756
5632,3573
17928,3587
17808,4804
17488,3921
17088,4114
17008,4114
16552,4114
16448,3975
16336,3868
16220,3979
15748,3983
15620,3672
15448,3837
15320,3900
14588,3494
14556,3442
14456,3736
14344,10792
14132,4651
14096,3724
13980,3234
13968,3285
13940,3597
13810,7688
13611,4220
12810,3089
13138,6713
13106,4195
12384,3324
12192,7253
11880,3977
11784,3020
11768,3199
11003,2718
10843,2596
10795,2888
10571,2475
10467,8494
10419,4403
10135,3065
10095,2300
10079,2521
9979,2409
9755,2428
9691,2274
9311,2494
9183,2087
9135,2098
8959,2301
8911,2351
8831,1949
8815,2119
8599,1888
8567,1886
8531,2021
8387,1861
8355,1839
8299,2091
8283,1884
7694,1700
7682,1801
7662,1867
7662,1894
7630,2001
7554,1829
7546,6433
7510,4672
7506,2364
7438,1746
7434,1831
7370,1685
7176,5266
7144,4890
6887,2683
6791,1834
6791,1888
6695,1581
6671,1556
6294,1706
6294,1468
6262,1520
6198,1553
6198,1588
6166,1521
6046,1514
6046,1539
6038,1503
6002,1483
6002,1598
5970,1480
5970,1455
5798,1658
5782,1386
17958,3925
17702,4550
17478,3954
17222,4014
17150,3794
16702,4269
16590,4760
16490,4523
16322,4371
15914,4428
15786,4557
15614,4347
15486,4038
14754,3990
14714,3695
14590,3874
14510,3826
14298,4011
14262,3910
14146,4195
14134,4027
14106,3514
13976,3768
13777,3742
12976,3232
13304,3467
13272,3782
12550,3333
12358,3256
12046,3534
12014,3221
11934,3209
11169,3168
11137,3147
10961,2893
10753,2885
10633,3301
10585,2780
10333,2818
10261,3158
10245,2265
10149,2390
10145,2585
9889,2327
9477,2469
9445,2394
9333,2794
9301,2347
9125,8202
9077,4321
8981,2830
8765,1928
8733,2402
8701,8419
8697,3293
8553,2376
8521,2078
8465,2195
8449,2206
7860,2016
7848,2339
7828,2046
7796,1843
7796,2287
7720,1852
7712,2015
7676,1893
7672,2115
7604,1829
7600,2042
7536,2473
7342,1734
7310,1655
7053,6074
6957,3749
6957,2200
6861,1591
6837,2059
6460,1445
6460,1541
6428,1792
6364,1442
6364,5561
6332,2907
6212,1800
6212,1405
6204,1513
6168,1947
6168,1529
6136,1482
6136,1653
5964,1543
18324,4015
18164,5047
17820,4345
17660,4366
17404,4520
17332,4229
16868,4210
16756,4513
16552,4587
16128,4336
15968,4317
15812,4224
15684,4338
14944,3977
14920,4079
14880,4282
14756,3762
14668,11694
14456,4756
14412,4157
14312,3382
14284,3997
14146,3948
14142,3652
13751,3920
13726,4614
13470,3720
12908,3390
12716,3664
12476,3435
12180,3287
12116,3494
12036,3244
11303,3059
11159,3295
10919,3366
10903,2906
10799,2842
10499,3116
10467,3084
10427,2813
10315,3041
10311,2922
10087,2737
10023,3212
9611,2800
9515,2524
9467,2362
9291,2657
9243,2512
9163,2311
9147,2619
8899,2088
8867,2215
8863,2664
8719,7541
8687,3600
8631,3091
8615,2184
8026,2040
8014,2242
7994,2365
7962,7799
7962,3422
7886,2758
7878,1843
7842,2087
7838,1869
7770,2601
7766,1891
7702,1794
7508,2270
7476,1738
7219,1686
7123,2318
7123,1803
7027,1691
7003,1632
6626,1863
6626,1518
6594,1715
6530,5694
6530,3618
6498,2053
6378,3705
6378,1966
6370,1594
6334,1539
6334,1874
6302,1510
6130,1557
6130,1599
18426,5411
18306,5844
17986,5408
17826,4175
17506,4311
17050,4767
16946,4981
16834,4987
16718,5483
16294,4602
16134,4190
15978,4990
15850,4641
15110,4584
15054,4841
14954,4334
14842,4498
14630,4565
14622,5110
14578,4511
14466,4202
14438,4288
14312,4132
14109,4029
13924,4869
13828,4539
13604,4348
13074,4291
12690,4494
12378,4133
12346,4176
12282,3675
11501,3948
11469,3809
11293,3832
11085,3752
10965,3235
10917,2924
10665,6237
10633,3942
10577,3161
10481,3302
10477,3387
10221,7115
9809,3508
9777,2554
9665,5310
9633,3455
9457,3137
9329,2635
9313,2554
9097,6741
9065,3008
9033,2773
9029,5449
8885,3222
8853,2037
8797,2523
8781,2486
8192,2173
8180,2157
8160,2740
8128,2241
8052,2166
8052,2246
8044,2393
8008,2129
8004,9168
7936,3650
7932,2620
7674,2055
7674,2434
7642,7900
7385,2024
7289,1868
7289,1730
7193,1770
7169,2032
6792,1876
6792,4596
6760,2943
6696,1816
6696,1589
6664,1921
6544,4462
6544,3581
6536,2095
6500,3457
6500,4444
6468,2360
6296,1526
6296,1650
18656,4188
18472,5855
18152,5157
17992,5170
17736,4353
17216,4426
17112,4828
17000,4352
16884,4903
16460,4101
16300,4502
16144,4400
16016,4078
15276,4265
15220,4634
15120,4270
15008,4281
15000,4678
14788,4129
14744,4399
14632,4598
14604,3853
14478,4066
14275,4122
14090,3962
13994,3959
13770,4352
13240,3887
12856,3926
12808,3553
12512,3495
12448,3533
11667,3475
11635,3526
11459,3537
11251,3079
11131,3208
11083,3415
10831,2958
10759,3183
10743,3348
10647,8393
10643,4794
10387,3392
9975,2518
9943,2792
9831,2892
9799,2742
9575,3098
9495,3045
9479,2808
9263,2747
9231,2421
9199,2915
9195,2604
9035,2387
9019,2763
8963,2707
8939,2233
8358,2392
8346,2265
8326,2182
8294,2360
8218,2218
8210,2220
8174,2351
8174,2023
8170,1952
8102,2314
8034,2023
7840,1937
7808,2214
7808,6624
7519,3664
7455,2653
7359,1674
7335,6019
7335,2979
6958,1954
6926,1681
6926,1746
6862,5239
6830,3611
6710,2016
6710,1660
6702,5161
6702,2775
6666,3047
6634,1842
6634,1619
6462,1559
6446,1835
18622,4030
18366,4955
18142,4245
17886,5088
17814,4783
17366,5179
17166,4479
17050,4834
16626,4739
16466,4438
16310,4403
16182,4533
15442,9295
15386,4542
15286,4100
15174,7755
15166,4794
14954,4490
14910,3743
14798,4111
14770,4736
14644,3778
14441,3725
13640,4234
14160,3964
13936,3950
13214,3995
13022,3948
12710,3541
12678,4034
12598,3845
11833,9971
11673,4378
11625,3647
11417,2908
11297,7709
11249,3785
10965,2692
10925,3181
10909,3298
10813,2715
10585,10019
10521,4208
10141,2982
10109,2426
9965,2637
9789,2435
9741,2449
9661,7644
9645,4539
9429,3323
9397,2725
9361,2708
9217,2391
9185,7213
9129,4048
9113,2886
8524,1990
8512,7618
8492,3652
8460,2393
8384,2277
8384,1979
8376,1938
8340,2713
8336,2235
8268,2078
8264,2371
8006,1742
7974,1935
7974,2466
7685,1844
7621,1824
7525,6377
7501,4047
7501,2352
7124,1728
7092,1688
7028,1629
7028,5591
6996,4102
6876,2266
6876,1648
6868,1915
6832,1582
6832,5397
6800,3409
6628,2057
6628,1613
6612,1794
6604,1429
6516,1441
17924,4213
17844,4420
17520,4110
17408,5366
17308,4265
17140,4598
16732,4842
16604,4290
16336,4427
15608,4685
15552,4038
15452,10292
15340,5009
15128,3895
15120,3502
15076,4397
14964,4111
14936,10167
14806,5229
14607,3692
13806,3175
13582,7342
13020,3927
13380,3357
13140,3552
12876,3815
12780,3571
11999,3176
11967,3586
11823,3472
11583,2989
11567,3256
11415,3491
11163,3103
11091,3077
11075,9604
10979,3988
10751,3415
10719,3037
10307,2684
10275,2593
10163,2622
9955,8975
9907,3924
9827,3258
9811,2753
9595,2849
9563,2562
9531,2382
9527,2325
9367,2302
9351,2227
9295,2395
9271,2156
8690,2112
8678,2462
8658,2037
8626,7393
8550,4391
8542,2955
8506,2246
8502,2509
8434,2426
8430,2380
8366,2234
8172,2140
8140,2236
7883,2184
7787,1775
7787,1777
7691,1982
7667,1761
7290,1632
7290,5301
7258,4116
7194,2397
7194,1876
7162,1543
7042,1591
7042,4958
7034,3922
6998,2274
6998,1686
6966,1585
6794,1435
6794,1464
6778,1512
6770,1405
6682,1449
6658,1482
6658,1379
6570,1395
17538,4184
17434,5128
17318,4446
16894,3931
16734,4223
16578,3810
16450,4421
15774,4321
15718,4639
15618,4617
15506,4968
15294,4664
15258,4801
15242,4707
15130,4553
15102,4575
14972,4195
14773,4206
13972,4172
13748,3938
13716,3349
13058,3404
12866,3470
13042,3279
13010,3609
12930,3703
12165,3289
12005,3258
11957,3368
11733,3133
11629,3111
11581,3104
11297,3741
11257,3108
11241,3009
11145,3108
10917,2899
10885,2986
10473,2851
10441,2618
10297,2798
10121,2652
10073,2627
9993,2712
9977,2585
9761,2743
9729,2579
9697,8524
9693,3779
9533,3142
9517,2568
9461,2539
9437,2668
8856,2489
8844,2182
8824,7834
8792,3262
8716,2020
8708,2175
8672,2226
8668,7494
8668,3715
8600,2920
8596,1859
8338,2218
8306,2117
8306,1850
8017,2220
7953,1783
7857,1709
7857,1850
7833,2104
7456,2049
7456,1954
7424,1937
7360,1945
7360,1874
7328,1880
7208,1882
7208,1837
7200,4868
7164,3527
7164,3701
7132,1984
7132,1685
6960,1660
6944,1587
6936,1607
6848,1665
6848,1579
6824,1632
6824,1637
17800,4043
17688,4736
17588,4173
17420,5093
17012,4577
16884,8678
16712,4805
16584,3983
15916,3925
15884,3948
15784,3851
15672,8040
15460,4641
15452,3965
15408,3910
15296,4021
15280,3724
15142,3992
14939,3878
14747,3717
14106,3563
13914,3758
13352,3420
13712,3663
13472,3730
13208,3825
13112,3559
13032,3269
12331,3231
12171,3016
12123,2961
11899,10155
11795,4455
11747,3399
11495,2715
11423,3032
11407,2762
11311,9384
11307,4348
11083,3302
10639,2381
10607,5280
10511,3292
10463,2522
10287,2416
10239,2616
10159,2371
10143,8157
9927,4311
9895,3024
9863,2240
9859,2317
9699,2303
9683,2230
9627,2217
9603,2311
9022,2013
9010,2023
8990,2098
8958,6939
8882,4314
8882,3078
8874,2356
8838,2098
8834,2260
8766,2466
8766,2195
8698,2346
8504,2316
8472,2362
8215,2140
8183,2010
8119,2305
8023,2087
8023,6807
7999,3658
7622,2202
7622,3708
7590,2325
7526,1997
7526,6025
7494,2309
7374,1917
7374,1454
7366,1665
7330,1880
7330,1665
7298,1594
7298,1564
7126,1744
7126,2051
7102,4708
19022,4404
18830,5031
18558,4724
18478,5432
18046,5275
17918,4393
17818,10032
17650,5307
17242,4448
17114,4577
16974,4834
16846,4284
16106,9060
16050,4894
15950,3873
15838,9165
15626,4758
15618,3937
15574,9317
15462,4852
15446,3757
15308,4236
15105,4204
15529,3996
14888,10866
14632,5028
14070,3881
13878,8260
13638,4415
13374,3334
13278,9105
13198,3759
12465,8084
12337,3409
12289,2887
12065,3237
11961,3336
11913,3654
11629,3444
11589,3215
11573,3544
11477,3183
11249,3240
11217,3623
10805,2971
10773,2873
10661,3017
10629,2827
10453,2789
10325,2949
10309,2662
10093,2659
10061,8050
10029,4421
10025,3598
9881,2949
9849,2662
9793,2651
9777,3260
9188,2482
9176,2526
9156,2939
9124,2681
9124,2225
9048,2725
9040,2402
9004,2288
9000,8295
8932,3906
8928,3389
8864,2656
8670,2209
8638,7699
8381,3439
8349,2484
8285,1873
8189,2402
8165,1954
8165,1927
7788,1808
7756,1785
7692,6713
7692,4152
7660,2348
7540,1701
7540,1603
7532,2256
7532,1737
7496,6254
7464,3855
7464,2210
7292,1626
19844,4517
19540,5760
19212,4784
19020,4586
18748,4574
18660,4939
18196,4761
18084,4618
17984,5018
17816,4989
17408,4845
17280,4875
17108,5251
16980,5381
16248,4710
16208,4733
16084,5367
16004,4502
15792,4372
15756,4946
15640,5093
15628,4518
16281,5628
16151,5630
15887,4287
15086,5102
14798,9151
14766,5315
14044,4439
13852,4646
13540,3929
13508,4068
13428,9790
12663,4850
12503,3513
12455,4133
12231,8089
12127,4757
12079,3772
11795,3758
11755,3399
11739,3334
11639,3837
11415,3441
11351,3285
10971,3568
10939,3157
10795,3046
10619,3596
10571,3027
10491,3070
10475,3550
10259,2729
10227,2929
10195,3481
10191,3343
10031,2861
10015,2669
9959,3324
9935,2748
9354,2407
9342,3199
9322,2496
9290,2596
9214,3136
9206,2472
9170,2125
9166,2773
9098,7760
9098,4061
9030,3364
8836,2070
8804,2128
8547,2580
8515,2344
8451,2223
8355,2512
8331,2261
8331,2010
7954,1879
7922,2142
7922,6854
7858,4352
7826,2433
7706,3300
7706,2198
7698,4913
7698,2817
7662,1983
7630,2408
7630,1774
7458,1628
20010,5184
19706,7026
19378,6136
19186,6063
18914,5206
18834,5115
18362,5017
18250,5450
18150,10460
17982,5930
17574,5033
17446,5079
17274,4947
17146,4940
16414,5229
16382,5152
16282,4836
16170,4704
15958,4719
15922,4730
15906,4471
15794,4963
16447,4972
16321,4940
16117,5067
15252,4778
15156,4123
14932,4368
14402,4399
14018,3995
13970,3913
13674,4326
13610,4154
12829,3571
12797,4027
12653,3816
12413,3480
12397,4010
12293,10616
11993,4774
11961,3227
11921,6920
11905,4163
11805,6241
11581,4192
11549,3557
11137,3002
11105,2977
10993,3267
10961,2936
10737,3031
10657,3200
10641,2696
10425,8489
10393,4494
10361,3206
10357,2565
10213,2659
10181,3117
10125,2875
10109,2825
9520,2866
9520,2549
9508,2502
9488,2566
9456,2907
9380,2575
9372,2498
9336,2684
9332,2424
9332,2412
9264,7102
9260,4297
9002,2703
8970,5008
8970,3192
8681,4199
8617,4929
8521,2969
8521,2120
8497,6865
8120,3327
8088,2242
8088,4612
8024,4140
7992,2425
7992,6506
7872,3156
7864,3373
7864,4378
7828,4056
7828,2414
21260,5565
20656,6356
20384,6443
20064,6063
19944,5552
19424,5977
19152,5782
19072,10445
18592,6071
18464,5187
18364,4829
18196,6071
17788,5595
17660,10679
17488,5910
17360,5632
16580,5423
16540,4859
16416,10733
16328,5689
16124,5194
16088,5315
16657,10704
16629,5900
16613,5286
16482,5700
16027,4961
15418,10143
15130,5551
14568,4383
14376,9318
14136,4751
13872,4558
13776,9321
13696,4631
12963,3849
12819,8565
12579,4854
12563,4008
12459,3400
12159,7761
12127,4675
12087,3250
11975,7500
11971,4654
11747,3376
11683,3571
11271,3747
11175,8072
11127,4501
10951,3020
10903,3431
10823,3126
10591,3040
10559,3574
10527,3045
10523,3112
10379,3010
10347,10365
10291,4104
10275,3588
9686,2911
9674,3057
9654,2437
9622,2554
9622,3001
9546,8914
9538,3859
9502,3453
9498,2732
9430,2453
9426,2459
9362,2827
9168,2344
9136,2322
8879,2131
8783,2745
8783,2125
8687,2166
8663,2549
8286,7198
8286,4024
8254,2663
8190,2517
8190,1949
8158,1874
8038,1832
8038,2502
8030,1935
7994,2006
7994,2687
7962,1991
20822,5133
20582,5600
20294,5957
20110,5745
19718,6072
19558,6003
19302,5819
18758,5694
18654,5824
18542,7505
18426,5529
18002,5461
17842,5556
17686,5190
17558,5019
16770,4922
16714,4694
16614,5459
16502,5511
16494,5079
16282,5381
16931,5970
16811,5580
16795,5502
16653,5273
16449,4349
16193,5068
15552,4950
15264,4736
14734,4712
14350,4805
14302,4314
14006,3752
13942,4539
13161,4484
13129,4274
12985,4393
12745,4250
12729,4195
12577,3969
12325,4181
12293,4408
12253,3692
12141,3910
12137,3871
11913,3364
11849,3713
11437,3799
11341,3556
11293,2894
11117,10362
11069,5404
10989,3855
10973,3241
10757,3306
10725,2808
10689,2830
10545,9675
10513,4372
10457,3496
10441,5488
9852,3002
9852,2540
9840,3104
9820,8053
9788,4256
9712,3104
9704,5310
9668,3188
9664,2996
9596,7770
9596,3949
9528,3077
9334,2643
9302,6552
9045,4033
9013,2927
8949,4542
8853,2751
8829,5072
8829,2804
8452,1964
8420,6521
8420,3128
8356,2089
8324,6312
8324,2892
8204,3774
8196,4751
8196,2451
8160,2006
8128,6041
21304,5878
20972,7168
20716,6308
20300,5771
19948,5016
19756,4948
19484,4830
19396,4986
18908,4848
18796,5348
18696,5882
18528,5711
18120,5068
17992,5392
17820,5398
17692,4973
16912,5293
16872,5105
16780,4749
16668,5123
16456,4943
17113,5136
16989,5251
16977,5158
16945,10603
16815,5222
16551,4613
15750,4448
15654,6898
15430,4877
14708,4443
14516,4119
14204,4498
14172,4364
14108,3895
13327,4075
13295,3617
13119,3470
12911,3695
12895,3406
12743,3335
12491,3725
12459,11480
12403,5140
12307,3351
12303,3071
12079,3225
12015,3572
11603,3188
11507,3101
11459,3382
11283,3314
11235,2981
11155,2957
11139,10981
10923,4248
10891,2969
10859,2756
10855,3276
10695,2874
10679,2866
10623,10065
10599,3859
10018,3450
10006,2229
9986,3138
9954,2627
9878,2630
9870,2867
9834,2598
9834,2593
9830,2934
9762,9127
9758,4130
9500,2728
9468,2438
9468,2576
9179,2268
9115,2754
9019,2583
9019,2382
8995,2542
8618,2279
8618,2056
8586,2263
8522,2513
8522,2082
8490,2236
8370,2508
8370,7253
8362,3421
8326,2780
22814,5902
22142,8094
21886,6363
20926,5880
20638,5855
20478,6055
20062,6420
19902,5867
19646,6253
19574,5796
18998,5693
18886,5710
18770,5762
18346,6050
18186,5341
18030,5401
17902,5252
17102,4546
17046,5020
16946,4862
16834,4520
17527,5620
17307,5260
17263,4837
17143,5569
17127,5309
16985,5237
16781,5447
16525,5179
15820,4868
15596,4736
15066,4653
14682,4455
14634,4310
14338,4381
14274,4755
13493,3963
13461,4089
13285,4020
13077,3407
13061,3583
12909,3661
12657,3313
12625,3471
12569,3571
12473,3261
12469,3375
12213,3509
11801,3176
11769,3247
11657,3329
11625,3116
11449,3154
11321,3104
11305,3071
11089,2941
11057,2692
11025,2943
11021,2661
10861,2826
10845,3036
10789,2863
10765,2835
10184,2735
10172,2665
10152,2622
10120,2677
10044,2649
10036,2571
10000,2708
10000,2656
9996,2561
9928,2566
9924,2549
9666,2390
9634,2391
9634,2467
9345,2213
9281,2231
9185,2318
9185,1982
9161,2172
8784,2670
8752,2292
8752,7173
8688,4160
8656,2718
8656,1861
8536,7465
8528,2894
8528,1987
8492,7161
22276,5637
22052,7229
21304,6434
21048,6434
20632,6750
20280,6736
20088,12210
19816,6210
19728,4934
19240,5716
19128,5037
19028,5488
18860,5990
18452,5750
18324,5229
18152,5398
18024,10345
17244,5439
17204,5003
17080,5366
16992,5571
17481,5755
17445,5611
17321,5190
17293,5640
17277,10329
17147,5530
16691,5377
16082,4743
15794,4371
15762,4358
15040,8887
14848,4965
14536,9178
14504,4928
14424,3989
13659,8711
13499,4284
13451,3374
13243,8294
13123,4108
13075,3242
12823,8046
12751,4763
12735,3467
12639,7830
12411,3961
12379,3025
11967,7526
11935,4543
11823,3198
11791,6012
11567,4012
11487,6269
11471,3848
11255,6584
11223,3745
11191,2920
11187,3256
11043,9744
11011,4027
10955,3390
10939,2872
10350,7527
10338,4166
10318,2884
10286,7515
10286,4200
10210,2789
10202,7420
10166,4074
10162,2764
10094,7565
10090,4043
10026,2684
9832,7214
9800,3884
9543,2772
9511,6934
9447,3773
9351,4806
9327,2799
9327,4460
8950,2900
8918,5605
8918,3241
8854,2687
8822,5435
8822,3316
8702,2638
8694,6851
8694,2994
23402,6333
22538,8045
22314,7710
21482,7232
21226,6429
20810,6807
20458,6565
20266,6478
19994,6447
19906,5522
19418,6530
19306,6162
19206,5583
19038,5785
18630,4751
18502,5244
18330,5447
18202,5469
17410,5779
17370,5550
17963,6430
17859,6012
17647,5651
17611,5956
17487,5981
17459,4833
17443,4840
17312,4676
16857,5027
16248,9159
15960,5375
15398,4754
15206,5056
14966,4065
14702,4592
14606,4832
14526,4258
13793,11665
13649,5022
13409,4345
13393,3780
13289,7692
12989,4602
12957,3620
12917,4170
12805,3921
12801,3673
12577,4099
12513,3675
12101,3418
12005,3578
11957,3670
11781,3485
11733,3432
11653,3612
11421,3175
11389,3210
11357,3426
11353,3336
11209,10505
11177,4346
11121,3118
11105,2605
10516,2625
10504,2960
10484,2614
10452,2780
10376,3060
10368,2572
10368,2539
10332,2947
10328,2489
10260,2436
10256,2899
9998,2352
9966,2347
9966,2764
9677,2230
9613,2361
9517,2813
9517,7306
9493,3805
9116,2786
9084,1917
9084,1965
9020,2377
8988,2033
8988,1940
8868,2378
8860,2019
8860,2238
8824,2059
22608,5955
22288,7294
21636,6222
21124,6055
20964,5397
20548,5459
20388,5391
20132,5299
20060,5871
19484,5717
19372,5557
19256,5527
18832,5564
18672,5548
18516,5156
18388,5698
17600,5994
17544,4934
17444,5725
17332,5165
17821,5814
17805,5902
17761,11722
17641,5662
17609,4969
17483,5197
17279,5398
16414,5246
16318,4977
16094,5162
15564,4681
15180,4222
15132,4663
14836,4526
14772,4242
13991,8919
13959,4667
13783,9056
13575,5485
13559,4271
13407,3971
13155,8026
13123,4666
13067,3873
12971,3855
12967,3925
12743,3476
12299,3684
12267,3698
12155,10777
12123,4408
11947,3608
11819,3131
11803,3140
11587,7801
11555,3671
11523,2960
11519,3126
11375,3593
11343,3530
11287,3293
11271,3588
10682,3117
10670,3163
10650,10326
10618,3931
10542,3474
10542,2403
10534,3355
10498,2829
10494,2908
10426,3393
10422,2988
10164,2686
10164,9292
10132,4132
9875,3185
9779,2145
9683,2960
9683,2715
9659,2637
9282,2503
9282,2757
9250,2438
9186,2273
9154,2645
9154,2605
9034,2349
9034,2175
9026,2800
8990,2211
8990,2254
22422,6030
21818,7260
21578,6506
21226,5775
21106,5591
20714,5255
20314,5629
20234,5116
19754,5065
19650,5263
19538,5642
19422,6466
18998,5740
18838,5527
18682,5296
18554,5617
17766,5266
17710,5155
17610,5241
17498,5346
17987,5147
17971,5639
17927,5850
17807,5553
17775,5352
17649,5257
17445,5190
16580,5060
16484,4601
16260,9342
15730,5295
15346,4575
15298,4236
15002,8192
14938,5386
14157,8725
14125,5039
13949,3703
13741,3966
13725,3849
13573,3539
13321,3565
13289,3868
13233,3710
13137,3385
13133,3441
12909,3608
12465,3467
12433,3302
12337,3434
12289,3329
12113,3130
12065,3497
11985,3321
11753,2885
11721,3287
11689,3407
11685,2967
11541,3339
11509,3134
11453,2786
11437,3070
10848,3207
10836,2588
10816,8855
10816,4395
10784,3518
10708,2717
10700,2634
10664,2508
10660,2942
10592,2790
10588,2528
10524,2539
10330,2846
10298,2340
10041,2299
9945,2605
9945,2494
9849,2209
9825,2182
9825,2728
9448,2063
9416,2052
9352,6995
9352,4256
9320,2659
9200,1948
9200,2320
9192,1937
9156,6882
9156,3870
22876,6187
22620,6420
21968,6234
21456,6208
21296,6198
20944,6185
20720,5943
20464,6655
20392,6681
19904,6078
19792,5526
19692,5820
19524,6562
19116,5597
18988,5625
18816,5615
18688,5124
17908,5297
17868,5215
17744,5415
18357,5579
18145,5396
18109,5491
17985,5369
17957,5518
17941,5773
17810,5327
17355,4948
16746,4993
16458,4676
16426,4822
15704,4741
15512,4314
15200,4463
15168,4464
15088,4431
14323,3903
14163,4454
14115,4171
13907,4145
13787,3939
13739,4383
13487,3754
13415,4121
13399,4240
13303,3617
13299,3932
13043,4149
12631,3518
12599,3691
12487,4056
12455,3668
12279,3454
12151,3741
12135,3892
11919,3484
11887,3287
11855,11495
11851,4504
11707,3335
11675,2634
11619,3481
11603,3398
11014,3168
11002,3202
10982,3483
10950,2924
10950,3037
10874,3106
10866,3226
10830,2875
10826,3024
10758,3292
10754,3131
10690,3011
10496,2944
10464,3234
10207,2835
10175,2629
10111,2603
10015,2587
9991,2369
9991,2374
9614,2428
9582,2472
9582,2338
9518,7191
9486,4773
9486,2734
9366,2139
9358,2786
9358,2323
24002,7297
23202,7456
22978,6476
22146,6456
21890,6649
21570,6151
21122,6208
20930,5956
20658,5881
20578,5834
20098,5892
19970,5543
19870,6308
19702,6094
19294,5779
19166,5329
18994,5857
18866,5538
18098,4891
18759,6100
18659,6015
18531,5653
18319,10985
18275,6282
18259,4948
18139,5010
18107,5313
17981,5972
17777,11036
16912,5496
16816,5364
16592,5284
16062,4848
15678,4642
15630,10548
15334,5315
15270,3972
14489,4326
14457,4321
14313,4231
14073,3942
14057,4349
13905,4023
13653,3585
13621,3586
13581,4029
13469,3451
13465,3666
13241,9203
13177,5032
12765,3389
12669,3050
12621,3602
12445,3373
12397,3561
12317,3702
12301,3528
12085,3269
12053,3721
12021,3710
12017,3212
11841,3415
11785,10074
11769,4154
11761,3704
11180,3281
11168,6995
11148,3902
11116,3362
11040,6373
11032,3895
10996,3376
10992,3164
10924,7309
10924,4112
10856,3131
10662,5657
10630,3511
10373,6043
10341,3309
10277,5263
10181,5804
10157,3610
10157,5048
9780,5487
9748,3504
9684,4649
9684,5509
9652,3455
9532,4652
9532,5505
9524,3367
24400,6898
24196,7692
23396,7308
23076,7140
22324,6551
21812,6114
21652,6367
21300,6229
21108,5875
20820,5922
20748,6253
20260,5994
20148,12204
20048,6284
19880,5467
19472,5823
19344,5453
19172,6246
19044,11303
18965,6250
18917,5843
18793,5865
18689,6060
18477,6229
18441,6833
18317,6399
18289,5824
18273,6171
18142,5783
17687,5662
17078,5188
16790,5898
16228,5188
16036,4989
15796,9584
15532,4696
15436,4363
15356,9284
14655,4474
14495,4181
14447,4062
14223,4492
14119,4293
14071,4333
13787,4406
13747,3972
13731,3746
13635,9272
13407,4529
13375,3767
12963,7271
12931,4722
12819,3446
12611,7050
12563,4606
12483,3428
12467,3266
12251,9021
12219,4469
12187,3264
12183,3284
12023,3501
12007,3140
11951,10839
11927,4522
11346,3346
11334,2582
11314,8134
11282,3675
11206,2828
11198,3210
11162,3145
11162,7794
11158,3747
11090,3071
11086,2690
10828,8754
10828,4299
10796,3228
10507,2357
10443,3023
10347,2816
10347,2721
10323,2908
9946,2494
9946,2575
9914,9042
9850,3517
9818,3058
9818,2447
9698,2484
9698,2494
24582,6892
24450,8577
24170,7417
23498,7504
22506,7704
22266,6444
21978,7081
21794,6663
21402,6669
21242,6780
20986,6557
20442,13023
20338,6649
20226,5883
20110,5788
19686,5739
19526,5545
19370,6133
19242,6252
19155,6576
19091,6719
19083,6426
18943,5704
18855,6125
18635,5903
18591,6331
18483,5779
18455,11818
18313,6299
18308,4926
17853,5489
17244,5365
16956,5025
16394,5728
16202,4991
15962,4979
15698,5094
15666,4750
15586,4506
14821,4745
14661,4604
14613,4149
14405,4603
14285,4585
14237,4214
13985,4397
13913,4418
13897,3990
13801,3966
13797,4244
13541,4081
13129,3689
13097,4058
12985,3839
12953,3864
12777,8941
12729,3897
12649,3497
12417,7357
12385,4383
12353,3575
12349,7380
12205,4487
12173,3679
12117,3518
12101,3431
12093,3584
11512,3109
11500,3202
11480,11282
11448,4400
11372,3147
11364,3030
11328,7690
11324,3868
11324,3126
11256,3604
11252,3380
10994,3149
10962,2909
10962,3144
10673,3018
10609,2829
10609,3016
10513,9623
10489,4401
10112,2678
10112,2573
10080,2581
10016,2479
10016,2894
9984,2736
25260,7190
25148,8183
24964,7897
24892,8322
24596,7231
23796,7028
23572,7199
22668,6737
22412,7267
22092,6494
21972,6572
21580,7187
21180,5960
21100,6505
20620,6242
20516,6092
20404,6348
20288,6131
20633,6079
20457,6496
20433,6344
20257,6358
20113,6330
19297,6130
19249,5913
19157,6011
19029,6143
18817,5546
18773,5944
18757,5972
18637,5364
18621,5832
18479,5926
18275,5528
18019,5557
17378,5105
17122,5318
16560,5103
16368,4844
16176,5033
15864,5084
15832,4470
15768,4795
14987,4545
14955,4426
14811,4432
14571,4358
14555,9161
14451,4965
14403,4349
14119,3721
14079,3815
14063,3946
13967,4071
13963,4017
13707,10783
13295,4809
13263,3577
13167,3146
13119,3577
12943,3614
12895,3799
12815,3894
12799,7566
12583,4474
12551,3520
12519,3532
12515,3658
12355,10421
12339,4610
12283,3383
12267,3107
11678,3366
11666,3819
11646,2976
11614,10439
11538,4503
11530,3494
11530,2918
11494,3057
11490,3364
11422,3357
11418,3139
11160,3391
11128,3348
11128,3018
10839,2809
10775,3124
10679,3203
10655,2703
10655,2679
10278,3066
27234,7742
26634,8573
26506,8644
26162,8584
25438,8233
25318,7797
25142,7559
24862,7650
24582,7344
23910,6907
22862,6723
22622,6815
22270,6418
22150,6379
21630,6158
21358,5991
21278,6169
20798,5931
21443,6668
21343,6861
21171,6887
20747,6783
20611,6437
20435,6490
19487,5866
19423,6236
19323,6143
19275,6282
19187,6038
18967,6030
18923,6060
18803,5681
18771,6033
18641,5698
18377,5756
17576,4961
17288,5339
16726,5011
16534,4985
16294,4945
16030,4731
15934,4887
15153,4230
15121,4545
14945,4610
14737,4084
14617,4046
14569,4489
14285,4354
14245,3959
14229,4228
14129,4186
13905,3973
13841,3693
13429,4065
13333,4027
13285,3559
13109,3479
12981,12043
12965,4423
12749,3363
12717,3437
12685,3880
12537,3325
12505,3194
12449,3536
12433,3195
11844,3037
11832,3338
11812,3523
11780,3185
11704,3010
11696,3346
11660,3060
11656,3112
11588,3463
11584,3439
11326,2889
11294,10078
11037,4211
11005,3299
10941,2513
10845,3193
10821,7193
10444,3597
10412,2438
10412,2569
10348,2590
10316,2493
10196,8666
10188,3914
10188,3254
24832,6963
24032,8315
23712,7423
22976,7023
22464,6364
22304,6779
21952,7279
21728,6799
21472,6646
21400,6045
20824,6139
20712,6377
20596,6441
20172,6756
20012,6400
19856,6021
19728,6551
18928,6262
19589,6584
19489,5958
19361,6614
19141,6233
19105,5810
18981,5994
18953,5997
18937,6164
18806,5882
18351,5937
17742,5670
17454,10797
16892,5221
16700,4840
16460,4547
16164,5178
16100,5120
15319,4469
15287,8973
15111,4635
14903,4287
14887,4220
14735,4569
14483,4406
14411,8321
14395,4893
14299,9133
14295,5153
14039,4268
13627,4112
13595,4029
13483,3922
13275,3946
13227,3744
13147,3801
13131,11396
12915,4708
12883,3959
12851,3325
12847,3880
12671,3610
12615,3432
12599,3826
12010,3538
11998,3287
11978,11216
11946,4336
11870,3698
11870,2928
11862,3733
11826,3304
11822,3208
11754,3374
11750,3274
11492,3019
11460,3349
11460,3114
11171,3046
11107,3326
11011,3168
10987,2821
10987,2833
10610,3045
10578,2666
10514,2764
10514,8364
10482,4228
10362,3265
10354,2413
10354,3061
10318,2690
10286,2679
10286,3057
10114,2489
22666,6163
22362,8040
22034,6800
21842,6594
21554,6329
21482,6426
21018,6510
20906,6678
20702,6071
20278,6251
20118,6837
19962,6559
19834,6148
19094,6469
19038,11813
18938,6251
18826,4880
18614,5467
19271,5872
19255,6656
19135,6032
19103,5734
18973,5828
18709,6267
17908,5677
17620,5456
17588,6029
16866,5190
16626,5402
16362,5283
16266,4729
16186,5168
15453,4659
15309,4327
15069,4631
15053,4466
14901,4034
14649,4556
14617,4366
14561,4133
14465,4398
14461,4209
14205,4086
13793,4128
13761,4104
13649,3916
13441,4053
13393,3967
13313,3841
13297,3919
13081,3775
13049,3707
13013,11822
12869,4739
12837,3976
12781,3418
12765,3700
12176,3511
12164,3703
12144,3530
12112,3449
12036,3500
12028,3429
11992,3368
11988,3551
11920,3474
11916,3373
11852,3600
11658,3294
11626,3500
11369,3474
11273,3089
11177,3026
11177,3181
11153,2969
10776,2983
10744,3088
10680,8072
10680,4713
10648,2932
10528,2388
10528,4591
10520,3162
10484,2922
10452,2773
10452,2916
10280,2823
10264,2761
10256,2622
10168,2678
10168,2486
10144,2622
21136,6020
21032,6591
20920,5900
20804,5866
20332,5824
20204,5570
20032,6195
19904,6522
19236,5951
19204,5756
19104,6038
18992,5801
18780,5526
18744,5855
18628,5765
18616,5656
18588,5357
19139,6333
18683,5990
18074,5388
17786,5740
17754,5739
17032,5399
16792,5266
16528,9764
16432,5663
16352,5178
15619,4720
15475,8582
15235,5186
15219,4740
15115,8291
14815,5177
14783,4218
14743,4488
14631,4173
14627,4330
14403,4400
14339,4121
13927,4128
13831,4182
13783,4102
13607,4083
13559,4074
13479,4064
13247,3775
13215,3734
13183,3596
13179,3392
13035,3734
13003,3574
12947,3421
12931,3590
12342,3613
12330,3410
12310,3413
12278,10533
12202,4873
12194,3555
12158,7688
12154,4113
12154,3345
12086,3325
12018,3438
11824,3019
11792,3224
11535,3307
11503,2990
11439,2955
11343,3019
11319,2923
10942,2746
10942,8546
10910,4064
10846,3144
10846,2553
10814,2821
10694,2704
10694,2734
10686,2953
10650,2736
10650,2791
10618,2982
10446,3022
10446,2599
10430,2737
10334,2872
10334,2658
10310,7575
10310,4137
10222,2892
10214,2238
20942,5505
20534,5870
20374,5638
20218,5589
20090,6102
19426,5480
19370,6338
19270,6315
19158,5625
18946,6385
18910,6491
18794,5988
18782,6248
18754,6381
18624,6024
18233,5848
17592,5296
17952,5950
17390,11114
17006,5684
16958,4632
16662,5223
16598,5160
15817,4883
15657,4887
15609,8807
15385,5139
15281,4630
15233,4727
14949,4254
14909,4823
14797,4767
14793,4562
14569,4786
14505,9872
14093,4996
13997,3876
13949,4509
13773,4149
13725,3957
13629,4014
13413,4210
13381,3940
13349,3673
13345,4005
13201,4204
13169,3482
13113,11212
13097,4793
12508,3425
12496,3011
12476,3337
12444,3600
12368,3345
12360,10042
12324,4460
12324,3667
12320,2912
12252,3025
12248,3552
11990,3594
11958,3002
11958,2921
11669,3196
11605,2972
11509,2744
11485,2698
11485,3017
11108,2783
11076,8899
11076,5166
11012,3286
10980,2730
10860,2929
10860,3176
10852,3252
10852,2777
10816,3020
10784,3358
10784,8396
10612,3774
10596,3183
10588,2830
10500,2621
10500,2662
10476,7901
10476,3916
10380,2811
10372,2332
10372,3104
10340,7403
10340,3775
20248,5581
20120,6951
19592,6315
19536,5842
19436,6016
19404,5805
19316,5035
19104,5490
19060,5406
18960,6149
18932,5548
18794,6232
18790,6315
18399,5166
17758,5738
17566,5650
17004,5158
17364,5919
17124,5454
16860,5329
16764,5389
16684,5367
15951,4969
15807,5338
15775,5224
15551,4466
15447,5186
15399,5282
15115,4940
15075,4522
15059,4829
14959,4783
14735,4418
14703,4780
14291,4542
14259,4025
14147,4637
13939,10574
13891,5000
13811,4194
13795,4056
13579,4108
13547,3886
13515,5356
13511,3772
13351,3752
13335,9822
13279,4674
13263,3664
12674,7748
12662,4016
12642,3347
12610,7689
12534,4186
12534,3277
12526,7566
12490,3968
12486,3180
12418,7471
12414,4489
12350,3347
12156,7235
12124,4374
11867,6046
11835,3910
11771,6491
11675,3595
11651,6918
11651,4231
11274,3134
11242,6690
11242,4125
11178,5511
11146,6378
11146,3896
11026,5631
11018,3389
11018,6064
10982,3656
10982,2867
10950,4879
10778,3397
10778,5991
10762,3536
10754,5413
10666,3050
10666,2643
10642,2659
10642,8883
10554,3757
10546,2783
10538,5751
20954,5951
20682,7816
20526,6328
20398,6041
19758,6165
19734,6003
19694,6019
19570,5800
19482,5828
19270,5799
19226,5606
19126,5736
19098,5720
18960,6331
18757,5901
18565,5920
17924,5426
18252,5799
17722,5765
17338,5177
17290,5771
16994,5327
16930,5370
16149,5004
16117,5150
15941,5282
15733,9143
15717,5409
15565,4957
15313,4837
15281,4670
15225,9349
15129,4823
15125,4523
14869,4063
14457,4636
14425,4318
14313,4049
14281,4356
14057,4425
13977,4314
13961,9350
13745,4670
13713,4158
13681,3718
13677,4023
13517,7985
13501,4352
13445,3298
13421,3589
12840,7232
12828,4404
12808,3794
12776,4025
12700,3875
12692,3343
12656,3650
12652,3769
12584,3483
12584,9601
12516,4511
12322,3750
12290,3291
12033,3295
11937,3578
11937,3439
11841,3123
11817,2916
11440,3516
11440,2911
11408,2903
11344,2873
11344,3097
11312,2873
11192,2840
11184,3142
11184,3029
11148,2729
11148,2788
11116,3037
10944,2543
10944,2726
10928,2566
10832,2942
10832,8319
10808,3872
10808,2886
10720,2812
10712,2809
10704,2603
10704,3139
10672,2693
20688,5785
20580,6878
20452,6436
19900,6042
19860,5957
19736,5720
19648,5657
19444,5798
19408,5654
19292,5938
19264,6144
19252,6514
19122,6211
18731,6256
18122,5618
17898,6045
18418,11916
17696,5909
17456,5059
17192,5342
17096,5298
17016,5336
16315,10214
16155,5506
16107,4865
15883,4791
15779,9361
15731,5367
15447,4192
15407,4850
15391,4827
15291,4206
15067,4594
15003,4770
14623,4472
14591,4432
14447,4625
14271,9178
14223,4928
14143,4163
14127,8732
13911,4949
13879,3759
13847,8551
13843,4659
13683,3664
13667,8480
13611,4538
13587,3669
13006,8710
12994,4223
12974,3697
12942,3427
12866,4202
12858,4309
12822,3477
12818,3714
12818,4206
12750,3632
12682,3650
12488,9938
12456,4837
12199,3379
12167,3234
12103,7681
12007,3867
11983,2998
11983,3071
11606,3699
11574,3779
11574,3230
11510,3131
11478,10490
11478,4623
11358,3680
11350,2786
11350,6988
11314,3724
11282,6133
11282,4060
11110,6330
11110,3577
11086,6825
10998,4115
10998,5875
10974,3454
10974,2875
10886,3234
10878,3325
10870,2796
10870,2701
10838,8647
20854,5823
20746,7476
20618,6797
20066,6354
20026,6544
19902,6056
19814,5784
19602,5675
19558,5917
19458,5309
19430,5916
19292,5695
19288,6325
18897,6194
18256,5661
18064,5903
18054,5939
17670,5752
17622,5475
17326,5829
17262,5692
16481,4949
16449,5554
16305,5372
16065,9688
16049,5503
15897,5270
15645,4854
15613,4607
15557,5251
15461,4874
15457,5037
15233,4484
14789,4769
14757,4534
14645,4433
14613,8801
14437,4789
14389,3736
14293,4073
14077,7898
14045,4801
14013,3847
14009,7846
13865,4391
13833,3724
13777,4277
13753,6969
13172,4402
13160,3716
13140,4256
13108,3928
13032,3629
13024,3864
12988,10406
12988,4714
12984,3958
12916,3631
12848,3647
12654,3794
12622,3794
12622,3561
12333,3564
12269,3752
12173,10254
12149,4755
12149,3453
11772,2868
11740,3123
11740,3609
11676,8699
11644,3996
11524,3371
11524,2654
11516,3006
11480,3489
11480,9187
11448,4023
11448,3719
11276,3184
11260,5653
11252,3586
11164,6387
11164,3664
11140,6807
11052,4039
11044,2886
11036,2910
11036,8679
11004,3661
11004,2786
10988,6100
20704,5913
20256,6477
20200,6154
20100,6052
19988,6251
19980,6469
19768,6546
19724,6172
19612,6315
19596,5926
19458,12896
19255,5826
19063,5079
18422,4871
18230,5826
17668,5128
18028,5713
17788,5996
17524,5510
17428,11376
17348,5733
16615,4855
16471,5342
16439,5260
16215,5362
16111,4713
16063,5329
15779,5047
15739,4753
15723,5004
15627,5272
15399,4587
15367,5029
14955,4924
14923,4736
14811,4193
14779,4740
14555,4479
14475,4075
14459,4744
14243,4710
14211,4084
14179,3986
14175,9534
14031,4762
13999,3725
13943,9145
13927,4870
13338,3445
13326,8748
13306,4774
13306,3513
13274,8695
13198,4077
13190,3426
13154,8598
13150,4301
13082,3352
13082,8532
13014,3965
12820,3433
12788,8641
12788,3811
12499,3135
12435,8209
12339,3659
12339,3191
12315,8185
11938,3451
11938,3067
11906,7954
11842,3907
11810,3051
11810,6272
11690,4056
11690,3276
11682,7256
11646,4184
11646,3031
11614,7149
11442,4090
11442,3160
11426,7098
11418,3954
11330,2965
11330,6938
11306,4043
11306,3275
11218,2908
11210,2984
11202,9876
11202,3836
21394,6384
21266,7283
21094,7501
20966,6587
20398,6587
20358,6344
20234,6325
20154,6009
19942,5972
19906,5981
19790,6455
19778,5454
19750,5944
19620,5985
19421,5981
19236,6403
19140,6082
18916,13573
18386,6094
18002,5804
17954,5430
17658,4721
17594,5176
16813,4824
16781,11239
16637,6084
16397,4693
16381,5266
16277,5117
15977,10962
15945,5534
15905,4297
15889,4353
15793,5125
15565,5109
15533,4439
15121,4948
15089,5020
14977,4208
14945,4814
14769,4810
14721,4064
14625,4644
14409,4820
14377,3950
14345,4393
14341,4446
14197,3959
14165,4546
14165,4562
14109,3885
14085,4450
13504,4370
13492,3770
13472,4285
13440,4379
13364,3485
13356,4123
13356,4121
13320,3658
13316,3807
13248,4100
13244,3655
13180,3544
12986,3981
12954,3671
12697,3294
12665,4139
12601,3339
12505,3281
12505,3706
12481,3322
12104,3058
12104,3672
12072,3253
12008,3731
12008,3602
11976,3173
11856,3039
11856,3524
11848,2987
11848,2910
11812,3234
11780,2970
11780,3505
11608,3057
11608,2852
11592,3435
11584,3008
11496,2914
11496,3421
11472,3028
22728,6858
22500,8157
22388,7079
22288,7176
22120,7067
21712,7050
21584,7264
21444,7104
21316,6853
20588,6379
20532,6547
20432,6103
20400,6365
20312,6104
20100,6020
20765,6662
20641,6461
20613,6469
20597,6718
20467,6554
20203,6374
19402,6438
19306,6508
19082,5925
18552,13047
18360,6760
18120,5754
17856,5887
17760,5700
17744,6257
16979,5783
16947,5977
16771,5938
16563,5052
16547,5560
16443,5269
16143,4890
16111,5373
16071,5350
16055,4903
15959,5359
15955,5462
15731,4783
15287,5063
15255,5173
15159,4490
15111,4576
14935,4803
14887,4510
14807,9109
14791,5001
14575,4480
14543,8658
14511,4905
14507,4394
14363,8977
14347,5073
14331,4274
14275,3802
14251,4355
13670,4211
13658,3721
13638,4263
13606,4309
13606,3649
13530,4152
13522,4206
13486,3741
13482,4065
13482,4388
13414,3681
13410,4069
13152,4206
13152,3616
13120,4094
12863,4111
12831,3380
12767,3850
12671,3830
12647,3370
12647,3907
12270,3796
12238,3158
12238,3159
12174,3889
12142,3233
12142,3030
12022,3494
12022,3073
12014,3101
11978,3559
11978,3218
25698,7936
25442,8376
24566,7656
24278,7586
24118,7197
23702,7012
23542,6910
23286,6810
23214,6787
22726,6625
22614,6632
22410,6525
21986,6297
21826,6849
21670,6502
22283,6549
21479,6342
21415,6599
21407,6855
21267,6767
21179,7042
20959,6720
20915,6675
20807,6819
20779,6891
20637,6551
20433,6429
20177,6361
19536,12754
19280,6184
18718,5122
18334,5206
18286,5639
17990,5424
17926,5340
17145,5189
17113,5214
16969,10954
16729,5427
16713,4692
16561,4800
16309,4732
16277,5005
16237,5073
16125,4556
16121,4796
15897,4850
15833,4606
15421,4729
15325,4729
15277,4634
15101,4221
15053,4427
14973,4547
14957,4206
14709,12668
14677,5168
14673,3923
14529,3797
14497,4302
14441,7980
14425,4887
13836,8328
13824,4477
13804,3581
13772,8209
13772,4655
13696,3868
13688,4245
13652,4083
13648,3891
13580,3840
13576,4116
13512,11587
13318,4644
13286,3908
13029,3085
12933,6226
12933,3996
12837,3533
12813,10316
12436,4082
12436,3541
12404,3315
12340,3580
12340,3320
12308,3581
12188,3114
12188,3107
12180,3119
12144,2973
12144,3054
25672,7454
24972,8637
24732,8167
24444,8156
24260,8283
23868,8143
23708,8001
23452,8552
22908,7357
22804,7123
22692,6798
22576,7170
22152,7556
21992,7572
21836,6928
22449,7834
21645,7658
21581,7010
21481,7499
21353,6900
21345,7009
21125,6696
21081,6873
20961,6816
20929,6609
20803,6944
20599,6610
19734,6356
19638,6562
19414,6037
18884,5806
18500,5592
18452,5853
18156,5403
18092,5571
17311,5146
17279,5121
17103,5319
16895,5283
16879,4900
16727,9747
16475,5194
16443,4836
16387,4965
16291,4962
16287,4691
16063,4787
15619,4588
15587,4563
15475,4527
15443,4673
15267,4392
15219,4427
15123,4429
14907,4287
14875,4218
14843,4255
14839,4156
14695,4130
14663,4118
14607,4286
14591,4403
14002,4028
13990,4256
13970,4146
13938,3994
13938,4134
13862,12708
13854,5002
13818,3716
13814,3397
13746,3797
13742,6977
13678,4483
13484,3607
13452,6741
13195,4301
13099,3432
13099,3717
13003,3453
12979,3448
12602,3462
12602,3343
12570,3309
12506,3532
12506,3565
12474,11040
12354,4070
12354,3348
12346,2844
12310,3266
12310,3270
25838,7749
25646,9437
24898,8611
24610,8829
24426,7466
24034,7549
23874,7684
23554,7002
23074,7138
22970,7285
22858,7256
22742,7351
22318,6797
22158,6750
22743,7322
22567,7333
21811,6698
21747,7012
21647,7053
21519,7000
21299,6897
21263,7009
21139,6953
21127,7498
21095,6815
20965,6676
20509,6790
19900,6324
19612,6271
19050,6205
18858,5781
18618,6255
18354,5571
18258,5921
18178,5490
17445,5189
17301,5277
17061,5846
17045,5181
16893,5130
16641,5365
16609,5588
16553,10862
16457,5640
16453,4340
16197,10679
15785,5328
15753,4337
15641,4432
15609,4609
15385,4679
15305,4709
15289,4555
15073,4390
15041,4401
15009,10830
15005,5143
14845,3839
14829,4042
14773,4330
14749,4469
14168,4142
14156,9758
14136,4798
14104,4321
14028,3858
14020,3962
13984,4475
13980,4099
13912,3879
13908,4008
13844,4022
13650,3922
13618,3647
13361,3844
13265,3480
13169,3506
13169,3457
13145,3638
12768,10570
12736,4419
12736,3457
12672,3247
12640,3351
12640,3355
12520,3288
12512,3308
12512,3434
12476,3252
12444,3229
12444,3249
12272,3175
24632,7142
24472,8085
24128,7937
23968,7387
23712,7309
23192,6826
23088,6744
22976,7652
22860,7126
22436,7145
22276,7054
22120,6568
21992,6394
21252,6074
21913,6603
21813,6551
21685,6309
21465,6230
21429,6778
21305,6195
21293,6343
21261,6258
21131,6323
20675,6081
20066,6329
19778,13059
19216,6565
19024,5805
18784,5283
18520,5373
18424,5839
18344,5656
17611,5338
17467,5392
17227,10891
17211,5506
17059,4816
16807,5061
16775,5331
16719,4995
16623,5053
16619,9945
16363,5150
15951,4764
15919,4750
15807,4614
15599,9886
15551,5189
15471,4386
15455,4411
15239,4667
15207,4301
15175,4675
15171,4630
14995,4341
14939,4199
14923,4302
14334,9619
14322,4842
14302,4082
14270,4104
14194,3979
14186,3960
14186,4145
14150,4285
14146,11959
14078,4928
14010,3777
13816,3636
13784,3896
13527,4040
13495,3725
13431,3758
13335,3682
13311,3868
12934,3512
12934,3848
12902,3678
12838,11259
12806,4481
12806,3500
12686,3006
12678,7560
12678,4101
12642,3215
12610,7871
12610,3810
12438,3057
12422,7579
12414,4061
12326,3304
12326,3056
23598,6647
23346,7562
23242,7408
23130,7100
22950,6717
22542,6617
22414,6478
22242,6443
22114,6461
21394,6262
21354,6187
21230,6174
21142,6287
20938,6957
21595,7443
21471,7273
21443,7273
21427,7512
21296,7013
20841,7300
20232,6135
19944,6254
19382,6736
19190,6417
18950,5685
18686,5673
18590,6063
18510,5638
17777,5814
17633,5262
17393,5368
17377,5332
17273,5134
16973,5001
16941,5042
16901,5038
16789,4988
16785,4999
16561,4829
16497,4717
16085,4836
15989,4971
15941,4568
15765,4863
15717,4584
15637,4704
15621,4471
15373,4942
15341,6543
15337,5779
15193,4297
15161,4931
15105,4922
15089,5169
14500,4280
14488,4009
14468,4326
14436,4382
14436,3991
14360,3916
14352,4797
14316,4175
14312,4002
14244,4498
14240,4032
13982,7929
13982,4634
13950,4125
13693,3573
13597,4155
13597,4189
13501,3696
13477,9927
13100,4213
13100,3500
13068,3256
13004,7792
12972,3953
12972,3070
12852,3105
12844,3903
12844,3491
12808,3447
12808,3813
12776,10344
12604,4142
12604,3670
12588,3425
12492,3588
12492,3347
12468,10854
12468,4354
23444,7112
23332,8075
23232,7850
23064,7303
22656,7296
22528,7436
22356,7483
22228,7735
21560,7092
21520,7256
21396,7216
21308,7144
21096,7261
21761,7504
21637,7451
21609,7528
21467,7409
21462,7351
21007,6881
20366,6263
20110,6161
19548,5905
19164,5877
19116,5750
18820,5563
18756,5558
17975,5922
17943,5528
17767,5719
17559,5587
17543,5601
17391,5390
17139,5447
17107,5622
17051,4924
16955,5487
16951,5315
16695,4859
16283,5074
16251,5338
16139,4715
16107,4539
15883,5036
15803,5121
15787,4530
15571,4741
15539,4802
15507,4461
15503,4397
15343,4938
15327,4974
15271,4317
15247,4711
14666,4602
14654,4328
14634,8488
14602,4475
14526,4149
14518,3937
14482,4595
14478,4562
14410,4166
14406,7843
14148,4743
14148,3725
14116,7647
13827,4451
13763,7968
13667,4720
13667,8428
13643,4157
13266,3226
13234,8060
13234,4410
13170,3162
13138,3420
13018,7389
13018,3911
13010,3127
12974,3255
12974,8297
12942,4238
12942,3109
12770,3778
12754,7553
12746,4143
12658,3579
12634,3428
12634,3341
12546,3261
12538,10260
12530,4363
22946,7091
22786,7766
22658,7329
22486,7006
22358,7306
21726,7211
21686,7255
21562,7481
21474,6593
21270,7014
21234,7166
21118,6893
21090,6777
21759,7446
21628,7209
21173,7057
20564,6763
20276,6276
19714,5975
19522,6008
19282,5789
19018,6054
18922,5687
18842,5887
18109,5949
17965,5442
17933,5744
17709,11638
17605,5935
17305,5020
17273,5652
17233,5543
17121,5025
17117,5692
16893,5567
16829,5369
16449,4789
16321,4953
16273,5195
16097,4941
16049,4505
15969,5023
15953,4893
15737,4776
15673,4589
15669,4841
15525,5124
15493,4483
15437,4376
15421,4821
14832,4635
14820,4130
14800,4077
14800,4520
14768,10659
14692,5160
14684,4542
14648,4283
14644,4320
14576,4040
14572,3913
14508,4344
14314,4188
14282,3820
14025,3721
13929,4176
13929,3976
13833,3802
13809,3559
13432,4042
13432,3885
13400,3554
13336,3390
13304,3988
13304,3936
13184,3444
13176,3359
13176,3749
13140,3533
13140,3311
13108,3323
12936,3670
12936,3812
12920,3278
12912,4217
12824,3621
12800,10212
12800,4455
12712,3255
12704,3257
12696,3397
12696,3233
22888,6983
22760,8258
22588,8071
22460,7968
21892,7516
21852,7844
21728,7662
21640,7846
21436,7744
21400,7926
21284,7542
21256,7454
21118,7385
21794,8103
21339,7999
20698,8051
20442,7363
19880,7095
19688,7246
19448,6477
19184,7006
19088,6061
19008,6521
18275,5952
18131,5347
17891,6342
17875,6202
17723,6113
17471,5683
17439,6092
17383,11831
17287,6307
17283,5273
17059,5389
16615,5698
16583,5553
16471,4951
16439,5570
16263,5175
16135,9812
16119,5491
15903,4971
15871,9880
15839,5443
15835,4929
15675,4605
15659,9007
15603,5517
15579,4256
14998,4690
14986,4201
14966,4453
14934,4685
14858,4652
14850,4409
14814,4779
14810,4685
14742,4514
14742,4332
14674,4604
14480,8724
14448,5059
14191,3920
14095,4259
14095,4236
13999,3838
13975,3739
13598,3941
13598,3721
13566,3606
13502,3895
13502,3925
13470,3486
13350,3860
13342,8829
13342,4771
13306,4069
13274,3888
13274,3743
13102,7096
13102,4422
13086,3757
12990,3323
12990,3881
12966,9987
12966,4362
12878,3743
12870,3452
12862,3425
12830,3345
12830,3637
12814,3437
22530,6937
22082,7623
22026,6914
21926,7121
21814,6949
21806,6944
21594,7022
21550,6838
21438,6609
21422,6679
21284,6873
21081,6746
20280,6274
20800,6610
20576,6518
20046,6285
19662,6094
19614,6177
19318,6444
19254,6176
18473,5900
18441,6186
18265,5926
18057,5929
17937,5655
17889,11657
17637,6200
17565,5345
17549,5613
17453,5745
17449,5661
17193,5343
16781,5402
16749,5459
16637,10690
16605,5188
16381,4600
16301,5140
16285,4887
16069,5193
16037,5179
16005,4672
16001,4850
15841,5020
15825,5027
15769,4741
15745,4972
15164,4792
15152,4445
15132,4711
15100,4896
15024,4377
15016,4669
14980,4930
14976,4656
14976,4254
14908,4850
14840,4759
14646,4099
14614,4507
14357,4593
14325,3840
14261,4046
14165,4585
14141,3755
14141,4106
13764,4372
13732,4159
13668,3967
13668,4259
13636,4049
13516,3764
13516,3608
13508,4205
13472,3621
13472,3625
13440,4031
13268,4051
13268,8359
13252,4357
13244,3768
13156,7085
13132,4475
13132,3915
13044,3453
13036,7926
13028,4197
13028,3418
12996,7862
12996,4290
12980,3433
12980,6434
22224,7258
22184,8721
22092,7434
21980,7644
21768,8543
21732,7177
21616,6906
21588,7130
21576,7153
21446,6806
21055,6842
20446,6560
20774,6931
20212,6325
20020,7010
19780,6565
19516,8053
19420,6436
19340,6218
18607,5951
18463,5360
18223,5692
18207,5768
18103,5614
17803,5561
17771,5634
17731,5788
17619,5536
17615,5908
17391,5559
16947,7113
16915,8031
16819,5039
16771,4943
16595,4691
16547,5437
16451,5412
16235,5064
16203,5085
16171,4996
16167,4886
16023,5247
15991,4992
15935,4838
15911,4967
15330,4757
15318,4619
15298,4672
15266,5953
15190,8434
15182,5750
15182,4414
15146,3939
15142,4062
15074,4730
15070,4700
14812,4436
14780,4544
14780,4668
14491,4087
14427,5331
14331,4717
14331,4189
14307,3692
13930,3820
13898,3750
13898,3755
13834,4312
13802,4142
13802,3676
13682,3625
13674,4025
13674,3708
13638,5619
13638,4800
13606,5700
13434,4030
13434,3707
13418,4448
13410,4231
13322,4307
13298,4525
13298,4413
13210,3896
13202,3937
13194,5825
13194,3399
13162,3555
13162,4378
13146,3696
13146,3357
12814,4416
22330,6888
22230,8097
22118,7655
21906,6938
21870,7084
21854,7164
21742,7038
21714,7381
21584,7639
21385,7746
20584,7400
20552,6889
20880,7237
20158,7227
19966,6856
19654,7082
19622,6576
19542,6885
18777,5971
18745,6240
18569,6032
18361,6193
18241,5893
18193,9123
17941,8190
17869,7518
17853,5988
17757,5683
17753,5392
17497,6080
17085,6709
17053,7651
16941,5459
16909,5493
16733,5373
16685,5524
16589,5999
16373,5347
16341,5855
16309,5062
16305,5561
16161,5555
16129,5093
16073,4642
16057,5170
15468,5286
15456,6003
15436,5513
15404,5947
15404,6702
15328,4354
15320,3899
15284,4064
15280,4777
15212,6316
15208,6839
15144,4065
14950,4248
14918,4266
14661,4287
14629,4355
14565,4083
14469,3900
14445,4260
14445,4374
14068,3975
14036,4264
13972,4097
13972,3754
13940,3757
13820,4043
13820,3984
13812,3666
13812,3610
13776,4136
13744,4280
13744,3951
13572,3905
13572,4103
13548,3678
13460,3817
13460,3718
13436,3857
13436,3687
13348,3922
13340,3880
13332,3747
13332,3976
13300,3592
13300,3462
13284,3825
13284,3848
22528,7123
22488,7169
22364,7152
22276,7248
22072,7163
22036,6902
21920,7051
21892,6995
21880,6653
21750,6911
21359,6787
20750,7119
21078,6841
21046,6698
20324,6554
20084,6753
19820,6478
19788,6396
19708,6274
18943,5753
18783,5856
18735,6348
18511,5864
18407,5457
18359,5645
18075,5984
18035,5850
18019,5363
17923,5729
17695,5697
17663,5399
17251,5632
17219,5434
17107,5180
17075,5044
16851,5260
16771,5162
16755,10301
16539,5294
16507,4731
16475,5078
16471,5008
16311,5054
16295,5308
16239,4758
16215,5119
15634,4689
15622,4248
15602,4702
15570,4679
15494,4384
15486,4370
15486,4540
15450,4594
15446,4047
15378,4425
15374,4569
15116,4133
15116,4581
15084,4408
14827,3950
14731,4015
14731,4339
14635,4278
14611,4073
14234,4081
14234,4037
14202,3713
14138,4071
14138,4198
14106,3891
13986,3614
13986,3872
13978,3713
13942,3599
13942,4040
13910,4081
13910,3502
13738,3872
13722,3672
13714,3445
13626,3297
13626,3833
13602,3932
13602,3316
13514,3772
13506,3937
13498,3464
13498,3556
13466,3791
13466,9109
13450,4497
23134,6963
22694,8253
22654,7191
22530,7011
22442,7141
22238,7112
22202,7348
22086,7358
22058,7062
22046,6613
21916,6761
21717,6842
21532,6787
21244,7180
21212,6541
20490,6166
20298,6009
19986,5921
19954,6023
19874,6008
19109,5850
19077,5902
18901,5640
18693,6065
18677,5751
18525,5557
18273,6105
18241,5767
18185,5609
18089,5276
18085,5864
17861,5833
17797,5262
17385,5334
17289,5395
17241,5071
17065,5140
17017,5333
16937,5155
16921,5075
16705,5042
16673,5231
16641,4901
16637,5139
16477,5187
16461,5077
16405,4623
16381,5155
15800,4819
15788,4474
15768,4759
15736,4936
15660,4526
15660,4390
15652,4623
15616,4580
15612,4584
15544,4578
15540,4188
15476,4672
15282,4457
15250,4479
14993,4649
14961,4425
14897,4224
14801,4376
14801,4411
14777,4333
14400,3792
14368,4648
14368,4122
14304,4419
14304,3891
14272,3886
14152,4279
14152,3834
14144,3771
14108,3966
14108,4440
14076,3690
14076,4065
13904,3976
13904,3985
13888,3641
13880,3846
13792,4173
13792,3604
13768,3748
13680,3813
13672,3875
13672,3609
13664,3855
24080,7318
23920,7935
23792,7828
23620,7471
23492,7303
22884,7181
22828,7513
22728,7686
22616,7787
22608,7637
22396,7283
23045,7987
22937,8099
22909,7709
22893,7688
22763,8160
22499,7480
21698,6878
21602,7690
21378,7050
20848,6424
20464,6690
20416,6276
20152,6437
20056,6421
19976,6506
19275,6763
19115,5854
19067,5941
18859,5838
18843,5875
18691,5612
18439,5763
18407,5808
18367,5407
18351,5619
18255,5687
18027,5831
17995,5553
17583,5495
17551,5286
17455,4861
17407,5472
17231,5478
17183,5156
17103,5387
17087,5471
16871,5039
16839,4893
16807,5171
16803,5082
16803,4961
16643,5027
16627,5082
16571,4726
16555,4636
15966,4508
15954,5043
15934,4475
15934,4749
15902,4929
15826,4428
15818,4362
15782,4904
15782,4802
15778,4364
15710,4639
15706,4686
15448,4161
15448,4502
15416,4694
15159,4095
15063,4376
15063,4465
14967,4272
14943,4057
14566,4243
14566,4028
14534,3930
14470,4183
14470,4171
14438,3801
14318,4074
14318,4194
14310,4099
14274,4348
14274,4365
14242,4018
14070,4030
14070,4182
14054,3903
14046,3734
25702,8192
25606,10015
25286,9238
24978,8976
24874,8556
24762,8276
24646,8038
24222,7833
24062,7775
23906,7798
23778,8055
23775,8224
23711,8027
23611,8062
23483,7790
23271,7929
23255,7874
23211,7625
23091,7622
23059,7515
22933,7326
22729,7275
21864,6710
21768,6837
21544,6857
21014,6278
20630,6413
20582,6368
20286,6304
20222,6155
19441,5900
19409,5962
19233,6011
19025,6055
19009,5711
18857,6406
18605,5840
18573,5779
18517,5882
18421,6205
18417,6279
18161,5834
17749,5647
17717,6140
17605,5785
17573,5347
17397,5440
17269,5009
17253,4867
17037,5475
17005,5436
16973,5243
16969,5401
16825,5365
16793,5250
16737,4884
16721,5182
16132,4983
16120,4704
16100,5080
16068,4972
15992,4732
15984,4946
15984,5050
15948,4503
15944,4854
15876,5011
15872,4957
15614,4569
15614,4670
15582,4755
15293,4175
15229,4847
15133,4508
15133,4178
15109,4648
14732,4411
14732,4102
14700,4082
14636,4311
14604,4442
14604,3991
14484,4223
14476,4172
14476,4008
14440,3912
14440,4428
14408,4055
14236,3760
14236,4291
14220,4316
14212,3788
25868,8027
25532,9143
25452,9077
25144,8915
25040,8548
24928,8800
24812,8590
24340,7992
24212,7913
24040,7790
23912,7487
23941,8802
23877,8790
23777,8494
23649,7659
23429,8489
23393,8198
23269,8673
23257,7764
23225,8126
23095,8290
22831,7865
22030,7310
21742,6989
21710,7377
20988,7300
20796,6904
20484,6706
20388,6292
20372,6518
19607,5842
19447,6412
19399,5628
19175,5943
19071,5353
19023,5528
18739,5828
18699,5328
18683,5477
18583,5375
18359,5792
18295,5701
17915,4964
17787,5270
17739,5314
17563,5291
17515,4809
17435,5266
17419,5035
17203,5137
17139,4945
17135,5141
16991,4679
16959,5090
16903,4984
16887,5164
16298,5053
16286,5193
16266,5108
16234,4915
16234,4786
16158,5258
16150,5432
16114,4524
16110,5218
16042,4550
16038,4440
15780,4944
15780,4872
15748,4734
15491,4738
15395,4866
15395,4606
15299,4763
15275,4489
14898,3946
14898,4328
14866,4375
14802,4042
14802,3999
14770,4219
14650,3886
14650,3857
14642,4226
14606,4048
14606,3863
14574,3793
14402,4109
14402,3754
14386,3740
14378,4058
14290,3913
25698,8336
25618,9822
25310,8862
25206,8590
25082,8816
24914,8657
24506,7885
24378,7892
24206,7632
24078,7669
24083,9279
24035,8256
23911,9171
23807,7793
23595,7669
23559,9017
23435,7717
23407,7791
23265,8117
23260,7798
22805,7655
22164,7385
21908,6902
21346,6912
21154,6906
20914,6351
20618,7450
20554,6710
19773,6197
19741,6827
19597,6273
19357,6041
19341,6437
19189,6014
18937,6045
18905,6111
18849,5871
18753,5753
18749,5864
18493,5781
18081,5573
18049,5807
17937,5135
17905,5536
17681,5403
17601,4978
17585,5583
17369,5686
17337,4841
17305,5304
17301,5703
17141,4724
17125,5459
17069,5387
17045,4820
16464,4486
16452,4823
16432,4450
16400,4919
16324,4930
16316,4546
16280,4749
16276,4920
16208,4429
16204,4644
15946,4501
15946,4308
15914,4266
15625,4143
15561,4302
15465,4338
15441,4187
15441,4046
15064,3797
15032,4121
14968,3883
14968,4115
14936,4183
14816,4087
14816,4098
14808,4130
14772,4109
14772,4189
14740,3959
14568,4115
14568,4045
14552,4110
14456,4016
14456,4151
14432,3943
14432,3889
14344,4063
25216,7900
25188,8741
24660,7951
24500,9082
24344,8066
24216,7963
23548,7986
23492,7816
23484,7670
23360,7630
23973,8039
23753,7730
23709,7639
23589,7937
23573,8674
23431,8539
23227,8220
22971,7712
22266,7649
22042,7327
21512,7052
21128,6758
21080,7564
20784,6427
20720,6086
19939,6186
19907,6180
19731,6010
19523,6285
19403,6164
19355,6443
19103,6331
19031,6101
19015,5941
18919,6530
18691,6089
18659,6108
18247,6140
18215,5820
18103,5611
17895,5617
17847,5867
17767,5516
17751,5212
17535,5702
17503,5330
17471,5375
17467,5404
17307,5509
17291,5396
17235,5487
17211,5369
16630,5064
16618,4665
16598,4961
16566,5119
16490,4969
16482,4955
16446,5029
16442,5035
16374,4700
16370,5115
16306,4754
16112,4649
16080,4877
15823,4743
15727,4514
15727,4231
15631,4718
15607,4523
15230,4389
15198,4306
15198,4503
15134,4401
15102,4416
15102,4411
14982,4688
14974,3957
14974,4460
14938,4371
14906,3862
14906,3821
14734,4286
14718,4380
14710,3814
14622,4470
14622,4408
14598,3924
14598,3760
14502,4264
14494,3685
14494,3590
24798,8135
24638,9544
24482,8578
24354,8262
23714,8135
23658,7869
23558,8467
23446,8329
23234,7918
23198,8146
23767,7998
23755,8548
23723,8185
23593,8030
23137,8074
22528,8107
22240,7736
21678,7571
21486,7484
21246,7502
20982,7330
20886,7352
20806,7848
20073,6804
19929,6747
19689,6724
19673,6681
19521,5785
19269,5352
19237,5903
19181,5823
19085,5831
19081,5868
18825,5795
18413,5735
18381,5605
18269,5945
18061,5811
18013,5440
17933,5823
17917,5851
17701,5305
17669,5680
17637,5632
17489,5306
17457,5568
17401,5681
17385,5211
16796,4725
16784,5403
16764,5270
16732,4774
16656,5275
16648,5349
16648,4865
16612,4683
16608,5253
16540,5313
16536,4632
16278,5284
16246,5093
16246,4547
15957,5144
15893,4842
15797,4556
15773,5422
15773,5150
15396,4445
15364,4344
15300,4906
15300,4359
15268,8931
15148,4459
15148,4675
15140,4190
15104,4701
15104,4858
15072,4238
14900,4744
14900,4812
14884,4144
14876,8130
14788,4202
14764,3916
14764,3926
14676,4675
14668,4346
14660,4141
14660,4707
14628,4543
14628,4331
14612,4087
24240,7751
23856,9156
23816,8726
23692,8411
23604,7900
23392,8740
23348,8279
23236,8364
23220,7764
23082,8232
23559,8229
22694,7459
22598,8486
22374,7784
21844,7792
21460,7194
21148,7162
21116,7018
21036,7005
20271,6650
20111,6113
20063,7167
19855,15671
19735,10311
19687,6093
19403,6153
19363,6440
19347,6038
19247,6539
19023,6306
18959,5894
18579,6259
18451,5768
18403,5898
18227,5199
18179,5663
18099,6067
18083,5286
17867,5381
17803,5609
17799,5847
17655,5195
17623,5543
17567,5528
17551,5057
16962,5147
16950,5412
16930,4718
16898,5197
16822,5189
16822,4723
16814,5129
16778,4934
16774,4724
16706,5056
16702,5227
16444,4623
16444,5362
16412,5347
16123,4463
16059,4736
15963,4930
15963,4353
15939,5038
15562,4752
15530,4395
15530,4680
15466,4803
15434,4156
15434,4696
15314,4955
15306,4548
15306,4542
15270,4592
15270,4436
15238,4359
15066,4883
15066,4493
15050,4170
15042,4751
14954,4160
14930,4019
14930,4388
14842,4213
14834,3996
14826,4327
14826,4206
14794,3849
14794,4289
14778,4164
14778,4179
14446,4207
23962,7546
23862,8421
23750,8590
23538,7705
23502,8156
23486,7809
23374,7652
23346,7981
23220,7395
23633,8012
22832,7979
22736,8305
22512,7752
21790,7305
21598,7228
21286,7249
21254,7143
21174,6802
20409,6714
20249,6684
20201,6303
19993,6148
19873,5706
19825,5644
19541,5841
19501,5999
19485,5972
19389,5797
19161,6009
19129,6000
18717,5821
18685,6145
18541,6043
18365,5938
18317,5908
18237,5745
18221,5715
18005,5429
17973,5761
17941,5708
17937,5446
17777,5442
17761,5666
17705,5362
17681,5051
17100,5481
17088,5271
17068,5011
17036,5294
16960,5374
16952,4841
16916,5128
16912,5218
16844,5021
16840,4747
16776,5286
16582,5134
16550,4692
16293,5155
16197,4774
16197,4501
16101,4811
16077,4716
15700,4206
15700,4237
15668,4638
15604,4586
15572,4280
15572,4529
15452,4545
15444,4246
15444,4521
15408,4421
15376,4320
15376,4155
15204,4402
15204,4088
15188,4012
15092,4220
15092,4296
15068,3995
15068,8260
14980,4629
14972,3902
14964,4558
14964,4370
14932,4248
14916,3931
14916,4264
14584,4302
14584,3868
14580,4104
23852,7470
23796,8126
23652,8506
23608,7697
23496,7489
23468,7579
23352,7542
23149,7327
22348,7083
22868,7655
22644,7657
21922,7638
21730,7373
21418,7304
21386,7175
21242,6916
20509,6550
20381,6352
20333,6084
20109,5751
20005,5955
19705,5801
19673,5827
19633,5776
19521,5999
19517,6164
19293,6029
18849,12388
18817,6236
18705,5407
18673,5276
18449,6067
18369,5040
18353,6215
18137,5379
18105,5827
18073,6275
18069,5795
17909,6004
17837,5800
17821,5800
17232,5041
17220,5176
17200,5620
17168,5279
17092,4831
17084,5311
17084,5479
17048,4837
17044,5189
16976,5317
16908,4964
16714,4707
16682,4984
16425,4913
16329,5166
16329,4626
16233,4801
16209,5011
15832,4307
15800,4216
15800,4682
15736,4885
15704,4655
15704,4735
15584,4925
15576,4597
15540,4196
15540,4875
15508,4805
15336,4347
15336,4332
15320,4564
15224,4685
15224,4073
15200,4565
15200,4560
15104,4323
15096,4921
15096,4950
15064,4775
15064,4332
15048,4212
15048,4355
14716,3794
14716,3908
14712,4258
14684,3968
14684,3775
14676,4136
14676,4219
14676,3854
23456,7439
23069,8415
22428,7473
22236,7426
21674,7171
21354,6584
21306,7048
21042,6987
20978,6443
20661,7968
20629,6536
20453,6675
20245,6893
20229,6153
20077,6976
19825,6467
19793,6485
19737,6124
19641,6594
19637,6878
19381,6192
18969,6161
18937,6117
18825,5976
18793,5625
18569,5890
18489,5826
18473,5577
18257,5730
18225,5801
18193,5571
18189,5773
18029,5592
18013,5792
17957,5348
17933,5579
17352,5398
17340,5081
17320,5421
17288,5490
17212,5375
17204,5343
17168,5385
17164,5187
17096,5112
17092,5258
17028,5447
16834,5140
16802,5322
16545,5538
16449,4597
16449,5017
16353,5176
16329,5232
15952,4815
15920,5173
15920,5004
15856,4403
15824,4907
15824,4860
15704,4570
15696,4808
15696,5000
15660,4419
15628,4280
15628,4480
15456,4931
15440,4417
15432,4457
15344,4836
15344,4346
15320,4556
15232,4795
15224,4096
15216,4673
15216,4690
15184,4354
15184,4283
15168,4707
15168,4173
14836,3852
14836,4414
14832,4404
14832,3804
14804,4299
14804,4224
14796,3839
14796,4148
14762,4291
14761,3984
14761,3728
14728,4230
21972,6889
21746,7261
21426,7847
21146,6754
21114,7047
21034,6872
20377,6636
20217,6612
20185,6367
20337,6490
20233,6699
19933,6329
19901,6501
19861,13145
19749,6535
19745,5617
19521,5675
19077,5523
19045,5789
18933,5755
18901,5945
18677,5880
18597,5425
18581,6370
18365,5266
18333,5761
18301,5626
18153,5809
18121,5460
18065,5620
18049,5761
17466,5234
17454,5190
17434,5384
17402,5286
17326,4897
17318,5872
17282,5299
17282,10718
17278,5305
17210,4746
17142,4834
16948,5006
16916,5381
16659,4677
16627,4669
16563,4907
16467,9545
16443,5306
16443,5000
16066,4450
16034,8535
16034,5182
15970,4348
15938,4772
15938,4547
15818,4662
15810,4683
15810,4702
15774,4203
15742,4336
15742,4496
15570,4686
15570,4345
15546,4506
15458,4306
15458,4360
15434,4390
15434,4663
15346,4394
15338,4262
15330,4515
15330,4505
15298,4097
15298,4290
15282,4409
15282,4546
14950,4315
14950,4253
14946,4284
14946,4039
14918,3933
14918,4260
14910,4468
14910,8048
14910,4657
14876,4114
14875,3762
14842,3746
14842,4276
14842,3874
14744,3802
21412,6678
21164,7589
21132,7413
21052,6975
20491,6066
20459,7061
20299,6807
20091,6601
20451,6749
20299,6209
20047,6438
20015,6179
19975,6132
19863,6137
19859,6126
19635,5965
19571,6160
19191,6152
19063,5828
19015,6176
18839,5855
18791,6071
18711,6296
18695,6166
18479,6102
18447,5834
18415,5907
18411,5865
18267,11234
18235,5731
18179,5600
18163,5663
17580,4789
17568,5013
17548,5577
17548,5413
17516,5404
17440,5613
17432,5446
17396,5350
17392,5350
17392,5553
17324,5487
17320,5568
17062,5030
17062,5383
17030,5558
16773,5056
16677,5358
16677,5199
16581,5232
16557,5173
16557,5155
16180,9044
16148,5219
16148,5285
16084,4946
16052,4720
16052,4135
15932,4470
15932,4747
15924,4539
15888,4438
15888,4783
15856,4652
15856,4948
15684,4498
15684,4659
15668,4583
15572,4055
15572,4134
15548,4857
15548,4722
15460,4046
15452,4469
15444,4633
15444,4462
15444,4105
15412,4742
15412,4593
15396,4212
15396,4573
15064,4864
15064,4063
15060,4301
15060,4562
15060,4551
15032,4437
15032,3903
15024,4408
15024,4877
15024,3931
23818,7663
23619,8407
22818,7902
22594,7542
22562,8189
21904,7309
21712,7253
21432,7334
21856,7578
21776,7285
21011,6884
20851,6775
20803,6875
20579,6520
20475,6605
20427,6348
20143,6278
20103,6254
20087,6268
19991,5893
19763,6132
19731,6205
19319,6379
19287,6381
19143,6101
18967,6297
18919,6443
18839,5705
18823,6126
18607,6327
18575,12208
18543,6222
18539,5527
18379,5588
18363,5730
18307,5639
18283,5735
17702,5644
17690,5225
17670,5800
17638,5846
17562,5521
17554,5398
17518,10989
17514,5807
17514,5342
17446,5295
17378,5489
17184,5210
17152,4773
17152,5526
16863,5405
16799,10060
16703,5377
16703,4487
16679,4860
16302,5287
16270,5309
16270,4816
16206,4824
16174,4993
16174,5159
16054,4918
16054,5642
16046,4915
16010,4442
16010,4931
15978,4895
15978,4393
15806,4828
15790,5122
15782,4429
15694,4340
15694,8131
15670,4493
15670,4181
15582,4848
15574,4947
15566,4129
15566,4679
15534,4687
15534,4044
15518,9205
15518,4931
15518,3982
15186,3840
15186,4715
15182,4032
15182,4219
15154,8408
15154,4801
15154,3846
24062,7927
24046,9371
23948,9465
23944,9384
23553,9033
22944,8152
22720,7661
22688,7587
22518,8277
22326,8441
22278,8237
21982,7884
21918,7448
21838,7478
21105,7486
20977,7574
20929,6204
20721,6965
20705,6997
20553,6607
20301,6190
20269,6601
20229,6508
20213,6882
20117,6636
19889,6960
19857,6474
19445,6645
19413,6561
19317,6415
19269,6262
19093,6090
19045,6374
18965,6637
18949,6120
18733,6807
18701,6486
18669,6165
18665,6584
18521,6300
18489,5758
18489,6377
18433,6233
18409,6654
17828,6126
17816,6152
17796,5829
17764,5909
17688,5868
17688,6313
17680,5665
17644,5830
17640,5800
17572,5486
17568,5792
17504,5621
17310,5244
17278,5736
17021,5655
16989,5613
16925,5427
16829,5548
16805,5424
16805,5336
16428,5475
16396,4940
16396,5186
16332,5288
16300,4879
16300,5035
16180,10225
16172,5304
16172,4762
16136,4853
16136,5283
16104,4596
15932,4867
15932,4817
15916,4147
15908,5055
15820,4568
15820,4290
15796,4936
15708,4579
15700,3964
15692,9263
15692,5244
15660,4183
15660,4236
15644,4717
15644,4704
15312,4028
24828,8703
24820,9511
24696,9635
24608,11058
24396,9171
24352,9197
24252,9147
24909,8987
24767,8791
24762,9264
24307,9520
23698,11758
23410,9362
22848,8521
22656,7757
22416,7621
22152,7864
22056,8184
22040,7851
21275,8100
21115,9780
21067,7111
20843,6891
20739,6951
20691,7430
20439,7157
20367,6930
20351,6835
20255,6568
20251,6532
19995,6440
19583,6142
19551,6880
19439,8498
19407,8755
19231,6468
19103,6414
19087,6603
18871,5994
18839,6511
18807,8858
18803,6510
18659,5861
18627,5887
18571,6017
18555,5203
17966,5942
17954,7060
17954,5257
17934,7300
17902,5264
17826,5192
17818,4868
17782,4789
17778,5061
17710,5629
17710,5522
17642,5406
17448,5504
17416,5427
17416,5123
17127,5370
17063,5175
16967,4683
16967,5127
16943,5086
16566,4919
16534,4486
16534,4984
16470,4349
16438,4636
16438,4824
16318,4258
16318,4439
16310,4819
16274,5111
16274,4670
16242,4997
16242,5027
16070,4671
16054,4941
16046,5030
15958,4553
15958,4996
15934,4552
15934,4596
15846,4542
15838,4922
15830,4767
15830,4335
15798,4654
15798,4628
25674,8785
25546,10662
25050,10002
24994,9831
24894,9868
24782,9921
24570,9089
25255,9175
25211,9142
25091,9381
25075,9252
24933,9452
24729,9410
24473,9115
23832,8541
23576,8344
23014,8139
22822,7959
22582,7805
22318,8065
22222,7993
22206,9305
21441,7916
21281,7915
21233,7532
21025,7446
20905,7347
20857,6801
20605,6863
20573,6835
20517,6747
20421,6546
20417,6585
20193,6948
20129,6038
19749,6299
19621,6075
19573,6214
19397,6558
19349,6711
19269,6632
19253,6694
19037,6501
19005,6078
18973,6424
18969,6139
18825,5584
18793,12500
18737,6332
18721,5493
18132,4956
18132,5041
18120,5452
18100,5531
18068,11200
17992,5979
17984,5361
17948,5497
17948,5508
17944,11452
17876,6201
17872,5271
17614,5290
17614,5361
17582,5496
17325,5318
17229,5585
17229,5258
17133,4888
17109,5492
16732,5129
16732,4690
16700,5301
16636,5109
16636,4936
16604,4907
16484,4976
16484,5104
16476,9758
16440,5219
16440,4426
16408,4238
16408,4943
16236,4870
16220,4622
16212,4931
16124,4840
16124,4734
16100,4914
16100,4844
16012,4459
16004,4636
26828,9649
26668,10514
26276,9411
26148,9768
25976,9685
25848,9193
25192,8964
25869,10014
25745,9718
25649,9326
25429,10399
25393,9855
25269,9057
25257,8795
25225,9102
25095,9840
24831,9540
24030,8255
23742,8105
23710,8193
22988,8211
22796,8149
22484,7764
22452,7950
22372,7695
21607,8747
21575,7506
21399,6947
21191,7123
21175,7717
21023,8695
20771,7168
20739,7134
20683,7070
20587,7087
20583,7017
20359,7043
20295,7011
19883,6825
19787,6365
19739,5749
19563,6145
19515,6139
19435,5856
19419,5527
19203,5739
19171,5919
19139,5765
19135,5907
18975,5974
18959,5901
18903,5710
18879,5910
18298,5890
18286,5681
18266,6064
18234,6037
18158,5841
18150,5285
18150,5727
18114,5972
18110,5547
18042,5740
18038,5910
17780,5281
17780,5675
17748,5797
17491,5177
17395,5505
17395,5669
17299,5285
17275,5335
16898,5434
16898,5328
16866,4845
16802,5236
16802,5299
16770,4787
16650,5135
16650,5002
16642,4749
16642,4618
16606,5121
16574,5110
16574,4705
16402,5014
16402,4994
16378,4754
16290,4931
16290,5030
16266,4827
16266,4593
27242,10284
27130,11699
27030,11446
26862,10791
26454,10257
26326,11135
26154,10984
26751,10769
26083,10180
26043,9970
25943,10428
25815,10422
25603,10413
25559,9952
25543,10422
25423,10402
25391,10021
25265,9068
24997,9773
24196,8530
24100,8596
23876,8634
23346,8679
22962,8404
22914,9008
22618,8076
22554,7906
21773,7392
21741,7367
21565,7457
21357,7715
21341,8253
21189,7761
20937,7435
20905,8132
20849,7761
20753,7216
20749,7096
20525,7285
20461,7350
20049,6886
19953,6945
19905,5904
19729,6470
19681,6213
19601,6270
19585,5633
19369,6840
19305,6160
19301,6436
19157,5804
19125,13754
19069,6758
19053,6068
18464,5629
18464,5612
18452,5690
18432,6007
18400,5852
18324,5582
18316,5542
18280,6013
18276,6137
18208,6039
18208,5952
18140,5870
17946,5827
17914,11638
17657,6188
17625,5512
17561,5388
17465,5110
17441,5720
17441,5229
17064,5929
17032,5307
16968,5247
16968,4728
16936,5461
16816,5320
16816,4867
16808,5578
16808,11032
16772,5743
16740,4159
16740,5112
16568,5190
16568,4526
16544,5048
16456,5004
16456,4859
16432,5046
27688,10338
27460,12033
27348,11438
27248,10120
27080,11092
26672,9936
27289,10844
27113,11313
26969,10455
26249,10081
26201,10129
26077,9497
25973,9884
25761,9828
25725,9328
25601,10274
25573,9820
25557,9702
25426,10092
24971,9510
24362,8570
24074,8440
23512,8461
23320,8823
23080,7953
22816,7970
22720,7726
22640,8552
21907,7964
21763,7924
21731,7471
21507,7154
21403,7573
21355,6974
21071,6847
21031,6249
21015,6764
20915,6780
20691,6182
20627,6545
20247,6738
20215,6465
20071,6368
19895,6877
19847,6896
19767,6442
19751,5761
19535,6135
19503,6124
19471,6499
19467,6499
19307,6060
19291,5910
19235,5815
19211,5352
18630,5913
18618,5670
18598,6039
18566,5758
18490,6007
18482,6049
18446,5700
18442,6346
18374,5986
18374,6021
18306,6137
18112,5803
18080,5815
17823,5173
17791,5599
17727,5703
17631,5504
17607,5575
17607,12189
17230,5454
17198,4607
17134,4390
17134,4873
17102,4812
16982,5335
16982,5495
16974,4918
16938,5356
16938,10984
16906,5641
16906,4747
16734,5337
16718,5047
16710,5035
16622,5075
16622,5220
16598,4519
27854,10053
27626,11160
27426,11007
27310,11040
26886,10709
26726,9730
27311,10691
27183,10232
26439,9999
26375,10131
26275,9785
26147,9585
25935,9920
25919,9629
25875,9330
25755,9783
25723,9791
25593,9222
25329,9393
24528,9585
24240,8882
24208,8447
23486,8687
23294,8505
22982,8667
22950,8944
22870,8490
22105,7448
21945,7446
21897,7260
21673,7149
21569,7140
21269,7018
21237,7223
21197,7395
21085,7275
21081,7424
20857,7577
20793,7618
20381,7209
20285,7041
20237,7307
20061,7081
20013,7033
19917,7021
19701,6935
19669,6774
19637,5984
19633,6387
19473,6038
19457,5941
19401,5910
19377,5415
18796,5740
18784,5766
18764,5735
18732,5781
18656,5948
18648,6214
18612,6305
18608,6196
18540,5690
18536,6245
18472,6056
18278,5364
18246,5969
17989,5934
17893,5502
17797,5837
17797,5774
17773,5143
17396,5650
17364,5564
17364,5166
17300,5557
17268,5552
17148,4965
17148,5396
17140,5514
17104,5228
17104,5467
17072,5431
16900,4596
16900,5206
16884,5291
16876,4907
16788,5256
16764,5275
16764,4678
16676,5129
16668,5278
16660,4696
26964,9508
26804,11679
26648,11609
26520,10491
25880,10510
25824,9878
26441,10238
26313,10255
26305,9894
26085,10492
26041,10559
25921,9465
25889,9430
25763,9650
25495,9146
24694,8716
24598,9330
24374,9122
23652,8297
23460,8529
23148,7984
23116,8675
23036,8297
22271,8009
22111,7664
22063,8185
21855,7557
21735,7153
21687,6593
21403,6932
21363,6879
21347,6852
21247,6908
21023,6616
20959,7195
20579,6661
20451,6399
20403,6950
20227,6569
20179,6225
20099,6028
20083,6217
19867,5980
19803,6143
19799,5984
19655,6239
19623,5921
19567,5882
19551,5934
18962,5677
18950,5969
18930,6245
18898,5983
18822,6165
18814,6115
18814,12013
18778,6218
18774,5693
18706,5510
18702,5643
18444,5426
18412,5701
18412,5987
18123,5923
18059,12504
17963,5828
17939,5050
17939,5070
17562,4949
17530,5151
17466,11445
17466,6033
17434,5263
17314,5547
17314,5475
17306,5930
17270,5623
17270,5456
17238,5433
17066,5670
17066,5325
17050,5803
17042,5664
16954,9716
16930,5247
16930,4589
16842,5410
16834,5181
16826,10293
16826,5391
16794,4785
16778,4888
26494,9055
26046,10014
25990,10583
25890,10688
25778,9453
25770,9353
26251,9864
26207,9971
26087,9543
26055,9696
25929,9689
25661,9309
24860,9520
24764,9651
24540,9056
23818,8388
23626,8133
23314,8165
23282,8213
23202,8202
22437,7869
22277,8003
22229,7914
22005,7902
21901,8739
21853,8079
21569,7857
21529,7843
21513,7981
21413,7767
21189,7727
21125,7416
20745,6798
20617,7013
20569,6970
20393,6873
20345,6859
20265,6890
20249,7238
20001,6754
19969,6782
19965,6740
19821,7046
19789,7171
19733,6683
19717,7102
19128,6534
19116,6106
19096,6524
19064,6498
18988,6114
18980,6390
18980,6444
18944,6569
18940,6688
18872,6562
18868,6328
18610,6246
18578,6385
18578,6546
18289,6165
18225,6011
18129,5901
18129,5866
18105,5938
17728,5945
17696,5233
17696,5660
17632,5529
17600,11194
17480,5724
17480,5058
17472,5352
17436,5489
17436,5597
17404,5036
17404,5580
17232,5469
17216,4919
17208,5442
17120,5449
17120,5036
17096,5395
17008,5455
17000,5470
16992,4763
16992,5303
16960,5501
16960,4776
16944,5470
16944,5402
16612,4611
26128,9633
26028,10842
25916,10227
25704,10064
25668,10340
26345,10705
26225,10426
26193,10195
26063,10667
25799,9925
24998,9122
24710,9595
24678,9903
23956,8680
23764,8614
23452,8091
23356,8220
23276,8359
22543,7781
22415,8073
22367,7395
22143,7360
22039,7258
21739,7098
21707,7001
21667,7049
21555,7247
21551,7141
21327,6787
21263,7211
20851,6876
20755,6668
20707,6620
20531,6575
20483,6490
20403,5934
20171,6101
20139,6282
20107,5950
20103,6077
19959,6112
19927,6339
19871,5798
19855,6026
19266,5858
19254,5813
19234,6165
19202,5590
19202,5378
19126,5656
19118,6071
19082,6149
19078,6153
19010,6407
19006,6395
18942,6243
18748,5903
18716,6053
18459,5857
18363,11626
18363,6021
18267,5272
18243,5408
18243,5436
17866,5607
17834,5500
17770,10569
17770,5764
17738,5519
17618,5307
17618,4893
17610,5563
17610,5420
17574,5309
17542,5590
17542,5395
17370,5126
17370,10671
17346,5764
17258,4941
17258,5204
17234,5171
17234,5097
17146,5072
17138,9866
17130,5704
17130,5321
17098,5182
17098,5072
17082,5198
17082,4908
16750,5256
26258,9228
26166,10508
26054,10554
25842,10622
25806,10158
26375,11329
26347,10939
26331,10412
26200,10137
25745,10233
25136,9797
24848,8814
24286,9067
24094,9241
23854,8893
23590,9004
23494,8128
23414,8034
22681,8069
22537,8186
22297,7833
22281,7936
22129,7593
21877,7374
21845,7556
21789,7357
21693,7146
21689,7132
21465,7045
21021,6750
20989,6725
20877,6647
20845,6617
20621,6554
20541,6404
20525,6544
20309,6250
20277,6229
20245,6164
20241,6167
20081,6183
20065,6003
20009,6061
19985,6028
19404,5829
19392,6118
19372,5817
19340,6564
19264,6464
19256,6515
19220,6452
19216,6360
19148,6452
19144,6531
18886,6218
18886,11924
18854,6464
18565,5581
18501,5438
18405,5341
18405,5792
18381,5630
18004,5447
17972,5688
17972,5658
17908,5301
17876,5637
17756,5472
17756,5165
17748,5672
17712,5589
17712,5087
17680,5584
17508,5361
17508,5337
17492,5511
17396,5407
17396,5267
17372,5154
17372,5432
17284,5332
17276,5166
17268,10306
17236,5576
17236,4874
17220,5290
17220,5187
16888,4895
16888,10136
16884,5534
16884,5091
16856,5132
25892,8825
25788,10142
25760,9999
25748,9428
25652,9594
25877,11242
25236,9590
24980,9285
24418,9019
24226,9328
23986,9005
23690,8149
23626,8408
22845,8148
22813,8558
22637,8292
22429,7896
22413,7819
22261,8004
22009,7321
21937,7289
21921,7514
21825,7355
21821,7666
21565,7614
21153,7557
21121,7384
21009,7839
20801,7237
20753,7181
20673,7223
20657,7131
20441,7259
20409,6957
20377,6841
20229,6894
20197,6963
20141,6883
20125,6859
19536,6803
19524,6350
19504,6285
19472,5970
19396,5446
19388,5884
19388,5941
19352,5864
19348,6087
19280,5783
19212,5355
19018,5320
18986,5775
18729,6200
18697,6430
18633,6051
18537,5661
18513,6066
18513,5988
18136,5344
18104,11421
18040,5858
18040,5112
18008,5606
17888,5309
17888,5505
17880,11258
17844,5913
17844,5282
17812,5278
17640,4984
17640,5566
17624,10999
17616,5689
17528,4728
17504,4992
17504,5175
17416,5482
17408,10934
17400,5548
17400,4673
17368,5315
17368,5463
17352,5398
17352,5501
17020,9910
17020,5604
17016,5167
17016,4748
16988,5087
16988,10467
16980,5391
16980,5174
25778,8896
25774,11470
25383,10290
24742,9744
25102,9705
24540,8975
24348,8669
24108,8323
23812,8727
23748,8691
22967,8318
22935,8548
22791,8092
22551,7536
22535,7983
22383,7413
22131,7256
22099,7291
22043,7249
21947,7154
21943,7346
21719,7465
21275,7155
21243,7164
21131,7113
21099,7122
20923,6988
20795,7377
20779,7218
20563,7326
20531,7989
20499,7171
20495,6623
20335,6549
20319,6957
20263,6535
20239,6800
19658,6578
19646,6498
19626,6560
19594,6061
19518,6674
19510,6755
19474,6630
19470,7107
19470,7202
19402,6594
19334,7019
19140,6839
19108,6685
18851,6550
18819,6472
18755,6373
18659,6189
18635,6268
18635,6260
18258,5649
18226,5762
18226,6338
18162,5608
18130,5784
18010,5712
18010,5444
18002,5865
18002,5753
17966,5622
17934,11081
17934,5851
17762,5037
17746,5421
17738,5520
17650,5293
17650,5417
17626,5405
17626,5189
17538,10682
17530,5665
17522,5138
17522,5219
17490,5304
17490,5215
17474,5223
17474,5370
17142,4928
17142,5144
17138,5231
17138,4901
17110,10039
17110,5533
17102,4868
17102,5299
17068,5048
25882,9099
25495,10414
24854,9380
24662,8833
24652,9393
24460,8861
24220,8840
23956,8327
23860,8644
23780,8798
23055,9319
22911,7822
22879,7774
22655,8169
22551,8237
22251,8257
22219,7815
22179,7735
22163,7473
22063,7642
21839,7117
21775,7149
21395,6912
21267,7128
21219,7435
21043,7109
20995,7176
20915,7102
20899,7002
20683,6955
20651,6897
20619,6839
20615,6983
20455,6735
20439,6825
20383,6480
20359,6588
19778,6691
19766,6614
19746,6595
19714,6604
19638,6285
19630,6352
19594,6431
19590,6483
19522,6268
19522,6481
19454,6448
19260,5680
19228,6019
18971,6229
18939,5592
18875,5587
18779,5517
18755,5486
18755,5439
18378,4989
18346,5436
18346,5364
18282,5182
18250,5491
18250,5444
18130,5271
18122,5105
18122,5441
18086,4901
18054,5142
18054,5226
17882,5148
17882,5322
17858,5594
17770,4990
17770,5429
17746,5422
17746,5393
17658,5741
17650,5009
17642,5266
17642,5079
17610,5193
17610,5173
17594,4853
17594,5213
17262,5219
17262,4908
17258,10223
17258,5479
17230,4656
17230,4301
17222,4762
17222,4638
17222,4878
26016,9530
25817,9712
25016,9204
24984,9210
25312,9663
24590,9667
24398,8800
24086,8880
24054,8547
23990,8739
23209,8077
23177,8626
23001,7878
22793,7704
22777,7554
22625,7854
22373,8070
22341,8014
22285,7798
22189,7432
22185,7113
21961,7392
21897,7741
21485,6642
21389,7081
21341,6911
21165,7088
21117,6735
21037,6969
21021,7319
20805,7075
20773,6987
20741,6671
20737,6838
20577,6846
20561,7007
20505,6681
20481,6370
19900,6139
19888,6014
19868,6402
19836,6161
19760,6378
19752,6241
19716,6038
19716,5936
19712,6141
19644,6396
19640,6438
19382,5496
19382,5994
19350,6903
19093,6029
18997,5539
18997,5700
18901,5544
18877,5207
18500,5301
18500,5332
18468,5297
18404,5257
18404,5299
18372,5104
18252,5503
18252,5490
18244,4941
18244,4988
18208,5391
18176,5559
18176,5111
18004,5102
18004,4853
17988,4896
17892,5104
17892,6706
17868,4882
17868,5010
17780,4873
17772,4831
17764,4537
17764,4494
17732,5118
17732,5016
17716,5229
17716,5148
17384,4849
17384,5011
17384,4714
17380,4656
17380,5014
17352,5132
17352,4647
26272,9427
26260,9582
26232,10034
26142,10091
26559,10950
25758,9587
25470,9493
25438,10198
24716,8981
24524,8510
24212,8184
24180,9056
24100,9150
23335,8475
23175,7986
23127,7605
22919,7475
22799,8225
22751,7542
22499,7266
22427,7503
22411,7193
22315,7375
22311,7575
22055,7985
21643,7532
21611,7463
21499,7026
21467,6645
21243,6635
21163,6788
21147,6523
20931,6967
20899,6653
20867,6628
20863,6630
20719,6702
20687,7086
20631,6694
20615,6583
20026,6390
20014,6607
19994,6558
19962,6462
19886,6417
19886,6499
19878,6099
19842,6398
19838,6433
19770,6509
19766,6150
19508,6120
19508,6057
19476,6080
19219,6026
19123,5876
19123,6281
19027,6062
19003,5756
18626,5690
18626,5818
18594,5434
18530,5582
18530,5772
18498,5480
18378,5570
18378,5723
18370,5385
18334,5543
18334,5475
18302,5256
18302,5331
18130,5383
18114,5190
18106,5290
18018,5523
18018,4945
17994,4781
17994,5195
17906,5425
17898,4827
17890,4901
17890,5051
17858,4904
17858,5118
17842,5596
17842,5339
17510,10346
17510,4930
17506,4440
17506,4493
17478,5026
26514,9247
26410,10066
26398,9767
27051,10392
26955,10415
26691,10309
25890,9784
25794,9249
25570,9081
24848,9107
24656,9047
24344,8755
24312,8620
24232,8248
23467,8390
23435,8342
23259,8441
23051,7864
22931,8062
22883,7915
22631,7479
22599,7421
22543,7712
22447,7753
22443,7564
22219,7667
21775,7442
21743,7362
21631,7300
21599,7427
21423,7237
21375,7614
21279,6812
21063,7199
21031,7020
20999,6825
20995,6837
20851,6788
20819,6384
20763,6759
20747,6834
20158,6277
20146,6318
20126,6274
20094,6014
20094,5951
20018,7412
20010,6125
19974,5908
19970,5731
19902,5811
19898,5826
19834,5857
19640,5731
19608,5870
19351,6031
19255,5748
19255,5797
19159,6010
19135,5821
19135,6184
18758,5898
18726,5530
18662,5364
18662,6083
18630,5273
18510,5707
18510,5386
18502,5370
18466,5773
18466,5589
18434,5474
18434,5683
18262,5544
18246,5495
18238,5390
18150,5477
18150,5209
18126,5507
18126,5372
18038,5358
18030,5326
18022,5348
18022,5205
17990,5288
17990,5289
17974,5212
17974,5216
17642,10581
17642,5484
17638,4844
17638,5122
26690,9070
26662,10761
26546,10450
27203,10601
27187,10666
27086,10864
26631,10770
26022,10188
25734,9628
25172,9248
24980,9654
24740,8690
24476,8771
24380,8418
24300,8829
23567,8625
23439,8241
23391,8185
23167,7756
23063,7891
23015,7776
22731,7451
22691,7431
22675,7656
22579,7800
22351,7732
22319,7779
21907,7308
21875,7400
21763,7410
21555,7243
21507,7414
21427,7229
21411,7231
21195,6490
21163,6785
21131,6988
21127,6988
20967,6831
20951,6845
20895,6967
20871,7205
20290,6380
20278,6790
20258,6923
20226,7350
20150,7060
20142,6773
20106,6881
20106,6979
20102,6558
20034,6450
20030,6875
19772,6558
19772,6615
19740,6657
19451,6537
19387,6153
19291,6053
19291,6412
19267,6185
18890,6122
18890,6461
18858,5994
18794,6176
18794,6164
18762,5829
18642,6134
18642,6131
18634,5734
18598,5731
18598,5963
18566,5720
18394,5772
18394,6115
18378,5648
18370,5661
18282,5872
18282,5671
18258,5633
18258,5813
18162,5525
18154,5139
18154,5722
18122,5693
18122,5697
18106,5726
18106,5542
17774,5370
17774,4815
17774,5716
17770,5518
26954,9375
26842,10712
26798,10568
27383,10762
27355,10486
27223,11128
27218,10311
26763,10130
26122,9758
25866,9438
25304,8964
25112,9201
24872,8827
24608,8954
24512,8614
24432,8356
23699,8233
23555,8580
23315,8177
23299,8335
23195,8125
22895,7828
22863,8042
22823,7487
22711,7526
22707,7622
22483,7731
22419,7804
22007,7593
21911,8080
21863,7385
21687,7439
21639,7012
21559,7392
21543,7164
21295,6870
21263,6954
21259,7045
21115,6590
21083,6383
21027,6466
21011,6694
20422,5976
20410,6172
20390,6615
20358,6430
20358,6655
20282,6593
20274,6787
20238,6419
20234,6846
20166,6704
20162,6491
20098,6600
19904,6465
19872,6143
19615,6274
19519,6293
19519,6039
19423,6358
19399,6236
19022,5721
19022,6181
18990,5868
18926,5738
18926,6128
18894,6051
18774,5748
18774,6308
18766,5982
18730,5677
18730,5798
18698,5898
18526,5368
18526,5748
18510,5768
18502,5317
18414,5742
18414,5731
18390,5282
18302,5646
18294,5564
18286,5309
18286,5673
18254,5643
18254,5540
18238,5651
18238,5464
17906,5434
17906,5341
17902,5281
17902,5390
26982,9916
26974,10887
27623,11455
27503,12373
27471,12255
27355,11994
27151,12485
26286,10910
26190,10566
25966,10698
25436,9814
25052,10241
25004,11065
24708,9597
24644,8974
23863,9293
23831,9237
23655,8338
23447,8031
23431,8844
23279,8671
23027,8345
22995,8292
22939,7905
22843,7707
22839,7741
22615,7649
22171,7862
22139,8513
22043,7496
21995,8431
21819,7501
21771,7276
21691,7227
21459,6527
21427,6936
21395,6948
21391,6953
21247,6775
21215,6810
21159,6811
21143,7612
20554,6932
20542,6878
20522,6925
20522,6971
20490,6623
20414,6891
20406,6607
20370,5944
20366,6753
20298,6436
20294,5779
20230,6675
20036,6196
20004,6282
19747,5450
19715,5989
19651,5977
19555,6013
19531,5256
19531,5391
19154,5692
19122,5708
19058,5946
19058,5956
19026,12519
18906,6192
18906,5640
18898,5113
18898,5584
18862,5542
18830,5525
18830,5956
18658,6030
18658,11961
18634,6109
18546,5309
18546,5549
18522,4867
18522,5136
18434,5130
18426,5981
18418,5961
18418,5984
18386,5907
18386,6251
18370,6016
18370,5607
18038,5593
18038,5805
18034,5702
27258,9776
27114,10397
27771,11269
27755,10916
27635,10959
27603,11385
27487,11391
27219,11217
26418,9799
26322,9817
26098,9674
25568,9515
25184,9056
25136,9019
24840,9301
24776,9893
23995,8474
23963,8263
23787,8708
23579,8952
23563,8670
23411,8207
23159,8069
23127,7818
23087,7936
22975,8093
22971,8150
22747,8097
22683,7966
22303,7568
22175,7157
22127,7333
21951,7436
21903,7087
21823,7123
21807,7079
21591,7065
21559,7120
21527,7222
21523,7250
21363,7207
21347,7177
21291,7379
21267,7295
20686,7000
20674,6734
20654,6878
20622,6983
20546,6935
20538,6765
20502,6767
20502,6692
20498,6600
20430,6634
20426,6534
20168,6441
20168,6393
20136,6178
19879,5969
19783,5863
19783,5872
19687,5465
19663,5777
19286,5687
19286,5938
19254,5715
19190,5614
19190,5514
19158,5876
19038,6024
19038,5866
19030,5664
18994,5762
18994,6176
18962,6065
18962,6031
18790,5742
18790,5694
18766,5787
18678,5707
18678,5205
18654,5934
18654,5647
18566,5440
18558,5672
18550,11624
18550,6154
18518,5235
18518,5316
18502,5273
18502,5511
18170,5467
27678,9849
27554,11355
28175,11530
27955,10855
27919,10651
27795,10940
27783,11461
27751,10954
27621,10899
27357,11004
26556,10342
26268,10466
26236,10037
25514,9579
25322,9753
25010,9836
24978,8811
24898,8770
24133,8753
23973,9143
23925,9306
23701,8238
23597,8004
23549,8431
23265,8692
23225,8436
23209,8478
23113,8080
22885,7821
22853,7984
22441,7327
22409,7764
22297,7880
22089,7659
22041,7632
21961,7723
21945,7746
21729,7265
21697,7286
21665,7193
21661,7264
21501,7106
21485,6942
21429,6791
21405,6907
20824,7042
20812,6437
20792,6712
20760,6401
20684,6319
20676,6120
20640,6544
20636,6331
20636,5938
20568,6271
20500,6430
20306,5722
20274,6216
20274,6076
19985,6141
19921,6105
19825,5897
19801,5995
19801,5818
19424,5835
19392,5912
19392,5546
19328,6066
19296,6157
19296,6024
19176,6337
19168,6038
19168,6243
19132,6525
19100,6270
19100,6054
18928,6019
18928,6261
18904,6010
18816,5564
18816,6106
18792,11666
18792,5574
18704,5112
18696,5546
18688,5319
18688,5332
18656,5768
18656,5718
18640,5664
18640,11639
18308,5832
27788,9927
27688,11263
28301,11557
28089,10927
28053,12150
27929,11365
27901,11693
27885,10791
27758,10988
27303,10605
26694,10645
26406,10673
25844,10415
25652,9799
25412,9969
25148,9885
25052,8990
24972,8940
24239,9531
24095,9078
24063,8352
23839,8226
23735,8154
23435,8529
23403,8725
23363,8674
23347,7959
23247,8290
23023,7769
22959,7923
22579,7818
22451,8159
22403,8122
22227,7888
22179,7713
22099,7590
22083,7442
21867,7462
21803,6494
21799,6936
21655,7056
21623,6946
21567,6935
21551,7089
20962,6838
20950,6386
20930,6950
20898,6862
20898,6428
20822,6942
20814,6658
20778,6547
20774,6933
20706,6672
20702,6570
20444,6601
20444,6240
20412,6192
20123,5503
20059,5942
19963,5917
19963,5884
19939,5864
19562,5492
19530,5885
19530,5784
19466,5680
19434,5929
19434,6295
19314,12854
19306,6352
19306,5166
19270,5766
19238,5526
19238,5502
19066,5541
19066,5614
19042,5344
18954,5615
18954,5904
18930,5934
18930,5569
18842,5793
18834,5778
18826,5867
18794,5936
18794,5792
18778,5768
18778,5975
18446,5618
18446,5612
18442,5465
27666,9873
28223,12336
28207,12934
28163,11193
28043,11530
28011,12005
27895,10904
27627,12319
26826,11595
26538,11179
26506,11455
25784,10891
25592,10759
25280,9951
25248,9735
25104,9109
24371,9003
24243,8871
24195,8721
23971,8959
23867,8468
23567,8847
23535,9236
23495,8188
23383,8032
23379,8212
23155,8198
22711,8228
22679,8452
22567,7856
22535,7794
22359,7557
22231,7923
22215,7395
21999,7228
21967,7296
21935,7391
21931,7642
21771,7421
21755,7566
21699,7446
21675,7517
21094,7008
21082,7102
21062,6893
21030,6942
20954,6716
20946,6844
20910,6979
20906,6771
20838,6621
20834,6868
20576,6648
20544,6411
20544,6805
20255,6351
20191,6427
20095,6059
20071,6554
20071,6621
19694,6393
19662,6369
19598,6610
19598,6243
19566,6289
19446,6213
19438,6323
19438,6232
19402,6272
19370,6394
19370,6150
19198,6134
19198,5610
19174,6490
19086,6374
19086,5987
19062,5469
19062,6256
18974,6055
18958,5426
18958,5930
18926,5948
18926,5904
18910,6073
18910,5916
18578,5223
18578,5740
18574,5811
18574,6076
18546,5873
18546,5286
18538,5726
27426,9585
28091,11387
28017,10542
27561,10322
26952,9923
26664,9792
26102,9225
25910,9491
25670,9101
25406,8850
25310,8686
25230,9211
24497,8536
24353,8456
24113,8072
24097,8070
23945,8000
23693,7861
23661,8130
23605,8490
23509,7941
23505,7959
23249,7715
22837,7493
22805,7427
22693,7573
22485,7026
22437,7309
22357,7039
22341,7006
22125,6769
22093,6894
22061,6788
22057,6893
21881,6802
21825,6655
21809,6700
21220,6363
21208,6202
21188,6415
21156,6386
21080,6157
21080,6436
21072,6776
21036,6708
21032,13779
20964,6828
20960,6370
20702,6397
20670,6171
20670,5878
20381,5867
20317,5681
20221,5871
20197,5850
20197,5748
19820,5748
19788,5946
19788,5780
19724,6159
19692,6088
19692,6373
19572,6249
19564,6215
19564,6134
19528,6204
19496,6216
19496,6147
19324,6039
19324,5750
19308,6132
19300,5858
19212,5733
19188,11509
19188,6199
19100,5420
19092,5511
19084,5523
19084,5815
19052,5698
19052,5535
19036,5852
19036,5917
18704,5639
18704,5593
18700,5799
18700,5445
18700,5605
18672,5741
18672,5383
18664,5559
18664,5575
27462,9461
28138,10846
27683,10528
27042,10529
26786,9996
26224,9426
26032,9489
25792,9677
25528,8774
25432,8765
25352,9053
24619,8849
24475,8760
24443,8109
24219,8029
24115,7885
24067,8043
23783,8066
23743,8284
23727,8335
23627,8179
23403,7598
23371,7881
22959,7387
22927,7257
22815,7203
22607,7100
22559,7170
22479,7178
22463,7277
22247,7245
22215,7766
22183,7539
22179,7409
22019,7222
22003,7434
21947,7433
21931,7189
21342,7038
21330,6919
21310,7047
21278,6895
21202,6658
21202,6605
21194,6436
21158,6386
21154,6888
21086,6900
21082,7814
21018,7337
20824,7414
20792,6831
20535,7239
20439,7196
20439,6084
20343,6082
20319,6224
20319,6523
19942,6256
19910,6231
19846,6244
19846,12959
19814,6545
19694,5691
19694,5867
19686,5870
19686,5407
19650,5488
19618,5767
19618,5844
19446,6058
19446,5923
19422,5662
19334,12400
19334,5882
19310,5537
19310,5947
19222,5659
19214,5372
19206,5131
19206,5503
19174,5758
19174,5840
19158,7791
19158,5478
18826,5486
18826,5745
18822,5626
18822,5893
18794,5825
18794,5761
18786,5881
27674,9815
28339,12413
28265,11111
28001,10782
27200,11369
26912,10793
26880,10613
26158,9793
25966,9531
25654,9449
25622,9642
25542,9139
24777,8766
24745,9268
24569,9236
24361,8787
24345,8435
24193,8448
23941,9153
23909,8648
23853,8794
23757,8147
23753,8092
23529,7901
23085,7938
23053,8484
22957,7993
22909,8098
22733,7505
22685,7588
22605,7352
22373,7464
22341,7320
22309,7468
22305,7632
22161,7718
22129,7555
22073,7419
22057,7506
21468,7058
21456,6869
21436,7212
21404,6837
21404,6616
21328,7064
21320,7078
21284,6596
21280,7144
21212,7077
21208,6537
21144,6496
20950,6363
20918,6419
20661,6297
20565,6109
20565,6168
20469,6014
20445,6162
20068,5920
20068,6112
20036,6146
19972,6113
19972,5773
19940,6266
19820,6149
19820,5890
19812,6239
19776,6218
19776,5962
19744,6401
19744,6313
19572,5617
19556,5922
19548,6132
19460,5460
19460,5935
19436,5822
19436,5428
19348,5694
19340,5681
19332,5366
19300,5868
19300,5709
19284,5370
19284,5703
19284,5685
18952,5194
18952,5590
18948,5475
18948,5278
18920,5549
18920,5626
28525,10561
28497,12939
28395,11782
28390,11304
27935,10717
27294,10728
27038,10663
26476,10074
26284,9843
26044,9184
25780,9340
25684,9509
25604,9916
24871,8753
24727,8874
24487,8809
24471,9355
24367,8212
24067,8622
24035,8857
23995,7912
23883,8071
23879,7863
23655,8101
23591,8059
23179,8750
23083,7807
23035,7554
22859,8150
22811,7968
22731,7825
22715,7825
22467,7374
22435,7236
22431,7047
22287,7019
22255,7583
22199,7658
22183,7511
21594,7659
21582,6897
21562,7130
21530,7121
21530,6864
21454,6929
21446,7295
21410,6679
21406,6645
21338,6430
21334,6551
21076,6987
21076,6315
21044,6718
20787,6879
20691,6573
20691,6541
20595,6114
20571,6081
20194,5763
20194,5789
20162,5534
20098,5678
20066,6136
20066,5467
19946,5422
19938,5766
19938,5727
19902,5928
19902,5717
19870,5959
19698,5669
19698,6137
19682,6054
19674,12070
19586,6205
19562,5732
19562,5218
19474,5266
19466,5562
19458,5324
19458,5610
19426,5709
19426,5702
19410,5585
19410,5678
19078,5691
19078,5507
19074,5550
19074,5588
19046,5683
19046,5610
19038,5524
28607,10373
28521,11533
28516,11005
28061,11709
27420,10383
27164,9939
26602,9958
26410,9583
26170,9126
25906,9644
25810,9507
25730,9381
24997,8428
24853,8345
24613,8758
24597,9157
24445,9040
24193,8359
24161,8019
24105,8138
24009,7796
24005,7811
23781,7904
23337,7848
23305,8063
23193,7827
23161,7832
22985,7796
22857,7506
22841,7412
22625,7546
22593,7534
22561,7444
22557,7425
22397,6906
22381,7046
22325,6903
22301,7067
21720,7013
21708,7540
21688,7275
21656,7242
21580,7400
21572,6941
21536,6988
21532,6915
21532,7009
21464,6888
21396,6729
21202,6442
21170,6336
20913,6496
20881,6293
20817,6656
20721,6481
20697,6288
20697,6543
20320,5755
20288,6049
20224,6576
20224,6161
20192,6700
20072,6338
20072,6425
20064,6410
20028,6487
20028,6150
19996,5797
19996,6024
19824,6234
19808,6129
19800,5628
19712,6131
19712,6345
19688,5916
19688,5396
19600,6099
19584,6083
19584,6053
19552,5800
19552,6069
19536,5871
19536,5841
19204,5314
19204,5288
19200,5221
19200,5296
19200,5304
19172,5359
19172,5224
19164,5299
19164,5142
28643,10724
28439,12265
28183,11221
27542,11907
27254,10752
26724,10648
26340,10834
26292,10263
25996,10151
25932,9979
25151,9623
25119,9110
24943,8907
24735,9011
24719,9438
24567,10011
24315,8450
24243,8430
24227,8432
24131,9182
24127,8751
23871,8512
23459,8400
23427,7881
23315,8630
23107,8176
23059,8870
22979,8138
22963,8353
22747,7864
22715,7668
22683,8057
22679,7948
22519,7856
22503,7732
22447,7763
22423,7284
21842,7361
21830,7148
21810,6807
21778,6769
21702,7148
21694,6725
21658,6838
21654,6816
21586,6747
21582,6365
21324,6882
21324,6918
21292,6509
21003,6919
20939,6637
20843,6065
20843,6473
20819,6427
20442,6191
20410,5631
20410,5992
20346,5944
20314,5921
20314,5545
20194,5868
20186,5860
20186,5893
20150,5931
20118,5883
20118,6033
19946,5812
19930,5486
19922,6198
19834,6220
19834,6087
19810,5931
19722,6197
19714,6091
19706,6192
19706,5983
19674,6014
19674,5948
19658,5929
19658,6008
19326,5776
19326,12095
19322,6089
19322,5026
19294,5403
19294,5210
19286,5104
19286,5268
19286,5339
19252,5482
19251,5740
27462,10196
27206,10780
26788,10893
26596,10481
26356,10439
26092,10243
25996,9868
25916,9801
25227,8841
25083,10008
24843,9696
24827,8742
24723,8740
24423,9185
24391,9099
24351,9084
24239,8401
24235,8628
24011,8877
23947,10092
23535,8830
23439,8720
23391,8537
23215,8231
23167,8374
23071,7881
22855,8325
22823,7673
22791,7885
22787,8127
22627,8101
22611,8826
22555,8296
22531,7864
21956,7300
21944,7120
21924,7515
21892,7499
21816,7815
21808,7682
21772,7782
21768,7732
21768,7439
21700,7513
21632,6978
21438,6933
21406,6787
21149,6645
21053,6660
21053,6827
20957,7322
20933,6890
20556,6585
20556,6742
20524,6709
20460,6493
20460,5996
20428,6389
20308,6408
20300,6144
20300,6260
20264,6167
20232,6141
20232,5588
20060,6081
20060,6013
20044,5400
19948,6203
19948,5960
19924,5957
19924,5954
19836,6128
19828,5876
19820,5312
19820,5856
19788,5765
19788,5850
19772,5372
19772,5850
19440,5663
19440,5698
19436,5753
19436,5742
19408,5518
19408,6115
19400,6176
19400,12227
19366,6459
19365,5562
19365,5662
19332,5616
19332,5285
26854,10492
26470,11189
26422,10898
26126,10256
26062,10399
25373,10101
25341,9272
25165,9508
24957,9172
24837,9098
24789,9109
24537,8648
24465,9104
24449,9149
24353,8742
24125,8700
24093,8424
23681,8682
23649,8698
23537,8281
23329,8134
23281,7843
23201,7904
23185,8253
22969,8086
22937,8147
22905,7943
22901,7702
22741,7493
22669,7386
22653,7656
22070,7439
22058,7705
22058,7611
22038,7966
22006,7190
21930,7207
21922,7334
21886,7020
21882,7043
21814,7302
21810,6876
21552,6658
21552,6914
21520,6931
21231,6780
21167,6931
21071,6635
21071,6861
21047,6772
20670,6442
20638,6373
20638,6421
20574,6990
20542,6869
20422,6943
20422,6922
20414,7101
20378,6948
20378,7076
20346,6895
20174,6502
20174,6367
20158,6374
20150,6419
20062,6076
20038,5516
20038,5986
19950,5943
19942,5897
19934,5346
19934,5919
19902,5885
19902,5842
19886,5953
19886,5874
19554,6021
19554,5785
19550,5838
19550,5771
19522,6012
19522,6054
19514,5723
19514,6232
19480,6578
19479,5906
19446,6583
19446,6397
19348,6605
19348,6012
19332,6372
19300,6519
26056,9488
25487,9786
25455,9920
25279,9870
25071,9507
24951,9853
24903,9908
24619,10025
24579,9502
24563,10342
24463,10180
24239,8656
24175,8550
23763,8343
23651,8586
23619,8757
23395,8330
23315,8049
23299,7921
23083,8215
23051,8358
23019,8191
22871,8014
22839,8331
22783,7894
22767,8103
22184,7590
22172,7916
22152,7754
22120,8099
22044,7513
22036,7797
22000,7070
21996,7155
21928,7093
21924,7161
21666,7110
21634,7378
21377,7236
21345,7106
21281,7140
21185,7193
21161,7282
20784,6928
20784,6301
20752,7199
20688,7152
20656,6709
20656,7043
20536,6935
20528,6610
20492,6660
20492,6099
20460,6554
20288,6181
20288,6112
20272,6097
20264,6235
20176,6053
20152,6169
20152,5491
20064,6039
20056,6128
20048,6463
20016,5832
20016,6426
20000,6390
20000,6419
19668,5607
19668,5913
19664,5762
19664,6194
19636,6265
19636,6204
19628,6055
19628,6846
19628,6945
19594,6433
19593,6461
19560,6986
19560,6410
19462,6399
19462,6906
19446,6362
19414,6598
19414,5787
19414,5500
19221,5936
19221,5681
19197,5335
19197,5857
19189,6013
24673,8659
24641,8823
24601,8984
24489,8810
24485,9423
24261,8658
24197,8344
23785,8129
23689,8822
23641,8873
23465,8324
23417,8426
23337,7827
23321,8178
23073,8124
23041,8308
23037,8346
22893,8071
22861,7934
22805,7522
22789,7450
22298,7259
22286,7329
22266,7474
22234,7653
22158,7843
22158,7750
22150,7658
22114,7532
22110,7394
22042,7092
22038,7177
21780,6871
21780,6900
21748,6830
21459,6918
21395,6841
21299,7309
21299,7151
21275,7240
20898,7131
20866,6856
20866,6772
20802,6892
20770,7060
20770,6823
20650,6783
20642,6756
20642,6775
20606,6287
20606,6714
20574,6731
20402,6415
20402,6398
20386,5853
20378,6201
20290,5976
20266,6040
20266,5482
20178,5960
20170,5828
20162,5867
20162,5877
20130,5477
20130,5866
20114,5918
20114,5945
19782,5240
19782,5283
19778,5816
19778,5671
19750,5701
19750,5862
19742,6040
19742,5755
19742,6152
19708,6069
19707,6606
19674,6266
19674,6108
19674,6178
19576,5679
19560,6245
19528,6153
19528,6106
19528,6291
19335,6014
19335,5903
19335,5627
19311,6109
19303,6075
19303,5996
24787,8923
24715,9237
24699,9554
24603,8952
24375,8911
24343,8817
23931,8850
23899,8867
23787,8183
23755,8512
23531,8356
23451,8271
23435,8681
23219,8396
23187,7861
23155,7722
23151,7665
22991,7978
22975,7775
22919,8173
22895,7677
22412,7760
22400,7443
22380,7693
22348,7268
22272,7386
22264,7138
22264,7211
22228,7356
22224,7527
22156,7509
22152,7527
21894,7133
21894,7060
21862,7405
21573,7038
21509,7161
21413,7031
21413,6260
21389,6805
21012,6625
21012,6633
20980,6584
20916,6559
20884,6422
20884,6572
20764,6542
20756,6273
20756,6314
20720,6426
20720,6525
20688,6388
20516,6353
20516,6339
20500,6334
20492,6546
20404,6222
20404,6409
20380,6308
20292,5923
20284,6407
20276,6589
20276,6407
20244,6303
20244,6367
20228,6736
20228,6499
19896,6336
19896,6355
19892,6417
19892,6410
19892,6423
19864,5676
19864,6011
19856,6008
19856,5958
19822,6108
19821,6264
19821,6280
19788,5815
19788,6221
19690,6146
19690,6152
19674,5755
19642,6111
19642,6257
19642,5831
19449,5917
19449,5945
19449,5698
19425,5959
19417,5914
24957,9474
24869,10983
24829,10464
24813,10531
24717,10677
24489,10227
24457,10389
24045,9181
24013,9151
23901,9321
23869,8797
23693,8230
23645,9421
23549,9085
23333,8361
23301,8488
23269,8519
23265,8109
23121,8060
23089,8987
23033,9300
23033,8257
23009,8556
22526,8135
22514,8354
22494,8280
22462,8843
22386,8063
22378,7932
22342,7943
22342,8097
22338,8208
22270,8052
22266,8249
22008,7688
22008,7941
21976,7967
21719,7047
21623,6424
21623,7530
21527,7602
21503,7263
21126,7003
21126,7047
21094,7039
21030,7172
21030,7212
20998,7319
20878,7133
20878,7341
20870,7387
20870,6743
20834,6696
20802,6596
20802,6822
20630,6349
20630,6314
20614,6222
20606,6650
20518,6655
20494,6465
20494,6735
20406,6472
20398,6507
20390,6487
20390,6448
20358,6366
20358,6167
20342,6243
20342,5988
20342,6134
20010,5937
20010,5394
20006,5969
20006,5900
19978,5885
19978,5356
19978,5926
19970,5880
19970,5920
19936,5348
19935,5856
19935,5946
19902,5816
19902,5863
19804,5884
19804,5613
19788,6230
19756,6171
19756,6265
19756,6439
19563,6119
25831,9830
25655,11426
25447,9596
25431,9773
25279,10179
25027,9305
24995,9184
24939,9483
24843,9003
24839,8929
24615,9566
24171,9250
24139,9304
24043,9041
23995,9254
23819,8613
23771,8256
23691,8293
23675,8400
23459,9082
23395,9196
23391,8011
23247,8036
23215,8471
23159,8220
23159,8758
23135,8260
22640,7647
22628,7541
22608,7710
22576,8833
22500,8269
22492,7751
22456,7311
22456,7200
22452,7583
22384,7463
22380,7729
22122,7776
22122,7710
22090,7479
21833,7208
21737,7185
21737,7827
21641,6697
21617,6695
21617,7015
21240,6472
21208,6421
21208,6584
21144,6627
21112,6474
21112,6552
20992,6751
20984,6711
20984,6537
20948,6418
20948,6586
20916,6186
20744,6460
20744,6507
20728,5924
20720,6345
20632,6310
20632,6322
20608,6238
20608,6644
20520,6252
20512,6167
20504,6499
20504,6253
20472,6475
20472,6366
20456,6265
20456,6570
20124,6431
20124,6082
20120,5460
20120,6074
20092,6072
20092,5838
20092,6137
20084,5813
20084,5914
20050,5758
20049,5814
20049,5854
20016,6385
20016,8076
19918,7758
19918,5955
19902,5988
26794,10561
26698,12262
26618,11877
26057,11306
25897,11473
25849,10598
25625,10312
25521,10513
25473,10736
25221,10771
25149,10661
25133,10478
25037,10357
25033,10065
24777,9851
24365,9366
24333,10090
24221,9236
24189,8797
24013,8565
23965,9442
23885,9665
23653,8271
23621,8441
23589,8414
23585,8525
23441,9122
23409,8310
23409,8149
23353,8279
23329,8988
22754,8120
22742,7866
22722,7777
22690,7535
22614,7546
22606,7671
22606,7841
22570,7765
22566,7956
22498,7808
22494,7709
22430,7552
22236,7291
22204,7195
21947,7314
21915,10967
21851,10268
21755,7667
21731,9039
21731,7721
21354,7084
21322,6890
21322,7887
21258,8335
21226,7703
21226,7366
21106,9829
21098,8398
21098,7843
21062,6635
21062,7581
21030,7817
20858,6562
20858,6939
20842,6445
20834,6359
20746,6049
20746,7478
20722,6658
20722,6537
20634,6776
20626,6289
20618,6854
20618,6855
20586,6927
20586,6536
20570,6724
20570,6335
20238,6497
20238,6072
20234,5750
20234,6095
20234,5981
20206,5538
20206,5991
20198,5945
20198,7048
20164,6639
20164,6711
20163,7506
20130,6259
28118,10677
28086,12021
27508,11215
27316,13188
27268,10902
26972,11053
26908,10385
26171,9870
26139,9859
25995,9715
25755,9438
25739,10012
25635,9897
25587,9497
25335,9516
25263,9281
25247,8863
25151,8820
25147,9801
24923,8665
24859,10181
24479,8509
24351,8534
24303,8540
24127,9372
24079,8676
23999,8524
23983,8663
23767,8119
23735,8618
23703,8354
23699,8491
23699,8055
23539,7905
23523,7958
23467,8130
23443,8407
22868,7792
22856,7647
22836,7977
22836,7354
22804,7488
22728,7495
22720,8059
22684,7924
22684,7896
22680,8332
22612,7797
22608,7898
22544,8020
22350,7486
22318,8179
22318,8330
22029,7669
21965,7074
21965,7659
21869,8085
21845,7033
21845,7155
21468,6755
21436,7580
21436,7420
21372,9079
21372,10495
21340,11630
21220,7807
21220,6606
21212,6543
21212,6491
21176,7230
21176,8632
21144,6482
21144,6447
20972,6350
20956,6416
20948,6481
20860,6497
20860,6116
20836,6615
20836,6495
20748,6146
20740,6342
20732,6390
20732,6064
20700,6159
20700,6057
20684,6186
20684,6625
20684,6620
20352,6653
20352,6247
20348,5965
30233,11561
30121,13099
30085,12671
29961,12551
29949,12282
29917,12732
29797,12275
29533,12452
28732,11647
28636,11510
28412,11168
27690,10596
27498,11252
27186,10608
27154,10468
27074,10245
26309,9371
26277,9488
26101,9968
25893,9082
25877,9359
25725,9518
25473,9467
25441,8902
25385,8775
25289,8685
25285,9152
25061,9190
24617,8511
24585,8252
24489,8193
24441,8565
24265,8846
24217,8845
24137,8300
24121,7923
23905,7821
23873,7864
23841,8269
23837,8585
23677,8186
23661,8101
23605,7862
23581,7940
23000,7439
22988,7337
22968,7271
22936,7465
22860,7626
22852,7833
22816,7693
22816,7465
22812,7647
22744,7481
22740,7483
22482,7153
22450,7099
22450,7019
22161,6680
22097,6794
22001,6705
22001,6545
21977,6557
21600,6316
21600,6342
21568,6219
21504,6293
21504,6231
21472,6171
21352,6094
21352,6124
21344,6239
21308,6140
21308,6136
21276,6106
21276,6241
21104,6036
21088,6141
21080,6228
20992,5807
20992,6346
20968,5990
20968,5875
20880,5900
20872,5878
20864,5842
20864,6453
20832,6618
20832,6535
20816,6271
20816,6440
20484,6267
30709,11970
30585,14662
30489,12648
30269,12430
30233,12453
30109,12569
30081,12115
30065,12990
29934,12465
29479,12346
28870,11478
28582,11002
28020,10631
27828,11335
27588,11240
27324,10622
27228,10530
27148,10726
26415,9295
26271,9461
26031,9932
26015,9795
25911,9752
25611,9957
25579,9191
25539,9113
25427,8810
25423,8944
25199,8900
24755,8625
24723,8713
24627,8141
24579,8152
24403,8308
24355,8520
24259,8294
24043,8176
24011,7808
23979,7874
23975,7734
23815,7620
23799,7900
23743,7939
23719,8085
23138,8178
23126,8231
23106,7939
23074,7921
22998,7376
22990,7833
22954,7494
22950,7633
22882,8451
22882,8344
22814,8048
22620,7469
22588,8091
22331,7395
22235,6842
22235,6781
22139,6706
22115,6675
21738,6513
21738,6511
21706,6450
21642,6477
21642,6421
21610,6560
21490,6288
21490,6281
21482,6274
21446,6237
21446,6241
21414,6269
21242,6087
21242,6488
21226,6530
21218,6443
21130,6398
21106,6444
21106,6444
21018,6385
21010,6532
21002,6528
21002,6285
20970,6273
20970,6276
20954,6259
20954,6384
20622,6186
20622,6601
20618,6550
30543,11695
30399,13519
30355,12173
30339,12845
30219,12197
30187,12224
30067,12125
29803,11995
29002,11367
28714,11272
28682,10990
27960,10638
27768,10825
27456,10167
27424,10198
27344,10257
26579,9581
26419,9414
26371,10234
26147,9453
26043,9387
25995,9675
25711,9491
25671,9132
25655,9057
25555,9141
25331,9481
25267,9131
24887,8468
24759,8524
24711,9157
24535,8730
24487,8834
24407,8197
24391,8377
24175,7903
24111,7999
24107,8545
23963,8256
23931,8608
23875,7789
23859,8147
23270,7392
23258,7472
23238,8062
23206,8048
23130,7753
23130,8135
23122,7924
23086,7390
23082,7377
23014,7347
23010,7316
22752,7075
22752,7066
22720,7077
22431,6929
22367,6879
22271,7047
22271,6862
22247,6860
21870,6595
21838,6542
21838,6512
21774,6453
21742,6510
21742,6512
21622,6497
21614,6551
21614,6756
21578,6569
21546,6478
21546,6610
21374,6402
21374,6313
21350,6345
21262,6088
21262,6206
21238,6297
21238,6394
21150,6144
21142,5975
21134,5895
21134,5868
21102,5963
21086,5888
21086,6121
20754,5726
20754,5831
20754,5969
20750,5693
20750,6287
30495,11808
30451,12729
30331,12641
30315,12348
30203,12961
29999,13398
29743,13132
29102,12668
28814,12538
28284,11892
27900,11694
27852,11725
27556,10943
27492,10184
26711,10475
26679,9835
26503,10082
26295,10274
26175,10223
26127,9046
25875,9241
25803,9501
25787,9455
25691,8980
25687,8897
25431,9566
25019,9047
24987,9058
24875,8953
24843,8646
24619,9054
24539,9303
24523,8707
24307,8711
24275,8806
24243,9025
24239,8345
24079,8382
24063,7949
24007,7936
23983,7860
23402,7732
23390,7811
23370,8423
23338,8108
23262,7859
23254,8112
23218,8042
23214,7898
23146,7892
23142,8097
23078,8220
22884,7768
22852,7484
22595,7771
22499,7363
22499,7636
22403,6888
22379,7468
22002,6818
22002,6834
21970,6846
21906,6742
21874,7070
21874,6962
21754,6881
21746,6861
21746,6866
21710,6646
21710,6384
21678,6337
21506,6218
21506,6270
21490,6204
21482,6309
21394,6216
21370,6142
21370,6523
21282,6075
21274,6110
21266,6018
21266,6038
21234,6053
21234,6397
21218,6181
21218,6008
20886,5893
20886,5781
20882,5830
20882,5872
20854,5831
20854,5857
30459,11648
30431,12835
30415,12986
30324,12727
29869,12477
29228,11962
28972,12759
28410,12016
28218,11664
27978,11808
27682,10730
27618,10552
26837,10571
26805,10000
26661,9795
26421,10189
26405,9692
26253,9358
26001,9880
25969,9834
25913,9953
25817,10093
25813,9320
25557,9116
25145,9042
25113,9710
25001,9444
24793,8866
24745,9231
24665,9111
24649,9574
24433,9338
24401,8647
24369,8642
24365,8817
24205,9590
24133,9004
24117,8631
23528,8214
23516,8278
23496,7849
23464,8316
23464,8221
23388,8007
23380,7849
23344,7935
23340,7419
23272,7253
23268,7291
23010,7359
22978,7804
22978,7762
22689,7477
22625,7522
22529,7278
22505,7310
22505,7021
22128,7128
22096,6873
22032,7055
22032,6933
22000,7091
21880,6936
21872,6751
21872,6751
21836,6792
21804,6876
21804,6754
21632,6787
21632,7067
21608,6957
21520,7002
21520,7081
21496,7147
21496,6775
21400,6668
21392,6513
21392,6537
21360,6983
21360,6555
21344,6508
21344,6480
21012,6236
21012,6270
21008,6218
21008,6196
20980,5895
20980,5882
20972,5843
20972,5839
20938,5790
20937,5853
29597,11233
29244,11742
28956,12160
28474,11459
28090,11495
28042,10763
27746,10685
27682,11101
26945,10082
26913,9834
26737,10159
26529,9709
26409,9604
26361,9508
26109,9442
26037,9329
26021,9216
25925,9461
25697,9466
25665,9551
25253,9307
25221,9525
25109,9442
24901,9209
24853,9054
24773,8505
24757,8889
24541,8541
24509,8649
24477,8291
24473,8328
24297,8441
24241,8550
24225,8376
23642,8097
23630,7925
23610,7876
23610,7631
23578,7627
23502,7895
23494,8069
23458,7884
23454,8048
23386,7761
23382,8272
23124,7385
23124,7418
23092,7263
22803,7088
22739,7182
22643,7186
22643,7392
22619,7599
22242,7022
22210,7248
22210,7182
22146,7695
22114,7180
21994,7296
21994,7512
21986,7119
21950,7004
21950,7203
21918,6886
21746,6641
21746,6700
21730,6761
21722,6655
21634,6606
21610,6610
21610,6751
21522,6773
21514,6769
21506,6713
21506,6705
21474,6617
21474,6547
21458,6539
21458,6822
21126,6284
21126,5983
21122,5914
21122,5915
21094,5876
21094,5893
21086,5963
21086,5930
21052,5791
21051,5763
21018,6023
21018,6299
21018,5710
28348,10605
28156,11161
27844,10694
27748,10700
27668,10736
27027,10637
26883,10082
26851,9700
26627,9942
26523,9817
26223,9195
26191,9257
26151,9275
26039,9116
26035,9154
25811,8988
25367,9231
25335,8834
25223,8415
25191,8636
25015,8371
24887,8550
24871,8510
24655,8624
24623,8115
24591,8279
24587,8586
24427,8746
24411,8889
24355,8776
24331,8506
23756,8098
23744,8144
23724,8207
23692,8680
23616,8647
23608,8674
23572,8335
23568,8044
23500,7591
23496,7665
23238,7695
23206,8146
23206,7748
22917,7613
22853,7659
22757,7278
22733,7559
22733,7092
22356,6979
22324,6886
22260,7321
22260,6865
22228,6974
22108,7038
22108,7005
22100,7339
22064,7631
22064,7218
22032,7109
21860,6530
21860,6933
21844,7002
21836,6717
21748,6624
21748,6234
21724,6548
21636,6508
21628,6510
21620,6473
21620,6093
21588,6433
21588,6387
21572,6114
21572,6783
21240,6206
21240,6183
21236,6343
21236,6317
21208,6359
21208,6435
21200,5938
21200,6422
21166,6397
21166,6084
21165,6380
21132,6369
21132,6070
21034,6267
21018,6218
21018,6066
20986,5832
27742,10710
27173,10695
27141,10643
26965,10492
26757,10518
26637,11100
26589,10481
26337,10464
26265,10504
26249,9485
26153,9509
25925,9727
25893,9691
25481,9562
25449,9866
25305,9656
25129,8794
25081,8761
25001,9173
24985,9028
24769,8724
24705,8319
24701,8406
24557,8817
24525,9105
24469,8771
24453,8701
23870,8927
23858,8635
23838,8706
23806,8678
23730,7853
23722,7739
23722,7966
23686,8641
23682,8307
23614,8089
23610,7804
23352,7610
23320,7436
23320,7453
23031,7500
22967,8018
22871,7974
22871,7716
22847,8183
22470,7479
22438,6840
22438,7094
22374,6978
22342,6685
22342,6667
22222,6686
22214,7099
22214,7074
22178,7172
22146,7377
22146,7365
21974,7180
21974,7490
21950,6933
21862,6769
21862,7068
21838,7094
21838,6717
21750,6844
21742,6847
21734,6765
21734,6883
21702,6741
21702,6959
21686,6850
21686,6764
21354,6699
21354,6871
21350,6511
21350,6868
21322,6630
21322,6538
21314,6539
21314,6635
21280,6690
21279,6584
21279,6446
21246,6451
21246,6374
21148,6160
21132,6055
21132,6271
21100,6280
21100,6399
20907,6138
27175,10015
26999,10429
26791,10351
26775,10405
26623,9795
26371,10272
26339,9935
26283,9565
26187,9755
26183,9991
25927,8999
25515,8822
25483,9627
25371,9285
25339,8793
25115,8779
25035,8765
25019,9220
24803,9362
24771,8497
24739,8256
24735,8589
24575,8877
24559,8842
24503,8122
24479,8286
23984,8057
23972,8697
23952,8608
23920,8299
23844,7692
23836,7948
23800,8662
23796,11775
23796,10581
23728,7522
23660,7609
23466,7489
23434,7552
23177,7140
23145,7251
23081,7431
22985,7456
22961,7514
22961,7268
22584,6907
22552,7340
22488,7228
22488,7140
22456,7379
22336,7333
22336,6897
22328,7603
22292,7172
22292,7146
22260,6678
22088,6510
22088,6807
22072,6833
22064,7058
21976,7000
21952,6919
21952,6780
21864,6660
21856,6810
21848,6966
21848,6494
21816,6371
21816,6344
21800,6376
21800,6297
21468,6412
21468,6435
21464,6082
21464,6234
21436,6167
21436,6176
21428,6150
21428,6169
21394,6052
21393,5940
21393,5966
21360,6292
21360,6131
21262,5899
21246,5913
21214,6007
21214,5888
21214,5893
21021,5951
21021,5808
21021,6010
26833,9706
26729,9831
26681,9828
26453,11530
26413,9725
26397,9765
26297,9865
26073,9459
26009,9378
25597,9059
25501,9649
25453,9925
25277,9735
25229,8935
25133,8853
24917,9254
24885,8313
24853,8487
24849,8882
24689,9050
24673,9042
24617,8190
24593,8368
24098,7907
24086,8407
24066,8462
24034,8623
23958,7755
23950,7920
23914,7853
23910,7782
23842,8115
23842,8555
23774,8833
23580,7904
23548,8194
23291,7320
23195,7203
23195,7695
23099,7874
23075,7746
22698,8087
22698,7599
22666,7022
22602,7303
22602,6960
22570,6892
22450,6762
22450,6728
22442,6646
22406,6829
22406,6903
22374,6967
22202,6928
22202,7124
22186,7083
22178,7044
22090,6973
22066,7178
22066,7124
21978,6879
21970,7098
21962,7078
21962,6783
21930,7249
21930,7085
21914,6931
21914,6867
21582,6111
21582,6163
21578,6165
21578,6220
21550,6153
21550,6045
21542,6066
21542,6314
21508,6172
21508,6295
21507,6075
21474,6070
21474,5982
21376,6068
21360,6041
21360,5915
21328,5980
21328,6205
21135,5962
21135,6301
21135,6418
21111,6364
21103,6401
21103,6559
26587,9351
26515,11110
26499,10857
26403,10762
26399,10919
26143,10379
25731,9941
25699,10212
25587,9914
25555,9405
25379,8780
25251,9092
25235,8618
25019,8612
24987,9145
24955,9556
24951,9660
24807,8938
24775,8895
24719,8683
24703,8964
24212,8688
24200,8121
24180,7940
24148,7880
24072,7945
24064,8114
24064,8481
24028,8726
24024,8143
23956,8116
23952,7752
23694,7643
23694,7937
23662,8365
23405,7866
23309,7769
23309,7710
23213,7569
23189,7248
22812,7252
22812,6990
22780,6937
22716,6946
22716,6958
22684,7401
22564,7407
22564,7554
22556,7301
22520,7258
22520,7233
22488,7365
22488,7160
22316,7099
22300,7076
22292,7037
22204,7119
22204,6935
22180,6627
22180,6881
22092,6447
22084,6513
22076,6575
22076,6631
22044,6309
22044,6438
22028,6455
22028,6434
21696,6229
21696,6203
21692,6171
21692,6220
21664,6157
21664,6110
21656,6231
21656,6172
21656,6168
21622,6159
21621,6161
21588,6166
21588,6143
21588,6240
21490,5980
21474,6113
21474,6282
21442,6055
21442,6007
21249,6160
21249,6224
21249,6303
21225,6488
21225,6697
26949,9573
26713,10655
26681,10466
26641,10367
26625,11064
26525,10247
26301,10147
26269,10285
25857,9662
25825,9602
25713,10018
25681,10111
25457,9268
25377,9262
25361,9357
25145,9141
25113,8361
25081,8398
25077,8477
24933,9108
24901,8981
24845,8549
24829,8258
24821,8542
24326,8527
24314,8469
24294,8592
24262,7977
24186,7932
24178,7891
24142,8222
24142,8536
24138,8427
24070,8373
24066,7793
24002,7798
23808,7553
23776,7669
23519,7654
23487,7941
23423,7653
23327,7747
23303,7418
23303,7522
22926,7203
22894,7357
22894,7060
22830,6984
22830,6854
22798,6927
22678,6815
22678,7125
22670,7069
22634,7220
22634,7305
22602,7183
22602,7603
22430,7034
22430,7604
22414,7117
22406,7189
22318,6842
22318,7179
22294,6886
22294,6783
22206,6899
22198,6774
22190,6475
22190,6614
22158,6561
22158,6491
22142,6346
22142,6372
21810,6209
21810,6320
21806,6300
21806,6145
21806,6233
21778,6332
21778,6252
21770,6372
21770,6113
21770,6278
21736,6248
21735,6106
21735,6363
21702,6161
21702,6046
21604,6147
21604,6255
21588,6212
21556,6026
28344,10424
28296,11193
27743,11019
27583,10594
27535,10198
27311,10239
27207,10547
27159,10248
26875,9822
26835,10122
26819,9784
26723,9510
26495,10010
26463,9787
26051,9325
26019,9168
25875,9271
25699,9434
25651,8829
25571,8803
25555,9630
25339,9540
25307,9305
25275,9155
25271,9028
25111,8769
25095,8495
25039,9156
25015,9160
24440,9073
24428,8888
24408,8011
24376,8273
24300,8146
24292,8404
24256,8548
24252,8289
24252,8309
24184,7845
24116,7778
23922,7927
23890,8102
23633,7889
23601,8302
23537,7505
23441,7876
23417,7395
23417,7306
23040,6967
23008,7191
23008,7186
22944,7293
22912,7321
22912,7599
22792,7508
22784,7643
22784,7645
22748,7368
22716,7430
22716,6977
22544,7018
22544,7009
22528,6679
22520,6658
22432,6787
22408,6737
22408,6543
22320,6744
22312,6561
22304,6510
22304,6718
22272,6504
22272,6450
22256,6517
22256,6615
21924,6619
21924,6549
21920,6443
21920,6498
21920,6417
21892,6362
21892,6410
21884,6466
21884,6388
21850,6305
21849,6409
21849,6364
21816,6436
21816,6655
21718,6365
21718,6398
21702,6203
28594,10527
28498,11330
28418,11430
27825,11029
27681,10343
27649,10518
27425,10412
27321,9928
27273,10124
26989,10016
26949,9760
26933,9621
26837,10007
26609,9469
26577,9638
26165,9984
26133,9740
26021,9156
25989,9272
25813,9719
25765,9182
25685,9054
25453,9087
25421,9126
25389,9009
25385,8573
25241,8685
25209,8934
25153,9186
25153,9241
25129,9047
24554,9636
24542,8479
24522,8531
24490,8210
24414,8705
24406,8805
24370,9340
24370,9134
24366,8015
24298,8043
24294,8115
24036,8009
24036,8108
24004,8261
23747,7677
23651,8717
23651,8315
23555,8071
23531,8112
23531,7919
23154,7878
23122,7637
23122,7463
23058,7407
23026,7667
23026,7156
22906,7317
22898,6930
22898,6995
22862,6916
22862,7151
22830,7473
22658,7357
22658,7362
22642,7199
22634,7495
22546,7115
22546,7309
22522,7139
22522,6901
22434,7067
22426,7388
22418,6656
22418,6955
22386,6690
22386,6676
22370,6561
22370,6644
22038,6369
22038,6453
22038,6610
22034,6902
22034,6862
22006,6894
22006,7004
21998,7251
21998,7371
21998,7071
21964,6929
21963,7017
21930,6839
30110,11806
29886,12584
29500,12099
29116,12019
29068,11580
28772,11681
28708,12047
27971,11105
27939,10832
27795,10656
27555,10493
27539,10840
27435,10334
27135,9987
27103,10348
27063,9999
26951,9752
26947,10070
26723,9688
26659,9745
26279,10385
26247,9468
26103,9032
25927,9088
25879,9545
25799,8969
25783,9275
25567,8808
25535,9385
25503,9091
25499,8980
25339,8635
25323,8904
25267,9006
25243,8900
24668,8194
24656,8200
24636,8393
24604,8944
24528,8580
24528,8318
24520,8324
24484,8356
24480,8355
24412,8516
24408,8621
24344,7929
24150,8006
24118,8126
23861,7826
23829,7923
23765,7973
23669,8182
23645,7460
23645,7771
23268,7310
23236,7216
23236,7136
23172,7035
23140,7435
23140,7558
23020,7725
23012,7364
23012,7357
22976,7379
22976,7472
22944,7634
22772,6835
22772,7111
22756,6851
22748,6764
22660,6621
22660,6716
22636,7053
22636,7072
22548,7137
22540,7075
22532,7121
22532,7321
22500,6990
22500,7168
22484,7341
22484,6996
22152,6770
22152,6885
22148,6940
22148,6818
22120,6922
22120,6754
22120,6738
22112,6844
22112,6870
31591,12537
31323,14483
30522,13145
30426,12465
30202,12676
29480,12239
29288,11741
28976,11966
28944,11550
28864,11503
28099,10716
27939,10356
27891,10720
27683,10334
27563,10326
27515,10409
27263,9880
27191,9827
27175,10460
27079,9698
26851,9666
26819,10152
26407,9326
26375,9341
26231,9649
26055,9597
26007,9003
25927,8958
25911,9849
25695,9320
25663,8846
25631,9611
25627,9715
25451,9277
25395,8554
25379,8946
24790,8667
24778,8748
24778,8574
24758,8303
24726,8298
24650,8500
24642,8897
24606,8554
24602,8440
24534,8132
24530,8400
24272,9270
24272,8650
24240,7970
23983,7861
23887,7620
23791,7697
23791,8203
23767,8176
23390,7819
23358,7643
23358,7311
23294,7523
23262,7155
23262,7178
23142,7068
23134,7599
23134,8527
23098,7662
23066,7798
23066,7162
22894,7307
22878,7461
22870,6979
22782,6799
22782,6832
22758,6741
22758,7073
22662,6736
22654,6863
22654,7091
22622,6970
22622,7317
22606,7459
22606,7246
22274,7240
22274,6949
22270,6917
22270,6953
22242,7054
22242,7021
22234,7349
22234,6864
22200,6824
22200,7123
22199,6806
30410,11904
30154,12846
29736,13162
29352,12770
29304,12591
29008,12914
28944,12566
28207,11673
28175,11704
27999,11653
27791,10425
27671,11484
27623,10668
27339,10160
27299,10303
27283,11284
27183,10563
26959,11412
26895,10948
26483,10342
26387,10350
26339,10196
26163,10018
26035,10383
26019,10264
25803,9771
25771,9626
25739,9239
25735,8891
25575,8945
25503,9049
25487,8926
24904,8543
24892,9052
24872,9005
24840,9553
24764,9290
24756,8841
24720,8808
24716,8694
24648,8880
24648,9077
24580,8755
24386,8529
24354,8640
24097,8486
24001,8424
23905,7598
23905,8100
23881,7783
23504,7888
23472,8445
23408,8437
23408,8082
23376,7484
23256,7677
23248,7689
23248,7587
23212,7724
23180,8136
23180,8315
23008,7463
22992,7170
22984,7271
22896,7261
22872,6978
22872,6935
22784,6987
22776,6945
22768,6964
22736,6967
22736,7257
22720,7102
22720,7154
22388,6932
22388,6982
22384,6760
22384,6900
22356,7247
22356,7224
22348,7074
22348,7092
22314,7036
22313,6819
22280,6865
22280,6591
22182,6517
22166,6903
22134,6372
22134,7357
22134,6894
21941,6533
28001,11517
27825,12366
27809,10449
27705,10840
27657,10217
27405,10237
27333,11056
27317,10550
27221,10411
27217,9899
26993,9773
26929,10204
26549,9392
26517,9354
26405,9828
26373,9636
26197,9074
26149,9332
26069,10126
26053,9335
25837,9913
25805,10037
25773,9707
25769,9803
25625,10048
25609,9345
25593,8994
25537,10409
25521,9186
25018,9706
25006,8888
25006,8983
24986,8962
24954,9094
24878,9003
24870,9672
24870,8979
24834,8868
24830,8753
24830,8499
24762,9056
24758,8915
24694,8742
24500,8724
24468,8036
24468,8373
24179,8557
24115,8278
24115,8566
24019,7831
23995,8383
23995,8142
23618,8167
23618,8270
23586,7980
23586,8075
23522,7801
23490,7663
23490,7510
23370,7781
23370,8282
23362,8064
23362,7542
23326,7778
23326,7478
23294,7706
23294,8240
23122,7399
23122,7766
23106,9447
23106,8924
23098,8054
23010,8300
23010,8127
22986,7526
22986,7488
22898,7826
22898,8166
22890,8949
22882,8245
22882,7683
22850,7399
22850,7775
22850,8122
22834,8106
22834,7843
22834,6981
22502,6977
22502,6887
22502,7108
22498,7372
22498,7252
32383,14647
32263,15636
32219,14806
32111,18022
32083,13919
31951,13820
31946,14064
31491,13155
30850,12794
30594,12397
30032,12409
29840,12147
29600,12149
29336,11987
29240,11641
29160,11601
28427,11029
28283,11696
28251,10898
28027,11105
27923,10531
27875,11341
27591,11307
27551,10956
27535,10819
27439,10446
27211,9874
27179,10425
26767,10388
26735,9533
26623,9742
26415,10081
26367,9543
26287,9523
26271,10667
26055,9171
26023,9394
25991,9525
25987,9066
25843,9755
25811,9797
25755,10046
25739,9507
25150,9973
25138,8956
25118,8983
25086,9940
25086,9423
25010,9038
25002,8928
24966,9030
24962,9198
24894,8856
24890,12589
24826,12258
24632,10183
24600,9145
24343,8153
24247,9668
24247,9881
24151,8980
24127,8616
24127,8799
23750,8249
23718,8804
23654,8129
23654,8018
23622,8681
23502,7795
23502,8200
23494,9428
23458,10706
23458,8165
23426,8027
23254,7955
23254,8476
23238,8781
23230,7657
23142,7509
23118,7523
23118,7878
23030,7649
23022,7267
23014,7224
23014,7732
22982,7802
22982,7687
22966,7427
22966,7348
22634,7614
22634,6972
22630,7199
32515,14920
32395,18206
32367,14921
32243,15254
32215,14674
32083,15570
31879,14045
31623,14688
30982,14463
30694,13874
30164,13393
29780,12887
29732,12963
29436,13060
29372,12676
28591,12016
28559,11722
28383,11599
28175,11397
28055,11436
28007,11742
27755,11286
27683,11495
27667,11663
27571,10461
27343,10884
27279,11115
26899,10958
26771,10578
26723,10684
26547,11049
26499,11377
26419,10325
26403,10725
26155,9586
26123,10235
26119,10067
25975,9287
25943,9304
25887,9803
25871,8967
25282,8918
25270,9326
25250,9305
25218,8661
25142,8681
25134,8877
25098,8990
25094,8961
25094,8792
25026,8819
24958,8962
24764,8892
24732,8520
24475,8193
24379,8725
24379,8371
24283,8441
24259,8156
23882,8034
23882,8151
23850,8359
23786,7967
23754,8142
23754,8131
23634,7618
23626,7537
23626,7828
23590,8071
23558,7840
23558,8320
23386,7416
23370,7898
23362,7506
23274,7643
23274,7938
23250,7843
23162,7373
23154,7677
23146,7350
23146,7696
23114,8029
23114,8157
23098,7466
23098,7716
22766,7051
22766,7261
22762,7378
22762,7300
22734,7225
22734,7332
22726,7030
32295,13922
32209,14704
32005,14273
31140,13602
31044,14005
30820,13574
30098,12778
29858,12803
29594,13237
29498,12276
29418,12268
28685,12719
28509,11732
28301,11449
28181,11733
28133,11289
27881,11443
27809,11522
27793,10972
27693,10591
27469,10735
27405,11197
26993,9880
26897,10231
26849,10090
26673,9799
26545,9810
26529,9526
26313,9298
26281,9142
26249,9743
26245,9236
26069,9252
26013,9497
25997,9490
25408,8755
25396,8601
25376,8838
25344,8988
25268,8943
25260,8582
25224,8669
25220,8875
25220,8955
25152,8866
25084,8573
24890,8249
24858,8790
24601,8614
24505,8215
24505,8329
24409,7890
24385,7891
24008,7846
23976,8160
23976,7972
23912,7934
23880,7595
23760,7601
23760,7361
23752,7356
23716,7378
23716,7576
23684,7821
23512,7831
23512,7610
23488,7661
23400,7274
23400,7386
23376,7280
23288,7182
23280,7091
23272,7222
23272,7313
23240,7295
23240,7763
23224,7733
22892,7395
22892,7670
22888,7233
22888,7254
22860,7127
22860,6989
22852,6951
22852,6919
22852,6994
22818,7058
22817,7295
22784,7429
22784,7766
22686,7111
22670,7556
29562,11447
29530,12268
29450,12242
28825,11866
28665,11588
28617,11462
28393,11364
28289,12204
28241,11645
27957,10914
27917,11429
27901,10857
27801,10723
27577,10494
27513,10467
27101,10239
27005,9996
26957,9619
26781,9935
26733,9659
26653,9789
26421,9896
26389,9747
26357,9389
26353,9460
26209,9808
26177,9278
26121,9127
26105,9475
25522,8933
25510,8564
25490,8854
25458,8673
25382,8910
25374,8756
25374,8786
25338,8698
25334,8533
25266,8832
25262,8819
25004,8337
24972,8588
24972,8534
24683,8673
24619,8669
24523,8504
24499,8641
24499,8644
24122,8313
24090,7951
24026,7864
24026,8366
23994,8353
23874,7508
23866,7602
23866,7809
23830,8035
23798,7883
23798,7802
23626,7227
23610,7734
23602,7345
23514,7198
23490,7234
23490,7263
23402,7474
23394,7477
23386,7614
23386,7808
23354,7495
23338,7669
23338,7226
23006,7141
23006,6965
23002,6940
23002,6731
22974,6827
22974,6824
22966,7067
22966,7242
22932,7299
22931,7213
22931,6934
22898,7054
22898,7102
22800,7142
22784,7384
22752,6830
22752,7019
22752,6726
22559,7171
22559,6533
28387,10589
28267,12106
28219,11155
28023,10536
27951,11997
27935,11276
27835,11580
27611,10177
27167,10201
27135,9976
27023,10654
26815,10275
26767,10532
26687,10028
26671,10343
26423,10426
26391,9375
26387,9434
26227,9219
26211,9260
26155,9027
25636,8884
25624,9079
25604,8962
25572,8931
25496,8904
25488,8670
25452,9070
25448,9146
25380,8589
25376,9515
25312,9228
25118,9260
25086,8791
24829,8852
24797,9041
24733,8991
24637,8496
24637,8475
24613,8423
24236,8349
24236,8608
24204,8751
24140,8472
24140,7800
24108,7865
24108,7604
23988,7794
23988,7887
23980,7725
23980,7999
23944,7522
23944,7880
23912,7531
23740,7278
23740,7403
23724,7694
23716,7702
23628,7701
23628,8384
23604,7776
23516,7893
23508,7971
23500,7453
23500,7389
23468,7519
23468,7696
23452,7846
23452,7475
23120,7202
23120,7450
23116,7495
23116,7061
23088,7041
23088,7026
23080,6933
23080,7103
23046,7027
23045,7228
23012,7494
23012,7327
23012,7879
22914,7058
22898,7390
22898,7137
22866,7487
22866,6770
22866,6904
22673,6828
22673,6777
22673,6651
22649,6687
28373,10405
28325,12508
28137,11170
28065,10834
28049,10871
27949,10600
27725,10956
27661,10828
27249,10178
27153,10170
27105,10340
26929,10396
26801,10534
26785,9771
26569,9706
26537,9615
26505,10648
26501,9490
26325,9277
26269,9759
26253,10328
25750,9713
25738,9798
25718,9549
25686,9610
25610,8886
25602,9410
25566,9189
25562,9163
25494,10128
25494,9092
25426,9070
25232,9269
25200,9036
24943,8632
24911,8808
24847,8631
24751,8278
24727,8761
24727,8528
24350,8416
24318,8304
24318,8132
24254,8808
24222,8439
24222,7854
24102,8067
24094,8306
24094,8571
24058,7847
24058,7733
24026,7954
24026,7984
23854,8569
23838,7986
23830,7827
23742,7795
23742,7796
23718,7848
23718,7588
23630,7647
23622,7459
23614,7826
23614,7925
23582,7636
23582,7436
23582,7627
23566,7681
23566,7662
23234,7399
23234,7800
23230,7486
23230,7505
23230,7379
23202,7400
23202,7306
23194,7191
23194,7772
23194,7458
23160,8202
23159,7325
23159,7325
23126,7181
23126,7693
23028,7323
23028,6984
23012,7942
22980,7427
22980,7179
22980,7169
22980,7462
22787,7476
28927,11039
28879,12369
28671,12227
28655,12178
28551,11925
28251,11600
28219,11291
28179,11432
28163,11433
28067,11307
28063,11303
27839,11195
27807,11902
27395,10932
27363,10756
27251,11114
27219,10600
27043,10823
26995,10396
26915,10084
26899,10472
26683,10103
26651,10028
26619,10403
26615,10919
26455,10460
26439,9864
26383,9604
26359,9791
25864,9312
25852,9679
25832,9053
25800,9360
25724,9555
25716,8982
25680,9122
25676,9501
25676,9283
25608,8945
25540,9379
25346,9497
25314,8666
25057,8710
24961,8616
24961,8518
24865,8464
24841,8426
24464,8284
24432,8824
24432,8268
24368,8179
24336,8658
24336,8556
24216,8143
24208,8202
24172,7900
24172,7984
24140,8105
23968,8081
23968,8929
23952,7582
23944,7545
23856,7534
23832,7555
23832,7706
23744,7767
23736,7725
23728,7540
23728,7935
23696,7595
23680,7280
23680,7769
23348,7659
23348,7352
23344,7429
23344,7479
23316,7324
23316,7131
23308,7156
23308,7147
23274,7113
23273,7349
23273,7632
23240,7092
23240,7296
23142,7025
23126,7042
23094,7276
23094,7569
23094,7254
22901,7426
22901,7243
28729,11382
28713,12198
28561,12011
28365,11339
28293,11636
28277,11589
28181,11695
27953,11396
27921,11545
27509,10376
27477,10675
27333,10689
27157,10497
27109,10543
27029,10738
27013,10017
26765,10084
26733,9647
26729,9761
26585,9739
26553,9561
26497,9567
26473,9941
25978,9550
25966,9254
25946,9619
25914,9909
25838,9179
25830,8997
25794,9036
25790,9115
25722,9244
25718,9273
25460,8915
25428,9182
25428,8674
25139,8593
25075,8550
24979,8578
24955,8462
24955,8361
24578,8893
24546,8488
24482,8308
24482,8242
24450,8305
24330,8745
24330,8198
24322,7824
24322,8180
24286,8236
24254,8560
24254,8476
24082,8044
24082,7666
24066,7774
23970,8173
23970,8010
23946,8160
23946,7975
23858,7499
23850,7976
23842,8338
23842,7910
23842,7886
23810,7648
23810,7878
23794,8120
23794,7644
23462,7268
23462,7453
23462,7610
23458,7708
23458,7390
23458,7413
23430,7491
23430,7377
23422,7952
23422,7669
23422,7274
23388,7525
23388,7513
23387,7341
23354,7111
23354,7546
23354,6981
23354,7039
23256,7112
23240,7094
23240,7192
23208,7367
23208,7443
29892,11451
29395,12637
29363,12189
29219,11968
29187,11445
28979,11657
28859,11309
28811,11543
28559,11319
28527,11149
28487,11222
28471,11376
28375,10950
28371,11151
28147,10567
28115,10886
27703,10465
27671,10346
27575,11040
27527,10493
27527,10867
27351,10921
27303,10513
27223,11783
27207,10759
26991,10675
26959,10922
26927,10458
26923,9834
26763,9844
26747,9594
26691,9599
26667,10090
26092,9679
26080,9685
26060,9284
26028,9088
25952,9072
25944,9054
25908,9199
25904,9147
25904,9456
25836,9718
25768,9649
25574,9289
25542,9281
25285,9362
25189,9062
25189,8898
25093,10099
25069,12306
24692,8426
24692,8284
24660,8125
24596,8467
24564,8325
24564,8142
24444,7802
24436,7811
24436,8336
24400,8112
24368,8376
24368,8269
24196,7790
24180,7786
24172,7879
24084,8343
24084,8402
24060,7565
24060,7878
23964,7690
23956,7872
23956,8134
23924,8277
23924,8110
23908,7870
23908,8200
23576,7683
23576,8303
23572,8444
23572,8358
23544,7788
23544,7251
23536,7171
23536,7159
23502,7186
23501,7219
23501,7482
23468,7503
23468,7388
23370,7322
23354,7174
30246,11729
30214,12783
30134,12102
29509,11637
29349,12261
29301,11677
29077,11960
28973,11441
28925,12066
28641,12455
28601,12379
28489,11072
28485,11186
28261,10913
28197,11050
27785,11438
27689,10817
27641,10386
27465,10427
27337,10180
27321,10277
27105,10347
27073,10015
27041,10604
27037,9922
26877,9634
26861,9872
26805,9727
26781,10029
26206,9496
26194,9064
26174,9218
26142,9543
26066,9445
26058,9063
26058,9149
26022,10122
26018,10080
25950,9918
25946,9759
25882,8999
25688,8733
25656,8709
25656,9317
25367,8792
25303,8559
25207,8388
25207,9018
25183,8644
25183,8934
24806,8559
24774,8961
24774,9222
24710,8535
24710,8160
24678,8088
24678,8625
24558,8586
24550,8231
24550,7915
24514,8364
24514,7832
24482,9623
24482,8390
24310,8323
24310,8141
24294,8129
24294,8396
24286,8270
24198,8621
24198,8091
24174,7964
24174,7581
24086,7904
24078,8339
24078,8221
24070,8582
24070,8018
24038,8019
24038,8125
24038,7813
24022,8328
24022,8251
23690,7860
23690,7606
23690,7435
23686,7281
23686,7206
23686,7468
23658,7649
23658,7603
23658,7508
33263,14225
33235,15586
33219,14639
33128,14981
32673,14467
32032,13970
31744,14105
31214,13254
30830,13130
30518,12855
30486,13092
30406,12866
29641,12563
29481,12181
29433,11872
29209,12265
29105,12134
28805,12215
28773,11672
28717,11575
28621,11206
28393,11844
28361,11243
27949,10671
27821,11527
27773,11178
27597,11181
27549,10388
27453,10314
27237,10368
27205,10199
27173,10000
27169,10312
27009,9975
26937,9938
26921,10031
26332,9740
26320,9357
26300,9607
26268,9618
26192,9021
26184,9132
26148,9813
26144,9305
26076,9370
26072,9211
25814,9158
25782,9231
25525,8865
25493,8673
25429,8998
25333,9003
25309,8468
24932,8469
24900,8631
24900,8965
24836,8122
24804,8660
24684,8424
24676,8551
24676,8936
24640,8336
24608,7980
24608,8047
24436,8078
24420,8309
24412,8724
24324,7850
24300,7752
24300,7897
24212,8393
24196,8137
24196,8047
24164,7857
24164,7630
24148,8268
24148,8278
23816,8049
23812,7423
23812,7578
23784,7425
23784,8048
23776,8025
23776,8129
23742,7770
23741,7509
23708,7344
23708,7744
23610,7846
23610,8075
23594,7702
23562,7394
30295,12126
29749,12381
29589,12246
29541,12546
29317,12301
29213,12073
28913,11954
28881,12419
28825,12138
28729,12152
28725,11669
28469,11599
28057,10876
28025,11788
27881,11313
27705,11425
27657,10594
27561,10819
27345,10523
27313,10306
27281,10201
27277,10337
27117,9835
27045,9871
27029,10382
26446,9461
26434,9553
26414,9863
26382,9863
26306,9309
26298,9739
26262,9796
26258,9435
26190,9383
26186,9822
25928,9063
25896,8712
25639,8921
25543,9348
25543,9024
25447,8466
25423,8772
25046,8919
25014,8787
24950,8618
24950,8516
24918,8681
24798,8691
24790,8576
24790,8172
24754,8150
24722,8480
24550,8327
24550,8179
24534,7817
24438,7945
24438,7726
24414,7817
24326,8164
24318,7870
24310,8089
24310,7833
24278,7885
24262,7592
24262,7893
23930,8714
23930,7919
23926,7870
23926,7791
23898,7280
23898,7370
23890,7537
23890,7862
23856,7745
23855,8631
23822,7324
23822,7402
23822,7296
23724,7412
23708,7427
23676,7904
23676,7748
23676,7825
23483,7032
23483,7179
23483,7041
23483,7032
23459,7310
23459,7413
23451,7606
23451,7394
23419,7576
28855,10667
28831,12317
28815,11728
28719,12212
28715,12094
28491,12181
28427,11259
28079,11000
28047,11152
27951,10395
27903,10556
27727,10398
27679,10081
27679,10823
27599,9951
27583,10239
27367,10212
27335,9904
27303,9806
27303,10513
27299,9973
27155,9839
27123,10570
27123,9959
27067,9862
27051,10226
26560,9547
26560,9397
26548,9913
26528,10200
26528,9312
26496,9488
26420,9700
26420,9390
26412,9407
26376,9702
26376,9436
26372,9419
26304,9498
26304,9615
26300,9256
26042,9064
26042,9570
26010,9488
25721,8557
25657,8980
25561,9099
25537,8853
25537,8766
25160,8365
25128,8877
25064,8811
25064,8568
25032,8485
24912,8484
24904,8712
24868,8460
24868,7973
24836,8184
24664,8114
24664,8444
24640,8392
24552,8265
24552,8239
24528,7808
24440,7776
24432,8250
24424,8246
24392,8150
24392,7768
24376,7791
24376,7546
24044,7804
24044,8007
24040,7921
24040,8091
24012,7431
24004,7407
24004,7599
23970,7894
23969,7836
23936,8082
23936,7848
23936,7313
23838,7386
23822,7335
23790,7172
23790,7790
23597,7656
23597,7778
23573,7913
23565,7395
29105,11063
29017,12006
28977,11456
28865,11798
28861,11408
28605,11347
28193,11402
28065,10934
28017,11130
27841,11035
27713,10553
27697,10408
27481,10207
27449,10251
27413,10535
27269,10004
27237,10352
27181,9721
26674,9697
26662,9911
26642,9454
26610,9461
26534,10121
26526,9664
26490,9306
26486,9941
26418,9822
26350,9172
26156,9262
26124,9440
25867,8785
25771,8957
25675,10088
25675,8948
25651,8634
25274,8422
25242,9062
25178,8860
25146,8191
25146,8241
25026,8479
25018,8738
25018,9091
24982,8164
24950,8112
24778,8303
24778,8500
24762,8531
24666,8190
24666,8055
24642,7872
24554,8236
24546,8536
24538,8386
24538,8285
24506,7627
24490,8084
24490,8398
24158,8329
24158,7483
24154,7637
24154,7551
24126,7870
24126,8188
24118,8139
24118,7831
24083,7622
24050,7420
24050,7522
24050,7883
23952,8148
23936,7839
23904,7789
23904,7350
23711,7249
23711,7121
23687,7733
23679,7938
23679,7888
23647,7834
23647,7175
23639,7437
23639,7131
23639,7287
23579,7846
23579,7763
23547,7943
23547,7506
23547,7212
23547,7193
23515,7008
23515,7229
27391,9841
27259,10556
27243,10561
27227,9992
27171,10261
27155,10453
26788,9957
26788,10010
26776,9911
26756,9400
26756,9910
26724,9672
26648,9446
26640,10239
26640,9672
26604,9181
26600,9355
26600,9658
26532,9296
26532,9583
26464,10140
26270,9201
26270,9092
26238,9510
26238,9361
25981,8876
25949,8827
25885,9399
25885,9202
25789,8677
25789,8841
25765,8962
25765,9153
25388,8722
25388,8606
25356,8507
25356,9057
25292,8827
25292,8449
25260,8223
25260,8586
25140,8724
25140,8628
25140,8337
25132,8299
25132,8470
25096,8779
25096,8676
25096,8365
25064,8123
25064,8284
24892,8393
24892,8458
24892,8386
24876,7958
24868,7965
24868,8263
24780,8643
24780,8808
24756,8088
24756,8190
24756,8401
24668,8664
24660,8474
24652,7906
24652,7968
24620,7982
24620,8341
24604,8078
24604,8337
24272,7714
24272,7543
24268,7496
24268,7914
24240,8142
24240,8087
24232,7684
24232,8069
24232,7527
24198,7474
24197,7754
24164,7831
24164,8117
24164,7845
24066,7487
24050,7535
24018,7353
24018,7217
24018,7601
23825,7644
23825,7723
23825,7814
29637,11286
29533,12620
29289,11948
29257,11690
29201,11541
29105,11899
29101,11542
28845,11031
28433,11610
28401,11115
28289,11025
28081,10713
28033,10577
27953,11114
27937,10214
27721,10541
27657,10584
27653,10030
27509,10474
27477,9929
27421,10308
27405,10431
26902,9483
26890,9572
26870,10096
26838,9591
26762,9611
26754,9899
26718,9501
26714,9433
26714,9793
26646,9746
26578,9523
26384,9258
26352,9408
26095,9080
26063,8888
25999,9141
25903,8980
25879,8819
25502,8457
25502,8710
25470,8906
25406,8810
25406,8451
25374,8423
25254,8650
25254,8517
25246,8616
25210,8269
25210,8212
25178,8866
25006,8691
25006,8254
24990,8086
24982,8203
24894,8292
24870,8405
24870,8616
24782,8041
24774,7902
24766,8001
24766,8132
24734,8706
24734,8332
24718,7886
24718,7964
24386,7773
24386,8036
24382,8272
24382,8589
24354,7653
24354,7938
24346,7827
24346,8054
24312,7971
24311,8020
24278,7582
24278,7710
24278,7542
24180,7431
24164,7909
24132,7976
24132,8178
24132,7598
23939,7809
23939,7284
23915,7197
23915,7328
23907,7526
23875,7689
23875,7536
29207,11043
29167,11955
29163,11676
28907,11520
28527,11331
28495,11064
28351,10836
28175,11209
28127,10817
28047,10999
28031,10808
27783,10858
27751,10782
27747,10332
27587,10540
27571,10532
27515,10040
27491,10320
27016,9733
27004,9658
26984,10216
26952,9926
26876,9631
26868,10043
26832,9744
26828,9492
26760,10075
26692,9772
26498,9229
26466,9280
26209,9183
26113,9154
26017,8870
25993,9003
25993,9053
25616,8720
25584,8521
25520,8616
25488,9322
25488,9419
25368,8325
25360,8438
25324,8831
25324,8719
25292,8457
25120,8490
25120,8305
25096,8838
25008,8675
25008,8107
24984,8314
24896,8215
24888,8753
24880,8569
24880,8046
24848,8112
24832,8108
24832,8539
24832,8459
24500,8124
24500,7865
24496,8347
24496,8138
24468,8362
24468,8055
24468,7695
24460,7816
24460,7742
24460,7928
24426,8337
24425,8530
24425,7765
24392,7560
24392,7689
24392,7786
24294,8189
24294,7914
24278,7787
24278,8050
24246,7668
24246,7546
24246,7939
24053,7999
24053,8218
24053,7617
24053,7465
24029,7327
24029,7530
24021,7913
23989,7851
23989,7840
23989,7480
29321,11008
29281,11823
29277,12147
29053,11616
29021,11850
28641,11581
28609,11390
28513,11182
28465,11437
28465,10852
28289,11163
28241,10760
28161,10763
28145,11152
27929,10571
27865,10633
27861,10392
27717,10319
27685,10719
27629,10218
27613,10397
27130,10055
27118,9968
27098,10732
27066,10482
26990,9596
26982,9829
26946,9547
26942,9605
26942,10273
26874,9654
26806,9500
26612,9863
26580,9512
26323,9176
26227,9392
26227,9562
26131,8818
26107,8946
25730,9369
25698,9413
25698,8624
25634,8903
25602,9166
25482,9030
25482,8570
25474,8529
25438,8749
25438,8672
25406,8422
25234,8610
25234,8503
25218,8891
25210,8826
25122,8208
25098,8369
25098,8159
25010,8637
25002,8721
24994,8043
24962,8073
24962,8129
24946,8724
24946,8574
24614,8118
24614,8150
24610,7849
24610,8120
24582,8440
24582,8304
24574,7875
24574,7769
24540,7852
24539,8472
24539,8405
24506,8332
24506,8132
24408,7899
24392,8244
24360,7822
24360,8398
24360,7764
24167,7581
24167,7637
24143,7744
24143,7666
24135,8011
24103,7788
24103,7522
24103,7507
24095,7698
24095,7742
28927,10794
28739,10952
28707,11253
28611,11040
28563,10749
28387,11276
28339,10994
28259,11272
28243,10976
28243,11263
28027,10633
27995,11211
27963,11868
27959,11079
27815,10748
27799,10314
27783,10406
27727,10872
27711,10323
27703,10383
27244,10923
27232,9812
27212,10133
27212,10705
27180,10483
27104,10003
27104,9601
27096,10623
27060,9892
27060,9748
27056,9831
27056,11260
26988,10503
26984,10648
26920,10579
26726,10180
26726,10502
26694,10246
26437,9835
26405,9359
26341,9096
26341,9087
26245,9767
26245,9700
26221,9011
26221,9291
25844,9081
25844,8753
25812,8755
25812,9479
25748,9433
25716,8829
25716,9580
25596,9357
25596,9530
25588,8599
25552,8569
25552,8633
25520,9349
25348,8861
25348,8454
25324,8699
25236,8511
25236,8335
25212,8204
25212,8660
25116,8813
25108,9092
25108,8177
25076,8209
25076,8363
25060,8697
25060,8680
24728,7855
24728,7813
24724,7995
24724,8606
24696,8663
24696,8042
24688,7932
24688,7716
24654,8237
24653,8427
24620,8528
24620,7811
24522,7632
24506,7663
24474,8095
24474,8701
24474,8616
24281,7470
24281,7487
30109,11674
30093,12866
29941,12370
29745,12574
29673,12029
29657,12331
29557,12147
29333,12056
28889,11498
28857,12680
28745,11252
28537,11121
28489,11211
28409,11054
28177,11294
28145,10635
28113,12009
28109,11115
27933,10545
27877,10770
27861,10381
27358,10171
27346,10899
27326,9879
27294,10136
27218,10573
27174,9770
27170,10236
27102,10075
27098,9706
26840,9886
26808,10232
26551,9395
26455,9534
26359,9690
26359,9128
26335,9426
25958,9416
25926,8859
25862,8818
25830,8917
25710,9180
25702,8846
25702,8752
25666,9013
25634,9089
25462,8683
25462,8543
25438,8833
25350,9329
25326,8473
25326,8417
25230,8185
25222,8390
25222,8518
25190,8365
25174,8288
25174,8219
24842,8241
24842,8073
24838,8352
24838,8122
24810,7796
24810,8355
24802,8316
24802,8161
24768,8110
24767,7897
24734,8479
24734,8384
24734,8122
24636,8227
24620,7878
24620,8004
24588,8569
24588,8465
24588,8514
24395,7617
24395,7676
24395,7850
24371,8124
24371,8173
24363,8274
24363,8057
24331,8427
24331,8067
24331,8169
24323,8030
24323,8084
24323,8097
24323,8444
24263,8406
28887,10725
28791,11872
28743,11696
28567,11535
28567,11194
28519,11254
28439,11113
28423,11276
28207,11178
28175,11323
28175,11209
28143,10386
28139,11108
27995,10628
27963,10506
27963,10681
27907,10366
27891,10737
27472,10705
27472,10157
27460,10833
27440,10218
27440,10020
27408,10374
27332,9822
27332,10385
27324,10468
27288,9864
27288,11318
27284,9941
27284,9840
27216,10077
27212,9851
27148,10060
26954,10310
26954,9559
26922,9996
26665,9939
26633,9310
26569,9309
26473,9446
26473,9450
26449,9173
26072,9743
26072,9080
26040,8852
25976,9217
25944,9010
25944,8908
25824,9130
25816,9604
25816,9047
25780,8909
25748,8905
25576,9177
25576,8950
25552,8741
25464,8522
25464,9146
25440,8837
25352,8714
25344,8556
25336,8907
25304,9029
25304,8677
25288,9064
25288,9387
24956,8427
24956,9056
24952,8929
24924,8799
24924,7920
24924,8182
24916,8084
24916,8487
24882,8509
24881,8113
24848,7919
24848,8009
24750,8156
24734,8202
24702,7954
24702,7717
24702,7763
24509,7974
24509,8639
24485,8405
24485,7701
24477,7928
24445,7714
24445,7977
24445,8014
29717,11388
29493,13591
29429,12743
29061,12803
28965,12500
28917,12708
28741,12422
28613,12094
28597,12255
28381,12000
28349,12115
28317,12097
28169,11607
28137,11763
28081,11501
28065,12105
27586,10286
27574,10384
27554,11304
27522,10295
27446,10699
27438,10305
27402,10256
27398,10480
27330,9699
27326,10031
27068,10178
27068,10309
27036,10865
26747,9902
26683,10097
26587,10069
26563,10098
26186,8745
26186,9277
26154,9182
26090,8786
26058,9050
26058,9330
25938,8774
25930,8701
25894,9028
25894,9337
25862,8810
25690,8585
25690,9386
25674,9123
25578,8615
25578,8479
25554,8732
25554,8573
25466,8383
25450,8389
25450,8354
25418,9105
25418,8400
25402,8300
25402,8645
25070,9131
25070,8247
25066,8132
25066,8466
25038,8632
25038,8641
25030,8503
25030,8610
24996,8557
24996,8894
24995,8702
24962,8375
24962,8403
24864,8446
24864,8138
24848,8219
24816,8257
24816,8350
24816,8371
24623,8191
24623,7988
24623,7937
24599,7778
24591,7693
24591,7705
24559,7894
24559,8215
24559,8127
24551,7824
24551,7659
24551,8091
24551,7929
24491,8070
24491,8064
28891,10599
28779,11388
28731,11352
28651,11421
28635,10937
28435,11682
28403,10945
28371,11367
28367,10795
28223,10989
28191,11044
28135,10648
28119,10999
27700,10206
27688,10181
27688,10639
27668,10109
27636,10630
27560,10275
27552,10063
27516,10283
27512,9747
27512,9892
27444,10387
27440,9745
27182,9752
27182,9991
27150,9759
26893,9432
26797,9953
26797,9329
26701,9673
26677,10284
26677,9264
26300,9489
26268,9285
26268,9174
26204,9038
26172,9665
26172,9158
26052,8888
26052,9122
26044,9080
26008,9315
26008,9774
25976,9915
25976,8944
25804,8895
25804,8982
25788,9155
25780,8987
25692,9227
25692,9080
25668,8772
25668,9098
25580,9268
25572,9478
25564,8818
25564,9513
25564,9211
25532,8830
25532,9089
25516,9259
25516,9198
25184,8218
25184,8262
25184,8425
25180,8690
25180,8296
25152,8258
25152,7990
25152,8459
25144,8534
25144,8636
25144,8014
25110,8014
25109,8506
25109,8444
25076,8533
25076,8233
25076,8007
24978,8247
24962,8579
24962,8494
24930,7919
24930,8093
24930,8188
24737,8479
24737,8707
24737,7671
24713,7792
24713,7859
30437,11904
30389,13103
30201,12757
30169,12572
30129,12431
30113,12821
30017,12573
29789,12412
29757,12409
29345,12332
29313,11876
29217,12021
29169,11608
28993,11936
28945,11503
28865,11708
28865,11433
28849,11395
28633,11033
28601,11427
28569,10985
28565,11137
28421,11808
28389,11364
28333,11209
28333,11175
28309,10965
27814,10630
27802,10578
27782,10657
27782,10151
27750,10559
27674,10254
27666,9975
27666,10552
27630,10079
27626,10213
27626,10597
27558,10065
27554,10536
27296,10053
27296,9981
27264,10326
27007,9595
26975,9491
26911,9914
26911,9479
26815,10161
26791,10441
26791,10335
26414,10142
26414,9178
26382,10010
26318,8997
26318,9589
26286,9180
26286,9008
26166,9406
26166,9329
26158,9543
26158,9097
26122,8997
26122,9656
26090,9005
26090,9120
25918,9082
25918,8825
25902,9377
25894,9138
25806,8896
25806,9213
25782,9121
25782,8981
25782,9148
25694,8965
25686,8770
25678,8993
25678,8634
25646,8563
25646,8921
25646,9222
25630,9113
25630,9071
25298,8197
25298,8666
25298,8791
25294,8227
25294,8478
25294,9085
25266,8780
25266,8363
25258,8216
34859,15321
34827,18044
34741,17831
34537,16489
34281,16371
33576,16462
33352,16024
32822,15209
32438,15797
32390,14928
32094,14219
32030,14310
31950,14467
31217,13942
31073,13876
30833,13845
30817,13277
30713,13358
30413,13958
30381,13749
30341,13121
30229,13282
30225,12953
30001,13193
29937,12536
29525,12968
29429,12359
29381,12606
29205,12452
29157,12224
29077,11697
29061,12375
28845,11429
28781,12341
28777,11193
28633,11883
28601,11530
28545,11461
28529,11152
27940,11593
27928,11020
27908,10930
27876,10728
27876,11049
27800,10911
27792,10841
27756,10962
27752,10432
27684,10948
27680,10130
27422,10753
27422,10157
27390,10394
27133,10101
27037,9708
26941,9699
26941,10307
26917,9607
26540,9724
26540,10161
26508,9192
26444,9617
26412,9969
26412,9434
26292,9585
26284,9423
26284,8902
26248,9298
26216,9553
26216,8935
26044,8920
26044,9655
26028,9091
25932,9802
25932,9382
25908,9049
25908,8826
25820,9112
25812,8977
25804,8835
25804,8722
25772,8507
25772,9527
25756,9174
25756,8986
25424,8743
25424,8688
25420,8501
25420,8613
25392,8666
25392,8905
25384,8358
34953,15797
34867,18358
34663,16875
33798,15925
33702,15836
33478,15541
32756,14992
32564,14711
32252,13939
32220,13689
32140,13566
31375,13311
31215,13299
31167,13113
30943,12642
30839,12623
30791,12853
30507,12279
30467,12652
30355,12485
30351,12656
30127,13059
30063,12745
29651,11934
29555,12209
29507,12214
29331,12483
29283,12322
29187,11574
28971,12414
28939,11594
28907,12150
28903,11488
28743,11829
28727,11884
28671,11868
28647,11390
28066,11426
28054,10934
28034,11158
28002,10906
27926,10440
27918,11131
27882,11076
27878,11062
27810,10475
27806,10523
27548,10757
27548,10270
27516,10182
27227,9979
27163,9852
27067,9909
27067,10066
27043,10128
26666,9994
26634,10113
26634,9478
26570,9623
26538,9298
26418,9444
26418,9546
26410,9395
26374,9291
26374,9715
26342,9173
26170,9124
26170,9421
26154,9117
26146,9290
26058,9617
26034,9092
26034,9026
25946,9566
25938,9220
25930,8786
25898,9007
25898,9036
25882,8934
25882,8826
25550,9188
25550,8876
25546,8894
25546,8670
25518,9015
25518,8549
25510,8529
25510,9039
25510,9384
25476,8410
25475,8973
25442,8817
33270,14374
33012,16383
32820,14742
32580,15492
32316,14340
32220,21095
32140,17693
31451,13851
31307,13900
31067,13455
31051,13171
30899,13318
30647,13369
30615,13533
30559,12881
30463,13372
30459,13424
30235,13387
29791,12506
29759,12598
29647,11821
29615,12724
29391,12291
29311,11924
29295,12386
29079,12403
29047,12327
29015,11931
29011,12215
28851,11495
28835,11653
28779,11802
28755,12153
28180,11276
28168,11072
28148,10948
28116,10789
28040,11392
28032,10755
27996,10903
27992,11550
27924,10912
27920,11268
27856,10543
27662,10633
27630,10700
27373,10551
27277,10245
27277,10060
27181,9993
27157,10522
26780,9540
26780,9831
26748,9556
26684,9567
26652,10159
26652,9731
26532,9423
26524,9614
26524,9369
26488,9455
26488,10142
26456,9697
26284,9687
26284,9429
26268,9128
26260,9212
26172,9525
26148,8984
26148,9569
26060,9535
26052,9138
26044,8956
26044,9185
26012,9609
26012,8974
25996,9012
25996,9332
25664,8645
25664,8667
25660,8974
25660,9188
25632,8987
25632,8855
25624,8905
25624,8786
25624,8663
25590,9136
25589,9067
25556,8581
25556,8741
25458,8799
32662,13939
32566,15161
32334,15436
32238,14559
32158,14273
31565,13478
31421,14137
31181,13333
31165,13882
31013,14018
30761,12770
30729,12877
30673,12818
30577,12649
30573,13846
30349,12376
29905,12610
29873,12310
29761,13104
29729,12757
29505,12032
29425,11911
29409,11807
29193,11665
29161,11695
29129,11668
29125,11910
28965,12023
28949,11151
28893,11682
28869,11716
28294,11088
28282,10875
28262,11492
28230,10831
28154,10991
28146,10788
28110,10856
28106,10970
28038,11283
28034,10673
27970,10517
27776,10957
27744,10748
27487,10790
27391,10071
27295,10091
27295,10122
27271,10602
26894,9711
26862,10250
26862,9597
26798,9519
26766,9950
26766,9378
26646,9560
26638,9886
26602,9398
26602,9449
26570,9918
26570,9309
26398,9399
26382,9538
26374,9279
26286,9107
26262,10941
26262,9949
26174,9532
26166,9354
26158,9903
26158,9815
26126,9367
26126,9616
26110,9935
26110,9116
25778,9318
25778,9584
25774,9200
25774,9508
25746,9498
25746,9140
25738,9461
25738,8972
25704,8721
25703,9095
25703,8978
25670,8430
25670,8364
25572,8979
25556,8844
25556,8330
25524,8130
32208,13205
31711,14407
31551,14042
31503,13602
31295,13223
31175,13689
31127,13836
30843,12841
30803,13143
30787,12662
30687,13558
30463,13236
30399,13095
30019,12534
29891,13006
29843,12381
29667,12209
29619,12297
29539,12001
29307,12211
29275,11865
29243,12141
29239,11757
29095,11789
29063,11706
29007,11579
28983,11652
28408,11135
28396,10806
28376,11308
28344,11017
28268,10608
28260,11610
28224,10788
28220,11239
28152,10595
28152,10915
28084,10732
27890,10508
27858,10678
27601,9907
27505,10717
27505,9900
27409,9846
27385,10056
27008,9675
27008,9955
26976,9529
26912,9242
26880,9805
26880,9562
26760,9185
26752,9765
26752,9770
26716,9378
26684,9639
26684,10270
26512,8904
26496,9066
26488,9795
26400,8809
26400,9014
26376,9536
26288,8819
26280,8740
26272,9455
26272,9100
26240,8697
26240,8891
26224,9366
26224,8846
25892,8432
25892,9276
25888,8663
25888,8497
25860,8982
25860,9181
25852,8530
25852,8432
25818,8805
25817,9138
25784,8370
25784,9850
25784,9492
25686,8780
25670,9535
25638,9522
25638,8509
25638,8939
25445,8517
25445,8986
25421,8267
42110,21474
41670,22379
41190,22109
41102,21843
40878,21817
40662,21597
40394,20898
39594,21265
38778,19736
38506,19950
38202,19395
37794,18371
37602,18451
37354,18722
37266,18266
36810,17804
36706,17748
36614,17684
36110,18316
35950,16918
35810,18429
35682,18672
34943,18177
34887,18291
34791,18211
34679,17717
34487,17565
34451,17286
34343,16384
34331,15977
34984,16498
34863,16292
34409,15815
33799,15780
33543,15374
33046,14905
32678,15749
32630,15099
32350,14705
32286,14271
31549,13172
31517,13876
31341,13247
31157,12986
31045,13359
30997,13506
30721,13686
30681,12460
30665,12602
30573,12808
30349,13679
30285,12286
29937,12087
29809,12066
29761,11908
29601,12034
29553,12241
29473,11860
29457,11768
29257,11557
29193,12282
29189,12361
29049,11902
29017,11720
28961,11617
28945,11347
28415,11050
28403,10740
28383,10837
28351,11812
28279,10571
28271,11803
28235,11349
28235,11385
28231,11420
28169,10747
28101,10414
27908,10482
27876,10132
27634,9903
27602,9900
27538,9979
27450,9550
27426,9881
27083,9771
27083,9434
27051,9454
26987,9967
26987,9441
26955,9485
26847,9844
26839,9727
41731,20777
41587,22227
41319,21853
40487,21277
39647,19680
39391,19580
39071,19723
38631,19580
38439,19802
38151,20701
38079,20279
37599,20290
37487,19369
37283,18226
36859,18423
36699,18206
36543,17382
36415,16822
35626,16512
35570,16441
35470,17007
35358,17124
35146,16909
35110,16353
34994,15894
34966,15989
34954,15650
34828,16471
34437,16222
33796,15107
34156,15856
33595,15507
33211,15757
33163,14959
32867,14805
32803,14248
32042,13927
31882,13729
31834,13736
31610,13876
31506,14027
31458,14773
31174,14456
31134,14833
31022,13250
31018,13135
30794,13213
30354,12246
30322,13600
30210,13765
30178,13550
29954,13093
29874,12584
29858,12124
29642,11749
29610,11914
29574,11704
29430,12008
29398,11672
29342,11574
29318,12057
28748,11715
28736,11232
28716,11177
28684,11014
28608,11185
28600,10945
28564,10987
28560,11346
28492,10709
28488,11016
28230,10223
28198,10522
27941,10174
27909,10631
27845,10264
27749,9945
27725,10124
27354,10434
27354,10885
27322,10618
27258,9820
27258,9777
27226,9819
27106,9436
27106,9681
27098,9991
27062,9319
27062,9393
27030,9675
26858,9263
26858,9569
39154,18477
38778,19908
38586,20126
38314,18761
38226,18988
37762,18063
37650,18382
37550,18293
37022,17746
36862,18774
36706,18494
36578,17938
35847,18228
35791,18239
35691,18116
35579,17482
35367,17526
35331,16882
35315,17018
35203,16761
35175,18103
35045,16321
34654,15843
34045,15864
33821,15774
33259,16339
33131,15668
32891,15311
32627,15042
33019,15710
32239,15298
32207,14814
32031,14747
31823,14463
31703,14035
31655,14124
31403,13657
31331,13090
31315,13559
31215,13037
30991,13126
30927,14121
30515,12390
30419,12672
30371,12457
30195,12319
30067,12294
30051,12283
29835,11982
29803,12536
29771,13060
29767,12931
29607,12617
29535,11990
29519,11736
28931,10928
28919,11046
28899,12079
28867,11395
28791,11272
28783,11119
28747,11418
28743,11354
28675,11500
28671,10989
28607,10906
28413,11044
28381,10591
28092,10785
28028,10040
27932,10222
27908,10831
27908,10126
27531,10292
27499,9772
27435,10279
27403,10356
27403,9724
27283,10230
27275,10277
27239,9748
27239,10250
27207,9521
27035,10155
27035,9349
27011,9529
26923,9802
26923,9440
26899,9481
26899,10130
26803,9129
26795,9760
37531,17232
37123,17944
36947,17741
36775,17602
36647,17431
35992,16377
35952,16792
35828,16701
35740,17033
35528,16769
35484,16626
35384,17751
35356,17054
35218,16711
35214,16752
34823,16368
34182,15854
33990,15316
33428,15054
33300,15670
33060,14790
32828,14636
32732,14677
32716,14552
32015,13883
31855,14000
31823,13965
31599,13820
31503,13559
31823,14197
31571,13937
31499,13653
31483,13624
31387,13780
31383,14303
31127,13361
30715,13393
30683,13344
30571,13332
30539,12815
30363,12522
30315,12792
30235,12588
30219,12625
29971,12414
29939,12456
29935,12746
29791,12774
29759,12285
29759,12229
29703,12353
29679,11926
29098,11787
29086,11585
29066,11922
29034,11610
28958,11612
28950,11570
28914,11308
28914,12349
28910,11259
28842,12477
28838,11073
28580,11632
28580,11618
28548,11347
28291,10747
28195,11228
28195,10929
28099,10703
28075,11272
28075,10391
27698,10632
27666,10029
27666,10428
27602,10423
27570,9880
27570,10513
27450,9749
27442,10462
27442,9678
27406,10091
27406,10706
27374,9783
27202,10076
27202,9456
27186,9746
27178,9966
27090,9531
27090,10317
27066,9402
27066,9981
38042,17530
37930,19111
37830,18567
37662,18518
37254,18449
37142,17829
36986,18309
36858,18004
36182,17152
36126,17407
36118,17290
35994,17632
35906,17846
35694,17555
35666,16827
35550,18529
35522,18637
35510,17129
35380,17421
35181,17989
34380,17178
34348,17368
34124,16413
33594,16438
33274,16085
33226,15549
32962,15962
32898,15914
32882,15550
32541,14770
32397,14895
32365,14390
32141,13679
32037,13843
31989,13952
31737,14034
31665,13701
31649,13374
31553,14637
31549,13738
31325,13234
31261,13344
30849,13114
30753,12986
30705,13036
30529,12908
30481,13071
30401,13274
30385,12557
30169,12534
30137,12504
30105,12750
30101,12611
29957,12227
29925,11854
29869,12608
29869,11749
29845,12495
29264,11396
29252,12201
29232,11671
29200,11597
29124,11351
29124,11908
29116,11418
29080,12012
29076,11137
29076,11838
29008,10979
29004,12260
28746,11848
28746,11671
28714,11837
28457,11831
28361,11458
28361,11653
28265,11337
28241,11457
28241,11463
27864,10618
27832,10969
27832,9870
27768,9982
27768,10653
27736,9951
27616,10057
27616,9982
27608,9985
27608,10224
27572,9748
27572,10182
27540,9990
40400,19774
40160,21466
39872,21794
39712,21062
39360,21019
39168,21860
38896,21041
38816,20965
38336,20379
38232,20543
38120,20486
38004,20326
37580,19706
37420,19555
37264,18549
37136,17743
36348,17391
36324,17499
36284,17224
36160,17338
36072,16945
35868,16759
35832,17204
35716,17125
35704,17286
35676,16915
35550,16717
35347,16689
34546,16770
35066,16017
34842,16394
34312,15910
33928,15884
33880,15246
33616,15683
33520,15819
33440,15000
32707,14607
32579,14698
32531,14212
32307,13895
32203,14005
32155,14204
31903,14274
31831,13333
31815,13978
31719,14295
31715,14456
31491,14841
31047,12713
31015,12680
30919,12648
30871,12806
30695,12768
30647,14521
30567,12420
30551,12525
30335,12452
30303,12409
30271,12235
30267,12548
30107,12142
30091,12429
30035,12256
30019,12068
29430,11798
29418,11492
29398,12543
29398,12321
29366,12584
29290,11773
29282,11460
29246,11643
29242,11456
29242,11505
29174,11505
29170,11745
28912,11329
28912,11632
28880,11272
28623,11351
28527,10733
28527,11100
28431,11095
28407,10569
28407,10672
28030,10372
27998,10349
27998,10689
27934,10049
27902,10321
27902,10373
43058,22155
42842,22956
42770,22634
42534,22961
41658,22805
41434,21420
40586,20987
40330,20447
40010,20725
39562,20394
39370,21055
39082,19390
39010,19606
38522,19017
38410,19215
38310,19073
37782,18678
37622,18604
37466,17652
37338,18207
36514,20447
36458,17762
36358,17467
36246,17422
36238,17568
36026,17292
35982,17792
35870,17224
36523,18060
36397,17778
36129,18051
35328,17551
35232,17399
35008,16318
34478,16385
34094,15406
34046,16679
33750,16666
33686,16026
33606,16798
32873,16374
32729,15699
32697,14963
32473,14207
32369,14052
32321,14050
32069,14597
31997,14212
31981,13904
31885,14094
31881,14159
31657,13589
31593,13873
31181,13228
31085,12870
31037,13056
30861,12947
30813,12759
30733,16104
30717,19025
30501,12898
30469,13385
30437,13015
30433,13227
30273,13798
30257,13000
30201,12805
30177,12919
29596,12625
29584,12830
29564,12119
29532,12373
29456,12315
29448,12214
29412,12469
29408,12328
29408,11744
29340,12308
29272,12760
29078,11955
29046,11694
28789,11110
28757,11650
28693,11149
28597,11479
28573,11255
28573,11247
28196,11491
28164,10561
28164,10641
28100,10482
28068,11577
43552,23082
43232,24474
43048,23536
42976,23571
42680,23274
41880,22025
41560,21644
40752,22174
40240,21115
40080,21056
39664,19888
39504,20394
39248,20098
39176,20106
38600,18914
38488,19236
38372,18936
37948,18847
37788,18939
37632,18761
37504,18533
36680,18171
36624,18069
36524,17441
36412,17012
36200,17829
36164,17067
36048,17315
36721,18650
36689,17588
36559,18183
36103,17534
35494,16833
35206,17150
34644,17509
34452,16594
34212,16375
33948,16186
33852,16002
33772,16128
33039,15156
32895,15177
32655,14511
32639,15010
32535,14633
32235,14533
32203,14476
32163,15037
32051,14555
32047,13978
31823,13942
31759,13409
31347,13339
31251,13166
31203,13006
31027,13139
30979,12916
30899,13348
30667,12641
30635,12741
30603,12493
30599,12744
30455,12534
30423,12231
30367,12394
30351,12554
29762,11883
29750,12277
29730,11976
29698,12287
29622,12181
29622,11918
29614,11625
29578,12025
29574,11883
29506,11807
29502,11750
29244,11411
29244,11821
29212,11858
28923,11607
28859,11289
28763,11803
28763,11112
28739,10990
28362,11128
28330,10495
28330,11488
28266,10899
28234,10773
28234,11330
28114,10828
43086,22673
43014,24359
42854,23607
41978,22631
41754,22389
40906,21436
40650,21539
40234,22458
39882,20715
39690,20638
39418,21183
39330,20214
38842,19666
38730,20093
38630,19715
38462,19879
38054,19815
37786,18709
37658,19375
36846,17813
36822,18015
36782,18446
36658,17794
36570,17857
36358,17664
36314,17590
36202,18046
36186,17577
36729,18097
36525,18451
36269,18703
35564,17312
35340,16834
34810,16253
34426,16442
34378,16102
34082,16380
34018,15773
33237,15406
33205,15518
33029,15368
32821,15081
32701,15563
32653,15858
32401,14532
32329,14357
32313,14296
32217,13719
31989,14035
31957,14180
31545,13631
31513,13788
31369,13800
31193,13079
31145,13012
31065,13174
31049,13069
30833,13176
30801,13036
30769,12733
30765,12731
30589,12749
30533,12650
30517,12625
29928,12070
29916,11885
29896,12408
29896,11782
29864,12235
29788,11734
29780,11934
29744,12214
29740,12080
29672,12083
29668,12030
29410,11714
29410,12351
29378,12710
29089,12142
29025,11580
28929,11411
28929,11216
28905,11250
28528,10951
28496,10835
28496,10716
28432,10904
28400,10528
28280,10466
28280,10970
28272,10767
28236,10467
42916,22442
42052,24146
41796,23411
40836,22313
40548,22936
40364,21320
39972,20970
39812,21031
39492,20711
39012,19401
38908,19529
38796,19208
38616,19087
38208,18842
38080,19056
37908,18595
37780,18689
36988,18271
36948,18072
36824,18026
36736,18143
36524,17493
36496,17581
36380,17846
36352,17901
36214,17384
36011,16862
36435,17826
35730,16900
35506,16407
34976,16461
34592,16162
34280,15719
34248,15848
34168,15950
33403,15163
33243,14834
33195,14964
32971,15040
32867,14651
32567,14308
32535,14284
32495,14610
32383,13880
32379,14093
32155,15519
31711,13493
31679,13845
31567,13569
31535,12975
31311,13087
31231,13067
31215,13165
30999,13071
30967,12861
30935,13002
30787,12624
30755,12224
30699,12713
30683,12613
30094,12571
30082,12140
30062,12455
30030,13108
29954,12044
29946,12506
29910,11860
29906,12086
29838,12037
29834,11968
29770,11941
29576,11761
29544,11453
29255,11728
29191,11078
29095,11563
29071,10981
29071,10919
28694,11488
28662,11360
28598,10975
28598,10809
28566,11047
28446,10380
28438,10485
28438,11196
28402,10442
28370,10848
28370,10141
28198,10596
28182,10013
28174,10041
39766,19132
39494,21947
39414,20124
39090,19579
38978,19414
38878,19591
38710,19705
38302,19923
38174,18259
38002,18267
37874,18066
37154,17464
37114,17265
36990,18228
36902,17639
36698,18555
36662,17761
36546,18053
36518,18552
36506,17573
36376,17404
35985,17262
35376,17418
35152,16891
34590,15879
34462,15753
34222,15675
34446,15854
34350,16292
34270,16093
33537,14896
33393,14751
33361,14870
33137,15362
33033,14811
32733,14816
32701,15243
32661,14408
32645,13921
32545,14733
32321,14737
32257,14355
31877,14537
31749,14365
31701,14601
31525,13677
31477,13199
31397,13474
31381,13530
31165,12903
31133,12759
31097,12929
30953,13000
30921,13036
30865,13091
30849,12474
30260,12310
30248,12288
30248,12295
30228,12772
30196,12389
30120,12477
30112,11980
30076,12288
30072,13257
30004,12793
30000,11865
29936,12976
29742,11636
29710,11977
29453,11548
29357,11660
29357,11986
29261,12077
29237,11121
28860,10953
28860,10909
28828,11199
28764,11218
28764,10610
28732,11168
28612,10698
28612,10577
28604,10468
28568,11225
28568,10656
28536,10350
28364,10501
28364,10110
28348,10444
28252,10155
28252,10118
39588,18832
39516,20751
39256,19804
39144,19181
39044,19223
38876,19397
38468,18816
38340,19049
38168,19107
38040,19238
37320,18447
37280,18357
37156,18666
37068,18401
36856,18552
36812,19361
36700,17753
36684,17358
36546,17434
36343,17497
35542,17151
35510,17188
35286,17139
34628,15877
34436,15343
34156,15623
34124,15700
34500,16169
33735,15891
33575,15895
33527,15112
33303,15310
33199,15029
33151,15785
32867,14305
32827,15881
32811,15632
32711,14651
32487,14157
32423,14307
32011,13428
31915,13252
31867,13543
31691,13162
31643,13067
31563,13499
31331,13231
31299,15551
31267,15547
31263,14027
31119,13579
31087,13122
31031,13164
31015,15641
30426,16380
30414,13241
30394,14701
30362,12624
30286,12403
30278,17393
30278,12613
30242,12160
30238,12386
30170,12060
30166,12476
29908,12106
29876,13119
29876,12633
29587,12359
29523,12013
29427,12650
29427,11586
29403,11509
29026,11905
28994,11456
28994,11360
28930,11693
28898,12134
28898,11673
28778,11574
28770,11677
28770,11395
28734,11545
28702,15778
28702,11771
28530,11814
28514,11918
28506,11370
28418,11782
28418,16226
28394,11622
28394,11443
39274,19158
39170,22604
39054,21226
38630,19921
38470,19891
38314,20013
38186,19647
37510,20006
37454,19078
37354,22409
37242,20715
37030,18551
36994,19487
36978,18722
36866,17895
36838,18260
36708,18185
36509,17475
35708,18187
35484,16907
35452,18195
34794,16391
34602,15736
34322,15262
34290,15708
34210,15406
33509,15153
33741,15058
33693,15166
33485,15289
33365,15136
33317,14894
33065,15980
32993,15524
32977,15723
32881,15577
32653,15352
32621,14077
32209,13859
32177,13519
32065,13512
31857,14297
31809,14427
31729,14135
31713,15504
31497,13258
31465,14140
31433,14279
31429,13989
31269,14146
31253,13804
31197,13395
31173,13649
30592,13555
30580,13471
30560,13253
30528,12900
30452,13219
30444,13030
30408,13079
30404,13233
30404,12579
30336,12726
30268,11810
30074,13095
30042,12854
30042,12205
29753,11575
29689,11871
29593,11795
29569,11791
29569,11569
29192,11099
29160,11219
29160,11360
29096,10959
29064,10975
29064,12249
28944,10779
28936,11228
28936,11304
28900,11058
28868,10632
28868,11216
28696,10679
28680,10624
28672,10805
28584,10236
28584,10507
28560,10053
28560,10283
28472,10586
39344,18974
39316,20654
39148,20554
38628,20370
38472,19612
38344,20189
37676,19516
37620,18935
37612,18631
37488,18587
37400,18473
37188,18300
37144,18853
37032,18130
37016,18038
36878,17829
36675,18263
36483,18290
35842,17941
35618,17368
35088,18067
34768,16945
34720,16748
34456,16308
34392,16274
33675,15508
34035,16516
33859,15830
33651,16294
33531,15802
33483,16041
33231,15295
33159,14922
33143,15638
33047,15507
33043,15314
32787,14823
32375,14339
32343,14179
32231,14234
32199,14444
31975,13975
31895,14159
31879,14292
31663,13775
31631,13577
31599,13866
31595,13524
31435,13432
31419,13780
31363,13656
31339,13469
30758,13324
30746,12644
30726,12831
30694,12360
30618,12692
30610,13035
30574,12803
30570,13756
30570,13549
30502,12167
30434,12129
30240,11946
30208,12421
29951,11803
29919,11936
29855,11711
29759,11650
29735,11517
29735,11904
29358,11502
29326,11851
29262,11607
29262,11475
29230,11299
29110,11349
29110,11032
29102,11563
29066,11074
29066,11184
29034,11033
29034,10703
28862,10640
28846,10571
28838,10667
28750,11012
28750,10297
28726,10339
28638,10187
28630,10255
28622,10532
39358,18566
38950,21242
38790,20598
38634,19420
38506,20826
37842,18333
37786,18473
37686,17962
37574,18206
37362,17944
37326,18642
37310,19054
37198,19204
37170,18460
37040,18157
36841,18965
36040,18018
35816,16492
35784,16345
35126,15958
34934,16246
34654,15772
34558,16337
34542,15386
33809,14865
33681,15137
34025,14821
33801,14560
33697,15454
33397,14649
33365,14208
33325,14685
33213,14567
33209,14493
32985,14027
32921,14135
32509,14089
32413,13669
32365,14833
32189,14815
32141,14380
32045,13680
31829,13646
31797,13343
31765,13059
31761,13396
31601,13151
31585,12957
31529,12957
31505,13145
30924,12580
30912,12722
30892,12881
30860,12932
30784,12274
30776,12233
30740,12946
30736,12474
30668,12684
30668,12901
30600,12443
30406,12039
30374,11724
30117,11889
30021,11545
30021,11497
29925,11828
29901,12147
29524,12310
29492,11935
29492,11816
29428,11785
29396,11705
29396,11523
29276,11330
29268,10895
29268,11134
29232,10801
29200,11031
29200,10788
29028,10835
29012,11009
29004,11051
28916,11518
28892,10951
28892,11604
28804,10918
28796,11250
28788,10860
28788,11213
28756,11303
28756,11083
38632,18632
38504,19853
37984,19463
37944,20028
37820,18468
37732,18081
37520,18264
37476,17932
37364,19335
37348,19245
37210,19146
37007,18053
36815,17847
36174,17684
35950,17086
35420,17575
35100,16858
35052,17719
34788,17008
34708,16367
34007,16430
33975,15441
33815,15251
33607,15438
33495,14956
33447,15101
33531,15043
33491,15727
33475,15190
33379,15157
33151,15057
33087,14653
32707,14402
32579,14171
32531,14370
32355,14139
32307,14104
32227,14148
32211,14098
31995,13707
31931,13954
31927,13959
31783,13175
31751,13523
31695,13758
31679,13374
31090,12781
31078,12624
31058,12861
31026,12885
30950,12446
30942,12765
30906,13023
30902,12957
30902,12455
30834,12789
30766,12815
30572,13233
30540,12599
30283,12420
30251,11870
30187,12803
30091,12226
30067,12406
29690,12433
29690,11716
29658,12171
29594,11591
29562,12109
29562,11444
29442,12238
29434,11820
29434,12006
29398,11545
29366,11835
29366,11507
29194,12045
29178,10963
29170,11921
29082,11379
29082,11616
29058,11483
28970,11303
28962,11292
28954,11834
28954,10949
28922,11443
28922,11064
28906,11409
28906,11219
28574,10690
28574,10840
37842,18153
37786,20034
37650,19680
37614,18974
37498,19134
37470,18974
37342,18549
37338,18754
36947,18391
36306,17740
36114,17285
35552,16720
35424,17105
35184,16508
34952,16115
34856,15868
34840,16311
34107,15394
33979,15135
33739,15154
33723,14747
33579,15109
33327,14406
33303,14607
33247,14531
33159,14246
33507,15915
33283,14686
32839,14097
32807,14419
32695,14377
32663,14967
32439,14599
32359,14047
32343,14199
32127,14396
32095,14828
32063,13932
32059,13719
31899,14073
31883,14066
31827,13642
31803,13917
31222,13311
31210,12901
31190,13579
31158,13455
31082,13353
31074,13038
31038,12976
31034,13040
31034,13130
30966,13362
30898,13310
30704,12636
30672,12746
30415,12714
30383,12311
30319,12648
30223,11975
30199,12134
30199,12181
29822,12767
29790,11658
29726,12290
29726,12057
29694,11546
29574,11347
29574,12107
29566,11904
29530,11526
29530,12120
29498,11325
29498,11745
29326,11171
29310,11716
29302,11329
29214,11718
29214,11292
29190,11597
29102,11072
29094,11667
29086,11662
29086,11638
29054,11814
29054,11415
29038,11743
29038,11329
28706,11299
28706,11176
28702,10881
28702,11250
37782,18011
37746,19786
37630,18848
37618,18481
37590,18849
37470,18599
37079,18194
36470,17999
36246,27494
36214,18219
35556,16868
35316,16569
35084,17011
34988,16929
34972,16392
34239,16195
34111,15974
33871,16078
33855,16007
33759,15687
33459,15294
33435,14952
33395,15002
33291,15581
33287,14797
33415,15033
32971,15019
32939,14752
32827,15125
32795,15090
32619,14487
32491,14289
32475,14910
32259,14901
32227,14321
32195,14542
32191,14235
32031,13892
32015,13861
31959,13644
31935,13712
31354,14129
31342,13937
31322,13890
31290,14221
31214,14019
31214,13427
31206,13819
31170,13744
31166,13782
31098,14348
31098,13465
31030,13626
30836,13262
30804,13437
30804,14259
30515,12941
30451,13135
30451,12928
30355,12801
30331,12452
30331,12891
29954,11686
29922,12045
29922,13056
29858,13284
29826,12379
29826,12448
29706,12234
29706,11867
29698,12516
29662,11814
29662,12183
29630,12149
29630,12448
29458,11652
29458,11248
29442,11900
29434,11728
29346,11513
29346,11606
29322,11452
29322,11686
29234,11447
29226,11298
29218,11781
29218,11276
29186,11959
29186,11222
29186,11873
29170,11205
29170,11924
38414,19610
38382,20713
38282,19728
38170,20412
37958,20251
37950,20317
37906,19601
37794,20252
37778,19920
37640,19934
37636,23172
37245,18529
36636,19213
36412,18190
36380,18306
35722,16871
35530,17290
35250,17195
35218,17334
35154,16621
34437,16037
34405,15943
34277,15976
34037,15795
34021,15865
34293,16444
34245,16749
33961,15810
33921,15833
33905,16394
33809,15848
33805,15773
33581,15453
33137,14710
33105,15296
33009,14943
32961,14943
32785,15029
32737,14641
32657,14711
32641,14639
32425,14663
32393,15462
32361,14229
32357,14034
32213,13878
32181,13847
32125,14215
32109,14280
31520,13389
31520,13445
31508,13115
31488,14042
31456,13438
31380,12968
31372,13649
31336,13800
31332,13150
31332,13312
31264,13482
31260,13080
31002,12866
30970,13056
30970,13530
30681,12738
30617,12698
30521,12485
30521,12594
30497,12887
30120,12497
30088,12603
30088,12319
30024,12220
29992,12853
29992,12574
29872,12598
29864,12545
29864,11723
29828,12028
29828,11799
29796,11886
29624,11887
29624,12125
29608,11864
29600,12039
29512,11851
29488,11344
29488,12251
29400,11056
29392,11582
29384,11222
29384,11798
39576,19368
39448,21795
39276,20975
39180,20755
38604,20606
38548,19513
38448,19468
38336,20053
38124,19640
38116,21683
38072,19139
37960,18632
37932,19388
37806,19556
37603,18912
37411,18991
36770,18610
36546,18839
36016,17889
35696,17833
35648,17721
35384,17806
35320,17209
34603,17109
34571,16598
34819,16901
34579,16481
34563,16254
34459,16389
34159,16215
34127,16001
34087,16048
34071,16243
33971,15526
33747,15783
33683,15172
33303,14689
33271,14872
33127,14906
32951,14704
32903,14626
32823,14256
32807,14208
32591,14252
32559,14987
32527,14411
32523,14159
32363,14272
32347,14327
32291,14679
32275,14652
31686,14799
31674,14159
31654,13659
31622,13880
31622,14058
31546,14066
31538,13381
31502,13470
31498,13035
31430,13646
31430,13210
31362,13337
31168,13128
31136,13750
30879,12498
30847,13043
30783,12684
30687,12858
30687,12482
30663,12674
30286,12247
30254,12425
30254,12038
30190,12069
30158,11913
30158,12378
30038,11822
30038,11958
30030,11993
29994,12044
29994,12050
29962,11652
29962,12119
29790,11318
29774,12057
29766,11708
29678,11722
29678,12815
29654,11807
29654,11579
29566,11868
40510,20701
40418,22547
40250,21454
39842,20746
39714,20375
39542,20297
39414,20045
38770,19840
38714,20452
38614,20060
38502,19253
38290,18734
38282,19126
38238,19666
38126,18831
38110,19683
37972,19060
37769,18527
37577,18472
36936,18129
36744,17575
36182,17187
36054,18969
35814,17765
36038,18978
35942,18002
35862,18372
35161,16645
35001,16817
34953,16703
34745,16259
34625,16776
34577,16757
34325,16454
34293,15530
34237,15886
34141,15482
34137,16023
33913,16069
33849,16206
33437,15983
33341,15336
33293,14802
33117,15015
33069,15217
32989,14864
32973,14797
32757,14551
32725,14369
32693,15092
32689,14710
32545,14206
32513,14051
32457,13930
32441,13542
31852,13719
31840,13367
31840,13368
31820,14026
31788,13712
31712,13478
31704,14572
31668,13741
31668,13557
31664,14218
31596,13429
31592,12994
31334,13168
31334,13694
31302,13111
31045,14154
30949,12977
30949,12464
30853,12515
30829,13336
30452,12969
30452,12688
30420,12160
30356,12902
30356,13168
30324,12274
30204,12300
30204,12204
30196,12392
30196,12773
30160,12137
30128,12384
30128,11400
29956,11673
29956,11302
29932,11566
29844,11104
41524,21324
41236,23952
41164,22647
40848,21862
40736,21873
40636,22503
40468,21878
40060,20994
39932,21791
39760,21302
39632,20522
38912,20307
38872,20533
38748,20511
38660,20303
38448,19718
38404,19856
38304,19917
38276,20376
38138,18815
37935,19266
37743,18433
37102,17538
36878,17839
36900,19332
36516,17742
36468,17510
36172,17248
36108,17487
35327,16891
35295,16377
35119,16196
34911,16666
34895,16366
34743,16436
34491,16254
34419,15703
34403,15588
34307,15791
34303,15600
34047,16464
33635,15661
33603,15144
33491,15199
33459,15256
33235,15404
33155,15197
33139,14925
32923,14624
32891,14628
32859,14400
32855,14500
32695,14770
32679,14946
32623,14224
32599,14533
32018,14047
32006,14820
31986,13948
31954,13725
31878,13688
31870,13088
31834,13500
31830,13514
31830,13691
31762,13535
31694,13573
31500,13260
31468,13747
31211,12925
31179,13071
31115,12430
31019,12704
30995,13213
30995,12810
30618,12356
30586,12458
30586,12369
30522,12600
30490,12388
30370,12028
30370,12727
30362,12525
30362,12367
30326,12348
30294,12044
30294,12211
30122,11954
30106,12110
30098,11943
30010,11652
30010,12083
41346,21660
41274,23276
41014,24898
40902,21863
40698,22013
40274,22536
40114,21358
39958,20606
39830,20892
39102,20524
39078,19857
39038,20124
38914,20232
38826,20427
38614,20306
38570,19755
38470,19613
38442,19190
38304,19448
38101,19214
37909,19326
37268,18944
37076,18553
36514,17628
36682,18066
36634,18447
36338,19057
36274,17918
36194,17326
35461,16908
35317,16585
35077,16292
35061,17246
34957,16842
34657,16877
34625,17125
34585,16404
34473,16120
34469,16310
34245,15846
34181,16027
33769,15561
33673,15920
33625,15473
33449,15011
33401,15521
33321,15387
33305,15063
33057,15546
33025,14719
33021,14769
32877,14822
32845,14860
32789,14969
32773,14473
32184,13779
32172,14447
32152,14481
32152,13993
32120,14456
32044,14045
32036,13929
32000,14116
31996,14012
31928,14158
31924,13304
31860,13673
31666,13485
31634,13303
31377,13546
31281,13210
31281,12914
31185,13751
31161,13532
30784,12751
30784,13071
30752,12564
30688,12694
30688,12117
30656,12557
30536,12591
30536,12385
30528,12725
30492,11961
30492,12209
30460,12140
30288,11973
30288,12017
30272,11989
30264,12080
30176,12148
30176,11592
41448,21130
41196,22705
41092,22142
40980,21734
40864,21846
40440,20842
40280,20875
40124,20988
39996,20598
39268,19782
39212,19356
39112,19884
39000,19593
38788,19641
38780,20313
38736,19662
38624,19642
38596,19356
38470,18952
38267,19241
37466,18224
37434,17976
37210,17857
36680,18078
36848,18025
36800,18362
36504,18134
36440,18871
35659,16873
35627,17455
35451,17186
35243,16668
35123,16631
35075,16491
34823,16009
34751,16237
34735,16056
34639,15736
34635,15758
34379,16347
33967,15468
33935,15771
33823,15429
33791,15273
33615,15098
33487,15662
33471,15003
33255,15079
33223,15372
33191,14882
33187,15151
33043,15230
33011,15759
32955,15111
32939,14872
32350,14260
32338,14788
32318,14388
32286,14344
32210,14783
32202,14285
32202,14094
32166,13953
32162,14200
32094,13435
32090,14715
31832,13670
31832,14017
31800,13772
31511,13608
31447,14111
31351,13801
31351,13325
31327,13124
30950,12831
30950,12879
30918,12372
30854,12600
30822,12541
30822,12336
30702,12924
30694,12653
30694,12018
30658,12318
30658,12792
30626,12380
30454,12214
30454,12219
30438,12850
30430,11836
30342,11988
30318,12479
41614,20908
41362,21848
41258,21584
41146,21116
41030,21560
40606,20415
40446,22209
40290,22807
40162,20021
39434,20096
39378,20817
39278,19415
39166,19690
38954,19220
38946,19383
38902,18954
38790,18844
38762,18599
38636,18962
38433,18310
37632,17944
37600,17628
37376,17433
37398,17641
37014,17680
36966,17131
36670,17304
36606,17483
35825,16245
35793,16727
35617,16876
35409,16799
35393,16287
35241,15760
34989,15742
34957,15530
34901,15912
34805,15909
34801,15586
34577,15300
34133,15199
34101,14768
34005,15205
33957,16083
33781,16438
33733,15719
33653,15515
33637,15880
33389,15634
33357,15337
33353,15323
33209,15127
33177,15415
33121,15507
33105,14984
32516,14887
32504,14766
32504,14908
32484,13593
32452,13637
32376,13183
32368,13422
32332,13770
32328,13553
32260,13595
32260,13739
32192,13565
31998,13362
31966,13546
31709,12690
31677,12745
31613,12713
31517,12727
31493,12958
31493,12484
31116,12567
31084,12290
31084,12645
31020,12336
30988,12196
30988,12206
30868,11990
30860,11867
30860,12003
30824,12046
30792,11805
30792,12192
30620,11745
30620,12064
30604,11791
30596,11741
30508,11798
41916,23550
41836,24705
41528,22773
41424,24040
41312,23143
41196,22705
40772,23066
40612,21570
40456,21522
40328,22201
39600,21134
39544,20668
39444,19966
39332,21063
39120,20010
39112,19806
39068,20218
38956,19737
38928,20983
38802,20083
38599,20505
38407,20011
37766,19018
38094,19684
37564,19445
37180,18268
37132,18618
36836,18470
36772,18301
35991,18003
35959,17686
35815,17345
35575,17026
35559,17083
35455,16712
35155,16778
35123,16917
35083,17302
34971,16537
34967,16898
34743,17144
34679,16966
34299,16363
34171,15922
34123,15839
33947,16069
33899,15492
33819,15801
33803,15530
33587,15937
33555,15536
33523,15169
33519,15339
33359,15339
33343,15169
33287,15426
33263,15222
32682,14681
32670,14784
32650,15083
32618,14447
32542,14429
32534,14519
32534,14563
32498,14238
32494,14380
32426,14604
32422,14404
32164,13943
32164,14332
32132,14027
31875,13763
31779,13612
31779,14159
31683,13675
31659,13474
31282,13620
31282,13048
31250,13001
31186,13596
31186,13762
31154,13353
31034,13264
31034,12893
31026,13097
31026,12999
30990,13300
30958,12712
30958,12657
30786,13223
30786,12994
30770,12954
42858,23022
42490,24588
42218,24144
42138,23733
41706,23009
41602,23126
41490,22372
41374,22783
40950,21890
40790,21858
40634,22411
40506,22198
39766,20712
39742,20578
39702,20552
39578,19997
39490,21015
39286,19866
39250,20394
39134,21029
39106,20176
39094,19801
38964,21140
39381,21161
38580,19709
38292,19627
38260,19455
37538,19316
37346,18841
37034,18881
37002,18588
36938,18504
36157,17304
36125,17671
35949,16747
35741,17796
35725,17597
35573,17319
35321,16887
35289,17215
35249,16735
35137,17056
35133,16767
34909,16589
34845,16537
34465,15862
34433,16393
34321,15748
34113,16072
34065,14802
33985,15051
33969,15128
33753,14992
33721,16336
33689,15754
33685,15548
33541,15260
33509,14854
33453,16624
33437,15309
32848,14556
32848,14410
32836,14760
32816,14729
32784,14352
32708,14495
32700,14531
32664,14437
32664,14150
32660,14100
32592,14575
32588,14095
32330,14462
32330,13860
32298,14156
32041,13809
32009,14146
31945,13479
31849,13775
31825,14072
31825,13867
31448,13868
31416,13156
31416,13147
31352,13463
31320,12966
31320,12688
31200,13505
31200,13557
31192,13165
31156,12887
31156,13126
44940,25349
44716,26200
43968,25431
43712,25364
43392,24192
43272,24867
42752,23578
42480,24902
42400,23956
41920,23651
41816,22703
41704,23202
41588,22490
41164,23066
41004,22501
40848,21444
40816,22242
40688,21347
39908,20794
39868,20504
39744,20272
39664,20207
40145,21025
40109,20699
40093,21313
39973,21577
39941,21276
39815,20731
39611,20879
39355,21252
38714,19778
38458,19333
37896,18821
37704,18921
37464,19037
37200,18682
37168,18586
37088,18573
36323,18058
36163,17374
36115,17336
35907,17156
35787,16845
35739,16652
35487,17133
35415,16920
35399,17925
35303,18392
35075,17403
35043,17204
34631,16555
34599,16342
34487,16964
34455,16250
34231,16141
34151,15279
34135,15826
33919,15298
33887,15803
33855,15557
33851,16521
33691,16121
33675,15591
33619,16055
33595,15982
33014,15386
33002,15087
32982,15197
32950,15611
32874,15116
32866,15286
32830,14881
32826,15387
32826,14856
32758,15137
32690,14913
32496,14562
32464,14256
32464,14799
32175,14020
32111,13889
32015,14137
31991,14022
31991,14020
31614,13596
31582,13546
31582,13185
31518,13166
31486,13005
31486,13270
31366,13644
31358,13501
46234,26196
46030,27997
45230,26672
44910,25776
44158,25939
43646,25630
43486,24908
43134,24528
42910,24028
42654,24125
42582,25449
42094,23673
41894,23851
41778,22838
41354,23005
41194,22648
41038,21905
40910,22619
40098,21142
40042,21281
39942,21612
39830,21435
40523,22196
40303,22078
40259,21519
40139,21268
40107,21194
39981,21125
39713,20322
38912,19988
38816,19367
38592,20601
37870,19340
37678,19039
37366,19673
37334,18136
37254,18709
36489,18288
36329,18291
36281,17947
36073,18453
35953,17065
35905,17168
35621,17497
35581,17733
35565,17025
35465,17635
35241,16967
35177,16500
34797,15863
34765,16151
34621,16006
34445,16001
34397,15878
34317,15595
34301,15829
34085,15439
34053,15701
34021,15297
33873,15991
33841,15463
33785,15256
33769,15821
33180,14463
33168,14801
33148,15074
33148,15154
33116,14916
33040,14404
33032,14757
32996,15511
32992,14579
32924,14236
32920,14824
32662,14201
32662,15010
32630,14088
32373,14014
32277,13996
32181,14053
32181,14219
32157,13919
31780,13799
31748,13508
31748,13772
31684,14417
31652,12885
31652,13628
31532,12920
31524,13160
31524,13446
31488,13408
45272,25443
44952,26823
44300,26187
43788,25225
43628,24800
43276,25185
43052,24139
42796,24542
42724,23692
42148,24525
42036,22554
41920,23660
41496,22236
41336,22897
41180,22202
41052,21806
40264,20821
40208,20552
40108,22761
39996,20943
39784,21019
39748,21760
40317,21666
40305,23367
40273,22453
40143,21556
39687,20829
39078,20605
38790,20524
38228,20543
38036,20015
37796,18698
37532,20035
37436,19080
37356,19550
36623,18685
36479,17900
36239,17146
36223,18060
36071,17191
35819,17633
35787,17183
35731,18025
35635,18481
35631,16853
35375,17341
34963,16500
34931,16201
34787,17401
34611,17245
34563,16162
34483,16059
34467,16554
34251,15555
34219,15960
34183,15897
34039,16036
34007,15390
33951,15186
33935,15562
33346,15540
33334,15316
33314,15244
33282,15027
33206,15294
33198,14714
33162,15266
33158,15569
33158,15317
33090,15000
33022,14577
32828,15045
32796,14458
32539,14299
32443,15102
32443,14486
32347,13699
32323,13907
31946,13114
31914,13517
31914,14294
31850,14053
31818,13229
31818,13395
31698,13457
31690,13084
31654,13564
31654,13128
31622,13368
31450,12987
31450,13085
31434,12866
43586,23309
43290,25657
42890,24920
42810,24391
42370,23792
42266,23489
42142,23475
41974,22819
41566,23366
41438,23230
41266,22305
41138,22344
40406,21241
40366,22439
40242,21601
40154,20964
39942,21085
39914,21944
39798,20864
39770,20348
39632,20887
39628,21205
39853,20693
39212,19846
38956,20421
38394,19705
38010,19455
37962,18952
37666,23396
37602,19086
36821,18970
36789,18672
36613,18530
36405,18186
36285,18315
36237,17503
35985,17600
35913,17171
35897,17939
35801,17895
35573,17489
35509,18238
35129,18064
35001,16906
34953,17100
34777,16726
34729,16087
34649,16593
34633,15954
34385,15748
34353,15877
34349,16185
34205,16013
34173,16340
34117,15477
34093,16342
33512,15289
33500,14870
33480,15142
33448,15217
33372,14884
33364,15320
33328,15071
33324,15554
33256,14854
33252,15752
33188,15078
32994,14903
32962,14873
32705,14373
32609,14013
32513,14667
32513,14095
32489,14433
32112,17468
32080,14521
32080,14056
32016,13815
31984,13111
31864,12809
31864,13027
31856,12758
31820,12958
31820,12493
31788,12672
31616,12354
31616,12519
31600,12731
31592,12617
31504,13745
31480,16012
31480,13178
42456,22846
42344,24202
42244,23197
42076,23353
41668,22301
41540,22550
41368,22012
41240,21916
40572,22616
40532,21139
40408,21643
40320,21432
40108,20755
40064,21237
39964,22797
39936,22159
39798,21266
39595,21051
39403,20941
38762,20422
38538,27923
38560,21888
38176,20671
38128,27742
37832,20727
37768,19623
36987,19607
36955,19095
36779,19294
36571,17933
36555,23665
36403,18137
36151,18077
36119,20358
36063,17112
35967,16922
35963,17477
35707,16313
35295,15686
35263,16862
35151,16648
35119,16663
34895,16675
34815,16617
34799,16098
34583,16208
34551,16201
34519,16041
34515,16205
34355,15408
34339,15670
34283,15583
34259,15647
33678,14978
33666,17099
33646,15870
33614,15686
33538,16213
33530,15238
33494,15866
33490,15461
33490,15141
33422,15006
33354,15193
33160,15327
33128,14821
32871,14588
32839,14823
32775,14779
32679,14048
32655,14019
32655,14619
32278,14101
32246,13830
32182,13893
32182,13510
32150,14175
32030,13589
32030,13551
32022,13973
31986,13888
31986,13847
31954,13611
31782,13260
31782,13338
31766,13275
31758,14078
31670,13197
31670,13598
31646,13447
31558,13251
31550,13045
42414,22402
42298,24240
41874,23422
41714,24286
41558,22762
41430,23180
40762,22259
40706,22324
40606,21573
40494,21814
40282,21917
40246,22011
40130,21723
40118,24513
40090,21147
39960,21640
39761,20613
38960,19771
38736,20938
38704,20351
38046,20047
38342,20154
38030,19580
37934,19003
37854,20163
37121,18935
36993,19280
36945,18706
36721,18134
36617,18244
36317,18888
36285,17964
36245,18023
36133,17607
36129,17918
35905,17266
35841,17492
35429,16996
35333,17909
35285,17187
35109,16425
35061,16633
34981,16473
34749,16094
34717,16969
34685,17657
34681,17089
34537,17378
34505,16170
34449,16873
34433,16022
33844,15149
33832,15229
33812,16679
33780,16019
33704,16577
33696,15143
33660,15212
33660,14731
33656,14838
33588,14730
33520,14810
33326,15167
33294,14661
33037,14857
33005,14551
32941,14434
32845,14270
32821,14381
32821,14126
32444,13673
32412,14382
32348,13633
32348,13346
32316,13555
32196,14679
32196,13571
32188,13376
32152,13587
32152,14489
32120,14241
31948,12963
31948,13906
31932,13271
31924,13251
31836,13338
31812,13074
31812,12810
31724,12663
31716,13128
31708,12747
31708,12929
41900,21762
41772,23402
41600,23349
41472,22766
40904,22394
40864,21653
40740,21892
40652,21698
40440,23133
40396,22364
40284,21682
40268,23584
40130,22043
39927,21022
39735,20905
39094,19440
38870,19521
38340,19184
38020,19252
37972,18971
37708,18640
38084,19196
37319,18220
37159,18517
37111,18318
36903,17632
36783,18492
36735,18261
36451,17349
36411,17887
36395,18306
36295,17638
36071,17249
36007,17385
35627,16918
35499,16510
35451,16485
35275,16924
35227,16648
35147,16606
35131,16596
34883,16589
34851,16354
34847,17533
34703,16148
34671,15996
34615,16005
34599,15935
34010,15793
33998,15308
33978,15870
33946,15419
33870,14836
33862,15426
33826,15203
33822,14993
33822,16307
33754,15524
33686,15191
33492,15245
33460,14702
33203,14885
33107,14564
33107,14367
33011,14925
32987,14472
32610,13686
32610,14200
32578,14467
32514,13542
32514,14150
32482,14392
32362,13407
32354,14271
32354,13916
32318,13523
32286,13873
32286,13309
32114,13131
32114,13166
32098,13371
32002,13323
32002,12810
31978,13403
31978,13262
31890,12812
31882,13826
31874,12893
31874,13104
31842,13467
31826,12896
31826,12768
41094,20904
41038,22862
40938,21804
40826,21679
40818,21088
40606,21306
40562,21669
40450,21066
40422,21970
40296,20505
40093,20526
39292,22649
39260,19897
39036,19584
38378,19474
38186,18854
37906,18517
37874,18604
37794,18473
37093,18354
36933,17987
37277,18235
37053,18501
36949,17860
36901,17322
36617,17223
36577,17198
36561,17528
36461,17701
36237,17714
36173,17326
35793,17132
35665,16798
35617,17037
35441,16502
35393,16858
35313,16858
35081,16588
35049,16798
35017,15863
35013,15769
34869,16226
34837,15877
34781,16516
34757,16279
34176,16236
34164,15420
34144,15620
34112,15392
34036,15399
34028,15669
33992,15181
33988,15926
33920,15753
33920,15568
33852,15246
33658,15176
33626,15284
33369,14556
33273,14429
33273,14597
33177,14464
33153,14624
32776,14600
32776,14109
32744,13694
32680,13686
32648,13879
32648,13617
32528,14127
32520,13679
32520,13747
32484,13496
32452,13727
32452,13485
32280,13389
32280,13522
32256,13262
32168,13481
32168,13045
32144,13959
32144,13934
32056,13063
32040,13360
32040,13087
32008,12976
32008,13473
31992,13153
31992,13115
31660,12751
31660,12888
31656,12857
40880,20559
40872,21530
40728,21990
40684,21167
40572,21510
40544,21555
40428,21296
40225,21878
39424,20742
39392,20408
39168,20671
38638,20198
38318,19927
38270,19881
38006,19787
37942,19071
37225,18587
37193,18388
37033,18164
36825,18207
37081,18323
37033,18581
36781,18520
36709,18456
36693,18078
36597,18284
36593,18323
36337,17808
35925,17317
35893,17658
35781,17351
35573,16980
35525,17802
35445,17094
35429,17509
35213,16764
35181,16997
35149,17055
35145,17081
34985,16568
34969,16225
34913,16488
34889,16049
34308,16115
34296,15902
34276,15610
34244,15964
34168,16523
34168,15880
34160,15451
34124,15398
34120,15498
34052,14809
34048,15016
33984,15862
33790,15012
33758,15004
33501,14717
33469,14685
33405,14647
33309,15287
33309,14529
33285,14087
32908,13997
32876,14031
32876,14725
32812,13940
32780,15272
32780,14455
32660,14536
32660,14380
32652,14773
32616,14878
32616,14135
32584,14456
32584,13670
32412,14125
32396,13778
32388,13700
32300,13360
32300,13469
32276,13541
32276,13835
32188,13797
32180,13424
32172,13580
32172,13772
32140,13624
32140,13563
32124,13137
32124,13229
31792,13601
41308,23576
41300,24324
41176,24167
41088,22441
40876,22283
40848,21330
40732,22651
40704,21519
40692,21635
40562,21462
40363,20756
39562,20324
39530,22262
39306,20861
38776,19357
38456,19585
38408,20018
38144,19949
38080,19497
38064,19063
37723,19203
37579,18394
37547,19759
37323,18732
37219,18030
37171,18723
36919,18456
36847,18701
36831,17777
36735,17714
36731,17539
36507,17278
36443,18282
36031,16980
35935,16949
35887,17678
35711,16954
35663,17128
35583,16965
35567,16813
35351,16518
35319,16611
35287,16753
35283,16786
35139,16952
35107,17433
35051,16581
35035,16319
34446,15543
34434,15578
34434,15653
34414,15451
34382,15535
34306,15883
34298,15463
34262,15668
34262,15578
34258,15504
34190,15229
34186,15567
33928,15675
33928,15254
33896,15913
33639,16945
33543,14981
33543,14925
33447,17370
33423,14344
33423,14554
33046,14138
33014,14193
33014,13982
32950,13882
32918,14288
32918,13700
32798,13438
32798,13745
32790,13975
32754,13580
32754,13439
32722,13864
32722,15398
32550,13714
32550,13547
32534,13366
32526,13609
32438,13192
32414,14069
32414,13701
32326,13253
32318,15993
32310,13399
43046,22767
42638,23806
42478,23070
42322,22843
42194,22487
41530,22513
41506,22198
41466,22028
41342,22156
41254,22060
41042,21300
40998,22069
40898,21396
40870,21966
40732,23554
40728,24313
40337,21355
39696,20429
39504,21329
38942,19473
39302,19862
39062,19791
38798,19332
38702,19471
38622,19530
37889,18346
37761,18841
37713,18064
37489,17971
37385,17710
37337,18046
37053,17560
37013,17576
36997,17774
36897,17488
36673,17878
36641,17193
36229,17299
36197,17023
36085,17069
35877,17013
35829,16862
35749,16369
35733,16222
35517,16203
35485,16651
35453,16840
35449,16562
35289,16316
35273,16276
35217,15789
35193,16404
34612,15364
34600,15319
34580,16580
34548,15721
34472,15489
34464,16176
34464,15767
34428,15879
34424,15306
34356,15742
34352,16208
34094,15661
34094,15392
34062,15552
33805,15293
33709,15209
33709,14531
33613,14365
33589,14484
33212,14813
33212,14326
33180,14049
33116,13785
33116,14519
33084,14059
32964,13933
32964,14864
32956,14401
32920,13758
32920,14096
32888,14612
32888,13636
32716,13661
32700,13354
32692,13450
32604,13714
32604,13219
32580,13357
32580,14102
32492,13786
43436,22810
43344,24141
43176,24519
42768,22628
42640,22788
42468,22437
42340,22195
41672,22805
41632,21651
41508,21844
41428,22228
41216,21053
41180,21175
41064,21201
41052,21716
41024,22820
40894,23184
40695,21233
39894,20092
40222,20504
40190,20841
39468,21313
39276,19755
38964,19155
38932,19604
38852,19991
38087,18836
38055,19350
37879,18040
37671,18420
37551,18955
37503,18247
37251,17961
37219,18265
37163,17776
37067,17545
37063,17789
36839,18450
36395,18028
36363,25315
36267,17200
36219,16698
36043,16834
35995,16485
35915,16499
35899,16440
35651,16545
35619,16328
35615,16886
35471,16761
35439,16607
35383,16107
35367,16260
34778,15752
34778,15372
34766,15916
34746,16362
34714,16049
34638,15688
34630,15855
34594,15550
34590,15413
34590,15458
34522,16020
34454,16703
34260,16814
34228,16086
34228,16378
33939,15813
33875,15804
33779,15522
33779,16264
33755,15125
33378,15011
33346,15461
33346,15595
33282,14703
33250,15308
33250,15051
33130,14919
33122,14819
33122,15352
33086,15111
33086,14516
33054,14985
32882,14522
32882,14233
32866,13344
32858,14140
32770,14142
32770,13574
32746,13504
43790,23346
43686,24888
43574,25367
43458,23954
43034,23853
42874,22868
42718,23293
42590,22489
41862,22297
41806,21936
41706,21931
41594,21948
41586,22272
41374,21467
41330,22008
41218,22039
41202,21261
41064,21533
40861,21509
41285,21351
40580,21126
40356,20816
39826,20532
39442,19844
39394,19768
39098,19293
39034,19530
38253,19015
38221,19152
38045,19577
37837,18564
37821,18379
37669,19106
37417,18010
37385,18107
37329,18156
37233,18201
37229,17759
37005,17407
36941,18095
36529,17721
36433,17655
36385,17950
36209,17781
36161,17651
36081,17341
36065,17917
35817,16944
35785,17300
35781,17136
35637,16445
35605,16799
35549,16532
35533,16266
34944,17981
34932,16383
34932,15878
34912,16296
34880,16296
34804,16076
34796,17270
34760,17341
34756,17083
34688,16541
34688,15901
34620,15425
34426,16190
34394,16006
34137,15693
34105,15318
34041,15733
33945,15443
33921,15024
33921,15355
33544,15095
33512,14623
33448,15607
33448,14329
33416,14663
33296,14863
33296,14771
33288,14627
33288,14577
33252,14692
33220,14171
33220,14879
33048,14242
33048,14422
33024,14802
32936,14070
32936,13831
32912,14065
44168,23956
43940,25059
43828,27255
43728,26820
43560,25593
43152,24445
43024,23548
42852,24408
42724,23712
42004,22978
41964,22625
41872,22958
41760,23469
41548,22459
41512,22632
41396,22615
41384,22401
41356,22722
41226,22257
41643,23068
40842,22456
40746,23709
40522,23552
39992,22532
39608,21094
39560,20729
39264,20276
39200,20588
38419,19640
38387,19974
38211,19524
38003,18847
37987,18620
37835,19016
37583,18992
37551,18540
37511,18557
37399,18255
37395,18635
37171,18785
37107,17712
36727,17680
36599,17311
36551,17638
36375,18001
36327,17431
36247,17376
36231,17433
36015,16892
35983,17242
35951,16888
35947,16971
35787,16606
35771,16490
35715,16468
35691,16322
35110,15971
35098,15791
35078,15648
35046,15955
34970,15935
34962,16010
34926,16018
34926,15814
34922,16171
34854,16113
34850,16903
34592,15218
34592,15626
34560,15680
34303,15758
34207,15293
34207,14704
34111,15887
34087,15795
33710,15229
33710,14763
33678,15081
33614,14840
33614,15064
33582,14807
33462,15021
33462,15073
33454,15269
33454,14674
33418,15673
33386,14836
33386,14845
33214,15330
33214,14702
33198,14851
33102,14377
44782,25219
44494,25641
44106,24692
43906,24423
43366,23384
43190,25206
42890,24257
42138,24702
42006,23154
41714,22091
41662,21813
41534,21844
41392,22551
40392,20473
40136,20036
39286,19365
38974,19490
38193,18947
38001,18211
38153,18264
37749,18613
37661,23439
37561,20802
36893,21097
36749,19865
36493,19654
36181,19121
36117,17380
35953,17751
35865,18777
35264,20026
35212,16421
35092,16261
35011,15901
34709,15484
34318,19488
