1192,761
1164,1175
2684,967
2640,1153
2616,977
2592,1344
2576,795
2568,763
2330,787
2202,675
2122,721
2026,927
1930,1904
1866,1786
1834,1796
1738,2226
1674,1845
1610,1118
1578,732
1522,613
1490,758
1457,761
1445,916
1762,1119
1666,1383
1586,1842
1570,1784
1530,1720
1474,1427
1426,1199
1418,968
1386,1178
1362,1096
1358,975
1310,1103
1294,1087
1254,926
1222,958
1214,971
1198,910
1194,1186
1158,883
1142,436
1138,422
1122,444
1118,541
1110,989
1108,1033
2494,1236
2334,1182
2206,1199
2173,1091
2108,1112
1996,1069
1947,997
1883,968
1867,1009
1834,930
1770,886
1738,873
1674,745
1626,812
1586,981
1578,1007
1538,995
1498,958
1490,961
1466,794
1458,489
1847,296
1763,265
1731,252
1667,314
1651,441
1587,733
1539,707
1531,704
1475,690
1459,661
1427,677
1419,665
1387,690
1379,721
1363,622
1359,661
1311,659
1295,577
1262,630
1254,631
1222,564
1222,631
1214,615
1198,661
1194,652
1166,620
1158,578
1142,587
1138,570
1138,550
1122,568
1118,560
1110,520
1108,544
1108,534
1032,489
1000,492
936,444
936,565
920,1092
856,258
856,295
840,292
808,345
808,372
800,345
744,323
744,355
728,323
696,322
696,356
688,351
688,323
656,356
656,393
648,358
632,387
632,356
628,374
628,451
2152,284
2120,484
2040,463
2024,399
1936,470
1920,495
1880,392
1872,448
1800,674
1784,1102
1784,1234
3630,1497
3598,1452
3530,1148
3506,1116
3470,1070
3450,1064
3382,1055
3350,1086
3286,1052
3230,1083
3190,1046
3130,1012
3114,1062
3082,1024
3054,1096
3034,1055
3030,1002
2990,946
2950,982
2942,966
3658,940
3642,992
3638,952
3596,935
3580,979
3576,927
3554,904
3546,970
3544,950
3384,893
3192,906
3160,835
3016,762
2984,818
2920,773
2768,732
2736,781
2672,752
2656,803
2568,757
2536,658
2528,746
2384,680
2320,615
2304,677
2216,649
2184,575
2176,696
2092,600
2060,602
2016,628
2008,551
1992,556
1892,586
1860,566
1780,525
1708,535
1660,559
1652,495
1584,539
1536,472
1528,465
1492,528
1468,453
1464,449
1408,449
1360,440
1352,442
1316,433
1308,440
1290,423
1254,491
1246,525
1230,418
1226,545
1208,505
1204,517
1196,466
1194,474
1108,478
1076,451
3503,542
3407,821
3223,629
3127,1134
3038,868
2982,1198
2842,731
2810,710
2714,889
2610,621
5292,1096
5176,1234
5080,959
4984,863
4908,1153
4848,1026
4824,815
4530,866
4345,905
4173,880
4070,1310
3993,1287
3870,1238
3774,1225
3702,1248
3617,1183
3575,1218
3530,1175
3514,1215
3363,1109
3291,1142
4072,1123
3980,1081
3940,1120
3896,1102
3876,1144
3802,1059
3726,1121
3702,1060
3664,1033
3640,993
3618,975
3606,1025
3438,989
3246,960
3214,980
3038,918
2958,936
2790,885
2710,874
2638,819
2589,812
2465,737
2369,740
2353,718
2265,741
2233,715
2157,663
2109,664
2101,666
2057,618
2040,661
2036,635
1900,574
1836,580
1746,588
1730,560
1698,559
1617,714
1601,684
1569,725
1524,707
1516,684
1500,702
1496,690
1419,538
1386,568
1378,527
1341,638
1333,534
1317,483
1313,486
1278,497
1253,521
1248,551
1229,583
1224,568
1214,544
1212,536
1118,531
1085,541
1085,531
3477,692
3380,601
3195,711
3099,563
3011,505
2955,600
2815,651
2703,1822
2687,1803
2583,1780
5224,2074
5108,1503
5012,1256
4908,1222
4816,1174
4780,1197
4756,1075
4478,1107
4302,1101
4134,1218
4038,1963
3966,1897
3850,1342
3754,1066
3682,1004
3598,989
3558,1014
3514,1033
3498,1014
3396,954
3276,948
4059,902
3983,947
3927,798
3883,770
3863,768
3788,727
3748,722
3704,724
3650,778
3626,1424
3604,1147
3596,1200
3590,1163
3357,852
3197,846
3021,837
2941,821
2773,794
2709,920
2621,918
2573,905
2449,737
2417,725
2337,839
2249,875
2217,902
2141,813
2125,807
2085,857
2049,761
2025,792
2021,805
1887,705
1823,812
1807,642
1719,694
1687,765
1679,678
1595,722
1563,711
1555,679
1511,707
1495,707
1491,654
1433,681
1417,823
1385,631
1341,662
1333,700
1317,582
1313,653
1279,674
1271,568
1255,629
1251,637
1233,542
1229,588
1221,717
1219,541
1127,536
1095,561
3516,479
3404,760
3235,674
3122,658
3106,557
3001,689
2953,1484
2818,1362
2705,1449
2601,1878
5296,2161
5200,1618
5075,2097
4955,1206
4907,2021
4815,1463
4771,990
4637,1873
4477,1826
4301,1132
4133,1101
4037,869
3964,846
3848,755
3768,784
3680,751
3648,908
3556,869
3520,843
3496,810
3394,816
4173,807
4053,843
3977,849
3929,782
3885,769
3861,795
3799,1318
3751,1329
3707,1327
3683,1038
3645,1258
3621,1285
3599,730
3587,810
3416,1256
3223,1200
3047,1149
3015,882
2935,864
2767,803
2687,1035
2615,1023
2567,1015
2443,1005
2411,922
2331,1285
2259,426
2211,382
2203,391
2119,397
2087,819
2043,928
2035,879
2015,762
1913,732
1881,757
1801,729
1729,894
1713,710
1673,702
1605,724
1589,695
1557,697
1513,703
1505,669
1489,611
1485,647
1427,641
1411,594
1371,817
1335,448
1327,326
1311,277
1307,824
1273,759
1265,798
1249,791
1245,735
1227,755
1223,760
1215,685
4168,533
3973,691
3746,692
3538,1138
3426,679
3257,707
3224,831
3127,779
3023,960
2983,1486
5906,1886
5666,2009
5570,1912
5386,1500
5298,1225
5182,1016
5086,1079
4990,1086
4914,1060
4854,1141
4830,1128
4552,1080
4376,1083
4312,1099
4128,1048
4040,1824
4008,1688
3844,1779
3772,1304
3724,1299
4593,1277
4517,1298
4493,1309
4355,1307
4275,1257
4187,1138
4147,1233
4031,1212
3987,1151
3963,1191
3901,1133
3853,1123
3809,1095
3785,1075
3747,1058
3723,955
3701,927
3689,997
3516,1030
3323,994
3142,957
3041,941
3023,890
2845,863
2757,879
2662,744
2627,838
2492,806
2379,803
2361,829
2265,807
2230,947
2148,961
2098,923
2090,913
2046,881
2030,867
2026,934
1892,818
1828,807
1740,750
1724,784
1692,764
1615,735
1598,761
1562,687
1517,730
1509,755
1493,756
1489,737
1431,735
1383,718
1375,696
1339,711
1331,680
1315,689
1311,783
1277,430
1269,445
1253,515
1249,614
1231,713
4217,1681
4191,2137
4179,1757
3914,1667
3710,2412
3498,1651
3402,1767
3249,1996
3136,1585
6278,1759
6126,2115
6075,2205
5741,2303
5548,2176
5396,2177
5276,2001
5228,2044
5047,1837
4949,1844
4872,1928
4812,1741
4792,2031
4606,2333
4366,1781
4270,2575
4086,1882
4014,1593
3966,1584
3802,1495
3730,1456
4620,1560
4536,1509
4460,1467
4436,1472
4298,1443
4218,1401
4130,1406
4022,1408
3974,1395
3930,1364
3906,1381
3844,1303
3788,1194
3744,1238
3724,1427
3682,1401
3662,1395
3640,1609
3630,987
3390,799
3230,1052
3083,2213
2987,2122
2835,2079
2736,2096
5927,2412
5831,1824
5735,1273
5451,1194
5291,1206
5107,2142
4995,2102
4947,1541
4791,1231
4711,2032
4635,1985
4587,1207
4543,1062
4369,1924
4145,1857
4049,1128
3925,1706
3808,1282
3756,995
3648,1552
3536,1546
4441,1177
4365,1632
4293,962
4269,1502
4169,1537
4052,901
3967,692
3923,1379
3805,1384
3758,1016
3731,1319
3666,1026
3592,994
3544,966
3521,968
3477,954
5744,1623
5704,2461
5681,1949
5263,1950
4972,2006
4721,2457
4599,1874
4396,4943
4220,4349
7318,2843
7133,2336
7077,5375
6729,3808
6457,3871
6297,2128
6145,1875
6089,4609
5885,3723
5765,2226
5685,1626
5609,4024
5581,3411
5255,1751
5047,1573
4967,1509
4759,3621
4655,4102
4523,1780
4427,1332
4323,1290
5212,1297
5084,1491
5024,3409
5000,3308
4856,2545
4672,3293
4616,2008
4520,1404
4472,1399
4420,1458
4396,1377
4318,3073
4226,2898
4198,2838
4158,1759
4128,1488
4100,1446
4085,1448
3898,1365
3673,2487
3464,2473
3352,1514
3336,1202
3160,1144
3064,1171
6122,1359
6010,2526
5806,2500
5533,1529
5365,987
5269,2411
5173,2262
5005,1132
4917,1746
4833,1705
4785,1547
4737,1643
4555,1629
4315,1454
4219,1586
4083,1796
3963,1872
3915,1103
3755,1098
3683,1682
3635,1744
4478,1317
4402,1048
4374,1034
4244,1766
4164,1606
4044,1259
3968,845
3920,1393
3868,1537
3848,1155
3776,753
3736,761
3692,1439
3638,1370
3614,1351
3592,1132
5781,1589
5546,2745
5194,2019
4922,2676
4858,1998
4714,1897
4466,2457
4322,1900
4185,1791
7265,1844
6997,2063
6691,2231
6459,4748
6347,4532
6227,3739
6087,2117
5934,1920
5878,4464
5762,4395
5702,2384
5560,1757
5336,3923
5096,3069
4927,1974
4773,4111
4715,3184
4583,3691
4431,2863
4375,2381
5220,4953
5128,3086
5100,3312
4952,1704
4856,1532
4752,3411
4628,3333
4572,2377
4520,2386
4488,1893
4406,1527
4358,1530
4306,1509
4282,3018
4236,2975
4201,2233
4176,3185
3985,1622
3921,1304
3723,1281
3509,1314
3408,1329
3213,1231
3109,1309
3005,2251
2965,2209
5840,2458
5600,1519
5399,1161
5303,1075
5207,2409
5083,2278
4947,1350
4863,2187
4815,1686
4767,1311
4582,2130
4341,1579
4253,1226
4109,1208
3989,1247
3941,1090
3777,1142
3705,1103
3657,1047
3589,1052
4425,1076
4397,1786
4263,1829
4183,1758
4063,1024
3987,851
3939,786
3887,1492
3867,1565
3793,1464
3753,1169
3709,1438
3655,1404
3631,1416
3609,1118
3597,1036
3428,1014
5199,1460
4926,2366
4862,2286
4718,3760
4470,2380
4326,5277
4190,3687
4134,2212
3962,2045
6674,2055
6442,4968
6330,4266
6210,2508
6070,1969
5901,4581
5800,3113
5744,2046
5684,1867
5474,1682
5170,1843
5074,1839
4906,1614
4754,1588
4698,1652
4566,1758
4414,3713
4358,3873
4282,2151
4206,2719
5073,2834
4923,2100
4827,1779
4683,1755
4599,1683
4543,1683
4483,3358
4459,3223
4377,1954
4329,3170
4277,2609
4234,1698
4187,1686
4161,2200
4147,3218
3955,2298
3731,1559
3523,2738
3491,2746
3395,2671
3211,1918
3115,2404
3011,2387
2971,2320
2831,2157
5607,2484
5407,1527
5311,1074
5215,2433
5091,2326
4955,1367
4871,1045
4823,2174
4774,2093
4588,1243
4348,918
4268,867
4116,886
3996,2381
3948,2306
3784,2297
3712,1272
3664,890
3596,863
3536,835
3516,758
4270,1601
4190,1696
4070,1727
3994,1305
3946,1622
3894,1382
3874,1278
3800,1193
3760,1188
3716,1155
3696,1155
3654,1160
3634,1116
3612,1145
3602,1084
3369,1094
3209,1330
4875,1365
4731,2293
4481,1837
4336,3079
4232,6797
4144,5473
3972,2291
3796,2497
6585,2063
6369,1898
6233,2838
6093,1872
5940,2027
5884,5204
5774,3933
5721,1833
5559,1632
5335,1495
5095,1357
4927,3942
4847,3621
4726,1951
4586,1868
4434,3703
4386,4942
4302,3544
4262,2131
4202,4519
4116,2315
4846,1505
4740,1799
4692,1190
4560,3384
4508,3476
4478,3392
4406,3392
4342,2018
4290,3348
4266,2534
4220,1665
4196,3238
4170,3148
4158,1944
3903,2287
3711,2191
3503,1938
3407,1892
3222,1875
3142,2335
3038,2322
2982,1791
2842,1525
2810,2031
2713,2074
5343,2245
5255,1409
5138,2630
4986,1838
4938,1805
4845,1200
4801,1159
4667,2062
4475,2169
4283,2092
4163,1636
4067,1254
3971,2015
3847,1859
3782,1448
3686,1790
3610,1774
3578,1401
3530,1702
3456,1672
3360,1311
4119,1302
4079,1718
3963,1655
3919,1234
3895,981
3833,1583
3777,1532
3733,1538
3713,1208
3671,1150
3651,1142
3629,1139
3619,1126
3386,1059
3226,1060
3050,1015
2969,1260
4481,1128
4334,1863
4230,1806
4142,1803
3970,1632
3794,4303
3762,4347
3626,2403
6220,2243
6080,4367
5927,4386
5871,2404
5763,1803
5711,1754
5549,1545
5325,3987
5085,3846
4917,1975
4765,1685
4713,1643
4577,1541
4425,3504
4369,3511
4293,2679
4217,3387
4193,3118
4075,1865
3995,3146
3875,3001
4610,2096
4554,4313
4498,2415
4470,1482
4388,1433
4340,1457
4288,1465
4264,2936
4218,2769
4183,2084
4158,1415
4156,1633
3901,1583
3709,1457
3501,1366
3405,2893
3221,2708
3125,2017
3021,1530
2981,1609
2841,1468
2729,1449
2713,1487
2609,2535
2561,2453
5108,1964
4988,1489
4940,1371
4848,1279
4804,2447
4670,2475
4478,1438
4286,1013
4134,923
4014,1966
3974,1782
3850,1554
3730,2149
3690,2067
3614,1538
3582,1526
3534,1171
3460,1133
3364,1206
3292,1220
3208,1148
3967,1139
3923,1227
3899,2068
3821,1541
3781,987
3737,813
3717,813
3675,1805
3655,1826
3633,1371
3623,808
3390,830
3230,1640
3054,1854
2974,1242
2806,1018
2726,892
4249,1245
4161,2238
3989,1535
3813,1574
3781,2031
3645,1545
3588,1392
3480,2008
5945,5192
5889,3446
5781,2399
5729,1709
5567,1803
5343,5221
5100,3435
4930,1990
4850,1726
4730,1630
4589,1593
4508,1518
4383,1687
4296,1818
4256,4191
4196,1806
4110,1259
4014,1509
3910,2010
3870,1909
4598,3463
4505,3238
4477,1945
4407,1613
4351,1589
4299,1561
4271,1599
4221,3135
4197,3054
4171,1820
4159,1524
3968,2046
3744,1153
3536,968
3424,961
3256,838
3144,1054
3128,1316
3024,2145
2976,2311
2844,2208
2732,1579
2628,1308
2612,1248
2564,1191
2488,1256
4985,1403
4937,1335
4845,1448
4801,1359
4667,1342
4475,1360
4331,1282
4163,1203
4067,1281
3995,1183
3879,1061
3783,1177
3711,1134
3627,1051
3587,1102
3551,1157
3527,1041
3425,1094
3361,1082
3265,992
4011,1618
3963,1669
3919,1628
3895,1275
3833,1001
3785,919
3741,962
3717,981
3679,1038
3655,967
3633,958
3621,980
3450,877
3258,850
3082,868
2986,836
2970,815
2801,757
4365,1152
4229,1908
4173,1483
4001,1615
3823,1933
3791,1946
3655,1646
6293,1912
6153,2117
5969,1858
5913,2022
5837,2234
5761,1996
5733,2035
5399,1909
5191,1829
4991,1703
4895,1318
4791,1476
4651,1922
4554,2147
4449,2077
4409,2043
4301,2126
4257,2002
4229,2019
4113,1987
4033,1936
4742,1907
4657,1923
4601,1880
4549,1867
4521,1894
4435,1817
4387,1902
4334,1824
4310,1842
4264,1746
4240,1770
4214,1762
4202,1729
3940,1620
3774,1593
3558,1511
3441,1399
3272,1476
3159,2178
3143,1366
3037,1435
2986,1848
2814,1272
2734,1339
2630,1532
5334,1570
5238,1603
5066,1693
4978,1310
4894,1307
4846,1394
4798,1249
4612,1239
4484,1263
4292,1209
4140,1223
4020,1202
3980,1144
3856,1220
3736,1213
3696,1216
3620,1206
3588,1188
3540,1194
3466,1255
3367,1016
4124,1257
4084,1291
3967,1218
3923,1202
3899,1063
3837,1104
3780,1161
3736,1021
3716,1009
3674,970
3654,838
3632,888
3622,930
3389,969
3229,973
3053,890
2973,894
2803,867
4528,1327
4383,2069
4291,1602
4112,1698
4043,1544
3894,1630
3748,1478
6567,5681
6418,4579
6301,2373
6177,2354
6079,1885
5987,1878
5949,2142
5611,1906
5402,1718
5202,1733
5106,1724
5002,1856
4862,1829
4764,1816
4660,1958
4560,1948
4512,2073
4464,2044
4440,2009
4325,1869
4171,1837
5025,1949
4941,1892
4877,1944
4825,1870
4801,1790
4719,1619
4671,1674
4619,1697
4595,1780
4529,1647
4501,1564
4488,1600
4480,1636
4165,1562
3920,1521
3664,1382
3535,1378
3303,1398
3174,1426
3066,1396
2998,1444
2846,1419
2814,1372
2718,1338
2614,1358
5253,1489
5137,1484
5041,1520
4945,1471
4869,1450
4809,1500
4785,1482
4507,1425
4331,1455
4163,1389
4083,1295
3995,1317
3879,1227
3799,1229
3711,1215
3627,1203
3587,1194
3543,1166
3527,1177
3425,1130
3305,1063
4084,1107
4008,1130
3952,1127
3908,1105
3888,1144
3814,1055
3774,1036
3730,1058
3710,1051
3668,1030
3648,1028
3626,1001
3616,994
3383,946
3223,956
3047,921
2967,896
2799,917
4346,1131
4242,1828
4154,1440
3982,1861
3918,3538
3774,2783
3638,2830
6260,2652
6120,2974
6007,2946
5879,2889
5771,2801
5719,2794
5557,2137
5365,2169
5157,2073
4957,4039
4845,3879
4725,2125
4617,1640
4505,1628
4385,3745
4317,3688
4261,2159
4217,1712
4115,2162
4019,1570
3931,1597
4694,1543
4602,1631
4554,1959
4482,3315
4412,3207
4356,2113
4304,1931
4276,3544
4234,2760
4206,1870
4180,1565
4166,1382
3973,1551
3749,1478
3541,1416
3429,1252
3261,1574
3149,1831
3133,1536
3029,1346
2981,1760
2817,1388
2737,1394
2633,1722
2577,1275
5223,1914
5059,1611
4971,1008
4887,1031
4839,1145
4791,923
4605,1324
4365,885
4269,906
4085,1549
3997,806
3965,828
3801,1374
3713,1128
3681,642
3589,2045
3553,2054
3529,2021
3427,1540
3363,1544
4086,1505
4010,2032
3962,2200
3910,1947
3890,815
3816,848
3776,1237
3732,1963
3712,1828
3670,1965
3650,1747
3628,1765
3618,1776
3385,1263
3225,1278
3049,1209
2969,1136
2801,1122
2737,1148
4254,1198
4166,1852
3994,1419
3930,1407
3786,1432
3650,1506
3594,3214
6159,3361
6047,2612
5927,2092
5843,4461
5767,3487
5739,2043
5398,3175
5183,2422
4982,2335
4886,2329
4782,2212
4642,3747
4546,3696
4442,1889
4402,1482
4294,3540
4250,3818
4222,2111
4108,1478
3956,1441
4738,1476
4654,1399
4588,3389
4536,3188
4512,2297
4430,2372
4380,1890
4328,3273
4304,2270
4256,1523
4232,1484
4206,1487
4194,1441
3939,1407
3747,2622
3539,2766
3443,1992
3291,1531
3179,1691
3075,2381
3019,2357
3011,1458
2845,2247
2749,1689
2661,1326
5243,2400
5287,1953
5123,1225
5034,2378
4948,2295
4899,1164
4847,1006
4693,967
4533,2214
4341,2134
4187,1619
4122,2059
4026,1533
3931,1168
3828,1177
3751,1161
3659,1142
3615,1162
3567,1783
3550,1820
3442,1755
4223,1363
4099,1068
4015,1020
3967,1652
3923,1629
3899,1185
3837,937
3789,1493
3745,1458
3721,1160
3683,895
3659,901
3637,1443
3625,1481
3454,1134
3261,838
3085,1417
3053,1392
2973,1407
4498,1454
4354,1909
4250,1837
4162,2367
3990,2294
3926,1965
6592,5117
6376,3995
6272,4101
6132,2448
6020,2028
5897,2029
5813,4664
5737,4629
5709,3433
5375,3117
5166,3206
4966,3888
4869,2102
4765,1628
4625,1544
4529,3561
4425,3484
4340,2104
4277,1528
4233,1528
4205,1528
4950,1483
4766,1509
4710,1455
4626,1419
4562,3138
4510,3137
4486,1866
4404,1384
4356,3066
4304,3092
4280,1668
4214,1456
4188,2974
4174,3000
4172,3048
3917,1811
3725,1228
3517,2646
3421,2643
3237,2540
3141,1917
3053,2423
2997,2363
2856,1434
2824,2254
5538,2511
5354,1644
5266,2595
5150,1905
5054,1345
4950,1272
4858,2362
4814,2347
4798,2285
4520,1449
4343,2243
4171,1346
4075,2187
3979,1568
3887,1572
3791,1927
3719,2004
3635,2022
3587,1546
3551,1496
3465,1918
4229,1875
4141,1150
4085,1921
4001,1814
3961,1756
3901,1098
3839,1079
3791,1078
3747,1006
3723,991
3685,977
3661,927
3639,940
3627,946
3456,852
3264,1435
3088,1365
2992,1320
2840,1326
4390,1162
4358,2005
4222,1521
4150,1381
3930,1786
3818,1486
6447,4773
6295,2694
6239,4636
6043,2489
5939,1736
5823,4401
5747,3346
5719,3185
5385,4244
5177,2487
5097,4011
4880,2990
4776,3978
4636,2909
4524,1960
4436,2477
4336,5059
4280,3651
4236,2402
4134,2083
4038,2047
4765,2257
4717,2174
4625,2060
4533,1934
4505,1930
4435,1940
4371,1923
4319,1978
4295,1868
4249,1835
4225,1778
4199,1801
4187,1785
3929,1708
3735,1647
3522,3739
3423,3548
3238,2034
3142,1353
3038,2612
2990,2526
2858,2409
2746,1765
2642,1731
2626,1844
5232,2075
5068,2064
4980,2081
4896,1907
4848,1493
4800,2507
4614,2488
4374,1398
4278,1782
4094,2164
4022,2091
3974,1637
3810,1988
3722,2031
3690,2086
3598,1194
3562,1135
3538,1970
3436,1821
3316,2335
3276,1355
4019,1119
3963,2339
3919,2100
3899,1711
3825,1113
3785,2254
3725,1586
3687,1279
3663,1056
3641,1030
3629,1670
3458,1511
3394,1560
3234,1180
3058,912
2978,1443
2810,1409
2730,1425
2658,1376
4177,1350
4005,1604
3941,1505
3797,1998
3659,2979
3602,3354
6148,2880
6035,4897
5915,3186
5831,2062
5753,4530
5725,2718
5391,4285
5183,2430
5102,3221
4886,4032
4782,2302
4742,1772
4546,3792
4442,3707
4402,2280
4291,3801
4247,2578
4223,1846
4105,1812
4025,1996
4767,1802
4643,1752
4587,1786
4535,1804
4507,1722
4437,3403
4373,3341
4321,2888
4297,2096
4251,3263
4227,2856
4201,1727
4189,1460
3928,1470
3767,3554
3558,3343
3446,1895
3278,1614
3165,1490
3149,3128
3045,3017
2996,1867
2832,1608
2752,3005
2648,2850
2592,2260
5245,1641
5081,1501
4993,1503
4909,2701
4861,2736
4813,1802
4626,1395
4382,2901
4285,2847
4149,1590
4029,1228
3981,1025
3816,2674
3743,2735
3695,1898
3627,2536
3567,1928
3547,1274
3441,2603
3377,2053
4133,1652
4025,1400
3977,1322
3933,1295
3905,1318
3831,1259
3791,1274
3747,2091
3727,2009
3685,1987
3665,2002
3643,1538
3633,1962
3400,1920
3240,1440
3063,1721
2983,1738
2815,1649
2751,1651
2663,1622
4189,1429
4016,1591
3952,2023
3808,1680
3672,2826
3616,4546
6184,4866
6063,3529
5928,2294
5820,3668
5767,2675
5605,2311
5413,4401
5205,3250
5005,1979
4893,4218
4773,2456
4665,3898
4552,2498
4430,2993
4361,3921
4305,2256
4261,1960
4158,1898
4061,3514
3955,3539
4740,2662
4648,2629
4556,3475
4528,3436
4458,1996
4402,3338
4350,2476
4322,1628
4272,1582
4248,1559
4222,3087
4210,3106
3952,2209
3760,2721
3584,2737
3472,2212
3304,1470
3192,2456
3088,2376
3072,2393
3024,1781
2860,1323
2764,1329
2676,2187
2620,2199
5238,2350
5134,1793
5038,1259
4962,1212
4902,1143
4878,2240
4592,2152
4410,1594
4345,1327
4158,1364
4068,1322
3947,2054
3854,2024
3752,1979
3662,1547
3621,1229
3573,1876
3557,1909
3406,1828
3334,1374
3294,1351
4025,1341
3985,1325
3941,1727
3921,1715
3814,1310
3770,1286
3746,1646
3708,1618
3684,1579
3662,1225
3650,1190
3479,1109
3287,1768
3111,1694
3015,1325
2863,1665
2831,1644
2751,1306
2663,1684
2623,1277
4022,1133
3844,1836
3705,1704
3673,1777
3600,1611
6126,1615
5958,2408
5858,1583
5801,1579
5756,3045
5594,1456
5370,2708
5129,1844
4961,6209
4809,2955
4761,2184
4621,2188
4541,2123
4421,2856
4337,2486
4296,2171
4234,3650
4148,2662
4051,2722
3947,2555
3907,3068
4634,1809
4586,1403
4514,2037
4444,3659
4388,2522
4336,2369
4308,1917
4266,3100
4238,3101
4212,2374
4198,1530
4005,1519
3781,2905
3573,2877
3461,1579
3445,1336
3261,1405
3165,1275
3061,2482
3021,2438
2881,2412
2769,1823
2753,2349
2649,2361
2609,1396
5140,1468
5020,1503
4972,1504
4880,1585
4836,1428
4820,1450
4542,1380
4366,1396
4197,1377
4101,1414
4029,2244
3913,2061
3833,1585
3745,1074
3713,2060
3621,2015
3585,1231
3561,1053
3459,1008
3395,1003
3299,976
4042,991
3994,1130
3950,1143
3922,1091
3848,1796
3808,1843
3764,1814
3744,1747
3702,1756
3682,1365
3660,1063
3650,1064
3416,1006
3288,1002
3110,1639
3014,1589
2860,1569
2764,1220
2748,1221
2659,1549
4167,1491
4009,2683
3833,1835
3697,2894
3665,2035
6258,2115
6114,4610
5946,3409
5845,2156
5789,1973
5729,4435
5518,3816
5358,2902
5118,1801
4950,1816
4798,3852
4742,3936
4610,1951
4458,1683
4410,1670
4326,3712
4286,3715
4226,2138
4140,1968
4027,1991
3939,4011
4721,3545
4589,1735
4537,3607
4509,2570
4439,1707
4375,3366
4323,2539
4299,2089
4253,1905
4229,1824
4203,1591
4191,1652
3936,1600
3744,1596
3536,1378
3440,1610
3288,1291
3176,1837
3072,1693
3016,1439
3008,1614
2843,1477
2747,1460
2659,1213
2603,1294
5173,1084
5077,1190
4981,1173
4905,1116
4845,1079
4821,1120
4543,1208
4367,952
4199,1147
4116,1078
4031,1566
3915,921
3819,1057
3747,947
3663,1034
3623,924
3579,901
3563,891
3413,938
3341,868
4117,858
4033,729
3993,1146
3949,900
3871,1072
3823,1140
3779,977
3755,1002
3717,803
3693,810
3671,774
3659,1102
3488,2514
3293,703
3113,760
3016,841
2864,741
2832,749
2752,730
2664,671
2624,1188
4017,2354
3841,3045
3705,1943
3673,1879
3601,1757
6062,1809
5958,2183
5858,1818
5802,1771
5742,1704
5532,1716
5228,1798
5132,1914
4964,2272
4812,1973
4756,2495
4624,1825
4472,1625
4424,2198
4340,2228
4300,2192
4240,2001
4154,1761
4042,2447
3954,1629
4735,1524
4603,1854
4551,1733
4523,1489
4453,1439
4397,1342
4337,1486
4313,1333
4267,1267
4243,1336
4217,1471
4205,1359
3950,1483
3790,1260
3582,1776
3470,1064
3302,1303
3190,2561
3086,1394
3070,1278
3022,2245
2857,1030
2777,894
2673,823
2617,1063
2609,2190
5107,2294
5018,2378
4934,1900
4886,1570
4838,1556
4652,1421
4412,2328
4316,1333
4180,955
4060,830
4009,2797
3892,2197
3772,1303
3724,957
3656,1168
3596,895
3576,940
3470,1864
3406,1835
3334,1828
4056,1837
4008,1887
3964,1797
3940,1383
3878,1744
3822,1753
3778,1344
3758,1359
3716,1279
3696,1308
3674,1630
3664,1680
3431,1609
3270,1267
3090,1219
3023,1604
2867,1488
2771,1486
2683,1534
2667,1369
2627,953
3959,1404
3815,1715
3711,1423
3622,1827
6269,1655
6073,1907
5937,2909
5853,2194
5777,4824
5749,2986
5543,2674
5239,2227
5127,1967
4911,1908
4807,3828
4767,1688
4571,2754
4467,1793
4427,2068
4319,2488
4275,2120
4247,2883
4133,2615
3981,1271
3933,1656
4670,2004
4606,1746
4554,1775
4530,2340
4447,1985
4399,2049
4327,1491
4285,1856
4257,1626
4231,1481
4217,1368
4024,1321
3800,1248
3592,1384
3560,1346
3464,3235
3280,3034
3184,2254
3080,1776
3040,1864
2900,1719
2788,1705
2772,1697
2668,1501
2620,1491
5177,1644
5057,1701
5009,1640
4917,1566
4873,1590
4739,1601
4544,1527
4350,1596
4196,1561
4076,1461
4036,1392
3912,1441
3792,1374
3752,1425
3676,1343
3613,1350
3590,1305
3515,1337
3419,1332
3347,1313
3263,1303
4026,1419
3982,1414
3954,1390
3880,1367
3840,1313
3796,1351
3776,1350
3734,1277
3714,1266
3692,1295
3682,1246
3441,1236
3275,1197
3098,1159
3018,1199
2849,1080
2769,1109
2680,1048
2648,1034
2523,1010
2423,1017
3818,1192
3679,2896
3604,1456
3512,1466
5977,1580
5860,2468
5804,2089
5744,2127
5532,2179
5228,1943
5131,2051
4963,2153
4811,2377
4755,1798
4559,1805
4471,1945
4415,1778
4307,1701
4263,1890
4235,1861
4121,1793
3969,1772
3921,2113
3853,2118
3797,1714
4540,2427
4516,2369
4434,2714
4342,1915
4314,1659
4272,2394
4244,1912
4218,1621
4204,2224
4009,1427
3784,1320
3576,1586
3464,2262
3296,2190
3184,2164
3080,2123
3064,2135
3016,2078
2852,2089
2756,2051
2668,2031
2612,2029
2528,1910
2512,1890
2464,1914
4912,2067
4852,2071
4828,2052
4548,2039
4372,2003
4204,1502
4107,1464
4011,1468
3887,1432
3823,1566
3727,1363
3651,1977
3619,1412
3571,1304
3497,1360
3401,1309
3329,1296
3245,1268
3205,1327
3169,1221
3149,1255
3856,1257
3816,1200
3772,1248
3752,1216
3710,1155
3690,1151
3668,1071
3658,1110
3423,1117
3263,1127
3087,1042
3007,1065
2839,1040
2775,1015
2687,1024
2639,993
2515,949
2483,994
2403,898
2315,921
2283,979
3525,1158
3491,1913
3416,1327
3356,1322
5804,1309
5776,1567
5442,2949
5234,1880
5034,3945
4922,2922
4801,1948
4693,1682
4581,1747
4461,1646
4393,1601
4337,1623
4293,1600
4191,1557
4095,1530
4006,1492
3948,1624
3872,1552
3832,1558
3772,1534
3718,1481
4441,1561
4389,1570
4361,1598
4319,1500
4291,1444
4265,1518
4251,1480
4058,1404
3834,1358
3626,1297
3512,1395
3343,1432
3231,1355
3127,1526
3111,1551
3063,1467
2899,1379
2803,1416
2715,1376
2659,1344
2651,1390
2557,1329
2509,1281
2465,1315
2437,1268
4950,1454
4658,1469
4474,1485
4403,1418
4196,1426
4092,1385
3966,1322
3858,1350
3777,1304
3681,1314
3640,1272
3593,1266
3577,1297
3427,1231
3355,1214
3307,1225
3237,1219
3204,1180
3153,1179
3107,1151
3830,1162
3786,1150
3762,1170
3724,1164
3700,1177
3674,1165
3664,1101
3430,1081
3302,1089
3126,987
3030,1068
2878,970
2782,948
2694,922
2646,943
2638,921
2490,884
2410,890
2338,1099
2290,814
2214,1497
2198,1370
3419,951
3367,1401
3323,1272
3315,1554
5410,4257
5198,2929
4998,1804
4885,1673
4797,3917
4657,3770
4545,2224
4457,1644
4357,1625
4301,1654
4257,1609
4155,1586
4059,3346
3971,3411
3915,2512
3839,1671
3799,1637
3738,1640
3684,1586
3636,1576
4345,1599
4317,1661
4275,1656
4247,1613
4221,1610
4207,1511
4011,1488
3787,1400
3579,1398
3467,1357
3299,1291
3187,1228
3083,2482
3067,2384
3019,2329
2855,1795
2767,1403
2671,1321
2615,1391
2607,1328
2515,2124
2467,2173
2423,2102
2395,2029
2391,1573
4552,2153
4392,1664
4312,2201
4128,1606
4040,1113
3923,1087
3843,1294
3755,1066
3697,1033
3631,1140
3587,1081
3571,1881
3469,1826
3349,1772
3309,1865
3232,1163
3200,1136
3164,1145
3148,1121
3065,1089
3029,1149
3754,1099
3714,1739
3690,1820
3668,1322
3656,834
3485,813
3293,854
3117,797
3021,995
3005,1371
2837,1330
2757,1302
2669,1330
2629,1563
2513,1520
2417,1449
2329,1462
2313,1443
2273,1450
2189,881
2157,903
2113,856
3342,999
3306,1367
3168,1326
5232,1263
5120,1355
4968,1518
4816,2363
4760,1692
4564,1374
4476,3891
4420,3932
4344,2247
4268,1771
4244,1717
4126,3678
4045,3536
3925,3346
3857,1917
3809,1629
3757,1669
3737,1641
3671,1588
3631,1585
3587,1569
4317,1893
4251,1825
4225,1775
4211,1779
4018,1790
3954,1714
3762,1716
3554,1647
3458,1602
3274,1581
3178,1542
3074,1563
3034,2677
2894,2650
2782,2538
2766,1955
2662,1883
2614,1860
2538,1876
2482,1847
2474,1779
2422,1792
2402,1764
2284,1700
2252,1726
4332,1870
4178,1861
4058,1893
4016,1805
3888,1787
3768,1782
3728,1723
3652,1702
3620,1710
3572,2161
3498,2101
3402,1684
3330,1608
3298,1595
3206,1599
3170,1557
3150,1563
3104,1572
3064,1516
3020,1501
3004,1517
3709,1497
3689,1527
3667,1509
3657,1447
3424,1446
3264,1436
3120,1376
3024,1370
2872,1356
2776,1349
2688,1304
2672,1348
2632,1325
2484,1298
2404,1308
2332,1265
2284,1319
2276,1312
2192,1276
2152,1267
2116,1263
2092,1284
3311,1128
3109,1365
2997,1345
5125,1594
4908,1458
4803,1487
4763,1447
4567,1574
4463,1473
4423,1680
4315,1778
4271,1973
4243,1982
4128,2058
3976,1890
3928,1851
3860,1838
3804,1765
3760,1793
3740,1753
3674,1693
3634,1720
3590,1747
3566,1663
4253,1770
4227,1801
4213,1756
4020,1681
3956,1666
3764,1645
3556,1618
3460,1507
3275,1377
3179,1614
3091,1557
3035,1530
2895,951
2783,1002
2767,1296
2663,2059
2623,2058
2539,2123
2483,2108
2475,2008
2423,2062
2403,1930
2285,1960
2253,1832
2173,1823
4213,2111
4117,2110
4021,2208
3929,1573
3833,1466
3737,1491
3677,1546
3629,1493
3593,1522
3507,1474
3427,1493
3355,1414
3307,1406
3239,1316
3207,1656
3171,1715
3113,1581
3073,1660
3037,1651
3017,1515
2987,1605
3705,1631
3683,1615
3671,1598
3500,1403
3308,1451
3132,1611
3036,1034
2884,666
2852,686
2772,788
2684,1266
2644,1489
2524,1469
2427,1532
2337,1478
2321,1473
2281,1553
2197,1385
2165,1486
2121,1463
2113,1413
2093,1437
3176,1208
3112,1509
2967,1380
4975,1421
4823,1404
4775,1714
4635,1500
4483,1495
4435,1660
4351,2015
4311,2284
4251,2330
4165,2243
4069,2194
3965,2247
3925,1557
3849,1244
3773,1431
3749,1661
3695,1871
3647,1894
3603,1932
3579,1876
4285,2010
4257,1954
4231,1936
4217,2043
4024,1980
3800,1759
3592,1839
3480,1678
3312,1584
3280,1720
3184,1587
3080,1499
3032,1612
2900,1482
2788,1210
2684,1035
2668,1083
2620,1380
2544,1463
2488,1396
2480,1742
2428,1682
2407,1611
2289,1456
2257,1533
2177,1488
4219,1687
4123,1672
4051,1734
3935,1595
3839,1598
3767,1572
3683,1615
3643,1596
3607,1565
3583,1440
3481,1483
3417,1449
3321,1461
3261,1458
3221,1478
3185,1414
3165,1430
3119,1400
3079,1381
3043,1392
3772,1383
3734,1365
3710,1382
3688,1352
3676,1311
3505,1316
3313,1264
3137,1328
3105,1319
3025,1277
2857,1267
2777,1242
2705,1258
2657,1230
2649,1210
2500,1168
2420,1165
2348,1158
2300,1150
2292,1158
2208,1155
2176,1134
2132,1100
3373,1058
3343,1672
3205,1382
5430,1306
5251,1777
5047,1550
4923,1486
4832,4075
4687,3022
4588,2065
4482,1777
4442,1768
4333,1722
4289,1856
4265,1908
4178,1788
4066,1964
3978,1908
3938,1856
3862,1852
3822,1787
3778,1774
3708,1733
4421,1788
4369,1807
4361,1799
4337,1808
4291,1740
4267,1770
4241,2360
4229,2157
3974,1890
3814,1812
3605,1805
3493,1682
3325,1766
3293,1730
3197,1637
3109,1643
3053,1645
2913,1604
2881,1483
2785,1516
2697,1496
2641,1495
2633,1538
2541,1396
2501,1505
5012,1576
4920,1487
4876,1508
4860,1656
4582,1505
4406,1541
4342,1638
4158,1510
4086,1320
4038,1216
3921,1286
3797,1209
3756,1162
3696,1153
3648,1151
3612,1153
3596,1206
3494,1118
3374,1078
3334,1182
3274,1131
4032,1141
3988,1148
3964,1083
3902,1126
3854,1039
3810,1053
3786,1044
3748,1187
3724,1006
3702,1002
3690,1020
3519,934
3327,978
3259,939
3114,1069
3031,1148
2857,1100
2793,1185
2704,1154
2656,1214
2648,1187
2500,1075
2420,1087
3735,1206
3647,1960
6308,1513
6111,1389
6007,1629
5907,1608
5851,5166
5791,3067
5578,2232
5274,5207
5174,3445
5004,2450
4852,4856
4804,2743
4664,2189
4512,2004
4462,1848
4377,4679
4337,4373
4277,3280
4190,3137
4094,2558
3990,1905
4783,1884
4691,1830
4643,4214
4571,4044
4501,1954
4445,1560
4393,1526
4365,1520
4323,1497
4295,1483
4269,1561
4255,1629
4060,1398
3831,1549
3618,1550
3584,1482
3483,1794
3295,1446
3196,1925
3101,3736
3040,2472
2900,2491
2868,1948
2772,1900
2668,1852
5306,2029
5190,1994
5094,2058
4998,2488
4922,1608
4862,1395
4838,1314
4560,2456
4416,2541
4320,1875
4136,1591
4064,1588
4016,2224
3852,2298
3780,1750
3732,1674
3664,2226
3604,1705
3584,1314
3510,2177
3414,2143
4169,1615
4129,1345
4045,1344
3969,1291
3945,1261
3883,2012
3835,2604
3791,1188
3767,1550
3729,2003
3705,1944
3683,1529
3671,1889
3500,1794
3308,1391
3132,1403
3036,1386
2884,1334
2788,1647
2772,1384
2684,1340
2644,1303
2528,1313
3883,1200
3747,2902
6466,1638
6338,1483
6142,2039
6038,1782
5938,2058
5882,1918
5822,2323
5611,4749
5305,4513
5209,2647
5041,3262
4888,2546
4832,4238
4699,3075
4547,4028
4491,2282
4415,3970
4339,3131
4315,3883
4197,2909
4117,1982
4876,3822
4749,2816
4683,1899
4623,1841
4586,2247
4501,1842
4449,1805
4395,1830
4371,1815
4323,1739
4299,3596
4273,3480
4261,2419
3997,1672
3801,1649
3587,1540
3487,4102
3299,2209
3218,1486
3111,2829
3053,2821
2913,2671
2881,1591
2785,1593
2681,2599
5334,3527
5218,2989
5122,1672
5026,1391
4926,3237
4882,3486
4866,1391
4584,1180
4405,1104
4237,2690
4140,2606
4044,1605
3952,1287
3856,2563
3760,2474
3699,1489
3650,1231
3614,2392
3528,2436
3448,1809
4206,1221
4150,1294
4066,2452
4026,2428
3966,2001
3904,1339
3856,1417
3812,1313
3788,2471
3750,2605
3726,1928
3704,1334
3692,1299
3521,1221
3326,1168
3148,2304
3051,2278
2897,2237
2801,1380
2713,2254
2697,2243
2656,1771
2508,1267
2444,1312
3749,1212
3661,2118
6323,2177
6127,2310
6023,3095
5907,2084
5831,1868
5803,2079
5597,4995
5293,4406
5181,2547
4965,4615
4861,2900
4721,4444
4625,2613
4521,1990
4481,2009
4373,1967
4321,4101
4300,4139
4185,2509
4032,1820
4820,1950
4718,3848
4670,3884
4618,2356
4594,1772
4472,1774
4420,3688
4392,3648
4350,2401
4322,1654
4296,1622
4282,1668
4084,1632
3855,3364
3641,3196
3526,3269
3354,2346
3322,1896
3226,1863
3122,1821
3074,2890
2942,2829
2826,2792
2721,2139
2705,1706
2655,2675
5159,2991
5061,2332
4968,1546
4919,2860
4868,2272
4680,1469
4552,2716
4360,2728
4208,1683
4088,1257
4048,1219
3924,1224
3804,2441
3764,2417
3688,2410
3656,1934
3608,1235
3533,2723
3432,1621
3359,2292
4145,2239
4026,1828
3981,2273
3957,1648
3893,1423
3845,1332
3801,1320
3775,1341
3731,1260
3711,1251
3689,1322
3679,1233
3510,1174
3318,1223
3142,1098
3046,1088
2894,1152
2798,1071
2782,1067
2694,1048
2654,1043
2505,998
2441,1031
2352,1172
3699,1616
6282,1679
6086,1517
5982,1448
5882,1430
5826,1951
5766,1461
5556,1441
5252,4235
5156,3939
4988,2213
4835,1779
4779,1798
4647,1839
4495,1713
4447,1733
4363,1824
4323,3731
4263,3756
4177,2122
4065,1598
3977,1550
4756,1597
4624,1566
4572,1599
4544,1605
4474,1556
4418,1556
4366,1569
4338,1667
4288,1655
4264,1628
4238,1609
4228,1563
4035,1552
3811,1485
3603,1464
3491,1531
3323,1484
3210,1390
3194,1380
3090,1488
3042,1489
2909,1425
2797,1630
2693,1037
2677,892
5293,1248
5121,1340
5033,1368
4949,1662
4901,1622
4853,1611
4731,1591
4539,2561
4347,2569
4195,1569
4074,1263
4034,1219
3910,1226
3790,1220
3750,1209
3674,1352
3642,1336
3594,1342
3520,1302
3440,1307
3352,1259
4139,1254
4055,1270
4015,1275
3955,1221
3893,1258
3845,1202
3801,1169
3777,1161
3739,1221
3715,1105
3693,1214
3681,1107
3510,1091
3318,1244
3142,1187
3046,1156
3030,1174
2861,1132
2781,1153
2693,1131
2661,1155
2537,1081
2441,1120
2425,1094
3702,1132
6292,1659
6151,2491
5998,1894
5942,1845
5834,1649
5782,1739
5620,1864
5396,1642
5220,1828
5020,1996
4908,2094
4788,1934
4680,2157
4568,2136
4448,2110
4380,2085
4324,1903
4280,2067
4260,2040
4082,1960
3994,1984
4765,1968
4665,1957
4617,2025
4565,1971
4541,1909
4419,1930
4367,1882
4339,1796
4297,1858
4269,1848
4243,1754
4229,1818
4036,1679
3812,1622
3780,1668
3572,1627
3476,1590
3292,1605
3196,1780
3108,1611
3052,1676
2912,1858
2880,1848
2784,1904
2680,1791
5318,2093
5202,2130
5106,2021
5010,1945
4934,2048
4874,1869
4850,1899
4572,1952
4396,1840
4237,1792
4148,1814
4060,1751
3944,1670
3864,1685
3776,1637
3744,1633
3652,1664
3616,1586
3592,1579
3490,1570
3406,1554
4149,1527
4073,1615
4025,1570
3973,1546
3953,1541
3879,1480
3839,1469
3795,1472
3775,1439
3733,1420
3713,1469
3691,1465
3681,1402
3448,1427
3288,1358
3112,1477
3032,1383
2896,1301
2800,1308
2712,1339
2664,1313
2656,1319
2508,1293
2428,1267
3735,1427
6341,1788
6185,1673
6073,1632
5953,2314
5869,1669
5793,1665
5765,1548
5431,1600
5255,1671
5143,1591
4927,1646
4823,1967
4783,2086
4587,2113
4483,2085
4443,1995
4335,1942
4291,2166
4263,2172
4149,2271
4824,2298
4768,2182
4684,2160
4620,2110
4568,2107
4544,2190
4462,2263
4414,2112
4362,2094
4300,2137
4272,2039
4246,2054
4232,1916
4039,1826
3975,1902
3783,1819
3575,1694
3479,1755
3295,1580
3199,1655
3111,1651
3055,1507
2915,1694
2803,1546
2787,1527
2683,1703
5298,1792
5174,1965
5054,1991
5006,2000
4914,2009
4870,1942
4736,1918
4543,1924
4351,1924
4231,1834
4135,1868
4039,1756
3915,1739
3851,1750
3755,1741
3695,1664
3647,1690
3611,1692
3525,1670
3445,1614
4184,1710
4144,1638
4060,1685
3984,1666
3960,1462
3898,1437
3850,1431
3806,1600
3782,1627
3744,1554
3720,1490
3698,1534
3686,1531
3515,1495
3323,1439
3147,1534
3051,1422
2899,1352
2867,1492
2787,843
2699,832
2659,810
2543,923
2447,1338
2359,1862
3707,1254
6301,2314
6159,1627
6006,3338
5950,1996
5842,1687
5790,1647
5628,1666
5404,1720
5164,2095
4996,2327
4916,2720
4796,2725
4656,1865
4576,1673
4456,1714
4388,4027
4332,4010
4288,3029
4186,2000
4090,1925
4829,1982
4765,1948
4673,1951
4625,1949
4573,1893
4483,1892
4427,1899
4375,1819
4347,1810
4305,1834
4277,1855
4251,1790
4237,1825
4044,1703
3820,1605
3612,1551
3580,1770
3483,1680
3299,1676
3203,1620
3099,1556
3059,1579
2919,1764
2807,1706
2791,1804
5417,1919
5329,1966
5213,2029
5117,1905
5021,1894
4945,2136
4885,1840
4861,1754
4583,1769
4407,1730
4239,1720
4159,1664
4071,1658
3955,1596
3874,1614
3785,1574
3751,1592
3658,1637
3622,1560
3598,1522
3496,1514
4203,1490
4155,1533
4079,1567
4031,1546
3979,1742
3959,1489
3885,1405
3845,1475
3801,1414
3781,1364
3739,1400
3719,1322
3697,1300
3687,1317
3454,1249
3294,1275
3118,1299
3038,1236
2870,1201
2790,1287
2718,1233
2670,1359
2546,1203
2514,1199
2434,1244
6452,1216
6348,2033
6208,1456
6096,1715
5975,1634
5891,1704
5814,2052
5786,1606
5452,1745
5244,1728
5044,2309
4932,2189
4844,2847
4704,2296
4592,2154
4504,5732
4404,2722
4356,1847
4304,2347
4284,1588
4102,4918
4844,1799
4788,4799
4688,3139
4638,1832
4586,1740
4562,2325
4440,1559
4387,1793
4359,1525
4317,1597
4289,4333
4263,4226
4249,1656
4055,2435
3828,2283
3620,2962
3508,2312
3492,2112
3308,2931
3212,2147
3106,2194
3058,1359
2926,1313
2814,2781
2710,2663
5411,1453
5315,3018
5191,1537
5071,3848
5023,1732
4931,1122
4887,1383
4753,974
4561,991
4369,3956
4216,3102
4096,1890
4056,1783
3932,2701
3812,1609
3772,1263
3696,1090
3664,1057
3616,2282
3542,2950
3446,2924
4206,1677
4166,1342
4050,1042
4006,984
3982,994
3920,991
3864,845
3820,695
3800,2715
3758,2346
3738,1385
3716,1225
3706,2133
3473,1372
3313,1187
3137,875
3073,2206
2921,2284
2825,1190
2737,811
2689,2090
2681,2123
2533,1693
2453,1578
2381,1149
6352,1574
6212,1771
6100,1897
5980,2950
5896,4221
5820,2561
5792,1775
5458,1777
5250,5015
5050,4078
4954,3955
4850,2184
4710,1760
4598,2356
4510,1616
4410,2009
4362,2584
4310,1859
4290,1640
4112,2448
4024,1452
4795,1921
4695,3945
4647,3924
4595,3702
4505,1906
4449,1602
4397,3507
4368,3584
4326,1958
4298,3489
4272,2696
4258,1735
4065,1713
3841,1711
3633,3174
3521,3207
3353,2347
3321,1785
3225,1776
3121,2929
3073,2844
2940,2133
2828,1690
2724,1623
2708,2762
5322,3017
5150,1979
5062,2256
4978,1749
4930,1410
4882,2814
4696,2854
4456,1603
4376,1261
4224,2719
4104,2641
4056,2050
3940,2646
3820,1925
3772,1959
3704,1933
3644,1913
3624,1543
3550,1303
3454,1373
3382,971
4101,883
4053,1152
4009,934
3985,3296
3907,2306
3867,2302
3823,2342
3803,1777
3761,2265
3741,2160
3719,1653
3709,1712
3476,2140
3316,1643
3140,1273
3076,1262
2923,1242
2827,1245
2738,1263
2690,1032
2682,1970
2531,1824
2451,1871
2378,1427
2330,1796
6292,1230
6177,1935
6057,1555
5972,1429
5896,1562
5868,1930
5532,3617
5355,3230
5242,2178
5026,1857
4922,4357
4882,4207
4678,2750
4567,4709
4523,2106
4411,4104
4364,4093
4333,2085
4218,1664
4065,1706
4852,3818
4767,3766
4703,2263
4651,1575
4627,1640
4543,5077
4494,4944
4442,2469
4380,1903
4352,4962
4326,4365
4312,2203
4115,1624
4049,1606
3853,4106
3640,3970
3543,1613
3356,2754
3258,2697
3164,2066
3102,2140
2960,1519
2844,1274
2827,1200
2721,1182
2681,1169
5286,1228
5134,1341
5086,1289
4994,1324
4949,1557
4815,1063
4655,3232
4478,3420
4310,2360
4214,3183
4118,2382
4026,3094
3930,1788
3858,1157
3774,2352
3734,2280
3690,1752
3674,1402
3524,1341
3452,1335
4253,1339
4161,2235
4121,2298
4077,1709
4057,1320
3951,1329
3907,1277
3883,1581
3845,1542
3821,1515
3799,1456
3787,1481
3614,2513
3418,2407
3233,1440
3159,1177
3120,1194
2952,1153
2872,1856
2783,1837
2751,1800
2627,1780
2529,1372
2513,1388
2425,1350
2384,1714
6252,1211
6099,1946
6043,1614
5935,1931
5883,2693
5712,1885
5481,1900
5297,4613
5081,4380
4962,3530
4830,2085
4710,1873
4598,1711
4510,1717
4410,1800
4362,1664
4310,1753
4290,1953
4110,1811
4022,2452
4799,1995
4699,1959
4650,1716
4598,1504
4574,3882
4492,3818
4444,2280
4390,1831
4326,1877
4298,1888
4294,3614
4268,4245
4255,1775
4000,1524
3808,3299
3599,3291
3502,2427
3350,1927
3238,1839
3134,2905
3078,2816
3070,2183
2906,2680
2810,2681
2722,2827
5361,2199
5313,1861
5149,3165
5061,2219
4977,2910
4929,1807
4881,2728
4695,2092
4455,2759
4375,2117
4223,3435
4103,1561
4063,1163
3939,1067
3875,1074
3779,1112
3719,2446
3671,2454
3635,2377
3549,1833
3469,1444
4227,2432
4179,2301
4087,1182
4047,1122
4003,1119
3983,1086
3905,1151
3863,2215
3816,2235
3796,2208
3754,1409
3734,1146
3712,1140
3702,1357
3469,2050
3309,2059
3133,2024
3053,1509
2916,2425
2820,1718
2731,1133
2683,1127
2675,2270
2527,2158
2447,1621
2375,1588
6364,1212
6308,1941
6096,1614
5976,1658
5892,2025
5816,3130
5788,4603
5454,4660
5246,3169
5166,1788
4950,5229
4846,3354
4706,1692
4610,5014
4506,3427
4406,1673
4358,1631
4306,1627
4286,1467
4108,1584
4849,1957
4793,1961
4693,1920
4645,3603
4593,3607
4568,4574
4445,2379
4391,1419
4363,3474
4321,3424
4293,2432
4267,1525
4253,2647
4058,2624
3834,2421
3626,1833
3514,3053
3345,2999
3313,1793
3217,2228
3113,2220
3065,2174
2901,2099
2821,2081
2717,2069
5355,2917
5307,2138
5143,1398
5055,1218
4971,2845
4923,2760
4875,1670
4689,2688
4449,2077
4353,2820
4169,1313
4081,1174
4049,1544
3885,2407
3797,2737
3765,1493
3673,2331
3629,2459
3613,1884
3463,2308
3391,1808
4170,1411
4078,1446
4038,2392
3994,2308
3974,1422
3868,1154
3824,1143
3800,1176
3762,1122
3738,2117
3716,2140
3704,2107
3533,1302
3341,1116
3165,1095
3069,1056
2917,1966
2821,1940
2805,1953
2717,1513
2677,1503
2529,1415
2465,1413
2377,1457
2329,1412
2321,1399
6111,1366
5975,2081
5891,1551
5815,2954
5787,2017
5453,4628
5245,2869
5045,2040
4949,2297
4845,2321
4704,2018
4592,4507
4504,4520
4404,2312
4356,4118
4304,2763
4202,4028
4106,2402
4018,1886
3962,1866
4689,4009
4597,3980
4569,3114
4499,2024
4443,1984
4391,1874
4359,1809
4313,3632
4289,3522
4263,2505
4251,1872
3996,3355
3804,2510
3596,1988
3500,1888
3316,1782
3236,1850
3132,1755
3076,1909
2936,2336
2824,3318
2808,3332
2704,1919
2656,1600
2580,1547
5074,1654
4974,3294
4926,2813
4878,1567
4692,1531
4452,2698
4356,3016
4172,1850
4084,1362
4052,1293
3888,1273
3800,1231
3716,1285
3676,2684
3632,2931
3616,2271
3466,1813
3394,2312
3346,1865
3278,1701
4005,1738
3981,1815
3919,2231
3863,1707
3819,1419
3799,2170
3757,2183
3737,1374
3715,1108
3705,1122
3472,1125
3312,2131
3136,2110
3056,2011
2888,1971
2808,1508
2720,1172
2680,1182
2532,1219
2468,1135
2380,1824
2332,1869
2324,1923
2240,1407
2200,1872
2164,1835
2140,1825
5806,1159
5472,1993
5264,1461
5064,1384
4968,1386
4863,1776
4722,2528
4610,3306
4522,3356
4422,4382
4374,2356
4322,4178
4302,3006
4124,4436
4036,3085
3984,3992
3904,2429
3864,2867
3820,2517
4523,2011
4467,5300
4415,5388
4387,2748
4345,2119
4317,1809
4291,2045
4277,2022
4084,1954
3860,1955
3652,2044
3540,2060
3371,1992
3259,1945
3243,1988
3139,1919
3091,1836
2927,3825
2847,3815
2743,2771
2687,1836
2679,1812
2586,1824
2546,1766
2494,3487
2486,3455
4924,2696
4738,1797
4498,1728
4402,4296
4218,2112
4146,1452
4098,1259
3934,2706
3846,2592
3814,1870
3722,1577
3686,1517
3662,2480
3560,2486
3496,1874
3400,1127
3340,1115
3300,2421
3256,2404
3240,2341
3964,1884
3924,2352
3876,1869
3852,2358
3792,2297
3769,1862
3757,1167
3582,1079
3517,1032
3356,1031
3176,1143
3096,2135
2928,2133
2848,2111
2776,2090
2728,2035
2604,1597
2508,1562
2492,1924
2404,1970
2372,1971
2294,1934
2244,1520
2236,1730
2190,1413
2172,1389
2065,1346
5486,1112
5238,1660
5094,1442
4970,1394
4840,1413
4726,1863
4613,1575
4493,1672
4425,4260
4369,1657
4325,4204
4223,4167
4127,2499
4023,3984
3983,3070
3907,3802
3867,2391
3807,1999
3753,1954
4465,2016
4413,3793
4385,4317
4343,4668
4315,2094
4289,2685
4275,2376
4082,1898
3858,1333
3650,2072
3538,1326
3369,1195
3257,1552
3241,1125
3137,1187
3089,1348
2924,1152
2843,3534
2738,2660
2682,1839
2674,1371
2580,1332
2540,2448
2488,3446
2480,1536
4894,2888
4708,2407
4468,1377
4372,876
4188,946
4116,1015
4068,2412
3904,2542
3832,2615
3784,2013
3716,1306
3656,2763
3636,1977
3530,1445
3466,1364
3370,1310
3310,2511
3270,2489
3234,2060
3210,1515
3152,1439
3879,2496
3835,2485
3815,1854
3773,1233
3753,1116
3731,1038
3721,2396
3484,2262
3324,1784
3147,1137
3083,1115
2926,1075
2830,1167
2742,2146
2726,2135
2686,2110
2538,1703
2474,1253
2386,1259
2338,1191
2330,1206
2246,2082
2214,1762
2170,1683
2162,1640
2142,1681
2040,1645
5313,1095
5217,1442
5049,1462
4897,1242
4849,1216
4709,1368
4557,1774
4509,1622
4425,1457
4385,1541
4341,1606
4239,1753
4142,1899
4054,3673
3998,3778
3921,2717
3880,1977
3836,3590
3816,3574
4524,2306
4475,1918
4421,1927
4397,1914
4349,1883
4324,1850
4298,1913
4286,3539
4031,3392
3839,2529
3631,1693
3551,1614
3383,1662
3271,1606
3255,2947
3151,2999
3103,2946
2971,2209
2859,1735
2755,2491
2739,2794
2691,2743
2615,2630
2559,2659
2551,2670
5032,2196
4972,1848
4948,1784
4766,1670
4526,1743
4430,1748
4294,1700
4174,2701
4134,2723
4010,1955
3946,1426
3850,2648
3790,2547
3742,1584
3706,1280
3690,1319
3540,1292
3468,2348
3428,2402
3352,2368
3320,1434
4094,1372
4074,1409
4000,1562
3960,1639
3916,1184
3896,1487
3854,1156
3834,1503
3812,1375
3802,1123
3569,1080
3409,1430
3233,1697
3153,1702
3017,1660
2921,1629
2833,1604
2785,1623
2777,1589
2629,1564
2549,1558
2477,1567
2429,1536
2421,1522
2337,1504
2305,1500
2261,1533
5954,1445
5894,2085
5683,2146
5379,1794
5281,1796
5115,1882
4963,1946
4907,1860
4775,1749
4623,1965
4575,2113
4491,2423
4451,2417
4391,2375
4304,2335
4192,2274
4104,2224
4064,2255
4752,2262
4700,2190
4672,2208
4602,2205
4546,2081
4490,2110
4462,2109
4416,1990
4392,2023
4366,2020
4354,2026
4161,2006
3934,1896
3720,1850
3607,1790
3437,1738
3323,1744
3307,1727
3202,1904
3153,1880
2984,1845
2902,1812
2795,1771
2779,1780
2730,2053
2634,2002
5137,2101
5050,2248
5001,2254
4952,2168
4765,2108
4637,2075
4444,2043
4289,2100
4168,2036
4128,1994
4004,2009
3884,1949
3844,1955
3767,1920
3735,1893
3687,1869
3612,1875
3532,1872
3444,1828
3412,1789
4150,1793
4110,1857
4050,1797
3988,1794
3940,1742
3896,1680
3872,1689
3834,1706
3810,1699
3788,1679
3776,1838
3594,1614
3402,1329
3221,1256
3125,1261
3109,1285
2932,1218
2852,1425
2763,1573
2731,1537
2601,1510
2505,1526
2489,1512
2398,1504
2358,1528
2285,1423
2237,1397
2229,1360
5919,1349
5867,2045
5847,1541
5506,1760
5291,1664
5085,2539
4982,1739
4870,1616
4726,2076
4630,1886
4526,2553
4486,1970
4378,1735
4334,2514
4306,1903
4192,1660
4112,2380
3991,1670
4727,1579
4671,2224
4619,1457
4591,1497
4521,1666
4465,1414
4405,1383
4381,2130
4335,1342
4315,1291
4287,2328
4273,1400
4080,1300
3856,1561
3648,1240
3536,1353
3520,1557
3336,1942
3240,2653
3152,2602
3096,2572
2956,2599
2924,2489
2828,2465
2724,2416
5373,2528
5257,2062
5161,1575
5065,1593
4989,1432
4957,1410
4909,1386
4723,1388
4483,1378
4387,1346
4250,1304
4130,1431
4082,1586
3966,1595
3846,1522
3806,1504
3730,1495
3698,1498
3650,1471
3576,1505
3496,1447
4238,1471
4198,1557
4114,1508
4074,1463
4029,1068
3951,2626
3903,2774
3859,1683
3835,1181
3797,1219
3773,1182
3751,1162
3739,1052
3567,1204
3374,1283
3198,1335
3102,1378
2949,1139
2853,1120
2837,1119
2749,1415
2709,1387
2560,1327
2492,1354
2402,1393
2351,1310
2342,1351
2256,1284
6177,1571
6077,1783
6021,2062
5961,2870
5751,2056
5446,4884
5334,3233
5118,2270
5030,2119
4974,2236
4778,2102
4690,2178
4634,2166
4558,2181
4482,2048
4458,2099
4340,2003
4260,2002
5010,2132
4926,2197
4870,2142
4818,2130
4786,2127
4704,2085
4656,2047
4604,2005
4580,2001
4534,1986
4510,1992
4484,2041
4472,1957
4216,1906
4024,1828
3816,1770
3720,1897
3567,1836
3454,1841
3350,1807
3294,1806
3286,1757
3119,1715
3020,1755
2930,1929
5867,2141
5819,2240
5632,2178
5533,2129
5455,2107
5395,2044
5373,2069
5189,2032
4949,1836
4853,1883
4669,1832
4581,1415
4549,1265
4385,2723
4313,2747
4265,2106
4172,1764
4136,1646
4115,1596
4008,1651
3944,1512
4832,1518
4756,1518
4708,1539
4656,1526
4636,1606
4562,1505
4522,1489
4478,1499
4458,1494
4416,1493
4396,1518
4374,1455
4364,1509
4111,1457
3930,1388
3737,1359
3643,1384
3444,1282
3364,1274
3253,1265
3193,1260
3058,1429
3024,1856
2934,1067
2831,1079
2794,1037
2706,2018
2687,2010
6383,1306
6293,1883
6215,1542
6187,1547
5851,1842
5643,3889
5443,3384
5331,3526
5243,2644
5103,2092
4991,4833
4903,3690
4803,3521
4747,2399
4703,4477
4593,3270
4484,1981
4390,1802
5175,4285
5080,4502
5032,2106
4960,4044
4879,2753
4797,1881
4719,1789
4680,1800
4620,1843
4580,1743
4546,3749
4530,3881
4300,2243
4060,1648
3838,1592
3719,1596
3538,3322
3423,3292
3407,2515
3297,1961
3248,1957
3072,1894
2992,3080
2885,2983
2829,2262
5476,1926
5308,3209
5218,2489
5131,2421
5083,2385
5035,1886
4826,1539
4584,2970
4488,2231
4298,1483
4207,1463
4175,1430
4005,2881
3917,2786
3885,1625
3789,2288
3744,2026
3728,2633
3624,1882
3504,1284
4236,1304
4190,1481
4150,2705
4106,2682
4086,1889
3980,2414
3936,1482
3912,1834
3874,1900
3850,1852
3828,1774
3816,2354
3638,1652
3446,1142
3265,2122
3169,2669
3005,2124
2909,1616
2818,1432
2802,1373
2762,1340
2602,1340
2538,2178
2445,2115
2397,1738
2389,1311
2299,1274
2258,1307
2222,2070
5911,1170
5883,2113
5534,1540
5325,1470
5245,2189
5027,2583
4921,2302
4771,2187
4675,2203
4571,2195
4469,2271
4421,2243
4369,2362
4349,2217
4167,2245
4079,2457
4031,2318
4757,2376
4709,2338
4657,2387
4633,2331
4509,2360
4457,2199
4429,2226
4386,2268
4358,2192
4332,2128
4318,2249
4122,2029
3898,4263
3690,4122
3578,2374
3410,1694
3298,1659
3282,1669
3178,1601
3130,1830
2966,1961
2886,1920
2782,1983
2726,3568
2718,3534
2626,2628
5162,3757
5062,2586
5002,2822
4978,1838
4698,1765
4522,1615
4458,1788
4274,1758
4186,3451
4070,3176
3990,1634
3902,1423
3818,3267
3778,3237
3734,1887
3718,1353
3568,1336
3495,1335
3447,3023
3379,2904
4158,2289
4098,3090
4035,1634
3986,1285
3941,1284
3913,1181
3871,1231
3851,1514
3829,1276
3819,938
3585,1021
3424,1133
3247,892
3167,934
3031,978
2935,816
2846,765
2798,757
2674,700
2642,714
2562,751
2474,807
2442,1033
2366,1123
2318,1281
2310,1181
2266,1954
2249,1900
2138,1874
5554,1107
5299,1741
5120,1467
5038,1398
4909,1899
4762,3139
4596,3008
4546,2068
4453,4173
4412,2947
4349,2112
4258,3890
4145,2953
4056,2046
3956,2002
3908,1922
3864,3835
4627,3920
4538,2387
4484,1707
4426,1696
4397,1698
4349,1685
4303,1642
4289,1673
4096,1603
3871,1760
3662,1675
3630,1655
3534,1865
3350,1826
3253,3208
3147,3094
3098,3030
2965,2291
2853,2309
2749,1797
2693,1670
2685,1787
2593,2864
2553,2752
2501,2844
4929,2282
4905,1590
4626,2954
4450,2307
4282,2899
4186,1812
4113,1354
3997,2742
3901,2659
3805,2041
3745,2617
3697,2084
3649,1388
3575,2466
3479,2536
3407,1949
3323,2550
3283,1926
3247,2423
3223,1988
3165,1869
3893,2381
3832,1797
3794,2370
3770,2355
3748,1505
3736,1242
3565,1290
3373,1207
3197,1373
3101,1526
2949,1464
2853,1502
2765,1466
2717,1420
2593,1405
2561,1404
2481,1376
2393,1372
2361,1387
2285,1382
2237,1376
2229,1365
2185,1336
2165,1350
2063,1297
1967,1293
1951,1560
1863,1554
1831,1823
4869,1080
4673,1518
4569,1404
4529,1285
4421,1421
4377,2789
4349,1788
4235,1731
4083,1936
4034,3898
3966,3843
3910,2410
3866,2067
3846,2004
3780,1992
3740,1948
3680,4058
4394,4109
4366,2561
4340,1954
4326,1966
4133,1819
3909,1762
3701,1661
3667,3648
3567,3125
3382,2739
3286,1824
3182,1408
3142,1467
3002,3264
2890,3284
2786,2512
2770,1906
2722,1979
2646,3133
2590,3066
2582,2421
2530,1896
2510,1808
2390,1762
2357,1834
4468,1893
4308,3299
4179,3086
4129,1919
4004,2254
3870,3091
3825,2264
3742,1550
3675,3030
3652,2777
3544,2844
3480,2096
3408,1287
3324,1296
3284,2370
3248,2372
3224,2383
3166,2291
3134,1826
3098,2315
3082,2307
3787,1803
3767,2343
3745,2595
3735,1277
3502,2208
3342,2134
3166,1661
3086,2095
2918,2102
2838,1647
2766,1636
2718,2023
2594,1986
2498,1980
2482,2286
2394,1100
2354,1068
2286,1023
2238,1898
2230,1922
2186,1884
2166,1898
2064,1843
1968,1825
1952,1792
1880,1798
1832,2228
1824,1161
1740,958
4556,1168
4500,1338
4392,1250
4348,1356
4320,2203
4206,2011
4054,1768
4006,5223
3938,5047
3882,2438
3838,2096
3818,1945
3720,1913
3676,1989
3652,1969
3618,2120
3594,4766
4304,4813
4290,2821
4097,2093
3872,1940
3664,1826
3552,1939
3383,1800
3271,4040
3167,4158
3111,2908
2971,1850
2939,1871
2842,3676
2738,3660
2698,2664
2614,2108
2558,2088
2550,3552
2498,3425
2474,2529
2360,1977
2248,1867
2232,1844
2128,3105
2088,3134
4091,2478
3927,1946
3839,3184
3755,2309
3715,1547
3671,3017
3585,2927
3505,1500
3417,2927
3385,2958
3293,2163
3257,1336
3237,2804
3175,2101
3143,1448
3107,1431
3091,2821
3045,2836
3027,2743
3017,1605
3577,1153
3385,2685
3209,2662
3113,1544
2961,1262
2865,1232
2849,1256
2761,2492
2721,2510
2570,1410
2487,2424
2415,2466
2366,1778
2290,1719
2274,1428
2234,2301
2198,2339
2174,1739
2068,1311
2036,1297
1956,1276
1884,2175
1868,2194
1828,2182
1760,1633
1712,1266
1704,1991
1668,2156
1644,1616
1640,1256
4210,931
4130,1805
4042,1197
3942,1584
3894,3952
3850,3891
3826,2510
3756,3956
3716,2267
3672,1896
3652,4243
3614,2932
3594,2143
3572,1972
3562,3904
3371,3877
3845,4117
3636,2025
3556,1618
3388,1483
3276,1523
3172,1490
3116,1596
3108,3371
2944,3431
2848,2492
2760,1703
2704,1663
2696,1765
2603,1614
2563,3165
2511,3262
2503,3105
2479,1868
2365,1537
2253,2979
2237,2980
2133,2296
2093,1848
2085,1877
1993,2053
3858,1332
3810,2660
3742,2606
3682,1972
3662,1350
3556,2521
3492,2522
3420,1733
3336,2412
3296,2806
3260,1932
3240,1351
3178,2689
3146,2712
3110,1609
3094,1598
3060,2647
3044,2582
3026,2065
3018,2660
2849,2545
3357,1532
3180,1305
3116,2486
2964,2643
2868,1503
2780,1234
2764,1274
2724,2572
2576,2408
2512,2448
2424,1813
2376,1232
2368,2390
2284,2259
2252,1468
2208,1437
2200,1533
2180,1434
2078,1527
1982,1874
1966,1720
1893,1474
1845,1861
1837,1849
1769,2188
1721,2206
1713,1595
1677,2169
1669,2184
1649,2146
4254,1001
4142,1488
4054,1532
4014,1377
3906,1467
3862,3775
3838,3814
3784,2926
3736,1993
3692,1966
3668,1950
3634,1945
3610,1908
3588,1897
3576,2024
3447,1988
3891,1797
3683,1858
3571,1796
3402,1945
3370,1952
3274,1907
3170,1930
3122,3131
2990,3023
2878,2994
2862,2389
2758,1837
2710,1803
2634,1797
2578,2800
2570,2849
2518,2761
2498,2789
2380,2084
2348,2064
2268,2651
2164,2570
2148,2537
2108,1975
2024,1906
3931,2673
3859,2622
3775,1987
3735,1561
3691,2606
3675,2481
3573,1947
3453,2440
3413,1959
3353,1925
3313,1923
3269,1930
3253,2419
3195,2413
3163,1854
3127,1853
3111,1846
3077,1824
3061,1932
3043,1805
3035,1788
3536,1714
3376,1696
3232,1684
3136,1659
2984,1651
2888,1645
2872,1641
2784,2051
2744,2031
2623,1978
2522,2019
2429,1954
2413,1600
2373,1533
2303,1516
2255,1515
2247,1510
2203,1463
2187,1467
2079,1442
2047,1410
1983,1431
1893,1789
1877,1806
1845,1822
1768,1756
1752,1739
1720,1735
1712,1760
1668,1715
4362,936
4338,1363
4220,1356
4140,1269
4052,1311
3952,2031
3904,3782
3860,2651
3836,1817
3782,3623
3734,3519
3690,2092
3662,1834
3624,1772
3608,3421
3586,3493
4305,2701
4112,1799
3888,1613
3680,1544
3568,3280
3552,3418
3368,3300
3272,1591
3167,1472
3127,1421
2987,2966
2875,2991
2859,2247
2755,1755
2715,1766
2631,1697
2615,1715
2567,1730
2523,1669
2495,2739
2491,2682
2345,2632
2265,2006
2249,2585
2143,2519
4135,2124
4101,1687
3936,1650
3864,2644
3816,2720
3748,1604
3688,2046
3668,2065
3592,3148
3496,3172
3423,3127
3391,2315
3299,2331
3262,1807
3242,1816
3195,1801
3155,3032
3119,3032
3099,1795
3069,1436
3049,1444
3762,1450
3750,1427
3579,1331
3387,1122
3211,1271
3115,2079
3099,2619
2931,2564
2851,1903
2779,1479
2731,1405
2607,2422
2575,2428
2495,1806
2407,1790
2375,1745
2298,1732
2282,1719
2242,1722
2206,1606
2182,1496
2178,1459
2076,1694
1980,1668
1964,1693
1876,1687
1844,1645
1836,1676
1768,1677
1720,1742
4520,1222
4436,1547
4396,1470
4336,1529
4250,1460
4138,1677
4050,1477
4010,1582
3934,1841
3858,1941
3834,2055
3780,2459
3732,2361
3688,2370
3664,2339
4370,2267
4342,2356
4316,2351
4302,2358
4109,2298
3885,2258
3677,2185
3565,2125
3397,2097
3365,2073
3269,2041
3165,2082
3117,2072
2985,1627
2873,1633
2769,1655
2753,1532
2705,1554
2629,1612
2573,1488
2565,1496
2513,1507
2493,1414
2375,1635
2343,1639
2247,1541
4306,1711
4210,1797
4114,1694
3990,1723
3926,1698
3830,1593
3770,1710
3722,1655
3686,1627
3600,1614
3520,1558
3448,1494
3400,1559
3332,1526
3300,1303
3264,1016
3206,968
3166,901
3130,1085
3110,1268
3821,1622
3797,1303
3775,906
3763,993
3592,1329
3400,1503
3224,1485
3192,1510
3112,1485
2944,1470
2864,1457
2775,1453
2743,1485
2619,1409
2523,1358
2507,1359
2419,1359
2387,1389
2311,1326
2295,1330
2255,1324
2219,1334
2195,1297
2191,1352
2057,1280
1993,1550
1905,1552
1889,1541
1857,1553
1781,1517
1765,1483
4627,1072
4587,1588
4473,2079
4429,1989
4401,1411
4287,1935
4206,1559
4086,1508
4016,1703
3968,1950
3924,1989
3896,1996
3829,1990
3789,1894
3745,1820
4488,2052
4442,2050
4418,1767
4392,2009
4380,2021
4125,1744
3965,1910
3757,1782
3645,1738
3476,1687
3363,1825
3347,2018
3243,1948
3195,2074
3063,1829
2951,1810
2847,1781
2831,1886
2783,1781
2707,1765
2651,1843
2643,1672
2591,1724
2571,1768
2447,1621
4810,1809
4620,1841
4440,1830
4329,1799
4247,1806
4119,1821
4024,1650
3921,1781
3882,1620
3768,1720
3718,1672
3688,1578
3585,1645
3520,1627
3447,1630
3360,1180
3320,994
3284,1137
3264,1202
3218,1430
3177,1490
3891,1519
3865,1525
3824,1477
3800,1435
3778,1491
3766,1518
3595,1447
3403,1361
3227,1357
3131,1356
3115,1398
2945,1248
2865,1296
2778,1230
2744,1296
2619,1248
2587,1218
2507,1277
2418,1247
2386,1202
2309,1225
2293,1194
2253,1211
2216,1172
2192,1187
2188,1177
2086,1153
1990,1142
1974,1273
1886,1372
1854,1318
4892,1123
4695,1484
4607,1612
4551,2384
4475,1753
4399,1765
4375,1820
4288,1625
4176,2071
4088,3281
4048,3332
3940,3464
3896,2471
3872,2011
3818,2076
4537,2053
4484,2002
4454,2191
4412,2154
4384,2039
4357,2015
4343,2169
4147,1926
3923,2451
3715,1983
3602,1835
3434,1789
3402,1808
3306,1743
3202,1808
3162,1839
3018,1657
2898,1755
2880,1753
2773,1836
2721,2664
2644,1888
2585,1582
2577,1896
2524,1871
4971,1932
4947,1976
4668,1947
4492,1974
4324,1895
4244,1891
4156,1923
4040,1826
3960,1509
3872,1479
3840,1493
3748,1523
3712,1445
3688,1519
3586,1396
3522,1583
3438,1665
3366,1620
3326,1551
3290,1893
3270,1549
3995,1539
3947,1644
3895,1540
3875,1566
3833,1556
3813,1515
3795,1517
3783,1516
3610,1438
3415,1439
3237,1652
3141,1443
3125,1378
2957,1336
2877,1361
2789,1344
2757,1322
2633,1271
2537,1314
2521,1299
2433,1240
2401,1316
2325,1492
2309,1308
2269,1273
2233,1272
2209,1316
2205,1435
2103,1496
2007,1471
1991,1376
5135,1246
4982,1850
4926,1433
4794,1434
4641,1446
4593,1960
4509,2648
4469,1782
4425,2019
4323,1971
4227,1806
4139,1919
4091,1789
4007,4718
3967,4396
4736,2525
4712,2038
4623,2340
4565,2167
4503,2341
4477,1678
4430,4587
4406,4306
4380,2365
4368,1814
4113,1833
3921,1782
3745,4224
3633,3943
3465,2387
3352,1770
3336,4070
3230,3646
3181,1860
3048,3628
2933,2701
2917,1860
2813,1657
2765,3134
2688,3098
5204,2626
5159,2219
5077,1866
5007,2272
4980,3820
4676,2557
4500,2475
4436,2489
4252,2135
4180,3047
4132,1991
3967,1706
3895,2857
3847,2110
3779,1488
3747,1209
3699,3618
3625,2283
3545,1359
3456,1153
4246,1205
4157,1149
4112,1561
4065,1190
4044,1121
3936,1747
3892,1196
3868,1113
3830,3079
3806,2735
3793,1395
3780,1232
3770,1222
3537,2940
3377,2603
3201,1260
3121,1119
2985,1322
2889,2232
2801,3028
2785,1405
2745,1063
2597,1415
2533,2225
2445,2213
2429,1367
2389,1502
2321,1341
2273,2163
2265,2405
2221,2347
2205,2417
5731,1206
5507,2309
5331,2323
5130,1449
5018,3451
4930,3764
4790,1631
4678,1583
4590,4666
4490,4467
4442,2611
4396,2115
4370,1934
4256,4396
4935,4451
4879,2191
4795,3319
4739,2567
4679,4071
4655,3991
4572,2500
4523,3872
4471,2366
4447,3893
4401,3036
4377,2023
4351,3858
4339,2819
4083,1956
3891,1605
3715,1552
3603,1569
3435,1525
3323,1659
3219,1665
3203,1839
3155,1748
2989,1768
2909,1792
2805,1695
5526,1907
5430,1941
5305,1886
5185,1906
5137,1907
5045,1831
5001,1926
4866,2147
4671,1906
4476,1958
4354,1964
4258,1878
4161,1906
4068,1898
3972,1745
3900,1808
3816,1819
3776,1834
3732,1752
3716,3144
4481,3051
4329,1935
4281,1346
4205,1287
4157,1319
4113,1262
4085,1574
4010,1791
3970,1718
3922,1796
3899,1698
3854,1708
3834,1659
3812,1671
3802,1635
3633,1634
3441,1596
3265,2750
3169,2994
3017,1577
2985,1167
2905,970
2817,997
2785,973
2661,987
2565,957
2549,838
2461,904
2429,1315
2352,822
2335,1093
2295,2135
6031,1354
5955,1662
5927,1612
5586,1678
5403,1879
5289,1698
5063,4609
4952,3468
4910,2123
4707,1814
4617,1960
4560,4358
4482,4570
4405,2331
5282,3319
5132,2791
5036,2338
4932,2322
4808,2210
4752,4130
4699,4278
4670,2210
4600,3082
4543,2994
4491,2479
4459,2985
4413,3787
4389,2385
4367,1683
4353,1684
4159,3662
3935,3569
3727,2089
3615,1797
3447,3250
3415,3211
3319,2690
3215,3154
3175,2392
6089,3378
5849,2084
5753,3500
5569,2084
5481,1583
5365,1548
5269,1533
5173,3304
5097,3371
5037,1680
5013,1400
4735,1498
4559,1296
4495,1472
4311,1552
4223,1797
4191,3063
4027,2803
3955,2127
3907,1785
3839,1682
4693,1646
4669,1639
4563,1636
4451,1617
4363,2643
4323,2623
4237,2028
4156,1430
4132,2623
4070,2523
4022,1979
3978,1549
3954,1679
3916,1762
3892,1705
3870,1759
3858,2774
3682,2001
3482,2174
3296,2040
3262,1621
3175,1668
2997,2634
2913,2531
2839,1525
2789,2539
2659,2530
2623,1577
2537,1679
2440,1256
2405,2068
2325,881
6203,1310
6082,2113
5998,1953
5922,1953
5894,2137
5550,2920
5341,3854
5135,2760
5029,2177
4919,5073
4779,2493
4683,3568
4579,2666
4479,2743
5334,4262
5274,3194
5250,2136
5104,1580
4920,1673
4861,4080
4777,3454
4713,2400
4661,2087
4637,1624
4555,2109
4507,1614
4435,4128
4393,4565
4365,2263
4339,1648
4325,4348
4132,2746
3908,2676
3876,3647
3668,3801
3572,2719
3388,1965
3292,3447
3187,3308
6258,2230
6022,1903
5782,1678
5686,1705
5501,1629
5389,3380
5265,3269
5145,2009
5097,1374
5005,2783
4961,2947
4827,1848
4635,1475
4443,1544
4291,1531
4226,1518
4130,1490
4006,1450
3942,1597
3846,2761
3786,2447
4642,2599
4598,2743
4476,1601
4380,2536
4276,2568
4236,2533
4152,2637
4112,2670
4052,1619
3990,1359
3942,1386
3898,1352
3874,1355
3836,1442
3812,1436
3790,1640
3778,2138
3607,2271
3415,2227
3239,2064
3143,2146
2991,1662
2895,1554
2879,1564
2791,1661
2751,1624
2635,1568
2539,2188
2451,1974
2435,1995
2395,1988
2311,1952
6103,1410
6003,1860
5947,2057
5887,1941
5676,3723
5453,2436
5276,4930
5107,3499
4955,2370
4899,4702
4767,3447
4615,2042
4567,4452
4482,3131
5356,2235
5283,4486
5165,2993
5037,1961
4933,1884
4885,1878
4752,1872
4698,1863
4670,1879
4600,4273
4540,4370
4484,2568
4460,1711
4414,1582
4390,3733
4364,3690
4352,2964
4093,1973
3901,3573
3723,3455
3611,2135
3443,1636
3331,3327
3227,3501
3211,1632
6285,1765
5985,3456
5761,3457
5609,1907
5489,1522
5441,1502
5277,1474
5189,1465
5105,3226
5057,3213
5009,2368
4823,1553
4582,3095
4485,3102
4300,2340
4227,1592
4179,2983
4014,2859
3942,1649
3894,2849
4745,2705
4677,1709
4653,1542
4515,1394
4435,1491
4315,1469
4239,1433
4191,1410
4147,1448
4119,1440
4045,1612
4005,1580
3961,1525
3941,1557
3899,1551
3879,1478
3857,1530
3847,2480
3613,2401
3453,2394
3277,1886
3213,1466
3061,1458
2965,1473
2877,1461
2829,1435
2821,1448
2673,1368
2593,1635
2521,2154
2473,2122
2465,2132
2380,2109
6299,1250
6199,2023
6143,1849
6083,1618
5872,1835
5567,1731
5455,5005
5303,3682
5151,2348
5095,2089
4963,1994
4811,1975
4755,2034
5615,1940
5523,1990
5495,4608
5376,4163
5248,3356
5144,3173
5096,3173
4963,3072
4911,3027
4883,3048
4813,2976
4757,3027
4705,2761
4673,2791
4627,1623
4603,3820
4577,3829
4566,2390
4347,2705
4102,2782
3868,2808
3754,2072
3571,2452
3454,3302
3438,3200
6567,2688
6467,1934
6230,1561
5930,1556
5746,1578
5625,3310
5500,3334
5367,1824
5246,1435
5198,3267
5100,3173
5051,2320
4906,3058
4711,1976
4515,1578
4385,2586
4289,1697
4190,1470
4096,2175
4000,1618
3904,1640
4759,1678
4703,1455
4658,1444
4638,2878
4440,2203
4352,1296
4304,1330
4212,1006
4172,1044
4128,1232
4108,1037
4034,3424
3994,2820
3950,1412
3896,1443
3872,1057
3850,1025
3846,1455
3836,1121
3594,2840
3428,2523
3251,2313
3171,2363
3003,2290
2939,1806
2850,1405
2802,2561
2794,1953
2645,1635
2565,2154
2493,2110
2445,1910
2437,2082
6268,1229
6164,1635
6063,1549
6007,1511
5947,1701
5737,1746
5433,1694
5321,1703
5167,2128
5015,5161
4958,4491
4822,3718
4670,2492
5560,2194
5460,2259
5412,5185
5340,3985
5216,2419
5102,3886
4981,1995
4933,1667
4835,4922
4782,4178
4708,3385
4638,2152
4581,4775
4526,3281
4498,2081
4456,4870
4428,3249
4402,2088
4388,4716
4190,3267
3964,3329
3756,2232
3724,2184
3628,2141
3443,2192
6646,2313
6494,4377
6358,3010
6182,3126
5990,2020
5782,1798
5598,4376
5510,3601
5392,1865
5296,1528
5200,1516
5124,3527
5064,3356
5040,2198
4758,1792
4582,3346
4518,3424
4329,2124
4235,1357
4119,1366
4039,3107
4900,3010
4860,2453
4744,1652
4700,3040
4672,3053
4537,1904
4456,1602
4335,1658
4259,1567
4210,1558
4164,1553
4135,1706
4061,1711
4020,2795
3976,2687
3956,2662
3913,2142
3893,2675
3871,2629
3861,1689
3628,1344
3468,1332
3292,2454
3228,2444
3076,2434
2980,2377
2892,1894
2876,1889
2836,1861
2686,1844
2622,1832
2533,1765
2485,1721
6470,1331
6272,2083
6168,1735
6067,3244
6011,2172
5951,2145
5738,1951
5432,2013
5320,6127
5103,3388
5015,3604
4959,3558
4763,4499
5614,2577
5550,2086
5418,1960
5366,4506
5334,3431
5186,2300
5090,4381
4946,2203
4860,2039
4804,1914
4744,4363
4720,4087
4637,2346
4586,1885
4524,3860
4472,2928
4444,2998
4418,2338
4404,2127
4207,4824
3980,3474
3768,1966
3707,1971
3639,1922
3454,4334
6611,4701
6424,2696
6311,1749
6097,4533
5841,3285
5651,2882
5555,1855
5458,4303
5280,2327
5190,1606
5102,1542
5053,1757
5000,1710
4812,3797
4569,3788
4473,1939
4285,1446
4212,3759
4164,3751
3996,1846
3907,3499
4803,2647
4685,1767
4640,1805
4612,1768
4478,1733
4326,1675
4278,1508
4186,1482
4146,1504
4102,2680
4024,2676
3976,2130
3932,1639
3908,1675
3870,1595
3846,1630
3824,1607
3810,1579
3576,1580
3413,1540
3266,2466
3165,2358
3009,2276
2913,2331
2825,1847
2777,1708
2653,1761
2621,1798
2541,2241
2453,2240
2421,2332
2344,1756
2296,1747
6067,1254
5958,2127
5906,1900
5738,1891
5514,1808
5338,2988
5138,2488
5026,2269
4906,2419
4798,2091
4686,4615
4598,4493
5411,2885
5355,2278
5295,2124
5271,2228
5045,2186
4941,2010
4885,2283
4785,2072
4737,2180
4685,2315
4661,2180
4579,1963
4487,2047
4459,1995
4417,2018
4389,2063
4363,1923
4349,2033
4347,1975
4092,3890
3898,3671
3690,1962
3593,1668
3441,3462
3329,3517
3225,2106
6314,1983
6266,1982
5966,1908
5789,3688
5621,3060
5469,1764
5421,1547
5257,1600
5185,1567
5137,1493
5045,1434
5001,3299
4866,3159
4700,1988
4522,1540
4354,1423
4273,1468
4185,1466
4153,1373
3989,1399
4859,1508
4803,1768
4719,1718
4679,1630
4619,1581
4513,1602
4417,1657
4329,1503
4273,1579
4189,1529
4149,1482
4105,1606
4085,3112
4011,3152
3971,1881
3927,2268
3907,1638
3865,1717
3845,1746
3822,1790
3812,1749
3577,1690
3417,1690
3241,1730
3161,1616
2993,1641
2913,1594
2841,1510
2793,1555
2669,1536
2573,1487
2557,1539
2469,1515
2428,2053
6331,1640
6179,1866
6123,2477
6015,1700
5962,1597
5800,2663
5576,1851
5336,1980
5167,2108
5087,1876
4967,1819
4827,2180
5630,1969
5574,1846
5474,2373
5426,2367
5354,1787
5236,2051
5106,2267
5002,2231
4954,2197
4822,2377
4770,2279
4742,2146
4672,2387
4608,2277
4556,2262
4532,2123
4486,2142
4462,2259
4436,2220
4424,2099
4163,2071
3964,1954
3745,1910
3643,1797
3491,2070
6712,2225
6544,2195
6392,2049
6342,2018
5982,2098
5773,2060
5614,2043
5468,1948
5345,1902
5249,1804
5153,1881
5077,2135
5017,1894
4992,1777
4714,1736
4538,1755
4370,1708
4273,1608
4177,1725
4085,1643
3989,1507
4822,1581
4746,1599
4690,1642
4646,1532
4524,1564
4428,1490
4324,1508
4284,1561
4200,1614
4124,1541
4100,1610
4038,1505
3990,1557
3946,1701
3918,2002
3876,1617
3856,1675
3834,1601
3824,1718
3590,1605
3430,1490
3252,1585
3172,1468
3032,1580
2936,1579
2847,1547
2798,1819
2673,1485
2641,1473
2561,1449
2473,1505
2441,1719
2365,1711
2317,1691
6105,1565
5996,1844
5942,1861
5772,1979
5548,1977
5308,2074
5171,2147
5059,2053
4937,2106
4792,2057
4712,2232
4592,2297
5429,2313
5381,2159
5307,2218
5187,2275
5075,2083
4954,2123
4905,2191
4773,2193
4721,2200
4693,2215
4622,2130
4558,2140
4506,2078
4482,2018
4436,1998
4412,2167
4386,2011
4374,2035
4110,2012
3907,2053
3695,2072
3599,2186
3415,2025
3335,1806
3231,2173
6307,1985
6119,2193
5927,2275
5735,1892
5535,2259
5447,2082
5331,1972
5235,1928
5139,2011
5051,2034
4995,2372
4979,1825
4701,1808
4525,2417
4357,1623
4261,1775
4165,2310
4073,1535
3977,1568
3881,1809
3821,1727
4678,2232
4634,2452
4510,2320
4412,2272
4307,2287
4266,2250
4180,2235
4103,2253
4079,2294
4017,2161
3969,2144
3925,1908
3901,1900
3863,2171
3835,2070
3813,2074
3803,2122
3632,2077
3437,2024
3260,2029
3163,2006
3010,1959
2914,1955
2826,1861
2810,1491
2770,1200
2622,2088
2558,2128
2470,2125
2422,2150
2414,2185
2329,2087
2297,2120
2253,2093
5978,1457
5918,1839
5708,1758
5404,2564
5292,3086
5076,2110
4972,5100
4932,3747
4735,2386
4633,2410
4591,2293
4483,2351
5344,2392
5312,2261
5164,4821
5068,4861
4924,2950
4840,2505
4784,2435
4724,2358
4700,2387
4618,2665
4570,2599
4518,2589
4494,2675
4448,2503
4402,2523
4388,2538
4386,2363
4131,2376
3939,2345
3731,2204
3635,2156
3451,2192
3355,2119
3267,2221
3211,2212
6212,2472
5905,2345
5803,2354
5618,2319
5506,2259
5382,2168
5262,2214
5214,2087
5122,2135
5078,2057
4944,2115
4752,2065
4560,2135
4405,2085
4337,2038
4237,1906
4113,1877
4049,1886
3953,1783
3877,1799
4774,1807
4714,1828
4599,1913
4470,1799
4369,1776
4318,1796
4180,1755
4129,1764
4098,3165
4034,3075
3978,1856
3933,3036
3913,2304
3871,3166
3851,1758
3829,1541
3819,1456
3584,2816
3422,2851
3245,1661
3165,2900
3027,2068
2928,1373
2839,1393
2791,1460
2667,2678
2635,2614
2555,2047
2467,2818
2435,2088
2358,2629
2310,2058
2302,1540
2258,2575
2242,2489
5749,1357
5525,2062
5285,1803
5149,3199
5037,1916
4917,4947
4777,2789
4697,2068
4577,2521
4493,2283
4453,5053
5284,4253
5166,2252
5038,2059
4934,5762
4810,3960
4754,2183
4702,3308
4674,3276
4588,4206
4540,2480
4488,2106
4464,3888
4418,4083
4394,2538
4368,1892
4356,3917
4101,3797
3909,2360
3701,1906
3605,1931
3421,1857
3341,1819
3237,1989
3181,3320
3041,3160
3009,3081
5736,2723
5536,2171
5448,1840
5332,1828
5236,3408
5140,3389
5064,2119
5004,1783
4980,1732
4701,1733
4525,3212
4357,2992
4261,2599
4189,1731
4073,1773
3977,1823
3904,1798
3820,2825
3772,2860
3736,2831
4509,1680
4413,1553
4325,2801
4269,2785
4185,2182
4145,1725
4085,2721
4023,2687
3975,2072
3931,2561
3907,2653
3869,2018
3845,2520
3823,2586
3811,2468
3639,1551
3447,2443
3270,2367
3174,1879
3021,1844
2924,2329
2835,2368
2819,2348
2779,1829
2629,1460
2565,1423
2476,1432
2428,1445
2420,1405
2335,1393
2295,1377
2259,1363
2235,1324
2231,2198
2096,2134
5344,1318
5264,1570
5048,1525
4944,1421
4804,1494
4708,1454
4604,3417
4564,3062
4456,2094
4412,4289
4384,3007
5129,2349
4945,4280
4889,3045
4805,1896
4741,1576
4689,1514
4665,1604
4583,1539
4535,3921
4463,3992
4421,4041
4393,2082
4367,1935
4353,4913
4160,3881
3936,2119
3904,1658
3696,1692
3600,1657
3416,3419
3320,3313
3232,2626
3176,2015
3036,1944
2924,3167
5721,3432
5537,2175
5420,1692
5292,3409
5171,2555
5123,1771
5031,1707
4987,3211
4853,3207
4661,1708
4469,3082
4349,2475
4253,3097
4157,1907
4033,1377
3969,3693
3873,2832
3813,1467
3765,3015
3729,2923
3643,2170
4406,2858
4302,2268
4262,3016
4178,2211
4138,2879
4078,2316
4016,1377
3968,2794
3924,2715
3900,2737
3862,2820
3838,1941
3816,3241
3804,2374
3633,1521
3441,3013
3265,3032
3169,1634
3017,1349
2921,1879
2905,2383
2817,2877
2777,1844
2629,1122
2565,1143
2477,1321
2461,1236
2421,2869
2337,2852
2305,1571
2261,1233
2253,1163
2233,2236
2131,2303
2035,2222
5282,1354
5114,1781
4961,1660
4905,1492
4773,1464
4621,1566
4565,1826
4489,1703
4413,4407
4389,4321
4287,2577
5034,2132
4930,2158
4806,4179
4750,4395
4698,2429
4670,2098
4592,4271
4536,4131
4484,2485
4460,1973
4414,1950
4390,2069
4364,4082
4352,3900
4097,2499
3905,2128
3697,2011
3617,1855
3448,1988
3336,1878
3232,3473
3176,3341
3168,3355
3004,2059
2908,3171
5578,3324
5458,2044
5410,3442
5230,2285
5134,1722
5058,3259
4998,3393
4974,2021
4696,3117
4552,2049
4456,3267
4272,2506
4184,3173
4152,2455
3988,1697
3900,2960
3868,2900
3776,1525
3740,2756
3716,1761
3614,1438
4322,2693
4274,2787
4198,1727
4142,1427
4098,1475
4078,1470
4004,1409
3964,1426
3920,1434
3866,1386
3842,1399
3820,1483
3808,1518
3637,1527
3573,1509
3413,1467
3237,1445
3156,1449
2988,1476
2908,1417
2836,2386
2788,2376
2664,2306
2568,2314
2552,2256
2464,2221
2432,1851
2356,1765
2308,2140
2300,2192
2256,2560
2240,1395
2134,961
2102,2124
2022,2123
5122,1125
5042,1561
4922,1534
4782,1406
4702,2482
4582,1666
4498,1927
4458,4267
4398,4376
4312,2741
5044,2150
4940,2009
4892,1989
4760,4040
4708,3924
4680,2428
4594,1853
4546,3836
4494,3926
4470,2114
4424,3887
4400,2944
4374,2046
4362,3826
4107,2912
3915,2817
3707,2087
3611,2106
3427,4277
3331,2550
3243,2551
3187,2511
3046,2399
2931,3191
2915,2372
2810,2996
5430,2532
5306,1698
5186,3213
5138,2513
5046,3935
5002,2193
4868,1500
4676,3494
4484,2470
4332,1514
4212,1582
4164,3463
4048,3228
3928,3172
3880,2416
3812,1670
3752,3171
3728,2321
3626,1467
3534,3294
4288,3377
4212,2121
4156,3455
4112,2047
4092,1644
4018,3299
3941,3180
3916,1886
3876,1605
3852,1571
3830,1588
3818,1565
3645,1589
3453,1529
3277,1542
3181,2935
3027,3004
2931,2270
2843,2199
2827,2203
2787,2200
2639,2144
2558,2138
2486,2882
2438,2828
2362,2114
2346,2761
2306,2816
2262,2111
2246,1631
2139,2690
2107,2687
2027,2681
1955,1397
1939,2149
1899,2169
4789,1114
4637,1635
4589,1690
4505,3743
4429,1595
4405,1496
4287,5003
4207,4950
4119,2532
4019,1928
4768,1992
4716,4621
4684,3556
4600,2440
4552,3615
4499,2830
4475,2251
4428,2366
4403,2403
4377,4589
4364,3642
4109,3300
3917,2207
3709,2196
3612,4052
3428,3483
3332,2933
3244,2884
3186,2164
3046,3517
2934,2580
2918,1832
2814,3422
2766,3312
2690,2551
5190,1886
5142,3671
5050,2688
5006,1671
4872,3625
4680,2607
4488,2524
4336,3495
4216,2002
4168,3279
4052,3223
3932,2480
3884,1668
3816,3261
3756,2365
3732,1700
3630,1873
3566,1613
3470,1670
3410,3041
3362,2955
4117,1887
4097,1529
4023,1595
3947,1645
3923,1532
3885,1476
3861,1434
3839,1603
3827,1441
3655,1507
3463,1401
3287,1439
3191,2819
3039,2780
2943,2051
2855,1747
2807,1594
2799,2658
2651,2737
2571,2070
2499,2086
2451,1975
2374,2277
2358,2314
2318,2229
2274,1738
2258,2166
2152,2221
2120,2225
2040,2169
1968,2131
1952,2680
1912,1373
1844,1074
1796,1066
1788,2171
4509,1057
4469,1573
4409,1985
4323,1839
4211,1579
4123,1665
4023,1451
3975,4057
3931,4057
3907,3139
4604,2239
4556,4086
4504,4099
4480,2258
4433,4060
4409,3055
4383,3067
4371,2419
4116,3774
3924,3814
3716,2215
3620,3491
3436,3397
3340,2604
3236,3280
3196,3266
3056,2023
2944,3198
2838,3148
2822,3121
2773,1905
2693,1887
2636,1845
2582,2971
2574,2943
4987,3203
4801,2500
4561,3254
4465,1963
4281,1739
4193,3179
4161,3207
3997,1920
3909,2938
3877,2925
3785,1814
3741,1507
3725,1510
3575,1510
3503,1458
3455,1463
3387,1497
3355,1458
3307,1953
3261,1316
3221,2704
3936,2648
3912,2102
3866,1427
3846,2609
3824,2691
3814,2111
3581,1624
3421,1614
3245,1574
3165,2452
3029,2609
2933,2559
2845,1919
2797,1506
2673,2659
2577,2680
2561,1607
2473,1617
2433,2743
2365,2223
2317,1927
2309,1893
2265,1855
2245,1833
2143,1817
2047,1805
2031,1774
1943,1783
1911,1783
1903,1686
1819,1826
1787,2126
1743,1260
1735,1053
1719,1125
1657,1179
4433,1103
4345,1612
4289,1911
4213,1905
4173,1656
4129,2652
4059,2671
4011,2498
3967,4052
3943,4093
4725,2568
4697,4098
4670,3088
4655,2013
4450,4144
4211,3028
3990,2251
3957,3635
3858,3743
3667,2858
3569,1998
3478,1885
3418,3478
3267,3416
3235,2632
3129,2048
3012,3332
2966,3313
2875,2089
2857,1963
2805,2007
2757,1902
2727,1972
2723,3095
2552,3038
4872,3353
4675,2591
4554,1847
4467,3302
4336,3221
4212,1936
4124,1519
4021,1503
3969,1482
3912,1495
3890,1433
3701,3068
3608,2863
3556,2852
3457,2173
3417,1759
3372,2883
3352,3216
3287,2149
3214,1228
3190,1230
3898,2823
3866,2766
3839,2038
3824,1745
3651,2633
3459,2641
3427,2029
3251,2035
3171,2064
3002,2005
2922,1984
2834,1964
2801,1940
2677,1895
2581,1930
2565,1905
2477,1913
2445,2369
2368,2352
2320,2344
2312,1987
2268,1151
2252,1147
2146,2260
2114,2298
2050,2253
1962,2240
1946,2216
1906,2225
1838,2217
1822,2217
1790,2335
1746,1812
1738,1246
1722,2172
1718,2208
4222,1036
4134,1557
4086,1440
4002,1511
3962,1295
3918,4062
3898,4143
3832,3992
3756,3099
4479,2021
4437,3977
4409,3961
4383,2090
4369,4075
4176,3058
3952,3790
3920,2353
3712,1942
3616,3611
3431,3534
3335,2157
3247,3425
3191,3403
3051,2045
3019,2027
2923,1846
2819,3249
2779,3132
2695,3178
2679,2476
2631,1906
2587,1868
2559,1934
2555,1869
2409,2955
4536,3251
4368,2948
4288,2007
4200,1794
4084,1765
4004,1753
3916,1674
3884,1694
3792,1703
3756,1700
3732,1642
3630,1648
3566,3626
3470,3581
3410,2412
3370,1784
3334,1803
3310,1847
3252,1806
3220,1675
3936,1658
3916,1634
3874,1536
3854,2982
3832,3016
3822,1956
3589,1437
3429,1298
3252,1284
3188,1319
3036,1304
2940,1234
2852,2331
2836,2433
2796,2394
2648,2602
2584,1835
2496,2037
2448,2034
2440,1969
2356,2557
2324,2640
2280,1604
2272,2804
2252,2624
2150,1953
2118,1998
2038,2501
1966,2639
1950,1976
1910,2583
1842,2659
1826,1856
1786,1686
1750,1405
1742,1301
1726,1309
4410,1139
4232,1481
4144,1548
4096,1323
4012,1439
3972,1721
3928,1764
3908,1551
3842,1570
4563,1549
4511,1703
4487,2103
4441,2214
4417,2490
4391,2591
4379,2503
4124,2484
3932,2438
3724,2300
3628,2285
3474,2230
3360,2206
3256,2174
3240,2107
3192,3403
3028,3338
2948,2547
2844,1757
2787,1681
2779,3285
2687,3194
2647,2445
2595,1946
2587,1915
5019,2055
4897,2047
4705,2081
4513,1992
4360,2028
4293,1984
4193,1953
4069,1944
4005,1906
3909,1902
3849,1920
3801,1868
3765,2028
3679,2089
3599,1606
3527,1659
3479,1746
3410,1588
3378,1633
3342,1652
3326,1615
4041,1822
3965,1622
3941,1539
3903,1565
3879,1732
3857,1700
3845,1701
3843,1660
3610,1605
3450,1620
3274,1591
3193,1602
3025,1496
2961,1541
2873,1526
2825,1532
2817,1743
2669,1661
2589,1632
2517,1706
2468,1670
2460,1630
2376,1679
2344,1687
2300,1641
2292,1658
2272,1612
2170,1583
2074,1598
2058,1606
1986,1557
1938,1558
1930,1598
1862,1539
1814,1537
1806,1565
1769,1563
4497,1123
4437,1573
4351,1328
4254,1749
4150,1515
4110,1548
4034,1485
3958,1525
3934,1745
4648,2481
4592,2441
4540,2488
4512,2532
4470,2477
4442,2441
4416,2427
4402,2420
4208,1675
3984,1507
3775,1445
3661,1500
3492,1779
3460,2500
3364,2490
3260,2423
3212,2395
3080,2518
2968,2350
2864,2309
2848,2494
2800,1869
2724,1320
2668,1315
2616,1415
5102,1933
5058,1958
4922,1919
4730,1932
4536,1942
4381,1991
4261,1881
4221,1880
4097,1907
4033,1821
3936,1765
3858,1811
3826,1787
3783,1750
3702,1770
3622,1900
3534,1757
3502,1666
3434,1692
3399,1774
3350,2378
4081,1817
4033,1762
3988,2291
3964,1959
3926,1648
3902,2118
3880,1701
3868,1649
3697,2105
3505,1588
3329,1373
3233,1693
3079,1097
3045,1098
2959,1361
2867,1157
2827,1198
2709,1256
2605,1118
2513,1147
2497,1251
2457,999
2373,1175
2341,1158
2297,1342
2289,1915
2269,2604
2167,2834
2071,2863
2055,2864
1967,2188
1935,2131
1927,2126
1843,2115
1811,2133
1803,2142
1759,2095
4454,1081
4426,1530
4311,1381
4229,1190
4104,1556
4035,1724
3987,3258
3935,1842
3915,1845
4617,1955
4569,1904
4517,2059
4493,1944
4447,2110
4423,1907
4397,1894
4385,2049
4130,1953
3938,1830
3729,1944
3633,1870
3449,1894
3353,1829
3265,2224
3209,2286
3067,2262
3035,2204
2939,2107
2835,2152
2795,2009
2710,2104
2694,2116
2646,1983
2594,1999
5025,2140
5009,2182
4730,2144
4554,2105
4385,2108
4289,2088
4205,1999
4101,2054
4005,2007
3933,2002
3849,1924
3809,1947
3765,1803
3749,1820
3599,1808
3527,1875
3487,1848
3411,1815
3379,1780
3342,1831
4111,1704
4005,1761
3961,1761
3937,1763
3899,1684
3875,1920
3853,1929
3841,1908
3670,1891
3478,1850
3302,1835
3270,1810
3190,1823
3022,1793
2942,1766
2854,1757
2822,1710
2698,1691
2602,1692
2586,1678
2498,1660
2466,1673
2390,1648
2342,1645
2334,1642
2290,1652
2274,1881
2270,1927
2135,1959
2071,1895
1983,1884
1967,1890
1935,1899
1859,1864
1843,1864
1811,1853
1803,1897
1759,1843
4457,1098
4429,1550
4315,1455
4235,1664
4115,1524
4046,1677
3998,1722
3953,1664
4709,4461
4627,4517
4579,2835
4527,2196
4503,2255
4457,2489
4433,2398
4407,4184
4395,4354
4140,2344
3980,3927
3772,2760
3660,1839
3492,3746
3460,3771
3364,2314
3260,1895
3212,1917
3080,1840
2968,1827
2952,1833
2848,1845
2800,1797
2724,1817
2668,1909
2771,1978
5086,3586
5050,3654
5026,2279
4748,2763
4571,1871
4403,3522
4323,2596
4234,1918
4202,3396
4036,2579
3948,1760
3916,3264
3826,2570
3783,2497
3763,2013
3656,1963
3592,1924
3520,1954
3488,3122
3396,3046
4152,2402
4128,1509
4066,1462
4018,3058
3974,3032
3950,1858
3912,2872
3888,2253
3866,1848
3854,1778
3683,1790
3491,1794
3315,2815
3267,2793
3203,2202
3035,2771
2955,2748
2883,2119
2835,1657
2711,1663
2679,1641
2599,1647
2511,1664
2479,1653
2403,2588
2387,2635
2347,2608
2311,2039
2287,1609
2283,1591
2180,2567
2084,2522
2068,2484
1995,1942
1944,2538
1935,2510
1865,1941
1817,1926
4618,1137
4534,1569
4494,1553
4434,1473
4348,1540
4252,1741
4148,4391
4108,3479
4835,2688
4787,4571
4735,3503
4645,2164
4589,2017
4537,1848
4509,1949
4467,4396
4439,4385
4413,2612
4399,2242
4397,2193
4142,2277
3950,2192
3742,2132
3646,2099
3461,1988
3381,1999
3276,3532
3220,3470
3212,3466
3048,2100
2952,1724
2864,3250
2808,3269
5465,2724
5301,2145
5213,1874
5129,1806
5081,1820
5033,1819
4847,2056
4719,1756
4527,3345
4375,3385
4311,2550
4215,3275
4090,2488
4026,1643
3930,1617
3870,1587
3821,3044
3784,3071
3768,2325
3614,2982
3540,2725
4321,1876
4243,1637
4187,1501
4143,3103
4123,3386
4048,2098
4008,3282
3964,2435
3944,3343
3902,1959
3882,3265
3860,1937
3850,1483
3617,3119
3457,2427
3281,1564
3201,1563
3065,1560
2969,1510
2880,1452
2832,1463
2824,1485
2675,1440
2594,1449
2522,2740
2474,2953
2466,2898
2382,2136
2350,1664
2306,2828
2298,2706
2278,2119
2175,1526
2079,1519
2063,1296
1991,1253
1943,1330
1935,2078
4822,1195
4666,1564
4617,1565
4531,1627
4491,1664
4430,2323
4344,1825
4232,1995
4973,2226
4925,1950
4793,1837
4741,1651
4711,1925
4640,2063
4584,2194
4530,4274
4502,4229
4460,2424
4432,2107
4406,2137
4392,2251
4199,2150
3975,1980
3767,3816
3655,3782
3487,2696
3455,2331
3359,1928
3254,3586
3206,3540
3074,2625
2962,2672
2858,2526
5560,2886
5464,3024
5340,2346
5220,3667
5172,2137
5080,1716
5036,3515
4902,3529
4710,1988
4518,1626
4398,3475
4302,3475
4206,2024
4114,3299
4018,2474
3922,3021
3862,2373
3814,1695
3778,1415
3762,3104
3612,3242
4371,2449
4323,1780
4231,1605
4191,1551
4147,3152
4127,3121
4053,2314
3977,1626
3953,1623
3915,1599
3891,1482
3869,1683
3857,1567
3686,1563
3622,1477
3462,1524
3286,1689
3206,1616
3038,1638
2958,1649
2886,1597
2838,2689
2714,2662
2682,2714
2602,2589
2514,2071
2482,2072
2406,2029
2390,2011
2349,2575
2311,2544
2284,2499
2279,2545
2142,2526
2074,1892
1983,2523
1967,2454
1935,2401
4846,1271
4750,2059
4646,2028
4606,1821
4498,1776
4454,5532
4426,3696
5178,2739
4994,2445
4938,2478
4854,2323
4798,2420
4738,2325
4714,2434
4632,2460
4584,2546
4532,5653
4508,4991
4462,2933
4438,2378
4412,2167
4400,5500
4138,5007
3946,2637
3738,2089
3641,5035
3486,4774
3374,2600
3269,3630
3213,4736
3205,3366
3041,4539
2945,3401
5616,3549
5496,2836
5448,4812
5284,2739
5196,2035
5112,4731
5064,1886
5016,1766
4830,4549
4590,4392
4510,2482
4358,1904
4238,1919
4198,4258
4074,4225
3954,2408
3914,2034
3838,1989
3806,2141
3758,2105
4544,4106
4448,3729
4344,2019
4304,4000
4220,2957
4180,1949
4136,1940
4058,1940
4010,1894
3966,1881
3942,1875
3904,1907
3880,1916
3858,1821
3846,1888
3675,1779
3611,1768
3451,1745
3274,1945
3194,1954
3026,1928
2962,1883
2874,1901
2826,3288
2818,2855
2670,2152
2590,1731
2518,1655
2470,1689
2462,1833
2378,3015
2346,3001
2302,2932
2294,2229
2274,1762
2172,1760
2140,2964
2060,2890
1988,2835
5104,1430
4984,2132
4875,1987
4757,1787
4628,1924
4559,4787
4509,1784
5355,4826
5331,4876
5105,2931
5000,3966
4944,4100
4860,4118
4795,3322
4741,2739
4717,5090
4635,3220
4587,3420
4535,2845
4511,2437
4465,4399
4441,4245
4415,2395
4403,4240
4148,3478
3956,2228
3780,2167
3668,2138
3499,3883
3384,3778
3368,3876
3264,2930
6325,2296
6113,4181
5873,3040
5777,2028
5577,3861
5481,2916
5357,2081
5237,1799
5189,1912
5097,3830
5061,3816
5037,2298
4755,1843
4573,3716
4508,3749
4324,2314
4236,2073
4204,1912
4040,3571
3968,3827
3920,2402
4768,4175
4692,2530
4668,1905
4562,4232
4450,3122
4362,2099
4322,1802
4238,1762
4198,1820
4138,1824
4076,1739
4028,3921
3984,3979
3960,2923
3922,1967
3898,1948
3876,3799
3872,3840
3862,2233
3629,1891
3469,3623
3292,2650
3228,1702
3076,1671
2980,1659
2892,1671
2876,3285
2836,3302
2719,2434
2623,1610
2535,3190
2519,3213
2479,2074
2411,1651
2395,2591
2355,2625
2319,2599
2295,2057
2291,2567
5753,1542
5449,2244
5336,2019
5120,1801
5030,1923
4974,2046
4778,1840
5628,1883
5564,5028
5432,5485
5380,2446
5350,2026
5202,1977
5106,5513
4962,3319
4877,3976
4818,4138
4758,2134
4734,1918
4652,1832
4604,4601
4552,4504
4528,2922
4462,3538
4436,4440
4422,3394
4229,4442
4005,2701
3812,1958
3765,4097
3669,5259
3485,2726
6664,2104
6456,5270
6339,2967
6127,2036
5855,1783
5687,4717
5591,3492
5487,2735
5322,2065
5234,1737
5149,1694
5073,1825
5049,1918
4771,1985
4595,1815
4426,1718
4329,1728
4233,1721
4108,1670
4044,1696
3948,1661
4784,1792
4744,1824
4684,1815
4542,1832
4462,3297
4342,3272
4266,2080
4210,2490
4166,2482
4088,1967
4040,3155
3996,2448
3972,2408
3926,1917
3906,1911
3884,1444
3874,3057
3634,2982
3472,2309
3296,1581
3216,2902
3048,2837
2968,1786
2880,2808
2840,2783
2692,1738
2612,2753
2524,2829
2492,1767
2416,1469
2367,2703
2323,2691
2315,2119
2295,2099
2193,2031
2097,2622
2009,2572
1993,2549
1953,2020
4834,1213
4754,1995
4634,1578
4550,1516
4474,1492
4446,1699
4331,2787
5003,4577
4939,3684
4845,3738
4753,2599
4724,2601
4637,4586
4589,3579
4536,2565
4474,4556
4446,3456
4420,4554
4406,2658
4149,2105
3957,4221
3749,4013
3653,2504
3469,2062
3373,3648
3269,3707
3221,2763
3057,2280
2961,2210
2873,3490
2817,3483
2733,2642
5228,3539
5128,2692
5080,1947
5032,1878
4750,3436
4574,3592
4406,2257
4309,1672
4213,1690
4089,1697
3969,1634
3921,1561
3829,1638
3793,1506
3769,3115
3616,3177
3544,3141
3496,1997
3428,1718
3368,1680
4131,1682
4052,3098
4012,3186
3968,2058
3914,1466
3890,3031
3868,2889
3856,2674
3683,1750
3491,1760
3283,3423
3203,3384
3035,2479
2955,1655
2883,1633
2835,3213
2710,2532
2614,2033
2526,2521
2478,2515
2402,2492
2386,1982
2346,3030
2302,2252
2286,1546
2180,3002
2148,3013
2068,1772
1996,2965
1948,2301
1940,1775
1856,2942
1824,2919
1816,2248
1772,2921
1756,2892
1752,1747
1678,1738
1646,2944
1638,2932
4012,1119
3968,1455
3944,1460
3874,1631
3834,1585
3790,3837
4479,3966
4451,2832
4425,2249
4411,5323
4218,3696
3994,2293
3786,1596
3674,3896
3506,3787
3394,2930
3290,3729
3234,2756
3094,2287
2982,4375
2878,3289
2822,4322
2814,2522
2719,1946
2671,3546
2619,3269
2599,3276
2481,3200
2367,2516
2351,2397
2246,2472
2206,2471
4124,3261
4028,3337
3932,2095
3856,1738
3796,3257
3772,3039
3670,2513
3550,1958
3502,1950
3434,2429
3374,1995
3354,1459
3308,1407
3260,1611
3224,3022
3208,3660
3168,1948
3144,1225
3134,3589
3027,2849
3499,1486
3320,1257
3222,2938
3069,2159
2973,1715
2957,2913
2869,2098
2829,1813
2681,2961
2617,1642
2529,3804
2481,1724
2473,1471
2389,1432
2349,3174
2313,3204
2289,3156
2285,3167
2151,3115
2087,1877
1999,1849
1983,3063
1943,3106
1875,3044
1859,2363
1819,1862
1783,1824
1775,1818
1755,3023
1697,2997
1681,2573
1649,2431
1641,2411
1597,2493
1581,2410
1577,2489
1543,2473
1535,2439
1519,2453
1515,2413
3714,1629
3692,1452
3680,1338
3550,1248
3358,1440
3182,1574
3671,1639
3655,1748
3471,1545
3375,1670
3271,1946
3223,2212
3059,2299
2979,2314
2875,2290
2819,2188
2811,1618
2719,1450
2671,1493
2627,1947
2599,2721
2595,2669
2449,2648
2369,2630
2265,2512
2249,2603
2201,2544
2125,2616
2069,2561
2061,2537
2017,2549
3800,2756
3780,2681
3674,2562
3610,2501
3514,2553
3454,2521
3406,2455
3370,2459
3354,2541
3272,3080
3236,1986
3216,1949
3178,1907
3162,1999
3144,1989
3136,1973
2965,1917
2833,1945
2688,1918
2624,1944
2488,2988
2961,3000
2872,2883
2832,2324
2684,1774
2620,1765
2532,1750
2484,1713
2408,1696
2392,1740
2352,1627
2308,1692
2292,1686
2186,1608
2154,1630
2074,1645
2002,1618
1954,2661
1946,2612
1862,2568
1830,2709
1804,2570
1778,2545
1762,2582
1758,2065
1684,2049
1652,2206
1644,1637
1608,1161
1600,1070
1584,2595
1580,2550
1546,2525
1522,2993
1518,2961
1500,2266
1496,2298
1496,2272
1488,2218
1486,2226
1395,2207
3327,1215
3151,1332
3071,1280
2950,1140
2854,1475
2766,1474
3271,1534
3223,1468
3059,1488
2979,1490
2875,1620
2859,2138
2811,2477
2735,1662
2679,2068
2671,2426
2619,2451
2599,2369
2481,2407
2449,2457
2369,2411
2265,2259
2249,2306
2209,2148
2125,2279
2109,2303
2069,2202
2061,2229
2009,2238
1989,2179
1985,2225
3669,2330
3605,2246
3533,2221
3501,2244
3433,2258
3373,2261
3353,2201
3307,2210
3267,2439
3231,2162
3211,2477
3181,2165
3161,2174
3157,2162
3139,2118
3131,2198
2962,2084
2834,2023
2722,2091
2642,2072
2522,2009
2979,2048
2963,2089
2875,1953
2843,2020
2719,1927
2623,1908
2607,1957
2519,1913
2487,1935
2479,1874
2395,1886
2363,1932
2319,1948
2311,1875
2295,1847
2189,1804
2157,1820
2093,1804
2005,1743
1989,1843
1957,1801
1949,1744
1865,1731
1833,1840
1825,1787
1789,1770
1781,1854
1765,1748
1761,1743
1703,1750
1655,1684
1647,1746
1611,1768
1603,1715
1586,1739
1582,1798
1548,1045
1540,1171
1540,1548
1524,2067
3776,1119
3738,1661
3718,1397
3696,1333
3686,1243
3559,1508
4000,2907
3792,1893
3680,1899
3664,2119
3480,2114
3384,2006
3296,2040
3240,2106
3232,2064
3068,1969
2972,1941
2884,1764
2828,1907
2820,2076
2727,2054
2687,2354
2679,2625
2625,2569
2605,2461
2486,2508
2453,2445
2373,2392
2269,2471
2252,2399
2212,2381
4209,2452
4045,2515
3973,2426
3925,2371
3857,2362
3797,2522
3777,2842
3703,2676
3623,2415
3535,2292
3503,2314
3435,2310
3403,2274
3367,2297
3351,2358
3293,2260
3261,2234
3225,2289
3209,2234
3175,2229
3895,2234
3873,2206
3863,2148
3629,2115
3501,2055
3325,1996
3229,1944
3213,2025
3045,1992
2965,1519
2893,1096
2845,1128
2721,1177
2689,1268
2609,1703
2537,2281
2489,2182
2481,2222
2397,2126
2365,2097
2357,2028
2313,1414
2297,1182
2293,1174
2159,1229
2095,1586
2079,2560
1991,2617
1959,2652
1951,2597
1883,2599
1867,2576
1835,2545
1791,2587
1783,2566
1767,2553
1763,2545
1705,2530
1689,2536
1657,2541
1649,2521
4048,1165
4008,1551
3964,1396
3944,1491
3846,1632
4553,1627
4525,1996
4483,4311
4475,4432
4451,3529
4425,2343
4413,2253
4158,2321
3966,2255
3758,2191
3678,2169
3510,2112
3398,2087
3382,2084
3278,2048
3230,2022
3098,2234
2986,2238
2970,2200
2866,2158
2826,2141
2742,2127
2726,2126
2678,2124
2634,2087
5065,2264
5041,2306
4857,2300
4612,2332
4516,2522
4332,2459
4260,2388
4212,2323
4096,2419
3976,2232
3928,2324
3860,2325
3828,2197
3780,2262
3706,2192
3610,2107
3538,2239
3506,2203
3438,2093
3378,2076
3358,2112
4080,2120
4032,2116
3988,2175
3964,2240
3926,2036
3902,2060
3880,2057
3868,2045
3697,2067
3505,1967
3329,1986
3297,2004
3217,2022
3049,1921
2969,1986
2897,1877
2849,3355
2725,3298
2693,2605
2613,3153
2525,2453
2493,1955
2417,1953
2401,1978
2361,1866
2325,3163
2301,3116
2297,2355
2195,1772
2099,1745
2083,1743
1994,1731
1962,1744
1954,2000
1886,1986
1838,2115
1830,2203
1794,2076
1786,2154
1766,2104
1708,2116
4275,1178
4170,2508
4130,1462
4054,2873
4014,1865
4738,2107
4668,5319
4612,4131
4560,2829
4532,2061
4490,2074
4462,5158
4436,4750
4422,3552
4228,2438
4001,5069
3792,3394
3680,2114
3664,4108
3480,3981
3384,3204
3280,4009
3240,2955
3100,2450
2988,2386
2972,3654
2868,4233
2828,2380
2744,2217
2688,2780
5190,2380
5098,2745
5062,2905
5038,2656
4760,2026
4584,4295
4416,3036
4336,3826
4248,2189
4216,1800
4052,3875
3980,4196
3932,2148
3864,3125
3804,2963
3784,2519
3710,2099
3614,1926
3542,3877
3510,3743
3442,2296
4169,3775
4145,2484
4083,3831
4035,2323
3991,1810
3967,1699
3929,3910
3905,3374
3883,2841
3871,1960
3869,3704
3636,2626
3476,3228
3300,3171
3220,1977
3084,1859
2987,3118
2899,3056
2883,2971
2843,2415
2695,1820
2631,2961
2543,2933
2527,2277
2487,2904
2419,2226
2371,1760
2363,1760
2319,1792
2303,1728
2299,2829
2165,2854
2101,2154
2085,1752
1997,2806
1965,2793
1957,2736
1873,2199
1841,1716
1833,1671
1797,1697
5743,1511
5637,2001
5521,1765
5341,2321
5165,3310
6224,5667
6076,3522
5916,2549
5864,5659
5758,3841
5654,2655
5566,2337
5514,5259
5451,4068
5405,5094
5367,2568
5347,2219
5135,2168
4879,2153
4647,2125
4610,2224
4495,2096
4291,4688
4178,4671
4077,2850
4012,2298
3864,2300
3829,2225
3727,4232
3616,4098
7387,2919
7265,1944
7169,2056
7073,4648
6997,3662
6937,2279
6913,3396
6681,2278
6351,1867
6213,4346
5959,3182
5860,1914
5791,3187
5637,2515
5463,4229
5391,3027
5297,2996
5249,2100
5179,1800
5086,3724
4977,3819
6066,2888
6008,3779
5895,2329
5839,3683
5780,2127
5679,1643
5608,3525
5545,3607
5510,1870
5461,3544
5429,2542
5399,1633
5385,1719
5383,3467
5146,3436
4986,3366
4810,2038
4730,1577
4594,1546
4497,1537
4409,1651
4393,1651
4353,1654
4204,1778
4137,1812
4046,1750
4030,1735
3989,1790
3921,1795
3873,1747
3865,1922
3821,1652
3805,2981
3651,3007
3587,2282
3459,1757
3291,1797
3259,2875
3195,2856
3059,2232
3027,1727
6105,1404
5986,1803
5933,1625
5883,1526
7116,2037
6937,2378
6701,1884
6632,5642
6536,5592
6474,3545
6410,3743
6384,2707
6283,2416
6215,2357
6143,5442
6108,4512
6055,2881
6028,2302
6000,2153
5987,2201
5624,2097
5343,2142
5092,2179
4913,1914
4675,2027
4495,4661
4467,5101
4304,3584
4221,2384
4039,2091
7772,4562
7506,3547
7327,2370
7159,3605
6980,2440
6812,4432
6741,2797
6611,1936
6549,4194
6383,3114
6127,2997
5941,1882
5725,4070
5602,2961
5507,3090
5367,2190
5255,3719
5168,3026
5074,3898
5022,2449
6179,1785
6144,1835
5966,3735
5741,2925
5669,2962
5559,3673
5486,2067
5408,1753
5378,1701
5277,1611
5215,1646
5147,3579
5119,3625
5058,2187
5026,1675
4993,1618
4976,1602
4671,1583
4456,1532
4214,1749
4102,1622
3921,1616
3790,1548
3667,1569
3602,1557
3590,1511
3402,1506
3300,3000
3206,2985
3146,2251
3136,1814
3024,1857
2981,1793
2925,1771
2915,2897
2887,2869
2731,2219
2572,2776
2547,2268
2408,1673
2356,1207
2343,2750
7069,1504
6906,2309
6795,1751
6654,1782
7995,2481
7940,3870
7682,2247
7504,4876
7324,3943
7114,3044
7004,2689
6916,2559
6864,5918
6721,4458
6632,4552
6543,2859
6499,4276
6423,3571
6379,3219
6332,2338
6308,5573
5958,3859
5688,2473
5403,5144
5298,3728
5079,4011
4917,2531
4778,2285
4702,4888
9750,4165
9370,3948
9090,2387
8903,2105
8754,5349
8694,3594
8486,3662
8371,3632
8246,2306
8206,1865
8141,1853
7881,1790
7521,1842
7377,4896
7099,4386
6993,2572
6921,2018
6682,1764
6576,1677
6504,4477
6404,4401
7954,3516
7918,2206
7718,1747
7598,1734
7419,1672
7306,1615
7234,1684
7169,1715
7127,1651
7027,4089
6976,4244
6916,2443
6886,1665
6835,1759
6815,4039
6792,3241
6782,1972
6363,1766
6033,1539
5700,1487
5549,1562
5260,1494
5138,1596
4978,1604
4884,1675
4673,1646
4609,1723
4449,1663
4299,3519
4217,3542
4083,2140
4053,1640
3973,1547
3908,3328
3864,3340
3857,2071
3631,1694
3510,1654
3347,1636
3316,1652
3254,3133
3120,3142
6389,1633
6213,2457
6057,1928
5969,1955
7210,2057
7166,2263
6788,3417
6612,2664
6508,5803
6342,3808
6248,2524
6160,2369
6116,5642
5986,2187
5826,2220
5774,5531
5708,4979
5656,2922
5612,5286
5586,3226
5362,2478
5085,2265
4838,4908
4799,4778
4683,3515
4468,4669
4356,3872
4239,4771
4193,2929
8330,2406
8061,5126
7953,3253
7738,3873
7640,2550
7513,2101
7392,2081
7344,2014
7247,5914
7201,2959
7032,2497
6744,1718
6471,4445
6268,3258
6178,3690
6049,2471
5876,2100
5767,2197
5607,2029
5495,2097
5446,1965
6721,2140
6585,1809
6433,1838
6321,1844
6268,2030
6117,2031
6060,2122
6029,2004
5953,2031
5886,1949
5819,4284
5794,4003
5745,3282
5718,2081
5688,1695
5675,4246
5324,2919
5070,1854
4803,3762
4700,2726
4468,1676
4312,3840
4172,2723
4085,3625
4070,2138
3834,1722
3693,3512
3567,3411
3482,2794
3363,2653
3338,1773
3267,1790
3205,1737
3164,1656
3158,3387
2970,3214
2874,3282
2746,1791
2722,1543
2674,1437
2561,1291
2537,1228
6183,1895
6016,2779
5926,2981
5834,2054
7082,2330
6692,5365
6509,5865
6387,3277
6232,2375
6140,5438
6047,3919
5905,3661
5819,2820
5738,5418
5694,4688
5637,4048
5596,3892
5559,2598
5538,2422
5295,4790
4983,3865
4699,2604
4539,4621
4325,3060
4164,2333
4140,2210
4008,2276
3946,4496
3724,4350
7312,2886
7001,2296
6799,4273
6719,2636
6490,4242
6368,4199
6255,2784
6187,2052
6119,2079
5851,3928
5470,3711
5308,2895
5026,2350
4890,2408
4838,1727
4589,4465
4447,4531
4395,2789
4247,2034
4186,1943
5131,4345
4931,4258
4694,3542
4613,2131
4498,2686
4411,3211
4339,2578
4305,3357
4196,2604
4082,1750
4046,3327
3990,3179
3954,2425
3921,2217
3903,1497
3728,1434
3536,1470
3360,2807
3262,2783
3110,2941
3078,2262
2998,2849
2910,2934
2870,2288
2751,2833
2652,2257
2561,2807
2545,2708
2505,1771
2421,1477
2389,1518
2345,2775
2337,2597
2317,2591
2215,2553
2119,2515
2103,2527
2015,2545
1983,1418
1975,1379
1891,1373
1859,2639
1851,2672
5114,1317
5070,1822
5042,1680
5978,1650
5882,1858
5738,1753
5654,1862
5595,4990
5538,4914
5514,2189
5432,2083
5384,2098
5312,2404
5270,2735
5242,2746
5216,2682
5202,4979
4973,5051
4677,2925
4415,2399
4267,2393
4245,2425
4019,4887
3893,4729
3762,2627
3699,2124
3548,2041
3412,2070
3289,3928
6545,4271
6417,2991
6221,2188
6113,1936
6012,4374
5952,3744
5893,2255
5647,1916
5295,4401
5151,3828
4891,2267
4763,1921
4715,1836
4487,1829
4359,3926
4311,4161
4181,2537
4117,3723
4093,3066
3885,3780
4663,2840
4579,3650
4461,2676
4401,1996
4313,3570
4225,2848
4145,2761
4075,3498
4039,2379
3974,1722
3944,3847
3912,3785
3897,2054
3661,1593
3501,1537
3325,1498
3245,1476
3077,1529
3013,1567
2925,1656
2877,1813
2753,3361
2657,3419
2641,2331
2553,1868
2513,2994
2445,3072
2397,2304
2353,1873
2345,1843
2325,1837
2223,2968
2127,2875
2111,2671
2023,1868
1991,1787
1983,1780
1899,1778
1867,2092
1823,2084
1815,3491
1799,3445
1795,2646
6877,1594
6733,2746
6629,2765
8119,2555
8031,2163
7907,7277
7801,4255
7697,3131
7609,2654
7557,2628
7491,2572
7439,6801
7395,4300
7369,2714
7074,6304
6658,3638
6306,2753
6098,2394
5834,6087
5770,4784
5594,2938
5418,2400
5330,2329
5134,5718
4926,5819
4750,3056
4718,2460
4630,2499
9744,2626
9480,6124
9328,3354
9232,2392
9140,1946
8890,2256
8570,2091
8202,5632
7928,3482
7696,2287
7612,3748
7404,2980
7172,4127
7092,2835
6956,5190
6840,2824
6800,2275
6686,2145
6494,4767
6358,3516
6206,3523
7716,2298
7632,2140
7584,2157
7446,1984
7366,2124
7282,4647
7242,4220
7166,2474
7126,2945
7084,2250
7064,2099
6649,1863
6329,1895
5993,2135
5833,1868
5529,1877
5369,1837
5233,1761
5137,1728
4925,3871
4733,4162
4701,2653
4533,1679
4453,1768
4333,4649
4237,3608
4221,2104
4137,1746
4105,1765
3927,1712
3863,1754
3703,1972
3567,1998
3471,1964
3455,3304
3335,3482
3239,3377
3223,2625
3155,2080
3107,2011
3099,2033
3001,2002
2969,2015
7873,1644
7741,2729
7645,2002
9119,2918
9071,2388
8913,2282
8817,2381
8673,2698
8591,2739
8535,2568
8483,2731
8455,2828
8090,2545
7634,2587
7216,2588
6990,2705
6662,6269
6438,5428
6406,3143
6198,2727
6102,2705
5790,2528
5630,2722
5422,5545
5310,4795
5294,3132
5114,2480
5018,2409
9912,2695
9792,2531
9744,2611
9206,2592
8854,2441
8518,2533
8326,2595
8134,2473
7890,2523
7762,2342
7570,2184
7418,2306
7354,4994
7258,3830
7054,2498
6926,2026
6734,1909
6614,2046
6534,1750
6446,1933
6414,2403
7838,2174
7686,2318
7638,2368
7562,2307
7514,2364
7470,2367
7444,2293
6993,2299
6673,2301
6321,2352
6161,2289
5887,2202
5695,2133
5519,2147
5423,2166
5177,2056
4981,2136
4947,2015
4765,1976
4683,1995
4513,1995
4449,2057
4361,1924
4345,1947
4305,2031
4045,1898
3917,2036
3741,2013
3709,2001
3629,1939
3493,2029
3397,1919
3381,2188
3309,2183
3261,2232
3253,2136
3139,2099
3043,1953
3027,1515
2955,1500
2939,1289
2899,1595
2831,1833
7407,1624
7319,2459
8703,2035
8681,2815
8633,2401
8581,3128
8557,3147
8056,3135
7672,3029
7254,2929
7062,8620
6758,4738
6534,3083
6326,2062
6214,2759
6198,2507
5870,2716
5678,2376
5502,2671
5390,2597
5374,2594
5190,2651
5094,2888
5006,2669
4950,2822
4942,2865
4716,2805
4492,2668
8788,3122
8420,2936
8258,2897
8178,2700
7850,2529
7706,2764
7610,2634
7474,2607
7354,2588
7314,2601
7102,2546
6974,2601
6830,2662
6662,2420
6582,2546
6510,2391
6470,2392
6346,2457
6282,2380
6210,2354
7678,2341
7594,2286
7554,2362
7510,2334
7490,2344
7028,2137
6708,2256
6356,2216
6228,2094
5924,2035
5732,2006
5556,1949
5524,1951
5444,1962
5148,2010
5020,1925
4844,1986
4748,1870
4732,2015
4564,1992
4500,2031
4412,1968
4396,1973
4354,1942
4150,1938
3958,1901
3926,1896
3782,2046
3686,2130
3670,2042
3532,2029
3432,2012
3414,2012
3338,1997
3320,2027
3278,1993
3160,1934
3128,1935
3064,1917
3048,1924
2976,1968
2928,1912
2920,1921
2852,1881
7442,1565
7354,2540
8802,1909
8718,2418
8662,2013
8610,7629
8582,3252
8197,2495
7749,5857
7333,3597
7109,2545
6773,2772
6709,4261
6517,2955
6309,2245
6213,2917
5949,2798
5725,2680
5517,2720
5485,2753
5389,2635
5237,2645
5125,2764
5109,2532
5005,2614
4965,6197
4729,5537
9227,3333
8843,2820
8539,2536
8411,2443
8219,2215
7969,2158
7841,1810
7649,1592
7529,1604
7433,1620
7361,1651
7189,1871
7029,2017
6885,2001
6789,2173
6653,2073
6589,1993
6517,2089
6401,2149
6321,2139
6249,2099
7715,1939
7639,1964
7591,2090
7547,2062
7523,1963
7181,2020
6795,1860
6443,4021
6379,3835
6219,2300
5883,1819
5723,1478
5547,1405
5483,3685
5233,3651
5041,2309
5009,1908
4831,1963
4767,1881
4615,1870
4583,1836
4503,1878
4429,1884
4381,1878
4373,1754
4105,1700
3977,1829
3801,1735
3769,1894
3705,1896
3553,1884
3521,1885
3457,1887
3441,2076
3353,1899
3321,1876
3313,1821
3197,1818
3165,1850
3085,1866
3013,1885
2997,1815
2965,1808
2957,2079
7577,1539
7497,2420
8925,2527
8877,2522
8785,2355
8737,2822
8685,6230
8661,6049
8143,3513
7751,2351
7325,2571
7157,2471
6807,2375
6583,2303
6375,2279
6343,2313
6247,2219
5919,2246
5759,2210
5549,2288
5437,2386
5421,2357
5237,2559
5157,2469
5053,2419
5037,2528
4989,2469
9495,2791
9015,2708
8855,2594
8551,2618
8311,2661
8231,2533
7983,2455
7743,2535
7663,5122
7511,3905
7447,2493
7351,4009
7203,2873
7043,2370
6867,4666
6803,3291
6667,2402
6603,2093
6507,2208
6415,4559
6335,4176
7767,3455
7719,2367
7643,2114
7595,4622
7551,3544
7527,3672
7185,3297
6801,2178
6447,4148
6255,2930
6223,2010
5887,3926
5727,2912
5549,1899
5485,1849
5237,1843
5045,3650
5013,3742
4837,2268
4773,1749
4621,1706
4589,1823
4509,1723
4437,1667
4389,1677
4381,1920
4105,2025
3977,1960
3797,2184
3765,2469
3701,2276
3543,1888
3511,2603
3447,1839
3431,1872
3341,2510
3309,1749
3301,1781
3179,2551
3147,1849
3067,2051
2993,3230
2977,2486
2945,1709
6619,2436
6487,2218
7809,1834
7710,2880
7664,3571
7577,2792
7531,3331
7481,2685
7458,2847
7027,3264
6757,2616
6408,2731
6217,3208
5945,6330
5755,4736
5727,3122
5554,2294
5471,2572
5259,2431
5068,1992
4894,2421
4866,2503
4784,1959
4659,2544
4563,1874
4549,2225
4463,6399
9073,5369
8846,3429
8462,4403
8089,2067
7869,4184
7675,2998
7489,2033
7327,1915
7135,2096
6997,1829
6841,2768
6761,2123
6676,1797
6644,1684
6458,2013
6222,1905
6142,2135
6030,2055
5934,1967
5864,2202
5832,1969
7129,1611
7049,2192
6963,1796
6923,1829
6843,2463
6803,1537
6760,1735
6740,2389
6350,1703
6079,1528
5837,1575
5676,1690
5427,3978
5271,4091
5245,3333
5100,1805
5035,1695
4843,3725
4675,3774
4525,1943
4497,1578
4427,1601
4309,1549
4225,1521
4211,1701
4133,2001
4105,1819
3916,1850
3857,1756
3749,1689
3598,1688
3570,1669
3513,1722
3382,1745
3356,1743
3305,3358
3292,3410
3218,3420
3192,2198
3186,1846
3078,1920
3047,2038
2983,1800
2897,1898
8123,1690
9757,3824
9700,2112
9566,2875
9454,2585
9352,2270
9297,3303
9217,2977
9163,2840
9113,2815
9086,2789
8714,2854
8266,7838
7850,3826
7618,3089
7586,2256
7223,2639
7031,2811
6821,2751
6735,2961
6455,2549
6231,2647
6199,2586
5991,2631
5911,2456
5745,2443
5713,2405
11423,2701
11271,2588
11151,2623
11103,2622
10527,2780
10155,2610
10021,2629
9631,2571
9443,2615
9375,2578
9039,2220
8889,2442
8791,2383
8645,2332
8511,2309
8467,2424
8246,2471
8114,2299
7962,2262
7786,1944
9644,2186
9556,2053
9506,1971
9366,2021
9270,2016
9180,1858
9140,2025
9056,2115
9016,1913
8972,2016
8952,1943
8391,1866
7967,1871
7601,1854
7353,2067
6971,1807
6701,1825
6463,1752
6421,1768
6313,1697
5946,2047
5776,1731
5542,1791
5498,1803
5388,1801
5194,1933
5116,2079
5010,2100
4990,2133
4938,1980
4676,2005
4580,1921
4340,1894
4132,1979
3988,1962
3964,1812
3776,1769
3728,1784
3608,1835
3504,1868
3480,1804
3432,1797
3277,1711
3237,1741
3153,1732
8327,1960
9783,2833
9641,2167
9425,2183
9231,2231
9067,2945
8919,3047
8839,7808
8745,3508
8689,2602
8637,2249
8609,7315
8231,3842
7783,2704
7367,2379
7193,2621
7111,2586
6741,2597
6547,2527
6331,2424
6249,2477
5967,2398
5743,2363
5711,2314
5503,2154
5423,2509
10589,3002
10397,2667
10189,2872
10051,2765
9931,2487
9883,2724
9329,2598
8977,2514
8641,2609
8481,2570
8305,2789
8073,2447
7913,2556
7737,2459
7673,2359
7489,2256
7417,2280
7369,2379
7163,2396
7035,2124
6843,2170
8351,2213
8255,2226
8167,2137
8111,2134
7963,2100
7883,2102
7795,1882
7755,2107
7671,2111
7631,1947
7587,2122
7567,2119
7104,2010
6784,1896
6430,2015
6266,1970
5986,1838
5784,1635
5602,4458
5504,4077
5488,2314
5186,1930
5020,1733
4876,1869
4778,1687
4762,1669
4594,1856
4514,1821
4442,1603
4394,1805
4386,1963
4182,2118
3990,1631
3958,1565
3782,1451
3718,1499
3702,1416
3534,2373
3470,1898
3454,1769
3382,2138
3334,1913
3326,1637
3210,2269
3178,1822
8492,1892
10114,2372
10002,2476
9898,5913
9834,3128
9670,5974
9574,4021
9470,3028
9422,7181
9330,3130
9282,2779
9230,2312
9206,3230
8693,2910
8307,2724
7877,3550
7709,2863
7365,2441
7125,3114
6905,2652
6787,2425
6771,6137
6437,5336
6245,2868
6069,2003
5957,2395
12023,2878
11695,2771
11519,3404
11351,2499
11255,2610
11159,2531
10787,5854
10307,3250
10115,2295
9747,1941
9603,5924
9507,3090
9179,2046
9035,4011
8939,2975
8803,4265
8683,2669
8643,2220
8431,2210
8303,2299
8159,5434
9975,4545
9879,2893
9791,2599
9743,2107
9587,2079
9507,6303
9419,3438
9379,2639
9295,1746
9255,5974
9211,3096
9191,2407
8655,2145
8269,6169
7785,2756
7597,1893
7193,1557
6931,4534
6689,3614
6579,2233
6531,1666
6145,1616
5947,1623
5759,1649
5629,1762
5609,1758
5397,1968
5315,2431
5203,2775
5183,2959
5133,2867
4891,2692
4625,2734
4581,2615
4329,2951
4237,2921
4213,2953
3975,3064
3881,2823
3857,2796
3755,2868
3685,2792
3675,2680
3523,2838
3481,2665
8547,1846
10105,2675
9991,2594
9885,2472
9829,2615
9657,2475
9561,2547
9457,3030
9409,3136
9317,2982
9269,2924
9217,2697
9193,2864
8623,2850
8179,2676
7693,2760
7469,2865
7127,2595
6839,6732
6587,5464
6447,3483
6427,2628
6053,4707
5831,4702
5633,3161
5501,2555
10727,6285
10503,3479
10271,2847
10095,2640
9953,2583
9899,5806
9343,3307
8989,2349
8653,1916
8493,5599
8317,3360
8085,2493
7925,2250
7749,2144
7581,1846
7501,5079
7413,3903
7381,2502
7079,2141
6935,4936
8497,3793
8309,3902
8225,2329
8135,1959
8095,1979
7881,1787
7793,2225
7745,4724
7669,4653
7621,2578
7577,4561
7553,2573
7211,2143
6827,4476
6475,2937
6283,2165
5977,1842
5913,1729
5753,1892
5577,1968
5497,1695
5265,1919
5073,1942
4897,1965
4865,4003
4785,3959
4617,2504
4553,1971
4465,1884
4449,1945
4409,1921
4205,3788
4005,3767
3971,2932
3787,1980
3723,2013
3707,1945
3537,3505
3473,3602
3457,2757
3369,2780
3337,2299
3329,2215
3213,3561
3117,3539
3101,2200
9539,1836
9409,2707
9303,2214
9255,2927
9091,2617
8907,2469
8851,2470
8767,7891
8711,4027
8659,2990
8631,2365
8245,2715
7797,7397
7379,3992
7155,4861
6819,2670
6755,2697
6563,6475
6353,4061
6257,2935
5929,6357
5769,3703
5561,2524
5449,2368
5433,2499
5249,5817
10251,5501
10083,3268
9987,4085
9891,2537
9519,5485
9039,3062
8847,3535
8477,4388
8301,2972
8069,5330
7909,3013
7733,2346
7565,2159
7485,2109
7397,2094
7365,2142
7065,4907
6921,4736
6841,2717
6689,2094
8219,2269
8131,4950
7975,3306
7879,3333
7791,4895
7743,2662
7667,2095
7615,1804
7567,4784
7547,3730
7077,2267
6757,1869
6467,1986
6275,4365
5967,4583
5775,2579
5597,1747
5501,1798
5251,4055
5187,3996
5027,2158
4851,3180
4787,2513
4635,3131
4539,3084
4523,2368
4435,3894
4403,2561
4189,1777
4125,1743
3965,1713
3821,1724
3725,3633
3709,3545
3571,2822
3475,2166
3459,2249
3387,3504
3339,3524
3331,2168
3215,3315
3119,2601
3103,3313
3031,2618
3015,3364
2983,2051
6594,1416
6514,1766
6444,1817
6404,1570
6350,2088
6304,1912
6269,2310
6252,5797
5866,4176
5552,2729
5227,2239
5065,2321
4794,5278
4638,4793
4508,3943
4416,4363
4210,4142
4002,4069
3826,2972
3794,2696
3706,2503
3558,5142
3486,3670
3398,2251
3382,4891
6766,3783
6258,2387
5922,1972
5794,5106
5458,3116
5290,2263
5094,5102
4902,3400
4766,2017
4614,1567
4518,1818
4450,1671
4312,1735
4152,3965
3984,3981
3920,3898
3800,2340
3684,1921
3644,3773
3570,3628
3490,2858
4184,1994
4144,2003
4068,2005
4028,1917
3986,1961
3966,1930
3726,3382
3566,3255
3390,2604
3310,2108
3142,2079
3078,2047
2990,2012
2942,3175
2818,3117
2786,3135
2706,2398
2618,1968
2586,3068
2510,3129
2494,3088
2454,2355
2418,1931
2394,2975
2390,3661
2253,2420
2185,1523
2095,1279
2079,1269
2047,2913
1968,2926
1951,3166
1915,2992
1869,3084
1861,2326
1845,2253
1841,2915
1767,2926
1735,2819
1727,2881
1691,2302
1683,2253
1667,2281
1663,2249
1621,2262
1605,2223
7613,1549
7547,2508
7495,1857
7451,2163
7425,1976
7130,2230
6714,2027
6362,1991
6154,1875
6122,2397
5826,2321
5650,2561
5474,2398
5402,2589
5190,6187
4982,5993
4950,3237
4774,2503
4686,2376
4568,2294
4462,2407
4446,2281
4358,2198
4322,2189
4144,2416
8646,2603
8278,2478
8068,2492
7876,2658
7692,2587
7544,2229
7352,2318
7168,5524
7064,3668
6968,2239
6900,5155
6762,2706
6602,2337
6466,2218
6370,2123
6250,2101
6186,5299
6118,4090
6020,2581
5940,1906
5872,1886
7332,1682
7264,1978
7216,1862
7174,1583
7150,4522
6857,4464
6461,2390
6121,2082
6057,1683
5897,1699
5593,1623
5433,1839
5265,2061
5201,1712
4987,1543
4795,1623
4763,1936
4595,1875
4531,2179
4395,1999
4297,1984
4281,2320
4197,2869
4165,2776
4157,2787
3915,2643
3783,1978
3611,1793
3579,1856
3515,1853
3379,1843
3347,2096
3283,2030
3267,2093
3183,2000
3151,2009
3143,1966
3045,1962
3013,2027
2949,1906
2865,1904
2849,1921
2817,1952
2809,2157
2749,2119
2733,2115
8749,1678
8693,2658
8611,2148
8555,2553
8503,2250
8475,2843
8118,2670
7670,2648
7606,2694
7190,2623
6998,2434
6638,2714
6478,2367
6270,2354
6158,2432
6142,2399
5830,2402
5638,2272
5462,2305
5350,2221
5334,2296
5154,2304
5074,2544
4970,2350
4954,2418
9798,3400
9560,2731
9176,3628
8792,3436
8520,2453
8358,2215
8166,2825
7986,2090
7794,2017
7650,2412
7482,1872
7402,4628
7314,4818
7282,3405
6990,2364
6846,1951
6766,1958
6646,1735
6550,1726
6478,1879
8012,1751
7866,1870
7786,1930
7698,1879
7658,2037
7574,1997
7534,1995
7490,1875
7470,2024
7021,2275
6701,1838
6349,1780
6221,1848
5917,1873
5725,1760
5549,1975
5517,2012
5437,1994
5143,2043
5015,2055
4839,1899
4807,1806
4727,1887
4559,1945
4495,1951
4407,2008
4391,2220
4351,2223
4155,2243
4091,2213
3931,2143
3787,2223
3691,2216
3675,2027
3539,1984
3443,2087
3427,2118
3355,2117
3339,2054
3299,2058
3185,1984
3153,2014
3089,1980
3073,2090
3001,2010
2959,2023
2945,1898
9103,1708
8991,2655
8887,2311
8831,2245
8747,2299
8691,2357
8639,6255
8611,4480
8234,3391
7784,3393
7368,3042
7144,7410
7112,3905
6742,2693
6550,2182
6342,2556
6262,2659
5982,2471
5758,2534
5726,2459
5518,2557
5422,2485
5270,2501
5158,2568
10172,2803
9986,2705
9898,2543
9632,2483
9312,2589
8960,2536
8624,2481
8432,2446
8288,2635
8056,2554
7864,2571
7720,2444
7552,2352
7472,2500
7384,2469
7352,2409
7148,2313
6908,2403
6828,5806
6708,4370
6612,3017
8118,2137
8078,2199
7928,2278
7848,2143
7756,2346
7710,2139
7624,2117
7584,5357
7540,4650
7520,2684
7058,1750
6738,2328
6386,1915
6258,4651
5952,4466
5760,2551
5584,1960
5552,2026
5472,2049
5176,1986
5048,1892
4870,1868
4838,1935
4758,2288
4622,1969
4526,1833
4510,1859
4422,1777
4390,1987
4178,1854
4114,1877
3986,1985
3810,2049
3778,2044
3714,1968
3562,2309
3530,2013
3466,1870
3378,1983
3362,1876
3330,2154
3322,2158
3206,2232
3110,2118
3094,2179
3022,2280
3006,2395
9330,1814
9282,3387
9118,2111
9022,2232
8918,2477
8870,7443
8778,3911
8730,3504
8678,3417
8650,2956
8133,3055
7749,3367
7333,3009
7141,2692
6837,3125
6613,2842
6403,2679
6291,3186
6275,2707
5947,2645
5755,3243
5579,2551
5467,2729
5451,3253
10449,2762
10273,3090
10105,2729
10009,2431
9913,2741
9541,2676
9059,2303
8865,2789
8497,2558
8353,6269
8257,3012
7929,2115
7785,2920
7689,3166
7553,2182
7433,6308
7393,3020
7181,2015
7053,1673
6909,6326
6741,2852
8265,2322
8177,2409
8129,2221
8005,6494
7909,2840
7805,1866
7765,1673
7681,1914
7641,4819
7597,4686
7577,2857
7239,2875
6855,2145
6503,1956
6311,4432
6007,3664
5813,2340
5781,3423
5603,2551
5523,2346
5289,4102
5097,3018
4921,2148
4889,1748
4809,4051
4669,3926
4571,2119
4555,1685
4457,1681
4419,1635
4203,1606
4139,1838
3979,2019
3835,2063
3803,2233
3723,3795
3587,3674
3555,2945
3475,1941
3403,1962
3387,3678
3355,3622
3347,2261
3199,1739
3135,1705
3119,3573
3047,3901
9437,1847
9333,2652
9285,2518
9117,2230
9021,2677
8913,2613
8865,2419
8769,6990
8717,4122
8663,2968
8639,2276
8129,6215
7741,3999
7321,2996
7129,5537
6825,3664
6599,3020
6389,5350
6357,4015
6261,3149
5933,2769
5773,2819
5565,2786
5453,2726
10747,2982
10419,3024
10243,2907
10075,6715
9995,3210
9907,2396
9639,4508
9255,2966
8871,2407
8631,6255
8439,3145
8247,2331
8063,1955
7871,2138
7727,5979
7559,3160
7479,2134
7391,1791
7359,4933
7155,3346
7069,3170
8473,2246
8321,4875
8225,3138
8137,3750
8089,2135
7965,1827
7853,1809
7765,1662
7725,1745
7657,1737
7609,1601
7565,4376
7541,3785
7199,2201
6815,1696
6461,1664
6397,4149
6237,4376
5901,2224
5741,1702
5597,1688
5501,1683
5485,4029
5189,4068
5029,2173
4885,1615
4789,4025
4773,3995
4605,2068
4541,2991
4453,3043
4437,3791
4405,2396
4193,1981
4129,1904
4001,1929
3825,3655
3793,3608
3729,2504
3713,4069
3545,2453
3481,4289
3465,3091
3393,2179
3377,2201
3337,4088
3219,3932
5866,1791
5706,2408
5614,2409
5491,1846
5372,1759
5289,1832
5250,2011
5142,5184
5074,5150
5016,3212
4976,3840
4922,2766
4882,5092
4847,3811
4827,2528
4824,3986
4547,3130
4339,2459
4116,2467
4029,4569
3854,4793
3820,2527
3720,4509
3610,2788
6888,4864
6707,2983
6488,2052
6276,3880
6106,4571
5961,2672
5911,2231
5775,4857
5650,3839
5598,2229
5528,4606
5467,3081
5447,2214
5254,4510
5126,2996
4926,2102
4793,4403
4695,3005
4619,3404
4587,2228
5438,4240
5348,2735
5300,3367
5217,3198
5169,3228
5113,2244
5092,2011
4947,1975
4867,1910
4778,1991
4738,4080
4653,4429
4613,4713
4569,3005
4549,2112
4457,1758
4395,4913
4371,2491
4349,1889
4324,1428
4304,4575
4282,2480
4272,2583
3988,3907
3786,2812
3568,1702
3469,1739
3296,3549
3165,3461
3046,3513
2981,3052
2970,3852
2781,2314
2701,1737
2629,3581
2581,3441
2573,3620
2489,2118
2449,1723
2413,3466
2389,3513
2385,2165
2251,1783
2187,3594
2171,3464
2083,2757
2051,3640
1975,3266
9663,1810
9455,2916
9251,2452
9147,2761
9043,5853
8999,2374
8621,4112
8445,3007
8325,2474
8177,7484
8089,3853
8001,3191
7859,2825
7755,2740
7667,2582
7615,6624
7549,4551
7497,3319
7453,5063
7427,4781
7132,4432
6716,3276
6364,6289
13306,4145
12898,2969
12322,6056
11954,3468
11762,3903
11562,2640
11030,2614
10598,2307
10325,5718
10093,3350
9865,2383
9673,1846
9489,2222
9353,5242
9237,3115
9189,2205
8691,1717
8355,1996
8051,2243
7859,2028
7675,2093
9465,4824
9241,3494
9009,2304
8873,1745
8761,3527
8645,2888
8467,2182
8243,1843
8075,1898
7995,1898
7779,1908
7695,1886
7647,1840
7509,1825
7429,1787
7345,1866
7305,4173
7229,4328
7189,2654
7147,1699
6840,1565
6712,1671
6392,3913
6056,3748
5896,2138
5590,3784
5430,2409
5262,1739
5182,1714
4986,3690
4794,3799
4626,2502
4528,3712
4512,2621
4360,2866
4296,2266
4210,2197
4162,3535
4154,3636
3920,2801
3792,1940
3624,3430
3592,3424
3528,3395
3392,3354
3360,1768
3280,1639
3212,1550
10628,1842
10524,2816
10266,2710
10042,2292
9802,2916
9706,4324
9446,4950
9342,3321
9286,2766
9154,7211
9026,3862
8922,2623
8874,5203
8784,3514
8736,2868
8684,6835
8660,4165
8169,2723
7779,2363
7353,6305
7157,4164
6781,4323
6581,4073
12679,3532
12459,2988
12039,2903
11491,2710
11149,6283
10957,3399
10749,2549
10419,2286
10243,2534
10073,2748
9919,2408
9871,6061
9323,3397
8967,2383
8623,2164
8431,2371
8283,5367
8035,3761
7843,2460
7647,5244
7519,3205
9229,2520
9107,4023
8893,2875
8669,2305
8491,2156
8271,5007
8175,3754
8085,2473
8029,1789
7883,2034
7803,4850
7715,3814
7675,2487
7557,2086
7513,1938
7489,1690
7162,4523
6778,4331
6426,2541
6362,4482
6202,2542
5866,1981
5706,2137
5530,4414
5450,4530
5222,2360
5030,3319
4854,2665
4822,4072
4742,2908
4606,2068
4510,1925
4422,1788
4406,1787
4366,1924
4170,1839
4106,3906
3946,3958
3802,2648
3706,3464
3690,3484
3554,2801
3458,2321
3442,2244
3370,2253
3354,2231
3314,2222
3200,2207
9998,1981
9790,2338
9694,2611
9430,2276
9324,5005
9268,3124
9128,2968
9000,3031
8896,3049
8848,6950
8756,4655
8708,3011
8656,2566
8632,2999
8131,3015
7745,2904
7329,2867
7137,2889
6831,2726
6607,2605
6399,2580
6287,2609
6271,5924
11801,5801
11405,5176
11099,5087
10827,3493
10595,2336
10403,4970
10211,3178
10059,4918
9939,3225
9891,4749
9337,2951
8985,2528
8649,5440
8455,3783
8311,4146
8079,3627
7887,2634
7743,5337
7575,3479
7479,2436
9205,2149
8961,2168
8769,5066
8593,3846
8481,2611
8313,4926
8233,3108
8113,4093
7989,4187
7893,2392
7805,2232
7757,2203
7681,4687
7625,3750
7581,3822
7561,2401
7099,1930
6843,1885
6491,1632
6299,1723
5995,1698
5803,1638
5627,3865
5531,3857
5515,2480
5219,2026
5059,2063
4907,3661
4801,3702
4647,2443
4613,2089
4533,3882
4461,3644
4413,2348
4405,2043
4137,1975
4009,3484
3833,3456
3801,3717
3737,2840
3585,1929
3553,1967
3489,3579
3401,3759
3385,3579
3353,3571
3229,2259
3197,1909
3133,1973
9823,1848
9639,3493
9543,2417
9399,2286
9259,2391
9147,2986
9043,3215
8987,2878
8901,6652
8845,4685
8791,3429
8763,2589
8374,3132
7926,2973
7508,2968
7284,3075
6948,2825
6724,6492
6690,5187
6482,3413
6386,2553
6058,2364
11742,2630
11406,2624
11102,2491
11006,2589
10678,2674
10502,2441
10334,2571
10238,2645
10142,2473
9770,5624
9290,3800
9098,4515
8730,2626
8586,2404
8490,2276
8162,2316
8018,2486
7922,2362
7786,2226
7666,2325
7626,5357
9204,5260
9026,2808
8754,2374
8596,2847
8494,5393
8388,3498
8344,3781
8172,3411
8076,2628
7966,5265
7912,3125
7816,2417
7738,2035
7714,1992
7710,2176
7202,2097
6848,1859
6456,2059
6276,2144
5920,2061
5760,2184
5616,2011
5520,4643
5272,4403
5080,2605
5048,2297
4872,2018
4792,4946
4656,4059
4560,2610
4544,2251
4456,5254
4424,5404
4206,3082
4142,2325
3980,2207
3834,2162
3802,5044
3722,5172
3586,2959
3490,2204
3474,4868
3402,3755
3386,2540
3346,2184
3230,2144
3198,2377
3134,2374
3118,4905
9462,1919
9358,2651
9302,2212
9162,3099
9050,3391
8938,2910
8882,3108
8790,8968
8742,4157
8690,3638
8666,2568
8150,3177
7828,2932
7408,8514
7184,4023
6848,3186
6624,2314
6416,8309
6384,3993
6288,3079
5960,5330
5800,3370
11120,2971
10880,2941
10784,2884
10456,7908
10280,3232
10110,4918
10014,2773
9918,5599
9540,4987
9058,3219
8866,2585
8594,2424
8354,6796
8258,3208
7930,2469
7786,1970
7690,2329
7554,2235
7434,2616
7394,2399
7182,2305
8746,6358
8570,3676
8354,2852
8258,1935
8170,2127
8122,2192
7966,2119
7886,2017
7798,2103
7758,2288
7674,2424
7634,1890
7590,2011
7570,5236
7104,3461
6784,2256
6432,1618
6272,1708
6000,4900
5808,3520
5632,3632
5536,2105
5520,1901
5224,1853
5064,1935
4920,1774
4824,4625
4670,4156
4638,2486
4558,3427
4486,2640
4438,2223
4430,2097
4162,3878
4034,3778
4002,2326
3824,1842
3760,1788
3608,3623
3576,3637
3512,2857
3424,2268
3408,3584
3376,3567
3368,2863
3220,1894
3156,1910
3140,1979
3068,3697
9544,1835
9440,2794
9392,2421
9148,2619
9044,3193
8988,2593
8904,2729
8848,7157
8796,4080
8768,2907
8382,2249
7934,6762
7518,4118
7292,2819
6956,2100
6892,2519
6700,2528
6492,2427
6396,2656
6050,2478
5868,2522
5646,2493
10936,2672
10828,2587
10492,6109
10316,3444
10148,2781
10052,3433
9956,2731
9580,6183
9092,3344
8900,2834
8530,2572
8354,2386
8290,2386
7962,2298
7786,2134
7722,2300
7538,5524
7450,5239
7418,2942
7118,2354
6974,2332
8540,5697
8356,2832
8276,2743
8188,1732
8032,2127
7936,2048
7848,6214
7800,3520
7724,2434
7676,1680
7632,5952
7608,2884
7264,1941
6880,4235
6528,2618
6336,2088
6032,1949
5840,2067
5808,1678
5632,1810
5552,1760
5256,1780
5128,2147
4952,2400
4920,5153
4840,4522
4670,2418
4602,1901
4508,1864
4492,1924
4452,1848
4246,1969
4054,1968
4022,1916
3878,2104
3782,2395
3766,2315
3630,2311
3534,2282
3518,2308
3446,2291
3398,2281
3390,2280
3274,2338
3242,2238
3178,2275
3090,2296
3074,2333
3042,1969
7292,2081
7154,2377
7066,1898
6978,2436
6934,3368
6860,2546
6816,2645
6772,2229
6750,2290
6327,2585
5969,2370
5615,2591
5439,2469
5207,2482
4999,2624
4822,2438
4718,2390
4702,2561
4442,2425
4266,2292
4122,2589
4018,2737
8095,2856
7903,3050
7719,2873
7583,2798
7467,2733
7419,2658
6921,2519
6584,2597
6360,2489
6119,2613
5948,2665
5750,2500
5590,2507
5422,3518
5269,2288
5189,2317
5105,3122
5073,2128
4901,2183
4669,2994
5685,2156
5549,2181
5437,2932
5353,2509
5313,2476
5183,2242
5103,2345
4987,2238
4919,2366
4871,2355
4829,2300
4805,2210
4589,2141
4337,2271
4295,2285
4065,2303
3955,2060
3738,1999
3628,2021
3532,1913
3466,1977
3316,2023
3196,1881
3176,1961
3068,2165
3028,2055
2937,2092
2877,2235
2867,2023
2813,2095
2793,2086
2653,2010
2605,2132
2509,2131
2381,2039
2357,1765
2297,1654
2203,1570
2179,1571
2131,1635
2067,1569
2055,1535
2031,1542
2025,1514
1923,1833
1875,1616
1863,1402
1811,1322
1799,1952
1775,1297
8818,1973
8710,2863
8614,2166
8560,2497
8486,3244
8432,2286
8384,2265
8357,3055
8057,2881
7641,2773
7289,2739
7081,2793
7049,3101
6710,2768
6491,2849
6268,2699
6178,2722
5934,2515
5676,2727
5636,2831
5421,2834
11472,2969
11202,2900
10906,2879
10774,3057
10564,3094
10460,2579
10192,2572
9692,2624
9214,2333
8882,2626
8698,2746
8436,2479
8166,2218
7994,2351
7746,2140
7604,2337
7476,2391
7384,2241
7218,2133
7046,2248
6860,2216
8546,2283
8380,2176
8226,2373
8176,2084
8062,2107
7960,2201
7868,2154
7820,2077
7744,1884
7688,2051
7642,2026
7612,1973
7297,1981
6893,1986
6537,1933
6333,1973
6039,2043
5811,2070
5773,2252
5587,2176
5503,2104
5285,2086
5059,2108
4867,1892
4829,2058
4741,1958
4571,2227
4497,2107
4395,2132
4375,2230
4329,2103
4155,2009
3959,2023
3925,2024
3785,1942
3685,1934
3669,1987
3547,2070
3451,2130
3435,1982
3367,1918
3319,2006
3311,2020
3201,1943
3161,1908
3077,2145
3061,2065
2961,2196
2923,2160
2915,2048
9381,1959
9115,2596
8931,2994
8845,2601
8695,2536
8613,2903
8541,2808
8517,3028
8036,6359
7652,5363
7236,3429
7076,2816
6748,5022
6524,3975
6316,2736
6204,2482
6188,2447
5876,5990
5684,5628
5508,3038
5396,2574
10726,2817
10370,2748
10178,2838
10026,2747
9906,2631
9858,2647
9310,2660
9018,2753
8826,2727
8458,2606
8282,2442
8218,2500
7894,2417
7718,2513
7654,2528
7470,2344
7398,2533
7350,2377
7154,5189
6914,4455
6834,2954
8332,2024
8220,2392
8132,2001
8092,1896
7946,2162
7866,1953
7778,1811
7704,2188
7622,2138
7578,2075
7554,2141
7229,1862
7101,2012
6781,1988
6429,1760
6269,2413
5933,1658
5773,1538
5629,4399
5533,4215
5289,2577
5097,2093
5065,1898
4889,1927
4809,1914
4673,1883
4577,1899
4561,1982
4473,2188
4441,2199
4237,2018
4173,2144
4007,1985
3855,2052
3821,1927
3739,1995
3603,1907
3571,2060
3491,1951
3419,1924
3403,2086
3371,2083
3249,2070
3217,2166
3153,3565
3137,3563
3065,2764
3017,1881
3009,1896
2941,1857
9145,1847
9041,4031
8977,2708
8885,3003
8837,2749
8785,2798
8761,9325
8258,3744
7872,3039
7518,3111
7292,4128
6950,5273
6722,3339
6508,3202
6394,8356
6378,4433
6044,3425
5850,2859
5672,2674
5560,2582
5392,2551
10616,2557
10424,2764
10272,7495
10152,3960
10104,2831
9550,2198
9198,2710
8862,2512
8670,2441
8526,7277
8294,3657
8102,2932
7958,2028
7790,2396
7694,6578
7622,3256
7450,2288
7290,1970
7146,2165
7050,2189
8584,5422
8504,3699
8384,2629
8260,3983
8164,3966
8076,2819
8028,2524
7952,2326
7904,6050
7860,3520
7836,2335
7496,1770
7112,6080
6760,3218
6568,3211
6264,2387
6072,2350
5896,4828
5864,4095
5784,2462
5428,4707
5268,3555
5058,2146
4934,4504
4914,3389
4714,2085
4620,4486
4538,3346
4486,3279
4478,4347
4210,2827
4082,4403
4050,2770
3874,2084
3810,2030
3658,4143
3626,4070
3562,2566
3546,2256
3458,4216
3426,4150
3418,4163
3302,2227
3206,1981
3190,4137
3118,3959
3102,2415
3070,2142
3062,3865
2990,3817
2940,2991
8962,1864
8872,2851
8812,3238
8754,2669
8726,2761
8333,7605
7877,4343
7457,3059
7229,7245
6887,4210
6823,4714
6629,6446
6417,3492
6321,2870
6049,2652
5823,2672
5613,2593
5581,2755
5485,2760
5297,2725
5217,2770
10143,2928
10047,2992
9951,2856
9575,3009
9089,2985
8895,2864
8521,2755
8377,3022
8281,2725
7953,2718
7777,6883
7713,3887
7529,2993
7457,2078
7409,2534
7205,2411
6965,6537
6885,4247
6765,3287
6669,2617
8177,6537
8137,3129
7925,2271
7837,1807
7789,6454
7713,3521
7665,2616
7621,2320
7597,6144
7255,2963
6871,2132
6519,1606
6327,5833
6021,3498
5827,3236
5795,2384
5619,4579
5539,3145
5243,3297
5115,4429
4939,2576
4843,2220
4827,4343
4659,4404
4595,2390
4507,4208
4459,3318
4451,2305
4183,1882
4055,1921
4023,1833
3847,1834
3783,1726
3631,2010
3599,2178
3535,2164
3447,2453
3431,2367
3399,2481
3391,2448
3239,2486
3169,2415
3151,2451
3079,2522
3061,1720
3015,3582
2945,3564
2929,2572
2897,1882
2889,1875
2853,3606
8749,1733
8695,2800
8667,2203
8277,2582
7829,3104
7413,2123
7189,2750
6853,6255
6629,4957
6421,3210
6389,2567
6293,2490
5965,5864
5773,5147
5597,3115
5485,2500
5469,2676
5285,5660
5189,5485
5101,3043
9957,4863
9909,3509
9353,2557
8999,4710
8871,3308
8501,4522
8325,2827
8093,5749
7933,3563
7757,2613
7589,5343
7509,3445
7421,2522
7389,1921
7089,2294
6945,5197
6849,3896
6713,2591
6649,4915
6577,3135
6461,4982
7899,2876
7811,2281
7763,5087
7687,3311
7639,2389
7595,4829
7571,3387
7229,3358
6845,2263
6493,1890
6301,2101
5997,4284
5805,4738
5629,2626
5597,1978
5517,1745
5221,1826
5093,2093
4917,1867
4821,1971
4805,2069
4637,1972
4557,2026
4485,3796
4437,1820
4429,1458
4161,3789
4033,3756
4001,2903
3825,1971
3761,1935
3609,3609
3577,3719
3513,2345
3493,1934
3409,1911
3377,3688
3369,3809
3253,2456
3157,1697
3141,3392
3069,3378
3053,3426
3021,2186
3013,2063
2945,2027
2897,1614
2889,1555
2853,1529
2845,1453
2829,1512
4690,1769
4491,1675
4266,1702
4058,1624
4026,2909
3930,2219
3746,5482
3650,3037
3562,1832
3506,4316
3366,3971
3334,4014
3238,3227
3134,2579
3094,4072
3010,3963
2994,4162
2946,4024
2902,2574
2874,2610
5529,4128
5251,2959
5075,3972
4907,2497
4827,2092
4739,4062
4623,3938
4543,2559
4455,3949
4423,3094
4331,2539
4295,2932
4271,2217
4169,2126
4105,2006
4009,3693
3949,3704
3909,2869
3873,2417
3849,2358
3791,2290
4630,2370
4586,2266
4566,2804
4524,2324
4504,2298
4482,2246
4472,2228
4239,2299
4079,2249
3935,2205
3839,2254
3687,2141
3591,3343
3574,3952
3486,2181
3446,2755
3330,2740
3233,2657
3145,3164
3129,3235
3089,2505
3021,2496
2973,3009
2965,3903
2921,3889
2905,3160
2799,3783
2767,2920
2703,2368
2615,4124
2599,4137
2567,2396
2491,4023
2475,4098
2443,2439
2399,2075
2391,2045
2375,2026
2371,2088
2313,2219
2297,1836
2257,1747
2221,3983
2213,3997
2197,3961
2193,2977
2159,2361
2151,2341
2135,2405
2131,2322
2113,2410
8019,1641
7975,2470
7949,2055
7624,2056
7192,2074
6808,4068
6744,2658
6558,6447
6229,4099
6044,3021
5882,6139
5774,4053
5758,2850
5472,5851
5288,3780
5128,2900
5020,5770
5004,3860
4840,2847
4764,2528
9768,2668
9592,2684
9506,2820
9262,2730
8942,2749
8590,2674
8254,2463
8094,2532
7918,5430
7854,3855
7530,2281
7386,1947
7290,2239
7154,2233
7090,2307
6994,2167
6854,4908
6694,4933
6550,2975
6470,2343
7956,2094
7860,4852
7756,3687
7716,2430
7570,3649
7490,2517
7402,3525
7370,2356
7294,2003
7246,4398
7202,2864
7178,2771
6881,2065
6497,4370
6161,2831
6097,2164
5937,4237
5633,3093
5505,2461
5335,2042
5239,2114
5223,2177
4963,5198
4803,3852
4667,2312
4571,5237
4555,3148
4403,5090
4339,2894
4255,2004
4239,1965
4199,5026
4029,3839
3965,4762
3805,2743
3669,4600
3637,3464
3557,2245
3437,4440
3405,4244
3341,2287
3257,2074
3241,1983
3209,1940
3201,4418
3103,4547
3071,2677
2991,2015
2923,1954
2907,4421
2875,4397
2867,2694
9027,1796
8915,3699
8811,2167
8755,2352
8673,2297
8617,2230
8565,2965
8537,2997
8176,2826
7728,3106
7312,3132
7088,2953
7056,3030
6693,2911
6501,2805
6293,2846
6213,2708
5947,2647
5723,2719
11311,7861
10943,4003
10767,2800
10539,2901
10347,2940
10155,5565
10001,3587
9877,2916
9823,5452
9285,3863
8997,4416
8805,2867
8437,2458
8293,6997
8197,3484
7873,3044
7729,3638
7633,2831
7497,2526
7433,6497
7337,3759
8915,2535
8723,3424
8515,4592
8435,2939
8267,2452
8187,2353
8099,6357
8059,3030
7849,2672
7761,4262
7713,2914
7637,6346
7589,3261
7545,4555
7537,4363
7517,2561
7068,2344
6748,2350
6396,2585
6236,2532
5964,2289
5772,5881
5596,4857
5564,2908
5484,2221
5192,2247
5064,5633
4888,3957
4856,2775
4776,2250
4640,2291
4544,5513
4528,4172
4440,3474
4408,2349
4400,2445
4140,5236
4012,3962
3836,2334
3804,2019
3740,5127
3724,4338
3556,2508
3492,1986
3476,4968
3404,3755
3356,2568
3348,2179
3234,5028
3202,4912
3138,2455
3122,3706
9462,1954
9358,3028
9302,2247
9162,2277
9050,4047
8946,3477
8890,3152
8790,3359
8742,3135
8698,3122
8670,3111
8293,3455
7843,3135
7425,8322
7201,4791
6865,3574
6801,2439
6609,2860
6401,7489
12517,3938
12093,2946
11613,4520
11211,3524
11013,3048
10819,2913
10565,7493
10319,3392
10223,3084
10037,4957
9949,3184
9683,2665
9299,7554
9011,3356
8675,4146
8473,4881
8325,2952
8093,2587
7901,2586
7757,2269
7589,2391
9315,2386
9211,2129
9171,2406
8903,2426
8599,2292
8503,2399
8351,2233
8239,2207
8151,2321
8111,6089
7963,4210
7883,2259
7795,4006
7755,4038
7671,2484
7631,2221
7587,2315
7567,2257
7105,2215
6785,2322
6433,2120
6273,2122
5937,2019
5777,5518
5633,5034
5537,3046
5289,2101
5225,1911
5065,5295
4889,4682
4825,2606
4673,2098
4641,2001
4561,2074
4473,5031
4441,5025
4433,2958
4165,2150
4037,2136
3861,4783
3829,4758
3765,2797
3613,4585
3581,3411
3517,2028
3429,2080
3413,2052
3381,4578
3373,4485
3225,3206
3161,4612
3145,3453
9553,1897
9457,2847
9353,2279
9303,2388
9139,2334
9043,2394
8939,7996
8891,4091
8799,3370
8751,5069
8699,3416
8675,7463
8166,4011
7782,3125
7364,3103
7170,2998
6866,3025
6642,2748
6434,2848
12686,2985
12478,2897
11878,2877
11526,2823
11188,2839
10884,2814
10788,2863
10460,2775
10284,2706
10116,2677
10020,2613
9924,2609
9680,2589
9296,6379
8912,4573
8608,3227
8480,2398
8288,5974
8040,3816
7912,2891
7720,2595
9422,2377
9310,5837
9222,3745
8978,2558
8786,2096
8610,2315
8498,2411
8330,2386
8250,2319
8162,2008
8122,5409
7974,4689
7822,2989
7774,3337
7698,2609
7650,2544
7606,5314
7582,3384
7578,2363
7112,2152
6792,2015
6440,5062
6280,5112
5944,2901
5816,3614
5640,4015
5544,4502
5528,2161
5232,1982
5072,2628
4928,4422
4832,3863
4816,3837
4648,2366
4584,2020
4496,5191
4480,2824
4440,1969
4236,1661
4044,4069
4012,4021
3868,1996
3772,1914
3756,1931
3620,3835
3540,3904
3508,3000
3436,1987
3420,2091
3388,3852
3264,3749
3232,2978
9916,2000
9788,3372
9604,2607
9508,2754
9404,2545
9224,7473
9110,4201
9006,2843
8950,2479
8866,2887
8810,2822
8758,2853
8730,2780
8342,2785
7894,2665
7476,2644
7250,2571
7218,6727
6850,5522
13246,4252
12846,3030
12670,3033
12198,2655
11718,2986
11526,2709
11158,2696
10934,2904
10686,2617
10446,2559
10350,2498
10166,6496
10078,3706
9808,2768
9424,2093
9040,2276
8734,2342
8606,2455
8414,6031
8166,4216
9976,2740
9736,1997
9552,2236
9472,2223
9352,2039
9140,2196
8916,2196
8740,2137
8660,2232
8428,5579
8340,4219
8292,2821
8136,2065
8056,2230
7968,2238
7928,2117
7844,2349
7804,2179
7760,1951
7740,2151
7272,2454
6942,1809
6582,2236
6418,2095
6080,1816
5918,2187
5774,2187
5678,2202
5422,2233
5212,2311
5178,2379
5000,2209
4920,2248
4782,2183
4682,2263
4590,2116
4574,2091
4530,2257
4320,2132
4108,2155
4076,2350
3890,2315
3824,2285
3806,2279
3626,2265
3552,2258
3534,2270
3434,2465
3400,2679
3390,2500
3240,2610
3176,2552
3158,2486
9564,2099
9468,3166
9324,2886
9184,2388
9072,2500
8968,2555
8912,2625
8812,3321
8764,3345
8712,3334
8688,3278
8172,3319
7788,3007
7372,3043
7180,2981
6876,2882
6652,2725
6444,2695
12584,3082
12208,2986
11824,3036
11408,3022
11040,2797
10864,3004
10568,2556
10328,2625
10232,2629
10048,2490
9960,2484
9692,2419
9308,2334
8924,2549
8620,2454
8380,2303
8284,2337
7980,2355
7812,2426
7716,2320
7532,2266
9250,2200
9194,2154
8926,2191
8622,2123
8526,2155
8342,2152
8262,2012
8174,2157
8018,2426
7922,2172
7834,2329
7786,2270
7710,2261
7654,2182
7610,2139
7590,1964
7124,2063
6804,2174
6452,1943
6292,2101
6020,2120
5828,2124
5652,2205
5556,2090
5306,1946
5242,1983
5082,2187
4906,2068
4842,2060
4690,2061
4594,2025
4578,2058
4490,2169
4458,2152
4246,2186
4182,2071
4022,2105
3878,2118
3846,2059
3766,2047
3630,2011
3598,1987
3518,2020
3446,2021
3430,2213
3390,2231
3274,2205
3242,2201
3178,2293
3162,2213
3074,2088
3042,2191
3034,2195
6944,1660
6876,2372
6816,2082
6790,1944
6735,2367
6709,2368
6679,2366
6666,2151
6238,2106
5886,6053
5534,5900
5358,3479
5062,2507
4918,2502
4742,2466
4638,2369
4426,2373
4362,2407
8562,2620
8222,2674
8054,2742
7794,2706
7562,2768
7466,2730
7298,2754
7214,2788
7002,2585
6618,2620
6250,2466
5978,2345
5746,2409
5666,2544
5454,2247
5222,2366
5142,2398
5006,2366
4890,2353
4850,2249
4672,2394
5611,2357
5443,2206
5243,2236
5147,2296
5063,2314
5007,2268
4877,2225
4797,2407
4713,2202
4673,2130
4597,2168
4557,2087
4499,2044
4288,2031
4208,2057
4008,2028
3792,2160
3692,1944
3490,1901
3390,1972
3282,2131
3242,1878
3096,1899
2976,2034
2868,2072
2848,2117
2798,2063
2717,2069
2657,2006
2603,2062
2593,2092
2568,1973
2449,2069
2329,2066
2309,2015
2221,1941
2161,1930
2151,1958
2048,1948
2006,2153
1995,2124
1950,2190
1920,2124
1915,2091
1854,2104
1838,2086
1798,2065
1762,2114
1754,2063
1738,2031
1734,2133
1700,2036
1692,2102
7720,1732
7676,2333
7584,2581
7522,4176
7514,2751
7492,7030
7073,4191
6715,2949
6363,5150
6187,3600
5891,3102
5715,2957
5571,6228
5467,4967
5255,3157
5191,2615
5013,2570
4833,6000
10119,6574
9923,3293
9731,2488
9541,2098
9363,6255
9279,3494
9134,2783
8749,4639
8413,3157
8107,4663
7915,3201
7731,2572
7583,5650
7391,3595
7207,2671
7103,2247
7007,2441
6939,2188
6801,5390
6641,5287
8129,3123
8049,2415
7897,2297
7749,2284
7701,2159
7595,2142
7499,5114
7415,4301
7359,2890
7283,2268
7243,1991
7201,5110
7181,4780
6766,4402
6446,2866
6108,2157
5980,3738
5708,2683
5516,2400
5348,5236
5252,2926
5236,2210
4976,4561
4816,4632
4648,3116
4584,2530
4448,2362
4416,2417
4336,2480
4252,2347
4220,2307
4042,2259
3978,2472
3818,4052
3682,4064
3650,3146
3570,4053
3450,4068
3354,2527
3338,2084
3270,2081
3222,2164
3214,2143
3116,3963
3084,4010
3004,3077
2936,2445
2920,2464
2888,2448
2880,2468
2820,2414
2772,2394
2764,2327
2730,2645
8638,1921
8586,3240
8558,2775
8201,5236
7753,2881
7335,2298
7111,3003
6783,6626
6719,5199
6527,3632
6319,2818
6223,2525
5975,2521
5751,2476
5541,2503
5507,2429
5409,2175
5229,5982
10223,6389
10055,3435
9957,2930
9861,2539
9507,2474
9027,6136
8835,4233
8563,2725
8323,2085
8227,2484
7903,5715
7759,3930
7663,2834
7527,4417
7407,3022
7367,4539
7163,2970
7035,2337
6843,5443
6723,3423
8237,2418
8133,2343
8093,2155
7947,5191
7867,3783
7779,2450
7671,3728
7623,2878
7579,2228
7555,4986
7230,3120
6846,3343
6492,2469
6428,4824
6268,3324
5932,3676
5770,4758
5594,2773
5514,3622
5286,2929
5094,4667
4918,2776
4886,4415
4806,2530
4636,2065
4572,4257
4484,4221
4468,2273
4428,4325
4232,2845
4040,1996
4008,1996
3832,1907
3768,1951
3752,4099
3584,4014
3520,3112
3504,3123
3416,2607
3384,2594
3376,2469
3230,2569
3166,2380
3150,2558
3078,2508
3062,2420
3030,2330
2954,2446
2938,2432
2906,2372
2898,2469
2862,2363
2854,2359
2838,3728
8694,1827
8193,2670
7809,2222
7393,2869
7231,2695
6895,5265
6671,3143
6463,6440
6351,3731
6067,2408
6001,2454
5807,6083
5599,4734
5519,3006
5351,4541
5239,3580
5223,5790
10077,3792
9989,4161
9719,2988
9331,2664
8941,5907
8635,3736
8507,2478
8315,1904
8065,4200
7825,3453
7745,4307
7593,2606
7473,2324
7433,5414
7221,3848
7093,2528
6949,2216
6781,2249
6701,2166
6613,2095
6579,2244
8003,2385
7923,2810
7835,2491
7727,4962
7679,3689
7635,2511
7611,2061
7269,4735
6877,3001
6519,2307
6325,2019
6021,1936
5957,1943
5797,4551
5621,4587
5541,2384
5245,1872
5117,4434
4941,3967
4845,2520
4829,2106
4661,2043
4597,2105
4509,2090
4461,2099
4453,5248
4185,5132
4057,2550
4025,3770
3849,3780
3785,3022
3633,2538
3601,4993
3537,4680
3449,2404
3433,4902
3401,3683
3277,3662
3245,2815
3181,2859
3165,4800
3093,4014
3045,2367
3037,2275
2969,2158
2953,4719
2921,4811
2913,2852
2877,2414
2869,4639
2853,3701
2849,4614
2668,2696
2604,2011
7438,1805
7246,2551
6878,2248
6718,4590
6510,2756
6398,2654
6118,5901
5894,4329
5862,4901
5654,4355
5558,3001
5404,5563
5288,4054
5272,4570
5168,5341
5128,3126
4886,2495
9418,2679
9012,5725
8686,3924
8422,4393
8326,2571
8086,2498
7842,2369
7746,2332
7610,2194
7486,2283
7438,2121
7234,2235
7106,2242
6914,5090
6794,4840
6698,2866
6626,2412
6594,2359
6430,2396
6358,5048
6318,4905
7740,4160
7692,2623
7648,2307
7624,5006
7282,3320
6898,2325
6546,2270
6354,4579
6048,3912
5856,2528
5680,4599
5584,3124
5336,3772
5272,2978
5112,2373
4936,4446
4856,3432
4720,3594
4624,2522
4608,2471
4520,4418
4480,4551
4276,3486
4084,3456
4052,3376
3876,4300
3812,2493
3660,3955
3628,3352
3564,4028
3476,2480
3460,2517
3428,4839
3304,4762
3272,5148
3208,2608
3192,2180
3104,4765
3072,3899
3064,2494
2996,2127
2980,4579
2948,4720
2904,3502
2896,2813
2880,2270
2876,2374
2694,2132
2630,2178
2502,4253
2470,4365
2326,4128
2294,3148
2230,2504
6380,1570
6364,2583
6036,1994
5842,4544
5666,2725
5554,2692
5386,6933
5354,5016
5258,4294
5170,3134
5114,3116
5106,3034
4812,2928
4652,2930
4440,2963
4408,2782
4326,2853
8172,3056
7978,2802
7834,2964
7666,2977
7586,3064
7498,2939
7466,2939
7166,2845
7022,2798
6926,2958
6784,2883
6712,2806
6610,2867
6516,6024
6436,4094
6364,2947
6324,4565
6262,2979
6222,6068
6176,3371
7620,2384
7280,2250
6896,2872
6544,3186
6352,3218
6048,2416
5856,2552
5680,5038
5584,3714
5568,2511
5272,2022
5112,1953
4968,2014
4872,4870
4718,4751
4686,2907
4606,1959
4534,4699
4486,3565
4478,2197
4210,2301
4082,2055
3902,2374
3870,2630
3790,2461
3654,2214
3622,5056
3542,4017
3470,2281
3454,2247
3414,1803
3298,1791
3266,2137
3202,1718
3114,1663
3098,5184
3066,3914
3058,3876
2990,3786
2974,2986
2942,2426
2934,2283
2898,2337
2874,2379
2870,2270
2688,3691
2624,4458
2496,4660
2464,2787
2320,2311
2320,4471
2288,4580
2224,3422
2208,3495
2070,3341
5856,1578
5646,1945
5534,2154
5366,2141
5334,2178
5236,2203
5148,2030
5092,5553
4856,1878
4792,2079
4600,5310
4424,5370
4392,3367
4296,4092
4144,3215
4032,5310
7740,4001
7604,3569
7484,2760
7436,2486
7230,5354
6990,4037
6910,2684
6758,5198
6694,3357
6598,4032
6506,3339
6426,4048
6338,3681
6306,4267
6238,2738
6206,5307
6170,3306
6154,2286
5816,2008
5560,4905
5272,3869
6316,2553
5980,2035
5820,2110
5644,1846
5580,4514
5330,4274
5138,2985
4962,2120
4930,1924
4850,4343
4682,4603
4618,2368
4530,1946
4514,1940
4474,4321
4270,4223
4078,2557
4046,4268
3870,2590
3806,1973
3790,1923
3622,1915
3558,3984
3542,3973
3454,2461
3422,1985
3414,1881
3298,3900
3202,3912
3186,3151
3114,3069
3098,2982
3066,2981
3058,3022
2990,2980
2974,3725
2942,3829
2898,2423
2890,3630
2874,3793
2870,2969
2688,3533
2624,3724
2496,2301
2496,3590
2464,3618
2320,2826
2288,3590
2224,3650
2208,3573
2072,3559
2040,3499
2040,2799
1976,2775
1960,2818
5376,1529
5264,2119
5248,1918
5142,1710
5102,2420
4866,1975
4802,1945
4610,1938
4432,2013
4400,1924
4304,5223
4152,5358
4120,3406
4024,4126
3936,5212
3920,3072
7492,2735
7320,5454
7160,3987
6984,3309
6920,2897
6784,2572
6720,2516
6624,2432
6532,2415
6452,2579
6380,2303
6340,2433
6280,2415
6240,2377
6204,2355
6184,2247
5970,2384
5650,2246
5362,2344
5200,2019
4960,2168
6006,4760
5846,4577
5668,2984
5588,2258
5356,1952
5164,2043
4988,2159
4956,1988
4876,4498
4740,4562
4644,2938
4628,3460
4540,2861
4508,4200
4296,3196
4232,2139
4072,2038
3928,4202
3896,4292
3816,2681
3680,2023
3648,2189
3568,2201
3496,2238
3480,5188
3448,4195
3324,3086
3292,4071
3228,3243
3212,3963
3140,3206
3124,2248
3092,2225
3084,3907
3016,3843
3000,3050
2960,2541
2924,2450
2916,2600
2908,2479
2900,1905
2896,1873
2712,1737
2648,2010
2520,2075
2488,2140
2344,2167
2312,2220
2248,2152
2232,2131
2232,2148
2096,2125
2064,2112
2000,2151
1984,2139
5969,1620
5791,1818
5703,1987
5597,2245
5577,2014
5523,5783
5253,5642
5125,3335
4789,2683
4533,6238
4469,4502
4301,3045
4105,2387
4041,2339
3873,2263
3745,2306
7814,2554
7650,2674
7586,5698
7076,4862
6804,3049
6628,2171
6436,4299
6244,4345
6112,2849
6048,2339
5912,1960
5832,5512
5748,4251
5708,4159
5635,2682
5595,2164
5553,5515
5533,4167
5228,2862
5023,2112
4732,2060
5619,5399
5324,4472
5256,2728
5084,2142
4902,5222
4834,3669
4586,2364
4346,2070
4306,4944
4097,4154
4017,2473
3850,4752
3810,3141
3710,4855
3626,3343
3566,2207
3556,4622
3352,3344
3112,2176
3072,4539
2904,3291
2784,2026
2764,4469
2618,3195
2498,2251
2478,4498
2394,3239
2374,2232
2324,4183
2206,4245
2166,3189
2086,2693
2066,2316
1982,4123
1922,4127
1912,3268
1839,2580
1819,2459
1779,4004
1769,4115
1727,3173
1717,2409
1697,4017
1692,3873
1592,2970
1560,2426
1496,3788
1480,3790
1408,3773
1408,2400
1392,3888
1360,3872
1352,3882
1284,2938
1268,2341
8132,1802
7836,2728
7682,2054
7494,2308
7308,4034
7276,2988
7124,3156
7062,3161
7048,3932
6668,3047
6412,3194
6114,3103
6054,6397
5928,6065
5724,3333
5668,5103
12408,3658
12296,3041
12014,2679
11898,2716
11828,3102
11520,6898
11274,3756
11004,3632
10866,3163
10528,2925
10386,2570
10310,5520
10188,3775
10034,2744
9904,2491
9818,6658
9722,3146
9660,2373
9608,2510
9572,2445
11727,2443
11113,2461
11007,2242
10469,2183
10211,2413
9743,2208
9535,2125
9275,2249
9131,2359
9105,2219
8709,5832
8511,3812
8245,3053
8089,2319
8063,2159
7829,1970
7727,1997
7701,2040
7575,1975
7525,2161
7273,2081
7177,2122
6985,1941
6737,2088
6689,2200
6593,2157
6457,2231
6349,2297
6253,2246
6229,2274
6129,2191
6057,2238
6045,2290
5907,2200
5859,5179
5763,4788
5739,2662
5639,2061
5615,2102
5567,2066
5555,5166
5445,5190
5397,2623
5389,2043
5385,2229
5335,2027
5323,2056
5299,2173
5293,5027
4994,5124
4850,3022
4546,2302
4470,5107
4166,3706
4166,5219
4086,2994
10214,1948
10064,2845
9546,2625
9108,2302
9046,2504
8628,2312
8468,2186
8142,7047
8086,4786
7908,3945
7736,2894
7632,6208
7618,4874
7082,3297
6760,2810
12824,9314
12092,3409
11740,2584
11612,2197
10966,4985
10680,3215
10488,2850
10216,3024
9972,2735
9892,2503
9622,2549
9238,2524
8948,2487
8820,2410
8542,2279
8414,2272
8224,2776
8038,2670
7878,2337
7734,2481
7654,2303
9254,2242
9158,2246
9070,2241
9054,2220
9014,2340
8489,2183
8167,2163
7789,2272
7661,2227
7309,2140
7117,2081
6933,2119
6901,2126
6821,2025
6549,1999
6357,2158
6175,5451
6143,4839
6063,2779
5901,2366
5805,2196
5789,2112
5697,2263
5665,2109
5657,2127
5361,2138
5233,2065
5201,2106
5011,2203
4947,2095
4931,2354
4739,2206
4675,2238
4659,2253
4577,2228
4561,2188
4521,2224
4379,2187
4347,2287
4283,2234
4267,2253
4187,2443
4171,2272
4131,2244
4049,2320
4033,2223
4001,2058
3993,2078
3953,2227
3945,2061
3929,1997
3925,2201
3644,2038
3536,2016
3536,2074
3306,2084
11194,2113
10596,3017
10288,2951
9988,4723
9796,2931
9362,2569
9274,2463
8992,2682
8700,2335
8592,3304
8338,3222
8290,3257
8144,2948
8012,3069
7924,3074
16578,3172
16040,3159
15282,3136
14976,2975
14402,3321
14170,3189
14014,3067
13490,2915
13246,3010
13076,2623
12854,2769
12666,2771
12602,2835
12406,2952
12214,2751
12058,2629
11994,2807
11844,2732
11722,2559
11682,2663
11570,2465
14452,2557
14342,2765
14278,2775
14184,2683
14128,2546
14050,2564
14002,2617
13400,2536
12632,2481
12504,2276
11832,6767
11512,3138
10900,2465
10644,1944
10308,2317
10116,2323
9846,2215
9556,6242
9236,3439
8964,2478
8772,2298
8740,2050
8436,2840
8308,1817
8140,6353
8108,4300
8028,2325
7676,1691
7548,2687
7228,1852
6956,1780
6892,2105
6732,2044
6492,2011
6428,2405
6300,2389
6132,2392
6100,2473
6036,2417
6020,2432
5820,2404
5756,2377
5596,2370
5460,2420
5428,2347
5364,2351
5348,2354
5228,2211
5196,2324
5132,2379
5116,2194
5048,2224
5032,2336
5000,2304
4992,2150
4671,2447
13257,2175
13145,3632
12407,2626
12069,2563
11429,3042
11095,2652
10789,3438
10597,3349
10115,3393
10003,3128
9659,3314
9335,3356
9135,3047
8831,3273
8775,3238
17081,4108
16807,3495
16695,3397
16525,2935
15827,2779
14867,2829
14483,2808
13939,2992
13455,7480
13263,3711
12807,2982
12327,2215
12167,2872
11863,8357
11735,3051
11591,2877
11275,2978
10987,2689
10725,3024
10557,6831
12757,3802
12597,2995
12421,2233
12341,5059
12093,3175
11861,2762
11789,2486
11667,6255
11595,3285
11583,2425
11515,3596
11485,2702
10883,2262
10475,2303
9993,2240
9783,5657
9409,3270
9183,2587
8961,1882
8853,2046
8835,2017
8435,1853
8277,2048
8045,2061
7919,2198
7899,2210
7671,2259
7591,2272
7481,2345
7461,2574
7411,2196
7099,2296
7007,2176
6771,2063
6555,2202
6411,2318
6387,2261
6177,2117
6135,2168
6027,2183
5921,2127
5899,2514
5855,2030
5673,2081
5633,4761
5557,4548
5539,2693
5449,2022
5429,4654
5391,3559
5383,2436
5265,2279
5223,2053
5213,6461
5165,3401
5153,2032
5131,1989
12111,2283
11615,3224
11439,3218
10919,3110
10371,2713
10123,3507
9605,3198
9331,3239
9083,3046
8917,3011
8527,7763
8435,4474
8155,3293
7857,2458
7737,3130
15421,8061
15163,3910
14881,2811
14655,2895
14477,3056
14407,6068
13691,3347
13241,2680
13085,3057
12603,3028
12375,2947
12065,3003
11891,2920
11701,2659
11633,2395
11405,2845
11315,2782
11257,2468
10947,2597
10741,2596
13059,2320
12825,6612
12673,3725
12533,3056
12441,2233
12193,6417
12063,3458
11923,2739
11863,2646
11721,6375
11645,3499
11565,2691
11531,2108
10843,2241
10363,2220
9845,2101
9637,2153
9199,2008
8887,1901
8611,1950
8455,1895
8429,2089
8009,2103
7769,5344
7561,4755
7417,2733
7393,2163
7155,2092
7035,1990
6931,1961
6859,2066
6847,5024
6525,4030
6147,2616
6083,2006
5749,2023
5621,4982
5589,3742
5285,2238
5157,4808
5125,2891
4989,2486
4893,2791
4877,4653
4683,3518
4621,2234
4497,4695
4333,3403
4303,2393
4243,2020
4229,4530
4113,4526
4081,2683
4019,2086
4003,4488
3935,4431
3919,4269
11973,2358
11927,3305
11197,2538
10627,3222
10033,2931
9753,3338
9341,3350
9015,8114
8723,4286
8557,3100
8533,2454
8071,7429
7755,4179
7489,2863
14943,2595
14531,3495
14207,3372
13871,7706
13631,3415
13471,3017
13405,2322
12627,2700
12219,2665
11947,2645
11381,6697
11107,3664
11011,2741
10525,2202
10245,2393
10133,2405
9855,2458
9745,6185
9667,3952
9449,2639
9321,2037
11343,2387
11185,2562
11089,2173
10983,2126
10943,2321
10793,2268
10713,2110
10625,2200
10585,2321
10499,2156
10459,2150
10413,2167
10393,2287
9797,2138
9381,2389
8901,2003
8669,2106
8191,5378
8001,3855
7751,2524
7613,1809
7281,1893
7185,5404
6943,3853
6677,2497
6579,2427
6357,2247
6311,4936
6203,3380
6103,2484
6035,1802
6023,2080
5649,4671
5479,4402
5235,2670
5191,1860
5099,4782
4875,3874
4829,2507
4739,1984
4613,2044
4593,2176
4549,1874
4537,1934
4343,1960
4275,2063
4259,4475
4179,4615
4163,2736
4131,2044
4123,2187
4013,1970
3977,2011
3967,1959
3919,4234
3907,4288
3887,2541
12463,2226
11755,3188
10859,2441
10023,2842
9567,2969
9503,2569
8779,2607
8395,2427
7975,2935
7783,2917
7283,2717
6831,2715
6415,2696
6351,2706
11955,2738
11463,2834
10983,2711
10791,2634
10423,2651
10247,2642
9783,2304
9399,2407
9015,2371
8711,2396
8471,2364
8391,2338
8143,2253
7903,2358
7823,2404
7671,2369
7607,2360
7511,2332
7363,2270
7171,2245
7027,2380
8607,2326
8375,2298
8287,2380
8239,2288
8115,2215
8019,2202
7915,2198
7875,2165
7791,2237
7751,2191
7707,2122
7687,2168
7217,2407
6897,2164
6609,2320
6417,2131
6111,2144
5915,2136
5737,2119
5705,2261
5623,2168
5325,2079
5165,2257
5021,2227
4925,2302
4909,2195
4741,2337
4661,2378
4589,2187
4541,2247
4533,2235
4263,2332
4135,2350
4103,2378
3927,2383
3863,2241
3711,2432
3679,2267
3615,2112
3599,2283
3511,2349
3479,2132
3471,2238
3355,2303
3259,2090
3243,2315
3171,2450
3155,2294
3123,2633
3115,2465
3045,2358
2997,2454
2989,2436
2953,2338
2945,2482
2929,2323
2925,2335
7230,1927
6790,2648
6419,2132
6351,2256
6165,2125
5855,2201
5669,2519
5484,2359
5408,2676
5168,2631
4912,2782
4872,2815
4660,2881
4552,2730
9209,2974
8921,2988
8801,2871
8595,2971
8491,2895
8291,2798
8027,2971
7769,2808
7568,2649
7477,2810
7344,2810
7208,2662
7144,2712
7048,2732
6972,2696
6940,2731
6892,2543
6818,2726
6722,2725
6650,2598
8297,2662
8181,2684
8137,2657
8113,2737
8051,2609
8003,2651
7951,2603
7931,2582
7889,2635
7869,2693
7847,2674
7837,2601
7495,2663
7245,2591
6977,2517
6877,2545
6653,2425
6488,2450
6352,2463
6286,2332
6275,2352
6049,2271
5909,2465
5789,2245
5705,2375
5576,2296
5544,2316
5458,2329
5390,2234
5344,2249
5337,2211
5194,2258
5130,2139
5114,2181
5026,2323
4994,2326
4986,2198
4902,2243
4870,2204
4862,2193
4818,2141
4802,2268
4798,2183
4740,2173
4692,2368
4684,2351
4648,2399
4640,3288
4624,3102
4620,1946
4586,1919
4578,1587
4562,1777
4558,2160
4539,2419
4535,2382
4527,2328
4525,2303
14313,2359
13601,3737
12879,3834
12535,2992
11923,3071
11631,2719
11263,2925
11059,3762
10626,3914
10504,3774
10152,3598
9784,3630
9636,3069
19466,3275
19088,3419
18728,3299
18450,2978
18221,3404
18129,3329
17096,3478
16396,3299
15734,3243
15350,7056
15066,3572
14624,2853
14240,2386
13956,2936
13628,7114
13468,3315
13294,2626
13230,4257
12666,2965
12384,5359
12224,3460
14876,2652
14716,2714
14540,2866
14460,6926
14176,3240
13872,2635
13776,2269
13626,2734
13530,2806
13442,2540
13394,2615
12843,5783
12173,3861
11611,2841
11445,2037
11153,2462
10527,6041
10203,3407
9851,2443
9729,1858
9251,2444
8867,5584
8803,3921
8461,2485
8301,1920
8049,1961
7857,2067
7825,4906
7655,4778
7591,2903
7215,2095
7087,2093
6831,2111
6483,1973
6419,2005
6259,4843
5993,4915
5929,3014
5769,1991
5627,1890
5595,4855
5531,3857
5515,2566
5231,1967
5103,1777
5071,1742
4929,4776
4897,4759
4833,2955
4685,2098
4653,2573
4589,2536
4573,2211
4503,4667
4487,4746
4455,3502
4447,2110
4152,4578
10496,2702
9912,2871
9594,2798
9548,3639
9054,2732
8784,3280
8508,3255
8406,7925
8044,4076
7708,2972
7658,2509
7360,7289
7210,4299
14736,3199
14366,3149
14208,3294
13938,7684
13800,3419
13486,2595
13024,2368
12564,2839
12286,3146
12066,2555
11852,7029
11586,3817
11450,3167
11254,4776
11134,3253
11038,2708
10966,2517
10786,7518
10600,3624
10394,2790
10316,2176
12776,2338
12678,2421
12532,7076
12392,3506
12270,2749
12168,2095
12112,2516
12026,6324
11972,3189
11928,2271
11902,2100
11350,6122
10602,3113
9940,2165
9556,1965
9012,2309
8884,2930
8564,5849
8228,3611
8068,2407
7682,3242
7310,3484
6984,2672
6922,6064
6766,3732
6526,2444
6334,4023
6166,3175
6134,2347
6054,2492
5730,5389
5616,3782
5328,2590
5072,2146
4882,5173
4850,4231
4624,2528
4452,4704
4424,3570
4304,3785
4278,2967
4210,4810
4026,3119
3968,4696
3850,2951
3822,4850
3660,3725
3598,2473
3582,4476
3462,3659
3430,4491
3366,2709
3350,2356
3282,4632
3266,4484
3236,3543
3230,2432
3039,2176
11019,2267
10469,2874
10167,2431
9749,5667
9445,3427
9179,2659
9129,9101
8997,4044
8573,3106
8355,6220
8079,3875
7923,3262
7899,3506
16169,3470
15913,3597
15673,3356
15535,3295
15397,8361
14857,3806
14125,2998
13837,2775
13287,3652
13013,3323
12913,3185
12407,3489
12127,2648
12021,2768
11729,7130
11607,3958
11521,3171
11183,2392
10737,2605
10585,2540
13049,6742
12851,3648
12705,3045
12635,4546
12397,3081
12253,4165
12091,2951
11897,2458
11811,2451
11735,2560
11693,6294
11243,3512
10697,2540
10605,3700
10119,2640
9891,2353
9437,5917
9201,3458
8947,2448
8851,4328
8513,2582
8213,5683
8163,3432
7897,2375
7767,1984
7587,5908
7457,3322
7435,3695
7309,2570
7261,2269
6983,2089
6895,5679
6677,4659
6493,2854
6357,2097
6333,2141
6163,2034
6035,5382
6015,4814
5925,2846
5903,4139
5849,3253
5701,5383
5655,2988
5559,2251
5437,2301
5413,2146
5365,2171
5353,5473
5261,5102
5237,3838
5189,2373
5177,2011
5127,1961
5115,2030
5091,2040
5085,1826
4785,2219
4657,4944
11841,2220
11527,3400
10913,2708
10609,6363
10313,3618
10137,2767
9671,2803
9321,3173
9273,3099
8927,3017
8771,3049
8511,8375
8333,4922
16469,3859
16177,2801
16041,3185
15573,6359
14801,3411
14013,2490
13393,2383
12899,3105
12739,3090
12259,8562
11785,3387
11625,2885
11317,4314
11185,3180
10993,3020
10723,2831
10335,2892
10049,7720
9719,3753
9559,3336
11647,2332
11551,7254
11283,3301
11151,2270
11003,1973
10933,7228
10797,3151
10737,2380
10669,4453
10639,2880
9917,2480
9407,6932
8843,3363
8591,2325
8007,2021
7727,6494
7415,3429
7297,3855
6865,3439
6519,2867
6461,2599
6141,2511
5995,2396
5751,2305
5583,2427
5427,5706
5399,5251
5327,2980
5047,2246
4855,2257
4821,5295
4669,4238
4573,2685
4557,2207
4375,2188
4311,2164
4295,2135
4205,2073
4173,5069
4165,4858
4035,2608
3939,3823
3923,2903
3847,2343
3831,4885
3799,3037
3791,3971
3703,2578
3671,2158
3663,2326
3625,2324
3617,4813
3601,4546
3597,2540
3377,2111
3305,2063
3157,2022
3121,2158
2943,2053
8525,1996
8281,2645
8021,2351
7891,1963
7595,3626
7297,2343
7041,5775
6999,3520
6873,3126
6683,3026
6523,3304
6501,2879
13025,3130
12897,3109
12571,2910
12083,3107
11607,6070
11255,2904
10973,3011
10877,7118
10589,3596
10293,3019
10193,2193
10013,2651
9935,2648
9821,2627
9623,6638
9319,3872
8995,3056
8875,4016
8651,2922
8439,6337
8373,3497
10315,2720
10219,2355
10131,2383
10083,2432
9991,2207
9951,2404
9907,2432
9887,2188
9373,2434
8689,2483
8087,2206
7741,2314
7241,2181
6881,2340
6565,2243
6505,2392
6355,2414
5929,5172
5737,4588
5481,2920
5337,2496
5313,2374
5077,5063
4981,5076
4853,2901
4829,2375
4769,2313
4477,2209
4259,2253
4223,4765
4061,4646
3945,2939
3927,2246
3749,2240
3685,4560
3669,4572
3591,2830
3541,2301
3533,2083
3407,2172
3371,2212
3301,4401
3205,4500
3183,3801
3139,2499
3129,2102
3055,4143
3039,4287
3005,4364
2997,3247
2957,2318
2949,2353
2933,2283
2929,2338
2741,4120
2677,4242
2549,4166
2517,3306
2373,2310
6743,1828
6535,2684
6423,1918
6407,1989
6079,2619
5887,2361
5711,6360
5599,4350
5431,3163
5399,2718
5303,2650
5215,2578
10067,2783
10019,2839
9463,2846
9111,2900
8775,2778
8615,2738
8437,2701
8205,2658
8013,2705
7869,2569
7701,2566
7621,2607
7533,2518
7501,2623
7201,2564
7057,2575
6977,2605
6825,2500
6761,2516
6689,2493
6657,2546
8011,2573
7923,2485
7875,2472
7799,2437
7751,2505
7707,2443
7683,2448
7341,2361
6957,2305
6605,2455
6413,2276
6381,2140
6043,2282
5883,2411
5707,2275
5627,2446
5395,2945
5203,1838
5027,2076
4995,2012
4915,1908
4779,2106
4683,2228
4595,2511
4579,2572
4539,2453
4335,2458
4271,2395
4111,2239
3967,2349
3871,2579
3855,2836
3719,2670
3623,2713
3607,2574
3535,2543
3519,2588
3479,2628
3359,2510
3327,2535
3263,2448
3247,2519
3159,2647
3127,2546
3119,2751
3049,2683
3033,2694
3001,2697
2993,2641
2957,2675
2949,2669
2933,2631
2929,2698
2747,2620
2683,2904
2555,2744
2523,2621
2379,2600
2347,2700
6535,1835
6423,2477
6407,2247
6079,1936
5887,2246
5711,3038
5599,2335
5583,2273
5399,2970
5303,3190
5215,3189
5159,3090
10023,3357
9467,3333
9179,3083
8987,2684
8619,2635
8443,2670
8379,2627
8051,2611
7875,2692
7811,2534
7627,2557
7555,2676
7507,2678
7303,2324
7063,2594
6983,2352
6863,2491
6767,2661
6695,2485
6663,2591
8081,2435
8001,2424
7881,2398
7805,2409
7757,2353
7713,2405
7689,2344
7347,2333
6963,2301
6611,2267
6547,2069
6387,2246
6051,2402
5891,2011
5715,2125
5651,2100
5401,2223
5209,2675
5177,2272
5001,2226
4921,2426
4783,2583
4687,2261
4669,2385
4581,2360
4549,2355
4337,2277
4273,2375
4113,2358
3969,2318
3937,2292
3857,2251
3721,2245
3689,2297
3609,2232
3537,2312
3521,2438
3481,2333
3365,2300
3333,2405
3269,2415
3253,2320
3181,2323
3133,2224
3125,2342
3057,2392
3041,2284
3009,2508
3001,2470
2965,2296
2957,2499
2941,2388
2937,2345
2755,2391
2691,2359
2563,2258
2531,2502
2387,2381
2355,2443
2291,2444
3508,1484
3460,2046
3296,1637
3216,1780
3112,2080
3056,1809
3048,1786
2956,5284
2916,5330
2864,3903
2856,3275
5271,3201
5085,2515
4845,2512
4749,2359
4613,2507
4493,2411
4445,2468
4281,2564
4209,2552
4161,2485
4093,2673
4033,2482
4013,2673
3906,2375
3842,2413
3770,2373
3686,2422
3646,2402
3610,2580
3590,2482
3528,2433
4255,2519
4211,2539
4191,2497
4149,2786
4129,2417
4106,4070
4096,4294
3863,4115
3703,2634
3527,2346
3447,2318
3311,2121
3214,2240
3126,2259
3078,2140
3070,2509
2922,2445
2842,2412
2770,2393
2722,2398
2714,2311
2630,2371
2590,2326
2554,2276
2530,2338
2526,2300
2424,2332
2328,2357
2312,2277
2224,2338
2192,2642
2184,2504
2100,2608
2068,2640
2060,2488
2016,2573
2000,2662
1996,2564
1938,2603
1922,2645
1882,2542
1846,2585
1838,2531
1822,2590
1818,2570
1784,2493
1776,2505
1760,3325
1756,4376
1738,4379
1734,4442
1726,4351
1724,3338
1633,2658
1601,2694
1537,2628
1521,2666
1449,2643
1433,2606
1401,2637
3498,1455
3490,2306
3326,1918
3230,2155
3142,3125
3086,2279
3078,5457
2986,5315
2938,2863
2894,2871
2866,5948
5344,6438
5149,3225
4896,2636
4789,5998
4592,4331
4515,2746
4466,2341
4301,5931
4229,5116
4181,2964
4110,2448
4046,2278
4026,5155
3918,4832
3854,3106
3782,2403
3698,2351
3657,4806
3621,4772
3601,3032
3539,2365
4269,4681
4225,3897
4205,2671
4163,2349
4143,2331
4121,5554
4111,5465
3878,3286
3718,2420
3574,2049
3478,5311
3326,3985
3230,2329
3142,1768
3126,4128
3086,3319
2938,2341
2874,2670
2786,2106
2738,5024
2730,3888
2646,2339
2614,4015
2570,2886
2562,2466
2542,2874
2440,2310
2408,4465
2328,4870
2256,2466
2208,3167
2200,3393
2132,4205
2084,2558
2076,2558
2040,3959
2032,3529
2012,3023
1954,4156
1938,3373
1906,2876
1898,1740
1862,4712
1854,4405
1834,4088
1800,4571
1792,5000
1776,3031
1772,4938
1754,4823
1750,2989
1742,2933
1740,2979
1649,4834
1617,4587
1553,3652
1537,2890
1537,4758
1465,4760
1449,4529
3535,1560
3495,2055
3355,1944
3243,1994
3227,5030
3123,3828
3075,2575
2997,4997
2939,3799
2931,2689
2878,2536
5313,2778
5178,5177
4986,4370
4842,2671
4674,5082
4578,3711
4482,2498
4390,2336
4294,5052
4198,5061
4138,3280
4090,2545
4054,5105
4038,4868
3886,2797
3813,2539
3765,2406
3696,2331
3663,2337
3625,2289
3609,2203
4287,4692
4243,4984
4219,3734
4181,2752
4157,2685
4135,2615
4123,2685
3949,2647
3757,4715
3580,4735
3548,2512
3468,3695
3299,3521
3219,3452
3131,3566
3099,3459
2975,4307
2879,3480
2863,4435
2775,3403
2743,2357
2667,4303
2619,3422
2611,2225
2567,4274
2551,4167
2444,4123
2411,3181
2347,4122
2257,4027
2240,4054
2206,3257
2129,2207
2113,2193
2081,2164
2037,3966
2029,3985
2013,3965
2009,3939
1935,2457
1903,3947
1895,3969
1859,3079
1851,3067
1834,3076
1829,3066
1794,3067
1770,3015
1766,3902
1748,3812
1744,3095
1736,2478
1734,2415
1642,2358
1642,2409
1609,2376
1545,2381
1528,2415
1456,2350
1440,3797
3539,1555
3483,1854
3343,2153
3311,2219
3215,5454
3111,4219
3071,2700
2987,2496
2971,2504
2923,2290
2879,5031
5312,5292
5288,3181
5009,2240
4833,2351
4717,2261
4585,5113
4497,4883
4381,3946
4301,2592
4213,2364
4181,5093
4089,5054
4053,3006
4029,4151
3927,3009
3863,2199
3767,2372
3707,2276
3667,4567
3631,4706
4394,3085
4320,2535
4280,4686
4236,3671
4216,3708
4174,3846
4154,2525
4132,4781
4122,3669
3889,3626
3729,2528
3553,2414
3489,4368
3337,4369
3241,2811
3153,2264
3137,2204
3097,2137
2949,4252
2885,4202
2797,4257
2749,2616
2741,2390
2657,2301
2625,2280
2581,2327
2573,2265
2553,2298
2451,2499
2419,2458
2339,2544
2267,2524
2219,2363
2211,2361
2143,2419
2095,2388
2087,2403
2051,2430
2043,3999
2023,3929
1965,3953
1949,3348
1917,2226
1909,3944
1872,3865
1848,3029
1844,3096
1810,3075
1802,3817
1786,3909
1782,3875
1763,3069
1759,3072
1751,3204
1749,2384
1658,3852
1626,3761
1562,2941
1546,3778
1474,3797
1458,3808
3607,1468
3591,2079
3543,1733
3376,1655
3295,1868
3187,3399
3129,2298
3121,2565
3025,5384
2982,5177
5492,3228
5443,2612
5390,2658
5203,5938
4963,4718
4867,3038
4683,2396
4595,2455
4563,5488
4399,5440
4311,3441
4279,2697
4187,5533
4151,4322
4127,4615
4024,2955
3960,5672
3864,3826
3804,2550
3764,2480
3720,2422
4517,2543
4443,5229
4403,5386
4359,2976
4339,2489
4296,5257
4276,5351
4254,4339
4244,2862
4011,2498
3851,2464
3675,4887
3595,4930
3427,3786
3347,3502
3275,3472
3227,3445
3102,3458
3070,3438
2990,3307
2902,3508
2870,3476
2794,3382
2778,3342
2738,3425
2702,3471
2678,3313
2674,3415
2540,3293
2476,3305
2388,3334
2372,3336
2340,4153
2264,4197
2248,3270
2216,4213
2172,3259
2164,2570
2148,2556
2144,2602
2069,2507
2037,3895
2029,3893
1993,3701
1985,2920
1969,3937
1932,3089
1921,3920
1905,3068
1901,3883
1882,3941
1878,3102
1870,2531
1868,4060
1760,3902
1721,3085
1649,3968
1630,3839
1630,3978
1548,3138
1529,2413
3610,1598
3568,2271
3415,1873
3299,1655
3283,1895
3170,2200
3120,3480
3035,2410
2977,2322
2969,2290
5409,5208
5364,6168
5223,3401
5031,2391
4838,6390
4711,3179
4608,3484
4509,4485
4414,2789
4316,2476
4213,6595
4147,3731
4098,2621
4061,2540
3971,2243
3891,2243
3817,2605
3769,5462
3700,4331
3668,4470
3631,2411
4344,2346
4295,2765
4249,5388
4221,4248
4179,3554
4154,2556
4131,2540
4119,2462
3947,2500
3753,2416
3576,2398
3480,4480
3464,4412
3296,2744
3215,3427
3127,3341
3095,2708
2971,2573
2875,2390
2859,2569
2771,2589
2731,2317
2663,2067
2615,1955
2606,1886
2562,1872
2546,2203
2440,1883
2408,2246
2344,2448
2256,2609
2240,2435
2200,2472
2132,2481
2116,2437
2084,2039
2040,1983
2032,2059
2016,1973
2012,2014
1938,1748
1906,2541
1898,1867
1862,1678
1854,2367
1838,1826
1834,2640
1800,1813
1792,2104
1772,1853
1754,2087
1750,1953
1742,1856
1740,1969
1649,1939
1649,1908
1617,1944
1553,2622
1537,2109
1464,2001
1448,1834
3573,1838
3517,2632
3377,2134
3345,1858
3249,2145
3145,2330
3105,2537
3021,2706
3005,2420
2957,2443
5444,2351
5384,2407
5360,2303
5082,2319
4906,2407
4738,2211
4642,2282
4570,2324
4454,3035
4358,2495
4286,3442
4202,3225
4162,2571
4118,2987
4102,2749
3952,2135
3879,2736
3837,2214
3761,2124
3728,3034
4506,2416
4485,2740
4410,2662
4369,2405
4309,1931
4271,4652
4247,2596
4225,3681
4213,2724
4042,3689
3978,5212
3818,3124
3642,3616
3562,4067
3394,2340
3314,1986
3242,2337
3194,4133
3070,3958
3038,3964
2958,3305
2870,2146
2838,2042
2762,1995
2746,2041
2706,3949
2670,4022
2646,3926
2642,3054
2500,3994
2432,4027
2340,3066
2322,2339
2289,1981
2206,4393
2188,3966
2149,3810
2096,2379
2088,1934
2071,4688
2067,3968
1982,2477
1944,2747
1935,2298
1894,2247
1884,2737
1863,2231
1858,4353
1816,4627
1787,2869
1783,2027
1761,2837
1755,2088
1745,2310
1743,3955
1651,4024
1619,2802
1619,2223
1555,2297
1539,4649
1467,2904
1451,1862
3530,1985
3490,1881
3350,1694
3238,3067
3222,2215
3118,1844
3070,2456
2994,4672
2938,4715
2930,4912
5352,3819
5308,2819
5174,2227
4982,5080
4790,3776
4638,4137
4574,4059
4478,5174
4354,2981
4290,2341
4194,2319
4118,2302
4086,4632
4038,4726
3964,3010
3884,2280
3796,2086
3764,4536
3696,4585
3636,2894
4402,4657
4340,2922
4292,4856
4248,2840
4220,2399
4178,2297
4158,2301
4136,2723
4126,2226
3893,2247
3733,2181
3589,4670
3493,4522
3341,2797
3245,2140
3157,4467
3109,4434
3101,2812
2951,3601
2868,3419
2795,2741
2746,2702
2670,2736
2654,4301
2614,4303
2577,3343
2553,4216
2548,2602
2413,2266
2349,2316
2261,2238
2245,4147
2213,4096
2137,3269
2121,4127
2089,3125
2045,4050
2037,3518
2021,3156
1959,4120
1943,4061
1911,4048
1903,3309
1867,2517
1843,3932
1839,4030
1805,3159
1797,2396
1781,2862
1777,2927
1759,4879
1755,4859
1747,4830
1745,4817
1654,3705
1622,3702
1558,3529
1542,3685
1470,3647
1454,4664
1422,4698
1414,3639
3408,1955
3285,2772
3268,3387
3154,2528
3109,2540
3019,3166
2957,2521
2949,3396
2895,4521
5348,3449
5209,3422
5012,3492
4864,3431
4695,3379
4593,3186
4491,2976
4398,3149
4302,3110
4206,3332
4146,2949
4098,7655
4062,6147
3976,5091
3895,3410
3803,3130
3771,7204
3703,5104
3671,3476
3623,2996
3577,2845
4304,2860
4260,7205
4236,6325
4198,3789
4174,3027
4152,3040
4140,3017
3966,6686
3770,6639
3594,3641
3497,4580
3345,3004
3249,2462
3233,2349
3145,5482
3105,5553
2957,5480
2893,3123
2805,2626
2757,2516
2749,2624
2665,5318
2633,5112
2589,2934
2581,5136
5005,4239
4829,2938
4601,2678
4505,2526
4334,5189
4270,4141
4222,2870
4066,5188
4002,3205
3954,2394
3870,2249
3838,2187
3814,2385
3720,2570
3656,6080
3568,5158
3516,2574
3476,2341
3436,5617
3420,2967
3365,5753
4094,2790
4054,2129
4001,2597
3975,2211
3955,5587
3941,3694
3780,2998
3588,2987
3428,3017
3396,2915
3316,2913
3164,3067
3084,2913
3004,2947
2972,2909
2856,2916
4188,2083
4060,3465
4028,2699
3956,2781
3872,2599
3784,2656
3768,3663
3704,3025
3676,3425
5970,3158
5746,7459
5506,4990
5346,3434
5266,3336
5146,3204
5014,3241
4934,3181
4814,7038
4734,5925
4694,5166
4634,4850
4552,3389
4456,6881
4352,4560
4312,3236
4240,2999
4162,2974
4138,2934
4088,2948
4040,6291
4748,6047
4720,3525
4680,3003
4648,2927
4622,6219
4612,5997
4425,3439
4201,2908
3993,2843
3880,2710
3720,2665
3608,2633
3592,2683
3487,5679
3439,5682
3283,3513
3203,2955
3099,2560
3043,2563
3035,2456
2947,2347
2907,2499
2855,5243
2847,5139
2823,4212
5080,3099
4840,2800
4744,2720
4608,2723
4488,2769
4439,2629
4279,2737
4207,5283
4159,5087
4091,3267
4031,2542
4011,2409
3909,2637
3845,2685
3755,5026
3689,4905
3649,3097
3613,2541
3589,2571
3533,2530
3731,2554
4216,2551
4196,2514
4154,2613
4134,2541
4112,5499
4102,5184
3873,2852
3713,2197
3537,2371
3457,2215
3289,2201
3225,2209
3137,2384
3089,2281
2969,2632
2937,2480
4269,2110
4133,3127
4077,2732
3969,2639
3937,2577
3865,3162
3813,2547
3769,2604
3761,2451
5866,2590
5658,2873
5458,2953
5346,2900
5258,2851
5118,2888
5006,2817
4918,2739
4818,2778
4762,2768
4718,2696
4618,2717
4522,2713
4434,2714
4378,2688
4302,2924
4262,2866
4202,2866
4148,2850
4100,2678
4807,2800
4779,2789
4737,2594
4709,2719
4683,2855
4669,2567
4478,2762
4254,2835
4046,2943
3934,2732
3766,2646
3654,2553
3550,2520
3534,2542
3486,2526
3322,2503
3242,2549
3138,2610
3082,2602
3074,2515
2982,2534
2942,2547
2890,2397
2862,2821
2858,2864
2714,2624
4877,2753
4781,2785
4597,2834
4509,2728
4393,2754
4313,2661
4225,2738
4141,2659
4101,2756
4057,2682
4041,2640
3891,2692
3819,2553
3779,2522
3703,2587
3671,2481
3635,2519
3577,2541
3537,2546
3501,2559
4231,2521
4193,2482
4169,2548
4147,2562
4135,2470
3966,2485
3774,2459
3598,2347
3502,2371
3350,2403
3254,2391
3165,2349
3149,2354
3109,2345
2961,2276
2881,2286
2809,2341
4111,2202
4003,2926
3971,2303
3898,2240
3846,2474
3802,2746
3794,3070
3592,4395
5702,3065
5501,3138
5389,3281
5269,3387
5160,3270
5046,3128
4926,2884
4858,2938
4802,3234
4758,3181
4656,3164
4560,3141
4456,3086
4416,3081
4340,3021
4264,3062
4240,3736
4186,2759
4138,6412
4086,3305
4066,3443
4773,3419
4749,3320
4723,3529
4709,3413
4453,3378
4261,3353
4085,3242
3973,3229
3805,3162
3693,3538
3588,3146
3572,3116
3524,2976
3360,2967
3280,2818
3176,2980
3120,2948
3112,2920
3019,2720
2979,2916
2927,2742
2919,3252
2895,2852
2781,2705
2668,2659
4852,2711
4697,2871
4572,2948
4528,2852
4407,2843
4286,2874
4246,2636
4168,2627
4136,3149
4088,2891
4012,2667
3932,2622
3844,2619
3812,2518
3744,2755
3684,2604
3664,2564
3618,2576
3578,2482
3542,2574
3522,3068
4244,2623
4220,2722
4198,2531
4186,2798
4014,2537
3816,2362
3638,2407
3542,2400
3526,2329
3358,2325
3278,2386
3190,2352
3158,2249
3033,2372
2937,2332
2921,2293
2833,2342
4458,2058
4366,2728
4277,2705
4261,2522
4193,4657
4165,2964
4003,3407
3929,6868
6485,5180
6243,3448
6095,3006
5937,2971
5809,2885
5654,6494
5536,5670
5407,3449
5344,2829
5279,2705
5254,2812
5052,6335
4952,5506
4896,3444
4799,2999
4754,2924
4702,2773
4678,2812
4609,2804
4567,2790
4504,2804
5340,2787
5312,2977
5286,2903
5272,6040
5270,5809
4913,3451
4600,2797
4284,2911
4119,2910
3835,2729
3709,2660
3604,5105
3547,5098
3401,4329
3369,2662
3272,2307
3181,2396
3124,4876
3039,4863
3023,3892
2975,3203
2930,3171
2901,3132
2897,3140
2751,3083
4909,6564
4813,3630
4629,2555
4541,4115
4509,2916
4345,2664
4273,2926
4225,2745
4157,2639
4097,4952
4077,4878
3971,3086
3907,2799
3835,2180
3751,2164
3711,2046
3675,4672
3655,4625
3608,3669
3568,4685
3532,3105
4259,4812
4213,3225
4197,4925
4175,3272
4163,2488
3988,2575
3796,5001
3619,5067
3523,3179
3366,2556
3334,2468
3254,5003
3166,4999
3134,2818
3010,2400
2914,4877
2898,5131
4265,2043
4209,2846
4101,2539
4013,2580
3997,2709
3926,4630
3897,6703
3889,3947
6141,3338
5899,3305
5673,3408
5530,3381
5423,3285
5265,3221
5155,3254
5042,7005
4935,5629
4883,3620
4838,2926
4806,2900
4688,2887
4524,2870
4470,2882
4399,2864
4351,3054
4299,2975
4279,6557
4212,6545
4171,3826
4888,2793
4862,2688
4813,6224
4787,4817
4759,3077
4746,4848
4489,3508
4297,6935
4121,3977
4009,2839
3841,2664
3729,6132
3713,4781
3609,3056
3561,6011
3429,4075
3317,2833
3213,2611
3197,6017
3149,5558
3073,4299
3017,4664
3009,3116
2957,5635
2937,3809
5333,4561
5137,3424
4981,2705
4798,2593
4688,2557
4608,2682
4482,6199
4364,4018
4277,4452
4181,3123
4139,2595
4099,2690
4075,2799
3973,2615
3909,2594
3813,2751
3753,2725
3713,2649
3677,2692
3657,2642
4379,2579
4330,2790
4278,2655
4258,2587
4216,2610
4200,2593
4178,2535
4166,5393
3990,2515
3797,2219
3617,5074
3516,5195
3499,2984
3329,2453
3249,2450
3177,5106
3129,5097
3005,3144
4497,2368
4351,3124
4247,3325
4159,5683
4049,3365
4014,3789
3933,3738
3876,3515
6286,3451
6255,3653
6043,3425
5739,3348
5627,2843
5411,3591
5323,2973
5267,5746
5135,5640
4983,3823
4925,5631
4849,6109
4809,4455
4749,3121
4661,7482
4548,3644
4458,2591
4418,2770
4340,2818
4264,2690
5027,3082
4956,2681
4899,7045
4846,4691
4818,2912
4773,2256
4745,5680
4718,3265
4704,2635
4499,7216
4275,4824
4243,5270
4035,3536
3939,6347
3755,3898
3659,2641
3571,2454
3515,3272
3374,5394
3342,4986
3246,3245
3158,2604
3102,2271
3094,2953
3002,2481
5502,6217
5418,4436
5370,2886
5322,2043
5135,2817
4895,5800
4815,3451
4663,3016
4542,2980
4502,2971
4378,5396
4314,5949
4218,6195
4158,3353
4110,2366
4074,2565
3988,2374
3908,5903
3836,4341
3788,2785
3720,2201
4485,2826
4441,2401
4421,5774
4314,3455
4270,2503
4246,2953
4208,3119
4184,2318
4162,5741
4150,3208
4148,2424
3915,2045
3755,4876
3579,4796
3499,3482
3331,2534
3267,4752
3179,3682
4699,2423
4683,2616
4463,3315
4319,5090
4215,4611
4127,7026
4111,4233
6595,3248
6491,7140
6391,4474
6335,5569
6275,5142
6065,3350
5905,6354
5665,3694
5497,3032
5345,2798
5297,2723
5154,6372
5070,5568
4945,4792
4875,3280
4819,2986
4775,2821
4755,2910
4576,3031
4488,2821
4440,2935
5184,3115
5120,2961
5068,2865
5044,3052
4959,2814
4909,2835
4854,2918
4829,2783
4780,5926
4754,5810
4727,3322
4715,2768
4460,5949
4300,4226
4091,2871
3979,2426
3811,5299
3779,5466
3683,2980
3579,4342
3539,3524
3398,2408
3282,2411
3265,5070
3159,5252
5827,3389
5704,2674
5593,2507
5488,5300
5404,4382
5342,2831
5317,2616
5039,2415
4863,2666
4799,5290
4615,4606
4525,2975
4491,5397
4326,3623
4238,2631
4206,5090
4114,3859
4078,2690
4058,2703
3952,4714
3888,4753
4612,5130
4536,2960
4488,2392
4444,2408
4420,4909
4342,4870
4302,3034
4258,2495
4238,5263
4196,3980
4176,2463
4154,2268
4144,2324
3911,5171
3783,4948
3607,2636
3511,2116
3359,4803
4910,2456
4878,3337
4742,2925
4668,3227
4512,2919
4336,4924
4200,3538
6883,3263
6763,3294
6623,7909
6471,5356
6415,3626
6307,2968
6255,8540
6093,3728
5869,3228
5628,8000
5492,4046
5380,5365
5260,3107
5151,3087
5039,7030
4919,6501
4851,3907
4795,5173
4751,3419
4731,3133
4552,3127
5293,3127
5237,6815
5137,5525
5089,3599
5037,2841
5013,2887
4931,6667
4883,4808
4831,4929
4807,3216
4761,2897
4737,6545
4711,6086
4699,3747
4444,6744
4252,3823
4044,2794
3948,6047
3796,4296
3684,2957
3580,6127
3524,4184
3516,2933
3352,2600
3256,2692
5942,2767
5822,2796
5774,6297
5610,5479
5522,3252
5438,2668
5390,2622
5341,6045
5154,4509
5023,2416
4828,2535
4676,5816
4556,5386
4516,4407
4392,2749
4328,4484
4232,4429
4156,3517
4124,3019
4088,3006
4001,3001
4771,3044
4667,2926
4627,5613
4543,4351
4503,2986
4443,4287
4381,3384
4333,5322
4289,3799
4265,4088
4227,2870
4203,2850
4181,2570
4169,3739
3998,5717
3806,3098
3630,3024
3598,4733
5297,2477
5048,3413
4904,2679
4766,2856
4710,4126
4537,2752
4361,8413
7139,4664
6907,3313
6787,3568
6647,3265
6495,8750
6439,4717
6331,3378
6279,7778
6114,4422
5889,5331
5648,6264
5478,5573
5397,3837
5276,2984
5135,8675
5055,4823
4935,5236
4851,3139
4811,3040
4751,3020
5532,2914
5420,2896
5297,2908
5249,2798
5157,2731
5065,2744
5037,2937
4967,2902
4911,2919
4859,2916
4827,3042
4781,3044
4757,3028
4731,2954
4719,2928
4463,2754
4271,2756
4094,2886
3981,6616
3811,5962
3698,3483
3592,2810
3576,2877
3527,6523
3362,5637
3266,3283
5951,3049
5825,5880
5777,3805
5597,2924
5501,2809
5425,6409
5365,4337
5341,2989
5057,5017
4878,3316
4814,6392
4630,3531
4542,4803
4426,6251
4346,3401
4258,2621
4174,2633
4134,2558
4090,2573
4074,2570
4773,2736
4684,6097
4635,5819
4543,3327
4503,2477
4459,6041
4439,3916
4333,2711
4289,2731
4265,2850
4227,2722
4203,2724
4181,2811
4169,2704
3998,2613
3806,2564
3630,2536
3534,2506
3382,2483
4933,2588
4901,3258
4765,3218
4693,4877
4473,3293
4361,3077
4225,3054
6835,2980
6779,3109
6583,3266
6479,3093
6379,2919
6323,6952
6263,6442
6053,4092
5749,3219
5637,5817
5421,4451
5317,3608
5177,5510
5081,4508
4977,3305
4877,3324
4829,3107
4777,2894
4757,2959
4579,3055
5318,2956
5254,3964
5162,4997
5114,3047
5042,3217
4972,3356
4916,6677
4864,4635
4836,3180
4794,3100
4762,3332
4736,3168
4724,3194
4468,6947
4276,6102
4068,5306
3988,3318
3820,3008
3708,2904
3604,2909
3548,2881
3407,5506
3375,5296
3279,4130
3175,2946
5817,3044
5669,3107
5549,3069
5501,3030
5409,3008
5365,5347
5229,4493
5037,2954
4845,2729
4692,2791
4572,2856
4524,5572
4360,5267
4288,3134
4240,2518
4148,2526
4112,2350
4088,2444
3984,2509
3864,2187
3824,1940
4550,5173
4510,5701
4466,3307
4446,4511
4338,2964
4292,2697
4268,4997
4229,4872
4205,2897
4183,2403
4171,2416
4000,2344
3808,2340
3632,2267
3536,2602
3384,2584
3288,4851
3272,5679
3184,3619
4695,2374
4475,2834
4362,3250
4226,4331
4138,5893
4122,4224
6584,4990
6480,4822
6380,5964
6324,4289
6264,5732
6054,3730
5750,3909
5638,5593
5421,5859
5333,5702
5277,3822
5079,2798
4973,3214
4932,7393
4824,7588
4780,4518
4752,3200
4638,2783
4486,7204
4438,5339
4370,5247
5110,3360
5058,2919
5034,2892
4951,2842
4902,2803
4829,2802
4786,2821
4758,2733
4732,2957
4718,2939
4524,2909
4300,2893
4092,2936
3979,2829
3963,2908
3779,2855
3683,2884
3579,2847
3531,2809
3399,2757
3287,2988
3182,2977
3166,5694
3118,5853
3025,3633
5521,2931
5437,2903
5389,2920
5341,2884
5155,5872
4915,4778
4819,2996
4635,2350
4563,2385
4515,2395
4351,5686
4263,5652
4231,3261
4139,2436
4103,2444
4079,2419
3977,2364
3857,5357
3817,5193
3741,3210
3709,2503
4460,2323
4406,2412
4334,2539
4290,2415
4266,2417
4228,2519
4204,4787
4182,4822
4170,3249
3995,2322
3803,4719
3627,4848
3531,2856
3379,2261
3282,4736
3194,4627
3146,2931
3138,4730
2990,3578
4323,2225
4187,2895
4131,2524
4022,2471
3990,2568
3918,2473
6325,3202
6273,2991
6109,2914
5901,3438
5709,2981
5509,3086
5397,3370
5277,2801
5137,2770
5057,3311
4937,7607
4853,4312
4813,5574
4753,2997
4667,3023
4555,2954
4466,2689
4426,3391
4318,2989
4274,2800
4250,3137
4948,6024
4900,4947
4847,3655
4823,2735
4776,2556
4752,7070
4726,5619
4714,5961
4456,3830
4264,3104
4056,3053
3960,5420
3776,4865
3680,3187
3576,5214
3536,4116
3396,5416
3284,3287
3180,5324
3164,4262
3116,2916
3040,5467
2984,3825
2931,4998
2923,3379
5344,2898
5156,2644
4915,2777
4819,2813
4631,2715
4537,2731
4505,4956
4341,4980
4253,3322
4221,2580
4129,2604
4085,2610
4069,2485
3919,5178
3847,5117
3807,3059
3731,4765
3699,3672
3663,2621
3605,2770
4324,2740
4280,2607
4256,2737
4218,2735
4194,2748
4168,2718
4158,2696
3924,2712
3764,2589
3620,2573
3524,2602
3372,2581
3276,2469
3188,4528
3140,4713
3132,3710
2984,2435
2904,2452
2816,2421
2784,2396
4018,2143
3985,3015
3912,2346
3860,2318
3816,2458
3808,2666
5915,3235
5707,3131
5507,3308
5395,3154
5307,3114
5167,3355
5055,3087
4967,3215
4866,2728
4818,6913
4766,6094
4746,3589
4568,3141
4480,2998
4432,2903
4348,3061
4308,2974
4264,2820
4244,6551
4146,6779
4854,6756
4826,4125
4784,2728
4756,2251
4730,2776
4716,2661
4523,2597
4299,2444
4091,2585
3977,5796
3961,6291
3777,3709
3681,2808
3576,2526
3528,2598
3396,2557
3284,2501
3180,2448
3164,2672
3116,2461
3024,2538
2984,2812
2932,2666
2924,2979
2900,2724
2786,2604
4914,2818
4818,2828
4682,2930
4561,2765
4513,2787
4349,3000
4277,5844
4229,4337
4161,2924
4101,2286
4077,2447
3975,2452
3911,2431
3815,2539
3755,2585
3715,2650
3671,2861
3655,2792
3597,2853
3565,2817
4268,2765
4230,2718
4206,2919
4184,2790
4172,2800
3997,2793
3799,2794
3623,2672
3527,2803
3375,2692
3343,2290
3263,2298
3175,2305
3135,2345
2987,2789
2923,2184
2835,1818
2787,2108
2779,2222
2695,2099
3950,2422
3882,2748
3838,3246
3830,2626
3625,2951
5748,3419
5543,3418
5439,3397
5330,2896
5190,2841
5078,2735
4990,2796
4890,2882
4834,2921
4790,2928
4688,2810
4592,2819
4488,3041
4448,2972
4372,2958
4296,2867
4272,2886
4218,2848
4162,2978
4118,2978
4098,2950
4808,3021
4784,2940
4758,2844
4746,2891
4490,2924
4297,2845
4088,2865
3990,2784
3806,2727
3710,2730
3606,2721
3558,2674
3426,2723
3314,2583
3210,2587
3154,2917
3146,2863
3054,2824
3014,2846
2962,2974
2934,2964
2930,2999
2773,2944
2685,2826
2576,2963
4636,2931
4548,2960
4428,2953
4332,3066
4234,3042
4174,3044
4126,3011
4090,2993
4004,2984
3924,3000
3836,3313
3804,3150
3712,2815
3676,2805
3656,2864
3594,2792
3562,2701
3526,2715
3510,2667
3476,2690
3460,2598
4165,2693
3994,2711
3802,2624
3770,2564
3594,2643
3514,2567
3346,2521
3266,2587
3178,2499
3138,2515
3022,2455
2926,2519
2838,2486
2822,2375
2782,2482
2698,2575
2666,2678
2622,2611
2614,2545
2594,2630
3680,2105
3504,2546
3472,2389
3336,3198
3280,2306
5277,2376
5079,2943
4973,7810
4932,5810
4824,3784
4779,3059
4751,2856
4637,2885
4483,2854
4435,2874
4348,2846
4308,2815
4264,2968
4194,2834
4146,2857
4102,2861
4078,2844
4044,2782
4020,2829
3998,2814
3986,2658
4523,2830
4299,2786
4091,2776
3979,2741
3811,2717
3699,2770
3595,2626
3579,2639
3531,2676
3366,2687
3286,2656
3181,2684
3125,2781
3117,6214
3025,6062
2985,3895
2933,2762
2925,2824
2901,2816
2787,2601
2755,2740
2659,2956
2571,2841
2515,2966
2507,3209
4398,3377
4278,3531
4238,3575
4162,3486
4130,3486
4082,3522
4008,3403
3928,3416
3840,3460
3808,3341
3740,3382
3708,3419
3660,3267
3614,3358
3574,3324
3538,3330
3518,3212
3488,3228
3468,3261
3450,3141
3440,3248
3998,3218
3806,3204
3630,3211
3534,3254
3518,3247
3350,3182
3270,3138
3182,3175
3150,3220
3026,3088
2930,2917
2914,2953
2826,2404
2794,4896
2718,5664
2670,5913
2662,3876
2618,2649
2602,2659
2598,2498
3619,2128
3507,2730
3371,2326
3339,4362
3267,2847
5177,2520
5065,2566
4977,2546
4877,3112
4821,3032
4777,6703
4675,6040
4579,3968
4491,3366
4435,3059
4359,2948
4319,2947
4259,3043
4205,2866
4157,2856
4113,2969
4088,3131
4054,3077
4030,7475
4008,7288
3996,4321
4534,3232
4309,2928
4100,2936
3988,7221
3820,5606
3708,4617
3692,3227
3588,3052
3540,2969
3376,2827
3296,6869
3192,6475
3136,3564
3128,4940
3036,4869
2996,3342
2944,3272
2916,3325
2912,5767
2798,5314
2686,3267
2670,2689
2564,2992
2524,2985
2440,6017
4363,6282
4275,3693
4243,4733
4151,5664
4107,4182
4091,4687
3941,6091
3869,3456
3829,4662
3753,3805
3721,5976
3685,3760
3627,5891
3587,3400
3551,2733
3531,5791
3501,4176
3481,2690
3463,1906
3453,1983
4014,4900
3822,4688
3646,2711
3550,2340
3398,2375
3302,2342
3214,2335
3198,2284
3157,2370
3009,2559
2945,2677
2857,2731
2809,2767
2801,2313
2717,1972
2685,5587
2641,5584
2633,3166
2613,2568
2511,2466
2415,2423
3496,2390
3360,3143
3304,2165
3288,2589
3164,2340
5023,5900
4967,3705
4891,2803
4815,3347
4791,3364
4672,7852
4592,5231
4472,5675
4404,3667
4356,3100
4312,7774
4284,5317
4218,3628
4178,5598
4134,3932
4114,7775
4076,4577
4056,5618
4034,5133
4024,3523
4503,6202
4311,4039
4099,3201
3999,6041
3846,3859
3730,3001
3622,2935
3564,3146
3556,6641
3389,5791
3291,3471
3202,3229
3146,6549
3060,6414
3044,4927
2996,3071
2952,3017
2924,2974
2920,6251
2774,6183
2694,6054
2590,3198
2574,2635
2534,2782
2450,2650
4368,2768
4280,2739
4196,2665
4156,2657
4112,2843
4096,2852
3946,2785
3874,3011
3834,3159
3758,2974
3726,3083
3690,2941
3674,5979
3592,5979
3556,3502
3536,2810
3506,2767
3486,5808
3468,6085
3458,3032
3345,4486
3818,4446
3641,3607
3545,4344
3529,4431
3359,3487
3279,2911
3190,5643
3150,5384
3031,2882
2935,5565
2847,4238
2831,5601
2791,3352
2723,2929
2675,2828
2631,5498
2623,5513
2603,4048
2501,5476
2469,4116
2389,5402
3378,2026
3290,2865
3274,2221
3181,2217
5012,2277
4956,3701
4880,5294
4804,5066
4780,7399
4661,4302
4578,3248
4489,7244
4389,4816
4341,3247
4297,6275
4269,4713
4203,3456
4163,7084
4119,4649
4099,3431
4061,7407
4041,4694
4019,3320
4009,6831
3815,4478
4289,3402
4074,3044
3973,3037
3789,2907
3693,2895
3605,2691
3549,5397
3409,5415
3297,4079
3281,2978
3177,2757
3129,2703
3053,2781
2997,2598
2989,5187
2937,5109
2917,3898
2799,3354
2767,3308
2671,4875
2583,4817
2527,3161
2519,5174
2443,4150
2387,2687
4247,5188
4179,4510
4119,4818
4099,3566
3993,2376
3929,5765
3833,3135
3773,4692
3733,3233
3689,4085
3673,4320
3615,4341
3583,2568
3535,5989
3505,3461
3485,4295
3467,4214
3457,4041
3350,4014
3190,3926
3046,3924
3551,3980
3399,5619
3367,3266
3287,2477
3199,4906
3159,3583
3043,4614
2947,3738
2859,2715
2843,2542
2803,2600
2735,2693
2687,2630
2679,2868
2635,2787
2619,2564
2513,2537
2481,2478
2417,2558
2329,2587
2313,2584
3302,2015
3210,2798
3178,2390
3122,2531
4931,2566
4883,2528
4831,2891
4811,2342
4697,2313
4545,2575
4497,6475
4429,6353
4381,3856
4329,2873
4309,2783
4243,2713
4203,7640
4159,6778
4139,4345
4101,2935
4081,2930
4059,2587
4049,2851
3856,7054
3695,5476
4128,3692
4047,5101
3879,3190
3767,5582
3662,3019
3646,2509
3598,6899
3434,3823
3353,4646
3248,4527
3232,2827
3183,2500
3090,6965
3050,4540
2998,4550
2990,4380
2970,4438
2850,5516
2817,5528
2712,5335
2617,4052
2599,3047
2546,3037
2462,6501
2444,4205
4273,5455
4207,3172
4155,5522
4118,3480
4101,2889
3949,5449
3876,4369
3836,2647
3760,2506
3728,2455
3692,2921
3676,2689
3618,2517
3586,2404
3550,2378
3534,2641
3500,2621
3484,2620
3466,2767
3458,2775
3287,2723
3789,2715
3612,2708
3548,2680
3396,2616
3300,2663
3283,2591
3195,2605
3155,2594
3039,4862
2943,4867
2855,3891
2839,3153
2799,3101
2731,3125
2683,3109
2675,3076
2631,3067
2615,3074
2611,4625
2477,4742
2413,3055
3380,2083
3348,2948
3292,2766
3276,2360
5088,2887
5000,2551
4944,2723
4868,2813
4792,2603
4768,3140
4682,2877
4570,2610
4482,6474
4442,6898
4366,3983
4290,3034
4266,2836
4212,6944
4164,5011
4120,3218
4096,5291
4062,4142
4038,5247
4016,4130
4735,3637
4542,6824
4318,4388
4286,5091
4078,3453
3982,2813
3798,6529
3718,5672
3614,3188
3558,6298
3550,3817
3386,6060
3290,3778
3202,2959
3146,7017
3138,4365
3045,4494
3005,5999
2953,3712
2945,2870
2921,5817
2807,5638
2775,4309
2679,5582
2591,3497
2575,3071
4548,3192
4424,3205
4360,3164
4264,3218
4204,2980
4156,5362
4120,5433
4104,3033
3954,5384
3882,3660
3842,4151
3766,3337
3734,3211
3698,3181
3682,3210
3624,3163
3592,3076
3556,5907
3540,4880
3506,3093
4226,2728
4204,2843
4194,2771
3961,2709
3801,2869
3657,2719
3561,5557
3409,5401
3313,2931
3297,2612
3209,2652
3169,2516
3053,2626
2957,2601
2941,2504
2853,2551
2813,5548
2744,5274
2695,4073
2687,2817
2643,4215
2627,3849
3844,2141
3642,2403
3530,3208
5146,5820
5444,3906
5338,5759
5197,3819
5101,6779
4997,4359
4957,3149
4849,2997
4805,6622
4777,5899
4663,3595
4583,5442
4463,5466
4395,3772
4347,6369
4303,3869
4275,6602
4209,4878
4169,4696
4125,5168
4105,3708
4807,6367
4783,4343
4757,6121
4745,3578
4489,2980
4329,2895
4121,3114
4009,2856
3841,5607
3729,5576
3713,3842
3608,2990
3560,2887
3426,2847
3312,2873
3206,2489
3190,2780
3141,5244
3062,5240
3005,4137
2997,2988
2945,2986
2925,2959
2807,2946
2775,2914
4903,3113
4735,3101
4654,3153
4566,3057
4450,3074
4370,5547
4282,5613
4250,3167
4158,5531
4122,3797
4102,2926
3996,2787
3932,5016
3860,5354
3776,3314
3736,4331
3700,3459
3680,5276
3634,3665
3594,3988
3558,3383
4285,2982
4247,5144
4223,4017
4201,2710
4189,2321
4018,5111
3826,5179
3650,3287
3554,5053
3402,3415
3370,4979
3290,3848
3202,4808
3169,3939
3045,4860
2949,3954
2933,2809
2845,4828
2805,4892
2737,4800
2689,4818
2681,3656
3884,2063
3856,2695
3708,2615
5922,2873
5741,2792
5534,2789
5422,3011
5302,2750
5193,2501
5081,3126
4993,3108
4893,3009
4845,2946
4793,7708
4773,6956
4595,4152
4507,3192
4459,7556
4375,4531
4335,3187
4291,2974
4271,7486
4205,5109
4165,3509
4873,3001
4811,7518
4783,4749
4757,4778
4753,3401
4741,3076
4486,7177
4294,4976
4086,5065
3990,3104
3806,5273
3726,4219
3622,3614
3566,3580
3558,3580
3394,3482
3298,3400
3210,6064
3154,4000
3070,2526
3054,2449
3006,6258
2962,5869
2934,3354
2930,2828
5190,6340
4950,4216
4854,4371
4670,2834
4598,5813
4550,4092
4392,2717
4314,5834
4266,4015
4198,2931
4138,5708
4118,3965
4044,2865
3948,5589
3876,3849
3844,2801
3776,5440
3716,4133
3696,3030
3650,5278
3610,4049
4326,4242
4302,3144
4264,2903
4240,3041
4218,2954
4206,2812
4035,2908
3843,2928
3667,2848
3571,2894
3555,5122
3387,4947
3307,3541
3219,2376
3187,5099
3063,4961
2967,3133
2951,3948
2863,4164
2831,3298
2755,4055
2739,3904
3967,2108
3915,2897
3871,2743
6312,3179
5978,4555
5770,3136
5690,2898
5473,2661
5369,2631
5329,2736
5132,3063
5028,7303
4988,6008
4880,3776
4836,3041
4808,2829
4694,7079
4614,5086
4494,3442
4426,2946
4378,3033
4334,2943
4306,2989
4240,3008
4965,2910
4912,6824
4888,6475
4842,5329
4818,3400
4792,2921
4780,2863
4524,2877
4332,2893
4136,2824
4044,2839
3876,2838
3762,5956
3658,6119
3642,3627
3594,3027
3428,2848
3346,2898
3241,2888
3185,2823
3177,2920
3085,2952
3044,2932
2991,2964
2983,2963
5423,5978
5299,5503
5091,4762
4890,3116
4733,4763
4668,3864
4565,2999
4440,3044
4376,3119
4280,3145
4220,3055
4172,3007
4136,2979
4050,2938
3970,5685
3898,5427
3854,3283
3782,5516
3750,3389
3714,2638
4481,2838
4407,2914
4367,2841
4307,5466
4269,4809
4245,4540
4241,3220
4219,2600
4209,6013
3976,4851
3816,4331
3640,4000
3560,4676
3424,2862
3328,2248
3240,2340
3192,2427
3184,2399
3036,5977
2972,5814
2884,3861
2836,2698
2828,2648
4037,2116
3981,2891
3912,2347
6360,2520
6300,2489
6090,2537
5786,2649
5690,2556
5522,3224
5370,3099
5314,2998
5182,3113
5030,2975
4982,3017
4898,3151
4857,3081
4797,3258
4710,3177
4598,3311
4510,3202
4470,7950
4394,6317
4318,4213
5079,3355
5009,6037
4953,4826
4901,3613
4873,3202
4831,3313
4803,3253
4777,3450
4763,3273
4564,7596
4340,5386
4132,3471
4020,2976
3851,2761
3819,2781
3722,2836
3615,2815
3567,2867
3435,2794
3323,2812
3219,2963
3203,3025
3155,2893
3079,3151
3023,5535
3015,5547
5437,4550
5393,2892
5257,2434
5065,2535
4873,5575
4753,5371
4657,3407
4561,2840
4468,2304
4372,2519
4276,2572
4216,2365
4168,2699
4132,2715
4116,2600
3964,2677
3892,2654
3852,2710
3776,2686
3744,2524
4499,2554
4479,2702
4405,2612
4365,2650
4305,2629
4267,2428
4243,2535
4221,2594
4209,2466
4207,2668
3974,2590
3814,2256
3638,2485
3558,2701
3390,2509
3326,2599
3238,2534
3190,2620
3182,2538
3034,4827
2954,4971
2882,3088
2834,2379
4178,2777
4054,2946
6550,2993
6450,3125
6394,2797
6334,2685
6113,3152
5797,3104
5679,2959
5518,3029
5363,2845
5306,2795
5172,2765
5020,2896
4972,2910
4888,2878
4848,2871
4788,2870
4702,3071
4606,2813
4518,2758
4462,2810
4386,3771
5142,3283
5090,2982
5066,2778
4944,2866
4892,3421
4864,2688
4820,2655
4792,2568
4766,2642
4762,2641
4750,2593
4495,2741
4303,2821
4095,2772
3999,2884
3847,2991
3735,2832
3631,2809
3615,2796
3567,2747
3403,2952
3323,2924
3219,2811
3203,2836
3155,2841
5696,3272
5576,3024
5528,3025
5436,3016
5392,2999
5257,2978
5065,2962
4921,2885
4753,2867
4657,2866
4585,3033
4469,2809
4373,2794
4301,2896
4269,2893
4177,2867
4141,2937
4117,2837
4015,2770
3951,2696
3855,2737
4599,2711
4551,2651
4507,2722
4483,2726
4421,2693
4373,2786
4329,2683
4305,2765
4267,2749
4243,2716
4221,2667
4209,2679
4036,2820
3844,2598
3668,2619
3636,2580
3556,2582
3388,2528
3324,2629
3236,2580
3188,2644
3180,2495
3032,2522
4366,2240
4262,2940
6872,2736
6816,3227
6618,5660
6514,3367
6414,2915
6358,3359
6298,3307
6088,3195
5784,3386
5688,3201
5520,3238
5368,3509
5312,3089
5180,2917
5027,2843
4979,2838
4895,2983
4855,2959
4795,2963
4709,3042
4613,2955
5338,2967
5290,2952
5197,2865
5148,2876
5096,2884
5006,2849
4950,2773
4898,2819
4870,2817
4828,2734
4800,2865
4774,2788
4760,2777
4567,2971
4503,3025
4311,2823
4103,2749
4006,2745
3822,2837
3742,2877
3638,3112
3582,3063
3574,2929
3410,3020
3314,3113
5995,3032
5875,3176
5827,3149
5663,2998
5575,3013
5491,3009
5443,2983
5395,2971
5273,2927
5081,3002
4889,3008
4737,2960
4673,2961
4576,2954
4484,2951
4388,2876
4316,2879
4232,2843
4192,2846
4148,2905
4132,2841
4893,2827
4741,2813
4693,2815
4617,2845
4569,2863
4517,2712
4497,2765
4423,2786
4383,2699
4339,2733
4319,2751
4277,2674
4257,2802
4235,2759
4225,2791
3985,2758
3823,2675
3643,2650
3579,2583
3425,2553
3329,2570
3241,2558
3225,2474
4732,2178
4510,3969
7254,2612
7022,3174
6870,3319
6814,8442
6617,4709
6513,3263
6413,5827
6357,3888
6297,3225
6087,3190
5783,7926
5671,5490
5454,3680
5366,3080
5309,3133
5109,3086
5018,3133
4962,3079
4885,3064
4809,3083
5676,3010
5526,2983
5430,3033
5326,2995
5202,2953
5146,2894
5094,2970
5062,2910
4980,2923
4932,2878
4880,3096
4856,7119
4810,6210
4786,3595
4760,2955
4748,2945
4493,2927
4301,2888
4093,2894
3997,2843
3845,2852
3733,2802
3629,6365
3573,6188
3565,4099
3401,2935
6128,2794
5976,2805
5840,2778
5724,2773
5628,2999
5532,2843
5456,2787
5396,2762
5372,2760
5094,2768
4918,6133
4750,6086
4670,3609
4582,2647
4466,5803
4370,4095
4298,2846
4214,2757
4174,5800
4130,4671
5005,3181
4807,2484
4719,5843
4663,4250
4579,2800
4539,2491
4495,2525
4417,2498
4369,5619
4325,5605
4301,3448
4263,4403
4239,3089
4217,3036
4205,3025
4034,3046
3842,2950
3666,2939
3570,2901
3418,2841
3322,2952
3234,5242
3218,5194
3178,3212
4519,2373
4407,3146
7037,2692
6885,2580
6829,3367
6633,2917
6529,2806
6429,3157
6373,3076
6313,3004
6103,3002
5797,2908
5683,3035
5460,3008
5355,2974
5315,2983
5119,3065
5015,2930
4975,7534
4867,6444
4823,3846
4795,2977
5541,2890
5357,2777
5301,5471
5217,2779
5151,2845
5097,7298
5073,6245
4991,3759
4943,2852
4871,2730
4829,7036
4801,5277
4775,3324
4761,2838
4568,2902
4344,6764
4136,5611
4104,3435
4008,6613
3824,3962
3728,6359
3624,3944
3584,3015
3444,6265
3332,4849
6032,6507
5936,3786
5840,5185
5716,4788
5593,5018
5487,3440
5439,2832
5391,6292
5205,4609
5077,4576
4885,4833
4730,3325
4604,6169
4555,4237
4439,3341
4319,6258
4271,3597
4203,2735
4143,2708
4123,2644
4017,2607
4796,2599
4676,5831
4600,5980
4552,3687
4500,2751
4480,2478
4406,2199
4366,2485
4322,5795
4268,5844
4244,3487
4222,2545
4210,2556
4039,2494
3847,5704
3671,5473
3639,3348
3559,2699
3391,2632
3311,5406
3223,5402
3183,2912
3067,5314
2971,4202
4265,2191
6948,3238
6828,2971
6688,3151
6536,3718
6420,3408
6364,8886
6312,5853
6158,3989
5934,2970
5693,6572
5525,4191
5373,3196
5325,6899
5184,6638
5031,4196
4983,5439
4899,5568
4859,3515
4799,3192
4713,6411
4601,5000
5344,3480
5296,6433
5164,4154
5112,5994
5084,3526
5014,2869
4950,6293
4898,4562
4874,3158
4828,6246
4804,4447
4778,3025
4766,2912
4509,5968
4312,4928
4104,5905
4024,3408
3856,2846
3744,2863
3640,2673
3584,5681
3576,5566
3412,3559
3316,3214
3228,3194
5870,5631
5822,4571
5642,3063
5546,5756
5470,3891
5410,2934
5386,2713
5108,5594
4964,5244
4868,3237
4684,3104
4596,2558
4564,6160
4400,6489
4312,3887
4280,2995
4188,2945
4152,2912
4128,6367
4026,5912
3934,3244
4687,2687
4611,2851
4563,2828
4511,6274
4491,6265
4417,3471
4377,2606
4333,5832
4313,5810
4271,4415
4251,4740
4229,3481
4219,3011
3985,5930
3825,5464
3649,3251
3569,2521
3398,2590
3333,2477
3243,2233
3194,2698
3069,4665
3037,4548
2957,4831
4235,2249
6858,3239
6718,2860
6606,3404
6486,3268
6402,3630
6325,3237
6296,7161
5962,4957
5754,3501
5674,3076
5457,3046
5353,3094
5213,3006
5117,3001
5013,2975
4973,3125
4865,3012
4821,6796
4793,6675
4679,4107
4599,3154
5299,6626
5215,4379
5159,3340
5099,3037
5075,6738
4990,4933
4942,3342
4890,5550
4866,4397
4820,5575
4796,3767
4770,3274
4758,6583
4503,4252
4311,4955
4103,3628
4007,3209
3855,3157
3743,6214
3639,6135
3583,3919
3575,3046
3411,5950
3315,5680
3227,4567
5866,6120
5818,3455
5654,6656
5566,3722
5482,5027
5434,3442
5386,2824
5199,2863
4959,2801
4863,2640
4727,2717
4607,2679
4559,2678
4443,5771
4323,5568
4275,3442
4207,2828
4147,5314
4127,4365
4053,3124
3957,3143
4712,5294
4672,5465
4556,3088
4512,2580
4488,2583
4426,5498
4378,5641
4334,3217
4306,2535
4264,2499
4244,5238
4222,5124
4212,3206
4043,2529
3851,2650
3675,2479
3579,2527
3427,2647
3331,4887
3315,5108
3227,3887
3187,3323
3038,2858
2974,5264
4266,2314
6947,3477
6819,2965
6623,2815
6519,3136
6419,3114
6363,7651
6303,5186
6093,3797
5789,3143
5693,3379
5525,7903
5373,5524
5317,3867
5185,7556
5033,4291
4985,6901
4901,3984
4861,7449
4801,4593
4715,5146
5448,5831
5344,4106
5296,3427
5164,3369
5112,8454
5084,5440
5014,3971
4954,3272
4898,3141
4874,3063
4828,3076
4804,3067
4778,3006
4766,3181
4509,3040
4317,2987
4141,3094
4029,3179
3861,3144
3749,3019
3645,3047
3629,3037
3581,2808
3417,3110
3337,3931
3233,4026
5881,4320
5833,4256
5669,3697
5581,3341
5497,3214
5449,3209
5401,6223
5215,4786
4975,3137
4879,2779
4695,2714
4623,2819
4575,6056
4411,5739
4339,3856
4291,2573
4223,2498
4163,5753
4143,5271
4037,4600
4824,3269
4704,2932
4628,2872
4580,3049
4536,3302
4508,6280
4434,5551
4394,4448
4350,2905
4330,6121
4288,3727
4268,4840
4246,5713
4236,4354
4003,4794
3843,5582
3667,3235
3587,5885
3419,4358
3355,2766
3267,2564
3219,5574
3095,4905
3063,2972
2983,2685
7054,2283
6886,3951
6746,2686
6634,2816
6514,2925
6430,3421
6353,3422
6325,3268
5991,3399
5783,3150
5583,3158
5471,7958
5383,6674
5243,4129
5131,3275
5042,3093
4941,3154
4893,3191
4841,7407
4821,6269
4643,5412
5383,3680
5327,3175
5227,7306
5179,4499
5127,3329
5037,7104
4981,4101
4929,3232
4901,6980
4859,4783
4831,5695
4805,3651
4791,2993
4598,6884
4374,4852
4166,4901
4052,5428
3884,3675
3843,3328
3754,3455
3650,3252
3602,3354
3435,6312
3354,5604
3246,4876
5884,3644
5836,6744
5669,3739
5581,2889
5497,2616
5449,2598
5401,6429
5215,5002
4975,3137
4879,6206
4695,3932
4623,2912
4575,2647
4411,2564
4323,5776
4291,5684
4199,3255
4163,2721
4139,2691
4037,5100
3917,5363
4697,3600
4621,2661
4565,2850
4521,5682
4501,4200
4427,2942
4351,4634
4327,4624
4289,3227
4265,2897
4243,2790
4231,2996
4057,5553
3865,4875
3688,3010
3592,2488
3440,5258
3344,5223
3328,2950
3239,2743
3199,2710
3047,2692
2983,5080
2894,5094
2846,3279
6829,2343
6633,3047
6497,3203
6413,4776
6337,5937
6309,3754
5975,7830
5764,4488
5564,3467
5452,7784
5363,4869
5222,5663
5110,5309
4990,3771
4922,7395
4866,4235
4822,3288
4720,7174
4608,4839
4519,3361
4479,7077
5167,4900
5115,3343
5087,2979
5001,2976
4953,7161
4901,6019
4877,3596
4811,2895
4785,2692
4771,2734
4578,2614
4354,2660
4145,2741
4033,3175
3865,6609
3753,6324
3737,3640
3632,2787
3584,6150
3420,5146
3324,3329
3236,2973
3179,6172
3095,5715
3079,3243
5550,2856
5450,2561
5406,6405
5272,4740
5080,3094
4888,4891
4736,3878
4671,2966
4575,2961
4451,5648
4331,5334
4291,3136
4215,2659
4155,2573
4135,2666
4029,5963
3965,6008
3869,3606
3809,2307
3769,2445
3725,5779
4492,5805
4418,3114
4378,5834
4334,3825
4280,2828
4256,2640
4234,5727
4222,4300
4051,5494
3859,3088
3683,5396
3587,3858
3571,2706
3403,2449
3323,2209
3235,5144
3195,5067
3079,2747
2983,2366
2895,2336
2879,5002
2839,5028
2771,3264
2723,2309
2715,2478
6380,2126
6328,3158
6166,2921
5942,2897
5701,2928
5533,2743
5453,7421
5333,5164
5193,5350
5113,3750
4993,3102
4925,7736
4869,5257
4825,5343
4723,3492
4627,3017
4539,3112
4483,3202
4407,7817
4367,5701
4315,3700
5021,3052
4965,3073
4913,2915
4885,7477
4843,5747
4815,3575
4789,5578
4775,3828
4582,5750
4358,4379
4150,3402
4038,7043
4022,4319
3838,3350
3742,6512
3638,3926
3598,5862
3458,3636
3346,2978
3330,5853
3226,5958
3186,3334
3102,5851
3046,4092
3038,2966
5467,6004
5423,4773
5407,3152
5124,2601
4946,2578
4777,5912
4676,5784
4602,3369
4486,2779
4406,5799
4318,4146
4234,2985
4194,2814
4158,2894
4134,2927
4032,2787
3912,5695
3872,5601
3812,3563
3772,2913
4516,5604
4496,4272
4422,2903
4382,2693
4338,2438
4318,5612
4276,5535
4256,3122
4234,5549
4224,3644
3991,2738
3831,5547
3687,5285
3591,3082
3439,4260
3343,4224
3327,3431
3239,3347
3199,5204
3083,5099
2987,3204
2899,2605
2883,2639
2843,2568
2775,2601
2727,2580
6493,2246
6385,3309
6332,2931
6170,3358
5946,3002
5770,3235
5570,3042
5458,7929
5338,5505
5230,5712
5118,3738
5030,7634
4930,4727
4882,3473
4830,3109
4810,3041
4631,3035
4543,7369
4495,6352
4427,3665
5167,3123
5115,3214
5091,3005
5009,3155
4960,3182
4908,2983
4884,6943
4838,5924
4814,3580
4788,2849
4776,6808
4521,4537
4329,3841
4121,3129
4025,2885
3872,2839
3760,7066
3656,5522
3600,4581
3592,3305
3428,2955
3332,2946
3244,3010
3188,2860
3180,2928
3089,2945
5593,3084
5509,3059
5461,3020
5413,6923
5227,4808
4987,3201
4907,5316
4755,3497
4635,3104
4595,3090
4471,3035
4351,3123
4311,3152
4235,3087
4203,3145
4167,3048
4081,2955
4001,3013
3929,2935
3881,3154
4621,2953
4581,2952
4537,2928
4517,2956
4443,2987
4367,2945
4343,2979
4305,2925
4281,2975
4259,2939
4255,2652
4245,3025
4012,3449
3852,3450
3676,3423
3596,3352
3460,2453
3363,2337
3275,2050
3259,2159
3219,2284
3071,4943
3007,4972
2919,3921
2903,3899
2863,3172
8732,2377
8568,3338
8507,3730
8390,3002
8332,6129
8138,3758
7833,3160
7598,3260
7331,3317
7172,3164
7057,3514
6874,3262
6758,3392
6638,3402
6588,3246
6451,3558
6393,3313
6360,3324
6204,3264
6100,3288
7232,3265
7170,3027
7046,3002
6978,3016
6873,2960
6790,2905
6706,2845
6634,2835
6594,2785
6539,2832
6499,2813
6493,2736
6458,2798
6441,2409
6079,2658
5799,7085
5561,5900
5406,3700
5184,2887
5135,2756
4996,6826
4849,5228
4793,3267
4598,2738
4549,2699
8710,2802
8427,2886
8300,2858
8254,2834
8001,2772
7854,2933
7725,2780
7646,2881
7570,2806
7398,2764
7110,2748
6830,2785
6618,2614
6522,2680
6381,2627
6257,2668
6113,2573
6009,2755
5891,2651
5831,3193
5779,2902
7074,2604
6882,2738
6762,2747
6634,2549
6574,2653
6408,2678
6344,2573
6308,2498
6222,2382
6150,2426
6086,2462
6050,2508
5997,6091
5961,5827
5955,3505
5923,2539
5908,2479
5589,2538
5363,2355
5166,2370
5036,2413
4826,2268
4775,2510
4650,2528
4524,2266
4475,2451
9209,2589
8687,3509
8516,3341
8233,3252
8090,3332
7914,3485
7741,3231
7575,3621
7469,3264
7375,3627
7337,3670
6921,3620
6662,3428
6424,3509
6292,3589
6162,3326
6000,7625
5869,6276
5732,4091
5676,3288
6644,3240
6578,3180
6538,3200
6341,3247
6199,3083
5996,3058
5885,2848
5806,2993
5724,3102
5690,3016
5575,2964
5495,2962
5418,2834
5379,6783
5317,6762
5278,4286
5239,3402
5219,3124
4926,2980
4711,2901
4485,2889
4394,2905
4214,2904
4100,3084
3994,2946
7634,2897
7526,2973
7209,2905
7023,2799
6842,2822
6698,2797
6611,2811
6438,2758
6345,2835
6260,2895
6212,3034
6164,2855
6030,2860
5799,2867
5568,2810
5387,2770
5304,2848
5183,2808
5045,2750
4970,3033
4866,2585
5864,2669
5794,2665
5740,2660
5715,2621
5486,2440
5383,2581
5327,2519
5220,2369
5167,2621
5112,2654
5091,2366
4974,2567
4922,2563
4895,2430
4857,2582
4831,2561
4808,2331
4796,2467
4606,2436
4384,2443
4185,2610
4073,2765
3901,2579
3787,2931
3681,2849
3662,2848
9150,3163
8739,3774
8416,3198
8216,3641
8031,3482
7966,3418
7731,7136
7592,4369
7464,4079
7384,3951
7307,3799
7053,3870
6659,4036
6500,3384
6235,3513
6124,3354
6054,3078
5804,3696
5688,3257
6721,8779
6602,4356
6478,3425
6441,2772
6254,3532
6125,3533
5988,3262
5827,3402
5749,3005
5685,2997
5646,3240
5528,2980
5457,2932
5383,3436
5350,2894
5286,3410
5252,9238
5218,5111
5201,3811
4926,4440
4716,3020
4490,6969
4404,6862
4230,4037
4111,3009
3999,2727
7577,7120
7464,4456
7118,3094
6908,5058
6663,3196
6504,2863
6439,2941
6225,2667
6108,2715
5995,2762
5937,2668
5882,2682
5686,2720
5442,2784
5362,2723
5209,2591
5087,2697
5039,6275
4923,6163
4803,3633
5825,2797
5733,2647
5693,2680
5633,2577
5527,2555
5431,2600
5326,2653
5286,2788
5202,2737
5126,2718
5102,2812
5040,2701
4992,6629
4948,5328
4924,3366
4886,2909
4862,2843
4840,2937
4828,2833
4624,2949
4385,2947
4165,2822
4040,2766
4021,6177
3802,5977
3693,3295
3578,2748
8887,3000
8571,3442
8233,3560
8103,3707
7874,5410
7762,3895
7610,7241
7385,4692
7309,3854
7213,8326
7117,4856
7082,3710
6650,3592
6377,3597
6122,7866
6001,6400
5870,4302
5687,3407
5548,3316
6429,3325
6358,3341
6174,2954
6098,7510
6061,6456
5851,4055
5712,4534
5569,3522
5407,6959
5331,4992
5262,4931
5222,3686
5133,7023
5045,4432
4975,3529
4941,5663
4883,4569
4854,7070
4822,4286
4807,3278
4550,6603
4390,4632
4178,3397
4065,3069
3894,6172
7101,6505
7005,3824
6798,3043
6702,2806
6393,2860
6217,2842
6048,2793
5896,2855
5848,2809
5683,2715
5595,2730
5511,2754
5463,6123
5415,6011
5229,3641
4989,3028
4893,3432
4709,3482
4637,3616
4589,4410
4425,3761
5288,3810
5232,3768
5116,3684
5072,3887
5044,5869
4910,3594
4758,2887
4710,2679
4634,2677
4578,5715
4534,5832
4514,3581
4408,2906
4364,6584
4340,4347
4302,3153
4278,2740
4256,2656
4244,2729
4073,5433
3881,5466
3705,3335
3609,2498
3457,5596
3361,4786
3273,3340
3225,5885
7880,2421
7492,4345
7252,3174
7020,6376
6916,4061
6776,5506
6592,3886
6536,3370
6428,3292
6376,3254
6214,3223
5990,3184
5750,3177
5582,3137
5430,3118
5374,3137
5177,3144
5073,3101
5033,3093
5837,3121
5776,3046
5751,3044
5525,2980
5421,2962
5357,2954
5265,3043
5173,3033
5145,3081
5075,3037
5011,7543
4959,7198
4935,4190
4889,3152
4843,2956
4829,2967
4636,2937
4412,2861
4204,2859
4092,7066
3924,6789
3812,3928
3708,2971
3652,2943
3512,3104
6346,2995
6250,2986
6050,2962
5954,6812
5782,4661
5694,3092
5610,2402
5534,2792
5510,3030
5232,2618
5056,2600
4888,2524
4791,2562
4695,2600
4571,2393
4451,2641
4411,2713
4335,2766
4275,2754
4251,2676
4149,2721
4881,2656
4833,2578
4741,2737
4701,2718
4657,2785
4579,2914
4531,2797
4487,2954
4463,2838
4417,2857
4397,2960
4375,3038
4365,2886
4132,2829
3972,2726
3828,5931
3732,5104
3580,3237
3484,2622
3396,2634
3380,2606
3340,2576
3190,2704
3125,2578
3034,2585
2984,2755
2976,2610
8712,2781
8542,3767
8408,3018
8333,3327
7942,3156
7683,3956
7451,3754
7323,3787
7121,3682
6985,3498
6867,8586
6815,5528
