9964,1857
9861,2519
9739,2349
9552,2002
9506,2156
9400,3646
9369,2265
9078,3895
8309,2075
8085,2263
7604,1882
7300,1636
7044,1988
6948,1869
6336,2316
6176,2978
5960,2694
5944,2321
5808,1832
5552,1344
5496,1250
5412,1414
5188,1338
5140,1804
5012,1147
4964,1386
4764,1537
4684,3664
4476,4756
4412,2415
4408,1312
4252,1009
4236,1067
4164,846
3679,874
3667,4080
3647,2587
3615,1912
3543,1971
3535,1552
3499,2857
3499,2650
3495,3133
3437,2018
3369,1401
3176,1415
3144,1386
2903,1891
2871,1564
2807,1888
2719,1835
2695,1822
2379,1893
2379,2818
2347,1149
2283,1951
2283,1834
2251,1852
2143,1304
2143,1295
2135,1422
2099,1610
2099,1460
2067,1633
1907,1533
1907,2041
1891,1155
1883,795
1803,842
1779,1388
1779,1425
1699,1826
1691,1719
1683,1409
1683,1345
1651,1335
1651,1550
1635,1984
1635,697
1348,660
1348,649
1344,877
1344,1132
1316,944
1316,949
1308,965
1308,1219
1278,1157
1278,1309
1277,856
1244,832
1244,1247
1147,709
1147,790
1131,990
1099,710
1099,980
1099,768
933,584
933,606
933,669
909,791
901,555
901,571
869,535
869,527
869,544
861,513
861,526
861,528
805,508
805,596
805,600
805,637
773,582
773,565
773,531
773,564
741,540
741,503
741,506
741,562
737,494
737,527
737,525
737,495
588,451
588,425
588,420
3956,715
3880,800
3880,681
3872,812
3836,1053
3832,907
3764,938
3764,1048
3696,1650
3502,1497
3470,837
3470,832
3181,2434
3117,2344
3021,1988
3021,2042
2997,1551
2627,1035
2627,1056
2595,1225
2531,1372
2531,1610
2499,1673
2379,1480
2379,1460
2371,1305
2371,1483
2335,1384
2303,1269
2303,1436
2131,1213
2131,1289
2115,1379
2107,1204
2019,1253
2019,1226
1995,907
1995,910
1907,941
1899,927
1891,900
1891,924
1859,1474
1859,1346
1843,1375
1843,1324
1522,1200
1522,1219
1518,1043
1518,717
1490,712
1490,1263
1490,1175
1482,1208
1482,1210
1448,1160
1447,1235
1447,1161
1414,1338
1414,1135
1316,1147
1316,1215
1300,1075
1268,998
1268,1045
1268,1027
1076,914
1076,882
1076,827
1052,810
1044,848
1044,855
1012,751
1012,763
1012,814
1004,719
1004,1060
1004,761
944,684
944,641
944,658
944,665
912,615
912,642
912,681
912,672
880,579
880,614
880,622
880,638
876,631
876,571
4440,698
4424,869
4155,974
4143,883
4143,829
4123,948
4091,1213
4015,1905
4007,1932
3971,1854
3971,1904
3967,1883
3899,1885
3895,2745
3831,2664
3637,1438
3605,1197
3348,1133
3316,1202
3252,1103
3156,2321
3156,2603
3132,2170
2755,2042
2755,2338
2723,1419
2659,1954
2659,2335
2627,1312
2627,1133
2507,1903
2499,1903
2499,1871
2463,1869
2463,1870
2431,1355
2431,1067
2259,967
2243,958
2235,952
2147,1694
2147,1654
2123,1528
2123,1570
2035,1565
2027,1495
2019,1428
2019,1486
1987,1460
1987,1396
1971,1370
1971,1375
1971,1452
1640,1251
1640,1494
1636,1241
1636,1213
1608,1192
1608,1217
1608,1216
1600,1221
1600,1258
1566,1229
1565,1261
1565,1221
1532,1233
1532,1208
1434,1126
1434,1142
1418,1121
1386,1063
1386,1067
1386,1083
1193,980
1193,1008
1193,981
1169,938
1161,941
1161,960
1129,895
1129,878
1129,901
1121,920
1121,869
1121,873
1061,811
1061,699
1061,333
1061,257
1029,690
1029,807
1029,677
4993,798
4961,1053
4929,996
4925,889
4781,932
4749,1179
4693,3233
4677,2453
4270,2367
4258,1768
4238,1775
4206,3249
4206,3170
4130,1796
4122,3046
4086,2992
4082,1771
4014,1441
4010,2984
3946,2898
3752,2050
3720,2651
3463,1871
3367,1424
3367,1428
3271,1383
3247,1365
2870,1244
2870,2107
2838,2068
2774,2033
2774,2057
2742,2016
2622,1465
2622,1458
2614,1938
2578,1911
2578,1931
2546,1856
2546,1877
2374,1733
2358,1686
2350,1689
2262,1644
2262,1603
2238,1627
2238,1616
2150,1503
2142,1486
2134,1500
2102,1454
2102,1471
2086,1410
2086,1418
2086,1460
1754,1320
1754,1296
1750,1269
1750,1275
1722,1224
1722,1255
1714,1208
1714,1243
1714,1240
1680,1173
1679,1433
1646,1179
1646,1156
1646,1220
1548,1599
1532,1153
1500,1037
1500,1063
1500,1020
1307,896
1307,877
1307,911
1283,1920
1275,494
1275,482
1243,493
1243,520
1243,551
1235,793
1235,937
1235,829
1175,751
1175,994
1175,803
1175,724
1143,1081
1143,766
5247,842
5231,1052
5107,955
5075,890
5043,1389
5039,1250
4879,1109
4863,1146
4807,1117
4783,1209
4384,1524
4372,1407
4352,1511
4320,1998
4244,1443
4236,3344
4236,3458
4200,1635
4196,1535
4128,1741
4124,1530
3866,1283
3866,1529
3834,1221
3577,1276
3481,1384
3481,1128
3385,1352
3361,1503
2984,1105
2984,1228
2952,1552
2888,1107
2888,1095
2856,1181
2736,1053
2736,1040
2728,1294
2728,1224
2692,1201
2660,1890
2660,1853
2488,2133
2488,1757
2464,1247
2376,1553
2376,1199
2352,1216
2352,1566
2264,1152
2256,1144
2248,1226
2248,1144
2216,1129
2216,1449
2200,1082
2200,1098
1868,978
1868,1354
1864,1539
1864,1282
1836,1228
1836,1725
1836,1274
1828,1284
1828,1584
1794,1213
1793,1186
1793,1538
1760,1264
1760,1176
1662,1417
1646,1184
1646,1096
1614,1116
1614,752
1614,767
1421,592
1421,687
1397,615
1397,670
1389,652
1389,599
1357,625
1357,1096
1357,1398
1349,931
1349,1224
1349,928
1289,859
1289,848
1289,863
5569,883
5521,1032
5441,1243
5425,1484
5233,1032
5201,4183
5169,4096
5165,1710
5005,2542
4989,2191
4933,1952
4909,1910
4498,1820
4486,1865
4466,1935
4434,1954
4358,1776
4350,1884
4314,1848
4314,1866
4310,1842
4242,1909
4238,1853
3980,1664
3948,1531
3948,1634
3659,1529
3595,1512
3499,1469
3499,1468
3475,1478
3098,1336
3066,1296
3066,1554
3002,1501
2970,1482
2970,1499
2850,1437
2842,1437
2842,1446
2806,1416
2774,1369
2774,1414
2602,1286
2602,1301
2586,1295
2578,1842
2490,1760
2466,1737
2466,1711
2378,1639
2370,1633
2362,1631
2362,1618
2330,1587
2330,1599
2314,1470
2314,1559
1982,1356
1982,1337
1978,1319
1978,1280
1950,1288
1950,1308
1950,1299
1942,1314
1942,1289
1908,1243
1907,1238
1874,1272
1874,1283
1874,1251
1776,1196
1760,1083
1728,1142
1728,1082
1728,1121
1535,1304
1535,964
1535,1020
1511,967
1511,1012
1503,1020
1471,878
1471,991
1471,967
1463,937
1463,983
1463,972
1403,859
1403,874
1403,886
13948,2092
13676,3440
13516,3180
13284,2934
12796,2859
12700,2852
12596,2849
12480,3161
12080,3207
11920,2988
11780,2776
11652,2511
11033,2597
10977,2665
10969,2357
10849,2561
10761,2600
10569,2514
10525,2523
10433,2604
10405,2728
10277,3010
10273,2906
9883,2783
9273,2640
9081,7656
8584,3463
8456,2216
8232,1835
8016,1876
8376,2239
8296,2409
7607,2060
7463,2081
7431,1902
7231,2033
7135,2030
7087,2198
6811,2178
6771,2230
6755,2142
6663,2100
6439,2054
6375,2073
6027,1846
5995,1960
5851,5306
5691,4813
5643,2483
5563,1725
5547,1528
5347,1437
5315,4564
5283,3790
5279,2163
5123,1563
5107,1661
5051,1446
5027,1572
4505,4103
4493,4032
4473,2212
4441,1535
4369,1564
4361,1441
4325,1447
4321,1419
4321,1571
4259,1719
4191,1677
3998,1820
3966,1806
3966,1763
3692,1645
3628,1677
3540,1606
3540,1612
3516,1605
3173,1461
3141,1433
3141,1435
3077,1404
3045,2297
3045,2267
2937,2187
2929,2168
2929,1635
2893,1570
2861,1547
2861,1566
2697,1446
2697,1431
14993,2437
14873,3922
14433,3575
14161,3082
14081,3317
13633,3004
13529,3210
13417,3127
13301,3082
12877,2984
12717,2971
12561,2950
12433,8813
11716,4436
11660,3186
11560,2604
11448,2895
11236,2796
11228,2681
11184,8085
11072,4487
11056,3220
10922,2519
10719,2546
10527,2721
9886,2476
9662,2294
9133,2140
8813,6352
8765,4190
8957,3165
8893,4078
8813,2711
8100,4806
7956,3115
7716,2941
7700,2968
7596,7400
7296,3387
7264,2513
7224,1991
7208,6542
7108,3316
6884,2328
6820,4171
6444,3037
6412,2157
6300,1957
6092,2377
6044,2007
5964,1817
5948,2091
5732,1939
5700,1705
5668,2095
5664,1848
5520,1642
5488,2043
5432,1564
5416,1507
4838,1830
4826,1546
4806,1634
4806,4688
4774,4026
4698,1790
4690,1721
4654,1733
4650,1463
4582,1815
4582,4231
4514,4149
4320,2587
4288,1151
4288,1521
3999,1054
3935,3331
3839,3449
3839,1531
3815,1147
3444,3229
3444,2585
3412,1630
3348,1492
3348,1481
3316,1523
3196,858
3196,772
3188,2911
3152,2560
3152,2251
3120,1441
16296,2844
15964,4991
15708,2776
15388,3742
15268,2988
14748,3070
14476,3248
14396,3437
13916,3194
13812,3211
13700,3363
13584,3554
13160,3108
13000,3406
12984,3389
12812,2802
12684,3215
11913,3312
11873,2680
11781,2803
11669,2963
11457,2544
11449,2921
11405,2950
11293,2502
11277,3199
11139,2842
11135,2562
10744,3094
10751,2770
10463,2642
10431,3313
9709,2423
9517,2292
9469,2708
9173,7980
9109,4188
9029,2950
8297,2257
8169,2058
8121,2194
7913,2291
7793,1855
7745,2397
7493,1953
7461,1838
7421,1926
7405,1936
7305,6509
7081,4555
7049,2540
6637,2156
6605,1582
6509,1713
6461,1588
6285,6201
6237,3956
6157,2072
6141,2067
5925,1651
5893,1526
5861,1807
5861,1629
5857,1969
5697,1593
5681,1634
5625,6226
5609,5043
5021,2995
5021,1986
5009,1130
4989,1325
4957,1676
4881,1218
4881,1321
4873,1681
4837,1615
4833,1248
4765,4096
4765,4978
4697,2065
4503,1661
4503,1334
4471,1184
4214,3405
4118,4028
4118,1620
4022,1434
3998,913
3998,935
3621,1134
3589,1170
20161,3720
19825,4974
19577,4278
19321,5321
18669,4131
18501,4836
18413,4433
18193,4005
17317,9538
17093,4428
16189,3313
15933,3278
15613,4205
15165,3413
14973,3677
14701,3730
14621,3339
14125,3371
14013,11411
13913,4069
13745,3045
13337,3697
13209,3041
13037,10142
12909,5277
12082,2531
12042,2704
11918,6373
11830,3264
12319,3617
12283,3036
12159,3174
12131,12187
12115,5567
11984,2955
11529,2436
10920,2811
10632,3197
10070,2873
9878,2598
9638,2907
9374,2850
9278,8074
9198,4356
8465,2612
8321,2166
8289,2431
8065,2374
7961,1921
7661,2024
7629,2150
7589,1981
7477,1794
7473,2140
7249,1795
7185,1627
6805,2064
6677,1799
6629,1577
6453,2152
6405,1931
6325,1864
6309,2195
6093,1835
6029,1598
6025,2162
5881,1784
5849,1452
5793,1975
5777,1436
5188,1338
5176,1909
5156,5261
5124,4193
5124,2363
5048,1386
5040,1662
5004,1912
5000,1368
4932,1333
4928,1872
4670,1446
4670,1528
4638,1633
4381,1150
4285,4321
4189,3155
4189,2087
4165,1163
3788,941
3788,1188
3756,1031
20040,4080
19696,4042
19440,4194
18916,4430
18668,3667
18580,4765
18360,4274
17484,4646
17260,4409
16356,3669
16100,4086
15780,4098
15332,7406
15140,4203
14868,3581
14780,3671
14292,3524
14180,3755
14080,3721
13912,3565
13504,3289
13376,3276
13204,2965
13076,2985
12248,3095
12208,2779
12084,8809
11996,3948
11784,3276
12433,3243
12325,3665
12297,3272
12155,3216
11951,3420
11695,3169
11054,2746
10798,2613
10236,2864
9852,2486
9804,2453
9508,2667
9444,2365
8663,8051
8631,4075
8455,2575
8247,3515
8231,2761
8079,2117
7827,2006
7755,2258
7739,2022
7643,1987
7639,1965
7383,2136
6971,1757
6939,1704
6827,5951
6795,4396
6571,2199
6491,1681
6475,5948
6259,3757
6227,2080
6195,1537
6191,1711
6031,1847
6015,1506
5959,1471
5935,1497
5354,1293
5342,4884
5322,5230
5290,1904
5214,1499
5206,1373
5170,1395
5166,1391
5098,1461
5094,1411
5030,1421
4836,1805
4804,1808
4547,1686
4451,3836
4451,2190
4355,1347
4331,1380
3954,1289
3954,3214
3922,3123
3858,1705
3826,1477
19422,5417
19070,6005
18822,3997
18734,3934
18514,3619
17638,4285
17414,4088
16510,3992
16254,4062
15838,3571
15486,7658
15294,4021
15006,3344
14934,3509
14446,3738
14334,3446
14234,3372
14066,3648
13658,3159
13390,2987
13262,3142
12438,3078
12382,2756
12374,8482
12250,4194
12162,3165
11950,5972
11906,3826
11794,2859
12463,9908
12321,4314
12117,3508
11252,6113
11156,3750
10932,2916
10402,8702
10018,3854
9706,2614
9674,2434
9594,7914
8829,3779
8669,2957
8621,2161
8413,2543
8293,2004
8245,1960
7961,6442
7921,4279
7905,2904
7805,2073
7581,1710
7517,1875
7137,2075
7009,1889
6961,1684
6785,1570
6737,1747
6657,1542
6641,1565
6393,1892
6361,4605
6357,4792
6213,2419
6181,1669
6125,1729
6109,1715
5520,1644
5508,4013
5488,4111
5456,3123
5380,1605
5372,1519
5336,1805
5332,1363
5332,1509
5264,1528
5196,1574
5002,1342
4970,1383
4713,1403
4681,1403
4617,1239
4521,1493
4497,1396
4120,1333
4120,2999
4088,2835
4024,1526
4024,1487
3992,1175
3872,1145
3872,1398
18756,3383
18612,4405
18344,3802
17512,4158
16680,3597
16408,4213
16088,3657
15640,3325
15448,3560
15176,3321
15088,3207
14600,11205
14488,4597
14388,3267
14220,2744
13812,3337
13544,6420
13416,4067
12604,3231
12548,2771
12448,2667
12336,3022
12328,2594
12116,2587
12072,3033
11960,2624
11932,8151
11802,4580
12219,3970
11418,2493
11130,2945
11098,2819
10376,8510
10136,3562
9872,2743
9776,2186
9696,2567
8963,2249
8819,2148
8579,2359
8563,2260
8411,2019
8159,2325
8127,2165
8071,1950
7975,5916
7971,4286
7715,2561
7303,1843
7271,2282
7159,1801
6951,1687
6903,1578
6823,1654
6807,4855
6591,4970
6559,2307
6527,1634
6523,2032
6347,4998
6291,2739
6275,3528
5686,1859
5674,1667
5654,1477
5622,4473
5622,3889
5546,3163
5538,1788
5502,1470
5498,1402
5430,4201
5426,4234
5168,2125
5168,1318
5136,1453
4847,1567
4783,1319
4687,1299
4687,1625
4663,1395
4286,1388
4254,1622
4254,1408
4190,1484
4158,1460
4158,1439
4038,2721
4030,3483
4030,2021
3994,1245
3962,3284
17426,3749
16806,4843
16550,3476
16134,3263
15782,4323
15590,4167
15318,3472
15230,3669
14742,3920
14630,3402
14530,3602
14362,3729
13954,3361
13826,3274
13654,3329
13526,3714
12746,3148
12706,3215
12582,10799
12494,3608
12282,3289
12238,3262
12138,2980
12110,3047
11972,3523
11968,2875
11577,2790
10936,3145
11296,2983
10734,2832
10350,3278
10302,8681
10006,3376
9942,3000
9161,2128
9129,2356
8953,3112
8745,2331
8729,2184
8577,8563
8325,3665
8293,2344
8237,2442
8141,2279
8137,2027
7881,2304
7469,1908
7437,7026
7325,3991
7293,2352
7069,1638
6989,1948
6973,6308
6757,2700
6725,2269
6693,3628
6689,2162
6529,1978
6513,2080
6457,1675
6433,2014
5852,1658
5840,1540
5820,1872
5788,1566
5712,1581
5704,1877
5668,1678
5664,1485
5596,1823
5596,4935
5528,3775
5334,2110
5302,1485
5045,1343
5013,4372
4949,2694
4853,1959
4829,1552
4829,3959
4452,2629
4420,1685
4356,1179
4356,1265
4324,3563
4204,3008
4204,1509
4196,1420
4160,1278
4160,3637
4128,2541
4128,3180
16924,4324
16412,3943
16252,4044
15900,3179
15676,3268
15420,3591
15348,3647
14860,3562
14748,8289
14544,4201
14120,2963
13960,3535
13804,3483
13676,3262
12936,10890
12880,4674
12872,3663
12748,2841
12660,3546
12448,3073
12404,10270
12304,4419
12276,3179
12138,2568
11935,6961
11743,2923
11102,2290
10910,6104
10900,4139
10516,6700
10468,3825
10172,3126
10108,6361
9327,3264
9295,2120
9151,5848
8911,3207
8895,5204
8743,2914
8491,2544
8459,2399
8403,8249
8307,3811
8303,2742
8079,1987
7635,5433
7603,2853
7507,1989
7459,1856
7283,1863
7235,5928
7155,3762
6923,2202
6891,1785
6859,1949
6855,1547
6711,1644
6679,5324
6623,4755
6607,2239
6018,1757
6006,2046
5986,1743
5954,1591
5878,1969
5878,1617
5870,1543
5834,1979
5830,1679
5762,4797
5758,4858
5500,2117
5500,1547
5468,1534
5179,1698
5115,1303
5019,1357
5019,1575
4995,1412
4618,1357
4586,3483
4586,3376
4522,1792
4490,1323
4490,1526
4370,1256
4362,1548
4362,923
4326,1225
4294,1041
4294,881
4122,1226
16674,3085
16466,4625
16042,3177
15850,3463
15578,3723
15490,3849
15026,3884
14914,4045
14814,3816
14646,3316
14238,8152
14110,4021
13938,3024
13810,2986
13078,3398
13038,3088
12914,9142
12826,4032
12614,2955
12570,2887
12470,3203
12442,2830
12304,8923
12101,4452
11909,3143
11268,2484
11044,5130
10514,3331
10682,2943
10634,2983
10338,9217
10274,3807
9493,3056
9461,2254
9285,2242
9077,2503
9061,2139
8909,2168
8657,7506
8585,3897
8569,2899
8473,2081
8469,5134
8213,3424
7801,1949
7769,2023
7657,1977
7625,1787
7401,1691
7321,6058
7305,4599
7089,2587
7057,1798
7025,1986
7021,5248
6861,3558
6845,2526
6789,1786
6765,1832
6184,1668
6172,1907
6152,1747
6120,1475
6044,1609
6036,1569
6000,1593
5996,4937
5928,4384
5928,2573
5860,1684
5666,1774
5634,1450
5377,1262
5281,1295
5281,1273
5185,1419
5161,1512
4784,1546
4784,3325
4752,3873
4688,2072
4688,1279
4656,1415
4536,1356
4528,1340
4528,1332
4492,1311
4492,1574
4460,1294
4288,1235
4288,3176
4272,2837
16184,3112
15992,3851
15720,3059
15632,4512
15192,4114
15080,3765
14980,3333
14812,10699
14404,4740
14276,3812
14008,7385
13268,4230
13212,3445
13204,3370
13080,3324
12992,9734
12780,3963
12736,3792
12624,2971
12596,3015
12470,2922
12267,3167
11466,3206
11434,2594
11210,3024
10552,3152
10360,7467
10536,4703
10504,3177
10424,2650
9659,2645
9499,2720
9451,2318
9227,2460
9123,2398
8823,2150
8791,2051
8751,2234
8639,2335
8635,7449
8411,4345
7967,2473
7935,1808
7823,1711
7791,1943
7615,6257
7487,4296
7471,2426
7255,2178
7223,1696
7191,1851
7187,5925
7027,4042
7011,2563
6955,1755
6931,2029
6350,1607
6338,1589
6318,5205
6286,4974
6210,2533
6202,1811
6166,1905
6162,1652
6094,1621
6090,1628
5832,1443
5832,1526
5800,1496
5511,1707
5447,1477
5351,1457
5327,1417
5327,1535
4950,1368
4918,1489
4854,1586
4854,1406
4822,1365
4702,1387
4702,1673
4694,1331
4658,1421
4658,3569
4626,3095
4454,1627
4454,2197
4438,2465
4430,1652
4342,1628
4318,2275
4318,2059
15294,2704
15182,4453
15082,3306
14914,3663
14506,3346
14378,3480
14206,3784
14078,9156
13410,4211
13370,3649
13246,3272
13158,3159
12946,3122
12902,3459
12802,3142
12774,3400
12636,3425
12433,3280
12241,3116
11600,3216
11376,9678
10846,4100
10526,3009
10478,2245
10214,2671
10150,2850
9433,2466
9793,2695
9617,2885
9409,2524
9289,2467
9241,9726
8989,4267
8917,2487
8901,2228
8805,2563
8801,2366
8545,2846
8133,2688
8101,2297
7989,7936
7781,3603
7733,2191
7653,1665
7637,2049
7421,7375
7389,3245
7357,2156
7353,1755
7193,5229
7177,3649
7121,2619
7097,2364
6516,1942
6504,1887
6484,1908
6452,1902
6376,6569
6368,3363
6332,2164
6328,1511
6260,1921
6256,1673
6192,1655
5998,5960
5966,4248
5709,2301
5613,1581
5613,1623
5517,1607
5493,5423
5116,3181
5116,2046
5084,1878
5020,1623
4988,1617
4988,1889
4868,1560
4860,4863
4860,5179
4824,2000
4792,1495
4792,4854
4620,2625
4620,1569
4596,1664
4508,1380
4508,1354
4484,4114
4484,3352
4396,1701
4388,1614
15116,2621
14708,3533
14548,2976
14392,2962
14264,3504
13600,3249
13544,3456
13444,3431
13412,3357
13324,3472
13112,3696
13068,3220
12956,3243
12928,3577
12802,3506
12599,2904
11798,2942
11766,3149
11542,2896
11012,2906
10692,2922
10412,2669
10380,2661
10300,2898
9599,2451
9439,2415
9407,2666
9575,2574
9455,2576
9407,2824
9123,8375
9083,3701
9067,3416
8971,2203
8743,2401
8711,2422
8299,2841
8267,2453
8123,2247
7947,2493
7899,2286
7819,2231
7803,2329
7587,2137
7555,2143
7519,7441
7375,3506
7343,3157
7287,1800
7271,2117
6682,1646
6670,1905
6650,7249
6618,3497
6542,2948
6542,1666
6534,1614
6498,1593
6494,6720
6426,3622
6422,2161
6164,1742
6132,1727
6132,1621
5843,1791
5779,1631
5683,1493
5683,1483
5659,1542
5282,1417
5250,1377
5250,1662
5186,5188
5154,3590
5154,2191
5034,1601
5026,1611
5026,1846
4990,5089
4958,3200
4958,1968
4786,1348
4786,1365
4762,1625
4674,1257
4674,1454
4650,1513
4650,1662
4562,1727
4554,1555
4546,1452
4546,3001
14738,2541
14610,3944
14438,2959
14310,3653
13742,3016
13710,3056
13610,9471
13498,4224
13286,3614
13250,3383
13234,3161
13122,3812
13094,3944
12964,3391
12765,9609
11964,4582
11932,3145
11708,6338
11050,3774
10858,2941
10578,6318
10546,3795
10466,4756
9765,2970
9733,3005
9573,2631
9741,2876
9725,8558
9573,4106
9321,2928
9289,2291
9233,2513
9137,2348
9133,2453
8909,2304
8465,2141
8433,6818
8337,4125
8289,3003
8113,2097
8065,1998
7985,2120
7969,2495
7721,1957
7689,2057
7685,2385
7541,2004
7509,2065
7453,2293
7437,1818
6848,1692
6836,1738
6836,1757
6816,1798
6784,5229
6708,4285
6700,2582
6664,1837
6660,1770
6592,1757
6592,4947
6524,4085
6330,2328
6298,1494
6041,1555
6009,1537
5945,1406
5849,1469
5825,1457
5825,1384
5448,1440
5416,1434
5416,1457
5352,1526
5320,1574
5320,1496
5200,1473
5192,1650
5192,1444
5156,1422
5156,1550
5124,1410
4952,1417
4952,1473
4936,1345
4928,1327
4840,1425
4816,3162
4816,3261
4728,1895
4720,1328
4712,1302
15384,2934
14992,3742
14864,3332
14692,3724
14564,3618
13932,3059
13876,3461
13776,3626
13664,3187
13452,3390
13416,3502
13400,3112
13288,3350
13260,3492
13130,3132
12931,3238
12130,10937
12098,4437
11874,3447
11216,3173
11024,2836
10744,2528
10712,2926
10632,2674
9931,2227
9771,2128
10115,2462
9907,2367
9787,8347
9739,4222
9487,3440
9415,2162
9399,2917
9303,2355
9299,2150
9043,7646
8631,3788
8599,2637
8487,2151
8455,1837
8231,1801
8151,2176
8135,6690
7919,3838
7887,2853
7855,2080
7851,2205
7691,2197
7675,2402
7619,6320
7603,3702
7014,2124
7002,2973
6982,1907
6950,1899
6874,5507
6866,3658
6866,2278
6830,1771
6826,1676
6758,1731
6754,1690
6496,5167
6496,4029
6464,2231
6175,1467
6111,1431
6015,1440
6015,1403
5991,4705
5614,3558
5614,1945
5582,1537
5518,1659
5486,1477
5486,1478
5366,1688
5358,1454
5358,1484
5322,1412
5322,1357
5290,1318
5118,3653
5118,3681
5102,1626
5094,3635
5006,2172
5006,1202
4982,3468
4894,2955
4886,1569
4878,3203
15614,2921
15206,4187
15046,3095
14890,3495
14762,3180
14098,3555
14042,3195
13942,3275
13830,10911
13618,4365
13610,3653
13566,7064
13454,4163
13426,3155
13300,6868
13097,3980
12296,3102
12264,2834
12040,2859
11382,8706
11190,3939
10910,2882
10878,2417
10798,6421
10097,3487
10065,2498
10281,8974
10073,3807
9953,2598
9905,2430
9653,2285
9581,2246
9565,2499
9469,2308
9465,2219
9209,2346
8797,2283
8765,2018
8653,1940
8621,2563
8397,1877
8317,1825
8301,2143
8085,7253
8053,4280
8021,2427
8017,1837
7857,1856
7841,1792
7785,1682
7761,1704
7180,1711
7168,1566
7148,5774
7116,5011
7040,2440
7032,2941
6996,2063
6992,3913
6992,2484
6924,1956
6856,1813
6662,5382
6630,2937
6373,2786
6341,1825
6277,1764
6181,1564
6157,1563
6157,1725
5780,4196
5748,3765
5684,1949
5684,1451
5652,1416
5532,1542
5532,3954
5524,2811
5488,1664
5488,4453
5456,2349
5284,1540
5284,1549
5268,1240
5260,1183
5172,1203
5148,1001
5148,987
5060,3442
5052,3429
5044,1871
5044,1331
15236,2798
15108,4693
14936,3110
14808,3691
14240,3207
14200,3888
14076,3900
13996,3587
13784,3491
13748,3499
13632,3436
13604,3394
13592,3281
13462,3507
13071,3194
12462,3041
12238,3248
11676,2826
11548,2953
11308,2821
11076,2724
10980,2714
10964,2697
10231,2618
10103,2594
9863,2420
10223,2806
10071,2689
9819,2527
9787,2696
9731,2503
9635,2483
9631,2507
9407,2563
8963,2277
8931,2304
8819,2200
8787,2265
8611,2288
8483,2143
8467,2173
8251,2228
8219,2022
8187,2111
8183,2072
8023,2016
8007,1966
7951,1968
7927,1949
7346,1965
7334,1786
7314,1794
7282,2062
7206,1941
7198,1667
7162,5889
7158,5733
7090,3243
7090,4149
7022,2084
6828,3677
6796,2239
6539,2029
6507,2356
6443,2029
6347,1875
6323,2295
5946,1773
5946,1756
5914,2035
5850,1773
5850,1724
5818,1636
5698,1782
5698,1636
5690,1604
5654,1926
5654,1586
5622,4656
5450,3928
5450,1746
5434,1341
5426,1679
5338,1314
5314,1295
5314,4071
5226,4119
5218,1805
5210,1217
5210,1368
5178,1342
5178,1806
15054,2752
14926,3501
14406,3280
14366,3271
14242,3426
14154,3189
13942,3749
13898,3616
13786,3477
13770,3436
13632,3478
13429,3571
12628,3250
12596,3122
12372,3106
11714,2912
11522,2924
11242,2814
11210,2800
11130,2768
10429,2653
10269,2672
10237,2602
10013,2686
9917,2455
10237,2660
9953,2602
9913,2614
9897,2538
9797,2641
9573,2452
9509,2415
9097,2275
9001,2299
8953,2309
8777,2408
8729,2217
8633,2233
8417,2203
8385,2095
8353,2240
8349,2172
8189,2073
8173,2215
8117,1958
8093,2021
7512,2061
7500,1802
7480,1712
7448,1787
7372,1864
7364,2056
7328,1964
7324,1929
7256,1881
7252,1930
7188,2001
6994,1890
6962,1752
6705,1690
6609,1806
6609,1631
6513,1633
6489,1820
6112,1567
6112,1541
6080,1713
6016,1464
5984,1594
5984,1666
5864,1579
5856,1676
5856,1825
5820,1599
5788,1649
5788,1633
5616,1514
5616,1584
5592,1662
5504,1481
5504,1557
5480,1506
5480,1458
5392,1530
5384,1463
5376,1413
5344,1481
5344,1431
5328,1475
5328,1372
4996,1450
4996,1421
14408,2615
14296,3515
14084,2978
14048,3668
14032,3171
13920,3157
13892,3491
13766,3526
13567,3325
12766,3126
12542,3086
11980,2945
11852,3141
11612,2854
11380,2881
11284,2922
11268,2818
10535,2685
10407,2737
10167,2504
10151,2599
10007,2589
9755,2499
9691,2380
9675,2385
9939,2695
9935,2563
9679,2540
9267,2502
9235,2486
9123,2357
8915,2215
8867,2299
8787,2189
8771,2294
8555,8509
8523,4028
8491,3038
8487,1914
8327,2103
8311,7770
8255,3814
8231,2503
7650,1797
7638,1948
7618,1866
7586,1838
7510,1897
7502,1838
7466,1875
7466,1849
7462,2130
7394,1886
7390,2005
7132,1819
7132,2074
7100,1856
6843,1812
6747,1689
6747,5820
6651,4338
6627,2262
6250,1494
6250,5149
6218,2776
6154,1680
6154,1628
6122,1622
6002,1536
6002,1582
5994,1434
5994,1574
5958,1560
5926,1462
5926,1631
5754,1673
5754,1486
5738,1509
5730,1222
5642,1231
5642,1363
5618,1491
5530,1315
5522,1404
5514,1530
5514,1517
5482,1666
5482,1638
5482,3662
5466,4175
5466,1995
5134,1203
14614,2746
14514,3904
14434,4010
14222,3803
14186,4021
14070,3611
14058,3854
14030,3935
13904,3659
13705,3574
12904,3566
12872,3552
12648,3400
12118,3088
11798,6773
11750,2757
11486,2628
11422,10232
11406,4555
10673,2868
10545,2643
10513,2566
10289,2374
10193,2597
10145,2334
10229,2552
10189,2763
10173,2456
10077,2519
10073,2729
9817,8738
9405,3709
9373,3081
9277,2369
9229,2930
9053,8152
9005,3714
8925,2359
8909,2069
8693,7342
8661,3528
8629,2460
8625,2423
8465,1979
8449,2162
8393,2067
8369,2042
7788,1921
7776,1846
7756,1961
7724,1771
7648,1693
7648,2210
7640,1649
7604,1657
7600,2022
7532,1621
7528,6454
7464,4271
7270,2447
7238,1782
6981,2173
6949,1652
6885,1471
6789,1495
6765,1618
6765,1466
6388,1484
6356,1497
6356,1427
6292,1650
6260,1750
6260,1503
6140,1470
6132,1790
6132,1472
6096,1453
6064,1703
6064,1435
5892,1391
5892,1328
5876,3997
5868,3806
5780,2138
5756,1404
5756,1415
5668,1339
5660,1378
5652,1377
5652,1334
5620,1384
5620,1429
15496,3044
15368,4044
14872,3819
14816,3652
14716,7970
14604,4406
14392,3661
14356,4345
14240,4141
14228,8262
14200,4097
14070,3427
13871,6650
13070,4392
12846,3569
12814,3490
12156,7861
11964,3880
11684,2757
11652,3129
11572,3401
10871,2582
10711,9207
10679,4212
10455,3511
10727,3219
10679,2977
10395,3142
10355,8476
10339,4230
10239,2845
10015,5680
9951,3579
9571,2369
9443,2350
9395,2896
9219,2147
9171,2067
9091,7096
9075,3706
8859,2898
8827,2248
8791,2007
8647,2154
8615,7357
8559,3653
8543,2844
7954,2117
7942,4470
7922,2886
7922,2297
7890,1889
7814,1802
7806,6505
7770,3854
7766,2272
7698,4589
7694,2814
7436,1830
7436,1789
7404,2096
7147,1711
7051,1661
6955,1984
6955,1653
6931,1623
6554,1864
6522,1489
6522,1485
6458,4930
6426,3514
6426,2100
6306,1459
6298,1669
6298,1432
6262,4745
6230,3406
6230,1992
6058,1382
6058,1706
6034,1332
5946,1429
5946,1401
5922,1327
5922,1408
5834,1364
5826,1389
5818,1301
5818,1483
5786,1540
5770,1430
5770,1401
15398,2945
15014,4062
14974,3274
14850,3895
14762,3749
14550,4189
14506,3892
14406,3901
14378,3512
14240,3866
14037,3377
13845,3584
13204,3571
12980,3181
12450,3329
12130,3492
12082,2974
11818,3196
11754,10597
11037,4055
11005,3643
10845,2335
10637,2933
10525,2747
10845,2938
10593,2981
10521,2775
10505,2584
10409,3103
10405,2569
10149,8312
9737,4539
9705,3286
9593,2179
9385,4805
9337,3207
9257,2526
9241,5660
9025,3320
8993,2363
8961,5826
8957,3527
8797,2280
8781,2193
8725,7383
8701,3934
8120,2586
8108,1879
8088,1785
8056,1974
7980,1961
7972,2034
7936,2184
7932,1914
7864,2214
7860,1998
7796,1871
7602,1827
7570,1778
7313,1688
7217,1580
7217,1672
7121,5449
7097,4123
6720,2385
6720,1708
6688,1426
6624,1539
6592,1500
6592,1405
6472,1473
6464,1478
6464,1425
6428,1542
6428,1547
6396,1501
6224,1544
6224,1546
6208,1458
6112,1495
6112,4245
6088,4211
6088,2351
6000,1521
5992,1298
5984,1371
5984,1408
5952,1272
5952,1360
5936,1360
5936,1317
5604,1337
15084,3209
14984,3909
14896,3498
14692,3574
14656,3967
14540,3691
14528,4015
14500,4041
14374,3816
14175,3805
13374,10957
13150,4540
13118,3033
12460,2730
12268,5503
11988,3554
11956,3210
11876,3095
11175,3030
11143,2796
10983,8572
10775,4113
10759,3074
10615,2445
10731,2971
10699,2980
10643,2613
10547,2876
10543,3004
10319,2635
10255,3098
9843,10830
9747,4358
9699,3058
9523,2608
9475,2872
9395,2910
9379,5539
9163,3278
9131,2672
9099,6536
9095,3170
8935,2619
8919,4888
8863,3228
8839,2819
8258,2528
8246,2452
8226,2306
8194,2625
8118,2380
8110,2102
8110,2121
8074,2198
8070,2243
8002,8481
7998,2967
7740,2285
7740,1942
7708,2329
7451,2080
7355,5313
7355,3047
7259,2252
7235,1611
6858,6025
6858,3026
6826,1986
6762,4200
6762,2440
6730,1716
6610,6159
6610,2728
6602,1853
6566,4090
6566,2230
6534,1781
6534,4669
6362,2592
6346,1807
6338,1274
6250,1312
6250,1534
6226,5031
6226,2766
6138,1912
6130,1264
6122,5324
6122,2079
6090,1677
6090,1356
6074,1378
15758,4269
15318,4811
15278,5027
15154,4858
15074,4879
14862,4707
14826,4298
14710,4121
14698,4987
14670,4379
14540,4551
14341,4677
13540,4185
13316,4111
13284,4213
12626,3785
12434,3646
12154,3819
12122,3762
12042,3269
11341,3715
11181,7229
11149,3483
10941,3318
11197,3407
11149,3290
10897,7577
10825,3896
10809,3518
10713,3606
10709,3482
10453,2725
10041,2955
10009,3445
9897,3008
9865,8411
9689,3915
9561,2729
9545,2652
9329,3083
9297,2807
9265,7792
9261,3575
9117,2637
9085,2333
9029,5330
9013,3332
8424,5737
8412,2936
8392,2259
8360,1913
8360,2736
8284,2394
8276,2311
8240,8110
8236,3864
8168,2213
8164,2112
8100,5880
7906,2816
7874,2061
7617,4079
7521,2449
7521,6997
7425,2914
7401,2007
7401,1828
7024,6217
6992,3251
6928,2120
6928,3889
6896,2194
6776,1553
6776,1890
6768,5793
6768,3013
6732,1934
6700,4304
6700,2361
6528,1669
6528,4203
6504,2363
6416,1662
6416,1706
6392,1594
6392,4901
6304,2725
6296,1819
6288,1431
6288,4876
6256,2193
6256,1612
16132,3643
16036,3783
15508,4545
15452,4408
15352,4601
15240,4469
15028,4674
15020,4609
14976,4459
14864,4918
14848,4451
14710,4331
14507,8274
14315,4612
13674,3807
13482,3069
12920,3860
12792,3783
12552,3532
12320,3416
12224,3488
12208,2941
11475,3118
11739,3496
11691,3243
11467,3025
11363,10537
11315,4336
11063,3405
10991,3141
10975,2793
10879,7571
10875,4141
10619,3125
10207,2522
10175,3104
10079,2940
10031,2805
9855,2684
9807,3005
9727,2413
9711,2444
9495,2810
9463,2559
9431,2403
9427,2913
9267,2801
9251,2487
9195,2557
9171,7535
8590,3672
8578,2567
8558,2331
8526,2432
8450,2039
8442,2142
8406,2356
8402,1944
8402,1961
8334,2255
8266,1866
8072,1873
8040,1888
8040,2028
7751,1779
7687,6119
7591,4283
7567,2598
7567,1695
7190,1729
7158,1692
7158,1545
7094,1568
7062,1878
7062,1541
6942,1599
6934,1552
6934,1536
6898,1652
6866,1617
6866,1975
6694,4732
6694,1412
6670,4751
6582,4435
6582,2595
6558,1628
6558,1459
6470,4442
6462,3148
6454,1745
6454,1428
16646,3440
16518,4310
16346,4624
16218,4338
15650,4344
15610,4444
15486,4559
15398,4510
15194,4299
15158,4501
15042,4327
15014,4274
15002,4260
14872,4169
14481,4034
13872,10826
13648,4766
13086,3836
12958,3323
12718,3165
12486,10876
12390,4462
12374,3465
12033,6490
11905,3765
11857,7030
11633,4030
11529,3171
11481,3537
11197,3399
11157,10293
11141,4682
11041,3435
10817,2583
10753,3034
10373,2907
10341,2919
10197,2824
10021,2837
9973,2847
9893,2470
9877,2689
9661,2661
9629,2425
9597,2280
9593,2498
9433,2397
9417,2215
9361,7788
9337,4327
8756,3043
8744,2151
8724,5379
8692,3326
8616,4989
8608,3021
8572,2427
8568,2058
8568,2200
8500,2219
8432,2110
8238,6899
8206,3943
7949,2497
7917,1914
7853,1932
7757,1867
7733,1912
7733,1902
7356,1858
7324,1813
7324,1794
7260,1886
7228,1854
7228,1806
7108,1839
7100,1791
7100,1735
7064,1666
7032,1767
7032,1758
6860,1598
6860,1693
6836,1679
6748,1619
6748,1649
6724,1637
6724,1716
6636,1601
6628,1708
6620,1742
6620,1645
16812,3572
16684,4164
16512,4065
16384,3973
15816,3956
15776,4439
15652,4420
15572,4036
15360,4293
15324,4338
15208,4213
15180,4183
15168,4304
15038,3987
14647,3670
14038,3970
13814,4022
13782,12360
13124,4815
12932,3375
12652,3117
12620,3588
12540,3355
12231,3481
12071,11001
12023,4779
11815,3403
11695,2949
11647,5337
11395,3706
11323,3328
11307,7595
11211,4286
10983,2961
10951,2962
10539,3038
10507,3054
10395,2799
10363,9354
10139,4476
10059,3229
10043,2398
9827,2831
9795,2859
9763,8265
9759,4208
9599,3020
9583,2367
9527,2627
9511,2655
8922,2491
8910,2319
8890,7591
8858,4321
8782,2980
8782,2150
8774,7297
8738,3488
8734,2330
8666,2127
8662,2745
8404,2133
8404,2066
8372,2134
8115,2535
8019,1954
8019,1948
7923,2436
7899,1912
7522,1818
7522,1819
7490,1668
7426,1608
7426,1917
7394,2260
7274,1722
7274,1732
7266,2206
7230,6700
7230,3563
7198,2735
7198,1529
7026,1568
7010,5212
7002,1599
6914,1543
6914,1725
6890,1927
6890,1888
6802,1989
6794,1953
6786,1917
17202,3700
17042,4193
16914,4465
16742,3873
16614,4227
15982,4555
15942,4619
15850,4543
15738,4511
15526,4569
15490,4498
15474,4560
15362,4418
15334,4604
15208,11974
15005,5152
14204,3826
14172,3705
13948,6887
13418,4396
13098,3505
13050,3489
12786,3421
13178,3666
12397,3440
12365,3413
12189,3214
11981,3301
11965,3286
11813,3229
11561,3133
11529,3136
11489,3147
11377,3083
11373,3098
11149,3004
11085,2989
10705,2919
10577,2595
10529,2802
10353,2774
10305,2730
10225,2710
10209,2615
9993,2650
9961,2620
9929,2467
9925,2554
9765,2552
9749,2392
9693,2493
9669,2461
9088,2473
9076,7879
9056,4679
9024,3121
8948,2362
8940,2299
8940,2265
8904,2269
8900,2289
8832,2150
8828,2202
8570,2083
8570,2042
8538,7177
8281,4236
8185,2715
8185,2051
8089,1948
8065,2079
7688,1959
7688,1775
7656,1712
7592,1728
7592,1816
7560,1872
7440,1846
7440,1866
7432,1817
7396,1811
7396,1981
7364,1885
7192,1846
7192,1859
7176,1828
7168,1815
7080,1784
7080,1770
7056,1744
6968,1755
6960,1763
17824,3832
17708,4767
17284,4240
17124,4072
16968,4094
16840,4116
16172,4898
16116,4655
16016,4798
15904,4129
15692,3892
15656,4046
15640,4015
15528,3813
15500,3871
15370,12169
15171,5370
14370,3600
14146,3681
14114,6845
13456,4194
13264,3467
13440,3446
13408,9831
13328,4666
12563,3246
12403,3054
12355,3381
12131,3199
12027,3090
11979,3106
11695,2891
11655,3475
11639,3371
11543,3473
11315,3367
11283,3419
10871,3046
10839,3143
10727,3114
10519,3037
10471,3026
10391,3019
10375,3005
10159,2921
10127,2811
10095,2915
10091,2913
9931,2805
9915,2817
9859,2777
9835,2768
9254,2609
9242,2593
9222,2565
9190,2616
9114,2532
9106,7941
9070,3970
9066,4007
9066,3396
8998,2715
8930,2571
8736,2707
8704,2482
8704,2600
8415,2418
8351,2542
8255,1902
8231,1764
8231,7640
7854,3238
7822,2306
7822,1708
7758,1767
7726,1819
7726,1811
7606,1745
7598,1705
7598,6797
7562,3645
7530,2542
7530,1699
7358,1589
7358,1608
7334,5627
7246,3576
7246,2246
7222,1643
7222,1655
7134,1661
7126,1779
17950,4068
17790,5402
17398,4165
17270,4139
17098,4541
16970,9580
16314,4997
16274,4095
16150,4363
16070,8765
15858,4909
15822,4115
15706,4070
15678,3987
15666,4130
15536,4168
15145,3888
14536,3659
14312,3848
14280,3817
13622,3563
13430,3750
13606,3795
13574,3661
13494,3611
12729,3602
12569,3339
12521,3263
12313,3355
12193,11637
12145,4609
11893,3306
11821,2875
11805,3008
11709,3230
11705,3575
11481,4668
11037,2978
11005,3112
10909,2504
10861,2915
10685,3346
10637,2763
10557,2749
10541,2871
10325,2432
10293,2468
10261,2542
10257,2623
10097,2597
10081,2548
10025,2512
10001,2550
9420,2397
9408,2278
9388,2370
9356,2435
9280,2251
9272,2266
9272,2284
9236,2199
9232,2275
9164,2282
9160,2265
9096,2239
8902,2192
8870,2233
8613,2350
8581,2218
8517,2103
8421,2146
8421,1938
8397,2150
8020,2553
7988,2460
7988,2597
7924,2569
7924,2349
7892,2439
7772,2365
7772,2233
7764,2364
7728,2338
7728,2231
7696,2306
7696,2464
7524,2599
7524,2450
7508,2266
7500,2601
7412,2400
7388,2358
18684,4773
18432,5584
18328,4949
18216,5361
18100,4658
17676,5142
17516,4956
17360,4609
17232,4850
16504,5235
16448,4445
16348,4734
16236,5059
16024,4381
16016,4460
15972,5164
15860,4394
15832,4437
15706,4644
15503,4602
14702,4223
14670,4140
14998,4667
14468,4153
14084,3899
14036,4158
13740,3864
13676,3760
12895,4240
12863,3678
12687,3435
12479,3634
12463,3752
12311,3546
12059,3445
12027,4062
11971,3312
11875,3269
11871,3611
11647,3190
11203,2911
11171,3192
11075,3351
11027,2924
10851,3286
10803,2899
10723,2950
10707,3062
10459,3177
10427,2773
10423,2977
10279,3268
10247,2865
10191,2733
10175,10581
9586,4229
9574,3107
9574,2504
9554,2568
9522,2552
9446,9639
9438,3890
9402,2638
9398,1967
9330,2752
9330,2510
9262,8974
9068,3594
9036,2433
8779,1851
8747,2776
8683,2274
8587,2307
8563,2356
8563,2162
8186,1934
8154,2462
8090,1973
8090,1852
8058,2021
7938,2009
7938,1809
7930,1962
7894,1904
7894,1916
7862,1741
7862,1781
7690,1649
7674,1695
7666,2052
7578,1658
7578,1684
18850,5350
18598,5750
18494,5155
18382,5074
18266,5138
17794,15651
17666,6495
17494,4722
17366,4148
16646,4998
16606,4598
16482,9305
16394,5154
16190,4444
16154,4759
16038,4400
16010,9675
15872,4693
15669,4244
15477,9437
14836,4430
15164,4124
14634,4176
14250,3991
14202,4351
13906,3879
13826,11819
13061,4689
12901,3790
12853,3614
12629,3557
12525,9285
12477,4206
12193,3519
12153,3340
12041,3458
12037,3320
11813,3310
11749,3259
11337,3422
11241,3195
11193,3035
11017,2973
10889,3236
10873,3009
10657,3120
10625,3278
10593,3148
10589,2999
10429,9399
10413,3754
10341,3305
9752,2225
9740,2892
9720,2773
9688,8832
9612,3652
9604,2871
9604,2201
9568,2761
9564,2728
9496,2525
9428,8498
9234,3837
9202,3104
8945,1963
8913,2603
8849,8237
8753,3262
8729,2366
8352,2060
8352,1950
8320,2028
8256,6847
8256,3789
8224,2808
8104,1940
8104,2006
8096,1790
8060,2412
8060,2140
8028,6745
8028,3373
7856,2454
7840,1583
7832,1782
7744,2208
7744,1918
7720,6275
7720,3602
7632,2147
7624,1586
18476,4459
18308,5077
17900,5410
17772,4702
17600,4921
17472,4555
16812,4564
16772,4666
16648,4887
16568,4453
16356,10025
16320,5996
16204,4628
16176,4536
16038,4971
16034,4398
15643,4413
15002,4541
14810,3963
14248,4259
13928,4276
14368,4155
14072,4039
13992,4350
13227,3752
13067,3919
13019,4563
12795,3779
12691,3491
12643,3894
12359,3589
12319,3390
12207,3937
12203,3410
11979,3335
11535,10257
11503,4383
11391,3248
11359,3097
11183,3294
11055,3018
11039,2900
10823,3410
10791,2961
10759,2859
10755,3127
10595,2874
10579,2914
10507,2909
9918,3011
9906,2679
9886,2565
9854,3140
9854,2806
9778,2578
9770,2802
9734,2429
9730,2675
9662,2850
9658,2883
9400,2383
9368,2448
9368,2867
9079,2447
9015,2341
8919,2524
8919,2242
8895,2249
8518,2155
8486,2561
8486,2250
8422,2157
8390,2333
8390,2344
8270,2126
8262,1998
8262,7300
8226,3243
8226,2967
8194,1894
8022,1919
8022,1831
8006,2001
7998,2267
7910,1946
7886,1769
7886,1969
7798,2204
7790,1868
7782,1876
7782,2332
7750,1778
17766,4603
17690,5728
17562,4745
17002,4759
16946,5081
16846,5105
16734,4786
16522,4438
16514,5065
16470,5036
16358,4495
16342,4466
16204,4963
16001,4332
15809,4345
15168,4657
14944,3991
14414,3955
14094,4140
14046,4374
13782,3724
14174,4269
13393,4317
13361,3981
13217,3554
12977,4403
12961,3953
12857,3680
12557,3646
12525,3763
12485,3538
12373,3417
12369,3781
12145,3947
12081,3276
11701,3171
11573,3888
11525,3571
11349,3016
11301,3095
11221,3458
11205,10715
10989,4224
10957,3011
10921,2742
10777,2916
10745,3031
10689,3200
10673,2915
10084,2686
10072,2877
10072,3289
10052,2637
10020,2756
9944,3185
9936,2904
9900,2670
9896,2472
9828,2910
9824,2567
9760,2451
9566,2466
9534,2404
9277,2433
9181,2390
9181,2465
9085,2211
9061,2228
8684,2248
8684,2263
8652,2075
8588,2019
8556,2007
8556,1930
8436,1904
8428,2059
8428,1927
8392,1888
8360,1917
8360,1719
8188,1785
8188,1786
8172,1907
8076,1736
8076,1931
8052,1720
8052,1708
7964,1708
7956,1821
7948,1689
7948,1717
7916,1728
17932,4375
17824,4693
17696,4277
17144,4478
17104,5108
16980,4792
16892,4607
16680,4249
16636,4768
16536,5264
16508,4813
16370,5047
16366,4988
15975,4438
15334,4348
15142,4907
14580,4133
14260,3810
14212,4513
13948,4163
13884,4299
13559,4036
13527,4097
13351,4099
13143,3856
13127,3814
12975,3714
12723,3628
12691,3606
12635,3541
12539,3482
12535,3554
12279,3414
11867,3362
11835,3238
11723,3295
11691,3284
11467,3161
11387,3238
11371,2995
11155,3069
11123,3123
11091,3060
11087,3102
10927,3057
10911,2996
10855,3119
10831,2952
10250,2445
10238,2945
10218,2792
10186,2404
10110,2702
10102,2690
10066,2640
10062,2854
9994,2698
9994,2601
9926,2763
9732,2446
9700,2250
9443,2607
9347,2384
9347,2302
9251,2203
9227,2655
8850,2053
8850,2096
8818,2452
8754,2022
8754,2008
8722,2141
8602,2028
8602,2021
8594,2188
8558,1866
8558,1840
8526,2166
8354,1892
8354,1869
8338,2186
8330,2006
8242,1743
8218,1807
8218,1942
8130,1774
8122,5804
8114,4447
8114,2469
8082,1884
8082,1911
8066,1714
17694,4185
17310,5149
17270,5144
17146,4244
17058,4512
16846,4861
16802,4638
16702,4822
16674,4513
16536,6075
16333,5175
16141,4579
15500,4226
15276,4404
14746,4020
14426,3892
14378,4519
14114,3799
14050,3897
13333,4070
13693,3498
13517,4588
13309,4070
13189,3677
13141,3402
12889,3912
12817,3760
12801,3227
12705,3513
12477,3393
12445,3258
12033,3624
12001,3350
11857,3104
11681,3465
11633,3349
11553,3641
11537,3210
11321,3292
11289,2913
11253,3265
11109,2992
11077,2884
11021,3250
11005,3180
10416,2821
10404,2755
10384,2966
10352,2739
10276,2774
10268,2971
10268,2911
10232,2435
10228,2956
10160,2576
10156,3099
9898,2971
9866,2440
9866,2435
9577,2874
9513,2271
9417,2228
9393,2757
9393,2263
9016,2070
8984,2708
8920,2034
8920,2033
8888,2642
8768,1989
8768,2037
8760,2596
8724,1987
8724,1980
8692,2515
8520,1927
8520,2233
8504,2428
8408,2470
8408,2431
8384,2417
8384,2565
8296,2535
8288,2546
8280,2571
8280,2503
8248,2482
8232,2473
8232,2479
7900,2439
7900,2288
7900,2350
17168,3969
17112,4854
16968,4684
16924,4858
16824,4989
16796,4983
16668,4839
16664,4794
16273,4953
15632,4448
15440,4405
14878,4347
14750,4297
14510,4347
14278,11811
14182,4579
14166,3806
13433,3478
13305,3712
13065,3767
13425,3689
13321,3935
13021,4057
12989,3617
12949,3892
12837,3812
12833,3640
12609,3470
12545,3654
12165,3372
12037,3162
11989,3910
11813,3205
11765,3158
11685,3650
11669,3150
11453,3040
11421,3645
11389,3490
11385,3058
11225,2942
11209,3428
11153,2987
11129,2998
10548,3236
10536,3382
10516,2743
10484,2781
10408,3202
10400,2747
10364,2655
10360,3076
10360,2564
10292,2534
10224,3197
10030,2960
9998,2366
9998,2547
9709,2800
9645,2202
9549,2342
9549,2839
9525,2746
9148,2185
9148,2187
9116,2674
9052,1973
9020,2138
9020,2118
8900,2623
8900,2084
8892,2051
8856,2559
8856,2061
8824,2035
8652,1960
8652,2080
8636,2153
8628,2177
8540,2699
8540,2054
8516,2143
8516,2665
8428,1897
8420,2054
8412,1865
8412,2374
8380,1823
8380,1826
8364,2324
8364,1722
8032,1720
17540,4584
17448,5599
17336,4176
17124,4856
17088,5020
17072,4940
16960,5302
16932,4575
16806,5047
16603,4924
16411,4780
15770,4204
15546,4683
15016,4548
14696,4009
14648,4486
14416,4312
14320,3878
14304,4289
13571,4334
13835,3837
13787,4231
13563,4162
13459,3806
13411,3584
13159,3974
13087,3633
13071,3665
12975,3895
12971,4067
12747,3578
12303,3697
12271,3800
12175,3468
12127,3560
11951,3553
11903,3073
11823,3104
11807,3497
11591,2989
11559,3004
11527,3394
11523,3119
11363,3045
11347,3378
11291,3135
11275,3007
10686,2738
10674,3311
10654,2850
10654,2683
10622,3234
10546,2712
10538,2642
10502,3051
10498,2673
10498,2726
10430,3056
10426,3091
10168,2568
10168,2465
10136,3046
9879,2340
9783,2337
9783,3115
9687,2581
9663,2406
9663,2846
9286,2749
9254,2227
9254,2267
9190,2732
9190,2325
9158,2256
9038,2736
9038,2293
9030,2223
9030,2573
8994,2162
8962,2148
8962,2180
8790,2483
8790,2059
8774,2074
8766,2512
8678,2016
8678,1997
8654,2479
8654,2010
8566,2058
8558,1917
8550,7490
19286,4596
18878,5476
18718,4822
18702,5361
18530,5350
18402,5280
17746,5297
17706,4909
17582,4853
17502,5508
17290,5065
17254,5115
17238,5521
17126,4948
17110,4993
16972,5340
16769,5004
16577,4967
15936,4810
15744,4302
15734,4417
15542,4665
15350,4570
15038,4218
15006,4430
14926,4363
14161,4271
14129,4139
13953,4136
13745,4168
13729,3837
13625,3768
13325,4116
13293,3892
13253,3842
13237,4043
13141,3944
13137,3560
12881,4043
12469,3630
12437,3506
12341,3637
12293,3644
12117,3078
12069,3285
11989,3113
11973,3274
11757,3178
11725,3128
11693,3097
11689,3218
11545,2975
11513,3057
11457,3090
11441,2832
11433,2827
10852,2835
10840,3405
10820,4406
10788,4476
10712,3055
10704,3106
10704,2893
10668,2612
10664,2900
10596,2721
10592,2908
10528,2825
10334,3400
10302,3402
10045,3869
10013,3594
9949,3131
9853,2526
9829,3227
9829,2875
9452,3050
9420,2427
9420,2963
9356,2435
9324,2512
9324,2405
9204,2167
9196,2131
9196,2404
9160,2114
9160,2139
9128,2129
8956,2016
8956,2477
8940,2153
8932,2174
20588,5514
20492,6185
20236,6006
20164,5845
19760,6651
19648,5862
19532,5777
19108,6118
18948,5580
18792,5424
18664,5648
18632,5632
17912,5441
17872,5113
17748,5038
17660,5200
17456,6636
17420,7994
17304,5634
17961,5004
17945,5534
17815,5100
17551,5654
16750,5054
16462,5815
16430,5206
15708,4723
15516,6483
15204,6397
15172,3987
15108,4867
14327,4905
14295,4593
14119,5032
13911,4807
13895,4258
13743,4787
13491,4563
13459,3959
13419,3867
13307,5060
13303,4911
13079,5758
13015,4783
12635,3876
12603,3578
12491,4059
12283,4181
12235,3719
12155,4247
12139,4172
11923,3386
11891,5587
11859,3415
11855,3262
11711,4192
11679,3350
11623,4296
11607,4815
11018,3717
11018,4501
11006,2891
10986,3420
10954,2718
10878,2706
10870,3269
10834,2888
10834,2875
10830,3342
10762,2865
10758,2844
10500,3180
10500,2708
10468,2750
10211,3056
10179,2578
10115,2571
10019,2957
9995,2565
9995,2523
9618,2377
9586,2890
9586,2320
9522,2381
9490,2763
9490,2255
9370,2105
9370,2687
9362,2228
9326,2247
9326,2641
9294,2206
22470,6835
22138,10611
21626,9115
21466,8270
21114,7889
20922,7023
20650,6495
20562,7674
20074,9036
19962,5950
19862,5731
19694,6040
19286,5585
19158,5754
18986,5801
18858,6186
18102,5461
18046,6201
17946,6093
18535,5402
18323,5668
18307,5945
18263,5885
18143,8037
18127,6729
17985,5042
17781,5202
17525,8043
16884,5929
16628,5349
16066,5160
15874,5080
15634,5879
15370,6115
15274,4463
15258,4008
14493,4243
14333,4193
14285,4152
14077,3772
13957,3692
13909,3680
13657,3690
13625,3827
13569,3627
13473,3510
13469,3741
13245,3687
13181,3837
12801,3806
12673,3947
12625,3881
12449,3691
12401,3409
12321,3442
12305,3113
12089,2992
12057,3183
12025,3284
12021,3210
11877,3230
11845,3417
11789,2931
11773,3134
11765,3444
11184,2980
11172,2839
11152,3041
11120,2788
11044,2859
11036,3067
11036,2830
11000,2893
10996,3090
10928,3071
10924,2897
10860,2822
10666,2978
10634,2718
10377,2774
10345,2671
10281,2568
10185,2578
10185,2606
10161,2520
9784,2308
9784,2291
9752,2343
9688,2426
9688,2345
9656,2420
9656,2271
24812,6799
24596,7889
24524,7370
24288,6952
24020,7515
23188,6936
22356,6762
22084,6326
21764,6005
21644,5962
21124,5758
20852,5762
20772,5837
20292,5956
20188,6262
20076,6130
19960,5967
19536,5957
19376,6053
19961,11961
19833,6779
18993,5590
18929,5547
18829,6399
18701,5979
18489,6208
18445,6016
18429,5617
18309,6141
18277,5895
18151,5523
17883,5742
17082,5439
16986,5326
16762,5635
16232,5289
15848,5001
15800,5163
15504,4876
15440,4941
14659,4529
14627,4418
14451,4379
14243,4477
14227,4133
14075,4079
13823,4289
13791,4078
13735,3878
13639,4256
13635,4050
13411,4011
12967,4090
12935,3942
12823,3843
12791,3941
12615,3705
12567,3473
12471,3484
12255,3370
12223,3321
12191,3355
12187,3297
12043,3305
12011,3295
11955,3193
11939,3238
11350,3116
11338,3009
11318,3012
11286,3053
11210,2979
11210,3007
11202,3046
11166,2937
11162,2962
11094,2910
11090,2925
10832,2852
10832,2856
10800,2763
10543,2711
10447,2617
10447,2452
10351,2646
10327,2623
9950,2416
9950,2502
9918,2422
9854,2338
9822,2388
9822,2349
24978,6681
24762,8680
24690,8672
24454,8675
24186,7903
23354,7669
22522,6783
22250,6598
21930,6865
21810,7248
21290,6875
21018,6809
20938,7041
20458,6626
20354,6559
20230,6507
20062,6287
19654,6072
20279,6594
20095,6659
19951,6624
19135,6096
19087,6013
18963,6212
18867,5938
18647,6020
18611,5874
18487,6065
18459,5834
18443,5978
18312,5838
17857,5649
17248,5277
16960,5090
16398,4955
16206,4963
15966,4909
15702,4902
15606,4654
15526,4527
14793,4348
14649,4364
14409,4200
14393,4466
14289,4336
13989,4106
13957,4194
13917,4284
13805,3881
13801,4343
13577,4173
13133,3609
13101,3955
13005,3856
12957,3751
12781,3730
12733,3812
12637,3567
12421,3529
12389,3534
12357,3505
12353,3534
12209,3549
12177,3848
12121,3414
12105,3729
11516,3712
11504,3745
11484,3340
11452,3542
11376,3338
11368,3234
11368,3319
11332,3332
11328,3236
11260,3389
11256,3148
10998,2790
10966,2983
10966,3059
10677,2686
10613,2584
10517,2888
10517,2721
10493,2540
10116,2578
10084,2593
10084,2432
10020,2628
9988,2502
9988,2504
9868,2634
24840,6947
24768,8856
24532,8177
23732,8218
23412,7460
22660,7433
22148,6701
21988,6295
21572,6204
21412,5959
21156,5813
21084,6222
20508,5909
20396,5688
20280,5887
19856,5556
19696,5785
19540,5545
20153,6059
19325,6184
19261,6351
19161,5429
19033,6370
18821,6325
18777,6208
18761,6640
18641,6217
18609,5798
18479,6146
18215,5770
17414,5264
17126,5375
17094,5104
16372,5266
16132,4942
15868,4824
15772,4931
15692,4942
14959,5018
14815,4288
14575,4246
14559,4809
14407,4042
14155,4446
14123,4654
14067,4344
13971,4584
13967,4642
13743,4165
13299,4521
13267,4308
13155,3669
13123,3928
12899,3919
12819,3914
12803,4085
12587,4227
12555,3564
12523,3899
12519,3884
12359,3468
12343,3985
12287,3941
12263,3307
11682,3459
11670,3376
11650,3102
11618,2972
11542,3296
11534,3000
11498,2932
11494,3297
11426,3402
11422,3442
11164,3348
11164,3266
11132,2948
10843,3181
10779,3228
10683,2865
10683,3096
10659,2683
10282,2592
10250,2445
10250,3075
10186,2652
10154,2535
10154,2782
10034,2620
10026,2686
10026,3249
9990,2709
23774,6674
23454,8611
22802,7383
22546,7359
22130,6793
21778,7244
21586,7634
21298,6974
21226,6651
20738,5747
20626,6317
20526,6506
20358,6031
19838,5893
19682,5746
19554,5936
18766,5694
18710,5512
19419,5915
19279,5618
19191,5505
18971,5469
18927,5428
18807,5357
18791,5385
18649,5699
18445,5133
18189,5125
17484,4836
17260,4794
16730,4452
16346,5010
16034,4574
16002,4400
15922,4513
15157,4234
15125,4176
14949,4169
14741,4101
14621,3925
14573,3822
14321,4067
14249,3840
14233,3818
14137,3871
13909,3720
13877,4042
13465,4214
13433,3667
13289,3710
13113,4077
13065,3489
12985,3852
12969,4021
12753,3585
12721,3647
12685,3774
12541,9323
12509,3944
12453,3279
12437,2977
11848,3574
11836,3312
11816,3067
11784,3366
11708,3236
11708,3158
11700,3375
11664,3078
11660,3079
11592,3335
11588,3222
11330,2881
11298,3309
11298,3099
11009,2812
10945,3337
10849,2817
10849,2938
10825,3283
10448,2703
10416,2560
10416,3158
10352,2628
10320,3045
10320,2874
10200,2650
10192,2705
10192,2714
10156,2639
10124,2896
10124,2668
22920,6282
22664,7744
22344,6978
21896,7173
21704,6302
21432,6626
21352,6598
20872,6211
20744,6223
20644,6179
20476,6540
20068,5932
19940,5951
19768,6098
19640,6146
18908,5571
18868,5757
18744,5389
19365,6141
19145,6007
19109,6406
18985,5978
18957,5921
18941,6191
18811,6080
18355,5770
17746,5664
17458,5299
17426,5247
16704,5132
16464,5140
16200,8859
16104,5327
16024,4608
15323,4638
15163,4708
15115,4554
14891,4424
14787,4502
14739,4442
14455,4389
14415,4184
14399,4223
14299,4208
14075,4216
14011,4423
13631,4205
13599,3670
13455,4322
13279,4170
13231,3784
13151,4005
13135,4097
12919,3534
12887,4089
12855,3756
12851,3522
12691,3891
12675,3527
12619,3377
12595,3961
12014,3406
12002,3227
11982,3749
11950,3640
11874,3154
11866,3819
11830,3176
11826,3150
11758,3350
11758,3475
11690,3092
11496,3485
11464,3543
11207,2928
11175,3209
11111,3167
11015,2958
10991,3214
10614,2838
10614,9335
10582,4243
10518,2787
10518,2192
10486,2887
10366,2676
10366,2617
10358,2740
10322,2686
10322,2559
10290,2683
10118,2501
22702,6273
22526,6575
22342,7960
21974,6689
21814,7148
21494,6568
21038,5922
20934,5982
20822,6465
20706,6333
20282,6362
20122,6685
19966,6484
19838,6055
19098,5497
19042,6116
18942,5748
19531,6546
19311,6297
19275,6238
19151,6415
19139,6278
19107,6208
18977,5652
18521,6134
17912,5817
17624,5615
17592,5824
16870,5259
16630,4842
16366,5145
16270,5197
16190,4542
15457,5040
15313,4456
15073,4307
15057,4680
14953,4506
14653,4792
14621,4712
14581,4483
14469,4214
14465,4593
14241,4497
14177,3908
13765,4128
13669,4146
13621,4205
13445,4403
13397,4620
13301,4348
13085,3724
13053,4171
13021,3696
13017,3910
12873,4183
12841,3491
12785,3790
12761,3708
12180,3560
12168,3566
12148,3561
12116,3058
12040,3234
12032,3298
11996,3022
11992,3222
11924,3392
11924,10027
11856,4764
11662,3508
11630,2756
11373,3183
11277,3472
11277,3120
11181,3268
11157,3234
10780,2861
10780,3044
10748,2959
10684,2607
10652,2935
10652,2966
10532,2607
10524,2813
10524,2888
10488,2444
10456,2515
10456,2704
10284,2387
10268,2446
10260,2673
22180,6048
21956,7070
21700,7146
21628,6633
21100,6479
20988,7025
20872,7510
20448,6191
20288,6662
20100,6649
19972,6143
19240,6381
19200,6328
19076,5935
18988,6335
18784,5618
18748,10989
19317,7184
19289,5979
19147,5623
18943,5451
18687,6571
17982,5083
17758,5504
17036,5287
16844,4877
16532,5035
16500,5089
16356,5733
15623,4529
15479,4670
15239,4910
15223,4647
15071,4536
14819,4345
14787,4483
14731,4177
14635,4319
14407,4259
14375,4176
13963,4048
13931,4151
13787,3957
13611,3906
13563,3968
13483,4299
13251,3741
13219,3863
13187,10887
13183,4501
13023,3517
13007,3598
12951,3671
12927,3811
12346,3634
12334,3290
12314,3594
12282,3712
12206,3278
12198,3529
12162,3629
12158,3341
12090,3271
12090,3419
12022,3068
11828,3015
11796,3451
11539,2876
11507,2928
11443,3250
11347,3073
11323,3102
10946,3217
10946,3007
10914,2873
10850,2910
10850,2955
10818,2874
10698,3194
10698,2897
10690,2826
10654,2913
10654,2958
10622,2962
10450,2760
10450,2635
10434,2692
10426,2818
10338,7628
10314,4338
10314,3006
10226,2376
21194,5876
21078,7792
20910,6418
20502,6040
20374,5867
20202,6031
20074,5689
19406,5505
19366,5722
19242,6406
19154,6314
18950,5735
18914,5894
18798,6398
18770,5634
18632,5767
18628,6324
18853,6290
18212,5666
17956,6378
17394,5285
17010,5018
16962,5922
16666,4803
16602,5399
15821,5066
15789,4950
15613,4959
15405,5206
15389,5000
15237,4759
14985,5074
14913,4664
14897,4347
14801,4994
14573,4837
14541,4446
14129,9203
14097,4542
13985,3992
13777,4423
13729,4175
13649,4002
13633,4178
13417,4131
13385,4018
13349,4001
13205,4138
13173,4202
13117,9123
13101,4438
12512,3616
12500,3143
12480,3282
12448,3510
12372,3387
12364,8833
12328,4194
12328,3336
12324,3028
12256,3787
12188,3275
11994,3869
11962,3593
11705,3221
11673,2927
11609,3149
11513,2847
11489,2827
11112,3010
11112,2701
11080,2828
11016,3010
10984,2538
10984,9211
10864,4074
10856,2936
10856,2624
10820,2852
10788,2761
10788,2543
10616,2405
10600,2715
10592,2444
10504,2561
10480,2686
10480,2290
10392,2301
10384,2646
10376,2316
10376,7815
10344,4245
20284,5204
20156,6659
19596,6070
19540,5729
19440,6595
19328,5709
19116,6276
19080,6321
19064,6802
18952,5509
18924,5470
18794,5285
18403,5213
17794,5198
17570,5125
17008,4846
16880,5021
17128,5618
16832,4995
16768,5318
15987,5085
15955,5099
15779,5105
15571,4485
15451,4769
15403,4754
15119,4433
15079,4558
15063,4773
14963,4237
14739,4104
14675,4573
14263,4414
14151,4009
14119,4294
13943,4303
13815,4150
13799,3988
13583,4171
13551,4032
13519,9777
13515,4536
13355,3511
13339,3433
13267,4039
13259,3812
12678,3778
12666,3934
12646,3687
12614,3481
12538,3765
12530,3748
12494,3611
12490,3412
12422,3323
12418,3341
12354,3338
12160,3222
12128,3218
11871,3151
11775,3070
11775,3186
11679,3048
11655,3075
11278,2908
11278,2912
11246,2908
11182,2854
11182,2844
11150,2834
11030,2785
11030,2779
11022,2745
10986,2767
10986,8660
10954,4604
10782,2956
10782,2552
10766,3003
10758,2701
10670,2737
10670,2885
10646,2769
10558,2629
10550,2790
10542,2696
10542,2747
10510,2739
10510,2658
10494,2770
10494,2748
10162,2615
19678,5071
19578,5976
19466,5893
19254,5339
19218,5971
19202,5849
19090,5722
19062,6149
18932,6182
18733,5987
17932,5506
17708,5637
17676,5311
17018,5425
16826,5126
16546,4749
16970,5627
16890,5411
16125,4961
15965,5058
15917,4862
15693,4892
15589,4884
15541,4516
15257,4862
15217,4784
15201,4718
15101,4714
14877,4458
14813,4618
14433,4443
14401,4185
14257,4321
14081,4310
14033,4338
13953,4209
13937,4162
13721,4395
13689,3794
13657,4016
13653,4265
13477,3693
13421,3763
13405,4078
12816,3523
12804,3651
12804,3840
12784,3516
12752,3557
12676,10776
12668,5037
12632,3778
12628,3420
12560,3667
12556,3734
12492,3838
12298,3340
12266,3595
12009,3712
11913,3420
11913,3555
11817,3537
11793,3324
11416,3219
11416,3062
11384,3050
11320,3123
11288,3010
11288,3091
11168,3133
11160,3173
11160,3019
11124,3005
11092,3038
11092,3186
10920,4135
10920,4112
10896,3346
10808,2814
10808,2974
10784,2784
10784,2655
10696,2999
10688,2711
10680,2621
10648,3062
10648,2688
10632,2764
10632,2866
10300,2537
10300,2403
10296,2684
19520,5354
19376,6027
19368,6269
19324,5984
19212,6419
19184,5529
19068,6032
18865,6060
18064,5412
18032,5645
17808,4918
17150,4552
16958,4799
16678,5003
16646,5024
16566,5363
16257,4350
16097,4846
16049,5169
15841,4147
15721,4577
15673,5220
15389,4218
15349,4034
15333,4767
15237,5073
15009,3945
14977,4377
14565,4419
14533,4097
14421,4176
14213,4369
14165,4631
14085,4061
14069,4089
13853,4443
13821,4179
13789,4178
13785,4012
13625,3941
13609,4419
13553,3996
13529,4184
12948,3805
12936,4048
12916,3955
12884,3693
12808,3951
12800,4016
12764,3694
12760,3832
12692,4008
12692,3543
12624,4132
12430,3492
12398,3405
12141,10210
12045,4047
12045,3210
11949,2851
11925,3465
11548,3249
11548,3128
11516,3289
11452,3452
11452,3049
11420,3457
11300,3323
11300,3044
11292,3347
11256,3298
11256,2931
11224,3315
11052,3155
11052,3130
11036,9621
11028,4244
10940,2972
10916,2486
10916,3043
10828,3070
10820,2786
10812,3012
10812,3026
10780,2978
10780,3004
10764,2752
10764,2754
10432,2807
10432,2549
10428,2680
10428,3026
19488,5310
19452,6878
19336,6115
19308,5937
19296,5930
19196,5696
18805,5243
18196,5122
17972,4968
17410,5119
17282,5213
17042,5307
16810,4981
16714,4886
16698,5066
15965,4667
16213,9036
16181,5055
15957,4953
15853,9256
15553,5127
15521,4459
15481,4186
15465,4476
15365,5548
15141,4290
15077,4882
14697,4864
14569,4217
14521,9255
14345,4632
14297,3884
14217,7868
14201,4797
13985,3991
13953,8927
13917,5185
13773,3560
13741,3714
13685,4361
13669,4236
13080,5439
13068,4332
13068,13163
13048,5646
13016,4260
12940,3523
12932,4142
12896,3601
12892,4145
12824,4232
12820,3772
12756,3503
12562,3957
12530,3608
12273,3733
12177,3997
12177,3993
12081,3468
12057,4001
11680,10894
11680,4384
11648,3725
11584,3362
11584,3302
11552,3231
11432,3131
11432,10454
11424,3849
11388,3483
11388,3120
11356,5436
11184,3505
11184,3597
11168,2961
11160,7549
11072,4186
11072,3285
11048,2836
10960,3720
10952,3732
10944,2705
10944,4405
10912,3052
10912,2721
10896,2501
10896,3156
10564,3070
10564,2550
10560,2481
10560,3007
10532,2475
19584,5677
19568,6889
19456,6433
19428,6604
19328,5992
19129,5677
18328,5400
18104,5354
18072,5346
17414,5501
17222,5980
16942,5979
16846,5171
16830,5624
16129,5662
16361,5226
16313,5577
16089,5473
15985,5044
15685,5616
15653,4981
15613,5295
15501,5373
15497,5694
15273,5252
15209,5231
14797,9615
14701,5455
14653,4778
14477,4138
14429,4277
14333,4662
14117,4611
14085,4213
14053,4611
14049,4674
13889,4057
13873,4492
13817,4613
13793,4055
13212,4276
13200,4050
13180,3699
13148,4238
13072,4311
13064,3720
13028,4085
13024,4376
12956,3662
12956,4138
12888,4178
12694,3582
12662,3458
12405,3938
12309,3246
12309,10624
12213,4874
12189,3465
11812,2874
11812,3034
11780,3530
11716,7650
11716,4466
11684,6873
11564,3651
11564,3061
11556,3477
11520,3420
11520,3100
11488,3004
11316,3742
11316,3229
11300,3276
11292,3335
11204,2715
11180,2789
11180,2644
11092,3124
11084,2681
11076,2900
11076,3127
11044,2615
11044,2792
11028,3255
11028,3064
10696,2630
10696,2608
10692,2986
10692,2464
10664,2604
10664,2932
10664,2477
19572,6569
19544,6846
19458,6923
19255,6594
18454,5262
18422,5860
18198,6458
17540,5058
17348,5950
17068,5582
17036,5167
16956,5118
16255,4921
16095,5029
16063,4595
16231,10635
16111,5808
16063,5420
15811,4442
15739,5044
15723,5071
15627,4953
15623,5351
15367,5039
14955,4656
14923,5017
14811,4860
14779,9625
14555,5191
14475,4659
14459,4281
14243,4155
14211,4697
14179,4480
14175,3889
14015,4753
13999,4474
13943,3730
13919,3987
13338,4456
13326,4193
13306,3603
13274,11965
13198,5172
13190,4248
13154,3486
13154,3981
13150,3959
13082,3691
13078,4171
12820,8913
12788,4766
12788,3531
12499,3889
12435,3078
12339,3402
12339,3873
12315,10665
11938,3916
11906,3849
11906,3441
11842,2869
11810,3159
11810,9836
11690,4503
11682,3326
11682,2820
11646,3395
11614,3426
11614,9566
11442,3956
11442,2984
11418,2739
11330,3154
11330,3487
11306,2911
11306,2984
11218,3524
11210,2836
11202,2998
11202,2953
11170,3080
11170,2808
11154,2731
11154,3127
10822,2458
10822,2615
10818,3149
10818,2998
10790,2647
10790,2650
10782,2948
19666,5149
19584,6725
19580,6209
19189,5739
18580,6298
18356,5932
17794,5999
17666,5188
17426,5910
17194,5694
17098,5508
17082,5905
16349,5376
16221,5242
15981,4713
16341,5739
16237,5460
15937,4735
15905,9615
15865,5347
15753,4504
15749,4866
15525,5062
15461,5247
15081,4254
14953,5190
14905,5095
14729,4552
14681,4631
14601,4997
14585,4752
14369,4452
14305,4981
14301,4839
14157,4026
14125,4982
14069,4557
14053,3851
13464,4159
13452,4454
13432,4323
13432,3957
13400,4389
13324,4492
13316,3798
13280,3820
13276,4393
13208,3851
13204,3747
13140,4309
12946,4254
12914,3663
12657,3433
12561,4127
12561,3489
12465,3511
12441,3848
12064,3717
12064,3207
12032,10056
11968,4379
11968,3203
11936,2842
11816,3705
11816,3453
11808,3028
11772,2957
11772,3469
11740,2929
11568,2945
11568,3361
11552,3301
11544,2981
11456,2782
11432,10373
11432,4013
11344,3548
11336,2370
11328,3271
11328,2809
11296,9245
11296,4113
11280,2708
11280,6794
10948,3959
10948,5083
10944,3270
10944,2657
10916,3059
10916,2557
10908,2588
10908,2936
19748,5753
19702,6560
19311,6010
18702,5511
18478,5369
17916,5751
17788,5712
17548,5705
17316,5439
17220,5547
17204,5503
16471,5114
16343,10264
16103,5716
16087,4904
16359,4628
16059,5109
16027,5061
15987,4850
15875,5346
15871,5132
15647,4773
15583,5055
15171,4993
15075,4347
15027,4505
14851,4850
14803,4533
14723,4383
14491,4733
14459,4333
14427,4037
14423,3874
14279,4539
14247,4363
14191,4144
14175,10042
13586,4791
13574,3988
13554,3608
13522,4005
13446,3575
13438,9692
13402,4633
13402,3939
13398,3483
13330,3606
13326,3896
13068,3540
13036,3489
13036,3765
12747,3825
12683,3299
12587,3447
12563,3642
12563,3591
12186,3454
12154,3632
12090,3558
12090,3317
12058,3277
11938,3538
11938,3126
11930,3198
11894,9511
11894,4445
11862,3608
11862,2935
11690,3168
11674,3124
11666,3158
11578,3670
11578,9231
11554,4258
11554,3552
11466,2884
11450,2910
11450,2839
11418,8768
11418,4101
11402,2935
11402,2595
11070,5792
11070,3471
11070,6096
11066,3779
11066,3049
11038,7430
11038,3826
11030,3060
11030,2661
10996,2683
19810,5912
19423,6724
18782,6432
18590,5645
18028,5456
17900,5094
17660,5617
17428,4622
17332,4825
17316,5580
16591,5104
16463,4563
16223,5137
16207,5158
16479,5201
16179,4876
16147,5187
16107,5141
15995,4480
15991,4934
15767,9669
15703,5629
15323,4429
15195,4733
15147,8613
14971,5255
14923,4249
14843,4606
14827,4509
14611,4226
14579,4576
14547,4553
14543,4318
14383,4208
14367,4450
14311,4276
14287,9617
13706,4722
13694,4009
13674,4012
13642,3791
13566,8223
13558,4638
13522,3655
13518,3772
13518,4139
13450,4171
13382,3811
13188,4143
13156,4009
13156,3627
12867,3501
12803,3887
12707,3839
12707,3592
12683,3482
12306,3675
12274,3162
12274,3403
12210,3746
12178,3602
12178,3266
12058,3120
12050,3450
12050,3000
12014,9903
12014,4648
11982,3270
11810,2778
11810,2896
11794,3492
11786,3074
11698,2880
11674,3058
11674,3396
11586,3065
11578,3098
11570,8990
11570,4358
11538,3594
11538,6261
11522,3935
11522,2858
11190,2753
11190,2793
11186,3166
11186,8717
11186,4014
11158,3279
11158,2802
11150,2619
11150,2817
19948,5226
19745,6649
19553,5812
18912,5669
18720,5456
18158,5371
17838,5265
17790,5389
17526,5160
17462,5184
16745,4958
16713,4958
16585,4962
16345,4773
16705,5340
16553,4978
16301,4866
16269,4891
16229,5060
16117,4931
16113,4788
15889,4911
15825,4768
15413,4566
15317,4477
15269,4491
15093,4429
15045,4420
14965,4269
14949,4295
14701,4283
14669,4197
14665,3997
14521,4182
14489,4163
14433,4018
14417,4057
13828,3902
13816,3855
13796,3810
13796,3789
13764,3845
13688,3673
13680,3870
13644,3771
13640,3688
13572,3715
13568,3964
13504,3850
13310,3695
13278,3969
13021,3898
12925,3573
12925,4015
12829,10329
12805,4258
12428,3855
12428,3266
12396,3129
12332,3252
12332,9870
12300,4515
12180,3160
12180,7000
12172,4125
12136,3349
12136,3206
12104,7550
12104,4094
11932,2954
11916,2794
11908,3403
11820,7613
11820,4164
11796,2775
11796,3073
11708,2961
11692,3048
11692,9257
11660,4187
11660,3064
11644,3077
11644,3181
11312,2892
11312,2917
11312,3238
11308,2949
11308,2899
11280,8636
11280,3824
11272,3493
11272,3035
20070,5901
19867,6415
19675,6572
19034,5533
18842,5488
18280,4934
17960,4709
17912,5220
17648,5066
17584,5615
16867,10067
16835,5694
16675,5264
16467,5053
16723,5206
16675,5118
16423,5411
16351,5405
16335,4825
16239,4995
16011,5188
15979,5036
15567,4782
15535,4642
15391,4905
15215,4798
15167,4508
15087,4783
15071,4656
14855,4300
14791,4217
14787,8864
14643,5223
14611,4197
14555,4666
14539,4511
13950,4241
13938,4050
13918,4405
13886,3796
13810,3950
13802,4349
13766,4316
13762,3981
13694,4394
13694,4206
13626,3922
13432,3661
13400,4105
13143,4037
13047,3862
12951,3575
12951,3903
12927,3366
12550,3406
12518,3846
12518,3862
12454,3356
12422,3304
12302,3550
12302,3210
12294,3329
12258,3685
12258,3713
12226,3313
12054,3533
12054,3531
12030,3243
11942,3251
11942,3539
11918,3314
11918,3088
11822,3084
11814,3417
11814,3171
11782,2956
11782,3293
11766,2827
11766,2926
11434,8732
11434,4245
11430,3170
11430,6161
11402,3808
11402,3121
11394,2939
11394,3373
11360,8450
11359,4082
11326,3166
11326,5195
11326,3373
18168,4714
17928,5857
17696,5451
17600,5121
17584,5041
16975,4485
16815,4660
16783,5455
16559,5327
16463,9867
16415,5376
16139,5182
16099,5126
16443,5621
16343,5306
16119,5191
16055,5175
15675,5143
15643,4833
15499,4884
15323,4527
15275,8835
15195,5377
15179,4348
14963,4696
14931,4697
14899,4394
14895,4343
14735,4749
14719,4558
14663,4335
14639,4695
14064,4467
14052,3947
14032,3995
14000,4398
13924,4325
13916,4122
13880,4143
13876,4393
13808,3888
13808,3994
13740,4271
13546,4116
13514,3784
13257,3821
13225,3893
13161,3766
13065,3423
13041,4024
13041,3504
12664,3401
12632,3795
12632,3778
12568,3510
12536,3855
12536,3782
12416,3380
12408,10985
12408,4601
12372,3830
12340,3077
12340,3676
12168,3180
12168,3213
12144,3553
12056,3083
12056,3130
12032,3639
12032,3569
11944,3122
11936,3569
11928,3245
11928,2967
11896,2990
11896,3177
11880,2969
11880,3029
11548,3228
11548,2975
11544,2893
11544,3395
11516,3439
11516,3067
11516,3204
11508,3247
11508,2999
11474,2967
11473,3326
11440,3361
11440,2861
11440,2845
18410,4718
18090,5513
18042,5426
17778,5643
17714,5210
17089,5067
17057,5022
16897,4906
16689,4984
16673,5040
16529,4882
16277,4816
16253,4709
16573,4874
16461,5114
16457,4971
16233,4837
16169,5001
15789,4802
15661,4531
15613,5022
15437,4553
15389,4356
15309,4884
15293,4529
15077,4561
15045,4796
15013,4442
15009,4266
14849,4680
14833,4516
14777,4744
14753,4833
14178,4403
14166,4728
14146,4772
14114,4224
14038,4559
14038,4464
14030,4100
13994,4457
13990,4714
13922,4086
13918,8182
13854,4223
13660,3849
13628,4356
13371,4337
13275,3704
13275,4256
13179,4105
13155,3673
13155,4089
12778,3912
12746,3514
12682,3828
12682,3717
12650,3513
12650,3889
12530,3596
12522,3221
12522,3984
12486,3623
12454,3358
12454,4047
12282,3403
12282,3262
12266,3634
12258,3138
12170,3070
12146,3559
12146,3267
12058,3647
12050,3797
12042,3109
12042,3611
12010,3532
12010,3029
11994,3601
11994,3200
11662,3049
11662,3356
11658,3133
11658,2966
11658,3262
11630,3111
11630,2959
11622,8016
11622,4045
11588,3553
11588,3169
11587,3094
19182,5420
18990,6494
18958,5287
18444,5495
18252,5424
17972,5670
17940,5706
17860,5780
17203,5666
17043,5499
17011,5432
16803,5880
16691,4918
17011,6096
16759,5919
16687,5295
16671,11643
16575,5838
16571,5787
16347,5437
15903,4565
15871,4577
15775,5063
15727,4598
15551,4573
15503,4940
15423,4326
15407,4284
15159,4611
15127,4253
15123,4546
14979,4565
14947,4219
14891,4356
14891,4533
14867,8604
14292,4829
14280,4123
14260,5962
14228,4452
14152,4163
14144,3920
14108,4275
14108,4157
14104,3919
14036,4214
14032,4270
13774,3726
13774,4037
13742,4152
13453,3512
13389,3869
13389,3948
13293,3521
13269,3962
12892,3363
12892,3414
12860,3610
12796,3375
12796,3286
12764,3759
12644,3559
12644,3343
12636,3492
12636,3558
12600,3333
12568,3701
12568,3849
12396,3313
12396,3569
12380,3625
12372,3126
12284,3116
12260,3636
12260,3084
12172,3114
12164,3693
12156,3327
12156,3218
12124,3398
12124,3170
12108,3086
12108,11475
11776,4082
11776,2913
11776,2979
11772,3082
11772,3182
11744,3426
11744,3015
11736,2800
11736,3068
20576,6356
20530,6922
20139,6322
19530,5906
19306,5334
19274,5470
18616,5174
18424,5402
18144,5472
18112,5916
18032,5576
17331,5534
17171,5047
17515,5594
17291,5723
17187,5354
17139,5610
16855,5475
16815,5092
16799,5484
16703,5593
16475,4985
16443,5320
16031,5108
15999,4713
15887,5031
15679,5005
15631,4808
15551,4660
15535,4998
15319,4757
15287,4487
15255,5166
15251,4962
15091,4533
15075,4912
15019,4748
14995,10047
14414,5021
14402,4390
14382,4225
14350,4351
14274,4232
14266,4314
14266,4184
14230,3806
14226,4433
14158,4196
14154,3765
13896,4320
13896,4155
13864,3715
13575,3645
13511,4031
13415,3708
13415,3774
13391,4131
13014,3837
13014,3701
12982,10587
12918,4589
12918,3538
12886,3122
12766,3680
12766,3651
12758,3597
12722,3594
12722,11162
12690,4344
12690,3696
12518,3327
12502,3645
12494,3347
12406,3438
12406,3668
12382,3582
12382,3371
12294,3724
12286,3499
12278,3195
12278,2939
12246,3173
12246,3140
12230,3108
12230,3371
11898,3077
11898,2844
11894,2837
11894,3227
11866,3057
11866,2962
11858,2963
20746,6098
20730,6902
20656,6912
20457,6493
19656,6314
19624,6348
19400,6247
18870,6270
18550,5839
18502,5586
18238,6070
18174,5808
17849,5356
17817,6180
17673,5686
17433,5262
17417,5455
17313,5508
17013,5109
16981,5534
16941,5394
16925,5012
16829,5812
16601,5097
16569,5425
16157,5131
16125,4853
16013,4909
15981,5167
15805,4604
15677,4765
15661,9288
15445,5172
15413,4299
15381,4617
15377,4852
15233,4392
15201,4231
15145,4604
15129,4403
15121,4467
14540,4697
14528,4089
14508,4541
14476,4339
14400,4003
14392,4407
14356,4429
14356,4058
14352,4471
14284,4312
14280,3864
14022,4036
14022,4039
13990,3948
13733,4074
13637,10591
13637,4572
13541,4024
13517,4022
13517,3799
13140,3520
13108,3854
13108,3414
13044,3759
13012,3805
13012,3568
12892,3687
12884,3968
12884,3684
12848,3827
12848,8388
12816,4122
12644,3574
12644,3250
12628,3395
12620,3978
12532,3538
12532,10492
12508,4271
12508,3451
12420,3114
12412,3450
12404,3305
12404,3218
12372,3444
12372,3272
12356,3190
12356,3649
12024,3140
12024,3163
12020,3374
21244,5973
21100,7237
21064,6456
21048,6505
20936,6964
20908,6708
20792,6914
20589,6538
19788,6447
19756,6144
19532,6429
19002,6372
19170,6019
19122,6014
18826,5722
18762,5917
17981,5267
17949,5861
17773,5431
17565,5323
17549,5528
17397,5397
17145,4998
17113,5064
17073,4848
16961,4815
16957,5263
16733,5814
16669,5418
16289,5337
16161,5334
16113,5079
15937,5264
15889,4975
15809,5086
15793,4757
15577,5213
15545,4690
15513,4551
15509,5311
15349,4606
15333,4498
15277,4849
15253,4593
14672,4207
14660,4571
14640,4722
14608,4201
14532,4537
14532,4471
14524,4239
14488,4803
14484,4289
14416,4096
14412,4772
14348,4372
14154,3861
14122,4292
13865,4487
13833,3998
13769,4182
13673,4162
13649,3803
13649,9876
13272,4797
13240,3508
13240,3553
13176,4108
13144,3773
13144,10705
13024,4600
13016,3786
13016,3164
12980,3750
12980,3818
12948,3514
12776,3842
12776,3731
12760,3297
12752,3579
12664,3602
12664,3152
12640,3665
12640,3805
12552,3463
12544,3657
12536,3702
12536,9978
12504,4402
12504,3296
12488,3165
12488,3549
21756,6574
21700,7384
21600,6990
21568,6966
21480,6864
21268,7088
21240,6499
21124,6694
21096,6764
21084,6687
20954,6089
20755,6324
20570,6435
20474,6388
20250,6284
19720,6349
19336,5640
19288,5735
19024,6087
18928,6500
18848,6031
18147,6185
17987,5452
17939,5819
17731,5864
17715,5799
17563,5591
17311,5372
17279,5651
17239,5414
17223,5376
17123,5919
16899,5306
16867,5164
16455,5351
16423,5176
16327,4876
16279,4940
16103,4992
16055,4745
15975,4915
15959,5080
15743,4695
15711,4818
15679,4918
15675,4644
15531,4647
15515,4809
15499,4695
15443,4680
15419,9781
14838,5184
14826,4247
14806,4544
14806,4550
14774,4604
14698,4276
14690,4495
14690,4192
14654,4437
14650,9891
14582,5228
14582,4094
14514,4337
14320,4229
14320,4126
14288,4254
14031,3981
13999,3941
13935,4112
13839,3890
13839,3908
13815,4112
13815,4070
13438,3934
13406,3863
13406,3731
13342,3806
13342,3962
13310,3697
13310,3689
13190,3631
13190,3669
13182,3422
13182,3508
13146,3856
13146,3580
13114,3435
13114,3544
12942,3559
12942,3463
12926,3526
25078,7944
24782,8926
24622,8730
24366,8007
23862,7997
23758,7618
23646,8520
23530,8051
23106,7728
22946,8235
22790,7573
22662,7896
22647,7701
22583,8019
22483,7826
22355,7319
22143,7414
22127,7271
22083,7166
21963,7220
21931,7062
21805,7199
21537,6894
20736,6739
20640,6484
20416,6506
19886,6811
19502,6834
19190,6002
19158,6108
19094,7074
18313,6100
18281,5633
18105,5936
17897,5682
17777,5589
17729,5897
17477,5791
17405,5536
17389,10406
17293,6478
17289,5293
17033,5683
16621,5259
16589,5468
16477,5257
16445,5102
16269,5244
16141,5020
16125,4778
15909,4812
15877,5222
15845,5075
15841,4733
15697,9685
15665,5047
15609,4764
15593,4691
15004,4581
14992,4421
14972,4561
14940,4843
14864,4701
14856,4646
14856,4635
14820,4558
14816,4349
14748,4765
14744,4525
14486,4182
14486,4251
14454,4410
14165,4088
14101,3926
14005,4299
14005,4181
13981,10512
13604,7622
13604,4560
13572,3645
13508,3247
13476,4079
13476,3884
13356,3592
13348,4058
13348,3568
13312,3671
13312,4336
13280,3431
13108,3565
13108,4044
13092,4039
25180,7863
24940,10288
24540,8544
24460,9114
24028,7794
23924,7774
23812,8756
23696,8077
23272,8054
23112,7724
22956,7809
23569,7839
22813,8931
22749,7985
22649,8084
22521,7909
22309,8298
22265,8750
22249,7181
22129,7085
22097,7583
21971,8111
21703,7040
20902,6904
20806,7164
20582,7042
20052,6531
19668,6499
19356,6597
19324,6143
19244,6381
18479,6523
18447,6279
18271,5757
18063,5940
17943,5876
17895,5474
17643,5698
17611,5987
17555,5873
17459,5223
17455,5594
17199,5947
16787,5310
16755,5361
16643,5247
16611,5395
16435,4893
16387,5258
16291,5192
16075,4724
16043,4973
16011,4892
16007,4985
15863,4602
15831,4887
15775,4960
15759,4802
15170,8659
15158,5069
15138,4435
15106,4306
15030,4230
15030,4480
15022,4289
14986,4192
14982,4608
14914,4527
14910,4180
14846,4268
14652,4403
14620,4131
14363,4036
14267,4079
14267,4289
14171,3722
14147,3786
13770,4123
13770,4048
13738,3682
13674,3742
13674,4078
13642,3637
13522,3557
13522,3999
13514,3931
13478,3526
13478,3558
13446,3806
13446,3691
13274,3635
13258,3957
25434,7794
25114,8746
24954,8685
24698,8751
24626,8860
24178,7863
23978,7668
23862,7581
23438,7409
23278,7437
23122,7389
23735,8087
22979,7658
22915,8206
22815,8442
22767,8251
22679,7621
22459,7567
22415,7501
22295,8509
22279,7921
22137,7517
21933,7219
21677,7028
20972,6835
20748,6827
20218,6376
19834,6384
19786,6133
19490,6207
19426,6432
18645,6122
18613,6412
18437,6114
18229,5987
18109,5899
18061,5901
17809,5747
17737,5698
17721,5671
17625,5756
17621,5747
17365,5624
16953,5476
16921,5350
16809,5157
16777,5258
16553,5152
16473,4656
16457,5216
16241,5165
16209,4832
16177,4842
16173,5551
16013,4637
15997,4505
15941,5164
15917,4911
15336,4411
15324,4713
15304,5075
15272,4128
15196,4526
15188,4815
15152,4201
15148,4521
15080,4531
15080,4499
15012,4411
14818,4860
14786,4121
14529,4297
14433,4226
14433,4130
14337,4175
14313,4194
13936,3676
13936,3590
13904,3846
13840,3900
13840,3488
13808,3678
13688,3819
13688,3604
13680,3709
13644,3990
13644,3417
13612,3712
13440,3582
13440,3317
13424,3768
13416,3759
25008,7990
24736,9695
24656,8182
24332,8487
24220,8223
24120,8594
23952,9067
23544,7673
23416,7575
23244,7807
23116,7498
23121,8322
23073,8041
22949,7733
22845,8007
22625,7710
22597,8200
22473,8682
22445,7098
22303,7119
22298,7194
21843,7068
21202,6705
20946,7248
20384,6313
20000,6591
19952,6083
19656,5863
19592,5955
18811,5382
18779,5349
18603,5290
18395,6019
18379,5877
18227,5904
17975,11359
17903,6055
17887,5262
17791,5154
17787,5402
17531,5651
17119,5061
17087,9810
16975,5604
16767,4610
16719,4782
16639,5108
16623,4952
16407,9398
16375,5559
16343,4581
16339,4814
16179,4916
16163,4433
16107,4906
16083,4890
15502,4386
15490,4569
15470,4706
15438,4206
15362,4618
15354,4569
15318,4186
15314,4294
15246,4551
15242,4131
14984,8412
14984,4680
14952,4055
14695,3739
14599,4078
14503,3893
14503,3692
14479,4125
14102,3798
14070,3680
14070,3927
14006,3633
13974,3532
13974,3706
13854,3489
13846,3459
13846,3727
13810,3461
13778,3799
13778,3788
13606,3360
13590,3621
13582,3771
13494,3340
13494,3627
13470,9148
24462,8179
24358,8381
24246,8300
24130,8263
23706,7705
23530,7594
23358,7922
23230,7994
22562,7923
22522,8135
23147,8201
23019,8559
22799,8311
22763,7982
22639,7246
22611,7406
22595,7253
22464,7190
22009,7001
21400,6866
21112,6557
20550,6249
20358,6764
20118,6160
19854,6118
19758,6154
19678,5965
18945,5776
18801,5767
18561,6197
18545,6336
18393,5685
18141,5844
18109,5869
18053,6229
17957,5943
17953,5903
17729,6041
17285,5616
17253,5576
17141,5375
17109,5583
16933,5699
16805,5317
16789,5718
16573,5369
16541,5084
16509,5050
16505,5278
16345,5351
16329,4857
16273,4917
16249,4971
15668,4743
15656,4535
15636,4731
15604,4387
15528,4558
15520,4677
15484,4708
15480,4743
15412,4464
15412,4463
15344,4621
15150,4465
15118,4281
14861,4237
14765,4587
14765,4189
14669,3813
14645,4050
14268,4075
14268,3845
14236,4106
14172,3836
14140,3747
14140,4334
14020,3917
14012,4198
14012,4433
13976,3965
13944,4019
13944,4264
13772,4094
13772,3907
13748,4012
13660,3866
13660,3544
13636,3752
13636,3941
13548,3840
13540,3684
24268,7704
23860,8188
23700,8252
23544,7775
23416,7726
22752,7416
22696,7969
22596,7931
22484,7428
22272,7572
22957,8015
22913,7950
22793,8179
22761,7920
22631,7736
22367,8497
21566,7365
21278,6857
21246,7279
20524,6721
20332,6180
20020,6113
19924,6134
19844,6114
19111,5517
18967,5615
18935,6163
18711,6099
18607,6167
18307,6004
18275,5824
18235,6022
18123,5911
18119,5581
17895,6160
17831,5881
17419,5474
17323,5506
17275,5741
17099,5682
17051,4993
16971,5152
16739,5244
16707,4725
16675,10419
16671,5925
16527,4827
16495,4535
16439,4993
16415,5034
15834,4894
15822,4684
15802,4998
15770,4691
15694,4340
15686,5036
15650,4756
15646,4404
15646,4564
15578,4616
15510,4810
15316,4218
15284,4533
15027,4680
14995,4623
14931,4224
14835,4432
14811,4553
14811,4258
14434,3928
14402,4311
14338,3837
14338,9364
14306,4550
14186,4091
14186,3783
14178,3785
14142,4015
14142,4119
14110,3977
13938,3995
13938,4484
13922,3693
13914,3830
13826,3733
13802,3611
13802,3646
13714,3864
13706,3862
13698,3587
13698,3901
13666,3595
23682,7273
23574,8270
23446,7851
22894,7581
22854,7406
22730,7671
22642,7102
22430,7219
22386,7010
22286,7093
22943,7940
22801,7668
22597,7939
22341,7871
21636,7852
21412,7242
20882,6982
20498,7015
20186,6226
20154,5889
20074,6139
19309,5773
19149,5995
19101,5847
18893,5797
18773,5950
18725,5755
18441,6304
18401,6079
18385,5837
18285,6008
18061,6023
17997,12027
17617,5734
17489,4935
17441,5060
17265,4764
17217,5031
17137,5042
17121,5437
16873,4752
16841,4920
16837,5411
16693,4946
16661,10437
16605,5639
16589,4869
16000,4515
15988,5082
15968,4936
15936,4606
15860,4871
15852,4972
15816,4403
15812,4689
15812,5213
15744,4236
15676,4605
15482,4971
15450,4078
15193,4374
15097,4480
15097,4076
15001,4221
14977,4211
14600,4276
14600,4042
14568,4203
14504,4003
14472,4020
14472,4134
14352,4037
14344,3728
14344,4010
14308,4220
14276,3927
14276,3717
14104,3861
14088,3776
14080,3743
13992,3830
13992,3923
13968,3689
13880,3819
13872,4016
13864,3602
13864,3726
13832,3905
13832,3462
13816,6566
13816,4504
13484,3430
22964,7264
22864,8550
22776,7709
22564,7611
22520,7284
22408,7698
22380,7532
22254,7503
21863,7347
21254,7151
21582,7398
21020,7069
20828,6892
20588,7274
20292,6813
20228,6218
19447,6118
19287,5856
19239,5838
19015,6213
18911,6118
18611,6116
18579,6361
18539,5902
18427,5511
18423,5785
18167,11669
17755,5638
17723,4947
17611,4941
17403,5308
17355,5448
17275,5696
17259,5175
17043,5449
17011,5291
16979,5028
16831,5406
16799,5177
16743,4934
16727,5165
16138,4923
16126,5119
16106,5011
16074,4900
15998,4863
15990,4716
15954,4795
15950,4641
15950,4637
15882,4848
15814,4542
15620,4581
15588,4540
15331,4337
15235,4275
15235,4379
15139,4165
15115,4336
14738,4011
14706,4165
14706,4028
14642,3880
14610,4117
14490,4055
14490,3849
14482,4036
14446,4012
14446,3882
14414,9221
14242,4619
14242,3647
14226,3686
14130,7017
14130,4343
14106,3738
14106,7016
14018,4473
14002,3661
14002,6948
13970,4108
13970,3373
13954,3465
13954,3909
13622,3740
13622,8167
13618,4058
13618,3480
13590,3407
13590,3472
13590,3686
13582,3494
22454,7121
22384,8302
22181,7997
21380,6819
21348,7434
21124,6844
20466,6581
20274,6377
19994,6384
20418,6627
20338,6757
19573,7013
19541,7018
19365,6968
19157,6854
19037,6666
18989,6441
18737,6216
18705,6588
18649,6502
18553,5910
18549,6414
18325,12146
17881,6473
17849,5321
17737,5560
17705,5650
17529,5496
17481,5036
17385,5288
17169,5596
17137,5156
17105,10308
17101,5770
16957,4741
16925,5183
16869,4996
16853,5824
16264,5332
16252,4747
16232,5753
16200,5079
16200,5239
16124,4896
16116,5499
16080,5286
16076,5102
16008,5069
16004,5008
15940,5167
15746,4740
15714,4743
15457,5053
15361,9224
15361,4993
15265,4827
15241,4494
15241,4679
14864,4146
14832,4369
14768,4589
14768,4451
14736,4126
14616,3991
14616,4887
14608,4150
14572,4168
14572,4597
14540,4504
14540,4163
14368,10084
14352,5016
14344,3927
14256,3549
14256,3730
14232,4146
14232,3861
14144,8258
14136,4520
14128,8515
14128,5191
14096,3811
14096,4197
14080,3814
14080,7415
13748,4982
13748,7864
13744,4529
13744,3127
13716,3921
13716,3680
13708,3602
22596,7138
22580,7997
22506,7771
22307,7689
21506,7061
21282,6596
21250,8045
20592,6628
20352,6396
20576,6755
20480,6381
20400,6043
19667,6057
19523,6192
19283,6405
19267,6408
19163,6286
18863,6365
18831,6145
18775,6245
18679,6406
18675,5556
18451,6438
18007,6207
17975,5773
17863,5794
17831,5899
17607,5130
17527,5619
17511,5422
17295,5678
17263,5948
17231,5461
17227,5602
17067,5444
17051,5153
16979,5667
16390,5412
16378,4875
16358,5526
16358,5478
16326,5531
16250,5224
16242,5223
16206,5284
16202,5225
16134,4280
16130,5347
15872,4641
15840,4879
15840,4604
15551,4899
15487,4676
15391,4665
15367,4971
15367,4667
14990,4425
14958,4517
14894,4182
14894,4210
14862,4123
14742,4027
14734,4018
14734,3998
14698,4009
14666,3894
14666,3964
14494,4466
14478,4227
14470,4471
14382,4373
14382,3885
14358,4180
14270,4154
14262,4207
14254,4151
14254,4379
14222,4448
14222,4048
14206,3925
13874,4176
13874,4017
13870,3776
13870,4248
13870,4281
13842,3812
13842,4024
13834,3951
13834,3927
13800,3888
13799,4181
13766,4140
21042,6252
20784,6868
20656,6681
20416,6452
20152,6280
20088,7381
19415,6460
19383,6103
19223,6085
19391,7034
19271,6346
19223,6453
18939,5942
18899,6448
18883,6718
18783,7024
18559,6196
18495,6099
18083,6353
17987,5631
17939,5513
17763,5757
17635,5742
17619,5609
17403,5446
17371,5337
17339,5235
17191,5360
17159,5090
17103,5409
17087,5988
16504,4556
16492,5524
16472,5320
16440,5163
16364,5017
16356,5325
16320,5112
16316,4986
16248,4460
16244,4780
15986,4748
15954,4376
15697,4589
15665,4436
15601,4517
15505,4449
15481,4439
15104,4181
15072,4293
15072,4243
15008,4341
14976,3622
14856,3739
14848,3801
14848,4100
14812,4472
14780,3926
14780,4078
14608,4380
14592,4591
14496,4620
14496,4021
14472,4312
14384,4255
14376,4201
14368,4779
14368,4354
14336,3951
14320,4058
14320,4188
13988,3866
13988,3797
13984,4284
13984,4189
13956,3836
13948,3825
13948,4335
13914,3833
13913,3710
13880,8173
13880,4057
13782,3665
13782,3542
13766,3327
13734,3479
13734,3337
13541,3270
13541,3549
13517,3535
13517,3624
13509,3468
18601,5268
18561,6175
18545,5617
18457,5574
18453,5269
18229,5127
18197,5886
17817,5509
17785,5670
17993,5758
17961,5992
17785,5917
17737,6026
17657,5594
17641,4943
17425,5080
17393,4702
17361,5163
17357,5782
17213,5530
17181,5244
17181,5712
17125,5551
17101,5494
16618,5119
16606,5374
16586,5367
16586,5120
16554,5121
16478,5353
16470,5165
16434,4833
16434,10110
16430,5224
16362,4457
16362,4486
16294,4558
16100,10204
16068,5295
16068,4455
15811,4101
15715,4792
15715,8728
15619,4884
15595,4585
15595,8583
15218,4941
15218,3888
15186,4581
15122,4286
15122,4435
15090,4599
14970,4518
14962,4172
14962,4293
14926,4345
14894,4127
14894,8141
14722,4558
14706,4070
14698,8015
14610,4553
14610,3780
14586,4145
14498,4162
14490,4158
14482,3999
14482,4250
14450,4133
14434,9261
14434,4649
14102,3705
14102,3760
14098,6929
14098,4473
14070,3665
14070,6957
14062,4433
14062,3753
14062,6907
14028,4415
14027,3552
13994,6933
13994,4376
13994,3909
13896,6830
13896,4377
13880,3685
13848,6846
13848,4384
13848,3695
13655,3540
19531,6315
19403,6607
19371,6812
19163,6332
19051,6022
19003,6077
18751,6490
18727,6096
19047,6376
19031,5998
18935,6741
18707,6049
18675,5814
18263,5977
18231,5017
18135,5162
18087,5026
17911,5356
17863,5695
17783,5544
17767,5588
17551,5466
17519,5502
17519,5544
17487,5535
17483,5504
17323,5477
17307,5523
17251,5404
17235,5319
17227,5371
16732,5115
16720,5463
16700,4916
16668,5406
16668,4998
16592,5213
16584,5198
16548,5149
16548,4997
16544,5026
16476,4985
16476,5152
16408,5094
16214,5101
16182,5285
16182,4871
15893,4698
15829,4516
15733,4899
15733,4868
15709,4841
15332,4435
15300,4510
15300,4442
15236,4516
15204,4221
15204,4682
15084,4190
15076,4059
15076,3960
15040,4364
15008,4044
15008,4316
14836,4113
14820,3880
14812,3878
14724,4000
14724,3920
14700,3908
14612,4420
14604,5904
14596,4709
14596,4284
14564,3971
14564,4436
14548,4365
14548,3896
14216,3831
14216,3753
14212,3744
14212,3807
14212,3989
14184,4114
14184,3969
14176,4078
14176,4202
14176,3792
14142,9333
14141,4513
14108,3813
14108,3724
21352,6461
21126,7527
20806,7731
20758,6557
20526,6565
20430,6298
20414,6324
19725,5928
19989,6225
19941,6070
19733,6016
19613,6102
19565,6640
19313,6220
19281,6303
19225,6790
19129,6513
19125,6283
18901,6266
18837,13255
18457,6117
18425,5700
18313,5239
18281,5614
18105,5353
18057,5308
17977,5129
17961,5177
17745,5127
17713,6039
17681,5592
17677,5909
17517,5961
17501,5569
17445,11525
17429,6286
16846,5065
16834,5193
16834,5436
16814,5598
16782,5496
16706,5302
16698,5591
16662,5173
16662,5418
16658,5276
16590,4937
16586,5643
16328,5157
16328,4786
16296,5150
16039,5211
15943,4737
15943,9713
15847,5280
15823,4579
15823,5230
15446,6923
15414,6156
15414,4765
15350,4374
15318,5308
15318,6731
15198,4220
15198,4475
15190,4299
15154,5298
15154,4863
15122,4864
15122,4688
14950,5048
14950,5078
14926,6225
14838,5344
14838,3832
14814,4315
14814,4389
14726,4463
14718,4018
14710,4243
14710,4210
14678,4287
14678,5432
14662,4487
14662,4182
14330,4401
14330,4430
14330,3930
14326,3877
14326,4428
14298,4443
14298,3806
23218,7989
23206,8452
23178,8118
23088,8645
22889,8475
22088,11228
22056,8289
21832,8565
21854,9636
21470,9161
21422,8258
21126,8445
21062,7800
20281,7388
20249,7363
20105,7313
19865,9439
19849,11140
19745,6127
19445,5902
19413,5863
19373,5824
19357,5902
19257,6516
19033,8246
19001,6120
18589,5623
18557,6086
18445,5666
18413,6155
18237,5477
18189,5791
18093,6129
17877,6144
17845,6409
17813,6732
17809,6521
17665,7518
17649,5596
17633,5480
17577,6067
17553,5472
16972,5771
16960,5571
16940,11253
16908,5741
16832,4965
16824,4822
16824,5107
16788,5576
16784,5712
16716,5150
16712,5572
16648,5683
16454,4992
16422,5553
16165,5354
16133,5496
16069,4693
15973,5322
15973,5304
15949,4696
15572,4766
15572,8548
15540,5242
15476,4530
15476,4689
15444,4719
15324,4468
15324,4835
15316,4876
15316,4442
15280,4363
15248,4176
15248,4018
15076,4192
15076,4313
15060,4086
15052,4064
14964,4214
14940,3858
14940,7855
14852,4631
14844,3771
14836,3878
14836,4253
14804,3916
14804,4006
14788,4553
14788,4651
14456,4226
14456,4366
23936,7643
23836,8819
23748,7975
23536,8209
23508,7779
23392,7895
23364,7742
24033,8666
23907,8687
23451,8398
22842,7944
22554,8351
22522,7700
21800,7208
21608,7435
21296,6860
21264,6753
21184,6730
20419,6513
20387,6217
20211,6322
20003,6170
19987,6266
19835,6236
19583,6074
19551,6151
19511,6212
19399,6077
19395,6317
19171,6285
19107,6842
18727,6394
18599,6306
18551,6908
18375,6272
18327,6268
18247,6287
18231,6061
18015,6114
17983,6092
17951,5790
17947,6029
17787,5873
17771,5607
17715,6415
17691,12174
17110,5806
17098,4914
17078,5291
17046,5528
16970,5452
16962,5183
16962,11201
16926,5668
16922,5061
16854,4642
16850,4632
16592,5158
16592,5496
16560,5464
16303,11055
16207,5393
16207,4944
16111,4978
16087,5155
15710,4973
15710,10249
15678,5042
15614,4561
15614,5121
15582,4911
15462,4566
15462,4543
15454,9485
15418,5025
15418,4601
15386,4683
15214,4805
15214,4463
15198,4374
15190,4913
15102,4572
15078,4115
15078,4761
14990,4493
14982,4083
14974,4411
14974,9856
14942,4902
14942,4522
14926,4355
14926,4428
24118,8128
24102,9345
23978,8564
23890,9485
23678,9424
23634,9109
23534,9172
24191,10414
24049,10373
24044,9443
23589,9080
22948,9800
22692,8942
22130,8151
21938,8006
21698,8046
21434,7569
21338,7649
21258,7675
20525,7078
20381,7134
20141,6894
20125,7184
20021,7029
19721,7798
19689,7941
19649,6510
19537,7904
19533,6653
19309,7399
19245,6311
18833,6883
18737,5556
18689,7171
18513,6295
18465,6569
18385,6482
18369,6004
18121,6422
18089,6273
18085,6741
17941,5937
17909,6517
17853,6503
17837,5530
17248,6360
17236,6014
17216,5793
17184,11512
17184,6242
17108,5376
17100,5660
17064,4956
17060,5613
16992,6088
16988,5571
16730,5748
16730,5588
16698,5017
16409,5609
16345,11207
16249,5862
16249,5408
16225,5553
15848,4897
15816,4531
15816,5190
15752,5366
15720,4743
15720,10194
15600,5225
15592,4731
15556,4883
15556,9784
15524,5420
15352,4797
15352,4088
15336,4326
15328,4818
15240,9387
15216,5248
15216,4300
15128,3990
15120,4109
15112,9435
15112,5253
15080,4710
15064,4897
15064,4952
14732,4075
14732,9038
14728,4826
23952,7971
23808,9316
23772,8460
23656,8792
23628,8063
23616,8519
23496,8393
23721,8601
23080,8506
22824,8934
22262,7729
21878,7573
21830,7422
21534,7285
21470,7209
20689,6808
20529,6717
20481,7674
20273,7084
20153,7022
20105,7021
19821,7110
19781,6827
19669,6780
19665,6788
19441,6069
18997,5833
18965,5901
18853,5914
18821,5422
18597,5471
18517,5524
18501,6240
18285,5805
18253,5964
18221,12079
18073,6135
18041,5344
17985,5194
17969,5234
17380,5284
17368,5557
17348,5976
17316,5259
17240,5819
17232,5519
17196,5431
17192,5613
17124,5505
17124,4992
17056,5756
16862,5723
16830,5890
16573,11310
16477,5917
16477,5292
16381,5204
16357,5342
15980,5497
15948,4776
15948,9982
15884,5239
15852,4896
15852,4773
15732,5388
15724,4651
15724,5341
15688,5148
15656,4864
15656,4520
15484,5070
15468,5117
15460,9658
15372,4740
15372,4195
15348,4288
15260,8776
15252,4317
15244,4237
15244,4109
15212,5039
15212,9684
15196,5187
15196,4651
14864,4534
14864,8342
14860,5003
14860,4510
14832,4155
14832,4651
14832,4776
14824,4263
23696,8570
23626,8991
23423,8845
22622,8609
22590,8424
22366,8343
21708,7228
22004,7628
21692,7423
21660,7393
21580,8404
20815,7840
20783,7680
20607,7041
20399,7373
20279,7039
20231,7398
19979,7221
19907,7273
19891,7212
19795,6961
19791,6948
19535,6806
19123,6108
19091,5961
18979,6016
18947,5398
18771,5354
18643,5373
18627,6260
18411,6470
18379,6619
18347,6271
18343,7185
18199,5858
18167,6238
18111,6247
18095,6272
17506,5405
17494,5709
17474,6065
17442,5270
17366,5916
17358,5514
17358,5888
17322,5311
17318,5997
17250,5911
17246,5083
16988,5863
16988,5603
16956,5797
16667,4932
16603,10821
16507,5748
16507,4932
16483,5238
16106,5256
16106,5263
16074,4620
16010,5220
15978,5011
15978,4854
15858,5047
15850,5305
15850,4885
15814,4466
15814,4925
15782,5123
15610,4521
15610,4492
15594,4856
15586,5102
15498,4256
15474,9802
15474,5136
15386,4072
15378,4053
15370,4638
15370,4794
15338,4184
15338,4194
15322,4675
15322,4084
14990,4086
14990,4626
14986,4462
14986,4117
14958,4005
14958,4510
14950,4570
14950,4126
23790,7570
23744,8740
23353,7810
22744,7715
22520,7464
21958,7303
22318,8110
22078,7942
21814,7289
21718,7473
21638,7640
20905,7570
20761,7127
20521,7052
20505,7303
20401,7239
20101,7154
20069,7086
20029,7357
19917,6872
19913,7141
19689,6769
19625,6907
19213,13138
19117,7332
19069,5622
18893,5448
18845,5711
18765,5882
18533,5656
18501,6274
18469,6310
18465,6195
18321,6133
18289,6092
18233,12135
18217,6182
17628,5371
17616,5724
17596,5775
17564,5191
17488,5452
17480,5312
17444,5477
17444,10943
17440,6035
17372,5166
17304,5423
17110,5548
17078,5471
16821,5512
16789,10380
16725,5618
16629,5210
16605,5136
16605,5248
16228,4950
16196,5381
16132,4702
16132,4702
16100,4751
15980,4590
15980,4631
15972,4621
15936,4986
15936,4858
15904,4784
15732,4864
15732,4615
15716,4774
15708,4748
15620,4734
15596,4648
15596,4524
15508,4557
15500,4559
15492,4597
15492,11245
15460,5114
15460,4215
15444,9382
15444,4939
15112,3888
15112,9422
15108,4554
15108,3978
15080,4180
15080,8674
15072,4741
15072,8988
15038,4875
15037,4032
23081,7239
22728,8291
22504,7953
22022,7493
21702,7214
21654,7302
21846,7604
21782,7478
21045,7076
21013,7010
20869,6494
20629,6321
20613,6327
20461,6207
20209,6724
20177,6763
20137,6756
20025,6811
20021,6686
19797,6919
19733,7285
19321,6651
19225,6044
19177,6296
19001,5947
18953,6195
18873,6111
18857,5884
18609,6065
18577,5960
18573,5737
18429,6135
18397,5655
18341,5755
18325,6032
17742,5734
17730,5504
17710,5584
17710,5633
17678,5162
17602,5306
17594,5738
17558,5451
17554,5444
17486,5547
17482,5661
17418,5218
17224,10678
17192,5582
16935,4657
16839,5159
16839,5044
16743,5023
16719,4921
16342,9474
16342,5196
16310,4897
16246,4723
16246,4839
16214,4661
16094,4723
16094,4803
16086,4416
16050,4520
16050,4712
16018,5029
16018,4524
15846,4672
15830,4377
15822,4322
15734,4436
15734,4420
15710,8631
15710,4730
15622,4185
15606,4128
15606,4271
15574,4675
15574,8625
15558,4828
15558,4426
15226,4076
15226,3960
15226,4148
15222,4297
15222,5217
15194,4327
15194,4486
15186,4490
15186,5471
15152,4423
15151,4092
23195,7090
22842,9287
22650,8762
22136,7933
21816,7477
21768,7266
21960,7717
21896,7116
21159,6845
21127,6718
20983,6816
20743,6647
20727,6737
20623,7139
20323,6426
20291,6466
20251,6653
20139,6348
20135,13998
19911,6580
19847,6456
19467,6221
19339,6159
19291,5996
19115,6079
19067,5729
18987,5817
18971,12837
18755,6526
18723,5708
18691,5774
18687,5853
18527,5828
18511,5845
18455,11649
18431,6264
17856,5057
17844,5136
17824,5399
17792,5567
17716,10956
17708,5974
17672,4990
17672,5161
17668,5734
17600,5598
17596,5678
17338,5536
17338,5358
17306,5502
17017,5483
16953,5244
16857,10237
16857,5268
16833,4694
16456,4949
16456,5066
16424,4851
16360,5092
16360,4893
16328,4859
16208,5091
16208,4865
16200,4907
16164,9525
16164,4963
16132,4361
16132,4739
15960,4701
15944,4506
15936,4824
15848,4682
15848,4918
15824,4601
15824,4651
15736,4702
15728,4681
15720,4770
15720,4731
15688,4390
15688,4368
15672,4837
15672,4421
15340,4382
15340,4539
15336,3980
15336,4448
15308,4297
15308,4714
15300,4337
15300,4435
15300,4239
24080,7919
23885,8419
23084,8067
22860,7630
22828,7478
22170,7168
22466,7443
22154,7779
22122,7726
22042,7876
21285,7247
21125,7100
21077,6779
20853,6514
20749,6369
20701,6451
20417,6127
20377,6250
20361,6501
20261,6153
20037,6336
19973,6222
19593,6274
19561,6856
19417,6016
19241,6536
19193,6499
19113,6436
19097,6350
18881,6315
18849,6245
18817,6124
18813,6201
18637,6296
18581,5931
18565,6045
17976,5850
17976,5745
17964,5662
17944,5818
17912,5774
17836,5573
17828,5559
17792,5754
17788,11290
17720,6023
17716,5407
17652,5455
17458,5339
17426,5558
17169,5460
17073,5096
17073,5313
16977,10558
16953,5617
16576,5060
16576,4678
16544,4838
16480,4821
16448,4805
16448,9409
16328,5218
16320,4950
16320,4749
16284,4598
16252,4896
16252,4772
16080,4787
16080,9719
16064,5234
15968,4694
15968,4605
15944,4666
15944,4610
15856,9484
15848,5103
15840,4412
15840,9510
15808,4930
15808,4161
15792,9493
15792,5051
15460,4281
15460,4216
15456,8562
15456,4803
15428,4160
15428,4282
15420,4392
15420,4273
15386,4332
15385,4427
23429,7488
23076,8267
22852,8001
22370,7681
22050,7532
22490,8019
22194,8211
22114,8294
21393,7922
21233,7798
21185,7535
20977,7461
20857,7534
20809,7601
20525,7307
20485,7321
20469,7205
20369,6855
20145,6224
20081,6031
19669,5733
19573,5910
19525,5759
19349,6089
19301,6411
19205,6505
18989,6390
18957,12860
18925,6502
18921,5881
18761,5810
18745,5885
18689,6152
18665,6246
18090,5730
18078,5836
18058,6147
18026,5769
17950,5782
17942,5852
17906,5674
17902,5657
17834,5715
17830,5789
17572,5458
17540,11552
17540,5979
17251,5134
17187,4823
17091,4780
17067,5333
16690,4777
16690,9591
16658,5450
16594,4494
16562,4658
16562,8854
16442,5346
16434,4711
16434,4634
16398,4847
16366,4466
16366,4759
16194,4844
16178,9008
16170,4911
16082,4434
16082,4384
16058,4323
15970,4413
15962,4462
15954,4417
15954,4339
15922,4364
15922,4622
15906,4256
15906,4425
15574,4278
15574,4257
15570,4078
15570,4238
15542,4349
15542,4134
15534,4205
15534,4279
15500,4086
15499,4207
15466,10518
15466,4899
15368,4092
15368,3887
15352,4145
21756,6590
21692,6908
21115,6775
21083,6508
20923,6537
21091,6499
20971,6693
20923,6445
20639,6443
20599,6695
20583,6541
20483,6655
20259,6601
20195,6499
19783,6293
19687,6397
19639,6393
19463,6051
19335,6041
19319,6123
19103,5899
19071,5965
19039,5949
19035,6052
18859,12289
18803,6554
18787,5812
18204,5485
18192,5685
18172,5815
18140,5406
18064,11055
18056,6063
18020,5471
18016,5272
17948,5238
17944,5154
17880,5229
17686,5168
17654,5344
17365,4803
17301,5135
17205,5163
17181,10277
17181,5780
16804,4637
16772,4731
16708,4629
16708,4743
16676,9822
16556,5362
16548,4548
16548,4753
16512,4600
16480,4548
16480,4750
16308,8826
16308,5210
16284,4344
16196,4434
16196,4826
16172,4766
16172,4796
16076,4977
16068,4914
16068,8986
16036,4739
16036,4924
16020,4309
16020,5100
15688,9395
15688,5180
15684,4955
15684,4544
15656,4375
15656,4596
15648,9139
15648,5032
15614,4741
15613,4395
15580,8602
15580,5066
15580,4468
15482,4453
15466,4153
15434,8891
15434,4635
15434,4040
15241,3662
15241,4450
15217,4488
15217,4061
20525,6469
20337,6969
20273,6370
20257,6401
20169,6403
20293,6555
20261,6114
19849,6344
19817,6239
19673,6202
19497,6135
19449,6094
19369,6263
19353,6189
19105,6465
19073,6101
19069,6126
18925,12806
18893,7030
18837,5820
18813,6160
18318,5712
18306,6047
18286,6614
18254,5518
18178,5547
18170,5553
18134,5547
18130,5756
18062,5792
18058,5671
17800,5438
17768,5910
17768,5601
17479,5153
17415,5713
17319,5290
17295,4990
17295,5394
16918,5268
16886,5156
16822,4887
16822,5184
16790,5100
16670,4711
16662,9854
16662,5412
16626,4835
16594,5297
16594,5062
16422,4892
16406,13324
16398,5738
16310,4176
16310,4420
16286,5165
16198,15397
16190,6500
16182,4799
16182,4085
16150,4513
16150,4501
16134,4306
16134,4875
15802,4737
15802,4644
15798,4714
15798,4720
15770,4411
15770,4458
15762,4821
15762,9632
15762,5097
15728,4528
15727,4734
15694,4336
15694,4257
15694,4154
15596,4234
15580,4360
15548,4140
15548,4119
15548,4355
15355,4080
15355,4026
15355,4192
15331,4109
15323,4021
15323,3965
15291,4031
15291,4083
15291,3979
20231,5680
20227,6295
20003,6128
19623,5771
19911,6428
19815,5967
19767,6153
19591,6255
19543,6071
19463,6341
19447,6368
19231,6300
19199,6231
19167,13218
19163,6593
19003,5693
18987,5390
18931,6257
18907,5778
18432,5552
18420,5584
18400,6022
18368,6309
18292,6031
18292,5881
18284,5928
18248,5998
18244,5784
18176,5704
18172,5786
18108,5682
17914,5661
17882,7094
17625,5351
17593,5427
17529,5088
17433,5250
17433,5265
17409,5625
17032,5096
17032,5468
17000,5530
16936,5319
16936,4938
16904,5376
16784,5290
16784,5410
16776,10362
16776,5107
16740,4554
16708,5348
16708,4822
16536,4774
16536,5884
16520,5263
16512,5239
16424,4866
16424,5251
16400,5244
16400,5047
16312,4696
16304,4633
16296,5055
16296,4968
16264,4814
16264,6154
16248,4554
16248,9891
15916,5314
15916,4333
15916,4731
15912,4700
15912,5208
15884,6330
15884,5007
15884,4367
15876,4334
15876,4724
15842,4744
15841,4656
15841,4263
15808,4480
15808,4789
15808,4837
15710,4332
15694,4453
15662,4710
15662,4887
15662,4746
15662,4488
15469,4276
15469,4802
21121,6589
20977,7489
20865,7553
20817,7110
20933,7367
20901,7380
20861,7094
20845,7402
20749,7332
20521,6885
20489,7211
20077,7305
20045,6399
19949,6700
19901,7071
19725,6853
19677,6378
19597,6665
19581,6908
19365,6646
19333,6417
19301,6590
19301,6590
19297,6347
19137,6396
19121,6395
19065,6362
19049,5924
18546,6048
18534,6221
18534,5701
18514,6096
18482,6128
18406,6033
18406,5603
18398,6072
18362,5988
18358,6167
18358,5953
18290,6608
18286,5905
18028,5551
18028,5921
17996,5736
17739,5547
17707,5235
17643,11454
17547,5837
17547,5098
17523,5539
17523,5813
17146,5437
17114,4984
17114,5247
17050,5439
17050,11085
17018,5244
17018,4452
16898,5014
16898,5337
16890,4843
16854,10692
16854,5512
16822,4787
16822,5080
16650,5043
16650,5172
16634,10550
16626,5457
16538,4452
16538,4885
16514,9811
16514,4921
16426,4400
16418,4925
16410,4526
16410,4905
16378,4908
16378,5036
16378,4524
16362,5010
16362,4919
16030,4941
16030,4492
16026,4734
16026,4880
15998,9423
15998,5007
15990,4703
15990,4797
15990,4954
15956,4704
24575,8546
23774,9171
23550,8447
23518,9033
23348,8325
23156,8474
22844,8564
22812,8388
22748,8139
21975,7595
21943,8112
21767,7385
21559,7317
21543,7231
21391,7078
21139,7261
21107,7175
21067,7317
20955,7146
20951,7371
20727,7154
20663,7127
20283,7028
20155,6948
20107,6675
19931,6348
19883,5999
19803,6306
19787,6351
19571,6074
19539,5691
19507,6164
19503,6192
19343,5913
19327,6223
19271,6022
19255,5879
18666,5768
18654,5809
18634,6017
18602,6250
18602,6023
18526,6149
18518,6107
18482,6190
18478,6292
18410,6009
18410,6343
18342,6148
18148,5835
18116,5517
17859,5973
17827,5745
17763,5446
17667,5867
17643,5689
17643,5370
17266,5593
17234,5354
17234,5050
17170,5380
17138,10488
17138,5601
17018,4610
17018,4792
17010,4834
16974,5347
16974,10201
16942,5439
16942,4681
16770,4560
16754,5080
16746,5317
16658,5140
16658,5561
16634,5632
16634,5121
16546,5503
16538,5607
16530,5072
16530,5512
16498,5567
16498,10477
16482,5700
16482,5318
16150,4726
16150,5064
16146,5066
16146,4589
16146,5132
16118,5004
16118,9972
25038,8440
25010,9212
24998,9389
24908,8846
25133,9471
24524,9116
24236,8551
24204,8661
23482,8108
23290,8292
22978,8356
22946,8317
22866,8169
22101,7923
22069,7658
21893,7723
21685,7808
21565,7126
21517,7086
21265,6770
21233,6889
21177,6884
21081,6747
21077,6781
20853,6605
20789,6658
20377,6416
20281,6491
20233,6536
20057,6648
20009,6465
19929,6469
19913,6476
19697,6472
19665,6439
19633,6331
19629,6176
19469,6312
19453,6179
19397,6100
19373,6328
18792,6022
18780,6112
18760,6493
18728,6447
18652,12757
18644,6650
18644,6149
18608,5237
18604,5535
18536,5255
18532,5766
18468,5561
18274,5682
18242,11624
17985,5913
17889,5068
17889,5264
17793,5162
17769,5515
17769,5610
17392,5119
17360,5350
17360,10855
17296,5454
17264,4764
17264,5140
17144,4773
17136,4951
17136,5089
17100,9824
17100,5353
17068,4653
16896,5249
16896,5310
16880,4956
16872,9797
16784,5201
16784,4679
16760,4633
16672,4828
16664,4908
16656,9520
16656,5067
16624,4928
16624,4743
16608,4696
16608,4951
16276,4872
16276,4540
16276,4603
16272,4648
25456,8787
25344,9782
25300,9479
25885,10104
25857,9949
25725,10059
25720,9442
25265,9045
24624,9023
24368,9148
23806,8409
23614,8364
23374,8077
23110,7888
23014,8184
22934,8555
22233,7754
22073,7457
22025,7666
21801,7596
21697,7366
21649,7508
21365,7387
21325,7380
21309,7868
21213,8061
20985,6859
20953,7084
20541,6724
20509,6945
20397,6739
20365,6842
20141,6306
20061,6183
20045,6059
19829,5908
19797,5959
19765,5961
19761,6034
19617,6161
19585,5962
19529,6316
19513,6567
18924,5983
18912,6147
18892,6181
18892,5964
18860,6067
18784,12401
18776,6163
18740,5460
18736,5402
18668,5476
18668,5845
18600,5951
18406,5673
18374,5709
18117,5852
18085,5539
18021,5712
17925,5531
17925,5822
17901,5279
17524,5560
17492,5565
17492,5221
17428,5496
17396,5545
17396,5117
17276,5225
17268,5145
17268,4974
17232,5213
17232,5380
17200,4957
17028,4963
17028,10079
17012,5161
17004,4721
16916,4785
16916,4836
16892,4789
16804,4767
16796,4879
16788,7217
16788,6368
16756,6584
16756,4333
16740,4280
16740,4740
16408,4859
16408,4655
25820,8882
25708,10318
25496,10730
26153,11540
26029,9713
26017,9520
25985,9575
25859,9687
25403,9008
24794,8847
24506,8592
24474,8822
23752,8907
23512,8894
23248,8917
23152,8849
23072,7700
22339,7303
22195,8174
21955,8400
21939,8224
21835,7479
21535,7170
21503,7123
21463,7090
21351,6860
21347,6783
21123,6939
21059,6602
20647,6477
20551,6158
20503,6447
20327,6076
20279,6251
20183,5981
19967,5885
19935,6006
19903,6322
19899,6713
19755,6828
19723,7127
19667,6850
19643,6838
19062,6466
19050,5861
19030,6141
18998,6181
18922,5996
18914,5903
18878,5912
18874,12012
18874,6582
18806,5602
18738,5254
18544,5330
18512,5733
18255,5646
18223,5694
18159,5707
18063,5306
18039,5421
17662,5437
17662,10876
17630,5954
17566,5416
17566,4869
17534,5152
17414,5236
17414,4998
17406,5176
17370,5043
17370,4993
17338,9939
17166,5529
17166,4769
17150,5028
17142,5223
17054,10411
17030,5612
17030,5072
16942,4749
16934,4890
16926,4930
16926,4778
16894,4971
16894,4902
16878,10096
16878,5439
16546,4894
16546,4771
16542,9199
16542,5254
25594,8632
25566,9875
25450,9834
26107,9896
25995,10031
25990,9960
25535,9652
24894,9003
24638,8523
24076,8318
23884,8156
23644,8461
23348,8384
23284,8590
22503,7852
22471,7819
22327,7954
22087,7840
22071,7546
21919,7505
21667,7754
21635,7059
21579,7431
21483,7191
21479,7144
21223,7109
20811,6880
20779,7070
20667,7127
20635,7326
20411,7063
20331,7162
20315,7251
20099,6786
20067,6871
20035,6886
20031,6947
19871,7473
19855,6819
19799,6540
19775,6666
19194,6633
19182,6378
19162,6534
19130,6429
19054,6486
19046,6211
19010,6395
19006,6166
19006,12971
18938,6487
18870,5731
18676,5515
18644,5685
18387,5890
18355,5867
18291,11601
18195,6044
18171,5569
18171,5963
17794,5714
17762,5568
17698,5642
17698,5790
17666,5581
17546,5454
17546,5436
17538,5536
17502,5381
17502,5422
17470,5606
17470,5321
17298,5378
17282,5321
17274,5365
17186,5327
17186,5440
17162,5092
17074,5267
17066,5103
17058,5184
17058,5469
17026,10834
17026,5556
17010,4664
17010,4919
16678,5008
16678,4742
16674,4729
16674,10130
16646,5326
16646,4388
25566,8700
25554,9717
26207,10029
26117,10179
25853,10071
25052,9352
24764,9055
24732,9446
24010,8519
23770,8554
23506,8046
23410,8086
23330,8309
22597,8018
22453,7843
22421,7577
22197,7481
22093,7435
21793,7297
21761,7204
21721,7206
21609,7087
21605,7051
21381,7102
21317,7045
20905,6810
20809,6868
20761,6811
20585,6579
20537,6433
20457,6254
20225,6111
20193,6246
20161,5924
20157,6022
20013,6462
19981,6342
19925,6522
19909,6527
19320,6166
19308,6601
19288,6641
19256,6691
19180,6769
19172,6850
19136,6118
19136,6142
19132,6223
19064,6057
18996,6126
18802,5945
18770,5872
18513,5816
18481,5923
18417,6038
18321,5932
18297,5623
18297,5973
17920,5546
17888,11565
17824,5739
17824,5351
17792,5203
17672,5315
17672,5523
17664,5629
17628,5519
17628,5648
17596,5428
17424,5418
17424,5399
17408,5335
17400,5191
17312,5249
17288,5246
17288,5136
17200,5042
17192,5249
17184,5159
17184,5060
17152,5172
17152,5339
17136,5090
17136,10739
16804,5365
16804,4626
16800,4937
16800,5238
16772,4794
16772,10413
16764,5404
16764,4911
25562,8682
25359,9763
25783,9959
25142,10027
24854,9129
24324,8550
23940,8359
23892,8199
23596,8695
23532,8404
22751,8230
22719,8089
22543,7639
22335,7612
22215,7489
22167,7254
21915,7337
21843,7857
21827,7465
21731,7449
21727,7547
21471,7385
21059,7080
21027,6997
20915,6397
20707,6362
20659,6305
20579,6236
20563,6266
20347,6092
20315,6096
20283,6486
20279,6742
20119,6873
20103,6941
20047,6617
20023,6826
19442,6265
19430,12789
19410,6920
19378,6051
19302,5786
19294,5759
19258,5702
19254,6086
19186,5994
19182,5990
18924,12247
18924,6601
18892,5775
18603,5572
18539,5292
18443,5745
18443,11777
18419,6029
18042,5343
18010,5332
18010,5283
17946,5542
17914,5443
17914,5580
17794,5677
17786,5584
17750,5571
17750,5229
17718,5325
17718,5566
17546,5528
17530,5460
17522,5529
17434,5204
17434,5480
17410,5409
17322,5556
17314,4765
17306,10118
17306,5717
17274,4847
17274,4798
17258,4771
17258,4729
16926,4745
16926,4547
16922,5188
16922,4822
16894,4564
16894,4588
16886,4752
16886,4849
16852,4675
16851,4750
16851,4984
24446,7923
24222,8869
24388,8867
24004,8555
23692,8334
23660,8899
23580,8295
22859,8277
22699,7626
22651,7501
22427,7313
22323,7448
22275,7267
21991,7109
21951,6983
21839,7191
21835,7048
21611,7009
21167,6569
21135,7446
21023,6584
20991,6717
20815,6329
20687,6284
20671,6274
20455,6182
20423,6295
20391,6193
20387,6101
20211,6179
20155,6320
20139,6433
19556,6064
19544,6346
19524,6398
19492,6423
19416,6987
19408,6274
19372,6459
19368,6319
19300,6279
19300,6360
19232,6213
19038,6127
19006,6060
18749,5929
18653,5818
18557,5842
18557,6127
18533,5813
18156,5804
18124,5447
18060,5407
18060,5574
18028,5668
17908,5132
17900,5663
17900,5741
17864,5444
17832,5513
17832,5575
17660,5587
17644,5128
17636,5317
17548,5145
17548,11059
17524,5676
17436,5029
17428,5283
17420,5053
17420,5044
17388,10805
17372,5561
17372,4781
17040,4684
17040,5120
17036,4754
17036,10526
17008,5502
17008,4470
17000,4634
17000,9869
17000,5476
16966,4665
16965,4845
16932,4803
16932,4987
16834,4604
16818,4789
16818,4983
16786,4884
16786,4830
22581,7009
22421,8147
22765,8155
22557,8076
22437,8032
22389,8094
22105,8242
22065,7619
22049,7910
21949,7713
21725,7419
21661,7426
21281,7157
21153,7051
21105,7124
20929,6897
20881,6614
20801,6536
20569,6445
20537,6268
20505,6158
20501,6263
20341,6057
20325,6559
20269,6508
20245,6626
19670,5773
19658,5947
19638,6427
19606,6981
19530,6609
19522,6322
19486,6420
19482,6545
19414,6381
19410,6388
19346,6130
19152,6340
19120,6191
18863,6086
18767,6040
18671,5999
18671,5871
18647,5927
18270,5623
18238,5742
18238,11718
18174,6230
18142,5012
18142,5814
18022,5291
18014,5221
18014,12362
17978,6408
17946,7707
17946,4846
17774,4850
17774,4868
17750,5366
17662,5280
17662,5437
17638,5220
17638,5508
17550,6264
17542,5521
17534,6156
17534,5712
17502,5649
17486,5369
17486,5287
17154,5574
17154,5117
17154,5873
17150,5373
17150,4959
17122,5056
17122,5011
17114,5023
17114,4923
17080,4934
17079,4934
17079,4987
17046,4953
17046,4941
16948,6864
16932,4710
16932,4689
16900,4628
16900,4659
16707,4782
16707,4841
16707,4630
22159,7775
22415,8360
22367,8257
22171,7758
22099,7882
22083,7906
21987,7850
21759,9552
21727,10911
21315,7694
21283,7950
21171,8143
20963,7720
20915,7832
20835,7261
20819,7880
20603,7607
20571,6756
20539,7010
20535,6833
20375,6809
20359,7996
20303,7650
20279,7805
19784,6217
19772,6196
19752,6262
19720,5877
19644,6055
19636,6286
19600,6324
19596,6644
19528,6239
19528,6320
19460,6677
19266,6097
19234,6245
18977,6194
18881,5742
18881,6011
18785,6028
18761,5849
18384,5865
18384,5761
18352,5676
18288,5647
18288,5804
18256,5679
18136,5629
18136,5921
18128,5680
18092,5744
18092,5811
18060,5950
17888,5181
17888,5520
17872,5867
17864,5260
17776,5416
17752,5340
17752,5595
17664,5265
17656,5275
17648,5719
17648,5203
17616,5626
17616,5495
17600,4866
17600,5524
17268,5452
17268,5019
17264,5176
17264,5228
17236,4806
17236,5035
17228,10510
17228,5756
17194,5145
17193,5040
17193,5197
17160,5078
17160,5256
17062,5484
17046,5005
17046,5347
17014,5086
17014,5074
16821,5303
16821,5136
16821,4877
16797,5125
16789,5558
21961,6869
22241,8056
22201,7886
22185,7963
22089,8030
21861,7671
21829,7589
21417,7272
21385,6975
21241,7201
21065,6969
21017,7026
20937,7032
20921,7283
20705,7003
20673,6985
20641,7021
20637,7027
20461,7080
20405,6791
20389,6803
19898,6705
19886,6791
19886,6728
19866,6595
19834,13538
19758,6460
19750,6021
19714,5858
19710,5848
19642,5987
19638,5766
19574,5781
19380,5924
19348,6114
19091,6141
18995,5882
18899,12615
18899,6090
18875,5533
18498,5312
18466,5417
18466,5634
18402,11933
18370,5858
18370,5257
18250,5341
18242,5245
18242,5757
18206,5469
18174,5571
18174,5486
18002,11691
18002,5742
17978,5008
17890,5350
17890,5171
17866,5291
17866,5670
17778,5166
17770,5080
17762,5864
17730,5768
17730,5187
17714,11186
17714,5658
17382,4651
17382,4964
17378,5013
17378,5097
17350,10973
17350,5378
17350,4751
17342,5498
17342,4891
17308,4937
17307,10828
17274,5623
17274,4620
17176,4733
17176,4882
17160,5016
17128,5047
17128,5070
17128,4902
16935,4789
16935,4705
16911,5101
16911,4714
16903,4866
16871,4661
16871,4929
21843,6725
22163,8085
22159,7705
21903,7632
21523,7605
21491,7211
21347,7071
21171,7179
21123,7298
21043,7271
21027,7314
20811,6809
20747,6990
20743,6827
20599,6885
20567,6679
20511,6598
20495,6671
20012,6464
20000,6933
19980,6650
19948,6329
19872,6257
19864,6401
19828,6257
19824,6290
19756,6750
19752,6580
19494,6250
19494,6250
19462,6209
19173,5933
19109,6264
19013,6040
18989,6635
18989,6649
18612,5975
18580,11668
18516,5908
18516,5275
18484,5337
18364,5297
18356,5582
18356,5428
18320,5728
18288,5597
18288,11329
18116,5768
18100,4921
18092,5226
18004,5605
17980,5076
17980,5179
17892,5494
17884,5417
17876,11104
17844,5711
17844,4907
17828,5059
17828,5210
17496,4943
17496,4838
17492,5024
17492,5007
17464,10548
17464,5474
17456,4643
17456,4894
17456,4791
17422,4904
17421,10592
17388,5385
17388,4596
17290,4998
17290,4644
17274,4847
17242,4864
17242,4751
17242,4783
17049,10311
17049,5216
17025,4649
17025,4565
17017,4580
16985,4622
16985,4749
16985,4688
16977,4699
16977,10169
16977,5211
16977,4585
16917,5146
21045,6360
21317,7057
21205,6712
21157,6965
21077,6595
21061,6818
20861,7029
20797,6960
20793,6847
20649,6766
20617,6636
20561,6328
20545,6424
20126,6215
20114,6146
20114,6093
20094,6102
20062,6026
19986,6024
19978,6073
19942,6132
19938,6062
19870,6106
19866,6229
19802,6353
19608,13030
19576,6587
19319,5643
19223,5668
19223,5586
19127,5436
19103,5531
19103,5868
18726,5727
18694,5883
18630,6039
18630,5704
18598,5610
18478,5771
18478,5845
18470,5519
18434,5767
18434,5780
18402,5598
18402,5770
18230,5684
18214,5554
18206,5642
18118,5549
18118,5507
18094,5558
18094,5358
18006,5343
17990,5547
17990,5260
17958,5595
17958,5533
17942,5612
17942,5156
17610,10552
17610,5467
17610,4774
17606,5377
17606,5046
17578,5102
17578,5128
17570,5080
17570,5008
17536,5104
17536,5241
17535,5135
17502,5148
17502,5247
17404,4999
17404,5095
17388,4982
17356,5080
17356,4992
17356,5220
17163,5353
17163,5030
17163,5005
17139,4781
17131,4915
17131,5130
17099,4762
17099,5145
17099,5043
17091,4832
17091,4940
17091,5095
17031,4895
21655,6725
21543,8586
21511,7386
21335,7101
21287,7317
21207,7408
21191,7168
20975,7140
20911,6914
20907,7096
20907,7320
20747,6554
20731,6876
20675,6861
20651,7075
20240,6745
20228,6945
20208,6519
20176,6339
20100,6416
20100,6319
20092,6434
20056,6723
20052,6329
19984,6693
19980,6846
19916,7170
19722,6732
19690,6667
19433,6628
19401,6540
19337,6604
19241,6302
19241,6490
19217,6580
18840,6440
18840,5884
18808,6305
18744,6189
18744,6141
18712,5787
18592,6252
18592,5956
18584,5944
18584,5983
18548,5818
18548,6280
18516,5786
18344,5874
18344,11628
18328,6088
18320,5249
18232,5329
18232,5349
18208,5616
18208,11593
18120,5629
18112,5086
18104,5405
18104,5602
18072,5709
18072,5736
18056,5425
18056,5292
17724,5162
17724,5152
17724,5153
17720,5155
17720,5190
17692,5380
17692,10924
17684,5792
17684,4992
17684,5467
17650,5089
17649,5299
17649,5317
17616,5243
17616,5199
17518,5229
17518,5191
17502,5202
17470,10140
17470,5588
17470,4949
17277,5195
17277,4875
17277,4843
17253,4870
17253,4827
17245,4891
17245,4727
22697,7275
22657,8351
22641,8438
22545,7603
22541,7539
22285,8310
21873,7742
21841,8217
21745,7375
21697,7910
21521,7433
21473,7390
21393,7330
21377,7550
21161,7329
21129,7309
21097,7058
21093,7023
20933,7159
20917,7134
20861,6605
20837,6450
20354,6133
20342,6127
20322,6258
20290,6120
20290,6110
20214,6097
20206,6085
20170,6104
20166,6099
20098,6322
20098,6310
20030,6665
19836,6556
19804,6094
19804,6505
19515,6417
19451,6258
19355,6314
19355,6609
19331,6291
18954,6054
18954,6140
18922,6166
18858,6075
18858,6028
18826,6082
18706,6030
18706,5842
18698,6036
18698,5812
18662,5835
18630,5976
18630,6035
18458,5696
18458,5899
18442,5839
18434,5596
18346,11935
18346,6048
18322,5085
18322,5079
18234,5131
18226,5803
18218,5488
18218,5480
18186,5583
18186,5658
18170,5460
18170,5410
17838,5495
17838,5366
17834,5324
17834,5422
17834,5490
17806,5581
17806,5473
17798,5658
17798,5585
17798,5271
17764,5526
17763,5518
17763,5307
17730,5614
17730,5583
17730,5387
17632,5505
17616,5438
17584,5321
17584,10579
17584,5581
24204,8203
23739,8795
23595,8816
23563,8608
23339,8731
23235,8816
23187,8138
22935,7785
22863,8089
22847,8350
22751,8077
22747,8235
22523,7813
22459,7697
22079,8047
22047,8021
21903,7991
21727,7616
21679,7306
21599,6778
21583,6890
21367,7221
21335,7375
21303,7270
21299,7341
21155,7235
21139,7326
21123,6704
21067,6641
21043,6557
20468,6212
20456,6222
20436,6245
20404,6261
20328,6187
20328,6308
20320,6432
20284,6275
20280,6287
20212,6500
20212,6090
20144,6248
19950,6211
19918,6132
19918,6404
19629,6432
19565,6414
19469,6379
19469,6469
19445,6768
19068,6279
19068,6355
19036,5840
18972,5817
18972,5781
18940,5725
18940,5756
18820,5762
18812,5744
18812,5684
18776,5917
18776,5817
18744,5818
18744,5873
18572,5619
18556,5602
18548,5694
18460,5718
18460,6025
18436,5707
18436,5647
18348,5808
18340,5582
18332,5546
18332,5618
18300,5474
18300,5439
18284,5695
18284,5388
18284,5680
17952,5395
17952,5367
17948,5297
17948,10610
17920,5572
17920,5008
17920,5239
17912,5199
17912,5186
17878,10394
17878,5440
17877,5073
26088,9216
25832,10090
25800,9930
25222,9749
25030,9747
24718,9333
24686,8712
24606,8631
23885,8852
23853,8707
23677,9291
23469,8265
23453,8123
23301,7930
23049,8099
23017,8135
22977,8530
22961,8961
22861,8544
22637,7623
22605,7853
22193,7388
22161,7112
22049,7021
22017,7241
21841,7695
21713,7342
21697,7383
21481,7330
21449,7222
21417,7140
21413,7223
21269,7089
21253,7408
21237,7134
21181,7012
21157,7077
20582,6636
20570,6670
20550,6448
20518,6686
20442,6744
20434,7019
20434,6656
20398,6337
20394,6181
20326,6118
20322,6172
20258,6052
20064,5967
20032,5932
19775,5735
19743,5645
19679,5890
19583,6186
19559,6004
19559,6161
19182,5972
19150,5731
19150,5882
19086,6052
19054,5806
19054,6001
18934,5950
18934,5644
18926,6012
18890,5957
18890,6057
18858,5958
18858,5936
18686,5545
18686,5895
18670,5706
18574,5827
18574,5834
18550,5595
18550,5823
18462,5731
18454,11984
18446,5852
18446,4969
18414,5009
18414,5002
18398,5427
18398,5501
18066,11194
18066,5639
18066,5051
18062,5075
18062,5099
18034,11533
18034,5716
27639,10099
27611,11194
27509,11258
27504,10797
27049,10379
26440,11576
26152,9940
25590,9650
25398,9643
25158,9346
24894,9854
24798,9195
24782,9505
24017,8948
23857,8312
23809,9097
23585,8674
23481,8798
23433,8491
23181,8009
23109,7832
23093,8331
22997,8217
22993,8212
22737,8031
22325,7782
22293,7935
22181,7585
22149,7542
21973,7451
21845,7356
21829,7398
21613,6915
21581,7514
21549,6840
21545,6872
21401,6717
21369,6577
21313,6891
21297,6587
20708,6451
20696,6319
20696,6386
20676,6212
20644,6323
20568,6429
20560,6714
20524,6443
20520,6244
20452,6289
20452,6683
20384,6445
20190,6431
20158,6332
20158,6354
19869,6121
19805,6147
19709,6082
19709,6109
19685,6116
19308,5987
19308,5914
19276,6248
19212,6144
19212,6141
19180,6106
19060,6142
19060,5931
19052,6272
19016,6098
19016,5966
18984,5997
18984,5972
18812,5845
18796,5972
18788,6000
18700,5831
18700,5895
18676,5537
18676,5917
18588,6021
18580,5495
18572,5300
18572,5498
18540,11371
18540,5753
18524,5355
18524,5781
18192,5713
18192,5549
18188,5477
18188,5691
28073,10389
27953,11123
27909,11763
27801,11399
27773,10953
27641,10861
27636,10878
27181,10126
26572,10035
26284,10309
26252,9475
25530,9184
25338,9109
25026,9218
24994,9083
24914,8715
24149,8485
24117,8577
23941,8538
23733,8498
23717,8228
23565,8198
23313,7768
23281,8051
23241,7892
23129,7716
23125,7952
22901,7811
22837,7906
22457,7682
22329,7614
22281,7574
22105,7503
22057,7411
21977,7362
21961,7376
21745,7425
21713,7727
21681,7648
21677,7174
21517,7281
21501,6793
21445,7069
21429,6958
20840,7203
20828,7114
20808,6589
20776,6807
20776,7263
20700,6625
20692,6897
20656,6739
20652,7194
20584,6951
20584,6855
20516,6773
20322,6767
20290,6849
20290,6902
20001,6451
19937,6131
19841,6587
19841,6088
19817,6138
19440,5826
19440,6108
19408,5998
19344,5913
19344,5778
19312,5815
19192,5968
19192,5911
19184,6101
19184,5717
19148,5916
19116,5937
19116,5693
18944,5468
18944,5875
18928,5715
18920,5972
18832,6037
18808,5600
18808,5875
18720,6101
18712,5961
18704,5821
18704,6065
18672,5901
18672,6011
18672,5908
18656,5971
29065,11828
28625,12864
28577,12942
28453,12222
28349,12265
28137,12601
28101,12123
27977,12046
27949,11601
27933,12100
27803,11619
27347,11539
26738,11168
26450,10499
26418,9891
25696,9925
25504,9576
25192,8995
25160,9106
25080,9631
24315,8906
24155,8657
24107,8800
23899,8708
23779,8441
23731,8726
23479,8311
23407,8231
23391,7791
23295,8092
23291,8185
23067,8275
22623,8105
22591,7934
22479,8004
22447,7829
22271,7480
22223,7406
22127,7716
21911,7481
21879,7190
21847,7087
21843,7103
21699,7063
21667,7228
21611,7304
21595,7133
21006,6992
20994,6938
20974,6673
20942,6552
20866,6517
20866,6442
20858,6292
20822,6386
20818,6547
20750,6176
20746,6253
20488,6393
20488,6153
20456,6065
20167,5940
20103,5897
20007,5981
20007,5987
19983,5843
19606,5608
19574,5983
19574,6107
19510,6171
19478,5918
19478,6170
19358,6990
19350,6095
19350,5892
19314,5814
19282,5736
19282,5914
19110,5712
19110,5873
19094,5702
18998,5654
18998,5586
18974,5720
18974,5664
18886,5516
18878,5895
18870,5597
18870,5490
18838,5779
18838,5573
18822,5664
29231,11296
28791,12700
28743,12798
28619,12177
28515,11637
28295,11560
28267,11666
28143,11473
28115,11367
27973,11587
27968,11020
27513,11061
26872,10791
26616,9936
26054,9801
25862,9714
25622,9265
25358,9087
25262,9503
25182,9804
24449,8703
24305,8816
24065,8775
24049,9295
23945,9140
23645,9021
23613,8312
23573,8420
23461,8638
23457,9295
23233,8615
22789,8046
22757,7810
22661,8001
22613,7913
22437,8000
22389,8352
22293,8626
22077,8499
22045,8320
22013,8058
22009,8372
21865,8579
21833,8470
21777,8272
21761,8069
21172,7399
21160,7430
21140,7565
21108,7943
21032,7878
21024,8151
21024,7903
20988,7988
20984,8059
20916,7567
20912,7184
20654,6886
20622,6809
20622,6112
20333,6535
20269,6438
20173,5899
20173,6387
20149,6367
19772,5697
19740,6156
19740,6200
19676,6343
19644,7767
19644,6256
19524,6141
19516,6042
19516,6444
19480,6733
19448,6017
19448,6616
19276,6604
19260,5991
19252,6472
19164,6427
19164,6629
19140,6303
19140,6276
19052,5945
19036,7997
19036,5292
19004,5837
19004,6150
18988,5901
18988,5733
18656,5832
28889,11668
28789,13327
28661,12668
28449,12826
28433,11796
28389,11614
28269,12178
28237,12325
28111,11281
27843,11045
27042,11110
26754,11005
26722,10763
26000,10786
25808,10203
25496,10006
25464,9978
25384,10293
24619,9514
24459,9206
24411,8744
24187,10504
24083,9155
24035,9510
23751,8911
23711,8286
23695,8344
23595,9138
23371,8731
23307,8799
22927,9394
22799,8838
22751,7740
22575,8006
22527,8093
22447,7761
22431,7605
22215,8178
22151,8393
22147,7382
22003,7452
21971,7255
21915,7307
21899,7489
21310,7291
21310,7513
21298,7281
21278,7566
21246,7396
21170,7219
21162,7672
21126,7336
21122,7450
21054,7596
21054,6809
20986,6518
20792,6646
20760,7490
20503,7807
20471,7478
20407,6615
20311,6758
20287,6886
20287,6662
19910,6162
19878,6102
19878,5988
19814,6029
19782,6134
19782,6064
19662,6175
19654,6285
19654,5637
19618,5920
19586,6012
19586,5670
19414,5745
19414,5617
19398,5758
19390,5672
19302,5917
19278,5739
19278,5556
19190,5607
19182,5845
19174,6011
19174,6072
19142,7171
19142,6209
19126,5928
19126,5957
18794,5971
29027,11561
28927,12603
28799,12184
28587,12582
28543,11634
28527,12314
28407,12359
28375,11943
28245,11782
27981,11220
27180,12023
26892,12550
26860,11001
26138,10494
25898,9990
25634,9523
25538,10497
25458,9772
24725,9148
24581,8941
24341,9511
24325,8585
24221,8654
23921,9068
23889,8991
23849,8647
23737,8441
23733,9409
23509,9285
23065,7967
23033,8153
22921,8794
22889,8152
22713,8590
22585,7808
22569,7838
22353,7871
22321,7975
22289,7882
22285,8097
22125,7740
22109,7314
22053,7439
22029,7388
21448,7253
21436,6838
21416,6815
21384,7018
21308,6790
21300,7641
21264,7087
21260,7472
21192,7594
21188,7276
20930,7443
20930,7452
20898,7102
20609,7373
20545,6567
20449,6917
20449,6829
20425,7120
20048,6352
20016,6176
20016,6181
19952,6141
19920,6101
19800,6099
19800,5932
19792,6119
19756,5726
19756,9084
19724,8781
19552,6114
19552,6297
19536,6208
19528,6041
19440,6413
19416,6190
19416,5939
19328,6493
19320,5868
19312,5731
19312,6065
19280,5618
19264,5553
19264,5660
18932,5104
18932,5204
18928,5506
18928,6398
18900,5780
28645,11562
28629,12854
28509,12121
28477,12075
28377,12772
28113,12044
27312,11432
27024,10691
26992,10712
26270,11228
26030,11447
25766,11389
25670,10138
25590,9677
24857,9259
24713,10430
24473,9716
24457,9099
24353,8772
24053,9112
24021,8912
23981,9274
23869,8474
23865,9060
23641,8739
23197,8859
23165,8336
23053,8052
23021,7933
22845,7996
22717,7884
22701,8079
22485,7930
22453,7685
22421,7385
22417,7374
22257,7242
22241,7559
22185,7302
22161,7419
21580,8025
21568,7539
21548,7419
21516,7414
21440,7100
21432,7172
21396,7302
21392,6945
21324,7348
21320,7124
21062,6907
21030,6640
21030,6555
20741,6399
20677,6363
20581,6329
20557,6319
20557,6283
20180,6147
20148,6444
20148,6539
20084,6104
20052,6054
19932,5851
19932,6324
19924,6353
19888,6435
19888,6988
19856,6537
19856,5857
19684,6137
19668,5662
19660,5952
19572,5927
19572,6030
19548,6493
19460,6079
19452,6298
19444,6090
19444,5860
19412,6015
19412,6290
19396,5858
19396,5987
19064,12079
19064,6251
19060,5481
19060,5489
19032,5084
19032,5349
19024,5345
19024,5464
28545,10954
28498,12598
28043,11595
27402,11312
27146,10611
26584,10435
26392,10576
26152,10925
25856,10043
25792,10166
25011,9366
24979,8920
24803,9002
24595,9287
24579,9352
24427,8770
24175,8307
24103,8447
24087,8842
23991,8877
23763,8733
23731,8519
23319,8018
23287,8087
23143,8380
22967,8151
22919,8114
22839,7749
22823,8091
22575,7460
22543,7929
22539,7427
22395,7280
22363,7642
22307,7887
22283,8179
21702,7785
21690,7579
21670,7780
21638,6957
21562,6929
21554,7761
21518,7744
21514,7286
21446,7329
21442,7427
21378,7487
21184,7659
21152,6720
20863,6390
20799,6370
20703,6024
20703,6498
20679,6971
20302,6924
20270,6476
20206,5954
20206,5973
20174,6016
20054,5901
20046,6177
20046,5825
20010,6070
19978,5883
19978,6492
19806,6129
19806,6130
19782,6302
19694,6264
19694,6335
19670,6543
19670,6379
19582,6203
19574,6398
19566,6285
19566,6267
19534,6437
19534,6184
19518,5960
19518,6478
19186,6064
19186,5784
19182,5187
19182,5302
19182,5370
19154,5623
19154,5417
19146,5603
19146,5183
19146,5367
19112,5290
19111,5309
27450,10806
27162,12174
27130,11562
26456,10821
26264,10954
25952,9902
25920,9940
25840,9929
25119,9366
24959,9183
24911,9509
24687,9089
24583,9185
24535,8820
24251,8464
24211,8675
24195,8966
24095,8778
23871,8312
23807,8630
23427,8270
23395,8092
23251,8173
23075,8214
23027,8093
22947,8163
22931,7643
22715,7717
22683,7722
22651,7542
22647,7546
22487,7569
22471,7645
22415,8014
22391,7633
21816,7501
21804,7574
21784,7357
21752,7417
21676,7620
21668,6965
21632,7040
21628,7034
21560,7037
21560,7113
21492,7164
21298,7227
21266,7103
21009,6991
20977,7135
20913,6913
20817,6578
20793,6905
20793,6851
20416,6599
20384,6351
20320,6110
20320,6036
20288,6178
20168,5734
20168,5942
20160,5844
20124,5805
20124,5697
20092,5734
20092,6365
19920,6216
19904,5760
19896,5910
19808,5679
19808,5834
19784,5654
19784,6571
19696,5994
19680,13072
19680,6283
19648,5618
19648,5664
19632,5649
19632,5617
19300,5570
19300,5459
19296,5586
19296,6026
19296,5753
19268,6152
19268,12267
19260,6171
19260,5589
19226,5339
19225,5486
19225,5368
27436,10547
27148,10674
26762,10835
26378,10836
26330,10371
26034,10926
25970,10492
25233,9751
25201,9345
25025,9674
24817,10051
24801,8934
24649,8685
24397,8739
24365,9139
24309,9287
24213,8734
24209,8685
23985,8736
23541,8746
23509,8598
23413,8112
23365,8234
23189,8205
23141,8171
23061,8912
22829,8226
22797,8351
22765,7845
22761,7706
22617,7566
22585,7878
22529,7911
22513,8197
21930,7653
21918,7872
21898,8068
21866,7468
21866,7893
21790,7186
21782,7164
21746,7232
21742,6973
21674,6953
21670,7183
21606,7127
21412,7122
21380,7105
21123,6863
21027,6739
21027,6741
20931,6792
20907,6530
20530,6400
20530,6485
20498,6409
20434,5939
20434,6242
20402,6233
20282,6314
20282,5752
20274,6127
20238,6214
20238,6139
20206,6001
20034,5946
20034,6381
20018,6424
20010,6452
19922,5959
19922,6120
19898,6263
19810,5960
19802,6249
19794,6075
19794,6127
19762,6625
19762,6533
19746,5965
19746,6263
19414,5892
19414,5917
19410,6177
19410,6259
19382,6036
19382,6380
19382,6186
19374,5874
19374,6162
19340,5909
19339,6056
19306,6062
27486,10475
27262,11637
26876,11063
26492,10841
26180,10378
26148,10187
26068,10306
25347,9425
25315,9581
25139,9936
24931,9490
24811,9163
24763,9086
24511,9438
24439,9260
24423,9186
24327,8846
24099,8785
24067,8832
23655,8423
23623,8306
23479,8104
23303,7942
23255,8402
23175,8627
23159,8219
22943,8230
22911,7773
22879,7942
22875,7675
22699,7591
22643,7624
22627,7665
22044,7494
22032,7903
22012,7448
22012,7429
21980,7775
21904,7475
21896,7345
21860,7338
21856,7493
21788,7286
21784,7239
21526,6955
21526,6977
21494,6719
21205,6686
21141,6644
21045,6461
21045,6448
21021,6580
20644,6280
20612,6213
20612,6719
20548,6584
20516,6480
20516,6182
20396,6271
20388,6021
20388,6102
20352,6043
20320,6097
20320,6027
20148,6022
20132,5831
20124,5971
20036,5896
20036,5787
20012,5726
20012,5704
19916,5754
19908,5773
19908,5825
19876,6560
19876,6892
19860,6263
19860,5782
19528,5644
19528,6125
19524,5882
19524,5822
19496,5799
19496,6113
19496,5666
19488,6493
19488,6363
19454,5731
19453,6053
19420,6099
19420,5899
19420,6285
26750,10404
26558,11577
26246,10144
26150,10334
26070,10501
25461,10390
25301,11064
25253,9766
25029,9638
24925,10012
24877,9382
24593,8925
24553,9066
24537,9563
24437,9248
24213,9105
24149,8536
23769,8702
23641,8844
23593,9088
23417,8250
23369,8333
23289,7979
23273,8304
23057,8471
23025,8305
22993,7981
22845,8777
22813,7728
22757,7613
22741,7615
22158,7667
22146,7527
22146,7583
22126,7895
22094,7620
22018,7815
22010,8022
21974,7287
21970,7597
21902,7396
21898,7350
21834,7339
21640,7002
21608,7445
21351,6757
21255,6695
21255,6726
21159,6661
21135,6632
20758,6508
20758,6360
20726,6151
20662,6986
20630,6518
20630,6388
20510,6135
20502,6331
20502,6257
20466,5963
20434,6558
20434,6319
20262,5785
20262,6264
20246,6287
20150,5991
20150,5586
20126,5934
20126,5918
20038,6080
20030,5931
20022,5637
20022,6072
19990,6004
19990,5949
19974,6090
19974,5984
19642,5753
19642,6156
19638,6273
19638,5732
19610,6367
19610,6191
19602,5755
19602,5966
19568,6091
19567,5977
19567,5990
19534,5958
19534,5920
19436,5779
19420,5936
26416,9841
26280,11685
26216,10608
25575,10543
25543,10389
25367,10287
25159,9800
25039,9591
24991,9708
24739,9217
24667,9048
24651,9186
24555,9587
24327,9233
24295,8665
23883,8733
23851,8616
23739,8962
23531,8996
23483,8649
23403,8193
23387,8076
23171,8308
23139,8808
23107,8529
23103,8214
22943,8220
22927,7755
22871,7658
22847,7926
22272,7980
22260,8052
22240,7769
22208,8201
22132,7310
22124,7597
22088,7216
22084,7235
22016,7115
22016,7143
21948,7177
21754,7371
21722,7345
21465,7239
21369,7183
21369,7389
21273,7245
21249,7177
20872,6944
20872,6989
20840,6962
20776,6918
20776,6906
20744,7077
20624,6797
20624,6905
20616,6971
20580,6713
20580,6763
20548,6634
20376,6535
20376,6345
20360,5900
20352,6210
20264,6098
20240,6151
20240,6035
20152,6014
20144,6000
20136,5795
20136,5929
20104,5947
20104,6045
20088,5610
20088,5676
19756,5500
19756,5815
19752,6115
19752,5991
19724,6433
19724,6091
19716,6419
19716,6554
19716,6381
19682,6638
19681,6251
19648,6218
19648,6270
19648,6248
19550,6134
19534,6099
19502,6125
26290,9689
26242,10860
25689,9633
25529,10727
25481,9463
25257,9481
25153,9160
25105,9582
24821,9164
24781,9034
24765,9184
24669,9563
24441,9092
24409,8719
23997,8385
23965,8350
23853,8543
23645,9204
23597,8765
23517,8069
23501,8244
23285,8041
23253,8243
23221,8484
23217,8228
23057,8095
23041,7943
22985,7794
22961,7602
22386,7261
22374,7318
22354,7773
22322,7735
22246,7837
22238,7612
22202,7374
22202,7611
22198,7500
22130,7140
22126,7065
21868,6973
21836,6978
21836,6877
21547,6795
21483,6843
21387,7071
21387,6912
21363,6714
20986,6524
20954,6728
20954,6553
20890,6578
20858,6509
20858,6629
20738,6293
20730,6084
20730,6343
20694,6398
20694,6148
20662,5974
20490,5987
20490,5999
20474,6439
20466,6439
20378,6670
20354,6240
20354,6173
20266,5952
20258,5896
20250,6360
20250,5862
20218,6003
20218,5994
20202,5841
20202,5879
19870,5689
19870,5751
19866,5841
19866,5934
19866,6011
19838,6519
19838,5707
19830,6402
19830,6138
19796,5881
19795,6520
19795,6301
19762,6263
19762,6512
19664,6310
19648,6097
19648,5974
26508,9772
26444,10896
26364,10685
25771,9801
25627,9480
25387,9692
25371,9512
25267,9370
24967,9042
24935,9542
24895,9443
24783,9081
24779,9052
24555,9462
24491,9328
24111,8763
23983,8436
23935,8212
23759,8555
23711,8556
23631,8513
23615,8141
23399,8096
23367,7946
23335,8138
23331,8585
23171,8209
23155,8651
23099,7836
23075,7986
22500,7423
22488,7363
22468,7401
22436,7745
22360,8087
22352,7753
22316,7956
22312,7639
22244,7298
22244,7399
22176,7216
21982,8020
21950,8148
21693,7932
21661,7920
21597,7432
21501,7312
21477,6951
21477,7478
21100,6676
21068,6964
21068,6608
21004,6700
20972,6582
20972,6856
20852,6369
20844,6437
20844,6451
20808,6347
20776,6365
20776,6051
20604,6344
20604,6736
20588,6119
20492,6240
20492,6453
20468,6086
20468,6202
20380,6093
20372,6116
20364,5791
20364,6065
20332,6176
20332,6406
20316,6304
20316,6480
19984,6332
19984,6431
19980,6626
19980,7177
19952,6719
19952,6735
19952,6441
19944,6644
19944,7101
19910,6429
19909,6433
19876,6661
19876,6958
19876,6329
19778,6069
19762,6361
26654,10273
26622,11419
26542,10487
25917,10373
25885,10252
25709,9671
25501,9561
25381,9428
25333,10090
25081,9342
25009,9442
24993,9982
24897,9892
24893,10096
24637,9035
24225,9170
24193,9208
24081,8642
24049,8728
23825,8310
23745,8625
23729,8725
23513,8510
23481,8173
23449,8085
23445,8129
23285,8225
23269,8721
23213,8941
23189,8299
22614,7883
22602,7588
22582,7548
22550,7505
22474,7756
22466,8052
22430,7837
22430,7863
22426,7718
22358,8454
22354,7610
22096,7460
22064,7154
22064,7147
21775,7029
21711,7218
21615,7191
21615,7293
21591,7368
21214,7120
21182,7060
21182,7151
21118,7083
21086,7123
21086,7089
20966,7096
20958,7126
20958,6922
20922,6845
20890,6913
20890,6785
20718,6826
20718,7079
20694,6384
20606,6201
20606,6098
20582,6292
20582,6513
20494,6136
20486,6207
20478,6494
20478,6608
20446,6514
20446,6844
20430,6363
20430,6207
20098,6402
20098,6531
20094,6473
20094,6577
20066,6347
20066,6318
20058,6520
20058,13113
20024,6693
20024,5996
20023,5679
19990,5676
19990,5794
19892,5731
19892,5848
19876,5801
26736,9963
26672,12280
26592,11165
25999,10021
25855,9670
25615,9980
25599,9656
25447,9316
25195,9315
25163,9825
25123,9383
25011,9080
25007,9148
24783,9360
24719,9129
24307,8558
24211,8635
24163,8729
23987,8950
23939,8820
23859,8489
23627,8276
23595,8555
23563,8390
23559,8476
23415,8417
23383,7912
23327,8515
23311,8063
22728,7961
22716,8170
22696,8034
22664,7659
22588,7449
22588,7738
22580,7467
22544,7683
22540,7356
22472,7569
22468,8046
22210,7642
22210,7641
22178,7676
21889,7382
21825,7450
21729,6901
21729,7271
21705,7218
21328,6684
21296,6904
21296,6859
21232,6664
21200,6789
21200,6930
21080,6324
21072,6963
21072,6580
21036,6597
21004,6369
21004,6319
20832,6369
20832,6347
20808,6501
20720,6358
20720,7116
20696,6969
20696,6816
20608,7031
20600,6814
20592,6666
20592,6715
20560,6740
20560,6882
20544,6886
20544,6566
20212,6618
20212,6774
20208,6425
20208,6535
20180,6901
20180,6551
20172,6493
20172,6556
20138,6357
20137,6337
20137,6476
20104,6605
20104,7141
20006,5897
19990,6414
19990,6320
19958,6504
26714,9853
26145,10559
26113,10750
25937,11535
25729,10263
25713,9963
25561,9651
25309,9710
25277,10463
25221,9540
25125,9616
25121,9707
24897,9514
24453,9667
24421,9797
24309,9355
24277,8531
24101,8628
23973,9482
23957,8979
23741,8579
23709,8148
23677,9054
23673,8708
23513,8980
23497,8567
23441,8605
23417,8802
22842,8191
22830,7725
22810,8131
22778,8516
22702,8314
22694,8051
22658,8195
22658,7591
22654,8232
22586,8728
22518,8510
22324,7566
22292,8294
22292,7702
22003,7197
21939,7299
21843,7051
21819,6950
21819,7035
21442,7191
21410,7102
21410,7207
21346,7085
21314,7104
21194,6990
21194,7022
21186,6864
21150,7080
21150,7102
21118,7016
21118,6963
20946,6942
20930,6522
20922,6744
20834,6926
20834,7109
20810,7052
20722,6730
20714,6537
20706,6346
20706,6757
20674,6482
20674,6507
20658,6270
20658,6099
20326,5824
20326,5773
20322,5969
20322,5871
20294,6011
20294,5773
20294,5837
20286,5788
20286,5797
20252,5889
20251,5779
20218,5718
20218,5868
20218,6016
20120,5983
20104,6118
20072,6252
20072,6395
20072,6694
26147,9418
26019,10525
25971,10158
25747,9895
25643,10064
25595,9809
25311,9150
25271,9431
25255,9640
25159,10013
24931,8976
24899,8650
24487,9084
24455,8941
24343,9350
24135,8430
24087,8358
24007,8483
23991,8484
23775,8937
23743,8808
23711,8102
23707,8367
23547,8324
23531,8634
23475,8977
23451,8597
22956,7899
22944,7615
22924,7588
22892,7603
22816,8203
22808,8621
22772,8008
22772,7839
22768,7715
22700,7862
22696,7407
22438,7385
22406,7354
22406,7270
22117,7280
22053,7437
21957,7517
21957,7673
21933,7414
21556,7385
21524,7125
21524,7127
21460,7348
21428,7090
21428,7207
21308,6923
21300,6970
21300,7111
21264,6961
21232,6844
21232,6850
21060,6588
21060,6451
21044,6424
20948,6201
20948,6217
20924,6107
20924,6100
20836,6213
20828,6149
20820,5979
20820,5921
20788,6095
20788,6168
20772,6105
20772,6096
20440,6137
20440,5919
20436,5791
20436,5779
20408,5803
20408,5762
20400,5859
20400,5896
20400,6134
20366,6211
20365,6342
20332,6312
20332,6293
20332,6375
20234,6290
20218,6104
20186,6246
20186,6063
20186,6121
26261,9564
26133,11422
26085,11060
25861,10545
25757,11051
25709,10508
25425,9658
25385,9319
25369,9761
25273,9163
25045,9194
25013,9184
24601,9594
24569,9579
24457,9087
24249,9728
24201,9002
24121,8575
24105,8968
23889,8147
23857,8261
23825,8960
23821,8846
23661,8672
23645,8570
23589,8494
23565,7954
23070,7716
23058,8404
23038,8278
23006,8456
22930,8119
22922,8083
22886,7984
22886,7604
22882,7672
22814,7719
22810,7835
22552,7436
22520,7643
22520,7736
22231,7179
22167,7481
22071,7628
22071,7190
22047,7322
21670,6693
21638,6739
21638,6526
21574,6775
21542,6546
21542,6754
21422,6545
21414,6450
21414,6504
21378,6635
21346,6473
21346,6492
21174,6351
21174,6351
21158,6288
21062,6503
21062,6271
21038,6199
21038,6509
20950,6562
20942,6288
20934,6371
20934,6235
20902,6446
20902,6383
20886,6249
20886,6342
20554,6225
20554,6005
20550,5965
20550,5856
20522,6069
20522,5754
20514,5921
20514,6214
20514,6042
20480,5890
20479,5780
20446,5795
20446,5959
20446,5864
20348,5816
20332,5806
20300,5691
20300,5690
20300,5928
26487,9606
26327,11564
26279,10841
26071,10603
25951,10025
25903,10254
25651,9876
25579,9807
25563,9681
25467,10105
25239,9194
25207,9088
24795,9505
24763,9456
24651,9173
24619,8631
24395,8626
24315,9026
24299,9180
24083,8962
24051,8244
24019,8314
24015,8451
23855,8817
23839,9028
23783,8687
23759,8460
23184,8458
23172,8699
23152,8452
23120,8101
23044,7968
23036,8052
23036,8191
23000,7731
22996,7480
22928,7640
22924,8040
22666,7555
22666,7635
22634,7580
22345,7296
22281,7251
22185,7311
22185,7854
22161,7676
21784,7721
21784,7614
21752,6915
21688,7174
21656,6463
21656,6618
21536,6462
21528,6676
21528,6552
21492,6820
21492,6911
21460,7069
21288,6319
21288,7082
21272,7016
21264,6576
21176,6371
21152,6373
21152,6332
21064,6195
21056,6171
21048,6309
21048,6233
21016,6273
21016,6330
21000,6234
21000,6410
20668,6065
20668,5913
20664,6003
20664,5921
20636,5985
20636,6142
20636,6052
20628,6074
20628,6094
20594,5886
20593,5865
20560,6038
20560,6207
20560,6033
20462,5845
20446,6085
20446,6038
20414,6341
20414,6437
26601,9637
26569,11892
26393,10533
26185,10567
26169,10313
26017,10308
25765,9691
25733,10253
25693,9790
25581,9791
25577,10232
25353,9985
25289,9538
24909,9360
24781,9343
24733,9453
24557,9288
24509,9013
24429,8967
24413,8589
24197,8787
24165,8447
24133,8462
24129,8125
23969,8312
23953,8081
23897,8110
23873,8160
23298,8118
23286,7980
23266,8140
23234,7909
23158,7714
23158,7921
23150,7562
23114,7578
23110,7556
23042,7814
23038,7825
22974,8164
22780,7540
22748,8091
22491,7342
22459,7435
22395,7589
22299,6993
22275,7200
22275,7216
21898,7121
21866,6735
21866,6637
21802,6666
21770,6911
21770,6610
21650,7115
21642,7018
21642,6833
21606,6892
21574,6740
21574,6851
21402,6892
21402,6711
21386,6662
21378,6332
21290,6589
21266,6160
21266,6255
21178,6342
21170,6378
21162,6185
21162,6352
21130,6333
21130,6301
21114,6243
21114,6290
20782,6033
20782,6010
20778,6047
20778,6202
20778,6063
20750,5943
20750,5952
20742,5858
20742,5820
20708,6137
20708,6035
20707,5950
20674,5938
20674,5885
20576,5844
20576,5831
20560,6225
27452,10361
27356,11035
27276,11376
26715,10815
26555,10201
26507,10445
26283,10152
26179,9747
26131,9819
25879,10041
25807,9539
25791,9452
25695,10015
25691,10731
25435,10050
25023,9726
24991,9889
24895,9559
24847,9280
24671,9657
24623,9454
24543,9440
24527,9401
24311,9117
24279,9226
24247,9290
24243,8940
24083,8828
24067,9143
24011,9050
23987,8832
23412,8173
23400,8148
23380,8346
23348,8688
23272,8809
23264,8219
23264,7939
23228,8105
23224,8163
23156,7521
23152,7913
23088,8234
22894,7924
22862,7606
22605,7591
22573,7522
22509,7329
22413,7719
22389,7825
22389,7608
22012,7311
21980,7327
21980,7471
21916,7811
21884,7436
21884,7101
21764,7012
21764,7097
21756,7168
21720,6919
21720,7067
21688,7060
21688,6912
21516,6861
21500,6866
21492,6950
21404,6675
21404,7218
21380,7220
21380,6752
21292,6804
21284,6889
21276,6867
21276,6921
21244,7040
21244,6881
21228,6985
21228,6771
20896,6359
20896,6455
20892,6324
20892,6379
20864,6779
20864,6623
20864,6601
20856,6339
20856,6098
20822,6181
20821,6210
20788,5998
20788,5946
28584,11074
28358,12225
27974,11519
27926,11353
27630,10771
27566,11157
26829,10731
26797,10597
26621,9970
26413,10627
26397,10538
26245,10496
25993,10389
25961,10472
25905,10132
25809,10561
25805,10232
25581,9904
25137,10061
25105,10163
24993,9349
24961,9346
24785,9687
24737,9681
24641,9392
24425,9019
24393,9127
24361,8912
24357,8806
24213,8629
24181,8461
24125,8399
24109,8205
23526,8441
23514,8303
23494,8346
23462,8260
23386,7880
23386,7689
23378,7668
23342,7800
23338,8165
23270,8422
23266,8093
23008,8047
23008,8261
22976,8134
22719,7942
22623,7547
22623,8042
22527,7791
22503,8127
22126,7907
22126,7852
22094,8051
22030,7252
22030,7318
21998,7125
21878,7361
21878,7044
21870,7369
21834,7303
21834,7123
21802,6660
21630,6424
21630,6804
21614,7186
21606,6924
21518,6434
21518,6431
21494,6383
21406,6348
21398,6453
21390,6404
21390,6250
21358,6309
21358,6247
21342,6280
21342,6297
21010,6111
21010,6066
21006,6147
21006,5995
21006,6067
20978,6239
20978,6123
20970,6029
20970,6095
20936,6147
20935,6092
20935,6614
20902,6359
28698,11015
28472,12523
28088,11076
28040,11219
27744,11065
27680,10470
26943,10852
26911,11279
26767,10685
26527,9803
26511,9983
26359,9913
26107,9464
26075,9443
26019,9792
25923,9507
25919,9350
25695,9307
25251,9311
25219,9370
25123,8772
25075,9593
24899,9502
24851,9417
24771,8678
24539,8822
24507,8498
24475,8748
24471,8810
24327,8496
24295,8546
24239,8237
24223,8231
23640,7923
23628,8154
23608,8247
23576,7942
23500,7964
23500,7904
23492,7981
23456,8008
23452,7725
23384,7727
23380,7662
23122,7556
23122,7707
23090,7854
22833,7623
22737,7444
22641,7392
22641,7589
22617,7476
22240,7237
22240,7555
22208,6905
22144,7014
22112,6951
22112,6780
21992,6944
21984,6921
21984,6704
21948,6812
21948,6900
21916,7163
21744,7357
21744,7291
21728,7046
21720,7216
21632,7116
21608,6432
21608,6828
21520,6708
21512,6918
21504,6549
21504,6311
21472,6867
21472,6762
21456,6456
21456,6320
21124,6130
21124,6321
21120,7078
21120,6544
21092,6824
21092,6372
21084,6334
21084,6770
21084,6840
21050,6712
21049,6836
21016,6324
21016,6735
28812,11067
28394,12194
28202,11814
27890,11796
27858,11966
27778,11716
27057,11182
26897,10875
26849,11209
26625,10198
26521,9953
26473,9878
26189,10029
26149,9836
26133,10078
26033,9583
25809,9946
25745,9578
25365,9267
25333,8939
25189,9387
25013,9479
24965,8649
24885,8728
24869,8720
24653,9180
24621,8771
24589,8966
24585,8542
24425,8358
24353,8409
24337,8830
24329,8631
23754,8375
23742,7921
23722,8062
23690,7849
23614,7777
23606,8032
23570,9038
23566,8948
23498,8187
23494,8088
23430,7839
23236,7545
23204,7535
22947,7624
22851,7563
22851,7719
22755,7998
22731,7616
22354,7425
22354,7474
22322,7547
22258,7312
22258,7263
22226,7514
22106,6958
22106,7012
22098,7579
22062,6834
22062,7066
22030,6993
21858,6633
21858,6611
21842,6642
21834,6626
21746,6532
21722,6578
21722,6508
21634,6629
21626,6796
21618,6848
21618,6545
21586,6370
21586,6408
21570,6486
21570,6354
21238,6202
21238,6195
21234,6135
21234,6194
21206,6127
21206,6385
21198,6676
21198,6510
21198,6629
21164,6564
21163,6604
21130,6568
21130,6562
21032,6459
28236,12016
28140,12860
27908,12247
27812,12050
27732,11507
27139,12093
26995,11459
26755,10874
26739,10729
26635,10732
26335,11303
26303,10950
26263,10762
26151,10462
26147,10114
25923,10491
25479,9597
25447,9610
25351,9880
25303,9493
25127,9465
25079,9727
24983,9341
24767,9224
24735,9741
24703,9679
24699,9017
24555,9256
24523,9250
24467,9659
24451,9475
23868,9091
23856,8537
23836,8549
23804,8403
23728,8467
23720,8415
23684,8938
23684,9052
23680,8552
23612,8783
23608,8766
23350,8499
23318,8182
23318,8314
23029,8247
22965,8334
22869,8856
22845,7830
22845,7856
22468,7569
22436,7679
22436,7894
22372,7812
22340,7465
22220,7332
22220,7317
22212,7197
22176,7133
22176,7561
22144,7558
22144,7950
21972,7820
21956,7421
21948,7264
21860,7371
21860,7985
21836,7716
21748,7804
21740,7620
21732,7265
21732,7331
21700,6956
21700,6975
21684,6904
21684,7172
21352,7012
21352,7204
21348,7244
21348,7400
21320,6938
21320,7367
21312,7382
21312,6898
21278,6984
21278,7135
21277,6768
21244,6629
21244,6823
21146,6419
21130,6517
21130,6427
27990,11016
27926,13115
27285,11855
27253,11782
27077,11189
26869,11236
26853,11996
26701,10864
26449,11576
26377,10982
26361,10638
26265,10584
26261,10045
26005,10763
25593,9828
25561,9542
25449,10032
25241,9467
25193,9290
25113,9852
25097,9284
24881,9094
24849,10128
24817,9559
24813,8991
24637,8914
24581,9331
24565,9328
23982,8616
23970,8545
23950,9009
23950,9182
23918,8879
23842,8534
23834,8855
23798,8337
23794,8464
23726,8023
23722,8091
23464,7826
23464,7953
23432,8023
23143,8183
23079,7914
22983,8065
22983,7561
22959,7471
22582,7715
22550,7234
22550,7128
22486,7073
22454,6951
22454,7042
22334,7100
22326,7280
22326,7615
22290,7503
22258,7540
22258,7537
22086,7424
22070,7190
22062,7230
21974,7339
21974,7595
21950,6822
21862,7232
21854,7030
21846,6707
21846,6934
21814,7326
21814,6633
21798,7359
21798,6683
21466,6317
21466,6762
21462,6653
21462,6405
21434,6332
21434,6429
21434,6536
21426,6415
21426,6282
21392,6525
21391,6335
21358,6577
21358,6455
21358,6269
21260,6233
21244,6188
21244,6399
21212,6397
21212,6157
27399,10226
27367,11984
27191,10364
26983,10955
26967,10897
26815,10251
26563,10264
26531,10759
26475,9785
26379,9983
26375,10206
26119,9590
25707,10037
25675,10108
25563,9308
25531,9330
25355,9247
25227,9414
25211,9406
24995,9556
24963,9529
24931,9759
24927,9930
24783,9366
24751,9331
24695,9838
24679,9133
24096,8801
24084,8810
24064,9066
24032,9093
23956,9256
23948,8648
23948,8551
23912,8990
23908,9496
23840,9141
23836,9035
23578,8559
23578,8353
23546,8565
23257,8667
23193,8078
23097,8410
23097,8276
23073,7583
22696,7243
22664,7541
22664,7925
22600,7622
22568,7626
22568,7652
22448,7795
22440,7442
22440,7104
22404,7583
22372,7382
22372,6866
22200,6937
22200,6882
22184,6679
22088,6765
22088,6827
22064,6718
22064,6771
21976,6802
21968,6925
21960,7240
21960,7165
21928,7083
21928,7315
21912,7232
21912,7259
21580,7209
21580,7103
21576,6992
21576,6975
21548,7019
21548,6817
21540,6955
21540,7088
21540,7026
21506,6949
21505,6883
21472,6859
21472,6769
21472,6987
21374,6643
21358,6854
21326,7024
21326,6864
21326,6713
27401,10267
27273,12584
27225,11607
27001,10676
26897,11335
26849,11408
26565,11481
26525,10087
26509,10390
26409,10288
26185,9674
26121,9821
25741,9810
25613,9562
25565,9299
25389,9452
25341,9482
25261,9460
25245,9035
25029,8845
24997,9553
24965,9336
24961,8854
24785,9412
24729,9928
24713,9244
24210,8224
24210,8354
24198,8428
24178,8563
24146,8992
24070,8727
24062,8090
24026,8490
24022,8078
23954,8515
23950,8884
23886,8817
23692,8012
23660,8464
23403,7627
23307,7611
23307,8011
23211,8084
23187,8252
22810,7946
22810,7834
22778,7662
22714,7467
22714,7380
22682,7903
22562,7673
22562,8076
22554,8252
22518,7716
22518,7924
22486,7642
22314,8003
22314,7264
22298,7406
22290,7174
22202,7125
22202,7237
22178,7211
22090,7287
22082,7204
22074,7162
22074,7527
22042,6880
22042,6826
22026,7038
22026,6938
21694,6747
21694,7171
21690,6772
21690,7106
21662,6740
21662,6825
21662,6969
21654,6849
21654,7002
21620,7062
21619,7148
21586,6764
21586,6825
21586,7175
21488,6819
21472,6724
21440,6703
21440,6984
21440,6913
21247,6704
27387,10307
27339,11637
27115,10648
27011,10493
26963,10354
26679,10110
26639,10473
26623,10096
26523,10014
26299,9979
26235,10360
25855,9463
25823,9509
25679,9879
25503,9855
25455,9255
25375,9179
25359,9772
25143,9284
25111,9503
25079,8862
24931,9355
24899,9362
24843,8937
24827,8665
24324,8630
24312,9056
24292,8677
24292,8451
24260,8633
24184,8433
24176,8368
24140,9309
24136,9258
24068,8804
24064,8662
23806,8274
23806,9087
23774,8717
23485,8409
23421,8644
23325,8226
23325,8002
23301,8319
22924,8361
22892,8098
22892,8214
22828,7566
22796,8232
22796,7721
22676,6967
22668,7034
22668,7166
22632,7374
22600,7627
22600,7695
22428,7372
22412,7478
22404,7246
22316,7321
22316,7329
22292,7258
22292,7588
22204,6877
22196,6863
22188,6694
22156,6728
22156,6797
22140,6732
22140,6831
21808,7016
21808,7173
21804,7256
21804,7031
21776,6775
21776,6981
21776,6948
21768,6584
21768,7032
21734,6678
21733,6509
21700,6415
21700,6442
21700,6468
21602,6328
21586,6264
21554,6206
21554,6424
21554,6323
21361,6085
21361,6324
21361,6231
27189,10102
27069,10469
27021,11008
26825,10436
26753,10766
26737,10566
26641,10283
26413,10270
26381,10262
25969,9870
25937,9582
25825,9555
25617,9609
25569,9153
25489,9062
25473,9482
25257,9422
25225,9029
25193,8905
25189,9417
25029,9348
25013,9339
24957,8904
24933,8778
24438,8883
24426,9046
24406,8632
24374,8568
24298,8274
24290,8658
24254,9238
24250,8931
24250,8712
24182,8666
24114,9080
23920,9850
23888,8447
23888,8392
23599,8642
23535,8747
23439,8455
23415,8127
23415,8406
23038,7801
23006,9256
23006,8135
22942,7695
22910,7834
22910,8398
22790,9154
22782,8110
22782,7912
22746,8429
22714,7664
22714,8311
22542,8685
22542,8509
22518,8870
22430,7979
22430,7973
22406,8509
22406,8713
22318,8426
22310,8231
22302,7950
22302,7927
22270,7924
22270,8376
22254,8542
22254,8079
21922,7163
21922,7191
21918,7257
21918,7171
21890,7102
21890,7382
21882,7430
21882,7621
21848,7191
21848,7535
21847,7448
21814,7038
21814,7412
21716,6931
21716,6998
21700,7058
21668,6943
21668,7095
21668,7284
21475,7087
21475,7308
21451,7156
27287,10684
27183,11969
26939,12127
26907,11961
26867,12093
26755,12744
26751,12027
26527,12570
26463,11941
26051,10374
25955,10292
25907,9870
25731,10637
25683,10419
25603,9994
25587,9786
25339,9626
25307,9250
25303,9804
25159,9693
25127,9165
25071,9434
25055,9500
24552,9002
24540,9134
24520,9415
24488,9198
24488,8877
24412,8927
24404,8855
24368,9737
24364,9414
24296,8679
24292,8593
24034,8785
24034,9422
24002,8540
23745,8245
23649,8211
23649,8416
23553,8370
23529,8402
23152,7842
23152,7845
23120,7760
23056,7799
23024,8285
23024,8431
22904,7705
22896,8262
22896,7867
22860,7761
22860,7922
22828,8072
22656,7869
22656,7606
22640,7683
22632,7509
22544,7516
22520,7466
22520,7480
22432,7813
22424,7831
22416,7785
22416,7407
22384,7669
22384,7215
22368,7120
22368,7327
22036,7493
22036,7639
22032,7552
22032,7592
22004,7245
22004,7344
21996,7424
21996,7030
21996,7545
21962,7480
21961,7583
21928,7385
21928,7630
21830,7229
21830,6808
21814,6953
21782,6790
21782,6927
21782,6757
21589,6843
21589,6983
21589,7027
21565,7219
27289,10666
27241,11806
27021,11545
26981,11259
26965,10763
26865,11209
26641,11615
26609,10700
26197,10424
26165,10074
26053,10543
25845,10555
25797,10182
25717,10192
25701,10341
25485,10017
25453,9917
25421,10633
25417,9899
25257,9555
25241,9557
25185,9369
25161,9328
24666,9210
24654,9326
24634,9480
24602,9109
24526,9362
24518,9595
24518,9268
24482,8981
24478,8999
24410,9176
24406,9498
24148,9012
24148,8651
24116,9097
23859,8725
23763,8356
23763,8837
23667,8390
23643,8772
23266,8295
23266,8185
23234,7973
23170,8002
23170,8002
23138,8173
23018,8585
23018,7887
23010,8120
22974,8099
22974,7598
22942,8302
22942,8805
22770,8123
22770,7577
22746,7711
22658,7583
22658,7823
22634,7749
22634,7940
22546,7494
22538,7594
22530,7514
22530,7524
22498,7790
22498,8595
22482,8326
22482,8154
22150,8456
22150,7795
22146,7118
22146,7371
22118,7603
22118,7532
22118,7683
22110,7357
22110,7230
22076,7821
22075,7652
22075,7607
22042,7722
22042,7538
21944,7436
21928,7713
21928,7110
21896,7201
21896,7181
21896,6562
21703,6881
21703,6801
27587,10847
27571,11888
27467,11768
27419,11614
27135,11137
27095,11319
27079,11640
26979,11302
26755,10689
26723,10369
26311,10269
26279,10966
26167,10665
25959,10388
25911,10622
25831,10228
25815,9905
25599,9721
25567,9493
25535,9664
25531,9667
25387,9390
25355,9482
25299,10123
25283,9989
24780,9355
24768,9540
24748,9197
24716,9255
24716,9153
24640,9306
24632,9305
24596,8680
24592,9345
24524,8946
24524,9088
24456,8897
24262,8635
24230,8944
23973,8764
23941,8648
23877,8335
23781,8596
23757,8299
23757,8699
23380,8122
23348,8245
23348,8041
23284,8165
23252,7882
23252,8154
23132,8464
23132,8102
23124,7871
23088,7662
23088,8035
23056,8133
23056,8046
22884,8240
22868,7744
22860,7643
22772,8170
22772,8536
22748,8361
22748,7932
22660,7829
22652,7927
22644,8083
22644,8462
22612,8425
22612,8750
22596,7739
22596,7642
22264,7446
22264,7425
22260,7790
22260,8051
22260,8339
22232,7831
22232,7744
22224,7695
22224,7760
22190,7914
22189,8122
22189,7690
22156,7415
22156,7205
22058,7272
22058,7028
22042,7161
22010,6699
22010,6614
28630,12113
28197,12321
28037,12589
27989,12020
27765,12545
27661,11549
27613,12466
27329,11553
27289,11464
27273,11754
27177,11324
26949,11379
26917,11478
26505,10490
26473,10428
26361,10705
26153,11035
26105,10717
26025,10150
26009,10523
25793,10333
25761,10647
25729,10863
25725,10502
25565,10202
25549,9703
25493,9519
25469,10113
24894,9559
24882,9275
24862,9542
24830,9443
24754,9115
24746,9311
24710,9302
24710,9589
24706,9167
24638,9497
24634,9291
24376,8908
24344,8840
24344,9484
24055,9369
23991,8473
23895,8547
23895,8613
23871,8874
23494,8403
23462,8204
23462,8118
23398,8008
23366,8531
23366,8636
23246,8060
23238,7861
23238,7796
23202,8470
23170,8358
23170,8241
22998,7656
22998,7734
22982,7631
22974,7582
22886,7686
22862,8270
22862,7615
22774,8072
22766,7480
22758,7442
22758,7437
22726,7342
22726,7917
22710,7649
22710,7711
22378,7305
22378,7414
22374,7472
22374,7328
22346,7267
22346,7311
22338,7286
22338,7168
22338,7202
22304,7479
22303,7369
22270,7311
22270,7304
22270,7304
22172,7344
22156,7158
22124,7157
22124,7059
28808,12381
28311,12885
28151,12232
28103,12413
27895,12281
27775,12044
27727,12007
27475,12164
27403,11556
27387,12218
27291,11547
27063,11336
27031,11496
26619,11093
26587,10468
26475,10621
26267,10115
26219,10200
26139,11274
26123,10543
25907,10519
25875,10743
25843,9755
25839,10436
25679,9999
25663,9776
25607,10071
25583,9913
25008,9206
24996,10097
24976,9607
24944,9304
24868,9750
24860,9742
24824,9041
24824,9361
24820,9536
24752,9284
24748,9044
24490,9411
24458,9194
24458,8873
24169,9186
24105,9100
24009,8850
24009,8577
23985,8604
23608,8819
23576,9345
23576,8443
23512,8215
23480,8446
23480,9209
23360,8862
23352,8084
23352,8234
23316,8679
23316,8614
23284,8578
23112,7982
23112,7831
23096,7808
23088,9067
23000,8119
22976,8389
22976,7760
22888,7796
22880,7678
22872,7931
22872,8089
22840,8092
22840,7639
22824,8277
22824,7598
22492,7743
22492,8454
22488,7949
22488,7692
22460,7814
22460,7710
22460,7322
22452,7563
22452,7813
22418,7862
22417,7764
22384,7463
22384,7716
22384,7451
22286,7178
22270,7589
22270,7825
22238,7568
28994,12355
28425,12748
28393,12158
28217,13608
28009,13731
27993,13158
27841,13468
27589,12445
27557,12814
27501,11989
27405,11886
27401,11298
27177,11589
26733,10978
26701,10941
26589,11089
26557,10516
26381,11170
26333,10843
26237,10234
26021,10180
25989,10082
25957,9860
25953,10790
25809,10156
25777,9719
25721,10347
25705,9816
25122,9413
25110,9570
25090,9424
25058,9222
24982,9884
24982,9915
24974,9087
24938,9955
24934,9614
24866,9581
24862,9078
24604,9653
24604,9053
24572,8724
24315,8948
24219,9074
24123,8743
24123,8448
24099,8859
23722,9140
23722,8653
23690,8303
23626,8213
23594,7936
23594,8516
23474,8276
23466,8197
23466,7962
23430,7883
23430,8144
23398,8727
23226,8154
23226,8206
23210,8584
23202,7791
23114,7888
23090,8166
23090,7965
23002,8050
22994,8446
22986,7500
22986,7617
22954,7873
22954,8392
22938,8106
22938,7842
22606,7591
22606,6973
22602,7271
22602,7425
22574,7658
22574,7843
22566,7718
22566,7696
22566,7665
22532,7471
22531,7339
22498,7173
22498,7372
22498,7798
22400,7617
22384,7759
22352,7198
22352,8126
29036,12310
28539,12653
28379,12337
28331,12083
28107,12393
28003,12533
27955,12070
27671,11980
27631,12459
27615,13192
27519,12592
27291,12107
27259,11817
26847,11794
26815,10947
26703,11126
26495,11329
26447,11401
26367,10424
26351,11086
26135,10710
26103,10869
26071,10658
26067,10197
25907,10454
25891,10157
25835,9757
25811,9888
25236,9457
25224,10068
25204,10873
25172,10572
25096,10582
25088,10769
25052,10622
25048,10501
25048,10974
24980,9932
24912,10037
24718,10042
24686,9585
24429,9383
24397,9617
24333,9454
24237,9767
24213,10314
24213,10118
23836,9536
23804,8936
23740,8524
23740,8419
23708,8483
23588,8161
23588,8430
23580,8607
23544,8848
23544,9205
23512,8563
23512,8807
23340,8764
23324,8347
23316,8547
23228,8810
23228,8853
23204,8154
23204,8042
23116,7769
23100,8157
23100,8447
23068,8476
23068,7694
23052,7717
23052,7781
22720,8075
22720,8035
22716,8195
22716,7661
22716,7494
22688,8306
22688,8086
22680,8168
22680,8254
22646,7450
22645,7606
22645,7438
22612,8498
22612,8185
22514,7687
22498,8078
22498,7488
22466,7348
22466,7523
28653,12173
28621,13403
28445,12491
28237,12679
28117,12482
28069,12651
27817,11445
27745,13120
27729,11443
27633,12258
27629,11725
27373,12060
26961,11195
26929,11812
26817,11099
26609,10917
26561,10875
26481,11024
26465,11294
26249,10018
26217,10818
26185,10636
26181,10362
26021,10942
26005,10035
25949,11186
25925,10406
25350,9322
25338,10298
25318,9743
25286,9315
25210,10043
25202,9963
25166,9733
25162,10211
25094,10408
25094,9846
25026,9787
24832,9040
24800,9462
24543,9476
24447,9711
24447,9892
24351,9105
24327,8492
23950,8872
23950,8869
23918,8415
23854,8351
23822,8501
23822,9050
23702,8525
23694,8160
23694,8269
23658,8292
23626,9172
23626,8840
23454,8857
23454,8790
23438,9016
23342,8646
23342,8522
23318,8628
23318,8910
23230,9799
23222,9279
23214,8904
23214,8963
23182,8744
23166,7998
23166,7749
22834,7647
22834,7793
22830,8262
22830,8866
22830,7730
22802,7603
22802,7451
22794,7673
22794,8179
22760,8110
22759,7957
22726,7520
22726,7560
22726,7397
22628,7615
22612,7940
22580,7960
22580,7679
22580,7665
22387,7407
22387,7239
28415,12061
28255,12884
28151,12804
27851,11663
27819,12379
27779,12071
27763,12232
27663,11323
27439,11742
27375,11682
26995,11404
26867,11205
26819,10822
26643,11683
26595,11181
26515,10927
26499,10655
26283,11120
26219,11193
26215,10357
26071,10307
26039,10954
25983,10299
25967,10908
25464,9860
25452,9499
25432,9945
25400,9799
25324,9626
25324,9956
25316,10281
25280,9981
25276,10420
25208,10454
25204,9768
24946,9715
24946,9571
24914,9299
24625,9236
24561,9238
24465,9185
24465,8881
24441,9183
24064,8777
24032,9185
24032,9442
23968,9430
23936,8641
23936,8364
23816,8557
23808,8869
23808,9263
23772,8820
23740,8342
23740,8549
23568,8700
23552,8763
23544,8637
23456,7979
23456,8583
23432,8422
23432,8315
23344,8400
23328,7932
23328,8495
23296,8195
23296,8753
23280,7913
23280,7959
22948,8162
22948,8129
22944,7847
22944,7963
22916,7679
22916,7600
22916,7691
22908,8459
22908,8160
22874,8103
22873,8174
22840,7607
22840,7547
22840,7818
22742,8265
22726,8140
22694,7656
22694,7866
22694,7455
22501,7897
22501,7795
22477,7723
22477,7939
28153,11755
27965,12170
27933,11979
27877,12123
27781,12073
27777,11721
27521,12062
27109,11418
27077,11445
26965,11114
26933,12565
26709,11996
26629,11393
26613,12157
26397,11301
26365,11218
26333,12070
26329,10917
26153,10478
26097,10602
26081,10841
25578,10622
25566,10569
25546,9764
25514,9958
25438,9508
25430,9604
25394,9845
25394,9499
25390,9919
25322,10087
25254,9493
25060,10392
25028,10778
24771,10145
24675,10200
24675,9933
24579,9574
24555,9385
24178,9912
24146,8804
24146,9056
24082,9139
24050,9041
24050,8876
23930,8450
23922,9004
23886,9028
23886,8482
23854,8991
23682,8081
23682,8620
23666,8722
23570,8107
23570,8724
23546,8492
23546,8666
23458,8472
23442,8345
23442,8014
23410,8189
23410,8724
23394,8341
23394,8647
23062,7650
23062,7890
23058,8369
23058,8190
23030,8349
23030,8198
23022,8364
23022,9281
22988,8580
22987,8073
22954,7995
22954,8648
22856,8306
22840,8384
22808,8158
22808,7594
22808,7508
22615,7454
22615,7514
22591,8117
22583,7783
22583,8097
22551,7922
22551,7805
22543,8155
22543,8045
22543,7951
22483,7408
27107,10642
26963,11440
26787,10792
26739,10891
26659,10784
26643,10229
26427,10131
26395,11180
26363,10416
26359,9956
26199,9717
26183,9921
26127,9567
26103,10708
25692,9943
25680,9882
25660,10708
25628,10814
25552,10127
25544,10548
25544,9926
25508,10160
25504,10076
25436,9518
25432,9446
25174,10416
25174,9952
25142,9328
24885,10225
24789,9933
24789,9181
24693,10489
24669,9791
24669,9184
24292,8653
24260,8999
24260,8838
24196,8636
24164,9004
24164,9050
24044,9232
24036,8634
24036,8725
24000,8873
23968,8642
23968,8919
23796,8310
23796,9130
23780,8634
23772,9048
23684,8552
23684,9404
23660,8448
23572,8174
23564,8449
23556,8576
23556,8697
23524,8282
23524,8194
23508,8315
23508,9161
23508,8526
23176,7825
23176,8537
23172,8020
23172,8199
23144,7967
23144,8300
23136,7861
23136,7861
23136,7812
23102,8522
23101,8311
23068,7709
23068,7681
23068,7782
22970,8048
22954,8288
22954,8227
22922,8112
22922,7714
22729,7728
22729,7779
22729,8524
22705,8318
22705,7604
22697,7759
22697,7383
22665,7587
22665,8648
22665,7910
22657,7551
27713,11479
27681,11886
27313,11911
27281,11945
27169,11512
27137,11702
26913,11103
26833,11274
26817,12166
26601,11339
26569,11032
26537,11030
26533,12176
26389,11891
26357,12297
26301,11921
26285,11338
25806,11209
25794,10693
25774,10289
25742,10446
25742,11477
25666,11046
25658,10590
25622,11639
25618,10830
25550,11027
25546,10373
25482,11334
25288,10437
25256,9507
24999,9760
24967,9632
24903,9243
24807,9645
24783,10270
24783,9663
24406,9516
24374,9932
24374,9363
24310,9231
24278,9985
24278,9600
24158,9094
24150,8568
24150,9378
24114,8694
24082,8440
24082,8964
23910,8799
23910,8498
23894,8361
23886,8637
23798,9028
23774,9145
23774,8801
23686,8059
23678,8703
23670,8807
23670,8128
23638,8331
23638,9011
23622,9228
23622,8579
23290,7808
23290,7995
23290,8012
23286,8965
23286,8357
23258,7793
23258,7853
23250,8631
23250,8335
23250,8372
23216,8068
23215,8452
23182,7819
23182,8081
23182,8149
23084,9008
23068,7619
23068,7619
23036,7765
23036,8467
22843,8582
22843,7883
22843,7470
22819,7576
22819,8180
22811,8032
22811,7958
22779,8510
28191,11967
28175,13071
28079,12755
28075,12709
27819,11827
27439,12406
27407,11756
27295,12341
27263,12194
27087,11544
27039,10920
26959,11792
26943,11368
26727,11454
26663,10846
26659,10758
26515,11205
26499,10866
26483,11282
26427,10405
26403,10307
25920,10219
25908,10134
25888,10253
25856,10547
25780,9551
25772,9378
25772,9386
25736,9277
25732,9140
25664,9389
25660,9575
25402,9095
25402,9171
25370,9032
25113,9397
25017,8945
25017,8604
24921,8569
24897,8707
24897,8901
24520,8879
24488,8855
24488,8956
24424,8873
24392,9235
24392,9010
24272,8475
24264,8596
24264,9364
24228,8613
24228,8408
24196,8336
24196,9395
24024,9171
24008,8453
24000,8404
23912,8796
23912,8655
23888,8270
23888,8570
23800,8564
23792,8619
23784,8377
23784,8091
23752,8039
23752,9181
23736,8552
23736,8033
23404,7744
23404,8128
23400,8360
23400,8512
23400,8195
23372,7681
23372,7759
23364,8127
23364,8361
23330,8650
23330,7813
23329,7767
23296,7816
23296,8618
23296,8360
23198,7808
23182,7925
23150,7508
23150,7610
23150,8695
22957,8128
22957,7611
22957,8088
28785,12088
28769,13807
28617,13498
28421,12467
28389,13276
28349,13155
28237,12468
28233,12655
28009,13307
27945,12131
27565,12103
27437,11832
27389,12426
27213,11717
27165,11714
27085,11371
27069,12182
26853,11951
26821,11982
26789,11840
26785,12430
26625,11985
26609,11766
26553,11226
26537,10926
26034,10284
26022,10648
26002,11367
25970,9985
25894,10530
25894,10031
25886,10566
25850,10804
25846,10896
25778,10121
25774,11033
25710,10290
25516,10688
25484,9859
25227,9551
25195,9882
25131,9259
25035,9352
25035,10574
25011,9684
24634,9729
24602,10236
24602,9338
24538,9373
24506,9325
24506,8888
24386,8766
24386,9233
24378,9320
24342,8809
24342,9740
24310,9505
24310,9520
24138,8546
24122,8554
24114,8852
24026,8714
24026,8487
24002,8360
24002,8442
23914,8722
23906,8669
23898,8377
23898,8277
23866,8960
23866,8689
23850,8489
23850,8224
23518,8151
23518,8320
23518,8380
23514,8209
23514,7911
23486,7966
23486,8381
23478,8553
23478,8100
23478,7931
23444,8768
23443,8428
23410,8329
23410,8271
23410,7925
23312,7801
23312,8391
23296,8214
23264,8121
30020,17602
29940,15263
29451,14831
29291,15317
29243,14436
29019,16165
28915,15186
28867,13739
28615,13895
28543,12331
28527,12801
28431,12790
28427,13258
28171,16554
27759,12797
27727,12673
27615,12510
27583,12697
27407,12983
27359,11439
27279,11619
27047,11260
27015,11167
26983,12940
26979,11237
26835,10914
26803,10594
26747,11085
26731,10763
26148,10281
26136,10418
26116,10632
26116,10467
26084,10817
26008,10445
26000,10221
25964,10705
25960,9869
25892,10639
25888,10917
25824,9604
25630,9910
25598,9837
25341,9244
25309,9332
25245,9710
25149,9055
25125,9198
25125,10119
24748,9110
24716,9403
24652,10151
24652,9331
24620,9389
24500,9835
24500,9264
24492,9310
24492,9734
24456,9168
24424,9197
24424,9759
24252,9538
24252,8967
24228,8618
24140,9081
24140,9088
24116,8561
24116,9468
24028,8819
24020,9021
24012,9894
24012,8603
23980,9059
23980,8946
23964,8485
23964,9111
23632,11206
23632,11286
23628,8462
23628,8281
23600,8491
23600,8772
23592,8398
23592,11306
23558,8438
23558,8139
23557,8869
23524,8548
23524,8157
23426,8180
23426,8720
23410,8507
30302,13168
30206,13977
30126,13821
29533,13270
29389,13541
29149,13377
29133,12711
28981,12871
28729,12598
28697,12607
28641,12534
28545,12545
28541,12643
28317,12009
27873,11865
27841,12000
27729,11791
27697,11508
27521,11789
27393,11522
27377,10990
27161,11981
27129,11160
27097,11360
27093,11453
26933,10770
26917,11103
26861,10998
26837,10896
26262,10273
26250,10666
26230,10358
26198,10594
26122,9852
26114,10298
26078,10030
26074,10162
26074,10559
26006,9613
25938,9986
25744,10062
25712,9613
25455,9942
25423,9559
25359,9775
25263,9248
25239,9278
24862,9229
24862,8851
24830,8861
24766,8990
24766,8746
24734,9127
24614,8738
24614,8396
24606,9191
24570,8791
24570,8753
24538,8447
24366,8513
24366,8514
24350,8809
24254,8311
24254,8091
24230,8414
24230,8603
24142,8437
24134,8071
24126,8339
24126,8130
24094,8447
24078,8549
24078,8200
23746,8021
23746,8116
23742,8270
23742,7700
23714,7775
23714,7701
23714,8118
23706,8285
23706,7978
23672,7899
23671,7714
23638,7900
23638,8327
23540,8098
23540,8204
23524,7757
23492,7775
23492,8389
23492,8267
29567,13305
29423,14009
29183,13859
29167,13260
29015,13328
28763,12671
28731,12323
28675,11813
28579,12103
28575,11983
28319,12112
27907,11865
27875,11515
27763,11167
27555,11143
27507,11736
27427,11175
27411,11368
27195,10569
27163,11147
27131,10696
27127,10452
26967,10730
26951,10527
26895,11473
26376,9811
26376,10089
26364,9651
26344,10249
26312,10473
26236,10712
26228,10667
26192,10078
26188,9834
26120,10447
26116,10632
25858,9476
25858,9735
25826,9868
25537,9407
25473,9414
25377,9077
25377,9154
25353,9263
24976,8867
24944,8937
24944,8933
24880,9005
24848,8889
24848,9101
24728,9261
24720,9411
24720,9459
24684,8799
24652,9618
24652,9058
24480,9182
24464,8583
24456,9096
24368,9124
24368,9114
24344,8479
24256,8080
24248,8279
24240,8603
24240,8461
24208,8545
24208,9188
24192,8451
24192,8433
23860,8749
23860,8313
23856,8685
23856,8141
23828,8490
23828,8342
23820,8104
23820,8432
23820,8289
23786,8261
23785,8469
23752,8577
23752,7988
23654,9076
23654,8339
23638,7901
23606,7950
23606,8097
23606,8094
23413,7658
23413,7889
23389,7936
29225,12632
29121,12931
28877,12834
28845,13434
28805,12514
28789,12579
28689,12487
28465,12211
28401,11712
28021,11944
27893,11277
27845,12399
27669,11566
27621,11372
27541,10862
27525,11520
27309,10822
27277,10752
27245,10920
27241,11388
27081,10742
27065,10367
27009,10845
26985,11110
26490,10362
26478,10490
26458,10097
26426,9945
26350,10282
26342,9933
26306,10028
26302,10358
26302,10104
26234,10224
26166,10275
25972,10075
25940,10510
25940,9789
25651,9398
25587,9282
25491,9660
25491,9506
25467,9701
25090,9111
25058,9620
25058,9245
24994,9422
24962,9673
24962,9439
24842,8641
24834,9267
24834,9366
24798,8944
24798,9088
24766,9124
24594,8859
24594,8759
24578,8572
24570,8551
24482,8775
24458,8837
24458,8936
24370,8333
24362,8635
24354,8770
24354,8732
24322,8540
24322,8281
24306,8791
24306,9145
23974,8532
23974,8134
23970,8537
23970,8450
23970,8588
23942,8467
23942,8225
23934,8403
23934,8030
23900,8570
23899,8407
23899,8499
23866,8164
23866,7912
23768,8397
23768,8381
23752,8544
23720,7835
23720,8180
23720,7817
23527,8219
23527,8247
29555,12064
29395,12856
29291,13337
29243,13079
28959,12866
28919,12889
28903,12535
28807,11958
28579,12243
28547,12225
28135,11830
28103,11769
27991,11662
27959,11785
27783,11381
27655,11622
27639,12121
27423,11047
27391,11647
27359,11144
27355,11203
27211,10686
27179,11156
27123,11389
27107,10516
26604,10474
26604,10048
26592,10512
26572,10550
26540,9855
26464,10523
26456,9963
26420,9903
26416,10668
26416,9948
26348,10014
26344,10366
26086,9607
26054,10079
26054,10937
25765,9949
25701,9896
25701,9805
25605,9244
25581,9792
25204,9612
25204,8868
25172,9583
25108,9287
25108,9456
25076,9654
24956,9195
24956,9174
24948,9145
24948,9133
24912,9286
24880,8893
24880,9288
24708,8810
24708,8470
24692,8945
24684,9195
24596,8528
24572,8463
24572,9075
24484,8822
24476,8559
24468,8362
24468,8881
24436,8977
24436,9403
24420,8363
24420,8711
24088,8769
24088,8432
24088,8072
24084,8067
24084,8518
24056,8591
24056,8077
24048,8039
24048,8380
24014,8561
24014,8462
24013,8045
23980,7935
23980,8758
23882,8502
23882,8006
23866,7862
23834,7828
23834,8161
30454,13383
30021,14388
29861,13481
29813,13066
29589,13332
29485,13409
29437,13000
29153,12250
29113,12662
29097,12703
29001,12786
28773,12701
28741,12964
28329,12368
28297,12304
28185,11815
28153,11894
27929,11654
27849,11171
27833,11448
27617,11160
27585,11211
27553,11263
27549,11709
27405,11192
27373,11167
27317,11291
27301,10608
26718,10246
26706,10545
26686,10497
26654,10810
26578,10448
26578,10067
26570,10303
26534,10419
26530,10429
26462,10339
26458,10127
26200,9795
26200,10648
26168,10111
25911,9780
25815,9680
25815,9397
25719,9447
25695,10135
25318,9460
25318,9079
25286,9242
25222,9385
25222,9029
25190,9163
25070,9525
25070,9277
25062,8775
25026,8876
25026,9174
24994,9086
24994,8993
24822,9196
24806,9260
24798,8883
24710,8487
24710,8649
24686,9328
24686,8784
24598,8501
24582,8400
24582,9141
24550,8902
24550,8504
24534,8346
24534,8435
24202,8667
24202,9326
24202,8316
24198,8153
24198,8557
24170,8576
24170,9216
24162,8727
24162,8190
24128,8198
24128,8635
24127,8311
24094,8473
24094,8524
23996,8090
23996,8532
23980,8089
23948,8018
30704,12988
30624,14091
30103,13713
29959,13047
29719,13807
29703,12510
29599,12789
29299,12532
29267,13075
29227,12857
29115,12994
29111,12803
28887,12514
28823,12832
28443,12161
28315,12015
28267,12480
28091,11656
28043,12162
27963,12269
27947,12100
27731,11653
27699,11705
27667,11255
27663,11691
27503,11026
27487,11556
27431,11286
27407,11142
26832,10834
26820,10512
26800,10922
26768,10260
26692,10834
26684,11029
26648,10103
26644,10925
26644,10635
26576,10976
26508,9959
26314,10512
26282,11086
26282,10221
25993,9928
25929,10052
25833,9601
25833,10422
25809,10114
25432,9843
25400,10040
25400,9239
25336,9179
25304,9778
25304,9204
25184,9247
25176,9710
25176,9524
25140,8902
25140,9120
25108,9582
24936,8932
24936,9154
24920,9348
24912,8821
24824,8816
24824,9281
24800,9104
24712,8846
24704,8903
24696,9189
24696,8611
24664,8803
24664,9306
24648,9064
24648,8542
24316,8310
24316,9170
24316,9255
24312,8383
24312,8603
24284,8850
24284,8627
24276,8382
24276,8618
24242,8876
24242,9304
24241,8332
24208,8297
24208,8479
24208,8705
24110,8212
24094,8643
30986,13725
30954,15230
30874,14916
30249,14696
30089,14566
30041,14169
29833,14231
29713,13818
29665,13443
29413,13788
29341,13349
29325,13536
29229,13018
29225,13863
28969,12350
28557,12942
28525,12974
28413,12292
28381,13357
28157,13051
28077,13000
28061,12275
27845,12306
27813,12468
27781,12446
27777,12085
27617,12346
27601,12385
27545,11626
27521,12137
26946,11282
26934,11805
26914,11161
26882,11779
26806,11702
26798,11548
26762,11796
26762,10936
26758,11495
26690,11258
26686,10900
26428,10833
26396,11274
26396,11500
26107,11109
26043,10345
25947,10502
25947,10696
25923,10023
25546,10208
25514,10165
25514,10528
25450,9956
25418,9444
25418,9754
25298,9162
25290,9318
25290,10440
25254,9571
25222,9968
25222,10281
25050,9452
25050,10023
25034,9892
24938,8967
24938,9259
24914,9376
24914,8960
24826,8820
24818,9397
24810,8813
24810,9272
24778,9850
24778,9389
24762,9563
24762,9375
24430,8753
24430,8613
24426,9216
24426,8459
24398,8688
24398,8952
24398,10150
24390,8521
24390,8723
24356,8912
24355,8547
24322,8694
24322,9696
24322,9369
24224,8827
24208,9459
31100,14066
31068,15934
30988,14625
30363,14083
30331,14109
30155,14503
29947,13767
29827,13781
29779,13731
29527,13302
29455,12744
29439,13305
29343,13506
29339,13269
29083,12205
28671,12539
28639,12801
28527,12253
28495,13108
28271,11896
28191,12765
28175,12119
27959,12639
27927,11872
27895,12057
27891,11235
27731,12010
27715,11442
27659,12103
27635,12149
27060,11225
27048,11014
27028,12119
26996,11069
26920,11568
26912,11009
26876,10734
26872,10626
26872,10827
26804,11078
26736,10792
26542,11665
26510,10865
26253,10352
26221,9995
26157,10475
26061,10368
26037,10021
26037,10516
25660,9431
25628,9314
25628,9825
25564,9741
25532,9112
25412,9569
25412,9527
25404,9179
25368,9263
25368,9419
25336,9048
25336,9096
25164,9291
25148,9460
25140,8856
25052,9476
25052,9229
25028,8781
25028,8974
24932,9088
24924,8785
24924,8752
24892,10447
24892,9818
24876,8961
24876,10956
24544,8567
24544,8584
24540,9029
24540,9058
24512,8521
24512,8453
24512,8856
24504,8840
24504,8720
24470,8624
24469,9067
24436,8426
24436,8510
24436,8616
24338,8746
24322,8887
24290,8316
43779,25482
43587,26581
42386,26090
41874,25119
41602,23762
41098,26200
40770,23407
40514,23609
39986,22729
39746,22990
39674,22714
39458,22365
39190,22475
38390,21853
37574,20863
37302,20487
36998,20321
36886,20547
36398,20275
36150,19052
36070,18793
35622,18746
35502,18478
35410,18610
35242,18710
34858,17808
34730,18199
34574,17341
34446,18014
33571,17010
34248,18084
34128,17736
34032,18240
33832,17124
33796,17934
33680,17860
33652,17605
33636,17995
33516,17546
33061,17243
32483,16371
32195,16587
32163,16408
31506,16032
31282,16078
31034,15694
30938,15159
30858,15241
30169,14407
30041,13897
29993,14020
29793,13960
29697,13328
29405,13386
29373,13505
29333,13016
29317,13733
29225,13131
29001,12870
28937,13107
28589,12112
28461,12811
28413,12743
28253,13482
28205,13362
28125,13529
28109,13606
27909,12961
27877,13306
27845,13223
27841,12768
27685,12161
27613,11570
27613,11823
27589,12398
27067,11978
27055,12166
27035,12069
27003,11321
26931,12021
26923,11700
26887,10893
26883,11880
26821,11117
26821,10991
26753,10566
26560,11239
26528,11413
26286,10649
26254,10811
26190,10166
26102,9957
44866,25688
44538,26807
43363,26269
42931,25962
42219,24223
42091,24618
41747,23824
41035,24333
40923,24417
40739,23976
40667,22808
40371,24524
39571,24048
39251,21128
38451,21458
37939,21067
37779,20577
37435,19679
37211,19170
36955,19059
36883,19968
36403,19758
36291,19369
36191,19154
36023,19054
35615,17951
35487,17737
35315,17828
35187,17552
34254,18320
34931,18372
34791,18010
34703,18204
34483,18343
34455,18309
34331,18059
34303,17482
34165,17610
34160,18074
33705,17684
33064,16908
32808,16024
32247,15354
32055,15546
31815,15670
31551,15116
31455,14665
31375,14576
30662,14648
30518,14376
30486,14103
30262,13848
30158,15528
29858,15274
29826,14354
29786,13946
29770,13996
29670,13622
29446,13862
29382,13595
29006,12892
28878,12678
28830,13115
28654,12974
28606,12759
28526,12633
28510,13089
28294,12526
28262,13102
28230,12581
28226,12430
28066,12592
28050,12557
27994,12201
27970,11906
27400,12869
27388,11405
27368,12006
27336,11933
27260,11137
27252,12146
27216,11280
27212,12004
27144,11217
27144,12138
27076,11836
26882,11812
26850,11277
26593,10625
26561,10656
26497,11096
26401,10595
45165,26454
44837,26844
43634,26567
43202,25358
42946,24533
42362,25468
42018,24078
41294,25092
41182,23831
40998,24244
40926,24238
40630,24103
39830,22521
39510,22770
38702,21229
38190,21394
38030,21314
37678,21345
37486,20657
37198,20041
37126,20190
36638,20264
36526,19956
36426,20384
36258,19059
35850,18414
35722,18903
35550,18789
35422,17952
35200,19303
35152,18762
35028,18042
34924,18820
34704,17733
34676,18432
34552,18195
34524,17994
34382,17446
34377,17620
33922,17536
33313,17043
33025,16391
32463,16672
32271,15657
32031,15020
31767,15201
31671,14865
31591,15305
30859,14605
30715,14481
30683,14796
30459,14730
30355,13858
30055,13643
30023,13575
29983,13378
29967,13961
29867,13674
29643,13502
29579,13738
29199,12679
29071,13037
29023,12547
28847,13099
28799,13362
28719,13076
28703,12891
28487,11844
28455,12396
28419,11803
28275,12288
28243,12110
28187,12956
28171,12787
27583,11649
27571,11733
27571,11631
27551,11796
27519,11515
27443,11795
27435,11335
27399,11398
27395,11868
27327,11442
27323,11834
27259,10964
27065,11245
27033,12158
26776,10459
26680,11239
26680,10895
26584,10409
45332,26129
44067,27209
43747,26256
43155,25766
42667,25296
42523,25295
42067,28388
41439,27009
41351,23783
41119,24215
40895,23153
40615,22829
39943,22227
38895,23499
38655,22503
38303,21027
38183,20441
37791,20672
37391,21002
37311,19991
36831,19456
36727,19354
36615,19094
36499,19051
36075,18857
35899,18705
35727,18694
35599,18455
34668,17820
35329,18358
35229,18902
35101,18106
34881,18427
34845,17884
34721,18555
34709,18444
34677,18543
34547,17873
34091,17944
33482,17191
33194,16492
33162,16272
32440,16324
32200,15262
31936,15436
31840,15643
31760,15378
31027,14507
30899,14605
30851,14892
30627,13952
30523,14488
30223,14325
30191,13498
30151,13752
30039,15242
30035,13650
29811,13411
29747,13550
29335,13172
29239,13270
29191,13266
29015,13378
28967,13198
28887,12297
28871,13241
28623,13795
28591,13407
28587,13803
28443,13531
28411,13002
28355,13651
28339,12010
27750,13186
27738,12829
27718,12171
27686,11356
27610,12501
27602,11545
27602,12194
27566,11058
27562,11709
27494,11789
27490,12002
27232,11709
27200,11354
27200,11473
26911,11917
26847,10972
26751,12266
26727,11447
26727,10723
43850,23274
43466,25156
43162,25567
42578,25446
42234,23077
42074,22651
41398,22079
41214,21672
41142,22124
40846,21966
40046,20620
39726,20642
38918,20147
38406,19721
38246,19799
37894,19140
37670,19203
37414,19201
37342,18684
36854,17857
36742,20077
36538,19595
36114,19063
35954,18932
35798,18751
35670,18651
34834,16662
34778,16613
34678,16805
35347,17631
35259,16972
35039,16389
34995,16839
34875,17025
34859,16986
34717,16565
34513,17369
33648,15274
33552,15446
33328,15428
32798,14848
32414,15227
32366,14726
32070,14402
31990,14456
31225,13604
31193,13450
31017,13598
30809,14222
30689,13198
30641,12960
30389,12886
30317,13117
30301,13264
30205,12942
29977,12613
29945,12985
29533,12213
29501,12189
29389,12115
29181,12267
29133,11804
29053,11858
29037,12598
28821,11950
28789,11837
28757,11650
28753,11795
28593,11208
28577,11326
28521,11477
28497,11741
27916,11022
27904,10908
27884,11057
27852,10563
27776,10635
27768,10895
27732,10764
27728,10416
27660,10646
27656,10453
27398,10478
27398,10631
27366,10756
27109,10683
27013,10735
26917,10486
26917,10740
26893,10627
26516,10268
26484,10241
43056,24417
42816,26534
42472,27443
42216,26389
41564,25265
41396,24022
41308,24362
41088,23583
40212,23434
39988,21942
39084,21517
38828,21912
38412,20823
38060,20541
37868,20160
37580,20729
37508,20180
37020,19553
36908,19621
36808,19059
36640,19627
36120,19001
35964,18867
35836,18756
35000,17551
34976,18135
34936,17724
34812,17888
34724,17995
35205,19230
35161,17703
35041,18786
35025,18237
34883,18001
34679,18339
34423,17658
33718,17579
33494,17908
32964,16763
32580,15989
32532,15872
32236,15653
32172,15434
31391,14919
31359,14775
31183,14650
30975,14459
30855,15575
30807,14417
30555,14053
30483,13981
30467,14149
30371,14217
30367,13993
30111,14232
29699,13781
29667,13378
29555,12773
29347,13179
29299,12912
29219,13026
29203,13272
28987,12356
28955,13530
28923,13142
28919,13850
28759,13557
28743,12861
28687,13570
28663,13892
28082,12993
28070,12937
28050,12084
28018,12182
27942,12340
27934,12423
27898,12839
27894,12479
27826,11638
27822,12086
27758,11693
27564,11917
27532,11843
27275,11556
27179,11420
27179,11214
27083,10803
27059,11148
26682,10942
26682,10579
26650,10376
26586,10927
42566,23849
42310,25329
41810,24611
41562,24404
41474,24107
41254,25059
40378,23318
40154,23341
39250,21915
38994,21530
38674,22818
38226,21052
38034,20615
37762,20961
37682,20889
37186,19987
37074,20173
36974,19888
36806,19890
36398,19951
36270,19815
36098,19486
35970,19497
35142,18470
35102,18706
34978,18729
34890,18368
34686,17748
35343,18930
35219,18825
35191,18004
35049,18247
35044,19299
34589,18341
33948,17594
33692,16811
33130,16410
32938,17551
32698,15778
32434,16229
32338,15964
32258,15627
31525,15113
31381,14613
31141,14063
31125,14164
31021,14249
30721,13886
30689,14381
30649,13935
30537,13972
30533,14027
30309,13697
30245,13168
29833,13132
29737,13297
29689,13421
29513,13474
29465,12683
29385,14275
29153,13966
29121,14022
29089,14105
29085,14427
28941,13609
28909,14189
28853,14416
28837,14340
28248,13344
28236,13295
28216,13248
28184,13731
28108,13230
28100,12127
28100,12301
28064,12314
28060,12669
27992,13118
27988,12486
27730,11201
27698,12574
27698,11253
27409,12254
27345,11903
27249,11514
27249,11183
27225,11707
26848,10631
26816,11248
26816,10903
26752,10633
26720,11194
42316,24425
41964,26021
41716,24598
41628,24525
41408,23521
40532,23642
40308,22556
39404,22543
39148,22094
38828,21295
38380,20831
38188,21149
37916,20390
37836,20881
37356,20234
37228,19787
37128,19869
36960,20072
36552,19446
36424,18698
36252,19164
36124,19654
35308,18565
35268,18068
35176,18504
35064,17770
34852,17779
34816,18568
35385,18334
35373,18698
35341,19033
35211,18357
34947,18859
34146,18217
33858,17581
33826,16705
33104,16898
32912,16353
32600,15693
32568,15783
32488,15967
31723,14810
31563,14847
31515,14653
31291,14434
31187,14605
31139,14773
30855,14483
30815,14146
30799,14277
30703,13670
30475,13744
30443,14232
30031,13761
29999,13675
29887,13623
29679,12607
29631,13226
29551,13272
29535,12832
29319,12655
29287,12828
29255,13108
29251,12967
29091,13708
29075,13303
29019,12488
28995,12963
28414,12814
28402,12572
28382,12414
28350,12292
28274,11778
28266,12333
28230,12113
28226,11923
28226,11928
28158,11894
28090,11353
27896,11489
27864,11640
27607,12026
27575,11244
27511,11725
27415,11648
27391,11479
27391,11298
27014,11721
26982,10486
26918,10710
26918,10924
26886,10897
42162,23712
42050,26117
41866,24890
41586,24557
41498,24417
40634,23402
40378,22727
39570,23266
39058,21094
38898,22274
38546,22111
38322,21683
38066,22274
37994,21392
37506,20870
37394,20499
37190,21114
36766,19643
36606,20839
36450,19966
36322,19258
35498,17946
35442,19295
35434,19193
35310,19125
35222,18428
35010,19259
34966,18790
35551,19827
35523,20690
35381,19705
35177,18160
34921,18446
34280,17656
34024,17062
33462,16864
33078,16769
33030,17072
32734,16447
32670,16770
31889,15457
31857,15511
31713,15264
31473,15542
31457,16109
31305,15352
31053,14753
31021,14524
30965,14821
30869,13907
30865,14628
30641,14328
30197,13874
30165,13950
30069,13556
30021,13090
29845,13804
29797,14170
29701,13247
29485,14596
29453,14823
29421,14526
29417,14344
29273,13524
29241,12412
29185,13139
29169,13315
28580,12243
28568,12982
28548,12999
28516,11870
28440,12407
28432,12576
28432,12292
28396,12770
28392,12500
28324,12670
28320,12002
28062,12225
28062,11824
28030,12131
27741,11152
27677,12513
27581,11034
27581,11982
27557,10733
27180,10669
27148,10724
27148,10634
27084,10267
27052,11065
27052,11205
42208,23578
41992,24876
41904,24326
41684,24707
40808,23118
40584,23626
39736,22462
39480,22634
39160,22824
38712,20915
38520,21462
38248,22394
38168,20839
37672,20492
37560,20882
37460,20139
37292,20358
36884,19917
36756,20995
36584,20003
36456,19964
35640,19473
35600,19525
35476,20700
35388,19287
35184,17937
35148,17285
35717,18704
35689,18705
35673,18815
35542,18458
35087,17483
34478,17908
34190,17014
33628,17071
33436,16235
33196,16315
32932,16583
32836,16411
32756,15995
32023,16389
31895,15491
31847,15561
31623,16887
31519,15832
31471,15340
31187,14712
31147,15084
31131,15425
31031,14431
30807,14024
30743,13980
30363,14281
30235,13510
30187,13898
30011,13756
29963,13288
29883,13540
29867,13475
29651,13175
29619,13021
29587,12753
29583,12718
29407,13211
29351,13475
29335,12791
29327,12464
28746,12758
28734,12670
28714,12116
28682,13014
28606,12586
28598,11950
28562,12468
28558,12382
28490,12313
28486,12538
28422,11872
28228,12502
28196,12034
27939,11961
27843,12261
27843,11695
27747,11590
27723,11155
27346,11409
27346,11068
27314,11000
27250,11709
27250,10656
27218,11310
27098,11334
42286,22160
42078,23824
41862,23199
41582,22879
40910,21473
39918,21212
39678,20886
39390,22518
39206,20670
38814,19487
38654,19811
38398,19712
37854,19200
37750,19530
37638,19287
37522,18977
37098,18460
36938,18084
36782,17751
36654,18717
35830,17598
35774,17601
35674,17561
35562,17363
35554,18513
35342,17317
35298,17179
35871,18132
35855,17790
35713,17674
35509,16974
35253,17231
34548,16505
34324,17114
33794,16248
33410,15802
33362,15618
33066,15493
33002,15727
32221,14646
32189,14451
32045,14325
31805,14557
31789,14229
31637,13836
31385,14099
31353,14107
31297,13681
31201,13725
31197,13859
30973,13839
30909,13223
30497,13210
30401,13033
30353,12982
30177,12568
30129,13060
30049,12830
30033,12738
29785,12376
29753,12113
29749,12292
29605,12036
29573,12034
29517,11967
29501,12175
28912,11539
28900,11480
28880,11953
28880,11727
28848,11929
28772,11466
28764,11402
28728,11409
28724,12018
28656,11133
28652,11273
28588,11548
28394,10966
28362,11198
28105,10566
28073,10858
28009,10858
27913,10419
27889,11188
27889,10320
27512,10412
27480,10644
27416,10023
27416,10597
27384,10424
27264,9901
42452,22371
42300,23752
42028,23501
41940,22467
41076,22473
40820,22155
40068,20869
39556,20596
39396,21005
39044,21160
38820,19899
38564,19576
38492,19650
38004,19034
37892,18866
37792,18792
37624,18876
37216,19762
37088,20174
36916,18619
36788,20308
35972,19561
35932,19650
35808,19021
35720,18632
35516,18296
35480,18900
36049,19532
36037,19651
36005,29264
35875,19536
35611,19241
34810,18531
34522,17756
34490,17416
33768,17069
33576,16350
33264,17228
33232,17100
33152,16591
32387,15626
32355,15286
32179,16857
31971,15033
31851,15282
31803,15149
31551,14756
31519,14970
31463,15359
31367,16015
31363,15490
31139,15732
30695,16409
30663,15476
30567,15469
30519,15511
30343,15413
30295,15585
30199,14952
29983,14850
29951,14571
29919,14386
29915,14609
29771,13792
29739,14094
29683,14050
29667,13736
29078,15518
29066,15466
29046,13133
29046,14559
29014,12259
28938,13135
28930,13336
28894,13085
28890,13419
28822,12940
28822,12201
28754,12799
28560,12539
28528,12953
28271,12990
28239,11880
28175,12117
28079,12267
28055,12175
28055,12697
27678,11838
27646,11325
27646,11935
27582,11552
27550,11755
43034,25785
42794,27552
42546,24794
42458,25894
42238,25260
41362,25563
41138,25286
40234,24548
39978,29889
39658,22656
39210,22225
39018,21722
38746,22215
38666,22358
38186,28938
38058,21326
37958,20083
37790,20865
37382,19478
37254,19628
37082,23139
36954,19154
36138,18031
36098,18308
36006,18435
35894,17871
35682,17395
36339,18960
36215,18082
36203,18683
36171,18788
36041,18424
35777,18019
34976,17902
34688,16720
34656,18067
33934,17433
33742,17292
33430,15843
33398,15384
33318,16095
32553,15032
32393,14590
32345,14510
32137,14572
32017,14394
31969,14388
31717,14674
31645,14495
31629,14362
31533,14782
31305,16177
31273,14643
30861,13959
30829,14633
30717,13527
30685,14002
30461,14145
30381,13979
30365,15140
30149,19420
30117,13456
30085,12659
30081,12939
29921,14475
29905,13865
29849,12986
29833,13173
29244,13537
29232,13030
29212,12130
29180,12753
29104,12562
29096,12300
29096,12692
29060,16320
29056,12812
28988,12516
28984,11987
28726,14400
28726,11904
28694,11979
28437,11537
28341,11440
28341,11192
28245,11370
28221,11189
27844,10639
27844,11459
27812,10749
27748,10944
27748,10447
43344,23213
42960,25132
42872,24628
42640,24953
42416,26416
42136,24130
41464,22822
40416,21814
40176,22097
39888,21858
39704,22333
39312,20811
39152,20596
38896,20309
38352,20494
38248,20504
38136,20204
38020,19357
37596,18957
37436,19168
37280,19043
37152,19717
36328,18257
36272,18930
36172,18776
36140,18593
36753,19054
36533,19128
36489,18527
36369,18600
36353,18660
36211,18744
36007,18284
35751,18195
35110,18032
34854,17393
34292,17780
33908,16549
33860,16295
33564,15811
33500,16011
33420,16072
32687,15059
32543,15283
32303,14759
32287,14751
32183,14698
31883,14429
31851,14368
31811,14517
31699,14336
31695,14185
31471,14113
31407,14357
31027,13708
30899,14277
30851,13790
30675,13466
30627,13289
30547,13558
30531,13670
30315,13847
30283,13344
30251,13022
30247,13197
30087,13528
30071,13159
30015,12792
29991,12902
29410,12557
29398,12876
29378,13056
29346,12410
29270,12309
29262,12332
29226,12287
29226,13268
29222,12781
29154,12472
29150,12030
28892,12062
28860,11579
28860,11683
28571,12302
28507,12177
28411,13192
28411,12340
28387,11775
28010,10728
28010,11339
27978,10723
27914,10921
43990,23938
43670,25318
43138,24790
43050,24419
42818,24536
42582,24766
42314,24499
41642,22527
40594,22441
40354,22237
40002,21379
39882,21769
39490,21145
39090,20507
39010,20021
38530,19749
38426,19878
38314,19742
38198,19950
37774,19409
37614,19346
37458,18558
37330,18629
36494,17751
36438,18066
36338,18101
36927,18734
36715,18328
36671,19430
36655,18633
36535,19141
36503,18629
36377,18438
36109,18799
35308,17673
35212,17535
34988,17384
34266,16856
34074,18351
33762,17426
33730,16086
33650,15787
32885,14969
32853,15341
32677,15233
32469,14821
32349,14754
32301,14684
32049,14533
31977,14536
31961,14320
31865,14336
31861,14258
31605,14249
31193,14267
31161,14747
31049,14387
31017,15177
30793,13955
30713,14035
30697,13212
30481,13061
30449,13046
30417,12723
30413,14289
30253,14061
30237,13948
30181,13437
30157,12863
29576,13241
29564,12370
29544,12535
29512,12210
29436,12327
29428,12284
29392,12982
29392,12834
29388,12753
29320,12742
29316,12535
29058,12727
29026,12599
29026,12958
28737,11964
28673,11497
28577,11445
28577,11415
28553,11133
28176,11622
28144,10777
28144,10678
28080,11320
44060,24006
43804,26746
43224,24033
43056,25299
42968,23488
42748,24082
41872,22664
41648,23294
40744,24163
40488,24631
40168,23795
39720,23034
39528,21527
39256,21219
39176,20278
38680,20117
38568,21211
38468,20139
38300,20743
37892,20372
37764,20239
37592,19381
37464,18294
36636,17929
36596,18012
36472,17783
37093,18446
36873,18934
36837,18382
36713,18389
36685,18235
36669,18150
36539,18036
36083,17880
35474,17196
35186,17180
35154,17668
34432,16821
34240,16637
33928,15951
33896,15879
33816,15911
33051,15344
32891,16049
32843,15356
32619,15104
32515,14763
32467,15532
32183,14982
32143,14487
32127,16063
32031,16414
31803,16005
31771,16242
31359,15060
31327,14963
31215,14782
31007,13321
30959,13327
30879,13098
30863,13212
30647,13459
30615,12995
30583,13194
30579,13136
30419,13449
30403,13469
30347,12874
30323,12914
29742,12623
29730,12936
29710,12815
29678,12568
29602,12800
29594,12730
29558,12605
29558,12170
29554,12619
29486,12015
29482,12568
29224,12061
29192,12726
29192,12345
28903,12250
28839,11918
28743,11924
28743,11772
28719,11612
28342,11456
28310,11691
28310,11986
28246,12065
44226,24219
43970,25481
43470,27079
43222,26727
43134,25587
42914,26492
42038,23110
41814,24065
40910,21957
40654,22252
40334,22071
39886,22081
39694,20602
39422,22794
39342,23657
38846,21817
38734,22003
38634,21955
38466,21754
38058,21093
37930,21231
37758,21317
37630,21202
36802,20211
36762,19429
36638,19481
37251,21143
37031,20153
37003,19557
36879,20682
36851,20633
36709,18812
36704,18630
36249,18368
35608,17813
35352,17490
34790,16840
34598,17493
34358,16786
34094,17459
33998,16333
33918,16192
33185,15187
33041,15529
32801,15953
32785,15330
32681,15200
32381,14884
32349,16399
32309,15109
32197,14512
32193,14723
31969,14508
31905,14102
31493,14137
31397,14239
31349,13484
31173,13746
31125,14041
31045,13364
30813,13620
30781,13473
30749,13282
30745,13820
30601,13329
30569,13487
30513,13208
30497,13013
29908,12607
29896,12335
29876,13045
29844,13348
29768,12815
29760,12922
29724,12608
29724,12808
29720,12461
29652,12660
29648,12204
29390,12268
29358,12346
29358,12522
29069,11917
29005,12069
28909,11696
28885,12071
28885,11903
28508,12539
28476,11425
28476,11346
28412,11551
28380,12192
43656,23642
43544,25511
43360,24754
43080,24870
42992,24201
42128,23449
41872,23715
40840,21667
40552,22138
40392,21699
39976,20883
39816,22499
39560,22019
39488,20900
38912,20037
38800,20296
38684,20607
38260,19910
38100,19696
37944,19688
37816,19936
36992,19670
36936,20394
36836,18726
36724,18508
37213,19033
37197,18579
37153,19151
37033,18738
37001,18779
36875,18825
36607,18239
35806,17513
35518,17503
35486,18512
34764,16730
34572,16583
34260,17030
34228,16886
34148,16818
33383,15382
33223,15969
33175,16145
32951,15790
32847,15465
32799,14951
32515,14915
32475,14961
32459,15328
32359,14919
32135,15090
32071,14572
31691,14653
31563,13859
31515,14584
31339,14354
31291,13736
31211,13879
31195,14631
30947,13462
30915,13861
30911,13925
30767,13147
30735,13307
30679,13326
30663,13330
30074,12943
30062,12659
30042,12685
30010,13141
29934,12574
29926,12686
29890,12713
29890,12231
29886,12418
29818,13044
29750,12554
29556,12666
29524,12244
29267,12406
29235,12321
29171,12357
29075,12142
29051,12343
29051,12244
28674,11269
28642,12031
28578,11187
28578,11920
28546,11527
28426,11958
28426,11440
43398,23743
43178,25961
43090,24435
42226,23606
41970,24124
40994,22681
40706,22706
40546,21706
40130,21698
39970,21999
39714,22013
39642,21044
39066,20696
38954,21489
38838,21103
38414,19785
38254,19143
38098,19606
37970,19250
37158,18820
37102,19029
37002,18814
36890,19089
36882,18689
36670,18804
37319,19606
37199,20336
37167,20313
37041,19204
36837,18508
35972,18073
35876,17894
35652,17705
35122,17236
34738,16848
34690,17002
34394,16475
34330,16888
33549,16160
33517,15602
33341,15928
33133,15708
33013,16011
32965,15662
32713,15725
32641,15059
32625,15599
32529,15532
32525,14818
32269,15036
31857,14859
31825,14823
31713,14433
31681,14171
31457,14173
31377,13757
31361,13973
31145,13920
31113,13933
31081,13689
31077,13893
30917,14610
30901,13888
30845,13358
30821,13312
30240,13756
30228,13082
30208,12967
30176,12867
30100,13425
30092,13057
30056,13564
30052,12615
29984,12669
29984,12268
29916,12752
29722,13027
29690,12386
29433,12329
29401,12413
29337,11815
29241,12036
29217,12102
29217,11583
28840,11805
28808,11481
28744,11760
28744,11565
28712,12382
28592,11428
28592,11452
28584,11470
43336,23034
43056,24473
42384,22883
41392,23267
41152,21994
40864,21647
40680,22462
40288,21319
40128,21306
39872,21336
39328,20729
39224,20678
39112,20199
38996,19997
38572,19627
38412,19675
38256,19573
38128,19490
37324,19072
37268,19096
37168,19166
37056,19074
36844,17868
36836,18802
36792,17745
37365,19318
37333,18400
37207,18297
36939,17926
36138,17526
36042,18339
35818,17989
35096,17413
34904,16807
34592,16534
34560,15857
34480,16088
33715,15889
33683,15530
33507,15651
33299,15007
33179,15018
33131,14813
32879,14999
32807,14588
32791,14861
32695,14320
32691,14210
32435,14093
32023,13996
31991,13757
31879,13849
31671,13508
31623,13460
31543,13994
31527,13714
31311,13178
31279,13456
31247,13667
31243,13719
31083,13387
31067,13416
31011,13237
30987,14795
30406,12912
30394,12496
30374,12908
30342,13732
30266,13583
30258,13208
30222,13388
30218,13472
30218,13403
30150,13324
30082,13487
29888,12976
29856,12073
29599,11962
29567,11804
29503,11950
29407,11718
29383,12678
29383,12340
29006,12349
28974,12224
28910,12235
28910,12454
28878,11823
28758,11328
28758,11713
28750,11330
28714,12236
43394,23332
42530,24162
42274,23364
41314,23329
41026,22165
40866,22484
40450,22479
40290,21305
40034,20840
39962,21656
39386,22478
39274,21758
39158,20124
38734,20402
38574,20462
38418,20287
38290,19408
37490,18480
37434,19193
37334,18393
37222,18207
37214,19810
37002,19775
36958,18448
37531,19173
37499,19075
37373,19533
37169,18873
36304,19096
36208,18576
35984,18419
35454,17934
35070,17518
35022,17106
34726,17183
34662,16614
33881,15822
33849,16287
33673,15959
33465,15703
33345,15924
33297,15086
33045,15063
32973,14872
32957,15605
32861,14999
32857,14775
32601,14895
32189,14240
32157,14090
32045,14089
32013,14472
31789,13967
31709,14235
31693,14431
31477,13573
31445,14140
31413,14470
31409,13550
31249,13433
31233,13716
31177,13449
31153,13375
30572,12754
30560,13139
30540,13286
30508,13190
30432,12729
30424,12558
30388,12748
30388,12866
30384,12873
30316,13186
30248,13925
30054,13071
30022,12296
30022,13222
29733,12343
29669,12977
29573,12055
29549,12614
29549,11807
29172,11770
29140,11549
29140,11725
29076,11875
29044,11920
29044,11649
28924,11495
28916,11447
28916,11684
28880,11358
42664,22652
42344,25950
41692,24346
41436,25463
41020,22513
40668,21442
40476,21840
40188,21855
40116,21345
39628,20691
39516,21085
39416,21222
39248,21425
38840,19599
38712,20029
38540,19968
38412,19976
37632,19443
37592,19578
37468,19510
37380,18311
37176,18709
37140,18804
37024,18590
37681,19558
37665,19002
37534,19409
37079,18558
36470,18231
36182,18366
35620,17462
35428,17301
35188,17014
34924,17065
34828,16836
34748,17351
34015,16450
33887,16144
33839,16060
33615,15749
33511,15573
33463,16333
33179,15866
33139,15008
33123,15534
33023,15404
32799,15542
32735,15208
32355,14716
32323,14798
32179,14523
32003,14042
31955,14439
31875,14273
31859,14039
31643,14309
31611,15286
31579,15033
31575,15071
31415,13734
31399,14094
31343,13599
31319,13831
30738,13243
30726,13085
30706,13234
30674,12931
30598,13889
30590,13962
30554,14416
30550,12963
30550,12744
30482,13359
30414,12748
30220,12910
30188,12501
30188,12455
29899,12885
29835,11987
29739,12521
29739,11879
29715,12528
29338,11772
29306,12320
29306,11713
29242,12196
29210,11984
29210,11877
29090,11868
29082,11720
29082,11835
29046,12019
42830,22886
42606,24076
41874,23765
41602,22272
41282,22738
41162,22821
40642,21596
40370,21736
40290,21696
39810,21025
39706,20891
39594,20883
39414,20684
39006,20762
38878,20372
38706,19720
38610,19791
37822,19156
37766,19163
37666,18956
37554,19537
37342,19601
37306,19158
37290,19084
37863,19675
37831,19492
37705,19278
37501,19052
36636,18787
36540,18164
36316,17771
35786,17594
35402,17713
35354,17250
35058,17020
34994,17124
34213,16725
34181,16215
34037,15640
33797,15739
33781,15907
33629,16133
33377,15377
33345,15081
33305,15761
33193,15311
33189,15586
32965,16566
32901,15216
32521,14676
32393,14418
32345,14825
32169,14523
32121,14317
32041,14554
32025,13963
31809,14353
31777,13910
31745,14800
31741,15010
31581,15373
31565,14353
31509,13786
31493,13857
30904,13971
30892,14041
30872,13728
30872,13648
30840,12730
30764,13440
30756,12784
30720,13541
30716,13124
30716,13000
30648,12898
30580,13093
30386,13138
30354,12754
30354,12519
30097,13122
30001,12411
30001,17492
29905,14761
29881,12642
29881,12970
29504,12553
29472,12698
29472,13220
29408,12950
29376,12831
29376,12545
29256,12654
44444,24531
44236,26795
44020,26410
43740,26767
43068,25328
42076,23619
41836,25007
41548,23362
41364,31623
40972,27160
40812,23022
40556,23973
40484,23147
39908,22408
39796,22736
39680,22730
39256,22983
39096,26402
38940,21853
38812,21704
37988,23846
37964,19457
37924,19558
37800,19594
38413,20903
38193,20126
38165,19922
38041,19665
38013,19531
37997,19697
37866,20078
37411,19733
36802,18558
36514,19046
36482,18730
35760,17814
35568,17711
35256,17991
35224,17157
35144,17255
34379,16875
34219,16645
34171,17152
33963,16794
33843,15997
33795,16207
33543,16196
33511,15781
33455,16236
33359,16933
33355,15315
33131,15869
33067,15863
32655,14901
32559,14944
32511,14817
32335,14811
32287,15362
32207,15609
32191,14867
31975,14920
31943,14984
31911,14994
31907,15426
31747,13806
31731,14202
31675,14231
31651,14058
31070,13847
31058,13854
31038,13132
31006,13832
30930,13666
30922,13484
30922,13310
30886,13407
30882,13300
30814,13567
30810,13028
30746,13741
30552,13064
30520,12867
30263,13201
30231,12589
30167,13338
30071,12665
30047,12537
30047,12889
29670,12278
29638,12420
29638,12451
29574,12640
45554,27846
45298,26853
44798,26733
44550,25690
44478,26536
44242,26795
43974,25102
43142,25121
42254,24099
41982,24442
41662,23062
41542,23908
41022,22224
40750,22726
40670,22614
40190,22980
40086,23942
39962,21567
39794,20825
39386,21055
39258,20356
39086,20514
38958,20519
38879,20957
38815,20672
38715,20340
38587,20713
38375,20468
38331,20122
38315,21084
38195,21063
38163,19799
38037,19695
37769,19810
36968,19417
36872,19177
36648,19182
36118,18611
35734,18225
35422,18100
35390,18552
35326,17854
34545,17792
34513,17239
34337,16848
34129,16550
34113,17629
33961,16453
33709,15645
33677,17388
33621,15809
33525,15630
33521,16756
33297,15521
32853,14931
32821,15347
32725,14935
32677,15081
32501,14959
32453,14692
32357,14452
32141,14907
32109,14620
32077,14202
32073,14125
31929,14444
31897,14243
31841,14082
31825,14267
31236,13791
31224,13932
31204,13683
31172,13918
31096,13455
31096,13776
31088,13373
31052,13336
31048,13089
30980,13710
30976,14283
30718,13164
30718,13071
30686,13043
30429,12984
30333,13109
30333,12607
30237,12700
30213,12817
29836,12413
29836,12557
29804,12217
29740,12287
45896,25648
45504,28260
44964,28135
44876,26307
44644,26137
44420,25290
44140,26011
43468,24892
42420,24047
42180,23268
41828,23875
41708,22932
41316,23049
40916,22456
40836,22616
40356,22447
40252,21867
40140,22451
40024,21655
39600,21755
39440,20650
39284,20591
39156,20887
39045,20970
38981,21068
38881,20134
38753,20278
38541,19899
38497,20619
38481,20881
38361,20714
38329,19555
38199,19652
37935,19491
37134,19327
36846,19402
36814,19944
36092,18483
35900,18180
35588,18189
35556,18504
35476,17826
34711,17177
34551,16810
34503,16852
34279,16547
34175,16216
34127,16141
33843,16827
33803,16627
33787,15872
33691,15836
33463,15783
33431,16245
33019,15649
32987,15782
32843,15106
32667,14849
32619,14682
32539,15659
32523,14548
32307,14701
32275,14442
32243,15271
32239,14475
32079,14241
32063,14932
32007,14404
31983,14656
31402,13980
31390,13926
31370,14041
31338,13905
31262,13924
31254,13630
31218,13797
31214,14093
31146,14372
31146,14388
31078,14338
30884,13308
30852,13530
30595,13335
30563,13006
30499,12925
30403,13042
30379,13105
30379,13023
30002,12237
29970,12939
29906,12335
29906,12416
45790,25702
45162,26097
45050,25873
44866,25892
44586,25119
44498,25932
43634,25212
43378,26493
42346,24267
42058,23508
41898,23611
41482,22929
41322,21819
41066,23613
40994,22727
40506,21214
40306,21564
40190,21551
39766,21025
39606,20214
39450,21515
39322,21900
38486,21203
39147,20946
39047,21817
38919,22134
38911,22470
38691,22588
38647,20335
38527,19976
38495,20045
38369,19705
38165,19889
37300,18556
37204,18329
36980,18178
36450,17474
36066,17776
36018,18327
35722,18884
35642,18502
34877,17476
34845,16858
34669,16799
34461,16442
34341,16041
34293,15858
34041,15427
33969,16126
33953,15773
33857,15405
33629,15391
33597,15514
33185,16247
33153,16072
33041,15533
32833,14649
32785,14666
32705,14809
32689,15258
32473,14540
32441,14227
32409,14221
32405,14183
32245,13968
32229,14427
32173,13972
32149,14282
31568,13960
31556,13973
31536,14643
31504,14723
31428,13755
31420,13937
31384,13839
31380,13589
31312,13817
31308,13109
31244,13477
31050,13789
31018,12896
30761,12816
30665,12935
30665,12964
30569,12914
30545,12715
30168,12369
30168,12256
30136,12602
30072,12367
30072,12657
30040,12726
45196,25912
44980,27056
44908,26066
44672,25976
44404,25069
43572,25208
42740,23457
42468,24934
42148,25018
42028,24699
41508,24057
41236,22629
41156,23525
40676,23862
40572,22655
40448,21672
40280,21880
39872,21204
39744,20653
39572,21119
39444,21130
38628,20145
39305,20527
39181,20384
39077,21274
38865,20594
38829,20074
38705,19946
38677,20189
38535,19866
38530,20449
38075,19657
37434,19627
37178,18970
36616,18356
36232,18516
36184,18093
35888,17528
35824,17787
35043,16688
35011,17591
34835,18546
34627,18170
34611,18670
34459,17883
34207,17522
34175,16212
34119,16599
34023,16251
34019,15692
33795,16324
33731,15853
33319,15044
33223,15597
33175,15205
32999,15153
32951,15313
32871,15103
32639,14812
32607,14320
32575,14398
32571,14557
32427,14117
32395,14708
32339,15849
32323,15756
31734,14712
31722,14732
31702,14728
31670,14067
31594,13744
31586,13900
31586,13322
31550,13929
31546,14624
31478,14636
31474,13576
31216,13246
31216,13405
31184,13590
30895,13289
30831,13811
30735,13569
30735,14091
30711,13507
30334,13292
30302,13395
30302,13289
30238,13137
30206,12966
30206,13168
30086,13399
45058,25717
44986,27133
44826,26182
43950,26579
43726,26804
42894,25841
42622,27273
42302,24116
41854,23393
41662,23325
41390,22532
41310,23227
40830,22244
40702,22984
40602,22159
40434,22015
40026,22626
39898,22288
39726,21813
39598,20940
38794,20795
38754,20857
39379,20702
39251,21072
39031,21460
38995,20703
38871,20850
38859,22760
38827,21625
38697,22668
38433,21677
37632,19659
37344,21021
37312,21346
36590,19248
36398,19404
36086,21306
36054,18245
35974,19290
35209,17733
35049,17726
35001,18043
34793,17458
34673,16917
34625,17878
34373,17538
34301,18272
34285,17019
34189,17362
34185,16908
33929,17071
33517,16200
33485,16121
33373,15963
33341,22505
33165,16381
33037,18333
33021,16205
32805,16484
32773,16175
32741,16352
32737,15698
32593,15268
32561,15341
32505,16543
32489,15504
31900,15623
31888,14808
31868,15062
31836,15815
31760,15060
31760,15120
31752,15510
31716,15006
31712,14849
31644,14676
31640,14760
31382,14987
31382,14718
31350,14487
31093,14445
30997,14520
30997,13993
30901,14063
30877,14488
30500,14184
30500,13905
30468,13511
30404,13776
30404,13057
30372,13506
30252,13421
45440,27216
45232,28560
45016,28687
44736,27390
44064,27139
43808,26601
42832,26749
42544,25169
42384,26104
41968,25043
41808,25002
41552,24537
41480,24127
40992,24188
40792,23628
40676,24427
40252,23340
40092,22938
39936,23450
39808,22440
39776,23148
38960,21234
39637,23597
39497,25041
39409,24961
39189,24444
39161,23018
39037,22711
39009,25079
38867,23677
38862,24459
38407,22961
37798,22630
37510,22322
36948,22258
36756,22008
36516,21606
36252,20349
36156,20509
36140,20638
35375,19766
35215,18554
35167,18634
34943,18207
34839,18635
34791,17562
34539,18174
34467,17427
34451,17356
34355,18264
34351,17272
34095,17366
33683,16894
33651,17798
33539,16992
33507,18333
33331,18422
33203,17287
33187,17395
32971,16816
32939,17467
32907,16216
32903,15459
32759,16366
32727,15162
32671,16345
32655,15450
32066,15344
32054,14888
32034,15173
32034,15222
32002,14626
31926,15572
31918,15174
31882,14854
31878,14964
31810,14898
31810,16282
31742,14816
31548,14242
31516,14665
31259,14407
31227,14309
31163,14379
31067,14329
31043,14551
31043,13997
30666,14046
30634,13802
30634,13430
30570,13920
30538,13596
46022,27413
45702,28979
45534,29272
45446,27660
45226,30505
44350,31319
44126,32852
43222,28886
42966,28960
42646,28688
42198,27295
42006,25028
41734,25993
41654,24118
41158,23811
41046,23288
40946,23573
40778,23364
40370,22855
40242,23932
40070,22393
39942,22952
39851,22680
39803,23164
39711,22725
39583,23033
39363,25484
39327,24468
39203,22591
39191,21961
39159,22653
39029,21726
38765,20866
37964,21157
37676,20249
37644,20483
36922,19318
36730,19009
36418,19043
36386,19046
36306,19984
35541,19528
35381,20015
35333,20519
35125,19770
35005,18375
34957,18185
34705,16314
34633,16100
34617,16450
34521,15940
34293,15694
34261,16149
33849,16063
33817,16200
33705,16491
33497,16036
33449,16031
33369,16305
33353,16396
33137,16329
33105,15823
33073,15757
33069,15416
32909,15919
32893,15449
32837,16382
32813,16313
32232,15090
32220,15325
32200,14764
32168,15104
32092,14922
32084,15315
32048,15308
32044,14897
32044,14936
31976,14887
31908,14977
31714,14851
31682,14715
31682,14907
31393,14404
31329,14484
31233,14278
31209,14075
31209,14552
30832,13552
30800,13660
30800,13143
30736,13370
30704,13499
45980,27425
45868,29017
45684,28440
45612,28360
45316,28256
44516,27033
44196,27217
43388,26668
42876,25908
42716,25880
42364,25559
42140,25555
41884,23758
41812,24819
41324,23455
41212,24388
41008,23621
40584,23465
40424,23273
40268,23365
40140,22381
40041,22505
40017,23362
39969,22185
39829,22867
39741,22455
39521,21981
39477,22600
39369,21510
39341,22348
39199,22334
38995,21179
38739,21974
38098,21322
37842,20727
37280,20366
36896,19917
36848,19925
36552,19945
36488,19725
35707,18613
35675,18280
35531,17883
35291,18243
35275,17974
35123,18332
34871,18398
34839,17413
34799,17846
34687,17581
34683,18416
34459,17343
34395,17139
33983,16557
33887,18006
33839,16746
33663,16696
33615,16944
33535,16804
33519,16482
33271,16269
33239,16994
33235,16432
33091,15920
33059,16084
33003,15788
32987,15899
32398,16109
32386,15279
32366,15789
32334,15552
32334,14911
32258,15218
32250,15635
32214,15387
32210,15821
32142,15309
32138,15180
32074,15230
31880,14991
31848,14785
31591,14608
31495,14174
31495,14344
31399,14522
31375,14957
30998,13898
30998,13973
30966,13972
30902,14036
30902,13805
30870,14200
46146,27729
46026,32994
45794,32413
45570,31544
45290,29104
44618,27992
43570,26686
43330,25490
43042,27795
42858,28648
42466,25866
42306,27602
42050,26633
41506,26166
41402,25933
41290,26653
41174,24185
40750,22930
40590,23108
40434,23018
40306,22368
40207,23430
40143,22311
40043,22905
39995,22194
39907,22161
39687,22953
39643,22088
39523,22440
39507,22790
39365,21000
39161,21655
38905,21899
38264,20650
38008,20450
37446,20120
37062,19363
37014,19816
36718,19549
36654,19267
35873,19383
35841,18458
35697,18511
35457,18577
35441,18653
35337,18627
35037,18555
35005,19948
34965,19412
34853,19774
34849,18896
34625,19474
34561,19791
34149,19492
34053,19055
34005,17975
33829,17197
33781,16171
33701,16866
33685,16643
33469,16809
33437,17087
33405,16767
33257,17093
33225,16233
33169,15452
33169,15986
33145,15723
32564,15080
32552,15391
32532,15574
32500,14897
32424,14751
32416,14700
32380,15588
32376,15041
32308,14681
32308,15049
32240,14891
32046,14909
32014,14932
31757,14374
31725,14556
31661,14643
31565,14652
31541,13983
31541,14448
31164,13959
31132,14338
31132,13657
31068,14376
31036,13693
46520,28074
46200,29896
46016,28328
45944,28870
45648,28466
44848,27092
44528,27079
43720,26664
43464,27045
43048,26372
42696,28416
42504,27956
42232,27867
42144,27006
41656,26989
41544,24165
41444,24550
41276,23964
40868,24033
40740,23288
40568,23724
41165,24618
40349,23730
40301,23052
40177,24463
40081,22532
39861,23974
39825,22481
39701,22537
39689,22114
39657,21724
39527,21777
39263,21844
38462,21209
38174,20384
38142,20167
37420,20510
37228,19727
36916,19964
36884,19616
36804,19456
36039,18477
35879,18457
35831,17839
35623,18377
35503,17847
35455,17826
35203,17730
35131,17797
35115,18411
35019,17838
35015,17713
34759,17697
34347,17052
34315,17278
34203,16910
34171,16965
33995,16601
33947,16206
33851,15984
33635,17339
33603,16255
33571,16307
33567,16665
33423,15709
33391,16483
33335,16077
33319,15852
32730,15454
32718,15749
32698,15134
32698,15118
32666,15787
32590,15786
32582,16108
32546,15425
32542,15083
32474,15014
32474,15249
32406,14924
32212,15123
32180,14952
31923,14696
31891,15042
31827,15035
31731,14801
31707,14184
31707,14269
31330,14308
31298,14064
31298,13951
31234,14132
47214,28890
46958,30584
46378,29119
46210,29356
46122,29525
45902,28843
45026,32868
44802,27563
43914,26066
43642,25844
43322,26105
43202,25727
42682,25578
42410,25074
42330,24493
41850,24396
41746,24710
41634,24732
41518,25841
41094,26393
40934,26163
41519,26762
41391,27352
40539,26295
40475,25663
40375,26445
40247,23506
40035,22510
40019,22877
39975,23618
39855,21905
39823,23210
39697,21949
39493,22409
38628,21199
38532,21166
38308,20780
37778,23507
37394,20800
37346,21516
37050,20627
36986,20249
36205,19188
36173,18779
36029,18277
35789,18380
35773,18426
35621,18038
35369,17581
35337,18335
35297,17637
35185,19082
35181,19172
34957,19043
34893,18619
34513,19626
34385,18284
34337,18420
34161,18528
34113,18966
34033,18415
34017,17931
33801,18430
33769,16710
33737,16172
33733,16700
33573,17372
33557,15771
33501,16821
33477,16957
32896,16206
32884,15735
32864,15646
32832,15820
32756,15488
32748,15744
32712,15878
32712,15800
32708,15431
32640,15070
32636,15790
32378,15102
32378,15177
32346,15821
32057,15007
31993,14932
31993,14677
31897,14530
31873,15112
31496,14181
31496,14098
31464,14233
47780,29846
47636,31519
47180,31828
46624,31288
46536,30539
46304,30561
46080,29404
45800,29662
45128,29189
44080,28648
43840,30160
43488,29994
43368,26016
42976,25202
42576,25698
42496,25280
42016,25464
41912,24500
41800,23998
41620,24455
41965,24849
41837,24580
41653,24042
41509,24636
40681,23390
40633,23929
40509,23089
40413,24036
40193,22715
40157,22958
40033,22243
40005,22902
39989,22952
39858,21713
39403,22167
38794,21296
38506,21030
37944,21076
37752,20372
37512,19862
37248,20565
37152,20307
37072,19867
36339,19818
36195,19898
35955,18616
35939,19157
35787,19232
35535,18413
35503,18903
35447,20948
35351,19969
35347,18256
35123,19881
34679,19025
34647,19487
34535,18829
34503,18439
34327,18655
34199,17206
34183,17404
33967,17807
33935,16810
33903,18159
33899,17709
33739,17177
33723,17753
33667,17489
33643,17768
33062,16490
33050,16814
33030,16795
32998,16404
32922,16024
32914,16340
32878,15497
32878,15573
32874,15439
32806,15357
32738,15929
32544,16076
32512,15421
32512,14699
32223,15045
32159,15172
32063,14651
32039,15245
32039,14863
31662,15855
31630,14674
31630,14882
31566,15064
47450,29037
46822,30152
46710,29844
46526,30528
46454,30311
46158,29397
45358,28887
45038,27798
44230,26782
43718,26627
43558,26562
43206,26346
42982,26354
42726,25674
42654,26750
42166,28005
41966,28743
41850,28179
41426,26777
41266,25575
41851,27756
41723,28514
40871,25052
40807,24272
40707,23897
40579,24215
40571,23627
40351,22747
40307,24156
40187,23702
40155,23206
40029,23345
39825,22600
38960,22687
38864,21440
38640,22032
38110,21871
37726,20483
37414,19899
37382,20993
37302,20907
36537,20183
36377,19427
36329,19519
36121,19557
36001,19935
35953,19048
35701,17902
35629,18662
35613,18740
35517,18924
35289,18707
35257,18032
34845,17873
34813,17491
34669,16827
34493,17667
34445,17510
34365,17899
34349,17570
34133,17684
34101,17115
34069,16897
34065,17118
33905,19059
33889,17308
33833,16732
33809,16495
33228,15951
33216,15758
33196,17385
33164,15614
33088,16231
33080,16796
33044,15709
33040,16412
32972,16123
32968,16036
32904,15649
32710,15333
32678,15271
32421,14903
32325,15147
32325,15459
32229,15290
32205,15395
31828,14792
31828,14910
31796,15048
31732,14348
31732,14424
31700,14326
46856,29039
46800,30612
46568,31802
46344,30295
46064,30611
45392,29217
44400,27464
44160,27937
43808,27671
43688,27400
43296,26423
42896,26045
42816,26355
42336,25145
42232,25340
42120,25324
41940,24610
41532,24641
41404,24954
41232,23923
41829,25353
41013,23463
40965,24076
40841,24132
40745,24460
40525,23237
40489,23256
40365,23042
40337,23028
40321,22458
40190,22404
39735,22976
39126,21119
38838,21291
38276,20958
38084,20905
37844,20662
37580,19971
37484,20292
37404,19572
36671,18723
36527,18793
36287,18965
36271,18610
36167,20018
35867,19217
35835,19439
35795,17979
35683,19298
35679,17801
35455,18015
35011,17999
34979,17870
34883,18203
34835,18466
34659,17293
34611,17482
34515,17042
34299,17373
34267,17652
34235,16855
34231,17213
34087,17137
34055,17891
33999,18651
33983,17783
33394,16949
33382,18595
33362,17593
33330,17552
33254,16103
33246,17366
33246,16409
33210,16049
33206,15831
33138,16212
33134,16541
32876,16251
32844,16049
32844,15624
32555,16041
32491,16089
32395,15982
32395,16087
32371,15066
31994,14873
31962,15003
31962,15164
31898,15255
31866,14841
31866,14978
31746,14065
46718,29076
46646,31801
46410,29600
45610,28516
45290,29580
44538,27636
44026,26001
43866,27296
43514,26732
43290,26607
43034,25176
42962,25625
42474,25142
42362,25730
42158,25232
41734,24324
41574,23910
41418,24399
41290,23919
41203,23721
41139,23933
41131,24691
40991,23768
40903,24137
40683,23387
40639,23693
40519,26951
40503,24711
40361,23845
40157,23321
39901,22073
39196,22196
38972,21264
38442,20877
38058,20395
38010,20610
37714,19930
37650,20562
36869,19828
36837,20189
36661,19823
36453,19187
36437,18772
36285,18379
36033,18591
35961,18776
35945,18363
35849,18421
35845,18778
35589,18962
35177,18172
35145,17967
35033,17803
35001,17273
34777,17583
34697,17680
34681,16858
34465,17451
34433,16826
34401,17656
34397,16942
34237,17152
34221,17420
34165,17343
34141,16940
33560,16395
33548,16602
33528,16998
33496,18333
33420,16189
33412,15907
33376,16041
33372,16329
33372,15647
33304,16151
33236,15801
33042,16286
33010,16198
32753,15555
32721,15090
32657,15752
32561,16417
32537,16502
32537,17047
32160,15846
32128,16486
32064,16853
32064,16265
32032,16073
31912,15509
31912,15875
31904,15390
46656,28335
46568,30949
45704,29798
45448,28413
44472,27778
44184,27066
44000,27340
43608,27781
43448,27651
43192,25564
42648,25531
42544,25364
42432,24985
42316,25676
41892,25501
41732,25003
41576,25375
41448,24332
40644,25939
41305,23859
41205,24424
41077,23365
40865,23689
40821,23597
40697,24005
40685,23095
40653,23396
40523,23186
40259,22810
39458,22086
39170,22666
39138,22612
38416,20383
38176,20443
37912,20970
37816,20384
37736,20315
37035,19825
36875,19552
36827,19911
36603,18892
36499,18706
36451,18450
36167,18865
36127,18630
36111,18217
36011,19167
35787,18648
35755,18206
35343,18301
35311,18697
35167,18292
34991,18375
34943,17078
34863,17940
34847,17623
34631,17403
34599,17326
34567,17577
34563,17673
34403,17707
34387,17144
34331,17229
34307,17563
33726,16927
33714,16968
33694,17144
33662,18221
33586,16781
33578,16175
33542,16482
33538,16451
33538,16689
33470,16176
33402,16134
33208,16434
33176,16020
33176,15911
32887,16058
32823,15775
32727,16126
32703,15225
32703,15585
32326,15173
32294,15076
32294,15013
32230,14888
32198,14804
32198,15033
32078,14872
32070,15042
32070,15692
46778,29120
45914,30020
45690,29309
44858,28339
44602,28388
44282,27289
43834,26303
43642,27374
43370,27227
43290,25757
42794,24623
42682,25028
42582,25766
42414,24515
42006,24152
41878,23969
41706,24322
41578,24104
40786,23433
41463,24236
41371,24107
41243,23980
41023,24486
40987,23330
40863,23678
40851,23063
40819,24353
40689,23831
40425,23338
39624,22424
39336,22585
39304,22277
38582,20906
38390,20690
38078,21060
38046,20889
37966,23130
37201,22252
37041,21848
36993,22241
36785,22336
36665,21599
36617,21571
36365,20777
36293,20475
36277,18675
36181,18965
35953,18363
35921,18315
35509,18304
35477,18115
35365,17668
35157,17434
35109,18062
35029,17849
35013,17687
34797,17760
34765,17544
34733,18026
34729,17548
34569,16876
34553,17761
34497,17048
34473,17172
33892,16561
33880,16529
33860,16378
33828,16026
33752,16544
33744,16302
33708,16130
33704,16916
33636,15974
33636,16322
33568,16789
33374,16343
33342,17196
33085,17164
33053,17230
32989,17289
32893,17480
32869,16953
32492,16710
32492,16331
32460,16153
32396,17909
32396,15972
32364,16317
32244,16485
32244,16242
32236,16304
32200,16432
46688,27039
