1192,2122
1164,3127
2658,4107
2634,3676
2594,3984
2578,3022
2566,3180
2328,2919
2200,8998
2104,8087
1992,7794
1928,4556
1840,3708
1768,4223
1672,3615
1608,3404
1576,3961
1520,3450
1464,2779
1444,2680
1388,3389
1308,2791
1244,1908
1537,2350
1473,2093
1425,1881
1385,2389
1377,5712
1357,5870
1309,3928
1261,2699
1253,2277
1221,5577
1213,4797
1197,3008
1193,2510
1165,2743
1157,2213
1141,2250
1137,2837
1121,2281
1117,2267
1109,3529
1107,5105
1031,4564
999,4698
935,3510
935,2609
2105,3957
1993,4918
1945,3748
1881,4624
1865,4076
1841,2417
1769,1914
1737,2044
1689,1923
1625,2424
1609,2058
1585,2013
1577,4772
1521,4586
1497,4370
1489,3421
1465,3872
1457,2600
1441,2360
1389,2008
1357,2201
1666,4311
1650,3684
1586,2498
1570,4021
1538,5060
1474,2046
1458,1537
1426,1914
1418,3889
1386,3670
1378,4204
1362,2659
1358,2742
1310,4232
1294,3873
1262,2356
1254,1942
1222,2256
1214,1936
1198,3087
1194,3592
1166,3059
1158,3081
1142,3177
1138,2963
1122,2994
1118,3185
1110,2909
1108,3236
1032,3358
1000,1704
936,1592
936,2452
920,2425
856,1646
840,3543
808,1402
800,2519
800,2822
744,2798
728,1791
696,1302
696,1396
688,1018
656,853
656,849
648,1700
632,1676
632,1607
628,1477
628,1710
580,1418
580,1417
564,1502
564,1375
532,1360
532,1455
524,1464
524,1274
492,1239
1784,1262
1744,1353
1736,1124
1692,1194
1684,1636
1664,1384
1664,1355
1660,1538
1600,1365
1584,1690
1544,2100
3190,4320
3182,4421
3114,6272
3090,4040
3054,2437
3046,2358
3030,2393
2990,2517
2950,2204
2942,2201
2906,2174
2894,2402
2890,2340
2856,5970
2844,5803
2840,3470
2822,2114
2816,2073
2814,5575
2718,5677
3191,3724
3159,2582
3015,2018
2983,3386
2919,3017
2903,3000
2767,3030
2671,1930
2655,5224
2583,4941
2567,2606
2535,2113
2527,2058
2415,2121
2383,1950
2319,1942
2303,1928
2231,1888
2215,1848
2183,1888
2175,3710
2107,3617
2091,3959
2059,2667
2051,1960
2015,1950
2007,2063
1991,1970
1987,1939
1891,1914
1859,1813
1779,1741
1707,3462
1691,3212
1659,3147
1583,2329
1567,2304
1535,2117
1527,2335
1491,2187
1467,2026
1463,2067
1407,2119
1391,1933
1359,2436
1351,1238
1307,1179
1291,1610
1287,2670
1253,2480
1245,2457
1229,2550
1225,2405
1207,2420
1203,2421
1195,2470
1193,2404
1107,2250
1075,2268
1011,2061
995,2014
3215,2032
3103,2399
2999,2246
2943,2199
2935,2357
2771,2264
2675,2135
2587,2156
2531,2071
2447,2228
4997,3787
4901,3719
4825,3470
4765,3479
4741,9140
4465,5563
4289,8797
4121,5275
4041,3214
3953,2300
3837,2681
3757,2445
3669,2365
3637,2474
3545,2348
3509,2281
3485,2376
3383,3073
3319,2290
3223,2512
3163,2785
3918,2587
3874,2719
3850,3070
3772,2831
3732,6869
3688,4743
3668,2562
3626,2239
3606,2361
3584,2175
3575,2268
3408,2279
3216,2004
3040,1950
2944,2173
2792,2190
2760,2298
2680,5221
2592,4916
2560,3156
2436,2196
2340,2110
2324,2009
2236,2036
2204,1970
2128,1876
2112,4473
2072,4699
2036,4147
2012,2299
2008,2489
1874,2559
1810,5594
1794,3758
1706,3403
1674,3178
1666,3675
1582,3260
1550,3089
1542,2273
1506,2424
1482,2146
1478,2098
1420,2255
1404,1945
1372,2440
1364,2642
1328,2351
1304,2342
1300,2338
1266,2239
1258,2266
1242,2184
1238,2182
1220,2120
1216,2109
1208,2117
1206,2084
1116,1942
1084,1922
1020,1770
3472,2570
3376,2593
3192,3329
3096,2633
3008,2501
2952,2747
2812,2549
2780,2731
2684,2305
2596,2472
5218,3550
5102,3734
5006,3611
4910,3417
4834,3384
4774,3464
4750,3298
4568,8936
4328,5711
4232,3575
4048,2722
3976,2779
3928,2606
3764,2537
3692,2665
3644,2462
3576,2578
3516,2756
3496,9827
3422,5009
3326,3481
4081,2707
4041,2386
3925,3460
3881,2568
3857,2749
3795,3336
3747,2259
3703,8999
3679,6377
3641,3039
3617,3035
3595,3114
3583,2691
3412,7658
3220,4826
3044,2935
2948,7235
2796,3864
2764,6472
2684,3857
2596,2935
2556,2478
2440,2369
2344,2732
2256,1851
2240,1983
2200,3160
2132,1586
2084,1532
2076,1894
2032,2026
2016,2635
1910,2628
1878,2422
1798,2418
1726,2468
1710,2332
1670,2844
1602,2343
1586,2939
1546,3194
1510,3128
1502,2826
1486,2892
1482,2052
1408,2486
1376,2329
1368,2317
1332,2694
1324,3669
1308,3272
1304,2415
1270,2061
1262,2079
1242,3188
1224,3409
1220,2812
1212,2313
1212,2372
1210,2101
1119,3495
3683,3937
3475,2787
3379,3424
3195,2875
3115,8386
3011,4197
2955,3184
2947,2955
2783,2902
2687,3028
5357,3261
5237,3221
5189,3356
5025,3178
4937,3032
4853,2971
4805,3500
4757,3264
4571,3111
4331,4029
4235,10916
4099,5232
3979,4122
3931,2326
3815,10122
3695,4642
3655,3415
3579,6410
3547,5188
3499,3494
3425,3240
4188,3561
4084,3345
4044,3167
3960,4214
3920,3940
3860,3160
3798,2863
3750,3707
3706,3195
3682,2945
3644,4261
3620,8539
3598,5290
3586,3690
3415,2534
3223,2490
3191,2776
3015,2527
2935,2510
2767,2378
2703,2775
2615,7305
2567,7884
2443,3417
2411,2214
2331,2232
2259,6026
2211,5745
2203,2497
2119,6249
2087,3195
2043,2246
2035,2203
2015,2263
1913,2028
1817,5555
1801,4632
1729,2719
1681,6230
1673,3463
1605,2251
1589,1921
1549,2531
1513,1945
1505,4765
1489,4540
1427,3100
1411,2151
1379,1966
1371,2098
1335,1676
1327,2024
1311,2401
1307,2208
1273,2005
1265,2484
1245,2154
1227,1933
1223,2323
1223,2143
1215,2106
4133,4296
3878,3603
3686,2947
3478,2774
3382,2507
3198,2948
3118,4421
3014,2529
2958,10220
2950,8278
5704,5304
5512,7077
5360,6997
5240,5188
5150,5075
5012,5302
4916,4802
4840,4591
4780,5074
4756,2924
4574,7489
4334,5169
4238,3273
4054,9607
3966,5534
3934,9230
3770,4847
3698,2869
3650,2558
3582,2306
4417,3131
4393,3940
4255,9605
4175,5337
4055,3259
3979,3817
3931,2982
3887,8670
3863,4374
3785,3052
3745,8510
3701,4631
3681,3210
3639,2327
3619,2834
3597,2443
3587,8084
3354,5469
3194,2971
3018,8020
2954,4294
2802,2375
2706,1838
2618,1773
2602,2045
2562,2329
2414,2062
2334,2655
2262,1733
2214,1768
2206,2638
2122,1277
2090,4260
2046,4068
2038,4029
2018,4016
1916,3821
1820,1978
1804,2031
1716,3444
1684,3491
1676,3333
1592,3233
1560,3332
1552,2210
1516,2195
1492,2200
1488,2958
1430,2861
1414,2862
1382,2711
1338,2703
1330,2761
1314,2628
1310,2656
1276,2511
1268,2640
1252,2465
1248,2485
1230,2501
1226,2349
1218,2386
4136,6396
3881,5920
3689,6387
3513,6567
3401,6441
3233,10793
3121,6996
3017,5678
3001,14288
6039,8923
5739,6735
5563,11355
5363,7305
5243,6008
5195,5961
5031,7337
4943,14476
4859,8221
4811,6676
4763,6200
4577,5219
4337,5509
4241,5483
4105,16068
3985,6909
3937,5959
3821,5859
3701,4447
3661,4982
3585,4827
4456,4631
4396,5165
4290,5477
4178,4431
4090,4732
4050,4663
3934,4464
3890,4068
3866,14320
3804,6682
3756,5573
3712,8956
3688,5307
3642,5962
3622,4258
3600,4236
3592,13606
3421,6106
3229,4845
3053,8275
2957,7629
2805,4604
2709,8244
2693,7325
2605,4559
5659,5475
5463,3909
5207,4216
5055,13304
4959,5003
4871,5153
4755,3303
4643,3234
4595,3144
4511,3326
4471,3190
4349,3723
4157,3008
3981,2779
3845,2633
3781,3039
3693,3123
3577,2947
3513,3009
3425,2900
3373,2867
4228,3362
4188,3340
4074,3200
3978,3091
3898,3141
3842,7229
3766,6261
3726,3335
3686,2611
3612,2439
3564,2489
3524,2369
3500,2582
3466,6451
3442,6381
3422,3709
5601,6730
5374,6462
5022,6414
4766,6020
4590,6184
4558,6498
4326,6098
4182,5829
4054,5909
7108,6973
6848,6319
6544,6472
6320,6314
6208,6047
6088,5892
5956,5879
5804,16949
5692,7589
5636,6135
5576,5626
5374,5195
5214,5096
4974,5040
4814,15490
4662,7417
4606,5808
4482,4909
4330,4688
4274,4344
4202,14033
5021,7595
4993,5647
4847,4335
4751,4654
4607,4550
4527,4174
4471,4467
4411,4430
4387,13811
4309,6844
4261,4874
4209,7694
4149,4934
4121,4106
4095,4074
4081,12322
3894,6049
3670,4500
3462,3411
3350,3626
3334,10565
3158,6402
3062,4355
2958,3473
2910,8587
5800,7151
5528,7246
5360,4459
5208,3481
5160,3563
5000,11086
4912,5566
4828,4080
4780,3063
4732,3237
4550,3159
4310,2998
4214,3120
4030,3138
3942,2946
3830,2925
3750,2989
3662,3143
3578,3406
3538,3341
3494,8145
4369,8331
4175,4360
4087,3079
4031,2821
3947,2719
3907,2706
3851,2620
3787,2648
3739,2711
3695,7593
3671,7135
3633,3721
3609,2691
3587,2725
3575,2745
3408,2880
5179,6361
4907,5973
4731,6824
4515,6064
4339,6075
4203,5970
4171,5773
4099,16109
3883,7738
6625,7302
6393,10901
6241,6994
6185,11227
5989,7202
5885,5471
5769,10669
5693,6584
5665,9378
5463,5958
5159,4845
5047,14508
4831,6879
4727,5147
4687,4190
4491,13016
4387,6612
4347,4685
4239,3942
4195,13229
5058,7237
4914,8825
4730,5274
4674,3971
4590,3857
4526,3823
4474,3768
4450,3723
4368,3772
4276,4310
4248,3769
4206,3946
4178,3982
4152,3687
4138,4245
3947,14028
3723,7741
3515,4291
3483,4926
3387,7951
3203,4403
3107,4611
3003,14948
2963,4594
2823,3610
2711,6282
5501,5179
5301,4020
5205,3614
5081,3248
4961,10611
4913,5934
4821,3981
4777,2936
4645,9795
4453,5332
4261,3344
4109,2576
4045,3187
3949,2626
3825,2682
3761,8332
3665,7128
3589,3648
3557,2833
3509,7889
4294,4553
4198,5385
4094,3449
4054,2795
3970,2764
3894,7745
3870,4998
3808,2957
3760,5404
3716,4182
3692,5134
3654,3265
3626,3118
3604,7227
3595,4509
3427,3049
3235,2250
4926,6458
4750,5882
4534,5939
4358,5087
4222,6360
4190,5661
4118,12806
3898,7260
3786,9069
6440,7332
6256,6189
6200,5972
6004,6570
5900,5774
5800,5739
5744,17243
5684,7719
5474,6288
5170,4715
5058,5369
4842,5191
4754,5048
4698,4644
4502,4929
4414,4980
4358,4338
4282,4369
4206,4766
4182,5974
4923,4243
4827,4470
4683,13520
4599,6563
4543,5342
4491,4314
4459,4112
4377,12877
4329,6505
4277,4663
4253,6689
4207,4633
4183,11612
4157,6112
4145,4558
3891,3745
3699,10759
3491,5781
3395,4222
3211,9657
3131,4918
3027,3450
2971,9085
2831,4931
2799,3335
5509,11337
5325,5628
5237,4053
5121,5479
5025,3956
4929,10395
4853,5026
4793,3404
4769,3335
4491,3127
4315,9232
4147,5350
4051,5476
3979,3188
3863,2779
3767,8389
3695,6969
3611,3273
3571,7940
3527,3934
3511,2812
4204,8347
4116,4797
4068,4749
3976,7731
3936,3791
3892,5587
3872,6443
3766,3264
3722,2587
3698,7291
3660,4334
3636,5290
3614,6165
3602,4543
3431,4745
3239,6542
3063,3430
4866,6397
4722,6771
4474,6506
4330,6078
4194,6332
4138,6312
3966,5721
3790,5966
6564,6653
6332,6866
6212,6461
6072,6314
5920,6352
5864,16700
5756,7369
5704,6310
5542,6118
5318,5825
5078,5570
4942,5718
4830,4997
4710,5220
4570,5200
4490,4925
4370,4534
4302,4840
4246,4862
4202,4277
4100,4639
4847,4791
4743,4512
4679,4361
4587,7544
4539,12892
4467,8909
4397,5236
4341,4123
4289,3821
4261,3971
4219,3773
4191,4115
4165,3670
4151,11976
3958,7017
3734,4713
3526,3481
3414,3326
3246,3084
3214,3160
3118,8702
3014,7987
2966,4250
2834,6631
2722,5026
5408,5002
5312,4312
5216,4368
5092,4144
4972,4144
4924,4113
4832,4056
4788,4017
4654,3908
4462,3871
4270,3754
4118,9157
3998,5596
3958,3481
3834,2741
3770,2727
3674,8065
3598,7255
3566,3746
3518,2733
3444,2376
4207,2571
4103,2561
4063,2582
3979,2647
3903,2848
3879,7749
3817,7295
3769,6661
3725,4555
3701,2360
3663,7040
3639,4549
3617,2799
3605,2475
3434,2399
3242,2308
3066,6035
4757,6447
4541,5939
4477,7069
4333,6521
4197,6433
4125,6389
3969,16084
3793,7471
6447,7328
6335,7288
6215,14732
6075,7347
5923,6216
5867,10165
5759,6941
5707,10441
5545,6593
5321,5685
5145,5593
4945,14756
4833,7107
4745,5852
4605,4908
4493,4749
4405,4885
4305,4735
4257,4687
4205,4674
4185,4612
4930,4703
4746,4688
4690,4621
4606,4463
4550,4270
4490,4398
4466,4306
4384,13626
4336,7943
4284,5530
4260,4318
4214,4202
4190,4421
4164,4336
4152,4093
3897,4204
3737,3836
3529,11466
3417,8567
3249,5086
3137,5952
3121,4459
3017,3573
2969,3550
2837,3361
5611,4080
5515,4091
5315,3857
5219,3780
5095,3834
4975,3669
4927,3570
4835,3665
4799,3596
4775,10648
4497,6584
4321,4355
4257,3051
4073,3006
3985,9125
3953,5972
3789,3709
3717,8679
3669,4823
3601,3532
3541,8285
4412,5524
4274,3615
4194,8742
4106,4835
4066,3383
3950,3063
3906,3002
3882,8004
3820,6145
3772,3430
3728,2914
3704,2918
3666,2841
3642,7442
3620,7371
3608,3883
3437,2650
5208,7302
4936,6207
4760,7451
4728,6812
4480,6651
4336,6576
4200,6408
4144,6279
7050,7459
6682,6958
6570,6759
6354,6797
6250,18033
6110,8483
5998,6407
5878,6113
5794,6105
5718,6231
5690,6159
5356,5860
5148,5893
5068,5703
4852,5517
4748,5449
4708,5350
4512,4849
4424,14140
4368,8001
5203,6420
5111,5173
5083,4947
4933,4909
4837,4995
4733,4827
4685,4636
4553,4768
4501,4643
4473,4394
4403,4689
4347,13743
4295,7984
4267,5552
4225,4442
4197,4082
4171,13223
4157,6715
3964,4674
3740,3950
3532,3960
3500,11473
3404,7021
3220,4830
3124,3566
3036,3600
6090,4290
5918,4035
5726,3934
5534,3957
5382,3831
5262,12254
5138,6487
5034,4863
4962,6130
4878,3994
4830,3626
4782,3551
4596,3411
4356,3322
4276,3310
4124,3209
4004,3140
3964,3267
3840,3213
3776,3275
4607,3776
4531,9724
4475,7001
4431,4379
4411,2999
4213,6605
4125,7529
4077,4020
4001,3283
3953,3157
3901,8548
3881,5508
3807,3418
3767,6034
3723,4638
3703,3307
3661,3375
3641,3300
5816,7855
5798,7518
5563,7858
5211,7187
4939,7493
4763,7580
4547,7369
7833,8359
7577,8501
7361,7943
7225,7792
6989,7280
6685,7373
6573,18741
6357,8656
6221,6743
6081,6415
5929,11629
5873,7796
5765,6447
5721,6344
5693,6288
5359,6027
5151,5858
4951,5632
4855,16562
4751,7718
4611,6216
5466,5963
5346,5581
5298,5546
5166,5300
5114,5233
5086,5208
4936,5098
4840,5003
4736,4941
4612,4833
4556,4775
4504,14695
4476,8269
4406,5791
4350,4776
4298,4725
4270,13548
4228,6859
4200,8870
4174,5495
4160,4603
3967,4439
3743,4225
3535,3988
3503,3777
6933,4483
6605,14254
6381,7206
6229,4946
6093,3937
5921,4124
5729,3984
5537,4100
5385,11853
5262,6613
5133,4773
5037,3274
4965,7952
4881,5322
4833,3920
4785,10566
4599,5655
4359,3699
4279,3096
4127,2979
4007,9261
4966,6837
4810,4190
4730,3908
4610,3481
4534,10802
4486,6215
4434,4325
4414,2950
4280,3596
4128,2759
4080,2732
4004,3356
3956,2667
3912,2609
3888,2585
3826,3286
3778,9402
3734,6857
5959,8244
5905,8181
5861,9464
5827,8248
5805,8213
5566,8762
5438,8544
8980,16070
8516,9658
8276,8400
7996,8776
7660,8185
7460,8075
7276,7958
7220,7760
6864,7543
6592,7430
6424,12648
6272,8401
6116,6946
6004,12167
5884,7741
5800,6585
5724,6795
5696,6392
5362,6076
5154,5990
4954,5995
5865,17522
5721,7832
5549,6040
5453,6047
5309,5896
5209,5467
5161,11175
5089,7056
4971,5420
4843,9611
4739,6327
4691,5192
4559,4592
4507,5379
4479,14542
4409,7025
4345,5744
4293,4906
4269,4957
4223,4076
4199,4249
4173,13396
4161,7162
3906,5559
3714,3984
7176,14448
6952,6285
6608,5148
6432,8139
6232,5316
6096,4229
5924,4441
5732,4617
5524,3695
5340,3627
5252,3961
5104,3738
4984,3392
4936,3366
4844,3820
4800,3786
4666,10831
4474,6573
4282,4563
4130,2785
4066,3040
4969,3697
4813,3422
4661,2885
4613,2835
4521,3278
4481,9557
4421,7389
4315,4648
4203,5062
4115,3047
4075,2668
3959,3014
3915,2560
3891,8366
3813,8674
3773,8122
3729,4752
3709,3008
5892,7972
5856,8930
5822,7328
5804,8199
5441,7916
5153,7585
4881,7540
8279,8665
7871,8160
7599,7810
7431,7546
7263,7857
7059,7322
6691,7426
6579,6977
6363,6906
6259,14650
6087,9823
5935,6646
5879,6262
5771,6456
5719,6420
5557,6062
5365,6118
5157,5918
4957,5633
4845,5342
4757,5488
5584,5889
5456,5582
5352,5707
5228,5371
5172,5446
5112,5163
5088,5241
4942,5235
4758,5031
4702,4869
4618,5063
4562,4997
4502,4645
4478,4735
4396,4541
4348,4543
4296,4447
4272,4450
4226,4548
4202,4314
4176,4337
4164,4420
3909,4126
3717,13639
3541,6593
7003,6239
6771,4559
6467,4807
6371,4684
6171,4214
6075,4342
5863,4357
5591,4718
5423,13644
5327,6339
5231,4897
5107,8176
4987,4986
4939,3848
4847,3509
4803,3465
4669,3853
4477,12091
4333,6561
4165,4538
5092,3783
5004,3938
4848,3245
4736,11541
4648,6834
4540,4480
4492,2890
4440,3113
4420,11115
4286,5592
4134,4410
4086,7290
4010,4639
3962,3142
3910,3470
3890,3606
3816,9813
3776,5212
3732,6264
5957,8127
5895,7910
5859,7526
5825,8234
5807,8152
5444,7908
5156,12341
8554,9804
8282,8647
7874,8620
7666,7944
7434,7989
7282,14349
7226,7994
6838,7223
6598,7135
6430,6904
6262,7105
6122,7145
6010,6708
5890,6619
5806,6608
5730,6296
5702,6406
5368,5964
5160,5799
4960,5707
5887,5932
5767,5964
5587,5563
5459,6011
5355,5644
5231,5309
5175,5338
5115,5310
5091,5167
4865,5013
4761,5169
4697,4943
4605,5007
4557,4842
4505,4810
4415,4851
4359,4810
4307,5065
4279,4549
4237,15175
4209,6946
4183,5614
4169,4722
3976,4304
3752,4209
7121,5397
7006,4619
6774,4535
6470,4771
6270,4420
6174,4255
6070,4281
5770,4494
5594,4068
5394,4206
5274,4357
5226,3841
5062,4032
4950,3807
4874,3713
4814,3750
4790,3850
4512,3532
4368,3411
4272,3475
4088,3298
5007,3428
4851,3193
4755,3569
4651,3308
4543,3170
4495,3567
4443,4157
4423,3294
4225,3148
4137,3326
4089,3312
3997,2998
3957,3177
3913,2999
3835,3067
3787,3073
3743,3105
3719,3149
3681,3078
5870,8146
5836,9240
5814,7726
5575,8116
5223,7968
4951,7755
8349,8644
8069,8472
7701,8529
7469,7722
7357,7668
7229,7382
6873,7548
6665,7199
6433,7235
6281,7038
6225,6733
6029,6564
5893,6550
5809,6258
5733,6203
5705,6479
5371,6284
5163,5921
5083,6001
4867,5524
4763,5507
5590,5572
5478,5676
5358,5430
5234,5433
5178,5463
5118,5282
5094,5162
4868,5163
4764,4950
4700,4987
4608,5179
4560,4828
4488,4749
4418,4881
4362,4522
4310,4462
4282,15001
4240,6663
4212,5882
4182,4483
4170,4499
3915,4156
3755,4020
3547,4233
3435,4353
6713,4650
6473,4901
6273,15306
6121,6387
6073,5067
5757,4216
5549,4570
5397,4022
5277,4047
5145,3998
5049,3893
4953,3680
4877,4355
4817,3331
4793,3946
4515,3734
4339,3284
4171,3040
4091,3212
4003,3152
3887,3257
4742,3464
4654,3378
4546,3231
4498,11041
4446,6071
4426,4346
4228,2740
4140,3118
4086,3428
4000,2673
3960,2791
3916,3076
3838,2752
3790,2822
3746,3366
3722,2997
3684,2888
3660,3212
3638,3230
5817,7604
5578,7051
5226,8213
4954,6541
4778,6973
4562,7079
7704,7850
7592,7905
7360,7495
7240,7401
6876,7255
6668,7117
6436,7068
6284,6900
6228,6907
6032,6452
5928,6574
5828,6163
5736,6143
5708,6620
5502,5960
5198,5811
5086,6355
4870,5457
4766,5852
4626,5689
4530,5076
5361,5812
5237,5676
5181,5575
5121,5073
5097,5513
4871,15784
4767,7350
4711,5948
4611,5329
4563,5115
4511,4639
4421,5024
4365,5083
4313,4544
4285,4874
4243,13105
4215,7292
4187,5721
4173,4612
3928,4534
3758,12410
3550,6488
3438,4974
3270,3279
3158,10934
6276,7892
6124,8701
6076,4972
5776,4519
5552,4373
5400,3849
5280,4302
5148,4113
5052,3507
4956,3487
4880,3838
4820,3257
4796,3246
4518,3608
4342,3523
4174,2921
4094,2900
4006,3248
3890,2666
3810,9239
3722,7864
4549,4327
4501,3045
4449,10101
4429,4839
4231,3160
4143,2652
4095,9540
4003,5390
3963,3106
3919,3002
3899,8580
3793,5195
3749,3425
3725,3037
3687,2485
3663,2458
3641,2965
3629,2488
3458,2377
5229,7737
4957,7309
4781,7185
4749,8239
4501,7254
4357,7375
7379,8111
7243,8415
7007,8226
6703,8529
6471,7658
6359,7616
6239,16137
6099,8528
5947,6995
5891,7092
5783,6264
5731,7322
5569,6950
5345,15991
5105,7402
4937,6478
4785,5939
4737,5330
4597,6018
4445,5689
5324,5286
5224,16629
5176,7427
5104,6118
4986,5805
4858,5599
4754,5610
4706,5578
4574,5522
4522,5141
4494,4571
4424,5007
4368,4804
4308,4216
4284,4700
4238,4558
4214,4110
4188,4066
4176,4512
3921,3967
3729,3868
3553,4381
3441,3776
3273,3665
3161,4091
3057,3983
6183,4202
6079,4657
5779,4453
5555,3900
5403,4353
5283,4139
5235,11598
5055,5758
4959,11362
4883,7938
4823,4848
4799,3653
4521,3416
4377,3493
4281,3938
4097,3218
4009,10323
3902,6696
3813,4096
3725,2877
4620,3548
4504,3543
4460,3022
4432,3607
4298,3589
4146,2753
4098,2790
4022,3432
3966,9035
3922,6971
3902,4370
3828,2828
3752,2560
3728,2993
3690,2506
3666,2491
3644,2975
3632,8387
3461,6788
3269,3882
4960,7011
4784,7198
4568,7545
4504,6641
4360,6706
4224,6105
7246,7455
6882,7250
6674,7222
6474,7012
6290,6825
6234,6635
6038,6065
5934,6451
5834,6204
5778,5780
5718,6150
5508,5876
5204,5313
5092,5719
4876,5519
4772,4970
4632,5360
4536,5181
4432,4740
4332,5157
5187,5257
5127,4808
5103,5289
4877,5032
4773,4566
4709,4987
4617,4794
4569,4414
4497,4831
4427,4636
4371,4188
4319,4639
4287,4523
4241,4081
4217,4513
4191,4380
4179,3977
3924,3743
3732,4058
3524,12038
3428,6913
3244,4848
3148,3213
3060,3274
3004,3669
5878,13122
5638,6586
5542,4896
5342,7403
5246,4230
5074,7460
4986,4196
4902,7644
4854,4781
4806,9909
4620,5261
4380,6660
4284,6273
4100,3511
4012,7089
3896,4355
3800,3153
3728,8936
3644,4706
3604,3100
3560,8619
4435,4953
4237,3102
4149,8894
4093,5121
4009,3037
3969,6361
3909,4117
3847,8753
3799,4179
3755,2790
3731,8506
3693,5255
3669,5166
3647,3041
3635,2665
3464,6902
3272,6352
3096,3005
3000,2367
2848,2261
4395,6450
4363,6252
4227,6870
4155,6020
3935,6721
6677,13113
6477,7922
6293,7109
6237,12697
6041,7404
5937,6130
5837,6197
5781,12782
5721,7736
5511,6321
5207,6025
5095,11371
4879,7139
4775,5758
4735,5709
4539,5117
4435,4984
4395,5393
4287,5041
4235,4789
4215,5207
4880,5231
4776,4799
4720,4770
4620,5038
4572,14524
4520,7313
4430,5582
4374,4753
4322,4451
4294,4325
4252,4722
4224,4714
4198,4090
4182,13172
3927,6851
3767,5008
3559,3541
3447,4181
3279,3976
3167,3547
3063,10525
3007,7643
2999,4603
2835,3539
2739,3510
5361,3663
5273,3770
5157,4062
5005,3601
4957,3591
4865,3938
4821,3764
4687,3383
4495,10623
4303,6398
4151,3997
4031,3064
3983,3431
3867,9260
3747,5800
3699,5911
3607,5393
3571,5980
3547,3584
3445,6247
3325,4618
4104,3615
4012,3518
3972,8604
3928,5425
3850,3588
3802,3057
3758,2803
3734,2718
3688,3033
3668,2665
3646,2635
3636,3012
3403,2527
3243,2833
3067,2390
2987,2356
2819,2598
2739,6608
2651,6429
2619,3899
4002,6271
3826,5058
3690,6518
3602,5894
3586,6343
6044,6788
5908,7365
5824,6330
5748,5806
5720,6350
5386,5962
5178,6099
4978,5757
4866,5624
4746,5678
4638,5834
4526,5153
4406,5421
4338,5095
4282,4964
4222,5259
4136,15732
4024,8422
3936,5513
3896,4683
3788,5265
4531,11454
4503,6419
4433,4639
4369,5644
4317,5558
4293,4203
4247,15843
4223,6542
4197,4984
4185,4402
3930,4968
3738,5944
3530,3811
3434,3911
3250,5442
3170,11299
3066,6690
3010,7259
2870,3130
2838,10371
2742,5198
2638,3566
2598,7010
2514,5285
2458,5178
4960,6520
4868,6388
4824,10324
4690,5108
4498,3450
4306,3203
4154,9827
4090,6097
3994,6181
3870,3684
3750,3164
3710,3110
3634,3067
3602,3042
3554,2982
3480,2944
3384,3073
3312,8085
3228,7843
3188,4524
3939,3531
3915,3121
3837,3043
3797,8067
3753,7079
3733,3735
3691,7785
3671,4038
3649,5512
3639,4310
3406,7235
3246,4106
3070,6913
2990,3480
2822,2625
2742,2626
2654,6085
2622,6027
2498,4085
2402,2763
2314,5501
3661,4960
3589,5591
3465,4663
3409,5762
3341,8594
5787,11336
5727,7100
5517,5543
5213,14820
5101,7068
4885,5879
4781,10184
4741,6538
4545,8700
4441,5879
4401,5202
4293,5073
4241,14514
4221,7281
4043,5531
3955,9019
3903,5614
3823,4617
3783,13464
3723,6906
4436,5404
4380,10717
4328,6026
4300,4603
4250,4699
4226,13497
4200,6881
4188,5402
3933,3814
3741,3977
3533,11681
3437,7245
3253,4789
3173,3524
3069,10577
3013,5913
2873,7378
2761,5432
2745,3876
2641,12612
2593,4976
2517,5368
2461,2652
2409,3083
2401,3002
2377,10108
4629,9578
4389,4791
4293,3953
4109,3351
4021,11268
3905,4891
3825,6461
3737,3655
3653,4143
3605,3413
3569,3595
3483,4522
3403,3596
3315,3731
3283,3357
3191,9673
3155,6923
3135,6130
3073,3685
3041,3670
3756,3840
3736,9587
3694,5067
3674,4160
3652,2954
3642,10018
3409,4651
3249,3681
3073,2727
2993,3052
2825,2716
2745,8055
2673,7394
2625,4001
2501,2811
2405,3160
2389,2905
2301,3027
2269,3080
2193,2561
2161,2507
3396,4489
3328,4810
3300,4165
3292,5377
5392,5279
5184,5666
4984,5465
4872,7297
4784,4940
4644,4870
4532,4850
4444,4753
4344,4703
4296,4591
4244,4559
4224,4591
4046,4420
3958,4348
3910,4245
3842,4203
3786,4179
3742,4096
3722,4089
3656,3988
3616,3983
4323,4358
4261,4831
4233,4027
4207,4037
4193,4010
4191,3975
3936,4146
3744,3776
3536,3822
3440,3633
3256,11990
3176,8237
3072,4967
3016,7012
2876,7191
2844,4313
2748,3596
2644,3489
2604,3484
2520,3627
2504,3666
2456,3569
2412,3452
2384,4123
2380,3772
4536,4439
4360,11744
4296,5737
4112,4467
4024,3299
3992,4780
3828,3106
3740,3633
3708,3112
3616,3001
3580,10807
3556,6350
3454,4589
3390,3367
3294,3854
3234,10324
3194,5270
3158,5876
3134,4493
3076,3530
3044,9470
3759,5589
3739,3500
3697,3344
3677,3529
3655,9971
3645,5871
3412,3640
3252,8219
3076,4112
2996,3020
2860,3475
2764,6562
2676,3113
2628,2822
2620,7181
2472,5247
2392,3114
2320,2613
2272,6430
2264,6258
2180,3444
3415,4458
3347,4648
3331,3948
3295,5081
5523,5196
5219,5003
5107,4954
4891,4787
4803,4733
4747,4665
4551,4779
4463,14110
4407,7132
4331,5691
4255,4348
4231,4357
4145,4169
4033,4194
3945,4046
3905,3954
3797,13353
3753,7811
3729,5543
3675,4042
3627,3798
4334,3847
4306,3934
4264,3935
4236,3810
4210,3789
4196,3852
4003,3717
3779,3710
3571,3536
3459,3612
3291,3477
3259,3443
3163,3649
3059,3541
3011,3410
2879,3578
2767,3429
2751,3375
2647,3655
2599,3654
2523,3497
2467,3470
2459,3529
2407,3383
2387,3701
4699,4645
4539,4535
4363,4403
4195,4299
4099,4294
4027,4202
3911,4216
3831,4061
3743,3996
3711,3955
3619,3933
3583,3865
3559,3854
3457,3818
3393,3721
3297,3961
3237,3949
3197,3880
3161,3570
3141,7508
3079,7476
3806,4925
3762,4972
3742,3315
3700,2794
3680,2742
3658,2946
3648,2689
3479,2720
3287,2841
3111,2536
3015,6920
2863,6332
2767,6478
2751,2812
2663,2481
2623,4174
2507,2667
2411,2362
2323,3832
2307,2492
2267,2084
3506,4868
3418,4053
3402,3999
3334,5205
5752,5588
5590,6097
5398,5297
5190,5524
4990,5098
4878,7479
4790,4883
4650,4654
4554,5487
4450,4619
4395,4837
4302,4479
4258,4024
4230,13477
4116,6876
4036,4923
3916,3708
3848,4040
3800,3701
3756,4005
3732,4098
4429,3554
4381,3957
4329,13024
4305,7525
4259,5248
4235,3848
4209,3449
4199,3763
4006,11997
3782,6636
3574,4944
3462,3401
3294,2960
3262,3179
3166,3393
3062,2752
3022,2760
2882,3072
2770,2911
2754,3255
2650,3125
2610,3145
2526,3447
2510,8166
2462,7896
4904,5250
4844,3601
4824,3091
4638,3460
4398,3184
4302,9224
4166,5530
4046,3337
4006,2450
3882,2937
3818,8375
3722,5263
3662,3245
3614,5405
3578,4078
3562,3709
3412,7592
3340,3919
3300,5327
3240,3289
3995,2925
3951,3186
3927,7682
3857,4879
3809,3005
3773,7242
3749,3768
3711,7152
3687,3494
3665,2446
3653,2749
3482,2446
3290,6678
3258,6645
3082,3129
3002,2136
2866,2347
2770,5558
2682,5605
2666,2872
2626,3934
2478,5582
3841,4717
3705,4319
3673,5676
3601,9057
6123,6979
5971,7337
5915,5531
5807,5259
5755,14310
5593,7148
5369,5455
5129,4853
4993,10574
4881,9822
4761,4770
4653,4966
4541,4592
4453,4328
4353,4167
4305,4399
4253,4106
4233,4069
4055,4126
3967,3950
4738,4066
4654,4166
4590,3987
4538,3775
4514,3874
4432,4004
4384,3798
4332,3779
4308,3896
4262,3719
4238,3648
4212,3879
4200,4158
3945,4145
3753,3796
3545,12144
3465,10117
3297,4189
3185,3606
3081,3560
3065,3162
3017,3198
2853,3390
2773,3102
2669,9633
5363,10911
5267,4268
5143,2956
5023,3745
4975,4170
4883,3276
4839,2818
4705,3813
4519,2784
4369,2851
4201,2893
4105,3231
4033,3048
3917,2554
3837,3226
3749,2697
3717,3106
3625,3243
3589,3375
3569,2513
3463,3196
4242,3448
4154,3108
4114,3232
3998,3617
3954,2993
3930,12089
3868,4024
3820,2638
3776,2164
3752,7110
3714,4657
3690,2808
3668,2270
3656,2409
3654,2250
3421,2221
3261,2449
3085,2361
3005,2338
2869,2624
2773,2501
2685,5709
4248,4944
4176,4708
4020,4770
6730,6372
6498,6097
6386,5716
6266,5617
6126,5573
6046,5605
5926,16716
5842,7473
5766,5810
5738,5068
5532,5354
5228,5001
5132,4725
4964,4745
4812,4622
4764,4478
4624,4558
4544,4444
4456,4235
4356,4111
4308,4067
5159,4377
5131,4261
4981,4290
4885,4219
4781,4089
4733,3948
4641,3907
4593,3932
4541,3946
4517,3843
4435,12950
4387,7469
4335,5063
4311,7238
4265,4532
4241,3879
4219,3850
4205,3851
4012,3700
3788,3614
3580,3505
3548,3420
3452,3235
3268,3374
3172,3351
6274,3943
6154,3817
5966,13479
5774,5795
5582,4230
5430,3331
5294,3412
5178,3194
5082,2998
4986,3041
4910,10256
4850,6482
4830,4322
4644,3043
4404,2750
4308,2817
4124,2744
4052,2787
4004,2853
3888,2905
3768,3066
4647,3335
4563,3183
4523,8916
4463,7134
4357,3913
4245,5242
4157,3739
4117,3188
4033,3089
3957,3076
3933,3051
3871,2953
3823,8554
3779,6162
3755,4798
3717,2858
3693,2522
3671,2526
3659,2769
3488,2422
3296,2560
3120,2469
4811,5901
4595,5523
4531,6082
7625,6908
7409,6883
7273,6661
7037,6344
6733,6415
6501,6260
6389,6246
6269,6026
6129,6206
5977,18628
5921,7624
5813,6259
5761,6065
5599,5182
5375,5572
5135,5439
4999,5177
4887,5059
4767,4871
4659,4459
4547,4663
5354,4827
5270,4450
5206,4562
5154,4544
5130,4429
4904,4127
4800,4387
4744,15648
4644,6525
4596,5822
4544,4555
4520,13069
4438,5430
4390,4821
4318,3779
4276,4247
4248,3808
4222,3399
4208,3749
4206,3820
3951,3339
3759,3160
3551,3059
3455,3409
3271,4451
6477,6732
6277,6691
6157,6588
6109,5248
5777,3849
5585,3993
5433,5034
5313,3658
5265,12319
5096,5279
4989,4438
4929,3013
4881,4109
4833,3313
4647,3049
4407,11534
4311,5749
4175,4456
4055,2999
4007,3000
3891,4182
4706,3918
4658,3534
4566,3621
4526,3776
4466,3496
4360,3491
4264,3267
4160,3209
4120,4030
4036,10024
3996,5905
3936,4157
3874,2408
3826,9453
3782,5484
3758,5797
3720,5035
3696,3911
3674,4368
3662,3400
3491,8823
3299,5491
5198,6796
4926,6444
4782,5843
7916,10493
7644,8064
7412,7150
7308,7836
7104,7552
6736,11645
6624,7324
6408,6337
6304,6178
6132,6801
5980,6709
5924,5977
5816,15840
5764,7489
5602,6156
5380,5155
5202,9469
5002,6135
4890,5909
4770,5309
5629,5412
5501,5385
5397,4723
5273,5059
5209,4555
5157,4797
5133,4470
4907,4378
4803,14256
4747,6628
4647,5403
4599,4615
4547,10177
4523,5728
4401,4538
4349,4381
4321,4168
4279,12961
4251,6276
4225,5292
4211,4552
4018,4011
3794,3882
3762,3693
3554,3781
3458,3996
6656,13988
6432,6743
6280,4501
6144,4123
5972,4163
5780,4092
5572,4011
5388,4044
5300,12193
5184,5852
5088,4639
4992,6535
4916,4136
4856,3677
4832,11159
4554,4926
4378,3676
4314,3024
4130,3497
4042,3274
5009,3883
4797,3481
4693,3282
4653,3025
4537,4211
4493,3248
4469,9701
4331,5789
4251,4114
4131,3405
4055,3101
4007,9439
3963,5138
3935,3952
3861,6977
3821,5246
3777,8766
3757,4558
3715,3414
3677,2867
3665,3213
3494,3044
3302,2961
5060,6942
4929,6801
4793,6480
7887,7576
7647,7600
7415,7727
7311,12565
7043,8009
6739,6986
6507,6947
6395,6583
6275,6746
6103,6449
5967,6351
5867,6431
5811,6015
5751,5839
5541,5739
5237,5537
5125,5300
4909,5296
4821,5188
4765,5138
5520,5311
5400,5152
5352,5096
5220,4971
5168,4924
5136,4895
4990,4793
4806,4679
4750,4700
4650,4547
4602,13221
4550,7399
4460,5551
4404,4349
4352,4299
4324,4284
4282,4218
4254,4181
4224,4166
4212,4126
3957,12703
3765,7606
3557,5309
3477,4014
3309,3760
6483,4452
6283,4287
6163,4231
5975,4097
5671,12624
5575,7188
5391,4903
5279,3603
5155,3747
5035,3463
4935,10138
4887,7046
4839,4660
4653,3542
4413,3201
4317,3184
4133,3081
4045,3014
3929,2941
3849,3041
3761,3148
4588,3547
4532,3498
4488,3453
4366,3375
4270,3300
4166,3262
4126,3216
4010,8438
3966,6563
3938,3782
3864,3048
3824,8080
3780,4937
3726,3302
3702,7828
3680,4916
3668,3232
3497,2812
3305,2742
3129,6992
3033,6866
2881,3632
2785,6625
4292,6020
4204,5721
7110,7169
6886,6659
6646,7325
6414,6630
6310,6675
6170,6592
5986,6529
5930,6168
5822,5921
5770,5841
5608,5719
5384,5655
5144,5460
4976,5355
4824,5253
4768,5155
4572,5002
4484,4955
4428,4890
4320,4780
4276,4734
5139,15914
4993,7801
4809,5747
4753,4935
4653,4592
4605,4631
4533,4680
4463,4712
4407,4611
4355,4389
4323,4373
4277,4052
4253,4205
4227,4172
4215,3977
3960,4032
3768,3918
3560,3720
3464,3589
3280,3520
3184,3550
3080,3650
3032,10190
2868,9043
2788,5492
5442,5939
5322,5787
5190,5290
5094,5095
4990,4941
4898,4155
4854,4033
4720,4169
4528,4089
4336,3750
4136,3641
4048,3795
4016,9705
3852,5645
3764,3833
3680,2929
3632,8926
3596,5356
3510,3604
3414,2746
3342,2694
4061,8613
4013,6643
3961,3809
3941,2741
3867,2787
3791,2438
3767,2449
3729,8177
3705,7210
3683,3796
3669,3069
3436,2731
3276,2374
3100,2282
3020,2609
2852,2278
2772,6909
2700,6676
2652,3425
2528,2411
2432,6199
2344,4000
2328,2335
3619,5070
3495,4769
5973,6218
5873,6150
5817,5944
5753,5437
5419,5823
5211,15594
5011,7377
4915,6047
4811,5298
4671,5259
4559,5203
4439,5147
4371,4893
4315,4509
4255,4598
4169,15029
4057,7143
3969,5824
3869,4698
3821,4512
3769,4248
4532,4562
4450,4719
4358,4298
4330,4455
4288,4711
4260,4519
4234,4112
4220,4388
4027,4164
3771,3723
3563,3543
3467,3860
3315,3710
3203,11192
3099,6722
3043,4740
2903,3157
2791,9839
2687,5190
2671,3903
2623,3505
2531,3709
2491,3618
2439,3304
2411,3529
4841,3918
4563,10782
4387,6116
4219,4132
4123,3015
4027,3055
3903,3247
3839,2892
3743,9122
3667,7293
3607,3962
3587,2930
3481,3047
3417,8600
3321,5889
3261,3665
3213,2755
3177,2703
3119,8021
3079,6045
3794,3611
3770,2980
3724,3316
3704,2801
3682,2891
3672,3170
3439,2664
3279,2602
3103,2890
3023,2551
2855,2439
2775,2609
2687,2780
2655,3027
2531,2956
2435,2906
2347,2829
2331,2822
2291,5486
2207,5379
2175,5344
2131,2927
2107,2480
2103,2494
3120,4880
3008,4507
5014,4571
4902,6057
4782,5296
4674,5037
4562,5326
4442,5200
4358,4856
4318,4850
4258,4808
4172,4606
4060,4732
3972,4557
3872,4174
3824,4611
3780,4390
3752,4033
3686,3997
3646,4269
3602,3945
3582,4028
4263,4402
4237,13226
4223,8072
4030,5121
3806,4251
3598,3873
3486,4282
3318,11188
3206,6797
3190,4764
3086,7789
3038,7359
2874,3584
2778,9831
2690,5472
2634,3852
2550,3341
2534,5105
2486,3408
2434,3242
2414,3564
2296,3252
2264,2886
2168,4077
2080,7830
2024,7907
4022,8294
3858,3205
3786,3030
3738,10600
3646,5252
3610,3302
3586,2944
3484,3684
3364,2812
3324,8721
3248,6379
3216,3766
3168,3218
3122,4237
3082,2832
3046,2600
3026,2803
2988,2565
2972,2556
2954,2896
3675,4166
3442,2939
3282,3134
3106,5077
3026,2763
2858,2646
2778,2918
2706,2590
2658,2530
2534,2674
2438,2373
2422,2612
2334,2727
2294,3270
2210,2464
2178,2729
2134,4201
2126,6019
2106,6494
2004,5327
1908,2181
1892,1880
1804,2385
1772,4723
2679,4287
4565,4356
4445,5813
4377,4566
4321,5251
4265,4546
4175,4751
4063,7127
3975,4279
3875,4385
3827,15837
3783,7108
3755,5181
3689,4432
3649,4227
3605,4557
3555,3929
3531,4124
3509,15391
3497,6374
3368,5080
3176,3826
3601,6210
3489,3963
3321,4045
3209,3897
3105,3604
3049,3843
2909,3875
2877,3861
2781,3313
2677,4883
2629,10213
2553,6809
2497,5083
2445,7231
2437,4493
2413,5157
2299,4727
2187,3546
2171,4610
2067,5617
2027,3253
1943,3324
1927,5335
1887,3151
1835,3163
3649,6655
3605,8930
3519,5845
3439,5989
3351,2720
3319,6106
3251,9361
3191,3540
3171,2641
3125,3102
3085,2590
3041,2529
3025,2892
2991,4525
2975,4200
2957,3871
2949,2097
2780,6721
2652,4588
2508,3107
2444,3019
2861,6430
2797,6395
2709,3532
2661,6117
2537,3718
2505,3158
2425,3153
2337,3025
2305,2938
2229,2924
2181,2955
2173,2841
2129,2801
2113,2776
2007,2563
1975,2620
1895,2525
1823,2431
1807,2440
1767,2365
1699,2707
1683,2704
1643,2667
1607,2604
2510,3650
4264,4342
4178,4290
4066,4575
3978,4129
3938,4160
3830,4217
3786,12693
3762,7760
3708,5518
3652,4057
3608,4188
3588,4317
3550,12060
3530,6935
3508,4949
3498,3732
3307,3701
3147,3810
2971,3734
2891,10317
2739,8970
3196,5481
3108,3963
3052,3697
2912,9866
2800,6362
2784,4110
2680,6878
2632,5324
2556,3958
2500,3878
2492,3746
2440,3745
2420,3730
2302,3603
2270,3462
2174,3522
2086,3401
2030,3335
2022,3349
1946,3269
1890,3130
1882,3201
1838,3377
1810,3344
1806,3363
3490,4023
3426,4420
3354,4404
3270,4245
3230,8154
3194,5926
3170,3440
3112,2988
3080,2989
3044,2900
3028,2930
2994,3795
2978,4401
2960,4283
2952,4471
2783,4207
2655,6787
2511,4105
2447,3931
2311,3725
2263,3888
2712,3937
2664,3881
2540,3836
2508,3770
2428,3575
2340,4396
2308,3550
2232,3352
2216,3554
2176,3561
2140,3244
2116,3237
2112,3386
1978,3070
1914,5828
1826,3096
1810,2904
1778,2921
1702,3022
1686,5119
1654,2845
1610,2862
1602,4011
1586,2760
2477,3929
4149,3962
3997,4049
3949,4661
3881,5143
3825,15183
3781,9663
3761,6508
3695,10690
3655,7353
3611,6283
3591,4136
3553,17635
3533,9118
3511,5574
3501,3968
3310,5429
3150,4090
2974,14419
2894,8062
2774,4215
3215,6820
3111,5451
3055,13834
3047,5959
2883,4252
2787,8453
2699,4149
2643,4167
2635,12797
2543,5259
2503,3558
2451,5199
2443,3174
2419,3466
2305,4791
2273,3069
2177,3154
2089,4491
2073,3150
2025,2880
1949,3054
1933,2729
1893,2789
1841,3251
1833,3865
1813,3246
3595,5659
3493,5348
3373,3703
3333,4725
3273,5065
3233,3564
3197,4319
3177,5159
3115,3395
3083,3766
3047,6018
3031,3318
2997,3352
2985,4463
2967,4108
2957,9435
2850,4449
2690,3605
2546,2446
2514,2712
3035,3747
2867,9542
2787,4526
2715,4972
2667,2171
2659,7704
2511,4742
2431,2647
2359,2303
2311,3187
2303,2459
2219,2224
2187,2399
2179,3144
2135,2367
2119,6596
2013,7379
1981,3554
1917,2137
1829,2239
1813,2333
1781,2070
1773,3100
1689,2986
1657,2662
2584,4862
4370,5664
4330,4000
4286,6449
4184,4607
4088,11283
4000,5968
3952,4624
3884,4574
3836,4536
3792,4730
3768,4571
3714,4423
3666,4302
3622,4434
3598,4619
3564,6135
3540,16081
3518,6901
3514,6769
3504,4379
3978,4450
3786,4092
3610,3834
3498,4005
3330,11629
3298,7570
3202,5295
3114,3601
3058,3592
3050,3745
2886,3836
2806,3619
2702,3306
2686,8999
2646,8830
2562,5235
2546,3801
2498,3556
2454,3206
2446,3471
2426,9281
2308,8040
2276,4893
2196,3600
2092,2935
4154,3573
4066,3726
4034,3328
3870,10007
3798,6831
3750,4510
3682,2889
3622,3000
3602,3261
3496,3146
3432,2917
3336,3298
3276,3100
3228,8470
3192,7712
3176,4403
3094,2879
3058,3021
3038,8381
3008,5391
2988,3529
3701,3067
3687,2720
3454,2752
3294,2942
3118,2564
3054,2579
2902,7538
2806,7357
2718,3785
2670,2548
2546,2332
2514,2094
2434,2021
2346,6397
2306,6212
2238,4053
2190,3106
2182,2692
2138,2755
2122,3018
2016,2570
1984,2563
1904,2820
1832,2408
1784,2360
4789,4862
4657,4642
4505,5597
4457,4910
4373,4463
4333,4878
4289,15696
4187,7559
4091,5745
4003,4798
3947,4224
3871,4128
3831,4427
3787,4381
3767,4057
3701,13321
3661,6758
3617,4910
3597,4204
3559,3986
3539,3665
4248,4279
4236,4404
3981,3814
3789,3737
3581,4013
3501,3880
3333,3480
3221,11272
3205,7093
3101,4494
3053,3361
2921,3521
2809,2998
2705,3085
2689,3343
2641,2922
2565,2907
2509,3262
2501,2897
2449,2928
2429,3374
2311,2887
2279,2843
2199,3161
2095,2664
4141,3295
4069,3625
3953,3398
3857,3099
3785,3093
3701,3210
3661,2922
3617,2858
3601,3209
3451,2623
3379,4643
3331,3889
3263,2499
3231,2689
3183,2413
3137,2626
3097,5117
3061,3088
3041,3357
3003,3322
2987,3013
3700,3245
3690,3945
3457,3097
3297,3027
3121,3296
3041,3188
2905,2806
2809,2779
2721,3019
2673,2652
2549,2579
2517,2940
2437,2532
2349,2481
2317,2789
2241,2584
2193,2329
2185,2673
2141,2220
2125,2383
2019,2487
1987,2461
1907,2124
1835,2038
1787,2321
4800,4958
4660,4787
4508,4876
4460,4530
4376,7532
4336,4442
4276,4485
4190,4340
4078,4298
3990,4149
3950,4355
3842,4923
3798,4739
3774,4668
3720,4666
3664,4553
3620,4487
3600,4551
3562,4401
3542,4343
3520,4346
4239,4566
3984,4501
3792,4450
3584,4208
3488,4102
3336,4085
3224,3979
3120,3836
3064,3855
3056,3785
2892,3637
2796,3567
2708,3584
2652,3444
2568,3425
2552,3388
2504,3267
2460,3292
2432,3262
2428,3451
2282,3416
2202,3364
2098,3482
2082,3503
2042,3505
3956,4072
3860,4063
3788,4059
3704,3871
3664,3993
3620,3941
3604,3835
3454,3816
3382,3736
3334,3644
3266,3682
3234,3611
3198,3511
3140,3522
3100,3496
3064,3343
3044,3392
3014,3361
2994,3329
2976,3238
2966,3438
3524,3456
3332,3350
3156,3302
3060,3295
2908,3073
2812,3014
2796,3034
2708,2974
2668,2924
2520,2814
2456,2862
2368,2723
2320,2698
2312,2686
2228,2600
2196,2896
2152,2820
2144,2857
2124,2840
2022,2737
1926,2713
1910,2749
1822,2611
1790,2562
1782,3055
4599,5366
4511,5050
4455,5085
4379,6028
4303,5010
4279,4897
4161,5036
4081,4992
3993,6888
3893,4697
3845,5273
3801,6623
3777,4431
3723,4758
3667,4729
3623,4257
3603,4865
3565,4666
3545,4630
3523,4359
4242,4970
3987,4557
3795,4094
3619,4531
3507,13105
3339,7303
3227,7288
3123,8332
3107,5402
3059,4303
2895,3886
2815,3718
2711,3818
2695,3766
2647,3438
2555,3402
2515,3651
2463,3321
2455,10286
2431,9956
2317,5278
2285,3764
2189,3456
2101,3098
2045,3222
2037,3089
3927,3457
3863,3483
3767,3686
3691,3284
3659,3352
3623,3654
3537,3173
3457,3122
3369,3243
3337,3066
3269,2980
3237,3092
3201,2966
3143,2855
3103,2948
3067,2995
3047,2821
3017,2935
2997,2854
2979,2899
3698,3097
3527,3116
3335,2872
3303,2866
3127,2983
3047,2756
2879,2615
2799,2638
2727,2652
2679,2728
2555,2706
2523,2812
2443,2553
2355,2524
2323,2750
2247,2607
2231,2596
2191,2778
2155,2534
2131,2546
2127,2672
2025,2351
1929,2374
1913,2558
1825,2661
1793,2461
4798,5209
4602,5133
4514,4722
4458,6120
4382,5095
4306,4995
4282,14568
4196,6848
4084,5469
3996,4729
3956,4894
3848,4624
3804,4633
3780,4724
3726,4429
3678,4612
3634,4523
3610,4646
3568,4497
3548,4952
4261,5767
4247,5839
4054,5332
3830,5402
3622,5448
3510,4929
3342,5435
3310,4567
3214,4745
3110,5002
3062,4479
2930,4420
2818,4831
2714,4122
2698,4257
2650,4501
2574,3989
2518,4522
2510,4430
2458,4146
2438,4364
2320,4220
2288,3793
2208,3831
2104,4049
4150,4130
4078,6119
3962,4620
3866,4008
3794,4186
3710,4626
3670,3694
3630,4246
3610,4707
3508,4738
3388,4580
3348,4557
3288,4559
3248,4490
3204,4383
3188,4383
3130,4367
3098,4262
3062,4292
3046,4285
3012,4175
3731,4471
3709,4360
3699,4401
3466,4045
3306,4067
3162,3966
3066,3924
2914,3816
2818,3681
2802,3637
2714,3658
2674,3567
2558,3398
2462,3395
2374,3380
2358,3303
2318,3314
2250,3268
2202,3158
2194,3200
2150,3152
2134,3061
2028,3005
1996,2963
1932,2848
1844,2819
4929,5330
4841,5747
4701,5045
4605,5338
4501,5440
4461,5099
4353,5358
4309,5121
4281,5287
4167,15150
4087,7614
3967,5684
3899,4749
3851,4943
3807,5189
3783,4698
3713,4991
3673,4922
3629,4536
3609,4562
4310,4999
4286,4884
4260,14051
4248,7687
4057,5419
3833,4269
3625,4294
3513,4347
3345,4166
3313,4209
3217,4211
3113,4159
3073,4050
2933,3966
2821,3606
2805,3755
2701,3713
2661,3756
2577,3597
2561,3683
2513,3848
2469,3676
2441,3736
2437,3994
2291,3784
4417,4589
4353,4570
4169,4352
4081,4371
4049,4353
3885,4171
3813,4106
3765,4103
3697,4036
3637,3920
3617,3986
3543,3881
3447,4039
3375,3287
3343,3553
3275,3462
3215,3085
3195,3805
3149,3847
3109,3199
3073,3060
3800,3916
3762,3427
3738,3300
3716,4012
3704,3852
3533,3042
3341,3187
3165,3393
3133,3064
3053,2969
2885,3305
2805,3480
2733,2714
2685,2593
2561,3069
2529,2829
2449,2557
2361,2539
2329,2968
2253,2573
2237,2435
2197,2381
2161,3140
2137,2390
2133,2308
1999,2362
5244,5759
5044,5494
4932,5906
4844,5615
4704,5744
4592,5673
4504,5058
4404,5674
4356,16499
4304,6877
4284,6386
4106,5263
4018,5214
3970,4720
3886,5029
3846,5045
3802,4736
3782,4604
3716,4940
3640,4856
4363,4772
4321,4806
4293,5198
4267,4644
4253,15651
4060,6979
3836,5300
3804,4108
3596,4078
3500,4191
3316,11447
3220,6857
3132,4875
3076,3902
2936,3623
2824,3333
2808,3862
2704,3558
2664,3192
2580,3150
2524,3445
2516,3129
2464,3016
2444,3410
2326,3601
4596,3729
4420,4379
4252,3941
4156,3658
4060,3602
3968,3836
3872,3664
3800,3492
3716,3264
3676,3749
3632,3308
3616,3183
3466,3657
3394,10905
3354,6593
3278,4362
3246,3314
3210,2842
3194,2814
3112,3265
3827,3352
3803,2852
3765,2832
3741,3304
3719,2787
3707,2775
3536,3198
3344,3073
3168,2534
3136,2540
3056,2966
2888,2448
2808,2491
2720,2433
2688,3124
2564,2601
2468,2573
2452,3057
2364,2545
2324,2495
2256,2444
2208,2939
2200,2391
2156,2339
2140,3002
2034,2446
2002,2397
5247,5196
5047,5427
4935,5330
4815,6066
4707,5183
4595,5525
4507,5332
4407,4814
4357,4902
4307,5282
4287,5061
4109,4615
4021,5077
3973,4931
3889,4423
3849,4406
3805,4864
3785,4324
3719,4292
4416,4943
4366,4888
4324,4361
4296,4917
4270,4704
4256,4237
4254,4771
3999,4611
3807,4495
3599,3961
3503,4411
3319,4168
3239,3749
3135,4135
3079,3959
2939,3525
2907,3460
2811,3871
2723,3307
2667,3281
2583,3719
2567,3682
2519,3132
2475,3139
2447,3493
2443,3043
4695,3552
4455,3988
4359,3907
4175,3310
4103,3785
4055,3675
3939,3175
3819,3127
3779,3537
3703,2934
3671,2939
3623,3371
3549,3292
3453,2777
3381,2762
3349,3191
3281,2678
3249,2670
3201,3111
3155,2593
3874,2828
3830,3292
3806,3225
3768,2653
3744,2609
3722,3146
3710,2586
3539,2488
3347,2915
3315,2440
3139,2346
3059,2836
2891,2380
2827,2359
2739,2761
2691,2421
2683,2380
2535,2810
2455,2413
2383,2358
2335,2940
2327,2480
2243,2450
2211,2445
2167,2878
2159,2311
2139,2367
5586,5362
5426,7951
5186,5209
5018,5863
4866,5016
4818,4525
4678,14661
4526,7126
4478,5571
4394,4281
4354,4570
4294,5144
4208,4895
4096,4577
4008,5100
3968,5377
3860,4768
3816,4345
3792,4175
4505,4510
4449,4279
4389,4059
4365,4001
4319,4326
4295,3938
4269,3922
4257,4308
4002,4039
3810,3475
3634,3577
3522,4009
3354,3799
3242,3435
3138,3373
3122,3706
3074,3602
2910,3184
2814,3079
2726,3361
2670,3001
2662,2974
2570,3289
2530,3168
2478,2782
4904,3347
4884,3658
4698,3518
4458,3114
4362,3091
4178,3413
4090,2959
4058,2974
3894,3265
3806,3134
3774,2795
3682,2680
3646,3021
3622,2624
3520,2652
3400,2595
3360,2897
3300,2555
3260,2529
3216,2856
3200,2562
3909,2740
3869,3128
3825,3017
3805,2639
3747,2884
3725,3140
3713,2852
3711,2729
3478,3003
3318,2630
3142,2570
3062,2543
2894,2884
2814,2349
2742,2459
2694,3108
2570,2349
2538,2484
2458,2828
2370,2385
2338,2413
2262,2566
2246,2780
2206,2326
2170,2300
2146,2574
2142,2408
5461,5252
5253,5445
5053,4962
4941,4763
4853,5432
4713,5193
4601,4640
4513,4888
4413,4861
4365,4253
4313,4318
4293,4651
4179,4412
4027,4109
3979,4520
3911,4271
3855,3779
3811,4136
3791,4668
4492,5764
4444,5692
4392,8166
4368,5557
4322,5251
4298,5013
4272,5275
4260,5075
4005,4989
3813,4561
3605,4505
3509,4749
3325,4215
3245,4220
3141,4143
3085,4321
3077,4244
2913,4517
2817,4104
2729,3751
2673,3750
2589,3627
2573,4429
2525,3556
2481,3798
4907,4126
4883,4138
4605,4103
4461,3925
4365,3948
4181,4080
4093,5408
4061,3670
3897,3631
3825,3577
3777,3514
3709,3456
3649,3429
3629,3535
3523,3375
3459,3713
3387,3293
3303,3262
3263,3271
3227,3412
3207,3299
3912,3369
3872,3995
3828,3272
3808,3383
3766,3752
3746,3610
3724,3438
3714,3191
3481,3080
3321,3031
3177,3496
3081,3260
2929,3267
2833,3006
2745,2985
2729,3838
2689,3079
2541,3185
2477,3212
2389,3151
2373,3226
2333,3198
2249,3015
2217,3618
2173,2950
2165,3313
2145,3188
5592,5170
5432,5134
5192,4889
5024,5635
4872,5241
4824,5130
4684,5216
4604,4946
4484,5067
4412,4815
4360,4670
4316,4653
4214,4601
4118,4501
4030,15059
3974,7034
3898,5448
3858,4319
4601,4841
4511,4762
4455,4558
4403,4530
4375,4306
4333,4252
4305,4457
4279,4519
4265,4107
4072,4361
3848,4063
3816,3876
3608,4006
3512,3963
3328,3924
3232,3655
3144,3681
3088,3376
2948,3488
2916,3583
2820,3772
2732,4230
2676,4622
2592,4513
2576,4494
2528,4093
4970,5325
4910,5203
4890,4799
4704,4715
4464,4906
4368,4866
4184,4348
4112,4309
4064,4690
3948,4532
3828,4084
3788,4053
3712,4380
3680,4300
3632,3949
3558,3831
3478,4170
3390,4149
3358,3683
3290,3656
4053,4231
4009,3871
3931,3813
3883,4095
3839,4065
3815,3678
3777,3631
3753,4032
3731,4007
3719,3595
3717,3331
3484,3546
3324,2999
3148,3011
3068,3314
2932,3220
2836,2837
2748,2783
2732,3105
2692,2654
2544,2641
2480,2609
2392,2486
2376,2378
2336,2249
2268,2090
2220,2447
2212,3889
5873,5431
5821,5433
5659,5629
5435,5124
5195,6166
5027,4929
4947,5256
4827,5197
4687,4915
4607,5035
4487,4943
4403,4675
4363,4747
4303,4734
4217,4469
4105,4506
4017,4534
3977,4303
4664,4533
4612,4522
4584,4350
4514,4396
4450,4340
4398,4227
4374,4323
4328,4230
4304,4175
4278,4213
4266,4205
4011,3946
3819,4024
3611,3897
3515,3648
3331,3460
3251,3759
3147,3555
3091,3753
2951,3745
2919,3828
2823,3756
2719,3629
2679,3389
2595,3539
5089,4256
5041,4130
4949,4142
4905,4117
4771,3903
4579,3929
4387,3757
4267,3657
4171,3671
4075,3467
3951,3722
3887,3898
3791,3777
3715,3808
3683,3718
3647,3199
3561,3153
3481,3159
3393,3086
3361,3044
3293,3038
4020,3430
3996,3311
3934,3253
3886,3279
3842,3167
3818,3170
3780,3151
3756,3139
3734,3093
3722,3111
3551,2970
3359,3144
3183,3101
3087,3005
2935,2929
2839,2852
2823,2845
2735,2798
2695,3052
2579,2950
2483,2910
2395,2773
2379,2845
2339,3080
2255,3047
2223,2991
2179,2842
2171,2946
5808,5753
5598,5323
5438,5198
5198,6124
5030,5704
4878,5675
4822,5553
4690,5461
4538,5055
4490,5007
4406,4934
4366,4854
4306,4866
4220,4741
4108,4619
4020,4568
3920,4469
3872,4420
4615,4642
4587,4639
4501,4529
4453,4483
4401,4486
4377,4410
4331,4376
4307,4339
4281,4299
4269,4248
4014,4155
3822,4036
3614,3940
3518,3910
3366,3762
3254,3840
3150,3813
3094,3932
2954,3778
2922,3846
2826,3760
2722,3853
2682,3814
2598,3721
2582,3961
5052,4736
4976,4599
4916,4579
4892,4609
4614,4371
4438,4317
4270,4216
4174,4184
4078,4091
3986,4134
3890,5286
3794,4925
3734,4951
3686,5470
3650,5290
3564,4107
3484,3986
3412,4638
3364,4596
3296,4311
3264,4449
3999,4661
3937,4248
3889,3968
3845,4621
3821,4345
3775,3982
3755,4409
3733,4244
3723,3479
3490,3354
3330,3598
3154,3465
3090,3117
2938,2993
2842,3300
2754,2916
2706,2850
2698,3193
2550,3036
2470,2735
2382,2662
2350,3024
2274,2536
2258,2587
2218,2525
2174,2911
2158,2486
2052,2405
5441,6318
5201,6292
5065,6297
4953,7776
4833,5693
4693,5402
4559,6320
4493,5231
4409,5167
4369,5103
4309,6079
4223,6412
4111,5211
4023,5013
3923,5889
3875,5564
3831,4696
3803,4749
4504,6184
4456,5043
4404,4803
4342,5520
4314,5454
4288,4849
4274,4674
4081,5382
3857,6320
3649,4526
3537,4105
3369,4983
3257,4934
3241,4043
3137,3877
3089,4820
2925,4385
2829,3813
2741,3548
2685,3699
2601,3679
2585,4954
2537,3289
2493,3982
2465,3574
4777,4202
4585,4692
4393,4605
4241,4599
4121,4544
4081,4570
3957,4359
3837,4634
3789,3985
3721,4452
3661,5186
3637,3916
3535,3957
3415,4546
3375,3995
3315,4449
3267,3712
3231,3827
3173,5624
3133,4236
3813,3934
3824,5867
3786,4347
3758,3615
3736,5210
3726,3627
3493,3470
3333,3656
3157,3959
3077,3243
2909,3163
2845,4089
2757,3026
2709,3124
2585,3662
2489,2962
2401,3161
2385,2736
2345,2839
2261,2608
2229,3004
2185,2753
2177,3327
2157,2890
2023,2448
1959,3382
1871,2509
1855,2341
1815,3144
4728,5051
4616,5192
4496,5376
4428,6732
4372,5141
4312,5035
4226,4989
4114,5095
4026,4869
3926,4856
3878,4799
3834,4750
3806,4730
3740,4696
3700,4430
3640,4613
3606,4563
4317,4727
4291,4715
4277,4822
4084,4504
3860,4561
3652,4586
3540,4281
3372,4034
3260,4123
3156,4022
3100,4259
2960,4454
2928,3850
2832,4453
2728,3691
2680,3874
2604,4248
2548,3833
2496,3417
2488,3626
2464,3578
2350,4384
2238,4798
2222,4670
2118,4602
2078,4548
3992,5290
3896,5207
3824,5174
3740,5044
3692,5022
3656,4960
3570,4834
3490,4796
3402,4712
3370,4652
3278,4590
3242,4551
3222,4505
3160,4439
3128,4383
3092,4361
3076,4347
3042,4268
3026,4260
3008,4236
3729,4478
3496,4293
3336,4594
3160,4695
3080,4467
2912,4276
2832,4440
2760,4345
2712,4198
2588,4159
2556,4139
2476,3853
2388,3934
2356,3941
2280,3714
2232,3751
2224,3788
2180,3949
2164,3530
2058,3688
2026,3795
1962,3358
1874,3808
1858,3254
1818,3390
1750,3205
1734,3741
1694,3283
1658,3436
4375,4471
4331,4165
4229,4431
4133,4722
4029,4678
3989,4870
3913,5035
3837,4820
3813,4793
3759,4742
3711,4487
3667,4482
3643,4418
3601,4207
3581,4349
3559,4235
3549,4313
4023,4400
3863,4234
3655,4029
3543,4088
3375,4062
3263,3892
3159,3824
3143,3661
3095,3889
2931,3763
2835,3987
2747,4603
2691,4704
2607,4481
2591,4389
2543,5881
2499,5215
2471,4206
2467,4327
2321,4163
2241,3853
2137,3860
2121,3930
2081,3672
1997,4441
3915,4529
3827,4204
3743,4275
3703,5309
3659,4275
3643,4141
3493,4192
3421,4054
3381,3938
3305,4061
3273,3951
3237,3860
3221,3951
3139,3828
3103,3550
3083,3663
3053,3701
3033,6143
3015,6047
3005,5989
2898,5081
3371,3000
3195,2968
3099,4518
2947,2677
2915,2638
2835,4277
2747,4238
2707,4141
2575,3833
2495,3961
2407,3953
2375,3818
2351,3804
2267,2509
2235,3542
2191,3550
2183,3541
2163,3301
2061,3343
1965,2036
1949,2409
1861,2982
1829,3334
1821,3172
1737,3205
1705,1909
1697,2225
1653,2888
1637,3081
4314,4981
4200,4553
4048,3731
4000,5462
3932,5518
3876,4046
3832,5729
3812,6424
3746,4286
3688,5644
3646,4940
3612,4135
3588,4895
3566,4518
3554,4198
3425,4130
3233,4303
3658,4151
3546,4510
3530,4151
3346,4004
3250,4643
3146,3887
3098,3909
2966,4136
2854,3454
2750,3800
2734,3733
2686,3329
2594,3482
2554,3600
2502,3093
2494,3809
2470,3740
2356,3143
2244,3733
2228,3425
2124,2806
2084,3216
2076,3353
1984,2955
1944,3267
3798,3465
3706,3395
3670,3835
3646,3476
3544,3298
3424,3670
3384,3765
3324,3251
3276,4223
3240,3023
3224,3892
3142,3728
3106,2976
3086,3094
3056,3740
3036,3027
3018,2999
3008,3723
2901,2788
2741,2949
2597,3105
3102,2763
3086,3292
2918,3554
2838,2624
2750,2597
2710,3481
2594,2541
2498,3064
2410,3047
2394,2560
2354,2439
2286,3242
2238,2386
2230,2457
2186,3426
2170,2653
2064,2529
2032,4135
1968,2384
1880,2539
1864,3966
1832,2504
1756,2307
1740,3538
1708,2292
1664,2595
1656,4001
1640,2398
1636,2545
4203,4343
4051,4559
4003,6661
3935,6503
3887,5053
3835,5117
3815,4344
3749,4425
3709,5118
3665,4666
3645,5425
3607,4249
3587,4265
3565,4329
3555,4203
3364,3821
3204,4106
3629,4062
3533,3751
3381,3704
3269,4452
3165,3479
3109,3548
3101,4732
2937,3251
2841,3358
2753,3421
2697,3099
2689,3385
2597,3394
2549,4047
2505,3793
2477,4928
2473,4059
2359,3514
2247,3407
2231,4078
2127,3500
2087,3083
2079,3733
1987,3529
1947,2921
3801,5516
3733,5457
3673,5411
3653,4862
3547,17136
3483,7127
3411,5299
3327,4599
3287,3822
3251,2949
3231,3551
3169,14759
3137,7627
3101,5268
3085,5710
3051,5584
3035,4191
3017,4358
3009,4170
2840,10795
3345,4414
3201,5418
3105,2375
2953,2961
2857,3633
2769,2934
2753,2705
2713,3747
2565,2392
2501,3609
2413,3475
2397,3469
2357,3489
2273,2529
2241,3027
2197,2035
2189,11907
2169,5084
2067,5004
2035,3399
1955,3013
1883,3152
1851,2220
1827,2923
1759,3040
1743,3198
1703,2777
1667,2812
1659,1773
1643,2980
4238,6626
4142,4326
4054,6427
3998,6711
3922,6865
3882,6638
3838,6360
3768,6386
3720,6410
3676,6504
3652,6286
3618,6098
3594,5758
3572,6246
3560,6125
3431,6191
3872,6418
3664,5848
3632,4355
3536,3940
3352,4066
3256,4233
3152,4163
3112,4141
2972,4443
2860,3969
2844,3961
2740,3868
2700,4246
2616,3325
2560,3387
2552,8524
2500,9202
2480,5396
2476,3748
2330,3596
2250,4269
2146,3457
2130,3815
2090,3404
2006,3303
3924,4725
3836,4243
3804,3885
3712,3772
3676,3772
3652,3706
3550,4432
3430,3666
3390,3729
3330,4116
3290,3497
3246,9221
3230,7274
3172,4197
3140,3374
3104,3366
3088,3337
3054,8870
3038,7101
3020,4193
3012,3253
3508,3178
3348,2986
3172,2840
3108,2893
2956,2720
2860,2743
2772,2935
2756,3167
2716,3130
2568,3338
2504,3279
2416,3240
2368,3183
2360,3211
2276,3116
2244,3097
2200,3043
2192,3049
2172,2986
2070,2997
2038,2901
1958,2829
1886,2795
1838,2725
1830,3075
1762,3068
1714,2990
1706,3019
1670,2994
1662,2946
4343,4706
4241,5072
4145,4198
4041,5185
4001,4672
3925,4831
3885,4953
3825,4655
3771,4475
3723,4427
3679,4226
3655,4340
3621,4398
3597,4258
3575,4243
3563,4253
4099,4376
3875,4329
3667,4097
3635,4057
3539,4025
3355,3870
3259,3826
3155,3703
3115,3653
2975,3692
2863,3709
2847,3695
2743,3846
2703,4020
2619,3991
2603,3954
2555,3902
2511,3875
2483,3812
2479,3819
2333,3711
2253,3623
2149,3444
2133,3465
2093,3423
4007,4282
3927,4284
3839,4246
3807,4239
3715,4155
3679,4153
3655,4078
3553,4025
3489,3941
3393,3913
3333,3796
3293,3687
3249,4070
3233,4513
3175,4486
3143,5242
3107,3983
3091,4841
3057,4344
3041,3963
3023,3942
3744,4115
3511,4419
3351,3890
3175,4085
3095,3365
2927,3246
2847,3194
2775,3166
2727,3141
2603,3003
2507,2936
2491,2926
2403,3148
2363,3114
2295,3079
2247,2992
2239,3014
2195,3014
2179,2981
2073,2858
2041,2848
1961,3068
1889,3062
1841,3000
1833,3023
1765,2965
1717,2909
1709,2875
1673,2799
1649,2760
4330,4522
4212,4278
4132,3989
4044,4909
3944,9041
3896,5469
3852,4231
3824,13755
3758,6670
3718,4854
3674,4141
3654,4426
3616,4024
3596,4220
3566,4100
3437,4022
4038,4030
3846,3954
3638,3762
3542,3600
3358,3593
3262,3527
3158,9941
3118,8993
2978,5114
2866,3773
2762,3469
2746,3483
2698,3364
2622,3263
2566,3253
2514,3296
2506,3405
2482,3394
2368,3621
2256,3438
2240,3577
2152,3448
2096,3301
2088,3332
1996,3551
3858,4180
3810,4024
3718,3962
3682,4009
3658,3896
3556,3779
3436,3730
3396,3642
3336,3533
3288,3530
3252,3455
3236,3437
3178,3378
3118,3325
3098,3268
3068,3306
3048,3222
3030,3180
3020,3228
2913,3055
2753,3010
3210,3165
3114,3063
2962,2980
2866,2969
2778,2896
2762,2857
2722,2761
2574,2767
2494,3078
2422,2942
2374,2949
2298,2899
2282,2879
2242,2905
2206,2836
2182,2734
2076,2747
2044,3141
1980,3003
1892,2994
1876,2971
1836,2989
1768,2910
1720,2880
1712,2862
1676,2783
1652,2894
1648,2365
1590,1956
1574,2006
4015,4161
3947,4241
3891,3989
3847,4628
3827,4233
3761,4188
3685,4300
3661,4122
3627,4094
3603,4071
3581,12440
3569,8459
3376,5473
3216,3986
3040,11382
3545,6327
3393,4342
3281,3703
3177,3637
3121,3577
2981,3468
2869,3365
2853,3555
2749,3409
2701,3607
2609,3697
2569,3628
2517,3854
2509,3862
2485,3847
2339,3667
2259,3582
2155,3527
2139,3468
2091,3404
2015,3309
1959,3552
1951,3534
1907,3496
1879,3422
1875,3437
3559,4067
3439,3989
3399,3958
3323,3893
3291,3857
3243,3779
3197,3736
3149,3689
3113,3683
3097,3628
3051,3568
3033,3594
3023,3559
2916,3499
2756,3367
2580,3339
2516,6299
2380,6150
2316,4540
2244,3595
2725,3762
2609,3647
2513,3613
2425,3510
2377,3472
2301,3416
2285,3378
2245,3371
2209,3288
2185,3303
2181,3280
2047,3235
1983,3033
1895,3020
1879,2960
1839,2944
1771,2823
1755,2905
1715,2866
1679,2815
1671,2816
1651,2798
1593,2754
1577,2749
1545,2676
1501,2629
1493,2632
1477,3022
1473,3042
1439,3021
1431,2983
3680,3956
3660,3682
3622,3531
3602,4968
3580,3805
3570,3988
3379,4159
3219,4180
3043,3878
2963,3979
2843,10842
2747,8420
2659,5009
2611,3956
2603,3933
2952,4011
2856,3872
2768,3830
2712,3763
2704,3737
2612,3652
2572,3633
2520,3558
2512,3563
2488,3779
2374,3704
2262,3560
2246,3522
2158,3470
2102,3343
2094,3372
2018,3306
1962,3239
1954,3484
1910,3428
1882,3348
1878,3365
1812,3294
1796,3329
1756,3241
3394,3889
3302,3765
3266,3738
3246,3723
3200,3653
3160,3597
3116,3579
3100,3536
3066,3504
3050,3437
3032,3436
3024,3428
2855,3291
2727,3201
2615,3169
2535,3074
2415,3045
2335,2956
2263,3005
2247,2939
2215,6370
2580,6612
2516,3999
2428,3081
2380,2995
2372,2975
2288,2939
2256,2905
2212,2867
2204,2871
2184,4667
2082,3326
1986,3529
1970,4041
1882,3703
1850,3334
1842,3259
1758,3231
1726,3856
1718,3091
1682,3106
1658,3110
1654,3448
1596,3018
1580,3439
1548,2856
1504,4790
1496,4761
1480,4664
1476,4718
1442,3424
1434,3407
3683,3752
3663,3458
3625,3750
3605,3859
3583,4035
3573,3669
3382,3429
3222,11080
3046,7530
2982,4736
2846,3357
2750,3220
2662,9653
2614,8229
2606,4548
2955,9317
2859,4827
2771,3432
2715,3187
2631,3108
2615,3099
2567,8740
2523,8503
2495,4877
2491,3599
2345,3440
2265,3372
2249,3351
2145,3289
2105,3192
2021,7250
2005,7195
1965,4093
1957,5226
1905,4043
1885,4090
1881,4093
1815,3986
1799,3912
1759,3942
3345,4599
3305,4653
3269,4598
3249,4526
3203,4533
3163,4800
3127,4633
3107,4330
3077,7022
3057,4568
3039,3109
3029,3112
2922,7391
2762,6645
2730,3389
2586,2615
2522,2613
2418,2566
2338,2476
2266,2707
2250,2943
2731,3269
2583,3280
2519,3236
2431,3187
2415,3165
2375,3141
2307,3061
2259,3041
2251,3026
2207,3020
2191,2977
2187,2985
2053,2872
1989,5476
1973,5441
1885,3911
1853,3090
1845,3088
1777,2964
1729,3012
1721,2966
1685,2903
1677,2945
1657,2921
1599,2727
1583,2755
1551,2739
1543,2712
1507,4610
1499,4604
1483,4598
3786,3356
3738,3501
3694,3294
3670,3774
3636,3519
3612,3843
3590,3479
3578,3576
3576,3737
3385,11264
3225,8635
3049,5052
2969,3443
2849,3320
2753,3317
3186,3343
3130,3302
3122,3485
2958,3507
2878,3500
2774,3647
2718,3560
2710,3540
2618,8831
2578,8472
2526,4584
2518,3316
2494,3228
2380,3162
2348,3108
2252,3032
2164,2989
2148,3150
2100,3420
2024,3383
2008,3376
1960,3292
1916,3240
1908,3208
1888,3554
3600,4239
3520,4153
3448,4094
3400,4195
3332,3984
3300,3978
3264,7943
3248,6794
3190,3741
3130,2893
3110,2877
3080,2837
3060,2850
3042,2832
3032,3037
3030,3043
2861,3159
2733,3523
2589,3429
2525,3368
2942,3432
2878,3425
2790,3324
2742,3287
2734,3221
2586,3179
2506,3123
2434,3130
2386,3038
2378,3049
2294,2978
2262,2929
2218,2879
2210,2922
2190,2805
2088,2734
1992,2701
1976,2956
1904,2992
1856,2930
1848,4994
1780,4887
1764,4906
1724,4810
1688,3471
1680,2740
1664,2696
1602,2585
1586,2644
1554,2614
1546,2574
1510,2607
3903,3300
3859,3441
3839,3164
3773,4877
3733,3850
3689,3719
3669,3936
3631,3868
3611,3682
3589,3650
3579,3523
3388,3509
3228,3595
3084,3482
3573,3649
3405,3668
3293,10425
3277,7740
3173,4515
3125,3464
2993,3319
2881,3331
2865,3307
2761,9142
2713,8338
2637,4548
2581,3324
2573,3223
2529,3291
2501,3252
2497,3152
2351,3136
2271,3366
2255,3267
2151,3230
2111,3507
2103,3439
2027,3409
1971,3358
1963,3355
3757,3992
3725,3958
3689,3917
3603,3764
3523,3859
3451,3835
3411,3682
3351,3697
3303,3728
3267,3577
3251,3614
3193,3603
3161,7968
3125,7889
3109,7811
3075,4268
3059,7785
3041,7507
3033,3902
2864,2794
3369,2863
3193,2774
3129,2683
2977,2621
2881,2608
2793,2723
2777,3007
2737,2982
2589,3165
2525,3136
2437,3130
2389,3041
2381,3043
2297,2937
2265,2879
2221,2870
2213,2865
2193,2840
2091,2740
2059,2734
1979,2762
1907,2605
1859,2584
1851,5076
1783,4924
1767,4846
1727,3631
1691,2772
1683,2790
1667,2757
1605,2637
1589,2691
4078,4663
4022,4367
3946,7098
3906,7048
3862,6760
3792,7350
3744,6638
3700,4380
3676,3877
3642,3761
3618,3709
3596,3697
3584,12010
3455,7294
3896,5182
3864,3954
3656,3700
3560,3594
3376,3431
3280,3351
3192,3368
3136,3427
2996,3601
2964,3417
2868,3467
2764,3388
2724,3213
2640,3415
2624,3466
2576,3279
2532,3387
2504,3379
2500,8415
2354,8143
2274,4518
2258,3394
2154,3284
2114,3252
2106,3252
3948,3793
3876,3803
3828,3764
3760,3687
3700,3630
3680,3628
3574,3600
3510,3503
3438,3479
3354,3427
3314,10802
3278,5513
3258,3703
3212,2515
3172,3404
3128,3489
3112,3193
3078,3441
3062,3391
3046,2967
3038,3003
3596,10253
3404,5335
3228,3615
3132,3001
2980,2623
2948,2857
2868,2952
2780,2530
2748,2742
2624,2868
2528,2585
2512,3283
2424,2528
2384,8415
2316,7153
2268,4244
2260,3369
2216,2687
2200,2640
2196,3414
2062,3030
1998,2887
1910,3194
1894,2870
1862,2807
1786,3100
1770,2993
1738,2889
1730,3060
1686,2948
1670,2644
1666,3038
4233,4860
4153,4070
4065,4996
3965,4541
3917,4540
3873,4579
3849,4560
3795,4074
3747,4612
3695,4002
3675,14426
3637,6440
3617,5369
3595,4630
4316,4746
4123,4250
3899,4053
3691,4433
3579,4431
3411,4306
3379,13289
3283,5562
3179,4762
3131,4140
2999,3722
2887,3361
2871,3790
2767,3320
2719,3256
2643,4034
2587,3104
2579,3488
2527,4333
2507,3413
2389,2855
2357,3846
2277,2977
2173,2877
2157,3222
4147,3272
4031,3288
3935,3801
3863,3195
3779,3137
3739,3500
3703,4194
3679,3030
3577,3672
3457,10430
3417,5281
3357,4619
3317,2937
3277,3258
3257,3444
3199,2909
3167,2936
3131,3284
3115,2835
3081,2888
3065,3697
3778,2904
3768,2905
3535,3300
3375,2803
3231,2821
3135,2710
2983,3189
2887,2850
2871,2745
2783,3291
2743,2987
2627,2796
2531,3153
2443,2788
2427,2748
2387,3302
2319,2924
2271,2860
2263,3288
2219,2802
2203,4967
2133,4307
2065,3335
2001,4244
1913,3292
1897,3104
1865,4147
1789,4014
1773,3112
1741,3903
1733,3894
1689,2870
4378,4262
4354,4406
4236,4173
4156,4405
4068,4264
3968,3970
3920,3992
3876,4417
3852,4319
3798,4219
3750,12156
3706,7765
3682,5495
3648,4108
4359,4328
4333,4105
4319,4530
4126,4487
3902,3921
3694,12347
3582,7340
3414,4725
3382,3446
3286,8078
3182,4787
3142,3763
3002,4073
2890,3812
2874,3674
2770,3890
2722,4186
2646,3666
2590,4147
2582,4053
2530,3702
2510,4235
2506,3878
2360,3484
2280,3399
4318,4390
4238,3942
4150,4140
4034,4211
3954,3914
3866,3855
3834,4105
3742,4004
3706,3790
3682,4010
3580,3980
3516,3517
3420,3581
3360,3783
3320,3407
3284,3461
3264,3852
3218,3680
3170,3261
3134,3765
3865,3917
3823,3512
3803,3716
3785,4041
3773,3604
3602,3392
3410,3668
3234,3281
3138,4046
3122,2927
2954,2964
2874,8880
2786,6941
2754,5240
2630,3238
2534,2932
2518,3446
2430,2695
2398,2851
2322,3202
2306,2834
2266,2438
2230,3305
2206,2551
2202,7914
2068,6263
2004,3129
1988,2455
1900,3342
1868,2431
1860,2420
1776,2768
1744,2495
4533,4468
4457,4091
4381,4310
4357,4761
4239,4202
4159,4260
4071,4272
3971,4210
3923,4118
3879,4116
3855,4069
3785,4016
3745,3969
4452,14371
4428,7383
4382,5456
4358,4237
4332,4010
4320,4186
4065,4064
3873,3720
3665,3672
3569,3615
3417,3533
3305,3421
3201,3524
3145,3647
3137,3582
2973,3663
2877,3826
2789,3741
2733,3686
2725,3683
2633,3570
2585,3555
2541,3504
2513,3513
2509,3441
4665,4387
4521,4316
4425,4282
4241,4254
4153,4089
4121,4125
3957,3921
3869,3845
3837,3827
3745,9798
3709,6299
3685,3977
3583,2875
3519,2983
3423,2928
3363,2919
3323,2721
3279,2798
3263,3052
3205,3004
3173,3172
3888,3734
3868,8989
3826,6439
3806,5182
3784,3147
3774,2645
3541,2697
3381,2640
3205,2683
3125,7862
2957,7552
2893,3659
2805,3012
2757,2944
2633,7180
2601,6193
2521,3253
2449,2758
2401,2735
2325,2628
2309,2655
2269,2894
2233,2860
2209,2981
2205,3044
2071,2985
2007,2822
1991,3076
1903,3026
1871,3035
1795,3004
1779,2881
1747,2851
4536,4541
4428,4017
4384,3748
4356,4987
4242,3966
4090,3932
4042,4099
3974,14103
3918,7756
3874,5407
3854,4277
3788,4104
3748,4177
4455,4422
4431,4373
4375,4327
4339,4228
4335,4059
4323,4018
4068,3932
3876,3823
3668,3696
3572,3510
3388,3688
3292,3638
3204,3611
3148,3722
3008,3585
2976,3630
2880,5165
2776,4438
2736,4779
2652,4708
2636,4544
2588,4257
2544,4339
2516,4659
2512,4164
4668,5527
4492,5653
4324,5183
4236,5587
4156,10932
4040,4936
3944,3582
3872,2963
3788,3663
3748,3093
3704,2904
3688,3507
3586,3340
3466,10299
3426,6965
3366,4534
3318,2862
3282,2964
3266,3089
3208,3036
3176,3219
3875,3254
3837,2902
3813,3801
3791,2931
3779,2785
3608,2944
3544,2869
3384,2850
3208,3264
3128,2913
2960,2693
2880,2850
2808,3089
2760,2676
2636,2896
2604,3313
2524,3163
2436,2872
2404,2842
2328,3026
2312,2822
2272,3069
2228,2942
2212,2576
2208,2742
2074,2538
2010,2960
1922,2394
1906,3013
1874,2822
1798,2724
1782,2677
1750,2696
4479,4683
4431,6938
4379,4102
4359,5368
4181,4197
4093,4396
4045,4883
3961,4660
3921,4554
3877,4332
3857,4458
3791,4460
3715,4217
4438,4601
4396,4327
4368,4351
4342,4518
4328,4273
4135,4525
3911,4328
3879,4181
3671,3915
3575,4110
3391,3940
3295,3748
3207,3637
3151,3586
3011,3593
2979,3795
2883,3762
2779,3642
2739,3653
2655,3651
2639,3861
2591,3821
2547,3729
2519,3544
2515,3613
4671,4217
4495,4199
4327,3973
4231,4035
4159,3793
4043,3836
3947,3710
3875,10869
3791,6162
3751,4361
3707,3092
3691,3595
3589,3962
3469,4269
3429,3870
3369,3475
3321,2745
3285,2676
3269,3768
3211,3138
3179,2783
3894,2970
3874,3683
3832,4288
3812,2773
3790,2899
3780,2745
3547,2622
3387,2679
3211,2764
3131,2907
2963,3366
2899,3830
2811,3723
2763,3699
2639,3613
2607,3574
2527,3497
2455,3455
2407,3419
2331,3351
2315,3400
2275,6295
2239,6258
2215,3545
2211,2600
2077,2616
2013,2507
1997,2522
1909,2684
1877,2982
1869,2987
1785,2925
1753,2817
4542,4267
4434,4440
4390,4492
4366,4298
4248,4336
4168,4396
4080,4442
3980,4353
3932,4432
3888,4345
3864,4249
3794,4148
4513,4260
4461,4257
4437,4363
4391,4176
4367,4168
4341,4240
4329,4079
4074,4000
3914,3970
3706,3813
3594,3729
3426,3841
3314,3685
3298,3665
3194,3609
3146,3713
3014,3646
2902,3588
2798,3661
2782,3708
2734,3568
2658,3754
2602,3689
2594,3668
2542,3626
2522,4853
4834,6780
4642,5902
4450,4358
4330,3889
4234,4511
4138,4368
4046,3649
3950,4348
3878,3364
3794,3515
3754,4390
3710,3387
3694,3605
3544,4135
3472,3303
3432,3479
3372,3945
3324,3221
3288,3401
3272,3312
3981,3518
3941,3438
3897,4194
3877,10762
3835,6040
3815,4719
3793,3104
3783,3025
3550,3027
3390,3013
3246,2921
3150,2824
2998,2968
2902,3213
2886,3579
2798,4038
2758,4036
2642,3347
2546,3377
2458,3807
2442,3943
2402,3592
2334,3727
2286,3743
2278,3434
2234,3188
2218,3052
2214,3111
2080,3401
2016,2920
1928,2932
1912,3158
1880,3105
1872,3163
4689,4817
4601,4371
4545,4144
4469,4607
4393,4533
4369,4907
4283,4797
4171,5908
4083,5751
4043,5987
3967,5179
3927,5813
4670,5299
4646,5362
4524,6030
4472,4978
4444,5146
4440,5628
4394,6007
4370,4659
4344,6034
4332,4885
4077,5167
3885,4648
3709,4801
3597,4411
3429,3935
3397,6311
3301,5924
3197,5828
3157,5682
3017,5528
2905,5341
2889,5280
2785,5224
2745,5176
2661,5076
5227,6224
5139,6206
5055,6171
5007,7354
4959,6130
4837,5959
4645,6051
4453,5693
4333,3744
4237,3657
4165,4736
4049,4241
3969,3906
3881,4325
3849,6452
3757,5239
3721,5287
3697,5069
3595,4972
3531,4977
3435,4912
4178,3346
4130,3319
4086,3556
4062,3261
3984,3446
3944,3633
3900,3448
3880,5956
3838,3346
3818,3225
3796,3420
3786,3615
3617,3140
3425,3366
3249,2902
3153,3009
3001,2837
2905,2851
2889,2788
2801,2777
2761,2707
2645,3749
2549,4692
2461,3281
2445,3021
2405,2991
2337,3383
2289,2573
2281,2840
2237,3093
2221,3014
2115,2440
2083,2658
2003,2841
5096,5600
4944,5939
4896,6266
4756,8316
4604,5625
4556,5971
4472,5605
4414,5029
4372,6174
4286,4748
4174,5876
4086,6353
4789,6360
4733,8583
4681,6618
4653,4706
4567,4439
4519,4239
4467,4445
4443,4228
4397,3982
4373,4413
4347,4171
4335,3925
4080,3884
3888,4012
3680,3726
3584,3685
3400,10495
3304,7929
3216,4786
3160,3887
3020,3496
2908,3295
2892,9205
2788,7355
2740,4299
5278,4511
5158,4400
5110,4053
5018,4134
4974,4294
4840,4095
4648,3941
4456,4114
4304,9793
4240,6388
4144,4103
4020,7195
3900,4486
3860,3540
3784,3661
3752,3603
3704,3400
3630,3511
3534,8220
3462,6683
3430,3829
4133,3548
4089,3169
4065,3255
4003,8191
3955,6669
3903,3858
3883,3132
3841,2864
3821,2736
3799,3034
3789,3151
3556,3319
3396,3217
3220,3390
3156,3390
3004,2729
2908,2974
2820,2758
2772,2712
2764,2835
2616,2652
2536,2391
2464,2212
2416,2563
2408,2551
2324,4268
2284,2977
2248,3391
2224,3328
2220,2788
2086,3505
2022,2591
2006,2533
1918,2236
4931,4773
4791,4633
4695,4276
4591,4830
4551,10320
4443,6107
4399,7796
4371,5270
4257,4396
4105,13378
4057,6525
3989,4982
4728,10279
4676,6248
4652,4844
4570,4502
4478,13250
4450,6788
4408,5253
4380,8007
4354,5069
4340,11582
4147,6194
3923,4267
3715,4211
3603,11430
3587,6582
3403,7444
3307,6843
3203,7530
3155,4421
3023,7894
2911,5937
2807,4277
2791,3775
2743,9360
2667,7300
5161,5022
5061,3822
5013,11038
4965,5932
4779,4048
4651,3364
4459,3387
4307,10160
4187,6928
4139,4556
4023,3346
3903,3040
3855,3090
3787,3008
3727,9208
3707,8141
3601,4411
3537,3411
3441,8902
3381,5660
4136,6454
4084,3768
4064,3256
3990,9071
3950,6444
3906,3801
3886,6908
3828,4390
3806,3763
3794,3327
3623,8491
3431,5574
3399,3452
3223,2996
3143,7851
2975,6466
2895,3412
2807,5839
2767,5643
2651,4290
2555,3505
2467,7398
2451,6707
2411,3902
2327,7030
2295,5158
2251,5042
2243,3895
2223,6831
2121,4510
2025,2974
2009,5828
1921,5826
1889,4160
1881,2837
4698,4554
4594,4042
4554,5908
4446,4626
4402,4860
4374,4626
4260,4624
4108,13573
4060,7617
3992,5584
3936,8417
4679,8270
4655,5470
4573,13197
4481,5984
4453,4693
4411,3883
4383,4152
4357,13054
4343,6620
4150,5137
3926,8842
3718,5106
3606,4192
3438,11310
3406,6871
3310,7212
3206,6554
3158,9322
3026,4866
2914,3742
2810,10908
2794,6024
2746,6062
2654,7604
2614,6325
2562,7131
5016,9915
4968,5241
4782,7930
4542,7467
4446,7023
4262,6342
4190,3939
4142,7967
3978,5113
3906,7654
3858,4542
3766,3675
3730,10380
3706,5534
3604,3653
3540,9973
3444,5588
3384,3576
3344,9546
3300,5498
4067,5768
3993,3940
3953,9911
3909,5269
3855,6201
3831,3769
3809,3311
3797,3291
3626,3175
3434,3171
3258,7917
3226,7049
3146,3637
2978,7210
2898,4668
2810,2982
2778,6887
2654,4504
2558,3211
2470,6475
2454,6485
2414,3328
2346,2675
2298,2678
2254,2616
2246,2526
2226,2785
2124,5331
2028,5144
2012,4989
1940,3720
1892,2915
1884,2949
1800,2885
1768,2870
4557,4508
4481,4675
4405,3944
4381,4683
4263,4466
4183,4369
4063,4194
3995,4521
3947,4174
3903,3985
3875,3862
4576,4195
4528,4147
4476,13327
4452,7879
4406,5297
4382,7448
4356,4804
4344,4236
4089,4117
3897,3910
3689,3863
3593,11988
3409,7181
3313,4858
3225,3318
3169,10517
3029,6235
2997,3924
2901,3410
2797,3349
2757,3338
2673,3259
2617,3206
2609,3181
2557,3378
4983,4350
4849,4362
4657,4195
4465,4126
4345,4179
4249,4138
4153,4188
4029,3836
3965,3865
3869,3881
3809,3691
3761,3716
3725,3766
3639,9403
3559,5807
3471,3733
3439,3017
3371,9210
3311,5311
3291,3428
3245,2936
3964,3050
3918,2979
3892,3006
3850,3018
3830,8654
3808,7041
3798,4003
3565,3026
3405,2897
3261,2780
3165,2906
3013,2792
2917,2801
2829,2805
2813,2921
2773,7322
2625,6953
2561,3885
2473,2876
2425,2853
2417,2866
2333,2774
2301,2776
2257,6426
2249,6262
2229,3993
2127,2999
2031,2886
2015,2961
1927,2877
1895,2795
1887,2848
1803,3092
1771,3074
1763,3094
4484,4769
4408,4030
4384,5408
4266,4865
4186,8844
4066,5479
3998,4493
3950,4670
3906,4457
3878,4230
3812,13344
4531,7768
4479,5501
4455,4351
4409,4354
4385,4141
4359,4141
4347,13175
4092,6763
3900,4943
3692,3688
3596,3677
3412,3395
3332,3397
3228,3426
3172,3398
3032,3258
3000,3464
2904,3491
2800,9877
2760,7832
2676,4391
2660,3591
2612,3428
2568,3441
2540,3454
4970,11294
4692,6516
4516,4766
4348,3166
4268,3263
4180,3202
4064,3175
3968,3022
3896,3042
3812,3148
3772,3150
3728,3119
3712,3266
3562,3185
3490,3168
3450,3362
3374,3294
3342,3330
3306,3336
3290,3277
3208,9280
3923,7716
3899,4694
3861,10634
3837,6364
3815,4287
3803,5977
3632,5167
3440,3598
3264,9090
3168,5035
3152,5109
2984,3386
2904,6436
2816,7103
2784,3443
2660,2791
2564,7974
2476,4654
2460,2963
2420,7665
2352,4619
2304,2679
2296,2697
2252,2318
2236,2269
2130,5906
2098,6250
2018,3630
1946,2667
1898,3033
1890,2701
1822,2726
1774,2806
1766,3034
1730,2567
4447,4428
4387,4212
4301,4080
4189,5223
4101,4536
4061,5130
3953,4523
3909,13237
3885,6202
3831,4674
4536,11501
4482,6361
4458,8685
4412,5220
4388,8608
4362,5771
4350,9152
4095,5665
3903,9367
3695,5186
3615,4561
3447,4235
3335,3643
3231,3676
3175,4160
3167,11504
3003,7164
2907,5070
2819,3580
2763,3479
2679,3860
2663,3855
2615,3344
2571,10051
2543,7689
2539,4454
4695,4468
4519,4015
4351,3534
4271,11683
4183,5977
4067,3986
3971,3085
3899,3706
3815,3306
3775,10209
3731,5375
3715,4237
3565,2871
3493,3547
3445,3550
3377,9495
3345,7209
3309,4587
3251,6847
3211,6269
3926,4205
3902,3223
3864,9407
3840,5051
3818,3511
3806,2948
3635,3421
3443,2787
3267,2746
3171,3254
3019,2611
2923,2615
2835,3095
2819,2544
2779,2491
2631,3007
2551,2401
2479,7414
2431,7390
2423,3473
2339,2578
2299,3107
2263,2598
2239,2561
2235,6932
2101,6019
2037,6210
1949,4475
1933,5750
1901,3355
1825,6128
1809,4668
1777,2739
1733,5963
1725,4604
1709,4052
4304,4915
4208,4439
4104,4517
4064,5646
3988,8979
3912,5692
3888,4531
3834,12488
3786,6022
3742,4688
4461,4817
4415,10691
4391,6866
4365,5243
4353,4849
4098,13900
3906,7022
3698,5344
3602,3835
3418,9047
3338,6396
3234,8089
3178,4810
3038,4385
3006,4006
2910,3534
2806,10575
2758,6659
2682,4241
2626,3660
2618,3964
2566,3868
2546,3425
2428,10096
2396,7064
4474,5049
4322,7534
4202,7080
4154,6853
4013,4240
3918,7665
3870,4445
3802,3549
3742,3703
3718,9947
3616,6046
3552,4286
3456,3370
3396,3285
3356,3305
3312,3557
3296,3208
3238,3185
3206,9167
3170,7467
3154,4139
3843,3646
3821,3322
3809,3005
3638,2905
3446,3171
3414,2829
3238,2772
3158,3036
2990,2656
2910,2611
2822,3054
2790,3144
2666,2735
2570,2696
2554,3042
2466,2631
2426,2649
2358,6971
2310,6932
2302,3897
2258,3213
2242,2839
2136,2793
2104,2768
2024,6309
1952,6081
1904,3467
1896,2928
1828,2527
1780,2514
1772,2863
1736,2718
1728,2462
1708,5731
1650,5570
1634,5399
4107,4911
4067,4368
3959,4430
3915,4631
3891,4958
3837,4961
3789,4262
3745,4227
3721,5176
3687,4846
4398,4854
4372,5083
4358,4807
4165,4560
3941,4283
3733,4690
3621,4733
3453,4172
3421,4584
3325,4514
3221,11823
3173,7342
3041,5336
2929,4021
2825,3661
2809,3598
2761,4040
2685,3743
2629,3375
2621,3700
2569,3938
2549,3624
2431,3429
2399,3656
2311,3709
4357,3882
4261,3972
4165,4010
4073,12494
3977,6412
3905,5154
3821,4002
3781,3589
3737,3724
3721,11989
3571,5388
3499,3763
3459,3382
3383,3444
3351,3303
3315,3483
3299,3837
3241,3177
3209,3124
3173,3524
3157,3061
3862,3149
3842,3012
3820,3588
3810,10770
3577,5659
3417,4497
3241,3332
3161,2674
3025,9809
2929,6059
2841,3729
2793,3001
2785,3693
2637,3317
2557,2843
2485,3433
2437,3373
2361,8350
2345,6269
2305,4216
2269,3036
2245,3095
2241,3291
2139,2924
2043,7993
2027,6765
1939,3542
1907,5756
1899,4710
1815,5415
1783,4615
1775,3686
1739,3426
1715,3781
1711,3684
1653,3665
4198,4948
4110,4851
4010,5664
3962,4250
3918,4551
3894,5659
3824,5159
3784,4866
3740,4833
3720,5209
4421,5518
4397,4815
4371,5087
4359,16289
4104,6865
3912,6195
3736,4763
3624,4794
3456,4564
3344,4823
3240,4659
3224,4232
3176,4143
3012,4517
2932,4483
2828,3836
2772,3698
2764,4196
2672,3592
2632,3676
2580,4135
2572,4118
2548,3580
2434,3333
2322,3887
4480,3984
4328,3748
4208,4060
4160,4120
4044,3771
3924,3449
3884,4098
3808,3648
3776,3803
3728,4073
3654,3946
3558,3272
3486,3806
3454,4445
3386,3243
3326,4593
3306,3351
3260,2975
3220,2946
3184,3255
3164,2830
3873,3003
3849,3252
3827,3320
3815,2966
3644,2897
3452,9256
3276,7219
3180,4023
3028,5073
2996,3860
2916,3450
2828,3378
2796,3720
2672,3152
2576,7692
2560,6968
2472,3820
2432,2834
2364,2719
2316,3066
2308,2691
2264,2726
2248,3025
2142,2571
2110,2595
2046,2550
1958,2891
1942,2708
1910,6374
1834,6317
1818,4594
1786,4492
1742,3821
1734,3277
1718,2932
1714,2933
4281,4746
4129,4268
4081,4765
4013,4649
3965,9344
3913,5954
3893,4717
3827,13714
3787,6947
4494,5354
4470,8490
4424,5899
4400,4772
4374,5480
4362,14684
4107,6923
3915,4881
3707,4883
3627,4846
3459,4144
3347,13325
3243,7071
3227,4768
3179,3724
3015,4431
2935,4256
2831,4017
2775,4421
2767,4204
2675,3744
2635,11505
2583,7418
2575,4791
2555,4317
2437,3414
4675,3974
4483,4367
4331,3804
4267,3784
4171,12605
4047,6961
3983,5071
3887,3356
3827,8856
3779,4833
3743,3749
3657,3913
3577,10568
3505,6242
3457,6970
3389,4295
3357,3280
3321,3674
3263,10372
3223,6321
3938,6909
3914,4429
3876,3171
3852,3049
3830,3841
3818,9929
3647,6511
3455,4599
3279,3355
3183,2868
3167,2866
2999,3297
2919,2746
2831,2719
2791,3217
2675,2631
2579,2643
2491,3058
2475,3148
2435,2606
2367,2582
2319,2961
2311,2567
2267,2513
2251,3122
2145,3040
2113,2502
2033,4485
1961,6795
1945,3926
1905,2754
1837,3234
1821,3140
1781,2672
1745,2634
1737,6708
1719,6005
4316,4869
4220,5202
4116,5431
4076,4814
4000,5217
3960,5334
3900,5299
3846,5771
3798,14564
4505,7908
4477,6280
4435,5209
4407,5235
4381,5310
4367,14507
4174,7050
3950,5402
3742,4291
3630,4401
3614,4740
3430,4500
3334,12458
3230,6823
3190,5155
3050,4168
2938,4363
2922,4095
2818,3932
2778,4388
2694,4217
2678,3859
2630,3770
2586,4042
2558,3872
4988,3786
4710,12288
4534,6661
4366,5081
4286,3981
4198,3829
4082,3653
4002,4054
3914,4239
3882,3968
3790,3622
3754,10749
3730,6902
3628,4546
3564,3235
3468,3680
3408,3854
3368,3397
3332,3307
3308,3675
3250,3584
3977,10200
3933,6444
3913,4549
3871,3569
3851,3113
3829,3281
3819,3209
3586,3363
3426,2892
3282,2930
3186,2894
3034,3145
2938,3136
2850,2770
2834,2720
2794,3246
2646,2680
2582,2711
2494,2811
2478,3137
2438,2739
2370,2744
2322,2737
2314,3058
2270,2736
2254,2831
2148,2836
2116,6787
2036,6700
1964,3418
1948,3133
1908,3121
1840,2693
1824,2725
1784,2941
1748,2540
1740,6081
4421,4629
4401,5527
4223,5251
4135,5744
4087,8305
4003,5821
3963,5455
3919,4853
3899,5457
4600,5589
4508,4791
4480,5598
4438,5576
4410,4886
4384,4929
4370,5406
4368,5306
4113,4763
3921,5181
3713,5096
3617,13913
3433,7064
3353,5468
3249,3926
3193,3931
3185,4723
3021,4503
2925,3675
2837,11913
2781,7296
2773,4610
2681,3582
2633,11263
2589,5693
5043,4714
4995,4712
4809,4688
4569,12362
4473,5776
4337,4842
4217,3271
4169,3535
4053,11819
3933,6093
3893,4166
3817,3206
3785,4140
3737,10815
3663,6104
3583,4478
3495,5605
3463,7180
3395,4568
3363,3876
3315,3370
4036,4057
3988,3961
3944,9508
3920,7060
3882,4701
3858,3363
3836,3150
3824,3558
3653,3041
3461,2962
3285,3409
3253,2872
3173,2826
3005,3306
2925,2667
2853,2688
2805,2667
2681,3182
2649,2680
2569,2630
2481,3196
2449,2738
2373,2690
2357,3285
2317,2785
2281,2745
2257,3152
2253,2721
2119,2610
2055,2607
2039,3064
1951,2535
1919,6710
1911,6735
1827,4030
1795,5070
1787,4042
4508,5320
4432,8766
4408,5238
4290,5898
4210,5686
4122,5218
4082,4733
3974,5039
3930,5252
4689,5405
4619,4914
4563,5427
4511,5248
4483,5280
4433,5389
4409,5103
4387,5058
4373,4593
4180,5022
3956,4821
3748,4454
3636,4207
3468,4569
3436,4517
3340,4048
3236,4384
3188,4368
3056,4115
2944,12824
2928,7293
2824,5349
2776,3346
2700,12172
2644,6051
5146,4996
5054,4805
5010,4877
4994,14215
4716,5831
4540,5068
4372,4241
4292,3878
4204,12926
4088,6078
4008,4638
3920,3210
3888,4257
3796,3764
3760,3565
3736,3989
3634,3482
3570,3378
3474,11469
3414,6613
4169,4600
4125,3293
4099,3922
4023,11512
3983,5891
3939,4564
3919,2967
3877,3253
3857,3720
3835,3413
3825,3285
3592,3567
3464,3157
3288,3074
3192,3488
3040,3202
2944,2693
2928,2676
2840,3048
2800,9100
2684,8167
2588,4601
2500,2985
2484,2699
2444,3007
2376,2636
2328,2613
2320,2924
2276,2698
2260,2676
2154,2956
2122,2802
2058,2747
1970,3066
1954,3100
1922,7045
1846,6873
1830,4064
4627,5042
4527,5988
4479,4962
4435,5725
4407,5431
4293,9604
4141,6498
4093,12081
4828,7343
4772,5718
4712,10456
4688,6062
4606,8824
4558,6093
4506,8592
4482,5100
4436,14088
4412,6873
4386,5051
4374,9678
4119,6039
3927,8076
3719,5496
3623,12338
3471,6189
3359,7245
3255,5257
3239,4588
3191,3858
3027,4513
2947,4524
2843,3559
2787,3477
2890,3941
5269,4008
5181,4543
5097,4329
5049,3895
5001,3929
4815,13057
4575,6520
4495,5279
4343,4173
4223,4178
4183,3684
4059,4084
3939,3860
3899,3329
3823,3264
3791,3709
3743,3297
3669,10474
3589,7138
3501,4505
4288,3295
4204,3816
4128,3565
4104,3680
4042,3988
3994,3356
3950,3178
3926,3623
3888,3433
3864,2980
3842,2983
3830,3377
3659,2808
3467,2831
3291,3200
3195,2664
3043,2673
3011,3055
2931,2588
2843,2723
2803,3190
2687,3086
2591,2716
2503,7907
2487,8077
2447,3626
2379,2713
2331,3229
2323,7470
2279,5387
2263,3429
2157,2886
2125,2912
2045,3376
1973,3291
1957,2732
1917,2745
1849,6544
4718,5361
4598,6323
4514,5628
4474,5355
4414,5779
4328,5759
4232,5741
4128,5285
4907,6008
4815,5896
4723,5323
4695,5798
4625,16496
4569,7412
4517,5915
4489,5625
4447,5446
4419,5040
4393,5360
4379,5596
4186,4778
3962,5161
3754,5162
3642,4628
3474,4414
3362,13384
3346,7238
3242,5667
3194,4660
3030,4517
2950,4028
2846,4411
2830,4493
5436,4535
5272,5211
5184,5032
5100,4418
5052,4416
5004,4988
4818,5590
4578,3951
4498,4571
4346,4137
4226,3675
4178,4337
4062,4057
3942,3536
3894,3341
3826,3752
3766,3325
3746,3234
3672,3584
3576,3524
3504,3103
4223,3168
4175,3499
4131,3152
4107,3107
4045,3407
3989,3159
3945,2995
3925,3380
3883,9968
3863,6886
3841,4598
3831,3600
3598,4262
3438,5423
3262,4752
3198,3553
3046,7383
2950,4687
2862,3624
2814,9492
2806,5421
2658,3427
2578,2869
2506,7734
2458,5358
2382,5572
2366,6029
2326,7363
2290,4959
2266,3028
2262,7138
2128,4801
2064,3984
2048,9732
1960,4131
1928,2932
1852,2435
1836,2501
4633,5591
4593,5592
4485,5509
4441,5831
4413,5051
4299,11269
4147,7032
4099,5035
4834,5139
4770,16965
4718,6670
4694,6872
4612,5406
4520,5515
4492,5279
4450,5168
4422,5309
4396,4792
4382,4837
4189,4782
3965,4754
3757,4351
3725,4530
3629,4430
3445,4277
3349,3986
3245,4099
3205,4119
3065,3753
2953,3814
2937,3820
2833,11270
2785,10548
5323,7077
5203,6694
5155,6682
5063,5036
5019,4560
4885,4623
4693,4216
4501,4598
4349,4369
4285,4046
4189,4167
4065,4085
4001,3875
3905,3780
3829,3848
3797,3914
3749,3740
3675,3825
3595,10664
3507,7017
3475,4468
4194,3456
4134,3556
4110,3343
4048,3309
4000,3465
3948,3545
3928,3211
3886,3344
3866,3305
3844,3118
3834,3135
3601,3129
3441,3084
3297,3033
3201,2983
3049,3022
2953,3259
2865,3049
2817,3105
2809,8317
2661,7714
2581,4256
2509,3184
2461,3008
2453,2871
2369,2939
2329,3005
2293,2768
2269,2973
2265,3097
2131,2886
2067,6923
2051,7492
1963,3536
1931,2962
1855,2765
1839,2809
1807,2869
4536,5092
4488,4776
4436,6874
4416,6307
4238,6011
4150,5911
4102,5452
4821,6737
4773,6179
4721,5627
4697,6404
4575,5776
4523,5289
4495,5459
4453,5255
4425,5170
4399,5312
4385,6976
4192,5103
3968,5016
3760,6450
3648,5047
3480,4447
3448,4620
3352,5016
3248,13892
3200,7008
3068,5714
2956,4975
2852,4401
2836,4185
2788,4031
2696,3900
5190,4105
5106,6483
5058,5267
5010,4228
4824,5383
4584,4652
4488,4027
4352,4890
4232,4400
4184,4340
4020,3836
3948,4044
3900,4494
3832,3830
3772,4045
3752,3906
3646,3808
3582,3924
3486,3929
3426,4429
4181,3739
4137,5001
4109,4093
4035,3342
3995,10753
3951,6554
3931,4873
3889,3457
3869,10422
3847,5509
3837,4163
3604,4750
3444,4491
3268,3367
3188,4357
3020,9484
2956,6778
2868,3968
2820,3438
2696,3950
2664,4062
2584,4238
2496,3704
2464,3253
2388,8125
2372,8077
2332,4436
2296,3404
2272,3773
2268,3656
2134,3295
2070,3298
1982,3287
1966,2880
1934,3407
1858,7230
1842,7560
1810,4085
1766,3669
4491,4890
4439,6630
4419,6532
4241,6491
4153,5603
4105,9826
4029,6614
4776,5562
4724,5897
4700,5592
4618,5504
4570,5724
4498,5527
4456,5791
4428,4977
4402,5803
4388,5335
4195,16053
4131,6908
3939,5451
3731,5218
3635,4829
3451,5097
3355,4369
3267,4572
3211,4637
3071,4733
3039,4241
2943,5491
2839,5010
2799,3963
2715,4815
5265,4902
5169,4530
5093,6133
5033,5346
5009,4365
4731,4663
4555,4648
4387,4178
4307,3958
4219,4522
4103,4162
4023,4161
3935,5412
3903,3865
3811,4363
3775,4476
3751,3787
3649,3745
3529,4682
3489,4583
3429,4690
4184,4598
4132,3873
4112,4070
4038,3976
3998,4383
3954,4617
3934,11656
3892,5980
3872,4244
3850,4838
3840,3744
3607,3897
3447,3820
3271,4102
3191,9200
3055,6561
2959,4165
2871,4214
2823,9748
2815,5477
2667,4309
2603,2935
2515,3367
2467,3256
2459,3263
2375,9894
2343,6172
2299,3628
2291,3177
2271,3441
2169,8516
2073,6513
2057,4789
1985,3200
1937,3130
1929,2918
1861,3090
1813,7305
1805,7238
4526,5703
4486,5346
4426,5682
4340,4661
4244,5796
4140,5611
4100,5408
4827,6752
4735,5752
4707,5529
4637,4861
4581,6268
4529,15137
4497,6256
4451,6348
4427,5643
4401,5326
4389,5345
4134,6533
3974,5665
3766,4764
3654,4789
3486,4582
3374,4140
3270,4447
3254,4677
3206,4138
3042,4022
2962,5273
2858,15702
2802,5744
2794,5453
5284,5477
5196,4369
5112,5005
5064,5041
5016,4675
4830,4435
4590,4800
4494,5724
4310,3945
4238,4063
4190,4022
4026,3837
3954,3878
3906,4220
3814,15075
3778,5404
3754,3970
3652,2985
3588,3103
3492,3616
3432,4291
4187,3546
4135,13486
4115,6354
4041,4576
4001,2991
3957,12537
3937,5114
3895,3944
3875,8223
3853,4601
3843,7407
3610,3918
3450,3850
3274,9890
3194,6272
3026,4315
2946,2885
2874,10059
2826,6308
2702,4160
2606,2798
2590,2664
2502,9081
2470,6928
2394,3417
2346,8207
2338,4262
2294,3338
2278,7852
2172,4187
2140,2805
2060,6762
1988,6299
1972,6144
1932,3879
1864,2983
1848,2665
1808,6105
1772,6057
4489,4986
4445,4272
4343,5221
4247,4739
4159,5090
4103,5038
4027,4977
4782,4926
4730,4913
4640,4840
4584,4791
4532,4739
4504,5427
4462,4705
4434,4695
4408,4675
4394,4625
4201,4589
3977,4721
3769,4269
3657,4175
3641,4155
3457,4060
3361,4005
3257,4384
3217,4911
3077,4589
2965,4366
2949,4787
2845,4775
2797,4315
2721,4598
5215,14749
5167,6243
5075,5433
5031,4336
4897,4485
4705,4049
4561,3818
4393,4153
4297,12898
4201,6307
4109,5253
4013,4074
3941,3531
3857,3775
3817,4128
3773,3721
3757,3872
3607,4264
3535,3806
3495,3526
4222,3680
4182,12228
4138,6769
4118,5310
4012,7312
3968,4638
3944,3420
3906,3339
3882,4063
3860,3826
3848,11118
3677,5275
3485,4201
3309,3013
3277,3181
3197,3523
3029,9439
2949,6644
2861,4148
2829,3491
2705,3035
2609,3116
2593,3372
2505,3374
2469,8799
2397,6879
2349,4080
2341,3403
2297,3161
2281,3440
2175,3470
2143,8561
2079,6433
1991,4146
1975,2916
1935,2988
1867,3085
1851,2787
1819,2917
1775,2935
4500,4774
4448,4760
4428,4680
4250,5018
4162,5273
4114,4979
4833,4942
4785,5296
4733,5221
4709,5111
4627,5397
4535,5420
4507,4657
4465,5114
4437,4797
4411,4641
4397,4676
4204,4879
3980,4615
3948,4541
3740,4714
3644,4432
3460,4812
3364,4216
3276,4744
3220,4118
3080,3762
3048,3904
2952,3911
2848,3613
2808,3561
2724,11193
5274,9384
5178,5693
5102,4502
5042,4250
5018,4045
4740,3778
4564,12093
4396,6184
4300,4607
4228,3355
4112,3770
4016,3475
3944,3485
3860,3577
3820,3576
3776,3376
3760,3534
3610,3568
3538,3212
3498,3227
4225,3327
4185,3455
4141,3332
4121,3289
4047,3444
4007,3523
3947,3339
3909,3712
3885,3560
3863,3192
3851,3259
3680,3328
3488,3276
3456,2986
3280,3045
3200,3186
3032,3050
2952,3050
2880,2917
2832,3057
2708,2993
2612,2974
2596,11787
2508,4953
2476,3306
2400,2580
2352,2781
2344,7114
2300,7119
2284,3433
2178,2784
2146,2780
2082,6669
1994,6448
1978,3534
1938,2655
1870,2632
1854,2669
1814,2765
1778,2551
4495,4531
4451,4663
4349,4176
4253,6393
4149,4917
4109,5087
4836,4911
4744,5115
4716,5288
4646,5119
4590,4906
4538,4906
4506,13687
4460,7211
4436,5769
4410,4902
4398,5021
4143,4748
3951,4700
3743,4879
3663,4457
3495,4025
3383,4029
3279,4043
3223,3932
3215,3711
3051,3718
2955,3843
2867,3721
2811,3384
2727,3444
5277,4189
5181,4085
5105,3753
5045,3861
5021,4088
4743,3821
4567,3702
4399,3620
4303,3764
4207,4634
4115,3441
4019,3387
3923,3481
3863,3222
3815,3289
3779,3263
3693,3356
3613,5060
3525,3466
3493,2986
3401,3179
4152,5171
4128,3511
4066,3280
4010,3372
3966,3806
3946,3016
3904,3097
3884,3515
3862,3499
3852,2925
3619,3007
3459,3133
3283,3053
3203,8842
3035,8659
2955,4327
2883,3046
2835,2787
2711,2993
2615,8007
2599,6782
2511,3729
2471,3092
2403,2871
2355,7475
2311,6945
2303,3640
2283,2695
2181,2605
2085,2584
2069,2881
1981,2503
1949,6643
1873,6497
1857,5027
1825,3005
1781,2951
1773,3273
1757,6024
1695,6188
4256,4596
4152,4528
4112,4515
4036,5223
3960,4808
3936,4776
4649,4621
4593,4947
4533,4973
4509,4662
4463,4877
4439,4905
4413,4536
4401,4510
4146,4859
3954,4784
3746,4043
3650,4180
3466,4042
3370,3771
3282,3677
3226,3983
3086,10726
2974,8085
2870,5192
2854,4252
2806,3442
2714,3739
2674,10866
2622,7722
2614,4964
5028,8723
4842,4991
4602,3700
4506,3954
4322,3409
4234,3367
4118,3420
4038,3554
3950,3257
3866,10862
3818,7257
3782,4742
3696,3123
3616,3423
3528,3329
3496,3251
3404,9779
3368,6628
3348,4068
3286,3180
3254,3463
3969,3298
3949,3218
3899,3659
3869,9639
3857,6868
3686,4234
3494,3186
3318,2745
3222,2763
3070,2955
2974,2666
2958,2662
2870,8565
2830,7954
2682,4129
2602,2849
2530,2833
2482,7556
2406,7146
2390,3726
2350,2705
2314,2646
2290,2632
2286,2941
2152,2600
2088,6931
2000,6820
1984,3947
1944,3027
1876,6394
1860,4827
1820,2975
1784,6437
1776,4780
1760,4421
1698,3421
1682,6003
1650,5388
1642,3360
1606,2924
3963,3993
3939,5549
3885,4571
3837,4301
3793,4155
3765,4351
4466,14310
4442,7199
4416,9329
4404,4808
4149,4480
3957,4410
3781,4320
3669,4018
3501,4062
3389,3968
3285,3876
3269,3701
3221,3688
3057,3811
2961,10150
2873,8488
2817,5131
2809,4024
2717,3898
2677,4048
2625,3992
2597,3782
2593,3785
2479,3843
2367,3516
4509,4284
4325,4332
4237,3970
4205,4109
4041,4163
3953,3999
3921,3900
3829,4034
3793,3893
3769,3684
3667,3718
3547,3782
3507,3501
3447,3582
3399,3774
3363,3629
3347,3919
3289,3429
3257,3534
3209,3383
3918,3512
3894,3660
3872,3342
3860,3435
3689,3553
3497,3227
3321,3222
3289,3298
3209,3299
3041,3043
2961,9732
2873,7145
2841,3976
2717,2948
2621,8142
2533,5085
2517,3349
2477,8610
2409,5211
2361,3532
2317,8423
2309,3991
2289,3421
2187,3550
2155,7815
2075,5629
2003,3929
1955,3144
1947,3276
1879,3208
1831,2965
1823,6500
1787,6598
1763,4352
1759,3256
1701,3490
1685,3783
1645,3235
1609,3374
1601,3687
1585,2956
3938,5310
3872,4362
3832,3626
3788,5679
3768,4013
4469,8950
4423,5448
4409,9533
4216,5597
4152,4823
3960,4725
3752,13130
3656,6080
3472,4335
3376,10709
3272,6544
3232,4407
3092,8702
2980,6276
2876,4358
2860,9510
2812,6826
2736,4316
2680,3439
2628,3351
2620,4112
2596,3586
2482,3140
2370,10674
2354,6939
4328,4990
4256,4124
4208,12128
4044,6127
3956,4072
3924,7509
3832,4410
3796,8573
3772,4918
3670,4189
3550,3337
3510,3437
3434,11877
3402,6428
3366,3445
3308,6483
3268,4851
3232,3748
3212,3986
3182,4532
3162,3656
3875,3938
3863,4169
3692,4606
3500,3801
3324,9385
3228,5471
3076,4140
2980,3304
2964,2996
2876,9282
2836,2906
2720,2825
2624,2692
2536,8100
2520,6434
2480,4220
2412,3606
2364,8413
2356,4976
2312,5909
2296,3845
2190,3296
2158,3527
2078,2524
2006,2437
1990,2454
1950,3001
1882,3559
1866,7120
1834,7311
1790,5982
1782,3713
1766,3400
1762,3237
1688,3299
1656,3583
1648,3062
1612,2989
1604,3278
1588,2868
1584,6054
3875,4421
3799,5846
3775,4734
3741,3928
3717,4007
4426,4553
4412,12862
4219,6770
3995,4915
3787,4673
3675,4549
3659,15436
3475,5381
3379,4871
3275,3872
3227,3871
3095,4485
2983,12047
2879,6873
2863,4429
2815,8134
2739,4567
2683,3229
2631,3591
2623,4581
2599,3632
2485,3097
2373,3219
2357,3855
2269,9794
4259,10256
4211,5659
4071,3888
3975,3100
3927,11069
3859,5882
3799,3820
3779,3764
3673,3702
3609,3292
3513,3700
3453,3414
3413,3215
3369,3202
3353,3365
3295,3311
3263,3133
3215,6428
3185,2943
3165,8467
3147,8102
3866,5375
3695,3753
3503,8074
3327,5049
3231,3516
3215,3184
3047,2992
2967,2999
2879,7198
2847,7158
2723,4247
2627,3321
2539,3274
2523,3285
2483,3244
2415,7419
2367,7389
2359,4208
2315,2847
2299,3134
2193,2989
2161,2946
2081,3005
2009,7314
1961,6571
1953,4766
1885,3127
1837,6279
1829,6223
1793,4361
1785,3013
1765,6028
1707,5895
1691,5889
1659,3371
1651,2923
1607,2837
1591,2836
1587,2719
1553,2804
1545,3050
3794,4214
3774,3714
3736,3344
3716,3851
3694,3563
4413,4357
4158,4291
3966,3879
3790,12088
3678,6546
3510,7499
3398,4396
3294,3814
3278,12081
3230,6551
3066,4300
2986,3378
2882,3768
2826,3861
2818,4010
2726,10291
2686,7826
2634,4675
2626,4759
2602,4250
2488,9867
2376,6323
2360,4152
2256,9500
2216,5772
4214,11465
4050,5357
3978,4204
3930,10709
3862,5356
3802,7711
3782,4589
3676,11096
3612,5508
3540,4047
3456,3271
3416,3240
3380,10674
3360,6202
3298,4078
3266,2966
3230,10116
3214,5574
3180,3408
3164,3116
3146,9479
3867,6274
3634,5980
3474,3918
3298,3362
3218,3218
3082,3175
2986,8914
2898,8123
2850,4192
2842,6328
2694,3877
2614,3335
2542,7427
2494,6133
2486,3650
2402,3086
2370,3071
2326,3085
2318,3021
2298,2978
2196,6817
2100,6619
2084,4823
2012,4116
1964,4683
1956,8172
1888,5219
1840,6153
1832,4326
1796,3569
1788,3824
1768,4254
1710,7487
1694,7255
1662,4877
1654,3892
1618,4038
1610,7550
1594,7138
1590,4260
1548,3231
3805,4250
3781,3801
3747,4129
3723,4667
4432,4790
4418,11483
4225,6698
4001,5321
3969,4234
3761,4491
3665,4340
3481,4311
3385,13225
3297,7006
3241,5487
3101,8196
3069,7138
2973,3914
2869,11767
2829,6349
2745,4351
2729,10971
2681,5860
2637,4091
2609,11008
2605,6183
2459,6329
2379,7001
2363,10063
2259,5135
4249,7997
4217,7626
4053,6949
3965,4721
3933,10972
3841,5658
3805,7496
3785,4451
3679,8016
3615,5992
3543,5080
3459,3923
3419,4618
3383,4521
3363,4456
3301,4390
3269,3270
3233,2736
3217,2697
3183,2690
3902,2793
3880,2876
3870,3001
3637,3081
3509,3249
3333,3395
3237,3377
3085,3294
2989,3258
2973,3283
2885,3215
2845,3141
2729,3110
2633,3385
2545,3238
2529,3247
2489,6842
2421,6848
2373,3899
2365,3278
2321,6594
2305,6548
2199,3701
2167,3103
2103,3067
2015,3024
1999,2996
1967,5961
1891,5863
1875,4376
1843,3475
1799,3407
1791,3393
1775,5742
1771,5734
1713,4188
1697,5609
1657,4144
1621,3251
1613,3256
1597,5459
1593,5484
3884,4139
3844,4246
3800,3913
3780,4274
4481,4369
4457,4665
4431,4672
4419,4744
4164,12326
3972,8032
3764,5626
3684,3989
3516,11112
3404,6661
3300,4454
3284,10112
3236,5716
3072,7636
2992,7126
2888,6641
2832,7259
2824,4965
2732,9336
2692,5512
2640,6638
2632,7337
2608,4828
2494,8816
2382,4837
4524,4693
4340,10221
4268,5929
4220,4133
4056,3406
3984,3384
3936,3400
3844,9465
3808,6989
3784,4297
3682,3459
3562,3389
3522,3377
3462,8769
3414,8161
3378,4528
3362,3491
3304,3444
3244,8403
3224,5804
3194,3767
3909,4538
3887,3493
3875,3488
3704,3400
3512,3311
3336,8045
3240,7276
3088,3852
3056,7522
2976,4681
2888,7312
2848,5070
2700,5609
2636,3678
2548,3927
2500,6797
2492,7296
2408,3946
2376,6422
2332,4671
2324,6886
2304,4155
2202,4924
2106,6531
2090,4860
2002,4704
1970,6191
1962,4656
1878,3082
1846,5554
1838,5542
1794,4133
1778,4435
1774,4400
1716,4355
1668,5765
1660,4002
1624,5781
1616,5660
1600,4199
1596,5628
1562,5548
3847,4023
3803,3966
3753,4221
3729,4523
4438,7740
4424,5713
4264,4780
4167,4441
3975,13034
3767,6602
3671,4808
3487,11610
3391,6326
3303,4257
3247,10947
3107,5922
3075,4103
2979,11046
2875,6355
2835,6360
2751,4514
2715,3926
2687,3882
2635,3825
2615,3802
2611,3807
2465,3680
2385,3676
2281,3546
4327,4547
4255,4463
4139,4351
4043,4303
3971,4348
3887,4173
3847,4159
3803,10259
3787,6558
3637,6619
3565,4021
3517,3355
3449,3301
3417,3299
3381,3254
3344,3247
3283,3204
3247,3176
3227,3343
3197,3737
3177,3560
3890,3777
3878,3762
3707,3704
3515,3568
3339,3478
3243,3423
3227,3403
3059,3301
2979,3237
2891,3198
2853,7839
2735,7444
2639,4318
2551,3198
2535,7344
2495,6649
2427,3740
2379,2704
2371,2739
2327,2748
2311,2679
2205,2826
2173,6650
2093,6847
2021,4775
2005,3136
1965,3132
1897,3100
1881,3071
1841,3035
1805,3035
1797,3018
1781,2973
1719,6017
1703,5788
1671,5809
1663,3401
1627,5692
1603,5615
1599,3346
1565,3238
1557,3256
3814,4100
3790,3869
3756,4566
3732,4507
4441,4867
4427,4342
4234,4441
4010,4322
3802,4172
3690,4004
3522,4061
3490,3980
3394,3951
3290,3928
3242,3773
3110,3882
2998,3721
2894,3688
2878,3680
2830,3640
2754,3749
2698,3919
2690,3847
2638,10343
2618,9306
2500,5265
2468,6894
2372,4711
2284,3720
4330,4284
4234,4237
4110,10980
4046,6440
3950,6874
3890,4119
3842,3599
3806,10486
3720,5817
3640,3934
3568,3525
3520,3491
3452,3651
3420,11076
3384,7617
3368,4842
3286,3200
3250,3797
3230,3744
3200,3393
3915,3376
3893,3739
3881,3705
3710,3307
3518,3417
3486,3845
3310,3143
3230,2946
3062,3309
2982,3339
2910,2990
2862,3736
2738,3388
2706,9623
2626,8463
2538,4591
2506,3335
2430,3251
2414,3256
2374,3190
2338,3506
2314,3198
2310,3495
2176,3818
2112,4082
2096,4455
2008,3621
1976,3868
1968,3599
1884,3523
1852,4014
1844,3921
1800,7824
1784,7732
1780,4981
1722,3481
1706,8363
1674,7013
1630,3960
1622,3481
1606,8179
1602,6630
1568,3445
3853,4364
3809,4948
3789,4231
4490,5523
4466,4861
4440,4939
4428,15244
4237,6524
4013,5499
3805,9372
3693,5514
3525,10189
3413,6896
3397,9270
3293,5541
3245,11958
3113,5972
3001,6896
2897,8931
2881,5362
2833,11714
2757,6150
2701,6691
2693,5088
2641,4024
2621,11722
2503,6043
2471,5527
2391,3836
4429,13104
4333,5708
4261,4649
4145,3641
4065,3507
3977,3686
3945,10467
3853,6811
3817,4466
3793,3555
3691,3405
3627,3378
3555,9455
3471,6549
3431,4014
3395,3150
3375,8857
3329,6007
3289,3672
3253,3040
3980,3183
3942,9007
3918,6528
3896,3934
3884,3112
3713,8601
3521,5885
3345,5714
3313,3462
3233,2819
3065,7866
2985,6208
2913,3703
2865,3261
2741,7340
2709,6943
2629,3504
2557,2782
2509,6988
2501,6275
2417,3328
2385,5024
2341,4949
2333,4874
2317,4917
2211,4801
2179,3761
2099,3658
2027,6185
2011,6160
1979,3566
1903,5946
1887,5926
1855,3484
1847,2886
1803,2866
1787,2827
1783,5777
1725,5618
1709,4118
1677,3428
1669,3193
1633,3198
4026,4119
3982,4168
3962,3953
4663,5130
4615,4800
4563,4648
4539,4703
4493,4831
4469,4710
4443,5025
4431,4567
4240,13679
4016,7289
3808,5397
3696,7963
3680,7460
3496,4719
3416,8846
3312,6043
3256,4475
3248,4090
3084,4045
3004,10919
2900,7439
2884,4859
2836,3871
2760,3462
2744,10099
5214,9668
5138,5640
5106,4145
5058,4086
4872,11996
4744,6050
4552,4323
4432,10561
4336,5525
4264,7417
4232,7049
4068,4276
3996,3769
3956,10483
3896,6644
3848,4416
3812,7460
3796,4560
3694,9931
3630,5350
3558,7022
4345,4968
4261,3878
4221,10111
4177,5533
4157,3790
4083,9827
4047,5409
4007,6336
3983,7028
3945,4102
3921,9443
3917,5590
3895,5470
3885,9167
3716,4763
3524,6340
3492,4264
3316,3319
3252,3214
3100,8202
3068,7520
2988,4039
2916,7938
2868,4182
2860,3366
2744,7589
2648,4802
2632,3234
2544,7287
2512,4682
2504,3536
2420,3465
2388,6903
2380,6529
2336,3386
2320,6779
2214,4950
2182,3261
2118,3256
2030,3460
2014,4206
1974,6717
1906,6653
4775,5115
4687,5087
4587,4686
5434,5720
5382,5200
5244,4790
5132,4979
5028,5085
4964,5043
4872,4893
4824,5116
4757,4952
4682,14461
4626,7590
4574,5793
4546,8919
4504,5706
4476,4532
4450,4991
4436,14223
4243,7031
4019,5092
3811,4054
3699,4313
3531,4075
3419,4105
3403,3941
3299,3967
6345,4640
6037,4373
5861,12860
5693,6681
5541,5140
5493,7931
5329,4899
5241,4196
5157,12504
5109,5932
5061,4361
4875,10249
4635,5570
4539,8052
4355,7348
4283,4578
4235,10654
4071,5646
3999,3905
3951,9741
3859,5903
4718,6348
4690,4052
4556,7902
4404,5172
4356,7724
4280,5211
4224,3725
4180,10362
4160,5997
4086,5845
4046,4111
3986,8925
3948,5254
3924,7769
3902,4227
3890,8768
3719,4949
3527,6707
3351,4211
3255,8227
3239,4491
3071,3605
2991,7702
2903,5078
2863,7093
2747,4348
2651,3257
2563,3219
2547,6920
2507,6914
2423,4029
2391,3501
2347,3408
2339,3422
2319,3398
2217,3341
2121,3285
2105,3258
2017,3171
1985,3159
1977,3505
1893,3447
1861,3445
4650,4707
4542,4429
5338,5085
5361,5394
5215,5130
5119,5157
4975,14286
4891,7358
4835,5423
4775,4849
4751,4864
4669,4755
4621,4764
4569,4808
4545,4920
4499,4552
4475,4807
4449,4838
4437,4683
4182,4512
3990,4672
3782,11841
3686,7363
3502,4956
3422,8743
3318,5262
3262,4239
3122,4024
6008,12858
5816,6524
5616,4871
5528,4162
5412,4168
5316,12790
5220,6219
5144,4483
5084,3799
5060,4053
4782,11344
4606,5964
4438,4311
4358,8331
4270,5096
4154,7724
4074,5123
3986,3998
3954,4004
3862,3903
4721,4203
4693,4190
4559,4148
4407,4031
4359,4027
4283,3901
4227,3892
4183,3827
4163,3810
4089,3741
4049,3592
4005,3695
3985,3687
3943,3616
3923,3675
3901,3591
3891,9461
3658,7351
3498,4174
3322,3286
3242,3315
3074,8314
3010,7156
2922,3960
2874,3055
2750,2967
2718,2959
2638,2960
2550,2892
2518,3103
2442,3313
2426,3269
2386,3303
2350,3254
2326,6896
2322,6965
2188,4354
2124,6780
2108,6956
2020,3811
1988,4959
1980,3937
1896,3835
1864,3580
4653,4544
4577,4296
5396,4726
5368,5564
5218,4759
5122,5328
5018,5033
4970,4772
4838,5032
4786,5680
4758,5503
4688,4486
4632,5199
4580,5075
4552,14858
4510,6384
4482,5794
4456,4755
4442,4300
4249,4429
4025,4872
3817,4766
3705,12652
3689,6710
3505,5240
3409,4238
3305,3734
6375,4406
6203,4944
5899,14244
5803,6162
5619,5547
5531,4444
5415,8910
5319,5567
5223,4497
5147,4485
5087,4334
5063,3733
4785,4464
4641,4271
4545,3636
4361,11937
4289,7249
4241,5068
4077,3131
4005,3245
3957,3678
4800,11770
4724,6100
4700,5731
4562,4542
4482,3912
4394,3725
4286,4090
4238,5019
4194,4878
4170,3603
4092,4640
4052,4218
4008,3250
3988,8359
3946,8322
3926,7348
3904,4217
3894,4762
3661,10255
3501,5036
3325,3529
3245,3733
3077,3519
3013,9055
2925,6910
2877,6100
2753,3379
2721,8932
2641,5891
2553,6630
2521,4142
2445,6691
2429,4403
2389,8550
2345,4264
2329,7633
2223,5887
2191,3514
2127,7832
2039,4601
2023,7604
1983,4498
1915,7534
1899,6185
4664,5030
4596,4377
5443,6790
5391,5632
5253,6795
5141,6010
5021,13208
4973,6667
4881,5591
4789,9313
4761,6251
4691,5354
4635,13943
4583,6483
4551,5909
4505,10745
4481,7305
4455,5166
4443,4893
4188,4533
4028,4646
3820,12022
3708,10674
3540,6043
3428,4306
3324,10262
3308,5838
6346,9346
6046,5613
5870,7988
5670,5083
5550,11293
5502,5882
5338,4305
5250,9150
5166,5523
5118,9765
5070,5362
4884,8296
4644,7627
4548,4736
4364,7855
4276,7372
4244,6899
4080,6305
3992,8381
3960,6725
3868,6167
4727,4533
4699,9832
4565,5648
4485,3872
4365,7417
4289,5115
4241,7362
4189,6315
4169,5894
4095,6607
4055,6182
4011,6871
3991,4480
3933,3544
3911,3497
3899,3562
3728,3363
3664,8127
3504,6988
3328,3910
3248,6355
3080,6373
3000,6091
2928,4115
2880,7563
2756,4312
2660,3157
2644,3056
2556,7350
2524,6994
2448,3518
2432,2879
2392,7009
2356,6384
2332,3516
2328,6828
2194,4929
2130,6510
2042,3507
2026,2964
1994,6030
1918,6226
1902,3770
1870,6015
4659,5513
4551,4908
5402,5754
5370,4911
5224,5106
5040,5267
4984,6099
4900,5293
4836,4814
4784,5175
4760,5125
4678,5108
4630,4808
4558,5160
4516,5102
4488,4619
4462,5233
4448,5089
4255,4280
4031,4221
3823,4650
3711,4435
3695,4162
3511,3750
3415,4475
3311,4521
3271,4183
6145,4800
5905,4927
5705,4310
5609,4377
5513,4504
5389,4588
5269,4410
5169,3825
5121,4442
5073,4344
4951,4234
4759,6959
4567,4670
4415,4267
4295,6338
4247,4198
4131,4328
4011,4093
3963,4328
3895,4505
3835,10876
4706,6708
4568,4841
4488,3932
4400,3662
4292,4607
4244,11964
4200,5869
4172,4704
4098,3247
4058,3277
4014,3387
3994,3334
3952,4187
3932,4934
3910,4811
3900,4781
3667,4644
3507,4544
3331,4435
3251,4389
3083,4277
3003,4218
2931,4141
2883,4106
2759,3955
2663,3879
2647,3851
2559,3754
2519,3798
2451,3700
2403,3638
2395,3622
2351,3613
2335,3587
2229,3478
2197,3471
2117,3314
2045,3335
1997,3328
1989,3277
1921,3251
1873,3219
1865,3197
1829,3177
4510,4419
5377,4714
5227,4838
5131,4896
4987,5004
4903,5377
4839,10312
4787,6586
4763,5156
4681,4786
4589,4771
4561,5025
4519,4901
4491,4670
4465,5049
4451,4662
4258,4518
4034,4631
3826,4526
3714,4205
3546,4444
3434,6673
3418,4099
3314,14103
3266,7189
3102,4921
3022,3537
5676,4382
5556,4299
5508,4312
5344,4237
5232,3861
5156,4007
5096,4110
5072,4519
4794,3653
4618,3988
4450,4095
4354,3664
4282,3452
4166,3713
4070,4096
3974,3397
3914,3464
3866,4007
3830,3690
3744,3267
4507,3410
4403,3697
4363,3301
4247,4027
4203,3673
4179,3243
4117,13466
4061,5194
4017,4232
3997,2757
3955,3868
3935,3741
3913,10803
3903,6010
3670,5307
3510,3607
3334,2879
3254,9605
3086,5663
3022,3544
2934,3934
2886,2770
2762,2599
2730,2602
2650,2578
2562,2583
2530,2664
2454,2560
2406,2709
2398,2776
2354,3099
2338,2959
2232,2835
2200,2985
2120,2763
2048,2732
2032,6317
1992,6138
1924,3815
1908,2935
1868,3053
1832,2841
1824,4867
1804,2948
1746,2824
4291,4259
5030,4653
4982,4561
4850,5158
4798,4707
4770,4719
4700,4624
4644,5595
4584,4363
4560,4559
4514,4759
4490,6931
4464,4362
4452,4610
4197,4441
4005,16041
3797,8915
3717,4482
3549,4395
3437,4801
3333,3894
3277,3605
3269,4322
3105,5394
3009,3472
2921,3518
5543,4145
5427,5051
5331,4085
5235,3929
5159,3984
5099,5651
5075,4108
4797,3590
4621,3821
4453,4042
4357,3418
4285,3367
4169,3704
4073,4763
4001,3343
3917,3454
3869,3517
3833,3541
3747,3606
3667,3104
3595,3344
4366,3581
4282,3195
4242,3374
4182,3253
4120,4437
4072,11393
4028,6965
4004,4258
3966,2821
3938,3214
3916,3104
3906,2995
3673,3674
3513,2933
3369,3010
3273,3570
3121,3934
3025,3103
2937,3187
2889,2941
2881,3101
2733,2867
2653,3131
2581,2975
2533,3029
2457,3312
2441,3155
2401,2849
2357,2906
2341,3352
2235,8312
2203,7316
2139,3643
2051,3648
2035,2817
1995,2572
1927,3213
1911,3310
1871,2492
1835,2977
1827,3443
1807,3621
1749,3248
1733,2811
1701,2939
4106,3910
4853,4183
4801,4089
4769,4546
4687,4874
4639,4518
4587,4679
4525,4791
4497,4486
4471,4315
4457,4799
4264,4448
4040,4484
3832,4045
3720,4092
3552,4330
3440,4252
3336,3757
3320,3827
3272,4011
3108,3930
3012,3477
2924,3340
2868,3363
2784,3695
2768,9797
5230,9810
5138,5643
5094,4205
4960,4099
4768,3619
4576,3698
4424,4177
4304,3791
4256,3536
4092,3526
4020,3858
3972,3655
3880,9601
3836,7475
3820,4699
3670,3676
3598,3376
3550,3044
3482,3111
3422,3068
3402,3369
4123,3133
4067,3029
4023,9341
4003,7418
3961,4364
3923,3322
3911,9265
3740,8371
3548,4579
3372,3185
3276,3310
3124,2746
3028,2715
3012,3188
2924,3186
2884,7829
2736,7566
2656,4491
2584,3363
2536,2608
2460,3002
2444,8012
2404,3677
2368,6567
2344,2608
2340,5424
2206,5079
2142,3942
2054,3224
2038,6762
1998,6440
1930,3159
1914,2535
1874,2493
1838,5878
1830,5686
1810,4219
1752,3744
1736,3687
1704,3353
1696,6052
1652,6099
1636,4622
1632,2977
1598,5291
3883,4288
4590,4553
4566,3649
4520,4412
4496,4522
4470,7551
4458,5302
4203,4832
4011,12384
3803,6591
3707,4959
3555,7815
3443,4796
3339,3873
3283,11894
3143,6671
3111,4604
3015,4195
2911,4018
2871,4043
2787,3804
2771,3513
2723,3969
2679,4007
2651,3793
2647,3468
4803,4766
4627,12682
4459,7050
4363,5240
4267,4059
4175,3829
4079,3425
3983,3270
3923,3251
3875,3776
3839,9957
3753,7718
3673,5105
3585,3797
3553,3877
3485,3121
3425,3238
3405,3699
3359,3690
3319,3174
4034,3224
4006,3239
3964,3735
3944,3248
3922,3223
3912,3784
3679,10382
3519,8242
3343,4347
3279,2929
3127,3320
3031,3416
2943,2936
2895,4457
2887,3812
2739,2464
2659,6960
2571,8509
2539,3470
2463,3060
2447,3054
2407,3024
2363,2968
2347,6971
2241,6712
2209,3885
2129,6533
2057,4774
2041,3174
2001,3153
1933,3161
1885,3022
1877,3029
1841,3002
1833,3000
1813,5952
1755,5888
1739,5898
1707,3479
1663,5759
1655,5737
1639,3388
1635,2886
1601,2792
1593,2801
1577,2848
4569,4538
4523,4456
4477,4149
4463,4639
4270,4527
4046,13472
3838,6711
3806,4821
3710,3909
3526,4034
3430,3981
3326,11750
3278,7408
3146,4975
3034,3972
2930,3906
2914,3875
2866,3795
2774,10514
2734,8475
2682,4932
2654,3922
2650,3611
2504,3504
2424,3447
2408,9393
4382,10339
4294,5436
4178,6291
4082,4085
4010,3444
3926,3374
3878,3352
3842,3355
3756,3279
3676,3459
3588,9836
3556,7751
3464,4596
3428,3323
3408,3314
3346,3297
3314,9299
3278,7751
3262,6180
3228,3781
3947,3233
3925,9536
3915,6346
3682,4074
3522,3189
3346,3128
3266,8628
3098,6793
3018,3850
2930,4927
2898,4820
2774,2973
2678,3378
2590,4444
2574,3308
2534,2523
2466,3758
2418,3209
2374,3925
2366,3086
2346,3174
2244,2937
2212,3019
2132,3193
2060,3373
2012,3142
2004,3149
1936,3840
1888,3313
1880,2538
1844,2986
1820,2485
1816,2448
1758,2764
1742,2203
1702,2305
1666,2277
1658,2269
1642,2118
1638,2199
1604,2201
1596,2270
1580,2257
1558,3404
1554,2585
1546,2890
4466,5455
4273,3882
4049,5456
4017,3781
3809,4241
3713,5282
3529,4708
3433,4148
3329,6813
3289,8728
3149,5921
3037,5762
3021,6115
2917,5878
2869,5799
2793,5632
2737,5929
2729,5828
2677,5643
2657,5496
2539,4825
2507,5448
2411,6213
2323,4877
2307,3939
4273,4059
4149,4228
4085,4111
3989,3694
3929,3991
3881,3543
3845,3458
3759,3275
3679,3282
3591,3335
3559,5365
3491,5847
3431,6492
3411,3738
3365,3799
3325,3749
3289,3712
3269,3563
3231,3483
3215,4104
3197,4324
3918,3852
3685,3889
3557,4233
3381,3916
3285,3013
3133,4087
3037,3993
2949,3377
2933,5431
2893,3000
2745,7739
2681,7540
2593,4182
2545,5860
2537,7371
2453,3974
2413,7382
2377,4092
2353,3292
2349,7219
2247,4700
2151,3303
2135,3271
2047,3134
2015,3053
2007,3231
1923,6002
1891,5978
1883,4511
1839,3573
1823,3591
1819,5854
1761,5691
1713,4237
1705,5501
1669,4183
1661,3364
1645,3386
1641,4267
1603,4895
1583,4714
1579,4888
1561,3738
1557,3797
1549,3596
1547,3686
4276,5924
4052,3918
3844,4797
3732,4267
3564,4444
3532,3963
3436,4974
3332,5267
3284,4624
3152,4831
3040,4719
2936,4250
2920,4345
2872,3935
2780,3655
2740,4120
2688,4321
2680,4724
2656,5263
2542,4166
2430,4542
2414,4492
2326,4090
2270,3614
2262,3561
4104,4835
4032,3861
3984,3489
3892,10509
3856,6900
3832,6169
3730,3872
3666,10593
3570,5608
3510,4813
3470,3578
3426,3348
3410,10530
3352,7438
3320,4442
3272,3668
3242,3371
3222,3084
3204,3753
3194,3637
3087,3638
3560,3402
3384,3356
3288,3050
3272,3336
3104,3100
3024,2655
2936,2821
2896,3156
2780,2943
2684,3221
2596,3213
2580,2911
2540,2792
2456,3115
2424,6497
2380,6762
2372,4258
2352,3296
2250,2872
2154,3067
2138,3212
2066,2802
2018,2774
2010,2841
1942,2736
1894,3070
1886,2796
1850,2706
1826,6087
1822,5929
1764,5968
1748,3710
1716,3734
1672,3382
1664,3672
1648,3683
1644,3257
1610,3324
1602,5834
1586,5349
1582,4259
1564,3538
1560,3504
1552,3252
1550,3552
1459,5243
4023,3888
3815,3893
3719,3649
3567,4339
3455,4537
3351,4176
3295,4599
3287,4478
3123,4021
3027,3800
2939,4040
2883,3908
2875,3590
2783,10377
2735,8996
2691,5123
2663,4090
2659,3878
2545,9559
2433,7654
2417,4806
2313,7775
2273,4650
2265,7411
2173,5723
4035,4807
3987,4271
3895,4664
3859,4225
3839,4021
3733,4334
3669,4351
3573,3960
3513,3881
3473,4087
3437,4136
3413,3823
3355,4067
3323,9520
3287,7452
3271,4543
3237,7150
3221,4660
3203,3644
3195,8828
3691,6319
3531,3852
3355,3461
3275,3391
3139,2980
3043,3355
2955,3213
2907,8108
2899,8366
2751,4441
2671,3175
2599,7730
2551,5578
2543,3697
2459,3017
2419,3518
2383,3633
2359,3210
2355,4238
2253,3195
2157,9225
2141,7031
2053,3826
2021,6440
2013,5100
1929,4551
1897,4204
1889,4205
1853,4433
1829,3781
1825,3848
1767,4037
1751,8413
1719,6942
1675,8762
1667,4659
1651,3006
1647,2807
1613,3038
1605,7174
1589,7248
1585,5343
1567,3661
1563,2950
1555,3053
1553,7116
1462,6697
4058,4366
3850,3521
3738,3308
3570,6061
3458,5823
3442,4634
3338,3779
3290,4242
3158,4005
3046,3796
2942,3745
2926,4040
2878,3642
2802,3679
2746,3956
2738,3690
2686,3558
2666,9847
2548,11966
2516,7817
2420,5674
2332,4754
2316,10275
2268,7177
4190,5127
4094,5653
4022,5544
3938,15760
3898,7543
3854,5454
3838,11658
3688,6878
3616,4949
3576,3233
3516,3478
3468,3186
3432,3162
3416,3506
3358,3354
3326,3360
3290,3666
3274,3591
3240,3158
3224,3460
3206,3466
3927,3250
3694,3141
3534,10219
3358,8421
3294,5105
3142,3463
3046,3099
2958,8961
2942,6106
2902,4017
2754,2994
2690,2979
2602,3279
2586,3142
2546,2901
2478,2853
2430,3154
2422,2830
2378,8050
2362,7658
2256,3972
2224,2917
2160,7674
2072,7099
2056,3491
2016,5547
1948,5501
1932,4050
1900,5430
1856,5213
1848,4250
1832,3904
1828,4267
1770,4153
1722,3745
1714,3781
1678,3966
1670,6628
1654,6399
1650,4026
1616,3443
1608,6588
1592,6387
1588,3724
1570,2790
1566,6378
1558,6558
4476,4109
4221,4298
4029,3727
3853,4180
3741,3855
3573,4056
3461,7316
3357,5295
3341,4395
3293,4342
3129,4223
3049,4128
2945,4054
2929,4011
2881,3966
2789,3914
2749,3863
2697,10458
2689,8774
2665,5053
2551,3906
2519,3974
2423,3851
2335,3759
4381,4337
4285,4262
4161,4337
4097,4049
4001,4154
3941,4200
3893,16965
3857,8542
3771,6104
3691,4975
3619,6537
3571,3976
3503,3396
3471,3604
3435,3258
3419,3342
3337,3593
3301,3534
3281,3236
3251,3231
3231,3434
3944,3372
3932,3321
3761,3534
3697,3119
3537,3115
3361,3370
3281,3346
3113,2989
3049,3041
2961,8756
2913,8181
2789,4588
2757,3355
2677,2856
2605,2707
2557,3100
2481,2745
2465,2724
2425,2691
2389,7372
2381,7510
2361,3830
2259,3522
2163,2980
2147,3021
2075,3046
2027,3253
2019,2901
1951,2874
1903,3001
1895,2638
1859,2319
1851,6598
1831,6737
1773,4655
1757,3067
1725,3177
1717,3014
1681,3304
1673,3505
1657,2941
1653,2957
1611,6254
1595,5748
1591,4546
1573,3185
1569,2832
4517,4229
4491,4285
4479,4294
4224,4924
4032,4360
3824,4147
3728,4109
3576,4109
3464,4233
3360,3826
3304,3695
3296,3869
3132,3644
3036,11017
2948,7258
2892,4755
2884,3707
2792,3408
2752,3549
2700,3220
2692,3294
2668,3491
2554,16503
2522,7699
4600,6662
4448,4659
4384,10229
4288,6676
4164,5472
4100,5565
4004,3853
3944,16010
3896,5111
3860,6167
3844,5203
3694,12354
3622,6524
3582,5194
3506,4358
3474,12633
3438,6882
3422,10295
3364,5036
3332,3074
3317,3545
4027,17444
3985,6114
3965,5850
3943,4983
3933,4911
3700,12938
3540,6872
3364,5174
3300,4607
3148,3223
3052,8852
2964,7455
2948,5512
2908,3181
2760,3986
2696,4016
2608,3959
2560,13085
2552,7216
2468,4962
2436,2725
2392,11329
2384,5788
2364,4152
2262,12051
2166,6374
2150,4365
2078,7653
2030,3490
2022,9431
1954,5785
1906,7910
1898,4633
1862,3741
1854,10732
1834,6322
1776,4172
1760,7561
1728,4365
1720,7460
1684,5131
1676,9893
1656,5206
1622,3376
1614,5935
1598,4504
1594,3435
4552,5073
4524,7346
4498,6831
4484,7288
4291,6463
4067,13275
3859,7718
3747,6270
3579,12319
3467,7147
3451,5939
3347,4262
3299,4369
3135,5318
3055,5541
2951,5440
2895,5356
2887,5317
2795,5352
2747,16679
2703,7610
2675,5893
2671,5072
2525,9956
4651,7783
4587,12695
4403,5825
4315,5750
4199,10937
4103,7229
4031,5458
3947,5519
3907,14438
3863,7360
3847,5678
3697,2911
3625,13618
3577,7700
3509,5951
3477,9617
3429,6004
3383,4657
3343,4826
3307,14400
4030,7419
3988,5527
3968,10124
3946,6672
3936,3634
3703,10906
3543,7130
3367,5160
3287,4721
3119,10572
3055,4105
2967,3233
2919,2882
2795,3755
2699,3217
2683,8666
2595,8625
2555,4989
2487,6757
2439,4501
2431,4027
2387,3926
2371,3927
2265,3451
2233,3917
2153,3286
2081,7796
2033,7061
2025,4170
1957,2974
1909,3120
1901,3476
1865,3139
1841,3095
1837,8409
1779,7004
1763,3265
1723,8484
1687,4676
1679,3308
1663,2811
1659,3027
1625,3511
1601,6743
1597,6791
1579,4480
1575,3237
1567,3232
4487,4942
4294,4467
4070,4682
3862,4261
3750,4001
3582,4004
3550,3868
3454,11546
3350,8288
3302,5309
3170,3820
3058,3381
2954,3393
2938,3496
2890,3428
2798,3264
2758,3352
2706,3417
2698,3395
2674,3276
2560,10597
2448,8759
2432,4944
4406,4168
4334,3813
4286,3800
4122,3739
4050,3582
4002,3731
3910,3723
3874,9899
3850,6830
3748,4558
3684,3578
3588,3362
3528,3293
3488,11066
3444,8651
3428,5641
3370,7510
3338,4921
3290,8075
3260,4494
3240,3690
3953,4332
3941,10789
3770,5553
3578,4509
3402,4007
3306,10244
3290,5938
3122,4185
3042,3678
2954,9401
2914,5773
2798,3783
2702,3252
2614,8926
2598,6060
2558,3909
2474,3325
2442,3048
2398,3159
2390,3346
2370,8359
2268,6181
2172,4464
2156,8209
2068,4926
2036,4116
2028,3644
1944,3451
1912,3791
1904,7264
1860,6770
1844,5772
1840,3937
1782,3223
1734,6971
1726,7760
1690,4242
1682,3382
1666,2966
1662,6823
1620,6359
1604,3725
1600,3102
1582,3761
1578,3141
1570,7263
1568,6486
1477,3824
4073,5116
3865,4900
3753,4420
3613,4433
3553,4405
3457,4037
3353,3827
3305,4858
3173,14034
3061,6398
2957,4385
2941,9678
2893,5575
2817,4319
2761,11266
2753,6364
2701,5388
2681,3871
2563,10877
2531,5741
2435,4867
2347,3607
2331,3391
4297,14096
4173,6777
4109,4879
4013,3347
3953,11210
3905,6773
3869,4109
3783,3696
3703,3711
3631,11850
3583,5549
3515,3769
3483,3003
3435,3647
3389,11012
3349,6293
3313,3980
3293,7368
3263,7600
3243,9911
3225,6227
3944,3927
3773,4076
3581,3955
3405,3099
3309,15577
3293,5771
3125,5588
3045,3626
2957,2881
2925,14405
2801,6758
2705,5072
2689,5758
2601,4034
2561,2665
2493,2636
2445,2711
2437,2770
2393,2753
2377,8701
2271,9336
2239,5390
2159,2317
2087,3400
2071,11671
2031,5391
1963,4958
1947,7236
1907,6192
1871,4740
1863,2663
1843,9266
1785,5263
1769,4771
1737,4623
1729,4552
1685,4470
1669,4516
1665,4539
1631,3623
1623,3513
1607,5812
1603,5969
1585,7786
1581,4067
1573,2774
1571,5794
1480,5609
4044,3758
3836,4051
3756,3780
3588,5225
3476,3667
3372,3718
3316,3686
3308,10882
3144,6044
3048,4261
2960,4014
2904,10742
2896,7751
2804,5389
2756,13270
2712,8543
2684,6178
2680,8013
2566,6437
2454,10760
2438,4829
2334,5096
2294,3460
4292,5084
4128,4247
4056,18456
4008,5269
3940,3817
3880,3248
3860,10121
3754,5241
3690,5452
3618,5387
3534,3600
3494,4682
3458,4022
3438,13030
3376,6031
3344,4968
3308,6761
3292,6310
3258,4606
3242,3866
3955,3816
3945,15528
3712,7650
3552,5711
3376,4794
3312,4378
3160,3169
3064,11129
2976,6337
2928,6190
2920,9565
2772,5699
2692,5521
2620,8530
2572,8031
2496,4897
2480,6717
2440,5131
2404,4191
2380,7902
2376,5366
2242,3449
2178,3068
2162,7643
2074,7807
2042,5518
1966,3908
1950,7337
1918,6386
1910,3557
1866,7119
1850,5294
1846,3900
1788,3295
1740,6082
1732,6081
1696,4545
1688,5991
1672,5912
1668,4840
1634,5880
1610,5835
1606,3574
1588,5834
1584,5709
1576,3492
1574,3517
1483,3400
1451,3398
3871,3658
3808,3865
3743,4220
3559,4246
3463,4254
3359,3988
3311,4070
3179,3707
3067,3769
2963,3622
2947,3672
2899,3648
2823,9980
2767,9209
2715,5408
2707,4003
2683,3692
2569,3604
2457,3560
2441,3569
2353,3553
2297,3403
4295,4217
4134,10267
4059,8243
4011,5073
3943,3697
3883,7660
3863,5903
3757,9064
3693,5033
3597,3832
3537,3764
3497,9039
3453,5970
3437,3886
3379,3392
3347,3314
3299,3349
3269,3255
3249,3225
3231,3239
3221,3278
3779,3519
3587,3393
3411,3354
3315,3527
3299,8129
3131,7501
3051,4059
2963,3197
2923,7577
2807,6721
2711,3696
2623,2998
2575,2940
2567,2946
2483,2919
2451,3092
2407,3306
2399,6776
2379,6749
2245,4486
2181,3340
2165,3337
2077,3303
2045,3257
1969,3170
1953,3184
1921,3134
1877,3093
1869,5807
1853,5813
1849,4367
1775,3410
1743,5647
1735,6774
1699,5366
1691,3741
1671,3674
1637,3576
1629,6995
1613,7025
1609,5089
1591,4048
1587,4023
1579,4081
1577,4411
1486,3913
1454,3951
1390,3908
1374,3828
3594,4881
3482,3684
3378,3273
3362,4988
3314,4030
3150,3981
3054,5021
2966,11635
2910,6538
2826,5164
2810,4325
2762,4041
2718,4054
2690,4023
2686,5033
2540,3865
2460,3877
2356,10730
2340,8105
2300,5511
2216,3669
2200,3955
4046,4401
3962,11575
3922,6916
3878,5224
3862,3514
3712,3529
3640,3534
3592,3349
3524,3301
3492,3402
3444,3386
3398,3642
3358,3860
3322,3757
3302,3761
3272,3721
3252,3648
3234,3717
3224,3674
3117,3595
2957,3484
3414,3635
3318,10220
3166,7816
3070,4473
2982,3572
2966,3546
2926,3508
2778,3394
2698,3559
2626,3379
2578,9079
2502,8870
2486,4823
2446,6302
2410,4066
2386,3601
2382,3604
2248,3469
2184,3455
2096,3429
2080,3368
2048,3329
1972,3288
1956,3273
1924,3266
1880,3207
1872,3519
1856,3289
1852,3299
1778,3607
1746,6170
1738,6118
1702,4600
1694,4911
1678,4898
1640,4814
1632,4794
1616,4837
1612,4989
1594,4716
1590,4658
1582,4743
1580,4745
1489,4493
1457,5978
1393,5967
1377,3608
1305,4018
1289,4444
3469,3835
3365,3741
3317,3874
3153,4040
3073,5218
2969,3592
2913,3582
2905,3558
2813,3296
2765,3209
2721,3648
2693,3642
2689,3768
2543,3829
2463,10025
2447,9409
2343,5132
2303,3946
2219,3605
2203,3742
2163,10127
2111,7895
3925,5217
3881,3956
3865,3768
3715,3588
3643,3482
3595,3509
3527,3460
3495,11773
3447,8250
3401,4865
3361,3432
3325,3291
3301,3284
3267,9596
3251,7308
3233,4371
3225,3689
3056,4319
2928,4628
2784,4022
2720,10170
3137,7239
3073,4738
2985,3460
2937,3131
2813,3557
2781,9815
2701,6587
2613,4423
2581,3059
2505,9455
2457,5444
2449,4181
2405,3030
2389,3080
2283,3334
2251,2908
2171,2868
2099,3417
2051,3303
2043,2817
1975,8506
1927,8586
1919,3996
1883,8382
1875,4593
1855,3785
1797,3210
1781,3788
1749,3678
1705,7942
1697,7892
1681,4231
1677,5504
1643,3966
1635,3990
1619,3997
1615,7825
1597,7323
1585,3967
1583,2739
1492,2663
1460,3181
1460,2713
1396,2640
1380,2643
1308,3086
1292,2585
1260,2591
1252,3035
3188,4070
3076,3911
2972,3564
2956,3279
2908,4263
2816,6278
2776,4002
2724,3968
2716,3466
2692,3458
2578,10687
2466,6414
2450,7235
2362,4731
2306,4150
2298,3669
2222,9537
2166,6606
2158,4024
2114,3428
2086,3910
2082,4431
3766,3828
3702,4270
3630,4242
3546,3680
3506,4285
3470,5547
3446,4467
3388,3899
3356,3903
3320,4157
3304,4000
3270,10042
3254,6625
3236,4006
3228,7250
3059,6492
2931,3200
2787,3078
2723,3404
2587,4570
3060,4089
2988,3590
2940,3062
2816,2919
2720,3811
2704,2957
2616,2837
2576,2866
2508,3172
2460,3296
2452,3153
2408,3320
2392,3498
2286,3861
2254,3671
2174,8431
2102,6619
2054,4200
2046,8403
1978,4515
1930,3563
1922,3609
1886,8130
1862,5417
1858,4653
1800,8502
1784,5274
1752,5030
1708,3318
1700,4717
1684,10734
1680,6453
1646,2671
1638,3459
1622,3020
1618,7214
1600,8586
1588,4610
1586,3565
1495,2167
1463,9001
1399,7040
1399,4698
1383,6666
1311,4246
1295,9589
1263,5640
1255,3816
1187,6951
1171,4653
2975,3130
2959,3113
2911,3126
2819,4180
2779,3266
2727,3498
2719,3204
2695,3863
2581,3886
2469,3389
2453,3629
2349,3684
2309,3183
2225,3382
2209,3742
2169,3471
2117,3613
2109,3813
2089,3498
2019,3385
2003,3648
3633,3857
3601,3815
3509,4035
3473,3830
3453,3738
3391,3956
3359,3828
3323,9508
3307,7670
3273,4583
3243,3710
3233,3248
3126,3451
2966,3317
2822,3038
2742,3337
2622,8444
2542,8234
2470,4743
2454,6352
2422,5101
2787,6607
2707,4373
2619,3621
2587,3970
2511,3729
2463,3552
2455,3836
2411,3614
2395,3391
2289,7472
2257,7005
2177,4193
2105,5884
2057,4708
2049,4450
1981,4303
1933,4566
1925,4464
1889,4209
1865,4279
1861,4462
1803,4203
1787,4056
1755,4327
1711,6601
1703,6346
1687,3769
1683,6479
1649,4689
1641,4942
1625,6293
1621,4048
1603,5947
1599,4466
1591,3940
1589,3803
1498,3473
1466,3535
1402,3828
1386,3544
1314,3390
1298,3657
1266,3657
1258,5429
1258,6182
1190,5996
1174,3546
1142,2888
1134,2854
1134,3187
2822,3113
2774,2905
2730,2672
2722,3311
2698,3579
2584,3263
2472,2952
2456,3668
2352,3622
2312,3189
2304,3626
2212,3639
2172,3440
2164,3960
2120,3773
2092,3436
2088,3447
2022,3694
2006,3558
1966,8654
1958,8361
3512,5552
3476,9167
3456,5058
3410,4153
3362,3267
3326,3361
3310,10686
3276,7269
3260,4881
3242,3771
3234,3240
3065,3135
2937,3347
2793,3041
2745,3070
2625,3253
2545,3036
2473,3027
2433,8940
2425,8486
2309,4803
2710,6598
2638,4607
2590,3307
2582,3550
2498,3529
2458,3121
2422,3453
2398,3381
2394,3157
2292,3072
2196,3229
2180,7735
2092,7353
2060,4559
2052,7797
1968,3889
1936,3400
1928,3154
1892,3064
1868,7344
1864,7347
1806,3671
1790,2998
1758,3248
1750,2982
1706,2906
1690,3141
1686,2954
1652,2882
1644,3226
1628,3104
1624,6813
1606,6760
1602,4444
1594,3201
1592,3303
1501,3458
1469,3106
1405,3025
1389,6432
1317,6845
1317,3937
1301,2687
1269,2694
1261,2500
1193,2334
1177,2523
1177,2866
1145,2801
1137,3031
2841,3304
2785,3581
2777,3220
2725,3299
2705,3268
2701,3451
2555,9875
2475,9421
2371,5457
2355,3860
2315,3585
2231,3589
2215,3523
2175,3433
2167,3537
2115,3531
2095,8610
2091,8670
2025,4925
2009,3873
1961,3772
3555,4305
3515,4410
3479,4299
3455,4223
3397,9232
3365,6367
3329,4131
3313,3539
3279,3525
3263,3426
3245,3353
3237,3453
3132,8751
2972,7856
2828,4397
2748,8391
2628,4442
2596,8076
2532,5805
2460,3662
2941,3453
2825,3356
2729,8021
2713,7263
2625,3933
2585,6218
2517,4695
2469,4046
2461,4016
2417,3982
2401,3926
2397,3930
2263,3765
2199,4035
2111,3661
2095,3708
2063,3636
1987,3590
1971,3504
1939,3499
1931,3541
1887,6330
1871,6312
1867,4762
1809,4218
1793,4096
1761,4100
1753,4113
1709,4034
1693,4010
1689,4026
1655,4004
1647,3969
1631,6619
1627,6675
1609,4974
1605,4001
1597,3919
1595,3900
1504,3782
1472,3828
1408,3767
1408,3828
1392,3729
1320,3671
1304,3647
1272,3592
1264,3662
1196,3591
1196,3563
1180,4155
2968,3449
2928,3651
2844,3225
2828,3580
2780,3301
2736,3267
2708,3140
2704,3621
2558,10475
2478,8728
2462,7383
2358,4370
2318,3727
2310,3733
2218,3620
2178,3600
2170,3626
2126,3540
2098,3488
2094,3713
2028,3746
3714,4180
3642,3963
3610,4170
3518,4074
3482,3784
3462,3865
3416,3716
3376,10000
3340,6936
3320,4399
3290,3531
3270,3525
3252,3417
3242,9709
3135,6838
2975,4164
2831,9102
2751,4908
2735,3540
2599,3183
3072,3288
2984,3237
2952,3260
2828,3430
2732,3048
2716,3199
2628,3461
2596,3367
2520,8028
2504,8815
2464,4181
2428,7884
2404,4329
2400,3466
2266,3413
2202,7527
2186,7201
2098,4298
2066,7295
2058,4555
1974,7130
1942,4060
1934,3092
1898,6983
1890,5979
1870,3462
1812,6740
1796,6780
1764,3860
1756,7981
1720,5257
1712,5662
1696,3810
1675,7769
1650,4681
1634,7729
1630,4310
1612,7513
1608,5485
1608,3878
1600,7784
1598,5332
1507,3809
1475,4024
1411,4191
1395,3974
1323,4112
1307,4213
1307,6820
1275,6546
1267,4085
3203,3835
3091,3984
2987,3163
2971,3632
2923,4660
2847,3557
2791,3999
2739,12917
2731,7269
2707,4931
2593,9424
2561,5266
2465,7975
2377,7529
2321,4501
2313,10924
2237,6024
2181,4081
2173,10828
2129,6176
3907,4506
3887,12038
3781,6259
3717,6901
3645,4369
3561,10551
3521,5849
3485,6625
3465,4421
3403,11972
3371,6221
3335,4605
3319,10576
3285,5426
3269,6083
3251,8121
3243,4794
3074,3651
2946,11138
2802,5403
2738,3567
3155,3309
3091,3225
3003,3062
2955,3149
2831,8884
2799,8360
2719,4662
2631,3451
2599,3014
2523,2971
2507,8456
2467,7069
2431,4005
2407,3400
2403,8516
2269,5169
2205,3628
2117,7924
2101,4862
2069,3639
1993,3046
1977,7449
1945,7066
1901,3775
1893,2847
1877,2920
1873,7397
1799,7346
1767,3677
1759,5406
1723,4099
1715,4218
1699,4352
1695,4803
1661,5095
1637,7487
1633,7429
1615,4314
1611,7410
1603,4198
1601,7362
1510,4970
1478,3453
1414,7019
1414,7046
1398,3773
1326,3001
1310,6958
1278,6773
1270,3886
1202,3087
3094,3208
3078,3477
2974,3006
2926,3838
2850,3659
2794,3607
2786,11125
2734,7374
2714,4944
2596,3980
2564,10528
2484,6812
2380,4540
2364,9550
2316,5117
2240,3957
2224,8982
2180,6737
2132,4549
2124,7117
3902,6460
3886,4766
3736,8171
3664,5518
3616,4139
3548,4115
3516,4133
3480,4344
3464,4237
3382,3918
3346,4260
3326,4033
3296,3877
3276,3878
3258,10634
3248,6537
3141,6809
2981,4149
2837,3347
2805,3309
2741,3292
3158,3532
3078,3638
2990,3216
2958,3181
2834,3280
2738,3078
2722,3041
2634,3277
2594,3089
2526,2905
2478,3163
2470,3016
2426,8521
2410,8239
2304,4407
2272,3128
2208,3030
2120,2949
2104,2975
2064,3134
1996,2880
1980,2808
1948,3341
1904,3030
1896,2913
1880,3092
1876,2944
1802,2930
1770,3047
1762,3082
1726,2871
1718,3257
1702,3283
1698,6621
1656,7008
1640,7194
1636,4088
1618,2858
1614,7121
1606,3996
1604,2811
1513,6843
1481,3802
1417,3394
1401,7553
1329,4110
1329,2948
1313,3311
1281,3242
1273,2929
1205,2785
3097,3756
2993,3279
2937,3539
2929,4623
2837,4051
2797,3349
2745,3896
2737,12003
2713,6610
2599,4785
2487,3887
2471,3592
2367,3468
2327,4000
2243,3442
2227,3386
2187,3865
2135,3838
2127,3322
2107,3789
3889,4163
3739,3657
3667,4123
3619,4044
3551,3588
3519,3555
3471,3926
3425,3518
3385,3450
3349,3865
3325,3440
3291,3379
3275,3939
3257,3393
3249,3336
3080,3780
2952,3816
2808,3169
2744,3646
2608,3584
3097,3187
3009,3645
2961,3652
2837,3038
2741,3006
2725,3551
2637,3150
2597,2965
2529,9721
2481,8284
2473,4882
2429,7328
2413,4087
2307,3345
2275,3878
2195,9010
2123,6205
2075,3987
2067,3591
1983,3063
1951,3025
1943,3498
1899,3002
1883,2955
1879,3368
1821,2942
1773,3021
1765,3462
1729,3383
1721,2882
1705,2869
1701,3376
1659,2808
1643,2786
1639,7458
1621,7461
1617,3806
1609,3592
1607,3068
1516,3008
1484,2964
1420,3387
1404,2923
1332,2862
1316,3434
1284,2674
1276,2697
1276,3105
1208,2646
1192,2612
1160,2813
1152,3538
2856,3293
2800,3297
2792,3836
2740,3809
2720,3610
2602,3332
2570,3405
2474,10029
2386,8363
2370,5150
2322,3882
2246,10483
2190,6506
2182,4359
2138,3848
2130,3537
2106,3627
2040,3684
2024,3784
3654,3905
3622,4036
3530,3987
3494,3969
3474,3799
3428,3833
3380,10927
3344,6748
3328,4574
3294,3787
3278,3742
3260,3657
3252,3727
3083,3684
2955,3658
2811,3515
2747,3392
2643,3400
2563,9424
2491,7970
2451,4548
2956,3879
2808,3639
2728,3475
2656,3551
2608,3774
2532,3611
2516,3388
2476,8776
2440,6881
2416,4147
2412,3264
2310,3179
2214,3329
2198,3230
2110,7765
2078,7477
2070,4077
1986,3321
1954,3288
1946,3575
1910,3267
1886,3218
1882,3410
1824,3506
1808,7529
1776,7176
1768,4473
1732,3188
1708,3106
1704,3345
1670,3053
1662,3096
1646,3308
1642,3149
1624,3090
1620,3125
1612,3168
1610,3062
1610,3291
1519,3320
1487,2995
1423,3173
1407,3041
1335,2840
1319,2887
1287,2890
1287,2799
1279,3159
1211,3048
1195,3058
1163,2963
1163,2998
2935,3538
2859,3357
2803,3047
2795,3481
2751,3374
2723,3474
2719,3672
2605,3184
2493,3327
2477,11006
2389,7941
2333,5115
2325,3961
2249,3466
2233,3557
2185,3556
2141,3524
2133,3364
2113,3560
3895,4063
3793,3890
3673,4095
3633,4085
3573,3788
3533,3917
3497,3932
3477,3767
3431,3746
3391,3792
3355,3862
3335,3700
3305,3812
3285,3815
3267,3724
3263,3581
3255,3724
3086,3617
2958,3423
2814,3976
2766,3695
3199,3402
3103,3370
3087,10488
2999,7385
2967,4620
2843,3449
2747,3130
2731,3092
2643,3039
2611,3033
2603,3102
2519,2929
2487,3046
2443,3146
2435,3090
2415,3199
2313,3343
2281,8801
2201,8086
2129,4703
2113,3399
2081,2850
2005,2831
1989,2993
1957,7855
1949,7849
1913,4143
1889,3458
1885,3320
1827,3323
1811,3290
1779,7389
1771,7260
1735,4461
1727,3269
1711,3123
1707,3210
1673,3324
1665,3094
1649,3192
1645,3312
1627,7471
1623,7257
1615,4101
1613,3060
1522,2924
1490,3102
1426,2976
1410,2863
1410,3429
1338,4106
1322,6559
3414,3892
3358,3928
3218,4490
3186,4611
3090,4024
2986,11555
2946,6345
2862,4651
2846,4083
2798,4043
2754,3893
2726,3927
2722,3990
2576,3786
2496,3708
2392,3771
2376,3758
2336,3602
2252,3633
4170,3981
4082,3908
3998,4096
3958,3887
3922,11310
3898,8050
3796,5067
3676,3789
3636,6664
3576,11243
3528,9662
3492,5868
3476,3983
3418,3662
3386,3684
3350,3660
3334,3658
3300,3536
3284,3615
3266,3594
3258,3583
3754,9813
3594,8186
3418,4775
3338,3742
3170,3429
3106,3379
3018,3305
2970,3295
2846,9709
2814,7552
2734,4502
2662,3741
2614,3696
2538,3991
2522,3643
2482,3976
2446,3627
2422,3899
2418,3860
2284,3786
2220,8854
2204,8917
2116,4751
2084,3791
2076,3801
1992,4035
1960,4109
1952,4381
1908,4015
1892,4318
1888,3704
1830,4185
1814,3837
1774,3567
1738,4062
1730,3898
1714,4233
1710,4185
1676,3852
1668,3699
1652,3547
1648,4425
1630,3794
1626,3985
1618,3734
1616,3867
1525,3713
1493,3461
1429,6625
1413,6616
1341,4895
1325,3845
3417,3808
3401,3775
3353,3710
3189,4825
3109,7189
3005,4823
2989,8797
2941,5455
2849,4357
2809,4326
2757,4111
2749,4216
2729,10522
2611,8831
2579,5301
2483,4225
2395,4211
2379,4177
2331,4117
4253,4713
4157,11149
4061,7257
4001,5005
3961,3844
3917,3964
3901,3852
3751,10325
3679,7351
3639,4909
3579,9996
3531,5652
3495,4231
3479,9955
3421,6400
3389,4248
3353,9685
3337,5490
3303,7436
3287,5111
4000,5210
3990,4563
3757,4469
3597,4381
3453,4262
3357,4541
3205,10397
3109,7821
3093,4846
3005,3599
2965,3506
2817,8871
2753,6894
2665,4427
2649,3243
2609,3189
2541,3086
2493,3194
2485,3032
2441,3067
2425,3292
2319,3099
2287,3195
2207,3156
2135,3018
2119,3052
2079,3284
2011,3115
1995,3172
1963,3276
1919,7121
1911,7182
1895,4163
1891,5127
1817,4100
1785,4172
1777,4583
1741,4655
1733,4121
1717,4356
1713,4174
1679,3899
1671,3577
1655,4084
1633,3952
1629,2657
1621,3618
1619,3188
1619,3454
1528,2684
1496,4173
1432,2695
1416,3029
3604,5128
3508,4029
3420,4023
3364,4047
3224,5969
3192,5202
3096,6412
2992,8185
2952,5953
2868,6203
2852,6070
2804,5958
2760,5964
2732,5980
2728,5775
2582,5644
2502,5532
2398,5522
4444,6635
4372,6475
4256,6344
4160,6195
4088,6308
4004,6229
3964,6180
3920,6109
3904,6799
3754,5521
3682,4169
3642,4220
3566,4234
3534,3950
3498,3850
3482,3992
3424,3957
3364,3635
3344,5970
3314,6504
3294,4310
4007,4223
3995,4372
3824,4282
3632,4157
3456,3601
3424,3669
3344,3649
3176,3470
3096,3526
3008,3441
2976,5264
2852,5700
2756,5097
2740,4126
2652,4574
2612,3698
2544,3506
2496,4533
2488,3649
2444,3248
2428,4186
2322,4021
2290,3055
2210,3412
2138,3210
2122,3598
2082,4060
2014,5344
1998,3648
1958,2803
1922,2584
1914,2660
1898,2553
1836,6780
1820,6782
1788,6671
1780,4118
1744,3495
1736,3516
1716,3526
1682,3499
1674,3748
1658,3810
1654,3887
1636,3929
1632,4076
1624,4021
1622,4109
1531,3686
1499,4074
1435,3724
1419,3627
1347,4310
3607,5497
3511,5072
3407,3905
3359,4560
3227,4174
3115,4394
3011,4792
2995,6230
2947,6064
2871,7004
2815,8176
2763,7586
2755,6509
2731,5918
2617,6452
2585,6022
2489,5597
2401,5663
4391,4711
4351,4413
4227,5031
4107,4445
4067,4416
3991,4782
3959,4628
3911,4053
3837,4290
3741,4771
3669,4049
3637,3919
3545,4204
3509,4304
3489,4338
3443,6219
3403,6139
3359,7787
3343,4702
3309,4390
3293,3971
4006,4668
3996,4801
3763,4286
3635,3820
3459,3904
3363,10618
3211,6901
3115,4504
3027,3659
3011,3679
2971,3654
2823,3560
2759,3260
2671,4152
2623,4233
2615,4331
2531,4434
2499,4360
2455,4203
2447,4413
2427,4272
2325,4124
2229,4428
2213,4172
2125,4015
2093,4062
2085,4009
2001,3809
1969,3719
1961,3870
1917,3788
1901,3885
1897,4436
1839,4205
1823,3789
1783,4003
1747,4634
1739,4437
1723,5266
1719,4528
1685,4315
1677,4429
1661,5199
1657,4191
1639,4492
1635,4422
1627,4120
1625,3636
1534,3772
1502,4079
1438,4015
1422,4153
1350,4254
3514,4559
3426,4858
3370,4363
3230,4249
3198,5665
3102,9921
2998,5841
2958,5029
2874,4457
2858,5055
2810,4530
2766,4266
2738,4268
2734,4373
2588,3959
2508,4351
2404,4943
2388,4934
4378,5641
4262,5963
4182,5964
4094,5250
4010,5741
3970,6664
3926,5262
3910,5731
3808,6248
3688,5735
3648,4883
3588,5501
3540,5584
3504,4773
3488,4957
3430,4870
3398,5302
3362,5372
3346,5221
3312,5397
4031,5316
4009,5025
3999,4998
3766,5207
3606,4811
3430,5135
3350,5290
3214,4724
3118,4931
3030,5502
2982,4624
2974,4186
2826,5847
2762,4977
2674,4426
2626,4633
2618,4590
2534,4390
2502,4430
2458,4079
2450,4560
2430,3963
2328,4075
2296,3951
2216,3768
2144,3692
2096,3891
2088,3844
2020,3663
2004,3577
1964,3739
1928,3939
1920,3534
1904,3766
1842,3853
1826,3455
1794,3874
1786,3504
1750,3793
1742,3330
1726,3689
1722,3231
1680,2527
1664,3083
1660,4791
1642,4810
1638,4701
1630,4775
1628,4763
1628,4717
1537,4584
1505,4595
1441,4532
1425,4525
3613,3810
3533,3996
3429,3723
3373,4670
3233,4381
3201,4173
3105,11239
3017,7350
2961,4999
2877,4186
2861,4165
2813,4127
2769,3998
2741,4108
2737,4034
2623,10091
2511,8302
2495,5063
4469,4740
4397,4401
4349,4212
4185,4122
4113,4183
4065,4115
3997,4056
3937,4051
3917,4022
3811,3914
3747,10125
3675,7646
3643,4813
3551,3729
3515,3444
3495,3576
3449,9501
3409,13676
3373,3990
3353,3276
4058,3012
4038,3455
4016,9591
4004,7536
3833,4522
3641,3457
3465,3374
3369,3400
3217,3304
3185,3280
3105,3266
3017,3199
2985,3352
2861,3315
2765,3419
2749,3758
2661,3860
2621,3689
2553,3654
2505,3652
2497,3596
2453,3564
2437,3582
2331,3509
2299,3467
2235,3416
2147,3366
2131,3357
2099,3396
2023,3262
2007,3262
1975,3243
1931,3173
1923,3521
1907,3594
1903,3444
1845,3396
1797,3406
1789,3387
1753,3427
1745,3356
1729,3326
1725,3341
1691,3293
1683,3271
1667,3651
1663,3638
1645,3629
1641,3626
1633,3646
1631,3628
1540,3478
1508,3471
1444,3465
3800,3961
3648,4201
3536,3788
3432,4158
3376,8539
3368,5079
3204,4317
3108,4268
3020,4202
2964,4119
2956,4121
2864,4058
2824,4011
2772,4008
2764,3965
2740,10965
2626,8022
4752,5706
4656,4173
4520,4108
4400,12332
4352,7066
4236,4933
4116,3556
4076,3870
4000,4072
3968,3506
3920,3652
3846,3773
3750,3393
3678,9760
3646,9113
3566,5436
3518,3813
3498,3403
3452,3322
3412,3404
3376,3317
4103,3427
4065,3366
4041,3605
4019,10673
4007,7948
3836,4918
3644,3349
3468,3228
3372,3336
3220,3366
3188,3143
3108,9323
3020,8266
2980,4765
2864,3409
2768,3143
2680,3107
2664,3803
2624,3268
2556,3025
2508,3183
2500,3389
2456,3427
2440,3837
2334,3608
2302,3578
2222,3801
2150,3729
2102,3751
2094,3766
2026,3623
1978,3669
1970,3611
1934,3569
1926,3525
1906,3521
1848,3484
1832,3567
1800,3472
1792,3421
1756,3407
1732,3755
1728,3773
1694,3739
1686,3732
1670,3713
1666,3708
1648,3713
1644,3675
1636,3662
1634,3679
1543,3626
1511,3598
1447,3522
3819,4344
3651,3891
3539,4235
3435,4395
3419,4004
3371,4081
3207,3964
3127,3999
3023,4072
2967,4223
2959,4021
2867,3858
2827,10407
2775,9580
2767,5587
2743,4275
2629,3627
4755,4013
4659,4097
4475,3925
4403,3867
4355,3820
4191,3840
4119,10571
4071,8056
3979,5026
3943,3733
3919,3899
3817,3837
3725,3645
3657,3481
3597,3595
3549,3467
3513,3486
3497,3538
3439,3433
3407,3631
3359,3563
4068,3731
4044,3704
4022,3697
4010,3694
3839,3579
3647,3499
3471,3465
3375,3465
3359,3421
3191,3385
3111,3511
3023,3723
2983,4009
2867,3659
2771,3426
2683,3604
2667,3409
2627,3307
2543,3295
2511,3723
2467,3657
2459,3661
2439,3783
2337,3515
2241,3463
2225,3470
2137,3185
2105,3194
2097,3163
2013,3379
1981,3325
1973,3338
1929,3315
1913,3298
1909,3257
1851,3564
1803,3534
1795,3558
1759,3526
1751,3605
1735,3508
1731,3510
1689,3459
1673,3407
1669,3425
1651,3531
1647,3378
1639,3381
1637,3406
1546,3283
1514,3256
1450,3201
1434,3230
1362,3176
3622,3759
3526,3719
3422,4031
3374,3967
3242,3866
3130,3864
3026,3906
3010,3657
2962,15686
2870,10504
2830,5692
2778,4628
2770,4865
2746,4303
2632,10740
2520,7108
2504,4997
4526,4689
4406,3972
4358,4141
4194,4445
4122,3879
4074,4655
4006,3958
3946,4379
3926,3710
3820,4284
3756,4287
3660,3781
3600,3499
3560,4109
3524,4261
3500,3835
3442,3796
3410,4697
3374,3254
3358,3524
4063,4865
4043,5207
4021,5128
4011,5118
3778,5187
3618,4900
3442,4788
3362,4725
3194,4655
3114,4587
3042,4537
2994,4757
2870,4466
2838,4408
2758,4304
2670,4254
2638,4271
2562,4151
2546,4208
2506,4140
2462,4103
2446,4094
2442,4097
2308,3952
2244,3931
2156,3849
2140,3853
2108,3834
2032,3918
2016,3725
1984,3713
1940,3647
1932,3670
1916,3634
1912,3647
1838,3559
1806,3535
1798,3530
1762,3469
1754,3442
1738,3506
1734,3408
1692,3448
1676,3401
1672,3414
1654,3372
1650,3402
1642,3382
1640,3386
1549,3459
1517,3262
1453,3237
1437,3450
1437,3223
1365,3193
3529,3580
3425,3516
3385,3289
3245,4028
3133,3351
3117,3524
3013,3614
2965,3937
2889,3302
2833,3646
2825,3633
2773,3758
2753,3923
2635,3847
2603,4281
2523,3955
4561,4576
4465,4499
4369,4468
4277,4413
4181,4317
4109,4282
4025,4221
3985,4217
3941,4221
3925,4158
3775,4066
3703,4027
3663,3986
3587,3924
3555,3959
3519,3880
3503,3882
3445,3848
3413,3823
3377,3791
3361,4005
4066,3954
4046,3910
4024,3948
4014,3863
3781,3790
3621,3732
3445,3650
3381,3644
3229,3578
3133,3561
3045,3452
3029,3461
2989,3442
2873,3363
2777,3314
2689,3307
2673,3308
2633,3269
2565,3233
2517,3496
2509,3784
2473,3724
2449,3714
2445,3729
2311,3628
2247,3635
2231,3614
2143,3546
2111,3503
2103,3539
2035,3426
1987,3419
1979,3394
1943,3347
1935,3344
1919,3343
1915,3313
1841,3272
1809,3274
1801,3242
1765,3231
1757,3207
1741,3216
1737,3180
1703,3171
1695,3193
1679,3119
1675,3487
1657,3458
1653,3523
1645,3478
1643,3440
1552,3661
1552,3363
1520,3330
3908,3943
3812,3630
3628,3675
3536,3910
3444,3850
3388,3996
3248,3808
3186,3663
3120,3749
3016,4363
2976,3802
2892,3731
2836,3646
2828,3550
2776,3712
2756,3760
5068,4187
4908,4155
4732,4070
4564,4244
4468,3940
4396,3916
4280,3849
4184,3822
4112,3797
4028,3737
3988,3846
3944,3703
3928,3768
3778,3711
3706,3656
3666,3578
3590,3620
3558,3620
3522,3522
3506,3771
3448,3693
4139,3803
4115,3704
4077,3750
4053,3692
4031,3708
4019,3740
3848,3598
3784,3671
3624,3537
3448,4740
3368,3511
3200,3396
3120,3383
3048,3551
3000,3536
2876,3398
2844,3685
2764,3637
2676,3540
2644,3570
2568,3516
2552,3453
2512,3462
2476,3451
2452,3381
2448,3400
2314,3287
2250,3260
2162,3473
2146,3441
2114,3424
2038,3388
2022,3337
1990,3368
1982,3706
1938,3652
1922,3660
1918,3703
1860,3536
1844,3573
1804,3574
1768,3513
1760,3551
1744,3491
1740,3478
1706,3437
1698,3432
1682,3407
1678,3401
1660,3436
1656,3369
1648,3371
1646,3491
1555,3309
1523,3293
3911,4200
3831,3927
3663,5999
3551,3782
3447,7956
3431,5051
3383,4112
3219,4033
3139,4649
3035,3873
2979,3745
2971,3752
2879,3628
2839,3834
2787,3774
2779,3744
5193,4555
5007,4592
4879,4642
4687,4469
4535,4607
4415,4296
4375,4179
4251,4089
4187,4084
4091,4038
4031,4066
3983,3942
3947,3919
3861,3845
3781,3808
3709,3799
3661,3790
3593,3778
3561,3729
3525,3628
3509,3640
4186,3805
4142,3766
4118,3723
4080,3717
4056,3707
4034,3645
4022,3641
3851,3682
3787,3541
3627,3478
3451,3744
3371,3361
3203,3373
3123,3340
3051,3275
3003,3456
2879,3381
2847,3325
2767,3638
2679,3588
2647,3559
2571,3440
2555,3493
2515,3445
2479,3428
2455,3703
2451,3841
2317,3918
2253,4404
2165,3746
2149,3753
2117,3478
2041,3548
2025,3550
1993,3460
1949,3572
1941,3639
1925,3393
1921,3413
1847,3495
1815,3231
1807,3293
1771,3477
1763,3180
1747,3234
1709,3373
1701,3162
1685,3150
1681,3452
1663,3224
1659,3220
1651,3226
1649,3118
1558,3170
1526,3019
3946,3789
3834,4956
3666,3553
3634,4637
3538,3945
3434,4040
3386,4691
3254,3907
3142,4072
3038,4434
3022,3857
2974,3943
2882,4111
2842,3684
2790,3595
2782,3737
5196,4406
5010,4427
4770,4158
4690,4291
4538,4165
4418,3923
4370,4088
4254,3850
4134,3805
4086,4153
4018,3935
3958,3671
3938,3987
3832,3856
3768,3562
3696,3780
3612,3714
3572,3685
3536,3668
3516,3836
4221,3768
4181,3657
4137,3818
4117,3766
4075,3773
4055,3570
4033,3912
4023,3749
3790,3527
3630,3561
3454,3465
3374,3281
3206,3674
3142,3669
3054,3558
3006,3476
2882,3384
2850,3221
2770,3557
2682,3399
2650,3376
2574,3628
2558,3417
2518,4118
2482,3755
2458,3881
2454,3411
2320,4239
2256,3824
2168,3681
2152,3451
2120,4029
2044,3518
2028,3170
1996,3544
1952,3866
1944,3776
1928,3245
1924,3175
1850,4288
1818,3709
1810,3074
1774,3747
1766,3687
1750,3138
1746,3305
1704,3705
1688,3145
1684,3039
1666,3724
1662,3468
1654,3218
1652,3009
1561,3386
1529,3341
1465,3105
3837,4503
3821,6434
3637,4559
3541,4871
3437,4607
3397,4429
3257,4331
3145,4182
3041,4950
3025,4676
2977,4168
2901,3914
2845,5259
2837,4517
2785,3927
5211,4877
5077,4388
4885,4487
4693,4234
4541,4127
4477,4105
4381,4176
4257,3985
4165,4057
4097,4106
4021,3824
3989,3798
3941,3735
3867,3670
3787,3907
3699,3800
3667,3764
3599,3693
3539,3696
3519,3657
3473,3840
4192,4006
4148,3987
4120,3951
4078,3896
4058,3931
4036,3710
4026,3726
3793,3674
3633,3588
3489,3930
3393,5189
3241,4657
3145,4613
3057,5917
3041,4935
3001,4607
2853,4529
2773,6095
2701,4543
2653,4371
2645,5359
2561,5088
2521,4616
2485,4248
2461,5084
2457,4511
2355,4281
2259,4241
2243,4989
2155,4087
2123,3852
2115,4622
2031,4713
1999,4211
1991,3900
1947,4021
1931,4265
1927,3818
1869,4013
1853,4681
1813,3637
1777,3819
1769,4343
1753,4984
1749,3826
1715,3523
1707,5199
1691,3205
1687,3152
1669,3343
1665,3240
1657,3085
1655,3084
1564,3187
1532,3045
1468,2990
3824,6291
3640,6035
3544,6200
3456,5913
3400,6142
3260,4854
3228,4158
3132,4333
3028,5206
2988,3761
2904,3867
2848,4325
2840,5411
2788,5457
2768,4258
5080,6217
4920,6568
4744,15525
4576,8170
4480,4412
4384,6117
4292,6226
4196,5817
4100,5718
4040,4158
3992,3730
3956,5799
3870,4445
3790,3915
3718,4057
3670,5519
3602,5361
3570,3440
3522,5317
3476,5048
3436,3336
4151,5712
4127,4529
4089,5452
4065,4037
4043,5030
4031,4816
3860,3364
3668,5247
3492,5012
3396,4776
3244,3703
3148,4772
3132,4864
3044,4866
3004,4762
2888,4888
2792,4667
2704,4314
2688,4329
2648,4242
2564,4182
2532,4205
2488,4209
2480,3861
2460,3324
2358,2597
2326,3454
2246,3248
2174,3968
2126,3938
2118,3651
2050,3827
2002,2698
1994,3710
1958,3744
1950,3741
1930,3761
1872,3644
1856,2467
1824,2835
1816,3515
1772,3560
1756,3625
1752,3405
1718,11682
1710,5027
1694,4223
1690,2762
1672,3217
1668,3720
1660,3245
1658,3421
1567,3698
1535,3155
1471,2642
1455,3637
3675,6431
3563,6286
3547,6465
3443,5769
3395,6224
3231,5942
3151,5697
3047,5998
3031,5487
2983,5763
2891,3839
2851,4472
2799,4381
2791,3729
2767,5320
5019,5380
4779,4672
4699,4401
4547,6006
4427,5995
4379,5960
4263,5953
4143,4746
4103,6051
4027,3815
3995,3680
3947,4877
3873,4162
3777,3334
3705,3764
3673,5019
3605,3781
3545,3271
3525,4193
3479,4845
4198,3988
4154,3434
4130,4199
4092,4366
4068,5083
4046,3629
4034,4431
3863,3984
3671,3064
3495,3529
3399,4671
3247,4702
3151,4669
3135,3433
3047,4315
3007,3986
2891,2965
2795,3259
2707,2795
2691,4329
2651,2962
2583,3154
2535,4049
2527,4736
2483,4690
2467,4625
2361,4556
2329,4567
2249,4463
2177,4462
2161,4439
2121,4441
2053,4340
2037,4290
1997,4266
1961,4222
1953,4213
1937,4139
1875,4132
1859,4213
1827,4118
1819,4121
1783,4058
1775,4025
1759,4126
1721,3977
1713,3973
1697,3930
1693,3972
1675,3948
1671,3910
1663,4017
1661,3505
1570,2340
1538,2458
1478,2267
1474,2519
3830,3704
3646,3644
3550,3828
3462,4349
3406,4118
3266,4034
3154,3925
3138,4144
3034,4070
2994,4021
2910,3910
2894,3949
2846,3688
2802,3871
2774,3873
5204,4678
4926,4541
4750,4527
4582,4394
4486,4249
4414,4297
4298,4226
4202,4205
4130,4151
4046,3960
4006,3958
3962,4057
3946,4031
3796,3898
3724,3906
3684,3888
3608,3804
3576,3846
3540,3808
3524,3713
4233,3910
4157,3868
4133,3787
4095,3822
4071,3787
4049,3723
4037,3706
3866,3667
3674,3572
3642,3505
3466,3551
3386,3434
3218,3429
3138,3405
3050,3332
3018,3350
2894,3462
2798,3401
2782,3368
2694,3713
2662,3621
2586,3528
2538,3578
2530,3553
2486,3485
2470,3511
2364,3424
2332,3369
2268,3319
2180,3372
2164,3310
2124,3568
2056,3549
2040,3531
2000,3481
1964,3449
1956,3464
1940,3470
1936,3434
1862,3375
1830,3368
1822,3294
1786,3336
1778,3717
1762,3661
1724,3647
1716,3637
1700,3620
1696,3559
1678,3608
1674,3610
1666,3516
1664,3585
1573,3490
1541,3474
1477,3456
1461,3434
3833,3942
3649,3633
3553,3535
3449,4499
3401,3647
3269,3958
3157,4033
3053,4225
3037,4274
2989,4181
2913,4089
2857,4066
2849,4136
2797,4098
5223,4321
5089,4381
4897,4336
4705,4183
4553,4106
4433,4166
4393,4064
4269,3932
4149,3975
4109,3971
4033,3853
4001,3882
3953,3891
3879,3780
3783,3654
3711,3752
3679,4234
3587,3577
3551,3724
3531,3636
3485,3596
4204,3941
4152,3912
4132,3872
4090,3702
4070,3841
4048,3736
4038,3709
3805,3569
3645,3613
3469,3512
3405,3417
3253,3474
3157,3668
3069,3513
3021,3434
3013,3763
2865,3628
2785,3556
2713,3615
2665,3570
2589,3503
2573,3804
2533,3772
2497,3768
2473,3652
2469,3748
2335,3681
2271,3545
2255,3573
2167,3556
2135,3494
2059,3343
2043,3422
2011,3371
1967,3303
1959,3286
1943,3642
1939,3550
1865,3505
1833,3520
1825,3508
1789,3451
1781,3489
1765,3423
1761,3377
1719,3754
1703,3745
1699,3691
1681,3684
1677,3707
1669,3688
1667,3603
1576,3574
1544,3561
1480,3465
1464,3512
1392,3479
3572,3926
3556,3703
3452,3315
3404,4896
3240,3641
3160,3925
3056,3956
3000,4366
2992,4183
2900,4099
2860,4146
2808,3727
2800,4193
2776,3962
5028,4590
4788,4556
4692,4406
4508,4188
4420,4315
4388,4250
4224,4075
4136,4043
4104,4152
4012,3975
3968,4032
3952,3922
3802,3863
3730,3877
3690,3864
3614,3825
3582,3732
3546,3779
3488,3718
3448,3657
3412,3674
4139,3782
4101,3773
4077,3671
4055,3639
4041,9769
3808,7869
3680,4724
3504,3779
3408,3432
3256,3372
3160,3372
3072,3311
3024,3277
3016,3279
2868,3351
2788,3554
2700,3576
2668,3465
2592,3404
2544,3395
2536,3372
2492,3349
2476,3368
2370,3339
2338,3356
2258,3323
2186,3267
2138,3385
2130,3501
2062,3441
2014,3738
2006,3737
1970,3685
1946,3669
1942,3667
1884,3592
1868,3567
1828,3591
1792,3513
1784,3505
1768,3563
1764,3505
1730,3441
1706,3480
1702,3510
1684,3585
1680,3560
1672,3436
1670,3401
1579,6187
1547,6266
1483,6171
1467,4739
1395,3802
1379,3725
1379,3761
1347,3732
3407,3765
3243,3696
3163,3456
3059,3514
3003,4502
2995,3860
2903,3760
2855,3921
2811,3936
2783,4080
2779,3937
2633,4117
2553,3996
2449,3645
4495,4341
4399,5371
4307,6417
4211,6640
4115,6595
4047,7207
4007,4299
3959,4299
3885,4451
3789,3948
3717,4510
3633,4370
3593,3549
3557,3584
3533,4184
3475,4624
3443,4414
3407,4390
3391,4342
3345,4361
4058,4491
4046,4501
3875,4389
3683,4310
3507,4187
3411,4172
3259,4082
3227,4069
3147,4027
3059,3945
3019,3923
2871,3860
2807,4285
2719,5737
2671,4578
2663,4451
2579,4801
2539,4662
2503,4354
2479,4412
2475,5262
2341,3983
2277,4133
2189,3996
2173,5215
2133,3515
2065,4292
2049,3824
2009,3762
1973,4200
1965,4085
1945,3718
1887,4438
1871,3751
1839,3945
1795,4640
1787,4043
1771,3859
1767,3718
1733,4091
1725,3696
1709,3597
1705,3616
1687,3502
1683,3553
1673,3800
1589,3976
1582,3741
1550,3741
1486,3728
1470,3690
1398,3702
1382,3610
1350,3645
1342,4029
1274,4026
1258,4351
1226,4461
3046,3704
2998,4544
2906,3427
2866,3837
2814,3649
2806,3771
2782,3706
2668,3859
2556,3881
2540,4029
2436,3720
2396,3621
2388,3727
4230,4380
4142,4323
4110,4290
4018,4309
3974,4395
3958,4452
3808,4476
3736,4513
3688,4521
3620,4321
3588,4232
3540,4326
3494,4181
3454,4255
3418,4112
3394,4168
3360,4390
3344,4132
3326,4054
3318,3969
3149,3743
3654,3858
3478,3775
3398,3825
3230,3656
3150,3601
3062,3569
3030,3568
2906,3509
2810,3669
2722,3590
2706,3581
2666,5982
2582,6428
2550,5257
2506,4620
2498,4508
2478,3808
2376,4051
2280,4593
2264,3884
2176,4764
2144,10861
2068,6300
2052,4414
2020,3917
1976,3516
1968,3436
1952,3868
1923,3480
1874,3456
1842,3822
1834,3386
1798,3114
1790,3429
1770,11156
1736,7000
1728,3976
1712,3389
1708,3750
1690,3898
1686,3602
1678,3796
1676,3940
1585,3512
1553,3544
1489,3874
1473,3361
1401,3970
1385,5452
1353,5395
1345,5337
1345,5432
1277,5452
1261,5246
1229,5342
1221,5504
1185,5301
1185,5352
2861,3787
2817,4396
2789,3763
2785,4016
2639,3824
2559,3611
2455,3730
2439,3952
2399,3760
2315,3782
2299,3912
2259,3733
2251,3771
4021,4468
3985,4282
3961,4183
3859,4399
3795,4145
3699,4225
3639,4197
3599,4063
3563,4006
3539,4491
3481,3971
3449,4038
3413,4353
3397,3993
3363,3729
3347,3733
3329,3703
3321,3627
3152,3796
3024,3768
2912,3670
3417,3779
3265,3701
3169,3701
3153,3678
3065,3609
3025,3603
2909,3746
2813,3703
2725,3664
2709,3657
2669,3656
2601,3588
2553,3823
2545,3796
2501,3775
2485,3776
2379,3713
2347,3659
2267,3652
2195,3623
2179,3649
2139,3571
2071,3510
2055,3491
2015,3793
1979,3754
1971,3722
1955,3689
1951,3713
1877,3660
1845,3644
1837,3579
1801,3474
1793,3549
1777,3558
1773,3543
1739,3514
1715,3477
1711,3455
1693,3820
1689,3807
1681,3797
1679,3822
1588,3709
1588,3631
1556,3690
1492,3636
1476,3645
1404,3608
1388,3604
1356,3621
1348,3560
1280,3508
1280,3499
1264,3510
1232,3462
1224,3459
1188,3428
2912,3520
2864,3548
2820,3105
2792,3122
2788,4010
2642,3554
2562,3386
2546,3964
2442,3996
2402,10136
2318,9348
2302,5468
2262,5120
4116,4808
4024,3977
3988,3885
3964,4061
3862,3895
3742,3826
3702,12189
3642,7084
3594,5072
3558,3556
3542,4024
3484,3721
3452,3564
3410,3446
3374,3583
3354,3918
3336,5117
3326,5320
3219,5226
3059,5213
3660,5332
3484,5279
3404,5180
3236,5125
3156,5056
3068,4974
3036,4951
2912,4932
2816,4789
2800,4788
2712,4778
2672,4734
2604,4650
2556,4701
2548,4611
2504,4577
2488,4600
2382,4398
2350,4389
2270,4308
2198,4192
2182,4258
2142,4294
2074,4158
2058,4144
2018,4108
1982,4145
1974,4344
1954,3961
1896,3953
1880,3965
1848,3968
1840,3899
1796,3913
1780,4026
1776,3867
1742,3862
1734,3620
1718,3606
1714,7309
1696,7308
1692,4367
1684,3749
1682,3695
1591,3579
1559,3594
1495,3551
1479,3561
1407,3499
1391,3448
1359,6698
1351,6694
1283,5953
1283,4012
1267,3375
1235,3336
1227,3325
1191,3307
1183,3282
2867,3419
2815,3476
2795,3695
2677,3377
2645,3735
2565,3562
2461,3316
2445,3780
2397,3678
2321,3793
2305,3913
2257,4141
2213,4089
4019,4649
3983,4616
3897,4622
3817,4498
3729,4440
3697,4433
3629,4376
3569,4318
3549,4354
3503,4273
3463,4293
3427,4233
3407,4211
3369,4203
3353,4174
3335,4150
3327,3989
3158,3988
3030,3848
2918,3740
3423,4069
3271,3956
3175,3881
3087,3897
3039,3822
3031,3807
2883,3774
2803,3704
2731,9045
2683,8233
2607,4641
2591,3509
2551,3496
2515,3440
2491,3433
2487,3437
2353,3336
2289,3599
2201,3585
2185,3554
2153,3821
2077,3771
2061,3744
2029,3751
1985,3696
1977,3677
1961,3651
1957,3655
1883,3595
1851,3547
1843,3566
1807,3521
1799,3524
1779,3492
1745,3468
1737,3864
1721,3852
1717,3859
1699,3823
1695,3832
1687,3801
1685,3806
1594,3688
1562,3680
1498,3657
1482,3638
1410,3583
1394,3553
1362,3549
1354,3547
1354,3549
1286,3492
1270,3466
1238,3433
1230,3457
1194,3410
1194,3850
1186,3837
1170,3809
2798,3133
2794,3266
2648,2991
2568,2790
2464,3210
2448,3925
2400,3860
2324,3736
2308,3603
2260,3637
2216,3547
2208,3476
3974,4034
3900,3959
3804,3933
3732,3896
3648,3840
3608,3816
3572,3840
3548,3801
3490,3752
3458,3768
3422,4150
3406,3876
3360,3693
3342,3680
3332,3661
3225,3545
3065,3557
2921,3669
2841,3626
2721,3484
2689,3756
3162,3863
3074,3854
3034,3717
2886,3728
2822,3639
2734,3576
2686,3597
2610,3520
2594,8047
2554,8113
2518,4523
2494,3694
2388,3548
2356,7815
2276,7097
2204,4483
2156,3540
2148,3533
2080,3457
2032,3447
2024,3394
1988,3380
1964,3374
1960,3652
1902,3614
1854,3590
1846,3577
1810,3568
1802,3530
1782,3487
1748,7319
1740,7245
1724,5438
1720,3744
1702,7236
1698,6723
1690,3705
1688,3255
1565,6976
1501,6922
1485,3825
1485,3141
1413,3018
1397,3040
1365,6175
1357,6098
1289,6022
1273,3690
1241,3175
1233,3157
1233,6492
1197,7353
1189,5274
1173,3959
1169,3911
1169,4512
1111,3898
1095,4030
1095,3567
2451,3585
2411,3043
2327,3584
2311,3133
2271,3291
2263,3573
2211,3248
2191,3821
2187,3756
2121,3900
2065,4199
2057,4325
3651,4915
3603,4186
3567,4186
3551,4204
3493,4207
3461,4117
3425,4063
3409,4058
3375,4012
3359,4041
3341,4017
3333,3963
3164,3968
3036,3875
2892,3785
2828,3755
2692,3666
2644,3678
2572,9054
2532,8496
2440,4722
2889,3600
2809,3314
2721,3291
2689,8892
2613,8366
2597,4797
2557,3413
2521,3141
2497,3134
2493,3073
2359,3199
2295,3431
2207,3379
2191,3625
2159,3600
2083,3540
2067,3625
2035,3532
2016,3507
1983,3506
1967,3443
1963,3447
1905,3413
1857,3380
1849,3360
1813,3671
1805,3685
1789,3570
1785,3699
1751,3648
1743,3543
1727,3654
1723,3589
1705,3505
1701,3544
1693,3561
1691,3528
1600,3450
1568,3397
1504,3420
1488,3412
1416,3336
1400,3374
1368,3406
1360,3310
1360,3316
1292,3601
1276,3664
1244,3647
1236,3651
1236,3638
1200,3630
1192,3681
1176,3617
1176,3578
1172,3587
1114,3635
1098,3525
1098,3536
2470,3254
2414,3142
2406,2972
2330,2652
2274,3067
2266,3964
2222,3328
2214,9846
2190,6021
2124,4059
2108,3489
2068,3546
3706,3965
3638,3902
3578,3869
3558,3841
3512,3826
3472,3766
3436,3840
3416,3764
3386,3780
3366,4062
3348,3997
3338,4159
3231,3915
3071,3917
2927,4360
2847,4153
2831,3799
2695,3926
2631,4004
2559,3698
3048,4425
2924,4065
2828,4094
2812,4008
2724,3654
2692,3974
2616,3581
2600,3595
2560,11640
2524,8843
2500,5336
2496,3527
2362,10265
2298,5535
2282,4157
2194,3925
2162,4368
2086,3883
2070,3835
2038,3887
2030,3667
1986,3565
1970,3764
1966,4022
1908,3802
1892,3775
1852,4169
1816,4244
1808,4089
1792,4093
1788,4044
1754,4154
1746,4050
1730,3956
1726,4328
1708,4068
1704,4293
1696,4157
1694,4210
1603,3968
1571,4090
1507,3861
1491,4180
1419,4204
1403,4099
1371,4068
1363,4166
1363,3734
1295,3886
1279,4169
1247,8416
1239,8964
1203,4960
1203,3433
1195,3576
1179,3641
1175,3650
1175,4320
1117,3749
1101,3678
2561,3670
2457,3412
2417,3710
2409,3569
2317,3781
2277,3461
2269,3368
2217,3724
2197,3675
2193,4004
2127,4446
3813,5584
3717,4892
3657,4350
3617,5075
3581,4325
3557,4294
3499,5306
3467,11656
3431,6294
3415,5048
3381,9286
3365,5282
3347,4061
3339,3840
3170,4456
3042,11204
2898,7072
2850,4902
2730,3983
2650,3451
2578,3776
3083,3925
3043,3489
2895,3964
2831,3730
2743,3833
2695,3782
2687,3534
2603,3659
2571,4019
2527,3688
2519,3770
2499,4223
2397,9590
2301,8232
2285,4357
2213,3699
2165,3921
2157,3562
2089,3610
2041,3541
2033,3715
1997,3092
1989,3331
1969,3609
1911,7139
1895,6982
1863,5355
1855,3740
1819,3732
1803,3654
1791,3672
1757,3564
1749,3602
1733,3601
1729,3674
1711,3573
1707,3579
1699,6660
1697,6661
1606,4978
1574,3995
1510,3948
1510,3980
1494,3963
1422,3896
1406,3881
1374,3849
1366,6600
1298,6068
1298,4659
1282,3778
1250,3746
1242,3755
1206,3716
1206,3751
1198,6677
1182,8382
1178,4822
1178,7651
1120,5993
2580,3571
2564,3119
2460,2905
2420,2978
2412,4279
2320,6727
2280,7579
2272,4563
2228,10597
2200,6572
2196,4553
3880,11928
3816,5733
3744,4541
3660,11390
3620,5936
3584,6009
3564,3967
3502,5330
3470,3793
3434,3986
3418,3789
3384,11055
3368,7448
3350,5195
3342,4000
3173,3688
3047,3682
2933,3568
2853,3959
2733,4170
2653,3858
3174,3862
3086,3671
3046,3872
2898,3997
2834,4242
2746,4025
2730,3866
2690,8766
2622,7732
2574,4197
2530,8505
2522,5040
2506,3502
2400,3832
2368,3743
2288,8901
2216,7326
2200,4243
2160,3321
2092,3316
2076,3583
2036,8357
2000,8168
1992,4599
1976,5819
1972,2860
1898,2863
1866,3066
1858,7006
1822,6914
1814,6908
1798,4106
1794,3329
1760,6805
1752,6785
1736,4195
1732,3604
1714,3565
1710,3583
1702,3546
1700,3554
1609,3476
1577,3459
1513,6390
1497,6459
1425,6303
1409,4531
1377,6770
1369,5069
1369,3472
1301,6560
1285,6565
1253,4557
1245,3306
1245,5980
1209,6012
1201,5927
1185,3671
1185,3630
1181,3706
2695,3234
2663,3379
2567,2826
2479,2811
2463,3826
2415,3498
2339,3229
2323,3734
2275,3815
2231,9357
2223,8340
4001,5366
3985,4345
3835,4127
3763,11312
3723,7121
3663,4722
3615,10427
3579,5722
3563,4095
3505,3755
3473,3596
3437,12169
3421,9203
3387,5568
3371,4431
3353,3799
3345,12777
3176,5605
3080,4038
2936,8436
2856,5243
3289,4459
3257,4352
3177,4320
3089,11899
3057,5456
2933,4372
2837,3418
2821,3238
2733,3239
2701,3415
2625,4588
2609,4869
2569,4786
2533,4734
2509,4794
2505,4699
2403,4624
2307,4596
2291,4533
2203,4433
2171,4475
2163,4459
2095,4301
2047,4387
2039,4291
2003,4213
1995,4317
1979,4227
1917,4094
1901,4208
1869,4161
1861,4776
1825,4855
1817,4784
1801,4774
1797,5132
1763,4783
1755,4864
1739,4883
1735,4034
1717,3955
1713,4002
1705,4003
1703,4010
1612,3841
1580,3940
1516,3801
1500,3844
1428,3784
1428,3738
1412,3830
1380,3705
1372,3772
1304,3616
1304,3647
1288,6589
1256,6465
1248,4945
1212,6430
1212,4877
2888,3417
2844,3244
2816,3449
2812,3412
2698,4173
2586,6376
2570,4824
2474,4850
2426,4724
2418,4790
2342,9733
4188,10129
4148,4240
4072,4173
4040,4327
3992,4073
3918,4000
3838,4293
3750,12063
3718,7759
3650,5618
3618,4700
3582,4211
3566,4055
3484,4158
3448,3814
3428,4027
3398,4442
3378,11208
3374,7825
3356,5124
4077,3708
3844,3766
3684,4024
3508,3967
3444,3733
3292,3700
3196,3428
3108,3322
3092,3688
3052,3833
2904,3533
2840,3603
2752,3621
2736,3160
2696,3099
2628,3441
2580,3256
2572,3316
2528,3509
2512,3357
2406,3165
2374,3465
2294,3368
2222,3265
2206,3399
2166,3575
2098,7745
2082,7801
2050,4411
2006,3524
1998,3386
1982,7545
1978,6861
1920,4195
1872,3647
1864,3564
1828,3252
1820,7291
1804,7387
1800,4130
1766,3211
1758,3583
1742,3771
1738,3221
1720,7162
1716,7414
1708,4215
1706,3582
1615,3878
1583,3460
1519,3422
1503,3722
1431,3467
1431,6700
1415,7113
1383,5043
1375,3346
1307,6910
1291,5444
1291,3347
1259,7077
3039,3746
2955,4018
2939,4368
2891,4335
2839,4008
2819,3861
2815,3741
2669,3984
2589,4012
2485,3739
4531,13462
4459,7729
4343,5108
4263,4269
4175,4149
4091,4145
4051,4042
4015,3903
3991,4191
3889,3963
3769,3651
3729,12229
3669,7395
3629,4922
3585,3509
3569,3857
3511,4244
3479,11310
3443,6472
3427,4641
3393,3522
4112,3702
4090,4019
4080,3991
3847,3692
3687,3526
3511,3892
3431,4020
3295,3373
3199,3345
3111,3635
3095,3609
3055,3295
2907,3638
2843,3537
2755,3176
2707,9808
2699,8762
2615,4961
2583,3640
2539,3503
2531,9717
2511,6115
2409,3685
2377,3467
2297,3361
2225,3131
2177,3347
2169,3429
2101,3072
2085,2998
2045,3510
2009,8906
2001,8297
1985,5006
1923,3412
1907,3178
1875,3114
1867,3105
1831,8163
1823,6828
1807,3728
1803,7999
1769,4857
1745,3339
1741,3331
1723,3661
1719,3319
1711,3416
1711,3684
1709,3673
1618,3254
1586,3172
1522,3457
1506,3378
1434,3110
1418,3089
1386,7368
1378,7067
1378,3885
1310,3256
1294,3311
3098,3657
3042,3569
3034,3848
2942,3892
2902,4020
2850,4340
2842,3839
2818,4149
2704,4268
2592,3692
4750,4106
4598,12479
4478,7800
4438,5545
4314,4282
4194,4316
4154,3868
4078,3903
4046,4292
4010,4030
3924,3726
3844,4238
3756,4306
3724,3721
3656,3731
3624,10904
3588,8247
3530,5263
3490,7157
3454,4628
3434,3614
4143,3735
4119,11250
4097,6555
4085,4362
3914,3293
3722,3861
3690,3474
3514,3541
3434,3800
3266,3503
3202,3463
3114,3853
3066,3830
2942,13455
2910,5487
2830,6134
2758,3894
2710,3662
2634,3814
2618,3591
2578,3639
2542,3724
2518,8525
2514,10184
2412,5386
2316,3106
2300,3064
2212,3195
2180,3422
2172,2873
2088,2878
2056,3122
2048,3107
2012,4014
1988,5601
1984,5765
1926,5613
1910,5766
1878,7673
1870,4336
1826,3397
1810,3396
1806,3403
1772,3362
1764,3389
1748,3381
1744,3329
1726,3644
1722,3665
1714,3695
1712,3666
1621,3592
1589,3505
1525,3509
1509,3537
1437,3410
1437,3826
1421,3766
1389,6454
1381,6530
1313,6457
3205,3562
3189,3504
3085,3380
3037,4048
2961,3942
2905,3949
2897,4061
2845,4001
2825,4017
2821,10830
4977,11085
4801,5894
4633,4546
4553,4104
4465,4184
4349,4128
4269,3960
4181,3969
4149,4015
4057,3906
4021,3994
4001,4007
3895,3899
3831,3832
3759,10507
3675,9109
3635,5458
3599,4186
3579,3569
3533,3559
4252,10313
4208,7121
4184,4784
4146,3941
4122,3626
4100,3527
4088,3617
3917,3594
3725,3401
3549,3625
3453,3595
3437,3473
3269,3690
3189,3630
3117,3756
3069,3598
2945,3538
2913,3472
2833,3702
2761,3656
2713,3601
2637,3893
2621,3806
2581,3879
2545,3850
2537,3730
2517,3853
2415,3794
2319,3606
2303,3678
2231,3644
2183,3588
2175,3606
2107,3578
2091,3540
2051,8076
2015,8150
2007,5581
1991,4204
1987,11570
1929,6333
1881,4396
1873,2874
1837,3698
1829,4131
1813,3017
1809,2956
1775,3568
1767,3317
1751,2943
1747,3078
1729,3520
1725,8377
1717,8725
1715,4630
1624,3603
1624,3322
1592,4279
1528,8801
1512,7016
1440,4527
1424,3131
3516,4080
3500,4361
3452,6040
3288,6532
3208,4361
3104,3970
3048,4169
3040,5128
2948,4057
2900,4231
5342,4625
5282,4787
5258,4564
4980,4652
4804,4535
4740,4506
4556,4280
4468,4383
4352,4270
4272,4438
4184,17389
4100,9328
4060,6575
4016,6006
4000,6054
3850,10362
3778,4442
3730,3775
3662,3663
3630,3716
4381,10847
4303,7482
4255,5134
4211,3965
4187,3859
4149,3615
4125,3822
4103,3708
4089,3693
3920,3638
3728,3582
3552,3500
3456,3492
3304,3576
3208,3696
3120,3687
3072,3648
3064,3674
2916,3550
2836,3718
2748,3684
2716,3653
2640,3747
2624,3619
2584,3571
2540,3832
2524,3836
2418,3737
2386,3734
2306,10907
2234,8047
2218,6554
2178,3338
2110,3579
2062,13245
2054,7058
2018,5038
1994,3503
1990,2692
1932,9547
1916,7966
1876,5184
1840,2719
1832,11916
1816,6864
1812,4442
1778,2922
1770,12518
1750,5628
1732,4582
1728,3306
1720,3298
1718,8738
1627,6299
1595,4969
1531,5410
1515,5771
1515,4942
1443,4377
1427,4351
1395,10234
1387,7353
3323,6164
3211,6134
3195,6736
3091,5932
3051,6900
2967,6328
2911,6339
2903,6190
2851,6316
5277,7024
5143,6593
4951,6864
4807,6614
4639,6398
4543,6279
4447,6344
4355,6128
4259,5971
4163,6455
4103,6040
4055,5995
4019,5515
3933,5711
3853,6016
3781,5713
3733,5696
3665,5711
3633,15394
3585,8344
3539,6494
4258,5609
4214,5123
4190,13852
4152,7220
4128,5892
4106,5160
4094,12195
3923,7382
3731,5399
3555,4949
3459,5086
3307,4797
3211,6939
3195,6864
3107,19946
3067,9384
2951,6719
2855,6640
2767,5850
2751,6245
2711,16528
2627,8075
2595,6388
2551,6090
2543,5834
4961,7376
4787,4368
4563,17978
4475,9000
4347,6723
4235,6489
4187,6522
4079,13054
3967,7445
3919,6451
3859,9988
3803,5687
3783,6282
3717,4184
3621,17327
3557,5268
3525,7529
3441,4872
3409,3731
3389,3710
3347,3937
4066,4000
4018,5876
3998,6104
3960,5915
3940,18509
3920,8036
3911,6479
3753,5383
3561,5660
3401,5555
3305,4124
3169,5238
3073,5257
3057,3410
2977,13374
2937,8192
4336,7199
4160,7149
4032,6576
4000,6764
3928,7056
3844,6941
3756,6633
3740,15168
3676,8166
6094,13804
5940,8250
5716,7208
5476,6937
5348,7392
5236,13338
5116,7825
4984,11708
4904,7556
4784,12147
4720,7842
4664,5993
4620,17251
4522,10370
4426,6955
4338,5896
4282,5717
4210,5727
4170,5592
4126,5723
4060,5355
4771,5588
4719,5800
4691,5444
4651,5650
4623,5684
4597,5537
4583,5498
4396,5442
4172,5216
3964,5147
3852,4973
3836,14569
3660,7485
3564,6144
3460,4721
3412,4959
3288,5016
3176,4851
3072,4839
3056,12214
3008,7957
2936,5567
2880,9253
2872,5788
2820,9350
5246,9270
5116,5678
4924,4811
4732,4885
4580,4514
4516,4579
4420,4522
4300,4294
4236,4233
4140,4315
4080,4466
4032,4192
3996,4185
3914,11379
3834,8013
3746,5448
3714,4165
3646,4002
3586,3918
3566,4487
3752,3807
4241,3795
4189,3839
4169,3831
4127,3717
4107,3798
4085,3768
4075,3680
3846,3707
3686,10240
3510,8944
3430,5202
3262,4063
3198,3731
3110,3611
3062,3707
2942,3605
4273,6855
4241,6483
4105,7294
4049,6888
3941,11248
3853,7472
3837,6610
3769,6405
3741,6598
6029,7373
5822,7103
5629,6954
5429,6617
5317,6853
5197,6496
5089,6587
4977,6606
4857,6365
4789,16522
4733,8266
4689,6509
4589,11015
4493,7134
4405,5745
4349,5892
4273,5959
4233,5823
4173,15196
4119,7912
4830,6437
4778,5811
4750,5766
4708,5572
4680,5622
4654,5742
4640,15628
4449,8013
4225,6201
4017,5119
3905,10778
3737,6868
3625,5362
3521,4966
3505,4758
3457,4771
3293,4776
3205,4497
3109,4606
3053,4620
3045,4564
2953,4349
2905,4274
2861,4398
2833,4219
2829,11390
4987,10495
4811,5958
4747,4770
4563,4549
4475,4400
4359,4234
4279,4401
4191,4476
4133,4398
4067,4212
4023,4229
4007,4316
3905,4078
3785,4030
3745,4108
3685,4209
3637,3960
3601,3857
3585,3925
3527,10390
4254,9857
4210,5667
4156,4196
4132,3856
4110,3789
4102,10639
4096,7418
3865,4879
3705,3820
3529,3605
3449,3530
3281,9534
3217,7647
3129,4557
3081,3827
2957,3868
2925,3809
4256,6629
4120,6308
4064,6817
3956,6078
3924,7253
3852,6597
3800,6785
3756,14783
6182,9339
5848,7200
5640,7034
5560,6979
5344,6752
5240,6503
5100,6153
5004,17949
4900,8497
4860,6925
4752,6026
4708,11279
4680,7377
4566,5888
4486,6354
4366,6006
4298,5501
4250,15612
4206,7869
4178,6380
4112,5705
4831,11742
4779,7289
4755,5660
4709,5956
4685,14542
4659,7494
4647,6250
4393,9181
4201,6060
3993,5244
3913,5331
3745,13899
3633,7305
3529,5500
3513,4661
3465,4664
3301,4754
3221,4474
3117,12841
3061,7477
3053,8830
2961,5264
2921,4574
2869,4477
2861,4073
5275,4806
5089,4868
4849,4497
4769,4674
4617,4528
4497,4244
4457,4522
4333,4510
4213,7817
4173,4426
4097,4285
4065,4278
4017,4244
3943,11399
3863,8678
3775,5618
3743,7678
3675,4803
3643,4334
3595,4236
3549,10607
4268,7261
4224,7704
4200,4851
4162,4020
4138,3993
4116,4001
4104,3980
3933,3877
3741,10264
3565,8056
3533,5057
3453,3874
3285,9622
3205,6249
3133,4143
3085,3671
2961,3602
4404,6640
4260,6327
4124,7184
4068,6922
3960,19569
3928,9479
3856,7290
3804,6545
6214,8135
6186,7627
5852,7856
5644,7863
5444,6995
5332,7078
5244,7350
5104,6983
4992,13881
4904,7841
4804,6640
4756,6391
4704,6470
4684,6389
4506,20083
4418,10180
4370,6913
4286,5917
4246,6137
4202,5969
4182,11261
4843,7766
4791,6455
4763,6068
4721,5975
4693,6230
4667,5489
4653,6719
4460,5786
4236,6242
4028,5740
3916,5674
3900,15398
3716,7136
3620,6324
3516,5444
3476,10705
3336,6714
3224,4921
3208,10851
3104,6590
3056,6666
2980,4556
2924,4910
2916,5057
2864,4526
5290,5317
5156,5205
4964,4883
4772,5211
4620,7282
4556,13771
4460,6003
4336,9598
4272,5630
4176,4494
4100,4712
4068,4558
4020,4434
3946,4683
3866,4692
3778,4077
3746,4535
3678,4711
3618,4141
3598,4441
3552,4446
4271,4218
4227,4025
4203,4661
4157,4376
4137,4714
4115,4005
4105,4222
3936,4823
3744,4612
3568,4541
3472,4596
3320,10837
3224,6774
3136,4569
3120,3968
3080,10393
2932,6659
4295,7227
4159,6560
4071,7928
4055,6368
3931,6684
3875,6779
3807,6413
3791,6929
6193,7736
5983,7535
5679,7201
5567,14721
5351,8322
5263,7052
5207,6862
5011,6796
4923,6572
4867,15489
4759,8155
4715,6775
4689,6192
4573,12556
4493,7819
4373,5978
4305,12127
4257,7564
4205,5756
4185,5726
4119,5701
4838,6115
4786,16466
4762,8580
4716,6550
4692,10383
4666,6876
4654,10864
4399,6866
4207,5592
3999,5393
3903,5419
3719,5280
3623,5054
3535,5218
3479,4963
3339,4637
3307,4456
3211,4407
3107,4283
3067,4429
2983,11878
2927,8514
2919,5716
2867,4665
2847,4291
5159,4706
4967,4681
4823,4765
4655,4688
4559,4433
4463,4327
4371,12237
4275,7626
4179,5416
4119,6821
4071,4857
4035,4423
3949,4385
3869,4522
3781,4411
3749,4487
3681,4353
3649,4340
3601,10924
3555,7189
4274,5143
4230,4253
4206,9000
4168,6625
4144,4591
4122,3998
4110,4022
3939,3922
3747,3805
3571,3740
3475,3736
3323,3657
3227,10283
3211,9267
3123,5310
3083,4038
2935,3665
2871,3562
4162,5629
4130,5936
4058,5906
3934,6666
3878,6213
3810,9748
3794,6673
3758,5883
5986,7229
5682,6376
5586,6408
5418,6407
5266,6030
5210,6140
5078,16626
4926,8285
4870,6582
4794,6203
4718,6494
4694,5972
4598,5467
4496,5915
4408,5810
4308,5641
4260,5217
4216,5632
4192,5728
4130,5499
4841,5262
4789,15549
4765,7991
4719,5876
4695,5307
4669,5908
4657,5560
4402,5232
4210,5167
4002,5399
3922,5250
3754,4936
3642,4759
3538,5172
3482,5117
3474,5162
3310,4618
3214,5004
3126,4848
3070,4363
3062,4404
2970,4903
2930,4592
2878,4275
2870,4366
5284,5088
5098,5015
4858,4296
4762,4333
4578,4671
4506,4516
4458,4155
4294,4139
4222,4594
4174,4512
4106,12330
4046,7141
4026,5370
3920,4615
3856,4427
3760,4034
3700,3998
3660,4425
3624,4383
3600,3999
3542,3939
4269,4537
4225,4489
4205,3926
4163,3952
4143,4955
4121,4525
4111,12254
3878,7369
3718,6217
3542,4380
3462,3697
3326,3624
3230,4768
3142,4160
3094,3809
3086,4257
2938,3473
2858,3714
4165,6434
4077,5925
4061,6012
3937,5323
3865,6992
3813,6317
3769,6132
6199,7191
5989,6935
5685,6745
5573,6852
5357,6450
5269,6742
5213,6639
5017,6580
4929,5952
4873,5973
4797,6043
4721,5952
4697,5800
4579,5708
4499,5833
4411,5501
4311,5254
4263,5370
4219,5562
4195,15718
4125,8249
4844,6616
4792,5666
4768,5812
4722,5658
4698,5366
4672,5498
4660,5344
4405,5268
4213,5053
4037,4808
3925,5019
3757,14724
3645,7196
3541,5361
3525,4528
3477,4777
3313,4867
3233,4442
3129,12314
3073,7833
3065,5634
2973,4611
2933,4180
2881,4331
2873,4215
5287,4832
5101,4458
4973,4745
4781,4575
4629,4563
4509,4203
4469,4217
4345,4347
4225,4219
4185,4183
4109,3838
4077,4223
4029,4197
3955,4145
3875,3852
3787,3811
3755,11493
3687,7626
3655,5042
3607,3769
3561,10512
4280,6114
4236,4409
4212,3880
4174,3841
4150,4171
4128,11168
4116,7256
3945,5144
3753,3973
3577,3938
3545,3745
3465,3545
3297,3458
3217,3726
3145,3596
3097,3377
2973,3343
2941,3652
4272,6427
4136,6645
4080,5690
3972,6840
3940,6564
3868,6127
3816,13555
6226,8958
6198,7198
5864,7036
5656,6850
5456,6529
5360,6483
5256,6532
5116,6391
5020,6191
4916,15842
4876,7492
4768,6943
4724,6220
4696,6205
4582,6827
4502,5860
4382,5705
4314,6791
4266,5876
4222,5729
4194,5619
4895,6204
4847,5706
4795,18834
4771,7771
4725,5890
4701,5706
4675,5642
4663,6003
4408,6176
4216,16419
4040,6939
3928,5804
3760,10180
3648,6377
3544,5221
3528,4635
3480,4513
3316,5509
3236,5101
3132,4562
3116,4288
3068,4675
2976,4546
2936,4873
2884,4134
5338,5147
5302,4927
5168,4704
4976,15040
4784,6799
4632,5291
4568,4633
4472,4235
4356,4543
4284,5587
4188,4303
4128,4289
4080,4661
4044,4526
4028,4245
3878,3965
3806,4403
3766,4349
3690,3988
3658,3909
3622,4139
4389,4759
4315,4146
4275,3930
4231,4174
4211,4271
4169,4346
4149,4909
4127,3960
4117,4216
3884,4188
3724,3833
3548,3700
3484,4349
3332,11142
3236,7149
3148,4758
3132,3799
3092,3677
4419,6469
4307,6714
4171,6744
4139,6399
4067,6492
3975,6624
3887,6657
6381,7253
6273,14899
6221,8313
6059,7008
5835,12663
5595,8033
5459,6483
5347,5906
5227,10706
5119,7426
5007,6147
4919,5848
4819,6222
4771,5970
4727,5531
4699,6178
4585,6128
4505,5779
4385,5246
4317,5835
5064,5965
5012,5422
4984,5858
4898,5724
4850,5863
4798,5349
4774,5763
4728,5647
4704,5404
4678,15257
4666,7635
4421,6851
4251,5091
4043,4971
3931,5144
3763,4934
3651,5005
3635,4720
3531,4594
3483,4895
3351,12846
3239,7905
3135,5640
3119,4505
3071,4326
2995,4321
5489,4603
5441,4824
5349,6245
5305,4668
5171,4516
5011,4416
4835,4523
4667,4494
4579,13998
4499,7268
4383,7372
4303,5169
4215,5904
4183,5158
4091,6007
4055,4426
4032,4276
3929,4404
3865,3986
3793,3973
4512,4497
4464,12553
4420,7246
4396,5657
4334,7123
4286,5037
4242,3961
4218,3871
4180,4319
4156,4144
4134,4177
4122,3777
3951,3681
3759,4041
3583,3979
3551,3587
3471,3564
3303,3507
3223,10168
4746,7146
4658,6624
4486,7097
4422,7131
4278,11870
4174,7917
4086,6506
6624,7652
6512,7304
6392,7261
6308,7137
6232,7191
6204,7013
5870,6820
5694,6931
5582,6678
5366,6715
5262,6515
5222,6457
5026,17201
4922,8119
4882,6547
4774,5735
4730,5614
4702,5545
4588,5508
4508,5508
5207,16578
5123,8616
5067,6162
5015,10802
4983,6922
4901,5487
4853,12175
4801,7264
4777,5579
4731,11930
4707,7413
4681,5501
4669,5287
4414,5023
4222,4862
4014,4816
3934,4763
3766,5018
3654,5067
3550,4619
3534,5466
3486,4854
3322,4372
3242,4695
3138,4773
5776,4923
5728,5343
5564,5130
5476,4684
5392,4988
5344,4783
5296,4596
5110,4902
4926,4384
4790,4779
4638,4655
4518,4261
4478,4671
4354,4567
4234,3999
4194,4595
4118,4449
4086,4129
4038,12860
3964,6921
3884,5116
4623,4446
4583,4500
4499,4121
4423,4331
4399,4456
4337,3852
4289,12501
4245,6787
4221,5349
4183,4219
4159,3979
4137,3769
4125,4284
3954,3942
3762,3746
3586,4109
3490,3755
3338,3477
3306,4006
4853,7447
4717,6683
4645,8181
4489,7776
4313,7398
4177,7299
6855,8291
6735,8119
6595,13189
6443,8492
6387,7662
6279,8467
6227,7809
6065,7637
5841,11823
5601,8103
5465,12573
5353,7915
5233,7041
5125,6902
5013,6162
4901,15848
4825,8163
4773,6828
4725,6405
4705,6440
4527,5796
5266,6500
5210,6413
5110,5781
5062,6334
5010,6108
4986,5861
4904,16072
4856,8122
4784,6551
4742,6035
4714,10551
4688,6943
4684,6024
4672,12214
4417,7151
4225,5646
4017,5607
3921,5022
3737,5397
3657,5484
3553,4798
3497,5207
3489,4478
3325,4540
3229,13054
5899,9533
5779,6186
5731,5350
5567,4863
5479,5374
5395,5240
5347,4792
5299,5148
5113,5200
4873,4485
4777,13367
4593,6993
4521,5024
4473,4599
4309,4657
4237,12043
4189,6649
4121,5000
4061,3917
4041,4597
3935,4523
4714,12423
4594,7082
4518,4896
4470,3875
4426,4307
4398,4090
4324,11965
4284,7102
4240,4790
4220,3573
4178,4173
4158,3827
4136,3868
4126,11450
3893,6753
3733,4427
3557,7911
3477,4545
3309,8004
4856,7450
4752,7124
4664,6770
4492,6893
4428,7356
4284,7056
6874,15750
6770,8717
6630,7648
6518,7704
6398,12391
6314,8154
6238,13087
6210,8305
5876,7217
5668,12568
5468,7855
5356,6358
5268,6981
5128,12788
5016,7818
4928,6435
4828,6063
4780,5916
4728,12504
4708,7716
4530,6125
5269,10938
5213,7382
5113,6029
5065,10982
5013,7306
4989,9566
4907,10859
4859,6515
4787,6046
4745,8896
4717,6246
4691,11038
4677,7117
4484,9838
4260,5943
4228,8634
4020,5949
3924,10236
3740,6463
3644,5327
3556,5379
3500,13659
3360,7114
3328,5362
3232,4626
5854,14324
5766,7175
5650,5685
5554,4845
5458,5347
5382,4834
5322,13030
5298,6902
5020,5341
4844,4526
4676,4185
4580,4545
4508,4358
4392,4031
4296,4397
4224,4212
4140,3845
4100,3907
4056,11611
4040,7148
4765,4926
4645,4424
4597,4460
4521,3978
4465,3929
4421,4461
4401,3913
4327,3933
4287,4317
4227,4331
4189,10734
4165,6476
4143,7688
4131,4537
3960,4048
3896,4106
3736,3662
3560,4079
3480,9899
3312,7115
4859,7862
4755,7185
4667,7728
4495,8015
4431,8160
4287,7965
6877,8508
6773,9196
6633,8420
6521,8422
6393,8660
6285,8121
6233,8315
6213,13088
5879,8394
5671,7438
5471,7771
5359,7449
5239,7607
5131,7364
5019,7353
4931,7241
4831,7071
4775,6507
4731,6975
4711,6912
5376,7172
5272,6894
5208,6827
5116,6860
5068,6739
5016,6724
4926,16042
4870,8343
4818,6874
4790,6466
4748,5784
4720,6310
4694,6433
4680,5926
4487,6265
4263,6220
4055,15225
3943,7773
3775,6081
3743,5006
3647,5603
3543,5489
3495,5327
3363,4902
3251,5447
3147,14605
5841,8586
5745,5967
5573,5822
5485,5376
5401,5747
5353,12869
5305,6394
5119,5452
4879,10205
4799,6316
4647,5484
4527,13291
4479,6401
4363,4777
4243,8059
4195,5667
4127,9873
4067,6117
4047,5079
3941,4301
4720,4602
4632,4979
4524,4543
4476,4998
4432,5115
4408,4283
4330,4309
4290,4792
4246,4199
4226,13630
4184,6762
4164,5451
4142,4056
4132,4732
3899,4716
3739,12380
3563,6132
3483,4920
3315,3521
3251,3660
4758,7907
4670,9300
4498,7055
4434,8051
4290,8008
6880,8685
6776,8607
6636,8788
6452,8144
6396,8421
6288,8053
6236,8069
6074,8090
5850,7661
5610,8421
5474,7452
5362,7320
5242,14819
5102,7970
5022,7157
4902,7100
4818,7391
4778,6885
4718,16671
4632,7828
4520,7255
5259,6811
5135,6763
5079,6384
5027,6613
4999,15285
4913,7496
4865,6770
4813,6255
4789,6363
4743,11940
4719,7705
4693,6596
4681,5742
4426,6105
4234,6164
4026,5753
3930,5302
3746,5702
3650,5711
3546,4968
3506,5489
3366,5316
3254,4522
3150,5116
3134,5232
5748,5670
5576,5144
5488,16325
5404,7031
5356,6193
5308,5393
5122,5401
4882,5161
4786,6037
4602,5508
4514,14095
4482,6466
4318,5437
4230,5339
4172,12651
4106,6283
4062,5123
4046,4401
3896,4292
3824,4275
3776,4157
4511,4240
4471,4210
4411,4253
4349,4357
4301,4220
4257,12362
4231,7535
4187,5164
4167,3984
4145,12063
4135,7251
3902,4736
3742,4132
3566,4412
3486,4141
3318,3697
3238,3918
3166,3622
3118,3567
2994,3669
4325,7613
4293,7383
4157,7241
4085,7555
3993,11770
6439,9139
6339,7942
6283,8125
6223,13425
6013,8603
5709,7546
5597,7477
5381,7322
5277,7410
5137,6810
5041,6901
4937,6693
4837,6432
4789,6811
4737,6533
4635,6486
4539,6454
4435,15210
4395,8208
4319,6345
4243,9770
5002,7184
4916,6224
4868,6658
4816,6607
4792,16536
4746,8267
4722,6838
4690,6402
4493,6145
4269,6347
4237,6227
4029,16233
3933,7677
3749,6287
3653,5697
3549,5119
3501,5574
3369,14699
3257,7277
3153,5913
3137,9677
3089,6217
2997,4582
2957,12630
2905,7146
5359,5560
5311,11009
5125,6506
4885,8877
4789,5590
4605,5925
4517,4927
4401,14716
4305,6816
4233,5555
4149,4682
4109,4375
4065,4850
4014,4502
3899,4495
3827,4115
3779,4510
3711,4332
3679,4018
3631,4440
3585,4351
4304,11858
4260,7809
4236,5970
4198,4448
4174,3803
4152,4479
4140,11733
3969,6690
3777,5116
3601,4248
3505,11121
3353,6350
3257,7407
3241,4539
3153,8710
3113,5174
2997,3824
2901,3590
2813,3925
2797,3827
4088,6811
3964,7114
3908,6840
3840,7146
3824,6994
6226,8395
6016,13235
5712,8764
5616,12799
5448,8265
5296,7340
5240,7110
5108,7049
4956,12876
4900,8735
4824,6956
4748,6965
4724,13518
4606,7850
4526,6576
4422,11680
4338,8099
4290,6531
4246,11408
4218,7495
4152,5936
4871,13343
4819,7485
4795,5795
4749,6323
4725,6236
4699,5578
4687,14815
4432,7579
4240,6292
4032,5341
3936,5872
3752,5800
3656,14421
3552,7601
3512,6075
3372,4896
3260,4828
3244,5402
3140,4664
3092,4370
3016,4877
2960,4765
2952,4769
2900,4730
2880,4657
5192,5248
5000,5244
4808,13160
4656,7524
4536,5591
4488,8835
4372,5324
4252,4359
4204,12110
4136,6666
4076,4883
4056,4200
3950,11417
3886,6343
3790,4693
3730,8971
3690,5923
3646,4789
3630,3950
3572,4037
4299,4346
4239,11210
4201,7069
4177,7833
4155,4948
4143,4078
3972,4377
3780,3836
3604,3853
3508,3775
3356,3722
3260,3599
3244,3733
3156,3697
3116,3638
2968,9386
2888,8447
2816,4886
2768,3823
2692,3792
2676,3749
3895,6014
3843,5656
3799,5840
3791,6517
3589,10789
5683,8147
5483,6535
5371,6515
5251,6935
5111,6533
4959,6331
4911,6209
4827,6228
4751,6222
4727,6311
4609,6221
4529,5911
4409,5772
4341,5721
4285,5785
4241,5604
4221,5680
4155,16188
4079,8624
4055,6683
4760,5894
4732,5937
4706,6121
4692,6039
4499,6000
4274,5515
4067,5567
3955,5466
3787,5324
3675,4834
3571,5031
3515,5042
3375,4714
3263,5014
3247,4898
3143,4588
3095,4537
3019,4549
2963,4567
2911,4311
2903,4473
2879,4430
2765,4107
2653,4246
2637,4242
4611,12987
4523,8123
4407,5643
4311,4549
4239,11683
4155,6491
4107,4795
4071,4740
3985,4349
3905,4219
3817,4448
3785,11552
3717,7332
3657,5083
3637,4132
3591,4157
3551,4604
3507,4474
3491,12343
3457,7339
3441,5427
4154,4255
4144,4115
3911,11834
3751,6741
3575,7991
3495,7534
3327,4635
3263,3821
3175,3812
3127,3854
3003,3706
2907,3669
2891,10327
2803,8310
2763,4975
2695,9773
2647,5147
2639,4044
2595,10621
2579,6562
2473,4602
3592,6040
3448,5414
3344,6562
3312,5734
5254,6676
5114,15808
5034,7939
4914,6753
4846,11755
4790,7669
4746,10387
4644,7035
4548,6306
4460,6053
4404,13792
4328,7732
4288,6263
4244,5952
4174,5806
4126,5796
4082,15686
4058,7671
4024,6380
4000,8990
3978,6196
4695,5844
4502,15752
4278,7531
4070,6161
4038,5171
3942,5128
3758,5307
3662,5029
3558,14300
3518,7396
3378,5913
3266,4571
3250,4608
3146,4891
3106,13336
3022,7106
3006,5565
2958,9630
2914,5927
2886,11889
2882,6620
2736,4748
2656,4363
2552,4392
2536,11991
4526,9367
4410,6209
4330,4735
4242,12290
4210,6640
4118,4863
4082,12133
4058,6416
3956,4734
3892,11893
3820,6425
3736,4567
3696,11512
3660,6384
3640,4536
3594,4347
3546,11934
3510,6794
3494,4914
3460,4012
3444,3986
4157,12191
4147,6990
3927,4879
3786,4221
3610,3894
3514,11261
3362,6748
3266,7309
3250,4523
3162,3748
3122,10677
3006,6931
2910,7535
2822,4621
2806,8339
2766,4669
2698,6434
2650,3378
2642,3309
2598,3576
2582,3421
3659,7070
3595,7485
3451,7030
3347,7118
5377,9031
5257,7692
5117,6685
5037,7903
4917,9700
4833,7109
4793,8074
4733,9469
4647,6596
4551,7498
4447,6612
4407,7244
4331,9940
4255,8827
4231,10846
4177,7238
4129,5821
4077,5551
4057,5732
4019,5715
3999,5511
4708,5896
4696,5942
4441,5626
4249,5645
4041,5398
3961,5159
3793,4960
3681,5333
3577,5391
3521,5062
3513,5389
3349,5313
3253,13363
3165,8161
3109,5932
3025,4588
3009,5656
2961,4913
2917,4507
2889,4546
2885,12565
2739,7802
2659,5444
2555,4493
2539,4112
4529,13566
4413,7101
4317,5506
4245,4468
4161,11912
4113,6635
4077,5022
3991,4716
3911,4370
3839,4036
3791,4343
3723,4080
3691,3949
3643,4218
3597,11587
3557,7172
3521,5031
3501,4456
3471,3877
3447,3891
3429,11211
4150,7527
3917,5106
3789,3825
3613,3949
3517,3946
3365,3798
3269,3843
3181,3601
3133,3581
3125,3586
2977,3644
2897,3786
2825,3747
2777,3928
2701,3894
2685,3878
2645,3842
2609,3834
2585,3815
2581,3785
2447,3636
3486,6145
3350,6060
3318,5693
3262,7006
5152,6769
5040,6508
4952,6447
4852,6249
4804,6808
4752,6333
4732,5899
4554,6237
4466,6037
4410,5859
4334,5890
4294,5927
4234,5687
4180,5460
4132,5855
4088,5657
4064,5353
4030,5558
4006,5634
3984,5502
4701,5633
4508,5792
4284,5478
4076,5296
3964,5403
3796,5268
3684,5084
3580,4950
3564,5122
3516,5084
3352,4640
3256,4741
3168,4875
3112,4739
3028,4396
3012,4563
2964,4675
2920,4566
2892,4397
2888,4566
2742,11943
2662,8912
2558,5786
2542,4584
2502,4425
2418,4114
4320,4717
4248,4785
4164,4455
4116,4477
4080,4696
3994,5768
3914,4385
3842,4316
3794,4484
3726,4350
3666,4106
3646,4198
3600,4303
3560,4457
3524,4005
3504,4045
3466,4323
3450,4331
3432,4105
3424,4301
3920,4281
3760,3884
3584,3863
3520,4142
3368,5376
3272,3808
3184,4050
3136,3978
3128,4404
2980,9820
2900,6997
2812,4641
2780,3743
2704,3715
2688,9367
2648,6081
2612,4090
2588,3678
2482,3647
2450,3555
2386,3523
2298,3638
3321,6085
3249,5417
3157,5377
4789,7193
4923,6448
4855,6526
4799,6619
4755,6580
4653,6180
4557,6464
4469,7028
4413,5776
4337,6357
4297,6227
4253,6182
4183,5943
4135,6044
4091,5916
4067,5871
4033,6015
4009,5849
3987,5822
3975,6101
3846,5841
4287,5764
4079,5624
3967,7074
3799,5599
3767,5178
3671,5332
3567,5408
3519,5367
3387,13945
3275,7592
3171,5839
3155,4628
3107,4775
3031,4980
2975,5230
2967,4818
2915,4718
2895,4808
2777,6383
2745,4787
2649,4753
2561,4483
2545,4202
2497,4457
2421,4444
4323,4965
4227,4779
4167,4804
4119,4464
4083,4473
3997,4628
3917,4744
3829,4321
3797,4821
3729,6628
3697,4189
3649,4277
3603,4315
3563,4342
3527,4217
3507,4196
3477,4200
3457,3797
3439,5666
3429,4095
3322,3887
3795,3896
3619,4029
3523,3914
3371,3730
3339,3726
3259,3812
3171,3749
3131,3629
3015,3747
2919,3654
2831,3401
2815,3615
2775,3782
2707,3637
2659,3550
2615,3718
2607,3588
2591,3501
2485,3442
2453,3685
2373,3491
2301,3326
3268,5986
3252,5758
3160,5680
4974,5920
4926,6829
4842,6454
4802,6356
4742,6703
4656,6495
4560,6494
4456,6613
4416,6378
4340,6247
4264,5989
4240,6715
4186,6439
4138,5932
4094,6021
4066,5820
4028,5748
4008,5520
3986,5838
3976,5753
3785,5508
4290,5807
4082,5672
3970,5501
3802,5114
3690,5415
3586,5269
3570,5114
3522,5002
3358,5093
3278,13502
3174,7648
3118,5955
3110,5076
3018,4984
2978,4877
2926,4961
2898,5075
2894,4631
2780,12460
2668,7507
2652,5385
2548,4431
2508,4376
2500,4401
2408,11065
4254,8546
4222,5805
4130,4582
4094,4377
4070,4612
3968,4361
3848,4121
3808,4152
3748,4307
3700,4274
3664,4141
3648,4650
3590,4697
3530,4204
3510,11326
3480,8388
3460,5602
3442,4234
3432,4352
3325,4061
3165,4157
3622,3767
3526,4316
3510,5478
3342,3651
3262,3550
3174,3891
3134,10387
3018,7712
2922,5103
2834,4137
2818,9888
2778,6220
2694,4183
2662,3765
2618,3652
2610,3876
2590,3793
2488,3615
2392,8948
2376,8903
2304,4890
2256,3683
3255,5728
3131,5166
3075,5326
4921,6833
4845,6662
4769,6427
4745,6602
4627,6401
4547,5990
4459,6262
4359,6327
4311,5986
4267,5949
4239,6075
4173,5971
4133,5835
4089,5946
4069,17410
4031,8209
4011,6735
3989,5786
3979,5734
3788,5654
3628,5292
4053,5834
3957,15403
3805,7447
3693,6243
3589,8693
3533,9558
3393,6069
3361,9992
3265,6110
3161,5177
3121,12956
3037,6835
3021,5264
2973,12669
2929,6780
2901,5222
2897,10471
2751,6322
2671,5129
2567,4526
2551,12560
2511,6813
2427,4908
2411,9379
2371,5689
4173,10903
4133,6566
4089,8278
4073,5594
3923,4810
3851,12724
3811,6223
3735,4937
3703,9326
3667,8173
3651,6567
3569,19002
3533,9502
3513,6926
3483,6222
3463,6062
3445,4004
3435,6405
3328,16618
3168,7797
3625,6387
3529,6083
3377,9804
3345,5092
3265,4069
3177,13543
3137,8417
3021,6359
2925,5726
2837,9828
2821,6393
2781,3634
2697,3998
2665,16324
2621,6802
2613,6002
2593,5208
2491,10833
2395,6993
2379,5184
2307,4975
2259,13652
2251,7283
3166,6084
3078,5395
3062,5453
4848,6661
4772,6463
4748,6749
4630,6670
4550,11834
4462,7935
4362,6298
4314,6105
4270,12675
4242,7996
4176,6112
4136,6252
4092,5936
4072,6100
4034,5934
4014,5834
3992,5491
3982,5594
3791,5797
3631,5746
4056,5688
3960,5339
3776,5061
3680,14899
3592,8113
3536,6367
3396,4737
3364,5157
3268,5130
3164,5205
3124,4797
3040,4966
2984,4731
2976,13111
2924,8647
2904,6269
2786,4785
2754,11897
2658,6713
2570,4674
2554,4718
2506,4466
2430,4327
2414,4106
2366,4049
2322,4343
4128,4756
4092,4432
4006,4433
3926,4601
3838,4603
3806,4454
3738,4289
3678,4244
3658,4570
3612,4343
3572,4149
3528,11236
3512,8534
3478,5555
3462,4114
3444,3920
3436,3845
3267,3775
3139,10373
2995,7772
3532,5198
3380,4032
3284,3922
3196,4154
3148,4869
3140,4840
2992,4759
2912,4418
2836,4349
2792,4384
2716,4492
2700,4318
2660,4279
2624,4259
2600,4234
2596,4209
2462,4164
2398,4007
2310,4051
2294,3978
2254,3935
2186,3951
2170,3943
3065,5473
3013,5327
4811,5982
4767,6856
4665,5814
4569,17301
4481,8161
4425,6894
4349,6102
4309,10660
4265,7141
4195,5584
4147,5968
4103,5880
4079,5640
4045,5413
4021,5784
3999,5664
3987,5613
3858,5257
3666,5442
3490,5290
3394,5213
3963,5096
3779,5323
3683,5237
3579,5058
3539,4838
3399,5126
3287,4977
3271,4729
3167,4617
3119,4837
3043,4745
2987,4369
2979,4501
2927,4707
2907,4692
2789,4328
2757,4242
2661,12784
2573,7921
2557,5703
2509,4173
2433,4313
2417,4699
2369,12118
2325,6929
4131,5781
4095,10104
4009,5752
3929,4437
3857,4559
3809,4542
3741,4303
3709,4027
3661,4268
3615,4526
3575,4209
3539,3833
3519,4202
3489,4165
3469,3784
3451,3830
3441,4239
3334,4269
3174,3978
3030,3688
2950,4081
3519,4119
3351,10496
3271,8115
3183,5234
3150,4100
3027,3530
2931,3556
2879,3819
2827,3709
2787,3480
2719,3436
2671,9589
2663,8756
2619,4954
2603,3802
2497,3846
2465,3819
2385,3443
2313,3431
2297,3721
2257,9618
2189,8770
2173,5136
3068,5391
3016,4991
4814,5838
4754,5689
4668,6352
4572,5886
4468,5838
4428,6239
4352,6279
4276,6255
4252,5862
4198,6036
4150,5857
4106,5759
4078,5706
4040,5840
4020,5745
3998,5554
3988,5650
3797,5640
3637,5482
3493,5312
3397,5224
3814,5438
3702,5250
3598,4903
3542,5023
3534,6002
3370,5072
3274,4695
3186,4792
3130,4885
3046,4683
3030,4494
2982,5305
2938,4745
2910,4979
2906,4408
2760,4439
2680,4563
2664,4438
2560,4154
2520,11480
2436,8888
2420,5713
2380,4341
2328,4140
2320,4235
4098,4686
4082,4524
3980,4462
3860,12198
3820,9078
3744,6821
3712,4154
3676,4555
3660,4601
3590,4270
3542,4640
3522,4576
3492,4471
3472,4452
3454,4547
3444,4469
3337,4324
3177,4353
3033,4243
2953,4181
2937,4122
3354,4285
3274,4193
3186,4364
3146,4244
3030,4157
2934,4115
2846,4105
2830,4059
2790,4092
2710,4062
2674,3990
2630,3968
2622,10230
2602,8457
2500,7114
2404,4385
2388,3928
2316,4027
2268,4555
2260,3885
2192,10753
2144,9123
2136,4867
3019,5218
2975,5013
4757,6414
4639,5808
4559,6296
4471,6154
4371,10448
4323,7227
4279,6170
4251,6379
4185,6189
4145,6354
4101,6248
4081,6167
4043,6298
4023,5896
4001,5775
3991,15734
3800,8794
3640,6479
3464,10397
3384,6661
3785,5713
3705,5420
3601,5544
3545,5402
3405,5392
3373,5291
3277,5220
3173,5114
3133,5178
3049,5012
3033,5053
2985,4999
2941,13436
2913,8162
2909,6269
2763,8054
2683,5307
2579,10136
2563,6752
2523,5156
2439,4436
2423,4471
2383,4441
2331,4333
2323,4313
2303,4347
4085,4813
3935,4693
3863,4660
3815,4578
3747,4578
3715,4624
3679,4539
3621,4456
3581,4468
3545,4414
3525,4447
3495,12498
3475,7421
3457,5490
3447,4323
3340,4300
3180,4120
3036,4086
2956,4022
2836,3963
3293,4037
3277,3999
3189,3973
3149,3933
3001,3858
2937,10952
2849,8373
2801,5168
2793,4027
2709,3724
2677,3686
2633,3657
2625,3667
2605,3635
2503,3724
2407,3880
2391,3872
2303,3949
2271,4016
2263,9646
2179,8552
2147,4840
2139,7637
2095,7239
2978,5463
2970,4806
4642,5376
4562,6691
4442,10610
4374,7004
4326,6367
4274,6017
4254,6011
4188,6182
4148,6067
4104,5991
4084,6079
4046,5832
4026,5582
4004,5525
3994,16245
3803,7873
3643,6421
3467,5226
3387,5156
3267,5185
3708,6026
3604,5623
3548,5661
3540,5405
3376,5165
3280,5477
3192,5265
3136,4819
3128,4981
3036,5330
2996,5101
2944,12832
2936,8292
2912,6076
2798,4807
2686,9241
2670,5988
2566,5106
2526,4706
2518,4458
2426,11762
2386,7805
2378,5707
2334,7245
2306,5027
4092,5037
3986,4809
3922,4565
3826,4928
3766,4823
3726,13050
3690,6642
3666,5593
3608,4527
3576,4183
3540,4079
3524,12659
3490,7051
3474,5031
3456,3794
3448,4437
3279,4460
3151,3907
3007,4182
2943,4131
2807,3822
3296,3770
3208,4203
3160,4184
3036,4022
3004,3777
2924,4059
2836,4068
2804,3582
2728,3955
2712,3995
2672,3600
2636,3451
2612,10480
2608,8040
2474,4770
2410,3708
2322,3767
2306,3818
2266,3402
2198,9577
2182,8973
2150,5194
2106,3661
2098,3445
2981,5728
4677,5159
4581,6420
4493,5627
4437,6030
4361,5461
4321,11456
4261,7515
4207,5941
4159,11192
4115,7335
4091,6071
4057,14987
4033,7315
4011,6250
3999,5826
3870,5388
3678,5794
3502,15179
3406,7579
3270,5767
3174,9889
3695,6590
3591,5244
3543,4776
3379,13986
3299,7006
3195,5185
3179,7756
3131,5580
3039,4823
2999,13417
2947,6861
2939,5420
2915,4324
2801,4268
2689,12989
2673,7224
2585,5212
2529,10226
2521,6116
2445,4813
2389,11423
2381,6620
2337,4926
2329,11522
2305,6577
4021,4959
3925,12751
3853,5979
3821,4670
3729,10555
3693,6328
3673,4754
3627,11807
3587,6765
3551,5042
3531,4428
3501,3988
3481,3984
3463,12627
3453,7506
3346,5293
3186,8595
3042,5369
2962,4377
2842,11479
2810,6897
3283,5103
3195,4290
3155,11550
3039,6508
2943,4730
2855,4238
2839,3721
2799,3670
2731,4031
2683,10998
2675,8293
2631,5360
2615,4242
2509,3927
2477,10341
2397,7107
2325,4782
2309,4055
2269,3638
2201,3551
2185,3966
2153,3682
2109,3666
2101,3698
2984,5661
4762,5169
4584,6549
4496,5758
4448,7066
4380,6242
4324,6288
4280,15115
4260,7399
4194,6383
4154,6041
4110,6626
4090,5946
4052,16230
4032,7527
4010,6613
4000,6103
3809,5303
3649,5965
3473,15378
3409,7247
3273,5779
3714,5521
3610,5413
3594,14125
3546,6700
3382,5753
3302,5675
3198,5231
3182,12040
3134,6938
3042,5533
3002,5087
2950,4110
2942,12885
2922,7218
2804,5364
2772,3967
2676,9688
2588,6295
2572,4695
2524,4085
2448,4352
2432,4371
2384,3834
2340,4166
2332,4148
4110,4972
4024,4220
3944,4576
3872,4579
3824,4345
3756,4465
3724,4640
3688,3991
3630,4141
3590,4299
3554,4345
3534,4768
3504,3645
3484,4044
3466,10330
3456,7157
3349,5002
3189,4196
3045,3469
3013,3418
2949,10221
3366,7163
3286,4331
3198,9446
3166,5494
3042,3772
2946,9289
2930,6036
2842,3724
2810,9298
2734,5300
2718,6945
2678,4523
2634,4128
2618,4059
2614,8834
2480,6739
2416,4384
2328,3632
2312,3216
2280,3173
2204,3643
2188,3088
2156,3093
2112,3586
3015,4404
4793,5081
4765,5735
4651,6003
4499,5146
4451,6025
4383,12278
4335,7437
4283,5930
4263,5705
4197,5557
4157,4957
4113,15046
4093,7892
4055,5540
4035,5061
4013,11337
4003,6929
3812,4859
3652,5514
3476,5317
3997,4715
3829,4750
3717,5135
3613,5229
3597,4661
3549,5083
3385,4809
3305,4322
3201,4106
3145,12702
3137,8216
3045,5425
3005,8663
2953,5548
2945,9294
2921,5421
2807,5390
2775,11678
2679,8321
2591,5379
2535,4120
2527,11152
2451,6800
2435,4505
2387,10358
2343,5810
4149,6451
4113,5044
4027,4110
3947,4439
3875,3945
3827,4086
3759,4470
3727,3755
3691,3690
3675,3735
3593,3675
3557,3568
3537,4053
3507,4688
3487,4525
3469,4268
3459,4175
3352,4485
3288,4675
3160,4151
3617,11475
3537,6669
3369,4482
3305,3169
3217,3858
3169,3718
3045,3951
3013,10508
2933,8005
2861,4651
2813,3934
2737,3783
2721,3314
2681,3754
2645,3572
2621,3232
2617,3236
2515,3597
2419,3217
2403,3166
2315,3554
2283,3579
2275,3093
2191,3152
2159,9226
4948,5924
4872,5490
4796,5238
4772,6559
4686,5987
4574,9527
4486,6054
4446,5865
4338,5607
4294,14430
4270,7549
4216,5985
4168,9657
4116,5878
4096,5521
4058,5506
4038,14560
4016,7778
4006,6021
3815,5477
3687,5188
4112,13801
4000,6747
3832,5488
3720,8632
3704,5757
3600,8885
3552,5703
3388,4355
3308,11387
3204,6634
3148,4868
3140,4164
3048,11887
3008,6614
2956,4461
2948,10417
2924,5961
2810,6658
2698,7336
2682,7958
2594,5207
2538,9991
2530,5404
2454,7568
2398,7082
4260,8702
4184,5082
4152,4485
4104,4470
4030,11604
3934,6543
3862,4732
3830,4182
3738,4994
3702,4514
3682,4792
3636,4330
3596,3937
3560,4507
3540,4245
3506,3946
3486,3649
3472,4433
3462,4197
3355,4519
3195,4413
3652,4479
3556,4362
3404,3677
3308,3674
3292,4204
3204,3853
3164,4677
3048,3665
2952,3781
2864,3467
2848,3343
2808,3806
2740,3609
2692,3389
2648,3375
2640,3595
2624,4128
2518,3467
2486,4539
2406,3353
2334,3402
2318,3624
2278,3232
2210,3304
2194,3288
4959,5946
4891,5202
4835,5936
4791,4964
4689,5592
4593,5636
4505,5722
4449,8354
4373,10440
4333,11507
4289,5934
4219,5407
4171,5603
4127,5789
4103,5554
4069,5607
4045,5894
4023,7082
4011,5229
3882,5236
3690,5418
4115,5212
4083,8506
3987,7888
3803,7672
3707,5724
3619,4535
3563,4250
3423,4313
3326,4265
3295,4251
3191,4161
3151,4150
3067,4040
3051,4040
3003,4024
2959,4110
2931,4079
2927,4111
2781,3995
2701,3956
2685,3944
2581,4044
2541,10157
2533,10164
2441,6577
4287,4852
4255,4288
4163,4151
4127,4134
4107,4098
4001,4111
3937,4051
3865,4088
3781,3965
3741,3974
3705,3948
3685,3956
3639,3895
3591,3876
3555,3837
3539,3849
3505,3843
3489,3811
3471,3804
3465,3804
3358,3747
3831,3821
3655,3762
3559,3715
3407,9730
3375,8426
3295,4850
3207,3845
3175,3848
3051,3775
2955,3838
2939,3737
2851,3703
2819,6141
2743,5175
2727,5249
2687,5200
2651,5171
2627,4935
2623,6272
2489,5634
2425,6072
2409,4986
2321,5734
2289,5748
2281,4827
5098,5230
5010,5318
4954,5079
4878,5873
4802,5682
4778,5462
4692,5377
4588,5376
4492,5238
4452,5412
4376,5286
4336,5312
4292,5051
4222,5203
4174,4981
4130,5011
4106,14620
4072,8011
4048,6277
4044,5118
4022,4871
4741,5026
4486,5144
4294,4873
4086,4717
4006,4686
3838,4534
3726,4530
3710,4599
3606,4436
3558,4423
3426,4454
3314,4185
3298,4236
3194,4224
3154,4072
3070,4096
3054,4023
3006,3997
2962,4064
2934,4155
2930,4271
2816,3985
2704,4291
2688,4146
2600,4071
4590,4326
4550,5779
4426,4366
4362,4215
4266,14382
4190,6315
4158,4850
4110,4622
4036,4057
3956,3858
3868,11070
3836,6998
3768,4719
3708,3785
3688,4085
3642,3627
3602,4036
3566,10763
3546,7624
3508,6234
4227,4120
4205,4024
4195,4121
3962,3991
3834,3854
3658,3559
3562,3827
3410,3789
3314,3757
3226,3410
3210,3599
3170,3663
3022,9349
2942,8485
2870,5795
2822,3619
2746,3473
2730,3303
2690,3283
2654,3422
2630,3192
2626,3269
2492,3364
2428,3101
2340,3266
2324,8383
5337,5282
5197,5589
5085,5507
4997,5922
4897,5519
4849,5467
4797,5709
4777,5574
4599,5548
4511,6006
4463,5467
4379,5600
4339,5558
4295,5384
4275,5378
4177,7319
4133,7193
4109,5441
4075,5331
4051,5236
4760,5942
4746,5595
4553,5221
4329,5137
4121,5196
4009,13820
3993,7856
3809,6510
3713,5413
3609,4596
3569,4522
3429,4415
3317,4663
3301,12084
3197,7831
3149,5625
3073,4519
3017,4312
3009,4890
2957,4198
2937,4078
2819,4122
2787,11191
2691,7484
2603,4751
2588,8544
4553,6156
4461,8935
4365,5487
4269,4388
4209,4359
4161,4059
4125,5178
4109,4158
3959,3871
3887,3777
3847,11187
3771,7610
3739,5101
3703,5586
3687,7673
3629,5819
3597,3889
3561,4068
3545,4044
3511,11470
4230,12789
4208,4365
4198,3906
3965,3724
3805,3731
3629,3835
3549,3710
3413,3472
3317,3662
3229,4475
3181,9561
3173,9165
3025,4885
2961,3809
2873,3515
2825,4681
2817,3592
2733,3461
2701,5488
2657,8926
2649,7951
2629,4637
2527,3665
2431,8520
2415,7202
2343,3821
5356,6720
5308,5715
5168,6484
5016,5907
4968,5789
4884,6054
4844,5919
4784,5856
4698,5311
4602,5638
4498,5664
4458,5269
4382,5712
4342,5612
4282,5448
4228,5273
4180,15156
4136,7880
4112,6287
4078,5089
4789,5320
4763,5115
4749,15451
4556,7849
4332,6023
4124,4682
4092,5199
3996,4909
3812,4911
3716,5165
3628,13550
3572,7574
3432,5864
3400,4696
3304,4263
3200,4277
3160,17426
3076,9392
3060,5960
3012,4776
2968,9867
2940,5895
2936,4673
2822,12300
2710,9455
4852,5412
4668,6246
4596,5232
4548,4925
4384,5171
4312,6779
4264,4617
4196,4999
4164,6069
4116,4563
4042,4291
3946,5258
3874,4825
3842,4277
3774,5129
3742,5000
3694,4114
3648,14311
3608,6386
3572,5887
3552,3911
4261,4332
4237,4617
4215,4228
4203,16956
4032,7925
3968,4567
3808,5475
3632,4329
3552,3825
3384,4213
3320,10039
3232,9011
3184,5725
3176,4397
3028,3487
2964,3888
2876,9740
2828,7344
2820,4920
2736,3872
2704,3501
2660,9138
2652,6363
2636,4065
2530,3486
2498,9442
5679,5782
5543,5608
5431,6277
5311,6144
5203,5897
5091,5824
5003,5792
4903,5894
4855,5704
4811,5662
4783,5568
4669,5456
4589,5544
4469,5367
4401,5316
4353,5513
4309,5208
4285,5202
4231,5437
4183,5171
4890,5353
4862,5288
4820,5212
4792,5189
4766,5268
4752,5144
4559,5044
4335,15376
4127,7660
4095,6153
3999,4766
3815,4770
3719,4566
3631,4795
3575,4493
3567,4512
3403,4404
3307,4329
3219,4274
3163,4360
3155,4185
3063,4403
3023,4461
2971,12258
2963,9652
5389,6776
5255,5073
5063,4448
4919,4547
4751,4320
4671,4434
4583,4350
4551,4227
4387,4088
4315,4164
4267,4099
4199,4077
4167,4146
4119,4075
4045,3988
3965,4017
3893,4004
3853,3904
3777,3922
3745,3851
3709,3937
4476,4067
4402,4027
4362,3992
4318,4006
4302,3969
4264,3960
4240,3968
4218,3941
4206,4056
4035,3897
3971,3852
3811,3813
3635,3819
3571,10193
3419,7842
3323,4782
3307,3797
3219,9708
3187,6181
3063,4315
3031,4011
2951,3929
2879,9369
2831,6371
2823,4172
2755,3608
6524,6688
6468,7700
6360,6778
6308,6673
6146,7204
5922,6991
5682,13442
5514,7947
5434,6805
5314,6644
5174,12211
5094,7909
4974,6508
4906,10342
4850,7122
4806,6375
4704,13261
4608,7507
4504,6219
5283,11896
5191,7627
5143,10340
5071,6981
5001,5774
4945,6141
4893,6091
4865,6175
4823,15427
4795,7916
4769,6021
4755,5805
4562,5867
4338,13725
4130,7122
4018,5651
3850,5277
3738,4881
3722,5278
3618,13579
3570,7284
3406,5574
3326,9044
3222,5572
3206,4479
3158,12914
5648,8009
5560,6071
5476,8125
5428,5674
5380,4836
5194,12768
4954,6611
4874,4896
4722,4880
4602,5054
4554,4412
4438,13104
4318,6768
4270,4902
4202,4751
4142,4896
4122,4369
4048,4402
3952,12167
3880,7242
4599,5576
4551,4936
4507,3973
4483,4075
4421,4472
4365,4340
4321,3995
4301,4396
4259,4313
4239,11811
4217,7184
4207,5381
3974,3873
3814,4422
3638,4131
3574,10633
3422,7151
3326,5000
3238,3762
3190,8225
3182,5683
3034,4452
2954,3837
2882,4155
2834,4105
2826,3770
2742,4053
6491,6864
6395,6598
6319,7641
6295,7193
6085,11659
5781,7993
5669,12192
5453,7688
5349,6746
5309,11840
5113,7492
5025,6833
4969,6762
4861,6475
4817,6517
4791,6645
4675,6315
4595,15093
4475,8039
5210,6627
5154,5735
5102,6634
5070,6115
4988,6220
4940,6337
4888,6147
4864,5943
4818,5736
4794,5924
4768,16118
4756,8340
4501,6163
4309,5863
4101,5255
4005,5613
3821,5425
3741,5071
3637,4734
3581,4938
3441,4879
3409,4629
3313,4930
3225,4729
3169,4367
5731,5122
5635,5125
5539,4794
5463,5175
5403,4969
5379,4494
5101,4971
4925,13991
4757,7396
4677,5839
4589,5079
4473,4880
4393,4523
4305,4884
4234,4761
4181,4560
4137,4913
4121,4676
4019,4344
3899,4596
3859,4548
4602,4434
4546,12901
4502,7027
4482,5498
4408,4145
4368,4442
4308,4588
4270,4146
4246,4625
4224,4670
4212,4022
4041,4566
3977,4350
3817,3940
3641,4004
3561,4283
3393,4309
3313,3792
3241,4235
3193,4076
3069,3624
2973,3492
2957,4044
2869,3465
2837,3440
2761,3877
2713,3363
6474,7376
6366,7735
6314,7254
6152,7636
5928,7475
5752,7435
5552,13082
5440,8665
5320,7466
5212,7318
5100,11839
4980,7790
4912,6971
4856,6879
4812,12124
4710,7906
4614,6535
4526,6046
4470,6626
5197,6696
5149,15488
5097,8080
5007,6770
4951,6515
4899,6387
4871,6348
4829,6474
4801,6346
4775,6431
4761,6337
4568,5744
4344,6009
4136,6001
4024,5218
3856,6000
3824,5799
3728,5079
3624,5598
3576,5574
3444,4906
3332,5335
3228,5367
3212,5284
3164,4454
5702,5471
5566,5388
5482,4929
5434,5304
5386,5270
5200,4741
5072,5173
4880,5015
4728,4537
4608,4961
4560,4822
4444,4342
4324,4843
4284,4688
4208,4246
4176,4772
4128,4725
4054,12542
3958,7202
3886,5660
3854,4207
4557,4433
4513,4993
4489,12911
4427,7145
4371,5557
4327,4630
4307,4009
4265,4484
4245,12506
4223,7147
4213,5551
3980,7627
3820,4674
3644,9016
3564,5770
3428,8173
3332,5250
3244,10190
3196,5239
3188,3904
3040,4257
2960,4426
2888,10056
2840,7233
2764,4938
2748,3759
2708,9809
6401,6891
6325,10862
6297,8293
5963,7670
5755,7641
5555,7349
5459,7378
5355,8136
5215,7240
5119,7482
5015,7318
4915,7128
4867,16695
4815,8628
4795,7197
4681,6932
4529,6918
4481,6875
4397,6919
5152,6874
5100,6810
5076,16407
4994,8028
4902,6934
4874,10372
4832,7126
4804,6689
4778,6802
4764,5959
4571,6138
4347,5925
4139,15720
4107,8062
4011,6440
3827,10604
3731,6728
3627,5560
3587,5715
3447,5024
3335,5511
3319,5299
3215,4735
3167,5516
3091,5128
5585,15548
5537,8045
5445,5484
5401,5560
5267,5027
5075,5401
4883,5323
4731,5623
4611,4735
4571,13613
4447,6948
4327,5024
4287,8769
4211,5332
4179,4483
4131,4774
4057,13047
3977,7015
3889,5581
3857,4549
4592,4180
4552,4748
4492,13035
4430,6972
4382,5581
4338,4851
4314,4876
4276,4018
4252,4000
4230,4526
4218,11899
4047,7344
3855,5337
3679,4336
3583,3860
3431,3769
3335,4255
3247,4115
3231,10455
3191,7462
3043,5249
2963,4294
2891,3568
2843,10010
2767,6700
2751,4296
2711,3731
2675,10361
6328,6984
6300,6767
5966,6494
5758,6291
5678,6610
5462,6809
5358,6690
5318,6711
5122,6603
5018,6506
4978,6445
4870,6305
4826,6282
4802,6321
4684,6187
4604,6099
4484,6028
4416,5861
5163,6036
5111,6019
5083,5726
4997,5947
4949,5917
4897,5810
4873,16790
4827,8890
4803,6709
4777,5763
4765,5656
4510,5533
4318,5481
4142,5361
4030,5256
3862,5284
3750,5274
3734,5031
3630,5002
3582,5053
3418,4822
3338,4730
3234,4744
3218,5336
3170,13839
3094,8183
5588,7026
5540,10152
5448,6804
5404,5030
5270,4891
5078,5420
4886,5277
4766,4738
4670,5169
4574,5060
4450,5007
4330,4485
4282,4931
4190,13439
4146,7490
4060,5752
3908,4880
3860,4550
3760,4723
3712,4152
4385,4172
4333,4379
4271,4089
4233,4054
4219,4031
3858,3949
3650,3980
3402,3734
3250,3737
3194,3681
2982,3758
2894,4203
2838,3708
2722,4134
2670,10208
2548,8485
2452,5312
2348,6798
2240,3996
2192,3490
2140,3783
2120,3458
2046,3387
2006,3658
1946,3372
1908,8111
1884,8086
1862,4394
4049,5116
