1192,839
1156,1011
2652,940
2636,999
2596,876
2576,807
2490,881
2298,853
2170,775
2026,653
1946,1886
1866,1880
1834,1931
1690,1548
1626,951
1578,674
1522,563
1490,524
1445,621
1389,646
1309,1589
1245,1727
1205,1728
1474,1305
1458,1829
1418,1228
1386,746
1378,707
1358,997
1310,842
1294,861
1262,964
1254,844
1222,1179
1214,924
1198,825
1194,1217
1166,828
1158,767
1142,1083
1138,1401
1122,1277
1118,1442
1110,756
1108,770
1108,815
1032,670
1000,910
2206,1066
2124,1004
2108,1000
2028,1035
1947,858
1931,960
1883,890
1867,1116
1842,1088
1770,1043
1738,1090
1690,958
1674,1044
1626,1006
1610,980
1586,1009
1578,1028
1538,987
1522,1033
1498,705
1490,574
1875,741
1867,818
1851,752
1847,740
1763,734
1763,719
1731,715
1667,741
1651,728
1587,658
1571,914
1539,657
1539,704
1531,719
1475,630
1459,668
1427,793
1427,629
1419,659
1387,657
1379,623
1379,633
1363,640
1359,616
1359,621
1311,622
1295,601
1262,1262
1262,368
1254,583
1222,1118
1222,624
1214,566
1214,641
1198,603
1194,564
1194,644
1166,611
1166,537
1158,589
1142,551
1142,561
1138,493
1138,257
1122,224
1118,240
1118,229
1110,551
1108,551
1032,461
1032,593
1000,496
936,454
920,505
920,470
856,441
840,447
808,428
800,408
744,397
2716,330
2620,528
2516,517
2476,460
2396,488
2380,469
2332,494
2288,1482
2260,1686
2256,1724
2120,1715
4246,1412
4078,1167
3998,917
3910,925
3798,962
3718,830
3630,799
3546,777
3506,753
3462,1473
3446,1451
3302,1425
3230,1590
3190,797
3114,1376
3082,1391
3046,877
3030,548
2950,1289
2914,1256
3642,1300
3604,1250
3580,971
3558,1240
3546,1216
3384,941
3192,902
3016,845
2920,1053
2768,1035
2736,1027
2656,1020
2568,972
2528,973
2416,865
2320,899
2232,896
2216,845
2176,886
2092,846
2060,822
2016,827
2008,801
1988,792
1892,763
1796,724
1780,726
1708,989
1660,679
1652,691
1568,679
1536,687
1528,716
1492,650
1468,671
1464,677
1408,788
1392,602
1352,919
1316,722
1308,604
1292,1191
1288,658
1254,567
1246,644
1230,590
1226,546
1208,576
1204,560
1196,550
1194,525
1108,508
1076,493
1012,524
996,512
924,454
908,475
875,474
867,434
799,425
783,397
2675,311
2571,429
2523,549
2447,519
2391,651
2383,553
2331,487
2311,523
2195,1285
2163,1301
4241,1574
4089,1516
4025,1556
3929,907
3805,898
3685,821
3645,851
3569,797
3537,836
3489,779
3415,884
3319,926
3247,915
3215,900
3123,1208
3087,1206
3067,1167
3021,1177
2973,1191
2937,1185
2921,893
3626,884
3606,865
3584,848
3574,823
3344,821
3184,819
3008,793
2928,755
2792,754
2696,686
2608,690
2560,702
2552,653
2404,637
2324,634
2252,612
2204,778
2128,692
2112,727
2072,724
2036,719
2012,709
2008,690
1874,648
1810,599
1722,610
1706,627
1674,747
1598,356
1582,366
1550,370
1506,360
1498,407
1482,532
1478,595
1404,593
1372,557
1364,593
1328,578
1320,552
1304,573
1300,560
1262,509
1242,540
1238,506
1220,679
1216,511
1208,472
1206,705
1116,627
1084,455
1020,825
1004,458
1004,419
932,423
916,423
884,422
876,422
808,379
792,379
760,403
2586,349
2538,439
2462,482
2405,695
2397,688
2344,514
2324,495
2206,514
2174,672
2078,1800
4106,1812
3986,1598
3946,1605
3822,1537
3702,1510
3662,1369
3586,1119
3554,1142
3506,604
3432,528
3336,564
3264,571
3232,920
3140,1100
3104,1046
3084,1122
3038,1065
2987,1340
2949,1311
2933,1274
2897,834
3617,802
3595,1164
3584,792
3351,808
3191,1005
3015,683
2935,782
2799,900
2703,727
2615,732
2567,756
2559,652
2410,576
2330,598
2258,639
2210,915
2134,839
2118,878
2078,860
2042,812
2018,823
2014,791
1880,726
1816,736
1728,719
1712,689
1680,747
1603,715
1587,701
1555,695
1511,713
1503,691
1487,709
1483,697
1409,655
1377,683
1369,655
1333,635
1325,667
1309,645
1305,624
1263,614
1247,557
1243,565
1225,597
1221,551
1213,596
1211,590
1120,544
1088,483
1024,524
1008,504
1008,507
936,525
920,495
888,495
880,515
811,457
795,458
763,503
763,455
2543,356
2467,492
2411,478
2403,508
2351,634
2331,571
2212,504
2178,525
2080,745
1992,1252
3985,1702
3945,1713
3821,1668
3701,954
3661,772
3582,740
3550,724
3502,814
3428,1015
3331,957
3259,953
3227,941
3134,899
3098,906
3078,925
3032,853
2984,857
2948,888
2932,815
2898,810
2882,859
3595,766
3585,763
3351,714
3191,696
3015,694
2951,652
2799,713
2703,656
2615,630
2567,630
2559,732
2411,804
2331,798
2259,788
2211,784
2135,745
2119,754
2079,733
2043,663
2019,695
2015,710
1881,653
1817,642
1801,613
1713,620
1681,608
1605,548
1589,602
1557,594
1549,555
1505,563
1489,562
1485,519
1427,525
1379,533
1371,505
1335,515
1327,532
1311,471
1307,505
1273,609
1265,548
1249,617
1245,608
1227,551
1223,598
1215,651
1213,533
1122,502
1090,489
1026,475
1010,493
938,466
922,453
890,467
882,442
814,383
814,454
798,410
766,405
758,423
2462,335
2446,401
2398,562
2354,460
2326,483
2322,495
2176,512
2096,652
1992,1268
1976,1487
3966,1574
3850,1618
3770,1239
3682,897
3598,896
3558,869
3514,844
3498,826
3396,860
3276,769
3236,805
3170,756
3128,746
3092,935
3076,939
3018,918
2958,905
2938,903
2908,856
2888,838
3601,876
3589,833
3418,828
3226,815
3194,825
3018,781
2938,803
2770,718
2690,744
2602,715
2570,731
2446,689
2350,669
2334,690
2246,673
2206,642
2138,627
2090,820
2082,806
2038,793
2022,790
1916,761
1884,738
1804,740
1732,675
1716,669
1676,665
1608,668
1592,657
1552,635
1516,656
1508,646
1488,645
1430,578
1414,609
1382,607
1374,579
1338,611
1314,696
1310,697
1276,661
1268,656
1252,642
1248,684
1230,343
1226,237
1218,639
1216,660
1125,688
1093,602
1029,590
1013,599
941,322
925,232
893,237
885,269
885,474
817,557
801,576
769,558
761,521
725,551
2456,739
2408,1109
2364,1252
2336,2671
2332,2066
2186,2079
2105,1783
2001,1884
1985,1879
3981,2012
3865,1946
3769,1880
3697,1887
3613,1777
3573,1788
3529,1786
3513,1718
3363,1668
3291,1632
3251,1615
3175,1581
3143,1573
3107,1533
3091,1527
3009,1522
2973,1686
2953,1968
2923,1538
2903,1485
2885,1681
3610,1569
3437,1759
3241,1748
3059,1176
2963,1141
2947,1319
2779,1071
2699,1396
2611,1070
2571,986
2455,1492
2359,980
2271,930
2255,1531
2215,899
2147,878
2099,1142
2091,1264
2047,1868
2031,1908
1925,1841
1893,1826
1813,1769
1741,1285
1692,1275
3711,1474
3595,1365
3483,1336
3443,1309
3375,1320
3343,1300
3299,1300
3233,1236
3153,1236
3073,1228
3041,1249
2981,1185
2925,1207
2905,1201
2863,1150
2823,1153
2791,1136
2771,1115
2737,1111
2721,1073
2705,1108
3436,1073
3278,1043
3086,1037
2926,1022
2830,996
2694,841
2598,935
2582,932
2501,965
2461,760
2321,709
2257,679
2177,744
2161,687
2121,647
2045,804
3288,780
3224,1322
3208,1231
3172,1401
3039,1313
2974,1305
2827,3752
2729,3572
2638,2548
4650,2161
4516,2129
4364,2109
4316,2054
4236,2020
4196,2036
4136,1978
4054,1954
3958,1891
3854,1824
3814,1716
3742,1720
3702,1900
3642,1856
3592,1830
3544,1824
3500,1765
3476,1781
3444,1781
3420,1760
3398,1745
4119,1810
3930,1748
3699,1726
3480,1625
3364,1556
3347,1567
3171,1477
3075,1418
2971,1448
2931,1366
2799,1290
2687,1300
2671,1528
2567,1451
2527,1483
2447,1406
2391,1388
2383,1388
2331,1341
2311,1336
2307,1083
2164,1062
2083,1044
1974,1013
1958,1290
3948,1510
3832,1447
3752,1403
3664,1401
3632,1372
3540,1294
3504,1288
3480,1326
3382,1435
3317,1419
3221,1408
3161,1310
3121,1408
3085,1365
3061,1352
3005,1340
2973,996
2937,968
2921,971
2887,954
2871,950
3584,939
3574,820
3345,747
3217,1224
3041,1195
2944,1189
2792,1046
2696,1112
2680,1105
2592,1018
2552,806
2440,964
2344,975
2256,925
2240,934
2200,936
3444,930
3356,1253
3340,1427
3272,2183
3244,2762
3102,2678
3038,2663
2926,2599
2790,2532
4824,2699
4736,2724
4596,2599
4484,2029
4396,1944
4296,2209
4248,2256
4196,2245
4176,2214
4064,2254
3912,2164
3864,2886
3796,2820
3747,1739
3695,2646
3675,2859
3609,1625
3569,1316
3525,1313
3505,1327
4206,1334
4182,1377
4156,1390
4144,1326
3890,1328
3698,2436
3490,2360
3410,2355
3242,1748
3130,1365
3026,1301
3009,1330
2960,1278
2794,2059
2714,2050
2610,1913
2594,1939
2546,1978
2454,1465
2414,1390
2362,1460
2354,1811
2334,1748
2218,1762
2186,1740
2090,1284
4120,1539
4056,1926
3960,1900
3868,1154
3772,1881
3676,1744
3616,1146
3568,1783
3532,1686
3516,1382
3366,1643
3294,1556
3254,1665
3178,1242
3146,1523
3110,1756
3094,1402
3036,1871
3004,1565
2968,1159
3668,1441
3644,1696
3622,1817
3618,1057
3608,856
3377,1686
3217,1660
3041,1188
2961,1511
2793,1446
2729,1107
2641,1401
2593,1420
2585,1401
2437,784
2357,1417
2285,1291
3577,907
3561,1531
3437,1257
3381,2633
3313,1640
3297,1797
3261,3629
3123,3574
2947,2099
5075,3707
4923,2784
4771,1605
4715,1414
4583,1473
4431,3400
4375,3266
4299,1909
4259,1561
4199,3131
4111,3158
3998,1900
3906,2991
3865,2215
3786,1537
3709,2814
3685,2803
3631,2131
3582,2610
3537,2623
4261,2186
4218,2798
4190,2122
4163,1378
4149,2748
3957,2761
3733,1521
3525,1090
3412,1051
3396,2359
3212,2303
3116,2255
3012,1704
2972,1680
2832,1590
2720,1538
2704,1535
2600,1524
2560,1969
2476,1926
2460,1423
2412,1872
2368,1851
2340,1822
2336,1350
4492,1481
4316,1522
4252,1488
4068,1485
3980,1378
3948,1387
3784,1344
3712,1333
3664,1336
3596,1324
3536,1291
3516,1304
3410,1294
3346,1245
3274,1226
3190,1230
3150,1644
3114,1580
3094,1187
3048,1229
3008,1175
3723,1587
3699,1546
3661,912
3637,1657
3615,1485
3603,1123
3432,1493
3240,1463
3064,873
2968,1409
2952,1383
2784,1057
2704,1029
2616,1325
2584,1430
2460,1258
2364,938
3762,923
3625,1427
3568,1378
3460,1165
3372,1403
3356,1458
3304,1238
3260,2413
5688,1588
5354,1376
5146,1297
4946,1376
4850,3644
4746,3595
4606,2082
4510,1511
4406,1529
4366,1558
4258,1540
4214,3273
4186,3300
4072,2005
3992,3173
3872,2354
3804,1495
3756,1476
3712,1486
3688,2959
3634,2826
4336,2277
4283,1811
4259,3028
4213,2211
4189,1454
4163,2845
4153,2831
3960,1603
3736,1268
3528,2475
3416,2479
3248,2280
3216,2354
3120,1814
3016,1118
2976,887
2836,2187
2724,2068
2708,2060
2604,1556
2564,2067
2480,1980
2464,1599
2416,1507
2372,1449
4798,2112
4774,2120
4496,1613
4320,1175
4256,2052
4072,1525
3984,1173
3952,1150
3788,1091
3716,1035
3668,1780
3600,1811
3540,1364
3520,1062
3446,1037
3350,1039
3278,1670
3246,1705
3178,1224
3118,1008
3098,1012
3819,1006
3771,1599
3727,1562
3703,1173
3665,918
3641,922
3619,1446
3607,1497
3435,1211
3371,950
3211,945
3035,1000
2955,928
2787,915
2723,899
2635,856
2587,1155
4223,1318
4003,1603
3891,1550
3755,1475
3667,1429
3651,1534
3527,4272
3471,4169
6108,2649
6052,2425
5992,4658
5846,3359
5622,2261
5382,1958
5214,4251
5134,4281
5014,3001
4874,3458
4794,3015
4674,3215
4606,3343
4550,2614
4506,2393
4404,2430
4308,2460
4205,2297
4137,2343
4051,2342
4003,3885
4820,2734
4791,1670
4656,1781
4598,1740
4566,1764
4520,1753
4491,1554
4465,1676
4451,1643
4252,1497
4009,1536
3972,2902
3745,2610
3644,2591
3451,2073
3349,1470
3254,1332
3195,1308
3041,2385
2999,2285
2886,2259
2782,2307
2712,2247
2616,1665
2597,2131
5245,2438
5157,1783
5085,1326
5064,2379
4868,2502
4613,1444
4505,2331
4324,1964
4241,1278
4188,1270
4070,1140
3947,2081
3905,2028
3827,2039
3795,2022
3747,1148
3665,1046
3562,2015
3450,1855
3407,1942
3320,1388
4109,1913
4031,1373
3955,1126
3892,1838
3837,1752
3807,1737
3759,1048
3729,1662
3702,1649
3688,1339
3517,1281
3325,1275
3149,1189
3117,1266
3037,1674
2867,1457
2785,1122
4301,3077
4232,1556
4054,1654
3878,1609
3846,1762
3709,2130
3653,1851
3541,4474
6012,4887
5955,3040
5842,2701
5787,4353
5767,2813
5429,1875
5221,1839
5021,3989
4909,4040
4821,1984
4681,1680
4569,1598
4481,1579
4381,1567
4333,3510
4281,3455
4261,2636
4147,3303
3995,1908
3947,1620
4693,3310
4629,3358
4577,1948
4553,1747
4458,1676
4402,1678
4347,1615
4319,1549
4261,1565
4247,1509
4219,1521
4207,1516
3946,1475
3752,1394
3535,1356
3438,1486
3248,1449
3167,1466
3061,1381
3004,1365
2858,1306
2826,1267
2730,1266
2637,2196
2581,2140
2497,2090
5052,2349
4954,1418
4874,1767
4814,1796
4790,1340
4607,2226
4367,1757
4271,1681
4087,1302
4015,1225
3967,1973
3803,2046
3731,1198
3683,1912
3615,1859
3555,1429
3535,1167
3429,1799
3365,1780
3293,1336
4017,1648
3969,1295
3925,1696
3901,1292
3839,977
3791,935
3743,931
3719,919
3677,1469
3657,1519
3635,1181
3627,1448
3456,1384
3264,822
3088,1342
2992,1314
2840,1280
2744,1004
4359,1083
4223,2019
4151,1650
3995,1584
3819,1686
3683,1675
3651,1764
6259,1659
6118,1702
5966,1907
5910,1906
5802,2009
5750,2042
5588,2061
5364,1915
5124,4110
4987,4070
4875,2413
4755,1825
4647,1725
4535,1710
4447,1705
4347,1790
4299,1787
4247,3494
4227,3446
4045,2560
3957,3144
4734,2546
4634,3322
4586,2264
4534,1710
4510,1679
4428,1606
4380,1604
4328,3051
4304,3114
4258,2353
4234,1560
4208,1371
4196,2915
3941,2827
3749,2080
3541,1552
3445,1491
3293,1458
3181,1470
3077,1419
3021,1373
3013,1342
2849,1293
2769,1289
2665,1518
5342,1729
5294,1783
5129,1768
5041,1695
4957,1653
4909,1678
4861,1604
4675,1588
4435,1501
4355,1539
4203,1468
4083,1452
4035,1349
3919,1368
3799,1316
3751,1788
3683,1745
3623,1374
3603,1336
3497,1362
3433,1335
4210,1314
4102,1317
4054,1309
4010,1242
3986,1236
3908,1227
3868,1256
3824,1275
3804,1201
3762,1178
3742,1182
3720,1187
3710,1149
3473,1131
3313,1138
3136,1077
3056,1071
2918,1030
4472,1219
4334,1769
4246,1693
4230,1582
4008,1931
3864,1960
3760,1582
6384,1560
6228,1598
6116,1708
5996,1671
5912,1784
5836,2006
5808,2109
5468,2003
5285,1930
5170,1969
4943,1845
4832,4089
4791,4021
4582,2284
4469,1910
4426,1737
4307,1769
4260,1654
4231,1764
4116,1641
4034,1737
4730,1752
4643,1721
4580,1798
4525,1694
4489,1711
4407,1645
4359,1649
4307,1639
4283,1642
4237,1749
4213,1745
4187,1752
4175,1717
3920,1662
3728,1574
3520,1511
3424,2738
3272,2612
3160,2554
3056,2545
3000,1876
2992,1855
2825,1746
2729,1739
2639,1732
5282,1985
5234,2069
5066,1992
4977,1940
4892,1877
4844,1512
4796,1486
4609,1428
4369,1374
4273,1423
4089,1353
4017,1273
3969,1250
3853,1246
3733,1219
3685,1216
3617,1210
3557,1177
3537,1192
3463,1171
3367,1179
4126,1167
4085,1197
3964,1226
3920,1148
3896,1135
3834,1149
3786,1152
3742,1082
3718,1093
3680,1079
3656,1077
3634,1676
3622,1710
3451,1663
3259,1271
3081,1191
2985,1212
2833,1187
4492,1335
4347,2146
4211,1449
4155,1453
3983,1426
3807,1963
3775,1952
6349,1717
6228,1715
6088,2019
5936,1734
5880,1852
5771,1834
5719,1891
5557,1829
5365,1948
5157,1969
4957,1886
4845,1878
4757,1829
4617,1744
4505,1718
4417,1605
4317,1696
4269,1845
4217,1816
4197,1792
4083,1734
4758,1774
4702,1792
4618,1768
4554,1698
4502,1716
4478,1737
4396,1663
4348,1640
4296,1637
4234,1646
4206,1558
4180,1535
4166,1692
3973,1697
3909,1631
3717,1688
3509,1702
3413,1569
3229,1551
3133,1621
3045,1529
2989,1542
2849,1521
2737,1396
2721,1435
5344,1634
5232,1570
5108,1561
4988,1442
4940,1466
4848,1485
4804,1406
4670,1416
4478,1433
4286,1404
4134,1404
4014,1394
3974,1298
3850,1285
3730,1288
3690,1271
3614,1298
3582,1270
3534,1232
3460,1193
4207,1226
4119,1256
4011,1252
3963,1280
3919,1169
3895,1227
3817,1204
3777,1099
3733,1136
3713,1137
3671,1122
3651,1102
3629,1181
3619,1105
3386,1248
3226,1228
3050,1116
2970,1125
2802,1047
4353,1181
4249,2475
4161,1693
3989,4070
3812,2070
3780,1624
3644,2016
6241,1669
6101,1644
5947,2060
5891,2019
5782,2034
5714,2174
5504,1928
5344,1938
5104,1864
4936,1829
4784,1809
4728,1777
4532,1796
4444,1832
4388,2027
4280,1857
4236,2083
4208,1925
4094,1791
3942,1661
4714,1796
4630,1520
4566,1635
4514,1738
4490,1646
4368,1668
4316,1526
4288,1558
4246,1496
4218,1486
4192,1515
4178,1655
3921,1542
3761,1376
3553,1398
3441,1360
3273,1196
3161,1279
3057,1370
3001,1541
2861,1469
2829,1425
2733,1487
2627,1450
2587,1465
5036,1616
4998,1545
4948,1601
4855,1622
4811,1499
4677,1418
4485,1378
4293,1358
4141,1420
4021,1362
3981,1284
3857,1280
3737,1264
3697,1221
3621,1249
3561,1204
3541,1194
3435,1082
3371,998
3299,1031
3215,1065
3971,993
3927,1009
3899,1062
3825,984
3785,937
3741,971
3721,922
3679,985
3659,920
3637,975
3627,924
3394,857
3234,848
3058,811
2978,805
2810,781
2746,811
2658,947
2610,1003
3995,1017
3931,1747
3787,1577
3651,1416
3595,1344
3487,1659
6026,2591
5906,2002
5822,1884
5746,1779
5718,1796
5384,4466
5176,4298
4976,2603
4864,1878
4776,1884
4636,1851
4523,1756
4434,1802
4333,1754
4277,1710
4233,1936
4131,2029
4035,1976
3947,1877
3891,1866
3815,1864
4571,1841
4499,1874
4429,1838
4373,1682
4321,1801
4293,1789
4251,1702
4223,1790
4197,1778
4183,1574
3990,1764
3764,1626
3556,1592
3444,1573
3276,1503
3164,1492
3148,1478
3044,1459
2996,1597
2832,1570
2752,1520
2648,1535
2592,1525
2584,1432
2492,1446
4994,1626
4910,1522
4862,1640
4814,1628
4628,1444
4388,1570
4292,1568
4108,1504
4020,1502
3988,1431
3824,1439
3736,1429
3704,1401
3612,1326
3576,1355
3552,1324
3450,1274
3386,1282
3290,1166
3230,1234
3190,1251
3937,1166
3917,1248
3843,1193
3803,1092
3759,1176
3739,1171
3697,1160
3677,1155
3655,1145
3645,1136
3409,1100
3248,1071
3065,1077
2982,1039
2811,1039
2730,960
2658,1054
2610,1026
2486,1013
3929,1203
3784,1817
3648,1512
3592,1281
3484,1610
3452,1853
5898,2008
5782,1660
5730,1563
5710,1601
5376,1566
5168,1785
4968,1878
4856,4027
4736,4284
4628,2444
4516,1695
4428,1864
4328,1817
4272,1829
4228,1766
4126,1856
4030,1828
3942,1969
3886,1935
3810,1836
3770,1880
4513,1958
4423,1940
4367,1821
4315,1910
4287,1882
4245,1861
4217,1860
4191,1759
4177,1810
3983,1782
3759,3132
3551,2970
3439,2084
3271,1727
3159,1694
3143,1520
3039,1648
2991,1633
2827,1605
2747,1576
2643,1525
2587,1486
2579,1708
2487,1379
2447,2631
4897,2970
4849,1747
4801,2937
4614,1724
4374,3066
4278,1664
4094,1977
4022,1562
3974,1554
3810,1578
3738,1512
3690,1611
3598,1596
3562,1565
3538,1510
3436,1534
3372,1458
3276,1458
3216,1470
3176,1433
3132,1668
3899,1696
3825,1650
3785,1603
3741,1590
3687,1522
3663,2101
3641,2049
3629,1308
3458,994
3266,1027
3090,1938
3058,2054
2978,2002
2810,1082
2730,1038
2642,1019
2602,1008
2486,1076
2390,1516
3681,1081
3649,1651
3577,1518
3453,3109
3397,2062
3329,4085
5781,4671
5720,2622
5509,3551
5205,4471
5092,2492
4876,2063
4788,1966
4732,1887
4536,1912
4448,3994
4392,3820
4284,3004
4240,1978
4212,1953
4098,3669
3946,3733
3898,2405
3830,1886
3774,2021
3730,3940
4493,3912
4371,2136
4319,1543
4291,1524
4249,1505
4221,4063
4195,3572
4181,2205
3988,1647
3764,3723
3556,3498
3444,1904
3276,1327
3164,1360
3060,3015
3004,3022
2996,2211
2832,1687
2736,1553
2632,1563
2592,2732
2508,2686
2492,1976
2444,1523
2392,1526
2372,1485
4695,1531
4503,1547
4311,1601
4159,1570
4039,2600
3999,1850
3874,1328
3754,1155
3706,1240
3638,1161
3578,2359
3558,2362
3452,1381
3388,2298
3292,2260
3232,1592
3184,2200
3148,2209
3132,2175
3050,1251
3768,2017
3744,1589
3706,1074
3682,1646
3660,1615
3648,1663
3477,1562
3285,1583
3109,1241
3013,1220
2861,1539
2765,1489
2677,1450
2661,1186
2621,1174
2473,1119
2393,1116
2321,1120
2273,1079
2197,1098
3475,1206
3403,1659
3351,1582
3307,1635
3299,1501
3094,1324
5189,4004
4987,4526
4891,2140
4787,3048
4646,2262
4550,3718
4446,2797
4346,1641
4298,3572
4246,2669
4226,1738
4047,1575
3959,1423
3911,1434
3827,1501
3787,3145
3743,3119
3673,2357
3625,1517
3581,1519
4306,1582
4264,1672
4236,1242
4210,1491
4196,1897
4003,2208
3779,1946
3571,2018
3458,1981
3289,1924
3175,1901
3159,1839
3052,1839
3004,1783
2840,1616
2760,1724
2656,1676
2600,1547
2592,1666
2500,1594
2460,1439
2408,1549
2380,1546
2376,1513
2262,1470
4393,1636
4297,1729
4113,1626
4025,1578
3909,1499
3829,1489
3741,1450
3657,1461
3617,1448
3573,1385
3557,1418
3407,1382
3335,1283
3295,1383
3219,1314
3187,1224
3151,1334
3093,1269
3053,1166
3017,1269
2997,1199
3708,1182
3684,1164
3662,1198
3650,1194
3477,1145
3284,1085
3104,1100
3004,1077
2848,1041
2816,1003
2736,1006
2648,1022
2608,1156
2492,787
2396,602
2308,485
2292,484
2252,491
2168,449
2136,473
3338,842
3322,1477
3286,1272
3148,1298
2972,1535
5100,1491
4948,1525
4796,1477
4740,3883
4544,3629
4456,2082
4400,1595
4324,1636
4248,1536
4224,1530
4106,1535
4026,3236
3906,3175
3838,1886
3790,1564
3738,1589
3718,3042
3652,2981
3612,2254
3568,2214
3548,2219
4249,2255
4225,1808
4199,1808
4187,2982
3932,2935
3740,1551
3532,1202
3436,1168
3252,1148
3156,1235
3068,1742
3012,1704
2872,1639
2759,1579
2743,1603
2639,1576
2599,1548
2515,1523
2459,1488
2451,1507
2399,1473
2379,1676
2261,1587
2229,1587
2149,1571
4194,1594
4098,1648
4002,1617
3910,1546
3814,1544
3718,1497
3658,1458
3610,1496
3574,1467
3488,1414
3408,1425
3336,1425
3288,1263
3220,1173
3188,1171
3140,1269
3094,1343
3054,1310
3018,1320
2998,1354
2968,1310
3683,1292
3661,1277
3649,1236
3478,1233
3286,1269
3110,1216
3014,1196
2862,1178
2830,1129
2750,1131
2662,1154
2622,1096
2506,1075
2410,1043
2322,965
2306,1048
2266,1021
2182,1019
2150,979
2106,986
3337,944
3301,1616
3163,1339
3099,1348
2955,1546
4966,1350
4813,1455
4763,1616
4623,1322
4471,1333
4423,1869
4339,2018
4299,2212
4239,2249
4153,2225
4041,2181
3953,2162
3913,2071
3805,2102
3761,2028
3737,2002
3683,1515
3635,1462
3591,1417
3567,1557
3525,1580
4242,1583
4216,1577
4206,1611
4013,1534
3789,1503
3581,1441
3468,1494
3300,1541
3188,1547
3172,1524
3068,1472
3020,1474
2888,1389
2774,1378
2669,1384
2653,1350
2604,1304
2528,1304
2472,1307
2420,1483
2412,1489
2392,1438
2274,1387
2242,1364
2146,1335
4177,1488
4112,1505
4016,1504
3892,1480
3828,1408
3732,1378
3672,1364
3624,1366
3588,1404
3502,1319
3422,1325
3350,1306
3302,1324
3234,1297
3202,1287
3166,1325
3108,1255
3068,1249
3032,1228
3012,1232
3724,1184
3700,1172
3678,1214
3666,1182
3495,1150
3303,1133
3271,1132
3095,1105
3015,1053
2847,1037
2767,1046
2695,1031
2647,1016
2523,926
2491,954
2411,947
2323,1157
2291,1141
2215,1100
2199,1145
2159,1131
3366,966
3322,1505
3314,1222
3112,1195
3000,1217
5141,2712
4924,1776
4820,1827
4780,1747
4584,1724
4480,1650
4440,1669
4332,1627
4288,1603
4260,1640
4142,1617
4059,1552
3932,1545
3862,1728
3813,1681
3769,1653
3741,1633
3675,1599
3635,1601
3591,1659
4319,1699
4273,1715
4249,1728
4223,1725
4211,1628
3955,1691
3763,1605
3555,1508
3474,1575
3305,1471
3193,1354
3089,1605
3033,1612
3025,1589
2860,1538
2764,1513
2676,1408
2620,1510
2612,1493
2520,1434
2480,1409
2428,1382
2420,1291
2396,1345
2280,1245
2168,1308
4316,1644
4180,1634
4060,1752
4012,1685
3894,1549
3774,1590
3726,1586
3658,1564
3598,1566
3578,1549
3502,1518
3406,1491
3334,1473
3302,1436
3210,1433
3174,1383
3154,1381
3107,1397
3067,1323
3023,1349
3756,1357
3712,1253
3692,1316
3669,1310
3659,1199
3486,1277
3294,1256
3118,1160
3022,1194
2870,1166
2774,1139
2758,1120
2670,1097
2630,1117
2482,1044
2418,1077
2330,1035
2314,1299
2274,1568
2189,1234
2157,1224
3438,884
3422,1404
3385,1371
3247,1270
5475,1594
5379,1507
5211,2067
5059,1455
5003,1396
4871,1433
4719,1620
4671,2224
4587,2155
4547,2176
4487,2189
4401,1989
4289,2068
4201,2038
4161,2032
4053,1997
4009,1997
3985,1999
3931,1952
3883,1891
3831,1862
4638,1954
4592,1942
4568,1920
4542,1868
4530,1800
4265,1804
4043,1774
3850,1701
3733,1657
3558,1578
3442,1496
3334,1591
3318,1511
3268,1461
3085,1472
2996,1464
2880,1408
2814,1412
2804,1385
2705,1419
2660,1603
2602,1558
2593,1584
2563,1530
2432,1461
4761,1649
4640,1727
4427,1599
4344,1675
4284,1596
4072,1528
3971,1483
3901,1454
3812,1380
3733,1463
3710,1423
3600,1370
3536,1358
3461,1339
3373,1344
3329,1376
3290,1355
3270,1340
3207,1295
3175,1306
3139,1272
3907,1279
3865,1340
3845,1305
3823,1302
3813,1259
3563,1280
3389,1202
3196,1192
3107,1199
2961,1129
2860,1118
2768,1087
2720,1093
2712,1086
2555,1052
2465,1074
2381,1095
2323,1049
2314,1036
2219,992
2174,1010
3387,1064
3340,1439
3331,1542
3192,1121
5260,1372
5147,1505
4928,1642
4824,1886
4783,1439
4586,1434
4498,1485
4442,1839
4366,1986
4290,2053
4266,1872
4148,1908
4068,1929
3980,1914
3878,1810
3829,1785
3782,1820
3757,1760
3683,1742
3643,1984
3598,1935
4330,1992
4284,2034
4260,2062
4234,2008
4222,1989
3966,1948
3774,1841
3566,1782
3486,1783
3318,1698
3206,1629
3102,1623
3086,1591
3038,1502
2874,1533
2794,1505
2690,1748
2634,1744
2626,1732
2534,1646
2494,1692
2442,1644
2434,1686
2410,1667
2294,1531
4443,1739
4346,1784
4206,1687
4082,1720
4033,1699
3911,1569
3783,1589
3740,1633
3657,1505
3619,1561
3570,1565
3493,1430
3397,1525
3325,1492
3293,1472
3225,1481
3164,1463
3144,1441
3098,1446
3058,1491
3021,1387
3747,1352
3709,1382
3685,1354
3663,1313
3651,1275
3480,1189
3288,1223
3112,1164
3016,1140
2863,1123
2831,1160
2751,1109
2663,1105
2623,1133
2507,1039
2411,1098
2395,1093
2307,1061
2267,1088
2199,1093
2151,988
3405,1024
3337,1662
3309,1256
3163,1194
5369,1242
5129,1254
4993,1931
4881,3041
4761,2943
4653,1969
4541,1808
4421,1698
4353,1641
4297,1668
4253,1598
4151,1621
4055,1649
3967,1724
3911,1650
3835,3311
3795,3290
3751,2537
3680,1561
3632,1591
3588,3109
4313,3189
4271,1933
4243,1660
4217,1578
4203,1607
4010,1608
3786,1459
3578,1472
3546,2923
3450,2759
3266,2756
3170,1645
3066,1299
3026,2634
2886,2482
2774,1855
2758,1878
2654,2398
2606,1811
2528,1773
2472,1791
2464,1708
2412,1728
2392,1778
2274,1695
4513,1868
4369,1976
4201,1855
4105,2506
4009,1949
3917,2232
3821,1783
3725,2345
3665,1708
3617,2282
3581,1752
3495,1340
3415,2150
3343,2121
3295,1592
3227,1247
3195,1216
3159,1245
3100,1998
3060,1975
3775,1992
3751,2253
3713,1315
3689,1950
3666,2003
3654,1485
3483,1363
3291,1542
3114,1284
3018,1298
2866,1280
2834,1813
2754,1743
2666,1715
2626,1738
2510,1619
2414,1234
2326,1003
2310,996
2270,1017
2202,1242
2154,1611
3408,1015
3340,1647
3312,1307
3166,3451
5382,5930
5142,4973
4974,2893
4822,4324
4774,2662
4634,4022
4482,2815
4434,2576
4350,5405
4310,5138
4250,3462
4163,3736
4066,3778
3959,2834
3919,4907
3843,3813
3767,2892
3743,2592
3689,2691
3641,4379
4349,4733
4321,2342
4279,1792
4251,1814
4225,4758
4211,4650
4018,2361
3792,1723
3583,1683
3471,3954
3303,3746
3191,2186
3175,1548
3071,3633
3023,3485
2891,1957
2779,1576
2675,1577
2659,3182
2611,3170
2519,3107
2479,2272
2426,1727
2418,1676
2393,1706
4716,1716
4524,1765
4332,1766
4180,1730
4060,1656
4020,1654
3896,1590
3818,1545
3736,1559
3660,1487
3628,1493
3580,1518
3506,1472
3426,1469
3338,2510
3306,2456
3238,1783
3206,1482
3158,1388
3112,2315
3072,2345
3791,1769
3767,1406
3729,2415
3705,2382
3683,1793
3671,2298
3500,1616
3308,1095
3132,1071
3036,2123
3020,2097
2852,1585
2771,2040
2683,1480
2651,1156
2527,1098
2431,1082
2415,1087
2326,1819
2286,1838
2218,1784
2169,1311
3423,953
3355,1601
3327,1292
5615,1344
5421,1286
5213,1444
5012,2231
4899,1579
4811,5274
4671,3767
4559,2513
4471,5054
4371,3188
4323,3636
4271,2802
4251,2441
4137,2317
3985,4645
3937,4389
3869,2554
3821,1841
3769,1890
3749,4255
3683,4142
4405,2412
4353,4287
4329,2603
4283,2368
4259,3079
4233,2387
4220,3084
3965,2251
3773,1418
3565,2689
3485,2651
3317,2578
3205,2555
3100,1528
3084,2518
3036,2477
2871,2421
2790,1823
2683,2304
2667,2345
2619,1769
2524,1702
2483,1683
2427,1685
2419,2173
4838,2480
4716,2507
4524,1547
4332,1338
4180,1253
4116,1262
4020,1265
3896,1229
3832,1297
3736,1482
3676,1448
3628,1456
3592,1455
3506,2075
3426,2029
3354,2440
3306,2359
3238,2347
3206,1368
3170,1104
3153,2174
3862,2246
3782,1319
3758,1653
3719,1586
3694,1368
3672,1399
3660,1366
3658,1913
3425,1698
3265,1390
3089,1619
3008,1749
2840,1334
2776,1279
2688,1314
2640,1281
2516,1504
2484,1593
2404,1508
2316,1549
2284,1499
2208,1509
3485,1502
3413,1871
3361,1842
5776,1615
5748,1754
5414,1626
5206,2231
5006,1607
4894,1424
4774,1713
4666,1671
4554,2133
4434,3019
4366,3969
4310,3872
4266,2361
4164,1986
4068,3546
3964,3445
3924,2012
3847,2595
3770,2507
3746,2522
3692,2460
4404,2488
4352,2583
4320,2627
4274,2022
4250,3412
4224,2528
4212,2405
3957,1924
3765,1815
3557,2805
3477,2904
3309,2093
3197,1637
3093,1579
3037,2612
3029,2524
2865,2465
2769,2428
2681,1917
2625,2434
2541,2381
2525,1860
2477,2330
2433,2274
2405,2212
4845,1913
4567,1902
4391,1898
4223,1879
4127,1821
4055,2376
3939,2233
3843,1425
3747,2196
3687,2174
3639,1681
3603,1588
3517,2051
3437,2046
3349,1520
3317,1229
3248,1982
3188,1955
3168,1875
3122,1870
3082,1442
3801,1396
3773,1452
3731,1869
3711,1853
3689,1783
3679,1382
3446,1068
3286,1689
3110,1698
3030,1703
2894,1697
2798,1236
2710,827
2662,1467
2538,1398
2506,1830
2426,1785
2338,1321
2306,1690
2230,1758
2182,1400
2174,1344
3367,989
3339,1367
3193,1246
5405,3245
5164,1941
4996,4386
4916,3422
4793,2153
4653,1750
4501,1652
4453,1705
4369,4487
4329,4274
4269,2302
4153,1920
4071,1639
3983,1655
3880,1559
3830,1552
3783,1483
3755,1915
3689,3266
3649,3294
4358,2552
4334,1686
4288,1706
4241,1728
4226,1607
4033,3219
3809,3088
3601,2187
3568,1540
3469,1527
3285,1383
3189,1407
3085,2752
3045,2734
2904,2529
2792,1974
2688,1502
2672,1470
2624,2472
2548,2331
2492,2285
2440,2340
2432,1759
2408,2239
2294,2244
2182,2103
4325,1793
4189,1531
4068,2360
4020,2308
3856,1783
3784,2191
3736,1736
3644,1329
3608,2125
3584,2135
3482,1321
3418,2135
3322,2111
3262,1674
3214,2090
3178,1651
3162,2286
3104,2140
3044,1527
3024,2221
3734,2117
3710,1199
3688,1031
3676,1916
3505,1933
3313,1513
3137,1097
3041,1386
2889,1359
2857,1759
2777,1803
2689,1792
2649,1734
2501,1274
2437,999
2349,1052
2301,1758
2293,1685
2209,1570
2177,1660
2133,1579
2125,1537
2105,1181
3195,1111
3019,1406
2995,1265
4949,1520
4845,1509
4805,1418
4609,1656
4505,3832
4465,3759
4357,3598
4309,1890
4285,1610
4171,1623
4019,1609
3971,3426
3887,3345
3847,3363
3803,2041
3783,1676
3685,3339
3641,3200
3617,1925
3583,1561
4307,1615
4281,1638
4267,1655
4074,1559
3846,1532
3629,1479
3511,1531
3337,1541
3219,1522
3201,1490
3091,1497
3041,1439
2874,1378
2794,1381
2690,1358
2634,1328
2626,1547
2532,1506
2492,1465
2440,1912
2432,2231
2408,2185
2291,2086
2179,2005
2163,2032
4138,2173
4066,1664
4018,1318
3853,1262
3781,1258
3733,2079
3641,2067
3605,1527
3581,1209
3477,1214
3413,1185
3317,1942
3257,2465
3217,2394
3173,1402
3157,2438
3099,2331
3067,1367
3031,1148
3015,2267
2969,2303
3682,1713
3670,1304
3499,1233
3435,1277
3275,1249
3099,1214
3019,2074
2851,2048
2771,2018
2699,1204
2651,1154
2527,1937
2430,1892
2414,1883
2326,1373
2286,1097
2217,1766
2169,1791
2161,1767
2117,1325
2101,1280
1995,1230
1963,1252
2979,914
2875,1414
4927,1230
4807,1160
4667,1274
4587,1274
4467,1794
4399,1382
4343,1329
4299,1304
4197,1342
4101,1999
4013,2083
3957,2185
3881,2071
3841,2003
3797,4291
3727,4293
3679,3139
3635,2048
3611,2004
3577,1996
3553,1993
4270,2075
4256,2058
4063,2152
3839,3963
3631,3840
3544,2170
3503,1844
3319,1727
3219,1728
3115,1451
3074,1632
2931,1524
2817,1413
2801,1740
2697,1721
2657,2017
2573,2004
2517,1918
2509,1930
2457,1885
2437,1855
2433,1842
2284,2855
2198,2664
2091,2773
4157,2152
4076,1685
3957,1614
3871,1583
3780,1564
3696,1594
3652,1535
3607,1517
3590,1550
3485,1478
3365,1478
3325,1421
3265,2445
3225,2514
3181,1796
3165,1171
3107,1211
3075,2401
3039,2267
3023,1478
2989,1467
3710,1470
3688,1504
3678,1182
3442,805
3277,856
3100,1742
3036,1683
2884,1615
2788,1690
2700,1661
2652,1515
2644,1839
2496,1548
2416,1514
2344,1514
2296,1508
2288,1472
2204,1497
2172,1476
2128,1529
2120,1808
2100,1778
1998,1295
3007,949
2975,1395
4925,1408
4837,1140
4780,1345
4584,1526
4496,1989
4440,1523
4364,1420
4288,1378
4264,1315
4146,2331
4066,1748
3978,1230
3878,1378
3830,1375
3786,1760
3762,2035
3692,2042
3652,1914
3608,1925
3588,1971
3550,1855
4269,1899
4243,2047
4231,1986
3976,1930
3784,1923
3575,1760
3493,1734
3325,1743
3213,1687
3109,1657
3053,1699
3045,1569
2881,1561
2785,1552
2697,1481
2641,1478
2633,1524
2541,1433
2493,1432
2449,1397
2421,1391
2417,1388
2303,1360
2191,1333
2175,1377
4152,1502
4064,1470
4031,1518
3867,1451
3795,1345
3747,1393
3655,1364
3619,1322
3599,1373
3493,1267
3429,1295
3333,1348
3273,1227
3233,1244
3197,1263
3173,1263
3115,1208
3083,1242
3047,1222
3031,1182
3740,1209
3720,1144
3698,1147
3688,1169
3455,1181
3295,1133
3119,1128
3039,1105
2903,1084
2807,1090
2719,1019
2671,1062
2663,1055
2515,1048
2435,1049
2363,1011
2315,1014
2239,965
2223,995
2183,986
2147,978
2123,924
2119,928
1985,1139
3025,880
2993,1479
4938,1634
4834,1270
4694,1224
4598,1502
4494,2048
4454,1507
4346,1489
4294,1335
4274,1439
4160,1912
4008,1934
3960,1901
3876,1756
3836,1741
3792,1800
3772,1754
3690,1675
3630,1673
3606,1718
3572,1640
4285,1710
4259,1735
4245,1700
4052,1631
3826,1598
3618,1516
3506,1534
3490,1536
3306,1464
3210,1461
3106,1441
3066,1415
2926,1347
2813,1544
2709,1483
2693,1532
2645,1508
2569,1454
2513,1443
2505,1443
2453,1397
2433,1404
2315,1377
2283,1391
2187,1339
2097,1589
4147,1690
4047,1734
3923,1740
3859,1665
3763,1672
3703,1656
3655,1590
3619,1642
3533,1603
3453,1591
3365,1567
3333,1657
3265,1515
3233,1567
3185,1547
3139,1488
3099,1503
3063,1549
3043,1475
3013,1466
3730,1473
3708,1438
3696,1461
3525,1434
3333,1397
3156,1331
3060,1428
2908,1306
2876,1277
2796,1720
2708,1571
2667,1531
2551,1538
2455,1447
2367,1153
2351,1040
2311,973
2243,834
2195,848
2187,897
2143,1213
2127,1486
2019,1394
1987,1374
3000,921
5019,1371
4867,1328
4819,1294
4677,1266
4597,1599
4477,1542
4393,1261
4353,1373
4309,1231
4204,1242
4105,1409
3996,1732
3954,1814
3876,1781
3834,1894
3773,1824
3719,1742
3669,1751
3625,1951
3601,1705
3567,1688
4279,1742
4253,1734
4239,1766
4042,1703
3818,1638
3610,1680
3498,1531
3330,1486
3298,1519
3202,1446
3098,1458
3050,1564
2917,1841
2805,1858
2701,1925
2685,1832
2637,1824
2561,1817
2505,1728
2497,1710
2445,1922
2425,1637
2304,1584
2272,1656
2176,1536
4234,1706
4138,1791
4042,1710
3950,1683
3854,1699
3758,1563
3698,1609
3650,1664
3614,1565
3598,1558
3447,1542
3375,1478
3335,1488
3259,1564
3227,928
3191,723
3175,727
3117,819
3085,1958
3037,1959
3007,1977
3726,1952
3704,1523
3700,1222
3690,1228
3457,1169
3297,1159
3121,1149
3041,1129
2873,1102
2808,1104
2720,1118
2672,1250
2664,1250
2516,1200
2436,1173
2364,1133
2316,1109
2308,1163
2224,1133
2192,1171
2148,1119
2140,1139
2120,1152
2018,1092
3035,957
5197,1439
5028,1592
4874,1664
4826,2545
4686,1582
4534,1739
4486,1577
4401,1511
4361,1669
4317,1825
4215,1880
4119,2245
4031,2199
3975,2191
3899,2237
3859,2087
3815,2107
3795,2077
3729,2023
3653,1910
3629,1996
4340,1968
4312,2016
4286,1956
4272,1865
4270,1960
4014,1900
3817,1813
3604,1761
3507,1754
3323,1697
3242,1683
3137,1660
3079,1613
3071,1592
2901,1558
2801,1533
2710,1523
2653,1514
2644,1528
2552,1487
2511,1713
2459,1680
2451,1649
2427,1628
2313,1580
4554,1818
4362,1808
4209,1799
4089,1681
4049,1598
3925,1582
3861,1624
3765,1588
3705,1655
3657,1656
3621,1643
3605,1594
3455,1588
3383,1588
3343,1545
3267,1522
3235,1510
3199,1476
3183,1469
3125,1457
3093,1450
3808,1918
3788,1445
3746,1365
3726,1682
3704,1734
3694,1165
3458,1104
3297,899
3121,897
3041,983
2902,871
2806,1321
2717,982
2669,873
2661,1355
2511,907
2431,790
2359,1386
2311,811
2269,808
2219,1017
2178,846
2141,1635
2117,1679
3336,1609
5571,1598
5267,1962
5155,1417
4939,4147
4835,2521
4795,2111
4599,4051
4511,2440
4455,2376
4347,4592
4303,2522
4275,3950
4161,1794
4080,1505
3959,2392
3888,1617
3840,1403
3796,3653
3768,3352
3702,3409
4425,2193
4370,1741
4344,1761
4298,1761
4274,1750
4248,1683
4236,1701
3981,1646
3789,1570
3581,2988
3485,2951
3301,3955
3221,2284
3116,1859
3059,1851
2919,1749
2887,3581
2791,3627
2703,1893
2647,1279
2563,1933
2547,1339
2499,2919
2455,2541
2427,2507
2423,2459
4579,2505
4403,2132
4287,1666
4155,1613
4067,2495
3951,2598
3871,1846
3783,1555
3751,1546
3659,2485
3623,2459
3599,1906
3497,2359
3377,2320
3337,1809
3277,1693
3229,2187
3193,2165
3177,2161
3119,2194
3846,1523
3802,1079
3748,1063
3724,2050
3702,2021
3690,1960
3519,1219
3455,1994
3294,1841
3118,1605
3038,1427
2870,1812
2790,1826
2718,1792
2670,1709
2545,1244
2513,1246
2433,1625
2345,1646
2313,1552
2237,1592
2221,1629
2181,1563
2137,1572
2121,1554
3353,1000
5498,1525
5290,1463
5090,1309
4975,1740
4887,1582
4744,3076
4632,2962
4544,2311
4443,2304
4391,3798
4335,2901
4314,1947
4136,5067
4046,2660
3998,3541
3913,2085
3873,2570
3829,3452
3809,2523
3711,1710
4431,3413
4403,3371
4361,2537
4333,3479
4307,1975
4293,3372
4094,2537
3854,3039
3640,1787
3525,1480
3509,2740
3325,2649
3229,2064
3125,2574
3085,1964
2944,2605
2832,1927
2816,1587
2712,996
2664,2396
2588,2451
2532,2433
2524,1778
2472,1841
2452,1826
4814,1848
4620,2045
4424,1942
4271,2529
4206,1929
4110,1490
3986,1426
3922,1513
3826,1543
3766,1710
3718,1716
3682,1668
3596,2324
3516,2267
3428,1747
3396,2273
3328,2239
3268,1392
3248,1136
3202,2172
3162,2158
3898,1730
3874,1352
3836,1302
3812,1310
3790,2121
3778,2230
3602,1596
3397,1227
3211,1223
3110,1943
2950,1947
2840,1948
2821,1520
2723,1164
2680,1903
2531,1828
2465,1432
2377,1395
2329,1833
2321,1799
2236,1794
2204,1398
2160,1767
2152,1759
2131,1856
5609,1126
5292,1591
5175,1456
5018,2139
4861,1547
4804,4267
4608,2994
4519,1831
4463,1709
4387,1579
4311,1844
4287,3997
4168,4070
4088,2233
4000,1832
3900,1704
3852,3576
3808,3619
3780,2707
3714,1839
3674,1774
4384,3501
4360,3571
4314,2132
4290,2681
4264,2859
4252,2731
3997,2051
3804,1686
3596,3196
3500,3136
3315,2319
3233,1563
3126,1509
3070,2900
2930,2802
2898,2136
2800,1643
2694,2714
2654,2680
2570,1994
2554,2602
2506,2517
2462,2800
2434,1912
2430,2952
4591,3655
4415,1337
4247,3011
4151,1733
4079,1152
3963,1033
3864,2980
3786,2228
3702,1526
3654,1114
3618,861
3602,1033
3452,2211
3380,2158
3332,2152
3264,2088
3232,1642
3184,1644
3138,1628
3098,2061
3062,2052
3789,2067
3751,1578
3727,1582
3705,1550
3693,1524
3522,1925
3330,1918
3154,1837
3058,1444
2906,1747
2810,1777
2794,1779
2706,1755
2666,1702
2518,1660
2454,1629
2366,1604
2318,1638
2310,1616
2226,1611
2194,1629
2150,1594
2142,1588
2122,1265
2020,1222
5296,967
5181,1580
4957,1515
4865,1627
4804,3230
4608,1904
4520,1963
4464,4045
4356,4040
4312,2573
4284,3952
4170,3143
4090,2045
3969,2014
3901,1933
3853,1926
3801,3511
3781,3541
3713,2705
3672,1885
3628,3403
4359,3425
4293,2180
4267,1610
4253,3391
4054,3263
3990,1999
3798,1652
3590,1589
3494,2989
3310,3316
3214,2332
3110,1818
3070,1520
2930,3025
2818,2923
2802,1852
2698,2978
2650,2777
2574,1736
2518,1418
2510,2741
2458,2637
2438,2087
2320,1641
2288,2695
4373,2770
4221,1684
4101,2909
4061,2035
3937,2662
3817,1709
3777,2688
3701,1996
3669,2557
3621,2499
3547,1987
3451,1501
3379,1488
3347,2510
3251,2358
3209,1862
3189,1299
3143,2519
3095,2302
3059,1849
3043,1437
3748,1395
3728,1399
3706,1320
3696,1397
3463,1359
3303,1373
3127,1325
3047,1249
2879,1274
2814,1265
2725,1261
2677,1995
2553,1898
2521,2029
2441,1404
2353,1475
2321,1530
2245,1459
2229,1456
2189,1897
2145,1952
2129,1861
2023,1847
1991,1270
1911,1381
5072,1005
4960,1370
4840,1336
4700,1319
4620,2162
4500,3038
4416,2367
4376,4260
4316,2319
4230,1684
4124,2040
4028,1958
3988,1858
3880,1992
3836,1814
3812,1807
3758,1908
3702,1679
3658,1802
3638,1746
4355,1689
4331,3918
4305,4107
4293,2993
4035,1898
3842,3875
3634,2728
3538,1755
3354,3522
3274,3409
3170,2408
3114,1729
2973,1756
2940,3615
2842,2895
2738,2503
2698,1751
2614,1254
2558,3763
2550,2240
2498,1347
2478,1797
2360,1477
2328,1307
2232,1802
2144,2405
4249,2598
4153,2961
4029,1485
3965,1026
3869,2846
3793,2490
3761,2493
3713,1831
3639,1830
3543,1757
3471,1731
3439,2336
3347,2308
3311,1736
3291,2196
3245,2251
3205,1661
3161,1751
3145,1719
3111,2138
3864,2093
3842,1636
3832,2140
3597,2037
3434,1325
3255,1278
3191,2042
3036,2077
2937,2020
2846,1517
2798,1443
2789,1908
2624,1871
2525,1815
2438,1877
2381,1848
2372,1830
2277,1833
2228,1459
2184,1828
2155,1821
2151,1801
2033,1738
1937,1728
1921,1705
1833,1656
4855,966
4815,2464
4617,1273
4529,2366
4473,1676
4397,4062
4321,2941
4297,2166
4211,3923
4099,2994
4010,2076
3969,3739
3861,3652
3817,2813
3793,2764
3738,2296
3690,2298
3646,3424
3622,3470
3588,2713
4301,2117
4275,2129
4261,3613
4064,3373
3839,2063
3631,3326
3599,2487
3503,3178
3319,2479
3223,2024
3135,1843
3079,1913
2939,1874
2907,3007
2811,2842
2723,2898
2667,2246
2583,1657
2567,1647
2519,1639
2475,1577
2467,1621
2443,1689
2329,1636
2217,2534
4376,2816
4224,2900
4104,1715
4064,1453
3940,2878
3876,2769
3780,2100
3720,1707
3672,1580
3636,2641
3620,2589
3470,2064
3398,2026
3358,2059
3298,2022
3250,1999
3214,1971
3198,1988
3140,1951
3108,1812
3072,1918
3803,1831
3761,1772
3741,1860
3719,2326
3709,2329
3476,1756
3316,2169
3172,2111
3076,2184
2923,1626
2827,2022
2811,2106
2723,1565
2683,1467
2567,1499
2471,1898
2455,1844
2367,1909
2327,1857
2259,1780
2211,1857
2203,1833
2167,1785
2143,1792
2139,1787
2004,1625
5256,1012
5176,1418
4956,1462
4850,1270
4810,1794
4612,1427
4524,3511
4468,5374
4391,2458
4315,2146
4291,1984
4171,5220
4091,3916
4003,2571
3903,3812
3855,2938
3811,2446
3787,2357
3717,2431
3677,4746
4387,4964
4363,2517
4317,1929
4293,4936
4267,4967
4255,2335
4000,1899
3808,4522
3600,4194
3520,2863
3352,2000
3240,4063
3135,3923
3119,2308
3071,3804
2907,2737
2827,3579
2723,3511
2667,2091
2659,1671
2567,3406
2527,3385
2475,2473
2467,3279
2443,3205
4697,1929
4457,1945
4361,1968
4177,1975
4105,1900
4057,1896
3893,1829
3821,1755
3773,3022
3705,2983
3645,2927
3625,1718
3519,2855
3455,2849
3383,2151
3299,1581
3259,2768
3223,2771
3203,1560
3157,1304
3109,1270
3829,2612
3809,2585
3767,1917
3747,1241
3725,2552
3715,2446
3473,1396
3313,2405
3169,2315
3073,1335
2921,2273
2824,1403
2736,1371
2720,1637
2680,1652
2531,1582
2467,1744
2379,1726
2331,1657
2323,1305
2239,1656
2207,1627
2163,1630
2155,1623
2135,1616
2033,1579
5281,1025
5185,1548
5017,1404
4865,1332
4817,1276
4677,1391
4525,2282
4477,4093
4393,3068
4353,1899
4293,1737
4207,1923
4111,1748
4006,1798
3966,1813
3890,1632
3850,3663
3790,3601
3736,2087
3688,2646
4396,2161
4368,3552
4326,2358
4298,1593
4272,1525
4258,3317
4065,3411
3841,1953
3632,2435
3520,3080
3504,1959
3319,1345
3223,3004
3119,2895
3079,2889
2939,2138
2827,1634
2811,1617
2707,2679
2667,2595
2583,2654
2567,2016
2519,2497
2475,2609
2447,1957
4882,2625
4604,1937
4428,1462
4364,2626
4180,2719
4092,2640
4060,1652
3896,1349
3808,1380
3776,2620
3702,2414
3648,2497
3628,2548
3521,1539
3457,2405
3385,2396
3301,1756
3261,2317
3225,2311
3205,1392
3929,1193
3881,1178
3837,1247
3813,1176
3775,2136
3751,2246
3729,2221
3717,1610
3546,1280
3354,1238
3178,1232
3082,2043
3066,1985
2898,1477
2818,1478
2730,1477
2698,1425
2574,1438
2478,1406
2462,1786
2374,1812
2342,1897
2266,1372
2250,1790
2210,1775
2174,2104
2150,1340
6329,1215
5990,2007
5777,1565
5696,1848
5478,1506
5374,1640
5334,4536
5138,2959
5050,2261
4994,4521
4918,3084
4842,2118
4818,2076
4700,4256
4620,4213
4532,2539
4432,2461
4384,2340
4340,2313
5261,2526
5191,2499
5135,2371
5075,2398
5051,3203
5005,5057
4981,3284
4955,2066
4945,2031
4725,4989
4447,4887
4203,2273
4065,3481
3869,3260
3828,2549
3710,4316
3584,4315
3523,2003
3370,4054
3227,2941
3205,1939
3077,1884
3014,3762
2925,3683
2857,2707
2847,2709
5647,2796
5590,2817
5568,1915
5189,3702
4939,2471
4713,2651
4599,2021
4477,3549
4321,2480
4191,3443
4064,1899
4018,3307
3891,3268
3846,1580
3811,1305
3692,1326
3620,3082
3540,3036
3449,2212
3399,1479
4164,1434
4138,3056
4068,3145
4006,1771
3954,2940
3929,2108
3882,1396
3848,1420
3818,2742
3801,2787
3620,2023
3428,1325
3244,1264
3148,2593
3131,2627
2958,1880
2878,1294
2786,1228
2754,2493
2622,2391
2526,2415
2510,1786
2420,1817
2388,1791
2308,1749
2292,1726
2252,1781
5948,1142
5872,2156
5844,2022
5503,2925
5295,2098
5095,2052
4999,1891
4895,1867
4752,4244
4656,4244
4552,2591
4512,4122
4403,2576
4359,3984
4331,2370
4209,2007
4129,3868
4009,3891
3938,2200
4685,1920
4633,3841
4601,3781
4515,2279
4467,1673
4415,1696
4391,3687
4345,3654
4321,2159
4295,1782
4283,1802
4023,3352
3830,3264
3651,2345
3538,1819
3368,1821
3255,2879
3150,2830
3134,2362
3086,1646
2921,1597
2841,2746
2737,2669
2721,2593
2673,2019
5168,2827
5080,2235
4996,1474
4948,2798
4912,2182
4776,2057
4584,1685
4392,2701
4240,2762
4176,1354
4079,1185
3955,2504
3891,2477
3795,1936
3735,1507
3687,2417
3651,2483
3565,1903
3485,1254
3413,1204
3365,2337
4102,2302
4062,1877
4018,1433
3998,1404
3892,1403
3848,2264
3824,2228
3786,2214
3762,1742
3740,2276
3728,2185
3555,1650
3491,2212
3331,2078
3155,1587
3075,2027
2907,2043
2843,1309
2755,1138
2707,2414
2581,1083
2548,1711
2463,1639
2390,1592
2342,1602
2266,2071
2250,2187
6017,1299
5933,2245
5857,1483
5829,1492
5622,2036
5318,1840
5206,1655
4990,1643
4886,1515
4846,1560
4650,1844
4562,4306
4506,4237
4430,1616
4354,3929
4329,4058
4207,3137
4127,1985
4005,3883
4746,3863
4690,2263
4638,1832
4606,1804
4524,3622
4476,3640
4424,3634
4400,2832
4354,3516
4330,2087
4304,1837
4292,3471
4037,3441
3845,3258
3637,2371
3541,3076
3388,2233
3276,2231
3172,2180
3116,2173
3108,2764
2938,2660
2840,1611
2749,1582
2687,1560
5253,2824
5157,2889
5061,1652
4985,1283
4925,1276
4901,1244
4623,1242
4447,1253
4383,1216
4199,1306
4111,1305
3995,2424
3915,2417
3827,2384
3795,1420
3703,2361
3667,2378
3643,1419
3541,2259
3421,2384
3381,1398
4126,2225
4070,2389
4026,1388
4006,1129
3932,1200
3892,1168
3832,2112
3794,2267
3770,1627
3748,2101
3736,1618
3564,1232
3372,1227
3195,1226
3162,1971
3082,1972
2914,1883
2834,1922
2746,1905
2714,1500
2590,1819
2494,1826
2406,1759
2390,1768
2350,1798
2281,1753
2233,1723
5967,1130
5911,1825
5851,1761
5639,2157
5331,1821
5234,1698
5065,1937
4913,1740
4857,1597
4658,1946
4568,2090
4511,4425
4435,4334
4359,2670
4331,3263
4217,3160
4137,2479
4017,2428
4757,2437
4693,2404
4639,2352
4615,2407
4533,3736
4485,3716
4413,2286
4371,3701
4343,2545
4317,2765
4303,2108
4106,3306
3869,3320
3654,1921
3537,1408
3364,1356
3252,1328
3236,1328
3132,1586
3084,1793
2920,1742
2840,2089
2736,2688
2680,2673
2672,2689
2580,2631
5055,2990
4979,1772
4919,2826
4895,2237
4617,1415
4441,1384
4273,1383
4177,1351
4081,1336
3989,1302
3893,1436
3797,1408
3737,1419
3689,1410
3641,1372
3567,1377
3471,1576
3399,1547
3315,1532
3275,1547
4027,1520
3999,1552
3925,1533
3885,1682
3841,1504
3821,1543
3779,1509
3740,1600
3728,1427
3557,1436
3493,1798
3333,1321
3156,847
3076,831
2908,782
2828,2322
2756,2299
2708,1721
2584,2260
2552,2366
2472,2353
2384,1778
2352,1379
2276,2274
2260,2321
2220,2321
2184,1735
2160,1711
5814,1161
5480,2321
5272,1508
5192,1884
4976,1591
4872,1601
4832,1987
4636,1709
4532,1549
4492,1850
4384,2111
4340,2051
4312,2318
4198,2254
4046,2128
3998,2165
3930,4475
3874,4469
4622,2078
4598,1934
4516,1826
4468,1801
4406,1731
4354,3679
4326,3685
4300,2849
4286,2854
4093,2188
3868,2332
3659,3748
3627,2661
3529,1786
3345,1862
3249,1690
3145,3494
3105,3311
2963,1876
2850,3119
2744,2343
2728,1524
2679,1667
2602,3113
2546,3104
5009,2518
4961,1657
4913,3356
4727,2001
4487,3160
4407,1806
4255,3012
4135,2250
4087,3009
3923,1781
3851,3023
3803,1715
3735,1544
3675,1112
3655,1072
3545,2713
3477,2797
3377,2183
3317,2063
3277,1674
3233,1601
4003,1655
3929,1695
3889,1521
3845,1560
3791,1666
3767,1516
3745,1572
3733,1637
3562,1467
3370,1540
3338,1614
3162,2632
3082,2529
2914,1916
2834,1429
2746,1474
2714,1405
2590,1338
2494,1339
2406,2161
2390,2223
2350,1743
2280,1320
2230,1330
2184,1295
2174,2140
2153,2048
2051,2032
5446,1059
5205,1819
5037,1401
4881,1657
4825,1490
4693,1523
4541,1444
4493,1830
4409,1540
4369,1472
4309,1768
4223,1777
4111,4585
4023,4353
3952,2556
3874,2104
3830,1946
3806,1932
4520,1977
4456,2085
4404,2023
4380,1852
4334,1812
4310,1906
4284,1789
4272,1766
4017,4037
3825,3996
3617,2243
3521,1660
3369,3959
3257,3498
3153,2232
3097,1791
3089,1740
2925,1841
2829,1851
2741,3591
2685,3360
2601,2518
2585,1947
2537,1936
2493,3258
4920,3262
4896,1975
4618,3391
4442,2022
4274,1466
4178,3177
4106,3239
3989,1580
3893,3116
3821,3027
3737,1518
3697,1329
3653,1357
3637,1310
3487,1267
3415,1393
3367,1372
3299,1344
3267,1379
3231,1312
3173,1406
3893,1525
3849,2817
3825,2860
3787,2019
3763,1367
3741,2638
3729,2650
3558,1579
3366,1305
3190,1326
3094,1300
2942,1260
2910,2502
2830,2605
2742,1946
2702,1513
2586,1496
2490,1423
2402,1429
2386,2373
2346,2337
2277,2019
2229,1548
2185,1528
2177,1525
2157,1500
2055,1446
2023,1393
5209,1082
5040,1587
4887,1458
4839,1841
4699,1634
4547,1544
4499,2075
4415,1585
4375,1607
4315,1643
4229,1889
4117,2384
4029,2357
3989,2285
3881,2274
3837,2368
3813,2158
3759,2187
4462,2231
4410,2203
4386,2208
4340,2151
4316,2184
4290,2170
4278,2217
4023,2136
3831,2015
3623,1932
3543,1911
3375,1906
3263,1822
3159,1763
3103,1818
3095,1775
2931,1669
2835,1682
2747,1584
2691,1654
2683,1980
2591,1870
2543,1877
2499,1875
2471,1829
4914,2079
4634,1987
4460,1918
4394,1975
4210,1887
4122,1957
4006,1818
3926,1725
3838,1716
3806,1731
3714,1770
3678,1689
3654,2343
3552,2293
3432,1749
3392,1408
3332,1396
3284,1357
3248,1382
3232,1401
3909,1333
3868,1411
3844,1306
3806,1342
3781,1358
3759,1277
3747,1303
3576,1239
3383,1202
3203,1224
3103,1191
3085,1409
2914,1345
2834,1313
2745,1372
2705,1375
2589,1337
2493,1343
2405,1333
2388,1321
2348,1314
2280,1237
2232,1281
2188,1273
2180,1302
2160,1250
2057,1199
1961,1165
1945,1213
5066,1052
4914,1606
4858,1307
4726,1630
4574,1488
4518,1461
4442,1601
4366,1622
4342,1724
4222,2037
4141,2184
4020,2113
3951,2108
3903,2089
3852,2042
3826,2036
3754,1960
4481,2019
4428,2037
4404,1992
4354,2069
4305,1979
4291,1863
4090,1935
4026,1858
3834,1806
3626,1886
3530,1561
3346,1468
3250,1445
3145,1610
3105,1741
2965,1725
2853,1890
2837,1838
2733,1840
2685,1813
2609,1814
2553,1756
2500,1991
2492,1994
2467,1887
2353,1967
4485,2070
4405,2032
4253,2017
4133,2017
4085,1937
3920,1936
3848,1915
3800,1856
3708,1851
3672,1887
3648,1740
3546,1387
3426,1131
3386,1229
3326,1190
3278,1169
3242,1191
3226,1194
3144,1144
3108,1348
3838,995
3798,894
3772,864
3748,1065
3733,1403
3562,1814
3370,2002
3194,1978
3098,1933
2946,1911
2850,2450
2762,1996
2714,1175
2706,1584
2558,1137
2478,1133
2390,1712
2358,1162
2282,1119
2265,1686
2225,1106
2181,1116
2165,1229
2059,1089
2027,1850
1947,1913
1875,1892
1859,1849
1819,1868
4721,1025
4569,1411
4521,1483
4437,1316
4397,1212
4337,1397
4251,1942
4139,1551
4051,1527
3951,3954
3903,3889
3859,3091
3835,2156
3765,2080
3725,2005
3681,1995
3661,1980
4366,2061
4342,2026
4316,2027
4304,1991
4048,1989
3856,1885
3646,1812
3549,1796
3357,1874
3257,2204
3165,2185
3109,2056
2969,2082
2857,2107
2841,1987
2735,2066
2686,2056
2609,2020
2553,1978
2545,1996
2493,1966
2473,1948
2355,1897
2323,1860
2227,1852
4250,1960
4130,2023
4082,2011
3966,1856
3846,1765
3798,1857
3730,1843
3670,1757
3650,1827
3543,1644
3479,1692
3407,1749
3323,1671
3283,1958
3247,2011
3223,2016
3165,1961
3133,1968
3097,1954
3081,1921
3047,1324
3766,988
3744,883
3734,839
3501,2423
3341,2693
3165,1977
3085,1298
2916,1287
2852,1308
2764,1283
2716,1257
2592,1232
2560,1270
2480,1069
2408,1330
2360,1948
2284,1934
2268,1955
2228,2212
2192,1923
2168,1902
2164,1518
2062,1528
1966,1499
1950,1448
1862,1461
1830,1417
1822,1418
1754,1368
4554,1041
4506,1516
4422,1666
4382,1539
4322,1356
4236,1491
4124,3982
4036,3904
3996,3011
3888,2347
3844,1970
3820,2010
3766,2037
3710,1770
3666,1977
3646,1929
3608,2111
4324,2218
4298,2236
4286,2299
4031,2330
3839,2242
3631,2030
3535,2138
3383,2131
3271,2127
3167,2040
3111,2066
3103,1879
2939,1968
2843,1911
2755,1869
2699,1874
2615,1816
2599,1704
2549,1794
2503,1912
2475,1705
2471,1752
2325,1615
2245,1604
2141,1718
4203,1737
4115,1765
3999,1823
3903,1651
3831,1617
3747,1727
3707,1592
3663,1593
3647,1703
3497,1560
3425,1574
3385,1697
3309,1514
3277,1537
3241,1429
3225,1398
3143,1419
3107,1580
3087,1565
3057,1574
3037,1557
3750,1534
3738,1537
3567,1480
3375,1481
3199,1465
3103,1431
2951,1416
2919,1425
2839,1409
2751,1411
2711,1403
2595,1202
2499,832
2411,894
2395,1137
2355,1374
2271,1704
2239,1899
2195,1915
2187,1789
2167,1757
2065,1724
1969,1769
1953,1698
1881,1762
1833,1760
1825,1649
1757,1664
1709,1723
4510,955
4434,2624
4358,1289
4334,2934
4216,1744
4136,1604
4048,1746
3948,1650
3900,1616
3856,1896
3832,4407
3760,4163
3719,2319
3674,1990
3654,1914
3616,1975
3596,1917
4306,2153
4294,2193
4036,2200
3843,1929
3635,1972
3555,1980
3387,1931
3275,1939
3171,1838
3115,1820
3107,1765
2943,1699
2847,1667
2759,1649
2701,1702
2693,2300
2600,2389
2560,2286
2508,2212
2500,2308
2476,2832
2362,2833
2250,2764
2234,2710
2130,2670
4137,2803
4089,2799
3925,2111
3853,2040
3805,2008
3725,1968
3677,1994
3657,1952
3551,1902
3487,1924
3391,1898
3331,1831
3291,2928
3255,2421
3231,1873
3173,1838
3141,1820
3105,1745
3089,1812
3055,1712
3774,1723
3752,1794
3742,1717
3509,1660
3349,1774
3173,1628
3093,1663
2957,1675
2861,1548
2772,1580
2724,1638
2716,1515
2568,1524
2488,1610
2416,1478
2368,1538
2292,1547
2276,1472
2235,1488
2199,1799
2175,1733
2171,1891
2037,1868
1973,1826
1957,1862
1869,1838
1837,1931
1829,1768
1745,1409
1713,1332
4503,974
4395,1488
4351,1288
4323,1232
4209,1186
4129,1367
4009,1669
3941,3707
3893,2895
3841,1857
3821,1926
3755,1887
3715,3561
3671,5033
3651,2779
3613,2055
4328,2081
4302,5070
4290,4959
4035,2294
3843,4625
3635,2956
3539,4487
3355,2492
3275,3056
3171,4038
3115,3006
3107,2336
2943,3795
2847,3785
2759,2250
2703,1842
2619,3609
2603,3622
2555,2738
2511,3511
2483,2577
2479,3417
2333,2589
2253,1972
2237,3302
4214,3458
4126,2388
4094,1493
3930,1468
3842,1446
3810,1403
3718,1406
3682,1448
3658,1667
3556,3138
3492,3209
3396,2362
3336,1512
3296,1511
3260,3010
3236,3059
3178,1790
3146,1455
3110,2978
3094,2969
3060,1682
3783,1721
3761,1735
3751,1650
3518,1653
3358,1646
3182,1604
3118,1646
2966,2770
2870,2722
2782,2725
2766,2064
2726,1543
2576,1555
2492,2673
2419,2612
2371,1949
2363,1531
2279,2531
2247,2588
2203,2320
2195,2431
2175,1781
2073,1414
1977,2231
1961,2406
1889,2295
1841,2242
1833,1693
1765,1691
1717,1905
4516,1025
4432,1638
4392,1653
4332,1930
4246,1595
4134,3279
4046,3022
4006,2943
3930,4050
3854,3921
3830,2307
3776,1728
3728,1672
3684,3613
3660,3631
3626,2700
4337,1988
4311,1875
4297,3826
4103,3781
3879,2298
3671,1664
3559,1632
3543,3429
3359,3373
3263,2595
3159,3233
3119,3204
2979,1957
2867,1620
2851,3119
2746,3058
2706,3077
2622,2974
2606,2306
2558,2940
2514,2883
2486,2880
2482,2207
2336,2753
2256,2738
4399,2938
4215,1911
4127,1510
4095,2866
3931,2808
3859,1665
3811,1412
3743,1427
3683,1382
3663,1374
3557,1806
3493,2177
3421,2666
3389,2648
3297,2003
3261,2607
3241,2603
3195,1593
3155,1285
3119,2521
3099,2438
3808,1864
3784,1518
3762,2442
3750,2387
3579,1850
3387,1465
3211,1385
3115,1454
2963,1429
2931,1357
2851,1421
2763,2211
2731,2181
2607,2204
2511,2737
2495,1666
2407,1026
2367,2129
2298,2596
2250,2637
2242,1520
2198,2569
2182,2603
2076,1859
2044,1461
1964,2488
1892,2481
1876,2428
1836,1830
1768,1800
4643,1032
4520,1641
4452,1769
4396,1471
4352,2756
4332,1933
4154,1805
4066,1718
4010,4074
3934,4017
3894,3119
3850,3149
3830,4932
3732,2692
3686,1831
3662,1871
4367,1914
4339,1840
4313,1882
4299,3950
4106,3909
3882,2966
3850,2274
3642,2300
3546,3606
3362,3544
3266,2740
3178,3418
3122,2653
2982,2056
2950,2056
2854,2037
2750,3018
2710,3072
2626,3147
2610,2994
2562,2364
2518,1889
2490,1778
2486,2912
2340,2840
4467,2353
4299,2002
4219,1960
4131,3082
4015,3000
3935,2320
3847,1822
3815,1795
3723,2789
3687,2821
3663,2266
3561,1459
3497,1232
3400,1200
3340,1228
3300,2652
3264,2686
3244,2522
3182,2056
3150,2588
3114,2490
3845,2031
3803,2015
3783,2003
3761,2476
3751,2491
3518,1912
3390,1490
3214,2367
3118,2333
2966,2272
2869,2123
2853,1398
2765,1399
2725,1316
2609,1348
2513,1348
2425,1284
2409,2110
2369,2147
2301,2085
2253,2064
2245,2113
2201,2051
2185,1600
2079,1598
2047,1935
1983,1942
1895,1912
1879,1905
1847,1896
4754,1055
4641,1765
4552,1438
4452,1542
4404,2245
4352,1740
4332,1958
4154,1712
4066,1714
4018,2024
3934,2269
3894,2209
3850,2205
3830,2181
3764,2182
4439,2165
4411,2245
4369,2172
4341,2150
4315,2142
4301,2148
4108,2077
3884,2032
3852,2019
3644,1988
3548,2159
3364,2136
3268,3412
3180,3335
3124,3329
2984,2525
2872,1981
2856,1925
2752,1942
2712,1925
2628,2001
2572,1880
2564,1871
2512,1809
2492,1855
2374,2845
4650,3020
4474,3153
4306,1896
4209,1536
4137,3026
4021,2945
3925,2099
3853,2200
3769,2209
3729,2139
3685,2132
3669,2079
3519,2629
3447,2604
3407,2026
3331,2577
3299,2785
3263,2369
3247,1843
3189,3096
3917,3104
3857,1815
3819,3047
3795,2340
3773,3044
3761,2267
3759,1779
3522,2285
3359,2394
3183,1880
3103,1825
2935,1811
2871,2318
2783,2282
2735,2249
2611,2232
2579,2208
2499,2237
2427,2190
2379,1726
2303,1686
2287,1699
2247,2150
2211,2162
2187,2115
2183,2119
2049,2036
1985,2053
1969,2041
1881,2063
1849,2025
4869,1058
4673,1463
4585,1574
4529,1767
4453,1568
4377,1636
4353,4448
4235,4113
4155,3074
4066,2216
3966,2243
3918,4045
3874,4079
3850,3250
3796,2171
4510,2202
4458,3955
4426,4085
4380,2446
4356,3970
4334,2939
4320,2164
4127,3915
3903,2982
3695,2370
3583,3640
3415,3526
3383,2197
3287,3428
3183,2601
3143,1773
3003,1750
2891,1669
2875,1644
2771,1636
2723,3157
2647,3126
2591,2363
2583,1871
2531,1833
4978,3286
4844,3048
4684,1628
4508,1586
4340,1493
4238,1385
4162,1677
4046,1668
3950,2929
3878,2971
3794,2265
3754,1686
3710,1741
3694,2856
3544,2689
3472,1739
3432,2791
3356,2195
3324,2666
3288,2790
3272,1758
3990,2573
3932,2748
3890,1629
3852,2595
3828,2091
3806,2651
3794,2005
3622,1441
3424,2577
3391,2490
3214,1598
3134,1298
2966,2350
2886,2399
2814,1909
2766,2407
2642,2322
2546,2211
2530,2308
2442,1800
2410,1757
2334,2230
2318,2317
2278,2107
2234,2244
2218,1743
2214,2159
2079,2148
2015,2149
1924,2090
1907,2123
4925,1126
4783,1968
4687,1785
4583,1559
4483,2561
4435,1737
4391,4413
4363,3889
4249,2151
4097,4111
4049,3132
3981,2158
3933,3905
3881,3974
3861,2701
4563,2540
4515,2438
4463,2536
4439,2365
4393,3909
4369,3895
4343,3917
4329,3011
4072,3959
3880,3713
3672,3539
3592,2348
3423,1791
3311,1764
3207,3306
3191,3325
3143,3206
2979,2417
2899,3129
2795,3156
2739,2381
2731,1846
2639,1858
2599,3065
2547,2985
5007,3237
4959,1886
4773,1477
4645,1450
4453,1385
4301,1452
4181,1401
4141,3023
4017,2958
3897,3976
3857,1718
3781,1334
3749,1319
3701,1271
3627,2719
3547,2687
3459,2725
3427,1669
3359,1675
3295,2705
3275,2677
3997,2093
3949,1617
3905,1623
3877,1584
3835,1633
3815,1653
3793,2562
3783,2642
3550,2179
3390,2521
3214,2466
3150,2023
2997,1875
2901,2382
2812,2387
2764,2375
2756,1875
2607,1813
2527,1816
2455,2214
2407,1801
2331,1749
2315,2226
2275,2195
2238,2211
2214,2242
2210,1680
2075,2094
2011,2139
1923,2086
1907,2030
4925,1098
4785,1546
4689,1473
4585,1229
4545,1597
4437,1837
4393,2045
4365,3182
4251,3272
4171,2617
4051,2089
3983,2138
3935,2097
3891,3962
3863,3959
4564,2465
4516,3081
4464,2456
4440,4035
4393,2365
4369,1802
4343,3878
4331,3823
4068,2923
3907,3044
3697,1971
3584,1513
3413,1438
3301,1306
3285,1416
3181,1441
3133,1322
2967,1264
2887,1321
2783,1278
2767,1217
2719,1689
2627,1172
2587,1127
2535,1104
4998,1335
4950,3175
4827,3146
4635,3213
4443,3182
4291,1865
4171,2962
4131,2259
4007,1549
3887,1461
3847,2746
3771,2653
3739,2028
3691,2026
3616,2016
3536,1986
3448,1976
3416,1984
3348,1903
3316,1990
4054,1962
3992,1961
3944,1987
3900,1909
3876,2527
3838,1910
3814,1518
3792,1507
3780,2538
3609,2441
3416,1765
3240,1479
3144,1382
3128,2226
2960,2224
2880,2193
2792,1664
2760,1671
2635,1610
2539,2011
2523,2065
2435,2090
2395,1566
2327,1587
2279,2445
2271,1967
2227,1564
2211,2001
2105,1894
2073,1966
2009,1971
1921,1817
5025,1051
4905,1639
4797,1423
4685,1295
4597,1567
4497,1395
4449,1943
4397,2615
4377,2154
4199,2556
4111,2468
4063,2478
3979,2383
3939,2481
4691,4741
4667,3349
4585,2144
4537,1805
4485,4539
4461,3443
4415,2082
4391,3436
4365,2712
4353,2208
4098,2104
3906,3534
3698,3522
3602,2046
3414,1716
3332,1746
3225,3171
3168,3176
3024,2469
2991,3043
2893,2338
2805,1639
2746,1871
2661,1842
2645,1726
2597,1715
5070,1944
5007,1965
4983,1898
4704,3747
4560,3318
4464,1804
4275,1570
4187,3445
4154,2952
3978,2546
3881,1655
3845,1485
3741,1435
3701,3279
3677,3147
3575,1866
3511,1403
3415,1365
3355,1303
3315,1411
4058,3048
4038,3020
3964,2265
3924,1575
3880,3062
3860,2876
3818,1721
3798,1260
3775,1322
3765,2869
3532,2864
3372,2105
3196,1640
3116,2658
2948,2753
2868,1686
2796,1315
2748,2566
2624,2583
2528,1978
2512,1980
2424,1920
2392,2531
2316,2594
2268,2571
2260,1913
2216,1886
2200,2086
2094,2129
2062,2133
1982,2095
1910,2090
5081,1131
4961,2720
4821,1513
4741,1620
4621,1626
4553,1674
4497,1570
4453,4619
4351,4478
4255,2647
4150,2252
4110,2295
4034,4200
3958,4241
4740,2599
4670,2186
4614,2249
4562,4073
4530,4339
4484,2472
4460,3057
4434,3149
4422,2402
4166,3954
3972,2627
3795,3766
3683,2151
3515,2732
3403,3522
3299,3325
3283,3465
3235,2021
3071,1962
2975,3454
2887,3254
2831,3150
2823,2474
2731,1894
2682,3038
5252,3318
5191,2076
5167,3340
4889,1877
4713,1617
4649,3141
4465,3135
4377,1909
4261,2993
4181,2331
4093,1516
4009,1493
3969,1524
3925,1482
3909,1469
3759,1414
3687,1585
3647,1559
3571,2768
3539,2774
3503,2756
4334,1675
4228,1429
4184,1432
4160,1417
4122,2797
4098,2744
4076,1968
4064,1584
3846,2552
3580,2523
3333,1534
3185,1399
2984,1320
2952,1372
2872,2209
2783,2171
2743,2076
2627,1555
2531,2210
2443,2059
2427,1553
2387,2068
2319,2055
2271,1525
2227,1564
2219,1595
2199,1942
2097,1989
2065,1975
1985,1951
1913,1869
1865,1944
4878,1046
4745,1710
4593,1712
4545,1396
4461,1634
4403,1472
4361,4275
4275,4348
4163,2525
4075,4042
4035,2505
3927,2062
3883,1942
3859,2015
4574,2059
4510,1976
4458,4036
4434,4003
4388,2337
4364,3002
4337,3010
4323,2307
4068,1936
3876,1774
3668,3479
3588,3479
3420,2496
3308,1770
3204,1671
3148,1589
3140,3081
2976,3169
2880,3124
2792,2317
2736,2297
2728,3052
2636,2968
2588,3002
2544,2999
4986,2492
4962,3187
4779,1947
4536,3105
4440,2330
4255,3014
4164,3059
4132,2791
3964,1527
3874,2912
3842,2950
3750,1744
3714,2848
3688,2891
3586,1665
3522,2795
3426,2851
3366,1588
3326,1402
3282,1426
3266,1363
3977,1435
3937,2709
3893,2512
3873,2670
3831,1631
3811,2482
3789,2040
3779,1506
3546,1478
3386,1553
3210,1439
3130,2336
2962,2446
2881,2344
2809,1825
2761,1497
2637,1470
2605,2323
2525,2272
2437,2242
2405,2300
2329,2248
2281,2231
2273,2171
2229,2203
2213,2199
2107,2142
2075,1261
2011,933
1923,1063
1907,2638
1867,2621
4813,1124
4701,1575
4581,1483
4513,1410
4457,1370
4413,1911
4311,3174
4214,2239
4126,2229
4070,2285
3994,4217
3954,4047
3894,2455
3840,1899
4557,4065
4505,3991
4477,2336
4435,1925
4407,1775
4381,4009
4367,3974
4173,2436
3949,2964
3740,2866
3628,2114
3460,2220
3348,3533
3332,3564
3228,2735
3180,2094
3016,2082
2936,2068
2832,3242
2776,3309
2768,3314
2676,2454
2636,3280
2584,3211
2576,2370
5040,2150
4852,2169
4610,2210
4513,3424
4327,3330
4253,2111
4205,3307
4041,2542
3954,1723
3921,3129
3829,3020
3793,3072
3769,1964
3667,2232
3547,2328
3507,2314
3447,2201
3399,2903
3363,2932
3347,2146
4079,3553
4039,3679
3979,2338
3941,1783
3917,1770
3895,1674
3883,3439
3712,3314
3520,1900
3344,1594
3312,1604
3232,1562
3064,1565
2984,1539
2896,1496
2864,2980
2740,2923
2644,2174
2556,1421
2540,1436
2500,1420
2432,1406
2384,1372
2376,2729
2330,2732
2312,2027
2201,1560
2169,1585
2089,1550
2017,1290
1969,2665
1961,2620
1892,2567
4695,1084
4647,1574
4563,1406
4523,1421
4463,1484
4376,2256
4264,1679
4176,1654
4136,1530
4027,1483
3983,1769
3959,1880
3904,1974
4609,2393
4557,2311
4533,2360
4486,2353
4462,2259
4436,2280
4424,2251
4159,2127
3959,2127
3740,1947
3640,1952
3480,3516
3366,3374
3256,2602
3200,2067
3192,2033
3026,3261
2928,3241
2836,2391
2779,3191
2691,3133
2675,1895
2624,1804
2577,3036
2549,2928
4979,2446
4699,2013
4523,1714
4459,3163
4272,3134
4183,1964
4063,1936
3983,3720
3894,3718
3862,2235
3770,3500
3734,2764
3710,3631
3607,2030
3486,1740
3446,1805
3383,1655
3335,1514
3298,2757
3282,2811
3221,2773
3948,2132
3904,1761
3849,1679
3825,2023
3803,1856
3791,1367
3616,1609
3552,1232
3392,1208
3215,1149
3135,1117
2966,1236
2886,1010
2813,1036
2765,1581
2639,1114
2543,1230
2527,1398
2439,1303
2407,1652
2330,1176
2282,1289
2274,1291
2230,1071
2214,1101
2107,1091
2075,1158
2011,997
1923,975
1907,872
1867,1122
1798,1289
1782,1382
4582,1388
4481,1690
4433,1767
4381,1602
4361,1643
4183,1917
4095,1719
4039,1956
3963,2766
3923,2178
3879,2422
3808,2157
3760,1693
4467,1878
4439,1803
4397,1701
4369,2105
4343,1860
4329,2240
4136,2248
3912,2022
3704,2074
3592,2046
3576,2354
3392,1533
3296,1547
3192,1623
3144,1449
3012,1854
2899,1728
2795,1453
2779,1406
2731,1417
2655,1351
2599,1652
2591,1724
2539,1705
2519,1626
4830,1368
4638,1866
4446,1432
4294,1573
4230,1735
4134,1495
4010,1559
3946,1435
3850,1307
3774,1364
3742,1491
3694,1266
3620,1968
3540,2360
3452,1529
3420,1553
3352,1379
3292,1439
3272,1473
3226,1382
3186,1340
3901,1557
3873,1444
3831,1323
3811,1461
3789,1389
3779,1582
3546,1418
3418,1409
3242,1363
3146,1174
2994,2167
2898,1153
2810,1088
2794,1193
2754,1854
2606,1039
2542,1186
2454,2218
2406,2155
2398,2137
2314,2107
2282,2124
2238,2077
2230,2100
2210,2078
2108,2063
2012,2045
1996,2050
1908,2033
1876,2029
1868,2042
1784,2219
1752,2003
6195,1468
6023,2545
5951,1659
5899,1746
5729,2036
5585,2096
5385,2113
5285,1713
5197,1634
5105,2234
5069,2231
4971,2182
4899,3072
5944,2114
5900,2294
5826,2329
5782,1840
5738,2309
5716,2644
5377,2469
5105,2619
4825,2266
4689,2453
4449,2247
4313,1893
4197,1815
4117,2443
3941,2248
3893,2009
3756,2229
3614,2417
3558,2558
3450,2218
3426,2095
3358,1843
3288,2386
3260,2529
3254,2507
6294,1893
5958,1960
5652,1790
5452,2085
5258,2297
5108,2093
4916,2118
4780,1715
4628,2083
4532,1921
4464,1563
4326,1604
4166,1773
4030,1847
3934,1526
3814,2572
3750,1581
3682,1816
3584,1807
3504,1527
3436,1684
4213,1807
4145,2114
4097,1643
4055,1238
4031,1190
3840,1174
3628,1197
3434,1419
3326,1555
3159,1887
3051,2142
3033,2163
2935,2146
2890,2547
2717,2007
2637,1255
2529,1014
2469,1087
2459,1003
2358,1332
2318,1580
2264,2300
2254,2277
2229,2238
2124,2209
2028,2153
2012,2181
1924,2154
1892,2116
1884,2123
1800,2132
1768,2096
1760,2103
7186,1373
7114,2795
7062,1900
6892,2655
6748,2171
6548,2161
6448,2030
6360,2119
6272,2017
6236,2229
6138,2534
6066,2438
7502,2571
7400,2546
7348,2552
7304,2613
7278,2604
6983,2533
6567,2577
6215,2426
6151,2381
5975,2272
5679,2123
5503,2135
5324,2250
5250,2116
5038,2487
4829,2273
4653,2005
4621,2382
4533,2201
4413,1986
4307,2235
4219,2126
4203,2130
4159,2106
3989,2065
3781,2032
8065,2222
7825,2183
7593,2412
7497,2429
7205,2401
7069,2669
6973,2202
6853,2420
6737,2405
6697,2352
6519,2237
6391,2222
6255,2010
6103,2178
6023,2047
5955,2128
5907,2325
5809,1896
5745,2053
5677,2035
7139,2002
7063,1911
7023,2028
6981,1828
6961,1851
6546,1772
6226,1846
5890,1698
5730,1670
5426,1667
5298,1682
5130,1496
5034,1458
4822,1420
4758,1560
4598,1568
4430,1528
4366,1578
4230,1539
4198,1568
4118,1606
4050,1802
4002,1513
3994,1437
3760,1398
3632,1372
3464,1347
3432,1370
3368,1349
3232,1300
3200,1336
3136,1334
3052,1390
3036,1508
8410,1458
8370,2720
8032,2256
7856,1876
7760,2185
7596,2198
7516,2545
7428,2573
7388,1986
7200,6245
7112,5800
7064,3372
8482,2689
8426,2478
8374,2414
8346,6436
7989,3844
7537,2398
7119,1830
6895,2515
6863,2386
6503,2269
6309,2024
6101,2237
6005,2195
5757,2225
5533,2055
5325,2032
5293,2186
5197,2125
5049,2079
4937,2120
4833,2035
4817,2134
4769,2013
4559,1903
4493,1887
8663,2146
8355,2252
8115,2025
8017,2067
7789,2068
7549,2005
7469,2041
7317,2134
7197,1883
7157,1971
6953,1855
6825,1981
6681,2159
6513,2251
6433,2177
6361,2086
6321,2064
6199,2100
6135,1930
6063,2007
6031,2050
7447,1967
7407,2052
7363,2070
7343,1821
6894,1992
6574,1967
6222,1835
6060,1903
5784,1873
5588,1725
5408,1811
5306,1806
5290,1835
4998,1742
4838,1724
4694,1560
4598,1574
4446,1751
4414,1874
4334,1864
4262,1889
4214,1814
4206,1817
3946,1864
3818,1749
3786,1778
3610,1726
3546,1666
3530,1702
3362,1683
3298,1649
3282,1661
3210,1829
3162,1894
8592,1630
8422,3201
8198,2214
8022,2584
7882,2542
7726,2413
7638,2320
7590,2755
7482,2814
7370,6810
7282,5464
7242,3428
8664,2547
8616,2719
8564,2773
8540,2680
8025,2652
7625,2592
7255,2438
7005,2539
6663,5865
6439,5854
6231,3476
6199,2729
6101,2282
5769,2402
5609,2406
5399,2079
5287,2154
5271,2447
5087,2303
5007,2528
4903,2542
4887,2661
4839,2556
4613,2410
4389,2485
8677,2906
8307,2734
8163,2749
8067,2728
7739,2541
7595,2717
7499,2627
7363,2352
7243,2443
7203,2423
6991,2216
6863,2373
6719,2371
6551,2411
6471,2313
6399,2434
6359,2113
6235,2260
6171,2247
6099,2297
6067,2507
7477,2142
7437,2317
7393,2196
7373,2019
6911,2217
6591,2074
6239,1927
6111,2100
5807,2047
5615,1773
5439,2061
5343,1919
5327,1883
5029,1827
4869,1819
4725,1954
4629,1825
4613,1902
4445,1815
4365,1946
4293,1879
4245,1928
4237,1883
4033,1766
3841,1877
3809,1863
3633,1710
3569,1905
3553,1968
3385,1847
3321,1990
3305,1978
3217,1931
3185,1933
6116,1359
5908,2318
5756,2489
5535,1685
5415,2076
5323,1985
5243,2371
5189,1998
5072,1897
4993,2320
4908,2467
4869,5226
5789,5170
5741,3293
5690,2467
5667,2211
5325,5242
5067,4735
4786,2792
4654,2226
4446,2203
4284,2061
4137,2026
4056,4557
4044,4450
3822,3237
3683,2193
3560,2221
3479,2286
3352,2013
3328,2096
3256,2157
3189,2051
3146,2006
3140,2024
2926,2133
2808,1938
5402,2159
5122,2075
4989,1977
4941,2007
4687,1995
4553,1943
4505,1951
4364,1835
4309,1911
4273,1888
4133,1785
4053,1847
3930,1800
3847,1673
3797,1754
3751,1655
3721,1769
3645,1946
3613,1822
3575,1907
4415,1949
4366,1973
4346,1944
4323,1925
4313,1803
4016,1789
3816,1796
3598,1741
3498,1762
3330,1673
3210,1697
3101,1660
3041,1890
3031,1897
2851,1861
2751,1843
2661,1833
2601,1826
2507,1765
2487,1774
2437,1766
2392,1738
2362,1828
2357,1486
2216,1352
2152,1793
2136,1513
2046,802
2013,853
2005,941
1921,1058
1889,1378
1881,2183
1837,2176
1821,2289
7237,1486
7053,2797
6901,2307
6681,1980
6565,3880
6473,2402
6377,2706
6339,6077
6228,4206
6152,3034
6072,2569
7542,2717
7460,2635
7414,2456
7366,2657
7343,2542
6905,2555
6535,2497
6163,2457
5981,2308
5749,2482
5539,2375
5359,2345
5255,2412
5239,2213
4979,5437
4803,4687
4659,3027
4555,2219
4423,5154
4391,3563
4303,2343
4231,2088
4179,1952
4171,1879
3937,4703
3793,4374
8089,2667
7753,3744
7585,2502
7521,3569
7229,2395
7061,3567
6997,2348
6829,1844
6761,4424
6713,2804
6543,2035
6409,1770
6215,1844
6111,4416
6031,3368
5963,2112
5915,1582
5817,1609
5753,1532
5685,1685
7147,1566
7071,1590
7031,1657
6989,1626
6969,4033
6554,3464
6234,1944
5898,1553
5738,1488
5498,1607
5306,1460
5138,1466
5042,3441
5026,3496
4766,2079
4606,1613
4470,1530
4374,1544
4358,1593
4206,1479
4126,3287
4056,3303
4008,1974
4000,1570
3830,1722
3638,1602
3606,1663
3438,1566
3374,2946
3358,3000
3206,2327
3142,1445
3126,1539
3058,1567
3010,1447
8384,1626
8166,3340
8006,2208
7830,4309
7634,2647
7538,2812
7450,2511
7402,2737
7300,2611
7188,2739
7098,2565
8552,2647
8460,2474
8412,2605
8360,2602
8336,2882
7983,3009
7535,2965
7119,2900
6895,2811
6567,2796
6343,2703
6311,2759
6103,2616
6007,2513
5759,2583
5535,2445
5327,2528
5295,5155
5199,5188
5051,2962
4939,2168
4923,2176
4819,4513
4779,4606
4561,2346
9117,2176
8765,2211
8429,4816
8225,3367
8073,2047
7845,3335
7685,2325
7509,4626
7445,2911
7261,3076
7189,3367
7141,2289
6945,4450
6817,2858
6625,2792
6505,4356
6425,2599
6353,2491
6313,1621
6223,1588
6143,4063
7573,3981
7525,2143
7457,1614
7409,1601
7365,1643
7341,3852
7014,3686
6630,2083
6278,1658
6086,1421
6054,1495
5718,1368
5556,1402
5412,1466
5316,3376
5068,3237
5004,1902
4844,1434
4700,3200
4604,3205
4452,1657
4420,1407
4356,1422
4268,1502
4252,1430
4212,3105
4016,3031
3952,2179
3792,1482
3648,1446
3616,1439
3536,1429
3400,1454
3368,2706
3294,2776
8762,1564
8666,2660
8562,2032
8522,1837
8296,2031
7992,2370
7896,2113
7760,2836
7664,3115
7560,2837
7520,2623
8922,2711
8826,2653
8722,6452
8674,4248
8582,2949
8534,5717
8482,3263
8458,2870
7957,2623
7637,2441
7221,2547
6997,2598
6661,2293
6597,2552
6405,2487
6197,2428
6117,5532
5835,6217
5611,3684
5579,2633
5371,2580
5291,2297
5123,2402
5091,2314
4995,6615
9879,5592
9759,3429
9711,2553
9157,2458
8805,6143
8677,3030
8309,2312
8133,1716
8069,1933
7741,5887
7597,2853
7501,1962
7365,1567
7245,1873
7205,1773
7057,2193
6865,5084
6721,4108
6657,2508
6473,1877
6401,1835
7931,1799
7807,1757
7711,1816
7623,1936
7575,1871
7499,5025
7451,2796
7407,1918
7383,1458
7045,1574
6659,4613
6307,3321
6115,2141
6083,1720
5747,1528
5587,1702
5411,1531
5347,1531
5099,1449
4907,1550
4875,1735
4699,1687
4619,1993
4483,1895
4387,1955
4371,1929
4283,1953
4251,1928
4243,1872
3975,1891
3847,1869
3671,1870
3639,1741
3575,1801
3423,1720
9209,1678
9001,3101
8801,2344
8705,2910
8601,2437
8561,2407
8331,2445
8027,2416
7931,2702
7795,2629
9269,2901
9163,2690
9115,2833
8951,2685
8855,2624
8751,2646
8703,2603
8609,2560
8561,2687
8509,2422
8485,2655
7976,2502
7592,2396
7176,5988
6984,5444
6616,3077
6456,2573
6246,2349
6134,5187
6118,3940
5786,2434
5594,2017
5418,1854
5306,1825
5138,1934
5106,1875
10056,2325
9904,2198
9784,2029
9736,2193
9372,2150
8890,2060
8698,1955
8330,1934
8186,1937
8082,1900
7752,1934
7608,1788
7512,1764
7376,1805
7256,1868
7216,1732
7004,1664
6876,1600
6732,1747
6668,1605
8074,1540
7986,1689
7938,1589
7814,1444
7718,1486
7630,1512
7582,1449
7498,1448
7458,1531
7414,1442
7390,1453
7048,1409
6664,1356
6312,1378
6120,1521
5816,1410
5752,1434
5592,1416
5416,1499
5352,1472
5104,1463
4912,1473
4880,1470
4704,1387
4624,1521
4488,1557
4392,1597
4376,1504
4288,1515
4256,1503
4248,1476
3980,1468
3852,1450
3676,1454
3644,1438
3580,1390
9454,1637
9262,2961
9054,2092
8974,2974
8758,2266
8670,2396
8614,2196
8386,2984
8092,3142
7986,3000
9470,2852
9346,3127
9218,2711
9166,2623
9002,2585
8898,2480
8784,2506
8734,2435
8632,6443
8576,4167
8514,2871
8486,2099
7976,2778
7590,2802
7174,2440
6982,2730
6678,2418
6454,2195
6246,2012
6134,2111
6118,2111
5790,2151
5598,2227
5422,2097
5310,2122
10602,2472
10274,2411
10098,2441
9930,2257
9834,2227
9738,2193
9366,2246
8886,2092
8694,2136
8422,2082
8182,2203
8086,2018
7854,1939
7614,1973
7518,1911
7382,1979
7262,1942
7222,1808
7074,1910
6882,1961
6738,1717
8312,1869
8080,1700
7992,1905
7944,1741
7820,1773
7724,1808
7636,1696
7580,1714
7496,1761
7456,1726
7412,1588
7392,1619
7054,1555
6670,1531
6318,1478
6126,1516
5822,1494
5630,1564
5598,1568
5422,1531
5342,1516
5110,1577
4918,1477
4742,1562
4710,1580
4630,1615
4494,1608
4398,1542
4382,1520
4294,1504
4262,1570
4050,1553
3986,1458
3826,1462
3682,1441
3650,1643
7058,1443
6840,2567
6584,1927
6496,2588
6362,2276
6290,1926
6190,2361
6072,1979
5861,1858
5715,6107
6967,5741
6741,3305
6650,2457
6598,2435
6453,2447
6363,2688
6272,2348
6228,2335
6150,2243
6106,2286
6062,2225
6040,2434
5696,2139
5422,2216
5142,2354
5006,2141
4765,2027
4629,2266
4489,1961
4433,1999
4261,2158
4113,2034
4091,2134
3955,2146
3887,2172
8058,2430
7890,2603
7789,2611
7729,2386
7670,2565
7419,2517
7063,2411
6919,2548
6658,2292
6530,2276
6482,2404
6237,2299
6095,2242
6043,2404
5909,2224
5843,2303
5818,2367
5609,2114
5505,2201
5433,2087
5339,1983
6661,1980
6573,2040
6489,1962
6417,1939
6353,1940
6311,1983
6252,1799
6222,1931
6190,1909
6175,1680
5849,1706
5609,1706
5353,1644
5233,1839
4997,1620
4901,1596
4773,1674
4701,1647
4533,1605
4389,1599
4365,1578
4237,1605
4177,1569
4083,1537
4011,1523
3999,1513
3935,1546
3905,1534
3741,1458
3553,1453
3517,1488
3381,1437
3285,1425
3269,1642
3117,1595
3053,1599
8639,1643
8491,2745
8339,2611
8283,2325
8073,2337
7913,2403
7673,2367
7541,2803
7429,2628
7341,2666
8867,2891
8711,6559
8523,4548
8467,3114
8385,2433
8329,6351
8277,3854
8249,2861
7891,2476
7443,2414
7027,5834
6803,4132
6475,2767
6249,2259
6217,2323
6009,2212
5913,2207
5601,2280
5441,2034
5233,1892
5121,2163
5105,2229
4925,2235
4845,2385
4741,2127
9597,2544
9549,2616
9203,2442
8723,2483
8531,2492
8163,2207
7985,2329
7757,2208
7597,2173
7421,2322
7253,2248
7173,2122
7085,2205
7053,2191
6761,2148
6617,2112
6521,1998
6385,1986
6321,2027
6249,1906
6135,2001
7575,1915
7487,1835
7439,1747
7363,1839
7315,1753
7271,1702
7247,1816
6921,1552
6537,1479
6183,1620
5989,1940
5685,1233
5493,1219
5317,1409
5285,1710
5205,1861
4913,1771
4753,1755
4609,1775
4513,1646
4497,1698
4329,1643
4249,1656
4177,1729
4129,1621
4121,1621
3861,1598
3733,1504
3701,1487
3525,1566
3461,1545
3309,1716
3277,1756
3213,1717
3125,1750
3109,1717
8497,1518
8457,2932
8103,2206
7927,4235
7815,2495
7663,6589
7583,3860
7495,2523
7355,2473
8777,2526
8673,2636
8617,6497
8533,4292
8477,2998
8425,2229
8397,6117
8032,3576
7576,2698
7158,5857
6934,3493
6605,2580
6375,2127
6167,2263
6135,5430
6039,4818
5727,2665
5567,2188
5359,2122
5247,2109
5231,2063
5051,1948
4971,1940
4867,4846
4851,4501
4803,2758
9338,2273
8858,2137
8664,2134
8296,1908
8152,1916
8056,1824
7731,1769
7587,1836
7491,1793
7351,1679
7223,1732
7181,1754
7039,4115
6841,4140
6697,2217
6631,3061
6447,2105
6375,3842
6335,2332
6244,1796
7682,1827
7594,1662
7546,1714
7470,1894
7422,1790
7378,3686
7354,3344
7028,1788
6644,1566
6292,1471
6100,1395
5864,3528
5732,3407
5572,2129
5396,1623
5332,1497
5088,1329
4896,3469
4864,3373
4688,1750
4608,1566
4472,1375
4376,1201
4360,1485
4272,3487
4240,2593
4036,1900
3972,1276
3844,3986
3668,2146
3636,1375
3556,1673
3420,1250
3388,3091
3324,3993
3236,1795
3220,1161
8590,1643
8550,3033
8196,2027
8020,2572
7924,4014
7756,3907
7676,2631
7588,5705
7548,3143
8954,2941
8770,3188
8714,2891
8630,7674
8574,3425
8522,3301
8494,5317
8117,3312
7669,2818
7605,7058
7189,4467
6997,2905
6629,4145
6435,2929
6259,2560
6147,2473
5867,2401
5643,2326
5611,6103
5403,5151
5323,2899
5155,2427
5043,2535
5027,2317
4923,2399
9795,2551
9763,2608
9209,2199
8847,2523
8505,2353
8313,2480
8169,2341
7937,2297
7745,2134
7601,5136
7433,2894
7353,3449
7265,1993
7233,1824
7025,1807
6777,4809
6697,3464
6577,2303
6481,1759
6409,1899
6377,4772
7795,3742
7715,2246
7627,1644
7587,4588
7471,2968
7427,2018
7419,4054
7399,2420
6937,3022
6617,2098
6265,1851
6105,1708
5769,3729
5641,3851
5465,2866
5369,1820
5121,1857
5057,1828
4897,3414
4753,3449
4657,2463
4505,1637
4473,1678
4393,3023
4321,3103
4273,2344
4265,2351
3997,2327
3869,2221
3837,2667
3661,2687
3597,2693
3581,2083
3413,2050
3349,2029
3333,1927
3261,2020
8633,1591
8585,2530
8349,1994
8187,1936
8009,2644
7809,2373
7713,2552
7625,7006
7577,4273
9003,3248
8875,7027
8771,3996
8723,2845
8631,6902
8583,4002
8531,4350
8507,5009
7990,4418
7670,3016
7254,2487
7030,2497
6694,5821
6470,4769
6438,3089
6230,2699
6134,2709
5870,2356
5646,2384
5438,2332
5406,2790
5310,2147
5158,4937
5046,4895
5030,2794
9866,2715
9778,2521
9510,2442
9126,2429
8742,2289
8502,2289
8310,4903
8118,3783
7934,2486
7742,2101
7598,4661
7430,3586
7350,3621
7262,2243
7230,3556
6930,4391
6786,2713
6706,1924
6586,4142
6490,2937
6418,2011
7952,4133
7804,2843
7724,1979
7636,1591
7596,4020
7512,3050
7472,1970
7428,3840
7408,2558
6942,1804
6622,3681
6270,2472
6110,1752
5774,1476
5646,1503
5470,1488
5374,1396
5358,2249
5062,1826
4902,1743
4758,3291
4662,3264
4510,2538
4478,2023
4398,2072
4326,2028
4278,1941
4270,3115
4066,3075
3874,2371
3842,1567
3666,1563
3602,1567
3586,1493
3418,2049
3354,2914
3338,3884
6624,1351
6392,2284
6308,1998
6084,1703
5676,2035
5420,2617
5284,1781
4972,1908
4843,2410
5657,5686
5473,3757
5309,2396
5176,2458
5094,1744
5001,1772
4937,1754
4884,1684
4852,1839
4561,2266
4331,2372
4121,2459
4005,2365
3989,2304
3781,2286
3685,2325
3581,2172
3541,2259
3351,3873
3234,3678
3217,2837
3108,2306
3065,2281
2969,2160
2953,2212
5429,2310
5353,2360
5293,2270
5269,2327
4932,2202
4786,2238
4690,2184
4506,2175
4434,2132
4386,3550
4210,3477
4138,2123
4090,2626
4022,2578
3962,2222
3942,3341
3844,2488
3748,3202
3676,2440
3644,1934
4348,1935
4304,3324
4280,3301
4212,2111
4164,1740
4120,3260
4096,3292
4058,2509
4034,2035
4012,1988
4000,1993
3778,1895
3586,1852
3410,2914
3314,2837
3162,2872
3130,2219
3050,1773
2962,2800
2930,2814
2794,2781
2698,2154
2682,2151
2594,2127
2554,2128
2486,2086
2438,2661
2430,2672
2386,2647
2370,2574
2240,1994
2208,2570
2144,2552
2056,2488
2040,2521
2008,2507
1932,2488
1916,2517
10266,1857
10080,3136
9972,2452
9866,3050
9822,3102
9590,2373
9206,8320
9078,3879
11324,2798
11172,2331
11024,3143
10960,2684
10754,2878
10598,2936
10450,2893
10374,2804
10248,8056
10164,4307
10086,3146
10048,2398
9468,3386
8966,2920
8492,7554
8258,3653
7958,2508
7686,1956
7452,2613
7312,2545
7288,6719
6940,5005
6685,2560
6481,3120
6321,2790
6571,5803
13721,4074
13477,2797
13263,4535
13123,2730
12993,2330
12504,1925
11710,3033
11424,2773
10972,2057
10566,2213
10428,1887
10088,2115
9690,1777
9554,1814
9338,1600
9234,1629
9086,4867
8914,4723
8622,2464
8322,2701
10444,2068
10170,1797
10018,4490
9800,2647
9614,1824
9434,1468
9280,1483
9190,4264
9072,3483
8990,2306
8920,1495
8876,1376
8477,4038
7947,3225
7485,1852
7397,2896
7177,2444
6831,3189
6643,2270
6483,1815
6369,3858
6131,1664
6057,1275
5863,3423
5663,3311
5591,2435
5431,2525
5387,1769
5277,3389
5187,2586
5119,3328
5109,1970
4849,1440
4699,3118
4665,3034
4481,1681
4405,3108
4387,2411
14353,2133
14125,4729
13973,2633
13695,3355
13577,3152
13511,4103
13200,3979
12938,3949
15524,7068
15286,4401
15100,4251
14942,3946
14834,3736
14594,4151
14422,4576
14254,3759
14170,3903
14032,4253
13952,3840
13870,4425
13832,3993
12952,3410
12202,4365
11424,4795
11048,3191
10390,3515
10078,6129
9678,3397
9462,3539
8986,2828
8858,2841
8482,3344
8072,2705
16614,2844
16186,8967
15802,3624
15420,2325
15126,2538
14890,2568
14794,5278
13776,2591
13090,2380
12466,2389
12082,2629
11806,2292
11404,6777
11020,2467
10748,2749
10442,4655
10282,2490
10112,4177
10048,3012
9510,3214
9232,1908
11298,2134
10982,1748
10822,1520
10654,2518
10374,1702
10182,1466
10014,2146
9918,1777
9782,1477
9686,2774
9602,1646
9554,2212
9117,1795
8617,5286
8177,3614
7937,2349
7527,1537
7441,5222
7211,2233
6983,2668
6879,1528
6571,1443
6327,4849
6287,3182
6059,2010
5959,3476
5781,2629
5659,2197
5639,2130
5525,4492
5485,3185
5207,1790
5119,4296
4945,3211
4701,3197
4653,3242
4565,2513
4359,1987
13295,2247
13007,3658
12695,3391
12519,2862
12359,2978
12271,2930
11927,2781
11415,3718
13957,3827
13689,4124
13481,4188
13297,4154
13175,3862
12911,3637
12735,3841
12559,3537
12471,3509
12323,3800
12235,3716
12147,9417
12103,3766
11384,2871
10784,2328
10278,4708
9924,4046
9454,2932
9088,8486
9034,3851
8730,3074
8588,4659
8234,3119
7888,2754
7586,2557
16064,8166
15742,3279
15374,2399
14984,2596
14818,2797
14538,2965
14414,3087
14106,2675
13710,2663
13412,2548
13056,2508
12822,7007
12584,2794
12392,2204
12200,3997
12056,2748
11888,2544
11808,2501
11720,2390
11688,2220
11438,6867
14070,2712
13938,2183
13732,1706
13588,2178
13436,2413
13376,2486
13184,2244
13078,2106
12964,2219
12908,2200
12800,2072
12754,2077
12704,1979
12676,1990
11856,2012
11216,1954
10544,2058
10224,1817
9744,1964
9360,5858
9024,3260
8832,2566
8800,1578
8280,1599
7960,1699
7688,1745
7496,1533
7224,1656
7160,1632
7000,1877
6864,2101
6768,2126
6752,2120
6408,1980
6024,1936
5960,1907
5624,1907
5496,1930
12916,2219
12378,3583
12096,2766
11984,2682
11694,2885
11576,7710
11492,4969
13862,3823
13362,3824
13192,3460
12912,4295
12762,3663
12618,3706
12396,3493
12272,3624
12150,3269
12080,3497
11986,3476
11928,3409
11872,3827
11842,3443
11349,3620
10731,3688
10149,3174
9807,3583
9349,3171
9057,3114
8783,3106
8639,3173
8619,2763
8177,2824
7909,2816
7681,2722
16015,3162
15699,3081
15417,2963
15135,2664
14919,2996
14711,2863
14313,2726
13565,2874
13029,2573
12427,2726
12061,2731
11699,2530
11283,2668
10831,2519
10679,2386
10425,2590
10305,2420
10139,2327
9791,2441
9543,2410
11689,2416
11285,2276
11093,2197
10893,1989
10813,2303
10577,2214
10443,2137
10231,2028
10109,2028
10037,1983
9971,1932
9935,1900
9417,1681
8759,1846
8179,1874
7839,1800
7363,1540
7065,1639
7015,1781
6749,1851
6617,1613
6231,4733
6003,4436
5805,2414
5669,1793
5461,1700
5421,1631
5317,1606
5229,1581
5163,1536
5153,1500
4789,1501
4589,1575
4315,1614
4261,1614
4127,1594
3929,1621
3881,1500
3761,1527
10435,1828
10215,3926
10049,2409
9721,2999
9357,2543
8959,3289
8805,3512
10209,3420
10015,3396
9907,3703
9595,2948
9409,3427
9213,3585
9121,2823
8957,3223
8859,2701
8753,2702
8703,3176
8027,2756
7643,2466
7227,3034
7035,2626
6667,2281
6475,2679
6267,2094
6171,1969
5907,2111
5683,2544
5475,2593
5363,2442
5347,2514
5163,2398
10115,2836
9963,2751
9843,2613
9795,2728
9239,2624
8887,2488
8551,2565
8359,2551
8167,2394
7919,2406
7791,2416
7599,2323
7447,2315
7383,2397
7287,2646
7139,2648
6947,2924
6803,2874
6635,2937
6555,2802
6467,2871
8013,2706
7865,2365
7713,2364
7665,2351
7589,2083
7541,2351
7497,2289
7473,2114
7131,2270
6747,2189
6395,1870
6203,1963
5899,1878
5707,1862
5531,1927
5435,1729
5187,1751
4995,1975
4963,2544
4785,2366
4705,1662
4537,1798
4473,1772
4383,1770
4335,1744
4327,1685
4059,1664
3931,1722
3755,1673
3723,1645
3643,1769
3507,1553
3411,1621
3395,1634
3323,1558
3275,1497
3267,1590
3151,1886
3055,1840
6027,1386
5911,2180
5839,1757
5739,1664
5665,2170
5559,2573
5485,2080
6745,2205
6669,2052
6587,2101
6559,2628
6255,2671
5839,2823
5487,2630
5279,2697
5015,2679
4799,2506
4623,2576
4519,2483
4307,2363
4243,2234
4067,1941
3891,2245
3819,3529
3687,4313
3583,4202
3567,2405
3479,1950
3443,2030
3257,1747
3191,1931
3013,2091
5864,2212
5622,2262
5542,2275
5330,2063
5098,1917
5018,2080
4882,2051
4766,2022
4726,2060
4548,1988
4420,2042
4284,2021
4132,1785
4052,1999
3984,2072
3936,2020
3838,1930
3774,1970
3706,2050
3674,1958
3614,1940
4436,1806
4394,1919
4374,1963
4087,1717
3887,1813
3671,1750
3571,1634
3409,1715
3289,1722
3181,1643
3121,1696
2975,1654
2935,1623
2835,1665
2727,1865
2687,1830
2596,1788
2576,1857
2526,1778
2482,1781
2452,1719
2447,1760
2287,1695
2207,1687
2099,1658
2079,1688
2039,1723
1944,1654
1922,1699
1876,1655
1816,1619
1806,1658
1786,1892
1781,1841
1702,1937
1670,1883
1662,1821
1625,1922
1617,1885
6351,1363
6315,2353
6159,2099
6087,2180
6043,1993
5993,3287
5949,1756
7377,1968
7351,2187
7050,2122
6634,2466
6570,2445
6218,2372
6042,2320
5746,2362
5570,2193
5426,2393
5322,2574
5107,2465
5043,2564
4867,2342
4691,2219
4619,2350
4486,2138
4454,2420
4366,2249
4294,2339
4242,2250
4234,2465
4063,2272
3855,2266
3823,2181
7831,2371
7695,2354
7599,2246
7305,2265
7167,2361
7067,2200
6947,2208
6831,2280
6791,2175
6677,2100
6485,2256
6349,2049
6285,2268
6117,2077
6049,1995
6009,2127
5933,2141
5853,2011
5785,2072
5745,2113
7179,2099
7131,2037
7089,2033
7065,2116
6772,2052
6382,1972
6040,2023
5848,2036
5816,1960
5512,1872
5352,1937
5184,1713
5120,1706
4906,1660
4706,1774
4672,1910
4502,1880
4436,1989
4300,2136
4266,1744
4186,1777
4118,1889
4070,1767
4062,1800
3828,1846
3700,1834
3668,1624
3500,1686
3436,1670
3420,1775
3268,1853
3204,1856
3188,1936
3120,2074
3072,2067
3064,2018
2966,2099
2934,2051
2870,2084
2786,2005
7594,1488
7506,2694
7458,2224
7326,2156
7246,4418
7158,2441
8616,2216
8524,2186
8476,2822
8424,2942
8400,7664
7919,4225
7535,3321
7119,2064
6957,2565
6629,6584
6405,3950
6197,2878
6085,2465
6069,2262
5757,1932
5565,2201
5389,6019
5277,5201
5261,3125
5081,2514
4985,2377
4897,2411
4841,2304
4833,2235
4623,2247
4399,2235
8691,2593
8323,2630
8147,2600
8083,2565
7759,2454
7615,2467
7519,2268
7335,5607
7263,3376
7223,2468
7019,5184
6891,2938
6699,1998
6579,5166
6499,3181
6427,2229
6379,2042
6265,1952
6201,1916
6129,1980
7595,1903
7511,2015
7471,1804
7427,4849
7407,3938
6958,2391
6638,3204
6286,1934
6126,1705
5854,1747
5662,1678
5486,1623
5390,1680
5374,4241
5082,2898
4922,2538
4778,2352
4682,2334
4666,2306
4498,2281
4418,2304
4346,2226
4330,2198
4290,2274
4094,2208
3902,2108
3870,1923
3694,1835
3630,1901
3614,1843
3446,1817
3382,1824
3366,1783
3294,1788
3246,1744
3238,1779
3124,1783
3092,1900
3028,1997
3012,1970
7748,1560
7660,2653
7612,2227
7504,1836
7408,2551
7304,2299
8758,2101
8666,2737
8618,2682
8566,2667
8542,2676
8037,2481
7717,2335
7301,2471
7077,2432
6735,2172
6509,5738
6299,5989
6267,3500
6171,2620
5843,3514
5681,2865
5471,2376
5359,2553
5343,2425
5159,2315
5079,2341
4975,2304
4959,2651
4911,3201
4685,2109
8953,4088
8761,3163
8393,2302
8249,5207
8153,3250
7825,3535
7681,3842
7577,2342
7437,4776
7317,3027
7277,2157
7065,4450
6937,2875
6793,1996
6625,1656
6545,1882
6473,4355
6429,4394
6309,2584
6245,3429
6173,2491
7643,2507
7559,5120
7519,3514
7475,2367
7455,5092
6989,2828
6665,2029
6311,1805
6151,4850
5879,3436
5683,2146
5503,4734
5407,2911
5391,1962
5095,1895
4935,4470
4791,2887
4695,3449
4543,2242
4511,3589
4431,2590
4359,1888
4311,1822
4303,1701
4035,3406
3907,3976
3875,2351
3699,1712
3635,1673
3483,3879
3451,3892
3387,2286
3371,3870
3283,2857
3251,2817
3243,2244
3127,2176
3031,3749
3015,2818
2943,2160
7821,1588
7709,2853
7663,2007
7525,2004
7443,2471
7355,2629
8879,2237
8787,3013
8739,7597
8687,4185
8663,2481
8048,2546
7664,3471
7246,3291
7054,2654
6750,7191
6526,3515
6318,2769
6206,1902
6190,2777
5862,2289
5670,2228
5494,3129
5380,5997
5210,3737
5178,3990
5082,3103
4994,3246
4938,5113
4930,4596
4702,2731
8960,5304
8768,3067
8400,2210
8256,3842
8160,2772
7832,4628
7688,3238
7592,3713
7456,3878
7336,2550
7296,4819
7084,3089
6956,3743
6812,2306
6644,4270
6564,2793
6492,4330
6452,2491
6360,2113
6264,5317
6192,3075
7656,2310
7572,2066
7532,2113
7488,5231
7468,3425
7000,2454
6744,1807
6392,1731
6200,5033
5896,3384
5704,2097
5672,4706
5496,2710
5416,1939
5184,2000
4992,1932
4816,1890
4784,1932
4704,1929
4568,1829
4472,1813
4456,1850
4368,1810
4336,4207
4122,4027
4058,2364
3898,2979
3754,1923
3722,1752
3642,1936
3506,1595
3474,3881
3410,3923
3322,2260
3306,1900
3274,1906
3266,3829
3150,3834
3054,2194
3038,1860
7870,1574
7774,2777
7670,2089
7630,1974
7498,2335
7418,4660
8832,2528
8784,5855
8692,3749
8644,3054
8592,2779
8568,3050
8054,2800
7670,2713
7318,3032
7094,2644
6758,2477
6532,2389
6500,2385
6292,2380
6196,5629
5932,5313
5708,3283
5498,2363
5466,2475
5370,2370
5218,5158
5106,4631
5090,2704
4986,2226
4946,2275
9578,5219
9194,3064
8810,2346
8570,1925
8378,5125
8186,3255
8002,2204
7810,4770
7664,2952
7494,3783
7414,3843
7326,2621
7294,4636
6992,2848
6848,3614
6768,4710
6616,2765
6552,1959
6480,4506
6448,2922
7874,2185
7794,4344
7674,2904
7598,2782
7550,2114
7506,1920
7498,2073
7478,4319
7010,2951
6690,2084
6336,1860
6176,3748
5840,2835
5712,2080
5536,1669
5440,1814
5424,3726
5128,3492
4968,2082
4824,1631
4728,1639
4576,3591
4544,3511
4464,2184
4392,1616
4344,1699
4336,1601
4068,3411
3940,3243
3908,2580
3730,1991
3666,1933
3650,3183
3482,3219
3418,2422
3402,2502
3308,2463
3272,3168
3262,3140
3144,2455
3048,3107
5910,1384
5810,1981
5700,1738
5628,1974
5592,1719
6783,1852
6695,2452
6571,2347
6505,2700
6453,2553
6409,2621
6383,2638
6129,6656
5814,4636
5539,3460
5492,2531
5359,6233
5121,3944
4985,2788
4845,2430
4789,5952
4613,4139
4453,2649
4429,2349
4289,2293
4221,5651
4125,5603
4045,2930
4033,2413
3963,5410
8349,5795
8175,2834
7887,2101
7607,5570
7395,2855
7219,3840
7159,3456
6991,4033
6815,5342
6755,2987
6649,2148
6561,2005
6531,2059
6389,5135
6293,3786
6189,2398
6071,1788
6011,5019
5959,3481
5923,3624
5845,3481
7308,2093
7244,4955
7214,3087
7147,3079
7107,3494
7071,2266
7056,1994
6639,1928
6319,1952
5983,1940
5823,1867
5519,1817
5359,1890
5223,1745
5127,1712
4913,1742
4721,1730
4689,1684
4519,1780
4437,1649
4317,3873
4221,3896
4205,2269
4121,1676
4089,3730
3911,2794
3847,1813
3687,1536
3551,1503
3519,1614
3439,1353
3319,1177
3223,3441
3207,3539
3139,3669
3123,1948
3083,1446
2985,1120
2953,3013
2889,3085
2873,2336
7621,1462
7531,2526
7483,1986
7383,2670
7271,2099
8687,2038
8639,7617
8549,1933
8501,2121
8449,2242
8425,2481
7943,2543
7559,2662
7143,2659
6949,2451
6653,2409
6429,5527
6221,6656
6109,4890
6093,2647
5781,2691
5589,3788
5413,2326
5301,2700
5137,5290
5105,3927
5009,2896
4921,3733
4865,2469
4857,3642
9203,3902
8849,3942
8513,2799
8319,2279
8175,4847
7947,3074
7755,2098
7611,1701
7443,4443
7347,3299
7275,2095
7111,4373
6951,3100
6807,2962
6711,3298
6575,2236
6511,1919
6415,1914
6325,2034
6245,2000
6173,1911
7635,1857
7559,1880
7507,1844
7459,1868
7439,1911
7118,1725
6734,3865
6378,5137
6180,2909
5874,2211
5682,1694
5506,1357
5474,3510
5394,3538
5096,3537
4936,1926
4792,1630
4694,3415
4608,3576
4506,2056
4422,1614
4348,3423
4300,3326
4292,2084
4030,1762
3902,3155
3724,3167
3692,2462
3628,1755
3476,3115
3444,3062
3380,2463
3292,1958
3276,3150
3244,3128
3236,2027
3090,3041
3026,3079
3010,2444
2938,3097
2922,3084
7646,1551
7506,2559
7410,1928
7322,2318
7274,2176
8684,2298
8628,2473
8576,3229
8548,2929
8171,2931
7723,2906
7305,6359
7081,5609
6745,3034
6681,2364
6489,2622
6281,2438
6185,5832
5919,4741
5695,3070
5487,2633
5455,2341
5359,2468
5175,5326
5095,5047
4991,3250
4975,2180
4927,4936
4701,3651
4477,2291
8803,5431
8499,3072
8259,2171
8163,3830
7931,2838
7691,5044
7595,3276
7459,3735
7339,3859
7299,2732
7085,4827
6957,2945
6813,3740
6645,2332
6565,2106
6493,4570
6453,3734
6329,2269
6265,1993
6193,1975
6161,4576
7575,4088
7535,2518
7491,2046
7471,1977
7009,4332
6689,3396
6337,3331
6177,1974
5841,1665
5713,1680
5537,1618
5441,1642
5193,3868
5129,3957
4969,2568
4793,1807
4729,1683
4577,1609
4545,1717
4465,1630
4393,1708
4345,1850
4337,1712
4069,3570
3941,3436
3765,2766
3733,2210
3653,2136
3517,3414
3485,3432
3405,2651
3333,2620
3317,2601
3285,2619
3161,2572
3129,2537
3065,3188
3049,3231
2977,2535
2961,3090
2921,3188
7543,1554
7447,3035
7359,2005
7311,2477
8727,2451
8663,2463
8611,3083
8587,3280
8206,2720
7758,2917
7342,6313
7118,4916
6782,2918
6558,2247
6348,2308
6316,2406
6220,2202
5892,5669
5700,4105
5524,2644
5412,4100
5396,3318
5212,2874
5116,2811
5028,2248
4972,4916
4964,4129
4672,2582
4512,4882
4480,3223
8436,3939
8260,2819
8028,5052
7868,3142
7692,2347
7524,5206
7444,3401
7356,4007
7324,2555
7024,2083
6880,5370
6800,3515
6644,2544
6580,2027
6508,1995
6476,4752
6312,3924
6240,2489
6200,2020
6138,2089
7572,4556
7528,3792
7504,2633
7156,1731
6766,4426
6414,3033
6222,2110
5918,1803
5724,1822
5692,4095
5516,4073
5436,2196
5140,1632
5010,1682
4834,1641
4738,1612
4722,1765
4554,1946
4490,1866
4402,2140
4352,1992
4344,2128
4140,2033
3948,1855
3916,3529
3740,3525
3676,2610
3524,2124
3492,2213
3428,2130
3340,3388
3324,3401
3292,2741
3284,2093
3136,2089
3072,3206
3056,3257
2984,2625
2968,2622
2936,2553
2860,2491
2844,2516
7380,1546
7332,2834
7264,1859
7216,2535
8642,4773
8614,4475
8220,2651
7760,2274
7344,1927
7120,6238
6780,4470
6556,3264
6348,2565
6316,5798
6220,3692
5884,2871
5692,2373
5516,5552
5404,4110
5234,2502
5202,3972
5106,3190
5018,3759
4962,3837
4954,3578
4660,2223
4494,2714
4284,2465
4252,6418
8196,4300
8012,3105
7820,1882
7628,1979
7476,5143
7412,4884
7316,2691
7168,1881
6976,4693
6832,2880
6664,2053
6584,4741
6512,3069
6464,3575
6348,4418
6284,2412
6212,1972
6180,1805
6088,4427
6052,3404
6032,3458
7152,2081
6768,4227
6416,2431
6224,1870
5920,2957
5728,2884
5696,2353
5520,2012
5440,1856
5144,1842
4984,3746
4840,3618
4744,2697
4592,2006
4560,1893
4480,1903
4392,4628
4360,2907
4146,2095
4082,1808
3922,2307
3778,3689
3682,2713
3666,2315
3498,3139
3434,2056
3418,1877
3330,3096
3298,2532
3290,3305
3142,1966
3078,1362
3062,1623
2990,1355
2942,1816
2934,3365
2866,3041
2850,3444
2818,3669
2810,2239
2774,1611
2766,1623
7154,1504
6894,2573
6760,1911
6434,1651
7280,1924
7086,2281
6716,3953
6524,2882
6316,4754
6236,3699
5956,2868
5732,2799
5700,2563
5492,2780
5396,5418
5244,4746
5132,2967
5116,2491
5012,5250
4972,4435
4736,2698
4672,4938
4478,3644
4302,2352
4190,4842
4174,3554
4022,2577
3910,4582
3894,3285
7492,4956
7428,3160
7332,2337
7184,4914
6992,3095
6848,3742
6784,2627
6600,3755
6526,3453
6484,3328
6380,2712
6294,3934
6204,2312
6172,1818
6104,1525
6072,1896
6036,4967
6020,3218
5682,2070
5490,2414
5200,2388
6210,1562
5906,1532
5714,2335
5682,4103
5506,3039
5426,2546
5130,1480
5002,1458
4826,1925
4794,1512
4714,4727
4546,3260
4482,1898
4394,1336
4378,3585
4338,2502
4134,1980
4070,1396
3910,3864
3766,3586
3670,1776
3654,2510
3518,2025
3486,3266
3406,3272
3334,2450
3318,2416
3286,2486
3162,3216
3130,2469
3066,1969
3050,3146
2978,3152
2962,1953
2930,3123
2854,3130
2838,2032
2806,1775
2798,1634
2762,3301
2754,2282
2738,1607
4862,1236
4669,2174
4417,1680
4175,2031
4854,1819
4730,4935
4483,3435
4361,2115
4240,4588
4167,3278
3970,4529
3930,2729
3805,2019
3662,4326
3608,4266
3493,2520
3473,4238
3410,3225
3351,4306
3314,2726
3309,4017
3075,3025
2947,2451
2923,2358
2754,3945
2691,3867
2679,2914
2530,3824
2467,2890
4440,3980
4333,2469
4242,1871
4212,1940
4057,1761
3973,3861
3873,3677
3750,2249
3690,1736
3634,1728
3604,1693
3535,1645
3491,3411
3447,3481
3431,2687
3391,2148
3375,2068
3355,2116
3347,2121
3210,2006
3683,2046
3500,1993
3404,3251
3237,3204
3141,2470
3125,1658
3034,3208
2994,3162
2864,2429
2768,1951
2677,1912
2661,1895
2621,1945
2547,1907
2499,3034
2491,3067
2446,2361
2430,1881
2314,1881
2282,1841
2202,1824
2129,2957
2113,2951
2073,2959
2003,2949
1987,2265
1947,2930
1909,2940
1901,2255
1885,2910
1881,2905
1805,2215
1773,2814
1765,2877
1728,2212
1720,2882
1704,2883
1700,2799
1662,2202
1654,2884
1638,2811
1615,2204
1611,2225
6047,1503
6011,2260
5993,2213
7021,3477
6667,4766
6311,3117
6135,2730
5832,2618
5688,2455
5512,7320
5408,4393
5392,3128
5117,6598
4941,3748
4797,4495
4693,5076
4677,3207
4526,2725
4438,6017
4364,4288
4312,4214
4304,2960
4118,2373
3910,5795
3878,4446
3702,4024
3630,2528
3614,2596
3463,5202
7195,4966
7099,2530
6979,2081
6863,1986
6823,1990
6704,1937
6512,1795
6376,1860
6312,4325
6144,4124
6076,2701
6036,1795
5960,1682
5880,4251
5812,4101
5772,2182
5720,1794
5680,4090
5646,3912
5626,2248
6791,1633
6407,1597
6071,3749
5877,3863
5845,2046
5539,2858
5377,2932
5209,2288
5145,1829
4932,1830
4740,3438
4708,3408
4540,1807
4476,1537
4340,3291
4308,3360
4228,2022
4160,1497
4112,3207
4104,3255
3870,1965
3742,1470
3710,3127
3542,3075
3478,1868
3462,3108
3310,2392
3246,1861
3230,1845
3162,1856
3114,1847
3106,1846
3008,1837
2976,1865
2912,2998
2896,2985
2828,2318
2780,2906
2772,2935
2712,2008
2696,1792
2664,1517
2656,1189
8250,1566
8202,2274
8158,2044
9762,1985
9369,2080
9239,4074
8833,2675
8371,2488
8167,2380
7745,2777
7569,5864
7333,4007
7203,4427
7187,3006
6841,6029
6629,3596
6437,2818
6317,6112
6301,3921
6099,3895
6013,2845
5899,2579
5883,2569
5835,5709
5575,4335
5493,2846
5247,2455
5019,2170
9807,2906
9535,5323
9217,3792
9073,2477
8849,4934
8697,3185
8573,2489
8481,2119
8439,2110
8071,2248
7883,2221
7783,2049
7625,1981
7485,4691
7379,4504
7331,2748
7177,1964
7091,2057
6993,2125
6951,4514
6861,4242
8483,2568
8437,4374
8417,2570
7888,2050
7514,1775
7110,1698
6962,4037
6610,4046
6376,2581
6158,1941
6120,1939
6024,3877
5716,3853
5588,2409
5408,1801
5376,1819
5296,1788
5154,3634
5058,3717
5042,2856
4952,3837
4920,2637
4710,2959
4646,3612
4486,2851
4340,1907
4308,3737
4228,3716
4090,2291
4058,1880
3994,3326
3906,3306
3890,2486
3858,2087
3850,2074
3700,3455
3636,3524
3620,3441
3546,2169
3530,3502
3498,3440
3490,2172
3418,1745
8438,1693
8350,2805
8244,2322
9812,4616
9758,2884
9730,2407
9726,2520
9140,2367
8700,2362
8204,6552
7982,5190
7546,3498
7358,2526
7108,6092
6976,4291
6648,4052
6572,3055
6352,2830
6122,5603
6030,4233
5834,4314
5794,2941
5678,2666
5576,2559
5504,2532
5494,2469
5126,2461
4926,2328
9116,5657
8956,4642
8766,2939
8482,3430
8322,2364
8134,2488
7948,2389
7868,1953
7776,5163
7744,4561
7420,2847
7272,2332
7192,2372
7034,1937
6970,2272
6896,4761
6864,4485
6710,2871
6572,2143
6530,1967
6450,2158
7920,2142
7854,2017
7818,4587
7458,4217
7074,3664
6722,2139
6530,1871
6498,1862
6160,4199
6000,4125
5822,2689
5758,2063
5508,1845
5316,1939
5212,4196
5108,3775
5028,2414
4892,2016
4796,1841
4780,1860
4692,3690
4660,3516
4444,3691
4380,2308
4220,3705
4076,3057
3980,1866
3964,1973
3828,3450
3732,3367
3716,2575
3644,2123
3628,2097
3588,2152
3470,2129
3438,2049
3374,2167
3358,2097
3270,2116
3238,2121
3230,2085
3162,1958
3146,2071
7818,1704
7778,2806
9168,2150
9192,2448
9140,2882
9116,6520
8715,3755
8253,3233
7835,2776
7609,6174
7261,3953
7197,3165
7005,2594
6797,2722
6701,2566
6417,2654
6179,2699
6145,2630
5929,5529
5829,5636
5671,3407
5559,2617
5543,2624
5431,2454
5391,2236
5383,2402
5069,2215
4901,2427
9113,2923
8953,2579
8777,2723
8543,2812
8383,2572
8207,2575
8143,5232
7959,3902
7887,2853
7847,2356
7623,2305
7491,5038
7345,4320
7177,2894
7097,2257
7025,2351
6985,2259
6891,2155
6811,1952
6739,4682
8271,4619
8195,3760
8147,2539
8099,2067
8073,4378
7719,3651
7335,2527
6983,1779
6791,1926
6759,4437
6423,4144
6263,2518
6087,1968
6023,4198
5775,4051
5711,2468
5551,2082
5375,1988
5311,3955
5159,3805
5127,2507
5047,1808
4975,2084
4927,1856
4919,1758
4705,1869
4489,1775
4453,1864
4297,2009
4199,3535
4183,3524
4029,2742
3909,3668
3889,2317
3801,1610
3781,1572
3731,1681
3609,1593
3577,1569
3513,1741
3497,1657
3425,1579
3409,3289
3377,3207
8027,1643
7929,2765
9353,2298
9297,2551
9213,2278
9157,6754
9105,4298
9077,3240
8657,2818
8209,6905
8145,4055
7727,2958
7535,2600
7149,2595
6957,2603
6781,2489
6669,2474
6357,5921
6293,5936
6099,3309
5891,2453
5811,2382
5635,2382
5603,2487
5507,2927
5419,2551
5363,2262
10313,2333
9705,2523
9339,2349
8985,2115
8805,5388
8615,3747
8363,2691
8197,2101
8011,2166
7941,2245
7757,2065
7685,1996
7637,2214
7417,1976
7175,2077
7095,1997
6973,1909
6877,1823
6805,2131
6773,2015
6653,1875
8113,2014
8025,4455
7985,4195
7901,2574
7861,1865
7817,2246
7797,1706
7275,1696
6955,4159
6589,4297
6429,2341
6061,3233
5933,2518
5751,2104
5655,2080
5639,2129
5301,2056
5135,1994
4975,2057
4875,2069
4707,1920
4675,1964
4595,1959
4519,1931
4471,1953
4463,2024
4231,1882
4039,2118
4007,2141
3831,2212
3767,2009
3751,2078
3583,2089
3519,2063
3503,2051
3431,2118
3383,2010
3375,1987
3253,2065
3221,1946
3157,2013
3105,2020
3053,1953
3021,1985
7745,1635
7635,2763
9059,2185
8955,2566
8899,2191
8815,2355
8759,2310
8707,3331
8679,3143
8255,2905
7807,2919
7391,3043
7161,3522
6823,3294
6759,3267
6567,3293
6359,3221
6279,2955
5999,3136
5769,3143
5737,2973
5529,3005
5433,2783
5281,2768
5169,3015
5153,2781
5049,2709
9901,3131
9629,3070
9309,3155
8957,2998
8621,2798
8429,3027
8285,2874
8053,2832
7861,2901
7717,2780
7549,2752
7469,2698
7381,2663
7349,2703
7145,2666
6905,2468
6825,2404
6705,2589
6609,2561
6537,2516
6505,2566
7925,2515
7845,2485
7757,2539
7717,2469
7633,2476
7593,2395
7549,2515
7529,2362
7055,2342
6735,2340
6383,2344
6255,2313
5951,2217
5757,2170
5581,2103
5549,2039
5469,2117
5173,1962
5045,2021
4869,1954
4773,1991
4757,1970
4589,2021
4525,2032
4437,1874
4421,1891
4381,1895
4177,1840
4113,2006
3953,1887
3809,1792
3713,1842
3697,1900
3561,1946
3529,2099
3449,2162
3377,2057
3361,1933
3321,1911
3205,1888
3173,1909
3109,1926
3093,1903
3021,1950
4524,1296
4424,1978
5232,1692
5128,1836
5040,1827
4988,2176
4922,1775
4870,1746
4826,2314
4800,2149
4578,2367
4316,2524
4078,2478
3942,2331
3748,2343
3708,2293
3592,2208
3470,2154
3412,2204
3264,2118
3128,2398
3006,2376
2986,2453
2928,2212
2842,2770
2774,2156
2764,2478
5183,2308
5129,2430
4988,3208
4796,2569
4604,2291
4452,2810
4388,2288
4292,1932
4168,2456
4104,2040
4008,1849
3948,2520
3900,1998
3864,1795
3778,2585
3698,1801
3610,1985
3578,2515
3510,1767
3478,1917
3430,1934
4151,1567
4103,1503
4059,1816
4035,2297
3997,2727
3973,2714
3951,2663
3939,2674
3768,2572
3576,2595
3400,2534
3304,2510
3288,2519
3120,2479
3040,2462
2952,2453
2920,2425
2796,2391
2700,2384
2684,2375
2596,2407
2556,2373
2488,2345
2440,2324
2432,2338
2388,2335
2371,2277
2265,2251
2233,2247
2153,2229
2081,2184
2065,2214
2025,2129
1957,2197
1941,2166
1909,2177
1865,2168
1857,2158
1841,2152
1837,2110
1763,2105
1731,2111
1723,2087
1687,2100
6487,1511
7993,2525
7949,2046
7819,2337
7731,2252
7643,2286
7599,2339
7525,2247
7481,2205
7437,6569
7415,4962
6996,3221
6644,2208
6290,2347
6114,2336
5882,2257
5674,2219
5498,2273
5394,2072
5378,2206
5118,2296
4974,2289
4798,2322
4694,2341
4678,2257
4530,2448
4458,2483
9396,2602
9300,2711
9208,2667
8894,2592
8638,2529
8270,2773
7998,2671
7870,2570
7686,2568
7474,2583
7346,2476
7162,2415
7058,2387
6952,2369
6880,2416
6846,2426
6580,2115
6444,2387
6364,2440
6260,2087
7756,2272
7672,2355
7632,2092
7502,2334
7422,2199
7338,2161
7298,2179
7222,2073
7182,2127
7140,2229
7120,2224
6705,2093
6385,1962
6113,1876
5921,1965
5647,1908
5455,1876
5423,1915
5255,1863
5175,1799
4979,1778
4787,1712
4755,1715
4587,1875
4507,1956
4387,1849
4291,1837
4275,1894
4191,1813
4159,1955
4151,1839
3913,1831
3783,2369
3751,2087
3577,1426
3511,1447
3495,1412
3343,1457
3279,1901
3263,2254
3179,2204
3147,2253
3139,2199
3041,2158
3009,2161
7959,1707
9371,2849
9259,2697
9155,2638
9099,2669
8935,5562
8837,3302
8733,3094
8685,3001
8595,2850
8547,7104
8495,4239
8471,3102
7990,2405
7606,2865
7190,2780
7030,2784
6702,6462
6478,4783
6270,3303
6238,2646
6142,2600
5830,2611
5670,6000
5462,5029
5350,3163
10642,2942
10318,2991
10142,2904
9972,2803
9876,2792
9780,2846
9426,2781
8946,2728
8754,2678
8482,2615
8242,2658
8146,2617
7918,2541
7678,2578
7582,2578
7446,2484
7326,2474
7286,2489
7146,2427
6954,2392
6810,2373
8384,2411
8152,2327
8064,2371
8016,2336
7894,5001
7798,3714
7694,2697
7654,2150
7570,2254
7530,4870
7486,4128
7466,2680
7145,3763
6759,2584
6407,1963
6215,1978
5911,1965
5719,1943
5687,1989
5511,2076
5431,1912
5139,2027
5011,2215
4835,2017
4803,2099
4723,2147
4555,2021
4491,2106
4403,2168
4387,1980
4355,2042
4151,2027
4087,2036
3927,1970
3783,2026
3751,1871
3671,1936
3535,2183
3503,2181
3423,2254
3351,2037
3335,2083
3303,2079
3181,2121
3149,2010
8155,1721
9689,2668
9505,2827
9409,2589
9305,7644
9121,2473
9009,2612
8905,7298
8849,4532
8765,2897
8709,2436
8657,2856
8627,2752
8250,2740
7802,2719
7386,2596
7322,2672
7130,2462
6758,6468
6558,5779
6350,3351
6270,2754
5990,2605
5766,2556
5734,2598
5526,2553
10820,2926
10588,6432
10284,3761
10188,2944
10004,2173
9932,2571
9884,6073
9330,3142
8978,2550
8640,2024
8478,5704
8296,3183
8058,2325
7898,1922
7722,5327
7554,3625
7474,2394
7386,1902
7354,5201
7150,3608
6910,2550
8474,2285
8322,2150
8210,2185
8122,4924
8082,3816
7934,2540
7854,1994
7734,4835
7658,3455
7610,2166
7566,4669
7542,3008
7204,1890
7076,4634
6756,3269
6404,2151
6244,2065
5908,1832
5748,4257
5604,3984
5508,2323
5254,3132
5058,2628
5026,2548
4848,2525
4782,2551
4622,2454
4526,2410
4510,2498
4422,2386
4390,2398
4178,2424
4114,2331
3986,2322
3810,2355
3778,2309
3698,2334
3562,2294
3530,2267
3450,2341
3378,2280
3362,2285
3330,2282
3206,2242
3174,2257
8154,1870
9682,2791
9498,2384
9402,2801
9298,5392
9118,3258
9006,3038
8902,2931
8846,2904
8762,2930
8706,7447
8654,4339
8626,3097
8239,5151
7791,3399
7375,2805
7151,2751
6815,6701
6751,4407
6559,4671
6351,2799
6255,2708
5991,2674
5767,2646
5557,6259
5525,4883
10767,3581
10421,2920
10243,2880
10065,6466
9969,3436
9873,2527
9501,2238
9021,2530
8861,2432
8557,5893
8317,3740
8221,2574
7989,2121
7749,2388
7653,2313
7517,5589
7397,4445
7357,2860
7209,2359
7017,5411
8527,3631
8311,3825
8215,2506
8127,4211
8079,2721
7923,5186
7843,3351
7755,3546
7715,2645
7631,2286
7591,5098
7547,3616
7527,3959
7061,3578
6741,2461
6389,2172
6229,4679
5957,3392
5765,3624
5589,2422
5493,2205
5245,2005
5181,4060
5021,4152
4845,3315
4781,2202
4629,2077
4597,4075
4517,4105
4445,2572
4397,2156
4389,2192
4121,2097
3993,2071
3817,1996
3785,3697
3721,3640
3569,2888
3537,3659
3473,2934
3385,3655
3369,2892
3337,3666
3213,2846
3181,2240
3117,2214
9795,1865
9601,2964
9499,2258
9351,2111
9207,3011
9083,5587
8969,3442
8901,2977
8807,7448
8745,4295
8683,3468
8659,2566
8171,2834
7799,2987
7383,3560
7159,2803
6823,2739
6599,2688
6391,3140
6359,2582
6263,2873
5935,7035
5743,3613
5567,3287
5455,1915
5283,4869
10385,4644
10193,2835
10041,2519
9921,2622
9873,4875
9317,3590
8965,4792
8629,2713
8437,2635
8293,4125
8061,2633
7869,2522
7677,2607
7557,6131
7461,2953
7389,2092
7217,1696
7057,6000
6881,3090
6817,2088
8289,2256
8137,5307
8089,2802
7965,2655
7853,1807
7765,4947
7725,4905
7641,2829
7601,3556
7557,2241
7537,2213
7071,4688
6751,3692
6399,3503
6239,3351
5901,2006
5741,1956
5565,1897
5501,1732
5253,4232
5061,4144
4885,2338
4853,4055
4773,3001
4603,1869
4539,2043
4451,1853
4435,1719
4395,1879
4191,1781
3997,3689
3965,3622
3789,2747
3725,2278
3573,1941
3541,1797
3477,3517
3389,3526
3373,3434
3341,2122
3217,1890
3185,3418
3121,3313
3105,2671
3033,2754
2985,2600
9325,1779
9185,2740
9057,2097
8953,2806
8905,2491
8813,7200
8765,3957
8713,4776
8689,3178
8177,7379
7793,3798
7377,2827
7185,2500
6881,2496
6655,2508
6447,2433
6335,2467
6047,6334
5979,6272
5775,3440
5551,2560
5463,2383
5291,5934
5257,4288
5161,2796
10053,4885
9927,3151
9879,2599
9323,2378
8971,2004
8635,5635
8441,3353
8297,2351
8065,1747
7905,5491
7729,3200
7561,2246
7481,3909
7409,2985
7361,4169
7157,2920
6917,2544
6837,2623
6717,2808
6637,2544
6565,2300
8083,2177
7935,2028
7855,5525
7767,3862
7727,2573
7643,4936
7603,2746
7559,2279
7539,4842
7073,3161
6817,4794
6465,3915
6273,2526
5969,4413
5777,2750
5745,1764
5569,1871
5489,1706
5257,4237
5065,4617
5033,2619
4857,3124
4793,3230
4639,2119
4607,2018
4527,3971
4455,3096
4407,2085
4399,1894
4131,1728
4003,1696
3971,3661
3795,3668
3731,2200
3715,1646
3577,1646
3481,3553
3465,3598
3393,2211
3377,2704
3337,2758
3221,2146
3189,3444
3125,2757
3109,2675
3037,2140
7548,1544
7451,2413
7403,2014
7177,2979
7080,2458
7025,6479
6948,6036
6895,3522
6847,4980
6821,3136
6497,2741
6083,2686
6023,2580
5648,2523
5469,2584
5137,2274
4953,2351
4796,5522
4693,5384
4455,3239
4391,2596
4208,5138
4018,4494
3943,2735
3793,4577
7449,3833
7260,2612
7114,2079
6995,5050
6947,3689
6423,2245
6076,1919
5948,1943
5595,4306
5423,3950
5359,3459
5056,2322
4893,2066
4821,1967
4650,1949
4581,1925
4541,4060
4354,4021
4226,2955
4086,2123
3928,3790
4712,2951
4626,2090
4578,3938
4465,2863
4353,2112
4268,3741
4228,2786
4150,2049
4110,3651
4067,2815
4047,2276
3863,3481
3671,2667
3492,1844
3396,1845
3232,3401
3200,3370
3120,2622
3030,2032
2990,2068
2864,3187
2768,3187
2752,2502
2663,2043
2623,2054
2552,1470
2502,3097
2494,3505
2446,2751
2429,1976
2373,1796
2289,3157
2225,3117
2136,3118
2120,2433
2088,1912
2011,1901
1995,1984
1963,1999
1955,3092
1911,3100
1895,2986
1891,3026
1832,2371
1784,2934
1776,3020
8248,1649
8144,2869
8040,2209
7996,2654
7865,2363
7777,6879
7689,4232
7645,3213
7569,6788
7525,4005
7481,4506
7459,3296
7033,5170
6681,3767
6329,2867
6153,2741
5852,5831
5676,4311
5532,2790
5428,2517
5213,5605
5149,4646
4973,2809
4797,5272
4725,3914
9887,4562
9695,2831
9511,2434
9349,5695
9257,3345
9209,2487
8702,2115
8366,2151
8062,2016
7870,5313
7734,3733
7535,2411
7343,1736
7207,2037
7055,5117
6975,3988
6891,2442
6859,4897
6589,3113
6453,3012
7995,2193
7843,2007
7763,4831
7679,3226
7540,3168
7444,2222
7360,4550
7312,3120
7244,2052
7196,1705
7154,1750
7130,4460
6833,3561
6449,2227
6113,1698
5921,1602
5649,1638
5585,1621
5425,1711
5257,1784
5177,3972
4980,3961
4788,2432
4620,1840
4588,1930
4508,3884
4388,3795
4292,2003
4276,1667
4192,1631
4160,3783
3980,3713
3916,2240
3756,2815
3620,2170
3588,3578
3508,2783
3388,1810
3356,1867
3276,1831
3208,3477
3192,3469
3160,2670
3053,1746
3021,3327
2957,3455
2941,2550
9349,1779
9253,2816
9149,2951
9101,4152
8865,2618
8761,2315
8705,2457
8623,2302
8567,7368
8515,4143
8487,2966
8130,3970
7682,3111
7618,7553
7202,3974
7010,2956
6650,6890
6458,4002
6282,2848
6170,6727
5906,3867
5842,4979
5650,3348
5474,2730
10730,2897
10502,2827
10310,6658
10118,3284
9966,2370
9846,1949
9798,2191
9452,6211
8972,3214
8780,2391
8412,1933
8268,5927
8172,3513
7848,2569
7704,2218
7608,2267
7472,2237
7352,2018
7312,2099
7172,2189
6980,2056
8498,2108
8418,5268
8186,3650
8098,2370
8050,1819
7928,1740
7832,1960
7744,5011
7696,3999
7620,2686
7572,2119
7528,1661
7504,1970
7178,4814
6794,4048
6442,2467
6250,1774
6218,1829
5882,4352
5722,4360
5546,3489
5482,1989
5236,1691
5042,4091
5010,4249
4830,2205
4758,1711
4602,1688
4570,3827
4490,3746
4418,3069
4370,2385
4362,2270
4102,3834
3974,3756
3798,2340
3766,2868
3702,3732
3550,3583
3518,2747
3454,2792
3438,2184
3350,3452
3318,2717
3310,1866
3196,3407
3164,3414
9686,1873
9518,3068
9406,2453
9302,2616
9246,2802
9072,3304
8976,3218
8872,3179
8824,3112
8730,3138
8682,2829
8628,2995
8604,3052
8102,2764
7718,2906
7366,2892
7142,6134
6806,5900
6582,3628
6374,2770
6342,5753
6246,4010
5918,4406
5758,3068
11134,2845
10942,2928
10750,5824
10406,3591
10230,2552
10060,2085
9980,2233
9892,2507
9626,2600
9242,2291
8858,5320
8554,3584
8424,2511
8232,2120
7984,2251
7856,2162
7664,2272
7544,2172
7448,2236
7376,2184
7204,4784
8730,4798
8554,2924
8442,2064
8274,4468
8194,3156
8106,2412
8066,2067
7854,2006
7766,2053
7718,4325
7642,4496
7594,2547
7550,3710
7526,2335
7188,4449
6804,2751
6740,2257
6388,4516
6228,3247
5892,2301
5732,4063
5588,3032
5492,3371
5244,2206
5180,2239
5020,2125
4844,3896
4780,3762
4628,2341
4596,3681
4516,3159
4444,3858
4396,3118
4388,3655
4120,2297
3992,3743
3816,2733
3784,1884
3720,3615
3568,2817
3536,1876
3472,1940
3456,1941
3368,1871
3336,1910
3328,2000
3212,1866
9820,1860
9708,2986
9540,2216
9428,2420
9308,4339
9260,2799
9096,2973
9000,2816
8896,2978
8848,7105
8756,4602
8708,3352
8656,4538
8632,3245
8119,6775
7733,3820
7317,5382
7125,3234
6757,6324
6597,3924
6389,4695
6277,3106
5997,2728
5933,6412
11385,4428
10985,2901
10809,2512
10577,2590
10385,2625
10193,2434
10041,2505
9921,2540
9873,2606
9317,2350
8965,2336
8629,2339
8469,2381
8293,5610
8061,3549
7901,2480
7725,1873
7557,2313
7477,5296
7389,3801
7399,2683
8871,4259
8567,2647
8471,4327
8319,2803
8207,2068
8119,4821
8079,3244
7931,2306
7851,4702
7763,2903
7723,3826
7607,2351
7563,2028
7539,1972
7535,4715
7069,3237
6749,2191
6397,3714
6237,3706
5901,2540
5741,2004
5595,4311
5499,3322
5251,2066
5187,1832
5027,1730
4851,1758
4787,4298
4635,4112
4603,3935
4523,2297
4451,1753
4403,1832
4395,1711
4127,4062
3999,3989
3823,2499
3791,2001
3727,2059
3575,2009
3543,1961
3479,2021
3391,1972
3375,2100
3343,4043
3335,3652
3187,2794
9831,1819
9719,3092
9519,2332
9423,2306
9319,5400
9271,3127
9107,4569
9011,3345
8867,3014
8783,3119
8727,7829
8675,3867
8647,3557
8259,2335
8131,3005
7747,2851
7331,2902
7139,2731
6769,2530
6577,2630
6399,6659
6287,5296
6007,3153
5943,2570
11373,7043
11005,2829
10829,2317
10597,1949
10405,7000
10213,2902
10061,2125
9941,1957
9893,2367
9337,5699
8985,3339
8649,2249
8487,1875
8311,2295
8079,2265
7919,5584
7743,4420
7575,2824
7495,2164
7407,2203
9163,2107
8895,2099
8591,2023
8495,5046
8343,3739
8231,2388
8143,1667
8103,2051
7955,2132
7875,2074
7787,2400
7747,5540
7663,4089
7623,2573
7579,2841
7559,2256
7091,5022
6771,2986
6419,3624
6257,3926
5921,2462
5793,2044
5617,1881
5521,1995
5273,1976
5209,1877
5049,1980
4905,1833
4809,2033
4657,2168
4625,2201
4545,4494
4473,4265
4425,2371
4417,4465
4141,2572
4013,1956
3979,4340
3797,3994
3733,2214
3581,1689
3549,1839
3485,1653
3469,1673
3381,1769
3349,1906
3341,1861
3225,2027
9049,1710
8871,2593
8665,3073
8459,2373
8323,2132
8249,2131
8051,2161
7911,2103
7779,2123
7709,2636
7543,2553
7465,2569
7427,2608
7421,2689
6997,6397
6649,4788
6259,3190
6074,6265
5782,3406
5624,2823
5493,2555
5409,2484
5180,2393
10276,2661
10088,2650
9737,2656
9563,2588
9291,6642
9060,3349
8964,2476
8791,1927
8712,2258
8489,2332
8124,2372
7848,2389
7522,2222
7352,2026
7185,5201
7018,4937
6798,3136
6574,3390
6441,2367
6327,2010
6246,4882
7617,3629
7473,2457
7317,5528
7257,4662
7131,2722
7053,1848
6982,4714
6889,3414
6815,2145
6749,4642
6713,3299
6655,2125
6611,4618
6577,3284
6562,3135
6323,3501
6035,2333
5774,4396
5630,2737
5409,4304
5265,2506
5133,4197
5109,3272
5049,3153
4835,2220
4739,4117
4609,2816
4537,1820
4525,1808
4406,1797
4346,1773
4293,1740
4257,1684
4251,3956
4061,3890
3965,2330
3941,3875
3810,2899
3762,1926
3653,1914
3629,1872
3581,1865
3515,1876
3503,3657
3479,3543
3473,2912
3364,1895
3316,3595
10062,1841
9880,2983
9788,2197
9692,5333
9646,3068
9423,2436
9323,7402
9269,3787
9192,2838
9138,2404
9090,2754
9063,2715
8672,2551
8168,2445
7706,6797
7440,4648
7400,2960
7016,2298
6804,7044
6568,3887
6462,2444
6190,1965
5928,6903
11438,5187
11214,3261
10994,2650
10714,2533
10416,7010
10186,3622
10074,2319
9966,2012
9724,2349
9330,2585
8936,2513
8610,2490
8368,6329
8288,3829
8040,2608
7800,1833
7720,2288
7568,2154
7504,2334
7408,2251
7266,2106
8796,2196
8584,5470
8504,3244
8330,2205
8178,3741
8130,2490
8000,2167
7904,5212
7814,2931
7766,3032
7686,2387
7638,3635
7592,2960
7568,2427
7243,4800
6859,2956
6507,3624
6313,3405
6009,2251
5945,2007
5785,4091
5609,4031
5529,2160
5301,1637
5109,1651
4933,1621
4901,4020
4821,3869
4685,2395
4589,3801
4573,2384
4485,3760
4453,2764
4241,1992
4177,1934
4017,1905
3871,1938
3839,3611
3759,3605
3617,2782
3585,1858
3505,1916
3431,2069
3415,2092
3383,2120
3375,3884
3223,3606
3159,2115
9773,1800
9571,3030
9475,2359
9371,2407
9323,7330
9157,3837
8973,2700
8917,2910
8833,2898
8777,2905
8725,7957
8697,4024
8316,3403
8186,5472
7798,3459
7376,2855
7180,2821
6810,2687
6616,2662
6434,2628
6322,2811
6036,2562
5972,7029
11458,5130
11058,2801
10882,4934
10650,2702
10458,2595
10266,2758
10114,2624
9994,2593
9946,2452
9386,2297
9026,2477
8896,2120
8526,2295
8350,2412
8112,5449
7952,4422
7776,2732
7712,3078
7528,2363
7448,2112
9202,5695
8926,2947
8610,2152
8514,1693
8362,5298
8250,3888
8162,2624
8122,2116
7970,5150
7890,3177
7762,3549
7682,2255
7634,2137
7590,2092
7566,5673
7226,3088
6842,3390
6778,2059
6426,5059
6266,3030
5930,2224
5770,1868
5594,1924
5530,4779
5282,4207
5090,2323
5058,1946
4882,2015
4802,1837
4666,1871
4568,1998
4552,4109
4464,4226
4432,2793
4220,2125
4156,2097
3996,4389
3852,3819
3820,2491
3740,2068
3604,2024
3572,3868
3492,3844
3420,2940
3404,2363
3372,2404
3248,3745
3216,3770
3152,2927
10428,1956
10234,3213
10038,2453
9980,4690
9838,4950
9726,3274
9622,2734
9566,3237
9482,3238
9418,3016
9366,3267
9342,3177
8901,3296
8357,3174
7883,3114
7633,2928
7271,3103
7011,3114
6777,2995
6741,6593
6643,5457
6271,3611
12185,3311
11691,3177
11379,6817
11255,3786
10855,2806
10631,4162
10373,3142
10209,2944
10143,6375
9745,3807
9199,2638
8981,2206
8599,2580
8417,6063
8351,4648
7989,3233
7773,4747
7693,3085
7497,2930
7425,5689
7377,3700
8893,2652
8589,2383
8493,2474
8341,5396
8229,4612
8141,3062
8101,2130
7953,2268
7801,2258
7753,1999
7677,5227
7629,5121
7585,3193
7561,2542
7219,5086
6835,3303
6481,2628
6417,2416
6257,2173
5921,2362
5761,2314
5585,2105
5521,2321
5273,2169
5081,4725
5049,4223
4873,2521
4793,2152
4657,4398
4561,4345
4545,3410
4457,2562
4425,2371
4213,2363
4149,2496
3989,2299
3845,2206
3813,2230
3733,3852
3597,3798
3565,2950
3485,3951
3413,3130
3397,2613
3365,3835
3241,3831
3209,2432
3145,3565
3129,3571
9547,1908
9363,2920
9305,2401
9165,2473
9053,3319
8949,3178
8893,3226
8809,3065
8753,3066
8697,3415
8673,3097
8285,3210
7837,6567
7421,5567
7197,3719
6861,2833
6637,2898
6605,6207
6397,4955
6301,3182
5973,2964
5813,2685
11211,2792
10907,2897
10811,2870
10483,6125
10307,3482
10139,2646
10043,4658
9947,3043
9575,2941
9095,2343
8903,2406
8631,5541
8389,3981
8293,2743
8061,2361
7819,2272
7719,2349
7581,5303
7455,5159
7415,4429
7203,3965
8773,2571
8597,2235
8381,2271
8285,2304
8197,2277
8149,2110
7991,2145
7907,2201
7815,1906
7775,2129
7691,2028
7649,1840
7605,4708
7583,4445
7105,2590
6779,1976
6427,1955
6267,4391
5995,4344
5803,2422
5627,1844
5531,1982
5515,4131
5219,3903
5057,2332
4913,1966
4817,1841
4665,1934
4633,1905
4551,1864
4479,1824
4431,2047
4423,3728
4155,3789
4027,2802
3995,2008
3819,2004
3755,3575
3603,3515
3571,2940
3507,2961
3491,2394
3403,2272
3371,2274
3363,2302
3247,2236
3151,2264
3135,2271
3063,2239
8544,1775
8456,2756
8410,2170
8275,2479
8191,3111
8100,2627
7997,2331
7953,2189
7912,2919
7888,2995
7569,2782
7441,2715
7080,2590
6712,2499
6533,2422
6229,2589
6050,2546
5900,2420
5796,2502
5571,2425
5356,2398
5324,5911
10659,6247
10487,2938
10280,2150
9982,5941
9886,3256
9713,2613
9628,6287
9407,3385
9087,2582
8747,2244
8435,1941
8243,2290
8055,2130
7898,2131
7706,2335
7568,2277
7412,2150
7316,2271
7247,2325
7215,2435
6934,2276
8484,2273
8372,2295
8211,2230
8131,2322
8045,2227
7896,2260
7794,2275
7700,2184
7646,2234
7571,2114
7523,2124
7480,2232
7456,2244
7147,2151
6763,2124
6421,2077
6229,2130
5941,2064
5877,2040
5717,2041
5542,2221
5462,2181
5252,4435
5060,4487
4889,2793
4857,2186
4777,2079
4620,1947
4556,2053
4469,2053
4453,1994
4413,2094
4233,1889
4041,1968
4009,1819
3869,2669
3773,2942
3757,2907
3629,2892
3533,2965
3517,2889
3447,2833
3399,2901
3391,2891
3286,2887
3254,2811
3174,2818
3104,2813
3088,2806
9398,1932
9334,3032
9175,2946
9079,2552
8975,2457
8927,2495
8837,2527
8789,3268
8737,3128
8713,7983
8211,4132
7817,3679
7383,2408
7187,2941
6807,3028
6643,3020
6429,2888
6315,2828
6035,2822
5971,2696
5775,2716
5559,2925
10851,2732
10614,2799
10422,2678
10230,2646
10074,2888
9954,2699
9906,2668
9360,2537
9008,2633
8672,2511
8480,2605
8336,2599
8107,2485
7915,2480
7771,2423
7603,2520
7523,2425
7435,2321
7403,2439
7105,2507
8625,2451
8513,2379
8345,2303
8265,2374
8177,2382
8021,2323
7925,2379
7837,2293
7789,2202
7713,2294
7665,2216
7621,2181
7597,2239
7262,2219
6874,2148
6514,2079
6318,2213
6286,2222
5946,2210
5786,2311
5608,2179
5528,2214
5290,2234
5092,2228
4912,2142
4880,2164
4796,2031
4660,2026
4564,2188
4548,2185
4460,2152
4428,2435
4216,2426
4152,2309
3992,2371
3848,2324
3752,2277
3736,2238
3600,2456
3504,2636
3488,2586
3416,1858
3400,2221
3360,1359
3242,1934
3210,1553
3146,1613
3130,2304
3058,1438
3010,1607
10058,2656
9918,3712
9806,2259
9702,3323
9642,2522
9546,2666
9498,3179
9446,3257
9422,3710
8901,3020
8425,3041
7941,3685
7687,2831
7321,2960
7073,3550
6847,2855
6811,2661
6705,2896
6331,8025
6139,3733
5893,3750
11541,2340
11421,2762
11027,3067
10811,2921
10605,2752
10483,3190
10353,2663
9944,2930
9396,3071
9180,2458
8754,2814
8590,2448
8474,2302
8088,2689
7914,2310
7796,2151
7634,2511
7490,2416
7440,2243
7222,2501
7092,5850
8610,3388
8394,2998
8296,1795
8208,2177
8160,2714
8004,5564
7924,2920
7836,3008
7796,1721
7710,2243
7670,2234
7626,5355
7606,5674
7136,2897
6810,1957
6454,1758
6326,2079
6016,1945
5822,2571
5646,2105
5614,1955
5532,2056
5236,2067
5108,2106
4932,2153
4836,2508
4820,2492
4652,2376
4588,2466
4500,2435
4484,2376
4444,2450
4240,2361
4048,2204
4016,2189
3868,2157
3762,2111
3746,2233
3610,2084
3514,2070
3498,2358
3426,2337
3378,2224
3370,2248
3254,2256
3222,2184
3158,2210
3142,2238
3054,2168
3022,2179
9658,1911
9472,2893
9302,2295
9122,3032
9042,2625
8910,2574
8836,2454
8770,2925
8740,2906
8231,2665
7911,2899
7495,2732
7269,2588
6933,2660
6709,6437
6677,5646
6469,3578
6373,2718
6045,2505
5885,2583
5677,2443
11169,2739
10977,2720
10633,2605
10457,2630
10289,2738
10193,2494
10097,2676
9849,2513
9465,2362
9077,2423
8771,2440
8531,2257
8451,2445
8203,2347
8075,2235
7883,2314
7763,2466
7667,5665
7595,4995
7423,3024
7263,2428
8823,2498
8711,5176
8543,3983
8461,2620
8371,1979
8215,2130
8119,2140
8031,5121
7983,3925
7905,2580
7855,1776
7811,2046
7787,1978
7445,1999
7061,2168
6769,1902
6645,1961
6485,2239
6149,2186
5989,2178
5845,2109
5749,2050
5501,2068
5437,2188
5277,2017
5101,2073
5037,2019
4885,2068
4853,2066
4773,2106
4701,2001
4653,2178
4645,2072
4377,2069
4249,2040
4217,2080
4041,1953
3977,2096
3961,2063
3793,2087
3729,2064
3713,2128
3625,2087
3593,2040
3585,2012
3469,2064
3437,2142
3357,2010
3285,2036
3269,2034
9801,2059
9737,2931
9573,2475
9477,2593
9373,3077
9325,3243
9233,3316
9185,3191
9133,2976
9109,3081
8599,7059
8215,4575
7793,3072
7599,2632
7293,2888
7069,2846
6861,2853
6749,2816
6733,2775
6405,2715
6211,6064
11857,6581
11617,3302
11521,2622
11161,2311
10969,2794
10815,2812
10695,2788
10647,2823
10273,2779
9791,2620
9599,2552
9227,2610
9051,5878
8987,5048
8655,3084
8511,2257
8415,2483
8231,5572
8157,4077
8109,2942
9779,5433
9619,3441
9379,4194
9225,2758
9129,2424
9041,2265
8985,2234
8833,5110
8747,3912
8657,2812
8617,5193
8521,3252
8471,2502
8415,2204
8385,2197
7857,4509
7489,4390
7093,2737
6913,2207
6597,2114
6369,2165
6165,2145
6061,2111
6043,2091
5705,2155
5545,2155
5399,2235
5303,2201
5139,2218
5103,2172
5021,2125
4943,2160
4893,2114
4885,2193
4589,2267
4447,2147
4409,2083
4213,2221
4141,2338
4123,3936
3933,3889
3859,3832
3839,2458
3739,2023
3703,2160
3695,2042
3577,2068
3545,2009
3465,2019
3393,2532
3377,2598
9705,1889
9657,3111
9491,2670
9395,3118
9291,7233
9243,4004
9149,2838
9101,3343
9049,3258
9025,3224
8485,7292
8089,4603
7643,3199
7445,2440
7047,7037
6883,4608
6663,3319
6549,2896
6533,6864
6185,4283
5993,3065
11359,3076
11087,3186
10851,7091
10659,3847
10467,2916
10309,4253
10183,3128
10133,6727
9567,3670
9215,2414
9087,6509
8719,3577
8543,2684
8479,6023
8147,3740
7971,4656
7907,3061
7723,6098
7651,3567
7603,2679
9119,2139
8959,2095
8719,5835
8551,3669
8455,2499
8347,5571
8307,3151
8143,2425
8063,2410
7971,2206
7931,5598
7839,3737
7799,2290
7753,1877
7733,5596
7247,3840
6921,4111
6563,2564
6401,2065
6127,5240
5935,4173
5759,2600
5663,2120
5647,2091
5349,4875
5189,5105
5045,2834
4949,2048
4917,4797
4765,3391
4685,2217
4613,2174
4565,4704
4557,4504
4343,2490
4151,3632
4119,3646
3943,2889
3879,2787
3863,4441
3695,4304
3631,2824
3615,4383
3543,3506
3495,2754
3487,2281
3369,2283
3337,2310
3257,4279
3185,4269
3169,3404
11785,2173
11669,3120
11443,2651
11275,2845
11115,3089
11031,2857
10901,2874
10817,3586
10737,8690
10695,4709
10043,3653
9474,2705
8935,3041
8655,8101
8305,4203
7947,3104
7660,2419
7495,7446
7471,4235
7047,2807
14949,2542
14451,7803
13933,3440
13583,2899
13213,2586
12857,3296
12595,7218
12351,3497
12255,2692
11499,4721
11003,3093
10803,4719
10291,3071
10019,6391
9730,3418
9458,2718
9190,6067
9084,3275
8824,2482
8722,1990
8648,5831
10637,3630
10249,2482
10121,1990
9937,2242
9761,2638
9631,2095
9571,2557
9383,2172
9243,2013
9095,2438
8937,2266
8863,5244
8803,2888
8767,2320
8467,1682
8343,2375
8015,2125
7683,4570
7527,4535
7222,3211
7070,2135
6934,1866
6836,1989
6634,1962
6466,1948
6438,2075
6290,1970
6234,1821
6113,4553
6029,4524
6015,2450
5941,3408
5913,2289
5687,1995
5587,4378
5337,3356
5127,2285
5079,1940
4957,4268
4772,3255
4722,2240
4594,4209
4494,4174
4470,3197
4424,4115
4269,3304
4219,2147
4111,4075
4085,3435
3981,3946
3957,2279
13981,2267
13667,3356
13447,2525
13257,3273
13149,5689
13002,3473
12894,3410
12800,8613
12746,3844
12212,5808
11488,3446
10866,5270
10620,6279
10460,3912
9942,5377
9642,3564
9320,8365
9194,4295
8806,5639
8440,3521
17560,3267
16962,8590
16674,3335
16230,2917
15860,5545
15714,3555
15420,2997
15268,8495
15212,3191
14220,2520
13538,2296
12922,2803
12538,2804
12264,2670
11858,2652
11538,2701
11194,2606
10876,2578
10716,2450
10576,2487
10480,7268
12728,4042
12154,2652
11962,2158
11690,2623
11498,6778
11298,3229
11218,2508
11004,2236
10884,4831
10756,3273
10696,2468
10578,4627
10518,3200
10454,2422
10424,2217
9707,2018
9179,5599
8595,3486
8379,2226
7901,3664
7585,2656
7301,2045
7249,2040
7119,4932
6679,3595
6479,2277
6213,1887
6165,4803
6043,3512
5773,3624
5659,2388
5497,2103
5467,4873
5407,3755
5099,3519
4999,4692
4745,2314
4527,4134
4479,3040
4355,2000
4159,4095
4111,3129
4015,2144
3885,3917
3861,3098
3813,2111
3801,4005
3623,3047
3453,2074
3421,2017
3299,2015
10061,1914
9837,3458
9749,2294
9503,5097
9355,3046
9203,4893
9141,3392
9013,3173
8933,7446
8855,4017
8821,2819
8158,2347
7774,2726
7358,2763
7166,2607
6798,2450
6638,6580
6430,4888
6318,3199
6038,2507
11812,6488
11428,3183
11124,2453
10852,2229
10620,2945
10428,2558
10236,2765
10084,2594
9964,2715
9916,2710
9362,2749
9010,5985
8882,4092
8514,2712
8338,2208
8106,5192
7946,3580
7770,2621
7706,2004
7522,5066
9240,3931
9184,4188
8916,2654
8612,2096
8516,5039
8364,3282
8264,2433
8164,2090
8124,4737
7976,3941
7896,2666
7808,2181
7768,4904
7684,3571
7644,3742
7600,3408
7580,2506
7118,4737
6798,3117
6446,4444
6286,3610
5950,2268
5822,4492
5644,3275
5548,3634
5300,4322
5236,2716
5076,2052
4900,2063
4836,1990
4684,1981
4652,2065
4572,2024
4500,1991
4452,2001
4444,2024
4176,1953
4048,4039
3872,4016
3840,2946
3776,2073
3624,2034
3592,2034
3528,3716
3512,3715
3424,2906
3392,3019
3384,2415
3268,2356
3172,2410
3156,2359
3084,2317
10002,1983
9880,3046
9822,2678
9654,2594
9558,2603
9452,2738
9366,5932
9272,4308
9220,3312
9192,3215
8807,3165
8647,3190
8237,3085
7789,2969
7573,3084
7179,3409
6977,2846
6789,2838
6645,6917
12943,5727
12199,2840
11957,4311
11489,5366
11261,3381
10963,2716
10687,2551
10577,6703
10385,3364
10297,4999
10009,2719
9551,2593
9227,6278
8853,3573
8633,2741
8425,5801
8229,3455
8027,4057
7827,3138
7701,2597
7593,5894
9323,3646
9067,4342
8875,3884
8699,2583
8587,5109
8419,2998
8339,2407
8219,4990
8095,3272
7999,2684
7911,2321
7863,2313
7787,5071
7739,3356
7695,3753
7671,2718
7329,2070
6945,2347
6593,5010
6401,3678
6097,3653
5905,2529
5729,2212
5697,2261
5617,2280
5321,4872
5193,4222
5017,4008
4921,2431
4905,2247
4737,2184
4673,2119
4585,4644
4537,4584
4529,3049
4325,2409
4133,4572
4101,3486
3917,2302
3845,2268
3829,2444
3647,3970
3583,4017
3567,3235
3479,2236
3447,2196
3439,3833
3323,3994
3227,3133
3211,3352
3139,2571
3123,2492
9973,2050
9925,3019
9761,2683
9665,3105
9561,2860
9513,6260
9421,3378
9373,3364
9321,3096
9297,3368
8751,3384
8321,7348
7885,4622
7683,5098
7309,3132
7149,2898
6937,2827
6817,2761
6535,2668
12911,7976
12503,4036
12075,2754
11879,2526
11623,2936
11399,5628
11199,3794
11035,2868
10911,6761
10863,3360
10217,2485
9791,5214
9631,3644
9179,4578
8957,2969
8679,2618
8483,6896
8257,3655
8175,4606
7949,2613
7853,2578
9725,6358
9393,3339
9013,2254
8891,1947
8699,2434
8559,2317
8445,2349
8393,2382
8209,2292
8097,2284
7991,5734
7865,4423
7811,2652
7761,1981
7729,2247
7281,2218
7153,5161
6833,4885
6481,4214
6321,2610
5985,2151
5825,2263
5681,2118
5585,2080
5335,2034
5141,5060
5109,4910
4933,2984
4869,2289
4717,2217
4621,2101
4605,2095
4517,4365
4485,4512
4273,2808
4209,2407
4081,2355
3905,4742
3873,4798
3793,2541
3657,3657
3625,3749
3545,2948
3473,2392
3457,2326
3425,2489
3301,2331
3269,2308
3205,4523
3189,4599
3117,2504
3101,2179
9385,1979
9241,4012
9129,2753
9021,2702
8965,2698
8877,3090
8817,7911
8763,4125
8735,3201
8349,2631
7899,7441
7477,4400
7253,3287
6917,2623
6693,6731
6661,4616
6453,3433
6357,2757
6029,2643
11639,2840
11301,7199
10981,4247
10883,3344
10553,2576
10375,5218
10207,3064
10111,2664
10013,2584
9641,2508
9161,6378
8969,4422
8585,2729
8431,3688
8329,3058
8001,2491
7845,5960
7761,3899
7577,2593
7505,5353
7457,3685
8985,4110
8753,2749
8585,2386
8433,1941
8321,2434
8233,2344
8193,2133
8045,5189
7965,4507
7845,3003
7769,2360
7721,2199
7677,2123
7653,5292
7303,4248
6909,2802
6557,2187
6493,3823
6333,4870
5997,2942
5835,2180
5659,2185
5595,4648
5343,4355
5141,2489
4959,4687
4927,2979
4845,3650
4707,2930
4609,2857
4593,4529
4503,3639
4467,3532
4259,2816
4195,2267
4035,2287
3891,4150
3795,4136
3779,3327
3643,2279
3547,4117
3531,4084
3459,2544
3411,1954
3403,1951
3287,1994
3255,1974
3191,3961
3103,3901
3087,3895
3055,2440
3047,3920
7353,1767
7305,3196
7253,2126
7229,2412
7183,4081
7159,3324
7133,2828
7121,2832
6704,6690
6352,4899
6000,3165
5824,4991
5592,4930
5384,3415
5208,2817
5104,6002
5088,4308
4828,4450
4652,4656
9492,3793
9260,7027
9164,3551
8872,2664
8656,4571
8520,3044
8404,2547
8364,6466
8044,3250
7572,2189
7380,1880
7042,2380
6904,2277
6808,2384
6516,2346
6380,2215
6284,2242
6164,2285
6048,2297
6008,5711
7278,5182
7118,2857
6950,3390
6750,4305
6654,2661
6570,4330
6522,4126
6384,3449
6304,2670
6220,2135
6180,5482
6104,3499
6064,3556
6022,2380
6002,2347
5613,2322
5318,2121
5004,2137
4857,2182
4573,4933
4423,4568
4295,2546
4205,2027
3995,1944
3803,4083
3771,4043
3603,4008
3523,4040
3403,2700
3307,4012
3291,3208
3207,3935
3175,3142
2997,2086
2933,3760
2773,3798
2637,3006
2541,3700
2525,3044
2405,3808
2309,2875
2293,3722
2225,3756
2177,2854
2169,3716
2071,3671
2039,2901
1975,3649
1891,3601
1875,2879
1843,2835
1835,2814
1775,3595
7879,1756
7773,2658
7725,2100
7629,2290
7581,2317
7529,4701
7505,4106
7080,5123
6724,3246
6370,5882
6194,3973
5898,4917
5754,3285
5578,5859
5474,3581
5262,2725
5198,2890
5022,5501
10300,5753
10132,3400
9936,2648
9744,2652
9560,2692
9424,2455
9308,2453
9260,5485
8762,4000
8424,2460
8120,2047
7926,2258
7790,2335
7594,2304
7402,2171
7266,2296
7114,2276
7034,4813
6950,4831
6918,3990
6652,2451
8170,3904
8058,2858
7906,2297
7826,2268
7742,2357
7604,2174
7508,2206
7424,4576
7376,4596
7308,2813
7260,1964
7218,2204
7194,4544
6903,3541
6519,2363
6183,4481
5991,3421
5719,2279
5527,4365
5495,3362
5327,2460
5247,4284
4987,3273
4859,2281
4691,2380
4659,4077
4579,4177
4427,2718
4363,2302
4279,2175
4263,4298
4223,4159
4053,2546
3861,3887
3829,4158
3661,4074
3597,2716
3581,2237
3429,2262
3365,2295
3349,2194
3265,2205
3233,3759
3225,3852
3127,3722
3031,3011
3015,2983
2947,2766
2931,2965
2899,2921
2891,2874
2831,2889
2815,2874
8801,1932
8719,3552
8663,2359
8611,4970
8583,3240
8224,3090
7774,7437
7354,4560
7124,3377
7092,7208
6726,3772
6534,3151
6326,2948
6230,2873
5982,2828
5758,2858
5550,2750
5518,2795
10744,3059
10420,6996
10244,4554
10076,3267
9980,4536
9884,3123
9526,6667
9034,3696
8842,2895
8472,2895
8312,6349
8232,4096
7908,4446
7732,2826
7668,2570
7484,2521
7412,6041
7364,4124
7168,4486
6928,2903
6848,2667
8302,5841
8222,3898
8134,2638
8094,4225
7884,4601
7796,2865
7748,2527
7672,5653
7624,3855
7580,4227
7556,3958
7231,2841
6847,5429
6495,3576
6303,4193
5999,3956
5807,4172
5775,2906
5599,2612
5519,2449
5227,2454
5099,2400
4923,2311
4827,2326
4811,4821
4643,4733
4579,2959
4491,4700
4475,3372
4435,2398
4239,2295
4047,2228
4015,2228
3839,2105
3775,2243
3759,2365
3591,2461
3527,2569
3511,2613
3423,2408
3391,2521
3383,2478
3269,2389
3173,2470
3157,2497
3085,2226
3069,4173
3037,4096
3029,4145
2961,2754
2913,2203
2905,4094
2869,4058
8773,1877
8721,2720
8693,2443
8316,2458
7868,2979
7452,2534
7228,2571
7196,2955
6828,3115
6636,7028
6428,5340
6332,3575
6068,2812
5842,2644
5634,2587
5602,2593
5506,2588
5354,2556
10356,2909
10156,2843
10058,2880
9962,2836
9592,2702
9336,6415
8952,3749
8648,2798
8408,2304
8312,6097
8080,3787
7840,2701
7744,1863
7608,2466
7488,2274
7448,6503
7236,4918
7108,2523
6964,2927
6796,2230
8310,6978
8222,2893
8174,4318
8050,3016
7938,2419
7850,6385
7810,2883
7726,2173
7686,1786
7642,2474
7622,5236
7288,3440
6904,4175
6552,2030
6360,1787
6056,6103
5864,3070
5832,2347
5654,2484
5574,1805
5336,1767
5138,2522
4962,1666
4928,1842
4848,1915
4712,1646
4610,1804
4594,1873
4504,1591
4472,5392
4260,3218
4196,2177
4068,2255
3892,1521
3860,1542
3780,2145
3644,1512
3612,1544
3548,2197
3460,3757
3444,4770
3412,2933
3404,1733
3288,1725
3192,3836
3176,3547
3104,1986
3088,1930
3056,3642
3048,3104
2980,3005
2964,2045
2932,4745
2924,2982
9538,1834
9490,2750
9438,3444
9414,2568
8861,2966
8425,4489
7967,2784
7751,5511
7419,3475
7165,4518
6931,5371
6805,3316
6787,2720
6405,3212
6173,2656
5969,2512
5833,6982
5641,4769
11131,3707
10895,3344
10713,5271
10565,3713
10505,3306
9897,2468
9509,2801
9125,2666
8947,2640
8743,2499
8481,2462
8277,2743
8057,5629
7849,5006
7731,3019
7605,2343
7563,2153
7339,2288
7079,5167
6993,5191
8465,3019
8385,2305
8295,2281
8255,2136
8089,2860
7907,1981
7849,2199
7759,6175
7709,3986
7663,2911
7637,2025
7285,1813
6901,2407
6547,2376
6483,1893
6323,2538
5983,4606
5823,3665
5647,2640
5583,1772
5329,1672
5137,5787
5105,3243
4929,1938
4849,2292
4713,1672
4617,1661
4601,4628
4513,4164
4481,2615
4267,1819
4203,1696
4043,2045
3899,4472
3803,4266
3787,4440
3651,2684
3555,2472
3539,2370
3467,2288
3451,2380
3411,2357
3295,2228
3263,4307
3199,4324
3183,3247
3095,2375
3063,2364
3055,2204
2987,4383
2971,4379
2939,2782
2931,2168
2895,2025
8793,1880
8741,3120
8717,2826
8207,2465
7823,2427
7407,2366
7215,2230
6847,2818
6687,2747
6479,2811
6367,2844
6087,2742
6023,2689
5831,2748
5623,2743
5543,2688
5375,7064
10485,6598
10277,3086
10093,4992
10005,2864
9737,2724
9353,2671
9065,2557
8729,2465
8537,2588
8345,2486
8097,2462
7969,2513
7777,2303
7625,2398
7561,2520
7465,2353
7317,2411
7125,2502
6981,5810
6917,5299
6733,4758
8241,3026
8193,2493
8069,2532
7957,5488
7869,4084
7829,2802
7745,2344
7705,2365
7661,2421
7641,5471
7175,3996
6855,2893
6503,2427
6343,5698
6007,3774
5847,2681
5703,5512
5607,3389
5359,3878
5167,2719
5135,5323
4959,3713
4879,4058
4743,2699
4647,2346
4631,3222
4543,2022
4511,2036
4299,4465
4235,4622
4075,3331
3931,4477
3835,2883
3819,2050
3683,2174
3587,2190
3571,1910
3499,2136
3451,2247
3443,2043
3327,2107
3295,2215
3223,2161
3143,2128
3127,2211
3095,2124
3087,2253
3019,2097
3003,2015
2971,2058
2963,2110
2927,1980
2903,3987
2899,4197
5158,1547
5070,2622
4818,1952
4556,1779
4430,1674
4202,2359
4076,1966
3945,1989
3893,1980
3726,1865
3584,1935
3563,2245
3434,2467
3373,2593
3286,2105
3218,4714
3208,4789
6112,3929
6058,2768
5892,2246
5604,2129
5324,2119
5112,2150
5016,4876
4876,4771
4708,2997
4532,2199
4472,2178
4366,4680
4318,4660
4248,2884
4153,3521
4009,3470
3905,3559
3857,2696
3727,2307
3675,2329
3645,4287
4347,4257
4287,2740
4223,2089
4193,2106
4134,2015
4104,2103
4072,4334
4057,4145
3821,2564
3661,2019
3485,1871
3405,1953
3237,1849
3173,3952
3085,3946
3037,3124
2910,2409
2878,3807
2798,3834
2708,3002
2676,2028
2597,2028
2581,3789
2541,3840
2505,3782
2481,2977
2477,3836
2339,3706
2275,2374
2187,2295
2171,2303
2139,2336
2063,2288
2047,2269
2015,2330
1971,2451
1963,2305
1947,2346
1943,2297
1869,2253
1837,2288
1829,2290
1793,2236
1785,2286
1769,3713
1731,3575
1723,3650
1707,4035
1703,4020
1685,3160
1681,2487
1673,2514
1671,2500
1579,3984
6821,1756
6467,2830
6259,2591
5995,4149
5929,2614
5749,2209
5573,2106
5485,2099
5289,2078
5081,2448
4905,2519
4873,2471
4785,2501
4669,6112
4565,6071
4477,3209
4461,2743
9313,2861
9125,2528
8739,2740
8371,2743
8099,2352
7867,2578
7787,5566
7575,4812
7343,3059
7263,2372
7127,5167
7063,3832
6971,2656
6857,2273
6663,5125
6527,4862
6463,2777
6295,2327
6227,2173
6187,2366
7663,2414
7565,4892
7459,4611
7413,2721
7337,2306
7297,2339
7255,2277
7235,2036
6820,2148
6500,2130
6228,2087
6036,2165
5758,2284
5556,2152
5380,2207
5348,2048
5268,2028
5008,2071
4880,2218
4712,2141
4616,2138
4600,2128
4448,2514
4384,2926
4300,2944
4284,3019
4244,2985
4074,3107
3882,2756
3850,2745
3682,3042
3618,2745
3602,2688
3450,2692
3386,2697
3370,2721
3302,2763
3254,2762
3246,2660
3148,3640
3116,3665
3052,2411
2968,1981
2952,1994
2920,1998
2912,2004
2852,1939
2836,1991
2804,2136
2796,2199
2762,2127
2754,2147
2738,2106
2734,2211
2579,2115
7793,1747
7441,2827
7217,2187
6889,2042
6665,2328
6455,2164
6423,2296
6327,2292
6015,2183
5855,2944
5647,2954
5535,2725
5519,2780
5339,2698
5259,2709
5155,2695
10175,3085
10079,2980
9703,2866
9415,3059
8997,2851
8669,2791
8399,2758
8309,2825
8053,2672
7805,2767
7725,2758
7571,2616
7507,2627
7411,2635
7267,2563
7105,2622
6925,2569
6859,2534
6723,2651
6603,2465
6563,2484
8015,2472
7919,2424
7831,2617
7783,2568
7707,2453
7659,2511
7615,2367
7591,2441
7266,2473
6882,2389
6528,2397
6336,2428
6304,2364
5968,2322
5808,2432
5632,2438
5568,2414
5324,2259
5132,2273
5100,2219
4924,2482
4860,2444
4708,2417
4612,2518
4596,2490
4508,2431
4476,2565
4468,2892
4208,2689
4080,2728
3904,2541
3872,2632
3808,2534
3656,2484
3624,2590
3560,2506
3544,2478
3456,2449
3424,2484
3416,2380
3302,2495
3270,2452
3190,2421
3118,2434
3102,2324
3070,2376
3062,2482
2994,2383
2978,2324
2946,2364
2938,2357
2902,2277
2894,2344
2878,2340
2874,2290
8219,1797
7899,2939
7483,2362
7259,2255
6923,2366
6697,2492
6665,6720
6457,4378
6361,3116
6097,2572
5873,2677
5665,2732
5633,2697
5537,2576
5381,2624
5267,2689
10273,2820
10079,2802
9989,2964
9721,2840
9337,2612
9049,2757
8713,2621
8521,2765
8377,2728
8145,2644
7953,2558
7809,2705
7641,2685
7561,2524
7489,2594
7441,2612
7237,2626
7109,2413
6917,2308
6797,2464
6717,2381
8221,2288
8173,2384
8017,2346
7937,2131
7849,2503
7809,2294
7725,2165
7685,2339
7641,2278
7625,2216
7287,2622
6903,2146
6551,2088
6359,2287
6055,2259
5991,2363
5831,2322
5655,2299
5591,2313
5343,2377
5151,2319
5119,2273
4943,2354
4879,2422
4727,2396
4695,2354
4615,2258
4543,2387
4495,2315
4487,2225
4283,2377
4091,2276
4059,2323
3915,2530
3819,2446
3803,2450
3667,2435
3571,2363
3555,2387
3483,2415
3467,2301
3427,2308
3309,2329
3277,2313
3213,2233
3197,2385
3125,2395
3109,2386
3077,2346
3069,2266
2985,2503
2953,2541
2945,2460
2909,2448
2901,2441
8771,1921
8743,3086
8739,2510
8230,3217
7846,4432
7428,2923
7236,2548
6866,2866
6706,2857
6498,2833
6386,2917
6370,2776
6042,2728
5850,2718
5674,2824
5562,2673
10886,3194
10558,3109
10382,3140
10214,3127
10118,3362
10022,2833
9650,2691
9170,2577
9010,2636
8702,2612
8454,2640
8374,2569
8126,2563
7998,2564
7806,2488
7686,2502
7590,2436
7518,2426
7346,2489
7186,2502
7042,2429
8610,2557
8426,2622
8346,6024
8258,4428
8218,2958
8070,2158
7990,2344
7902,2489
7862,2381
7778,2384
7738,2359
7694,2257
7674,2321
7204,2207
6884,2257
6528,2331
6392,2288
6082,2233
5890,2283
5858,2291
5682,2408
5602,2316
5370,2264
5178,2223
5002,2487
4970,2377
4890,2392
4754,2387
4658,2368
4642,2307
4554,2322
4522,2259
4514,2356
4246,2320
4118,2264
4086,2247
3910,2389
3846,2345
3830,2364
3662,2392
3598,2305
3582,2272
3510,2286
3494,2347
3454,2369
3338,2285
3306,2304
3242,2228
3226,2314
3154,2466
3138,2420
3106,2715
3098,2693
3030,2617
3014,2720
9016,2032
8968,2814
8876,2447
8828,2553
8776,3297
8752,6256
8240,4107
7856,6383
7504,3892
7280,3259
6944,2946
6720,7663
6512,4567
6480,2988
6384,2516
6056,2893
11606,3064
11270,8352
11078,3908
10870,3019
10542,2476
10366,2873
10198,2813
10102,2799
10006,2713
9760,2729
9376,6489
8992,3940
8684,2715
8444,2339
8364,5315
8112,3461
7984,2887
7790,2659
7634,2639
7570,2616
9286,6072
9038,3984
8846,2812
8638,2133
8558,6090
8390,3562
8310,2606
8190,5669
8066,3712
7970,2722
7882,2360
7834,5483
7758,4242
7710,2802
7666,5466
7642,3249
7298,2440
6914,2190
6562,5167
6370,4009
6066,2473
6002,2269
5842,2193
5666,2176
5586,2165
5354,2119
5162,2075
4986,2032
4954,2277
4874,2420
4738,2343
4642,2271
4554,2315
4538,2188
4506,2225
4294,2167
4230,2148
4070,2300
3926,2217
3830,2112
3814,2287
3678,2394
3582,2268
3566,2277
3494,2315
3478,2263
3438,2322
3322,2300
3290,2235
3226,2223
3210,2272
3138,2273
3090,2176
3082,2205
3014,2187
2998,2197
9094,1920
9038,3083
8954,2560
8898,4096
8846,3465
8818,2487
8432,2834
7984,2940
7568,7693
7344,6082
7008,3783
6944,2625
6752,2959
6544,7169
6448,4383
12322,3286
11842,2933
11650,2890
11250,7815
11058,3185
10810,3065
10570,2219
10474,5609
10288,3915
10200,5794
9932,3338
9548,5542
9260,3406
8924,2724
8732,2839
8540,2773
8356,2713
8164,2713
8020,2698
7852,2794
7772,6867
9530,4076
9490,3190
9094,2097
8918,2464
8822,7088
8670,3160
8558,2270
8470,1861
8430,2386
8282,6006
8202,3630
8114,2823
8074,2443
7990,2491
7950,2405
7906,2423
7886,2402
7392,2421
7046,6304
6668,4389
6498,3174
6212,2406
5998,2303
5808,2251
5704,2294
5686,2206
5358,5908
5182,4990
5018,3147
4904,2303
4884,2163
4710,2081
4646,6022
4558,5143
4542,2914
4502,2410
4298,5898
4234,4176
4074,2610
3930,2321
3834,2319
3818,5600
3682,5667
3650,2895
3570,2188
3498,5567
3482,3905
3450,3234
3326,2685
3294,2731
3230,2708
3214,2646
3142,2591
3126,2649
3094,2561
3086,5507
5481,1663
5321,2478
5267,1984
5199,1824
5147,2025
5103,3041
5077,2743
4849,2468
4577,2553
4537,5859
4286,5776
4165,3398
3946,2518
3829,5267
3726,3943
7125,3210
6939,5583
6563,3370
6443,2557
6221,2406
6113,2310
5976,2235
5788,2333
5728,2125
5617,2241
5563,2132
5462,2107
5255,2217
5077,5155
4909,4948
4813,2902
4741,2275
4625,2175
4529,4914
4457,4871
4373,2624
5329,3750
5277,3052
5257,2550
5058,2617
4970,2489
4922,4799
4830,4062
4790,3711
4746,2561
4726,2221
4620,2238
4576,2261
4552,4569
4514,4696
4490,2485
4468,2038
4456,2040
4257,2015
4021,4493
3812,4487
3698,2691
3678,2069
3499,1956
3418,2120
3328,1949
3295,1939
3171,2004
3075,2115
3059,2126
2971,2248
2931,2232
2863,2107
2815,2198
2807,4204
2763,4057
2747,3213
2618,4107
2573,2483
2461,4119
2363,3049
2341,2492
2286,2513
2196,2476
2173,2442
2116,3938
2065,3836
2053,3111
2029,2418
1955,3785
1935,3944
1895,2978
1886,2370
1840,2386
1808,3776
1803,3769
1759,3770
7893,1862
7787,2841
7742,2203
7668,2614
7624,2526
7580,5566
7558,3579
7137,5284
6785,3212
6433,2385
6289,6226
6024,4134
5816,5020
5640,3169
5536,2549
11730,7865
11134,3729
10766,3063
10398,4332
10230,3184
10034,6720
9842,3555
9658,4976
9521,4607
9405,3119
9357,6143
8859,3685
8523,2837
8219,2524
8027,2496
7843,5680
7695,4668
7503,3141
7319,2618
7215,2344
8939,2394
8823,2473
8645,5366
8453,5086
8253,3076
8173,4356
7957,2739
7873,2344
7825,5557
7719,3441
7607,3667
7523,4447
7483,2861
7407,2358
7367,2262
7325,2299
7305,2239
6889,2268
6565,2139
6223,2142
6059,2201
5745,2154
5611,4966
5437,4587
5339,2682
5123,2092
5057,4737
4897,3357
4725,3489
4657,2913
4517,2451
4421,5513
4405,4061
4321,2194
4289,4256
4111,2091
4047,1942
3919,1926
3751,1974
3719,5142
3639,5266
3519,4036
3487,5240
3407,3071
3339,2641
3323,5203
3291,5265
3185,3948
3153,2619
3089,4746
3073,4612
3005,2519
2989,2404
2949,4954
2889,5010
2873,2984
2841,2502
8895,1962
8813,2772
8757,2346
8705,2273
8677,3202
8320,5356
7872,3202
7456,7312
7232,4438
6904,3191
6840,2998
6648,2590
6440,2684
6344,2643
6094,2634
11714,3028
11308,2967
11116,3011
10920,3015
10676,2722
10432,2887
10334,2922
10150,2758
10062,2843
9812,2546
9428,2478
9044,2684
8740,2434
8610,2399
8418,6268
8174,4506
8046,3211
7854,2319
7734,2477
7638,5933
9388,4140
9152,2791
8960,2436
8784,2626
8672,2571
8504,2622
8424,2608
8336,2608
8182,2522
8086,2513
7998,2192
7950,2449
7874,2300
7826,2168
7782,2388
7758,2587
7429,5418
7045,5949
6691,3107
6497,2458
6465,1792
6129,2562
5969,2185
5793,1934
5727,2460
5483,4991
5289,2797
5257,3022
5079,2984
4991,5181
4853,3928
4757,2535
4741,2274
4653,2407
4621,2296
4405,2302
4333,2271
4157,5286
4003,5019
3969,2772
3879,4018
3729,3155
3691,3093
3599,3220
3519,3272
3501,4991
3463,3361
3327,2323
3293,4930
3227,3317
3209,3886
3137,3084
3121,2591
3089,2597
3011,4817
2995,4832
2963,2957
9009,1998
8921,2749
8861,2531
8807,2882
8779,2841
8396,2875
7936,3163
7506,7704
7270,4931
6930,3454
6866,4502
6674,5818
6466,4008
6370,3201
12160,7939
11616,4139
11280,3163
11088,4757
10896,3564
10648,5096
10372,3537
10198,2764
10100,3189
10004,6817
9630,4134
9368,3127
8980,4570
8676,2933
8436,6462
8340,3768
8108,4035
7868,4607
7788,3272
7636,2802
7516,2851
9268,2907
9056,2930
8832,2871
8656,2676
8440,2728
8344,2724
8256,2796
8208,2862
8052,6133
7972,4226
7884,3071
7844,2418
7760,2542
7720,2617
7676,2464
7656,2497
7194,2556
6874,2505
6522,2513
6362,2376
6026,2469
5866,5465
5722,5501
5626,3453
5378,2519
5186,4280
5154,5364
4978,3311
4898,2514
4762,5256
4666,4495
4578,2840
4562,2578
4522,5062
4318,5104
4126,2873
4094,4121
3950,4916
3854,3138
3838,5011
3670,3748
3606,2814
3590,4946
3518,3965
3470,3929
3462,3232
3346,4844
3314,3808
3234,4846
3162,3200
3146,2423
3114,5802
3106,5303
3038,3175
3022,4518
2990,2402
2982,2005
8896,2114
8848,3397
8796,3329
8772,2989
8263,2709
7879,7331
7463,4825
7271,3564
6899,2871
6737,3049
6525,3116
6411,2839
6129,2845
6065,2893
11539,7185
11137,4225
10961,3315
10729,2525
10537,5288
10345,3373
10193,2808
10073,2885
10025,6543
9469,3791
9117,2833
8781,2240
8587,2662
8443,2820
8211,2765
8019,2731
7869,3197
7689,2818
7609,6908
7521,4307
7489,2691
8881,2019
8705,3041
8609,6109
8425,2958
8345,4715
8257,2845
8217,2532
8005,5425
7917,5172
7869,3259
7793,4403
7745,2991
7701,5456
7677,3539
7335,2667
6951,5338
6599,3450
6407,3586
6375,4309
6037,3030
5877,5311
5701,3421
5621,5067
5387,3139
5195,4728
5019,4019
4987,4019
4907,2708
4769,2499
4673,2478
4585,2272
4569,2538
4529,4546
4325,4370
4261,4620
4101,4626
3957,2652
3861,2218
3845,2129
3709,2139
3613,2191
3597,2093
3525,2244
3477,2343
3469,2235
3353,2325
3321,2536
3257,2409
3169,2603
3153,2522
3121,2427
3113,4333
3045,4307
3029,4245
2997,2681
2989,2288
2953,4177
8927,1981
8875,3611
8847,2314
8335,2608
7951,4461
7527,3363
7333,3158
6963,2898
6803,2842
6593,7446
6481,5090
6201,3105
6137,2565
5945,7358
11267,4852
11091,3354
10795,5388
10555,3408
10459,2955
10275,2842
10187,7446
9919,3605
9529,2976
9137,4578
8825,3121
8693,7693
8491,4099
8221,2782
7955,2520
7861,2608
7701,2624
7631,6894
7525,4147
7375,2721
8873,2158
8697,2610
8481,6614
8383,3311
8295,2524
8239,1975
8089,2398
8009,6344
7919,3511
7879,4170
7795,2547
7755,2423
7695,2600
7349,2302
6959,6044
6895,4090
6539,2658
6379,1937
6043,2253
5883,5851
5707,4130
5627,4158
5393,3366
5201,2163
5025,5085
4991,4978
4911,3201
4743,3967
4679,3179
4591,2735
4575,4838
4535,3656
4267,3853
4139,2596
4107,2535
3931,4732
3867,4498
3715,3293
3683,2400
3619,2438
3531,4572
3515,4473
3483,2464
3475,4558
3359,2943
3263,2132
3247,4501
3175,4257
3159,3477
3127,4379
3119,2756
3051,2357
3035,2280
3003,2315
2995,4346
2959,4416
2951,2711
2935,2303
8773,2017
8255,3035
7871,2239
7455,2118
7263,2471
6889,4668
6729,5236
6521,3388
6409,2968
6393,2960
6061,2858
5869,6638
5691,5837
10935,3701
10703,3035
10511,2792
10319,2683
10167,2776
10047,2701
9999,2506
9443,2773
9155,6557
8963,4336
8595,2901
8419,2314
8355,2673
8027,6328
7851,4314
7787,4641
7603,3003
7531,2489
7483,6153
7279,4539
7151,3047
8597,2514
8445,2634
8349,2558
8245,5696
8205,4454
8057,2941
7977,4795
7889,3067
7849,2562
7765,2434
7725,2487
7681,5780
7661,4621
7195,3058
6875,2554
6523,2487
6363,2374
6091,5773
5899,4589
5723,2956
5627,5762
5611,3440
5315,4458
5155,3170
5011,5336
4915,3683
4763,2684
4731,5223
4651,3568
4579,2541
4531,2572
4523,5079
4255,5111
4127,2917
4095,5202
3919,3140
3855,2385
3839,2466
3671,2450
3607,4882
3591,4679
3503,4895
3471,2845
3463,2185
3347,2194
3315,4832
3235,4702
3163,2880
3147,5038
3115,3345
3107,2498
3039,2495
3023,2354
2991,2340
2983,2343
2947,2313
2939,2352
2923,2335
6031,1768
5690,2825
5418,2041
5138,1826
5002,2305
4762,2922
4626,4186
4510,2860
4430,2528
4251,2489
4203,2521
4067,2474
3927,2569
7780,5907
7624,2589
7480,6490
7328,5013
7198,3164
7134,2578
7110,6670
6615,3816
6279,2826
5975,2506
5783,6340
5599,4437
5450,2961
5258,4773
5122,3158
4970,5953
4874,3728
4806,2748
4774,2478
4505,2519
4369,5362
5249,5420
5097,3277
5017,2262
4933,5247
4794,4446
4698,4126
4614,2888
4566,5162
4498,4125
4450,5079
4408,3147
4384,5066
4185,3892
3963,4846
3762,2999
3652,4655
3634,3348
3438,2508
3338,4571
3230,4500
3180,2897
3044,4420
2924,3520
2816,2793
2796,4378
2746,4370
2665,3227
2605,4297
2595,3392
2541,2714
2521,2691
2411,4138
2379,4137
2299,3297
2227,2655
2211,2646
2171,4169
2103,4130
2087,4169
2047,3166
2011,2608
2003,2509
1983,4061
1925,3922
1909,3182
1877,2479
1869,3928
1833,3189
1809,3215
1805,3158
1771,3212
1763,3114
1747,3071
1743,3123
1725,3853
1721,3876
1713,3148
1711,3837
7266,1817
6850,2657
6498,2523
6290,2665
6026,2412
5818,2425
5786,3039
5610,6839
5520,5384
5260,3385
5116,2890
4940,6603
4836,5093
10142,3702
9848,3118
9676,3184
9518,7003
9418,4003
9326,2777
9012,2367
8548,6687
8356,4071
8116,2782
7884,5037
7788,3260
7592,4893
7360,3425
7264,5884
7144,3590
7028,5715
6988,3179
6810,2589
6682,2578
8200,2560
8000,2379
7904,5857
7820,4070
7772,2867
7634,2215
7554,5775
7470,3467
7430,4335
7354,2896
7314,2571
7272,5622
7252,3685
6837,2594
6517,5378
6181,3460
6021,2370
5781,2084
5589,2115
5421,2224
5325,5091
5309,5006
5049,2909
4889,2108
4753,2148
4657,4974
4521,4721
4489,2637
4409,3771
4341,4842
4293,3009
4285,3748
4051,2989
3923,4641
3755,3581
3723,2536
3659,4503
3523,3588
3491,3514
3427,2879
3343,2690
3327,2769
3295,2806
3287,4364
3189,4439
3093,2767
3077,2064
3009,2056
2993,2126
2961,2098
2953,4374
2893,4324
2845,4327
2837,4985
2803,3279
2795,2174
2779,2067
2775,2067
2622,2061
7832,1881
7416,2555
7352,2391
7160,2166
6800,2627
6608,4222
6400,2816
6320,2837
6054,2700
5828,6378
5796,6230
5588,5582
5492,4918
10572,3614
10330,3101
10234,2973
10048,7549
9958,3319
9706,2856
9322,2334
8938,6212
8634,3944
8394,2922
8314,6195
8070,3558
7830,2863
7750,5964
7598,3902
7534,2830
7438,2473
7296,5739
7104,4338
6960,2985
8534,4781
8302,3195
8214,2828
8166,2636
8044,2545
7948,5585
7844,4284
7804,2917
7720,2539
7680,2941
7636,2586
7616,5650
7167,3888
6847,3000
6559,2519
6367,5863
6063,4319
5871,2909
5695,4903
5663,3881
5583,2565
5291,2221
5131,2287
4987,2199
4891,5419
4875,5549
4707,3307
4643,2567
4555,2667
4507,2743
4499,2545
4303,2469
4111,2490
4079,2434
3903,5072
3839,5100
3823,4226
3655,2779
3591,2436
3575,2429
3487,4951
3455,5155
3447,2776
3333,2375
3301,2320
3221,4366
3145,4498
3129,3491
3097,2293
3089,2382
3019,2353
3003,2359
2971,2327
2963,2371
2927,2345
2919,2354
2903,2347
2899,4055
2726,4172
8074,1896
7638,2885
7436,2665
7064,2709
6904,6777
6694,4088
6580,2611
6292,2754
6228,2787
6036,2762
5828,2723
5748,2676
11138,2855
10946,3016
10746,2875
10578,2856
10456,2967
10408,2836
9818,6899
9434,4575
9290,3398
8890,2571
8702,2727
8462,2859
8302,6610
8126,4145
8062,4703
7878,2867
7806,2571
7758,2698
7546,2533
7276,6172
7186,4847
8724,3118
8626,2599
8518,2475
8474,2509
8308,2478
8214,2429
8110,2458
8062,2407
7970,2371
7928,2355
7882,2374
7862,2427
7380,2431
7042,2425
6672,2381
6500,2353
6218,2419
6018,2495
5830,2460
5728,2484
5708,2449
5396,2423
5222,2349
5072,2318
4974,2343
4814,2252
4776,2356
4690,2467
4610,2406
4554,2333
4546,2318
4342,4910
4150,4899
4118,3086
3942,2351
3878,2272
3862,2349
3694,2315
3630,2309
3614,2287
3542,2400
3494,2374
3486,2456
3370,2402
3338,2341
3274,2427
3186,2408
3170,2316
3138,2319
3130,2342
3062,2294
3046,2348
3014,2360
3006,2343
2970,2304
2962,4393
2946,4356
2942,3332
2759,2397
7995,1900
7579,2813
7355,2561
7019,4651
6795,2973
6763,2545
6555,2559
6459,7003
6127,4926
5963,5306
5753,3294
5721,2865
11019,3010
10767,3122
10527,3028
10431,3002
10247,2985
10159,2967
9891,2920
9503,6657
9109,4176
8803,2742
8675,3949
8483,3103
8235,2794
8107,6313
7915,4367
7795,4819
7699,2969
7627,2574
7595,2666
7295,2785
7151,2723
8733,2558
8549,2748
8469,2663
8381,2497
8341,2489
8193,2460
8113,2528
8025,2525
7985,2511
7899,2483
7859,2472
7805,2462
7779,2460
7309,2441
6989,2437
6637,2486
6477,2513
6205,2282
6013,2552
5837,2498
5805,5675
5725,5158
5429,4159
5301,2679
5123,2458
5027,2343
5011,2396
4843,2360
4779,2356
4691,2326
4675,2531
4643,2576
4431,5080
4367,5109
4207,3284
4063,2504
4031,2537
3951,2395
3815,2449
3783,2482
3719,2334
3631,2328
3615,2529
3583,2543
3575,4912
3417,4813
3347,3114
3331,2547
3251,2286
3233,4863
3199,4740
3191,2820
3111,2459
3091,2536
3049,2372
3039,2570
2991,4531
2979,4497
2957,2900
8855,2046
8335,3103
7937,2463
7505,4659
7305,2894
6997,2713
6771,2446
6563,2386
6451,7198
6435,5131
6101,3446
5909,5675
11289,4127
11049,3055
10785,2830
10593,2801
10401,6764
10247,3930
10125,2812
10077,2261
9501,5386
9199,3635
8999,4140
8623,2868
8447,6242
8383,3876
8055,2758
7879,2414
7815,5984
7627,4514
7553,3130
7499,2600
9015,2471
8855,2503
8615,5609
8463,4220
8367,2945
8279,5496
8223,3397
8075,2603
7995,5359
7907,3681
7867,2670
7783,2275
7743,2268
7699,5277
7679,4543
7213,2935
6893,2427
6541,5266
6381,3581
6109,2659
5917,2383
5739,5045
5643,4929
5627,2868
5331,2354
5171,2486
5027,4999
4931,5156
4779,2976
4747,2344
4667,2317
4595,4946
4547,4970
4539,3147
4271,2451
4143,2432
4111,4862
3935,4944
3871,3095
3855,3682
3687,3715
3623,3095
3607,3045
3519,3075
3487,4391
3479,4417
3363,3418
3267,3628
3251,2880
3179,2861
3163,4529
3131,4562
3123,3503
3055,2576
3039,4436
3007,4498
2999,3631
2963,2449
2955,2465
2939,2481
8785,2039
8275,3049
7891,2493
7473,2280
7281,3637
6913,4407
6753,2904
6545,6670
6433,4343
6153,3154
6089,2880
11561,7536
11161,4175
10985,3089
10753,2603
10561,2924
10369,7120
10217,3982
10097,3101
10049,4366
9493,3100
9141,2829
8805,2685
8643,6661
8467,4442
8235,2978
8075,4875
7899,3162
7835,2680
7651,2644
7579,2621
7531,6083
9049,4468
8745,3041
8649,2281
8497,5982
8385,3754
8297,2899
8257,2522
8109,2367
8029,2362
7941,2344
7901,2341
7817,2409
7777,2323
7733,2289
7713,2314
7247,5537
6927,5363
6573,3157
6413,2434
6077,5342
5947,3352
5771,2718
5675,2339
5427,5061
5363,3885
5203,2569
5059,2276
4963,5079
4811,4658
4779,2799
4699,5201
4627,3866
4577,2450
4569,4994
4365,3800
4173,3872
4141,2754
3965,2607
3901,2650
3885,4687
3717,4915
3653,2870
3637,2209
3565,2399
3517,4536
3509,4664
3393,3584
3361,2474
3297,2463
3281,2479
3191,2448
3155,2424
3145,2432
3073,2475
3055,2443
3023,2405
3013,2386
2973,2720
2965,2709
2947,2707
8857,2007
8467,3025
8013,2692
7593,2684
7369,2831
7033,2642
6969,2709
6777,3056
6569,3011
6473,2943
6205,2884
11841,3143
11439,3061
11247,3086
11055,3146
10807,3015
10563,2976
10457,3105
10267,2929
10179,3019
9901,2889
9501,2922
9099,2864
8851,2802
8649,2789
8451,2807
8203,2723
8075,2661
7883,2745
7763,6638
7667,4854
7595,3226
9147,2439
8953,2748
8771,2611
8657,2626
8483,6326
8403,4067
8315,2889
8275,2331
8063,2468
7975,2579
7927,2627
7849,2603
7801,2736
7757,2562
7733,2513
7391,2469
6995,2402
6929,2441
6573,5545
6413,5552
6077,3399
5917,4490
5773,3115
5675,2495
5427,2515
5361,2577
5195,5380
5015,5089
4949,2983
4793,5277
4761,3508
4681,5230
4607,3204
4559,2533
4551,2591
4283,5069
4155,5070
3979,2852
3947,2262
3883,2259
3731,4902
3699,4890
3635,3270
3547,2386
3531,2368
3499,2439
3491,2397
3375,2395
3279,2452
3263,2522
3191,2538
3175,2554
3143,4765
3135,4743
3067,3757
3051,2597
3019,2608
2975,4625
2967,4665
2951,3657
7057,1810
6772,2803
6661,2328
6363,2801
6033,2441
5885,2415
5592,2727
5444,2756
5302,2184
5214,2828
4992,2978
9597,3104
9266,3075
8977,2987
8843,3105
8663,3055
8519,2911
8373,2521
8219,2773
8164,2554
8128,2470
7708,2591
7439,2363
7179,2429
7035,2347
6926,2444
6750,2406
6606,2464
6497,2559
6366,2431
6306,2293
6239,2528
7684,2458
7383,2533
7248,2570
7176,2406
7035,2484
6975,2496
6908,2387
6878,2432
6717,2324
6651,2334
6615,2327
6557,2372
6521,2142
6487,2403
6469,2338
6220,2052
5932,2275
5668,2321
5620,1998
5500,2328
5236,2326
5108,2253
4966,2547
4916,2177
4728,2361
4584,2567
4560,2482
4428,2525
4368,2457
4264,2469
4192,2376
4180,2445
4114,2450
4090,2326
3935,2477
3887,2423
3767,2419
3659,2513
3635,2354
3575,2445
3471,2400
3447,2468
3387,2387
3333,4409
3321,4282
3291,3343
3205,2826
3181,2766
3133,2858
3121,2824
3055,2849
3031,2788
3025,2777
2974,2758
2962,2763
2938,2844
2932,2731
2905,2683
2899,2754
2887,2737
8732,2123
8244,3314
7860,2876
7444,2915
7252,2579
6948,2994
6724,2568
6516,2486
6404,2969
6132,2885
6068,2952
11528,3070
11126,3138
10950,3094
10720,2966
10528,2998
10320,2798
10136,2846
10048,2920
9789,2851
9405,2683
9117,2686
8781,3062
8587,2715
8395,2735
8147,2622
8019,2687
7827,2656
7675,2617
7611,2661
7515,2688
9096,2608
8872,2563
8696,2423
8616,2443
8384,2351
8296,2487
8248,2523
8093,2354
8013,2332
7925,2381
7885,2346
7801,2390
7761,2457
7717,2287
7697,2311
7236,2381
6916,2379
6564,2162
6404,2255
6068,2092
5908,2168
5732,2002
5668,1976
5420,2407
5228,2472
5052,2503
5020,2528
4940,2443
4772,2529
4708,2441
4618,2491
4602,2459
4562,2394
4358,2472
4166,2525
4134,2553
3958,2567
3894,2483
3742,2466
3710,2450
3646,2479
3558,2470
3542,2489
3510,2455
3502,2408
3354,2394
3290,2427
3274,2371
3202,2373
3154,2630
3146,2634
3078,2532
3062,2518
3030,2613
3022,2506
2986,2596
2978,2681
2962,2480
2958,2540
2777,2488
2713,2509
7493,1952
7301,2712
6933,2175
6741,2374
6565,2545
6453,2682
6173,2566
6109,2448
5917,2428
5709,2856
11005,2993
10705,3082
10459,2951
10361,3047
10177,2911
10087,6617
9819,3986
9429,2906
9043,2313
8803,2938
8611,6460
8419,3825
8171,2759
8043,2251
7851,6423
7699,4072
7635,2875
7539,6224
7391,3680
7199,2770
7055,2615
8633,2515
8401,2584
8313,2519
8265,2488
8141,2450
8045,2455
7941,2520
7901,2418
7817,2439
7777,2531
7733,2515
7713,2418
7241,2407
6921,2475
6567,2453
6407,2410
6133,2359
5941,2441
5763,2417
5667,2357
5651,2504
5351,2440
5191,2412
5015,2400
4951,2405
4799,2380
4767,2548
4685,2602
4613,2515
4565,2524
4557,2476
4289,2479
4161,2443
3985,2444
3953,2385
3873,2517
3737,2414
3705,2363
3625,2393
3553,2313
3537,2379
3505,2553
3381,2559
3349,2611
3285,2626
3269,2595
3197,2540
3149,2607
3141,2544
3073,2531
3057,2577
3025,2399
3017,2499
2981,2823
2973,2747
2957,2715
2953,2821
2767,2693
2703,2647
2575,2674
2543,2693
7043,1931
6819,2746
6611,2297
6579,4198
6483,2929
6155,2678
5995,2642
5785,2627
5671,2567
5655,2853
10717,3094
10541,3040
10373,2929
10277,3090
10181,3039
9809,2882
9329,3000
9137,2979
8769,2846
8625,2960
8529,2923
8201,2800
8057,2853
7961,2786
7825,2761
7705,2806
7665,2831
7453,2674
7325,2666
7133,3196
7013,2809
8561,2549
8473,2543
8417,2548
8269,2631
8189,2467
8101,2632
8061,2679
7977,2517
7937,6275
7893,4407
7873,2956
7407,2523
7087,2415
6735,2175
6575,2382
6237,2423
6109,2387
5933,2302
5837,2354
5587,2348
5519,2295
5349,2354
5163,2436
5095,2387
4939,2395
4907,2482
4825,2369
4737,2608
4705,2340
4697,2325
4413,2101
4269,2359
4083,2353
4049,2012
3963,2430
3813,2383
3773,2356
3673,2378
3589,2305
3571,2355
3533,2310
3403,2238
3371,2342
3307,2478
3291,2412
3219,2393
3203,2531
3163,2521
3095,2373
3079,2475
3047,2480
3039,2362
3003,2495
2995,2408
2979,2442
2975,2402
2793,2348
2729,2298
2601,2382
2569,2410
2425,2342
6791,1912
6759,2685
6551,2221
6455,2003
6127,2754
5967,2722
5759,2268
5727,6629
5631,5100
5447,3364
10443,2907
10275,2889
10179,2916
10083,2908
9709,2782
9227,2804
9035,2816
8761,2741
8519,2717
8423,2698
8089,6248
7943,5377
7847,3420
7707,2695
7587,2951
7547,6146
7335,4685
7207,3084
7015,2653
6895,2515
8409,6026
8321,4213
8265,2842
8117,4533
8037,3105
7949,5842
7909,3334
7825,2587
7785,2424
7741,5717
7721,4607
7253,3047
6933,2478
6581,2299
6421,5592
6085,5179
5925,3005
5781,2424
5685,2367
5435,2473
5237,2421
5203,2377
5023,2959
4943,2825
4805,2292
4709,2171
4693,2534
4605,2477
4573,2362
4361,2071
4297,2120
4137,2036
3993,2020
3961,2103
3881,4451
3745,4796
3649,3839
3633,2718
3561,2637
3545,2704
3505,2657
3389,2577
3357,2615
3293,2614
3277,2606
3189,2579
3157,2649
3149,4622
3081,4608
3065,3688
3033,3016
3025,3039
2989,2936
2981,2943
2965,2952
2961,2928
2779,2862
2715,2903
2587,4498
2555,4445
2411,3513
2379,2895
6563,1900
6451,2710
6171,2213
6107,2214
5915,2436
5707,4262
5627,2681
5459,3166
5427,6656
5331,4656
10219,5790
10099,3493
10051,2847
9495,6789
9143,4001
8807,5146
8615,3297
8471,5513
8239,3684
8047,2882
7903,6559
7735,4232
7655,4591
7567,2961
7535,6435
7235,4145
7091,2934
6995,6438
6859,4068
6795,2873
8297,2538
8141,6130
8045,4298
7957,4695
7909,2963
7833,6101
7785,3787
7741,2709
7717,2421
7375,2362
6991,2328
6639,2323
6447,2317
6141,2207
5949,2269
5917,5276
5741,5314
5661,3387
5365,2633
5237,2660
5061,2490
4965,2564
4949,2608
4781,2560
4717,2510
4629,5041
4613,5034
4573,3309
4369,2478
4177,4952
4145,3870
3969,2768
3905,2662
3889,4739
3721,4771
3657,3034
3641,4727
3553,3757
3521,3966
3513,3190
3397,2725
3301,4711
3285,4692
3213,3956
3197,2679
3165,4642
3157,3742
3073,2924
3041,2932
3033,2905
2997,2827
2989,4624
2973,4594
2969,3648
2787,2556
2723,2520
2595,2544
2563,4742
2419,4726
2387,3733
2323,2524
2323,4777
6651,2791
6287,3995
6071,3080
5871,3606
5737,4053
5639,4238
5527,6632
5419,4684
5321,9678
10273,5629
10203,4502
9623,4141
9261,3909
8913,3889
8717,3795
8523,3640
8339,3758
8141,9171
7935,5274
7809,4396
7695,3309
7591,3461
7437,3513
7245,3520
7101,3227
7037,3396
6853,3233
6781,3309
6733,7749
6617,6051
8085,4023
7997,3591
7957,3219
7841,7992
7797,4929
7773,3606
7431,2810
7047,3052
6695,7319
6501,4958
6197,3360
6005,6789
5973,4261
5797,3191
5717,2689
5421,6378
5291,4671
5115,3054
5019,2832
4867,6363
4835,4348
4755,4385
4683,4858
4635,3463
4627,6155
8993,4230
8673,5088
8367,4669
8169,2919
7985,2730
7801,6311
7625,4496
7449,4876
7313,3145
7249,2418
7161,2778
7029,2734
6837,2587
6709,2577
6601,5960
6477,5198
6413,3188
6373,2645
6257,6060
6193,4120
6129,2971
7603,2479
7527,2411
7487,2353
7447,5825
7427,4689
6985,2962
6665,2561
6345,5622
6185,3839
5881,4452
5753,3120
5593,2532
5497,5331
5265,3920
5201,2778
5041,4236
5620,2395
5532,3704
5383,3621
5331,3850
5215,3463
5143,3634
5069,8916
5055,6818
4759,4541
9094,4008
8764,3888
8584,3955
8394,3611
8178,8827
7988,5510
7806,3901
7726,3301
7554,7022
7482,4632
7422,3789
7196,3504
6836,7860
6708,5189
6580,3835
6428,3063
6328,7750
6276,4819
6157,3364
6065,3156
5972,7263
7283,5436
7195,3826
7147,5998
7099,3704
7074,7207
6635,4071
6271,3353
5902,3032
5718,2817
5410,2922
5253,6471
5059,6160
4948,3523
4737,6336
4673,3660
4489,3018
4303,2886
4227,2740
4095,2859
4063,6387
3975,5862
3903,3792
3851,2884
3843,2754
3595,2851
6851,2941
6703,3126
6325,2987
6137,2862
5917,5720
5717,5089
5509,3273
5441,2616
5239,2662
5155,5728
5103,5632
4933,3120
4803,2567
4611,2594
4506,2496
4426,2489
4342,2486
4310,2628
4198,5146
4114,5255
4313,4095
4911,2941
4824,2645
4774,5073
4724,4659
4704,2821
4415,5310
4205,3999
3982,4244
3882,4018
3720,3174
3599,4927
3491,3896
3429,4925
3419,3870
3243,3614
3137,3048
5847,2718
5707,4263
5681,3115
5496,4144
5382,7500
5306,4891
5236,4336
5223,9465
5018,5492
9266,4512
9040,3368
8670,9428
8486,4481
8412,3266
8060,3327
7864,3544
7786,3286
7596,3564
7518,3332
7465,3394
7288,3391
7140,3215
6940,3409
6838,3295
6746,8042
6674,5528
6622,3861
6520,2887
6448,3264
7874,3478
7828,7738
7754,4589
7710,5205
7666,4529
7644,3735
7223,3485
6863,3408
6507,3429
6329,9024
6097,4325
5889,3319
5712,2649
5604,3050
5588,2986
5324,3022
5148,7882
5004,6322
4900,5620
4768,3426
4736,2999
4648,2955
4576,7702
4524,5297
4516,3424
4284,2986
8566,2985
8438,7760
8102,4038
7934,3223
7738,4220
7578,3216
7410,2702
7346,7501
7178,4191
7110,3085
7062,4124
6892,3030
6660,7206
6580,4095
6476,4734
6396,3319
6312,2927
6280,7091
6182,4389
6118,5018
7560,3218
7520,7095
7444,3843
7404,2886
7362,2632
7342,6893
6929,3690
6609,2932
6273,2360
6113,2240
5809,2281
5681,2476
5513,2415
5417,2516
5205,2519
5141,2663
4981,2618
7539,2675
7427,4406
7227,3341
7161,7284
7017,4413
6917,3422
6829,9294
6813,5151
11069,6349
10649,4413
10489,3789
10065,3800
9857,3748
9591,3566
9395,3550
9181,3419
9101,3501
8887,3492
8799,3401
8741,3269
8531,8439
8227,4765
8127,3668
7995,2966
7899,3349
7795,7914
7755,4753
7631,3650
7551,6452
8975,4415
8927,5381
8837,3859
8789,3470
8737,8091
8713,4607
8223,3282
7839,5758
7423,3819
7231,7019
6871,4267
6711,3079
6503,6571
6391,4147
6127,4848
6063,5304
5871,3254
5695,6244
5583,3634
5419,3065
5387,2877
5291,2951
5203,6224
5147,6505
5139,3834
9503,3128
9151,2807
9023,2598
8653,6259
8477,4442
8413,2962
8089,6204
7913,3647
7849,2935
7665,2538
7593,2596
7545,2554
7349,2452
7221,2631
7029,2468
6909,2431
6829,2728
6741,5683
6709,5045
6595,3146
6531,2667
7975,2409
7935,5555
7851,4179
7811,2837
7767,2359
7747,2480
7298,2364
6978,5277
6626,4367
6466,2741
6186,4330
5982,3089
5792,2644
5696,2783
5680,2791
5378,5076
5210,4825
5151,2330
5043,3422
5023,2976
4839,2779
4770,3717
4682,5102
4660,3531
4616,3486
7286,7957
6878,5044
6718,3750
6416,5608
6299,3478
6219,7115
5925,4643
5809,3553
5729,3124
5621,3067
5519,7191
5485,6032
5295,3973
5183,6856
5067,3985
4933,6607
4865,3870
4807,5261
4773,5206
4694,5446
4614,3798
5342,3094
5308,6449
5248,4882
5214,5047
5179,3366
5162,3097
4847,3010
4654,2973
4445,3033
4365,2937
4173,2882
4061,2885
3957,2868
3940,2820
3891,2843
3662,3211
3546,3516
3444,3532
3376,5290
3366,5299
3258,3289
3209,2883
3165,2792
3137,2830
3133,2858
5402,2878
5162,2955
5066,5394
4882,4544
4794,2946
4762,2611
4586,5146
4498,5174
4466,2922
4374,4284
4338,3422
4314,4289
4188,3285
4124,5061
4028,3203
3968,2484
3928,4979
3884,4676
3868,4102
3804,4040
3772,4147
4515,4931
4495,2998
4453,4801
4433,4039
4411,2866
4401,2710
4128,4776
3946,4687
3745,2939
3654,4644
3464,3536
3394,2557
3298,2528
3249,2436
3109,4461
3077,4455
2997,3362
5659,2533
5579,4931
5439,3071
5391,7271
5287,4782
5219,3934
5155,3960
5143,10324
9529,5442
9177,4632
9033,3455
8687,10476
8509,4741
8303,3667
8127,3209
7951,4065
7879,3759
7707,3748
7635,4092
7583,3778
7407,10148
7151,5226
7063,4301
6963,3057
6875,3576
6785,4131
6749,4370
6651,4419
6579,3641
8031,3620
7987,3596
7913,3744
7869,3594
7825,3728
7803,3518
7366,3341
7011,3641
6655,4864
6478,3815
6178,9237
6034,3845
5858,6150
5754,3319
5738,3352
5466,2999
5274,8395
5120,4875
5008,3196
4872,2899
4836,7873
4744,4371
4670,3087
4616,6484
4606,3253
9083,2908
8811,3300
8619,7605
8283,4042
8113,3428
8049,2289
7757,3278
7589,8322
7525,4235
7357,3070
7289,4616
7241,3078
7071,5231
6943,3250
6759,2479
6655,2951
6575,2722
6507,2465
6459,7522
6361,5048
7875,3375
7791,2785
7751,2535
7675,7218
7633,3438
7587,2640
7567,2634
7123,6063
6787,5261
6439,3352
6307,2458
6023,2399
5831,6076
5663,4666
5631,3098
5551,2397
5270,5748
5122,3773
7907,2828
7695,4705
7659,4144
7394,4420
7262,4305
7109,5040
7073,4751
6985,4257
11680,4983
11038,4878
10802,4359
10340,7499
10146,4747
10028,4288
9604,4028
9400,9926
9286,5533
9122,4305
8946,3606
8888,4000
8656,3821
8484,9144
8308,7373
8104,4148
8002,3707
7908,3755
7850,8688
7705,4843
9153,3957
9049,3633
9001,3799
8907,8499
8855,4736
8803,3608
8779,5522
8295,3944
7907,8200
7487,4700
7325,5413
6997,3537
6769,7723
6555,4575
6443,3434
6427,2994
6111,3064
5919,3057
5739,2773
5625,3012
5609,2988
5421,6720
5325,6412
5237,4249
5181,3177
10063,3231
9709,7087
9229,3971
9037,3015
8669,2570
8493,2961
8429,2930
8105,2947
7961,2818
7865,2862
7681,2756
7609,2602
7569,2688
7365,2448
7237,2381
7045,6573
6925,5882
6845,3582
6773,2947
6725,2804
6611,6131
8073,4533
7985,4762
7945,3178
7861,2624
7821,6496
7777,5182
7757,3163
7308,3883
6988,3022
6634,6418
6474,3966
6196,2819
6004,6386
5826,3838
5730,4410
5714,4996
5420,3430
5260,2740
6119,2359
6006,3249
5854,3515
5810,3325
5709,3653
5636,6318
5580,4289
9090,3456
8750,8813
8273,4333
8101,5618
7757,3431
7593,3251
7531,8349
7211,4598
7070,3275
6983,7926
6857,4333
6737,5744
6700,5460
6503,3474
6380,7963
6234,4364
6072,4793
5998,6916
5928,3845
5891,3057
5778,7553
6787,4672
6705,3361
6668,7490
6597,4153
6561,3125
6522,7340
6504,4187
6145,3064
5890,2780
5639,2667
5490,6966
5242,5572
5092,3463
4943,2810
4923,6605
4859,4187
4617,2978
4509,2667
4363,2570
4289,6386
4279,5489
4144,4472
4090,3022
4017,2719
4007,6043
7715,5093
7426,3087
7081,4741
6971,3198
6735,2504
6551,5965
6491,3757
6294,2674
6118,5805
6058,3625
5952,2699
5904,2384
5834,2394
5742,5750
5662,4650
5574,2975
5542,2339
5474,2433
5414,2407
5394,2278
5346,5653
6564,5284
6520,3033
6496,5561
6458,3134
6434,5334
6412,2972
6400,2393
6160,5419
5872,3718
5614,2695
5470,2401
5256,2272
5208,5293
5088,3898
4956,3903
4894,2840
4732,2509
4588,2401
7462,2692
7406,4285
7282,4148
7140,4034
6988,8591
6958,3638
6846,3793
11912,4089
11632,3769
11200,10250
10758,5485
10462,4432
10310,3826
10090,4106
9852,4063
9698,3863
9478,3924
9362,3869
9254,3848
9174,3784
9007,3686
8807,3906
8635,3736
8519,3720
8381,3658
8305,3553
8225,3656
8187,3702
9636,8469
9540,5435
9486,4072
9412,3533
9358,3428
9310,8261
9283,4739
8898,3452
8434,4931
8368,3843
7932,8074
7736,4663
7366,3457
7172,7789
6992,4656
6878,5377
6608,3540
6542,2888
6346,6858
6138,4988
6058,5163
5892,3352
5858,7100
5758,4224
5668,5398
11002,3654
10948,6549
10592,3979
10112,2961
9920,6734
9552,4219
9408,4513
9312,3165
8988,6723
8844,4283
8748,5044
8612,3441
8492,2717
8452,5132
8312,4858
8120,3218
7976,3065
7912,6907
7728,3784
7656,6729
7616,3643
9310,3004
9214,2763
9126,2735
9078,2837
9002,2427
8954,2637
8910,6827
8886,4507
8471,2880
7963,4088
7487,3034
7225,5476
7181,3259
6741,2647
6533,5795
6301,4438
6219,2868
5931,2460
8699,2936
8633,4239
8339,3532
8221,4569
7981,4370
7909,3853
7757,11347
12859,5262
12697,4714
12641,3819
11949,4403
11519,9292
11101,4390
10905,4024
10689,6664
10399,4753
10207,4152
9997,4119
9915,4122
9697,10701
9609,5105
9553,4255
9323,6633
9005,4549
8903,3839
8759,3970
8663,10180
10257,4977
10209,4189
10039,7307
9941,4802
9831,3719
9781,3768
9681,9635
9631,4506
9573,3470
9549,6503
8983,4588
8557,3701
8105,9113
7931,4295
7561,6377
7303,3708
7071,3421
7039,3300
6939,3465
6587,3317
6411,3197
6175,8245
6055,5615
6039,4209
5849,2844
5765,3019
11079,8304
10981,4330
10883,3196
10461,2567
10149,3164
9689,3093
9319,3149
8999,3086
8897,8467
8597,4556
8429,3859
8183,2540
8043,3034
7923,7671
7835,4248
7641,3258
7457,6267
7297,3858
7193,3061
7045,3087
8593,2975
8499,2995
8459,7278
8291,4158
8095,2929
8029,2216
7945,5530
7897,3834
7853,6848
7845,3866
7825,3054
7355,6860
7035,3952
6679,3137
6519,6675
6245,3720
6053,3001
5875,2681
5779,6373
8863,3045
8411,5668
8123,3540
7913,4756
7737,4484
7705,10006
7457,5691
12423,7716
12223,5296
12105,8293
11985,5034
11559,4348
10951,7716
10727,4993
10421,4458
10117,9757
10005,5073
9741,4008
9437,3679
9341,4194
9173,4254
9093,9232
8973,4821
8791,3780
8599,6843
8391,4258
8309,3967
9767,4246
9671,3886
9527,3851
9383,3748
9271,3715
9167,3677
9111,3689
9025,3620
8969,3635
8917,3631
8889,3591
8500,3564
8052,3820
7988,3734
7572,3521
7380,9065
7012,4794
6820,3734
6644,4994
6532,4016
6250,3336
6186,8261
5994,4552
5818,3501
5706,6442
10854,4384
10660,3603
10468,6714
10312,4329
10248,3337
10152,3163
9780,7629
9300,4377
9108,3233
8836,7611
8596,4073
8500,3247
8268,7371
8028,4055
7932,5378
7796,3423
7732,2919
7636,2790
7488,2743
7296,2751
7152,2865
8734,3012
8566,2658
8414,6967
8366,4763
8242,3445
8146,2355
8058,2644
8010,2943
7934,2495
7886,2625
7842,2480
7818,6682
7470,4702
7086,3128
6732,2094
6540,6815
6508,3795
6172,2903
6010,2491
6302,2582
6232,4036
5990,3259
5770,3812
5730,3312
5554,8192
9944,5016
9757,4098
9567,3905
9497,4035
9359,10070
9294,4826
9075,3938
8773,3279
8550,7995
8292,5709
8132,7035
7972,4508
7828,3606
7668,9414
7508,4524
7420,3562
7340,3012
7282,3688
7254,3556
7054,3633
6966,3485
8462,9126
8362,4938
8314,3721
8262,5868
8238,4337
8108,7323
8056,4489
8028,3646
7984,9080
7956,4189
7930,6310
7916,3604
7585,3363
7160,8488
6803,4654
6739,3645
6562,3159
6251,7977
6073,4950
5924,3789
5820,7762
5585,4205
5373,3285
5341,3179
5157,3213
10451,7785
10243,4025
10051,3394
9867,2559
9730,3262
9613,3048
9565,2828
9044,3000
8705,2910
8397,2812
8205,2882
8067,2808
7861,2747
7701,2776
7531,7039
7374,4400
7294,3206
7209,2286
7177,6055
6993,4707
6759,4097
8319,2689
8179,4787
8083,3163
7983,2475
7943,5755
7809,3791
7729,2663
7645,4701
7605,3088
7529,2496
7489,2580
7447,2427
7427,2582
6988,2432
6662,5638
6326,4906
6164,3117
5920,5877
5728,3187
8808,3182
8632,5304
8600,4218
8192,4984
7904,7238
7704,4945
12976,5135
12864,5051
12488,5031
12280,5010
12084,4619
11972,4913
11852,4867
11454,4274
10846,11238
10622,4698
10262,4489
10022,7743
9910,5032
9534,4222
9358,10037
9246,4422
9098,3652
8946,6062
8898,4414
8742,4096
8518,10203
10030,4929
9934,4035
9674,6035
9570,4340
9514,3854
9382,3838
9270,3937
9150,3786
9102,3708
9012,3758
8964,3679
8912,3559
8888,3636
8518,3580
8062,3468
7628,3690
7380,3367
7042,3405
6810,3554
6778,3345
6558,3361
6454,8931
6202,4957
5978,4057
5770,2768
11178,3328
10986,8339
10742,3799
10502,3232
10406,4919
10218,3733
10126,3164
9864,3170
9470,3159
9078,3143
8764,3418
8636,3210
8444,8390
8200,4134
8072,3491
7880,2510
7760,3178
7664,7449
7592,4087
7428,5490
8956,5066
8780,3322
8668,2966
8500,7250
8420,3780
8332,3116
8178,2769
8082,6947
7994,3931
7946,3234
7870,2668
7822,6855
7778,3927
7754,3045
7423,2692
7039,2764
6687,2609
6623,2580
6463,2734
6123,2570
9227,3183
8953,4574
8841,4753
8499,5031
8147,5009
8083,4841
13285,4922
13013,5127
12727,5181
12423,4712
12311,9465
12093,5349
11989,4534
11671,4329
11223,4467
10871,4429
10469,4374
10245,4317
10005,4218
9787,4247
9559,4184
9319,4133
9183,4113
9071,10618
8983,5722
8781,4191
10283,3887
10075,4242
9947,4585
9763,4503
9667,4168
9563,4327
9383,3940
9271,9761
9167,5180
9111,4287
9027,3743
8971,3938
8919,9580
8891,4870
8513,3793
8065,5139
7647,3995
7417,3662
7385,3607
7017,3445
6825,3469
6615,3258
6535,3410
6253,3312
6029,2961
5997,3268
11231,3647
11039,3511
10791,3517
10551,3442
10455,3280
10271,3483
10183,3593
9917,8008
9533,4161
9221,3445
8907,2611
8715,2898
8523,2854
8339,3095
8147,3172
7955,3025
7835,3144
7739,3028
7667,2939
7635,2933
9029,2923
8853,3325
8741,2991
8573,3320
8493,3265
8405,3470
8365,3445
8153,3384
8065,7007
8017,4419
7941,3149
7893,2477
7849,2703
7825,2724
7487,2665
7103,2553
6751,2615
6687,2653
6527,2663
6191,2593
6430,2778
6254,4181
6182,3925
5948,4449
5736,4160
10652,4428
10344,4126
10172,4538
9986,4347
9808,4457
9738,4420
9610,4176
9549,4116
9324,4030
8975,3670
8640,3815
8412,8970
8298,5416
8134,4363
7936,3362
7820,3940
7648,3629
7535,3615
7479,3596
7399,3557
7280,3417
8793,3578
8629,3330
8561,3509
8436,3236
8310,3197
8270,3320
8174,3185
8094,3139
8024,3234
7978,3083
7916,3116
7882,3288
7847,3670
7830,3842
7385,3555
7097,3599
6745,3542
6537,3542
6262,3395
6053,3382
5874,3346
5842,3366
5753,3355
5471,3241
5295,3258
10795,3491
10563,3430
10467,3474
10171,3374
9955,3548
9819,3231
9703,3220
9655,3199
9331,3219
8865,3152
8673,3211
8337,3146
8169,3064
8105,3112
7809,3071
7641,3074
7577,3066
7409,6788
7341,4140
7293,2901
7115,2408
8599,2689
8503,2726
8367,2608
8255,2725
8171,2696
8131,2694
7999,2539
7919,2686
7803,2630
7735,2667
7687,2655
7645,2550
7621,2650
7303,2658
6909,2606
6553,2509
6489,2509
6321,2443
6007,2465
5837,2466
9219,3175
9087,4549
8733,4005
8281,4612
8203,4705
13725,4586
13423,4991
13123,5126
12757,4374
12609,4464
12359,4720
12235,4479
11909,4498
11405,4500
10883,4128
10543,4039
10307,3971
10129,3923
9841,3806
9497,3799
9393,3823
9205,3727
9109,3698
8981,3655
8827,3633
8601,3660
10141,3702
10045,3675
9777,3647
9667,3600
9593,3499
9447,3491
9295,3371
9183,3422
9135,3448
9029,3386
8965,3294
8907,3331
8879,3303
8389,3171
7997,3172
7577,3068
7383,3022
7081,2914
6857,2894
6649,2903
6537,2843
6521,2909
6207,2855
6011,2905
5803,2955
11189,3036
10959,3051
10767,2995
10575,2996
10419,2906
10299,3116
10251,3233
9713,3301
9361,3318
9015,3102
8821,3136
8677,3209
8447,3114
8255,2933
8111,3296
7943,3278
7847,3262
7775,3289
7607,3196
7447,3348
7303,3234
8905,3189
8733,3232
8653,3220
8533,3211
8407,3173
8311,3148
8219,3085
8171,3150
8093,3055
8045,3049
8001,3029
7977,3072
7648,3069
7264,3058
6910,3054
6718,2948
6404,3013
6208,2864
6018,2972
5978,2940
9376,3165
8874,4899
8536,4221
8298,3943
8088,4827
13848,4396
13364,4103
13082,4659
12884,4841
12722,4756
12648,4623
11932,4666
11482,4383
11302,4478
10840,4291
10616,4281
10302,4435
10108,9975
9898,5168
9694,4476
9598,3961
9492,3987
9450,9563
9004,4746
8782,3801
8652,3272
10140,3798
10022,9078
9886,4788
9650,3764
9484,3529
9338,4143
9254,3549
9126,3536
9024,3597
8940,3437
8886,3369
8506,3441
8058,2897
7642,3065
7418,2878
7078,2592
6854,7843
6644,5979
6612,3938
6516,2807
6184,6166
5992,4107
5816,3326
5704,3302
5534,3285
10648,3522
10456,3442
10304,3355
10184,3419
10136,3331
9578,3311
9226,3312
8890,3283
8696,3189
8504,3278
8318,3158
8126,3136
7934,3169
7814,3128
7718,3059
7622,3028
7468,2990
7264,2994
7114,2995
7050,3041
8456,2958
8368,3013
8320,3049
8162,2982
8082,2994
7994,2913
7954,2941
7870,2951
7830,2874
7786,2947
7766,2972
7302,2787
6982,2837
6630,2785
6470,2787
6134,2667
5974,2795
5798,2706
5734,2627
5486,2632
5294,2651
5254,2494
5210,4478
5113,2879
4987,6049
4870,3587
8602,8959
8518,4740
8435,3807
8111,3373
7855,8598
7495,4647
7247,3256
7017,2799
6925,7532
6718,5213
6466,3819
6362,3259
6246,3033
6131,2997
6092,3048
5922,3795
5810,3152
5694,3121
5562,7327
5494,6845
6558,4251
6512,3235
6398,3537
6330,3285
6260,2922
6226,2859
6164,2895
6130,2873
6095,2881
6078,7226
5768,6741
5551,4020
5337,2988
5236,6387
5039,4638
4952,3290
4841,2874
4780,6341
4614,4713
4578,3346
4472,2758
4377,2952
4315,2768
4221,2839
4203,6261
8275,6765
8188,3814
8116,2859
8088,2685
7791,6476
7647,4669
7551,3140
7367,6463
7279,3558
7247,2893
7079,6313
6991,3851
6959,2842
6867,5107
6831,4077
6811,3116
6697,6177
6633,3814
6537,2734
6477,6159
6437,3981
7979,2982
7955,6392
7875,3769
7835,2720
7791,6131
7771,3812
7729,2710
7709,2394
7687,6060
7677,4129
7251,2886
6931,2561
6659,5890
6467,4042
6195,2879
6003,2537
5835,2569
5803,2513
5723,2490
5459,2538
5331,2491
7935,2804
7871,4195
7723,3300
7491,3863
12455,6779
12259,4570
12147,4274
12027,4245
11633,4219
11313,4459
10833,10176
10505,5304
10201,4219
10089,3886
9841,3826
9537,4208
9441,4140
9277,9610
9197,5160
9077,5200
8921,5117
8697,4661
8521,8183
8441,5146
8229,3928
9723,8891
9667,4514
9535,6447
9407,4290
9303,3949
9255,9451
9165,4477
9117,3780
9065,6260
9041,4210
8525,8958
8127,4794
7681,3848
7513,9027
7157,4642
6923,5458
6701,6509
6587,4187
6571,3452
6231,3363
6021,3381
5823,3338
5705,3244
5521,3334
5489,3174
10449,3384
10281,3467
10159,3223
10111,8078
9551,4004
9199,3671
9071,5804
8697,3748
8515,3046
8285,2958
8125,2888
7949,2870
7781,2845
7701,2768
7613,2798
7581,2755
7385,2801
7145,2703
7065,2735
6913,2711
6849,2933
8367,2991
8327,2790
8117,2867
8029,2896
7981,2831
7905,2886
7857,2806
7813,7079
7789,4391
7458,3077
7074,2276
6722,2657
6530,6500
6226,4765
6162,3156
6002,5391
5826,3576
5746,3162
5518,3153
5326,6311
5150,4793
7844,2807
7700,4367
7444,3314
7326,4045
12202,6576
12090,4786
11970,4538
11558,4658
10950,10677
10724,5243
10420,4324
10116,4082
10004,4154
9608,9409
9428,4944
9316,4303
9160,6924
9002,4667
8954,7269
8720,4757
8560,7435
8320,4771
8184,6459
8088,4395
7984,8827
9510,5294
9346,4096
9250,9017
9146,4944
9098,4030
8966,3942
8914,3800
8886,3846
8508,3677
8378,3573
7992,3825
7574,3600
7382,3165
7014,3169
6822,3331
6612,3539
6530,3567
6244,3391
6020,3389
5988,3433
5780,3324
5684,3305
5532,3271
5420,3244
5404,3347
10224,3454
10128,3424
9756,3289
9500,3232
9116,3243
8806,3222
8566,3202
8470,7084
8238,4029
7998,2788
7902,5522
7766,3840
7646,2913
7606,6809
7394,4204
7266,3130
7074,2684
6952,2698
6872,6701
6784,5263
6752,3446
8172,2866
8092,2665
7972,6547
7896,4215
7848,2792
7804,2296
7780,5124
7440,4092
7056,4613
6704,3113
6512,2756
6208,2716
6016,6053
5984,4398
5808,4464
5728,2986
5432,2603
5304,2649
5128,2577
5032,2576
5016,2587
7438,2797
7294,4614
7190,4148
7102,4346
11962,8365
11294,4390
10878,3527
10478,8274
10254,5247
10078,3896
9798,7981
9574,4149
9398,3923
9198,7831
9086,4402
8998,3359
8794,6292
8602,4267
8394,3974
8314,3940
8160,3910
8004,3856
7956,3823
7848,3885
9258,3681
9154,3721
9106,3838
9014,8367
8966,4988
8914,3818
8890,3204
8381,3727
7997,8117
7581,4749
7389,3249
7021,2665
6829,3051
6621,7219
6541,5671
6261,3754
6037,6058
5829,4163
5797,3445
5701,3185
5545,7743
5429,4734
5325,4808
5309,5603
5261,6048
5033,3555
9301,6137
9109,3848
8741,3128
8565,2932
8501,2843
8173,7258
7997,4618
7933,4818
7749,3110
7661,5607
7629,3866
7329,2645
7185,7259
7105,3331
6953,2696
6889,4484
6817,3153
6701,2724
6621,7122
6549,4037
8013,2430
7937,4339
7889,2796
7845,2689
7819,3025
7479,2736
7095,2474
6743,6112
6551,5948
6247,3603
6055,2801
5879,2372
5783,5830
5767,4825
5455,3002
5285,2566
5137,2569
5041,2563
4889,5564
4857,5649
4777,3344
4705,2743
4919,2374
4908,3622
4642,3577
7812,3461
8255,3988
8095,3473
7933,3613
7798,3962
7638,3656
7478,3766
7391,3701
7311,8723
7253,6126
7121,4560
6985,3416
6869,3860
6789,3873
6691,8333
6635,5423
6555,5905
6488,3893
6430,6454
6378,4202
6344,3614
7770,8174
7742,4920
7716,3707
7702,3081
7399,7940
6983,5016
6631,3764
6423,3636
6159,7637
5951,4789
5919,5751
5743,5424
5655,3841
5394,7131
5250,4354
5074,5792
4970,6671
4954,3936
4806,3324
4734,3253
4646,6727
4630,6167
4586,5296
4414,3332
4206,2980
8490,7066
8154,4665
8018,3320
7922,2530
7630,2760
7494,2807
7398,2824
7254,6664
7162,5514
7122,3755
6944,3018
6816,2772
6632,6483
6528,4780
6448,3401
6364,2840
6332,6069
6234,4835
6170,3295
6102,2838
6070,2836
7472,2620
7414,6009
7390,5294
7095,3369
6967,2740
6647,2453
6311,2504
6151,5731
5847,5291
5687,3270
5519,4678
5455,3800
5243,4556
5051,3779
5019,5741
4851,3726
4771,2881
4651,5302
4555,4268
4539,5705
4455,3307
4423,4460
6883,2675
6731,4376
6405,3345
10779,6587
10587,4503
10299,3710
9997,7732
9805,5044
9523,3845
9379,4133
9233,4179
9123,9387
8925,5170
8683,4317
8479,3417
8345,3924
8171,3880
8063,8868
7957,5502
7911,4091
7781,6254
7699,4223
7611,8458
7571,4756
9015,6013
8967,4077
8915,3617
8891,3514
8389,3525
7995,3409
7553,3538
7387,8169
7055,5562
6831,3846
6621,3109
6585,3183
6487,3230
6163,3079
5993,3140
5777,3105
5745,3031
5647,3061
5491,7008
5367,7008
5349,4168
5235,3265
5191,3067
5183,6712
4905,5208
9157,3534
8821,5810
8661,3783
8485,3165
8421,6871
8097,4076
7953,3006
7857,6361
7721,5410
7657,5363
7561,3654
7421,2943
7261,6500
7085,4030
7021,3236
6885,2759
6821,2744
6749,6223
6717,4681
6603,4823
6539,3196
7969,6150
7929,3912
7845,4421
7805,3252
7761,6086
7741,3948
7292,2917
6972,2597
6684,5825
6492,4578
6188,4619
5996,3210
5964,2849
5788,2878
5708,2866
5480,2817
5288,5989
5256,5494
5080,3232
5016,2703
4864,2621
4832,5522
7270,3357
7166,4821
7078,4128
11936,3962
11276,4160
10924,7726
10700,4828
10268,6628
10092,7498
9980,4834
9716,4218
9412,4178
9316,4184
9148,4032
9068,9552
8948,5045
8778,3986
8584,3635
8390,3934
8294,3885
8142,3948
8062,3809
7974,3888
7934,9104
9338,5166
9242,4284
9138,6797
9090,4489
8998,3743
8950,7618
8898,4789
8874,3794
8373,7632
7989,4733
7637,3637
7413,7498
7077,4462
7013,6835
6821,4300
6613,3433
6533,8634
6253,4747
6029,3530
5997,3258
5789,3488
5709,3170
5541,8224
5509,5914
5413,4060
10305,6347
10185,4024
10145,5794
9775,3477
9295,3212
9135,6242
8831,4344
8591,5686
8511,3784
8263,3179
8135,3035
7943,7165
7823,4723
7743,3355
7655,4597
7623,3694
7419,6841
7179,4239
7099,5748
6979,3584
8493,3054
8405,2910
8357,6767
8201,4898
8121,3521
8033,2943
7993,6530
7909,4148
7869,3139
7829,2804
7809,2826
7471,2489
7085,2606
6733,2580
6541,3174
6509,2477
6171,2652
6011,6452
5835,5052
5771,3707
5521,3118
5327,4945
5295,3803
7845,2836
7733,4146
7517,5474
12601,6919
12359,5132
12191,5066
12039,5259
11983,4651
11315,4557
10899,4803
10497,6959
10301,5236
10093,7457
9813,4553
9621,7856
9407,4497
9323,7872
9107,5200
9019,4412
8963,8153
8733,5242
8429,3719
8333,9166
9803,4910
9691,4537
9571,7573
9523,5011
9359,3879
9261,7095
9157,4766
9109,3764
9017,3755
8969,3957
8917,3809
8893,3618
8384,3785
8000,3555
7584,7943
7390,5050
7086,3709
6862,6886
6654,4156
6542,3337
6526,3033
6198,3053
6006,2990
5830,2935
5718,2948
5550,3005
10650,7165
10458,5231
10306,3214
10186,2626
10138,3081
9678,5989
9294,4106
9102,3258
8734,3117
8558,3069
8494,6785
8166,4646
7990,3212
7926,4163
7742,3193
7670,3003
7622,3065
7418,6462
7290,4555
7098,3381
8588,6322
8492,3682
8404,4177
8348,3112
8200,2799
8120,2871
8032,6138
7992,4272
7908,4810
7868,3129
7824,2602
7804,6156
7338,3777
7018,3865
6666,5895
6506,3574
6232,2664
6040,2628
5864,2507
5768,3495
5752,2874
5456,2433
5296,2386
5501,2501
5393,4158
10379,3501
10101,4064
9939,3711
9831,4181
9729,4597
9689,9671
9387,5306
8901,4145
8705,5902
8365,4123
8191,3728
8119,3811
7813,3609
7669,3591
7563,3499
7391,3536
7319,3539
7269,3515
7113,3344
7001,3309
6841,3421
8327,3210
8247,3313
8177,3281
8131,3147
8025,7839
7957,5630
7885,3998
7849,3058
7789,3382
7755,7666
7720,4776
7703,3691
7277,6230
6925,4051
6573,3340
6397,7329
6164,4817
5956,4924
5780,3321
5676,7252
5660,4377
5400,3106
5224,7021
5080,4523
4976,3619
10270,3112
9978,7354
9762,3930
9626,3031
9554,5653
9470,5621
9154,3386
8690,2817
8498,2782
8162,6772
8026,4316
7930,5103
7638,2926
7502,5597
7406,5107
7286,4761
7170,3096
7130,6451
6952,3792
6824,2900
6688,6411
8142,4137
8046,2859
7962,2538
7914,2523
7808,2525
7696,2501
7612,2500
7572,2466
7496,6070
7456,5675
7414,3378
7394,2804
6975,2445
6719,6197
6383,4216
6189,2930
5917,2543
5725,5936
5693,4644
5525,2965
5445,2660
5249,2593
5057,2648
7703,2818
7635,4695
12911,3449
12627,4913
12299,4549
12163,4084
11937,4551
11833,4773
11543,4552
11095,4295
10615,10544
10287,4769
10127,4318
9887,5948
9611,4469
9445,3939
9199,9640
9063,4494
8937,3539
8841,6910
8801,4699
8457,7297
8279,4594
9819,6886
9623,4331
9527,3785
9423,9214
9375,4486
9219,6553
9123,3911
9019,6236
8897,4022
8841,8591
8833,4675
8781,6702
8757,4299
8275,3602
7891,8430
7475,4732
7283,5269
6987,3752
6763,7824
6555,4514
6443,7056
6427,3894
6115,3366
5923,3172
5747,3080
11031,3197
10935,7717
10611,4691
10435,3811
10267,2911
10171,3204
10075,3281
9721,3207
9465,3300
9081,3219
8777,7116
8649,5048
8457,3536
8213,2693
8085,3098
7893,6824
7773,4692
7677,5138
7605,3428
7523,2875
7281,2847
8795,2881
8699,2637
8515,2728
8435,2862
8347,2742
8307,6326
8161,4630
8081,3302
7993,5322
7953,3465
7869,5228
7829,3512
7785,5197
7765,3232
7314,2674
6988,6290
6630,4533
6500,4725
6194,4435
6002,3145
5826,2795
5794,6482
5714,4633
8390,3016
8166,4456
13500,3641
13276,5396
13020,4846
12628,4479
12420,4415
12220,10262
12106,4702
12014,4118
11696,3855
11248,4340
10768,10583
10432,4692
10272,4036
10032,7200
9752,4778
9592,6334
9352,4407
9216,3922
9104,3787
9016,10300
10766,4925
10308,4087
10098,3386
9984,3842
9782,3870
9686,9976
9582,4673
9534,3772
9368,5447
9266,4046
9162,3569
9114,3782
9022,3601
8974,3529
8922,3612
8898,3670
8397,3472
8013,3633
7595,3387
7403,3325
7099,3307
6873,3102
6663,8399
6551,5176
6535,3728
6207,2811
11669,8577
11365,3796
11125,3244
11029,2694
10701,6443
10525,3861
10355,4826
10257,3406
10161,6022
9791,4715
9317,3697
9151,4814
8845,3266
8605,5830
8525,3553
8277,2965
8037,7234
7957,3758
7805,2595
7741,2255
9463,2733
9219,2696
9027,2733
8835,2705
8739,2673
8571,7936
8491,4231
8403,2965
8247,2519
8151,2575
8063,2837
8015,2945
7939,2810
7891,2755
7847,3053
7823,3319
7485,4144
7101,2977
6749,6478
6555,5854
6523,3558
6185,2817
6025,2496
5847,2477
6699,2750
6422,4021
10359,3788
10174,7776
9779,4831
9575,3548
9343,3598
9107,4138
9030,3855
8862,3828
8783,10339
8511,4839
8213,4351
7860,6764
7603,4470
7490,7066
7312,6669
7096,4276
6985,3652
6802,3773
6686,3625
6606,3831
7890,3652
7670,9184
7497,4651
7309,3800
7236,2907
7091,3600
6946,8682
6902,4666
6793,3978
6733,3404
6670,8329
6636,4810
6579,3596
6551,2987
6519,3709
6506,3359
6124,3338
5822,8145
5569,5286
5391,3963
5149,3230
4965,3090
4809,3078
4712,7613
4699,5891
8734,3952
8410,3129
8168,3010
7936,8205
7757,6714
7589,4350
7427,2954
7306,2846
7204,5401
7162,3889
6655,6563
6319,3979
6015,2914
5823,7123
5639,4259
5487,4276
5295,2869
5111,4345
5007,3023
4911,2870
4843,6988
5699,6351
5503,3992
5303,2994
5219,2679
4997,2573
4909,2499
4861,2608
4754,2514
4642,6784
4558,5901
4518,3533
4442,2583
4402,2341
4360,6283
4340,3866
4083,2718
3922,2792
3743,2434
3663,5670
3493,4903
3429,2953
3339,4698
3291,3668
3159,2475
6099,2919
11519,4746
11165,4109
10981,5028
10771,4542
10451,4272
10347,6152
10175,4261
10087,4493
9860,4536
9508,9912
9156,5318
8840,4108
8632,6001
8432,5793
8281,5796
8073,5121
7929,4214
7772,4165
7668,9157
7596,4985
7560,3718
8964,3172
8788,3609
8668,3753
8519,3857
8431,3619
8343,3660
8197,3693
8093,3665
8003,3553
7951,8687
7883,5126
7829,3943
7784,2969
7758,3461
7453,3540
7037,3490
6685,3391
6477,8176
6445,5996
6148,4019
5972,3349
5796,3142
5724,3569
5505,3126
5297,2949
10893,7978
10525,4678
10341,3289
10127,2764
9895,3073
9799,3029
9631,2981
9547,3028
9327,7139
8943,4322
8575,3100
8367,2404
8175,2941
7991,6653
7842,4408
7650,3165
7466,2728
7362,2621
7266,6590
7198,4660
7065,5063
8595,4815
8425,3134
8313,2639
8161,2627
8079,2620
7991,6459
7951,4809
7755,3264
7671,2676
7623,2795
7555,6727
7507,4194
7465,4868
7441,3262
7147,2688
6763,6709
6427,4558
6363,3259
6203,2711
5899,2692
5735,2725
5567,2734
5503,2775
5291,2671
8007,2916
13645,4440
13211,3673
12999,4578
12667,4737
12355,5009
12241,4722
12025,4828
11921,4725
11620,5063
11168,5066
10812,4676
10410,4628
10186,4193
9942,4365
9742,4305
9518,4292
9278,9995
9146,5505
9034,4295
8946,3747
8760,3769
10276,9341
10066,5089
9938,4047
9758,5649
9662,4410
9518,7182
9386,4581
9274,3963
9170,8683
9114,5143
9032,4265
8976,3153
8924,3593
8896,3413
8523,8705
8031,4599
7601,3538
7355,2845
7021,8270
6791,4595
6759,3245
6551,2625
6455,3174
6143,3053
5983,3068
11367,3121
11175,3248
10967,3102
10643,7840
10467,4287
10297,3495
10197,2627
10097,3091
9739,3158
9255,7391
9061,4323
8785,3142
8543,4262
8447,3190
8121,2932
7977,2861
7881,2949
7745,2808
7625,2820
7585,2910
7379,2761
8941,2805
8701,6847
8549,4836
8453,3281
8361,2469
8305,2870
8159,6606
8079,4765
7991,3261
7951,2825
7867,2820
7827,6525
7783,4246
7763,3109
7313,5285
6993,3576
6641,2810
6479,2682
6141,2596
5981,6215
5837,5366
5741,3270
5495,2674
5303,6174
8099,2905
13297,5600
13087,3903
12741,4103
12437,4561
12325,7776
12109,5128
12005,8007
11689,5194
11241,6857
10761,7740
10425,5059
10265,4402
10025,4350
9745,4286
9585,4041
9345,9788
9177,5176
9097,4270
8977,3852
8807,4197
10275,3884
10067,4175
9971,4115
9707,4008
9603,3869
9547,3955
9407,3992
9279,3870
9175,3991
9127,3927
9035,3846
8987,3848
8935,3807
8911,3743
8409,3904
8025,3755
7609,3580
7415,3804
7047,3493
6855,3593
6679,7852
6567,5915
6287,3983
6061,2947
6027,3153
5817,7392
11085,5741
10835,3939
10595,3247
10499,4037
10315,5257
10227,4583
9961,3998
9577,5029
9175,3553
8867,3027
8627,2971
8531,3112
8291,3037
8041,6786
7945,4872
7809,4621
7689,2965
7639,2894
7435,3052
7251,6350
8759,6290
8607,3697
8495,2716
8407,2453
8367,2635
8205,2697
8049,2843
8001,2740
7925,2647
7877,2812
7833,2657
7809,2628
7471,2732
7087,2663
6735,2537
6543,2650
6239,2700
6047,2528
5871,2689
5775,2613
5759,2682
5463,5824
5303,5802
5127,3444
5063,2793
10835,2793
10617,4343
10381,3671
10186,3574
10090,3781
9800,3834
9364,3498
8919,4036
8671,4151
8453,3858
8226,4089
7966,3916
7813,4029
7591,3996
7438,4086
7361,9204
7251,5627
7105,4296
6894,3128
6742,8825
6665,5137
7870,3751
7776,3455
7722,3342
7570,3429
7474,3399
7370,3456
7320,8344
7226,5571
7173,4168
7119,2919
7091,3275
6638,3261
6285,3153
5928,3149
5750,3084
5444,2985
5268,2989
5124,7160
5020,7168
4796,4410
4587,3117
4555,2822
4379,2775
4291,2769
4171,2769
7969,2920
7873,2879
7704,6907
7620,5093
7388,3285
7004,2522
6634,2792
6358,2663
6121,2669
6025,2665
5822,2688
5587,2598
5491,2680
5368,2647
5251,2739
5211,2868
5024,2754
4896,2823
4712,2824
4606,2888
4520,2961
5392,2887
5348,2779
5214,2754
5134,2909
5050,2735
5010,5696
4900,5803
4858,3265
4834,2722
4608,2616
4368,2600
4328,2697
4112,2656
4012,2536
3808,2516
3708,2686
3600,2709
3560,2659
3406,2796
3286,2833
3177,2765
3157,2800
3107,2780
3024,2804
2964,2737
10432,2729
10326,4328
10221,3677
10005,4820
9579,3570
9154,3885
8871,4365
8603,3753
8497,3940
8276,3852
7996,4838
7904,3857
7756,3663
7616,4020
7570,3725
7445,3738
7237,3598
7093,3584
6935,3608
6847,3469
6775,3498
8307,3502
8166,3537
8078,3508
7990,3438
7946,3415
7872,3484
7828,3400
7784,3593
7762,3454
7328,3168
6976,3298
6624,3324
6448,3269
6148,3170
6002,3132
5826,3134
5720,3078
5508,3194
5444,3153
5266,3001
5086,2943
5014,2942
4878,3011
4774,3005
4758,3020
9628,3263
9544,3314
9332,2982
8948,2891
8580,3139
8372,3187
8180,3179
7996,3223
7784,3008
7656,3106
7472,2956
7336,3063
7272,2886
7180,2922
7064,2836
6866,2900
6726,2814
6662,2812
6490,2670
6422,2819
6382,2961
7846,2588
7750,2639
7650,2921
7610,2869
7534,2967
7494,2846
7452,2705
7432,2848
7008,2798
6686,2720
6350,2921
6220,2886
5944,2768
5752,2814
5584,2737
5488,2683
5472,2736
5212,2700
5052,2716
4914,2736
4818,2634
4682,2642
4650,2726
4570,2689
4502,2737
11838,2755
11782,4422
11148,3689
10732,4715
10340,3897
10148,3341
9940,4251
9676,3957
9484,4034
9272,3906
9076,3901
8980,4016
8876,3925
8836,3959
8626,3812
8322,4036
8226,3940
8094,3569
7982,3629
7894,3596
7854,3540
9272,3542
9132,3553
9032,3541
8950,3413
8894,3357
8842,3338
8814,3293
8456,3367
8008,3164
7592,3123
7528,3095
7336,3046
6976,3090
6784,2987
6576,2992
6496,2971
6232,2865
6006,3008
5974,2941
5766,2900
5670,2980
5522,3067
5410,3170
5394,2979
5290,2928
10224,3200
9974,3115
9590,3073
9206,3089
8902,3052
8774,3040
8582,2953
8338,2962
8210,2923
8018,2918
7866,2828
7802,2956
7706,2814
7566,2809
7406,2859
7230,2848
7166,2867
7030,2778
6910,2858
6870,2836
8350,2852
8254,2785
8166,2737
8110,2699
8026,2699
7986,2692
7942,2708
7922,2675
7473,2653
7147,2659
6857,2650
6657,2597
6335,2569
6111,2703
5911,2550
5803,2603
5785,2564
5483,2698
5313,2701
5165,2606
5063,2755
4907,2733
4873,2730
4791,2805
4717,2651
4665,2682
11969,3384
11309,4819
10893,3701
10493,4058
10301,4213
10093,4248
9809,4344
9585,4196
9409,4021
9207,3944
9111,4027
9007,4194
8967,4060
8613,4202
8437,4197
8325,4227
8173,4317
8093,3987
8005,3781
7865,3764
9287,3833
9183,3770
9127,3761
9043,3775
8987,4032
8935,3801
8907,3796
8530,3760
8082,3712
7666,3700
7442,3704
7104,3536
6880,3511
6670,3426
6638,4420
6542,3434
6214,3383
6054,3349
5846,3319
5734,3291
5718,3325
5534,3659
5438,3555
5350,3589
5294,3449
5288,4875
9600,3545
9248,3575
8912,3329
8752,3789
8576,3519
8344,3447
8152,3587
8008,3118
7840,3123
7744,3107
7672,3077
7500,3071
7340,2917
7164,3263
7100,3017
6964,2832
6844,3274
6804,2829
6712,2735
6632,2754
8046,2592
8006,2649
7922,2689
7882,2642
7838,2683
7818,2987
7356,3109
7036,2874
6684,2830
6524,3052
6186,3315
6026,2924
5882,2779
5786,2764
5538,2775
5346,2973
5314,2872
5138,2446
5058,2501
4922,2483
4826,2432
4738,3818
4722,2907
4682,3431
4478,2805
4286,2904
9441,3152
9089,4241
8941,3329
8836,4727
8507,4581
8354,4584
8249,5063
8120,4942
7966,5031
7915,4679
7707,5461
7543,4829
7369,4097
7184,4940
7083,4472
6999,3654
6951,4413
6822,4383
6734,4548
6647,6813
8117,4622
8021,3951
7971,3596
7922,3457
7899,3853
7414,3609
6998,5410
6594,4795
6386,3610
6074,3594
5825,3523
5620,3376
5582,3245
5475,3329
5175,3080
5003,3219
4790,3213
4666,2937
4646,2975
4458,2930
4366,3004
4253,3023
4231,3246
4177,3575
3998,4244
7511,3308
7319,3268
7079,3759
6845,3556
6749,3830
6549,3963
6316,3326
6220,3104
6099,2852
5982,2771
5942,2767
5821,2738
5629,2794
5492,7006
5428,6566
5259,3874
5190,3049
5150,3010
5076,6983
4996,5750
4928,3630
5995,5646
5919,3841
5879,7003
5837,4242
5817,3061
5579,6826
5283,4254
5019,5564
4867,3656
4642,6541
4492,4007
4466,3185
4335,2863
4275,2935
4117,2938
3973,6515
3845,6148
3821,3391
3761,3142
3667,3123
3595,3085
3583,3082
3519,3020
3495,3178
3325,2951
3261,3009
10327,2777
9999,4089
9839,3291
9599,4951
9333,4090
9171,4074
8927,10355
8787,5477
8675,4456
8587,6248
8399,4478
8201,7683
7987,4931
7905,4029
7749,7018
7669,3679
7547,8955
7445,6041
7347,4291
7257,6026
8947,4224
8861,7710
8801,4590
8745,5728
8717,3998
8374,8313
7876,4586
7462,3538
7218,8138
7180,4410
6834,3453
6620,7841
6420,4802
6340,3551
6090,7487
5818,4209
5774,3398
5544,3069
5424,3106
5280,3048
5142,3224
5122,3084
5016,3007
4970,6953
4764,6282
9572,4064
9240,3101
8878,2883
8636,2958
8408,2774
8232,2677
7988,2911
7818,2644
7636,6719
7506,5412
7416,3776
7374,2910
7068,2879
6920,2891
6822,6452
6668,5417
6584,3530
6506,3048
6470,6467
6362,6444
6240,4163
7704,4185
7622,3175
7570,6340
7526,4172
7502,3067
7202,6184
7072,3790
6746,4786
6408,5081
6248,3424
5944,6007
5784,3637
5648,2920
5552,2846
5337,5731
5273,5311
5113,4535
4945,2966
4881,2831
4745,5704
4713,5608
4633,3318
4565,4749
4517,3749
4509,2977
4273,5600
11137,2854
10959,3968
10483,3854
10247,3367
10159,3438
9739,3426
9505,7819
9409,4957
9171,6051
9073,4243
9007,3759
8792,3733
8632,9227
8392,4964
8260,3883
8162,3336
8074,3743
8018,3603
7894,3475
9372,3517
9266,3451
9218,3510
9128,3443
9080,3442
9028,8476
9004,4978
8517,3974
8133,4939
7717,3676
7557,3248
7229,7775
7005,4804
6795,3644
6763,6385
6667,4142
6337,5973
6163,3811
5939,3302
5813,3234
5795,3304
5613,7225
5529,6053
5421,4087
5405,5809
5357,3851
10031,7504
9773,3914
9387,3211
9081,3082
8833,7324
8751,4690
8507,3438
8379,5210
8187,3343
8067,7235
7971,4014
7899,3229
7735,2943
7571,2936
7427,2868
7347,6791
7195,4815
7131,3622
7059,6705
7027,3822
8513,3081
8433,2935
8345,3014
8305,2981
8221,2927
8181,2959
8137,3030
8117,2910
7629,2951
7273,2996
6877,2838
6733,2809
6393,2904
6171,2751
5969,6399
5931,5838
5839,4816
5531,3098
5403,2724
5227,2709
5193,2685
5107,6170
4965,5546
4865,3263
4849,2790
4753,2726
4719,6083
8958,2623
8726,3732
8479,3828
8238,3715
8103,3182
7995,8768
7816,5084
7697,6108
7567,4445
7436,4042
7370,9347
7311,5576
7271,3581
7117,6489
6934,4263
6876,9552
6792,4742
6735,5886
6675,6715
7899,6496
7790,4281
7731,8228
7667,4705
7632,3589
7571,8887
7537,4361
7502,3570
7485,6658
7043,4364
6701,3725
6328,9092
6184,4493
5887,3810
5691,2692
5508,3161
5480,3145
5396,3083
5086,3044
4930,3173
4720,2966
4610,3000
4594,2987
4419,3054
4343,3019
7810,3181
7714,3232
7619,3186
7254,3402
6998,3190
6590,3116
6286,3125
6046,3087
5966,3041
5718,3065
5590,3051
5398,3010
5278,6422
5182,6450
5110,4063
4939,2983
4779,2756
4635,6077
4539,5990
4406,3539
4342,3032
5116,2936
5076,6091
4867,5884
4780,3661
4732,4986
4658,3455
4610,5855
4567,3837
4543,3085
4328,5723
4136,4555
3950,3315
3918,2953
3838,5564
3653,5558
3572,3661
3479,5605
3447,4654
3305,3251
3209,2900
3193,2886
3100,5363
3060,5403
2984,5431
2936,4358
2928,3219
2882,5658
10214,2864
9972,4360
9556,3406
9156,3566
8888,3744
8632,3737
8544,8753
8324,5557
8068,7384
7980,5217
7846,4240
7774,4083
7674,4038
7550,4046
7342,9996
7198,5014
7126,4465
6952,3236
6880,3738
8408,3835
8298,3731
8178,3746
8090,4058
8046,9502
7971,5031
7927,4666
7883,3080
7861,3699
7416,3725
7064,3668
6712,9171
6536,4975
6300,3863
6092,2883
5916,8756
5812,5276
5796,4051
5526,6714
5350,4140
5204,8489
5098,5032
4965,3710
4933,3198
4845,8212
9753,6381
9637,4180
9589,5363
9075,3751
8739,3288
8435,3153
8243,3211
8107,3116
7909,2984
7717,3117
7581,3139
7429,3089
7333,3122
7265,3069
7124,3050
6964,2934
6828,2874
6732,2952
6612,3008
6548,3056
6456,2916
7924,3049
7826,3156
7740,2978
7688,3038
7618,2967
7570,2973
7520,3000
7500,2931
7189,2909
6805,2910
6469,2913
6277,2883
6005,2874
5813,2870
5645,3000
5613,2970
5531,2943
5269,2914
5109,2921
4973,3029
4877,2989
4741,2885
4709,2973
4629,7023
4561,6444
4513,3880
4332,3074
11118,3412
10606,4489
10150,3353
9894,3894
9486,3827
9224,8336
8996,5051
8868,4489
8498,9986
